"Data";"Hora (UTC)";"Temp. Ins. (C)";"Temp. Max. (C)";"Temp. Min. (C)";"Umi. Ins. (%)";"Umi. Max. (%)";"Umi. Min. (%)";"Pto Orvalho Ins. (C)";"Pto Orvalho Max. (C)";"Pto Orvalho Min. (C)";"Pressao Ins. (hPa)";"Pressao Max. (hPa)";"Pressao Min. (hPa)";"Vel. Vento (m/s)";"Dir. Vento (m/s)";"Raj. Vento (m/s)";"Radiacao (KJ/m²)";"Chuva (mm)"
"01/01/2024";"0000";"";"";"";"";"";"";"";"";"";"";"";"";"";"";"";"";""
"01/01/2024";"0100";"";"";"";"";"";"";"";"";"";"";"";"";"";"";"";"";""
"01/01/2024";"0200";"";"";"";"";"";"";"";"";"";"";"";"";"";"";"";"";""
"01/01/2024";"0300";"";"";"";"";"";"";"";"";"";"";"";"";"";"";"";"";""
"01/01/2024";"0400";"23,5";"23,7";"23,5";"99,0";"99,0";"97,0";"23,3";"23,4";"23,2";"993,6";"994,1";"993,6";"0,1";"231,0";"2,0";"";"0,0"
"01/01/2024";"0500";"23,3";"23,5";"23,3";"99,0";"99,0";"99,0";"23,1";"23,3";"23,1";"992,9";"993,6";"992,9";"0,5";"278,0";"1,5";"";"0,0"
"01/01/2024";"0600";"22,9";"23,3";"22,9";"100,0";"100,0";"99,0";"22,9";"23,2";"22,9";"992,8";"993,1";"992,7";"0,7";"262,0";"2,6";"";"0,0"
"01/01/2024";"0700";"23,1";"23,2";"22,8";"100,0";"100,0";"100,0";"23,1";"23,1";"22,7";"992,4";"992,8";"992,4";"0,6";"233,0";"1,4";"";"0,0"
"01/01/2024";"0800";"23,1";"23,3";"23,1";"100,0";"100,0";"100,0";"23,1";"23,3";"23,1";"992,4";"992,5";"992,3";"2,6";"321,0";"5,6";"";"2,8"
"01/01/2024";"0900";"22,2";"23,1";"21,9";"100,0";"100,0";"100,0";"22,2";"23,0";"21,9";"992,5";"992,7";"992,4";"0,5";"256,0";"7,9";"0,60";"17,0"
"01/01/2024";"1000";"22,4";"22,4";"22,2";"100,0";"100,0";"100,0";"22,4";"22,4";"22,2";"993,4";"993,4";"992,5";"0,9";"229,0";"2,3";"21,90";"1,0"
"01/01/2024";"1100";"22,6";"22,7";"22,3";"100,0";"100,0";"100,0";"22,6";"22,7";"22,3";"994,2";"994,2";"993,4";"0,2";"204,0";"2,5";"220,10";"0,0"
"01/01/2024";"1200";"23,6";"23,6";"22,6";"100,0";"100,0";"100,0";"23,6";"23,6";"22,6";"994,8";"994,8";"994,2";"0,4";"202,0";"2,1";"307,60";"0,0"
"01/01/2024";"1300";"25,3";"25,3";"23,5";"91,0";"100,0";"91,0";"23,6";"24,3";"23,4";"995,1";"995,2";"994,8";"0,6";"201,0";"1,9";"773,00";"0,0"
"01/01/2024";"1400";"27,3";"28,2";"25,2";"80,0";"91,0";"75,0";"23,5";"24,0";"22,4";"995,4";"995,5";"995,1";"1,4";"242,0";"2,4";"1914,70";"0,0"
"01/01/2024";"1500";"29,1";"29,6";"27,2";"69,0";"82,0";"69,0";"22,9";"24,4";"22,6";"994,8";"995,4";"994,8";"1,1";"260,0";"2,8";"2405,20";"0,2"
"01/01/2024";"1600";"29,4";"30,1";"28,3";"73,0";"78,0";"68,0";"24,0";"24,4";"22,7";"993,8";"994,8";"993,8";"2,3";"242,0";"4,6";"2458,70";"0,0"
"01/01/2024";"1700";"29,1";"30,6";"28,8";"73,0";"76,0";"68,0";"23,8";"24,9";"23,5";"992,7";"993,8";"992,7";"2,7";"240,0";"5,1";"2412,10";"0,0"
"01/01/2024";"1800";"26,3";"29,1";"26,3";"88,0";"89,0";"72,0";"24,2";"24,7";"23,1";"991,9";"992,7";"991,8";"1,8";"199,0";"7,8";"593,50";"0,4"
"01/01/2024";"1900";"24,5";"26,3";"24,5";"93,0";"93,0";"86,0";"23,2";"24,0";"22,7";"991,8";"992,0";"991,6";"0,9";"220,0";"8,7";"308,80";"2,0"
"01/01/2024";"2000";"24,3";"24,5";"23,8";"97,0";"97,0";"93,0";"23,8";"23,8";"23,1";"991,3";"992,0";"991,3";"1,3";"216,0";"2,3";"155,50";"1,8"
"01/01/2024";"2100";"24,7";"24,7";"24,2";"95,0";"97,0";"94,0";"23,8";"24,0";"23,7";"990,2";"991,3";"990,2";"1,3";"220,0";"3,2";"379,30";"0,0"
"01/01/2024";"2200";"23,9";"24,7";"23,9";"94,0";"95,0";"94,0";"22,9";"23,8";"22,9";"990,6";"990,6";"989,6";"0,0";"281,0";"3,5";"187,00";"0,0"
"01/01/2024";"2300";"23,4";"23,9";"23,4";"98,0";"98,0";"94,0";"23,0";"23,1";"22,8";"991,5";"991,5";"990,6";"0,0";"197,0";"1,3";"7,40";"0,0"
"02/01/2024";"0000";"23,4";"23,6";"23,3";"98,0";"98,0";"97,0";"23,0";"23,2";"22,9";"992,5";"992,5";"991,5";"0,4";"297,0";"2,9";"";"0,0"
"02/01/2024";"0100";"23,4";"23,4";"23,3";"99,0";"99,0";"98,0";"23,1";"23,2";"23,1";"993,7";"993,7";"992,5";"0,5";"206,0";"1,8";"";"0,0"
"02/01/2024";"0200";"";"";"";"";"";"";"";"";"";"";"";"";"";"";"";"";""
"02/01/2024";"0300";"23,0";"23,3";"23,0";"99,0";"99,0";"99,0";"23,0";"23,1";"22,9";"994,1";"994,4";"994,0";"0,0";"229,0";"1,6";"";"0,0"
"02/01/2024";"0400";"22,9";"23,1";"22,9";"99,0";"100,0";"99,0";"22,8";"23,1";"22,8";"993,7";"994,1";"993,7";"1,4";"258,0";"3,4";"";"0,0"
"02/01/2024";"0500";"22,6";"22,9";"22,6";"99,0";"100,0";"99,0";"22,5";"22,8";"22,5";"992,2";"993,7";"992,2";"1,1";"269,0";"2,7";"";"0,0"
"02/01/2024";"0600";"22,4";"22,6";"22,4";"100,0";"100,0";"99,0";"22,4";"22,5";"22,4";"991,7";"992,2";"991,7";"0,6";"198,0";"2,1";"";"0,0"
"02/01/2024";"0700";"22,3";"22,4";"22,3";"100,0";"100,0";"100,0";"22,3";"22,4";"22,3";"991,1";"991,7";"991,1";"0,6";"235,0";"2,0";"";"0,0"
"02/01/2024";"0800";"22,2";"22,3";"22,2";"100,0";"100,0";"100,0";"22,2";"22,3";"22,2";"991,1";"991,1";"990,9";"0,1";"232,0";"1,6";"";"0,0"
"02/01/2024";"0900";"22,2";"22,2";"22,2";"100,0";"100,0";"100,0";"22,2";"22,2";"22,2";"991,2";"991,2";"991,1";"0,7";"283,0";"1,8";"";"0,0"
"02/01/2024";"1000";"22,1";"22,2";"22,1";"100,0";"100,0";"100,0";"22,1";"22,2";"22,1";"992,2";"992,2";"991,2";"0,2";"254,0";"1,9";"3,10";"0,0"
"02/01/2024";"1100";"22,9";"22,9";"22,1";"100,0";"100,0";"100,0";"22,9";"22,9";"22,1";"992,9";"992,9";"992,2";"1,0";"198,0";"2,0";"235,90";"0,0"
"02/01/2024";"1200";"23,6";"23,6";"22,9";"100,0";"100,0";"100,0";"23,5";"23,5";"22,9";"993,3";"993,4";"992,9";"1,2";"248,0";"2,6";"312,60";"0,0"
"02/01/2024";"1300";"24,1";"24,1";"23,6";"97,0";"100,0";"97,0";"23,6";"23,7";"23,4";"994,1";"994,1";"993,3";"1,1";"225,0";"3,3";"400,30";"0,0"
"02/01/2024";"1400";"24,5";"24,6";"24,1";"92,0";"97,0";"92,0";"23,1";"23,7";"23,1";"994,4";"994,4";"994,1";"1,2";"260,0";"2,1";"444,90";"0,0"
"02/01/2024";"1500";"25,3";"25,3";"24,5";"89,0";"93,0";"89,0";"23,4";"23,5";"22,8";"994,0";"994,4";"994,0";"1,8";"254,0";"2,9";"587,30";"0,0"
"02/01/2024";"1600";"26,8";"26,8";"25,3";"83,0";"90,0";"82,0";"23,7";"24,0";"23,1";"993,4";"994,0";"993,4";"1,4";"271,0";"3,1";"1176,70";"0,0"
"02/01/2024";"1700";"27,6";"27,9";"26,9";"79,0";"84,0";"79,0";"23,7";"24,5";"23,5";"992,7";"993,4";"992,7";"0,6";"244,0";"2,6";"1356,80";"0,0"
"02/01/2024";"1800";"29,6";"30,6";"27,6";"68,0";"80,0";"67,0";"23,2";"24,7";"23,0";"991,2";"992,7";"991,2";"1,0";"230,0";"2,6";"2275,20";"0,2"
"02/01/2024";"1900";"29,9";"30,5";"29,0";"67,0";"72,0";"65,0";"23,3";"24,4";"22,5";"989,7";"991,2";"989,7";"1,6";"242,0";"3,3";"2298,00";"0,0"
"02/01/2024";"2000";"30,8";"31,0";"30,0";"62,0";"68,0";"60,0";"22,6";"23,7";"22,2";"988,7";"989,7";"988,7";"1,1";"297,0";"3,4";"2109,50";"0,0"
"02/01/2024";"2100";"30,3";"31,2";"30,1";"64,0";"66,0";"61,0";"22,8";"23,6";"22,3";"988,7";"988,7";"988,5";"0,9";"283,0";"3,0";"1287,80";"0,0"
"02/01/2024";"2200";"28,8";"30,9";"28,8";"71,0";"71,0";"63,0";"23,0";"23,8";"22,4";"989,3";"989,3";"988,7";"1,1";"291,0";"2,5";"465,90";"0,0"
"02/01/2024";"2300";"25,5";"28,8";"25,5";"90,0";"90,0";"71,0";"23,7";"24,0";"23,0";"990,0";"990,0";"989,3";"0,0";"261,0";"2,1";"18,90";"0,0"
"03/01/2024";"0000";"";"";"";"";"";"";"";"";"";"";"";"";"";"";"";"";""
"03/01/2024";"0100";"";"";"";"";"";"";"";"";"";"";"";"";"";"";"";"";""
"03/01/2024";"0200";"";"";"";"";"";"";"";"";"";"";"";"";"";"";"";"";""
"03/01/2024";"0300";"24,3";"24,7";"24,3";"94,0";"94,0";"92,0";"23,3";"23,4";"23,2";"992,2";"992,4";"992,0";"0,7";"302,0";"2,1";"0,10";"0,0"
"03/01/2024";"0400";"24,1";"24,4";"24,1";"97,0";"97,0";"94,0";"23,5";"23,5";"23,3";"992,6";"992,6";"991,9";"0,0";"252,0";"2,4";"";"0,0"
"03/01/2024";"0500";"23,6";"24,1";"23,6";"98,0";"98,0";"97,0";"23,3";"23,6";"23,2";"991,9";"992,6";"991,9";"0,2";"311,0";"1,7";"";"0,0"
"03/01/2024";"0600";"23,3";"23,7";"23,3";"98,0";"98,0";"98,0";"23,0";"23,4";"23,0";"991,5";"991,9";"991,5";"0,0";"315,0";"1,4";"";"0,0"
"03/01/2024";"0700";"23,3";"23,4";"23,2";"99,0";"99,0";"98,0";"23,2";"23,2";"22,9";"991,3";"991,5";"991,3";"1,0";"307,0";"1,9";"";"0,0"
"03/01/2024";"0800";"23,2";"23,3";"23,0";"99,0";"99,0";"99,0";"23,0";"23,2";"22,9";"991,3";"991,3";"991,1";"0,5";"221,0";"1,9";"";"0,0"
"03/01/2024";"0900";"23,3";"23,3";"23,2";"99,0";"99,0";"99,0";"23,2";"23,2";"23,0";"991,8";"991,8";"991,3";"0,4";"293,0";"1,4";"";"0,0"
"03/01/2024";"1000";"23,3";"23,3";"23,2";"99,0";"99,0";"99,0";"23,1";"23,2";"23,1";"992,4";"992,5";"991,8";"1,1";"279,0";"2,6";"2,40";"0,0"
"03/01/2024";"1100";"23,8";"23,8";"23,3";"98,0";"99,0";"98,0";"23,4";"23,4";"23,1";"993,3";"993,3";"992,4";"1,2";"320,0";"3,3";"77,10";"0,0"
"03/01/2024";"1200";"24,2";"24,3";"23,8";"95,0";"98,0";"95,0";"23,5";"23,5";"23,3";"994,8";"994,8";"993,3";"0,8";"204,0";"3,0";"187,10";"0,0"
"03/01/2024";"1300";"24,0";"24,2";"24,0";"96,0";"98,0";"95,0";"23,4";"23,8";"23,3";"995,0";"995,2";"994,8";"2,1";"260,0";"3,5";"390,70";"2,2"
"03/01/2024";"1400";"24,2";"24,4";"23,8";"94,0";"97,0";"94,0";"23,2";"23,6";"23,1";"994,6";"995,0";"994,6";"2,4";"264,0";"5,0";"609,70";"1,0"
"03/01/2024";"1500";"25,3";"25,3";"24,2";"90,0";"94,0";"90,0";"23,5";"24,0";"22,7";"994,1";"994,6";"994,1";"1,2";"279,0";"4,8";"789,60";"0,0"
"03/01/2024";"1600";"26,2";"26,2";"25,1";"83,0";"91,0";"82,0";"23,2";"24,0";"22,5";"993,7";"994,1";"993,7";"1,2";"312,0";"4,6";"1282,40";"0,0"
"03/01/2024";"1700";"27,7";"28,1";"25,8";"75,0";"83,0";"71,0";"22,8";"23,5";"21,9";"992,7";"993,7";"992,7";"1,0";"315,0";"4,1";"1957,60";"0,0"
"03/01/2024";"1800";"28,6";"28,6";"27,6";"72,0";"74,0";"69,0";"23,0";"23,0";"21,6";"990,7";"992,7";"990,7";"2,3";"294,0";"5,2";"1822,70";"0,0"
"03/01/2024";"1900";"30,2";"30,6";"28,6";"58,0";"72,0";"57,0";"21,0";"23,4";"21,0";"989,2";"990,7";"989,2";"1,8";"322,0";"5,2";"2517,30";"0,0"
"03/01/2024";"2000";"30,7";"31,8";"30,0";"57,0";"63,0";"57,0";"21,2";"23,1";"20,9";"988,5";"989,2";"988,5";"1,2";"313,0";"4,6";"2009,50";"0,0"
"03/01/2024";"2100";"29,8";"31,4";"29,8";"63,0";"63,0";"57,0";"21,9";"22,9";"21,4";"988,7";"988,7";"988,4";"1,2";"310,0";"4,2";"1208,90";"0,0"
"03/01/2024";"2200";"28,1";"29,9";"28,1";"77,0";"77,0";"62,0";"23,7";"23,7";"21,8";"989,4";"989,4";"988,7";"0,3";"274,0";"2,7";"311,90";"0,0"
"03/01/2024";"2300";"25,2";"28,1";"25,2";"89,0";"89,0";"75,0";"23,3";"24,0";"22,8";"990,3";"990,3";"989,4";"0,3";"264,0";"2,1";"12,60";"0,0"
"04/01/2024";"0000";"";"";"";"";"";"";"";"";"";"";"";"";"";"";"";"";""
"04/01/2024";"0100";"24,1";"25,0";"24,0";"95,0";"95,0";"90,0";"23,2";"23,4";"22,9";"991,9";"991,9";"991,0";"0,1";"207,0";"1,6";"";"0,0"
"04/01/2024";"0200";"24,0";"24,3";"23,8";"96,0";"96,0";"95,0";"23,3";"23,4";"23,0";"992,7";"992,7";"991,9";"0,1";"232,0";"1,1";"";"0,0"
"04/01/2024";"0300";"23,9";"24,4";"23,8";"96,0";"96,0";"95,0";"23,2";"23,6";"23,1";"993,1";"993,1";"992,7";"0,0";"259,0";"1,5";"";"0,0"
"04/01/2024";"0400";"23,7";"24,0";"23,5";"97,0";"97,0";"96,0";"23,2";"23,4";"23,0";"992,8";"993,2";"992,8";"0,0";"305,0";"1,4";"";"0,0"
"04/01/2024";"0500";"24,2";"24,2";"23,7";"97,0";"97,0";"97,0";"23,7";"23,7";"23,3";"991,8";"992,8";"991,8";"0,3";"311,0";"1,2";"";"0,0"
"04/01/2024";"0600";"23,7";"24,2";"23,7";"98,0";"98,0";"97,0";"23,3";"23,7";"23,3";"991,1";"991,8";"991,1";"0,6";"229,0";"1,8";"";"0,0"
"04/01/2024";"0700";"23,8";"24,0";"23,7";"97,0";"98,0";"97,0";"23,3";"23,5";"23,3";"991,0";"991,2";"991,0";"0,4";"323,0";"1,6";"";"0,0"
"04/01/2024";"0800";"23,5";"23,9";"23,5";"98,0";"98,0";"97,0";"23,1";"23,3";"23,1";"990,8";"991,1";"990,8";"0,0";"288,0";"1,5";"";"0,0"
"04/01/2024";"0900";"23,4";"23,6";"23,4";"98,0";"98,0";"98,0";"23,2";"23,2";"23,0";"991,1";"991,1";"990,8";"0,3";"269,0";"1,0";"";"0,0"
"04/01/2024";"1000";"23,2";"23,5";"22,8";"99,0";"99,0";"98,0";"23,1";"23,2";"22,7";"991,8";"991,8";"991,1";"0,0";"319,0";"1,2";"3,70";"0,0"
"04/01/2024";"1100";"23,9";"23,9";"23,0";"99,0";"99,0";"99,0";"23,8";"23,8";"22,9";"992,5";"992,5";"991,8";"0,3";"193,0";"1,3";"163,80";"0,0"
"04/01/2024";"1200";"24,9";"24,9";"23,9";"95,0";"99,0";"95,0";"24,0";"24,4";"23,8";"993,9";"993,9";"992,5";"0,5";"276,0";"1,7";"392,80";"0,0"
"04/01/2024";"1300";"24,5";"25,0";"24,2";"98,0";"98,0";"94,0";"24,1";"24,1";"23,6";"994,5";"994,6";"993,9";"0,6";"198,0";"1,6";"343,80";"3,6"
"04/01/2024";"1400";"24,6";"24,8";"24,4";"97,0";"98,0";"97,0";"24,0";"24,4";"24,0";"994,9";"994,9";"994,5";"1,4";"194,0";"2,9";"308,20";"0,0"
"04/01/2024";"1500";"24,0";"24,7";"24,0";"94,0";"97,0";"94,0";"23,0";"24,0";"23,0";"994,4";"995,0";"994,4";"2,6";"196,0";"4,5";"339,50";"0,0"
"04/01/2024";"1600";"23,3";"24,1";"23,2";"97,0";"97,0";"94,0";"22,8";"23,2";"22,7";"993,7";"994,4";"993,7";"2,4";"196,0";"4,8";"285,40";"0,8"
"04/01/2024";"1700";"23,0";"23,3";"23,0";"99,0";"99,0";"97,0";"22,8";"22,9";"22,7";"993,1";"993,7";"993,1";"1,9";"280,0";"4,8";"231,70";"3,4"
"04/01/2024";"1800";"23,0";"23,2";"22,6";"99,0";"99,0";"98,0";"22,8";"23,0";"22,4";"992,4";"993,2";"992,3";"1,4";"234,0";"4,7";"275,70";"3,6"
"04/01/2024";"1900";"22,7";"23,1";"22,6";"99,0";"99,0";"99,0";"22,5";"22,9";"22,4";"991,7";"992,4";"991,7";"1,6";"251,0";"5,1";"351,10";"0,2"
"04/01/2024";"2000";"22,2";"22,8";"22,2";"97,0";"99,0";"97,0";"21,8";"22,5";"21,8";"991,8";"991,8";"991,6";"1,4";"246,0";"3,8";"372,50";"0,0"
"04/01/2024";"2100";"22,4";"22,5";"22,1";"96,0";"98,0";"96,0";"21,7";"22,0";"21,7";"992,8";"992,8";"991,8";"1,5";"281,0";"2,9";"254,70";"0,0"
"04/01/2024";"2200";"22,1";"22,4";"22,1";"98,0";"98,0";"95,0";"21,7";"21,7";"21,5";"993,1";"993,1";"992,8";"1,0";"202,0";"3,2";"73,80";"0,4"
"04/01/2024";"2300";"21,9";"22,1";"21,9";"98,0";"99,0";"98,0";"21,6";"21,7";"21,6";"993,4";"993,4";"993,1";"1,3";"209,0";"2,6";"3,80";"0,2"
"05/01/2024";"0000";"21,9";"21,9";"21,9";"99,0";"99,0";"98,0";"21,8";"21,8";"21,6";"994,2";"994,2";"993,4";"1,5";"294,0";"3,4";"";"0,0"
"05/01/2024";"0100";"22,0";"22,0";"21,9";"100,0";"100,0";"99,0";"22,0";"22,0";"21,8";"994,9";"994,9";"994,2";"1,3";"314,0";"3,4";"";"0,0"
"05/01/2024";"0200";"22,1";"22,1";"22,0";"100,0";"100,0";"100,0";"22,1";"22,1";"22,0";"995,5";"995,5";"994,9";"1,6";"299,0";"3,5";"";"0,4"
"05/01/2024";"0300";"22,2";"22,2";"22,1";"100,0";"100,0";"100,0";"22,2";"22,2";"22,1";"995,5";"995,6";"995,5";"0,2";"288,0";"3,3";"";"0,0"
"05/01/2024";"0400";"22,2";"22,2";"22,1";"100,0";"100,0";"100,0";"22,1";"22,2";"22,1";"995,2";"995,6";"995,2";"0,0";"254,0";"1,8";"";"0,2"
"05/01/2024";"0500";"22,2";"22,3";"22,2";"100,0";"100,0";"100,0";"22,2";"22,3";"22,1";"994,5";"995,2";"994,5";"0,0";"316,0";"1,8";"";"0,0"
"05/01/2024";"0600";"22,0";"22,2";"22,0";"100,0";"100,0";"100,0";"22,0";"22,2";"22,0";"993,9";"994,5";"993,8";"0,0";"329,0";"2,1";"";"1,2"
"05/01/2024";"0700";"22,0";"22,1";"22,0";"100,0";"100,0";"100,0";"22,0";"22,0";"22,0";"993,3";"993,9";"993,3";"0,0";"264,0";"0,0";"0,20";"0,4"
"05/01/2024";"0800";"21,9";"22,0";"21,9";"100,0";"100,0";"100,0";"21,9";"22,0";"21,9";"993,2";"993,3";"993,0";"0,0";"318,0";"0,0";"";"0,2"
"05/01/2024";"0900";"22,0";"22,0";"21,8";"100,0";"100,0";"100,0";"22,0";"22,0";"21,8";"993,4";"993,4";"993,2";"0,0";"335,0";"0,0";"";"0,8"
"05/01/2024";"1000";"21,6";"22,0";"21,6";"100,0";"100,0";"100,0";"21,6";"22,0";"21,6";"993,9";"993,9";"993,4";"1,4";"309,0";"2,3";"1,20";"0,2"
"05/01/2024";"1100";"21,7";"21,7";"21,5";"100,0";"100,0";"100,0";"21,7";"21,7";"21,5";"994,2";"994,2";"993,9";"0,4";"312,0";"2,1";"77,50";"0,2"
"05/01/2024";"1200";"22,3";"22,4";"21,7";"100,0";"100,0";"100,0";"22,3";"22,3";"21,7";"994,4";"994,4";"994,2";"0,0";"283,0";"1,9";"384,60";"0,0"
"05/01/2024";"1300";"24,1";"24,1";"22,3";"94,0";"100,0";"94,0";"23,2";"23,5";"22,3";"994,6";"994,6";"994,4";"0,0";"228,0";"1,2";"831,10";"0,0"
"05/01/2024";"1400";"25,8";"25,8";"24,0";"84,0";"95,0";"84,0";"23,0";"23,4";"22,3";"994,8";"994,8";"994,5";"0,0";"233,0";"1,0";"1189,30";"0,0"
"05/01/2024";"1500";"26,1";"26,2";"25,5";"82,0";"86,0";"81,0";"22,8";"23,5";"22,1";"994,6";"994,8";"994,6";"0,7";"306,0";"2,4";"1320,40";"0,0"
"05/01/2024";"1600";"27,4";"27,4";"26,1";"79,0";"84,0";"77,0";"23,3";"23,5";"22,2";"994,4";"994,6";"994,4";"1,2";"313,0";"3,2";"1748,80";"0,0"
"05/01/2024";"1700";"27,9";"28,7";"27,2";"72,0";"79,0";"71,0";"22,3";"23,8";"22,3";"993,4";"994,4";"993,4";"0,4";"305,0";"2,7";"1987,00";"0,2"
"05/01/2024";"1800";"28,3";"28,8";"27,5";"72,0";"76,0";"69,0";"22,7";"23,5";"22,0";"992,8";"993,4";"992,8";"1,4";"224,0";"2,6";"1728,90";"0,0"
"05/01/2024";"1900";"28,2";"28,8";"27,9";"73,0";"74,0";"69,0";"22,9";"23,3";"21,9";"991,8";"992,8";"991,8";"1,5";"211,0";"2,8";"1511,10";"0,0"
"05/01/2024";"2000";"28,5";"28,8";"28,2";"72,0";"74,0";"69,0";"23,0";"23,4";"22,2";"991,3";"991,8";"991,2";"0,8";"246,0";"2,8";"1196,20";"0,0"
"05/01/2024";"2100";"28,3";"28,5";"27,7";"74,0";"78,0";"71,0";"23,2";"23,7";"22,7";"991,0";"991,3";"991,0";"1,1";"299,0";"2,4";"782,20";"0,0"
"05/01/2024";"2200";"26,6";"28,4";"26,6";"84,0";"85,0";"72,0";"23,8";"23,9";"22,6";"990,8";"991,1";"990,7";"0,1";"258,0";"2,1";"397,50";"0,0"
"05/01/2024";"2300";"24,7";"26,6";"24,6";"93,0";"93,0";"83,0";"23,4";"23,8";"23,3";"991,5";"991,5";"990,8";"0,0";"328,0";"0,8";"10,80";"0,0"
"06/01/2024";"0000";"23,6";"24,8";"23,6";"96,0";"96,0";"92,0";"23,0";"23,5";"22,9";"992,1";"992,1";"991,5";"0,0";"308,0";"0,0";"";"0,0"
"06/01/2024";"0100";"23,7";"23,8";"23,5";"98,0";"98,0";"96,0";"23,5";"23,5";"23,0";"992,7";"992,7";"992,1";"0,0";"212,0";"0,1";"";"0,0"
"06/01/2024";"0200";"";"";"";"";"";"";"";"";"";"";"";"";"";"";"";"";""
"06/01/2024";"0300";"23,5";"23,9";"23,5";"95,0";"99,0";"95,0";"22,7";"23,7";"22,7";"993,0";"993,4";"993,0";"0,0";"286,0";"0,0";"";"0,0"
"06/01/2024";"0400";"23,2";"23,5";"23,0";"95,0";"95,0";"93,0";"22,3";"22,6";"22,0";"993,0";"993,0";"992,9";"0,0";"313,0";"0,2";"";"0,0"
"06/01/2024";"0500";"23,0";"23,3";"23,0";"97,0";"97,0";"95,0";"22,5";"22,6";"22,4";"992,6";"993,0";"992,5";"0,0";"291,0";"0,2";"";"0,0"
"06/01/2024";"0600";"22,6";"23,0";"22,5";"99,0";"99,0";"97,0";"22,4";"22,5";"22,2";"992,0";"992,6";"992,0";"0,0";"319,0";"0,1";"";"0,0"
"06/01/2024";"0700";"22,5";"22,7";"22,3";"99,0";"99,0";"99,0";"22,3";"22,5";"22,2";"992,0";"992,0";"991,6";"0,0";"194,0";"0,1";"";"0,0"
"06/01/2024";"0800";"22,5";"22,6";"22,5";"99,0";"99,0";"99,0";"22,4";"22,5";"22,3";"992,1";"992,1";"991,9";"0,0";"238,0";"0,0";"";"0,0"
"06/01/2024";"0900";"22,4";"22,5";"22,4";"100,0";"100,0";"99,0";"22,3";"22,4";"22,3";"992,4";"992,4";"992,0";"0,8";"219,0";"1,4";"";"0,0"
"06/01/2024";"1000";"22,2";"22,4";"22,2";"100,0";"100,0";"100,0";"22,2";"22,3";"22,2";"992,8";"992,8";"992,4";"0,0";"282,0";"1,4";"3,40";"0,0"
"06/01/2024";"1100";"23,1";"23,1";"22,2";"100,0";"100,0";"100,0";"23,0";"23,0";"22,2";"993,7";"993,7";"992,8";"0,3";"303,0";"1,9";"156,90";"0,0"
"06/01/2024";"1200";"24,1";"24,1";"23,1";"94,0";"100,0";"94,0";"23,1";"23,7";"23,0";"994,6";"994,6";"993,7";"2,0";"308,0";"5,5";"547,40";"0,0"
"06/01/2024";"1300";"24,4";"24,5";"23,9";"91,0";"94,0";"91,0";"22,9";"23,3";"22,7";"995,3";"995,3";"994,6";"0,8";"303,0";"4,7";"439,20";"0,0"
"06/01/2024";"1400";"27,4";"27,4";"24,4";"80,0";"92,0";"80,0";"23,7";"24,1";"22,8";"995,1";"995,4";"995,1";"1,7";"295,0";"3,6";"1533,50";"0,0"
"06/01/2024";"1500";"28,0";"28,0";"26,5";"80,0";"83,0";"78,0";"24,2";"24,3";"22,9";"994,7";"995,2";"994,7";"0,6";"291,0";"4,0";"1289,00";"0,0"
"06/01/2024";"1600";"27,9";"28,3";"27,5";"77,0";"81,0";"76,0";"23,5";"24,4";"23,3";"994,3";"994,7";"994,3";"1,1";"314,0";"3,6";"1274,40";"0,0"
"06/01/2024";"1700";"24,4";"29,7";"24,4";"87,0";"87,0";"67,0";"22,1";"24,3";"21,9";"993,4";"994,3";"993,4";"4,6";"301,0";"7,9";"1466,90";"0,0"
"06/01/2024";"1800";"24,4";"24,5";"23,4";"90,0";"92,0";"86,0";"22,7";"23,0";"21,0";"992,6";"993,4";"992,6";"1,2";"318,0";"8,0";"1156,80";"0,0"
"06/01/2024";"1900";"26,5";"26,5";"24,4";"73,0";"91,0";"73,0";"21,2";"23,1";"21,2";"990,7";"992,6";"990,7";"1,0";"311,0";"3,1";"1230,10";"0,0"
"06/01/2024";"2000";"26,9";"27,7";"26,4";"75,0";"79,0";"70,0";"22,1";"23,1";"21,1";"990,5";"990,7";"990,3";"0,8";"315,0";"3,1";"1066,90";"0,0"
"06/01/2024";"2100";"25,6";"27,0";"25,6";"83,0";"83,0";"75,0";"22,5";"22,9";"22,0";"990,8";"990,8";"990,5";"1,4";"309,0";"5,9";"544,80";"0,0"
"06/01/2024";"2200";"24,2";"26,3";"24,2";"86,0";"86,0";"80,0";"21,7";"22,9";"21,5";"991,0";"991,1";"990,8";"0,2";"299,0";"4,6";"418,20";"0,0"
"06/01/2024";"2300";"23,4";"24,2";"22,9";"92,0";"93,0";"86,0";"22,0";"22,0";"21,6";"991,6";"991,6";"991,0";"0,9";"313,0";"2,8";"14,40";"0,0"
"07/01/2024";"0000";"";"";"";"";"";"";"";"";"";"";"";"";"";"";"";"";""
"07/01/2024";"0100";"22,8";"23,2";"22,8";"96,0";"96,0";"94,0";"22,2";"22,3";"22,1";"993,2";"993,2";"992,3";"0,1";"195,0";"1,3";"";"0,0"
"07/01/2024";"0200";"";"";"";"";"";"";"";"";"";"";"";"";"";"";"";"";""
"07/01/2024";"0300";"22,6";"22,7";"22,6";"98,0";"98,0";"97,0";"22,2";"22,3";"22,2";"993,5";"993,7";"993,5";"0,0";"266,0";"0,0";"";"0,0"
"07/01/2024";"0400";"22,5";"22,8";"22,5";"98,0";"98,0";"98,0";"22,2";"22,4";"22,2";"993,0";"993,5";"993,0";"0,0";"275,0";"1,1";"";"0,0"
"07/01/2024";"0500";"22,3";"22,5";"22,0";"99,0";"99,0";"98,0";"22,2";"22,2";"21,8";"992,5";"993,0";"992,5";"0,0";"270,0";"0,0";"";"0,0"
"07/01/2024";"0600";"22,1";"22,3";"21,9";"100,0";"100,0";"99,0";"22,1";"22,1";"21,8";"992,2";"992,5";"992,2";"0,0";"304,0";"0,0";"";"0,0"
"07/01/2024";"0700";"22,3";"22,3";"22,1";"100,0";"100,0";"100,0";"22,3";"22,3";"22,1";"992,3";"992,3";"992,2";"0,0";"269,0";"0,0";"";"0,0"
"07/01/2024";"0800";"22,2";"22,3";"22,2";"100,0";"100,0";"100,0";"22,2";"22,3";"22,2";"992,5";"992,5";"992,3";"0,0";"306,0";"0,0";"";"0,0"
"07/01/2024";"0900";"22,2";"22,3";"22,1";"100,0";"100,0";"100,0";"22,2";"22,3";"22,1";"992,8";"992,8";"992,3";"0,0";"200,0";"0,0";"";"0,0"
"07/01/2024";"1000";"22,5";"22,5";"22,2";"100,0";"100,0";"100,0";"22,5";"22,5";"22,2";"993,3";"993,3";"992,8";"0,4";"295,0";"1,5";"3,50";"0,0"
"07/01/2024";"1100";"23,9";"23,9";"22,4";"99,0";"100,0";"99,0";"23,8";"23,8";"22,4";"994,0";"994,0";"993,3";"1,0";"308,0";"2,6";"269,90";"0,0"
"07/01/2024";"1200";"26,4";"26,4";"23,9";"81,0";"99,0";"81,0";"22,9";"25,3";"22,6";"994,5";"994,5";"994,0";"1,7";"315,0";"5,1";"1385,10";"0,0"
"07/01/2024";"1300";"26,8";"27,8";"26,2";"78,0";"82,0";"76,0";"22,6";"23,8";"22,2";"994,8";"994,8";"994,5";"1,5";"317,0";"5,4";"1579,40";"0,0"
"07/01/2024";"1400";"28,9";"29,2";"26,8";"71,0";"79,0";"70,0";"23,2";"24,0";"22,0";"994,9";"994,9";"994,8";"1,4";"313,0";"5,5";"2192,40";"0,0"
"07/01/2024";"1500";"30,2";"30,9";"28,5";"68,0";"74,0";"65,0";"23,7";"24,7";"22,8";"994,7";"995,0";"994,7";"2,0";"315,0";"5,9";"3111,40";"0,0"
"07/01/2024";"1600";"30,6";"30,9";"29,4";"69,0";"72,0";"66,0";"24,3";"24,7";"23,1";"993,9";"994,7";"993,9";"2,3";"290,0";"4,9";"3291,10";"0,0"
"07/01/2024";"1700";"31,6";"31,9";"30,4";"62,0";"69,0";"60,0";"23,3";"24,8";"23,2";"992,5";"993,9";"992,5";"2,1";"299,0";"6,0";"3230,50";"0,0"
"07/01/2024";"1800";"31,5";"33,0";"31,0";"61,0";"64,0";"55,0";"23,1";"24,1";"22,0";"991,2";"992,5";"991,2";"3,1";"303,0";"7,1";"3236,70";"0,0"
"07/01/2024";"1900";"29,7";"32,5";"28,2";"70,0";"74,0";"55,0";"23,7";"23,9";"22,0";"990,3";"991,2";"990,3";"1,6";"284,0";"6,4";"1426,20";"0,0"
"07/01/2024";"2000";"29,2";"31,1";"28,0";"72,0";"74,0";"65,0";"23,5";"24,4";"22,0";"990,0";"990,3";"990,0";"1,0";"272,0";"5,3";"1503,30";"0,0"
"07/01/2024";"2100";"27,8";"29,7";"27,4";"71,0";"75,0";"68,0";"22,1";"23,7";"21,4";"990,0";"990,2";"990,0";"1,2";"262,0";"5,2";"667,10";"0,0"
"07/01/2024";"2200";"27,2";"29,2";"27,2";"78,0";"78,0";"62,0";"23,0";"23,4";"21,1";"990,2";"990,3";"990,0";"1,3";"247,0";"3,3";"549,60";"0,0"
"07/01/2024";"2300";"25,5";"27,2";"25,5";"90,0";"90,0";"78,0";"23,6";"23,6";"23,1";"991,0";"991,0";"990,2";"0,7";"200,0";"2,1";"6,60";"0,0"
"08/01/2024";"0000";"";"";"";"";"";"";"";"";"";"";"";"";"";"";"";"";""
"08/01/2024";"0100";"24,4";"24,8";"24,4";"95,0";"95,0";"94,0";"23,6";"23,7";"23,6";"991,9";"991,9";"991,5";"0,9";"219,0";"1,9";"";"0,0"
"08/01/2024";"0200";"24,0";"24,4";"24,0";"97,0";"97,0";"95,0";"23,4";"23,6";"23,3";"992,3";"992,3";"991,9";"1,1";"209,0";"2,4";"";"0,0"
"08/01/2024";"0300";"23,6";"24,0";"23,6";"97,0";"97,0";"97,0";"23,2";"23,5";"23,2";"992,3";"992,6";"992,3";"1,1";"222,0";"2,2";"";"0,0"
"08/01/2024";"0400";"23,2";"23,6";"23,2";"98,0";"98,0";"97,0";"22,9";"23,2";"22,9";"991,8";"992,3";"991,8";"0,4";"195,0";"1,9";"";"0,0"
"08/01/2024";"0500";"23,0";"23,3";"22,8";"99,0";"99,0";"98,0";"22,9";"23,0";"22,6";"991,2";"991,8";"991,2";"0,8";"260,0";"1,4";"";"0,0"
"08/01/2024";"0600";"22,2";"23,0";"22,2";"99,0";"99,0";"99,0";"22,1";"22,9";"22,1";"990,6";"991,2";"990,5";"0,1";"262,0";"1,4";"";"0,0"
"08/01/2024";"0700";"22,5";"22,6";"22,2";"100,0";"100,0";"99,0";"22,5";"22,5";"22,0";"990,4";"990,6";"990,4";"1,0";"304,0";"2,5";"";"0,0"
"08/01/2024";"0800";"22,0";"22,5";"22,0";"99,0";"100,0";"99,0";"21,9";"22,5";"21,9";"990,6";"990,7";"990,4";"0,1";"229,0";"2,5";"";"0,0"
"08/01/2024";"0900";"21,8";"22,1";"21,8";"100,0";"100,0";"99,0";"21,7";"22,0";"21,7";"991,2";"991,2";"990,6";"0,8";"195,0";"1,5";"";"0,0"
"08/01/2024";"1000";"21,9";"22,0";"21,8";"100,0";"100,0";"100,0";"21,9";"21,9";"21,7";"992,0";"992,0";"991,2";"0,6";"207,0";"1,9";"4,40";"0,0"
"08/01/2024";"1100";"23,4";"23,4";"21,9";"100,0";"100,0";"100,0";"23,4";"23,4";"21,9";"992,8";"992,8";"992,0";"0,9";"227,0";"1,6";"296,50";"0,0"
"08/01/2024";"1200";"26,9";"27,3";"23,4";"79,0";"100,0";"79,0";"23,0";"24,4";"23,0";"993,3";"993,3";"992,8";"0,9";"306,0";"2,4";"1171,90";"0,0"
"08/01/2024";"1300";"29,8";"29,8";"26,9";"70,0";"81,0";"68,0";"23,7";"24,5";"22,7";"993,9";"993,9";"993,3";"1,1";"306,0";"3,6";"1969,30";"0,0"
"08/01/2024";"1400";"30,5";"30,5";"29,5";"71,0";"72,0";"66,0";"24,6";"24,6";"23,0";"993,8";"994,0";"993,8";"1,3";"314,0";"4,3";"2185,70";"0,0"
"08/01/2024";"1500";"30,6";"30,6";"29,6";"68,0";"73,0";"66,0";"24,1";"24,6";"23,2";"993,2";"993,8";"993,2";"1,0";"290,0";"4,6";"1914,80";"0,0"
"08/01/2024";"1600";"31,6";"31,8";"30,2";"63,0";"69,0";"62,0";"23,6";"24,3";"22,9";"992,3";"993,2";"992,3";"1,2";"274,0";"3,6";"2425,30";"0,0"
"08/01/2024";"1700";"31,5";"32,9";"30,9";"62,0";"66,0";"57,0";"23,2";"24,6";"21,9";"991,0";"992,3";"991,0";"0,9";"308,0";"3,6";"2332,30";"0,0"
"08/01/2024";"1800";"32,8";"33,2";"30,9";"58,0";"64,0";"54,0";"23,4";"24,1";"21,6";"989,7";"991,0";"989,7";"1,8";"294,0";"3,7";"2091,90";"0,0"
"08/01/2024";"1900";"31,5";"34,4";"31,0";"61,0";"61,0";"50,0";"23,2";"24,6";"21,3";"988,7";"989,7";"988,7";"1,7";"281,0";"5,2";"2426,40";"0,0"
"08/01/2024";"2000";"31,8";"32,1";"30,5";"62,0";"67,0";"59,0";"23,7";"23,9";"22,5";"988,5";"988,7";"988,3";"0,5";"300,0";"4,4";"1462,60";"0,0"
"08/01/2024";"2100";"27,0";"31,9";"27,0";"75,0";"75,0";"57,0";"22,1";"23,4";"21,6";"988,7";"988,8";"988,5";"1,4";"291,0";"6,6";"719,00";"0,0"
"08/01/2024";"2200";"25,9";"27,0";"25,9";"83,0";"83,0";"75,0";"22,7";"22,7";"22,0";"989,2";"989,3";"988,7";"0,8";"209,0";"3,4";"105,30";"0,0"
"08/01/2024";"2300";"25,6";"25,9";"25,5";"86,0";"86,0";"82,0";"23,1";"23,1";"22,6";"989,8";"989,8";"989,1";"1,8";"232,0";"2,9";"8,80";"0,0"
"09/01/2024";"0000";"24,9";"25,6";"24,8";"91,0";"91,0";"86,0";"23,3";"23,3";"23,1";"990,9";"990,9";"989,8";"1,1";"212,0";"2,9";"";"0,0"
"09/01/2024";"0100";"24,6";"25,0";"24,5";"93,0";"93,0";"91,0";"23,3";"23,4";"23,2";"991,3";"991,3";"990,9";"0,3";"214,0";"1,9";"";"0,0"
"09/01/2024";"0200";"24,8";"24,9";"24,4";"92,0";"94,0";"92,0";"23,5";"23,6";"23,2";"992,2";"992,3";"991,3";"1,4";"293,0";"5,1";"";"0,0"
"09/01/2024";"0300";"24,9";"25,2";"24,7";"93,0";"94,0";"91,0";"23,7";"23,7";"23,3";"992,4";"992,6";"992,2";"0,7";"323,0";"3,1";"";"0,0"
"09/01/2024";"0400";"24,4";"24,9";"24,4";"93,0";"93,0";"92,0";"23,2";"23,6";"23,2";"992,3";"992,7";"992,3";"0,3";"295,0";"3,0";"";"0,0"
"09/01/2024";"0500";"24,2";"24,5";"24,2";"94,0";"94,0";"93,0";"23,2";"23,3";"23,1";"991,8";"992,4";"991,7";"2,5";"311,0";"4,4";"";"0,0"
"09/01/2024";"0600";"23,5";"24,2";"23,5";"97,0";"97,0";"94,0";"23,0";"23,2";"22,8";"991,1";"992,0";"990,5";"0,8";"234,0";"4,0";"";"0,0"
"09/01/2024";"0700";"23,8";"23,8";"23,5";"97,0";"97,0";"97,0";"23,3";"23,3";"23,0";"991,6";"991,6";"991,1";"0,4";"258,0";"1,8";"";"0,0"
"09/01/2024";"0800";"23,5";"23,8";"23,5";"97,0";"97,0";"97,0";"23,0";"23,4";"23,0";"991,3";"991,6";"991,1";"0,8";"233,0";"2,6";"";"0,0"
"09/01/2024";"0900";"22,8";"23,5";"22,8";"98,0";"98,0";"97,0";"22,5";"23,0";"22,5";"991,7";"991,7";"991,3";"1,6";"217,0";"3,1";"";"0,2"
"09/01/2024";"1000";"22,7";"22,8";"22,6";"99,0";"99,0";"98,0";"22,6";"22,6";"22,5";"993,1";"993,1";"991,7";"0,8";"196,0";"3,0";"";"2,2"
"09/01/2024";"1100";"22,9";"22,9";"22,7";"100,0";"100,0";"99,0";"22,8";"22,8";"22,6";"994,3";"994,3";"993,1";"1,0";"199,0";"2,2";"19,90";"2,0"
"09/01/2024";"1200";"22,9";"23,0";"22,8";"100,0";"100,0";"100,0";"22,9";"23,0";"22,7";"994,7";"994,7";"994,3";"1,1";"238,0";"2,4";"114,60";"1,2"
"09/01/2024";"1300";"23,7";"23,7";"22,9";"99,0";"100,0";"99,0";"23,6";"23,6";"22,9";"995,2";"995,2";"994,7";"0,2";"261,0";"2,1";"398,50";"0,2"
"09/01/2024";"1400";"25,3";"25,3";"23,7";"91,0";"99,0";"91,0";"23,8";"23,9";"23,4";"994,8";"995,3";"994,8";"0,2";"249,0";"2,3";"870,30";"0,0"
"09/01/2024";"1500";"26,4";"26,5";"25,3";"86,0";"92,0";"86,0";"23,9";"24,3";"23,2";"994,4";"994,8";"994,4";"1,3";"321,0";"2,8";"1354,90";"0,0"
"09/01/2024";"1600";"27,5";"27,7";"26,2";"82,0";"88,0";"82,0";"24,1";"24,6";"23,7";"993,4";"994,4";"993,4";"1,4";"282,0";"3,1";"1667,50";"0,0"
"09/01/2024";"1700";"29,1";"29,3";"27,5";"78,0";"83,0";"75,0";"24,8";"25,4";"23,7";"991,6";"993,4";"991,6";"1,7";"289,0";"4,6";"3114,20";"0,2"
"09/01/2024";"1800";"28,9";"29,5";"28,4";"76,0";"80,0";"74,0";"24,2";"24,8";"23,9";"990,3";"991,6";"990,3";"2,0";"295,0";"4,1";"1852,80";"0,0"
"09/01/2024";"1900";"29,8";"29,9";"28,9";"74,0";"77,0";"72,0";"24,6";"24,9";"24,2";"989,2";"990,3";"989,2";"2,5";"295,0";"4,8";"1896,70";"0,0"
"09/01/2024";"2000";"30,2";"31,0";"29,7";"71,0";"74,0";"69,0";"24,4";"25,2";"23,8";"988,3";"989,2";"988,3";"3,0";"295,0";"5,7";"2427,00";"0,0"
"09/01/2024";"2100";"25,9";"30,2";"25,9";"87,0";"87,0";"70,0";"23,6";"24,5";"22,7";"989,3";"989,3";"988,3";"1,4";"314,0";"7,5";"780,40";"0,0"
"09/01/2024";"2200";"24,2";"25,9";"24,2";"95,0";"95,0";"87,0";"23,2";"24,2";"23,1";"990,8";"990,8";"989,3";"0,1";"279,0";"5,1";"343,50";"0,6"
"09/01/2024";"2300";"23,8";"24,2";"23,8";"98,0";"98,0";"95,0";"23,4";"23,5";"23,2";"991,2";"991,2";"990,6";"1,0";"253,0";"1,6";"3,60";"1,0"
"10/01/2024";"0000";"23,6";"23,8";"23,6";"98,0";"98,0";"98,0";"23,3";"23,5";"23,2";"992,0";"992,0";"991,1";"1,4";"248,0";"2,7";"";"0,4"
"10/01/2024";"0100";"23,4";"23,6";"23,4";"98,0";"98,0";"98,0";"23,1";"23,2";"23,0";"993,1";"993,1";"992,0";"0,9";"200,0";"2,7";"";"0,2"
"10/01/2024";"0200";"23,4";"23,5";"23,4";"99,0";"99,0";"98,0";"23,2";"23,2";"23,1";"994,0";"994,0";"993,1";"1,3";"215,0";"3,0";"";"0,0"
"10/01/2024";"0300";"23,3";"23,4";"23,3";"99,0";"99,0";"99,0";"23,2";"23,2";"23,2";"994,2";"994,4";"994,0";"1,0";"200,0";"2,4";"0,20";"1,4"
"10/01/2024";"0400";"23,2";"23,3";"23,2";"100,0";"100,0";"99,0";"23,1";"23,1";"23,1";"993,7";"994,2";"993,7";"1,1";"218,0";"2,1";"";"0,6"
"10/01/2024";"0500";"23,0";"23,2";"23,0";"100,0";"100,0";"100,0";"23,0";"23,1";"22,9";"992,9";"993,7";"992,9";"0,5";"289,0";"1,9";"";"0,2"
"10/01/2024";"0600";"21,6";"23,1";"21,6";"100,0";"100,0";"99,0";"21,5";"23,0";"21,5";"992,5";"992,9";"992,5";"0,1";"318,0";"5,7";"0,10";"1,2"
"10/01/2024";"0700";"21,7";"21,8";"21,6";"100,0";"100,0";"100,0";"21,7";"21,7";"21,5";"992,4";"992,5";"992,3";"1,0";"302,0";"1,8";"";"0,8"
"10/01/2024";"0800";"22,0";"22,0";"21,7";"100,0";"100,0";"100,0";"22,0";"22,0";"21,7";"992,5";"992,5";"992,4";"0,0";"326,0";"1,8";"";"0,0"
"10/01/2024";"0900";"21,9";"22,0";"21,9";"100,0";"100,0";"100,0";"21,9";"22,0";"21,9";"992,9";"992,9";"992,5";"0,1";"321,0";"1,3";"";"0,2"
"10/01/2024";"1000";"21,9";"22,0";"21,8";"100,0";"100,0";"100,0";"21,9";"22,0";"21,8";"993,4";"993,4";"992,9";"0,0";"245,0";"1,3";"1,40";"0,0"
"10/01/2024";"1100";"22,3";"22,3";"21,9";"100,0";"100,0";"100,0";"22,3";"22,3";"21,9";"994,4";"994,4";"993,4";"0,0";"319,0";"1,1";"64,30";"0,0"
"10/01/2024";"1200";"22,8";"22,9";"22,3";"100,0";"100,0";"100,0";"22,8";"22,9";"22,3";"995,8";"995,8";"994,4";"0,7";"319,0";"2,5";"193,80";"0,0"
"10/01/2024";"1300";"22,3";"22,9";"22,2";"100,0";"100,0";"100,0";"22,3";"22,9";"22,2";"996,3";"996,4";"995,8";"1,4";"312,0";"4,1";"203,00";"1,6"
"10/01/2024";"1400";"22,1";"22,3";"22,0";"100,0";"100,0";"100,0";"22,1";"22,3";"22,0";"996,8";"996,8";"996,3";"1,3";"318,0";"4,1";"232,10";"3,2"
"10/01/2024";"1500";"22,5";"22,6";"22,1";"99,0";"100,0";"99,0";"22,4";"22,5";"22,0";"996,4";"996,8";"996,4";"1,1";"322,0";"3,4";"415,40";"3,8"
"10/01/2024";"1600";"23,6";"23,7";"22,5";"93,0";"99,0";"93,0";"22,4";"22,9";"22,1";"995,6";"996,4";"995,6";"0,5";"309,0";"3,7";"1021,00";"1,0"
"10/01/2024";"1700";"25,7";"25,9";"23,4";"83,0";"94,0";"83,0";"22,6";"23,6";"22,1";"994,2";"995,6";"994,2";"1,5";"316,0";"5,7";"1787,10";"0,0"
"10/01/2024";"1800";"26,4";"26,9";"25,5";"79,0";"87,0";"78,0";"22,4";"23,7";"22,3";"992,9";"994,2";"992,9";"0,8";"308,0";"5,7";"1691,50";"0,0"
"10/01/2024";"1900";"26,3";"27,0";"26,0";"77,0";"82,0";"77,0";"22,0";"23,3";"22,0";"991,7";"992,9";"991,7";"1,4";"296,0";"3,6";"1642,90";"0,0"
"10/01/2024";"2000";"26,5";"27,2";"26,1";"78,0";"82,0";"75,0";"22,3";"23,3";"21,8";"990,8";"991,7";"990,8";"1,1";"314,0";"4,6";"1273,20";"0,0"
"10/01/2024";"2100";"26,7";"27,3";"26,0";"77,0";"82,0";"75,0";"22,4";"23,1";"22,0";"990,4";"990,8";"990,4";"0,7";"305,0";"3,5";"933,90";"0,2"
"10/01/2024";"2200";"25,3";"26,7";"25,3";"85,0";"85,0";"77,0";"22,6";"23,0";"22,2";"990,9";"990,9";"990,4";"0,6";"305,0";"2,3";"323,70";"0,0"
"10/01/2024";"2300";"24,0";"25,3";"23,9";"94,0";"94,0";"85,0";"22,9";"23,0";"22,7";"991,9";"991,9";"990,9";"0,7";"274,0";"1,5";"19,50";"0,0"
"11/01/2024";"0000";"23,8";"24,1";"23,8";"95,0";"95,0";"94,0";"22,9";"23,1";"22,9";"992,3";"992,3";"991,9";"0,4";"297,0";"1,9";"";"0,0"
"11/01/2024";"0100";"";"";"";"";"";"";"";"";"";"";"";"";"";"";"";"";""
"11/01/2024";"0200";"23,2";"23,5";"23,2";"98,0";"98,0";"97,0";"22,8";"23,0";"22,7";"993,7";"993,7";"993,2";"1,0";"232,0";"1,6";"";"0,0"
"11/01/2024";"0300";"23,0";"23,2";"23,0";"98,0";"98,0";"98,0";"22,7";"22,8";"22,7";"993,9";"993,9";"993,7";"0,8";"266,0";"1,5";"";"0,0"
"11/01/2024";"0400";"22,7";"23,0";"22,7";"99,0";"99,0";"98,0";"22,5";"22,7";"22,4";"993,7";"994,0";"993,7";"0,0";"242,0";"1,5";"";"0,0"
"11/01/2024";"0500";"22,6";"22,7";"22,4";"99,0";"99,0";"99,0";"22,5";"22,5";"22,3";"993,1";"993,7";"993,1";"0,4";"219,0";"1,0";"";"0,0"
"11/01/2024";"0600";"22,5";"22,6";"22,5";"100,0";"100,0";"99,0";"22,5";"22,5";"22,4";"992,5";"993,1";"992,5";"0,0";"220,0";"1,3";"";"0,0"
"11/01/2024";"0700";"22,3";"22,5";"22,3";"100,0";"100,0";"100,0";"22,3";"22,5";"22,3";"992,2";"992,5";"992,2";"0,8";"201,0";"1,6";"";"0,0"
"11/01/2024";"0800";"22,1";"22,3";"22,1";"100,0";"100,0";"100,0";"22,1";"22,3";"22,1";"991,8";"992,2";"991,8";"0,0";"269,0";"1,6";"";"0,0"
"11/01/2024";"0900";"22,1";"22,2";"21,9";"100,0";"100,0";"100,0";"22,1";"22,2";"21,9";"992,0";"992,0";"991,7";"0,0";"190,0";"0,0";"";"0,0"
"11/01/2024";"1000";"22,0";"22,2";"22,0";"100,0";"100,0";"100,0";"22,0";"22,2";"22,0";"993,0";"993,0";"992,0";"0,0";"209,0";"0,8";"1,60";"0,0"
"11/01/2024";"1100";"22,5";"22,7";"22,0";"100,0";"100,0";"100,0";"22,5";"22,7";"22,0";"993,9";"993,9";"993,0";"0,0";"201,0";"1,2";"136,00";"0,0"
"11/01/2024";"1200";"23,8";"23,8";"22,5";"100,0";"100,0";"100,0";"23,8";"23,8";"22,6";"994,7";"994,7";"993,9";"0,8";"210,0";"1,4";"492,70";"0,0"
"11/01/2024";"1300";"26,6";"27,2";"23,8";"81,0";"100,0";"79,0";"23,0";"25,2";"22,6";"995,4";"995,4";"994,7";"0,8";"227,0";"2,1";"1518,70";"0,0"
"11/01/2024";"1400";"27,7";"28,3";"26,6";"79,0";"82,0";"76,0";"23,7";"24,3";"22,7";"995,2";"995,4";"995,2";"1,5";"290,0";"3,4";"1859,00";"0,0"
"11/01/2024";"1500";"29,7";"29,7";"27,7";"67,0";"79,0";"66,0";"23,0";"24,4";"22,4";"995,0";"995,3";"995,0";"1,3";"301,0";"3,7";"2324,60";"0,0"
"11/01/2024";"1600";"31,1";"31,4";"29,5";"64,0";"72,0";"62,0";"23,4";"24,6";"22,3";"994,4";"995,0";"994,4";"1,3";"283,0";"5,0";"2500,30";"0,0"
"11/01/2024";"1700";"31,8";"31,9";"30,4";"60,0";"66,0";"59,0";"23,1";"23,8";"22,3";"993,5";"994,4";"993,5";"1,9";"289,0";"4,4";"3223,40";"0,0"
"11/01/2024";"1800";"32,5";"33,1";"31,1";"55,0";"63,0";"52,0";"22,3";"23,8";"21,3";"992,2";"993,5";"992,2";"1,9";"291,0";"4,4";"3102,40";"0,0"
"11/01/2024";"1900";"31,1";"32,7";"31,1";"58,0";"60,0";"53,0";"21,8";"23,4";"21,4";"990,8";"992,2";"990,8";"0,6";"319,0";"4,4";"2011,40";"0,0"
"11/01/2024";"2000";"32,2";"32,8";"30,3";"54,0";"66,0";"52,0";"21,6";"23,3";"21,1";"989,8";"990,8";"989,8";"1,4";"296,0";"2,9";"1448,40";"0,0"
"11/01/2024";"2100";"29,7";"32,5";"29,5";"69,0";"69,0";"51,0";"23,4";"23,4";"21,0";"989,8";"989,8";"989,7";"3,2";"246,0";"5,9";"1134,90";"0,0"
"11/01/2024";"2200";"26,8";"29,7";"26,8";"78,0";"78,0";"67,0";"22,6";"23,3";"22,2";"990,7";"990,7";"989,8";"1,5";"225,0";"5,3";"361,30";"0,0"
"11/01/2024";"2300";"25,6";"26,8";"25,6";"85,0";"85,0";"78,0";"22,9";"23,0";"22,7";"991,8";"991,8";"990,7";"1,4";"193,0";"2,9";"13,00";"0,0"
"12/01/2024";"0000";"";"";"";"";"";"";"";"";"";"";"";"";"";"";"";"";""
"12/01/2024";"0100";"25,0";"25,3";"25,0";"81,0";"88,0";"81,0";"21,5";"22,9";"21,5";"993,2";"993,3";"992,7";"1,3";"216,0";"3,4";"";"0,0"
"12/01/2024";"0200";"24,4";"25,0";"24,4";"85,0";"85,0";"80,0";"21,7";"21,8";"21,2";"993,8";"993,8";"993,2";"0,9";"259,0";"2,5";"";"0,0"
"12/01/2024";"0300";"23,6";"24,4";"23,6";"90,0";"91,0";"84,0";"21,9";"22,2";"21,5";"994,1";"994,1";"993,8";"1,0";"228,0";"2,0";"";"0,0"
"12/01/2024";"0400";"23,1";"23,7";"23,0";"93,0";"93,0";"89,0";"21,9";"21,9";"21,6";"993,1";"994,1";"993,1";"1,3";"272,0";"3,1";"";"0,0"
"12/01/2024";"0500";"22,8";"23,1";"22,7";"95,0";"95,0";"93,0";"21,9";"22,0";"21,9";"992,4";"993,1";"992,4";"0,6";"296,0";"2,6";"";"0,0"
"12/01/2024";"0600";"22,5";"22,9";"22,4";"95,0";"95,0";"94,0";"21,7";"21,9";"21,5";"991,7";"992,4";"991,7";"0,5";"292,0";"3,1";"";"0,0"
"12/01/2024";"0700";"22,2";"22,5";"22,2";"98,0";"98,0";"95,0";"21,8";"21,8";"21,6";"991,7";"991,9";"991,6";"0,9";"282,0";"2,5";"";"0,0"
"12/01/2024";"0800";"22,1";"22,2";"21,9";"98,0";"98,0";"98,0";"21,9";"21,9";"21,5";"991,9";"991,9";"991,5";"0,8";"215,0";"1,7";"";"0,0"
"12/01/2024";"0900";"21,7";"22,1";"21,7";"99,0";"99,0";"98,0";"21,6";"21,9";"21,5";"991,8";"991,9";"991,7";"1,3";"192,0";"2,6";"";"0,0"
"12/01/2024";"1000";"21,7";"21,8";"21,6";"100,0";"100,0";"99,0";"21,7";"21,7";"21,5";"992,2";"992,2";"991,8";"0,0";"237,0";"2,6";"2,10";"0,0"
"12/01/2024";"1100";"23,4";"23,4";"21,6";"99,0";"100,0";"99,0";"23,2";"23,2";"21,5";"993,2";"993,2";"992,3";"0,1";"205,0";"1,1";"240,70";"0,0"
"12/01/2024";"1200";"25,4";"26,1";"23,4";"84,0";"99,0";"82,0";"22,4";"23,5";"22,3";"994,0";"994,1";"993,2";"0,2";"232,0";"2,0";"844,90";"0,0"
"12/01/2024";"1300";"27,5";"28,1";"25,4";"71,0";"85,0";"69,0";"21,8";"23,6";"21,6";"994,4";"994,4";"994,0";"1,3";"256,0";"2,3";"1528,00";"0,0"
"12/01/2024";"1400";"29,2";"29,9";"27,5";"65,0";"72,0";"63,0";"22,0";"23,5";"21,5";"994,4";"994,6";"994,4";"1,4";"261,0";"3,3";"2546,90";"0,0"
"12/01/2024";"1500";"30,4";"30,8";"28,7";"62,0";"71,0";"60,0";"22,3";"24,2";"21,4";"993,9";"994,4";"993,9";"1,3";"302,0";"3,7";"2784,90";"0,0"
"12/01/2024";"1600";"31,1";"31,3";"29,3";"61,0";"68,0";"61,0";"22,7";"23,7";"21,7";"993,3";"993,9";"993,3";"1,4";"247,0";"2,8";"2073,30";"0,0"
"12/01/2024";"1700";"31,9";"32,1";"30,1";"58,0";"65,0";"58,0";"22,7";"23,6";"22,0";"992,2";"993,3";"992,2";"1,3";"223,0";"3,1";"2502,70";"0,0"
"12/01/2024";"1800";"32,7";"33,0";"31,1";"55,0";"63,0";"54,0";"22,6";"24,0";"21,4";"990,6";"992,2";"990,6";"0,8";"250,0";"3,3";"2998,60";"0,0"
"12/01/2024";"1900";"31,6";"33,0";"30,7";"64,0";"65,0";"55,0";"24,0";"24,0";"21,7";"989,0";"990,6";"989,0";"1,8";"207,0";"4,5";"2108,40";"0,0"
"12/01/2024";"2000";"31,2";"32,0";"31,1";"61,0";"65,0";"59,0";"22,8";"24,3";"22,5";"988,8";"989,0";"988,5";"2,7";"215,0";"4,5";"1861,20";"0,0"
"12/01/2024";"2100";"28,3";"32,0";"28,2";"66,0";"67,0";"58,0";"21,2";"23,5";"20,7";"989,0";"989,0";"988,7";"2,1";"286,0";"5,1";"1276,00";"0,0"
"12/01/2024";"2200";"27,8";"28,3";"27,5";"70,0";"75,0";"64,0";"21,8";"22,8";"20,7";"989,6";"989,7";"988,9";"0,4";"292,0";"5,1";"270,20";"0,0"
"12/01/2024";"2300";"26,2";"27,8";"26,1";"83,0";"83,0";"70,0";"23,1";"23,1";"21,7";"990,8";"991,0";"989,6";"2,6";"253,0";"5,6";"15,70";"0,0"
"13/01/2024";"0000";"24,3";"26,2";"24,3";"86,0";"89,0";"81,0";"21,7";"23,1";"21,7";"992,2";"992,2";"990,8";"1,6";"311,0";"7,3";"";"0,0"
"13/01/2024";"0100";"21,9";"24,3";"21,7";"99,0";"99,0";"86,0";"21,7";"22,6";"21,5";"994,2";"994,2";"992,2";"2,7";"313,0";"7,3";"0,70";"14,4"
"13/01/2024";"0200";"";"";"";"";"";"";"";"";"";"";"";"";"";"";"";"";""
"13/01/2024";"0300";"21,6";"21,9";"21,5";"100,0";"100,0";"100,0";"21,6";"21,8";"21,5";"995,1";"995,1";"994,7";"1,4";"299,0";"3,0";"";"3,2"
"13/01/2024";"0400";"21,7";"21,8";"21,6";"100,0";"100,0";"100,0";"21,7";"21,7";"21,6";"994,1";"995,2";"994,1";"1,1";"325,0";"2,4";"";"4,0"
"13/01/2024";"0500";"21,8";"21,9";"21,7";"100,0";"100,0";"100,0";"21,8";"21,9";"21,7";"993,1";"994,1";"993,1";"0,5";"322,0";"2,7";"";"1,6"
"13/01/2024";"0600";"21,8";"21,9";"21,8";"100,0";"100,0";"100,0";"21,8";"21,9";"21,8";"992,3";"993,1";"992,3";"0,6";"226,0";"2,9";"";"0,2"
"13/01/2024";"0700";"21,9";"21,9";"21,8";"100,0";"100,0";"100,0";"21,9";"21,9";"21,8";"991,6";"992,3";"991,6";"1,8";"261,0";"2,9";"";"0,0"
"13/01/2024";"0800";"21,9";"21,9";"21,8";"100,0";"100,0";"100,0";"21,9";"21,9";"21,8";"991,4";"991,6";"991,3";"0,8";"279,0";"2,9";"";"0,0"
"13/01/2024";"0900";"22,0";"22,1";"21,9";"100,0";"100,0";"100,0";"22,0";"22,1";"21,9";"991,7";"991,8";"991,4";"0,2";"309,0";"2,9";"";"0,0"
"13/01/2024";"1000";"22,0";"22,1";"22,0";"100,0";"100,0";"100,0";"22,0";"22,1";"22,0";"992,6";"992,6";"991,7";"0,9";"320,0";"1,7";"1,60";"0,0"
"13/01/2024";"1100";"22,4";"22,4";"21,9";"100,0";"100,0";"100,0";"22,4";"22,4";"21,9";"993,3";"993,3";"992,6";"0,0";"314,0";"1,7";"98,20";"0,0"
"13/01/2024";"1200";"23,5";"23,5";"22,3";"100,0";"100,0";"100,0";"23,5";"23,5";"22,3";"993,8";"993,8";"993,3";"0,4";"326,0";"2,1";"451,60";"0,0"
"13/01/2024";"1300";"25,6";"26,0";"23,4";"87,0";"100,0";"87,0";"23,2";"25,4";"23,2";"994,6";"994,6";"993,8";"0,7";"302,0";"3,5";"1283,70";"0,0"
"13/01/2024";"1400";"25,6";"26,0";"25,2";"86,0";"88,0";"84,0";"23,0";"23,6";"22,6";"995,0";"995,0";"994,6";"1,3";"311,0";"3,8";"949,20";"0,0"
"13/01/2024";"1500";"28,6";"28,8";"25,6";"73,0";"87,0";"72,0";"23,3";"24,6";"22,7";"994,9";"995,1";"994,9";"0,8";"300,0";"3,7";"1812,00";"0,0"
"13/01/2024";"1600";"28,5";"29,8";"27,9";"71,0";"77,0";"68,0";"22,8";"24,6";"22,0";"994,3";"994,9";"994,3";"1,3";"310,0";"4,4";"2142,20";"0,2"
"13/01/2024";"1700";"29,7";"30,3";"28,1";"68,0";"76,0";"66,0";"23,2";"24,6";"22,5";"992,3";"994,3";"992,3";"1,8";"296,0";"4,6";"2638,00";"0,0"
"13/01/2024";"1800";"30,6";"30,8";"29,2";"69,0";"72,0";"64,0";"24,3";"24,3";"22,7";"990,7";"992,3";"990,7";"2,1";"285,0";"5,9";"2790,10";"0,0"
"13/01/2024";"1900";"31,4";"32,2";"30,2";"62,0";"70,0";"60,0";"23,2";"24,3";"22,6";"989,4";"990,7";"989,4";"1,0";"311,0";"5,9";"2949,00";"0,0"
"13/01/2024";"2000";"29,1";"31,4";"29,1";"71,0";"71,0";"61,0";"23,3";"23,8";"22,6";"989,5";"989,5";"989,2";"2,1";"261,0";"4,3";"1144,50";"0,0"
"13/01/2024";"2100";"29,5";"29,9";"28,6";"69,0";"74,0";"69,0";"23,2";"24,1";"23,1";"990,0";"990,0";"989,5";"2,3";"286,0";"4,4";"1066,60";"0,0"
"13/01/2024";"2200";"23,9";"29,5";"23,8";"90,0";"90,0";"69,0";"22,2";"23,7";"22,0";"991,5";"991,5";"990,0";"2,5";"263,0";"8,1";"297,60";"0,0"
"13/01/2024";"2300";"23,6";"23,9";"23,5";"94,0";"94,0";"90,0";"22,5";"22,5";"22,0";"991,7";"991,7";"991,2";"1,1";"278,0";"6,5";"23,50";"0,0"
"14/01/2024";"0000";"";"";"";"";"";"";"";"";"";"";"";"";"";"";"";"";""
"14/01/2024";"0100";"";"";"";"";"";"";"";"";"";"";"";"";"";"";"";"";""
"14/01/2024";"0200";"23,2";"23,4";"23,2";"97,0";"97,0";"97,0";"22,7";"22,8";"22,7";"993,5";"993,7";"993,3";"0,6";"261,0";"2,0";"";"0,0"
"14/01/2024";"0300";"23,1";"23,2";"23,0";"99,0";"99,0";"97,0";"22,9";"22,9";"22,6";"994,2";"994,2";"993,4";"1,0";"291,0";"1,6";"";"0,0"
"14/01/2024";"0400";"22,9";"23,1";"22,8";"99,0";"99,0";"99,0";"22,7";"22,9";"22,7";"994,6";"994,6";"994,2";"0,5";"309,0";"1,6";"";"0,0"
"14/01/2024";"0500";"22,9";"22,9";"22,8";"99,0";"99,0";"99,0";"22,8";"22,8";"22,7";"994,2";"994,7";"994,2";"0,0";"321,0";"1,2";"";"0,0"
"14/01/2024";"0600";"22,8";"23,0";"22,8";"99,0";"99,0";"99,0";"22,6";"22,8";"22,5";"993,6";"994,2";"993,6";"0,0";"323,0";"0,2";"";"0,0"
"14/01/2024";"0700";"23,1";"23,1";"22,7";"99,0";"99,0";"98,0";"22,9";"22,9";"22,5";"993,9";"993,9";"993,6";"0,9";"324,0";"2,7";"";"0,2"
"14/01/2024";"0800";"21,9";"23,1";"21,8";"99,0";"99,0";"99,0";"21,7";"22,9";"21,7";"994,2";"994,3";"993,9";"2,2";"315,0";"6,1";"0,60";"20,4"
"14/01/2024";"0900";"21,8";"21,9";"21,8";"100,0";"100,0";"99,0";"21,8";"21,8";"21,7";"994,5";"994,5";"994,1";"1,5";"278,0";"5,7";"0,60";"27,2"
"14/01/2024";"1000";"21,7";"21,8";"21,7";"100,0";"100,0";"100,0";"21,7";"21,8";"21,7";"994,7";"994,9";"994,5";"0,5";"309,0";"2,5";"0,20";"7,2"
"14/01/2024";"1100";"21,8";"21,8";"21,6";"100,0";"100,0";"100,0";"21,8";"21,8";"21,6";"995,9";"995,9";"994,7";"1,1";"229,0";"1,8";"11,50";"4,6"
"14/01/2024";"1200";"22,0";"22,0";"21,8";"100,0";"100,0";"100,0";"22,0";"22,0";"21,8";"996,9";"996,9";"995,9";"1,3";"230,0";"2,9";"72,70";"3,0"
"14/01/2024";"1300";"22,4";"22,4";"22,0";"100,0";"100,0";"100,0";"22,4";"22,4";"22,0";"997,3";"997,3";"996,9";"0,2";"239,0";"2,3";"234,10";"0,8"
"14/01/2024";"1400";"22,9";"22,9";"22,3";"100,0";"100,0";"100,0";"22,9";"22,9";"22,3";"997,3";"997,4";"997,3";"0,0";"270,0";"1,0";"418,60";"0,8"
"14/01/2024";"1500";"23,4";"23,5";"22,9";"99,0";"100,0";"99,0";"23,3";"23,4";"22,9";"997,2";"997,4";"997,2";"0,2";"315,0";"1,5";"475,40";"0,4"
"14/01/2024";"1600";"24,0";"24,0";"23,2";"95,0";"99,0";"95,0";"23,1";"23,5";"23,0";"996,3";"997,2";"996,3";"0,1";"300,0";"2,0";"692,90";"0,4"
"14/01/2024";"1700";"24,4";"24,5";"23,9";"93,0";"95,0";"91,0";"23,2";"23,4";"22,6";"995,3";"996,3";"995,3";"1,1";"269,0";"2,1";"854,50";"0,4"
"14/01/2024";"1800";"25,0";"25,3";"24,3";"89,0";"94,0";"89,0";"23,0";"23,8";"22,7";"994,2";"995,3";"994,2";"0,6";"230,0";"2,1";"916,20";"0,0"
"14/01/2024";"1900";"25,3";"25,6";"25,0";"86,0";"90,0";"85,0";"22,9";"23,3";"22,6";"992,6";"994,2";"992,6";"0,6";"287,0";"1,9";"846,70";"0,0"
"14/01/2024";"2000";"27,4";"27,5";"25,3";"79,0";"87,0";"77,0";"23,4";"24,2";"22,6";"991,8";"992,6";"991,8";"0,7";"312,0";"3,0";"1382,90";"0,0"
"14/01/2024";"2100";"27,6";"28,1";"27,1";"75,0";"81,0";"73,0";"22,9";"23,8";"22,3";"991,7";"991,8";"991,6";"0,8";"305,0";"4,1";"1385,10";"0,0"
"14/01/2024";"2200";"26,4";"27,7";"26,1";"84,0";"84,0";"74,0";"23,5";"23,5";"22,5";"992,2";"992,2";"991,6";"0,3";"308,0";"3,6";"414,10";"0,0"
"14/01/2024";"2300";"23,3";"26,4";"23,3";"95,0";"95,0";"82,0";"22,4";"23,3";"22,3";"992,6";"992,6";"992,2";"0,0";"205,0";"1,2";"27,90";"0,0"
"15/01/2024";"0000";"";"";"";"";"";"";"";"";"";"";"";"";"";"";"";"";""
"15/01/2024";"0100";"";"";"";"";"";"";"";"";"";"";"";"";"";"";"";"";""
"15/01/2024";"0200";"";"";"";"";"";"";"";"";"";"";"";"";"";"";"";"";""
"15/01/2024";"0300";"23,0";"23,3";"23,0";"97,0";"97,0";"93,0";"22,5";"22,5";"22,0";"995,5";"995,6";"995,1";"0,2";"286,0";"4,4";"";"0,0"
"15/01/2024";"0400";"22,8";"23,0";"22,8";"97,0";"97,0";"97,0";"22,4";"22,6";"22,4";"995,1";"995,6";"995,1";"0,0";"249,0";"1,7";"0,10";"0,0"
"15/01/2024";"0500";"22,4";"22,8";"22,4";"98,0";"98,0";"97,0";"22,1";"22,4";"22,1";"994,5";"995,1";"994,5";"0,0";"298,0";"0,0";"";"0,0"
"15/01/2024";"0600";"22,3";"22,5";"22,3";"98,0";"99,0";"98,0";"22,0";"22,3";"22,0";"993,8";"994,5";"993,8";"1,6";"254,0";"2,6";"0,10";"0,0"
"15/01/2024";"0700";"22,0";"22,3";"22,0";"98,0";"98,0";"98,0";"21,7";"22,0";"21,6";"993,5";"993,8";"993,5";"0,6";"239,0";"2,6";"";"0,0"
"15/01/2024";"0800";"21,9";"22,0";"21,9";"99,0";"99,0";"98,0";"21,7";"21,8";"21,6";"993,4";"993,5";"993,3";"0,8";"232,0";"1,6";"";"0,0"
"15/01/2024";"0900";"21,8";"22,0";"21,8";"99,0";"99,0";"99,0";"21,7";"21,8";"21,6";"993,8";"993,8";"993,3";"1,1";"267,0";"2,3";"";"0,0"
"15/01/2024";"1000";"21,4";"21,8";"21,3";"99,0";"99,0";"99,0";"21,3";"21,6";"21,1";"994,6";"994,6";"993,8";"0,5";"234,0";"2,0";"1,70";"0,0"
"15/01/2024";"1100";"22,3";"22,3";"21,4";"99,0";"100,0";"99,0";"22,2";"22,2";"21,3";"995,3";"995,3";"994,6";"0,2";"227,0";"1,5";"135,80";"0,0"
"15/01/2024";"1200";"24,8";"24,8";"22,3";"89,0";"99,0";"89,0";"22,9";"23,0";"22,2";"996,0";"996,0";"995,3";"0,7";"283,0";"1,7";"726,10";"0,0"
"15/01/2024";"1300";"26,2";"26,4";"24,8";"81,0";"89,0";"79,0";"22,8";"23,5";"22,1";"996,7";"996,7";"996,0";"1,5";"258,0";"2,5";"1538,40";"0,0"
"15/01/2024";"1400";"26,8";"27,1";"26,3";"78,0";"81,0";"76,0";"22,6";"23,2";"22,1";"996,9";"996,9";"996,7";"0,8";"293,0";"2,5";"1242,50";"0,0"
"15/01/2024";"1500";"28,0";"28,7";"26,6";"71,0";"80,0";"70,0";"22,2";"24,1";"22,2";"996,6";"997,2";"996,6";"1,6";"285,0";"3,7";"1674,00";"0,0"
"15/01/2024";"1600";"28,9";"29,4";"27,8";"71,0";"74,0";"64,0";"23,1";"23,4";"21,5";"995,8";"996,6";"995,8";"1,5";"269,0";"3,8";"2023,40";"0,0"
"15/01/2024";"1700";"30,1";"30,8";"28,8";"62,0";"71,0";"60,0";"22,1";"23,5";"21,8";"994,5";"995,8";"994,5";"1,6";"290,0";"4,9";"2903,80";"0,0"
"15/01/2024";"1800";"29,3";"31,2";"29,1";"71,0";"71,0";"62,0";"23,4";"24,0";"21,9";"992,8";"994,5";"992,8";"1,7";"244,0";"4,5";"1908,50";"0,0"
"15/01/2024";"1900";"31,8";"32,5";"29,4";"54,0";"71,0";"54,0";"21,4";"24,2";"21,4";"991,2";"992,8";"991,2";"1,6";"315,0";"4,9";"2517,50";"0,0"
"15/01/2024";"2000";"30,1";"32,0";"30,1";"63,0";"63,0";"54,0";"22,3";"23,2";"21,4";"990,5";"991,2";"990,5";"1,4";"297,0";"5,7";"1894,20";"0,0"
"15/01/2024";"2100";"30,3";"31,6";"29,7";"61,0";"66,0";"57,0";"22,0";"23,7";"21,7";"990,6";"990,6";"990,4";"1,8";"267,0";"4,5";"952,10";"0,0"
"15/01/2024";"2200";"27,4";"30,4";"27,4";"75,0";"75,0";"61,0";"22,6";"22,7";"21,5";"990,9";"990,9";"990,5";"1,1";"210,0";"6,7";"386,70";"0,0"
"15/01/2024";"2300";"24,0";"27,4";"24,0";"95,0";"95,0";"75,0";"23,2";"23,6";"22,6";"991,7";"991,7";"990,9";"0,5";"339,0";"5,5";"12,40";"0,8"
"16/01/2024";"0000";"";"";"";"";"";"";"";"";"";"";"";"";"";"";"";"";""
"16/01/2024";"0100";"";"";"";"";"";"";"";"";"";"";"";"";"";"";"";"";""
"16/01/2024";"0200";"23,3";"23,4";"23,1";"95,0";"97,0";"95,0";"22,4";"22,7";"22,4";"994,0";"994,0";"993,4";"1,0";"247,0";"2,4";"";"0,0"
"16/01/2024";"0300";"22,5";"23,3";"22,4";"98,0";"98,0";"95,0";"22,0";"22,4";"21,9";"994,1";"994,3";"994,0";"0,2";"283,0";"1,9";"";"0,0"
"16/01/2024";"0400";"22,4";"22,6";"22,2";"99,0";"99,0";"98,0";"22,2";"22,5";"22,0";"993,8";"994,2";"993,8";"0,0";"319,0";"0,9";"";"0,0"
"16/01/2024";"0500";"22,6";"22,6";"22,4";"99,0";"99,0";"99,0";"22,5";"22,5";"22,2";"993,1";"993,9";"993,0";"0,3";"298,0";"0,9";"";"0,0"
"16/01/2024";"0600";"22,4";"22,6";"22,4";"100,0";"100,0";"99,0";"22,4";"22,6";"22,3";"992,5";"993,1";"992,5";"0,2";"208,0";"1,1";"";"0,0"
"16/01/2024";"0700";"22,3";"22,4";"22,0";"100,0";"100,0";"100,0";"22,3";"22,4";"22,0";"992,7";"992,7";"992,5";"0,0";"279,0";"0,8";"";"0,0"
"16/01/2024";"0800";"22,3";"22,4";"22,1";"100,0";"100,0";"100,0";"22,3";"22,3";"22,1";"992,6";"992,7";"992,5";"0,3";"256,0";"0,9";"";"0,0"
"16/01/2024";"0900";"22,3";"22,3";"22,2";"100,0";"100,0";"100,0";"22,3";"22,3";"22,2";"992,5";"992,6";"992,5";"0,3";"198,0";"1,3";"";"0,0"
"16/01/2024";"1000";"22,3";"22,3";"22,2";"100,0";"100,0";"100,0";"22,3";"22,3";"22,2";"993,2";"993,2";"992,5";"0,8";"196,0";"1,6";"2,20";"0,0"
"16/01/2024";"1100";"23,6";"23,6";"22,3";"100,0";"100,0";"100,0";"23,6";"23,6";"22,3";"994,0";"994,0";"993,2";"1,2";"244,0";"2,0";"263,40";"0,0"
"16/01/2024";"1200";"27,4";"27,4";"23,6";"81,0";"100,0";"80,0";"23,9";"25,6";"23,3";"994,5";"994,5";"994,0";"1,1";"258,0";"2,4";"1240,20";"0,0"
"16/01/2024";"1300";"29,2";"29,2";"27,2";"73,0";"81,0";"72,0";"23,8";"24,1";"23,0";"994,7";"994,7";"994,5";"1,3";"284,0";"2,9";"1938,30";"0,0"
"16/01/2024";"1400";"30,4";"30,9";"29,1";"65,0";"74,0";"65,0";"23,1";"24,8";"22,7";"994,7";"994,8";"994,7";"1,9";"301,0";"4,7";"2478,40";"0,2"
"16/01/2024";"1500";"31,3";"31,8";"30,0";"63,0";"68,0";"61,0";"23,4";"24,3";"22,5";"994,1";"994,6";"994,1";"1,9";"291,0";"5,5";"2757,30";"0,0"
"16/01/2024";"1600";"31,9";"33,0";"30,2";"61,0";"68,0";"57,0";"23,5";"24,6";"21,9";"993,3";"994,1";"993,3";"1,3";"306,0";"5,7";"2790,20";"0,0"
"16/01/2024";"1700";"32,9";"32,9";"30,9";"58,0";"65,0";"56,0";"23,5";"24,2";"22,3";"992,0";"993,3";"992,0";"2,2";"299,0";"6,1";"2667,60";"0,0"
"16/01/2024";"1800";"31,8";"34,2";"30,2";"65,0";"68,0";"57,0";"24,3";"25,1";"22,2";"990,9";"992,1";"990,9";"2,0";"300,0";"5,6";"1868,00";"0,0"
"16/01/2024";"1900";"31,9";"32,9";"29,9";"64,0";"68,0";"55,0";"24,3";"24,8";"21,6";"989,4";"990,9";"989,4";"1,5";"220,0";"6,7";"2212,80";"0,0"
"16/01/2024";"2000";"32,3";"32,7";"29,2";"55,0";"71,0";"54,0";"22,0";"24,3";"21,6";"988,8";"989,4";"988,8";"1,5";"315,0";"7,0";"1553,50";"0,0"
"16/01/2024";"2100";"31,0";"32,5";"30,9";"62,0";"63,0";"54,0";"23,0";"23,0";"21,7";"988,8";"988,9";"988,4";"2,4";"323,0";"7,3";"1532,90";"0,0"
"16/01/2024";"2200";"28,5";"31,1";"28,5";"72,0";"72,0";"61,0";"23,0";"23,6";"22,0";"989,2";"989,2";"988,7";"0,7";"313,0";"5,8";"488,40";"0,0"
"16/01/2024";"2300";"25,2";"28,5";"25,2";"88,0";"88,0";"72,0";"23,1";"23,4";"22,7";"990,1";"990,2";"989,2";"0,4";"327,0";"2,7";"9,60";"0,0"
"17/01/2024";"0000";"25,6";"25,8";"24,9";"87,0";"89,0";"85,0";"23,3";"23,3";"22,8";"990,8";"990,9";"990,1";"1,5";"318,0";"2,8";"";"0,0"
"17/01/2024";"0100";"";"";"";"";"";"";"";"";"";"";"";"";"";"";"";"";""
"17/01/2024";"0200";"";"";"";"";"";"";"";"";"";"";"";"";"";"";"";"";""
"17/01/2024";"0300";"23,5";"24,0";"23,5";"97,0";"97,0";"95,0";"22,9";"23,5";"22,9";"993,0";"993,1";"992,8";"0,2";"295,0";"1,1";"";"0,0"
"17/01/2024";"0400";"23,5";"23,6";"23,3";"98,0";"98,0";"97,0";"23,2";"23,3";"22,9";"992,6";"993,0";"992,6";"0,0";"195,0";"1,2";"";"0,0"
"17/01/2024";"0500";"23,5";"23,6";"23,3";"99,0";"99,0";"98,0";"23,3";"23,4";"23,1";"992,4";"992,6";"992,4";"0,4";"274,0";"1,5";"";"0,0"
"17/01/2024";"0600";"22,9";"23,5";"22,9";"99,0";"99,0";"99,0";"22,8";"23,3";"22,8";"992,0";"992,4";"991,9";"0,2";"188,0";"1,0";"";"0,0"
"17/01/2024";"0700";"22,7";"23,1";"22,5";"100,0";"100,0";"99,0";"22,6";"23,0";"22,5";"991,4";"992,0";"991,4";"0,0";"242,0";"1,1";"";"0,0"
"17/01/2024";"0800";"22,6";"22,9";"22,3";"100,0";"100,0";"100,0";"22,6";"22,8";"22,3";"991,6";"991,6";"991,4";"0,0";"289,0";"0,7";"";"0,0"
"17/01/2024";"0900";"22,4";"22,7";"22,3";"100,0";"100,0";"100,0";"22,4";"22,7";"22,3";"992,2";"992,2";"991,6";"0,6";"190,0";"1,6";"";"0,0"
"17/01/2024";"1000";"22,5";"22,5";"22,3";"100,0";"100,0";"100,0";"22,5";"22,5";"22,3";"992,9";"992,9";"992,2";"0,3";"228,0";"1,6";"5,50";"0,0"
"17/01/2024";"1100";"24,1";"24,1";"22,4";"100,0";"100,0";"100,0";"24,1";"24,1";"22,4";"994,1";"994,1";"992,9";"0,2";"226,0";"2,1";"306,10";"0,0"
"17/01/2024";"1200";"27,2";"27,7";"24,1";"83,0";"100,0";"81,0";"24,0";"25,6";"23,8";"995,0";"995,0";"994,1";"1,3";"287,0";"3,4";"984,40";"0,0"
"17/01/2024";"1300";"29,1";"29,6";"26,9";"73,0";"84,0";"72,0";"23,9";"24,8";"23,7";"995,4";"995,4";"995,0";"1,8";"293,0";"5,2";"1889,90";"0,0"
"17/01/2024";"1400";"30,7";"30,7";"28,9";"67,0";"75,0";"67,0";"23,9";"24,9";"23,2";"995,4";"995,6";"995,3";"1,7";"313,0";"5,6";"2201,20";"0,0"
"17/01/2024";"1500";"29,7";"31,5";"29,7";"66,0";"70,0";"61,0";"22,5";"24,6";"22,4";"994,9";"995,4";"994,9";"2,3";"318,0";"8,0";"2381,40";"0,0"
"17/01/2024";"1600";"31,8";"33,6";"29,5";"63,0";"69,0";"53,0";"23,9";"24,5";"22,4";"993,8";"994,9";"993,8";"1,4";"305,0";"5,7";"3202,90";"0,0"
"17/01/2024";"1700";"32,7";"33,4";"30,7";"57,0";"65,0";"54,0";"23,0";"24,8";"22,3";"992,4";"993,8";"992,4";"2,6";"294,0";"5,6";"2824,60";"0,0"
"17/01/2024";"1800";"33,0";"34,2";"32,5";"55,0";"60,0";"51,0";"22,9";"24,4";"21,9";"990,9";"992,4";"990,9";"2,7";"300,0";"6,1";"3053,60";"0,0"
"17/01/2024";"1900";"34,0";"34,2";"32,6";"51,0";"59,0";"50,0";"22,6";"24,3";"21,8";"989,7";"990,9";"989,7";"1,3";"314,0";"6,1";"2440,50";"0,0"
"17/01/2024";"2000";"33,6";"34,2";"32,5";"51,0";"56,0";"48,0";"22,0";"23,9";"21,0";"989,1";"989,7";"989,1";"1,6";"307,0";"4,9";"2038,30";"0,0"
"17/01/2024";"2100";"32,6";"33,8";"31,3";"56,0";"66,0";"50,0";"22,7";"24,3";"21,8";"989,3";"989,3";"989,1";"0,9";"310,0";"4,9";"931,90";"0,0"
"17/01/2024";"2200";"29,9";"32,6";"29,9";"70,0";"71,0";"55,0";"24,0";"24,4";"22,1";"989,5";"989,5";"989,2";"0,4";"299,0";"4,1";"309,40";"0,0"
"17/01/2024";"2300";"27,8";"29,9";"27,8";"79,0";"80,0";"70,0";"23,7";"24,6";"23,6";"990,9";"990,9";"989,5";"1,3";"296,0";"2,7";"11,80";"0,0"
"18/01/2024";"0000";"26,7";"28,0";"26,6";"81,0";"82,0";"77,0";"23,1";"23,7";"22,9";"991,7";"991,7";"990,7";"1,1";"273,0";"2,7";"";"0,0"
"18/01/2024";"0100";"";"";"";"";"";"";"";"";"";"";"";"";"";"";"";"";""
"18/01/2024";"0200";"";"";"";"";"";"";"";"";"";"";"";"";"";"";"";"";""
"18/01/2024";"0300";"22,0";"22,0";"21,2";"99,0";"99,0";"98,0";"21,8";"21,8";"20,8";"994,2";"995,1";"994,2";"1,2";"241,0";"10,5";"0,20";"3,0"
"18/01/2024";"0400";"22,1";"22,1";"21,9";"99,0";"99,0";"99,0";"22,0";"22,0";"21,8";"994,3";"994,5";"994,2";"0,8";"225,0";"2,1";"";"1,4"
"18/01/2024";"0500";"22,0";"22,1";"22,0";"100,0";"100,0";"99,0";"22,0";"22,0";"21,9";"993,4";"994,3";"993,4";"0,8";"213,0";"1,7";"";"0,4"
"18/01/2024";"0600";"22,0";"22,0";"21,9";"100,0";"100,0";"100,0";"22,0";"22,0";"21,9";"992,8";"993,4";"992,8";"0,0";"275,0";"2,3";"";"0,0"
"18/01/2024";"0700";"21,9";"22,1";"21,9";"100,0";"100,0";"100,0";"21,9";"22,1";"21,9";"992,4";"992,9";"992,4";"0,3";"206,0";"1,5";"";"0,0"
"18/01/2024";"0800";"21,9";"22,0";"21,9";"100,0";"100,0";"100,0";"21,9";"22,0";"21,9";"992,5";"992,5";"992,3";"0,0";"187,0";"1,5";"";"0,0"
"18/01/2024";"0900";"21,8";"21,9";"21,7";"100,0";"100,0";"100,0";"21,8";"21,9";"21,7";"993,0";"993,2";"992,5";"0,6";"201,0";"1,7";"";"0,0"
"18/01/2024";"1000";"21,8";"21,9";"21,7";"100,0";"100,0";"100,0";"21,8";"21,9";"21,7";"993,5";"993,5";"993,0";"0,0";"239,0";"1,7";"2,60";"0,0"
"18/01/2024";"1100";"22,6";"22,6";"21,8";"100,0";"100,0";"100,0";"22,6";"22,6";"21,8";"994,3";"994,3";"993,4";"0,4";"246,0";"1,7";"156,50";"0,0"
"18/01/2024";"1200";"25,5";"25,6";"22,6";"88,0";"100,0";"88,0";"23,4";"24,5";"22,6";"995,3";"995,3";"994,3";"1,3";"252,0";"2,6";"1135,60";"0,0"
"18/01/2024";"1300";"27,4";"27,7";"25,4";"80,0";"88,0";"79,0";"23,6";"24,4";"23,0";"995,9";"995,9";"995,2";"1,1";"252,0";"3,3";"1903,60";"0,0"
"18/01/2024";"1400";"27,5";"27,7";"26,7";"81,0";"85,0";"80,0";"24,0";"24,6";"23,3";"996,1";"996,2";"995,9";"1,6";"227,0";"3,8";"1478,80";"0,0"
"18/01/2024";"1500";"29,2";"29,9";"27,5";"75,0";"83,0";"72,0";"24,4";"25,2";"23,8";"995,5";"996,1";"995,5";"1,6";"282,0";"3,8";"2417,40";"0,0"
"18/01/2024";"1600";"30,5";"30,5";"29,0";"71,0";"78,0";"70,0";"24,6";"25,4";"23,5";"994,4";"995,5";"994,4";"0,7";"265,0";"3,8";"2256,40";"0,0"
"18/01/2024";"1700";"32,0";"32,5";"29,8";"66,0";"74,0";"61,0";"24,9";"25,7";"23,1";"992,5";"994,4";"992,5";"1,1";"308,0";"3,3";"3144,20";"0,0"
"18/01/2024";"1800";"32,1";"32,8";"31,5";"58,0";"66,0";"56,0";"22,8";"24,6";"22,4";"991,1";"992,5";"991,1";"0,8";"310,0";"3,8";"3259,50";"0,0"
"18/01/2024";"1900";"29,9";"32,1";"29,9";"64,0";"65,0";"58,0";"22,5";"24,1";"21,9";"990,3";"991,2";"990,3";"2,1";"278,0";"4,4";"1248,30";"0,0"
"18/01/2024";"2000";"27,6";"32,7";"27,6";"72,0";"72,0";"54,0";"22,2";"23,6";"21,5";"990,3";"990,4";"990,0";"4,4";"301,0";"11,2";"1655,20";"0,0"
"18/01/2024";"2100";"24,9";"27,6";"24,9";"87,0";"88,0";"72,0";"22,5";"23,3";"22,3";"991,6";"991,6";"990,3";"0,9";"295,0";"11,2";"571,60";"0,0"
"18/01/2024";"2200";"24,3";"24,9";"24,2";"92,0";"92,0";"85,0";"22,9";"22,9";"22,2";"992,0";"992,1";"991,4";"1,1";"208,0";"3,1";"32,10";"0,0"
"18/01/2024";"2300";"23,5";"24,4";"23,4";"96,0";"96,0";"91,0";"22,8";"22,9";"22,7";"992,5";"992,5";"991,9";"1,7";"282,0";"3,4";"0,60";"0,0"
"19/01/2024";"0000";"";"";"";"";"";"";"";"";"";"";"";"";"";"";"";"";""
"19/01/2024";"0100";"22,8";"23,0";"22,7";"98,0";"98,0";"98,0";"22,5";"22,7";"22,4";"993,4";"993,4";"993,1";"0,9";"203,0";"2,4";"";"0,0"
"19/01/2024";"0200";"22,8";"22,8";"22,8";"99,0";"99,0";"98,0";"22,6";"22,6";"22,5";"993,5";"993,6";"993,4";"2,0";"227,0";"3,3";"";"0,2"
"19/01/2024";"0300";"22,9";"22,9";"22,8";"99,0";"99,0";"99,0";"22,8";"22,8";"22,6";"993,4";"993,5";"993,1";"1,0";"228,0";"3,0";"";"0,0"
"19/01/2024";"0400";"23,0";"23,0";"22,9";"99,0";"99,0";"99,0";"22,9";"22,9";"22,8";"993,2";"993,5";"993,1";"1,3";"250,0";"2,8";"";"0,0"
"19/01/2024";"0500";"22,9";"23,0";"22,9";"100,0";"100,0";"99,0";"22,8";"22,9";"22,8";"992,8";"993,3";"992,7";"0,7";"200,0";"2,7";"0,10";"0,0"
"19/01/2024";"0600";"22,8";"22,9";"22,8";"100,0";"100,0";"100,0";"22,8";"22,9";"22,8";"992,7";"992,9";"992,6";"0,0";"264,0";"1,8";"";"0,0"
"19/01/2024";"0700";"22,8";"22,8";"22,8";"100,0";"100,0";"100,0";"22,8";"22,8";"22,7";"992,4";"992,7";"992,4";"0,7";"203,0";"1,7";"";"0,2"
"19/01/2024";"0800";"22,7";"22,8";"22,7";"100,0";"100,0";"100,0";"22,7";"22,8";"22,7";"992,5";"992,6";"992,2";"0,1";"236,0";"2,1";"";"0,2"
"19/01/2024";"0900";"22,7";"22,8";"22,7";"100,0";"100,0";"100,0";"22,7";"22,8";"22,7";"993,0";"993,0";"992,5";"1,0";"200,0";"3,2";"";"0,0"
"19/01/2024";"1000";"22,7";"22,8";"22,7";"100,0";"100,0";"100,0";"22,7";"22,8";"22,7";"993,7";"993,7";"993,0";"0,1";"209,0";"2,6";"0,60";"0,0"
"19/01/2024";"1100";"23,1";"23,1";"22,7";"100,0";"100,0";"100,0";"23,1";"23,1";"22,7";"994,8";"994,8";"993,7";"0,3";"218,0";"1,5";"93,90";"0,0"
"19/01/2024";"1200";"23,7";"23,7";"23,1";"100,0";"100,0";"100,0";"23,6";"23,6";"23,1";"995,8";"995,8";"994,8";"1,1";"214,0";"2,3";"312,10";"0,0"
"19/01/2024";"1300";"24,9";"25,0";"23,7";"93,0";"99,0";"93,0";"23,6";"24,1";"23,5";"996,2";"996,3";"995,8";"1,4";"215,0";"2,9";"610,80";"0,0"
"19/01/2024";"1400";"27,0";"27,1";"24,8";"82,0";"93,0";"82,0";"23,7";"24,5";"23,3";"995,8";"996,3";"995,8";"2,3";"231,0";"4,7";"1688,10";"0,0"
"19/01/2024";"1500";"29,3";"29,3";"27,0";"75,0";"84,0";"75,0";"24,4";"25,0";"23,5";"995,3";"995,8";"995,3";"2,0";"243,0";"4,2";"2323,70";"0,0"
"19/01/2024";"1600";"29,8";"30,0";"28,3";"72,0";"79,0";"72,0";"24,2";"25,0";"23,8";"994,5";"995,3";"994,5";"1,3";"225,0";"4,0";"1899,40";"0,0"
"19/01/2024";"1700";"29,8";"31,5";"29,5";"70,0";"75,0";"67,0";"23,8";"25,2";"23,6";"993,2";"994,5";"993,2";"1,1";"282,0";"3,8";"2336,90";"0,2"
"19/01/2024";"1800";"25,3";"30,3";"25,3";"78,0";"78,0";"65,0";"21,1";"24,7";"20,8";"991,8";"993,2";"991,8";"2,9";"203,0";"6,0";"991,60";"0,0"
"19/01/2024";"1900";"25,0";"25,3";"24,7";"81,0";"82,0";"78,0";"21,6";"21,7";"21,0";"990,2";"991,8";"990,2";"1,7";"203,0";"6,0";"503,40";"0,0"
"19/01/2024";"2000";"27,9";"28,0";"25,0";"77,0";"82,0";"76,0";"23,4";"23,7";"21,6";"989,7";"990,2";"989,7";"1,3";"209,0";"3,1";"1092,90";"0,0"
"19/01/2024";"2100";"23,8";"29,0";"23,8";"86,0";"86,0";"73,0";"21,3";"24,2";"21,2";"990,4";"990,6";"989,7";"3,2";"318,0";"6,7";"676,90";"0,0"
"19/01/2024";"2200";"23,7";"24,1";"23,6";"86,0";"87,0";"84,0";"21,2";"21,5";"21,1";"990,4";"990,5";"990,4";"0,7";"264,0";"5,7";"268,50";"0,0"
"19/01/2024";"2300";"22,8";"23,8";"22,8";"92,0";"92,0";"86,0";"21,5";"21,5";"21,2";"991,0";"991,0";"990,4";"0,0";"235,0";"2,7";"22,60";"0,0"
"20/01/2024";"0000";"22,9";"22,9";"22,7";"96,0";"96,0";"92,0";"22,2";"22,2";"21,5";"992,3";"992,4";"991,0";"0,5";"266,0";"1,4";"";"0,0"
"20/01/2024";"0100";"22,9";"23,2";"22,9";"96,0";"96,0";"95,0";"22,2";"22,5";"22,1";"993,5";"993,5";"992,3";"0,0";"319,0";"2,5";"";"0,0"
"20/01/2024";"0200";"23,1";"23,1";"22,9";"97,0";"97,0";"96,0";"22,6";"22,6";"22,2";"994,0";"994,0";"993,5";"1,1";"302,0";"2,3";"";"0,0"
"20/01/2024";"0300";"23,0";"23,1";"23,0";"97,0";"97,0";"96,0";"22,5";"22,6";"22,4";"994,1";"994,3";"994,0";"0,8";"284,0";"1,8";"";"0,0"
"20/01/2024";"0400";"22,6";"23,0";"22,6";"98,0";"98,0";"96,0";"22,3";"22,4";"22,2";"993,8";"994,2";"993,8";"0,0";"273,0";"1,6";"";"0,0"
"20/01/2024";"0500";"22,6";"22,7";"22,6";"99,0";"99,0";"98,0";"22,4";"22,4";"22,3";"992,9";"993,8";"992,9";"0,0";"322,0";"1,0";"";"0,0"
"20/01/2024";"0600";"22,4";"22,6";"22,3";"99,0";"99,0";"98,0";"22,2";"22,4";"22,0";"992,3";"992,9";"992,2";"0,0";"186,0";"1,4";"";"0,0"
"20/01/2024";"0700";"22,3";"22,5";"22,3";"99,0";"99,0";"99,0";"22,2";"22,3";"22,1";"991,8";"992,4";"991,8";"0,0";"294,0";"1,2";"";"0,0"
"20/01/2024";"0800";"22,2";"22,4";"22,2";"100,0";"100,0";"99,0";"22,2";"22,3";"22,1";"991,7";"991,9";"991,7";"0,1";"213,0";"1,1";"";"0,0"
"20/01/2024";"0900";"22,0";"22,2";"21,9";"100,0";"100,0";"100,0";"21,9";"22,2";"21,9";"991,9";"991,9";"991,7";"1,2";"189,0";"1,9";"";"0,0"
"20/01/2024";"1000";"21,6";"22,0";"21,5";"100,0";"100,0";"100,0";"21,6";"21,9";"21,5";"992,7";"992,7";"991,9";"0,0";"252,0";"1,9";"1,60";"0,0"
"20/01/2024";"1100";"23,0";"23,0";"21,6";"100,0";"100,0";"100,0";"23,0";"23,0";"21,6";"993,9";"993,9";"992,7";"0,0";"238,0";"1,0";"152,80";"0,0"
"20/01/2024";"1200";"25,8";"26,0";"23,0";"85,0";"100,0";"85,0";"23,0";"24,4";"23,0";"994,6";"994,6";"993,9";"0,3";"205,0";"1,3";"753,70";"0,0"
"20/01/2024";"1300";"27,7";"27,9";"25,6";"81,0";"86,0";"79,0";"24,1";"24,4";"22,7";"995,0";"995,0";"994,6";"0,7";"226,0";"1,7";"1439,00";"0,0"
"20/01/2024";"1400";"29,1";"29,9";"27,4";"74,0";"81,0";"70,0";"23,9";"25,0";"23,3";"994,9";"995,1";"994,9";"1,0";"290,0";"3,2";"1612,20";"0,0"
"20/01/2024";"1500";"31,1";"31,5";"29,0";"63,0";"75,0";"61,0";"23,2";"25,1";"23,0";"994,0";"995,0";"994,0";"1,1";"314,0";"4,3";"2928,30";"0,0"
"20/01/2024";"1600";"31,7";"32,5";"30,8";"61,0";"66,0";"56,0";"23,2";"24,6";"21,8";"992,8";"994,0";"992,8";"1,9";"261,0";"5,2";"3179,00";"0,0"
"20/01/2024";"1700";"25,9";"33,2";"25,9";"78,0";"78,0";"57,0";"21,8";"25,0";"21,2";"992,1";"992,8";"991,8";"3,8";"290,0";"8,9";"2000,50";"1,4"
"20/01/2024";"1800";"24,3";"25,9";"23,2";"89,0";"93,0";"78,0";"22,4";"22,5";"20,3";"991,1";"992,3";"991,0";"2,2";"261,0";"8,9";"514,00";"6,8"
"20/01/2024";"1900";"25,1";"25,3";"24,3";"87,0";"91,0";"87,0";"22,8";"23,3";"22,5";"990,7";"991,2";"990,5";"1,5";"221,0";"4,1";"682,90";"0,0"
"20/01/2024";"2000";"25,5";"25,6";"24,7";"87,0";"89,0";"84,0";"23,1";"23,3";"22,5";"990,0";"990,7";"990,0";"2,1";"249,0";"3,6";"722,60";"0,0"
"20/01/2024";"2100";"25,5";"25,6";"25,2";"87,0";"89,0";"86,0";"23,3";"23,6";"23,0";"990,8";"990,8";"990,0";"1,7";"305,0";"4,2";"685,60";"0,0"
"20/01/2024";"2200";"25,0";"25,5";"24,9";"90,0";"91,0";"87,0";"23,3";"23,5";"23,1";"991,1";"991,1";"990,6";"0,2";"231,0";"3,2";"283,10";"0,0"
"20/01/2024";"2300";"24,1";"25,0";"24,1";"94,0";"94,0";"90,0";"23,0";"23,2";"22,8";"991,7";"991,8";"991,1";"1,0";"311,0";"2,7";"13,90";"0,0"
"21/01/2024";"0000";"";"";"";"";"";"";"";"";"";"";"";"";"";"";"";"";""
"21/01/2024";"0100";"23,5";"23,8";"23,5";"94,0";"95,0";"93,0";"22,5";"22,9";"22,4";"993,4";"993,4";"992,6";"1,2";"236,0";"2,6";"";"0,0"
"21/01/2024";"0200";"";"";"";"";"";"";"";"";"";"";"";"";"";"";"";"";""
"21/01/2024";"0300";"22,7";"23,1";"22,7";"97,0";"97,0";"96,0";"22,3";"22,5";"22,2";"993,7";"993,8";"993,2";"0,0";"318,0";"1,3";"";"0,0"
"21/01/2024";"0400";"22,6";"22,7";"22,4";"99,0";"99,0";"97,0";"22,4";"22,4";"22,1";"993,3";"993,7";"993,3";"0,1";"267,0";"1,2";"";"0,0"
"21/01/2024";"0500";"22,7";"22,8";"22,4";"100,0";"100,0";"99,0";"22,6";"22,7";"22,3";"992,6";"993,3";"992,6";"0,3";"294,0";"2,5";"";"0,0"
"21/01/2024";"0600";"22,6";"22,7";"22,6";"100,0";"100,0";"100,0";"22,6";"22,6";"22,6";"992,3";"992,6";"992,2";"0,5";"203,0";"1,5";"";"0,0"
"21/01/2024";"0700";"22,5";"22,6";"22,5";"100,0";"100,0";"100,0";"22,5";"22,6";"22,5";"992,4";"992,4";"992,2";"0,7";"193,0";"2,0";"";"0,0"
"21/01/2024";"0800";"22,3";"22,5";"22,3";"100,0";"100,0";"100,0";"22,3";"22,5";"22,3";"992,6";"992,6";"992,4";"0,0";"246,0";"2,0";"";"0,0"
"21/01/2024";"0900";"22,3";"22,4";"22,1";"100,0";"100,0";"100,0";"22,3";"22,4";"22,1";"992,9";"992,9";"992,5";"0,3";"214,0";"1,1";"";"0,0"
"21/01/2024";"1000";"22,4";"22,4";"22,3";"100,0";"100,0";"100,0";"22,4";"22,4";"22,3";"993,8";"993,8";"992,9";"0,5";"206,0";"1,8";"0,40";"0,0"
"21/01/2024";"1100";"23,0";"23,0";"22,4";"100,0";"100,0";"100,0";"23,0";"23,0";"22,4";"994,8";"994,8";"993,8";"0,7";"258,0";"2,0";"84,50";"0,0"
"21/01/2024";"1200";"24,1";"24,2";"23,0";"100,0";"100,0";"100,0";"24,1";"24,1";"23,0";"995,3";"995,3";"994,8";"0,2";"288,0";"2,4";"404,50";"0,0"
"21/01/2024";"1300";"25,8";"25,9";"24,1";"87,0";"100,0";"87,0";"23,5";"24,3";"23,5";"996,1";"996,1";"995,3";"0,4";"257,0";"2,9";"1014,70";"0,0"
"21/01/2024";"1400";"27,4";"27,6";"25,8";"83,0";"88,0";"80,0";"24,3";"24,5";"23,4";"996,0";"996,3";"996,0";"0,6";"236,0";"2,2";"1485,20";"0,0"
"21/01/2024";"1500";"24,6";"30,0";"24,6";"82,0";"85,0";"74,0";"21,3";"25,8";"21,3";"995,5";"996,0";"995,3";"4,5";"261,0";"9,7";"1759,00";"0,0"
"21/01/2024";"1600";"21,9";"24,6";"21,5";"96,0";"97,0";"82,0";"21,3";"21,6";"20,9";"995,2";"995,6";"995,0";"2,1";"290,0";"9,7";"208,20";"3,2"
"21/01/2024";"1700";"22,7";"22,7";"21,9";"95,0";"97,0";"95,0";"21,9";"22,0";"21,3";"993,8";"995,3";"993,8";"0,6";"286,0";"4,7";"368,50";"0,2"
"21/01/2024";"1800";"23,4";"23,5";"22,6";"94,0";"96,0";"93,0";"22,3";"22,5";"21,8";"993,3";"993,8";"993,3";"1,1";"240,0";"2,4";"628,60";"0,2"
"21/01/2024";"1900";"23,8";"23,8";"23,3";"94,0";"94,0";"92,0";"22,8";"22,8";"22,0";"992,5";"993,3";"992,5";"1,1";"232,0";"3,1";"714,60";"0,0"
"21/01/2024";"2000";"25,5";"25,5";"23,8";"88,0";"94,0";"87,0";"23,4";"23,4";"22,6";"991,4";"992,5";"991,4";"0,9";"231,0";"2,2";"1080,70";"0,0"
"21/01/2024";"2100";"24,8";"25,8";"24,8";"92,0";"92,0";"85,0";"23,4";"23,7";"22,7";"991,5";"991,6";"991,4";"1,3";"315,0";"2,5";"645,40";"0,0"
"21/01/2024";"2200";"23,7";"24,8";"23,7";"96,0";"96,0";"92,0";"23,0";"23,5";"23,0";"991,8";"991,8";"991,5";"1,6";"252,0";"2,8";"255,20";"0,0"
"21/01/2024";"2300";"23,0";"23,7";"23,0";"98,0";"98,0";"96,0";"22,7";"23,0";"22,7";"992,6";"992,6";"991,6";"0,2";"255,0";"3,4";"14,40";"0,0"
"22/01/2024";"0000";"22,9";"23,0";"22,8";"99,0";"99,0";"98,0";"22,7";"22,7";"22,6";"993,4";"993,4";"992,6";"1,0";"188,0";"1,8";"";"0,0"
"22/01/2024";"0100";"22,8";"22,9";"22,8";"99,0";"99,0";"99,0";"22,7";"22,8";"22,7";"994,2";"994,2";"993,4";"0,1";"198,0";"1,6";"";"0,0"
"22/01/2024";"0200";"22,6";"22,8";"22,6";"100,0";"100,0";"99,0";"22,6";"22,7";"22,5";"995,0";"995,1";"994,1";"0,1";"224,0";"1,5";"";"0,0"
"22/01/2024";"0300";"22,3";"22,6";"22,3";"100,0";"100,0";"100,0";"22,3";"22,6";"22,3";"994,5";"995,0";"994,5";"0,4";"202,0";"2,0";"";"0,0"
"22/01/2024";"0400";"22,1";"22,3";"22,0";"100,0";"100,0";"100,0";"22,1";"22,3";"22,0";"994,2";"994,5";"994,2";"0,0";"248,0";"1,7";"";"0,0"
"22/01/2024";"0500";"22,0";"22,1";"21,8";"100,0";"100,0";"100,0";"22,0";"22,1";"21,8";"993,8";"994,2";"993,6";"0,0";"314,0";"0,9";"";"0,0"
"22/01/2024";"0600";"22,0";"22,1";"21,9";"100,0";"100,0";"100,0";"22,0";"22,1";"21,9";"993,6";"993,8";"993,5";"0,2";"235,0";"1,0";"";"0,0"
"22/01/2024";"0700";"21,6";"22,0";"21,6";"100,0";"100,0";"100,0";"21,6";"22,0";"21,6";"993,7";"993,8";"993,6";"0,0";"225,0";"1,0";"";"0,0"
"22/01/2024";"0800";"21,7";"21,7";"21,6";"100,0";"100,0";"100,0";"21,7";"21,7";"21,6";"993,8";"993,8";"993,5";"0,0";"298,0";"1,9";"";"0,0"
"22/01/2024";"0900";"21,7";"21,8";"21,7";"100,0";"100,0";"100,0";"21,7";"21,8";"21,7";"993,8";"993,8";"993,6";"0,1";"208,0";"1,1";"";"0,0"
"22/01/2024";"1000";"21,8";"21,8";"21,6";"100,0";"100,0";"100,0";"21,8";"21,8";"21,6";"994,4";"994,4";"993,8";"0,0";"246,0";"1,6";"1,10";"0,0"
"22/01/2024";"1100";"22,3";"22,3";"21,7";"100,0";"100,0";"100,0";"22,3";"22,3";"21,7";"995,3";"995,3";"994,4";"0,0";"304,0";"0,0";"102,40";"0,0"
"22/01/2024";"1200";"23,3";"23,4";"22,3";"100,0";"100,0";"100,0";"23,3";"23,4";"22,3";"995,8";"995,8";"995,3";"0,0";"304,0";"0,0";"390,40";"0,0"
"22/01/2024";"1300";"25,9";"25,9";"23,3";"91,0";"100,0";"91,0";"24,3";"25,4";"23,4";"996,1";"996,1";"995,8";"0,5";"208,0";"1,4";"992,10";"0,0"
"22/01/2024";"1400";"28,6";"28,8";"25,8";"78,0";"91,0";"77,0";"24,4";"25,1";"23,5";"996,1";"996,3";"996,1";"0,9";"218,0";"2,5";"1935,10";"0,0"
"22/01/2024";"1500";"30,0";"30,4";"28,2";"71,0";"79,0";"69,0";"24,1";"24,9";"23,4";"995,5";"996,1";"995,5";"1,7";"257,0";"3,5";"3205,70";"0,2"
"22/01/2024";"1600";"31,1";"31,8";"29,5";"65,0";"73,0";"65,0";"23,8";"25,0";"23,5";"994,2";"995,5";"994,2";"1,9";"259,0";"3,5";"2614,00";"0,0"
"22/01/2024";"1700";"29,6";"31,4";"28,9";"72,0";"75,0";"64,0";"24,0";"24,7";"23,0";"993,2";"994,2";"993,2";"0,7";"256,0";"4,8";"1444,80";"0,0"
"22/01/2024";"1800";"27,6";"31,0";"27,6";"80,0";"80,0";"65,0";"23,9";"24,8";"23,3";"992,4";"993,2";"991,9";"1,6";"317,0";"4,3";"1214,80";"2,0"
"22/01/2024";"1900";"22,7";"27,6";"22,5";"98,0";"98,0";"80,0";"22,3";"23,6";"22,0";"992,3";"993,4";"992,1";"0,7";"277,0";"6,3";"87,50";"22,6"
"22/01/2024";"2000";"22,8";"22,8";"22,7";"99,0";"99,0";"98,0";"22,7";"22,7";"22,4";"991,7";"992,4";"991,6";"1,3";"218,0";"3,7";"80,70";"0,2"
"22/01/2024";"2100";"23,0";"23,0";"22,8";"99,0";"99,0";"99,0";"22,9";"22,9";"22,7";"991,2";"991,7";"991,2";"1,7";"258,0";"3,9";"184,60";"0,8"
"22/01/2024";"2200";"23,3";"23,4";"23,0";"99,0";"99,0";"99,0";"23,1";"23,3";"22,9";"991,6";"991,6";"991,2";"0,9";"244,0";"2,7";"206,20";"0,0"
"22/01/2024";"2300";"22,9";"23,3";"22,9";"99,0";"99,0";"99,0";"22,8";"23,1";"22,8";"992,7";"992,7";"991,6";"0,3";"242,0";"1,7";"17,70";"0,0"
"23/01/2024";"0000";"22,9";"23,0";"22,9";"100,0";"100,0";"99,0";"22,9";"23,0";"22,8";"993,4";"993,5";"992,7";"0,4";"231,0";"1,5";"0,20";"0,0"
"23/01/2024";"0100";"22,9";"23,0";"22,9";"100,0";"100,0";"100,0";"22,9";"23,0";"22,9";"994,0";"994,0";"993,4";"0,3";"240,0";"2,3";"";"0,0"
"23/01/2024";"0200";"22,8";"22,9";"22,8";"100,0";"100,0";"100,0";"22,8";"22,9";"22,8";"994,9";"994,9";"994,0";"0,0";"252,0";"1,6";"";"0,0"
"23/01/2024";"0300";"23,0";"23,1";"22,8";"100,0";"100,0";"100,0";"23,0";"23,1";"22,8";"995,2";"995,2";"994,8";"0,0";"280,0";"0,9";"";"0,0"
"23/01/2024";"0400";"22,8";"23,0";"22,8";"100,0";"100,0";"100,0";"22,8";"23,0";"22,8";"994,7";"995,3";"994,7";"0,3";"195,0";"1,5";"";"0,0"
"23/01/2024";"0500";"22,8";"22,9";"22,8";"100,0";"100,0";"100,0";"22,8";"22,9";"22,8";"";"";"";"0,4";"261,0";"1,0";"";"0,0"
"23/01/2024";"0600";"22,7";"22,8";"22,7";"100,0";"100,0";"100,0";"22,7";"22,8";"22,7";"";"";"";"0,0";"253,0";"1,3";"";"0,0"
"23/01/2024";"0700";"22,6";"22,7";"22,5";"100,0";"100,0";"100,0";"22,6";"22,7";"22,5";"";"";"";"0,0";"321,0";"0,5";"";"0,0"
"23/01/2024";"0800";"22,6";"22,6";"22,5";"100,0";"100,0";"100,0";"22,6";"22,6";"22,5";"";"";"";"0,0";"310,0";"1,0";"";"0,0"
"23/01/2024";"0900";"22,6";"22,7";"22,5";"100,0";"100,0";"100,0";"22,6";"22,7";"22,5";"";"";"";"0,0";"337,0";"1,4";"";"0,0"
"23/01/2024";"1000";"22,6";"22,7";"22,6";"100,0";"100,0";"100,0";"22,6";"22,7";"22,6";"";"";"";"0,0";"288,0";"1,1";"1,20";"0,0"
"23/01/2024";"1100";"23,1";"23,1";"22,6";"100,0";"100,0";"100,0";"23,1";"23,1";"22,7";"";"";"";"0,3";"305,0";"1,3";"85,90";"0,0"
"23/01/2024";"1200";"26,2";"26,2";"23,1";"100,0";"100,0";"100,0";"26,2";"26,2";"23,1";"";"";"";"0,1";"244,0";"1,5";"765,10";"0,2"
"23/01/2024";"1300";"27,2";"27,5";"26,1";"84,0";"100,0";"83,0";"24,3";"26,5";"23,8";"";"";"";"1,1";"284,0";"2,3";"1640,80";"0,0"
"23/01/2024";"1400";"28,5";"28,5";"27,0";"78,0";"86,0";"78,0";"24,2";"24,8";"23,6";"";"";"";"0,5";"295,0";"2,3";"1536,80";"0,0"
"23/01/2024";"1500";"29,6";"29,7";"28,4";"77,0";"80,0";"72,0";"25,1";"25,3";"23,7";"";"";"";"1,9";"290,0";"3,6";"1980,60";"0,0"
"23/01/2024";"1600";"28,7";"30,5";"28,7";"78,0";"78,0";"72,0";"24,5";"25,8";"24,1";"";"";"";"0,6";"316,0";"3,9";"1655,10";"0,0"
"23/01/2024";"1700";"31,3";"31,8";"28,7";"69,0";"78,0";"68,0";"25,1";"26,1";"24,1";"";"";"";"2,2";"281,0";"5,1";"2725,80";"0,0"
"23/01/2024";"1800";"29,6";"31,5";"28,7";"77,0";"80,0";"68,0";"25,2";"25,9";"24,2";"";"";"";"0,6";"322,0";"4,3";"1586,10";"0,0"
"23/01/2024";"1900";"25,2";"29,6";"25,1";"94,0";"94,0";"75,0";"24,1";"25,1";"23,4";"";"";"";"0,5";"314,0";"6,7";"400,90";"0,6"
"23/01/2024";"2000";"25,2";"25,3";"24,7";"97,0";"97,0";"92,0";"24,6";"24,6";"23,6";"";"";"";"1,4";"287,0";"3,1";"397,20";"0,0"
"23/01/2024";"2100";"25,8";"26,1";"25,1";"92,0";"97,0";"89,0";"24,5";"24,7";"23,9";"";"";"";"0,8";"284,0";"2,7";"435,80";"0,0"
"23/01/2024";"2200";"25,3";"25,9";"25,3";"94,0";"94,0";"92,0";"24,2";"24,6";"24,1";"";"";"";"0,3";"255,0";"1,7";"139,00";"0,0"
"23/01/2024";"2300";"24,7";"25,3";"24,7";"97,0";"97,0";"94,0";"24,2";"24,3";"24,0";"";"";"";"0,3";"315,0";"4,0";"15,10";"0,0"
"24/01/2024";"0000";"24,4";"24,8";"24,4";"98,0";"98,0";"97,0";"24,0";"24,5";"24,0";"";"";"";"1,0";"317,0";"4,1";"0,10";"0,0"
"24/01/2024";"0100";"24,3";"24,5";"24,3";"98,0";"98,0";"98,0";"24,0";"24,1";"24,0";"";"";"";"1,1";"309,0";"2,7";"";"0,0"
"24/01/2024";"0200";"23,5";"24,3";"23,5";"98,0";"98,0";"96,0";"23,1";"24,0";"23,1";"";"";"";"1,1";"318,0";"3,2";"";"2,2"
"24/01/2024";"0300";"23,4";"23,5";"23,3";"99,0";"99,0";"98,0";"23,3";"23,3";"23,0";"";"";"";"0,0";"329,0";"2,7";"";"2,6"
"24/01/2024";"0400";"23,4";"23,6";"23,4";"100,0";"100,0";"99,0";"23,3";"23,5";"23,3";"";"";"";"0,8";"324,0";"2,7";"0,30";"7,4"
"24/01/2024";"0500";"23,3";"23,4";"23,3";"100,0";"100,0";"100,0";"23,2";"23,4";"23,2";"";"";"";"0,0";"310,0";"2,7";"0,30";"0,8"
"24/01/2024";"0600";"23,2";"23,3";"23,2";"100,0";"100,0";"100,0";"23,2";"23,3";"23,1";"";"";"";"0,0";"226,0";"2,1";"";"0,4"
"24/01/2024";"0700";"23,2";"23,3";"23,2";"100,0";"100,0";"100,0";"23,2";"23,3";"23,2";"";"";"";"1,3";"317,0";"2,4";"";"0,0"
"24/01/2024";"0800";"23,3";"23,3";"23,2";"100,0";"100,0";"100,0";"23,3";"23,3";"23,2";"";"";"";"0,6";"274,0";"2,4";"0,10";"0,0"
"24/01/2024";"0900";"23,3";"23,4";"23,3";"100,0";"100,0";"100,0";"23,3";"23,4";"23,3";"";"";"";"0,4";"326,0";"2,0";"";"0,0"
"24/01/2024";"1000";"23,3";"23,3";"23,3";"100,0";"100,0";"100,0";"23,3";"23,3";"23,3";"";"";"";"1,4";"312,0";"2,5";"0,50";"0,0"
"24/01/2024";"1100";"23,5";"23,6";"23,3";"100,0";"100,0";"100,0";"23,5";"23,6";"23,3";"";"";"";"0,4";"288,0";"2,5";"122,10";"0,0"
"24/01/2024";"1200";"24,8";"24,8";"23,5";"99,0";"100,0";"99,0";"24,6";"24,6";"23,5";"";"";"";"1,0";"310,0";"2,4";"639,60";"0,0"
"24/01/2024";"1300";"26,3";"26,5";"24,6";"85,0";"99,0";"85,0";"23,6";"24,7";"23,6";"";"";"";"1,3";"289,0";"2,7";"1079,80";"0,0"
"24/01/2024";"1400";"26,8";"28,4";"26,2";"83,0";"89,0";"80,0";"23,7";"25,2";"23,6";"";"";"";"2,1";"314,0";"4,9";"1656,90";"0,2"
"24/01/2024";"1500";"27,8";"27,8";"26,4";"83,0";"86,0";"80,0";"24,5";"24,6";"23,5";"";"";"";"1,7";"318,0";"5,3";"1119,70";"0,0"
"24/01/2024";"1600";"30,5";"30,5";"27,8";"71,0";"83,0";"68,0";"24,6";"25,0";"23,3";"";"";"";"1,9";"313,0";"5,9";"2418,20";"0,0"
"24/01/2024";"1700";"29,0";"30,5";"26,8";"75,0";"87,0";"68,0";"24,0";"24,8";"23,4";"";"";"";"2,1";"267,0";"4,8";"2013,40";"0,0"
"24/01/2024";"1800";"27,7";"29,1";"27,7";"82,0";"82,0";"72,0";"24,3";"24,7";"23,1";"";"";"";"2,5";"204,0";"4,7";"1628,70";"0,0"
"24/01/2024";"1900";"25,8";"27,8";"25,8";"83,0";"86,0";"79,0";"22,6";"24,9";"22,2";"";"";"";"2,5";"286,0";"7,1";"929,10";"0,0"
"24/01/2024";"2000";"27,1";"27,1";"25,5";"80,0";"86,0";"79,0";"23,3";"23,8";"22,5";"";"";"";"0,5";"316,0";"5,3";"1116,30";"0,0"
"24/01/2024";"2100";"26,2";"27,1";"26,2";"82,0";"83,0";"77,0";"22,9";"23,3";"22,2";"";"";"";"1,3";"233,0";"3,7";"746,40";"0,0"
"24/01/2024";"2200";"25,1";"26,3";"25,1";"90,0";"90,0";"82,0";"23,3";"23,4";"22,9";"";"";"";"0,2";"214,0";"2,5";"306,40";"0,0"
"24/01/2024";"2300";"";"";"";"";"";"";"";"";"";"";"";"";"";"";"";"";""
"25/01/2024";"0000";"";"";"";"";"";"";"";"";"";"";"";"";"";"";"";"";""
"25/01/2024";"0100";"";"";"";"";"";"";"";"";"";"";"";"";"";"";"";"";""
"25/01/2024";"0200";"24,0";"24,2";"24,0";"97,0";"97,0";"96,0";"23,6";"23,6";"23,5";"";"";"";"0,6";"199,0";"2,2";"";"0,0"
"25/01/2024";"0300";"24,1";"24,1";"24,0";"98,0";"98,0";"97,0";"23,7";"23,7";"23,6";"";"";"";"0,2";"200,0";"1,8";"";"0,0"
"25/01/2024";"0400";"24,0";"24,2";"24,0";"99,0";"99,0";"98,0";"23,8";"23,9";"23,7";"";"";"";"0,2";"195,0";"1,4";"";"0,0"
"25/01/2024";"0500";"24,0";"24,1";"24,0";"99,0";"99,0";"99,0";"23,8";"23,9";"23,8";"";"";"";"1,5";"190,0";"2,5";"";"0,0"
"25/01/2024";"0600";"23,9";"24,0";"23,9";"99,0";"99,0";"99,0";"23,7";"23,9";"23,7";"";"";"";"1,4";"193,0";"2,8";"";"0,0"
"25/01/2024";"0700";"23,5";"23,9";"23,5";"99,0";"99,0";"99,0";"23,3";"23,7";"23,3";"";"";"";"0,1";"194,0";"2,6";"";"0,0"
"25/01/2024";"0800";"23,1";"23,5";"23,1";"98,0";"99,0";"98,0";"22,8";"23,3";"22,8";"";"";"";"0,3";"211,0";"2,2";"";"0,0"
"25/01/2024";"0900";"23,0";"23,1";"23,0";"99,0";"99,0";"98,0";"22,8";"22,8";"22,7";"";"";"";"0,1";"253,0";"1,5";"";"0,0"
"25/01/2024";"1000";"23,1";"23,1";"23,0";"99,0";"99,0";"99,0";"22,9";"22,9";"22,8";"";"";"";"0,2";"304,0";"1,6";"0,30";"0,2"
"25/01/2024";"1100";"23,6";"23,6";"23,0";"99,0";"99,0";"99,0";"23,5";"23,5";"22,9";"";"";"";"0,8";"283,0";"1,6";"148,10";"0,2"
"25/01/2024";"1200";"24,4";"24,4";"23,6";"96,0";"99,0";"96,0";"23,7";"23,8";"23,4";"";"";"";"1,4";"279,0";"3,0";"361,40";"0,0"
"25/01/2024";"1300";"24,9";"25,0";"24,4";"91,0";"96,0";"91,0";"23,3";"23,9";"23,2";"";"";"";"1,7";"285,0";"3,2";"530,60";"0,0"
"25/01/2024";"1400";"25,8";"25,9";"24,9";"87,0";"92,0";"87,0";"23,5";"23,9";"23,4";"";"";"";"0,8";"307,0";"3,1";"642,30";"0,0"
"25/01/2024";"1500";"26,5";"26,6";"25,5";"85,0";"89,0";"83,0";"23,8";"24,0";"23,2";"";"";"";"0,9";"250,0";"2,4";"773,00";"0,0"
"25/01/2024";"1600";"27,6";"27,8";"26,4";"82,0";"85,0";"78,0";"24,2";"24,2";"23,2";"";"";"";"0,8";"305,0";"2,5";"1403,70";"0,0"
"25/01/2024";"1700";"28,0";"28,8";"27,4";"77,0";"83,0";"75,0";"23,6";"24,9";"23,3";"";"";"";"1,0";"258,0";"2,6";"1256,00";"0,0"
"25/01/2024";"1800";"";"";"";"";"";"";"";"";"";"";"";"";"";"";"";"";""
"25/01/2024";"1900";"";"";"";"";"";"";"";"";"";"";"";"";"";"";"";"";""
"25/01/2024";"2000";"";"";"";"";"";"";"";"";"";"";"";"";"";"";"";"";""
"25/01/2024";"2100";"";"";"";"";"";"";"";"";"";"";"";"";"";"";"";"";""
"25/01/2024";"2200";"";"";"";"";"";"";"";"";"";"";"";"";"";"";"";"";""
"25/01/2024";"2300";"";"";"";"";"";"";"";"";"";"";"";"";"";"";"";"";""
"26/01/2024";"0000";"";"";"";"";"";"";"";"";"";"";"";"";"";"";"";"";""
"26/01/2024";"0100";"";"";"";"";"";"";"";"";"";"";"";"";"";"";"";"";""
"26/01/2024";"0200";"";"";"";"";"";"";"";"";"";"";"";"";"";"";"";"";""
"26/01/2024";"0300";"";"";"";"";"";"";"";"";"";"";"";"";"";"";"";"";""
"26/01/2024";"0400";"";"";"";"";"";"";"";"";"";"";"";"";"";"";"";"";""
"26/01/2024";"0500";"";"";"";"";"";"";"";"";"";"";"";"";"";"";"";"";""
"26/01/2024";"0600";"";"";"";"";"";"";"";"";"";"";"";"";"";"";"";"";""
"26/01/2024";"0700";"";"";"";"";"";"";"";"";"";"";"";"";"";"";"";"";""
"26/01/2024";"0800";"";"";"";"";"";"";"";"";"";"";"";"";"";"";"";"";""
"26/01/2024";"0900";"";"";"";"";"";"";"";"";"";"";"";"";"";"";"";"";""
"26/01/2024";"1000";"";"";"";"";"";"";"";"";"";"";"";"";"";"";"";"";""
"26/01/2024";"1100";"";"";"";"";"";"";"";"";"";"";"";"";"";"";"";"";""
"26/01/2024";"1200";"";"";"";"";"";"";"";"";"";"";"";"";"";"";"";"";""
"26/01/2024";"1300";"";"";"";"";"";"";"";"";"";"";"";"";"";"";"";"";""
"26/01/2024";"1400";"";"";"";"";"";"";"";"";"";"";"";"";"";"";"";"";""
"26/01/2024";"1500";"";"";"";"";"";"";"";"";"";"";"";"";"";"";"";"";""
"26/01/2024";"1600";"";"";"";"";"";"";"";"";"";"";"";"";"";"";"";"";""
"26/01/2024";"1700";"";"";"";"";"";"";"";"";"";"";"";"";"";"";"";"";""
"26/01/2024";"1800";"";"";"";"";"";"";"";"";"";"";"";"";"";"";"";"";""
"26/01/2024";"1900";"";"";"";"";"";"";"";"";"";"";"";"";"";"";"";"";""
"26/01/2024";"2000";"";"";"";"";"";"";"";"";"";"";"";"";"";"";"";"";""
"26/01/2024";"2100";"";"";"";"";"";"";"";"";"";"";"";"";"";"";"";"";""
"26/01/2024";"2200";"";"";"";"";"";"";"";"";"";"";"";"";"";"";"";"";""
"26/01/2024";"2300";"";"";"";"";"";"";"";"";"";"";"";"";"";"";"";"";""
"27/01/2024";"0000";"";"";"";"";"";"";"";"";"";"";"";"";"";"";"";"";""
"27/01/2024";"0100";"";"";"";"";"";"";"";"";"";"";"";"";"";"";"";"";""
"27/01/2024";"0200";"";"";"";"";"";"";"";"";"";"";"";"";"";"";"";"";""
"27/01/2024";"0300";"";"";"";"";"";"";"";"";"";"";"";"";"";"";"";"";""
"27/01/2024";"0400";"";"";"";"";"";"";"";"";"";"";"";"";"";"";"";"";""
"27/01/2024";"0500";"";"";"";"";"";"";"";"";"";"";"";"";"";"";"";"";""
"27/01/2024";"0600";"";"";"";"";"";"";"";"";"";"";"";"";"";"";"";"";""
"27/01/2024";"0700";"";"";"";"";"";"";"";"";"";"";"";"";"";"";"";"";""
"27/01/2024";"0800";"";"";"";"";"";"";"";"";"";"";"";"";"";"";"";"";""
"27/01/2024";"0900";"";"";"";"";"";"";"";"";"";"";"";"";"";"";"";"";""
"27/01/2024";"1000";"";"";"";"";"";"";"";"";"";"";"";"";"";"";"";"";""
"27/01/2024";"1100";"";"";"";"";"";"";"";"";"";"";"";"";"";"";"";"";""
"27/01/2024";"1200";"";"";"";"";"";"";"";"";"";"";"";"";"";"";"";"";""
"27/01/2024";"1300";"";"";"";"";"";"";"";"";"";"";"";"";"";"";"";"";""
"27/01/2024";"1400";"";"";"";"";"";"";"";"";"";"";"";"";"";"";"";"";""
"27/01/2024";"1500";"";"";"";"";"";"";"";"";"";"";"";"";"";"";"";"";""
"27/01/2024";"1600";"";"";"";"";"";"";"";"";"";"";"";"";"";"";"";"";""
"27/01/2024";"1700";"";"";"";"";"";"";"";"";"";"";"";"";"";"";"";"";""
"27/01/2024";"1800";"";"";"";"";"";"";"";"";"";"";"";"";"";"";"";"";""
"27/01/2024";"1900";"";"";"";"";"";"";"";"";"";"";"";"";"";"";"";"";""
"27/01/2024";"2000";"";"";"";"";"";"";"";"";"";"";"";"";"";"";"";"";""
"27/01/2024";"2100";"";"";"";"";"";"";"";"";"";"";"";"";"";"";"";"";""
"27/01/2024";"2200";"";"";"";"";"";"";"";"";"";"";"";"";"";"";"";"";""
"27/01/2024";"2300";"";"";"";"";"";"";"";"";"";"";"";"";"";"";"";"";""
"28/01/2024";"0000";"";"";"";"";"";"";"";"";"";"";"";"";"";"";"";"";""
"28/01/2024";"0100";"";"";"";"";"";"";"";"";"";"";"";"";"";"";"";"";""
"28/01/2024";"0200";"";"";"";"";"";"";"";"";"";"";"";"";"";"";"";"";""
"28/01/2024";"0300";"";"";"";"";"";"";"";"";"";"";"";"";"";"";"";"";""
"28/01/2024";"0400";"";"";"";"";"";"";"";"";"";"";"";"";"";"";"";"";""
"28/01/2024";"0500";"";"";"";"";"";"";"";"";"";"";"";"";"";"";"";"";""
"28/01/2024";"0600";"";"";"";"";"";"";"";"";"";"";"";"";"";"";"";"";""
"28/01/2024";"0700";"";"";"";"";"";"";"";"";"";"";"";"";"";"";"";"";""
"28/01/2024";"0800";"";"";"";"";"";"";"";"";"";"";"";"";"";"";"";"";""
"28/01/2024";"0900";"";"";"";"";"";"";"";"";"";"";"";"";"";"";"";"";""
"28/01/2024";"1000";"";"";"";"";"";"";"";"";"";"";"";"";"";"";"";"";""
"28/01/2024";"1100";"";"";"";"";"";"";"";"";"";"";"";"";"";"";"";"";""
"28/01/2024";"1200";"";"";"";"";"";"";"";"";"";"";"";"";"";"";"";"";""
"28/01/2024";"1300";"";"";"";"";"";"";"";"";"";"";"";"";"";"";"";"";""
"28/01/2024";"1400";"";"";"";"";"";"";"";"";"";"";"";"";"";"";"";"";""
"28/01/2024";"1500";"";"";"";"";"";"";"";"";"";"";"";"";"";"";"";"";""
"28/01/2024";"1600";"";"";"";"";"";"";"";"";"";"";"";"";"";"";"";"";""
"28/01/2024";"1700";"";"";"";"";"";"";"";"";"";"";"";"";"";"";"";"";""
"28/01/2024";"1800";"";"";"";"";"";"";"";"";"";"";"";"";"";"";"";"";""
"28/01/2024";"1900";"";"";"";"";"";"";"";"";"";"";"";"";"";"";"";"";""
"28/01/2024";"2000";"";"";"";"";"";"";"";"";"";"";"";"";"";"";"";"";""
"28/01/2024";"2100";"";"";"";"";"";"";"";"";"";"";"";"";"";"";"";"";""
"28/01/2024";"2200";"";"";"";"";"";"";"";"";"";"";"";"";"";"";"";"";""
"28/01/2024";"2300";"";"";"";"";"";"";"";"";"";"";"";"";"";"";"";"";""
"29/01/2024";"0000";"";"";"";"";"";"";"";"";"";"";"";"";"";"";"";"";""
"29/01/2024";"0100";"";"";"";"";"";"";"";"";"";"";"";"";"";"";"";"";""
"29/01/2024";"0200";"";"";"";"";"";"";"";"";"";"";"";"";"";"";"";"";""
"29/01/2024";"0300";"";"";"";"";"";"";"";"";"";"";"";"";"";"";"";"";""
"29/01/2024";"0400";"";"";"";"";"";"";"";"";"";"";"";"";"";"";"";"";""
"29/01/2024";"0500";"";"";"";"";"";"";"";"";"";"";"";"";"";"";"";"";""
"29/01/2024";"0600";"";"";"";"";"";"";"";"";"";"";"";"";"";"";"";"";""
"29/01/2024";"0700";"";"";"";"";"";"";"";"";"";"";"";"";"";"";"";"";""
"29/01/2024";"0800";"";"";"";"";"";"";"";"";"";"";"";"";"";"";"";"";""
"29/01/2024";"0900";"";"";"";"";"";"";"";"";"";"";"";"";"";"";"";"";""
"29/01/2024";"1000";"";"";"";"";"";"";"";"";"";"";"";"";"";"";"";"";""
"29/01/2024";"1100";"";"";"";"";"";"";"";"";"";"";"";"";"";"";"";"";""
"29/01/2024";"1200";"";"";"";"";"";"";"";"";"";"";"";"";"";"";"";"";""
"29/01/2024";"1300";"";"";"";"";"";"";"";"";"";"";"";"";"";"";"";"";""
"29/01/2024";"1400";"";"";"";"";"";"";"";"";"";"";"";"";"";"";"";"";""
"29/01/2024";"1500";"";"";"";"";"";"";"";"";"";"";"";"";"";"";"";"";""
"29/01/2024";"1600";"";"";"";"";"";"";"";"";"";"";"";"";"";"";"";"";""
"29/01/2024";"1700";"";"";"";"";"";"";"";"";"";"";"";"";"";"";"";"";""
"29/01/2024";"1800";"";"";"";"";"";"";"";"";"";"";"";"";"";"";"";"";""
"29/01/2024";"1900";"";"";"";"";"";"";"";"";"";"";"";"";"";"";"";"";""
"29/01/2024";"2000";"";"";"";"";"";"";"";"";"";"";"";"";"";"";"";"";""
"29/01/2024";"2100";"";"";"";"";"";"";"";"";"";"";"";"";"";"";"";"";""
"29/01/2024";"2200";"";"";"";"";"";"";"";"";"";"";"";"";"";"";"";"";""
"29/01/2024";"2300";"";"";"";"";"";"";"";"";"";"";"";"";"";"";"";"";""
"30/01/2024";"0000";"";"";"";"";"";"";"";"";"";"";"";"";"";"";"";"";""
"30/01/2024";"0100";"";"";"";"";"";"";"";"";"";"";"";"";"";"";"";"";""
"30/01/2024";"0200";"";"";"";"";"";"";"";"";"";"";"";"";"";"";"";"";""
"30/01/2024";"0300";"";"";"";"";"";"";"";"";"";"";"";"";"";"";"";"";""
"30/01/2024";"0400";"";"";"";"";"";"";"";"";"";"";"";"";"";"";"";"";""
"30/01/2024";"0500";"";"";"";"";"";"";"";"";"";"";"";"";"";"";"";"";""
"30/01/2024";"0600";"";"";"";"";"";"";"";"";"";"";"";"";"";"";"";"";""
"30/01/2024";"0700";"";"";"";"";"";"";"";"";"";"";"";"";"";"";"";"";""
"30/01/2024";"0800";"";"";"";"";"";"";"";"";"";"";"";"";"";"";"";"";""
"30/01/2024";"0900";"";"";"";"";"";"";"";"";"";"";"";"";"";"";"";"";""
"30/01/2024";"1000";"";"";"";"";"";"";"";"";"";"";"";"";"";"";"";"";""
"30/01/2024";"1100";"";"";"";"";"";"";"";"";"";"";"";"";"";"";"";"";""
"30/01/2024";"1200";"";"";"";"";"";"";"";"";"";"";"";"";"";"";"";"";""
"30/01/2024";"1300";"";"";"";"";"";"";"";"";"";"";"";"";"";"";"";"";""
"30/01/2024";"1400";"";"";"";"";"";"";"";"";"";"";"";"";"";"";"";"";""
"30/01/2024";"1500";"";"";"";"";"";"";"";"";"";"";"";"";"";"";"";"";""
"30/01/2024";"1600";"";"";"";"";"";"";"";"";"";"";"";"";"";"";"";"";""
"30/01/2024";"1700";"";"";"";"";"";"";"";"";"";"";"";"";"";"";"";"";""
"30/01/2024";"1800";"";"";"";"";"";"";"";"";"";"";"";"";"";"";"";"";""
"30/01/2024";"1900";"";"";"";"";"";"";"";"";"";"";"";"";"";"";"";"";""
"30/01/2024";"2000";"";"";"";"";"";"";"";"";"";"";"";"";"";"";"";"";""
"30/01/2024";"2100";"";"";"";"";"";"";"";"";"";"";"";"";"";"";"";"";""
"30/01/2024";"2200";"";"";"";"";"";"";"";"";"";"";"";"";"";"";"";"";""
"30/01/2024";"2300";"";"";"";"";"";"";"";"";"";"";"";"";"";"";"";"";""
"31/01/2024";"0000";"";"";"";"";"";"";"";"";"";"";"";"";"";"";"";"";""
"31/01/2024";"0100";"";"";"";"";"";"";"";"";"";"";"";"";"";"";"";"";""
"31/01/2024";"0200";"";"";"";"";"";"";"";"";"";"";"";"";"";"";"";"";""
"31/01/2024";"0300";"";"";"";"";"";"";"";"";"";"";"";"";"";"";"";"";""
"31/01/2024";"0400";"";"";"";"";"";"";"";"";"";"";"";"";"";"";"";"";""
"31/01/2024";"0500";"";"";"";"";"";"";"";"";"";"";"";"";"";"";"";"";""
"31/01/2024";"0600";"";"";"";"";"";"";"";"";"";"";"";"";"";"";"";"";""
"31/01/2024";"0700";"";"";"";"";"";"";"";"";"";"";"";"";"";"";"";"";""
"31/01/2024";"0800";"";"";"";"";"";"";"";"";"";"";"";"";"";"";"";"";""
"31/01/2024";"0900";"";"";"";"";"";"";"";"";"";"";"";"";"";"";"";"";""
"31/01/2024";"1000";"";"";"";"";"";"";"";"";"";"";"";"";"";"";"";"";""
"31/01/2024";"1100";"";"";"";"";"";"";"";"";"";"";"";"";"";"";"";"";""
"31/01/2024";"1200";"";"";"";"";"";"";"";"";"";"";"";"";"";"";"";"";""
"31/01/2024";"1300";"";"";"";"";"";"";"";"";"";"";"";"";"";"";"";"";""
"31/01/2024";"1400";"";"";"";"";"";"";"";"";"";"";"";"";"";"";"";"";""
"31/01/2024";"1500";"";"";"";"";"";"";"";"";"";"";"";"";"";"";"";"";""
"31/01/2024";"1600";"";"";"";"";"";"";"";"";"";"";"";"";"";"";"";"";""
"31/01/2024";"1700";"";"";"";"";"";"";"";"";"";"";"";"";"";"";"";"";""
"31/01/2024";"1800";"";"";"";"";"";"";"";"";"";"";"";"";"";"";"";"";""
"31/01/2024";"1900";"";"";"";"";"";"";"";"";"";"";"";"";"";"";"";"";""
"31/01/2024";"2000";"";"";"";"";"";"";"";"";"";"";"";"";"";"";"";"";""
"31/01/2024";"2100";"";"";"";"";"";"";"";"";"";"";"";"";"";"";"";"";""
"31/01/2024";"2200";"";"";"";"";"";"";"";"";"";"";"";"";"";"";"";"";""
"31/01/2024";"2300";"";"";"";"";"";"";"";"";"";"";"";"";"";"";"";"";""
"01/02/2024";"0000";"";"";"";"";"";"";"";"";"";"";"";"";"";"";"";"";""
"01/02/2024";"0100";"";"";"";"";"";"";"";"";"";"";"";"";"";"";"";"";""
"01/02/2024";"0200";"";"";"";"";"";"";"";"";"";"";"";"";"";"";"";"";""
"01/02/2024";"0300";"";"";"";"";"";"";"";"";"";"";"";"";"";"";"";"";""
"01/02/2024";"0400";"";"";"";"";"";"";"";"";"";"";"";"";"";"";"";"";""
"01/02/2024";"0500";"";"";"";"";"";"";"";"";"";"";"";"";"";"";"";"";""
"01/02/2024";"0600";"";"";"";"";"";"";"";"";"";"";"";"";"";"";"";"";""
"01/02/2024";"0700";"";"";"";"";"";"";"";"";"";"";"";"";"";"";"";"";""
"01/02/2024";"0800";"";"";"";"";"";"";"";"";"";"";"";"";"";"";"";"";""
"01/02/2024";"0900";"";"";"";"";"";"";"";"";"";"";"";"";"";"";"";"";""
"01/02/2024";"1000";"";"";"";"";"";"";"";"";"";"";"";"";"";"";"";"";""
"01/02/2024";"1100";"";"";"";"";"";"";"";"";"";"";"";"";"";"";"";"";""
"01/02/2024";"1200";"";"";"";"";"";"";"";"";"";"";"";"";"";"";"";"";""
"01/02/2024";"1300";"";"";"";"";"";"";"";"";"";"";"";"";"";"";"";"";""
"01/02/2024";"1400";"";"";"";"";"";"";"";"";"";"";"";"";"";"";"";"";""
"01/02/2024";"1500";"";"";"";"";"";"";"";"";"";"";"";"";"";"";"";"";""
"01/02/2024";"1600";"";"";"";"";"";"";"";"";"";"";"";"";"";"";"";"";""
"01/02/2024";"1700";"";"";"";"";"";"";"";"";"";"";"";"";"";"";"";"";""
"01/02/2024";"1800";"";"";"";"";"";"";"";"";"";"";"";"";"";"";"";"";""
"01/02/2024";"1900";"";"";"";"";"";"";"";"";"";"";"";"";"";"";"";"";""
"01/02/2024";"2000";"";"";"";"";"";"";"";"";"";"";"";"";"";"";"";"";""
"01/02/2024";"2100";"";"";"";"";"";"";"";"";"";"";"";"";"";"";"";"";""
"01/02/2024";"2200";"";"";"";"";"";"";"";"";"";"";"";"";"";"";"";"";""
"01/02/2024";"2300";"";"";"";"";"";"";"";"";"";"";"";"";"";"";"";"";""
"02/02/2024";"0000";"";"";"";"";"";"";"";"";"";"";"";"";"";"";"";"";""
"02/02/2024";"0100";"";"";"";"";"";"";"";"";"";"";"";"";"";"";"";"";""
"02/02/2024";"0200";"";"";"";"";"";"";"";"";"";"";"";"";"";"";"";"";""
"02/02/2024";"0300";"";"";"";"";"";"";"";"";"";"";"";"";"";"";"";"";""
"02/02/2024";"0400";"";"";"";"";"";"";"";"";"";"";"";"";"";"";"";"";""
"02/02/2024";"0500";"";"";"";"";"";"";"";"";"";"";"";"";"";"";"";"";""
"02/02/2024";"0600";"";"";"";"";"";"";"";"";"";"";"";"";"";"";"";"";""
"02/02/2024";"0700";"";"";"";"";"";"";"";"";"";"";"";"";"";"";"";"";""
"02/02/2024";"0800";"";"";"";"";"";"";"";"";"";"";"";"";"";"";"";"";""
"02/02/2024";"0900";"";"";"";"";"";"";"";"";"";"";"";"";"";"";"";"";""
"02/02/2024";"1000";"";"";"";"";"";"";"";"";"";"";"";"";"";"";"";"";""
"02/02/2024";"1100";"";"";"";"";"";"";"";"";"";"";"";"";"";"";"";"";""
"02/02/2024";"1200";"";"";"";"";"";"";"";"";"";"";"";"";"";"";"";"";""
"02/02/2024";"1300";"";"";"";"";"";"";"";"";"";"";"";"";"";"";"";"";""
"02/02/2024";"1400";"";"";"";"";"";"";"";"";"";"";"";"";"";"";"";"";""
"02/02/2024";"1500";"";"";"";"";"";"";"";"";"";"";"";"";"";"";"";"";""
"02/02/2024";"1600";"";"";"";"";"";"";"";"";"";"";"";"";"";"";"";"";""
"02/02/2024";"1700";"";"";"";"";"";"";"";"";"";"";"";"";"";"";"";"";""
"02/02/2024";"1800";"";"";"";"";"";"";"";"";"";"";"";"";"";"";"";"";""
"02/02/2024";"1900";"";"";"";"";"";"";"";"";"";"";"";"";"";"";"";"";""
"02/02/2024";"2000";"";"";"";"";"";"";"";"";"";"";"";"";"";"";"";"";""
"02/02/2024";"2100";"";"";"";"";"";"";"";"";"";"";"";"";"";"";"";"";""
"02/02/2024";"2200";"";"";"";"";"";"";"";"";"";"";"";"";"";"";"";"";""
"02/02/2024";"2300";"";"";"";"";"";"";"";"";"";"";"";"";"";"";"";"";""
"03/02/2024";"0000";"";"";"";"";"";"";"";"";"";"";"";"";"";"";"";"";""
"03/02/2024";"0100";"";"";"";"";"";"";"";"";"";"";"";"";"";"";"";"";""
"03/02/2024";"0200";"";"";"";"";"";"";"";"";"";"";"";"";"";"";"";"";""
"03/02/2024";"0300";"";"";"";"";"";"";"";"";"";"";"";"";"";"";"";"";""
"03/02/2024";"0400";"";"";"";"";"";"";"";"";"";"";"";"";"";"";"";"";""
"03/02/2024";"0500";"";"";"";"";"";"";"";"";"";"";"";"";"";"";"";"";""
"03/02/2024";"0600";"";"";"";"";"";"";"";"";"";"";"";"";"";"";"";"";""
"03/02/2024";"0700";"";"";"";"";"";"";"";"";"";"";"";"";"";"";"";"";""
"03/02/2024";"0800";"";"";"";"";"";"";"";"";"";"";"";"";"";"";"";"";""
"03/02/2024";"0900";"";"";"";"";"";"";"";"";"";"";"";"";"";"";"";"";""
"03/02/2024";"1000";"";"";"";"";"";"";"";"";"";"";"";"";"";"";"";"";""
"03/02/2024";"1100";"";"";"";"";"";"";"";"";"";"";"";"";"";"";"";"";""
"03/02/2024";"1200";"";"";"";"";"";"";"";"";"";"";"";"";"";"";"";"";""
"03/02/2024";"1300";"";"";"";"";"";"";"";"";"";"";"";"";"";"";"";"";""
"03/02/2024";"1400";"";"";"";"";"";"";"";"";"";"";"";"";"";"";"";"";""
"03/02/2024";"1500";"";"";"";"";"";"";"";"";"";"";"";"";"";"";"";"";""
"03/02/2024";"1600";"";"";"";"";"";"";"";"";"";"";"";"";"";"";"";"";""
"03/02/2024";"1700";"";"";"";"";"";"";"";"";"";"";"";"";"";"";"";"";""
"03/02/2024";"1800";"";"";"";"";"";"";"";"";"";"";"";"";"";"";"";"";""
"03/02/2024";"1900";"";"";"";"";"";"";"";"";"";"";"";"";"";"";"";"";""
"03/02/2024";"2000";"";"";"";"";"";"";"";"";"";"";"";"";"";"";"";"";""
"03/02/2024";"2100";"";"";"";"";"";"";"";"";"";"";"";"";"";"";"";"";""
"03/02/2024";"2200";"";"";"";"";"";"";"";"";"";"";"";"";"";"";"";"";""
"03/02/2024";"2300";"";"";"";"";"";"";"";"";"";"";"";"";"";"";"";"";""
"04/02/2024";"0000";"";"";"";"";"";"";"";"";"";"";"";"";"";"";"";"";""
"04/02/2024";"0100";"";"";"";"";"";"";"";"";"";"";"";"";"";"";"";"";""
"04/02/2024";"0200";"";"";"";"";"";"";"";"";"";"";"";"";"";"";"";"";""
"04/02/2024";"0300";"";"";"";"";"";"";"";"";"";"";"";"";"";"";"";"";""
"04/02/2024";"0400";"";"";"";"";"";"";"";"";"";"";"";"";"";"";"";"";""
"04/02/2024";"0500";"";"";"";"";"";"";"";"";"";"";"";"";"";"";"";"";""
"04/02/2024";"0600";"";"";"";"";"";"";"";"";"";"";"";"";"";"";"";"";""
"04/02/2024";"0700";"";"";"";"";"";"";"";"";"";"";"";"";"";"";"";"";""
"04/02/2024";"0800";"";"";"";"";"";"";"";"";"";"";"";"";"";"";"";"";""
"04/02/2024";"0900";"";"";"";"";"";"";"";"";"";"";"";"";"";"";"";"";""
"04/02/2024";"1000";"";"";"";"";"";"";"";"";"";"";"";"";"";"";"";"";""
"04/02/2024";"1100";"";"";"";"";"";"";"";"";"";"";"";"";"";"";"";"";""
"04/02/2024";"1200";"";"";"";"";"";"";"";"";"";"";"";"";"";"";"";"";""
"04/02/2024";"1300";"";"";"";"";"";"";"";"";"";"";"";"";"";"";"";"";""
"04/02/2024";"1400";"";"";"";"";"";"";"";"";"";"";"";"";"";"";"";"";""
"04/02/2024";"1500";"";"";"";"";"";"";"";"";"";"";"";"";"";"";"";"";""
"04/02/2024";"1600";"";"";"";"";"";"";"";"";"";"";"";"";"";"";"";"";""
"04/02/2024";"1700";"";"";"";"";"";"";"";"";"";"";"";"";"";"";"";"";""
"04/02/2024";"1800";"";"";"";"";"";"";"";"";"";"";"";"";"";"";"";"";""
"04/02/2024";"1900";"";"";"";"";"";"";"";"";"";"";"";"";"";"";"";"";""
"04/02/2024";"2000";"";"";"";"";"";"";"";"";"";"";"";"";"";"";"";"";""
"04/02/2024";"2100";"";"";"";"";"";"";"";"";"";"";"";"";"";"";"";"";""
"04/02/2024";"2200";"";"";"";"";"";"";"";"";"";"";"";"";"";"";"";"";""
"04/02/2024";"2300";"";"";"";"";"";"";"";"";"";"";"";"";"";"";"";"";""
"05/02/2024";"0000";"";"";"";"";"";"";"";"";"";"";"";"";"";"";"";"";""
"05/02/2024";"0100";"";"";"";"";"";"";"";"";"";"";"";"";"";"";"";"";""
"05/02/2024";"0200";"";"";"";"";"";"";"";"";"";"";"";"";"";"";"";"";""
"05/02/2024";"0300";"";"";"";"";"";"";"";"";"";"";"";"";"";"";"";"";""
"05/02/2024";"0400";"";"";"";"";"";"";"";"";"";"";"";"";"";"";"";"";""
"05/02/2024";"0500";"";"";"";"";"";"";"";"";"";"";"";"";"";"";"";"";""
"05/02/2024";"0600";"";"";"";"";"";"";"";"";"";"";"";"";"";"";"";"";""
"05/02/2024";"0700";"";"";"";"";"";"";"";"";"";"";"";"";"";"";"";"";""
"05/02/2024";"0800";"";"";"";"";"";"";"";"";"";"";"";"";"";"";"";"";""
"05/02/2024";"0900";"";"";"";"";"";"";"";"";"";"";"";"";"";"";"";"";""
"05/02/2024";"1000";"";"";"";"";"";"";"";"";"";"";"";"";"";"";"";"";""
"05/02/2024";"1100";"";"";"";"";"";"";"";"";"";"";"";"";"";"";"";"";""
"05/02/2024";"1200";"";"";"";"";"";"";"";"";"";"";"";"";"";"";"";"";""
"05/02/2024";"1300";"";"";"";"";"";"";"";"";"";"";"";"";"";"";"";"";""
"05/02/2024";"1400";"";"";"";"";"";"";"";"";"";"";"";"";"";"";"";"";""
"05/02/2024";"1500";"";"";"";"";"";"";"";"";"";"";"";"";"";"";"";"";""
"05/02/2024";"1600";"";"";"";"";"";"";"";"";"";"";"";"";"";"";"";"";""
"05/02/2024";"1700";"";"";"";"";"";"";"";"";"";"";"";"";"";"";"";"";""
"05/02/2024";"1800";"";"";"";"";"";"";"";"";"";"";"";"";"";"";"";"";""
"05/02/2024";"1900";"";"";"";"";"";"";"";"";"";"";"";"";"";"";"";"";""
"05/02/2024";"2000";"";"";"";"";"";"";"";"";"";"";"";"";"";"";"";"";""
"05/02/2024";"2100";"";"";"";"";"";"";"";"";"";"";"";"";"";"";"";"";""
"05/02/2024";"2200";"";"";"";"";"";"";"";"";"";"";"";"";"";"";"";"";""
"05/02/2024";"2300";"";"";"";"";"";"";"";"";"";"";"";"";"";"";"";"";""
"06/02/2024";"0000";"";"";"";"";"";"";"";"";"";"";"";"";"";"";"";"";""
"06/02/2024";"0100";"";"";"";"";"";"";"";"";"";"";"";"";"";"";"";"";""
"06/02/2024";"0200";"";"";"";"";"";"";"";"";"";"";"";"";"";"";"";"";""
"06/02/2024";"0300";"";"";"";"";"";"";"";"";"";"";"";"";"";"";"";"";""
"06/02/2024";"0400";"";"";"";"";"";"";"";"";"";"";"";"";"";"";"";"";""
"06/02/2024";"0500";"";"";"";"";"";"";"";"";"";"";"";"";"";"";"";"";""
"06/02/2024";"0600";"";"";"";"";"";"";"";"";"";"";"";"";"";"";"";"";""
"06/02/2024";"0700";"";"";"";"";"";"";"";"";"";"";"";"";"";"";"";"";""
"06/02/2024";"0800";"";"";"";"";"";"";"";"";"";"";"";"";"";"";"";"";""
"06/02/2024";"0900";"";"";"";"";"";"";"";"";"";"";"";"";"";"";"";"";""
"06/02/2024";"1000";"";"";"";"";"";"";"";"";"";"";"";"";"";"";"";"";""
"06/02/2024";"1100";"";"";"";"";"";"";"";"";"";"";"";"";"";"";"";"";""
"06/02/2024";"1200";"";"";"";"";"";"";"";"";"";"";"";"";"";"";"";"";""
"06/02/2024";"1300";"";"";"";"";"";"";"";"";"";"";"";"";"";"";"";"";""
"06/02/2024";"1400";"";"";"";"";"";"";"";"";"";"";"";"";"";"";"";"";""
"06/02/2024";"1500";"";"";"";"";"";"";"";"";"";"";"";"";"";"";"";"";""
"06/02/2024";"1600";"";"";"";"";"";"";"";"";"";"";"";"";"";"";"";"";""
"06/02/2024";"1700";"";"";"";"";"";"";"";"";"";"";"";"";"";"";"";"";""
"06/02/2024";"1800";"";"";"";"";"";"";"";"";"";"";"";"";"";"";"";"";""
"06/02/2024";"1900";"";"";"";"";"";"";"";"";"";"";"";"";"";"";"";"";""
"06/02/2024";"2000";"";"";"";"";"";"";"";"";"";"";"";"";"";"";"";"";""
"06/02/2024";"2100";"";"";"";"";"";"";"";"";"";"";"";"";"";"";"";"";""
"06/02/2024";"2200";"";"";"";"";"";"";"";"";"";"";"";"";"";"";"";"";""
"06/02/2024";"2300";"";"";"";"";"";"";"";"";"";"";"";"";"";"";"";"";""
"07/02/2024";"0000";"";"";"";"";"";"";"";"";"";"";"";"";"";"";"";"";""
"07/02/2024";"0100";"";"";"";"";"";"";"";"";"";"";"";"";"";"";"";"";""
"07/02/2024";"0200";"";"";"";"";"";"";"";"";"";"";"";"";"";"";"";"";""
"07/02/2024";"0300";"";"";"";"";"";"";"";"";"";"";"";"";"";"";"";"";""
"07/02/2024";"0400";"";"";"";"";"";"";"";"";"";"";"";"";"";"";"";"";""
"07/02/2024";"0500";"";"";"";"";"";"";"";"";"";"";"";"";"";"";"";"";""
"07/02/2024";"0600";"";"";"";"";"";"";"";"";"";"";"";"";"";"";"";"";""
"07/02/2024";"0700";"";"";"";"";"";"";"";"";"";"";"";"";"";"";"";"";""
"07/02/2024";"0800";"";"";"";"";"";"";"";"";"";"";"";"";"";"";"";"";""
"07/02/2024";"0900";"";"";"";"";"";"";"";"";"";"";"";"";"";"";"";"";""
"07/02/2024";"1000";"";"";"";"";"";"";"";"";"";"";"";"";"";"";"";"";""
"07/02/2024";"1100";"";"";"";"";"";"";"";"";"";"";"";"";"";"";"";"";""
"07/02/2024";"1200";"";"";"";"";"";"";"";"";"";"";"";"";"";"";"";"";""
"07/02/2024";"1300";"";"";"";"";"";"";"";"";"";"";"";"";"";"";"";"";""
"07/02/2024";"1400";"";"";"";"";"";"";"";"";"";"";"";"";"";"";"";"";""
"07/02/2024";"1500";"";"";"";"";"";"";"";"";"";"";"";"";"";"";"";"";""
"07/02/2024";"1600";"";"";"";"";"";"";"";"";"";"";"";"";"";"";"";"";""
"07/02/2024";"1700";"";"";"";"";"";"";"";"";"";"";"";"";"";"";"";"";""
"07/02/2024";"1800";"";"";"";"";"";"";"";"";"";"";"";"";"";"";"";"";""
"07/02/2024";"1900";"";"";"";"";"";"";"";"";"";"";"";"";"";"";"";"";""
"07/02/2024";"2000";"";"";"";"";"";"";"";"";"";"";"";"";"";"";"";"";""
"07/02/2024";"2100";"";"";"";"";"";"";"";"";"";"";"";"";"";"";"";"";""
"07/02/2024";"2200";"";"";"";"";"";"";"";"";"";"";"";"";"";"";"";"";""
"07/02/2024";"2300";"";"";"";"";"";"";"";"";"";"";"";"";"";"";"";"";""
"08/02/2024";"0000";"";"";"";"";"";"";"";"";"";"";"";"";"";"";"";"";""
"08/02/2024";"0100";"";"";"";"";"";"";"";"";"";"";"";"";"";"";"";"";""
"08/02/2024";"0200";"";"";"";"";"";"";"";"";"";"";"";"";"";"";"";"";""
"08/02/2024";"0300";"";"";"";"";"";"";"";"";"";"";"";"";"";"";"";"";""
"08/02/2024";"0400";"";"";"";"";"";"";"";"";"";"";"";"";"";"";"";"";""
"08/02/2024";"0500";"";"";"";"";"";"";"";"";"";"";"";"";"";"";"";"";""
"08/02/2024";"0600";"";"";"";"";"";"";"";"";"";"";"";"";"";"";"";"";""
"08/02/2024";"0700";"";"";"";"";"";"";"";"";"";"";"";"";"";"";"";"";""
"08/02/2024";"0800";"";"";"";"";"";"";"";"";"";"";"";"";"";"";"";"";""
"08/02/2024";"0900";"";"";"";"";"";"";"";"";"";"";"";"";"";"";"";"";""
"08/02/2024";"1000";"";"";"";"";"";"";"";"";"";"";"";"";"";"";"";"";""
"08/02/2024";"1100";"";"";"";"";"";"";"";"";"";"";"";"";"";"";"";"";""
"08/02/2024";"1200";"";"";"";"";"";"";"";"";"";"";"";"";"";"";"";"";""
"08/02/2024";"1300";"";"";"";"";"";"";"";"";"";"";"";"";"";"";"";"";""
"08/02/2024";"1400";"";"";"";"";"";"";"";"";"";"";"";"";"";"";"";"";""
"08/02/2024";"1500";"";"";"";"";"";"";"";"";"";"";"";"";"";"";"";"";""
"08/02/2024";"1600";"";"";"";"";"";"";"";"";"";"";"";"";"";"";"";"";""
"08/02/2024";"1700";"";"";"";"";"";"";"";"";"";"";"";"";"";"";"";"";""
"08/02/2024";"1800";"";"";"";"";"";"";"";"";"";"";"";"";"";"";"";"";""
"08/02/2024";"1900";"";"";"";"";"";"";"";"";"";"";"";"";"";"";"";"";""
"08/02/2024";"2000";"";"";"";"";"";"";"";"";"";"";"";"";"";"";"";"";""
"08/02/2024";"2100";"";"";"";"";"";"";"";"";"";"";"";"";"";"";"";"";""
"08/02/2024";"2200";"";"";"";"";"";"";"";"";"";"";"";"";"";"";"";"";""
"08/02/2024";"2300";"";"";"";"";"";"";"";"";"";"";"";"";"";"";"";"";""
"09/02/2024";"0000";"";"";"";"";"";"";"";"";"";"";"";"";"";"";"";"";""
"09/02/2024";"0100";"";"";"";"";"";"";"";"";"";"";"";"";"";"";"";"";""
"09/02/2024";"0200";"";"";"";"";"";"";"";"";"";"";"";"";"";"";"";"";""
"09/02/2024";"0300";"";"";"";"";"";"";"";"";"";"";"";"";"";"";"";"";""
"09/02/2024";"0400";"";"";"";"";"";"";"";"";"";"";"";"";"";"";"";"";""
"09/02/2024";"0500";"";"";"";"";"";"";"";"";"";"";"";"";"";"";"";"";""
"09/02/2024";"0600";"";"";"";"";"";"";"";"";"";"";"";"";"";"";"";"";""
"09/02/2024";"0700";"";"";"";"";"";"";"";"";"";"";"";"";"";"";"";"";""
"09/02/2024";"0800";"";"";"";"";"";"";"";"";"";"";"";"";"";"";"";"";""
"09/02/2024";"0900";"";"";"";"";"";"";"";"";"";"";"";"";"";"";"";"";""
"09/02/2024";"1000";"";"";"";"";"";"";"";"";"";"";"";"";"";"";"";"";""
"09/02/2024";"1100";"";"";"";"";"";"";"";"";"";"";"";"";"";"";"";"";""
"09/02/2024";"1200";"";"";"";"";"";"";"";"";"";"";"";"";"";"";"";"";""
"09/02/2024";"1300";"";"";"";"";"";"";"";"";"";"";"";"";"";"";"";"";""
"09/02/2024";"1400";"";"";"";"";"";"";"";"";"";"";"";"";"";"";"";"";""
"09/02/2024";"1500";"";"";"";"";"";"";"";"";"";"";"";"";"";"";"";"";""
"09/02/2024";"1600";"";"";"";"";"";"";"";"";"";"";"";"";"";"";"";"";""
"09/02/2024";"1700";"";"";"";"";"";"";"";"";"";"";"";"";"";"";"";"";""
"09/02/2024";"1800";"";"";"";"";"";"";"";"";"";"";"";"";"";"";"";"";""
"09/02/2024";"1900";"";"";"";"";"";"";"";"";"";"";"";"";"";"";"";"";""
"09/02/2024";"2000";"";"";"";"";"";"";"";"";"";"";"";"";"";"";"";"";""
"09/02/2024";"2100";"";"";"";"";"";"";"";"";"";"";"";"";"";"";"";"";""
"09/02/2024";"2200";"";"";"";"";"";"";"";"";"";"";"";"";"";"";"";"";""
"09/02/2024";"2300";"";"";"";"";"";"";"";"";"";"";"";"";"";"";"";"";""
"10/02/2024";"0000";"";"";"";"";"";"";"";"";"";"";"";"";"";"";"";"";""
"10/02/2024";"0100";"";"";"";"";"";"";"";"";"";"";"";"";"";"";"";"";""
"10/02/2024";"0200";"";"";"";"";"";"";"";"";"";"";"";"";"";"";"";"";""
"10/02/2024";"0300";"";"";"";"";"";"";"";"";"";"";"";"";"";"";"";"";""
"10/02/2024";"0400";"";"";"";"";"";"";"";"";"";"";"";"";"";"";"";"";""
"10/02/2024";"0500";"";"";"";"";"";"";"";"";"";"";"";"";"";"";"";"";""
"10/02/2024";"0600";"";"";"";"";"";"";"";"";"";"";"";"";"";"";"";"";""
"10/02/2024";"0700";"";"";"";"";"";"";"";"";"";"";"";"";"";"";"";"";""
"10/02/2024";"0800";"";"";"";"";"";"";"";"";"";"";"";"";"";"";"";"";""
"10/02/2024";"0900";"";"";"";"";"";"";"";"";"";"";"";"";"";"";"";"";""
"10/02/2024";"1000";"";"";"";"";"";"";"";"";"";"";"";"";"";"";"";"";""
"10/02/2024";"1100";"";"";"";"";"";"";"";"";"";"";"";"";"";"";"";"";""
"10/02/2024";"1200";"";"";"";"";"";"";"";"";"";"";"";"";"";"";"";"";""
"10/02/2024";"1300";"";"";"";"";"";"";"";"";"";"";"";"";"";"";"";"";""
"10/02/2024";"1400";"";"";"";"";"";"";"";"";"";"";"";"";"";"";"";"";""
"10/02/2024";"1500";"";"";"";"";"";"";"";"";"";"";"";"";"";"";"";"";""
"10/02/2024";"1600";"";"";"";"";"";"";"";"";"";"";"";"";"";"";"";"";""
"10/02/2024";"1700";"";"";"";"";"";"";"";"";"";"";"";"";"";"";"";"";""
"10/02/2024";"1800";"";"";"";"";"";"";"";"";"";"";"";"";"";"";"";"";""
"10/02/2024";"1900";"";"";"";"";"";"";"";"";"";"";"";"";"";"";"";"";""
"10/02/2024";"2000";"";"";"";"";"";"";"";"";"";"";"";"";"";"";"";"";""
"10/02/2024";"2100";"";"";"";"";"";"";"";"";"";"";"";"";"";"";"";"";""
"10/02/2024";"2200";"";"";"";"";"";"";"";"";"";"";"";"";"";"";"";"";""
"10/02/2024";"2300";"";"";"";"";"";"";"";"";"";"";"";"";"";"";"";"";""
"11/02/2024";"0000";"";"";"";"";"";"";"";"";"";"";"";"";"";"";"";"";""
"11/02/2024";"0100";"";"";"";"";"";"";"";"";"";"";"";"";"";"";"";"";""
"11/02/2024";"0200";"";"";"";"";"";"";"";"";"";"";"";"";"";"";"";"";""
"11/02/2024";"0300";"";"";"";"";"";"";"";"";"";"";"";"";"";"";"";"";""
"11/02/2024";"0400";"";"";"";"";"";"";"";"";"";"";"";"";"";"";"";"";""
"11/02/2024";"0500";"";"";"";"";"";"";"";"";"";"";"";"";"";"";"";"";""
"11/02/2024";"0600";"";"";"";"";"";"";"";"";"";"";"";"";"";"";"";"";""
"11/02/2024";"0700";"";"";"";"";"";"";"";"";"";"";"";"";"";"";"";"";""
"11/02/2024";"0800";"";"";"";"";"";"";"";"";"";"";"";"";"";"";"";"";""
"11/02/2024";"0900";"";"";"";"";"";"";"";"";"";"";"";"";"";"";"";"";""
"11/02/2024";"1000";"";"";"";"";"";"";"";"";"";"";"";"";"";"";"";"";""
"11/02/2024";"1100";"";"";"";"";"";"";"";"";"";"";"";"";"";"";"";"";""
"11/02/2024";"1200";"";"";"";"";"";"";"";"";"";"";"";"";"";"";"";"";""
"11/02/2024";"1300";"";"";"";"";"";"";"";"";"";"";"";"";"";"";"";"";""
"11/02/2024";"1400";"";"";"";"";"";"";"";"";"";"";"";"";"";"";"";"";""
"11/02/2024";"1500";"";"";"";"";"";"";"";"";"";"";"";"";"";"";"";"";""
"11/02/2024";"1600";"";"";"";"";"";"";"";"";"";"";"";"";"";"";"";"";""
"11/02/2024";"1700";"";"";"";"";"";"";"";"";"";"";"";"";"";"";"";"";""
"11/02/2024";"1800";"";"";"";"";"";"";"";"";"";"";"";"";"";"";"";"";""
"11/02/2024";"1900";"";"";"";"";"";"";"";"";"";"";"";"";"";"";"";"";""
"11/02/2024";"2000";"";"";"";"";"";"";"";"";"";"";"";"";"";"";"";"";""
"11/02/2024";"2100";"";"";"";"";"";"";"";"";"";"";"";"";"";"";"";"";""
"11/02/2024";"2200";"";"";"";"";"";"";"";"";"";"";"";"";"";"";"";"";""
"11/02/2024";"2300";"";"";"";"";"";"";"";"";"";"";"";"";"";"";"";"";""
"12/02/2024";"0000";"";"";"";"";"";"";"";"";"";"";"";"";"";"";"";"";""
"12/02/2024";"0100";"";"";"";"";"";"";"";"";"";"";"";"";"";"";"";"";""
"12/02/2024";"0200";"";"";"";"";"";"";"";"";"";"";"";"";"";"";"";"";""
"12/02/2024";"0300";"";"";"";"";"";"";"";"";"";"";"";"";"";"";"";"";""
"12/02/2024";"0400";"";"";"";"";"";"";"";"";"";"";"";"";"";"";"";"";""
"12/02/2024";"0500";"";"";"";"";"";"";"";"";"";"";"";"";"";"";"";"";""
"12/02/2024";"0600";"";"";"";"";"";"";"";"";"";"";"";"";"";"";"";"";""
"12/02/2024";"0700";"";"";"";"";"";"";"";"";"";"";"";"";"";"";"";"";""
"12/02/2024";"0800";"";"";"";"";"";"";"";"";"";"";"";"";"";"";"";"";""
"12/02/2024";"0900";"";"";"";"";"";"";"";"";"";"";"";"";"";"";"";"";""
"12/02/2024";"1000";"";"";"";"";"";"";"";"";"";"";"";"";"";"";"";"";""
"12/02/2024";"1100";"";"";"";"";"";"";"";"";"";"";"";"";"";"";"";"";""
"12/02/2024";"1200";"";"";"";"";"";"";"";"";"";"";"";"";"";"";"";"";""
"12/02/2024";"1300";"";"";"";"";"";"";"";"";"";"";"";"";"";"";"";"";""
"12/02/2024";"1400";"";"";"";"";"";"";"";"";"";"";"";"";"";"";"";"";""
"12/02/2024";"1500";"";"";"";"";"";"";"";"";"";"";"";"";"";"";"";"";""
"12/02/2024";"1600";"";"";"";"";"";"";"";"";"";"";"";"";"";"";"";"";""
"12/02/2024";"1700";"";"";"";"";"";"";"";"";"";"";"";"";"";"";"";"";""
"12/02/2024";"1800";"";"";"";"";"";"";"";"";"";"";"";"";"";"";"";"";""
"12/02/2024";"1900";"";"";"";"";"";"";"";"";"";"";"";"";"";"";"";"";""
"12/02/2024";"2000";"";"";"";"";"";"";"";"";"";"";"";"";"";"";"";"";""
"12/02/2024";"2100";"";"";"";"";"";"";"";"";"";"";"";"";"";"";"";"";""
"12/02/2024";"2200";"";"";"";"";"";"";"";"";"";"";"";"";"";"";"";"";""
"12/02/2024";"2300";"";"";"";"";"";"";"";"";"";"";"";"";"";"";"";"";""
"13/02/2024";"0000";"";"";"";"";"";"";"";"";"";"";"";"";"";"";"";"";""
"13/02/2024";"0100";"";"";"";"";"";"";"";"";"";"";"";"";"";"";"";"";""
"13/02/2024";"0200";"";"";"";"";"";"";"";"";"";"";"";"";"";"";"";"";""
"13/02/2024";"0300";"";"";"";"";"";"";"";"";"";"";"";"";"";"";"";"";""
"13/02/2024";"0400";"";"";"";"";"";"";"";"";"";"";"";"";"";"";"";"";""
"13/02/2024";"0500";"";"";"";"";"";"";"";"";"";"";"";"";"";"";"";"";""
"13/02/2024";"0600";"";"";"";"";"";"";"";"";"";"";"";"";"";"";"";"";""
"13/02/2024";"0700";"";"";"";"";"";"";"";"";"";"";"";"";"";"";"";"";""
"13/02/2024";"0800";"";"";"";"";"";"";"";"";"";"";"";"";"";"";"";"";""
"13/02/2024";"0900";"";"";"";"";"";"";"";"";"";"";"";"";"";"";"";"";""
"13/02/2024";"1000";"";"";"";"";"";"";"";"";"";"";"";"";"";"";"";"";""
"13/02/2024";"1100";"";"";"";"";"";"";"";"";"";"";"";"";"";"";"";"";""
"13/02/2024";"1200";"";"";"";"";"";"";"";"";"";"";"";"";"";"";"";"";""
"13/02/2024";"1300";"";"";"";"";"";"";"";"";"";"";"";"";"";"";"";"";""
"13/02/2024";"1400";"";"";"";"";"";"";"";"";"";"";"";"";"";"";"";"";""
"13/02/2024";"1500";"";"";"";"";"";"";"";"";"";"";"";"";"";"";"";"";""
"13/02/2024";"1600";"";"";"";"";"";"";"";"";"";"";"";"";"";"";"";"";""
"13/02/2024";"1700";"";"";"";"";"";"";"";"";"";"";"";"";"";"";"";"";""
"13/02/2024";"1800";"";"";"";"";"";"";"";"";"";"";"";"";"";"";"";"";""
"13/02/2024";"1900";"";"";"";"";"";"";"";"";"";"";"";"";"";"";"";"";""
"13/02/2024";"2000";"";"";"";"";"";"";"";"";"";"";"";"";"";"";"";"";""
"13/02/2024";"2100";"";"";"";"";"";"";"";"";"";"";"";"";"";"";"";"";""
"13/02/2024";"2200";"";"";"";"";"";"";"";"";"";"";"";"";"";"";"";"";""
"13/02/2024";"2300";"";"";"";"";"";"";"";"";"";"";"";"";"";"";"";"";""
"14/02/2024";"0000";"";"";"";"";"";"";"";"";"";"";"";"";"";"";"";"";""
"14/02/2024";"0100";"";"";"";"";"";"";"";"";"";"";"";"";"";"";"";"";""
"14/02/2024";"0200";"";"";"";"";"";"";"";"";"";"";"";"";"";"";"";"";""
"14/02/2024";"0300";"";"";"";"";"";"";"";"";"";"";"";"";"";"";"";"";""
"14/02/2024";"0400";"";"";"";"";"";"";"";"";"";"";"";"";"";"";"";"";""
"14/02/2024";"0500";"";"";"";"";"";"";"";"";"";"";"";"";"";"";"";"";""
"14/02/2024";"0600";"";"";"";"";"";"";"";"";"";"";"";"";"";"";"";"";""
"14/02/2024";"0700";"";"";"";"";"";"";"";"";"";"";"";"";"";"";"";"";""
"14/02/2024";"0800";"";"";"";"";"";"";"";"";"";"";"";"";"";"";"";"";""
"14/02/2024";"0900";"";"";"";"";"";"";"";"";"";"";"";"";"";"";"";"";""
"14/02/2024";"1000";"";"";"";"";"";"";"";"";"";"";"";"";"";"";"";"";""
"14/02/2024";"1100";"";"";"";"";"";"";"";"";"";"";"";"";"";"";"";"";""
"14/02/2024";"1200";"";"";"";"";"";"";"";"";"";"";"";"";"";"";"";"";""
"14/02/2024";"1300";"";"";"";"";"";"";"";"";"";"";"";"";"";"";"";"";""
"14/02/2024";"1400";"";"";"";"";"";"";"";"";"";"";"";"";"";"";"";"";""
"14/02/2024";"1500";"";"";"";"";"";"";"";"";"";"";"";"";"";"";"";"";""
"14/02/2024";"1600";"";"";"";"";"";"";"";"";"";"";"";"";"";"";"";"";""
"14/02/2024";"1700";"";"";"";"";"";"";"";"";"";"";"";"";"";"";"";"";""
"14/02/2024";"1800";"";"";"";"";"";"";"";"";"";"";"";"";"";"";"";"";""
"14/02/2024";"1900";"";"";"";"";"";"";"";"";"";"";"";"";"";"";"";"";""
"14/02/2024";"2000";"";"";"";"";"";"";"";"";"";"";"";"";"";"";"";"";""
"14/02/2024";"2100";"";"";"";"";"";"";"";"";"";"";"";"";"";"";"";"";""
"14/02/2024";"2200";"";"";"";"";"";"";"";"";"";"";"";"";"";"";"";"";""
"14/02/2024";"2300";"";"";"";"";"";"";"";"";"";"";"";"";"";"";"";"";""
"15/02/2024";"0000";"";"";"";"";"";"";"";"";"";"";"";"";"";"";"";"";""
"15/02/2024";"0100";"";"";"";"";"";"";"";"";"";"";"";"";"";"";"";"";""
"15/02/2024";"0200";"";"";"";"";"";"";"";"";"";"";"";"";"";"";"";"";""
"15/02/2024";"0300";"";"";"";"";"";"";"";"";"";"";"";"";"";"";"";"";""
"15/02/2024";"0400";"";"";"";"";"";"";"";"";"";"";"";"";"";"";"";"";""
"15/02/2024";"0500";"";"";"";"";"";"";"";"";"";"";"";"";"";"";"";"";""
"15/02/2024";"0600";"";"";"";"";"";"";"";"";"";"";"";"";"";"";"";"";""
"15/02/2024";"0700";"";"";"";"";"";"";"";"";"";"";"";"";"";"";"";"";""
"15/02/2024";"0800";"";"";"";"";"";"";"";"";"";"";"";"";"";"";"";"";""
"15/02/2024";"0900";"";"";"";"";"";"";"";"";"";"";"";"";"";"";"";"";""
"15/02/2024";"1000";"";"";"";"";"";"";"";"";"";"";"";"";"";"";"";"";""
"15/02/2024";"1100";"";"";"";"";"";"";"";"";"";"";"";"";"";"";"";"";""
"15/02/2024";"1200";"";"";"";"";"";"";"";"";"";"";"";"";"";"";"";"";""
"15/02/2024";"1300";"";"";"";"";"";"";"";"";"";"";"";"";"";"";"";"";""
"15/02/2024";"1400";"";"";"";"";"";"";"";"";"";"";"";"";"";"";"";"";""
"15/02/2024";"1500";"";"";"";"";"";"";"";"";"";"";"";"";"";"";"";"";""
"15/02/2024";"1600";"";"";"";"";"";"";"";"";"";"";"";"";"";"";"";"";""
"15/02/2024";"1700";"";"";"";"";"";"";"";"";"";"";"";"";"";"";"";"";""
"15/02/2024";"1800";"";"";"";"";"";"";"";"";"";"";"";"";"";"";"";"";""
"15/02/2024";"1900";"";"";"";"";"";"";"";"";"";"";"";"";"";"";"";"";""
"15/02/2024";"2000";"";"";"";"";"";"";"";"";"";"";"";"";"";"";"";"";""
"15/02/2024";"2100";"";"";"";"";"";"";"";"";"";"";"";"";"";"";"";"";""
"15/02/2024";"2200";"";"";"";"";"";"";"";"";"";"";"";"";"";"";"";"";""
"15/02/2024";"2300";"";"";"";"";"";"";"";"";"";"";"";"";"";"";"";"";""
"16/02/2024";"0000";"";"";"";"";"";"";"";"";"";"";"";"";"";"";"";"";""
"16/02/2024";"0100";"";"";"";"";"";"";"";"";"";"";"";"";"";"";"";"";""
"16/02/2024";"0200";"";"";"";"";"";"";"";"";"";"";"";"";"";"";"";"";""
"16/02/2024";"0300";"";"";"";"";"";"";"";"";"";"";"";"";"";"";"";"";""
"16/02/2024";"0400";"";"";"";"";"";"";"";"";"";"";"";"";"";"";"";"";""
"16/02/2024";"0500";"";"";"";"";"";"";"";"";"";"";"";"";"";"";"";"";""
"16/02/2024";"0600";"";"";"";"";"";"";"";"";"";"";"";"";"";"";"";"";""
"16/02/2024";"0700";"";"";"";"";"";"";"";"";"";"";"";"";"";"";"";"";""
"16/02/2024";"0800";"";"";"";"";"";"";"";"";"";"";"";"";"";"";"";"";""
"16/02/2024";"0900";"";"";"";"";"";"";"";"";"";"";"";"";"";"";"";"";""
"16/02/2024";"1000";"";"";"";"";"";"";"";"";"";"";"";"";"";"";"";"";""
"16/02/2024";"1100";"";"";"";"";"";"";"";"";"";"";"";"";"";"";"";"";""
"16/02/2024";"1200";"";"";"";"";"";"";"";"";"";"";"";"";"";"";"";"";""
"16/02/2024";"1300";"";"";"";"";"";"";"";"";"";"";"";"";"";"";"";"";""
"16/02/2024";"1400";"";"";"";"";"";"";"";"";"";"";"";"";"";"";"";"";""
"16/02/2024";"1500";"";"";"";"";"";"";"";"";"";"";"";"";"";"";"";"";""
"16/02/2024";"1600";"";"";"";"";"";"";"";"";"";"";"";"";"";"";"";"";""
"16/02/2024";"1700";"";"";"";"";"";"";"";"";"";"";"";"";"";"";"";"";""
"16/02/2024";"1800";"";"";"";"";"";"";"";"";"";"";"";"";"";"";"";"";""
"16/02/2024";"1900";"";"";"";"";"";"";"";"";"";"";"";"";"";"";"";"";""
"16/02/2024";"2000";"";"";"";"";"";"";"";"";"";"";"";"";"";"";"";"";""
"16/02/2024";"2100";"";"";"";"";"";"";"";"";"";"";"";"";"";"";"";"";""
"16/02/2024";"2200";"";"";"";"";"";"";"";"";"";"";"";"";"";"";"";"";""
"16/02/2024";"2300";"";"";"";"";"";"";"";"";"";"";"";"";"";"";"";"";""
"17/02/2024";"0000";"";"";"";"";"";"";"";"";"";"";"";"";"";"";"";"";""
"17/02/2024";"0100";"";"";"";"";"";"";"";"";"";"";"";"";"";"";"";"";""
"17/02/2024";"0200";"";"";"";"";"";"";"";"";"";"";"";"";"";"";"";"";""
"17/02/2024";"0300";"";"";"";"";"";"";"";"";"";"";"";"";"";"";"";"";""
"17/02/2024";"0400";"";"";"";"";"";"";"";"";"";"";"";"";"";"";"";"";""
"17/02/2024";"0500";"";"";"";"";"";"";"";"";"";"";"";"";"";"";"";"";""
"17/02/2024";"0600";"";"";"";"";"";"";"";"";"";"";"";"";"";"";"";"";""
"17/02/2024";"0700";"";"";"";"";"";"";"";"";"";"";"";"";"";"";"";"";""
"17/02/2024";"0800";"";"";"";"";"";"";"";"";"";"";"";"";"";"";"";"";""
"17/02/2024";"0900";"";"";"";"";"";"";"";"";"";"";"";"";"";"";"";"";""
"17/02/2024";"1000";"";"";"";"";"";"";"";"";"";"";"";"";"";"";"";"";""
"17/02/2024";"1100";"";"";"";"";"";"";"";"";"";"";"";"";"";"";"";"";""
"17/02/2024";"1200";"";"";"";"";"";"";"";"";"";"";"";"";"";"";"";"";""
"17/02/2024";"1300";"";"";"";"";"";"";"";"";"";"";"";"";"";"";"";"";""
"17/02/2024";"1400";"";"";"";"";"";"";"";"";"";"";"";"";"";"";"";"";""
"17/02/2024";"1500";"";"";"";"";"";"";"";"";"";"";"";"";"";"";"";"";""
"17/02/2024";"1600";"";"";"";"";"";"";"";"";"";"";"";"";"";"";"";"";""
"17/02/2024";"1700";"";"";"";"";"";"";"";"";"";"";"";"";"";"";"";"";""
"17/02/2024";"1800";"";"";"";"";"";"";"";"";"";"";"";"";"";"";"";"";""
"17/02/2024";"1900";"";"";"";"";"";"";"";"";"";"";"";"";"";"";"";"";""
"17/02/2024";"2000";"";"";"";"";"";"";"";"";"";"";"";"";"";"";"";"";""
"17/02/2024";"2100";"";"";"";"";"";"";"";"";"";"";"";"";"";"";"";"";""
"17/02/2024";"2200";"";"";"";"";"";"";"";"";"";"";"";"";"";"";"";"";""
"17/02/2024";"2300";"";"";"";"";"";"";"";"";"";"";"";"";"";"";"";"";""
"18/02/2024";"0000";"";"";"";"";"";"";"";"";"";"";"";"";"";"";"";"";""
"18/02/2024";"0100";"";"";"";"";"";"";"";"";"";"";"";"";"";"";"";"";""
"18/02/2024";"0200";"";"";"";"";"";"";"";"";"";"";"";"";"";"";"";"";""
"18/02/2024";"0300";"";"";"";"";"";"";"";"";"";"";"";"";"";"";"";"";""
"18/02/2024";"0400";"";"";"";"";"";"";"";"";"";"";"";"";"";"";"";"";""
"18/02/2024";"0500";"";"";"";"";"";"";"";"";"";"";"";"";"";"";"";"";""
"18/02/2024";"0600";"";"";"";"";"";"";"";"";"";"";"";"";"";"";"";"";""
"18/02/2024";"0700";"";"";"";"";"";"";"";"";"";"";"";"";"";"";"";"";""
"18/02/2024";"0800";"";"";"";"";"";"";"";"";"";"";"";"";"";"";"";"";""
"18/02/2024";"0900";"";"";"";"";"";"";"";"";"";"";"";"";"";"";"";"";""
"18/02/2024";"1000";"";"";"";"";"";"";"";"";"";"";"";"";"";"";"";"";""
"18/02/2024";"1100";"";"";"";"";"";"";"";"";"";"";"";"";"";"";"";"";""
"18/02/2024";"1200";"";"";"";"";"";"";"";"";"";"";"";"";"";"";"";"";""
"18/02/2024";"1300";"";"";"";"";"";"";"";"";"";"";"";"";"";"";"";"";""
"18/02/2024";"1400";"";"";"";"";"";"";"";"";"";"";"";"";"";"";"";"";""
"18/02/2024";"1500";"";"";"";"";"";"";"";"";"";"";"";"";"";"";"";"";""
"18/02/2024";"1600";"";"";"";"";"";"";"";"";"";"";"";"";"";"";"";"";""
"18/02/2024";"1700";"";"";"";"";"";"";"";"";"";"";"";"";"";"";"";"";""
"18/02/2024";"1800";"";"";"";"";"";"";"";"";"";"";"";"";"";"";"";"";""
"18/02/2024";"1900";"";"";"";"";"";"";"";"";"";"";"";"";"";"";"";"";""
"18/02/2024";"2000";"";"";"";"";"";"";"";"";"";"";"";"";"";"";"";"";""
"18/02/2024";"2100";"";"";"";"";"";"";"";"";"";"";"";"";"";"";"";"";""
"18/02/2024";"2200";"";"";"";"";"";"";"";"";"";"";"";"";"";"";"";"";""
"18/02/2024";"2300";"";"";"";"";"";"";"";"";"";"";"";"";"";"";"";"";""
"19/02/2024";"0000";"";"";"";"";"";"";"";"";"";"";"";"";"";"";"";"";""
"19/02/2024";"0100";"";"";"";"";"";"";"";"";"";"";"";"";"";"";"";"";""
"19/02/2024";"0200";"";"";"";"";"";"";"";"";"";"";"";"";"";"";"";"";""
"19/02/2024";"0300";"";"";"";"";"";"";"";"";"";"";"";"";"";"";"";"";""
"19/02/2024";"0400";"";"";"";"";"";"";"";"";"";"";"";"";"";"";"";"";""
"19/02/2024";"0500";"";"";"";"";"";"";"";"";"";"";"";"";"";"";"";"";""
"19/02/2024";"0600";"";"";"";"";"";"";"";"";"";"";"";"";"";"";"";"";""
"19/02/2024";"0700";"";"";"";"";"";"";"";"";"";"";"";"";"";"";"";"";""
"19/02/2024";"0800";"";"";"";"";"";"";"";"";"";"";"";"";"";"";"";"";""
"19/02/2024";"0900";"";"";"";"";"";"";"";"";"";"";"";"";"";"";"";"";""
"19/02/2024";"1000";"";"";"";"";"";"";"";"";"";"";"";"";"";"";"";"";""
"19/02/2024";"1100";"";"";"";"";"";"";"";"";"";"";"";"";"";"";"";"";""
"19/02/2024";"1200";"";"";"";"";"";"";"";"";"";"";"";"";"";"";"";"";""
"19/02/2024";"1300";"";"";"";"";"";"";"";"";"";"";"";"";"";"";"";"";""
"19/02/2024";"1400";"";"";"";"";"";"";"";"";"";"";"";"";"";"";"";"";""
"19/02/2024";"1500";"";"";"";"";"";"";"";"";"";"";"";"";"";"";"";"";""
"19/02/2024";"1600";"";"";"";"";"";"";"";"";"";"";"";"";"";"";"";"";""
"19/02/2024";"1700";"";"";"";"";"";"";"";"";"";"";"";"";"";"";"";"";""
"19/02/2024";"1800";"";"";"";"";"";"";"";"";"";"";"";"";"";"";"";"";""
"19/02/2024";"1900";"";"";"";"";"";"";"";"";"";"";"";"";"";"";"";"";""
"19/02/2024";"2000";"";"";"";"";"";"";"";"";"";"";"";"";"";"";"";"";""
"19/02/2024";"2100";"";"";"";"";"";"";"";"";"";"";"";"";"";"";"";"";""
"19/02/2024";"2200";"";"";"";"";"";"";"";"";"";"";"";"";"";"";"";"";""
"19/02/2024";"2300";"";"";"";"";"";"";"";"";"";"";"";"";"";"";"";"";""
"20/02/2024";"0000";"";"";"";"";"";"";"";"";"";"";"";"";"";"";"";"";""
"20/02/2024";"0100";"";"";"";"";"";"";"";"";"";"";"";"";"";"";"";"";""
"20/02/2024";"0200";"";"";"";"";"";"";"";"";"";"";"";"";"";"";"";"";""
"20/02/2024";"0300";"";"";"";"";"";"";"";"";"";"";"";"";"";"";"";"";""
"20/02/2024";"0400";"";"";"";"";"";"";"";"";"";"";"";"";"";"";"";"";""
"20/02/2024";"0500";"";"";"";"";"";"";"";"";"";"";"";"";"";"";"";"";""
"20/02/2024";"0600";"";"";"";"";"";"";"";"";"";"";"";"";"";"";"";"";""
"20/02/2024";"0700";"";"";"";"";"";"";"";"";"";"";"";"";"";"";"";"";""
"20/02/2024";"0800";"";"";"";"";"";"";"";"";"";"";"";"";"";"";"";"";""
"20/02/2024";"0900";"";"";"";"";"";"";"";"";"";"";"";"";"";"";"";"";""
"20/02/2024";"1000";"";"";"";"";"";"";"";"";"";"";"";"";"";"";"";"";""
"20/02/2024";"1100";"";"";"";"";"";"";"";"";"";"";"";"";"";"";"";"";""
"20/02/2024";"1200";"";"";"";"";"";"";"";"";"";"";"";"";"";"";"";"";""
"20/02/2024";"1300";"";"";"";"";"";"";"";"";"";"";"";"";"";"";"";"";""
"20/02/2024";"1400";"";"";"";"";"";"";"";"";"";"";"";"";"";"";"";"";""
"20/02/2024";"1500";"";"";"";"";"";"";"";"";"";"";"";"";"";"";"";"";""
"20/02/2024";"1600";"";"";"";"";"";"";"";"";"";"";"";"";"";"";"";"";""
"20/02/2024";"1700";"";"";"";"";"";"";"";"";"";"";"";"";"";"";"";"";""
"20/02/2024";"1800";"";"";"";"";"";"";"";"";"";"";"";"";"";"";"";"";""
"20/02/2024";"1900";"";"";"";"";"";"";"";"";"";"";"";"";"";"";"";"";""
"20/02/2024";"2000";"";"";"";"";"";"";"";"";"";"";"";"";"";"";"";"";""
"20/02/2024";"2100";"";"";"";"";"";"";"";"";"";"";"";"";"";"";"";"";""
"20/02/2024";"2200";"";"";"";"";"";"";"";"";"";"";"";"";"";"";"";"";""
"20/02/2024";"2300";"";"";"";"";"";"";"";"";"";"";"";"";"";"";"";"";""
"21/02/2024";"0000";"";"";"";"";"";"";"";"";"";"";"";"";"";"";"";"";""
"21/02/2024";"0100";"";"";"";"";"";"";"";"";"";"";"";"";"";"";"";"";""
"21/02/2024";"0200";"";"";"";"";"";"";"";"";"";"";"";"";"";"";"";"";""
"21/02/2024";"0300";"";"";"";"";"";"";"";"";"";"";"";"";"";"";"";"";""
"21/02/2024";"0400";"";"";"";"";"";"";"";"";"";"";"";"";"";"";"";"";""
"21/02/2024";"0500";"";"";"";"";"";"";"";"";"";"";"";"";"";"";"";"";""
"21/02/2024";"0600";"";"";"";"";"";"";"";"";"";"";"";"";"";"";"";"";""
"21/02/2024";"0700";"";"";"";"";"";"";"";"";"";"";"";"";"";"";"";"";""
"21/02/2024";"0800";"";"";"";"";"";"";"";"";"";"";"";"";"";"";"";"";""
"21/02/2024";"0900";"";"";"";"";"";"";"";"";"";"";"";"";"";"";"";"";""
"21/02/2024";"1000";"";"";"";"";"";"";"";"";"";"";"";"";"";"";"";"";""
"21/02/2024";"1100";"";"";"";"";"";"";"";"";"";"";"";"";"";"";"";"";""
"21/02/2024";"1200";"";"";"";"";"";"";"";"";"";"";"";"";"";"";"";"";""
"21/02/2024";"1300";"";"";"";"";"";"";"";"";"";"";"";"";"";"";"";"";""
"21/02/2024";"1400";"";"";"";"";"";"";"";"";"";"";"";"";"";"";"";"";""
"21/02/2024";"1500";"";"";"";"";"";"";"";"";"";"";"";"";"";"";"";"";""
"21/02/2024";"1600";"";"";"";"";"";"";"";"";"";"";"";"";"";"";"";"";""
"21/02/2024";"1700";"";"";"";"";"";"";"";"";"";"";"";"";"";"";"";"";""
"21/02/2024";"1800";"";"";"";"";"";"";"";"";"";"";"";"";"";"";"";"";""
"21/02/2024";"1900";"";"";"";"";"";"";"";"";"";"";"";"";"";"";"";"";""
"21/02/2024";"2000";"";"";"";"";"";"";"";"";"";"";"";"";"";"";"";"";""
"21/02/2024";"2100";"";"";"";"";"";"";"";"";"";"";"";"";"";"";"";"";""
"21/02/2024";"2200";"";"";"";"";"";"";"";"";"";"";"";"";"";"";"";"";""
"21/02/2024";"2300";"";"";"";"";"";"";"";"";"";"";"";"";"";"";"";"";""
"22/02/2024";"0000";"";"";"";"";"";"";"";"";"";"";"";"";"";"";"";"";""
"22/02/2024";"0100";"";"";"";"";"";"";"";"";"";"";"";"";"";"";"";"";""
"22/02/2024";"0200";"";"";"";"";"";"";"";"";"";"";"";"";"";"";"";"";""
"22/02/2024";"0300";"";"";"";"";"";"";"";"";"";"";"";"";"";"";"";"";""
"22/02/2024";"0400";"";"";"";"";"";"";"";"";"";"";"";"";"";"";"";"";""
"22/02/2024";"0500";"";"";"";"";"";"";"";"";"";"";"";"";"";"";"";"";""
"22/02/2024";"0600";"";"";"";"";"";"";"";"";"";"";"";"";"";"";"";"";""
"22/02/2024";"0700";"";"";"";"";"";"";"";"";"";"";"";"";"";"";"";"";""
"22/02/2024";"0800";"";"";"";"";"";"";"";"";"";"";"";"";"";"";"";"";""
"22/02/2024";"0900";"";"";"";"";"";"";"";"";"";"";"";"";"";"";"";"";""
"22/02/2024";"1000";"";"";"";"";"";"";"";"";"";"";"";"";"";"";"";"";""
"22/02/2024";"1100";"";"";"";"";"";"";"";"";"";"";"";"";"";"";"";"";""
"22/02/2024";"1200";"";"";"";"";"";"";"";"";"";"";"";"";"";"";"";"";""
"22/02/2024";"1300";"";"";"";"";"";"";"";"";"";"";"";"";"";"";"";"";""
"22/02/2024";"1400";"";"";"";"";"";"";"";"";"";"";"";"";"";"";"";"";""
"22/02/2024";"1500";"";"";"";"";"";"";"";"";"";"";"";"";"";"";"";"";""
"22/02/2024";"1600";"";"";"";"";"";"";"";"";"";"";"";"";"";"";"";"";""
"22/02/2024";"1700";"";"";"";"";"";"";"";"";"";"";"";"";"";"";"";"";""
"22/02/2024";"1800";"";"";"";"";"";"";"";"";"";"";"";"";"";"";"";"";""
"22/02/2024";"1900";"";"";"";"";"";"";"";"";"";"";"";"";"";"";"";"";""
"22/02/2024";"2000";"";"";"";"";"";"";"";"";"";"";"";"";"";"";"";"";""
"22/02/2024";"2100";"";"";"";"";"";"";"";"";"";"";"";"";"";"";"";"";""
"22/02/2024";"2200";"";"";"";"";"";"";"";"";"";"";"";"";"";"";"";"";""
"22/02/2024";"2300";"";"";"";"";"";"";"";"";"";"";"";"";"";"";"";"";""
"23/02/2024";"0000";"";"";"";"";"";"";"";"";"";"";"";"";"";"";"";"";""
"23/02/2024";"0100";"";"";"";"";"";"";"";"";"";"";"";"";"";"";"";"";""
"23/02/2024";"0200";"";"";"";"";"";"";"";"";"";"";"";"";"";"";"";"";""
"23/02/2024";"0300";"";"";"";"";"";"";"";"";"";"";"";"";"";"";"";"";""
"23/02/2024";"0400";"";"";"";"";"";"";"";"";"";"";"";"";"";"";"";"";""
"23/02/2024";"0500";"";"";"";"";"";"";"";"";"";"";"";"";"";"";"";"";""
"23/02/2024";"0600";"";"";"";"";"";"";"";"";"";"";"";"";"";"";"";"";""
"23/02/2024";"0700";"";"";"";"";"";"";"";"";"";"";"";"";"";"";"";"";""
"23/02/2024";"0800";"";"";"";"";"";"";"";"";"";"";"";"";"";"";"";"";""
"23/02/2024";"0900";"";"";"";"";"";"";"";"";"";"";"";"";"";"";"";"";""
"23/02/2024";"1000";"";"";"";"";"";"";"";"";"";"";"";"";"";"";"";"";""
"23/02/2024";"1100";"";"";"";"";"";"";"";"";"";"";"";"";"";"";"";"";""
"23/02/2024";"1200";"";"";"";"";"";"";"";"";"";"";"";"";"";"";"";"";""
"23/02/2024";"1300";"";"";"";"";"";"";"";"";"";"";"";"";"";"";"";"";""
"23/02/2024";"1400";"";"";"";"";"";"";"";"";"";"";"";"";"";"";"";"";""
"23/02/2024";"1500";"";"";"";"";"";"";"";"";"";"";"";"";"";"";"";"";""
"23/02/2024";"1600";"";"";"";"";"";"";"";"";"";"";"";"";"";"";"";"";""
"23/02/2024";"1700";"";"";"";"";"";"";"";"";"";"";"";"";"";"";"";"";""
"23/02/2024";"1800";"";"";"";"";"";"";"";"";"";"";"";"";"";"";"";"";""
"23/02/2024";"1900";"";"";"";"";"";"";"";"";"";"";"";"";"";"";"";"";""
"23/02/2024";"2000";"";"";"";"";"";"";"";"";"";"";"";"";"";"";"";"";""
"23/02/2024";"2100";"";"";"";"";"";"";"";"";"";"";"";"";"";"";"";"";""
"23/02/2024";"2200";"";"";"";"";"";"";"";"";"";"";"";"";"";"";"";"";""
"23/02/2024";"2300";"";"";"";"";"";"";"";"";"";"";"";"";"";"";"";"";""
"24/02/2024";"0000";"";"";"";"";"";"";"";"";"";"";"";"";"";"";"";"";""
"24/02/2024";"0100";"";"";"";"";"";"";"";"";"";"";"";"";"";"";"";"";""
"24/02/2024";"0200";"";"";"";"";"";"";"";"";"";"";"";"";"";"";"";"";""
"24/02/2024";"0300";"";"";"";"";"";"";"";"";"";"";"";"";"";"";"";"";""
"24/02/2024";"0400";"";"";"";"";"";"";"";"";"";"";"";"";"";"";"";"";""
"24/02/2024";"0500";"";"";"";"";"";"";"";"";"";"";"";"";"";"";"";"";""
"24/02/2024";"0600";"";"";"";"";"";"";"";"";"";"";"";"";"";"";"";"";""
"24/02/2024";"0700";"";"";"";"";"";"";"";"";"";"";"";"";"";"";"";"";""
"24/02/2024";"0800";"";"";"";"";"";"";"";"";"";"";"";"";"";"";"";"";""
"24/02/2024";"0900";"";"";"";"";"";"";"";"";"";"";"";"";"";"";"";"";""
"24/02/2024";"1000";"";"";"";"";"";"";"";"";"";"";"";"";"";"";"";"";""
"24/02/2024";"1100";"";"";"";"";"";"";"";"";"";"";"";"";"";"";"";"";""
"24/02/2024";"1200";"";"";"";"";"";"";"";"";"";"";"";"";"";"";"";"";""
"24/02/2024";"1300";"";"";"";"";"";"";"";"";"";"";"";"";"";"";"";"";""
"24/02/2024";"1400";"";"";"";"";"";"";"";"";"";"";"";"";"";"";"";"";""
"24/02/2024";"1500";"";"";"";"";"";"";"";"";"";"";"";"";"";"";"";"";""
"24/02/2024";"1600";"";"";"";"";"";"";"";"";"";"";"";"";"";"";"";"";""
"24/02/2024";"1700";"";"";"";"";"";"";"";"";"";"";"";"";"";"";"";"";""
"24/02/2024";"1800";"";"";"";"";"";"";"";"";"";"";"";"";"";"";"";"";""
"24/02/2024";"1900";"";"";"";"";"";"";"";"";"";"";"";"";"";"";"";"";""
"24/02/2024";"2000";"";"";"";"";"";"";"";"";"";"";"";"";"";"";"";"";""
"24/02/2024";"2100";"";"";"";"";"";"";"";"";"";"";"";"";"";"";"";"";""
"24/02/2024";"2200";"";"";"";"";"";"";"";"";"";"";"";"";"";"";"";"";""
"24/02/2024";"2300";"";"";"";"";"";"";"";"";"";"";"";"";"";"";"";"";""
"25/02/2024";"0000";"";"";"";"";"";"";"";"";"";"";"";"";"";"";"";"";""
"25/02/2024";"0100";"";"";"";"";"";"";"";"";"";"";"";"";"";"";"";"";""
"25/02/2024";"0200";"";"";"";"";"";"";"";"";"";"";"";"";"";"";"";"";""
"25/02/2024";"0300";"";"";"";"";"";"";"";"";"";"";"";"";"";"";"";"";""
"25/02/2024";"0400";"";"";"";"";"";"";"";"";"";"";"";"";"";"";"";"";""
"25/02/2024";"0500";"";"";"";"";"";"";"";"";"";"";"";"";"";"";"";"";""
"25/02/2024";"0600";"";"";"";"";"";"";"";"";"";"";"";"";"";"";"";"";""
"25/02/2024";"0700";"";"";"";"";"";"";"";"";"";"";"";"";"";"";"";"";""
"25/02/2024";"0800";"";"";"";"";"";"";"";"";"";"";"";"";"";"";"";"";""
"25/02/2024";"0900";"";"";"";"";"";"";"";"";"";"";"";"";"";"";"";"";""
"25/02/2024";"1000";"";"";"";"";"";"";"";"";"";"";"";"";"";"";"";"";""
"25/02/2024";"1100";"";"";"";"";"";"";"";"";"";"";"";"";"";"";"";"";""
"25/02/2024";"1200";"";"";"";"";"";"";"";"";"";"";"";"";"";"";"";"";""
"25/02/2024";"1300";"";"";"";"";"";"";"";"";"";"";"";"";"";"";"";"";""
"25/02/2024";"1400";"";"";"";"";"";"";"";"";"";"";"";"";"";"";"";"";""
"25/02/2024";"1500";"";"";"";"";"";"";"";"";"";"";"";"";"";"";"";"";""
"25/02/2024";"1600";"";"";"";"";"";"";"";"";"";"";"";"";"";"";"";"";""
"25/02/2024";"1700";"";"";"";"";"";"";"";"";"";"";"";"";"";"";"";"";""
"25/02/2024";"1800";"";"";"";"";"";"";"";"";"";"";"";"";"";"";"";"";""
"25/02/2024";"1900";"";"";"";"";"";"";"";"";"";"";"";"";"";"";"";"";""
"25/02/2024";"2000";"";"";"";"";"";"";"";"";"";"";"";"";"";"";"";"";""
"25/02/2024";"2100";"";"";"";"";"";"";"";"";"";"";"";"";"";"";"";"";""
"25/02/2024";"2200";"";"";"";"";"";"";"";"";"";"";"";"";"";"";"";"";""
"25/02/2024";"2300";"";"";"";"";"";"";"";"";"";"";"";"";"";"";"";"";""
"26/02/2024";"0000";"";"";"";"";"";"";"";"";"";"";"";"";"";"";"";"";""
"26/02/2024";"0100";"";"";"";"";"";"";"";"";"";"";"";"";"";"";"";"";""
"26/02/2024";"0200";"";"";"";"";"";"";"";"";"";"";"";"";"";"";"";"";""
"26/02/2024";"0300";"";"";"";"";"";"";"";"";"";"";"";"";"";"";"";"";""
"26/02/2024";"0400";"";"";"";"";"";"";"";"";"";"";"";"";"";"";"";"";""
"26/02/2024";"0500";"";"";"";"";"";"";"";"";"";"";"";"";"";"";"";"";""
"26/02/2024";"0600";"";"";"";"";"";"";"";"";"";"";"";"";"";"";"";"";""
"26/02/2024";"0700";"";"";"";"";"";"";"";"";"";"";"";"";"";"";"";"";""
"26/02/2024";"0800";"";"";"";"";"";"";"";"";"";"";"";"";"";"";"";"";""
"26/02/2024";"0900";"";"";"";"";"";"";"";"";"";"";"";"";"";"";"";"";""
"26/02/2024";"1000";"";"";"";"";"";"";"";"";"";"";"";"";"";"";"";"";""
"26/02/2024";"1100";"";"";"";"";"";"";"";"";"";"";"";"";"";"";"";"";""
"26/02/2024";"1200";"";"";"";"";"";"";"";"";"";"";"";"";"";"";"";"";""
"26/02/2024";"1300";"";"";"";"";"";"";"";"";"";"";"";"";"";"";"";"";""
"26/02/2024";"1400";"";"";"";"";"";"";"";"";"";"";"";"";"";"";"";"";""
"26/02/2024";"1500";"";"";"";"";"";"";"";"";"";"";"";"";"";"";"";"";""
"26/02/2024";"1600";"";"";"";"";"";"";"";"";"";"";"";"";"";"";"";"";""
"26/02/2024";"1700";"";"";"";"";"";"";"";"";"";"";"";"";"";"";"";"";""
"26/02/2024";"1800";"";"";"";"";"";"";"";"";"";"";"";"";"";"";"";"";""
"26/02/2024";"1900";"";"";"";"";"";"";"";"";"";"";"";"";"";"";"";"";""
"26/02/2024";"2000";"";"";"";"";"";"";"";"";"";"";"";"";"";"";"";"";""
"26/02/2024";"2100";"";"";"";"";"";"";"";"";"";"";"";"";"";"";"";"";""
"26/02/2024";"2200";"";"";"";"";"";"";"";"";"";"";"";"";"";"";"";"";""
"26/02/2024";"2300";"";"";"";"";"";"";"";"";"";"";"";"";"";"";"";"";""
"27/02/2024";"0000";"";"";"";"";"";"";"";"";"";"";"";"";"";"";"";"";""
"27/02/2024";"0100";"";"";"";"";"";"";"";"";"";"";"";"";"";"";"";"";""
"27/02/2024";"0200";"";"";"";"";"";"";"";"";"";"";"";"";"";"";"";"";""
"27/02/2024";"0300";"";"";"";"";"";"";"";"";"";"";"";"";"";"";"";"";""
"27/02/2024";"0400";"";"";"";"";"";"";"";"";"";"";"";"";"";"";"";"";""
"27/02/2024";"0500";"";"";"";"";"";"";"";"";"";"";"";"";"";"";"";"";""
"27/02/2024";"0600";"";"";"";"";"";"";"";"";"";"";"";"";"";"";"";"";""
"27/02/2024";"0700";"";"";"";"";"";"";"";"";"";"";"";"";"";"";"";"";""
"27/02/2024";"0800";"";"";"";"";"";"";"";"";"";"";"";"";"";"";"";"";""
"27/02/2024";"0900";"";"";"";"";"";"";"";"";"";"";"";"";"";"";"";"";""
"27/02/2024";"1000";"";"";"";"";"";"";"";"";"";"";"";"";"";"";"";"";""
"27/02/2024";"1100";"";"";"";"";"";"";"";"";"";"";"";"";"";"";"";"";""
"27/02/2024";"1200";"";"";"";"";"";"";"";"";"";"";"";"";"";"";"";"";""
"27/02/2024";"1300";"";"";"";"";"";"";"";"";"";"";"";"";"";"";"";"";""
"27/02/2024";"1400";"";"";"";"";"";"";"";"";"";"";"";"";"";"";"";"";""
"27/02/2024";"1500";"";"";"";"";"";"";"";"";"";"";"";"";"";"";"";"";""
"27/02/2024";"1600";"";"";"";"";"";"";"";"";"";"";"";"";"";"";"";"";""
"27/02/2024";"1700";"";"";"";"";"";"";"";"";"";"";"";"";"";"";"";"";""
"27/02/2024";"1800";"";"";"";"";"";"";"";"";"";"";"";"";"";"";"";"";""
"27/02/2024";"1900";"";"";"";"";"";"";"";"";"";"";"";"";"";"";"";"";""
"27/02/2024";"2000";"";"";"";"";"";"";"";"";"";"";"";"";"";"";"";"";""
"27/02/2024";"2100";"";"";"";"";"";"";"";"";"";"";"";"";"";"";"";"";""
"27/02/2024";"2200";"";"";"";"";"";"";"";"";"";"";"";"";"";"";"";"";""
"27/02/2024";"2300";"";"";"";"";"";"";"";"";"";"";"";"";"";"";"";"";""
"28/02/2024";"0000";"";"";"";"";"";"";"";"";"";"";"";"";"";"";"";"";""
"28/02/2024";"0100";"";"";"";"";"";"";"";"";"";"";"";"";"";"";"";"";""
"28/02/2024";"0200";"";"";"";"";"";"";"";"";"";"";"";"";"";"";"";"";""
"28/02/2024";"0300";"";"";"";"";"";"";"";"";"";"";"";"";"";"";"";"";""
"28/02/2024";"0400";"";"";"";"";"";"";"";"";"";"";"";"";"";"";"";"";""
"28/02/2024";"0500";"";"";"";"";"";"";"";"";"";"";"";"";"";"";"";"";""
"28/02/2024";"0600";"";"";"";"";"";"";"";"";"";"";"";"";"";"";"";"";""
"28/02/2024";"0700";"";"";"";"";"";"";"";"";"";"";"";"";"";"";"";"";""
"28/02/2024";"0800";"";"";"";"";"";"";"";"";"";"";"";"";"";"";"";"";""
"28/02/2024";"0900";"";"";"";"";"";"";"";"";"";"";"";"";"";"";"";"";""
"28/02/2024";"1000";"";"";"";"";"";"";"";"";"";"";"";"";"";"";"";"";""
"28/02/2024";"1100";"";"";"";"";"";"";"";"";"";"";"";"";"";"";"";"";""
"28/02/2024";"1200";"";"";"";"";"";"";"";"";"";"";"";"";"";"";"";"";""
"28/02/2024";"1300";"";"";"";"";"";"";"";"";"";"";"";"";"";"";"";"";""
"28/02/2024";"1400";"";"";"";"";"";"";"";"";"";"";"";"";"";"";"";"";""
"28/02/2024";"1500";"";"";"";"";"";"";"";"";"";"";"";"";"";"";"";"";""
"28/02/2024";"1600";"";"";"";"";"";"";"";"";"";"";"";"";"";"";"";"";""
"28/02/2024";"1700";"";"";"";"";"";"";"";"";"";"";"";"";"";"";"";"";""
"28/02/2024";"1800";"";"";"";"";"";"";"";"";"";"";"";"";"";"";"";"";""
"28/02/2024";"1900";"";"";"";"";"";"";"";"";"";"";"";"";"";"";"";"";""
"28/02/2024";"2000";"";"";"";"";"";"";"";"";"";"";"";"";"";"";"";"";""
"28/02/2024";"2100";"";"";"";"";"";"";"";"";"";"";"";"";"";"";"";"";""
"28/02/2024";"2200";"";"";"";"";"";"";"";"";"";"";"";"";"";"";"";"";""
"28/02/2024";"2300";"";"";"";"";"";"";"";"";"";"";"";"";"";"";"";"";""
"29/02/2024";"0000";"";"";"";"";"";"";"";"";"";"";"";"";"";"";"";"";""
"29/02/2024";"0100";"";"";"";"";"";"";"";"";"";"";"";"";"";"";"";"";""
"29/02/2024";"0200";"";"";"";"";"";"";"";"";"";"";"";"";"";"";"";"";""
"29/02/2024";"0300";"";"";"";"";"";"";"";"";"";"";"";"";"";"";"";"";""
"29/02/2024";"0400";"";"";"";"";"";"";"";"";"";"";"";"";"";"";"";"";""
"29/02/2024";"0500";"";"";"";"";"";"";"";"";"";"";"";"";"";"";"";"";""
"29/02/2024";"0600";"";"";"";"";"";"";"";"";"";"";"";"";"";"";"";"";""
"29/02/2024";"0700";"";"";"";"";"";"";"";"";"";"";"";"";"";"";"";"";""
"29/02/2024";"0800";"";"";"";"";"";"";"";"";"";"";"";"";"";"";"";"";""
"29/02/2024";"0900";"";"";"";"";"";"";"";"";"";"";"";"";"";"";"";"";""
"29/02/2024";"1000";"";"";"";"";"";"";"";"";"";"";"";"";"";"";"";"";""
"29/02/2024";"1100";"";"";"";"";"";"";"";"";"";"";"";"";"";"";"";"";""
"29/02/2024";"1200";"";"";"";"";"";"";"";"";"";"";"";"";"";"";"";"";""
"29/02/2024";"1300";"";"";"";"";"";"";"";"";"";"";"";"";"";"";"";"";""
"29/02/2024";"1400";"";"";"";"";"";"";"";"";"";"";"";"";"";"";"";"";""
"29/02/2024";"1500";"";"";"";"";"";"";"";"";"";"";"";"";"";"";"";"";""
"29/02/2024";"1600";"";"";"";"";"";"";"";"";"";"";"";"";"";"";"";"";""
"29/02/2024";"1700";"";"";"";"";"";"";"";"";"";"";"";"";"";"";"";"";""
"29/02/2024";"1800";"";"";"";"";"";"";"";"";"";"";"";"";"";"";"";"";""
"29/02/2024";"1900";"";"";"";"";"";"";"";"";"";"";"";"";"";"";"";"";""
"29/02/2024";"2000";"";"";"";"";"";"";"";"";"";"";"";"";"";"";"";"";""
"29/02/2024";"2100";"";"";"";"";"";"";"";"";"";"";"";"";"";"";"";"";""
"29/02/2024";"2200";"";"";"";"";"";"";"";"";"";"";"";"";"";"";"";"";""
"29/02/2024";"2300";"";"";"";"";"";"";"";"";"";"";"";"";"";"";"";"";""
"01/03/2024";"0000";"";"";"";"";"";"";"";"";"";"";"";"";"";"";"";"";""
"01/03/2024";"0100";"";"";"";"";"";"";"";"";"";"";"";"";"";"";"";"";""
"01/03/2024";"0200";"";"";"";"";"";"";"";"";"";"";"";"";"";"";"";"";""
"01/03/2024";"0300";"";"";"";"";"";"";"";"";"";"";"";"";"";"";"";"";""
"01/03/2024";"0400";"";"";"";"";"";"";"";"";"";"";"";"";"";"";"";"";""
"01/03/2024";"0500";"";"";"";"";"";"";"";"";"";"";"";"";"";"";"";"";""
"01/03/2024";"0600";"";"";"";"";"";"";"";"";"";"";"";"";"";"";"";"";""
"01/03/2024";"0700";"";"";"";"";"";"";"";"";"";"";"";"";"";"";"";"";""
"01/03/2024";"0800";"";"";"";"";"";"";"";"";"";"";"";"";"";"";"";"";""
"01/03/2024";"0900";"";"";"";"";"";"";"";"";"";"";"";"";"";"";"";"";""
"01/03/2024";"1000";"";"";"";"";"";"";"";"";"";"";"";"";"";"";"";"";""
"01/03/2024";"1100";"";"";"";"";"";"";"";"";"";"";"";"";"";"";"";"";""
"01/03/2024";"1200";"";"";"";"";"";"";"";"";"";"";"";"";"";"";"";"";""
"01/03/2024";"1300";"";"";"";"";"";"";"";"";"";"";"";"";"";"";"";"";""
"01/03/2024";"1400";"";"";"";"";"";"";"";"";"";"";"";"";"";"";"";"";""
"01/03/2024";"1500";"";"";"";"";"";"";"";"";"";"";"";"";"";"";"";"";""
"01/03/2024";"1600";"";"";"";"";"";"";"";"";"";"";"";"";"";"";"";"";""
"01/03/2024";"1700";"";"";"";"";"";"";"";"";"";"";"";"";"";"";"";"";""
"01/03/2024";"1800";"";"";"";"";"";"";"";"";"";"";"";"";"";"";"";"";""
"01/03/2024";"1900";"";"";"";"";"";"";"";"";"";"";"";"";"";"";"";"";""
"01/03/2024";"2000";"";"";"";"";"";"";"";"";"";"";"";"";"";"";"";"";""
"01/03/2024";"2100";"";"";"";"";"";"";"";"";"";"";"";"";"";"";"";"";""
"01/03/2024";"2200";"";"";"";"";"";"";"";"";"";"";"";"";"";"";"";"";""
"01/03/2024";"2300";"";"";"";"";"";"";"";"";"";"";"";"";"";"";"";"";""
"02/03/2024";"0000";"";"";"";"";"";"";"";"";"";"";"";"";"";"";"";"";""
"02/03/2024";"0100";"";"";"";"";"";"";"";"";"";"";"";"";"";"";"";"";""
"02/03/2024";"0200";"";"";"";"";"";"";"";"";"";"";"";"";"";"";"";"";""
"02/03/2024";"0300";"";"";"";"";"";"";"";"";"";"";"";"";"";"";"";"";""
"02/03/2024";"0400";"";"";"";"";"";"";"";"";"";"";"";"";"";"";"";"";""
"02/03/2024";"0500";"";"";"";"";"";"";"";"";"";"";"";"";"";"";"";"";""
"02/03/2024";"0600";"";"";"";"";"";"";"";"";"";"";"";"";"";"";"";"";""
"02/03/2024";"0700";"";"";"";"";"";"";"";"";"";"";"";"";"";"";"";"";""
"02/03/2024";"0800";"";"";"";"";"";"";"";"";"";"";"";"";"";"";"";"";""
"02/03/2024";"0900";"";"";"";"";"";"";"";"";"";"";"";"";"";"";"";"";""
"02/03/2024";"1000";"";"";"";"";"";"";"";"";"";"";"";"";"";"";"";"";""
"02/03/2024";"1100";"";"";"";"";"";"";"";"";"";"";"";"";"";"";"";"";""
"02/03/2024";"1200";"";"";"";"";"";"";"";"";"";"";"";"";"";"";"";"";""
"02/03/2024";"1300";"";"";"";"";"";"";"";"";"";"";"";"";"";"";"";"";""
"02/03/2024";"1400";"";"";"";"";"";"";"";"";"";"";"";"";"";"";"";"";""
"02/03/2024";"1500";"";"";"";"";"";"";"";"";"";"";"";"";"";"";"";"";""
"02/03/2024";"1600";"";"";"";"";"";"";"";"";"";"";"";"";"";"";"";"";""
"02/03/2024";"1700";"";"";"";"";"";"";"";"";"";"";"";"";"";"";"";"";""
"02/03/2024";"1800";"";"";"";"";"";"";"";"";"";"";"";"";"";"";"";"";""
"02/03/2024";"1900";"";"";"";"";"";"";"";"";"";"";"";"";"";"";"";"";""
"02/03/2024";"2000";"";"";"";"";"";"";"";"";"";"";"";"";"";"";"";"";""
"02/03/2024";"2100";"";"";"";"";"";"";"";"";"";"";"";"";"";"";"";"";""
"02/03/2024";"2200";"";"";"";"";"";"";"";"";"";"";"";"";"";"";"";"";""
"02/03/2024";"2300";"";"";"";"";"";"";"";"";"";"";"";"";"";"";"";"";""
"03/03/2024";"0000";"";"";"";"";"";"";"";"";"";"";"";"";"";"";"";"";""
"03/03/2024";"0100";"";"";"";"";"";"";"";"";"";"";"";"";"";"";"";"";""
"03/03/2024";"0200";"";"";"";"";"";"";"";"";"";"";"";"";"";"";"";"";""
"03/03/2024";"0300";"";"";"";"";"";"";"";"";"";"";"";"";"";"";"";"";""
"03/03/2024";"0400";"";"";"";"";"";"";"";"";"";"";"";"";"";"";"";"";""
"03/03/2024";"0500";"";"";"";"";"";"";"";"";"";"";"";"";"";"";"";"";""
"03/03/2024";"0600";"";"";"";"";"";"";"";"";"";"";"";"";"";"";"";"";""
"03/03/2024";"0700";"";"";"";"";"";"";"";"";"";"";"";"";"";"";"";"";""
"03/03/2024";"0800";"";"";"";"";"";"";"";"";"";"";"";"";"";"";"";"";""
"03/03/2024";"0900";"";"";"";"";"";"";"";"";"";"";"";"";"";"";"";"";""
"03/03/2024";"1000";"";"";"";"";"";"";"";"";"";"";"";"";"";"";"";"";""
"03/03/2024";"1100";"";"";"";"";"";"";"";"";"";"";"";"";"";"";"";"";""
"03/03/2024";"1200";"";"";"";"";"";"";"";"";"";"";"";"";"";"";"";"";""
"03/03/2024";"1300";"";"";"";"";"";"";"";"";"";"";"";"";"";"";"";"";""
"03/03/2024";"1400";"";"";"";"";"";"";"";"";"";"";"";"";"";"";"";"";""
"03/03/2024";"1500";"";"";"";"";"";"";"";"";"";"";"";"";"";"";"";"";""
"03/03/2024";"1600";"";"";"";"";"";"";"";"";"";"";"";"";"";"";"";"";""
"03/03/2024";"1700";"";"";"";"";"";"";"";"";"";"";"";"";"";"";"";"";""
"03/03/2024";"1800";"";"";"";"";"";"";"";"";"";"";"";"";"";"";"";"";""
"03/03/2024";"1900";"";"";"";"";"";"";"";"";"";"";"";"";"";"";"";"";""
"03/03/2024";"2000";"";"";"";"";"";"";"";"";"";"";"";"";"";"";"";"";""
"03/03/2024";"2100";"";"";"";"";"";"";"";"";"";"";"";"";"";"";"";"";""
"03/03/2024";"2200";"";"";"";"";"";"";"";"";"";"";"";"";"";"";"";"";""
"03/03/2024";"2300";"";"";"";"";"";"";"";"";"";"";"";"";"";"";"";"";""
"04/03/2024";"0000";"";"";"";"";"";"";"";"";"";"";"";"";"";"";"";"";""
"04/03/2024";"0100";"";"";"";"";"";"";"";"";"";"";"";"";"";"";"";"";""
"04/03/2024";"0200";"";"";"";"";"";"";"";"";"";"";"";"";"";"";"";"";""
"04/03/2024";"0300";"";"";"";"";"";"";"";"";"";"";"";"";"";"";"";"";""
"04/03/2024";"0400";"";"";"";"";"";"";"";"";"";"";"";"";"";"";"";"";""
"04/03/2024";"0500";"";"";"";"";"";"";"";"";"";"";"";"";"";"";"";"";""
"04/03/2024";"0600";"";"";"";"";"";"";"";"";"";"";"";"";"";"";"";"";""
"04/03/2024";"0700";"";"";"";"";"";"";"";"";"";"";"";"";"";"";"";"";""
"04/03/2024";"0800";"";"";"";"";"";"";"";"";"";"";"";"";"";"";"";"";""
"04/03/2024";"0900";"";"";"";"";"";"";"";"";"";"";"";"";"";"";"";"";""
"04/03/2024";"1000";"";"";"";"";"";"";"";"";"";"";"";"";"";"";"";"";""
"04/03/2024";"1100";"";"";"";"";"";"";"";"";"";"";"";"";"";"";"";"";""
"04/03/2024";"1200";"";"";"";"";"";"";"";"";"";"";"";"";"";"";"";"";""
"04/03/2024";"1300";"";"";"";"";"";"";"";"";"";"";"";"";"";"";"";"";""
"04/03/2024";"1400";"";"";"";"";"";"";"";"";"";"";"";"";"";"";"";"";""
"04/03/2024";"1500";"";"";"";"";"";"";"";"";"";"";"";"";"";"";"";"";""
"04/03/2024";"1600";"";"";"";"";"";"";"";"";"";"";"";"";"";"";"";"";""
"04/03/2024";"1700";"";"";"";"";"";"";"";"";"";"";"";"";"";"";"";"";""
"04/03/2024";"1800";"";"";"";"";"";"";"";"";"";"";"";"";"";"";"";"";""
"04/03/2024";"1900";"";"";"";"";"";"";"";"";"";"";"";"";"";"";"";"";""
"04/03/2024";"2000";"";"";"";"";"";"";"";"";"";"";"";"";"";"";"";"";""
"04/03/2024";"2100";"";"";"";"";"";"";"";"";"";"";"";"";"";"";"";"";""
"04/03/2024";"2200";"";"";"";"";"";"";"";"";"";"";"";"";"";"";"";"";""
"04/03/2024";"2300";"";"";"";"";"";"";"";"";"";"";"";"";"";"";"";"";""
"05/03/2024";"0000";"";"";"";"";"";"";"";"";"";"";"";"";"";"";"";"";""
"05/03/2024";"0100";"";"";"";"";"";"";"";"";"";"";"";"";"";"";"";"";""
"05/03/2024";"0200";"";"";"";"";"";"";"";"";"";"";"";"";"";"";"";"";""
"05/03/2024";"0300";"";"";"";"";"";"";"";"";"";"";"";"";"";"";"";"";""
"05/03/2024";"0400";"";"";"";"";"";"";"";"";"";"";"";"";"";"";"";"";""
"05/03/2024";"0500";"";"";"";"";"";"";"";"";"";"";"";"";"";"";"";"";""
"05/03/2024";"0600";"";"";"";"";"";"";"";"";"";"";"";"";"";"";"";"";""
"05/03/2024";"0700";"";"";"";"";"";"";"";"";"";"";"";"";"";"";"";"";""
"05/03/2024";"0800";"";"";"";"";"";"";"";"";"";"";"";"";"";"";"";"";""
"05/03/2024";"0900";"";"";"";"";"";"";"";"";"";"";"";"";"";"";"";"";""
"05/03/2024";"1000";"";"";"";"";"";"";"";"";"";"";"";"";"";"";"";"";""
"05/03/2024";"1100";"";"";"";"";"";"";"";"";"";"";"";"";"";"";"";"";""
"05/03/2024";"1200";"";"";"";"";"";"";"";"";"";"";"";"";"";"";"";"";""
"05/03/2024";"1300";"";"";"";"";"";"";"";"";"";"";"";"";"";"";"";"";""
"05/03/2024";"1400";"";"";"";"";"";"";"";"";"";"";"";"";"";"";"";"";""
"05/03/2024";"1500";"";"";"";"";"";"";"";"";"";"";"";"";"";"";"";"";""
"05/03/2024";"1600";"";"";"";"";"";"";"";"";"";"";"";"";"";"";"";"";""
"05/03/2024";"1700";"";"";"";"";"";"";"";"";"";"";"";"";"";"";"";"";""
"05/03/2024";"1800";"";"";"";"";"";"";"";"";"";"";"";"";"";"";"";"";""
"05/03/2024";"1900";"";"";"";"";"";"";"";"";"";"";"";"";"";"";"";"";""
"05/03/2024";"2000";"";"";"";"";"";"";"";"";"";"";"";"";"";"";"";"";""
"05/03/2024";"2100";"";"";"";"";"";"";"";"";"";"";"";"";"";"";"";"";""
"05/03/2024";"2200";"";"";"";"";"";"";"";"";"";"";"";"";"";"";"";"";""
"05/03/2024";"2300";"";"";"";"";"";"";"";"";"";"";"";"";"";"";"";"";""
"06/03/2024";"0000";"";"";"";"";"";"";"";"";"";"";"";"";"";"";"";"";""
"06/03/2024";"0100";"";"";"";"";"";"";"";"";"";"";"";"";"";"";"";"";""
"06/03/2024";"0200";"";"";"";"";"";"";"";"";"";"";"";"";"";"";"";"";""
"06/03/2024";"0300";"";"";"";"";"";"";"";"";"";"";"";"";"";"";"";"";""
"06/03/2024";"0400";"";"";"";"";"";"";"";"";"";"";"";"";"";"";"";"";""
"06/03/2024";"0500";"";"";"";"";"";"";"";"";"";"";"";"";"";"";"";"";""
"06/03/2024";"0600";"";"";"";"";"";"";"";"";"";"";"";"";"";"";"";"";""
"06/03/2024";"0700";"";"";"";"";"";"";"";"";"";"";"";"";"";"";"";"";""
"06/03/2024";"0800";"";"";"";"";"";"";"";"";"";"";"";"";"";"";"";"";""
"06/03/2024";"0900";"";"";"";"";"";"";"";"";"";"";"";"";"";"";"";"";""
"06/03/2024";"1000";"";"";"";"";"";"";"";"";"";"";"";"";"";"";"";"";""
"06/03/2024";"1100";"";"";"";"";"";"";"";"";"";"";"";"";"";"";"";"";""
"06/03/2024";"1200";"";"";"";"";"";"";"";"";"";"";"";"";"";"";"";"";""
"06/03/2024";"1300";"";"";"";"";"";"";"";"";"";"";"";"";"";"";"";"";""
"06/03/2024";"1400";"";"";"";"";"";"";"";"";"";"";"";"";"";"";"";"";""
"06/03/2024";"1500";"";"";"";"";"";"";"";"";"";"";"";"";"";"";"";"";""
"06/03/2024";"1600";"";"";"";"";"";"";"";"";"";"";"";"";"";"";"";"";""
"06/03/2024";"1700";"";"";"";"";"";"";"";"";"";"";"";"";"";"";"";"";""
"06/03/2024";"1800";"";"";"";"";"";"";"";"";"";"";"";"";"";"";"";"";""
"06/03/2024";"1900";"";"";"";"";"";"";"";"";"";"";"";"";"";"";"";"";""
"06/03/2024";"2000";"";"";"";"";"";"";"";"";"";"";"";"";"";"";"";"";""
"06/03/2024";"2100";"";"";"";"";"";"";"";"";"";"";"";"";"";"";"";"";""
"06/03/2024";"2200";"";"";"";"";"";"";"";"";"";"";"";"";"";"";"";"";""
"06/03/2024";"2300";"";"";"";"";"";"";"";"";"";"";"";"";"";"";"";"";""
"07/03/2024";"0000";"";"";"";"";"";"";"";"";"";"";"";"";"";"";"";"";""
"07/03/2024";"0100";"";"";"";"";"";"";"";"";"";"";"";"";"";"";"";"";""
"07/03/2024";"0200";"";"";"";"";"";"";"";"";"";"";"";"";"";"";"";"";""
"07/03/2024";"0300";"";"";"";"";"";"";"";"";"";"";"";"";"";"";"";"";""
"07/03/2024";"0400";"";"";"";"";"";"";"";"";"";"";"";"";"";"";"";"";""
"07/03/2024";"0500";"";"";"";"";"";"";"";"";"";"";"";"";"";"";"";"";""
"07/03/2024";"0600";"";"";"";"";"";"";"";"";"";"";"";"";"";"";"";"";""
"07/03/2024";"0700";"";"";"";"";"";"";"";"";"";"";"";"";"";"";"";"";""
"07/03/2024";"0800";"";"";"";"";"";"";"";"";"";"";"";"";"";"";"";"";""
"07/03/2024";"0900";"";"";"";"";"";"";"";"";"";"";"";"";"";"";"";"";""
"07/03/2024";"1000";"";"";"";"";"";"";"";"";"";"";"";"";"";"";"";"";""
"07/03/2024";"1100";"";"";"";"";"";"";"";"";"";"";"";"";"";"";"";"";""
"07/03/2024";"1200";"";"";"";"";"";"";"";"";"";"";"";"";"";"";"";"";""
"07/03/2024";"1300";"";"";"";"";"";"";"";"";"";"";"";"";"";"";"";"";""
"07/03/2024";"1400";"";"";"";"";"";"";"";"";"";"";"";"";"";"";"";"";""
"07/03/2024";"1500";"";"";"";"";"";"";"";"";"";"";"";"";"";"";"";"";""
"07/03/2024";"1600";"";"";"";"";"";"";"";"";"";"";"";"";"";"";"";"";""
"07/03/2024";"1700";"";"";"";"";"";"";"";"";"";"";"";"";"";"";"";"";""
"07/03/2024";"1800";"";"";"";"";"";"";"";"";"";"";"";"";"";"";"";"";""
"07/03/2024";"1900";"";"";"";"";"";"";"";"";"";"";"";"";"";"";"";"";""
"07/03/2024";"2000";"";"";"";"";"";"";"";"";"";"";"";"";"";"";"";"";""
"07/03/2024";"2100";"";"";"";"";"";"";"";"";"";"";"";"";"";"";"";"";""
"07/03/2024";"2200";"";"";"";"";"";"";"";"";"";"";"";"";"";"";"";"";""
"07/03/2024";"2300";"";"";"";"";"";"";"";"";"";"";"";"";"";"";"";"";""
"08/03/2024";"0000";"";"";"";"";"";"";"";"";"";"";"";"";"";"";"";"";""
"08/03/2024";"0100";"";"";"";"";"";"";"";"";"";"";"";"";"";"";"";"";""
"08/03/2024";"0200";"";"";"";"";"";"";"";"";"";"";"";"";"";"";"";"";""
"08/03/2024";"0300";"";"";"";"";"";"";"";"";"";"";"";"";"";"";"";"";""
"08/03/2024";"0400";"";"";"";"";"";"";"";"";"";"";"";"";"";"";"";"";""
"08/03/2024";"0500";"";"";"";"";"";"";"";"";"";"";"";"";"";"";"";"";""
"08/03/2024";"0600";"";"";"";"";"";"";"";"";"";"";"";"";"";"";"";"";""
"08/03/2024";"0700";"";"";"";"";"";"";"";"";"";"";"";"";"";"";"";"";""
"08/03/2024";"0800";"";"";"";"";"";"";"";"";"";"";"";"";"";"";"";"";""
"08/03/2024";"0900";"";"";"";"";"";"";"";"";"";"";"";"";"";"";"";"";""
"08/03/2024";"1000";"";"";"";"";"";"";"";"";"";"";"";"";"";"";"";"";""
"08/03/2024";"1100";"";"";"";"";"";"";"";"";"";"";"";"";"";"";"";"";""
"08/03/2024";"1200";"";"";"";"";"";"";"";"";"";"";"";"";"";"";"";"";""
"08/03/2024";"1300";"";"";"";"";"";"";"";"";"";"";"";"";"";"";"";"";""
"08/03/2024";"1400";"";"";"";"";"";"";"";"";"";"";"";"";"";"";"";"";""
"08/03/2024";"1500";"";"";"";"";"";"";"";"";"";"";"";"";"";"";"";"";""
"08/03/2024";"1600";"";"";"";"";"";"";"";"";"";"";"";"";"";"";"";"";""
"08/03/2024";"1700";"";"";"";"";"";"";"";"";"";"";"";"";"";"";"";"";""
"08/03/2024";"1800";"";"";"";"";"";"";"";"";"";"";"";"";"";"";"";"";""
"08/03/2024";"1900";"";"";"";"";"";"";"";"";"";"";"";"";"";"";"";"";""
"08/03/2024";"2000";"";"";"";"";"";"";"";"";"";"";"";"";"";"";"";"";""
"08/03/2024";"2100";"";"";"";"";"";"";"";"";"";"";"";"";"";"";"";"";""
"08/03/2024";"2200";"";"";"";"";"";"";"";"";"";"";"";"";"";"";"";"";""
"08/03/2024";"2300";"";"";"";"";"";"";"";"";"";"";"";"";"";"";"";"";""
"09/03/2024";"0000";"";"";"";"";"";"";"";"";"";"";"";"";"";"";"";"";""
"09/03/2024";"0100";"";"";"";"";"";"";"";"";"";"";"";"";"";"";"";"";""
"09/03/2024";"0200";"";"";"";"";"";"";"";"";"";"";"";"";"";"";"";"";""
"09/03/2024";"0300";"";"";"";"";"";"";"";"";"";"";"";"";"";"";"";"";""
"09/03/2024";"0400";"";"";"";"";"";"";"";"";"";"";"";"";"";"";"";"";""
"09/03/2024";"0500";"";"";"";"";"";"";"";"";"";"";"";"";"";"";"";"";""
"09/03/2024";"0600";"";"";"";"";"";"";"";"";"";"";"";"";"";"";"";"";""
"09/03/2024";"0700";"";"";"";"";"";"";"";"";"";"";"";"";"";"";"";"";""
"09/03/2024";"0800";"";"";"";"";"";"";"";"";"";"";"";"";"";"";"";"";""
"09/03/2024";"0900";"";"";"";"";"";"";"";"";"";"";"";"";"";"";"";"";""
"09/03/2024";"1000";"";"";"";"";"";"";"";"";"";"";"";"";"";"";"";"";""
"09/03/2024";"1100";"";"";"";"";"";"";"";"";"";"";"";"";"";"";"";"";""
"09/03/2024";"1200";"";"";"";"";"";"";"";"";"";"";"";"";"";"";"";"";""
"09/03/2024";"1300";"";"";"";"";"";"";"";"";"";"";"";"";"";"";"";"";""
"09/03/2024";"1400";"";"";"";"";"";"";"";"";"";"";"";"";"";"";"";"";""
"09/03/2024";"1500";"";"";"";"";"";"";"";"";"";"";"";"";"";"";"";"";""
"09/03/2024";"1600";"";"";"";"";"";"";"";"";"";"";"";"";"";"";"";"";""
"09/03/2024";"1700";"";"";"";"";"";"";"";"";"";"";"";"";"";"";"";"";""
"09/03/2024";"1800";"";"";"";"";"";"";"";"";"";"";"";"";"";"";"";"";""
"09/03/2024";"1900";"";"";"";"";"";"";"";"";"";"";"";"";"";"";"";"";""
"09/03/2024";"2000";"";"";"";"";"";"";"";"";"";"";"";"";"";"";"";"";""
"09/03/2024";"2100";"";"";"";"";"";"";"";"";"";"";"";"";"";"";"";"";""
"09/03/2024";"2200";"";"";"";"";"";"";"";"";"";"";"";"";"";"";"";"";""
"09/03/2024";"2300";"";"";"";"";"";"";"";"";"";"";"";"";"";"";"";"";""
"10/03/2024";"0000";"";"";"";"";"";"";"";"";"";"";"";"";"";"";"";"";""
"10/03/2024";"0100";"";"";"";"";"";"";"";"";"";"";"";"";"";"";"";"";""
"10/03/2024";"0200";"";"";"";"";"";"";"";"";"";"";"";"";"";"";"";"";""
"10/03/2024";"0300";"";"";"";"";"";"";"";"";"";"";"";"";"";"";"";"";""
"10/03/2024";"0400";"";"";"";"";"";"";"";"";"";"";"";"";"";"";"";"";""
"10/03/2024";"0500";"";"";"";"";"";"";"";"";"";"";"";"";"";"";"";"";""
"10/03/2024";"0600";"";"";"";"";"";"";"";"";"";"";"";"";"";"";"";"";""
"10/03/2024";"0700";"";"";"";"";"";"";"";"";"";"";"";"";"";"";"";"";""
"10/03/2024";"0800";"";"";"";"";"";"";"";"";"";"";"";"";"";"";"";"";""
"10/03/2024";"0900";"";"";"";"";"";"";"";"";"";"";"";"";"";"";"";"";""
"10/03/2024";"1000";"";"";"";"";"";"";"";"";"";"";"";"";"";"";"";"";""
"10/03/2024";"1100";"";"";"";"";"";"";"";"";"";"";"";"";"";"";"";"";""
"10/03/2024";"1200";"";"";"";"";"";"";"";"";"";"";"";"";"";"";"";"";""
"10/03/2024";"1300";"";"";"";"";"";"";"";"";"";"";"";"";"";"";"";"";""
"10/03/2024";"1400";"";"";"";"";"";"";"";"";"";"";"";"";"";"";"";"";""
"10/03/2024";"1500";"";"";"";"";"";"";"";"";"";"";"";"";"";"";"";"";""
"10/03/2024";"1600";"";"";"";"";"";"";"";"";"";"";"";"";"";"";"";"";""
"10/03/2024";"1700";"";"";"";"";"";"";"";"";"";"";"";"";"";"";"";"";""
"10/03/2024";"1800";"";"";"";"";"";"";"";"";"";"";"";"";"";"";"";"";""
"10/03/2024";"1900";"";"";"";"";"";"";"";"";"";"";"";"";"";"";"";"";""
"10/03/2024";"2000";"";"";"";"";"";"";"";"";"";"";"";"";"";"";"";"";""
"10/03/2024";"2100";"";"";"";"";"";"";"";"";"";"";"";"";"";"";"";"";""
"10/03/2024";"2200";"";"";"";"";"";"";"";"";"";"";"";"";"";"";"";"";""
"10/03/2024";"2300";"";"";"";"";"";"";"";"";"";"";"";"";"";"";"";"";""
"11/03/2024";"0000";"";"";"";"";"";"";"";"";"";"";"";"";"";"";"";"";""
"11/03/2024";"0100";"";"";"";"";"";"";"";"";"";"";"";"";"";"";"";"";""
"11/03/2024";"0200";"";"";"";"";"";"";"";"";"";"";"";"";"";"";"";"";""
"11/03/2024";"0300";"";"";"";"";"";"";"";"";"";"";"";"";"";"";"";"";""
"11/03/2024";"0400";"";"";"";"";"";"";"";"";"";"";"";"";"";"";"";"";""
"11/03/2024";"0500";"";"";"";"";"";"";"";"";"";"";"";"";"";"";"";"";""
"11/03/2024";"0600";"";"";"";"";"";"";"";"";"";"";"";"";"";"";"";"";""
"11/03/2024";"0700";"";"";"";"";"";"";"";"";"";"";"";"";"";"";"";"";""
"11/03/2024";"0800";"";"";"";"";"";"";"";"";"";"";"";"";"";"";"";"";""
"11/03/2024";"0900";"";"";"";"";"";"";"";"";"";"";"";"";"";"";"";"";""
"11/03/2024";"1000";"";"";"";"";"";"";"";"";"";"";"";"";"";"";"";"";""
"11/03/2024";"1100";"";"";"";"";"";"";"";"";"";"";"";"";"";"";"";"";""
"11/03/2024";"1200";"";"";"";"";"";"";"";"";"";"";"";"";"";"";"";"";""
"11/03/2024";"1300";"";"";"";"";"";"";"";"";"";"";"";"";"";"";"";"";""
"11/03/2024";"1400";"";"";"";"";"";"";"";"";"";"";"";"";"";"";"";"";""
"11/03/2024";"1500";"";"";"";"";"";"";"";"";"";"";"";"";"";"";"";"";""
"11/03/2024";"1600";"";"";"";"";"";"";"";"";"";"";"";"";"";"";"";"";""
"11/03/2024";"1700";"";"";"";"";"";"";"";"";"";"";"";"";"";"";"";"";""
"11/03/2024";"1800";"";"";"";"";"";"";"";"";"";"";"";"";"";"";"";"";""
"11/03/2024";"1900";"";"";"";"";"";"";"";"";"";"";"";"";"";"";"";"";""
"11/03/2024";"2000";"";"";"";"";"";"";"";"";"";"";"";"";"";"";"";"";""
"11/03/2024";"2100";"";"";"";"";"";"";"";"";"";"";"";"";"";"";"";"";""
"11/03/2024";"2200";"";"";"";"";"";"";"";"";"";"";"";"";"";"";"";"";""
"11/03/2024";"2300";"";"";"";"";"";"";"";"";"";"";"";"";"";"";"";"";""
"12/03/2024";"0000";"";"";"";"";"";"";"";"";"";"";"";"";"";"";"";"";""
"12/03/2024";"0100";"";"";"";"";"";"";"";"";"";"";"";"";"";"";"";"";""
"12/03/2024";"0200";"";"";"";"";"";"";"";"";"";"";"";"";"";"";"";"";""
"12/03/2024";"0300";"";"";"";"";"";"";"";"";"";"";"";"";"";"";"";"";""
"12/03/2024";"0400";"";"";"";"";"";"";"";"";"";"";"";"";"";"";"";"";""
"12/03/2024";"0500";"";"";"";"";"";"";"";"";"";"";"";"";"";"";"";"";""
"12/03/2024";"0600";"";"";"";"";"";"";"";"";"";"";"";"";"";"";"";"";""
"12/03/2024";"0700";"";"";"";"";"";"";"";"";"";"";"";"";"";"";"";"";""
"12/03/2024";"0800";"";"";"";"";"";"";"";"";"";"";"";"";"";"";"";"";""
"12/03/2024";"0900";"";"";"";"";"";"";"";"";"";"";"";"";"";"";"";"";""
"12/03/2024";"1000";"";"";"";"";"";"";"";"";"";"";"";"";"";"";"";"";""
"12/03/2024";"1100";"";"";"";"";"";"";"";"";"";"";"";"";"";"";"";"";""
"12/03/2024";"1200";"";"";"";"";"";"";"";"";"";"";"";"";"";"";"";"";""
"12/03/2024";"1300";"";"";"";"";"";"";"";"";"";"";"";"";"";"";"";"";""
"12/03/2024";"1400";"";"";"";"";"";"";"";"";"";"";"";"";"";"";"";"";""
"12/03/2024";"1500";"";"";"";"";"";"";"";"";"";"";"";"";"";"";"";"";""
"12/03/2024";"1600";"";"";"";"";"";"";"";"";"";"";"";"";"";"";"";"";""
"12/03/2024";"1700";"";"";"";"";"";"";"";"";"";"";"";"";"";"";"";"";""
"12/03/2024";"1800";"";"";"";"";"";"";"";"";"";"";"";"";"";"";"";"";""
"12/03/2024";"1900";"";"";"";"";"";"";"";"";"";"";"";"";"";"";"";"";""
"12/03/2024";"2000";"";"";"";"";"";"";"";"";"";"";"";"";"";"";"";"";""
"12/03/2024";"2100";"";"";"";"";"";"";"";"";"";"";"";"";"";"";"";"";""
"12/03/2024";"2200";"";"";"";"";"";"";"";"";"";"";"";"";"";"";"";"";""
"12/03/2024";"2300";"";"";"";"";"";"";"";"";"";"";"";"";"";"";"";"";""
"13/03/2024";"0000";"";"";"";"";"";"";"";"";"";"";"";"";"";"";"";"";""
"13/03/2024";"0100";"";"";"";"";"";"";"";"";"";"";"";"";"";"";"";"";""
"13/03/2024";"0200";"";"";"";"";"";"";"";"";"";"";"";"";"";"";"";"";""
"13/03/2024";"0300";"";"";"";"";"";"";"";"";"";"";"";"";"";"";"";"";""
"13/03/2024";"0400";"";"";"";"";"";"";"";"";"";"";"";"";"";"";"";"";""
"13/03/2024";"0500";"";"";"";"";"";"";"";"";"";"";"";"";"";"";"";"";""
"13/03/2024";"0600";"";"";"";"";"";"";"";"";"";"";"";"";"";"";"";"";""
"13/03/2024";"0700";"";"";"";"";"";"";"";"";"";"";"";"";"";"";"";"";""
"13/03/2024";"0800";"";"";"";"";"";"";"";"";"";"";"";"";"";"";"";"";""
"13/03/2024";"0900";"";"";"";"";"";"";"";"";"";"";"";"";"";"";"";"";""
"13/03/2024";"1000";"";"";"";"";"";"";"";"";"";"";"";"";"";"";"";"";""
"13/03/2024";"1100";"";"";"";"";"";"";"";"";"";"";"";"";"";"";"";"";""
"13/03/2024";"1200";"";"";"";"";"";"";"";"";"";"";"";"";"";"";"";"";""
"13/03/2024";"1300";"";"";"";"";"";"";"";"";"";"";"";"";"";"";"";"";""
"13/03/2024";"1400";"";"";"";"";"";"";"";"";"";"";"";"";"";"";"";"";""
"13/03/2024";"1500";"";"";"";"";"";"";"";"";"";"";"";"";"";"";"";"";""
"13/03/2024";"1600";"";"";"";"";"";"";"";"";"";"";"";"";"";"";"";"";""
"13/03/2024";"1700";"";"";"";"";"";"";"";"";"";"";"";"";"";"";"";"";""
"13/03/2024";"1800";"";"";"";"";"";"";"";"";"";"";"";"";"";"";"";"";""
"13/03/2024";"1900";"";"";"";"";"";"";"";"";"";"";"";"";"";"";"";"";""
"13/03/2024";"2000";"";"";"";"";"";"";"";"";"";"";"";"";"";"";"";"";""
"13/03/2024";"2100";"";"";"";"";"";"";"";"";"";"";"";"";"";"";"";"";""
"13/03/2024";"2200";"";"";"";"";"";"";"";"";"";"";"";"";"";"";"";"";""
"13/03/2024";"2300";"";"";"";"";"";"";"";"";"";"";"";"";"";"";"";"";""
"14/03/2024";"0000";"";"";"";"";"";"";"";"";"";"";"";"";"";"";"";"";""
"14/03/2024";"0100";"";"";"";"";"";"";"";"";"";"";"";"";"";"";"";"";""
"14/03/2024";"0200";"";"";"";"";"";"";"";"";"";"";"";"";"";"";"";"";""
"14/03/2024";"0300";"";"";"";"";"";"";"";"";"";"";"";"";"";"";"";"";""
"14/03/2024";"0400";"";"";"";"";"";"";"";"";"";"";"";"";"";"";"";"";""
"14/03/2024";"0500";"";"";"";"";"";"";"";"";"";"";"";"";"";"";"";"";""
"14/03/2024";"0600";"";"";"";"";"";"";"";"";"";"";"";"";"";"";"";"";""
"14/03/2024";"0700";"";"";"";"";"";"";"";"";"";"";"";"";"";"";"";"";""
"14/03/2024";"0800";"";"";"";"";"";"";"";"";"";"";"";"";"";"";"";"";""
"14/03/2024";"0900";"";"";"";"";"";"";"";"";"";"";"";"";"";"";"";"";""
"14/03/2024";"1000";"";"";"";"";"";"";"";"";"";"";"";"";"";"";"";"";""
"14/03/2024";"1100";"";"";"";"";"";"";"";"";"";"";"";"";"";"";"";"";""
"14/03/2024";"1200";"";"";"";"";"";"";"";"";"";"";"";"";"";"";"";"";""
"14/03/2024";"1300";"";"";"";"";"";"";"";"";"";"";"";"";"";"";"";"";""
"14/03/2024";"1400";"";"";"";"";"";"";"";"";"";"";"";"";"";"";"";"";""
"14/03/2024";"1500";"";"";"";"";"";"";"";"";"";"";"";"";"";"";"";"";""
"14/03/2024";"1600";"";"";"";"";"";"";"";"";"";"";"";"";"";"";"";"";""
"14/03/2024";"1700";"";"";"";"";"";"";"";"";"";"";"";"";"";"";"";"";""
"14/03/2024";"1800";"";"";"";"";"";"";"";"";"";"";"";"";"";"";"";"";""
"14/03/2024";"1900";"";"";"";"";"";"";"";"";"";"";"";"";"";"";"";"";""
"14/03/2024";"2000";"";"";"";"";"";"";"";"";"";"";"";"";"";"";"";"";""
"14/03/2024";"2100";"";"";"";"";"";"";"";"";"";"";"";"";"";"";"";"";""
"14/03/2024";"2200";"";"";"";"";"";"";"";"";"";"";"";"";"";"";"";"";""
"14/03/2024";"2300";"";"";"";"";"";"";"";"";"";"";"";"";"";"";"";"";""
"15/03/2024";"0000";"";"";"";"";"";"";"";"";"";"";"";"";"";"";"";"";""
"15/03/2024";"0100";"";"";"";"";"";"";"";"";"";"";"";"";"";"";"";"";""
"15/03/2024";"0200";"";"";"";"";"";"";"";"";"";"";"";"";"";"";"";"";""
"15/03/2024";"0300";"";"";"";"";"";"";"";"";"";"";"";"";"";"";"";"";""
"15/03/2024";"0400";"";"";"";"";"";"";"";"";"";"";"";"";"";"";"";"";""
"15/03/2024";"0500";"";"";"";"";"";"";"";"";"";"";"";"";"";"";"";"";""
"15/03/2024";"0600";"";"";"";"";"";"";"";"";"";"";"";"";"";"";"";"";""
"15/03/2024";"0700";"";"";"";"";"";"";"";"";"";"";"";"";"";"";"";"";""
"15/03/2024";"0800";"";"";"";"";"";"";"";"";"";"";"";"";"";"";"";"";""
"15/03/2024";"0900";"";"";"";"";"";"";"";"";"";"";"";"";"";"";"";"";""
"15/03/2024";"1000";"";"";"";"";"";"";"";"";"";"";"";"";"";"";"";"";""
"15/03/2024";"1100";"";"";"";"";"";"";"";"";"";"";"";"";"";"";"";"";""
"15/03/2024";"1200";"";"";"";"";"";"";"";"";"";"";"";"";"";"";"";"";""
"15/03/2024";"1300";"";"";"";"";"";"";"";"";"";"";"";"";"";"";"";"";""
"15/03/2024";"1400";"";"";"";"";"";"";"";"";"";"";"";"";"";"";"";"";""
"15/03/2024";"1500";"";"";"";"";"";"";"";"";"";"";"";"";"";"";"";"";""
"15/03/2024";"1600";"";"";"";"";"";"";"";"";"";"";"";"";"";"";"";"";""
"15/03/2024";"1700";"";"";"";"";"";"";"";"";"";"";"";"";"";"";"";"";""
"15/03/2024";"1800";"";"";"";"";"";"";"";"";"";"";"";"";"";"";"";"";""
"15/03/2024";"1900";"";"";"";"";"";"";"";"";"";"";"";"";"";"";"";"";""
"15/03/2024";"2000";"";"";"";"";"";"";"";"";"";"";"";"";"";"";"";"";""
"15/03/2024";"2100";"";"";"";"";"";"";"";"";"";"";"";"";"";"";"";"";""
"15/03/2024";"2200";"";"";"";"";"";"";"";"";"";"";"";"";"";"";"";"";""
"15/03/2024";"2300";"";"";"";"";"";"";"";"";"";"";"";"";"";"";"";"";""
"16/03/2024";"0000";"";"";"";"";"";"";"";"";"";"";"";"";"";"";"";"";""
"16/03/2024";"0100";"";"";"";"";"";"";"";"";"";"";"";"";"";"";"";"";""
"16/03/2024";"0200";"";"";"";"";"";"";"";"";"";"";"";"";"";"";"";"";""
"16/03/2024";"0300";"";"";"";"";"";"";"";"";"";"";"";"";"";"";"";"";""
"16/03/2024";"0400";"";"";"";"";"";"";"";"";"";"";"";"";"";"";"";"";""
"16/03/2024";"0500";"";"";"";"";"";"";"";"";"";"";"";"";"";"";"";"";""
"16/03/2024";"0600";"";"";"";"";"";"";"";"";"";"";"";"";"";"";"";"";""
"16/03/2024";"0700";"";"";"";"";"";"";"";"";"";"";"";"";"";"";"";"";""
"16/03/2024";"0800";"";"";"";"";"";"";"";"";"";"";"";"";"";"";"";"";""
"16/03/2024";"0900";"";"";"";"";"";"";"";"";"";"";"";"";"";"";"";"";""
"16/03/2024";"1000";"";"";"";"";"";"";"";"";"";"";"";"";"";"";"";"";""
"16/03/2024";"1100";"";"";"";"";"";"";"";"";"";"";"";"";"";"";"";"";""
"16/03/2024";"1200";"";"";"";"";"";"";"";"";"";"";"";"";"";"";"";"";""
"16/03/2024";"1300";"";"";"";"";"";"";"";"";"";"";"";"";"";"";"";"";""
"16/03/2024";"1400";"";"";"";"";"";"";"";"";"";"";"";"";"";"";"";"";""
"16/03/2024";"1500";"";"";"";"";"";"";"";"";"";"";"";"";"";"";"";"";""
"16/03/2024";"1600";"";"";"";"";"";"";"";"";"";"";"";"";"";"";"";"";""
"16/03/2024";"1700";"";"";"";"";"";"";"";"";"";"";"";"";"";"";"";"";""
"16/03/2024";"1800";"";"";"";"";"";"";"";"";"";"";"";"";"";"";"";"";""
"16/03/2024";"1900";"";"";"";"";"";"";"";"";"";"";"";"";"";"";"";"";""
"16/03/2024";"2000";"";"";"";"";"";"";"";"";"";"";"";"";"";"";"";"";""
"16/03/2024";"2100";"";"";"";"";"";"";"";"";"";"";"";"";"";"";"";"";""
"16/03/2024";"2200";"";"";"";"";"";"";"";"";"";"";"";"";"";"";"";"";""
"16/03/2024";"2300";"";"";"";"";"";"";"";"";"";"";"";"";"";"";"";"";""
"17/03/2024";"0000";"";"";"";"";"";"";"";"";"";"";"";"";"";"";"";"";""
"17/03/2024";"0100";"";"";"";"";"";"";"";"";"";"";"";"";"";"";"";"";""
"17/03/2024";"0200";"";"";"";"";"";"";"";"";"";"";"";"";"";"";"";"";""
"17/03/2024";"0300";"";"";"";"";"";"";"";"";"";"";"";"";"";"";"";"";""
"17/03/2024";"0400";"";"";"";"";"";"";"";"";"";"";"";"";"";"";"";"";""
"17/03/2024";"0500";"";"";"";"";"";"";"";"";"";"";"";"";"";"";"";"";""
"17/03/2024";"0600";"";"";"";"";"";"";"";"";"";"";"";"";"";"";"";"";""
"17/03/2024";"0700";"";"";"";"";"";"";"";"";"";"";"";"";"";"";"";"";""
"17/03/2024";"0800";"";"";"";"";"";"";"";"";"";"";"";"";"";"";"";"";""
"17/03/2024";"0900";"";"";"";"";"";"";"";"";"";"";"";"";"";"";"";"";""
"17/03/2024";"1000";"";"";"";"";"";"";"";"";"";"";"";"";"";"";"";"";""
"17/03/2024";"1100";"";"";"";"";"";"";"";"";"";"";"";"";"";"";"";"";""
"17/03/2024";"1200";"";"";"";"";"";"";"";"";"";"";"";"";"";"";"";"";""
"17/03/2024";"1300";"";"";"";"";"";"";"";"";"";"";"";"";"";"";"";"";""
"17/03/2024";"1400";"";"";"";"";"";"";"";"";"";"";"";"";"";"";"";"";""
"17/03/2024";"1500";"";"";"";"";"";"";"";"";"";"";"";"";"";"";"";"";""
"17/03/2024";"1600";"";"";"";"";"";"";"";"";"";"";"";"";"";"";"";"";""
"17/03/2024";"1700";"";"";"";"";"";"";"";"";"";"";"";"";"";"";"";"";""
"17/03/2024";"1800";"";"";"";"";"";"";"";"";"";"";"";"";"";"";"";"";""
"17/03/2024";"1900";"";"";"";"";"";"";"";"";"";"";"";"";"";"";"";"";""
"17/03/2024";"2000";"";"";"";"";"";"";"";"";"";"";"";"";"";"";"";"";""
"17/03/2024";"2100";"";"";"";"";"";"";"";"";"";"";"";"";"";"";"";"";""
"17/03/2024";"2200";"";"";"";"";"";"";"";"";"";"";"";"";"";"";"";"";""
"17/03/2024";"2300";"";"";"";"";"";"";"";"";"";"";"";"";"";"";"";"";""
"18/03/2024";"0000";"";"";"";"";"";"";"";"";"";"";"";"";"";"";"";"";""
"18/03/2024";"0100";"";"";"";"";"";"";"";"";"";"";"";"";"";"";"";"";""
"18/03/2024";"0200";"";"";"";"";"";"";"";"";"";"";"";"";"";"";"";"";""
"18/03/2024";"0300";"";"";"";"";"";"";"";"";"";"";"";"";"";"";"";"";""
"18/03/2024";"0400";"";"";"";"";"";"";"";"";"";"";"";"";"";"";"";"";""
"18/03/2024";"0500";"";"";"";"";"";"";"";"";"";"";"";"";"";"";"";"";""
"18/03/2024";"0600";"";"";"";"";"";"";"";"";"";"";"";"";"";"";"";"";""
"18/03/2024";"0700";"";"";"";"";"";"";"";"";"";"";"";"";"";"";"";"";""
"18/03/2024";"0800";"";"";"";"";"";"";"";"";"";"";"";"";"";"";"";"";""
"18/03/2024";"0900";"";"";"";"";"";"";"";"";"";"";"";"";"";"";"";"";""
"18/03/2024";"1000";"";"";"";"";"";"";"";"";"";"";"";"";"";"";"";"";""
"18/03/2024";"1100";"";"";"";"";"";"";"";"";"";"";"";"";"";"";"";"";""
"18/03/2024";"1200";"";"";"";"";"";"";"";"";"";"";"";"";"";"";"";"";""
"18/03/2024";"1300";"";"";"";"";"";"";"";"";"";"";"";"";"";"";"";"";""
"18/03/2024";"1400";"";"";"";"";"";"";"";"";"";"";"";"";"";"";"";"";""
"18/03/2024";"1500";"";"";"";"";"";"";"";"";"";"";"";"";"";"";"";"";""
"18/03/2024";"1600";"";"";"";"";"";"";"";"";"";"";"";"";"";"";"";"";""
"18/03/2024";"1700";"";"";"";"";"";"";"";"";"";"";"";"";"";"";"";"";""
"18/03/2024";"1800";"";"";"";"";"";"";"";"";"";"";"";"";"";"";"";"";""
"18/03/2024";"1900";"";"";"";"";"";"";"";"";"";"";"";"";"";"";"";"";""
"18/03/2024";"2000";"";"";"";"";"";"";"";"";"";"";"";"";"";"";"";"";""
"18/03/2024";"2100";"";"";"";"";"";"";"";"";"";"";"";"";"";"";"";"";""
"18/03/2024";"2200";"";"";"";"";"";"";"";"";"";"";"";"";"";"";"";"";""
"18/03/2024";"2300";"";"";"";"";"";"";"";"";"";"";"";"";"";"";"";"";""
"19/03/2024";"0000";"";"";"";"";"";"";"";"";"";"";"";"";"";"";"";"";""
"19/03/2024";"0100";"";"";"";"";"";"";"";"";"";"";"";"";"";"";"";"";""
"19/03/2024";"0200";"";"";"";"";"";"";"";"";"";"";"";"";"";"";"";"";""
"19/03/2024";"0300";"";"";"";"";"";"";"";"";"";"";"";"";"";"";"";"";""
"19/03/2024";"0400";"";"";"";"";"";"";"";"";"";"";"";"";"";"";"";"";""
"19/03/2024";"0500";"";"";"";"";"";"";"";"";"";"";"";"";"";"";"";"";""
"19/03/2024";"0600";"";"";"";"";"";"";"";"";"";"";"";"";"";"";"";"";""
"19/03/2024";"0700";"";"";"";"";"";"";"";"";"";"";"";"";"";"";"";"";""
"19/03/2024";"0800";"";"";"";"";"";"";"";"";"";"";"";"";"";"";"";"";""
"19/03/2024";"0900";"";"";"";"";"";"";"";"";"";"";"";"";"";"";"";"";""
"19/03/2024";"1000";"";"";"";"";"";"";"";"";"";"";"";"";"";"";"";"";""
"19/03/2024";"1100";"";"";"";"";"";"";"";"";"";"";"";"";"";"";"";"";""
"19/03/2024";"1200";"";"";"";"";"";"";"";"";"";"";"";"";"";"";"";"";""
"19/03/2024";"1300";"";"";"";"";"";"";"";"";"";"";"";"";"";"";"";"";""
"19/03/2024";"1400";"";"";"";"";"";"";"";"";"";"";"";"";"";"";"";"";""
"19/03/2024";"1500";"";"";"";"";"";"";"";"";"";"";"";"";"";"";"";"";""
"19/03/2024";"1600";"";"";"";"";"";"";"";"";"";"";"";"";"";"";"";"";""
"19/03/2024";"1700";"";"";"";"";"";"";"";"";"";"";"";"";"";"";"";"";""
"19/03/2024";"1800";"";"";"";"";"";"";"";"";"";"";"";"";"";"";"";"";""
"19/03/2024";"1900";"";"";"";"";"";"";"";"";"";"";"";"";"";"";"";"";""
"19/03/2024";"2000";"";"";"";"";"";"";"";"";"";"";"";"";"";"";"";"";""
"19/03/2024";"2100";"";"";"";"";"";"";"";"";"";"";"";"";"";"";"";"";""
"19/03/2024";"2200";"";"";"";"";"";"";"";"";"";"";"";"";"";"";"";"";""
"19/03/2024";"2300";"";"";"";"";"";"";"";"";"";"";"";"";"";"";"";"";""
"20/03/2024";"0000";"";"";"";"";"";"";"";"";"";"";"";"";"";"";"";"";""
"20/03/2024";"0100";"";"";"";"";"";"";"";"";"";"";"";"";"";"";"";"";""
"20/03/2024";"0200";"";"";"";"";"";"";"";"";"";"";"";"";"";"";"";"";""
"20/03/2024";"0300";"";"";"";"";"";"";"";"";"";"";"";"";"";"";"";"";""
"20/03/2024";"0400";"";"";"";"";"";"";"";"";"";"";"";"";"";"";"";"";""
"20/03/2024";"0500";"";"";"";"";"";"";"";"";"";"";"";"";"";"";"";"";""
"20/03/2024";"0600";"";"";"";"";"";"";"";"";"";"";"";"";"";"";"";"";""
"20/03/2024";"0700";"";"";"";"";"";"";"";"";"";"";"";"";"";"";"";"";""
"20/03/2024";"0800";"";"";"";"";"";"";"";"";"";"";"";"";"";"";"";"";""
"20/03/2024";"0900";"";"";"";"";"";"";"";"";"";"";"";"";"";"";"";"";""
"20/03/2024";"1000";"";"";"";"";"";"";"";"";"";"";"";"";"";"";"";"";""
"20/03/2024";"1100";"";"";"";"";"";"";"";"";"";"";"";"";"";"";"";"";""
"20/03/2024";"1200";"";"";"";"";"";"";"";"";"";"";"";"";"";"";"";"";""
"20/03/2024";"1300";"";"";"";"";"";"";"";"";"";"";"";"";"";"";"";"";""
"20/03/2024";"1400";"";"";"";"";"";"";"";"";"";"";"";"";"";"";"";"";""
"20/03/2024";"1500";"";"";"";"";"";"";"";"";"";"";"";"";"";"";"";"";""
"20/03/2024";"1600";"";"";"";"";"";"";"";"";"";"";"";"";"";"";"";"";""
"20/03/2024";"1700";"";"";"";"";"";"";"";"";"";"";"";"";"";"";"";"";""
"20/03/2024";"1800";"";"";"";"";"";"";"";"";"";"";"";"";"";"";"";"";""
"20/03/2024";"1900";"";"";"";"";"";"";"";"";"";"";"";"";"";"";"";"";""
"20/03/2024";"2000";"";"";"";"";"";"";"";"";"";"";"";"";"";"";"";"";""
"20/03/2024";"2100";"";"";"";"";"";"";"";"";"";"";"";"";"";"";"";"";""
"20/03/2024";"2200";"";"";"";"";"";"";"";"";"";"";"";"";"";"";"";"";""
"20/03/2024";"2300";"";"";"";"";"";"";"";"";"";"";"";"";"";"";"";"";""
"21/03/2024";"0000";"";"";"";"";"";"";"";"";"";"";"";"";"";"";"";"";""
"21/03/2024";"0100";"";"";"";"";"";"";"";"";"";"";"";"";"";"";"";"";""
"21/03/2024";"0200";"";"";"";"";"";"";"";"";"";"";"";"";"";"";"";"";""
"21/03/2024";"0300";"";"";"";"";"";"";"";"";"";"";"";"";"";"";"";"";""
"21/03/2024";"0400";"";"";"";"";"";"";"";"";"";"";"";"";"";"";"";"";""
"21/03/2024";"0500";"";"";"";"";"";"";"";"";"";"";"";"";"";"";"";"";""
"21/03/2024";"0600";"";"";"";"";"";"";"";"";"";"";"";"";"";"";"";"";""
"21/03/2024";"0700";"";"";"";"";"";"";"";"";"";"";"";"";"";"";"";"";""
"21/03/2024";"0800";"";"";"";"";"";"";"";"";"";"";"";"";"";"";"";"";""
"21/03/2024";"0900";"";"";"";"";"";"";"";"";"";"";"";"";"";"";"";"";""
"21/03/2024";"1000";"";"";"";"";"";"";"";"";"";"";"";"";"";"";"";"";""
"21/03/2024";"1100";"";"";"";"";"";"";"";"";"";"";"";"";"";"";"";"";""
"21/03/2024";"1200";"";"";"";"";"";"";"";"";"";"";"";"";"";"";"";"";""
"21/03/2024";"1300";"";"";"";"";"";"";"";"";"";"";"";"";"";"";"";"";""
"21/03/2024";"1400";"";"";"";"";"";"";"";"";"";"";"";"";"";"";"";"";""
"21/03/2024";"1500";"";"";"";"";"";"";"";"";"";"";"";"";"";"";"";"";""
"21/03/2024";"1600";"";"";"";"";"";"";"";"";"";"";"";"";"";"";"";"";""
"21/03/2024";"1700";"";"";"";"";"";"";"";"";"";"";"";"";"";"";"";"";""
"21/03/2024";"1800";"";"";"";"";"";"";"";"";"";"";"";"";"";"";"";"";""
"21/03/2024";"1900";"";"";"";"";"";"";"";"";"";"";"";"";"";"";"";"";""
"21/03/2024";"2000";"";"";"";"";"";"";"";"";"";"";"";"";"";"";"";"";""
"21/03/2024";"2100";"";"";"";"";"";"";"";"";"";"";"";"";"";"";"";"";""
"21/03/2024";"2200";"";"";"";"";"";"";"";"";"";"";"";"";"";"";"";"";""
"21/03/2024";"2300";"";"";"";"";"";"";"";"";"";"";"";"";"";"";"";"";""
"22/03/2024";"0000";"";"";"";"";"";"";"";"";"";"";"";"";"";"";"";"";""
"22/03/2024";"0100";"";"";"";"";"";"";"";"";"";"";"";"";"";"";"";"";""
"22/03/2024";"0200";"";"";"";"";"";"";"";"";"";"";"";"";"";"";"";"";""
"22/03/2024";"0300";"";"";"";"";"";"";"";"";"";"";"";"";"";"";"";"";""
"22/03/2024";"0400";"";"";"";"";"";"";"";"";"";"";"";"";"";"";"";"";""
"22/03/2024";"0500";"";"";"";"";"";"";"";"";"";"";"";"";"";"";"";"";""
"22/03/2024";"0600";"";"";"";"";"";"";"";"";"";"";"";"";"";"";"";"";""
"22/03/2024";"0700";"";"";"";"";"";"";"";"";"";"";"";"";"";"";"";"";""
"22/03/2024";"0800";"";"";"";"";"";"";"";"";"";"";"";"";"";"";"";"";""
"22/03/2024";"0900";"";"";"";"";"";"";"";"";"";"";"";"";"";"";"";"";""
"22/03/2024";"1000";"";"";"";"";"";"";"";"";"";"";"";"";"";"";"";"";""
"22/03/2024";"1100";"";"";"";"";"";"";"";"";"";"";"";"";"";"";"";"";""
"22/03/2024";"1200";"";"";"";"";"";"";"";"";"";"";"";"";"";"";"";"";""
"22/03/2024";"1300";"";"";"";"";"";"";"";"";"";"";"";"";"";"";"";"";""
"22/03/2024";"1400";"";"";"";"";"";"";"";"";"";"";"";"";"";"";"";"";""
"22/03/2024";"1500";"";"";"";"";"";"";"";"";"";"";"";"";"";"";"";"";""
"22/03/2024";"1600";"";"";"";"";"";"";"";"";"";"";"";"";"";"";"";"";""
"22/03/2024";"1700";"";"";"";"";"";"";"";"";"";"";"";"";"";"";"";"";""
"22/03/2024";"1800";"";"";"";"";"";"";"";"";"";"";"";"";"";"";"";"";""
"22/03/2024";"1900";"";"";"";"";"";"";"";"";"";"";"";"";"";"";"";"";""
"22/03/2024";"2000";"";"";"";"";"";"";"";"";"";"";"";"";"";"";"";"";""
"22/03/2024";"2100";"";"";"";"";"";"";"";"";"";"";"";"";"";"";"";"";""
"22/03/2024";"2200";"";"";"";"";"";"";"";"";"";"";"";"";"";"";"";"";""
"22/03/2024";"2300";"";"";"";"";"";"";"";"";"";"";"";"";"";"";"";"";""
"23/03/2024";"0000";"";"";"";"";"";"";"";"";"";"";"";"";"";"";"";"";""
"23/03/2024";"0100";"";"";"";"";"";"";"";"";"";"";"";"";"";"";"";"";""
"23/03/2024";"0200";"";"";"";"";"";"";"";"";"";"";"";"";"";"";"";"";""
"23/03/2024";"0300";"";"";"";"";"";"";"";"";"";"";"";"";"";"";"";"";""
"23/03/2024";"0400";"";"";"";"";"";"";"";"";"";"";"";"";"";"";"";"";""
"23/03/2024";"0500";"";"";"";"";"";"";"";"";"";"";"";"";"";"";"";"";""
"23/03/2024";"0600";"";"";"";"";"";"";"";"";"";"";"";"";"";"";"";"";""
"23/03/2024";"0700";"";"";"";"";"";"";"";"";"";"";"";"";"";"";"";"";""
"23/03/2024";"0800";"";"";"";"";"";"";"";"";"";"";"";"";"";"";"";"";""
"23/03/2024";"0900";"";"";"";"";"";"";"";"";"";"";"";"";"";"";"";"";""
"23/03/2024";"1000";"";"";"";"";"";"";"";"";"";"";"";"";"";"";"";"";""
"23/03/2024";"1100";"";"";"";"";"";"";"";"";"";"";"";"";"";"";"";"";""
"23/03/2024";"1200";"";"";"";"";"";"";"";"";"";"";"";"";"";"";"";"";""
"23/03/2024";"1300";"";"";"";"";"";"";"";"";"";"";"";"";"";"";"";"";""
"23/03/2024";"1400";"";"";"";"";"";"";"";"";"";"";"";"";"";"";"";"";""
"23/03/2024";"1500";"";"";"";"";"";"";"";"";"";"";"";"";"";"";"";"";""
"23/03/2024";"1600";"";"";"";"";"";"";"";"";"";"";"";"";"";"";"";"";""
"23/03/2024";"1700";"";"";"";"";"";"";"";"";"";"";"";"";"";"";"";"";""
"23/03/2024";"1800";"";"";"";"";"";"";"";"";"";"";"";"";"";"";"";"";""
"23/03/2024";"1900";"";"";"";"";"";"";"";"";"";"";"";"";"";"";"";"";""
"23/03/2024";"2000";"";"";"";"";"";"";"";"";"";"";"";"";"";"";"";"";""
"23/03/2024";"2100";"";"";"";"";"";"";"";"";"";"";"";"";"";"";"";"";""
"23/03/2024";"2200";"";"";"";"";"";"";"";"";"";"";"";"";"";"";"";"";""
"23/03/2024";"2300";"";"";"";"";"";"";"";"";"";"";"";"";"";"";"";"";""
"24/03/2024";"0000";"";"";"";"";"";"";"";"";"";"";"";"";"";"";"";"";""
"24/03/2024";"0100";"";"";"";"";"";"";"";"";"";"";"";"";"";"";"";"";""
"24/03/2024";"0200";"";"";"";"";"";"";"";"";"";"";"";"";"";"";"";"";""
"24/03/2024";"0300";"";"";"";"";"";"";"";"";"";"";"";"";"";"";"";"";""
"24/03/2024";"0400";"";"";"";"";"";"";"";"";"";"";"";"";"";"";"";"";""
"24/03/2024";"0500";"";"";"";"";"";"";"";"";"";"";"";"";"";"";"";"";""
"24/03/2024";"0600";"";"";"";"";"";"";"";"";"";"";"";"";"";"";"";"";""
"24/03/2024";"0700";"";"";"";"";"";"";"";"";"";"";"";"";"";"";"";"";""
"24/03/2024";"0800";"";"";"";"";"";"";"";"";"";"";"";"";"";"";"";"";""
"24/03/2024";"0900";"";"";"";"";"";"";"";"";"";"";"";"";"";"";"";"";""
"24/03/2024";"1000";"";"";"";"";"";"";"";"";"";"";"";"";"";"";"";"";""
"24/03/2024";"1100";"";"";"";"";"";"";"";"";"";"";"";"";"";"";"";"";""
"24/03/2024";"1200";"";"";"";"";"";"";"";"";"";"";"";"";"";"";"";"";""
"24/03/2024";"1300";"";"";"";"";"";"";"";"";"";"";"";"";"";"";"";"";""
"24/03/2024";"1400";"";"";"";"";"";"";"";"";"";"";"";"";"";"";"";"";""
"24/03/2024";"1500";"";"";"";"";"";"";"";"";"";"";"";"";"";"";"";"";""
"24/03/2024";"1600";"";"";"";"";"";"";"";"";"";"";"";"";"";"";"";"";""
"24/03/2024";"1700";"";"";"";"";"";"";"";"";"";"";"";"";"";"";"";"";""
"24/03/2024";"1800";"";"";"";"";"";"";"";"";"";"";"";"";"";"";"";"";""
"24/03/2024";"1900";"";"";"";"";"";"";"";"";"";"";"";"";"";"";"";"";""
"24/03/2024";"2000";"";"";"";"";"";"";"";"";"";"";"";"";"";"";"";"";""
"24/03/2024";"2100";"";"";"";"";"";"";"";"";"";"";"";"";"";"";"";"";""
"24/03/2024";"2200";"";"";"";"";"";"";"";"";"";"";"";"";"";"";"";"";""
"24/03/2024";"2300";"22,3";"22,6";"22,3";"98,0";"98,0";"97,0";"22,0";"22,2";"21,9";"";"";"";"0,9";"318,0";"4,1";"0,40";"0,0"
"25/03/2024";"0000";"22,2";"22,3";"22,2";"99,0";"99,0";"98,0";"22,0";"22,1";"21,9";"";"";"";"0,0";"303,0";"3,2";"0,20";"0,0"
"25/03/2024";"0100";"22,6";"22,6";"22,2";"99,0";"99,0";"99,0";"22,5";"22,5";"22,0";"";"";"";"0,7";"328,0";"2,6";"0,50";"0,0"
"25/03/2024";"0200";"22,8";"22,8";"22,6";"100,0";"100,0";"99,0";"22,7";"22,7";"22,5";"";"";"";"0,3";"320,0";"2,1";"0,20";"0,0"
"25/03/2024";"0300";"22,7";"22,8";"22,7";"100,0";"100,0";"100,0";"22,7";"22,8";"22,7";"";"";"";"0,3";"325,0";"1,8";"0,20";"0,0"
"25/03/2024";"0400";"22,6";"22,7";"22,6";"100,0";"100,0";"100,0";"22,6";"22,7";"22,6";"";"";"";"0,6";"297,0";"1,9";"0,10";"0,0"
"25/03/2024";"0500";"22,5";"22,7";"22,5";"100,0";"100,0";"100,0";"22,5";"22,6";"22,5";"";"";"";"0,1";"298,0";"1,9";"";"0,0"
"25/03/2024";"0600";"22,5";"22,6";"22,4";"100,0";"100,0";"100,0";"22,5";"22,6";"22,4";"";"";"";"0,3";"320,0";"1,7";"0,30";"0,0"
"25/03/2024";"0700";"";"";"";"";"";"";"";"";"";"";"";"";"";"";"";"";""
"25/03/2024";"0800";"";"";"";"";"";"";"";"";"";"";"";"";"";"";"";"";""
"25/03/2024";"0900";"";"";"";"";"";"";"";"";"";"";"";"";"";"";"";"";""
"25/03/2024";"1000";"";"";"";"";"";"";"";"";"";"";"";"";"";"";"";"";""
"25/03/2024";"1100";"";"";"";"";"";"";"";"";"";"";"";"";"";"";"";"";""
"25/03/2024";"1200";"";"";"";"";"";"";"";"";"";"";"";"";"";"";"";"";""
"25/03/2024";"1300";"";"";"";"";"";"";"";"";"";"";"";"";"";"";"";"";""
"25/03/2024";"1400";"";"";"";"";"";"";"";"";"";"";"";"";"";"";"";"";""
"25/03/2024";"1500";"";"";"";"";"";"";"";"";"";"";"";"";"";"";"";"";""
"25/03/2024";"1600";"";"";"";"";"";"";"";"";"";"";"";"";"";"";"";"";""
"25/03/2024";"1700";"";"";"";"";"";"";"";"";"";"";"";"";"";"";"";"";""
"25/03/2024";"1800";"";"";"";"";"";"";"";"";"";"";"";"";"";"";"";"";""
"25/03/2024";"1900";"";"";"";"";"";"";"";"";"";"";"";"";"";"";"";"";""
"25/03/2024";"2000";"";"";"";"";"";"";"";"";"";"";"";"";"";"";"";"";""
"25/03/2024";"2100";"";"";"";"";"";"";"";"";"";"";"";"";"";"";"";"";""
"25/03/2024";"2200";"";"";"";"";"";"";"";"";"";"";"";"";"";"";"";"";""
"25/03/2024";"2300";"";"";"";"";"";"";"";"";"";"";"";"";"";"";"";"";""
"26/03/2024";"0000";"";"";"";"";"";"";"";"";"";"";"";"";"";"";"";"";""
"26/03/2024";"0100";"";"";"";"";"";"";"";"";"";"";"";"";"";"";"";"";""
"26/03/2024";"0200";"";"";"";"";"";"";"";"";"";"";"";"";"";"";"";"";""
"26/03/2024";"0300";"";"";"";"";"";"";"";"";"";"";"";"";"";"";"";"";""
"26/03/2024";"0400";"";"";"";"";"";"";"";"";"";"";"";"";"";"";"";"";""
"26/03/2024";"0500";"";"";"";"";"";"";"";"";"";"";"";"";"";"";"";"";""
"26/03/2024";"0600";"";"";"";"";"";"";"";"";"";"";"";"";"";"";"";"";""
"26/03/2024";"0700";"";"";"";"";"";"";"";"";"";"";"";"";"";"";"";"";""
"26/03/2024";"0800";"";"";"";"";"";"";"";"";"";"";"";"";"";"";"";"";""
"26/03/2024";"0900";"";"";"";"";"";"";"";"";"";"";"";"";"";"";"";"";""
"26/03/2024";"1000";"";"";"";"";"";"";"";"";"";"";"";"";"";"";"";"";""
"26/03/2024";"1100";"";"";"";"";"";"";"";"";"";"";"";"";"";"";"";"";""
"26/03/2024";"1200";"";"";"";"";"";"";"";"";"";"";"";"";"";"";"";"";""
"26/03/2024";"1300";"";"";"";"";"";"";"";"";"";"";"";"";"";"";"";"";""
"26/03/2024";"1400";"";"";"";"";"";"";"";"";"";"";"";"";"";"";"";"";""
"26/03/2024";"1500";"";"";"";"";"";"";"";"";"";"";"";"";"";"";"";"";""
"26/03/2024";"1600";"";"";"";"";"";"";"";"";"";"";"";"";"";"";"";"";""
"26/03/2024";"1700";"";"";"";"";"";"";"";"";"";"";"";"";"";"";"";"";""
"26/03/2024";"1800";"";"";"";"";"";"";"";"";"";"";"";"";"";"";"";"";""
"26/03/2024";"1900";"";"";"";"";"";"";"";"";"";"";"";"";"";"";"";"";""
"26/03/2024";"2000";"";"";"";"";"";"";"";"";"";"";"";"";"";"";"";"";""
"26/03/2024";"2100";"";"";"";"";"";"";"";"";"";"";"";"";"";"";"";"";""
"26/03/2024";"2200";"";"";"";"";"";"";"";"";"";"";"";"";"";"";"";"";""
"26/03/2024";"2300";"";"";"";"";"";"";"";"";"";"";"";"";"";"";"";"";""
"27/03/2024";"0000";"";"";"";"";"";"";"";"";"";"";"";"";"";"";"";"";""
"27/03/2024";"0100";"";"";"";"";"";"";"";"";"";"";"";"";"";"";"";"";""
"27/03/2024";"0200";"";"";"";"";"";"";"";"";"";"";"";"";"";"";"";"";""
"27/03/2024";"0300";"";"";"";"";"";"";"";"";"";"";"";"";"";"";"";"";""
"27/03/2024";"0400";"";"";"";"";"";"";"";"";"";"";"";"";"";"";"";"";""
"27/03/2024";"0500";"";"";"";"";"";"";"";"";"";"";"";"";"";"";"";"";""
"27/03/2024";"0600";"";"";"";"";"";"";"";"";"";"";"";"";"";"";"";"";""
"27/03/2024";"0700";"";"";"";"";"";"";"";"";"";"";"";"";"";"";"";"";""
"27/03/2024";"0800";"";"";"";"";"";"";"";"";"";"";"";"";"";"";"";"";""
"27/03/2024";"0900";"";"";"";"";"";"";"";"";"";"";"";"";"";"";"";"";""
"27/03/2024";"1000";"";"";"";"";"";"";"";"";"";"";"";"";"";"";"";"";""
"27/03/2024";"1100";"";"";"";"";"";"";"";"";"";"";"";"";"";"";"";"";""
"27/03/2024";"1200";"";"";"";"";"";"";"";"";"";"";"";"";"";"";"";"";""
"27/03/2024";"1300";"";"";"";"";"";"";"";"";"";"";"";"";"";"";"";"";""
"27/03/2024";"1400";"";"";"";"";"";"";"";"";"";"";"";"";"";"";"";"";""
"27/03/2024";"1500";"";"";"";"";"";"";"";"";"";"";"";"";"";"";"";"";""
"27/03/2024";"1600";"";"";"";"";"";"";"";"";"";"";"";"";"";"";"";"";""
"27/03/2024";"1700";"";"";"";"";"";"";"";"";"";"";"";"";"";"";"";"";""
"27/03/2024";"1800";"";"";"";"";"";"";"";"";"";"";"";"";"";"";"";"";""
"27/03/2024";"1900";"";"";"";"";"";"";"";"";"";"";"";"";"";"";"";"";""
"27/03/2024";"2000";"";"";"";"";"";"";"";"";"";"";"";"";"";"";"";"";""
"27/03/2024";"2100";"";"";"";"";"";"";"";"";"";"";"";"";"";"";"";"";""
"27/03/2024";"2200";"";"";"";"";"";"";"";"";"";"";"";"";"";"";"";"";""
"27/03/2024";"2300";"";"";"";"";"";"";"";"";"";"";"";"";"";"";"";"";""
"28/03/2024";"0000";"";"";"";"";"";"";"";"";"";"";"";"";"";"";"";"";""
"28/03/2024";"0100";"";"";"";"";"";"";"";"";"";"";"";"";"";"";"";"";""
"28/03/2024";"0200";"";"";"";"";"";"";"";"";"";"";"";"";"";"";"";"";""
"28/03/2024";"0300";"";"";"";"";"";"";"";"";"";"";"";"";"";"";"";"";""
"28/03/2024";"0400";"";"";"";"";"";"";"";"";"";"";"";"";"";"";"";"";""
"28/03/2024";"0500";"";"";"";"";"";"";"";"";"";"";"";"";"";"";"";"";""
"28/03/2024";"0600";"";"";"";"";"";"";"";"";"";"";"";"";"";"";"";"";""
"28/03/2024";"0700";"";"";"";"";"";"";"";"";"";"";"";"";"";"";"";"";""
"28/03/2024";"0800";"";"";"";"";"";"";"";"";"";"";"";"";"";"";"";"";""
"28/03/2024";"0900";"";"";"";"";"";"";"";"";"";"";"";"";"";"";"";"";""
"28/03/2024";"1000";"";"";"";"";"";"";"";"";"";"";"";"";"";"";"";"";""
"28/03/2024";"1100";"";"";"";"";"";"";"";"";"";"";"";"";"";"";"";"";""
"28/03/2024";"1200";"";"";"";"";"";"";"";"";"";"";"";"";"";"";"";"";""
"28/03/2024";"1300";"";"";"";"";"";"";"";"";"";"";"";"";"";"";"";"";""
"28/03/2024";"1400";"";"";"";"";"";"";"";"";"";"";"";"";"";"";"";"";""
"28/03/2024";"1500";"";"";"";"";"";"";"";"";"";"";"";"";"";"";"";"";""
"28/03/2024";"1600";"";"";"";"";"";"";"";"";"";"";"";"";"";"";"";"";""
"28/03/2024";"1700";"";"";"";"";"";"";"";"";"";"";"";"";"";"";"";"";""
"28/03/2024";"1800";"";"";"";"";"";"";"";"";"";"";"";"";"";"";"";"";""
"28/03/2024";"1900";"";"";"";"";"";"";"";"";"";"";"";"";"";"";"";"";""
"28/03/2024";"2000";"";"";"";"";"";"";"";"";"";"";"";"";"";"";"";"";""
"28/03/2024";"2100";"";"";"";"";"";"";"";"";"";"";"";"";"";"";"";"";""
"28/03/2024";"2200";"";"";"";"";"";"";"";"";"";"";"";"";"";"";"";"";""
"28/03/2024";"2300";"";"";"";"";"";"";"";"";"";"";"";"";"";"";"";"";""
"29/03/2024";"0000";"";"";"";"";"";"";"";"";"";"";"";"";"";"";"";"";""
"29/03/2024";"0100";"";"";"";"";"";"";"";"";"";"";"";"";"";"";"";"";""
"29/03/2024";"0200";"";"";"";"";"";"";"";"";"";"";"";"";"";"";"";"";""
"29/03/2024";"0300";"";"";"";"";"";"";"";"";"";"";"";"";"";"";"";"";""
"29/03/2024";"0400";"";"";"";"";"";"";"";"";"";"";"";"";"";"";"";"";""
"29/03/2024";"0500";"";"";"";"";"";"";"";"";"";"";"";"";"";"";"";"";""
"29/03/2024";"0600";"";"";"";"";"";"";"";"";"";"";"";"";"";"";"";"";""
"29/03/2024";"0700";"";"";"";"";"";"";"";"";"";"";"";"";"";"";"";"";""
"29/03/2024";"0800";"";"";"";"";"";"";"";"";"";"";"";"";"";"";"";"";""
"29/03/2024";"0900";"";"";"";"";"";"";"";"";"";"";"";"";"";"";"";"";""
"29/03/2024";"1000";"";"";"";"";"";"";"";"";"";"";"";"";"";"";"";"";""
"29/03/2024";"1100";"";"";"";"";"";"";"";"";"";"";"";"";"";"";"";"";""
"29/03/2024";"1200";"";"";"";"";"";"";"";"";"";"";"";"";"";"";"";"";""
"29/03/2024";"1300";"";"";"";"";"";"";"";"";"";"";"";"";"";"";"";"";""
"29/03/2024";"1400";"";"";"";"";"";"";"";"";"";"";"";"";"";"";"";"";""
"29/03/2024";"1500";"";"";"";"";"";"";"";"";"";"";"";"";"";"";"";"";""
"29/03/2024";"1600";"";"";"";"";"";"";"";"";"";"";"";"";"";"";"";"";""
"29/03/2024";"1700";"";"";"";"";"";"";"";"";"";"";"";"";"";"";"";"";""
"29/03/2024";"1800";"";"";"";"";"";"";"";"";"";"";"";"";"";"";"";"";""
"29/03/2024";"1900";"";"";"";"";"";"";"";"";"";"";"";"";"";"";"";"";""
"29/03/2024";"2000";"";"";"";"";"";"";"";"";"";"";"";"";"";"";"";"";""
"29/03/2024";"2100";"";"";"";"";"";"";"";"";"";"";"";"";"";"";"";"";""
"29/03/2024";"2200";"";"";"";"";"";"";"";"";"";"";"";"";"";"";"";"";""
"29/03/2024";"2300";"";"";"";"";"";"";"";"";"";"";"";"";"";"";"";"";""
"30/03/2024";"0000";"";"";"";"";"";"";"";"";"";"";"";"";"";"";"";"";""
"30/03/2024";"0100";"";"";"";"";"";"";"";"";"";"";"";"";"";"";"";"";""
"30/03/2024";"0200";"";"";"";"";"";"";"";"";"";"";"";"";"";"";"";"";""
"30/03/2024";"0300";"";"";"";"";"";"";"";"";"";"";"";"";"";"";"";"";""
"30/03/2024";"0400";"";"";"";"";"";"";"";"";"";"";"";"";"";"";"";"";""
"30/03/2024";"0500";"";"";"";"";"";"";"";"";"";"";"";"";"";"";"";"";""
"30/03/2024";"0600";"";"";"";"";"";"";"";"";"";"";"";"";"";"";"";"";""
"30/03/2024";"0700";"";"";"";"";"";"";"";"";"";"";"";"";"";"";"";"";""
"30/03/2024";"0800";"";"";"";"";"";"";"";"";"";"";"";"";"";"";"";"";""
"30/03/2024";"0900";"";"";"";"";"";"";"";"";"";"";"";"";"";"";"";"";""
"30/03/2024";"1000";"";"";"";"";"";"";"";"";"";"";"";"";"";"";"";"";""
"30/03/2024";"1100";"";"";"";"";"";"";"";"";"";"";"";"";"";"";"";"";""
"30/03/2024";"1200";"";"";"";"";"";"";"";"";"";"";"";"";"";"";"";"";""
"30/03/2024";"1300";"";"";"";"";"";"";"";"";"";"";"";"";"";"";"";"";""
"30/03/2024";"1400";"";"";"";"";"";"";"";"";"";"";"";"";"";"";"";"";""
"30/03/2024";"1500";"";"";"";"";"";"";"";"";"";"";"";"";"";"";"";"";""
"30/03/2024";"1600";"";"";"";"";"";"";"";"";"";"";"";"";"";"";"";"";""
"30/03/2024";"1700";"";"";"";"";"";"";"";"";"";"";"";"";"";"";"";"";""
"30/03/2024";"1800";"";"";"";"";"";"";"";"";"";"";"";"";"";"";"";"";""
"30/03/2024";"1900";"";"";"";"";"";"";"";"";"";"";"";"";"";"";"";"";""
"30/03/2024";"2000";"";"";"";"";"";"";"";"";"";"";"";"";"";"";"";"";""
"30/03/2024";"2100";"";"";"";"";"";"";"";"";"";"";"";"";"";"";"";"";""
"30/03/2024";"2200";"";"";"";"";"";"";"";"";"";"";"";"";"";"";"";"";""
"30/03/2024";"2300";"";"";"";"";"";"";"";"";"";"";"";"";"";"";"";"";""
"31/03/2024";"0000";"";"";"";"";"";"";"";"";"";"";"";"";"";"";"";"";""
"31/03/2024";"0100";"";"";"";"";"";"";"";"";"";"";"";"";"";"";"";"";""
"31/03/2024";"0200";"";"";"";"";"";"";"";"";"";"";"";"";"";"";"";"";""
"31/03/2024";"0300";"";"";"";"";"";"";"";"";"";"";"";"";"";"";"";"";""
"31/03/2024";"0400";"";"";"";"";"";"";"";"";"";"";"";"";"";"";"";"";""
"31/03/2024";"0500";"";"";"";"";"";"";"";"";"";"";"";"";"";"";"";"";""
"31/03/2024";"0600";"";"";"";"";"";"";"";"";"";"";"";"";"";"";"";"";""
"31/03/2024";"0700";"";"";"";"";"";"";"";"";"";"";"";"";"";"";"";"";""
"31/03/2024";"0800";"";"";"";"";"";"";"";"";"";"";"";"";"";"";"";"";""
"31/03/2024";"0900";"";"";"";"";"";"";"";"";"";"";"";"";"";"";"";"";""
"31/03/2024";"1000";"";"";"";"";"";"";"";"";"";"";"";"";"";"";"";"";""
"31/03/2024";"1100";"";"";"";"";"";"";"";"";"";"";"";"";"";"";"";"";""
"31/03/2024";"1200";"";"";"";"";"";"";"";"";"";"";"";"";"";"";"";"";""
"31/03/2024";"1300";"";"";"";"";"";"";"";"";"";"";"";"";"";"";"";"";""
"31/03/2024";"1400";"";"";"";"";"";"";"";"";"";"";"";"";"";"";"";"";""
"31/03/2024";"1500";"";"";"";"";"";"";"";"";"";"";"";"";"";"";"";"";""
"31/03/2024";"1600";"";"";"";"";"";"";"";"";"";"";"";"";"";"";"";"";""
"31/03/2024";"1700";"";"";"";"";"";"";"";"";"";"";"";"";"";"";"";"";""
"31/03/2024";"1800";"";"";"";"";"";"";"";"";"";"";"";"";"";"";"";"";""
"31/03/2024";"1900";"";"";"";"";"";"";"";"";"";"";"";"";"";"";"";"";""
"31/03/2024";"2000";"";"";"";"";"";"";"";"";"";"";"";"";"";"";"";"";""
"31/03/2024";"2100";"";"";"";"";"";"";"";"";"";"";"";"";"";"";"";"";""
"31/03/2024";"2200";"";"";"";"";"";"";"";"";"";"";"";"";"";"";"";"";""
"31/03/2024";"2300";"";"";"";"";"";"";"";"";"";"";"";"";"";"";"";"";""
"01/04/2024";"0000";"";"";"";"";"";"";"";"";"";"";"";"";"";"";"";"";""
"01/04/2024";"0100";"";"";"";"";"";"";"";"";"";"";"";"";"";"";"";"";""
"01/04/2024";"0200";"";"";"";"";"";"";"";"";"";"";"";"";"";"";"";"";""
"01/04/2024";"0300";"";"";"";"";"";"";"";"";"";"";"";"";"";"";"";"";""
"01/04/2024";"0400";"";"";"";"";"";"";"";"";"";"";"";"";"";"";"";"";""
"01/04/2024";"0500";"";"";"";"";"";"";"";"";"";"";"";"";"";"";"";"";""
"01/04/2024";"0600";"";"";"";"";"";"";"";"";"";"";"";"";"";"";"";"";""
"01/04/2024";"0700";"";"";"";"";"";"";"";"";"";"";"";"";"";"";"";"";""
"01/04/2024";"0800";"";"";"";"";"";"";"";"";"";"";"";"";"";"";"";"";""
"01/04/2024";"0900";"";"";"";"";"";"";"";"";"";"";"";"";"";"";"";"";""
"01/04/2024";"1000";"";"";"";"";"";"";"";"";"";"";"";"";"";"";"";"";""
"01/04/2024";"1100";"";"";"";"";"";"";"";"";"";"";"";"";"";"";"";"";""
"01/04/2024";"1200";"";"";"";"";"";"";"";"";"";"";"";"";"";"";"";"";""
"01/04/2024";"1300";"";"";"";"";"";"";"";"";"";"";"";"";"";"";"";"";""
"01/04/2024";"1400";"";"";"";"";"";"";"";"";"";"";"";"";"";"";"";"";""
"01/04/2024";"1500";"";"";"";"";"";"";"";"";"";"";"";"";"";"";"";"";""
"01/04/2024";"1600";"";"";"";"";"";"";"";"";"";"";"";"";"";"";"";"";""
"01/04/2024";"1700";"";"";"";"";"";"";"";"";"";"";"";"";"";"";"";"";""
"01/04/2024";"1800";"";"";"";"";"";"";"";"";"";"";"";"";"";"";"";"";""
"01/04/2024";"1900";"";"";"";"";"";"";"";"";"";"";"";"";"";"";"";"";""
"01/04/2024";"2000";"";"";"";"";"";"";"";"";"";"";"";"";"";"";"";"";""
"01/04/2024";"2100";"";"";"";"";"";"";"";"";"";"";"";"";"";"";"";"";""
"01/04/2024";"2200";"";"";"";"";"";"";"";"";"";"";"";"";"";"";"";"";""
"01/04/2024";"2300";"";"";"";"";"";"";"";"";"";"";"";"";"";"";"";"";""
"02/04/2024";"0000";"";"";"";"";"";"";"";"";"";"";"";"";"";"";"";"";""
"02/04/2024";"0100";"";"";"";"";"";"";"";"";"";"";"";"";"";"";"";"";""
"02/04/2024";"0200";"";"";"";"";"";"";"";"";"";"";"";"";"";"";"";"";""
"02/04/2024";"0300";"";"";"";"";"";"";"";"";"";"";"";"";"";"";"";"";""
"02/04/2024";"0400";"";"";"";"";"";"";"";"";"";"";"";"";"";"";"";"";""
"02/04/2024";"0500";"";"";"";"";"";"";"";"";"";"";"";"";"";"";"";"";""
"02/04/2024";"0600";"";"";"";"";"";"";"";"";"";"";"";"";"";"";"";"";""
"02/04/2024";"0700";"";"";"";"";"";"";"";"";"";"";"";"";"";"";"";"";""
"02/04/2024";"0800";"";"";"";"";"";"";"";"";"";"";"";"";"";"";"";"";""
"02/04/2024";"0900";"";"";"";"";"";"";"";"";"";"";"";"";"";"";"";"";""
"02/04/2024";"1000";"";"";"";"";"";"";"";"";"";"";"";"";"";"";"";"";""
"02/04/2024";"1100";"";"";"";"";"";"";"";"";"";"";"";"";"";"";"";"";""
"02/04/2024";"1200";"";"";"";"";"";"";"";"";"";"";"";"";"";"";"";"";""
"02/04/2024";"1300";"";"";"";"";"";"";"";"";"";"";"";"";"";"";"";"";""
"02/04/2024";"1400";"";"";"";"";"";"";"";"";"";"";"";"";"";"";"";"";""
"02/04/2024";"1500";"";"";"";"";"";"";"";"";"";"";"";"";"";"";"";"";""
"02/04/2024";"1600";"";"";"";"";"";"";"";"";"";"";"";"";"";"";"";"";""
"02/04/2024";"1700";"";"";"";"";"";"";"";"";"";"";"";"";"";"";"";"";""
"02/04/2024";"1800";"";"";"";"";"";"";"";"";"";"";"";"";"";"";"";"";""
"02/04/2024";"1900";"";"";"";"";"";"";"";"";"";"";"";"";"";"";"";"";""
"02/04/2024";"2000";"";"";"";"";"";"";"";"";"";"";"";"";"";"";"";"";""
"02/04/2024";"2100";"";"";"";"";"";"";"";"";"";"";"";"";"";"";"";"";""
"02/04/2024";"2200";"";"";"";"";"";"";"";"";"";"";"";"";"";"";"";"";""
"02/04/2024";"2300";"";"";"";"";"";"";"";"";"";"";"";"";"";"";"";"";""
"03/04/2024";"0000";"";"";"";"";"";"";"";"";"";"";"";"";"";"";"";"";""
"03/04/2024";"0100";"";"";"";"";"";"";"";"";"";"";"";"";"";"";"";"";""
"03/04/2024";"0200";"";"";"";"";"";"";"";"";"";"";"";"";"";"";"";"";""
"03/04/2024";"0300";"";"";"";"";"";"";"";"";"";"";"";"";"";"";"";"";""
"03/04/2024";"0400";"";"";"";"";"";"";"";"";"";"";"";"";"";"";"";"";""
"03/04/2024";"0500";"";"";"";"";"";"";"";"";"";"";"";"";"";"";"";"";""
"03/04/2024";"0600";"";"";"";"";"";"";"";"";"";"";"";"";"";"";"";"";""
"03/04/2024";"0700";"";"";"";"";"";"";"";"";"";"";"";"";"";"";"";"";""
"03/04/2024";"0800";"";"";"";"";"";"";"";"";"";"";"";"";"";"";"";"";""
"03/04/2024";"0900";"";"";"";"";"";"";"";"";"";"";"";"";"";"";"";"";""
"03/04/2024";"1000";"";"";"";"";"";"";"";"";"";"";"";"";"";"";"";"";""
"03/04/2024";"1100";"";"";"";"";"";"";"";"";"";"";"";"";"";"";"";"";""
"03/04/2024";"1200";"";"";"";"";"";"";"";"";"";"";"";"";"";"";"";"";""
"03/04/2024";"1300";"";"";"";"";"";"";"";"";"";"";"";"";"";"";"";"";""
"03/04/2024";"1400";"";"";"";"";"";"";"";"";"";"";"";"";"";"";"";"";""
"03/04/2024";"1500";"";"";"";"";"";"";"";"";"";"";"";"";"";"";"";"";""
"03/04/2024";"1600";"";"";"";"";"";"";"";"";"";"";"";"";"";"";"";"";""
"03/04/2024";"1700";"";"";"";"";"";"";"";"";"";"";"";"";"";"";"";"";""
"03/04/2024";"1800";"";"";"";"";"";"";"";"";"";"";"";"";"";"";"";"";""
"03/04/2024";"1900";"";"";"";"";"";"";"";"";"";"";"";"";"";"";"";"";""
"03/04/2024";"2000";"";"";"";"";"";"";"";"";"";"";"";"";"";"";"";"";""
"03/04/2024";"2100";"";"";"";"";"";"";"";"";"";"";"";"";"";"";"";"";""
"03/04/2024";"2200";"";"";"";"";"";"";"";"";"";"";"";"";"";"";"";"";""
"03/04/2024";"2300";"";"";"";"";"";"";"";"";"";"";"";"";"";"";"";"";""
"04/04/2024";"0000";"";"";"";"";"";"";"";"";"";"";"";"";"";"";"";"";""
"04/04/2024";"0100";"";"";"";"";"";"";"";"";"";"";"";"";"";"";"";"";""
"04/04/2024";"0200";"";"";"";"";"";"";"";"";"";"";"";"";"";"";"";"";""
"04/04/2024";"0300";"";"";"";"";"";"";"";"";"";"";"";"";"";"";"";"";""
"04/04/2024";"0400";"";"";"";"";"";"";"";"";"";"";"";"";"";"";"";"";""
"04/04/2024";"0500";"";"";"";"";"";"";"";"";"";"";"";"";"";"";"";"";""
"04/04/2024";"0600";"";"";"";"";"";"";"";"";"";"";"";"";"";"";"";"";""
"04/04/2024";"0700";"";"";"";"";"";"";"";"";"";"";"";"";"";"";"";"";""
"04/04/2024";"0800";"";"";"";"";"";"";"";"";"";"";"";"";"";"";"";"";""
"04/04/2024";"0900";"";"";"";"";"";"";"";"";"";"";"";"";"";"";"";"";""
"04/04/2024";"1000";"";"";"";"";"";"";"";"";"";"";"";"";"";"";"";"";""
"04/04/2024";"1100";"";"";"";"";"";"";"";"";"";"";"";"";"";"";"";"";""
"04/04/2024";"1200";"";"";"";"";"";"";"";"";"";"";"";"";"";"";"";"";""
"04/04/2024";"1300";"";"";"";"";"";"";"";"";"";"";"";"";"";"";"";"";""
"04/04/2024";"1400";"";"";"";"";"";"";"";"";"";"";"";"";"";"";"";"";""
"04/04/2024";"1500";"";"";"";"";"";"";"";"";"";"";"";"";"";"";"";"";""
"04/04/2024";"1600";"";"";"";"";"";"";"";"";"";"";"";"";"";"";"";"";""
"04/04/2024";"1700";"";"";"";"";"";"";"";"";"";"";"";"";"";"";"";"";""
"04/04/2024";"1800";"";"";"";"";"";"";"";"";"";"";"";"";"";"";"";"";""
"04/04/2024";"1900";"";"";"";"";"";"";"";"";"";"";"";"";"";"";"";"";""
"04/04/2024";"2000";"";"";"";"";"";"";"";"";"";"";"";"";"";"";"";"";""
"04/04/2024";"2100";"";"";"";"";"";"";"";"";"";"";"";"";"";"";"";"";""
"04/04/2024";"2200";"";"";"";"";"";"";"";"";"";"";"";"";"";"";"";"";""
"04/04/2024";"2300";"";"";"";"";"";"";"";"";"";"";"";"";"";"";"";"";""
"05/04/2024";"0000";"";"";"";"";"";"";"";"";"";"";"";"";"";"";"";"";""
"05/04/2024";"0100";"";"";"";"";"";"";"";"";"";"";"";"";"";"";"";"";""
"05/04/2024";"0200";"";"";"";"";"";"";"";"";"";"";"";"";"";"";"";"";""
"05/04/2024";"0300";"";"";"";"";"";"";"";"";"";"";"";"";"";"";"";"";""
"05/04/2024";"0400";"";"";"";"";"";"";"";"";"";"";"";"";"";"";"";"";""
"05/04/2024";"0500";"";"";"";"";"";"";"";"";"";"";"";"";"";"";"";"";""
"05/04/2024";"0600";"";"";"";"";"";"";"";"";"";"";"";"";"";"";"";"";""
"05/04/2024";"0700";"";"";"";"";"";"";"";"";"";"";"";"";"";"";"";"";""
"05/04/2024";"0800";"";"";"";"";"";"";"";"";"";"";"";"";"";"";"";"";""
"05/04/2024";"0900";"";"";"";"";"";"";"";"";"";"";"";"";"";"";"";"";""
"05/04/2024";"1000";"";"";"";"";"";"";"";"";"";"";"";"";"";"";"";"";""
"05/04/2024";"1100";"";"";"";"";"";"";"";"";"";"";"";"";"";"";"";"";""
"05/04/2024";"1200";"";"";"";"";"";"";"";"";"";"";"";"";"";"";"";"";""
"05/04/2024";"1300";"";"";"";"";"";"";"";"";"";"";"";"";"";"";"";"";""
"05/04/2024";"1400";"";"";"";"";"";"";"";"";"";"";"";"";"";"";"";"";""
"05/04/2024";"1500";"";"";"";"";"";"";"";"";"";"";"";"";"";"";"";"";""
"05/04/2024";"1600";"";"";"";"";"";"";"";"";"";"";"";"";"";"";"";"";""
"05/04/2024";"1700";"";"";"";"";"";"";"";"";"";"";"";"";"";"";"";"";""
"05/04/2024";"1800";"";"";"";"";"";"";"";"";"";"";"";"";"";"";"";"";""
"05/04/2024";"1900";"";"";"";"";"";"";"";"";"";"";"";"";"";"";"";"";""
"05/04/2024";"2000";"";"";"";"";"";"";"";"";"";"";"";"";"";"";"";"";""
"05/04/2024";"2100";"";"";"";"";"";"";"";"";"";"";"";"";"";"";"";"";""
"05/04/2024";"2200";"";"";"";"";"";"";"";"";"";"";"";"";"";"";"";"";""
"05/04/2024";"2300";"";"";"";"";"";"";"";"";"";"";"";"";"";"";"";"";""
"06/04/2024";"0000";"";"";"";"";"";"";"";"";"";"";"";"";"";"";"";"";""
"06/04/2024";"0100";"";"";"";"";"";"";"";"";"";"";"";"";"";"";"";"";""
"06/04/2024";"0200";"";"";"";"";"";"";"";"";"";"";"";"";"";"";"";"";""
"06/04/2024";"0300";"";"";"";"";"";"";"";"";"";"";"";"";"";"";"";"";""
"06/04/2024";"0400";"";"";"";"";"";"";"";"";"";"";"";"";"";"";"";"";""
"06/04/2024";"0500";"";"";"";"";"";"";"";"";"";"";"";"";"";"";"";"";""
"06/04/2024";"0600";"";"";"";"";"";"";"";"";"";"";"";"";"";"";"";"";""
"06/04/2024";"0700";"";"";"";"";"";"";"";"";"";"";"";"";"";"";"";"";""
"06/04/2024";"0800";"";"";"";"";"";"";"";"";"";"";"";"";"";"";"";"";""
"06/04/2024";"0900";"";"";"";"";"";"";"";"";"";"";"";"";"";"";"";"";""
"06/04/2024";"1000";"";"";"";"";"";"";"";"";"";"";"";"";"";"";"";"";""
"06/04/2024";"1100";"";"";"";"";"";"";"";"";"";"";"";"";"";"";"";"";""
"06/04/2024";"1200";"";"";"";"";"";"";"";"";"";"";"";"";"";"";"";"";""
"06/04/2024";"1300";"";"";"";"";"";"";"";"";"";"";"";"";"";"";"";"";""
"06/04/2024";"1400";"";"";"";"";"";"";"";"";"";"";"";"";"";"";"";"";""
"06/04/2024";"1500";"";"";"";"";"";"";"";"";"";"";"";"";"";"";"";"";""
"06/04/2024";"1600";"";"";"";"";"";"";"";"";"";"";"";"";"";"";"";"";""
"06/04/2024";"1700";"";"";"";"";"";"";"";"";"";"";"";"";"";"";"";"";""
"06/04/2024";"1800";"";"";"";"";"";"";"";"";"";"";"";"";"";"";"";"";""
"06/04/2024";"1900";"";"";"";"";"";"";"";"";"";"";"";"";"";"";"";"";""
"06/04/2024";"2000";"";"";"";"";"";"";"";"";"";"";"";"";"";"";"";"";""
"06/04/2024";"2100";"";"";"";"";"";"";"";"";"";"";"";"";"";"";"";"";""
"06/04/2024";"2200";"";"";"";"";"";"";"";"";"";"";"";"";"";"";"";"";""
"06/04/2024";"2300";"";"";"";"";"";"";"";"";"";"";"";"";"";"";"";"";""
"07/04/2024";"0000";"";"";"";"";"";"";"";"";"";"";"";"";"";"";"";"";""
"07/04/2024";"0100";"";"";"";"";"";"";"";"";"";"";"";"";"";"";"";"";""
"07/04/2024";"0200";"";"";"";"";"";"";"";"";"";"";"";"";"";"";"";"";""
"07/04/2024";"0300";"";"";"";"";"";"";"";"";"";"";"";"";"";"";"";"";""
"07/04/2024";"0400";"";"";"";"";"";"";"";"";"";"";"";"";"";"";"";"";""
"07/04/2024";"0500";"";"";"";"";"";"";"";"";"";"";"";"";"";"";"";"";""
"07/04/2024";"0600";"";"";"";"";"";"";"";"";"";"";"";"";"";"";"";"";""
"07/04/2024";"0700";"";"";"";"";"";"";"";"";"";"";"";"";"";"";"";"";""
"07/04/2024";"0800";"";"";"";"";"";"";"";"";"";"";"";"";"";"";"";"";""
"07/04/2024";"0900";"";"";"";"";"";"";"";"";"";"";"";"";"";"";"";"";""
"07/04/2024";"1000";"";"";"";"";"";"";"";"";"";"";"";"";"";"";"";"";""
"07/04/2024";"1100";"";"";"";"";"";"";"";"";"";"";"";"";"";"";"";"";""
"07/04/2024";"1200";"";"";"";"";"";"";"";"";"";"";"";"";"";"";"";"";""
"07/04/2024";"1300";"";"";"";"";"";"";"";"";"";"";"";"";"";"";"";"";""
"07/04/2024";"1400";"";"";"";"";"";"";"";"";"";"";"";"";"";"";"";"";""
"07/04/2024";"1500";"";"";"";"";"";"";"";"";"";"";"";"";"";"";"";"";""
"07/04/2024";"1600";"";"";"";"";"";"";"";"";"";"";"";"";"";"";"";"";""
"07/04/2024";"1700";"";"";"";"";"";"";"";"";"";"";"";"";"";"";"";"";""
"07/04/2024";"1800";"";"";"";"";"";"";"";"";"";"";"";"";"";"";"";"";""
"07/04/2024";"1900";"";"";"";"";"";"";"";"";"";"";"";"";"";"";"";"";""
"07/04/2024";"2000";"";"";"";"";"";"";"";"";"";"";"";"";"";"";"";"";""
"07/04/2024";"2100";"";"";"";"";"";"";"";"";"";"";"";"";"";"";"";"";""
"07/04/2024";"2200";"";"";"";"";"";"";"";"";"";"";"";"";"";"";"";"";""
"07/04/2024";"2300";"";"";"";"";"";"";"";"";"";"";"";"";"";"";"";"";""
"08/04/2024";"0000";"";"";"";"";"";"";"";"";"";"";"";"";"";"";"";"";""
"08/04/2024";"0100";"";"";"";"";"";"";"";"";"";"";"";"";"";"";"";"";""
"08/04/2024";"0200";"";"";"";"";"";"";"";"";"";"";"";"";"";"";"";"";""
"08/04/2024";"0300";"";"";"";"";"";"";"";"";"";"";"";"";"";"";"";"";""
"08/04/2024";"0400";"";"";"";"";"";"";"";"";"";"";"";"";"";"";"";"";""
"08/04/2024";"0500";"";"";"";"";"";"";"";"";"";"";"";"";"";"";"";"";""
"08/04/2024";"0600";"";"";"";"";"";"";"";"";"";"";"";"";"";"";"";"";""
"08/04/2024";"0700";"";"";"";"";"";"";"";"";"";"";"";"";"";"";"";"";""
"08/04/2024";"0800";"";"";"";"";"";"";"";"";"";"";"";"";"";"";"";"";""
"08/04/2024";"0900";"";"";"";"";"";"";"";"";"";"";"";"";"";"";"";"";""
"08/04/2024";"1000";"";"";"";"";"";"";"";"";"";"";"";"";"";"";"";"";""
"08/04/2024";"1100";"";"";"";"";"";"";"";"";"";"";"";"";"";"";"";"";""
"08/04/2024";"1200";"";"";"";"";"";"";"";"";"";"";"";"";"";"";"";"";""
"08/04/2024";"1300";"";"";"";"";"";"";"";"";"";"";"";"";"";"";"";"";""
"08/04/2024";"1400";"";"";"";"";"";"";"";"";"";"";"";"";"";"";"";"";""
"08/04/2024";"1500";"";"";"";"";"";"";"";"";"";"";"";"";"";"";"";"";""
"08/04/2024";"1600";"";"";"";"";"";"";"";"";"";"";"";"";"";"";"";"";""
"08/04/2024";"1700";"";"";"";"";"";"";"";"";"";"";"";"";"";"";"";"";""
"08/04/2024";"1800";"";"";"";"";"";"";"";"";"";"";"";"";"";"";"";"";""
"08/04/2024";"1900";"";"";"";"";"";"";"";"";"";"";"";"";"";"";"";"";""
"08/04/2024";"2000";"";"";"";"";"";"";"";"";"";"";"";"";"";"";"";"";""
"08/04/2024";"2100";"";"";"";"";"";"";"";"";"";"";"";"";"";"";"";"";""
"08/04/2024";"2200";"";"";"";"";"";"";"";"";"";"";"";"";"";"";"";"";""
"08/04/2024";"2300";"";"";"";"";"";"";"";"";"";"";"";"";"";"";"";"";""
"09/04/2024";"0000";"";"";"";"";"";"";"";"";"";"";"";"";"";"";"";"";""
"09/04/2024";"0100";"";"";"";"";"";"";"";"";"";"";"";"";"";"";"";"";""
"09/04/2024";"0200";"";"";"";"";"";"";"";"";"";"";"";"";"";"";"";"";""
"09/04/2024";"0300";"";"";"";"";"";"";"";"";"";"";"";"";"";"";"";"";""
"09/04/2024";"0400";"";"";"";"";"";"";"";"";"";"";"";"";"";"";"";"";""
"09/04/2024";"0500";"";"";"";"";"";"";"";"";"";"";"";"";"";"";"";"";""
"09/04/2024";"0600";"";"";"";"";"";"";"";"";"";"";"";"";"";"";"";"";""
"09/04/2024";"0700";"";"";"";"";"";"";"";"";"";"";"";"";"";"";"";"";""
"09/04/2024";"0800";"";"";"";"";"";"";"";"";"";"";"";"";"";"";"";"";""
"09/04/2024";"0900";"";"";"";"";"";"";"";"";"";"";"";"";"";"";"";"";""
"09/04/2024";"1000";"";"";"";"";"";"";"";"";"";"";"";"";"";"";"";"";""
"09/04/2024";"1100";"";"";"";"";"";"";"";"";"";"";"";"";"";"";"";"";""
"09/04/2024";"1200";"";"";"";"";"";"";"";"";"";"";"";"";"";"";"";"";""
"09/04/2024";"1300";"";"";"";"";"";"";"";"";"";"";"";"";"";"";"";"";""
"09/04/2024";"1400";"";"";"";"";"";"";"";"";"";"";"";"";"";"";"";"";""
"09/04/2024";"1500";"";"";"";"";"";"";"";"";"";"";"";"";"";"";"";"";""
"09/04/2024";"1600";"";"";"";"";"";"";"";"";"";"";"";"";"";"";"";"";""
"09/04/2024";"1700";"";"";"";"";"";"";"";"";"";"";"";"";"";"";"";"";""
"09/04/2024";"1800";"";"";"";"";"";"";"";"";"";"";"";"";"";"";"";"";""
"09/04/2024";"1900";"";"";"";"";"";"";"";"";"";"";"";"";"";"";"";"";""
"09/04/2024";"2000";"";"";"";"";"";"";"";"";"";"";"";"";"";"";"";"";""
"09/04/2024";"2100";"";"";"";"";"";"";"";"";"";"";"";"";"";"";"";"";""
"09/04/2024";"2200";"";"";"";"";"";"";"";"";"";"";"";"";"";"";"";"";""
"09/04/2024";"2300";"";"";"";"";"";"";"";"";"";"";"";"";"";"";"";"";""
"10/04/2024";"0000";"";"";"";"";"";"";"";"";"";"";"";"";"";"";"";"";""
"10/04/2024";"0100";"";"";"";"";"";"";"";"";"";"";"";"";"";"";"";"";""
"10/04/2024";"0200";"";"";"";"";"";"";"";"";"";"";"";"";"";"";"";"";""
"10/04/2024";"0300";"";"";"";"";"";"";"";"";"";"";"";"";"";"";"";"";""
"10/04/2024";"0400";"";"";"";"";"";"";"";"";"";"";"";"";"";"";"";"";""
"10/04/2024";"0500";"";"";"";"";"";"";"";"";"";"";"";"";"";"";"";"";""
"10/04/2024";"0600";"";"";"";"";"";"";"";"";"";"";"";"";"";"";"";"";""
"10/04/2024";"0700";"";"";"";"";"";"";"";"";"";"";"";"";"";"";"";"";""
"10/04/2024";"0800";"";"";"";"";"";"";"";"";"";"";"";"";"";"";"";"";""
"10/04/2024";"0900";"";"";"";"";"";"";"";"";"";"";"";"";"";"";"";"";""
"10/04/2024";"1000";"";"";"";"";"";"";"";"";"";"";"";"";"";"";"";"";""
"10/04/2024";"1100";"";"";"";"";"";"";"";"";"";"";"";"";"";"";"";"";""
"10/04/2024";"1200";"";"";"";"";"";"";"";"";"";"";"";"";"";"";"";"";""
"10/04/2024";"1300";"";"";"";"";"";"";"";"";"";"";"";"";"";"";"";"";""
"10/04/2024";"1400";"";"";"";"";"";"";"";"";"";"";"";"";"";"";"";"";""
"10/04/2024";"1500";"";"";"";"";"";"";"";"";"";"";"";"";"";"";"";"";""
"10/04/2024";"1600";"";"";"";"";"";"";"";"";"";"";"";"";"";"";"";"";""
"10/04/2024";"1700";"";"";"";"";"";"";"";"";"";"";"";"";"";"";"";"";""
"10/04/2024";"1800";"";"";"";"";"";"";"";"";"";"";"";"";"";"";"";"";""
"10/04/2024";"1900";"";"";"";"";"";"";"";"";"";"";"";"";"";"";"";"";""
"10/04/2024";"2000";"";"";"";"";"";"";"";"";"";"";"";"";"";"";"";"";""
"10/04/2024";"2100";"";"";"";"";"";"";"";"";"";"";"";"";"";"";"";"";""
"10/04/2024";"2200";"";"";"";"";"";"";"";"";"";"";"";"";"";"";"";"";""
"10/04/2024";"2300";"";"";"";"";"";"";"";"";"";"";"";"";"";"";"";"";""
"11/04/2024";"0000";"";"";"";"";"";"";"";"";"";"";"";"";"";"";"";"";""
"11/04/2024";"0100";"";"";"";"";"";"";"";"";"";"";"";"";"";"";"";"";""
"11/04/2024";"0200";"";"";"";"";"";"";"";"";"";"";"";"";"";"";"";"";""
"11/04/2024";"0300";"";"";"";"";"";"";"";"";"";"";"";"";"";"";"";"";""
"11/04/2024";"0400";"";"";"";"";"";"";"";"";"";"";"";"";"";"";"";"";""
"11/04/2024";"0500";"";"";"";"";"";"";"";"";"";"";"";"";"";"";"";"";""
"11/04/2024";"0600";"";"";"";"";"";"";"";"";"";"";"";"";"";"";"";"";""
"11/04/2024";"0700";"";"";"";"";"";"";"";"";"";"";"";"";"";"";"";"";""
"11/04/2024";"0800";"";"";"";"";"";"";"";"";"";"";"";"";"";"";"";"";""
"11/04/2024";"0900";"";"";"";"";"";"";"";"";"";"";"";"";"";"";"";"";""
"11/04/2024";"1000";"";"";"";"";"";"";"";"";"";"";"";"";"";"";"";"";""
"11/04/2024";"1100";"";"";"";"";"";"";"";"";"";"";"";"";"";"";"";"";""
"11/04/2024";"1200";"";"";"";"";"";"";"";"";"";"";"";"";"";"";"";"";""
"11/04/2024";"1300";"";"";"";"";"";"";"";"";"";"";"";"";"";"";"";"";""
"11/04/2024";"1400";"";"";"";"";"";"";"";"";"";"";"";"";"";"";"";"";""
"11/04/2024";"1500";"";"";"";"";"";"";"";"";"";"";"";"";"";"";"";"";""
"11/04/2024";"1600";"";"";"";"";"";"";"";"";"";"";"";"";"";"";"";"";""
"11/04/2024";"1700";"";"";"";"";"";"";"";"";"";"";"";"";"";"";"";"";""
"11/04/2024";"1800";"";"";"";"";"";"";"";"";"";"";"";"";"";"";"";"";""
"11/04/2024";"1900";"";"";"";"";"";"";"";"";"";"";"";"";"";"";"";"";""
"11/04/2024";"2000";"";"";"";"";"";"";"";"";"";"";"";"";"";"";"";"";""
"11/04/2024";"2100";"";"";"";"";"";"";"";"";"";"";"";"";"";"";"";"";""
"11/04/2024";"2200";"";"";"";"";"";"";"";"";"";"";"";"";"";"";"";"";""
"11/04/2024";"2300";"";"";"";"";"";"";"";"";"";"";"";"";"";"";"";"";""
"12/04/2024";"0000";"";"";"";"";"";"";"";"";"";"";"";"";"";"";"";"";""
"12/04/2024";"0100";"";"";"";"";"";"";"";"";"";"";"";"";"";"";"";"";""
"12/04/2024";"0200";"";"";"";"";"";"";"";"";"";"";"";"";"";"";"";"";""
"12/04/2024";"0300";"";"";"";"";"";"";"";"";"";"";"";"";"";"";"";"";""
"12/04/2024";"0400";"";"";"";"";"";"";"";"";"";"";"";"";"";"";"";"";""
"12/04/2024";"0500";"";"";"";"";"";"";"";"";"";"";"";"";"";"";"";"";""
"12/04/2024";"0600";"";"";"";"";"";"";"";"";"";"";"";"";"";"";"";"";""
"12/04/2024";"0700";"";"";"";"";"";"";"";"";"";"";"";"";"";"";"";"";""
"12/04/2024";"0800";"";"";"";"";"";"";"";"";"";"";"";"";"";"";"";"";""
"12/04/2024";"0900";"";"";"";"";"";"";"";"";"";"";"";"";"";"";"";"";""
"12/04/2024";"1000";"";"";"";"";"";"";"";"";"";"";"";"";"";"";"";"";""
"12/04/2024";"1100";"";"";"";"";"";"";"";"";"";"";"";"";"";"";"";"";""
"12/04/2024";"1200";"";"";"";"";"";"";"";"";"";"";"";"";"";"";"";"";""
"12/04/2024";"1300";"";"";"";"";"";"";"";"";"";"";"";"";"";"";"";"";""
"12/04/2024";"1400";"";"";"";"";"";"";"";"";"";"";"";"";"";"";"";"";""
"12/04/2024";"1500";"";"";"";"";"";"";"";"";"";"";"";"";"";"";"";"";""
"12/04/2024";"1600";"";"";"";"";"";"";"";"";"";"";"";"";"";"";"";"";""
"12/04/2024";"1700";"";"";"";"";"";"";"";"";"";"";"";"";"";"";"";"";""
"12/04/2024";"1800";"";"";"";"";"";"";"";"";"";"";"";"";"";"";"";"";""
"12/04/2024";"1900";"";"";"";"";"";"";"";"";"";"";"";"";"";"";"";"";""
"12/04/2024";"2000";"";"";"";"";"";"";"";"";"";"";"";"";"";"";"";"";""
"12/04/2024";"2100";"";"";"";"";"";"";"";"";"";"";"";"";"";"";"";"";""
"12/04/2024";"2200";"";"";"";"";"";"";"";"";"";"";"";"";"";"";"";"";""
"12/04/2024";"2300";"";"";"";"";"";"";"";"";"";"";"";"";"";"";"";"";""
"13/04/2024";"0000";"";"";"";"";"";"";"";"";"";"";"";"";"";"";"";"";""
"13/04/2024";"0100";"";"";"";"";"";"";"";"";"";"";"";"";"";"";"";"";""
"13/04/2024";"0200";"";"";"";"";"";"";"";"";"";"";"";"";"";"";"";"";""
"13/04/2024";"0300";"";"";"";"";"";"";"";"";"";"";"";"";"";"";"";"";""
"13/04/2024";"0400";"";"";"";"";"";"";"";"";"";"";"";"";"";"";"";"";""
"13/04/2024";"0500";"";"";"";"";"";"";"";"";"";"";"";"";"";"";"";"";""
"13/04/2024";"0600";"";"";"";"";"";"";"";"";"";"";"";"";"";"";"";"";""
"13/04/2024";"0700";"";"";"";"";"";"";"";"";"";"";"";"";"";"";"";"";""
"13/04/2024";"0800";"";"";"";"";"";"";"";"";"";"";"";"";"";"";"";"";""
"13/04/2024";"0900";"";"";"";"";"";"";"";"";"";"";"";"";"";"";"";"";""
"13/04/2024";"1000";"";"";"";"";"";"";"";"";"";"";"";"";"";"";"";"";""
"13/04/2024";"1100";"";"";"";"";"";"";"";"";"";"";"";"";"";"";"";"";""
"13/04/2024";"1200";"";"";"";"";"";"";"";"";"";"";"";"";"";"";"";"";""
"13/04/2024";"1300";"";"";"";"";"";"";"";"";"";"";"";"";"";"";"";"";""
"13/04/2024";"1400";"";"";"";"";"";"";"";"";"";"";"";"";"";"";"";"";""
"13/04/2024";"1500";"";"";"";"";"";"";"";"";"";"";"";"";"";"";"";"";""
"13/04/2024";"1600";"";"";"";"";"";"";"";"";"";"";"";"";"";"";"";"";""
"13/04/2024";"1700";"";"";"";"";"";"";"";"";"";"";"";"";"";"";"";"";""
"13/04/2024";"1800";"";"";"";"";"";"";"";"";"";"";"";"";"";"";"";"";""
"13/04/2024";"1900";"";"";"";"";"";"";"";"";"";"";"";"";"";"";"";"";""
"13/04/2024";"2000";"";"";"";"";"";"";"";"";"";"";"";"";"";"";"";"";""
"13/04/2024";"2100";"";"";"";"";"";"";"";"";"";"";"";"";"";"";"";"";""
"13/04/2024";"2200";"";"";"";"";"";"";"";"";"";"";"";"";"";"";"";"";""
"13/04/2024";"2300";"";"";"";"";"";"";"";"";"";"";"";"";"";"";"";"";""
"14/04/2024";"0000";"";"";"";"";"";"";"";"";"";"";"";"";"";"";"";"";""
"14/04/2024";"0100";"";"";"";"";"";"";"";"";"";"";"";"";"";"";"";"";""
"14/04/2024";"0200";"";"";"";"";"";"";"";"";"";"";"";"";"";"";"";"";""
"14/04/2024";"0300";"";"";"";"";"";"";"";"";"";"";"";"";"";"";"";"";""
"14/04/2024";"0400";"";"";"";"";"";"";"";"";"";"";"";"";"";"";"";"";""
"14/04/2024";"0500";"";"";"";"";"";"";"";"";"";"";"";"";"";"";"";"";""
"14/04/2024";"0600";"";"";"";"";"";"";"";"";"";"";"";"";"";"";"";"";""
"14/04/2024";"0700";"";"";"";"";"";"";"";"";"";"";"";"";"";"";"";"";""
"14/04/2024";"0800";"";"";"";"";"";"";"";"";"";"";"";"";"";"";"";"";""
"14/04/2024";"0900";"";"";"";"";"";"";"";"";"";"";"";"";"";"";"";"";""
"14/04/2024";"1000";"";"";"";"";"";"";"";"";"";"";"";"";"";"";"";"";""
"14/04/2024";"1100";"";"";"";"";"";"";"";"";"";"";"";"";"";"";"";"";""
"14/04/2024";"1200";"25,7";"25,7";"23,1";"95,0";"100,0";"95,0";"24,9";"25,4";"23,2";"";"";"";"1,0";"303,0";"2,5";"670,30";"0,0"
"14/04/2024";"1300";"27,3";"27,3";"25,8";"87,0";"95,0";"85,0";"24,8";"25,3";"23,7";"";"";"";"0,2";"300,0";"3,1";"1062,90";"0,0"
"14/04/2024";"1400";"29,3";"29,3";"26,8";"80,0";"88,0";"80,0";"25,5";"26,0";"23,7";"";"";"";"1,0";"313,0";"2,7";"1973,80";"0,0"
"14/04/2024";"1500";"27,1";"29,3";"27,1";"86,0";"89,0";"76,0";"24,5";"26,0";"23,5";"";"";"";"0,3";"306,0";"2,9";"1306,20";"0,0"
"14/04/2024";"1600";"30,4";"30,8";"26,8";"72,0";"89,0";"69,0";"24,8";"26,3";"23,9";"";"";"";"0,9";"317,0";"3,8";"3309,00";"0,0"
"14/04/2024";"1700";"30,0";"30,7";"29,0";"70,0";"78,0";"68,0";"24,1";"25,5";"23,4";"";"";"";"0,9";"316,0";"4,7";"1765,30";"0,0"
"14/04/2024";"1800";"30,6";"32,0";"29,9";"72,0";"75,0";"65,0";"25,1";"26,1";"23,7";"";"";"";"2,6";"312,0";"5,1";"3197,00";"0,0"
"14/04/2024";"1900";"";"";"";"";"";"";"";"";"";"";"";"";"";"";"";"";""
"14/04/2024";"2000";"";"";"";"";"";"";"";"";"";"";"";"";"";"";"";"";""
"14/04/2024";"2100";"";"";"";"";"";"";"";"";"";"";"";"";"";"";"";"";""
"14/04/2024";"2200";"";"";"";"";"";"";"";"";"";"";"";"";"";"";"";"";""
"14/04/2024";"2300";"";"";"";"";"";"";"";"";"";"";"";"";"";"";"";"";""
"15/04/2024";"0000";"";"";"";"";"";"";"";"";"";"";"";"";"";"";"";"";""
"15/04/2024";"0100";"";"";"";"";"";"";"";"";"";"";"";"";"";"";"";"";""
"15/04/2024";"0200";"";"";"";"";"";"";"";"";"";"";"";"";"";"";"";"";""
"15/04/2024";"0300";"";"";"";"";"";"";"";"";"";"";"";"";"";"";"";"";""
"15/04/2024";"0400";"";"";"";"";"";"";"";"";"";"";"";"";"";"";"";"";""
"15/04/2024";"0500";"";"";"";"";"";"";"";"";"";"";"";"";"";"";"";"";""
"15/04/2024";"0600";"";"";"";"";"";"";"";"";"";"";"";"";"";"";"";"";""
"15/04/2024";"0700";"";"";"";"";"";"";"";"";"";"";"";"";"";"";"";"";""
"15/04/2024";"0800";"";"";"";"";"";"";"";"";"";"";"";"";"";"";"";"";""
"15/04/2024";"0900";"";"";"";"";"";"";"";"";"";"";"";"";"";"";"";"";""
"15/04/2024";"1000";"";"";"";"";"";"";"";"";"";"";"";"";"";"";"";"";""
"15/04/2024";"1100";"";"";"";"";"";"";"";"";"";"";"";"";"";"";"";"";""
"15/04/2024";"1200";"";"";"";"";"";"";"";"";"";"";"";"";"";"";"";"";""
"15/04/2024";"1300";"";"";"";"";"";"";"";"";"";"";"";"";"";"";"";"";""
"15/04/2024";"1400";"";"";"";"";"";"";"";"";"";"";"";"";"";"";"";"";""
"15/04/2024";"1500";"";"";"";"";"";"";"";"";"";"";"";"";"";"";"";"";""
"15/04/2024";"1600";"";"";"";"";"";"";"";"";"";"";"";"";"";"";"";"";""
"15/04/2024";"1700";"";"";"";"";"";"";"";"";"";"";"";"";"";"";"";"";""
"15/04/2024";"1800";"";"";"";"";"";"";"";"";"";"";"";"";"";"";"";"";""
"15/04/2024";"1900";"";"";"";"";"";"";"";"";"";"";"";"";"";"";"";"";""
"15/04/2024";"2000";"";"";"";"";"";"";"";"";"";"";"";"";"";"";"";"";""
"15/04/2024";"2100";"";"";"";"";"";"";"";"";"";"";"";"";"";"";"";"";""
"15/04/2024";"2200";"";"";"";"";"";"";"";"";"";"";"";"";"";"";"";"";""
"15/04/2024";"2300";"";"";"";"";"";"";"";"";"";"";"";"";"";"";"";"";""
"16/04/2024";"0000";"";"";"";"";"";"";"";"";"";"";"";"";"";"";"";"";""
"16/04/2024";"0100";"";"";"";"";"";"";"";"";"";"";"";"";"";"";"";"";""
"16/04/2024";"0200";"";"";"";"";"";"";"";"";"";"";"";"";"";"";"";"";""
"16/04/2024";"0300";"";"";"";"";"";"";"";"";"";"";"";"";"";"";"";"";""
"16/04/2024";"0400";"";"";"";"";"";"";"";"";"";"";"";"";"";"";"";"";""
"16/04/2024";"0500";"";"";"";"";"";"";"";"";"";"";"";"";"";"";"";"";""
"16/04/2024";"0600";"";"";"";"";"";"";"";"";"";"";"";"";"";"";"";"";""
"16/04/2024";"0700";"";"";"";"";"";"";"";"";"";"";"";"";"";"";"";"";""
"16/04/2024";"0800";"";"";"";"";"";"";"";"";"";"";"";"";"";"";"";"";""
"16/04/2024";"0900";"";"";"";"";"";"";"";"";"";"";"";"";"";"";"";"";""
"16/04/2024";"1000";"";"";"";"";"";"";"";"";"";"";"";"";"";"";"";"";""
"16/04/2024";"1100";"";"";"";"";"";"";"";"";"";"";"";"";"";"";"";"";""
"16/04/2024";"1200";"";"";"";"";"";"";"";"";"";"";"";"";"";"";"";"";""
"16/04/2024";"1300";"";"";"";"";"";"";"";"";"";"";"";"";"";"";"";"";""
"16/04/2024";"1400";"";"";"";"";"";"";"";"";"";"";"";"";"";"";"";"";""
"16/04/2024";"1500";"";"";"";"";"";"";"";"";"";"";"";"";"";"";"";"";""
"16/04/2024";"1600";"";"";"";"";"";"";"";"";"";"";"";"";"";"";"";"";""
"16/04/2024";"1700";"";"";"";"";"";"";"";"";"";"";"";"";"";"";"";"";""
"16/04/2024";"1800";"";"";"";"";"";"";"";"";"";"";"";"";"";"";"";"";""
"16/04/2024";"1900";"";"";"";"";"";"";"";"";"";"";"";"";"";"";"";"";""
"16/04/2024";"2000";"";"";"";"";"";"";"";"";"";"";"";"";"";"";"";"";""
"16/04/2024";"2100";"";"";"";"";"";"";"";"";"";"";"";"";"";"";"";"";""
"16/04/2024";"2200";"";"";"";"";"";"";"";"";"";"";"";"";"";"";"";"";""
"16/04/2024";"2300";"";"";"";"";"";"";"";"";"";"";"";"";"";"";"";"";""
"17/04/2024";"0000";"";"";"";"";"";"";"";"";"";"";"";"";"";"";"";"";""
"17/04/2024";"0100";"";"";"";"";"";"";"";"";"";"";"";"";"";"";"";"";""
"17/04/2024";"0200";"";"";"";"";"";"";"";"";"";"";"";"";"";"";"";"";""
"17/04/2024";"0300";"";"";"";"";"";"";"";"";"";"";"";"";"";"";"";"";""
"17/04/2024";"0400";"";"";"";"";"";"";"";"";"";"";"";"";"";"";"";"";""
"17/04/2024";"0500";"";"";"";"";"";"";"";"";"";"";"";"";"";"";"";"";""
"17/04/2024";"0600";"";"";"";"";"";"";"";"";"";"";"";"";"";"";"";"";""
"17/04/2024";"0700";"";"";"";"";"";"";"";"";"";"";"";"";"";"";"";"";""
"17/04/2024";"0800";"";"";"";"";"";"";"";"";"";"";"";"";"";"";"";"";""
"17/04/2024";"0900";"";"";"";"";"";"";"";"";"";"";"";"";"";"";"";"";""
"17/04/2024";"1000";"23,2";"23,2";"23,1";"100,0";"100,0";"100,0";"23,2";"23,2";"23,1";"";"";"";"0,0";"310,0";"1,5";"0,20";"0,0"
"17/04/2024";"1100";"23,6";"23,6";"23,2";"100,0";"100,0";"100,0";"23,6";"23,6";"23,2";"";"";"";"0,8";"268,0";"1,7";"83,30";"0,0"
"17/04/2024";"1200";"";"";"";"";"";"";"";"";"";"";"";"";"";"";"";"";""
"17/04/2024";"1300";"";"";"";"";"";"";"";"";"";"";"";"";"";"";"";"";""
"17/04/2024";"1400";"";"";"";"";"";"";"";"";"";"";"";"";"";"";"";"";""
"17/04/2024";"1500";"";"";"";"";"";"";"";"";"";"";"";"";"";"";"";"";""
"17/04/2024";"1600";"";"";"";"";"";"";"";"";"";"";"";"";"";"";"";"";""
"17/04/2024";"1700";"";"";"";"";"";"";"";"";"";"";"";"";"";"";"";"";""
"17/04/2024";"1800";"";"";"";"";"";"";"";"";"";"";"";"";"";"";"";"";""
"17/04/2024";"1900";"";"";"";"";"";"";"";"";"";"";"";"";"";"";"";"";""
"17/04/2024";"2000";"";"";"";"";"";"";"";"";"";"";"";"";"";"";"";"";""
"17/04/2024";"2100";"";"";"";"";"";"";"";"";"";"";"";"";"";"";"";"";""
"17/04/2024";"2200";"";"";"";"";"";"";"";"";"";"";"";"";"";"";"";"";""
"17/04/2024";"2300";"";"";"";"";"";"";"";"";"";"";"";"";"";"";"";"";""
"18/04/2024";"0000";"";"";"";"";"";"";"";"";"";"";"";"";"";"";"";"";""
"18/04/2024";"0100";"";"";"";"";"";"";"";"";"";"";"";"";"";"";"";"";""
"18/04/2024";"0200";"";"";"";"";"";"";"";"";"";"";"";"";"";"";"";"";""
"18/04/2024";"0300";"";"";"";"";"";"";"";"";"";"";"";"";"";"";"";"";""
"18/04/2024";"0400";"";"";"";"";"";"";"";"";"";"";"";"";"";"";"";"";""
"18/04/2024";"0500";"";"";"";"";"";"";"";"";"";"";"";"";"";"";"";"";""
"18/04/2024";"0600";"";"";"";"";"";"";"";"";"";"";"";"";"";"";"";"";""
"18/04/2024";"0700";"";"";"";"";"";"";"";"";"";"";"";"";"";"";"";"";""
"18/04/2024";"0800";"";"";"";"";"";"";"";"";"";"";"";"";"";"";"";"";""
"18/04/2024";"0900";"";"";"";"";"";"";"";"";"";"";"";"";"";"";"";"";""
"18/04/2024";"1000";"";"";"";"";"";"";"";"";"";"";"";"";"";"";"";"";""
"18/04/2024";"1100";"";"";"";"";"";"";"";"";"";"";"";"";"";"";"";"";""
"18/04/2024";"1200";"";"";"";"";"";"";"";"";"";"";"";"";"";"";"";"";""
"18/04/2024";"1300";"";"";"";"";"";"";"";"";"";"";"";"";"";"";"";"";""
"18/04/2024";"1400";"";"";"";"";"";"";"";"";"";"";"";"";"";"";"";"";""
"18/04/2024";"1500";"";"";"";"";"";"";"";"";"";"";"";"";"";"";"";"";""
"18/04/2024";"1600";"";"";"";"";"";"";"";"";"";"";"";"";"";"";"";"";""
"18/04/2024";"1700";"";"";"";"";"";"";"";"";"";"";"";"";"";"";"";"";""
"18/04/2024";"1800";"";"";"";"";"";"";"";"";"";"";"";"";"";"";"";"";""
"18/04/2024";"1900";"";"";"";"";"";"";"";"";"";"";"";"";"";"";"";"";""
"18/04/2024";"2000";"";"";"";"";"";"";"";"";"";"";"";"";"";"";"";"";""
"18/04/2024";"2100";"";"";"";"";"";"";"";"";"";"";"";"";"";"";"";"";""
"18/04/2024";"2200";"";"";"";"";"";"";"";"";"";"";"";"";"";"";"";"";""
"18/04/2024";"2300";"";"";"";"";"";"";"";"";"";"";"";"";"";"";"";"";""
"19/04/2024";"0000";"";"";"";"";"";"";"";"";"";"";"";"";"";"";"";"";""
"19/04/2024";"0100";"";"";"";"";"";"";"";"";"";"";"";"";"";"";"";"";""
"19/04/2024";"0200";"";"";"";"";"";"";"";"";"";"";"";"";"";"";"";"";""
"19/04/2024";"0300";"";"";"";"";"";"";"";"";"";"";"";"";"";"";"";"";""
"19/04/2024";"0400";"";"";"";"";"";"";"";"";"";"";"";"";"";"";"";"";""
"19/04/2024";"0500";"";"";"";"";"";"";"";"";"";"";"";"";"";"";"";"";""
"19/04/2024";"0600";"";"";"";"";"";"";"";"";"";"";"";"";"";"";"";"";""
"19/04/2024";"0700";"";"";"";"";"";"";"";"";"";"";"";"";"";"";"";"";""
"19/04/2024";"0800";"";"";"";"";"";"";"";"";"";"";"";"";"";"";"";"";""
"19/04/2024";"0900";"";"";"";"";"";"";"";"";"";"";"";"";"";"";"";"";""
"19/04/2024";"1000";"";"";"";"";"";"";"";"";"";"";"";"";"";"";"";"";""
"19/04/2024";"1100";"";"";"";"";"";"";"";"";"";"";"";"";"";"";"";"";""
"19/04/2024";"1200";"";"";"";"";"";"";"";"";"";"";"";"";"";"";"";"";""
"19/04/2024";"1300";"";"";"";"";"";"";"";"";"";"";"";"";"";"";"";"";""
"19/04/2024";"1400";"";"";"";"";"";"";"";"";"";"";"";"";"";"";"";"";""
"19/04/2024";"1500";"";"";"";"";"";"";"";"";"";"";"";"";"";"";"";"";""
"19/04/2024";"1600";"";"";"";"";"";"";"";"";"";"";"";"";"";"";"";"";""
"19/04/2024";"1700";"";"";"";"";"";"";"";"";"";"";"";"";"";"";"";"";""
"19/04/2024";"1800";"";"";"";"";"";"";"";"";"";"";"";"";"";"";"";"";""
"19/04/2024";"1900";"";"";"";"";"";"";"";"";"";"";"";"";"";"";"";"";""
"19/04/2024";"2000";"";"";"";"";"";"";"";"";"";"";"";"";"";"";"";"";""
"19/04/2024";"2100";"";"";"";"";"";"";"";"";"";"";"";"";"";"";"";"";""
"19/04/2024";"2200";"";"";"";"";"";"";"";"";"";"";"";"";"";"";"";"";""
"19/04/2024";"2300";"";"";"";"";"";"";"";"";"";"";"";"";"";"";"";"";""
"20/04/2024";"0000";"";"";"";"";"";"";"";"";"";"";"";"";"";"";"";"";""
"20/04/2024";"0100";"";"";"";"";"";"";"";"";"";"";"";"";"";"";"";"";""
"20/04/2024";"0200";"";"";"";"";"";"";"";"";"";"";"";"";"";"";"";"";""
"20/04/2024";"0300";"";"";"";"";"";"";"";"";"";"";"";"";"";"";"";"";""
"20/04/2024";"0400";"";"";"";"";"";"";"";"";"";"";"";"";"";"";"";"";""
"20/04/2024";"0500";"";"";"";"";"";"";"";"";"";"";"";"";"";"";"";"";""
"20/04/2024";"0600";"";"";"";"";"";"";"";"";"";"";"";"";"";"";"";"";""
"20/04/2024";"0700";"";"";"";"";"";"";"";"";"";"";"";"";"";"";"";"";""
"20/04/2024";"0800";"";"";"";"";"";"";"";"";"";"";"";"";"";"";"";"";""
"20/04/2024";"0900";"";"";"";"";"";"";"";"";"";"";"";"";"";"";"";"";""
"20/04/2024";"1000";"";"";"";"";"";"";"";"";"";"";"";"";"";"";"";"";""
"20/04/2024";"1100";"";"";"";"";"";"";"";"";"";"";"";"";"";"";"";"";""
"20/04/2024";"1200";"";"";"";"";"";"";"";"";"";"";"";"";"";"";"";"";""
"20/04/2024";"1300";"";"";"";"";"";"";"";"";"";"";"";"";"";"";"";"";""
"20/04/2024";"1400";"";"";"";"";"";"";"";"";"";"";"";"";"";"";"";"";""
"20/04/2024";"1500";"";"";"";"";"";"";"";"";"";"";"";"";"";"";"";"";""
"20/04/2024";"1600";"";"";"";"";"";"";"";"";"";"";"";"";"";"";"";"";""
"20/04/2024";"1700";"";"";"";"";"";"";"";"";"";"";"";"";"";"";"";"";""
"20/04/2024";"1800";"";"";"";"";"";"";"";"";"";"";"";"";"";"";"";"";""
"20/04/2024";"1900";"";"";"";"";"";"";"";"";"";"";"";"";"";"";"";"";""
"20/04/2024";"2000";"";"";"";"";"";"";"";"";"";"";"";"";"";"";"";"";""
"20/04/2024";"2100";"";"";"";"";"";"";"";"";"";"";"";"";"";"";"";"";""
"20/04/2024";"2200";"";"";"";"";"";"";"";"";"";"";"";"";"";"";"";"";""
"20/04/2024";"2300";"";"";"";"";"";"";"";"";"";"";"";"";"";"";"";"";""
"21/04/2024";"0000";"";"";"";"";"";"";"";"";"";"";"";"";"";"";"";"";""
"21/04/2024";"0100";"";"";"";"";"";"";"";"";"";"";"";"";"";"";"";"";""
"21/04/2024";"0200";"";"";"";"";"";"";"";"";"";"";"";"";"";"";"";"";""
"21/04/2024";"0300";"";"";"";"";"";"";"";"";"";"";"";"";"";"";"";"";""
"21/04/2024";"0400";"";"";"";"";"";"";"";"";"";"";"";"";"";"";"";"";""
"21/04/2024";"0500";"";"";"";"";"";"";"";"";"";"";"";"";"";"";"";"";""
"21/04/2024";"0600";"";"";"";"";"";"";"";"";"";"";"";"";"";"";"";"";""
"21/04/2024";"0700";"";"";"";"";"";"";"";"";"";"";"";"";"";"";"";"";""
"21/04/2024";"0800";"";"";"";"";"";"";"";"";"";"";"";"";"";"";"";"";""
"21/04/2024";"0900";"";"";"";"";"";"";"";"";"";"";"";"";"";"";"";"";""
"21/04/2024";"1000";"";"";"";"";"";"";"";"";"";"";"";"";"";"";"";"";""
"21/04/2024";"1100";"";"";"";"";"";"";"";"";"";"";"";"";"";"";"";"";""
"21/04/2024";"1200";"";"";"";"";"";"";"";"";"";"";"";"";"";"";"";"";""
"21/04/2024";"1300";"";"";"";"";"";"";"";"";"";"";"";"";"";"";"";"";""
"21/04/2024";"1400";"";"";"";"";"";"";"";"";"";"";"";"";"";"";"";"";""
"21/04/2024";"1500";"";"";"";"";"";"";"";"";"";"";"";"";"";"";"";"";""
"21/04/2024";"1600";"";"";"";"";"";"";"";"";"";"";"";"";"";"";"";"";""
"21/04/2024";"1700";"";"";"";"";"";"";"";"";"";"";"";"";"";"";"";"";""
"21/04/2024";"1800";"";"";"";"";"";"";"";"";"";"";"";"";"";"";"";"";""
"21/04/2024";"1900";"";"";"";"";"";"";"";"";"";"";"";"";"";"";"";"";""
"21/04/2024";"2000";"";"";"";"";"";"";"";"";"";"";"";"";"";"";"";"";""
"21/04/2024";"2100";"";"";"";"";"";"";"";"";"";"";"";"";"";"";"";"";""
"21/04/2024";"2200";"";"";"";"";"";"";"";"";"";"";"";"";"";"";"";"";""
"21/04/2024";"2300";"";"";"";"";"";"";"";"";"";"";"";"";"";"";"";"";""
"22/04/2024";"0000";"";"";"";"";"";"";"";"";"";"";"";"";"";"";"";"";""
"22/04/2024";"0100";"";"";"";"";"";"";"";"";"";"";"";"";"";"";"";"";""
"22/04/2024";"0200";"";"";"";"";"";"";"";"";"";"";"";"";"";"";"";"";""
"22/04/2024";"0300";"";"";"";"";"";"";"";"";"";"";"";"";"";"";"";"";""
"22/04/2024";"0400";"";"";"";"";"";"";"";"";"";"";"";"";"";"";"";"";""
"22/04/2024";"0500";"";"";"";"";"";"";"";"";"";"";"";"";"";"";"";"";""
"22/04/2024";"0600";"";"";"";"";"";"";"";"";"";"";"";"";"";"";"";"";""
"22/04/2024";"0700";"";"";"";"";"";"";"";"";"";"";"";"";"";"";"";"";""
"22/04/2024";"0800";"";"";"";"";"";"";"";"";"";"";"";"";"";"";"";"";""
"22/04/2024";"0900";"";"";"";"";"";"";"";"";"";"";"";"";"";"";"";"";""
"22/04/2024";"1000";"";"";"";"";"";"";"";"";"";"";"";"";"";"";"";"";""
"22/04/2024";"1100";"";"";"";"";"";"";"";"";"";"";"";"";"";"";"";"";""
"22/04/2024";"1200";"";"";"";"";"";"";"";"";"";"";"";"";"";"";"";"";""
"22/04/2024";"1300";"";"";"";"";"";"";"";"";"";"";"";"";"";"";"";"";""
"22/04/2024";"1400";"";"";"";"";"";"";"";"";"";"";"";"";"";"";"";"";""
"22/04/2024";"1500";"";"";"";"";"";"";"";"";"";"";"";"";"";"";"";"";""
"22/04/2024";"1600";"";"";"";"";"";"";"";"";"";"";"";"";"";"";"";"";""
"22/04/2024";"1700";"";"";"";"";"";"";"";"";"";"";"";"";"";"";"";"";""
"22/04/2024";"1800";"";"";"";"";"";"";"";"";"";"";"";"";"";"";"";"";""
"22/04/2024";"1900";"";"";"";"";"";"";"";"";"";"";"";"";"";"";"";"";""
"22/04/2024";"2000";"";"";"";"";"";"";"";"";"";"";"";"";"";"";"";"";""
"22/04/2024";"2100";"";"";"";"";"";"";"";"";"";"";"";"";"";"";"";"";""
"22/04/2024";"2200";"";"";"";"";"";"";"";"";"";"";"";"";"";"";"";"";""
"22/04/2024";"2300";"";"";"";"";"";"";"";"";"";"";"";"";"";"";"";"";""
"23/04/2024";"0000";"";"";"";"";"";"";"";"";"";"";"";"";"";"";"";"";""
"23/04/2024";"0100";"";"";"";"";"";"";"";"";"";"";"";"";"";"";"";"";""
"23/04/2024";"0200";"";"";"";"";"";"";"";"";"";"";"";"";"";"";"";"";""
"23/04/2024";"0300";"";"";"";"";"";"";"";"";"";"";"";"";"";"";"";"";""
"23/04/2024";"0400";"";"";"";"";"";"";"";"";"";"";"";"";"";"";"";"";""
"23/04/2024";"0500";"";"";"";"";"";"";"";"";"";"";"";"";"";"";"";"";""
"23/04/2024";"0600";"";"";"";"";"";"";"";"";"";"";"";"";"";"";"";"";""
"23/04/2024";"0700";"";"";"";"";"";"";"";"";"";"";"";"";"";"";"";"";""
"23/04/2024";"0800";"";"";"";"";"";"";"";"";"";"";"";"";"";"";"";"";""
"23/04/2024";"0900";"";"";"";"";"";"";"";"";"";"";"";"";"";"";"";"";""
"23/04/2024";"1000";"";"";"";"";"";"";"";"";"";"";"";"";"";"";"";"";""
"23/04/2024";"1100";"";"";"";"";"";"";"";"";"";"";"";"";"";"";"";"";""
"23/04/2024";"1200";"";"";"";"";"";"";"";"";"";"";"";"";"";"";"";"";""
"23/04/2024";"1300";"";"";"";"";"";"";"";"";"";"";"";"";"";"";"";"";""
"23/04/2024";"1400";"";"";"";"";"";"";"";"";"";"";"";"";"";"";"";"";""
"23/04/2024";"1500";"";"";"";"";"";"";"";"";"";"";"";"";"";"";"";"";""
"23/04/2024";"1600";"";"";"";"";"";"";"";"";"";"";"";"";"";"";"";"";""
"23/04/2024";"1700";"";"";"";"";"";"";"";"";"";"";"";"";"";"";"";"";""
"23/04/2024";"1800";"";"";"";"";"";"";"";"";"";"";"";"";"";"";"";"";""
"23/04/2024";"1900";"";"";"";"";"";"";"";"";"";"";"";"";"";"";"";"";""
"23/04/2024";"2000";"";"";"";"";"";"";"";"";"";"";"";"";"";"";"";"";""
"23/04/2024";"2100";"";"";"";"";"";"";"";"";"";"";"";"";"";"";"";"";""
"23/04/2024";"2200";"";"";"";"";"";"";"";"";"";"";"";"";"";"";"";"";""
"23/04/2024";"2300";"";"";"";"";"";"";"";"";"";"";"";"";"";"";"";"";""
"24/04/2024";"0000";"";"";"";"";"";"";"";"";"";"";"";"";"";"";"";"";""
"24/04/2024";"0100";"";"";"";"";"";"";"";"";"";"";"";"";"";"";"";"";""
"24/04/2024";"0200";"";"";"";"";"";"";"";"";"";"";"";"";"";"";"";"";""
"24/04/2024";"0300";"";"";"";"";"";"";"";"";"";"";"";"";"";"";"";"";""
"24/04/2024";"0400";"";"";"";"";"";"";"";"";"";"";"";"";"";"";"";"";""
"24/04/2024";"0500";"";"";"";"";"";"";"";"";"";"";"";"";"";"";"";"";""
"24/04/2024";"0600";"";"";"";"";"";"";"";"";"";"";"";"";"";"";"";"";""
"24/04/2024";"0700";"";"";"";"";"";"";"";"";"";"";"";"";"";"";"";"";""
"24/04/2024";"0800";"";"";"";"";"";"";"";"";"";"";"";"";"";"";"";"";""
"24/04/2024";"0900";"";"";"";"";"";"";"";"";"";"";"";"";"";"";"";"";""
"24/04/2024";"1000";"";"";"";"";"";"";"";"";"";"";"";"";"";"";"";"";""
"24/04/2024";"1100";"";"";"";"";"";"";"";"";"";"";"";"";"";"";"";"";""
"24/04/2024";"1200";"";"";"";"";"";"";"";"";"";"";"";"";"";"";"";"";""
"24/04/2024";"1300";"";"";"";"";"";"";"";"";"";"";"";"";"";"";"";"";""
"24/04/2024";"1400";"";"";"";"";"";"";"";"";"";"";"";"";"";"";"";"";""
"24/04/2024";"1500";"";"";"";"";"";"";"";"";"";"";"";"";"";"";"";"";""
"24/04/2024";"1600";"";"";"";"";"";"";"";"";"";"";"";"";"";"";"";"";""
"24/04/2024";"1700";"";"";"";"";"";"";"";"";"";"";"";"";"";"";"";"";""
"24/04/2024";"1800";"";"";"";"";"";"";"";"";"";"";"";"";"";"";"";"";""
"24/04/2024";"1900";"";"";"";"";"";"";"";"";"";"";"";"";"";"";"";"";""
"24/04/2024";"2000";"";"";"";"";"";"";"";"";"";"";"";"";"";"";"";"";""
"24/04/2024";"2100";"";"";"";"";"";"";"";"";"";"";"";"";"";"";"";"";""
"24/04/2024";"2200";"";"";"";"";"";"";"";"";"";"";"";"";"";"";"";"";""
"24/04/2024";"2300";"";"";"";"";"";"";"";"";"";"";"";"";"";"";"";"";""
"25/04/2024";"0000";"";"";"";"";"";"";"";"";"";"";"";"";"";"";"";"";""
"25/04/2024";"0100";"";"";"";"";"";"";"";"";"";"";"";"";"";"";"";"";""
"25/04/2024";"0200";"";"";"";"";"";"";"";"";"";"";"";"";"";"";"";"";""
"25/04/2024";"0300";"";"";"";"";"";"";"";"";"";"";"";"";"";"";"";"";""
"25/04/2024";"0400";"";"";"";"";"";"";"";"";"";"";"";"";"";"";"";"";""
"25/04/2024";"0500";"";"";"";"";"";"";"";"";"";"";"";"";"";"";"";"";""
"25/04/2024";"0600";"";"";"";"";"";"";"";"";"";"";"";"";"";"";"";"";""
"25/04/2024";"0700";"";"";"";"";"";"";"";"";"";"";"";"";"";"";"";"";""
"25/04/2024";"0800";"";"";"";"";"";"";"";"";"";"";"";"";"";"";"";"";""
"25/04/2024";"0900";"";"";"";"";"";"";"";"";"";"";"";"";"";"";"";"";""
"25/04/2024";"1000";"";"";"";"";"";"";"";"";"";"";"";"";"";"";"";"";""
"25/04/2024";"1100";"";"";"";"";"";"";"";"";"";"";"";"";"";"";"";"";""
"25/04/2024";"1200";"";"";"";"";"";"";"";"";"";"";"";"";"";"";"";"";""
"25/04/2024";"1300";"";"";"";"";"";"";"";"";"";"";"";"";"";"";"";"";""
"25/04/2024";"1400";"";"";"";"";"";"";"";"";"";"";"";"";"";"";"";"";""
"25/04/2024";"1500";"";"";"";"";"";"";"";"";"";"";"";"";"";"";"";"";""
"25/04/2024";"1600";"";"";"";"";"";"";"";"";"";"";"";"";"";"";"";"";""
"25/04/2024";"1700";"";"";"";"";"";"";"";"";"";"";"";"";"";"";"";"";""
"25/04/2024";"1800";"";"";"";"";"";"";"";"";"";"";"";"";"";"";"";"";""
"25/04/2024";"1900";"";"";"";"";"";"";"";"";"";"";"";"";"";"";"";"";""
"25/04/2024";"2000";"";"";"";"";"";"";"";"";"";"";"";"";"";"";"";"";""
"25/04/2024";"2100";"";"";"";"";"";"";"";"";"";"";"";"";"";"";"";"";""
"25/04/2024";"2200";"";"";"";"";"";"";"";"";"";"";"";"";"";"";"";"";""
"25/04/2024";"2300";"";"";"";"";"";"";"";"";"";"";"";"";"";"";"";"";""
"26/04/2024";"0000";"";"";"";"";"";"";"";"";"";"";"";"";"";"";"";"";""
"26/04/2024";"0100";"";"";"";"";"";"";"";"";"";"";"";"";"";"";"";"";""
"26/04/2024";"0200";"";"";"";"";"";"";"";"";"";"";"";"";"";"";"";"";""
"26/04/2024";"0300";"";"";"";"";"";"";"";"";"";"";"";"";"";"";"";"";""
"26/04/2024";"0400";"";"";"";"";"";"";"";"";"";"";"";"";"";"";"";"";""
"26/04/2024";"0500";"";"";"";"";"";"";"";"";"";"";"";"";"";"";"";"";""
"26/04/2024";"0600";"";"";"";"";"";"";"";"";"";"";"";"";"";"";"";"";""
"26/04/2024";"0700";"";"";"";"";"";"";"";"";"";"";"";"";"";"";"";"";""
"26/04/2024";"0800";"";"";"";"";"";"";"";"";"";"";"";"";"";"";"";"";""
"26/04/2024";"0900";"";"";"";"";"";"";"";"";"";"";"";"";"";"";"";"";""
"26/04/2024";"1000";"";"";"";"";"";"";"";"";"";"";"";"";"";"";"";"";""
"26/04/2024";"1100";"";"";"";"";"";"";"";"";"";"";"";"";"";"";"";"";""
"26/04/2024";"1200";"";"";"";"";"";"";"";"";"";"";"";"";"";"";"";"";""
"26/04/2024";"1300";"";"";"";"";"";"";"";"";"";"";"";"";"";"";"";"";""
"26/04/2024";"1400";"";"";"";"";"";"";"";"";"";"";"";"";"";"";"";"";""
"26/04/2024";"1500";"";"";"";"";"";"";"";"";"";"";"";"";"";"";"";"";""
"26/04/2024";"1600";"";"";"";"";"";"";"";"";"";"";"";"";"";"";"";"";""
"26/04/2024";"1700";"";"";"";"";"";"";"";"";"";"";"";"";"";"";"";"";""
"26/04/2024";"1800";"";"";"";"";"";"";"";"";"";"";"";"";"";"";"";"";""
"26/04/2024";"1900";"";"";"";"";"";"";"";"";"";"";"";"";"";"";"";"";""
"26/04/2024";"2000";"";"";"";"";"";"";"";"";"";"";"";"";"";"";"";"";""
"26/04/2024";"2100";"";"";"";"";"";"";"";"";"";"";"";"";"";"";"";"";""
"26/04/2024";"2200";"";"";"";"";"";"";"";"";"";"";"";"";"";"";"";"";""
"26/04/2024";"2300";"";"";"";"";"";"";"";"";"";"";"";"";"";"";"";"";""
"27/04/2024";"0000";"";"";"";"";"";"";"";"";"";"";"";"";"";"";"";"";""
"27/04/2024";"0100";"";"";"";"";"";"";"";"";"";"";"";"";"";"";"";"";""
"27/04/2024";"0200";"";"";"";"";"";"";"";"";"";"";"";"";"";"";"";"";""
"27/04/2024";"0300";"";"";"";"";"";"";"";"";"";"";"";"";"";"";"";"";""
"27/04/2024";"0400";"";"";"";"";"";"";"";"";"";"";"";"";"";"";"";"";""
"27/04/2024";"0500";"";"";"";"";"";"";"";"";"";"";"";"";"";"";"";"";""
"27/04/2024";"0600";"";"";"";"";"";"";"";"";"";"";"";"";"";"";"";"";""
"27/04/2024";"0700";"";"";"";"";"";"";"";"";"";"";"";"";"";"";"";"";""
"27/04/2024";"0800";"";"";"";"";"";"";"";"";"";"";"";"";"";"";"";"";""
"27/04/2024";"0900";"";"";"";"";"";"";"";"";"";"";"";"";"";"";"";"";""
"27/04/2024";"1000";"";"";"";"";"";"";"";"";"";"";"";"";"";"";"";"";""
"27/04/2024";"1100";"";"";"";"";"";"";"";"";"";"";"";"";"";"";"";"";""
"27/04/2024";"1200";"";"";"";"";"";"";"";"";"";"";"";"";"";"";"";"";""
"27/04/2024";"1300";"";"";"";"";"";"";"";"";"";"";"";"";"";"";"";"";""
"27/04/2024";"1400";"";"";"";"";"";"";"";"";"";"";"";"";"";"";"";"";""
"27/04/2024";"1500";"";"";"";"";"";"";"";"";"";"";"";"";"";"";"";"";""
"27/04/2024";"1600";"";"";"";"";"";"";"";"";"";"";"";"";"";"";"";"";""
"27/04/2024";"1700";"";"";"";"";"";"";"";"";"";"";"";"";"";"";"";"";""
"27/04/2024";"1800";"";"";"";"";"";"";"";"";"";"";"";"";"";"";"";"";""
"27/04/2024";"1900";"";"";"";"";"";"";"";"";"";"";"";"";"";"";"";"";""
"27/04/2024";"2000";"";"";"";"";"";"";"";"";"";"";"";"";"";"";"";"";""
"27/04/2024";"2100";"";"";"";"";"";"";"";"";"";"";"";"";"";"";"";"";""
"27/04/2024";"2200";"";"";"";"";"";"";"";"";"";"";"";"";"";"";"";"";""
"27/04/2024";"2300";"";"";"";"";"";"";"";"";"";"";"";"";"";"";"";"";""
"28/04/2024";"0000";"";"";"";"";"";"";"";"";"";"";"";"";"";"";"";"";""
"28/04/2024";"0100";"";"";"";"";"";"";"";"";"";"";"";"";"";"";"";"";""
"28/04/2024";"0200";"";"";"";"";"";"";"";"";"";"";"";"";"";"";"";"";""
"28/04/2024";"0300";"";"";"";"";"";"";"";"";"";"";"";"";"";"";"";"";""
"28/04/2024";"0400";"";"";"";"";"";"";"";"";"";"";"";"";"";"";"";"";""
"28/04/2024";"0500";"";"";"";"";"";"";"";"";"";"";"";"";"";"";"";"";""
"28/04/2024";"0600";"";"";"";"";"";"";"";"";"";"";"";"";"";"";"";"";""
"28/04/2024";"0700";"";"";"";"";"";"";"";"";"";"";"";"";"";"";"";"";""
"28/04/2024";"0800";"";"";"";"";"";"";"";"";"";"";"";"";"";"";"";"";""
"28/04/2024";"0900";"";"";"";"";"";"";"";"";"";"";"";"";"";"";"";"";""
"28/04/2024";"1000";"";"";"";"";"";"";"";"";"";"";"";"";"";"";"";"";""
"28/04/2024";"1100";"";"";"";"";"";"";"";"";"";"";"";"";"";"";"";"";""
"28/04/2024";"1200";"";"";"";"";"";"";"";"";"";"";"";"";"";"";"";"";""
"28/04/2024";"1300";"";"";"";"";"";"";"";"";"";"";"";"";"";"";"";"";""
"28/04/2024";"1400";"";"";"";"";"";"";"";"";"";"";"";"";"";"";"";"";""
"28/04/2024";"1500";"";"";"";"";"";"";"";"";"";"";"";"";"";"";"";"";""
"28/04/2024";"1600";"";"";"";"";"";"";"";"";"";"";"";"";"";"";"";"";""
"28/04/2024";"1700";"";"";"";"";"";"";"";"";"";"";"";"";"";"";"";"";""
"28/04/2024";"1800";"";"";"";"";"";"";"";"";"";"";"";"";"";"";"";"";""
"28/04/2024";"1900";"";"";"";"";"";"";"";"";"";"";"";"";"";"";"";"";""
"28/04/2024";"2000";"";"";"";"";"";"";"";"";"";"";"";"";"";"";"";"";""
"28/04/2024";"2100";"";"";"";"";"";"";"";"";"";"";"";"";"";"";"";"";""
"28/04/2024";"2200";"";"";"";"";"";"";"";"";"";"";"";"";"";"";"";"";""
"28/04/2024";"2300";"";"";"";"";"";"";"";"";"";"";"";"";"";"";"";"";""
"29/04/2024";"0000";"";"";"";"";"";"";"";"";"";"";"";"";"";"";"";"";""
"29/04/2024";"0100";"";"";"";"";"";"";"";"";"";"";"";"";"";"";"";"";""
"29/04/2024";"0200";"";"";"";"";"";"";"";"";"";"";"";"";"";"";"";"";""
"29/04/2024";"0300";"";"";"";"";"";"";"";"";"";"";"";"";"";"";"";"";""
"29/04/2024";"0400";"";"";"";"";"";"";"";"";"";"";"";"";"";"";"";"";""
"29/04/2024";"0500";"";"";"";"";"";"";"";"";"";"";"";"";"";"";"";"";""
"29/04/2024";"0600";"";"";"";"";"";"";"";"";"";"";"";"";"";"";"";"";""
"29/04/2024";"0700";"";"";"";"";"";"";"";"";"";"";"";"";"";"";"";"";""
"29/04/2024";"0800";"";"";"";"";"";"";"";"";"";"";"";"";"";"";"";"";""
"29/04/2024";"0900";"";"";"";"";"";"";"";"";"";"";"";"";"";"";"";"";""
"29/04/2024";"1000";"";"";"";"";"";"";"";"";"";"";"";"";"";"";"";"";""
"29/04/2024";"1100";"";"";"";"";"";"";"";"";"";"";"";"";"";"";"";"";""
"29/04/2024";"1200";"";"";"";"";"";"";"";"";"";"";"";"";"";"";"";"";""
"29/04/2024";"1300";"";"";"";"";"";"";"";"";"";"";"";"";"";"";"";"";""
"29/04/2024";"1400";"";"";"";"";"";"";"";"";"";"";"";"";"";"";"";"";""
"29/04/2024";"1500";"";"";"";"";"";"";"";"";"";"";"";"";"";"";"";"";""
"29/04/2024";"1600";"";"";"";"";"";"";"";"";"";"";"";"";"";"";"";"";""
"29/04/2024";"1700";"";"";"";"";"";"";"";"";"";"";"";"";"";"";"";"";""
"29/04/2024";"1800";"";"";"";"";"";"";"";"";"";"";"";"";"";"";"";"";""
"29/04/2024";"1900";"";"";"";"";"";"";"";"";"";"";"";"";"";"";"";"";""
"29/04/2024";"2000";"";"";"";"";"";"";"";"";"";"";"";"";"";"";"";"";""
"29/04/2024";"2100";"";"";"";"";"";"";"";"";"";"";"";"";"";"";"";"";""
"29/04/2024";"2200";"";"";"";"";"";"";"";"";"";"";"";"";"";"";"";"";""
"29/04/2024";"2300";"";"";"";"";"";"";"";"";"";"";"";"";"";"";"";"";""
"30/04/2024";"0000";"";"";"";"";"";"";"";"";"";"";"";"";"";"";"";"";""
"30/04/2024";"0100";"";"";"";"";"";"";"";"";"";"";"";"";"";"";"";"";""
"30/04/2024";"0200";"";"";"";"";"";"";"";"";"";"";"";"";"";"";"";"";""
"30/04/2024";"0300";"";"";"";"";"";"";"";"";"";"";"";"";"";"";"";"";""
"30/04/2024";"0400";"";"";"";"";"";"";"";"";"";"";"";"";"";"";"";"";""
"30/04/2024";"0500";"";"";"";"";"";"";"";"";"";"";"";"";"";"";"";"";""
"30/04/2024";"0600";"";"";"";"";"";"";"";"";"";"";"";"";"";"";"";"";""
"30/04/2024";"0700";"";"";"";"";"";"";"";"";"";"";"";"";"";"";"";"";""
"30/04/2024";"0800";"";"";"";"";"";"";"";"";"";"";"";"";"";"";"";"";""
"30/04/2024";"0900";"";"";"";"";"";"";"";"";"";"";"";"";"";"";"";"";""
"30/04/2024";"1000";"";"";"";"";"";"";"";"";"";"";"";"";"";"";"";"";""
"30/04/2024";"1100";"";"";"";"";"";"";"";"";"";"";"";"";"";"";"";"";""
"30/04/2024";"1200";"";"";"";"";"";"";"";"";"";"";"";"";"";"";"";"";""
"30/04/2024";"1300";"";"";"";"";"";"";"";"";"";"";"";"";"";"";"";"";""
"30/04/2024";"1400";"";"";"";"";"";"";"";"";"";"";"";"";"";"";"";"";""
"30/04/2024";"1500";"";"";"";"";"";"";"";"";"";"";"";"";"";"";"";"";""
"30/04/2024";"1600";"";"";"";"";"";"";"";"";"";"";"";"";"";"";"";"";""
"30/04/2024";"1700";"";"";"";"";"";"";"";"";"";"";"";"";"";"";"";"";""
"30/04/2024";"1800";"";"";"";"";"";"";"";"";"";"";"";"";"";"";"";"";""
"30/04/2024";"1900";"";"";"";"";"";"";"";"";"";"";"";"";"";"";"";"";""
"30/04/2024";"2000";"";"";"";"";"";"";"";"";"";"";"";"";"";"";"";"";""
"30/04/2024";"2100";"";"";"";"";"";"";"";"";"";"";"";"";"";"";"";"";""
"30/04/2024";"2200";"";"";"";"";"";"";"";"";"";"";"";"";"";"";"";"";""
"30/04/2024";"2300";"";"";"";"";"";"";"";"";"";"";"";"";"";"";"";"";""
"01/05/2024";"0000";"";"";"";"";"";"";"";"";"";"";"";"";"";"";"";"";""
"01/05/2024";"0100";"";"";"";"";"";"";"";"";"";"";"";"";"";"";"";"";""
"01/05/2024";"0200";"";"";"";"";"";"";"";"";"";"";"";"";"";"";"";"";""
"01/05/2024";"0300";"";"";"";"";"";"";"";"";"";"";"";"";"";"";"";"";""
"01/05/2024";"0400";"";"";"";"";"";"";"";"";"";"";"";"";"";"";"";"";""
"01/05/2024";"0500";"";"";"";"";"";"";"";"";"";"";"";"";"";"";"";"";""
"01/05/2024";"0600";"";"";"";"";"";"";"";"";"";"";"";"";"";"";"";"";""
"01/05/2024";"0700";"";"";"";"";"";"";"";"";"";"";"";"";"";"";"";"";""
"01/05/2024";"0800";"";"";"";"";"";"";"";"";"";"";"";"";"";"";"";"";""
"01/05/2024";"0900";"";"";"";"";"";"";"";"";"";"";"";"";"";"";"";"";""
"01/05/2024";"1000";"";"";"";"";"";"";"";"";"";"";"";"";"";"";"";"";""
"01/05/2024";"1100";"";"";"";"";"";"";"";"";"";"";"";"";"";"";"";"";""
"01/05/2024";"1200";"";"";"";"";"";"";"";"";"";"";"";"";"";"";"";"";""
"01/05/2024";"1300";"";"";"";"";"";"";"";"";"";"";"";"";"";"";"";"";""
"01/05/2024";"1400";"";"";"";"";"";"";"";"";"";"";"";"";"";"";"";"";""
"01/05/2024";"1500";"";"";"";"";"";"";"";"";"";"";"";"";"";"";"";"";""
"01/05/2024";"1600";"";"";"";"";"";"";"";"";"";"";"";"";"";"";"";"";""
"01/05/2024";"1700";"";"";"";"";"";"";"";"";"";"";"";"";"";"";"";"";""
"01/05/2024";"1800";"";"";"";"";"";"";"";"";"";"";"";"";"";"";"";"";""
"01/05/2024";"1900";"";"";"";"";"";"";"";"";"";"";"";"";"";"";"";"";""
"01/05/2024";"2000";"";"";"";"";"";"";"";"";"";"";"";"";"";"";"";"";""
"01/05/2024";"2100";"";"";"";"";"";"";"";"";"";"";"";"";"";"";"";"";""
"01/05/2024";"2200";"";"";"";"";"";"";"";"";"";"";"";"";"";"";"";"";""
"01/05/2024";"2300";"";"";"";"";"";"";"";"";"";"";"";"";"";"";"";"";""
"02/05/2024";"0000";"";"";"";"";"";"";"";"";"";"";"";"";"";"";"";"";""
"02/05/2024";"0100";"";"";"";"";"";"";"";"";"";"";"";"";"";"";"";"";""
"02/05/2024";"0200";"";"";"";"";"";"";"";"";"";"";"";"";"";"";"";"";""
"02/05/2024";"0300";"";"";"";"";"";"";"";"";"";"";"";"";"";"";"";"";""
"02/05/2024";"0400";"";"";"";"";"";"";"";"";"";"";"";"";"";"";"";"";""
"02/05/2024";"0500";"";"";"";"";"";"";"";"";"";"";"";"";"";"";"";"";""
"02/05/2024";"0600";"";"";"";"";"";"";"";"";"";"";"";"";"";"";"";"";""
"02/05/2024";"0700";"";"";"";"";"";"";"";"";"";"";"";"";"";"";"";"";""
"02/05/2024";"0800";"";"";"";"";"";"";"";"";"";"";"";"";"";"";"";"";""
"02/05/2024";"0900";"";"";"";"";"";"";"";"";"";"";"";"";"";"";"";"";""
"02/05/2024";"1000";"";"";"";"";"";"";"";"";"";"";"";"";"";"";"";"";""
"02/05/2024";"1100";"";"";"";"";"";"";"";"";"";"";"";"";"";"";"";"";""
"02/05/2024";"1200";"";"";"";"";"";"";"";"";"";"";"";"";"";"";"";"";""
"02/05/2024";"1300";"";"";"";"";"";"";"";"";"";"";"";"";"";"";"";"";""
"02/05/2024";"1400";"";"";"";"";"";"";"";"";"";"";"";"";"";"";"";"";""
"02/05/2024";"1500";"";"";"";"";"";"";"";"";"";"";"";"";"";"";"";"";""
"02/05/2024";"1600";"";"";"";"";"";"";"";"";"";"";"";"";"";"";"";"";""
"02/05/2024";"1700";"";"";"";"";"";"";"";"";"";"";"";"";"";"";"";"";""
"02/05/2024";"1800";"";"";"";"";"";"";"";"";"";"";"";"";"";"";"";"";""
"02/05/2024";"1900";"";"";"";"";"";"";"";"";"";"";"";"";"";"";"";"";""
"02/05/2024";"2000";"";"";"";"";"";"";"";"";"";"";"";"";"";"";"";"";""
"02/05/2024";"2100";"";"";"";"";"";"";"";"";"";"";"";"";"";"";"";"";""
"02/05/2024";"2200";"";"";"";"";"";"";"";"";"";"";"";"";"";"";"";"";""
"02/05/2024";"2300";"";"";"";"";"";"";"";"";"";"";"";"";"";"";"";"";""
"03/05/2024";"0000";"";"";"";"";"";"";"";"";"";"";"";"";"";"";"";"";""
"03/05/2024";"0100";"";"";"";"";"";"";"";"";"";"";"";"";"";"";"";"";""
"03/05/2024";"0200";"";"";"";"";"";"";"";"";"";"";"";"";"";"";"";"";""
"03/05/2024";"0300";"";"";"";"";"";"";"";"";"";"";"";"";"";"";"";"";""
"03/05/2024";"0400";"";"";"";"";"";"";"";"";"";"";"";"";"";"";"";"";""
"03/05/2024";"0500";"";"";"";"";"";"";"";"";"";"";"";"";"";"";"";"";""
"03/05/2024";"0600";"";"";"";"";"";"";"";"";"";"";"";"";"";"";"";"";""
"03/05/2024";"0700";"";"";"";"";"";"";"";"";"";"";"";"";"";"";"";"";""
"03/05/2024";"0800";"";"";"";"";"";"";"";"";"";"";"";"";"";"";"";"";""
"03/05/2024";"0900";"";"";"";"";"";"";"";"";"";"";"";"";"";"";"";"";""
"03/05/2024";"1000";"";"";"";"";"";"";"";"";"";"";"";"";"";"";"";"";""
"03/05/2024";"1100";"";"";"";"";"";"";"";"";"";"";"";"";"";"";"";"";""
"03/05/2024";"1200";"";"";"";"";"";"";"";"";"";"";"";"";"";"";"";"";""
"03/05/2024";"1300";"";"";"";"";"";"";"";"";"";"";"";"";"";"";"";"";""
"03/05/2024";"1400";"";"";"";"";"";"";"";"";"";"";"";"";"";"";"";"";""
"03/05/2024";"1500";"";"";"";"";"";"";"";"";"";"";"";"";"";"";"";"";""
"03/05/2024";"1600";"";"";"";"";"";"";"";"";"";"";"";"";"";"";"";"";""
"03/05/2024";"1700";"";"";"";"";"";"";"";"";"";"";"";"";"";"";"";"";""
"03/05/2024";"1800";"";"";"";"";"";"";"";"";"";"";"";"";"";"";"";"";""
"03/05/2024";"1900";"";"";"";"";"";"";"";"";"";"";"";"";"";"";"";"";""
"03/05/2024";"2000";"";"";"";"";"";"";"";"";"";"";"";"";"";"";"";"";""
"03/05/2024";"2100";"";"";"";"";"";"";"";"";"";"";"";"";"";"";"";"";""
"03/05/2024";"2200";"";"";"";"";"";"";"";"";"";"";"";"";"";"";"";"";""
"03/05/2024";"2300";"";"";"";"";"";"";"";"";"";"";"";"";"";"";"";"";""
"04/05/2024";"0000";"";"";"";"";"";"";"";"";"";"";"";"";"";"";"";"";""
"04/05/2024";"0100";"";"";"";"";"";"";"";"";"";"";"";"";"";"";"";"";""
"04/05/2024";"0200";"";"";"";"";"";"";"";"";"";"";"";"";"";"";"";"";""
"04/05/2024";"0300";"";"";"";"";"";"";"";"";"";"";"";"";"";"";"";"";""
"04/05/2024";"0400";"";"";"";"";"";"";"";"";"";"";"";"";"";"";"";"";""
"04/05/2024";"0500";"";"";"";"";"";"";"";"";"";"";"";"";"";"";"";"";""
"04/05/2024";"0600";"";"";"";"";"";"";"";"";"";"";"";"";"";"";"";"";""
"04/05/2024";"0700";"";"";"";"";"";"";"";"";"";"";"";"";"";"";"";"";""
"04/05/2024";"0800";"";"";"";"";"";"";"";"";"";"";"";"";"";"";"";"";""
"04/05/2024";"0900";"";"";"";"";"";"";"";"";"";"";"";"";"";"";"";"";""
"04/05/2024";"1000";"";"";"";"";"";"";"";"";"";"";"";"";"";"";"";"";""
"04/05/2024";"1100";"";"";"";"";"";"";"";"";"";"";"";"";"";"";"";"";""
"04/05/2024";"1200";"";"";"";"";"";"";"";"";"";"";"";"";"";"";"";"";""
"04/05/2024";"1300";"";"";"";"";"";"";"";"";"";"";"";"";"";"";"";"";""
"04/05/2024";"1400";"";"";"";"";"";"";"";"";"";"";"";"";"";"";"";"";""
"04/05/2024";"1500";"";"";"";"";"";"";"";"";"";"";"";"";"";"";"";"";""
"04/05/2024";"1600";"";"";"";"";"";"";"";"";"";"";"";"";"";"";"";"";""
"04/05/2024";"1700";"";"";"";"";"";"";"";"";"";"";"";"";"";"";"";"";""
"04/05/2024";"1800";"";"";"";"";"";"";"";"";"";"";"";"";"";"";"";"";""
"04/05/2024";"1900";"";"";"";"";"";"";"";"";"";"";"";"";"";"";"";"";""
"04/05/2024";"2000";"";"";"";"";"";"";"";"";"";"";"";"";"";"";"";"";""
"04/05/2024";"2100";"";"";"";"";"";"";"";"";"";"";"";"";"";"";"";"";""
"04/05/2024";"2200";"";"";"";"";"";"";"";"";"";"";"";"";"";"";"";"";""
"04/05/2024";"2300";"";"";"";"";"";"";"";"";"";"";"";"";"";"";"";"";""
"05/05/2024";"0000";"";"";"";"";"";"";"";"";"";"";"";"";"";"";"";"";""
"05/05/2024";"0100";"";"";"";"";"";"";"";"";"";"";"";"";"";"";"";"";""
"05/05/2024";"0200";"";"";"";"";"";"";"";"";"";"";"";"";"";"";"";"";""
"05/05/2024";"0300";"";"";"";"";"";"";"";"";"";"";"";"";"";"";"";"";""
"05/05/2024";"0400";"";"";"";"";"";"";"";"";"";"";"";"";"";"";"";"";""
"05/05/2024";"0500";"";"";"";"";"";"";"";"";"";"";"";"";"";"";"";"";""
"05/05/2024";"0600";"";"";"";"";"";"";"";"";"";"";"";"";"";"";"";"";""
"05/05/2024";"0700";"";"";"";"";"";"";"";"";"";"";"";"";"";"";"";"";""
"05/05/2024";"0800";"";"";"";"";"";"";"";"";"";"";"";"";"";"";"";"";""
"05/05/2024";"0900";"";"";"";"";"";"";"";"";"";"";"";"";"";"";"";"";""
"05/05/2024";"1000";"";"";"";"";"";"";"";"";"";"";"";"";"";"";"";"";""
"05/05/2024";"1100";"";"";"";"";"";"";"";"";"";"";"";"";"";"";"";"";""
"05/05/2024";"1200";"";"";"";"";"";"";"";"";"";"";"";"";"";"";"";"";""
"05/05/2024";"1300";"";"";"";"";"";"";"";"";"";"";"";"";"";"";"";"";""
"05/05/2024";"1400";"";"";"";"";"";"";"";"";"";"";"";"";"";"";"";"";""
"05/05/2024";"1500";"";"";"";"";"";"";"";"";"";"";"";"";"";"";"";"";""
"05/05/2024";"1600";"";"";"";"";"";"";"";"";"";"";"";"";"";"";"";"";""
"05/05/2024";"1700";"";"";"";"";"";"";"";"";"";"";"";"";"";"";"";"";""
"05/05/2024";"1800";"";"";"";"";"";"";"";"";"";"";"";"";"";"";"";"";""
"05/05/2024";"1900";"";"";"";"";"";"";"";"";"";"";"";"";"";"";"";"";""
"05/05/2024";"2000";"";"";"";"";"";"";"";"";"";"";"";"";"";"";"";"";""
"05/05/2024";"2100";"";"";"";"";"";"";"";"";"";"";"";"";"";"";"";"";""
"05/05/2024";"2200";"";"";"";"";"";"";"";"";"";"";"";"";"";"";"";"";""
"05/05/2024";"2300";"";"";"";"";"";"";"";"";"";"";"";"";"";"";"";"";""
"06/05/2024";"0000";"";"";"";"";"";"";"";"";"";"";"";"";"";"";"";"";""
"06/05/2024";"0100";"";"";"";"";"";"";"";"";"";"";"";"";"";"";"";"";""
"06/05/2024";"0200";"";"";"";"";"";"";"";"";"";"";"";"";"";"";"";"";""
"06/05/2024";"0300";"";"";"";"";"";"";"";"";"";"";"";"";"";"";"";"";""
"06/05/2024";"0400";"";"";"";"";"";"";"";"";"";"";"";"";"";"";"";"";""
"06/05/2024";"0500";"";"";"";"";"";"";"";"";"";"";"";"";"";"";"";"";""
"06/05/2024";"0600";"";"";"";"";"";"";"";"";"";"";"";"";"";"";"";"";""
"06/05/2024";"0700";"";"";"";"";"";"";"";"";"";"";"";"";"";"";"";"";""
"06/05/2024";"0800";"";"";"";"";"";"";"";"";"";"";"";"";"";"";"";"";""
"06/05/2024";"0900";"";"";"";"";"";"";"";"";"";"";"";"";"";"";"";"";""
"06/05/2024";"1000";"";"";"";"";"";"";"";"";"";"";"";"";"";"";"";"";""
"06/05/2024";"1100";"";"";"";"";"";"";"";"";"";"";"";"";"";"";"";"";""
"06/05/2024";"1200";"";"";"";"";"";"";"";"";"";"";"";"";"";"";"";"";""
"06/05/2024";"1300";"";"";"";"";"";"";"";"";"";"";"";"";"";"";"";"";""
"06/05/2024";"1400";"";"";"";"";"";"";"";"";"";"";"";"";"";"";"";"";""
"06/05/2024";"1500";"";"";"";"";"";"";"";"";"";"";"";"";"";"";"";"";""
"06/05/2024";"1600";"";"";"";"";"";"";"";"";"";"";"";"";"";"";"";"";""
"06/05/2024";"1700";"";"";"";"";"";"";"";"";"";"";"";"";"";"";"";"";""
"06/05/2024";"1800";"";"";"";"";"";"";"";"";"";"";"";"";"";"";"";"";""
"06/05/2024";"1900";"";"";"";"";"";"";"";"";"";"";"";"";"";"";"";"";""
"06/05/2024";"2000";"";"";"";"";"";"";"";"";"";"";"";"";"";"";"";"";""
"06/05/2024";"2100";"";"";"";"";"";"";"";"";"";"";"";"";"";"";"";"";""
"06/05/2024";"2200";"";"";"";"";"";"";"";"";"";"";"";"";"";"";"";"";""
"06/05/2024";"2300";"";"";"";"";"";"";"";"";"";"";"";"";"";"";"";"";""
"07/05/2024";"0000";"";"";"";"";"";"";"";"";"";"";"";"";"";"";"";"";""
"07/05/2024";"0100";"";"";"";"";"";"";"";"";"";"";"";"";"";"";"";"";""
"07/05/2024";"0200";"";"";"";"";"";"";"";"";"";"";"";"";"";"";"";"";""
"07/05/2024";"0300";"";"";"";"";"";"";"";"";"";"";"";"";"";"";"";"";""
"07/05/2024";"0400";"";"";"";"";"";"";"";"";"";"";"";"";"";"";"";"";""
"07/05/2024";"0500";"";"";"";"";"";"";"";"";"";"";"";"";"";"";"";"";""
"07/05/2024";"0600";"";"";"";"";"";"";"";"";"";"";"";"";"";"";"";"";""
"07/05/2024";"0700";"";"";"";"";"";"";"";"";"";"";"";"";"";"";"";"";""
"07/05/2024";"0800";"";"";"";"";"";"";"";"";"";"";"";"";"";"";"";"";""
"07/05/2024";"0900";"";"";"";"";"";"";"";"";"";"";"";"";"";"";"";"";""
"07/05/2024";"1000";"";"";"";"";"";"";"";"";"";"";"";"";"";"";"";"";""
"07/05/2024";"1100";"";"";"";"";"";"";"";"";"";"";"";"";"";"";"";"";""
"07/05/2024";"1200";"";"";"";"";"";"";"";"";"";"";"";"";"";"";"";"";""
"07/05/2024";"1300";"";"";"";"";"";"";"";"";"";"";"";"";"";"";"";"";""
"07/05/2024";"1400";"";"";"";"";"";"";"";"";"";"";"";"";"";"";"";"";""
"07/05/2024";"1500";"";"";"";"";"";"";"";"";"";"";"";"";"";"";"";"";""
"07/05/2024";"1600";"";"";"";"";"";"";"";"";"";"";"";"";"";"";"";"";""
"07/05/2024";"1700";"";"";"";"";"";"";"";"";"";"";"";"";"";"";"";"";""
"07/05/2024";"1800";"";"";"";"";"";"";"";"";"";"";"";"";"";"";"";"";""
"07/05/2024";"1900";"";"";"";"";"";"";"";"";"";"";"";"";"";"";"";"";""
"07/05/2024";"2000";"";"";"";"";"";"";"";"";"";"";"";"";"";"";"";"";""
"07/05/2024";"2100";"";"";"";"";"";"";"";"";"";"";"";"";"";"";"";"";""
"07/05/2024";"2200";"";"";"";"";"";"";"";"";"";"";"";"";"";"";"";"";""
"07/05/2024";"2300";"";"";"";"";"";"";"";"";"";"";"";"";"";"";"";"";""
"08/05/2024";"0000";"";"";"";"";"";"";"";"";"";"";"";"";"";"";"";"";""
"08/05/2024";"0100";"";"";"";"";"";"";"";"";"";"";"";"";"";"";"";"";""
"08/05/2024";"0200";"";"";"";"";"";"";"";"";"";"";"";"";"";"";"";"";""
"08/05/2024";"0300";"";"";"";"";"";"";"";"";"";"";"";"";"";"";"";"";""
"08/05/2024";"0400";"";"";"";"";"";"";"";"";"";"";"";"";"";"";"";"";""
"08/05/2024";"0500";"";"";"";"";"";"";"";"";"";"";"";"";"";"";"";"";""
"08/05/2024";"0600";"";"";"";"";"";"";"";"";"";"";"";"";"";"";"";"";""
"08/05/2024";"0700";"";"";"";"";"";"";"";"";"";"";"";"";"";"";"";"";""
"08/05/2024";"0800";"";"";"";"";"";"";"";"";"";"";"";"";"";"";"";"";""
"08/05/2024";"0900";"";"";"";"";"";"";"";"";"";"";"";"";"";"";"";"";""
"08/05/2024";"1000";"";"";"";"";"";"";"";"";"";"";"";"";"";"";"";"";""
"08/05/2024";"1100";"";"";"";"";"";"";"";"";"";"";"";"";"";"";"";"";""
"08/05/2024";"1200";"";"";"";"";"";"";"";"";"";"";"";"";"";"";"";"";""
"08/05/2024";"1300";"";"";"";"";"";"";"";"";"";"";"";"";"";"";"";"";""
"08/05/2024";"1400";"";"";"";"";"";"";"";"";"";"";"";"";"";"";"";"";""
"08/05/2024";"1500";"";"";"";"";"";"";"";"";"";"";"";"";"";"";"";"";""
"08/05/2024";"1600";"";"";"";"";"";"";"";"";"";"";"";"";"";"";"";"";""
"08/05/2024";"1700";"";"";"";"";"";"";"";"";"";"";"";"";"";"";"";"";""
"08/05/2024";"1800";"";"";"";"";"";"";"";"";"";"";"";"";"";"";"";"";""
"08/05/2024";"1900";"";"";"";"";"";"";"";"";"";"";"";"";"";"";"";"";""
"08/05/2024";"2000";"";"";"";"";"";"";"";"";"";"";"";"";"";"";"";"";""
"08/05/2024";"2100";"";"";"";"";"";"";"";"";"";"";"";"";"";"";"";"";""
"08/05/2024";"2200";"";"";"";"";"";"";"";"";"";"";"";"";"";"";"";"";""
"08/05/2024";"2300";"";"";"";"";"";"";"";"";"";"";"";"";"";"";"";"";""
"09/05/2024";"0000";"";"";"";"";"";"";"";"";"";"";"";"";"";"";"";"";""
"09/05/2024";"0100";"";"";"";"";"";"";"";"";"";"";"";"";"";"";"";"";""
"09/05/2024";"0200";"";"";"";"";"";"";"";"";"";"";"";"";"";"";"";"";""
"09/05/2024";"0300";"";"";"";"";"";"";"";"";"";"";"";"";"";"";"";"";""
"09/05/2024";"0400";"";"";"";"";"";"";"";"";"";"";"";"";"";"";"";"";""
"09/05/2024";"0500";"";"";"";"";"";"";"";"";"";"";"";"";"";"";"";"";""
"09/05/2024";"0600";"";"";"";"";"";"";"";"";"";"";"";"";"";"";"";"";""
"09/05/2024";"0700";"";"";"";"";"";"";"";"";"";"";"";"";"";"";"";"";""
"09/05/2024";"0800";"";"";"";"";"";"";"";"";"";"";"";"";"";"";"";"";""
"09/05/2024";"0900";"";"";"";"";"";"";"";"";"";"";"";"";"";"";"";"";""
"09/05/2024";"1000";"";"";"";"";"";"";"";"";"";"";"";"";"";"";"";"";""
"09/05/2024";"1100";"";"";"";"";"";"";"";"";"";"";"";"";"";"";"";"";""
"09/05/2024";"1200";"";"";"";"";"";"";"";"";"";"";"";"";"";"";"";"";""
"09/05/2024";"1300";"";"";"";"";"";"";"";"";"";"";"";"";"";"";"";"";""
"09/05/2024";"1400";"";"";"";"";"";"";"";"";"";"";"";"";"";"";"";"";""
"09/05/2024";"1500";"";"";"";"";"";"";"";"";"";"";"";"";"";"";"";"";""
"09/05/2024";"1600";"";"";"";"";"";"";"";"";"";"";"";"";"";"";"";"";""
"09/05/2024";"1700";"";"";"";"";"";"";"";"";"";"";"";"";"";"";"";"";""
"09/05/2024";"1800";"";"";"";"";"";"";"";"";"";"";"";"";"";"";"";"";""
"09/05/2024";"1900";"";"";"";"";"";"";"";"";"";"";"";"";"";"";"";"";""
"09/05/2024";"2000";"";"";"";"";"";"";"";"";"";"";"";"";"";"";"";"";""
"09/05/2024";"2100";"";"";"";"";"";"";"";"";"";"";"";"";"";"";"";"";""
"09/05/2024";"2200";"";"";"";"";"";"";"";"";"";"";"";"";"";"";"";"";""
"09/05/2024";"2300";"";"";"";"";"";"";"";"";"";"";"";"";"";"";"";"";""
"10/05/2024";"0000";"";"";"";"";"";"";"";"";"";"";"";"";"";"";"";"";""
"10/05/2024";"0100";"";"";"";"";"";"";"";"";"";"";"";"";"";"";"";"";""
"10/05/2024";"0200";"";"";"";"";"";"";"";"";"";"";"";"";"";"";"";"";""
"10/05/2024";"0300";"";"";"";"";"";"";"";"";"";"";"";"";"";"";"";"";""
"10/05/2024";"0400";"";"";"";"";"";"";"";"";"";"";"";"";"";"";"";"";""
"10/05/2024";"0500";"";"";"";"";"";"";"";"";"";"";"";"";"";"";"";"";""
"10/05/2024";"0600";"";"";"";"";"";"";"";"";"";"";"";"";"";"";"";"";""
"10/05/2024";"0700";"";"";"";"";"";"";"";"";"";"";"";"";"";"";"";"";""
"10/05/2024";"0800";"";"";"";"";"";"";"";"";"";"";"";"";"";"";"";"";""
"10/05/2024";"0900";"";"";"";"";"";"";"";"";"";"";"";"";"";"";"";"";""
"10/05/2024";"1000";"";"";"";"";"";"";"";"";"";"";"";"";"";"";"";"";""
"10/05/2024";"1100";"";"";"";"";"";"";"";"";"";"";"";"";"";"";"";"";""
"10/05/2024";"1200";"";"";"";"";"";"";"";"";"";"";"";"";"";"";"";"";""
"10/05/2024";"1300";"";"";"";"";"";"";"";"";"";"";"";"";"";"";"";"";""
"10/05/2024";"1400";"";"";"";"";"";"";"";"";"";"";"";"";"";"";"";"";""
"10/05/2024";"1500";"";"";"";"";"";"";"";"";"";"";"";"";"";"";"";"";""
"10/05/2024";"1600";"";"";"";"";"";"";"";"";"";"";"";"";"";"";"";"";""
"10/05/2024";"1700";"";"";"";"";"";"";"";"";"";"";"";"";"";"";"";"";""
"10/05/2024";"1800";"";"";"";"";"";"";"";"";"";"";"";"";"";"";"";"";""
"10/05/2024";"1900";"";"";"";"";"";"";"";"";"";"";"";"";"";"";"";"";""
"10/05/2024";"2000";"";"";"";"";"";"";"";"";"";"";"";"";"";"";"";"";""
"10/05/2024";"2100";"";"";"";"";"";"";"";"";"";"";"";"";"";"";"";"";""
"10/05/2024";"2200";"";"";"";"";"";"";"";"";"";"";"";"";"";"";"";"";""
"10/05/2024";"2300";"";"";"";"";"";"";"";"";"";"";"";"";"";"";"";"";""
"11/05/2024";"0000";"";"";"";"";"";"";"";"";"";"";"";"";"";"";"";"";""
"11/05/2024";"0100";"";"";"";"";"";"";"";"";"";"";"";"";"";"";"";"";""
"11/05/2024";"0200";"";"";"";"";"";"";"";"";"";"";"";"";"";"";"";"";""
"11/05/2024";"0300";"";"";"";"";"";"";"";"";"";"";"";"";"";"";"";"";""
"11/05/2024";"0400";"";"";"";"";"";"";"";"";"";"";"";"";"";"";"";"";""
"11/05/2024";"0500";"";"";"";"";"";"";"";"";"";"";"";"";"";"";"";"";""
"11/05/2024";"0600";"";"";"";"";"";"";"";"";"";"";"";"";"";"";"";"";""
"11/05/2024";"0700";"";"";"";"";"";"";"";"";"";"";"";"";"";"";"";"";""
"11/05/2024";"0800";"";"";"";"";"";"";"";"";"";"";"";"";"";"";"";"";""
"11/05/2024";"0900";"";"";"";"";"";"";"";"";"";"";"";"";"";"";"";"";""
"11/05/2024";"1000";"";"";"";"";"";"";"";"";"";"";"";"";"";"";"";"";""
"11/05/2024";"1100";"";"";"";"";"";"";"";"";"";"";"";"";"";"";"";"";""
"11/05/2024";"1200";"";"";"";"";"";"";"";"";"";"";"";"";"";"";"";"";""
"11/05/2024";"1300";"";"";"";"";"";"";"";"";"";"";"";"";"";"";"";"";""
"11/05/2024";"1400";"";"";"";"";"";"";"";"";"";"";"";"";"";"";"";"";""
"11/05/2024";"1500";"";"";"";"";"";"";"";"";"";"";"";"";"";"";"";"";""
"11/05/2024";"1600";"";"";"";"";"";"";"";"";"";"";"";"";"";"";"";"";""
"11/05/2024";"1700";"";"";"";"";"";"";"";"";"";"";"";"";"";"";"";"";""
"11/05/2024";"1800";"";"";"";"";"";"";"";"";"";"";"";"";"";"";"";"";""
"11/05/2024";"1900";"";"";"";"";"";"";"";"";"";"";"";"";"";"";"";"";""
"11/05/2024";"2000";"";"";"";"";"";"";"";"";"";"";"";"";"";"";"";"";""
"11/05/2024";"2100";"";"";"";"";"";"";"";"";"";"";"";"";"";"";"";"";""
"11/05/2024";"2200";"";"";"";"";"";"";"";"";"";"";"";"";"";"";"";"";""
"11/05/2024";"2300";"";"";"";"";"";"";"";"";"";"";"";"";"";"";"";"";""
"12/05/2024";"0000";"";"";"";"";"";"";"";"";"";"";"";"";"";"";"";"";""
"12/05/2024";"0100";"";"";"";"";"";"";"";"";"";"";"";"";"";"";"";"";""
"12/05/2024";"0200";"";"";"";"";"";"";"";"";"";"";"";"";"";"";"";"";""
"12/05/2024";"0300";"";"";"";"";"";"";"";"";"";"";"";"";"";"";"";"";""
"12/05/2024";"0400";"";"";"";"";"";"";"";"";"";"";"";"";"";"";"";"";""
"12/05/2024";"0500";"";"";"";"";"";"";"";"";"";"";"";"";"";"";"";"";""
"12/05/2024";"0600";"";"";"";"";"";"";"";"";"";"";"";"";"";"";"";"";""
"12/05/2024";"0700";"";"";"";"";"";"";"";"";"";"";"";"";"";"";"";"";""
"12/05/2024";"0800";"";"";"";"";"";"";"";"";"";"";"";"";"";"";"";"";""
"12/05/2024";"0900";"";"";"";"";"";"";"";"";"";"";"";"";"";"";"";"";""
"12/05/2024";"1000";"";"";"";"";"";"";"";"";"";"";"";"";"";"";"";"";""
"12/05/2024";"1100";"";"";"";"";"";"";"";"";"";"";"";"";"";"";"";"";""
"12/05/2024";"1200";"";"";"";"";"";"";"";"";"";"";"";"";"";"";"";"";""
"12/05/2024";"1300";"";"";"";"";"";"";"";"";"";"";"";"";"";"";"";"";""
"12/05/2024";"1400";"";"";"";"";"";"";"";"";"";"";"";"";"";"";"";"";""
"12/05/2024";"1500";"";"";"";"";"";"";"";"";"";"";"";"";"";"";"";"";""
"12/05/2024";"1600";"";"";"";"";"";"";"";"";"";"";"";"";"";"";"";"";""
"12/05/2024";"1700";"";"";"";"";"";"";"";"";"";"";"";"";"";"";"";"";""
"12/05/2024";"1800";"";"";"";"";"";"";"";"";"";"";"";"";"";"";"";"";""
"12/05/2024";"1900";"";"";"";"";"";"";"";"";"";"";"";"";"";"";"";"";""
"12/05/2024";"2000";"";"";"";"";"";"";"";"";"";"";"";"";"";"";"";"";""
"12/05/2024";"2100";"";"";"";"";"";"";"";"";"";"";"";"";"";"";"";"";""
"12/05/2024";"2200";"";"";"";"";"";"";"";"";"";"";"";"";"";"";"";"";""
"12/05/2024";"2300";"";"";"";"";"";"";"";"";"";"";"";"";"";"";"";"";""
"13/05/2024";"0000";"";"";"";"";"";"";"";"";"";"";"";"";"";"";"";"";""
"13/05/2024";"0100";"";"";"";"";"";"";"";"";"";"";"";"";"";"";"";"";""
"13/05/2024";"0200";"";"";"";"";"";"";"";"";"";"";"";"";"";"";"";"";""
"13/05/2024";"0300";"";"";"";"";"";"";"";"";"";"";"";"";"";"";"";"";""
"13/05/2024";"0400";"";"";"";"";"";"";"";"";"";"";"";"";"";"";"";"";""
"13/05/2024";"0500";"";"";"";"";"";"";"";"";"";"";"";"";"";"";"";"";""
"13/05/2024";"0600";"";"";"";"";"";"";"";"";"";"";"";"";"";"";"";"";""
"13/05/2024";"0700";"";"";"";"";"";"";"";"";"";"";"";"";"";"";"";"";""
"13/05/2024";"0800";"";"";"";"";"";"";"";"";"";"";"";"";"";"";"";"";""
"13/05/2024";"0900";"";"";"";"";"";"";"";"";"";"";"";"";"";"";"";"";""
"13/05/2024";"1000";"";"";"";"";"";"";"";"";"";"";"";"";"";"";"";"";""
"13/05/2024";"1100";"";"";"";"";"";"";"";"";"";"";"";"";"";"";"";"";""
"13/05/2024";"1200";"";"";"";"";"";"";"";"";"";"";"";"";"";"";"";"";""
"13/05/2024";"1300";"";"";"";"";"";"";"";"";"";"";"";"";"";"";"";"";""
"13/05/2024";"1400";"";"";"";"";"";"";"";"";"";"";"";"";"";"";"";"";""
"13/05/2024";"1500";"";"";"";"";"";"";"";"";"";"";"";"";"";"";"";"";""
"13/05/2024";"1600";"";"";"";"";"";"";"";"";"";"";"";"";"";"";"";"";""
"13/05/2024";"1700";"";"";"";"";"";"";"";"";"";"";"";"";"";"";"";"";""
"13/05/2024";"1800";"";"";"";"";"";"";"";"";"";"";"";"";"";"";"";"";""
"13/05/2024";"1900";"";"";"";"";"";"";"";"";"";"";"";"";"";"";"";"";""
"13/05/2024";"2000";"";"";"";"";"";"";"";"";"";"";"";"";"";"";"";"";""
"13/05/2024";"2100";"";"";"";"";"";"";"";"";"";"";"";"";"";"";"";"";""
"13/05/2024";"2200";"";"";"";"";"";"";"";"";"";"";"";"";"";"";"";"";""
"13/05/2024";"2300";"";"";"";"";"";"";"";"";"";"";"";"";"";"";"";"";""
"14/05/2024";"0000";"";"";"";"";"";"";"";"";"";"";"";"";"";"";"";"";""
"14/05/2024";"0100";"";"";"";"";"";"";"";"";"";"";"";"";"";"";"";"";""
"14/05/2024";"0200";"";"";"";"";"";"";"";"";"";"";"";"";"";"";"";"";""
"14/05/2024";"0300";"";"";"";"";"";"";"";"";"";"";"";"";"";"";"";"";""
"14/05/2024";"0400";"";"";"";"";"";"";"";"";"";"";"";"";"";"";"";"";""
"14/05/2024";"0500";"";"";"";"";"";"";"";"";"";"";"";"";"";"";"";"";""
"14/05/2024";"0600";"";"";"";"";"";"";"";"";"";"";"";"";"";"";"";"";""
"14/05/2024";"0700";"";"";"";"";"";"";"";"";"";"";"";"";"";"";"";"";""
"14/05/2024";"0800";"";"";"";"";"";"";"";"";"";"";"";"";"";"";"";"";""
"14/05/2024";"0900";"";"";"";"";"";"";"";"";"";"";"";"";"";"";"";"";""
"14/05/2024";"1000";"";"";"";"";"";"";"";"";"";"";"";"";"";"";"";"";""
"14/05/2024";"1100";"";"";"";"";"";"";"";"";"";"";"";"";"";"";"";"";""
"14/05/2024";"1200";"";"";"";"";"";"";"";"";"";"";"";"";"";"";"";"";""
"14/05/2024";"1300";"";"";"";"";"";"";"";"";"";"";"";"";"";"";"";"";""
"14/05/2024";"1400";"";"";"";"";"";"";"";"";"";"";"";"";"";"";"";"";""
"14/05/2024";"1500";"";"";"";"";"";"";"";"";"";"";"";"";"";"";"";"";""
"14/05/2024";"1600";"";"";"";"";"";"";"";"";"";"";"";"";"";"";"";"";""
"14/05/2024";"1700";"";"";"";"";"";"";"";"";"";"";"";"";"";"";"";"";""
"14/05/2024";"1800";"";"";"";"";"";"";"";"";"";"";"";"";"";"";"";"";""
"14/05/2024";"1900";"";"";"";"";"";"";"";"";"";"";"";"";"";"";"";"";""
"14/05/2024";"2000";"";"";"";"";"";"";"";"";"";"";"";"";"";"";"";"";""
"14/05/2024";"2100";"";"";"";"";"";"";"";"";"";"";"";"";"";"";"";"";""
"14/05/2024";"2200";"";"";"";"";"";"";"";"";"";"";"";"";"";"";"";"";""
"14/05/2024";"2300";"";"";"";"";"";"";"";"";"";"";"";"";"";"";"";"";""
"15/05/2024";"0000";"";"";"";"";"";"";"";"";"";"";"";"";"";"";"";"";""
"15/05/2024";"0100";"";"";"";"";"";"";"";"";"";"";"";"";"";"";"";"";""
"15/05/2024";"0200";"";"";"";"";"";"";"";"";"";"";"";"";"";"";"";"";""
"15/05/2024";"0300";"";"";"";"";"";"";"";"";"";"";"";"";"";"";"";"";""
"15/05/2024";"0400";"";"";"";"";"";"";"";"";"";"";"";"";"";"";"";"";""
"15/05/2024";"0500";"";"";"";"";"";"";"";"";"";"";"";"";"";"";"";"";""
"15/05/2024";"0600";"";"";"";"";"";"";"";"";"";"";"";"";"";"";"";"";""
"15/05/2024";"0700";"";"";"";"";"";"";"";"";"";"";"";"";"";"";"";"";""
"15/05/2024";"0800";"";"";"";"";"";"";"";"";"";"";"";"";"";"";"";"";""
"15/05/2024";"0900";"";"";"";"";"";"";"";"";"";"";"";"";"";"";"";"";""
"15/05/2024";"1000";"";"";"";"";"";"";"";"";"";"";"";"";"";"";"";"";""
"15/05/2024";"1100";"";"";"";"";"";"";"";"";"";"";"";"";"";"";"";"";""
"15/05/2024";"1200";"";"";"";"";"";"";"";"";"";"";"";"";"";"";"";"";""
"15/05/2024";"1300";"";"";"";"";"";"";"";"";"";"";"";"";"";"";"";"";""
"15/05/2024";"1400";"";"";"";"";"";"";"";"";"";"";"";"";"";"";"";"";""
"15/05/2024";"1500";"";"";"";"";"";"";"";"";"";"";"";"";"";"";"";"";""
"15/05/2024";"1600";"";"";"";"";"";"";"";"";"";"";"";"";"";"";"";"";""
"15/05/2024";"1700";"";"";"";"";"";"";"";"";"";"";"";"";"";"";"";"";""
"15/05/2024";"1800";"";"";"";"";"";"";"";"";"";"";"";"";"";"";"";"";""
"15/05/2024";"1900";"";"";"";"";"";"";"";"";"";"";"";"";"";"";"";"";""
"15/05/2024";"2000";"";"";"";"";"";"";"";"";"";"";"";"";"";"";"";"";""
"15/05/2024";"2100";"";"";"";"";"";"";"";"";"";"";"";"";"";"";"";"";""
"15/05/2024";"2200";"";"";"";"";"";"";"";"";"";"";"";"";"";"";"";"";""
"15/05/2024";"2300";"";"";"";"";"";"";"";"";"";"";"";"";"";"";"";"";""
"16/05/2024";"0000";"";"";"";"";"";"";"";"";"";"";"";"";"";"";"";"";""
"16/05/2024";"0100";"";"";"";"";"";"";"";"";"";"";"";"";"";"";"";"";""
"16/05/2024";"0200";"";"";"";"";"";"";"";"";"";"";"";"";"";"";"";"";""
"16/05/2024";"0300";"";"";"";"";"";"";"";"";"";"";"";"";"";"";"";"";""
"16/05/2024";"0400";"";"";"";"";"";"";"";"";"";"";"";"";"";"";"";"";""
"16/05/2024";"0500";"";"";"";"";"";"";"";"";"";"";"";"";"";"";"";"";""
"16/05/2024";"0600";"";"";"";"";"";"";"";"";"";"";"";"";"";"";"";"";""
"16/05/2024";"0700";"";"";"";"";"";"";"";"";"";"";"";"";"";"";"";"";""
"16/05/2024";"0800";"";"";"";"";"";"";"";"";"";"";"";"";"";"";"";"";""
"16/05/2024";"0900";"";"";"";"";"";"";"";"";"";"";"";"";"";"";"";"";""
"16/05/2024";"1000";"";"";"";"";"";"";"";"";"";"";"";"";"";"";"";"";""
"16/05/2024";"1100";"";"";"";"";"";"";"";"";"";"";"";"";"";"";"";"";""
"16/05/2024";"1200";"";"";"";"";"";"";"";"";"";"";"";"";"";"";"";"";""
"16/05/2024";"1300";"";"";"";"";"";"";"";"";"";"";"";"";"";"";"";"";""
"16/05/2024";"1400";"";"";"";"";"";"";"";"";"";"";"";"";"";"";"";"";""
"16/05/2024";"1500";"";"";"";"";"";"";"";"";"";"";"";"";"";"";"";"";""
"16/05/2024";"1600";"";"";"";"";"";"";"";"";"";"";"";"";"";"";"";"";""
"16/05/2024";"1700";"";"";"";"";"";"";"";"";"";"";"";"";"";"";"";"";""
"16/05/2024";"1800";"";"";"";"";"";"";"";"";"";"";"";"";"";"";"";"";""
"16/05/2024";"1900";"";"";"";"";"";"";"";"";"";"";"";"";"";"";"";"";""
"16/05/2024";"2000";"";"";"";"";"";"";"";"";"";"";"";"";"";"";"";"";""
"16/05/2024";"2100";"";"";"";"";"";"";"";"";"";"";"";"";"";"";"";"";""
"16/05/2024";"2200";"";"";"";"";"";"";"";"";"";"";"";"";"";"";"";"";""
"16/05/2024";"2300";"";"";"";"";"";"";"";"";"";"";"";"";"";"";"";"";""
"17/05/2024";"0000";"";"";"";"";"";"";"";"";"";"";"";"";"";"";"";"";""
"17/05/2024";"0100";"";"";"";"";"";"";"";"";"";"";"";"";"";"";"";"";""
"17/05/2024";"0200";"";"";"";"";"";"";"";"";"";"";"";"";"";"";"";"";""
"17/05/2024";"0300";"";"";"";"";"";"";"";"";"";"";"";"";"";"";"";"";""
"17/05/2024";"0400";"";"";"";"";"";"";"";"";"";"";"";"";"";"";"";"";""
"17/05/2024";"0500";"";"";"";"";"";"";"";"";"";"";"";"";"";"";"";"";""
"17/05/2024";"0600";"";"";"";"";"";"";"";"";"";"";"";"";"";"";"";"";""
"17/05/2024";"0700";"";"";"";"";"";"";"";"";"";"";"";"";"";"";"";"";""
"17/05/2024";"0800";"";"";"";"";"";"";"";"";"";"";"";"";"";"";"";"";""
"17/05/2024";"0900";"";"";"";"";"";"";"";"";"";"";"";"";"";"";"";"";""
"17/05/2024";"1000";"";"";"";"";"";"";"";"";"";"";"";"";"";"";"";"";""
"17/05/2024";"1100";"";"";"";"";"";"";"";"";"";"";"";"";"";"";"";"";""
"17/05/2024";"1200";"";"";"";"";"";"";"";"";"";"";"";"";"";"";"";"";""
"17/05/2024";"1300";"";"";"";"";"";"";"";"";"";"";"";"";"";"";"";"";""
"17/05/2024";"1400";"";"";"";"";"";"";"";"";"";"";"";"";"";"";"";"";""
"17/05/2024";"1500";"";"";"";"";"";"";"";"";"";"";"";"";"";"";"";"";""
"17/05/2024";"1600";"";"";"";"";"";"";"";"";"";"";"";"";"";"";"";"";""
"17/05/2024";"1700";"";"";"";"";"";"";"";"";"";"";"";"";"";"";"";"";""
"17/05/2024";"1800";"";"";"";"";"";"";"";"";"";"";"";"";"";"";"";"";""
"17/05/2024";"1900";"";"";"";"";"";"";"";"";"";"";"";"";"";"";"";"";""
"17/05/2024";"2000";"";"";"";"";"";"";"";"";"";"";"";"";"";"";"";"";""
"17/05/2024";"2100";"";"";"";"";"";"";"";"";"";"";"";"";"";"";"";"";""
"17/05/2024";"2200";"";"";"";"";"";"";"";"";"";"";"";"";"";"";"";"";""
"17/05/2024";"2300";"";"";"";"";"";"";"";"";"";"";"";"";"";"";"";"";""
"18/05/2024";"0000";"";"";"";"";"";"";"";"";"";"";"";"";"";"";"";"";""
"18/05/2024";"0100";"";"";"";"";"";"";"";"";"";"";"";"";"";"";"";"";""
"18/05/2024";"0200";"";"";"";"";"";"";"";"";"";"";"";"";"";"";"";"";""
"18/05/2024";"0300";"";"";"";"";"";"";"";"";"";"";"";"";"";"";"";"";""
"18/05/2024";"0400";"";"";"";"";"";"";"";"";"";"";"";"";"";"";"";"";""
"18/05/2024";"0500";"";"";"";"";"";"";"";"";"";"";"";"";"";"";"";"";""
"18/05/2024";"0600";"";"";"";"";"";"";"";"";"";"";"";"";"";"";"";"";""
"18/05/2024";"0700";"";"";"";"";"";"";"";"";"";"";"";"";"";"";"";"";""
"18/05/2024";"0800";"";"";"";"";"";"";"";"";"";"";"";"";"";"";"";"";""
"18/05/2024";"0900";"";"";"";"";"";"";"";"";"";"";"";"";"";"";"";"";""
"18/05/2024";"1000";"";"";"";"";"";"";"";"";"";"";"";"";"";"";"";"";""
"18/05/2024";"1100";"";"";"";"";"";"";"";"";"";"";"";"";"";"";"";"";""
"18/05/2024";"1200";"";"";"";"";"";"";"";"";"";"";"";"";"";"";"";"";""
"18/05/2024";"1300";"";"";"";"";"";"";"";"";"";"";"";"";"";"";"";"";""
"18/05/2024";"1400";"";"";"";"";"";"";"";"";"";"";"";"";"";"";"";"";""
"18/05/2024";"1500";"";"";"";"";"";"";"";"";"";"";"";"";"";"";"";"";""
"18/05/2024";"1600";"";"";"";"";"";"";"";"";"";"";"";"";"";"";"";"";""
"18/05/2024";"1700";"";"";"";"";"";"";"";"";"";"";"";"";"";"";"";"";""
"18/05/2024";"1800";"";"";"";"";"";"";"";"";"";"";"";"";"";"";"";"";""
"18/05/2024";"1900";"";"";"";"";"";"";"";"";"";"";"";"";"";"";"";"";""
"18/05/2024";"2000";"";"";"";"";"";"";"";"";"";"";"";"";"";"";"";"";""
"18/05/2024";"2100";"";"";"";"";"";"";"";"";"";"";"";"";"";"";"";"";""
"18/05/2024";"2200";"";"";"";"";"";"";"";"";"";"";"";"";"";"";"";"";""
"18/05/2024";"2300";"";"";"";"";"";"";"";"";"";"";"";"";"";"";"";"";""
"19/05/2024";"0000";"";"";"";"";"";"";"";"";"";"";"";"";"";"";"";"";""
"19/05/2024";"0100";"";"";"";"";"";"";"";"";"";"";"";"";"";"";"";"";""
"19/05/2024";"0200";"";"";"";"";"";"";"";"";"";"";"";"";"";"";"";"";""
"19/05/2024";"0300";"";"";"";"";"";"";"";"";"";"";"";"";"";"";"";"";""
"19/05/2024";"0400";"";"";"";"";"";"";"";"";"";"";"";"";"";"";"";"";""
"19/05/2024";"0500";"";"";"";"";"";"";"";"";"";"";"";"";"";"";"";"";""
"19/05/2024";"0600";"";"";"";"";"";"";"";"";"";"";"";"";"";"";"";"";""
"19/05/2024";"0700";"";"";"";"";"";"";"";"";"";"";"";"";"";"";"";"";""
"19/05/2024";"0800";"";"";"";"";"";"";"";"";"";"";"";"";"";"";"";"";""
"19/05/2024";"0900";"";"";"";"";"";"";"";"";"";"";"";"";"";"";"";"";""
"19/05/2024";"1000";"";"";"";"";"";"";"";"";"";"";"";"";"";"";"";"";""
"19/05/2024";"1100";"";"";"";"";"";"";"";"";"";"";"";"";"";"";"";"";""
"19/05/2024";"1200";"";"";"";"";"";"";"";"";"";"";"";"";"";"";"";"";""
"19/05/2024";"1300";"";"";"";"";"";"";"";"";"";"";"";"";"";"";"";"";""
"19/05/2024";"1400";"";"";"";"";"";"";"";"";"";"";"";"";"";"";"";"";""
"19/05/2024";"1500";"";"";"";"";"";"";"";"";"";"";"";"";"";"";"";"";""
"19/05/2024";"1600";"";"";"";"";"";"";"";"";"";"";"";"";"";"";"";"";""
"19/05/2024";"1700";"";"";"";"";"";"";"";"";"";"";"";"";"";"";"";"";""
"19/05/2024";"1800";"";"";"";"";"";"";"";"";"";"";"";"";"";"";"";"";""
"19/05/2024";"1900";"";"";"";"";"";"";"";"";"";"";"";"";"";"";"";"";""
"19/05/2024";"2000";"";"";"";"";"";"";"";"";"";"";"";"";"";"";"";"";""
"19/05/2024";"2100";"";"";"";"";"";"";"";"";"";"";"";"";"";"";"";"";""
"19/05/2024";"2200";"";"";"";"";"";"";"";"";"";"";"";"";"";"";"";"";""
"19/05/2024";"2300";"";"";"";"";"";"";"";"";"";"";"";"";"";"";"";"";""
"20/05/2024";"0000";"";"";"";"";"";"";"";"";"";"";"";"";"";"";"";"";""
"20/05/2024";"0100";"";"";"";"";"";"";"";"";"";"";"";"";"";"";"";"";""
"20/05/2024";"0200";"";"";"";"";"";"";"";"";"";"";"";"";"";"";"";"";""
"20/05/2024";"0300";"";"";"";"";"";"";"";"";"";"";"";"";"";"";"";"";""
"20/05/2024";"0400";"";"";"";"";"";"";"";"";"";"";"";"";"";"";"";"";""
"20/05/2024";"0500";"";"";"";"";"";"";"";"";"";"";"";"";"";"";"";"";""
"20/05/2024";"0600";"";"";"";"";"";"";"";"";"";"";"";"";"";"";"";"";""
"20/05/2024";"0700";"";"";"";"";"";"";"";"";"";"";"";"";"";"";"";"";""
"20/05/2024";"0800";"";"";"";"";"";"";"";"";"";"";"";"";"";"";"";"";""
"20/05/2024";"0900";"";"";"";"";"";"";"";"";"";"";"";"";"";"";"";"";""
"20/05/2024";"1000";"";"";"";"";"";"";"";"";"";"";"";"";"";"";"";"";""
"20/05/2024";"1100";"";"";"";"";"";"";"";"";"";"";"";"";"";"";"";"";""
"20/05/2024";"1200";"";"";"";"";"";"";"";"";"";"";"";"";"";"";"";"";""
"20/05/2024";"1300";"";"";"";"";"";"";"";"";"";"";"";"";"";"";"";"";""
"20/05/2024";"1400";"";"";"";"";"";"";"";"";"";"";"";"";"";"";"";"";""
"20/05/2024";"1500";"";"";"";"";"";"";"";"";"";"";"";"";"";"";"";"";""
"20/05/2024";"1600";"";"";"";"";"";"";"";"";"";"";"";"";"";"";"";"";""
"20/05/2024";"1700";"";"";"";"";"";"";"";"";"";"";"";"";"";"";"";"";""
"20/05/2024";"1800";"";"";"";"";"";"";"";"";"";"";"";"";"";"";"";"";""
"20/05/2024";"1900";"";"";"";"";"";"";"";"";"";"";"";"";"";"";"";"";""
"20/05/2024";"2000";"";"";"";"";"";"";"";"";"";"";"";"";"";"";"";"";""
"20/05/2024";"2100";"";"";"";"";"";"";"";"";"";"";"";"";"";"";"";"";""
"20/05/2024";"2200";"";"";"";"";"";"";"";"";"";"";"";"";"";"";"";"";""
"20/05/2024";"2300";"";"";"";"";"";"";"";"";"";"";"";"";"";"";"";"";""
"21/05/2024";"0000";"";"";"";"";"";"";"";"";"";"";"";"";"";"";"";"";""
"21/05/2024";"0100";"";"";"";"";"";"";"";"";"";"";"";"";"";"";"";"";""
"21/05/2024";"0200";"";"";"";"";"";"";"";"";"";"";"";"";"";"";"";"";""
"21/05/2024";"0300";"";"";"";"";"";"";"";"";"";"";"";"";"";"";"";"";""
"21/05/2024";"0400";"";"";"";"";"";"";"";"";"";"";"";"";"";"";"";"";""
"21/05/2024";"0500";"";"";"";"";"";"";"";"";"";"";"";"";"";"";"";"";""
"21/05/2024";"0600";"";"";"";"";"";"";"";"";"";"";"";"";"";"";"";"";""
"21/05/2024";"0700";"";"";"";"";"";"";"";"";"";"";"";"";"";"";"";"";""
"21/05/2024";"0800";"";"";"";"";"";"";"";"";"";"";"";"";"";"";"";"";""
"21/05/2024";"0900";"";"";"";"";"";"";"";"";"";"";"";"";"";"";"";"";""
"21/05/2024";"1000";"";"";"";"";"";"";"";"";"";"";"";"";"";"";"";"";""
"21/05/2024";"1100";"";"";"";"";"";"";"";"";"";"";"";"";"";"";"";"";""
"21/05/2024";"1200";"";"";"";"";"";"";"";"";"";"";"";"";"";"";"";"";""
"21/05/2024";"1300";"";"";"";"";"";"";"";"";"";"";"";"";"";"";"";"";""
"21/05/2024";"1400";"";"";"";"";"";"";"";"";"";"";"";"";"";"";"";"";""
"21/05/2024";"1500";"";"";"";"";"";"";"";"";"";"";"";"";"";"";"";"";""
"21/05/2024";"1600";"";"";"";"";"";"";"";"";"";"";"";"";"";"";"";"";""
"21/05/2024";"1700";"";"";"";"";"";"";"";"";"";"";"";"";"";"";"";"";""
"21/05/2024";"1800";"";"";"";"";"";"";"";"";"";"";"";"";"";"";"";"";""
"21/05/2024";"1900";"";"";"";"";"";"";"";"";"";"";"";"";"";"";"";"";""
"21/05/2024";"2000";"";"";"";"";"";"";"";"";"";"";"";"";"";"";"";"";""
"21/05/2024";"2100";"";"";"";"";"";"";"";"";"";"";"";"";"";"";"";"";""
"21/05/2024";"2200";"";"";"";"";"";"";"";"";"";"";"";"";"";"";"";"";""
"21/05/2024";"2300";"";"";"";"";"";"";"";"";"";"";"";"";"";"";"";"";""
"22/05/2024";"0000";"";"";"";"";"";"";"";"";"";"";"";"";"";"";"";"";""
"22/05/2024";"0100";"";"";"";"";"";"";"";"";"";"";"";"";"";"";"";"";""
"22/05/2024";"0200";"";"";"";"";"";"";"";"";"";"";"";"";"";"";"";"";""
"22/05/2024";"0300";"";"";"";"";"";"";"";"";"";"";"";"";"";"";"";"";""
"22/05/2024";"0400";"";"";"";"";"";"";"";"";"";"";"";"";"";"";"";"";""
"22/05/2024";"0500";"";"";"";"";"";"";"";"";"";"";"";"";"";"";"";"";""
"22/05/2024";"0600";"";"";"";"";"";"";"";"";"";"";"";"";"";"";"";"";""
"22/05/2024";"0700";"";"";"";"";"";"";"";"";"";"";"";"";"";"";"";"";""
"22/05/2024";"0800";"";"";"";"";"";"";"";"";"";"";"";"";"";"";"";"";""
"22/05/2024";"0900";"";"";"";"";"";"";"";"";"";"";"";"";"";"";"";"";""
"22/05/2024";"1000";"";"";"";"";"";"";"";"";"";"";"";"";"";"";"";"";""
"22/05/2024";"1100";"";"";"";"";"";"";"";"";"";"";"";"";"";"";"";"";""
"22/05/2024";"1200";"";"";"";"";"";"";"";"";"";"";"";"";"";"";"";"";""
"22/05/2024";"1300";"";"";"";"";"";"";"";"";"";"";"";"";"";"";"";"";""
"22/05/2024";"1400";"";"";"";"";"";"";"";"";"";"";"";"";"";"";"";"";""
"22/05/2024";"1500";"";"";"";"";"";"";"";"";"";"";"";"";"";"";"";"";""
"22/05/2024";"1600";"";"";"";"";"";"";"";"";"";"";"";"";"";"";"";"";""
"22/05/2024";"1700";"";"";"";"";"";"";"";"";"";"";"";"";"";"";"";"";""
"22/05/2024";"1800";"";"";"";"";"";"";"";"";"";"";"";"";"";"";"";"";""
"22/05/2024";"1900";"";"";"";"";"";"";"";"";"";"";"";"";"";"";"";"";""
"22/05/2024";"2000";"";"";"";"";"";"";"";"";"";"";"";"";"";"";"";"";""
"22/05/2024";"2100";"";"";"";"";"";"";"";"";"";"";"";"";"";"";"";"";""
"22/05/2024";"2200";"";"";"";"";"";"";"";"";"";"";"";"";"";"";"";"";""
"22/05/2024";"2300";"";"";"";"";"";"";"";"";"";"";"";"";"";"";"";"";""
"23/05/2024";"0000";"";"";"";"";"";"";"";"";"";"";"";"";"";"";"";"";""
"23/05/2024";"0100";"";"";"";"";"";"";"";"";"";"";"";"";"";"";"";"";""
"23/05/2024";"0200";"";"";"";"";"";"";"";"";"";"";"";"";"";"";"";"";""
"23/05/2024";"0300";"";"";"";"";"";"";"";"";"";"";"";"";"";"";"";"";""
"23/05/2024";"0400";"";"";"";"";"";"";"";"";"";"";"";"";"";"";"";"";""
"23/05/2024";"0500";"";"";"";"";"";"";"";"";"";"";"";"";"";"";"";"";""
"23/05/2024";"0600";"";"";"";"";"";"";"";"";"";"";"";"";"";"";"";"";""
"23/05/2024";"0700";"";"";"";"";"";"";"";"";"";"";"";"";"";"";"";"";""
"23/05/2024";"0800";"";"";"";"";"";"";"";"";"";"";"";"";"";"";"";"";""
"23/05/2024";"0900";"";"";"";"";"";"";"";"";"";"";"";"";"";"";"";"";""
"23/05/2024";"1000";"";"";"";"";"";"";"";"";"";"";"";"";"";"";"";"";""
"23/05/2024";"1100";"";"";"";"";"";"";"";"";"";"";"";"";"";"";"";"";""
"23/05/2024";"1200";"";"";"";"";"";"";"";"";"";"";"";"";"";"";"";"";""
"23/05/2024";"1300";"";"";"";"";"";"";"";"";"";"";"";"";"";"";"";"";""
"23/05/2024";"1400";"";"";"";"";"";"";"";"";"";"";"";"";"";"";"";"";""
"23/05/2024";"1500";"";"";"";"";"";"";"";"";"";"";"";"";"";"";"";"";""
"23/05/2024";"1600";"";"";"";"";"";"";"";"";"";"";"";"";"";"";"";"";""
"23/05/2024";"1700";"";"";"";"";"";"";"";"";"";"";"";"";"";"";"";"";""
"23/05/2024";"1800";"";"";"";"";"";"";"";"";"";"";"";"";"";"";"";"";""
"23/05/2024";"1900";"";"";"";"";"";"";"";"";"";"";"";"";"";"";"";"";""
"23/05/2024";"2000";"";"";"";"";"";"";"";"";"";"";"";"";"";"";"";"";""
"23/05/2024";"2100";"";"";"";"";"";"";"";"";"";"";"";"";"";"";"";"";""
"23/05/2024";"2200";"";"";"";"";"";"";"";"";"";"";"";"";"";"";"";"";""
"23/05/2024";"2300";"";"";"";"";"";"";"";"";"";"";"";"";"";"";"";"";""
"24/05/2024";"0000";"";"";"";"";"";"";"";"";"";"";"";"";"";"";"";"";""
"24/05/2024";"0100";"";"";"";"";"";"";"";"";"";"";"";"";"";"";"";"";""
"24/05/2024";"0200";"";"";"";"";"";"";"";"";"";"";"";"";"";"";"";"";""
"24/05/2024";"0300";"";"";"";"";"";"";"";"";"";"";"";"";"";"";"";"";""
"24/05/2024";"0400";"";"";"";"";"";"";"";"";"";"";"";"";"";"";"";"";""
"24/05/2024";"0500";"";"";"";"";"";"";"";"";"";"";"";"";"";"";"";"";""
"24/05/2024";"0600";"";"";"";"";"";"";"";"";"";"";"";"";"";"";"";"";""
"24/05/2024";"0700";"";"";"";"";"";"";"";"";"";"";"";"";"";"";"";"";""
"24/05/2024";"0800";"";"";"";"";"";"";"";"";"";"";"";"";"";"";"";"";""
"24/05/2024";"0900";"";"";"";"";"";"";"";"";"";"";"";"";"";"";"";"";""
"24/05/2024";"1000";"";"";"";"";"";"";"";"";"";"";"";"";"";"";"";"";""
"24/05/2024";"1100";"";"";"";"";"";"";"";"";"";"";"";"";"";"";"";"";""
"24/05/2024";"1200";"";"";"";"";"";"";"";"";"";"";"";"";"";"";"";"";""
"24/05/2024";"1300";"";"";"";"";"";"";"";"";"";"";"";"";"";"";"";"";""
"24/05/2024";"1400";"";"";"";"";"";"";"";"";"";"";"";"";"";"";"";"";""
"24/05/2024";"1500";"";"";"";"";"";"";"";"";"";"";"";"";"";"";"";"";""
"24/05/2024";"1600";"";"";"";"";"";"";"";"";"";"";"";"";"";"";"";"";""
"24/05/2024";"1700";"";"";"";"";"";"";"";"";"";"";"";"";"";"";"";"";""
"24/05/2024";"1800";"";"";"";"";"";"";"";"";"";"";"";"";"";"";"";"";""
"24/05/2024";"1900";"";"";"";"";"";"";"";"";"";"";"";"";"";"";"";"";""
"24/05/2024";"2000";"";"";"";"";"";"";"";"";"";"";"";"";"";"";"";"";""
"24/05/2024";"2100";"";"";"";"";"";"";"";"";"";"";"";"";"";"";"";"";""
"24/05/2024";"2200";"";"";"";"";"";"";"";"";"";"";"";"";"";"";"";"";""
"24/05/2024";"2300";"";"";"";"";"";"";"";"";"";"";"";"";"";"";"";"";""
"25/05/2024";"0000";"";"";"";"";"";"";"";"";"";"";"";"";"";"";"";"";""
"25/05/2024";"0100";"";"";"";"";"";"";"";"";"";"";"";"";"";"";"";"";""
"25/05/2024";"0200";"";"";"";"";"";"";"";"";"";"";"";"";"";"";"";"";""
"25/05/2024";"0300";"";"";"";"";"";"";"";"";"";"";"";"";"";"";"";"";""
"25/05/2024";"0400";"";"";"";"";"";"";"";"";"";"";"";"";"";"";"";"";""
"25/05/2024";"0500";"";"";"";"";"";"";"";"";"";"";"";"";"";"";"";"";""
"25/05/2024";"0600";"";"";"";"";"";"";"";"";"";"";"";"";"";"";"";"";""
"25/05/2024";"0700";"";"";"";"";"";"";"";"";"";"";"";"";"";"";"";"";""
"25/05/2024";"0800";"";"";"";"";"";"";"";"";"";"";"";"";"";"";"";"";""
"25/05/2024";"0900";"";"";"";"";"";"";"";"";"";"";"";"";"";"";"";"";""
"25/05/2024";"1000";"";"";"";"";"";"";"";"";"";"";"";"";"";"";"";"";""
"25/05/2024";"1100";"";"";"";"";"";"";"";"";"";"";"";"";"";"";"";"";""
"25/05/2024";"1200";"";"";"";"";"";"";"";"";"";"";"";"";"";"";"";"";""
"25/05/2024";"1300";"";"";"";"";"";"";"";"";"";"";"";"";"";"";"";"";""
"25/05/2024";"1400";"";"";"";"";"";"";"";"";"";"";"";"";"";"";"";"";""
"25/05/2024";"1500";"";"";"";"";"";"";"";"";"";"";"";"";"";"";"";"";""
"25/05/2024";"1600";"";"";"";"";"";"";"";"";"";"";"";"";"";"";"";"";""
"25/05/2024";"1700";"";"";"";"";"";"";"";"";"";"";"";"";"";"";"";"";""
"25/05/2024";"1800";"";"";"";"";"";"";"";"";"";"";"";"";"";"";"";"";""
"25/05/2024";"1900";"";"";"";"";"";"";"";"";"";"";"";"";"";"";"";"";""
"25/05/2024";"2000";"";"";"";"";"";"";"";"";"";"";"";"";"";"";"";"";""
"25/05/2024";"2100";"";"";"";"";"";"";"";"";"";"";"";"";"";"";"";"";""
"25/05/2024";"2200";"";"";"";"";"";"";"";"";"";"";"";"";"";"";"";"";""
"25/05/2024";"2300";"";"";"";"";"";"";"";"";"";"";"";"";"";"";"";"";""
"26/05/2024";"0000";"";"";"";"";"";"";"";"";"";"";"";"";"";"";"";"";""
"26/05/2024";"0100";"";"";"";"";"";"";"";"";"";"";"";"";"";"";"";"";""
"26/05/2024";"0200";"";"";"";"";"";"";"";"";"";"";"";"";"";"";"";"";""
"26/05/2024";"0300";"";"";"";"";"";"";"";"";"";"";"";"";"";"";"";"";""
"26/05/2024";"0400";"";"";"";"";"";"";"";"";"";"";"";"";"";"";"";"";""
"26/05/2024";"0500";"";"";"";"";"";"";"";"";"";"";"";"";"";"";"";"";""
"26/05/2024";"0600";"";"";"";"";"";"";"";"";"";"";"";"";"";"";"";"";""
"26/05/2024";"0700";"";"";"";"";"";"";"";"";"";"";"";"";"";"";"";"";""
"26/05/2024";"0800";"";"";"";"";"";"";"";"";"";"";"";"";"";"";"";"";""
"26/05/2024";"0900";"";"";"";"";"";"";"";"";"";"";"";"";"";"";"";"";""
"26/05/2024";"1000";"";"";"";"";"";"";"";"";"";"";"";"";"";"";"";"";""
"26/05/2024";"1100";"";"";"";"";"";"";"";"";"";"";"";"";"";"";"";"";""
"26/05/2024";"1200";"";"";"";"";"";"";"";"";"";"";"";"";"";"";"";"";""
"26/05/2024";"1300";"";"";"";"";"";"";"";"";"";"";"";"";"";"";"";"";""
"26/05/2024";"1400";"";"";"";"";"";"";"";"";"";"";"";"";"";"";"";"";""
"26/05/2024";"1500";"";"";"";"";"";"";"";"";"";"";"";"";"";"";"";"";""
"26/05/2024";"1600";"";"";"";"";"";"";"";"";"";"";"";"";"";"";"";"";""
"26/05/2024";"1700";"";"";"";"";"";"";"";"";"";"";"";"";"";"";"";"";""
"26/05/2024";"1800";"";"";"";"";"";"";"";"";"";"";"";"";"";"";"";"";""
"26/05/2024";"1900";"";"";"";"";"";"";"";"";"";"";"";"";"";"";"";"";""
"26/05/2024";"2000";"";"";"";"";"";"";"";"";"";"";"";"";"";"";"";"";""
"26/05/2024";"2100";"";"";"";"";"";"";"";"";"";"";"";"";"";"";"";"";""
"26/05/2024";"2200";"";"";"";"";"";"";"";"";"";"";"";"";"";"";"";"";""
"26/05/2024";"2300";"";"";"";"";"";"";"";"";"";"";"";"";"";"";"";"";""
"27/05/2024";"0000";"";"";"";"";"";"";"";"";"";"";"";"";"";"";"";"";""
"27/05/2024";"0100";"";"";"";"";"";"";"";"";"";"";"";"";"";"";"";"";""
"27/05/2024";"0200";"";"";"";"";"";"";"";"";"";"";"";"";"";"";"";"";""
"27/05/2024";"0300";"";"";"";"";"";"";"";"";"";"";"";"";"";"";"";"";""
"27/05/2024";"0400";"";"";"";"";"";"";"";"";"";"";"";"";"";"";"";"";""
"27/05/2024";"0500";"";"";"";"";"";"";"";"";"";"";"";"";"";"";"";"";""
"27/05/2024";"0600";"";"";"";"";"";"";"";"";"";"";"";"";"";"";"";"";""
"27/05/2024";"0700";"";"";"";"";"";"";"";"";"";"";"";"";"";"";"";"";""
"27/05/2024";"0800";"";"";"";"";"";"";"";"";"";"";"";"";"";"";"";"";""
"27/05/2024";"0900";"";"";"";"";"";"";"";"";"";"";"";"";"";"";"";"";""
"27/05/2024";"1000";"";"";"";"";"";"";"";"";"";"";"";"";"";"";"";"";""
"27/05/2024";"1100";"";"";"";"";"";"";"";"";"";"";"";"";"";"";"";"";""
"27/05/2024";"1200";"";"";"";"";"";"";"";"";"";"";"";"";"";"";"";"";""
"27/05/2024";"1300";"";"";"";"";"";"";"";"";"";"";"";"";"";"";"";"";""
"27/05/2024";"1400";"";"";"";"";"";"";"";"";"";"";"";"";"";"";"";"";""
"27/05/2024";"1500";"";"";"";"";"";"";"";"";"";"";"";"";"";"";"";"";""
"27/05/2024";"1600";"";"";"";"";"";"";"";"";"";"";"";"";"";"";"";"";""
"27/05/2024";"1700";"";"";"";"";"";"";"";"";"";"";"";"";"";"";"";"";""
"27/05/2024";"1800";"";"";"";"";"";"";"";"";"";"";"";"";"";"";"";"";""
"27/05/2024";"1900";"";"";"";"";"";"";"";"";"";"";"";"";"";"";"";"";""
"27/05/2024";"2000";"";"";"";"";"";"";"";"";"";"";"";"";"";"";"";"";""
"27/05/2024";"2100";"";"";"";"";"";"";"";"";"";"";"";"";"";"";"";"";""
"27/05/2024";"2200";"";"";"";"";"";"";"";"";"";"";"";"";"";"";"";"";""
"27/05/2024";"2300";"";"";"";"";"";"";"";"";"";"";"";"";"";"";"";"";""
"28/05/2024";"0000";"";"";"";"";"";"";"";"";"";"";"";"";"";"";"";"";""
"28/05/2024";"0100";"";"";"";"";"";"";"";"";"";"";"";"";"";"";"";"";""
"28/05/2024";"0200";"";"";"";"";"";"";"";"";"";"";"";"";"";"";"";"";""
"28/05/2024";"0300";"";"";"";"";"";"";"";"";"";"";"";"";"";"";"";"";""
"28/05/2024";"0400";"";"";"";"";"";"";"";"";"";"";"";"";"";"";"";"";""
"28/05/2024";"0500";"";"";"";"";"";"";"";"";"";"";"";"";"";"";"";"";""
"28/05/2024";"0600";"";"";"";"";"";"";"";"";"";"";"";"";"";"";"";"";""
"28/05/2024";"0700";"";"";"";"";"";"";"";"";"";"";"";"";"";"";"";"";""
"28/05/2024";"0800";"";"";"";"";"";"";"";"";"";"";"";"";"";"";"";"";""
"28/05/2024";"0900";"";"";"";"";"";"";"";"";"";"";"";"";"";"";"";"";""
"28/05/2024";"1000";"";"";"";"";"";"";"";"";"";"";"";"";"";"";"";"";""
"28/05/2024";"1100";"";"";"";"";"";"";"";"";"";"";"";"";"";"";"";"";""
"28/05/2024";"1200";"";"";"";"";"";"";"";"";"";"";"";"";"";"";"";"";""
"28/05/2024";"1300";"";"";"";"";"";"";"";"";"";"";"";"";"";"";"";"";""
"28/05/2024";"1400";"";"";"";"";"";"";"";"";"";"";"";"";"";"";"";"";""
"28/05/2024";"1500";"";"";"";"";"";"";"";"";"";"";"";"";"";"";"";"";""
"28/05/2024";"1600";"";"";"";"";"";"";"";"";"";"";"";"";"";"";"";"";""
"28/05/2024";"1700";"";"";"";"";"";"";"";"";"";"";"";"";"";"";"";"";""
"28/05/2024";"1800";"";"";"";"";"";"";"";"";"";"";"";"";"";"";"";"";""
"28/05/2024";"1900";"";"";"";"";"";"";"";"";"";"";"";"";"";"";"";"";""
"28/05/2024";"2000";"";"";"";"";"";"";"";"";"";"";"";"";"";"";"";"";""
"28/05/2024";"2100";"";"";"";"";"";"";"";"";"";"";"";"";"";"";"";"";""
"28/05/2024";"2200";"";"";"";"";"";"";"";"";"";"";"";"";"";"";"";"";""
"28/05/2024";"2300";"";"";"";"";"";"";"";"";"";"";"";"";"";"";"";"";""
"29/05/2024";"0000";"";"";"";"";"";"";"";"";"";"";"";"";"";"";"";"";""
"29/05/2024";"0100";"";"";"";"";"";"";"";"";"";"";"";"";"";"";"";"";""
"29/05/2024";"0200";"";"";"";"";"";"";"";"";"";"";"";"";"";"";"";"";""
"29/05/2024";"0300";"";"";"";"";"";"";"";"";"";"";"";"";"";"";"";"";""
"29/05/2024";"0400";"";"";"";"";"";"";"";"";"";"";"";"";"";"";"";"";""
"29/05/2024";"0500";"";"";"";"";"";"";"";"";"";"";"";"";"";"";"";"";""
"29/05/2024";"0600";"";"";"";"";"";"";"";"";"";"";"";"";"";"";"";"";""
"29/05/2024";"0700";"";"";"";"";"";"";"";"";"";"";"";"";"";"";"";"";""
"29/05/2024";"0800";"";"";"";"";"";"";"";"";"";"";"";"";"";"";"";"";""
"29/05/2024";"0900";"";"";"";"";"";"";"";"";"";"";"";"";"";"";"";"";""
"29/05/2024";"1000";"";"";"";"";"";"";"";"";"";"";"";"";"";"";"";"";""
"29/05/2024";"1100";"";"";"";"";"";"";"";"";"";"";"";"";"";"";"";"";""
"29/05/2024";"1200";"";"";"";"";"";"";"";"";"";"";"";"";"";"";"";"";""
"29/05/2024";"1300";"";"";"";"";"";"";"";"";"";"";"";"";"";"";"";"";""
"29/05/2024";"1400";"";"";"";"";"";"";"";"";"";"";"";"";"";"";"";"";""
"29/05/2024";"1500";"";"";"";"";"";"";"";"";"";"";"";"";"";"";"";"";""
"29/05/2024";"1600";"";"";"";"";"";"";"";"";"";"";"";"";"";"";"";"";""
"29/05/2024";"1700";"";"";"";"";"";"";"";"";"";"";"";"";"";"";"";"";""
"29/05/2024";"1800";"";"";"";"";"";"";"";"";"";"";"";"";"";"";"";"";""
"29/05/2024";"1900";"";"";"";"";"";"";"";"";"";"";"";"";"";"";"";"";""
"29/05/2024";"2000";"";"";"";"";"";"";"";"";"";"";"";"";"";"";"";"";""
"29/05/2024";"2100";"";"";"";"";"";"";"";"";"";"";"";"";"";"";"";"";""
"29/05/2024";"2200";"";"";"";"";"";"";"";"";"";"";"";"";"";"";"";"";""
"29/05/2024";"2300";"";"";"";"";"";"";"";"";"";"";"";"";"";"";"";"";""
"30/05/2024";"0000";"";"";"";"";"";"";"";"";"";"";"";"";"";"";"";"";""
"30/05/2024";"0100";"";"";"";"";"";"";"";"";"";"";"";"";"";"";"";"";""
"30/05/2024";"0200";"";"";"";"";"";"";"";"";"";"";"";"";"";"";"";"";""
"30/05/2024";"0300";"";"";"";"";"";"";"";"";"";"";"";"";"";"";"";"";""
"30/05/2024";"0400";"";"";"";"";"";"";"";"";"";"";"";"";"";"";"";"";""
"30/05/2024";"0500";"";"";"";"";"";"";"";"";"";"";"";"";"";"";"";"";""
"30/05/2024";"0600";"";"";"";"";"";"";"";"";"";"";"";"";"";"";"";"";""
"30/05/2024";"0700";"";"";"";"";"";"";"";"";"";"";"";"";"";"";"";"";""
"30/05/2024";"0800";"";"";"";"";"";"";"";"";"";"";"";"";"";"";"";"";""
"30/05/2024";"0900";"";"";"";"";"";"";"";"";"";"";"";"";"";"";"";"";""
"30/05/2024";"1000";"";"";"";"";"";"";"";"";"";"";"";"";"";"";"";"";""
"30/05/2024";"1100";"";"";"";"";"";"";"";"";"";"";"";"";"";"";"";"";""
"30/05/2024";"1200";"";"";"";"";"";"";"";"";"";"";"";"";"";"";"";"";""
"30/05/2024";"1300";"";"";"";"";"";"";"";"";"";"";"";"";"";"";"";"";""
"30/05/2024";"1400";"";"";"";"";"";"";"";"";"";"";"";"";"";"";"";"";""
"30/05/2024";"1500";"";"";"";"";"";"";"";"";"";"";"";"";"";"";"";"";""
"30/05/2024";"1600";"";"";"";"";"";"";"";"";"";"";"";"";"";"";"";"";""
"30/05/2024";"1700";"";"";"";"";"";"";"";"";"";"";"";"";"";"";"";"";""
"30/05/2024";"1800";"";"";"";"";"";"";"";"";"";"";"";"";"";"";"";"";""
"30/05/2024";"1900";"";"";"";"";"";"";"";"";"";"";"";"";"";"";"";"";""
"30/05/2024";"2000";"";"";"";"";"";"";"";"";"";"";"";"";"";"";"";"";""
"30/05/2024";"2100";"";"";"";"";"";"";"";"";"";"";"";"";"";"";"";"";""
"30/05/2024";"2200";"";"";"";"";"";"";"";"";"";"";"";"";"";"";"";"";""
"30/05/2024";"2300";"";"";"";"";"";"";"";"";"";"";"";"";"";"";"";"";""
"31/05/2024";"0000";"";"";"";"";"";"";"";"";"";"";"";"";"";"";"";"";""
"31/05/2024";"0100";"";"";"";"";"";"";"";"";"";"";"";"";"";"";"";"";""
"31/05/2024";"0200";"";"";"";"";"";"";"";"";"";"";"";"";"";"";"";"";""
"31/05/2024";"0300";"";"";"";"";"";"";"";"";"";"";"";"";"";"";"";"";""
"31/05/2024";"0400";"";"";"";"";"";"";"";"";"";"";"";"";"";"";"";"";""
"31/05/2024";"0500";"";"";"";"";"";"";"";"";"";"";"";"";"";"";"";"";""
"31/05/2024";"0600";"";"";"";"";"";"";"";"";"";"";"";"";"";"";"";"";""
"31/05/2024";"0700";"";"";"";"";"";"";"";"";"";"";"";"";"";"";"";"";""
"31/05/2024";"0800";"";"";"";"";"";"";"";"";"";"";"";"";"";"";"";"";""
"31/05/2024";"0900";"";"";"";"";"";"";"";"";"";"";"";"";"";"";"";"";""
"31/05/2024";"1000";"";"";"";"";"";"";"";"";"";"";"";"";"";"";"";"";""
"31/05/2024";"1100";"";"";"";"";"";"";"";"";"";"";"";"";"";"";"";"";""
"31/05/2024";"1200";"";"";"";"";"";"";"";"";"";"";"";"";"";"";"";"";""
"31/05/2024";"1300";"";"";"";"";"";"";"";"";"";"";"";"";"";"";"";"";""
"31/05/2024";"1400";"";"";"";"";"";"";"";"";"";"";"";"";"";"";"";"";""
"31/05/2024";"1500";"";"";"";"";"";"";"";"";"";"";"";"";"";"";"";"";""
"31/05/2024";"1600";"";"";"";"";"";"";"";"";"";"";"";"";"";"";"";"";""
"31/05/2024";"1700";"";"";"";"";"";"";"";"";"";"";"";"";"";"";"";"";""
"31/05/2024";"1800";"";"";"";"";"";"";"";"";"";"";"";"";"";"";"";"";""
"31/05/2024";"1900";"";"";"";"";"";"";"";"";"";"";"";"";"";"";"";"";""
"31/05/2024";"2000";"";"";"";"";"";"";"";"";"";"";"";"";"";"";"";"";""
"31/05/2024";"2100";"";"";"";"";"";"";"";"";"";"";"";"";"";"";"";"";""
"31/05/2024";"2200";"";"";"";"";"";"";"";"";"";"";"";"";"";"";"";"";""
"31/05/2024";"2300";"";"";"";"";"";"";"";"";"";"";"";"";"";"";"";"";""
"01/06/2024";"0000";"";"";"";"";"";"";"";"";"";"";"";"";"";"";"";"";""
"01/06/2024";"0100";"";"";"";"";"";"";"";"";"";"";"";"";"";"";"";"";""
"01/06/2024";"0200";"";"";"";"";"";"";"";"";"";"";"";"";"";"";"";"";""
"01/06/2024";"0300";"";"";"";"";"";"";"";"";"";"";"";"";"";"";"";"";""
"01/06/2024";"0400";"";"";"";"";"";"";"";"";"";"";"";"";"";"";"";"";""
"01/06/2024";"0500";"";"";"";"";"";"";"";"";"";"";"";"";"";"";"";"";""
"01/06/2024";"0600";"";"";"";"";"";"";"";"";"";"";"";"";"";"";"";"";""
"01/06/2024";"0700";"";"";"";"";"";"";"";"";"";"";"";"";"";"";"";"";""
"01/06/2024";"0800";"";"";"";"";"";"";"";"";"";"";"";"";"";"";"";"";""
"01/06/2024";"0900";"";"";"";"";"";"";"";"";"";"";"";"";"";"";"";"";""
"01/06/2024";"1000";"";"";"";"";"";"";"";"";"";"";"";"";"";"";"";"";""
"01/06/2024";"1100";"";"";"";"";"";"";"";"";"";"";"";"";"";"";"";"";""
"01/06/2024";"1200";"";"";"";"";"";"";"";"";"";"";"";"";"";"";"";"";""
"01/06/2024";"1300";"";"";"";"";"";"";"";"";"";"";"";"";"";"";"";"";""
"01/06/2024";"1400";"";"";"";"";"";"";"";"";"";"";"";"";"";"";"";"";""
"01/06/2024";"1500";"";"";"";"";"";"";"";"";"";"";"";"";"";"";"";"";""
"01/06/2024";"1600";"";"";"";"";"";"";"";"";"";"";"";"";"";"";"";"";""
"01/06/2024";"1700";"";"";"";"";"";"";"";"";"";"";"";"";"";"";"";"";""
"01/06/2024";"1800";"";"";"";"";"";"";"";"";"";"";"";"";"";"";"";"";""
"01/06/2024";"1900";"";"";"";"";"";"";"";"";"";"";"";"";"";"";"";"";""
"01/06/2024";"2000";"";"";"";"";"";"";"";"";"";"";"";"";"";"";"";"";""
"01/06/2024";"2100";"";"";"";"";"";"";"";"";"";"";"";"";"";"";"";"";""
"01/06/2024";"2200";"";"";"";"";"";"";"";"";"";"";"";"";"";"";"";"";""
"01/06/2024";"2300";"";"";"";"";"";"";"";"";"";"";"";"";"";"";"";"";""
"02/06/2024";"0000";"";"";"";"";"";"";"";"";"";"";"";"";"";"";"";"";""
"02/06/2024";"0100";"";"";"";"";"";"";"";"";"";"";"";"";"";"";"";"";""
"02/06/2024";"0200";"";"";"";"";"";"";"";"";"";"";"";"";"";"";"";"";""
"02/06/2024";"0300";"";"";"";"";"";"";"";"";"";"";"";"";"";"";"";"";""
"02/06/2024";"0400";"";"";"";"";"";"";"";"";"";"";"";"";"";"";"";"";""
"02/06/2024";"0500";"";"";"";"";"";"";"";"";"";"";"";"";"";"";"";"";""
"02/06/2024";"0600";"";"";"";"";"";"";"";"";"";"";"";"";"";"";"";"";""
"02/06/2024";"0700";"";"";"";"";"";"";"";"";"";"";"";"";"";"";"";"";""
"02/06/2024";"0800";"";"";"";"";"";"";"";"";"";"";"";"";"";"";"";"";""
"02/06/2024";"0900";"";"";"";"";"";"";"";"";"";"";"";"";"";"";"";"";""
"02/06/2024";"1000";"";"";"";"";"";"";"";"";"";"";"";"";"";"";"";"";""
"02/06/2024";"1100";"";"";"";"";"";"";"";"";"";"";"";"";"";"";"";"";""
"02/06/2024";"1200";"";"";"";"";"";"";"";"";"";"";"";"";"";"";"";"";""
"02/06/2024";"1300";"";"";"";"";"";"";"";"";"";"";"";"";"";"";"";"";""
"02/06/2024";"1400";"";"";"";"";"";"";"";"";"";"";"";"";"";"";"";"";""
"02/06/2024";"1500";"";"";"";"";"";"";"";"";"";"";"";"";"";"";"";"";""
"02/06/2024";"1600";"";"";"";"";"";"";"";"";"";"";"";"";"";"";"";"";""
"02/06/2024";"1700";"";"";"";"";"";"";"";"";"";"";"";"";"";"";"";"";""
"02/06/2024";"1800";"";"";"";"";"";"";"";"";"";"";"";"";"";"";"";"";""
"02/06/2024";"1900";"";"";"";"";"";"";"";"";"";"";"";"";"";"";"";"";""
"02/06/2024";"2000";"";"";"";"";"";"";"";"";"";"";"";"";"";"";"";"";""
"02/06/2024";"2100";"";"";"";"";"";"";"";"";"";"";"";"";"";"";"";"";""
"02/06/2024";"2200";"";"";"";"";"";"";"";"";"";"";"";"";"";"";"";"";""
"02/06/2024";"2300";"";"";"";"";"";"";"";"";"";"";"";"";"";"";"";"";""
"03/06/2024";"0000";"";"";"";"";"";"";"";"";"";"";"";"";"";"";"";"";""
"03/06/2024";"0100";"";"";"";"";"";"";"";"";"";"";"";"";"";"";"";"";""
"03/06/2024";"0200";"";"";"";"";"";"";"";"";"";"";"";"";"";"";"";"";""
"03/06/2024";"0300";"";"";"";"";"";"";"";"";"";"";"";"";"";"";"";"";""
"03/06/2024";"0400";"";"";"";"";"";"";"";"";"";"";"";"";"";"";"";"";""
"03/06/2024";"0500";"";"";"";"";"";"";"";"";"";"";"";"";"";"";"";"";""
"03/06/2024";"0600";"";"";"";"";"";"";"";"";"";"";"";"";"";"";"";"";""
"03/06/2024";"0700";"";"";"";"";"";"";"";"";"";"";"";"";"";"";"";"";""
"03/06/2024";"0800";"";"";"";"";"";"";"";"";"";"";"";"";"";"";"";"";""
"03/06/2024";"0900";"";"";"";"";"";"";"";"";"";"";"";"";"";"";"";"";""
"03/06/2024";"1000";"";"";"";"";"";"";"";"";"";"";"";"";"";"";"";"";""
"03/06/2024";"1100";"";"";"";"";"";"";"";"";"";"";"";"";"";"";"";"";""
"03/06/2024";"1200";"";"";"";"";"";"";"";"";"";"";"";"";"";"";"";"";""
"03/06/2024";"1300";"";"";"";"";"";"";"";"";"";"";"";"";"";"";"";"";""
"03/06/2024";"1400";"";"";"";"";"";"";"";"";"";"";"";"";"";"";"";"";""
"03/06/2024";"1500";"";"";"";"";"";"";"";"";"";"";"";"";"";"";"";"";""
"03/06/2024";"1600";"";"";"";"";"";"";"";"";"";"";"";"";"";"";"";"";""
"03/06/2024";"1700";"";"";"";"";"";"";"";"";"";"";"";"";"";"";"";"";""
"03/06/2024";"1800";"";"";"";"";"";"";"";"";"";"";"";"";"";"";"";"";""
"03/06/2024";"1900";"";"";"";"";"";"";"";"";"";"";"";"";"";"";"";"";""
"03/06/2024";"2000";"";"";"";"";"";"";"";"";"";"";"";"";"";"";"";"";""
"03/06/2024";"2100";"";"";"";"";"";"";"";"";"";"";"";"";"";"";"";"";""
"03/06/2024";"2200";"";"";"";"";"";"";"";"";"";"";"";"";"";"";"";"";""
"03/06/2024";"2300";"";"";"";"";"";"";"";"";"";"";"";"";"";"";"";"";""
"04/06/2024";"0000";"";"";"";"";"";"";"";"";"";"";"";"";"";"";"";"";""
"04/06/2024";"0100";"";"";"";"";"";"";"";"";"";"";"";"";"";"";"";"";""
"04/06/2024";"0200";"";"";"";"";"";"";"";"";"";"";"";"";"";"";"";"";""
"04/06/2024";"0300";"";"";"";"";"";"";"";"";"";"";"";"";"";"";"";"";""
"04/06/2024";"0400";"";"";"";"";"";"";"";"";"";"";"";"";"";"";"";"";""
"04/06/2024";"0500";"";"";"";"";"";"";"";"";"";"";"";"";"";"";"";"";""
"04/06/2024";"0600";"";"";"";"";"";"";"";"";"";"";"";"";"";"";"";"";""
"04/06/2024";"0700";"";"";"";"";"";"";"";"";"";"";"";"";"";"";"";"";""
"04/06/2024";"0800";"";"";"";"";"";"";"";"";"";"";"";"";"";"";"";"";""
"04/06/2024";"0900";"";"";"";"";"";"";"";"";"";"";"";"";"";"";"";"";""
"04/06/2024";"1000";"";"";"";"";"";"";"";"";"";"";"";"";"";"";"";"";""
"04/06/2024";"1100";"";"";"";"";"";"";"";"";"";"";"";"";"";"";"";"";""
"04/06/2024";"1200";"";"";"";"";"";"";"";"";"";"";"";"";"";"";"";"";""
"04/06/2024";"1300";"";"";"";"";"";"";"";"";"";"";"";"";"";"";"";"";""
"04/06/2024";"1400";"";"";"";"";"";"";"";"";"";"";"";"";"";"";"";"";""
"04/06/2024";"1500";"";"";"";"";"";"";"";"";"";"";"";"";"";"";"";"";""
"04/06/2024";"1600";"";"";"";"";"";"";"";"";"";"";"";"";"";"";"";"";""
"04/06/2024";"1700";"";"";"";"";"";"";"";"";"";"";"";"";"";"";"";"";""
"04/06/2024";"1800";"";"";"";"";"";"";"";"";"";"";"";"";"";"";"";"";""
"04/06/2024";"1900";"";"";"";"";"";"";"";"";"";"";"";"";"";"";"";"";""
"04/06/2024";"2000";"";"";"";"";"";"";"";"";"";"";"";"";"";"";"";"";""
"04/06/2024";"2100";"";"";"";"";"";"";"";"";"";"";"";"";"";"";"";"";""
"04/06/2024";"2200";"";"";"";"";"";"";"";"";"";"";"";"";"";"";"";"";""
"04/06/2024";"2300";"";"";"";"";"";"";"";"";"";"";"";"";"";"";"";"";""
"05/06/2024";"0000";"";"";"";"";"";"";"";"";"";"";"";"";"";"";"";"";""
"05/06/2024";"0100";"";"";"";"";"";"";"";"";"";"";"";"";"";"";"";"";""
"05/06/2024";"0200";"";"";"";"";"";"";"";"";"";"";"";"";"";"";"";"";""
"05/06/2024";"0300";"";"";"";"";"";"";"";"";"";"";"";"";"";"";"";"";""
"05/06/2024";"0400";"";"";"";"";"";"";"";"";"";"";"";"";"";"";"";"";""
"05/06/2024";"0500";"";"";"";"";"";"";"";"";"";"";"";"";"";"";"";"";""
"05/06/2024";"0600";"";"";"";"";"";"";"";"";"";"";"";"";"";"";"";"";""
"05/06/2024";"0700";"";"";"";"";"";"";"";"";"";"";"";"";"";"";"";"";""
"05/06/2024";"0800";"";"";"";"";"";"";"";"";"";"";"";"";"";"";"";"";""
"05/06/2024";"0900";"";"";"";"";"";"";"";"";"";"";"";"";"";"";"";"";""
"05/06/2024";"1000";"";"";"";"";"";"";"";"";"";"";"";"";"";"";"";"";""
"05/06/2024";"1100";"";"";"";"";"";"";"";"";"";"";"";"";"";"";"";"";""
"05/06/2024";"1200";"";"";"";"";"";"";"";"";"";"";"";"";"";"";"";"";""
"05/06/2024";"1300";"";"";"";"";"";"";"";"";"";"";"";"";"";"";"";"";""
"05/06/2024";"1400";"";"";"";"";"";"";"";"";"";"";"";"";"";"";"";"";""
"05/06/2024";"1500";"";"";"";"";"";"";"";"";"";"";"";"";"";"";"";"";""
"05/06/2024";"1600";"";"";"";"";"";"";"";"";"";"";"";"";"";"";"";"";""
"05/06/2024";"1700";"";"";"";"";"";"";"";"";"";"";"";"";"";"";"";"";""
"05/06/2024";"1800";"";"";"";"";"";"";"";"";"";"";"";"";"";"";"";"";""
"05/06/2024";"1900";"";"";"";"";"";"";"";"";"";"";"";"";"";"";"";"";""
"05/06/2024";"2000";"";"";"";"";"";"";"";"";"";"";"";"";"";"";"";"";""
"05/06/2024";"2100";"";"";"";"";"";"";"";"";"";"";"";"";"";"";"";"";""
"05/06/2024";"2200";"";"";"";"";"";"";"";"";"";"";"";"";"";"";"";"";""
"05/06/2024";"2300";"";"";"";"";"";"";"";"";"";"";"";"";"";"";"";"";""
"06/06/2024";"0000";"";"";"";"";"";"";"";"";"";"";"";"";"";"";"";"";""
"06/06/2024";"0100";"";"";"";"";"";"";"";"";"";"";"";"";"";"";"";"";""
"06/06/2024";"0200";"";"";"";"";"";"";"";"";"";"";"";"";"";"";"";"";""
"06/06/2024";"0300";"";"";"";"";"";"";"";"";"";"";"";"";"";"";"";"";""
"06/06/2024";"0400";"";"";"";"";"";"";"";"";"";"";"";"";"";"";"";"";""
"06/06/2024";"0500";"";"";"";"";"";"";"";"";"";"";"";"";"";"";"";"";""
"06/06/2024";"0600";"";"";"";"";"";"";"";"";"";"";"";"";"";"";"";"";""
"06/06/2024";"0700";"";"";"";"";"";"";"";"";"";"";"";"";"";"";"";"";""
"06/06/2024";"0800";"";"";"";"";"";"";"";"";"";"";"";"";"";"";"";"";""
"06/06/2024";"0900";"";"";"";"";"";"";"";"";"";"";"";"";"";"";"";"";""
"06/06/2024";"1000";"";"";"";"";"";"";"";"";"";"";"";"";"";"";"";"";""
"06/06/2024";"1100";"";"";"";"";"";"";"";"";"";"";"";"";"";"";"";"";""
"06/06/2024";"1200";"";"";"";"";"";"";"";"";"";"";"";"";"";"";"";"";""
"06/06/2024";"1300";"";"";"";"";"";"";"";"";"";"";"";"";"";"";"";"";""
"06/06/2024";"1400";"";"";"";"";"";"";"";"";"";"";"";"";"";"";"";"";""
"06/06/2024";"1500";"";"";"";"";"";"";"";"";"";"";"";"";"";"";"";"";""
"06/06/2024";"1600";"";"";"";"";"";"";"";"";"";"";"";"";"";"";"";"";""
"06/06/2024";"1700";"";"";"";"";"";"";"";"";"";"";"";"";"";"";"";"";""
"06/06/2024";"1800";"";"";"";"";"";"";"";"";"";"";"";"";"";"";"";"";""
"06/06/2024";"1900";"";"";"";"";"";"";"";"";"";"";"";"";"";"";"";"";""
"06/06/2024";"2000";"";"";"";"";"";"";"";"";"";"";"";"";"";"";"";"";""
"06/06/2024";"2100";"";"";"";"";"";"";"";"";"";"";"";"";"";"";"";"";""
"06/06/2024";"2200";"";"";"";"";"";"";"";"";"";"";"";"";"";"";"";"";""
"06/06/2024";"2300";"";"";"";"";"";"";"";"";"";"";"";"";"";"";"";"";""
"07/06/2024";"0000";"";"";"";"";"";"";"";"";"";"";"";"";"";"";"";"";""
"07/06/2024";"0100";"";"";"";"";"";"";"";"";"";"";"";"";"";"";"";"";""
"07/06/2024";"0200";"";"";"";"";"";"";"";"";"";"";"";"";"";"";"";"";""
"07/06/2024";"0300";"";"";"";"";"";"";"";"";"";"";"";"";"";"";"";"";""
"07/06/2024";"0400";"";"";"";"";"";"";"";"";"";"";"";"";"";"";"";"";""
"07/06/2024";"0500";"";"";"";"";"";"";"";"";"";"";"";"";"";"";"";"";""
"07/06/2024";"0600";"";"";"";"";"";"";"";"";"";"";"";"";"";"";"";"";""
"07/06/2024";"0700";"";"";"";"";"";"";"";"";"";"";"";"";"";"";"";"";""
"07/06/2024";"0800";"";"";"";"";"";"";"";"";"";"";"";"";"";"";"";"";""
"07/06/2024";"0900";"";"";"";"";"";"";"";"";"";"";"";"";"";"";"";"";""
"07/06/2024";"1000";"";"";"";"";"";"";"";"";"";"";"";"";"";"";"";"";""
"07/06/2024";"1100";"";"";"";"";"";"";"";"";"";"";"";"";"";"";"";"";""
"07/06/2024";"1200";"";"";"";"";"";"";"";"";"";"";"";"";"";"";"";"";""
"07/06/2024";"1300";"";"";"";"";"";"";"";"";"";"";"";"";"";"";"";"";""
"07/06/2024";"1400";"";"";"";"";"";"";"";"";"";"";"";"";"";"";"";"";""
"07/06/2024";"1500";"";"";"";"";"";"";"";"";"";"";"";"";"";"";"";"";""
"07/06/2024";"1600";"";"";"";"";"";"";"";"";"";"";"";"";"";"";"";"";""
"07/06/2024";"1700";"";"";"";"";"";"";"";"";"";"";"";"";"";"";"";"";""
"07/06/2024";"1800";"";"";"";"";"";"";"";"";"";"";"";"";"";"";"";"";""
"07/06/2024";"1900";"";"";"";"";"";"";"";"";"";"";"";"";"";"";"";"";""
"07/06/2024";"2000";"";"";"";"";"";"";"";"";"";"";"";"";"";"";"";"";""
"07/06/2024";"2100";"";"";"";"";"";"";"";"";"";"";"";"";"";"";"";"";""
"07/06/2024";"2200";"";"";"";"";"";"";"";"";"";"";"";"";"";"";"";"";""
"07/06/2024";"2300";"";"";"";"";"";"";"";"";"";"";"";"";"";"";"";"";""
"08/06/2024";"0000";"";"";"";"";"";"";"";"";"";"";"";"";"";"";"";"";""
"08/06/2024";"0100";"";"";"";"";"";"";"";"";"";"";"";"";"";"";"";"";""
"08/06/2024";"0200";"";"";"";"";"";"";"";"";"";"";"";"";"";"";"";"";""
"08/06/2024";"0300";"";"";"";"";"";"";"";"";"";"";"";"";"";"";"";"";""
"08/06/2024";"0400";"";"";"";"";"";"";"";"";"";"";"";"";"";"";"";"";""
"08/06/2024";"0500";"";"";"";"";"";"";"";"";"";"";"";"";"";"";"";"";""
"08/06/2024";"0600";"";"";"";"";"";"";"";"";"";"";"";"";"";"";"";"";""
"08/06/2024";"0700";"";"";"";"";"";"";"";"";"";"";"";"";"";"";"";"";""
"08/06/2024";"0800";"";"";"";"";"";"";"";"";"";"";"";"";"";"";"";"";""
"08/06/2024";"0900";"";"";"";"";"";"";"";"";"";"";"";"";"";"";"";"";""
"08/06/2024";"1000";"";"";"";"";"";"";"";"";"";"";"";"";"";"";"";"";""
"08/06/2024";"1100";"";"";"";"";"";"";"";"";"";"";"";"";"";"";"";"";""
"08/06/2024";"1200";"";"";"";"";"";"";"";"";"";"";"";"";"";"";"";"";""
"08/06/2024";"1300";"";"";"";"";"";"";"";"";"";"";"";"";"";"";"";"";""
"08/06/2024";"1400";"";"";"";"";"";"";"";"";"";"";"";"";"";"";"";"";""
"08/06/2024";"1500";"";"";"";"";"";"";"";"";"";"";"";"";"";"";"";"";""
"08/06/2024";"1600";"";"";"";"";"";"";"";"";"";"";"";"";"";"";"";"";""
"08/06/2024";"1700";"";"";"";"";"";"";"";"";"";"";"";"";"";"";"";"";""
"08/06/2024";"1800";"";"";"";"";"";"";"";"";"";"";"";"";"";"";"";"";""
"08/06/2024";"1900";"";"";"";"";"";"";"";"";"";"";"";"";"";"";"";"";""
"08/06/2024";"2000";"";"";"";"";"";"";"";"";"";"";"";"";"";"";"";"";""
"08/06/2024";"2100";"";"";"";"";"";"";"";"";"";"";"";"";"";"";"";"";""
"08/06/2024";"2200";"";"";"";"";"";"";"";"";"";"";"";"";"";"";"";"";""
"08/06/2024";"2300";"";"";"";"";"";"";"";"";"";"";"";"";"";"";"";"";""
"09/06/2024";"0000";"";"";"";"";"";"";"";"";"";"";"";"";"";"";"";"";""
"09/06/2024";"0100";"";"";"";"";"";"";"";"";"";"";"";"";"";"";"";"";""
"09/06/2024";"0200";"";"";"";"";"";"";"";"";"";"";"";"";"";"";"";"";""
"09/06/2024";"0300";"";"";"";"";"";"";"";"";"";"";"";"";"";"";"";"";""
"09/06/2024";"0400";"";"";"";"";"";"";"";"";"";"";"";"";"";"";"";"";""
"09/06/2024";"0500";"";"";"";"";"";"";"";"";"";"";"";"";"";"";"";"";""
"09/06/2024";"0600";"";"";"";"";"";"";"";"";"";"";"";"";"";"";"";"";""
"09/06/2024";"0700";"";"";"";"";"";"";"";"";"";"";"";"";"";"";"";"";""
"09/06/2024";"0800";"";"";"";"";"";"";"";"";"";"";"";"";"";"";"";"";""
"09/06/2024";"0900";"";"";"";"";"";"";"";"";"";"";"";"";"";"";"";"";""
"09/06/2024";"1000";"";"";"";"";"";"";"";"";"";"";"";"";"";"";"";"";""
"09/06/2024";"1100";"";"";"";"";"";"";"";"";"";"";"";"";"";"";"";"";""
"09/06/2024";"1200";"";"";"";"";"";"";"";"";"";"";"";"";"";"";"";"";""
"09/06/2024";"1300";"";"";"";"";"";"";"";"";"";"";"";"";"";"";"";"";""
"09/06/2024";"1400";"";"";"";"";"";"";"";"";"";"";"";"";"";"";"";"";""
"09/06/2024";"1500";"";"";"";"";"";"";"";"";"";"";"";"";"";"";"";"";""
"09/06/2024";"1600";"";"";"";"";"";"";"";"";"";"";"";"";"";"";"";"";""
"09/06/2024";"1700";"";"";"";"";"";"";"";"";"";"";"";"";"";"";"";"";""
"09/06/2024";"1800";"";"";"";"";"";"";"";"";"";"";"";"";"";"";"";"";""
"09/06/2024";"1900";"";"";"";"";"";"";"";"";"";"";"";"";"";"";"";"";""
"09/06/2024";"2000";"";"";"";"";"";"";"";"";"";"";"";"";"";"";"";"";""
"09/06/2024";"2100";"";"";"";"";"";"";"";"";"";"";"";"";"";"";"";"";""
"09/06/2024";"2200";"";"";"";"";"";"";"";"";"";"";"";"";"";"";"";"";""
"09/06/2024";"2300";"";"";"";"";"";"";"";"";"";"";"";"";"";"";"";"";""
"10/06/2024";"0000";"";"";"";"";"";"";"";"";"";"";"";"";"";"";"";"";""
"10/06/2024";"0100";"";"";"";"";"";"";"";"";"";"";"";"";"";"";"";"";""
"10/06/2024";"0200";"";"";"";"";"";"";"";"";"";"";"";"";"";"";"";"";""
"10/06/2024";"0300";"";"";"";"";"";"";"";"";"";"";"";"";"";"";"";"";""
"10/06/2024";"0400";"";"";"";"";"";"";"";"";"";"";"";"";"";"";"";"";""
"10/06/2024";"0500";"";"";"";"";"";"";"";"";"";"";"";"";"";"";"";"";""
"10/06/2024";"0600";"";"";"";"";"";"";"";"";"";"";"";"";"";"";"";"";""
"10/06/2024";"0700";"";"";"";"";"";"";"";"";"";"";"";"";"";"";"";"";""
"10/06/2024";"0800";"";"";"";"";"";"";"";"";"";"";"";"";"";"";"";"";""
"10/06/2024";"0900";"";"";"";"";"";"";"";"";"";"";"";"";"";"";"";"";""
"10/06/2024";"1000";"";"";"";"";"";"";"";"";"";"";"";"";"";"";"";"";""
"10/06/2024";"1100";"";"";"";"";"";"";"";"";"";"";"";"";"";"";"";"";""
"10/06/2024";"1200";"";"";"";"";"";"";"";"";"";"";"";"";"";"";"";"";""
"10/06/2024";"1300";"";"";"";"";"";"";"";"";"";"";"";"";"";"";"";"";""
"10/06/2024";"1400";"";"";"";"";"";"";"";"";"";"";"";"";"";"";"";"";""
"10/06/2024";"1500";"";"";"";"";"";"";"";"";"";"";"";"";"";"";"";"";""
"10/06/2024";"1600";"";"";"";"";"";"";"";"";"";"";"";"";"";"";"";"";""
"10/06/2024";"1700";"";"";"";"";"";"";"";"";"";"";"";"";"";"";"";"";""
"10/06/2024";"1800";"";"";"";"";"";"";"";"";"";"";"";"";"";"";"";"";""
"10/06/2024";"1900";"";"";"";"";"";"";"";"";"";"";"";"";"";"";"";"";""
"10/06/2024";"2000";"";"";"";"";"";"";"";"";"";"";"";"";"";"";"";"";""
"10/06/2024";"2100";"";"";"";"";"";"";"";"";"";"";"";"";"";"";"";"";""
"10/06/2024";"2200";"";"";"";"";"";"";"";"";"";"";"";"";"";"";"";"";""
"10/06/2024";"2300";"";"";"";"";"";"";"";"";"";"";"";"";"";"";"";"";""
"11/06/2024";"0000";"";"";"";"";"";"";"";"";"";"";"";"";"";"";"";"";""
"11/06/2024";"0100";"";"";"";"";"";"";"";"";"";"";"";"";"";"";"";"";""
"11/06/2024";"0200";"";"";"";"";"";"";"";"";"";"";"";"";"";"";"";"";""
"11/06/2024";"0300";"";"";"";"";"";"";"";"";"";"";"";"";"";"";"";"";""
"11/06/2024";"0400";"";"";"";"";"";"";"";"";"";"";"";"";"";"";"";"";""
"11/06/2024";"0500";"";"";"";"";"";"";"";"";"";"";"";"";"";"";"";"";""
"11/06/2024";"0600";"";"";"";"";"";"";"";"";"";"";"";"";"";"";"";"";""
"11/06/2024";"0700";"";"";"";"";"";"";"";"";"";"";"";"";"";"";"";"";""
"11/06/2024";"0800";"";"";"";"";"";"";"";"";"";"";"";"";"";"";"";"";""
"11/06/2024";"0900";"";"";"";"";"";"";"";"";"";"";"";"";"";"";"";"";""
"11/06/2024";"1000";"";"";"";"";"";"";"";"";"";"";"";"";"";"";"";"";""
"11/06/2024";"1100";"";"";"";"";"";"";"";"";"";"";"";"";"";"";"";"";""
"11/06/2024";"1200";"";"";"";"";"";"";"";"";"";"";"";"";"";"";"";"";""
"11/06/2024";"1300";"";"";"";"";"";"";"";"";"";"";"";"";"";"";"";"";""
"11/06/2024";"1400";"";"";"";"";"";"";"";"";"";"";"";"";"";"";"";"";""
"11/06/2024";"1500";"";"";"";"";"";"";"";"";"";"";"";"";"";"";"";"";""
"11/06/2024";"1600";"";"";"";"";"";"";"";"";"";"";"";"";"";"";"";"";""
"11/06/2024";"1700";"";"";"";"";"";"";"";"";"";"";"";"";"";"";"";"";""
"11/06/2024";"1800";"";"";"";"";"";"";"";"";"";"";"";"";"";"";"";"";""
"11/06/2024";"1900";"";"";"";"";"";"";"";"";"";"";"";"";"";"";"";"";""
"11/06/2024";"2000";"";"";"";"";"";"";"";"";"";"";"";"";"";"";"";"";""
"11/06/2024";"2100";"";"";"";"";"";"";"";"";"";"";"";"";"";"";"";"";""
"11/06/2024";"2200";"";"";"";"";"";"";"";"";"";"";"";"";"";"";"";"";""
"11/06/2024";"2300";"";"";"";"";"";"";"";"";"";"";"";"";"";"";"";"";""
"12/06/2024";"0000";"";"";"";"";"";"";"";"";"";"";"";"";"";"";"";"";""
"12/06/2024";"0100";"";"";"";"";"";"";"";"";"";"";"";"";"";"";"";"";""
"12/06/2024";"0200";"";"";"";"";"";"";"";"";"";"";"";"";"";"";"";"";""
"12/06/2024";"0300";"";"";"";"";"";"";"";"";"";"";"";"";"";"";"";"";""
"12/06/2024";"0400";"";"";"";"";"";"";"";"";"";"";"";"";"";"";"";"";""
"12/06/2024";"0500";"";"";"";"";"";"";"";"";"";"";"";"";"";"";"";"";""
"12/06/2024";"0600";"";"";"";"";"";"";"";"";"";"";"";"";"";"";"";"";""
"12/06/2024";"0700";"";"";"";"";"";"";"";"";"";"";"";"";"";"";"";"";""
"12/06/2024";"0800";"";"";"";"";"";"";"";"";"";"";"";"";"";"";"";"";""
"12/06/2024";"0900";"";"";"";"";"";"";"";"";"";"";"";"";"";"";"";"";""
"12/06/2024";"1000";"";"";"";"";"";"";"";"";"";"";"";"";"";"";"";"";""
"12/06/2024";"1100";"";"";"";"";"";"";"";"";"";"";"";"";"";"";"";"";""
"12/06/2024";"1200";"";"";"";"";"";"";"";"";"";"";"";"";"";"";"";"";""
"12/06/2024";"1300";"";"";"";"";"";"";"";"";"";"";"";"";"";"";"";"";""
"12/06/2024";"1400";"";"";"";"";"";"";"";"";"";"";"";"";"";"";"";"";""
"12/06/2024";"1500";"";"";"";"";"";"";"";"";"";"";"";"";"";"";"";"";""
"12/06/2024";"1600";"";"";"";"";"";"";"";"";"";"";"";"";"";"";"";"";""
"12/06/2024";"1700";"";"";"";"";"";"";"";"";"";"";"";"";"";"";"";"";""
"12/06/2024";"1800";"";"";"";"";"";"";"";"";"";"";"";"";"";"";"";"";""
"12/06/2024";"1900";"";"";"";"";"";"";"";"";"";"";"";"";"";"";"";"";""
"12/06/2024";"2000";"";"";"";"";"";"";"";"";"";"";"";"";"";"";"";"";""
"12/06/2024";"2100";"";"";"";"";"";"";"";"";"";"";"";"";"";"";"";"";""
"12/06/2024";"2200";"";"";"";"";"";"";"";"";"";"";"";"";"";"";"";"";""
"12/06/2024";"2300";"";"";"";"";"";"";"";"";"";"";"";"";"";"";"";"";""
"13/06/2024";"0000";"";"";"";"";"";"";"";"";"";"";"";"";"";"";"";"";""
"13/06/2024";"0100";"";"";"";"";"";"";"";"";"";"";"";"";"";"";"";"";""
"13/06/2024";"0200";"";"";"";"";"";"";"";"";"";"";"";"";"";"";"";"";""
"13/06/2024";"0300";"";"";"";"";"";"";"";"";"";"";"";"";"";"";"";"";""
"13/06/2024";"0400";"";"";"";"";"";"";"";"";"";"";"";"";"";"";"";"";""
"13/06/2024";"0500";"";"";"";"";"";"";"";"";"";"";"";"";"";"";"";"";""
"13/06/2024";"0600";"";"";"";"";"";"";"";"";"";"";"";"";"";"";"";"";""
"13/06/2024";"0700";"";"";"";"";"";"";"";"";"";"";"";"";"";"";"";"";""
"13/06/2024";"0800";"";"";"";"";"";"";"";"";"";"";"";"";"";"";"";"";""
"13/06/2024";"0900";"";"";"";"";"";"";"";"";"";"";"";"";"";"";"";"";""
"13/06/2024";"1000";"";"";"";"";"";"";"";"";"";"";"";"";"";"";"";"";""
"13/06/2024";"1100";"";"";"";"";"";"";"";"";"";"";"";"";"";"";"";"";""
"13/06/2024";"1200";"";"";"";"";"";"";"";"";"";"";"";"";"";"";"";"";""
"13/06/2024";"1300";"";"";"";"";"";"";"";"";"";"";"";"";"";"";"";"";""
"13/06/2024";"1400";"";"";"";"";"";"";"";"";"";"";"";"";"";"";"";"";""
"13/06/2024";"1500";"";"";"";"";"";"";"";"";"";"";"";"";"";"";"";"";""
"13/06/2024";"1600";"";"";"";"";"";"";"";"";"";"";"";"";"";"";"";"";""
"13/06/2024";"1700";"";"";"";"";"";"";"";"";"";"";"";"";"";"";"";"";""
"13/06/2024";"1800";"";"";"";"";"";"";"";"";"";"";"";"";"";"";"";"";""
"13/06/2024";"1900";"";"";"";"";"";"";"";"";"";"";"";"";"";"";"";"";""
"13/06/2024";"2000";"";"";"";"";"";"";"";"";"";"";"";"";"";"";"";"";""
"13/06/2024";"2100";"";"";"";"";"";"";"";"";"";"";"";"";"";"";"";"";""
"13/06/2024";"2200";"";"";"";"";"";"";"";"";"";"";"";"";"";"";"";"";""
"13/06/2024";"2300";"";"";"";"";"";"";"";"";"";"";"";"";"";"";"";"";""
"14/06/2024";"0000";"";"";"";"";"";"";"";"";"";"";"";"";"";"";"";"";""
"14/06/2024";"0100";"";"";"";"";"";"";"";"";"";"";"";"";"";"";"";"";""
"14/06/2024";"0200";"";"";"";"";"";"";"";"";"";"";"";"";"";"";"";"";""
"14/06/2024";"0300";"";"";"";"";"";"";"";"";"";"";"";"";"";"";"";"";""
"14/06/2024";"0400";"";"";"";"";"";"";"";"";"";"";"";"";"";"";"";"";""
"14/06/2024";"0500";"";"";"";"";"";"";"";"";"";"";"";"";"";"";"";"";""
"14/06/2024";"0600";"";"";"";"";"";"";"";"";"";"";"";"";"";"";"";"";""
"14/06/2024";"0700";"";"";"";"";"";"";"";"";"";"";"";"";"";"";"";"";""
"14/06/2024";"0800";"";"";"";"";"";"";"";"";"";"";"";"";"";"";"";"";""
"14/06/2024";"0900";"";"";"";"";"";"";"";"";"";"";"";"";"";"";"";"";""
"14/06/2024";"1000";"";"";"";"";"";"";"";"";"";"";"";"";"";"";"";"";""
"14/06/2024";"1100";"";"";"";"";"";"";"";"";"";"";"";"";"";"";"";"";""
"14/06/2024";"1200";"";"";"";"";"";"";"";"";"";"";"";"";"";"";"";"";""
"14/06/2024";"1300";"";"";"";"";"";"";"";"";"";"";"";"";"";"";"";"";""
"14/06/2024";"1400";"";"";"";"";"";"";"";"";"";"";"";"";"";"";"";"";""
"14/06/2024";"1500";"";"";"";"";"";"";"";"";"";"";"";"";"";"";"";"";""
"14/06/2024";"1600";"";"";"";"";"";"";"";"";"";"";"";"";"";"";"";"";""
"14/06/2024";"1700";"";"";"";"";"";"";"";"";"";"";"";"";"";"";"";"";""
"14/06/2024";"1800";"";"";"";"";"";"";"";"";"";"";"";"";"";"";"";"";""
"14/06/2024";"1900";"";"";"";"";"";"";"";"";"";"";"";"";"";"";"";"";""
"14/06/2024";"2000";"";"";"";"";"";"";"";"";"";"";"";"";"";"";"";"";""
"14/06/2024";"2100";"";"";"";"";"";"";"";"";"";"";"";"";"";"";"";"";""
"14/06/2024";"2200";"";"";"";"";"";"";"";"";"";"";"";"";"";"";"";"";""
"14/06/2024";"2300";"";"";"";"";"";"";"";"";"";"";"";"";"";"";"";"";""
"15/06/2024";"0000";"";"";"";"";"";"";"";"";"";"";"";"";"";"";"";"";""
"15/06/2024";"0100";"";"";"";"";"";"";"";"";"";"";"";"";"";"";"";"";""
"15/06/2024";"0200";"";"";"";"";"";"";"";"";"";"";"";"";"";"";"";"";""
"15/06/2024";"0300";"";"";"";"";"";"";"";"";"";"";"";"";"";"";"";"";""
"15/06/2024";"0400";"";"";"";"";"";"";"";"";"";"";"";"";"";"";"";"";""
"15/06/2024";"0500";"";"";"";"";"";"";"";"";"";"";"";"";"";"";"";"";""
"15/06/2024";"0600";"";"";"";"";"";"";"";"";"";"";"";"";"";"";"";"";""
"15/06/2024";"0700";"";"";"";"";"";"";"";"";"";"";"";"";"";"";"";"";""
"15/06/2024";"0800";"";"";"";"";"";"";"";"";"";"";"";"";"";"";"";"";""
"15/06/2024";"0900";"";"";"";"";"";"";"";"";"";"";"";"";"";"";"";"";""
"15/06/2024";"1000";"";"";"";"";"";"";"";"";"";"";"";"";"";"";"";"";""
"15/06/2024";"1100";"";"";"";"";"";"";"";"";"";"";"";"";"";"";"";"";""
"15/06/2024";"1200";"";"";"";"";"";"";"";"";"";"";"";"";"";"";"";"";""
"15/06/2024";"1300";"";"";"";"";"";"";"";"";"";"";"";"";"";"";"";"";""
"15/06/2024";"1400";"";"";"";"";"";"";"";"";"";"";"";"";"";"";"";"";""
"15/06/2024";"1500";"";"";"";"";"";"";"";"";"";"";"";"";"";"";"";"";""
"15/06/2024";"1600";"";"";"";"";"";"";"";"";"";"";"";"";"";"";"";"";""
"15/06/2024";"1700";"";"";"";"";"";"";"";"";"";"";"";"";"";"";"";"";""
"15/06/2024";"1800";"";"";"";"";"";"";"";"";"";"";"";"";"";"";"";"";""
"15/06/2024";"1900";"";"";"";"";"";"";"";"";"";"";"";"";"";"";"";"";""
"15/06/2024";"2000";"";"";"";"";"";"";"";"";"";"";"";"";"";"";"";"";""
"15/06/2024";"2100";"";"";"";"";"";"";"";"";"";"";"";"";"";"";"";"";""
"15/06/2024";"2200";"";"";"";"";"";"";"";"";"";"";"";"";"";"";"";"";""
"15/06/2024";"2300";"";"";"";"";"";"";"";"";"";"";"";"";"";"";"";"";""
"16/06/2024";"0000";"";"";"";"";"";"";"";"";"";"";"";"";"";"";"";"";""
"16/06/2024";"0100";"";"";"";"";"";"";"";"";"";"";"";"";"";"";"";"";""
"16/06/2024";"0200";"";"";"";"";"";"";"";"";"";"";"";"";"";"";"";"";""
"16/06/2024";"0300";"";"";"";"";"";"";"";"";"";"";"";"";"";"";"";"";""
"16/06/2024";"0400";"";"";"";"";"";"";"";"";"";"";"";"";"";"";"";"";""
"16/06/2024";"0500";"";"";"";"";"";"";"";"";"";"";"";"";"";"";"";"";""
"16/06/2024";"0600";"";"";"";"";"";"";"";"";"";"";"";"";"";"";"";"";""
"16/06/2024";"0700";"";"";"";"";"";"";"";"";"";"";"";"";"";"";"";"";""
"16/06/2024";"0800";"";"";"";"";"";"";"";"";"";"";"";"";"";"";"";"";""
"16/06/2024";"0900";"";"";"";"";"";"";"";"";"";"";"";"";"";"";"";"";""
"16/06/2024";"1000";"";"";"";"";"";"";"";"";"";"";"";"";"";"";"";"";""
"16/06/2024";"1100";"";"";"";"";"";"";"";"";"";"";"";"";"";"";"";"";""
"16/06/2024";"1200";"";"";"";"";"";"";"";"";"";"";"";"";"";"";"";"";""
"16/06/2024";"1300";"";"";"";"";"";"";"";"";"";"";"";"";"";"";"";"";""
"16/06/2024";"1400";"";"";"";"";"";"";"";"";"";"";"";"";"";"";"";"";""
"16/06/2024";"1500";"";"";"";"";"";"";"";"";"";"";"";"";"";"";"";"";""
"16/06/2024";"1600";"";"";"";"";"";"";"";"";"";"";"";"";"";"";"";"";""
"16/06/2024";"1700";"";"";"";"";"";"";"";"";"";"";"";"";"";"";"";"";""
"16/06/2024";"1800";"";"";"";"";"";"";"";"";"";"";"";"";"";"";"";"";""
"16/06/2024";"1900";"";"";"";"";"";"";"";"";"";"";"";"";"";"";"";"";""
"16/06/2024";"2000";"";"";"";"";"";"";"";"";"";"";"";"";"";"";"";"";""
"16/06/2024";"2100";"";"";"";"";"";"";"";"";"";"";"";"";"";"";"";"";""
"16/06/2024";"2200";"";"";"";"";"";"";"";"";"";"";"";"";"";"";"";"";""
"16/06/2024";"2300";"";"";"";"";"";"";"";"";"";"";"";"";"";"";"";"";""
"17/06/2024";"0000";"";"";"";"";"";"";"";"";"";"";"";"";"";"";"";"";""
"17/06/2024";"0100";"";"";"";"";"";"";"";"";"";"";"";"";"";"";"";"";""
"17/06/2024";"0200";"";"";"";"";"";"";"";"";"";"";"";"";"";"";"";"";""
"17/06/2024";"0300";"";"";"";"";"";"";"";"";"";"";"";"";"";"";"";"";""
"17/06/2024";"0400";"";"";"";"";"";"";"";"";"";"";"";"";"";"";"";"";""
"17/06/2024";"0500";"";"";"";"";"";"";"";"";"";"";"";"";"";"";"";"";""
"17/06/2024";"0600";"";"";"";"";"";"";"";"";"";"";"";"";"";"";"";"";""
"17/06/2024";"0700";"";"";"";"";"";"";"";"";"";"";"";"";"";"";"";"";""
"17/06/2024";"0800";"";"";"";"";"";"";"";"";"";"";"";"";"";"";"";"";""
"17/06/2024";"0900";"";"";"";"";"";"";"";"";"";"";"";"";"";"";"";"";""
"17/06/2024";"1000";"";"";"";"";"";"";"";"";"";"";"";"";"";"";"";"";""
"17/06/2024";"1100";"";"";"";"";"";"";"";"";"";"";"";"";"";"";"";"";""
"17/06/2024";"1200";"";"";"";"";"";"";"";"";"";"";"";"";"";"";"";"";""
"17/06/2024";"1300";"";"";"";"";"";"";"";"";"";"";"";"";"";"";"";"";""
"17/06/2024";"1400";"";"";"";"";"";"";"";"";"";"";"";"";"";"";"";"";""
"17/06/2024";"1500";"";"";"";"";"";"";"";"";"";"";"";"";"";"";"";"";""
"17/06/2024";"1600";"";"";"";"";"";"";"";"";"";"";"";"";"";"";"";"";""
"17/06/2024";"1700";"";"";"";"";"";"";"";"";"";"";"";"";"";"";"";"";""
"17/06/2024";"1800";"";"";"";"";"";"";"";"";"";"";"";"";"";"";"";"";""
"17/06/2024";"1900";"";"";"";"";"";"";"";"";"";"";"";"";"";"";"";"";""
"17/06/2024";"2000";"";"";"";"";"";"";"";"";"";"";"";"";"";"";"";"";""
"17/06/2024";"2100";"";"";"";"";"";"";"";"";"";"";"";"";"";"";"";"";""
"17/06/2024";"2200";"";"";"";"";"";"";"";"";"";"";"";"";"";"";"";"";""
"17/06/2024";"2300";"";"";"";"";"";"";"";"";"";"";"";"";"";"";"";"";""
"18/06/2024";"0000";"";"";"";"";"";"";"";"";"";"";"";"";"";"";"";"";""
"18/06/2024";"0100";"";"";"";"";"";"";"";"";"";"";"";"";"";"";"";"";""
"18/06/2024";"0200";"";"";"";"";"";"";"";"";"";"";"";"";"";"";"";"";""
"18/06/2024";"0300";"";"";"";"";"";"";"";"";"";"";"";"";"";"";"";"";""
"18/06/2024";"0400";"";"";"";"";"";"";"";"";"";"";"";"";"";"";"";"";""
"18/06/2024";"0500";"";"";"";"";"";"";"";"";"";"";"";"";"";"";"";"";""
"18/06/2024";"0600";"";"";"";"";"";"";"";"";"";"";"";"";"";"";"";"";""
"18/06/2024";"0700";"";"";"";"";"";"";"";"";"";"";"";"";"";"";"";"";""
"18/06/2024";"0800";"";"";"";"";"";"";"";"";"";"";"";"";"";"";"";"";""
"18/06/2024";"0900";"";"";"";"";"";"";"";"";"";"";"";"";"";"";"";"";""
"18/06/2024";"1000";"";"";"";"";"";"";"";"";"";"";"";"";"";"";"";"";""
"18/06/2024";"1100";"";"";"";"";"";"";"";"";"";"";"";"";"";"";"";"";""
"18/06/2024";"1200";"";"";"";"";"";"";"";"";"";"";"";"";"";"";"";"";""
"18/06/2024";"1300";"";"";"";"";"";"";"";"";"";"";"";"";"";"";"";"";""
"18/06/2024";"1400";"";"";"";"";"";"";"";"";"";"";"";"";"";"";"";"";""
"18/06/2024";"1500";"";"";"";"";"";"";"";"";"";"";"";"";"";"";"";"";""
"18/06/2024";"1600";"";"";"";"";"";"";"";"";"";"";"";"";"";"";"";"";""
"18/06/2024";"1700";"";"";"";"";"";"";"";"";"";"";"";"";"";"";"";"";""
"18/06/2024";"1800";"";"";"";"";"";"";"";"";"";"";"";"";"";"";"";"";""
"18/06/2024";"1900";"";"";"";"";"";"";"";"";"";"";"";"";"";"";"";"";""
"18/06/2024";"2000";"";"";"";"";"";"";"";"";"";"";"";"";"";"";"";"";""
"18/06/2024";"2100";"";"";"";"";"";"";"";"";"";"";"";"";"";"";"";"";""
"18/06/2024";"2200";"";"";"";"";"";"";"";"";"";"";"";"";"";"";"";"";""
"18/06/2024";"2300";"";"";"";"";"";"";"";"";"";"";"";"";"";"";"";"";""
"19/06/2024";"0000";"";"";"";"";"";"";"";"";"";"";"";"";"";"";"";"";""
"19/06/2024";"0100";"";"";"";"";"";"";"";"";"";"";"";"";"";"";"";"";""
"19/06/2024";"0200";"";"";"";"";"";"";"";"";"";"";"";"";"";"";"";"";""
"19/06/2024";"0300";"";"";"";"";"";"";"";"";"";"";"";"";"";"";"";"";""
"19/06/2024";"0400";"";"";"";"";"";"";"";"";"";"";"";"";"";"";"";"";""
"19/06/2024";"0500";"";"";"";"";"";"";"";"";"";"";"";"";"";"";"";"";""
"19/06/2024";"0600";"";"";"";"";"";"";"";"";"";"";"";"";"";"";"";"";""
"19/06/2024";"0700";"";"";"";"";"";"";"";"";"";"";"";"";"";"";"";"";""
"19/06/2024";"0800";"";"";"";"";"";"";"";"";"";"";"";"";"";"";"";"";""
"19/06/2024";"0900";"";"";"";"";"";"";"";"";"";"";"";"";"";"";"";"";""
"19/06/2024";"1000";"";"";"";"";"";"";"";"";"";"";"";"";"";"";"";"";""
"19/06/2024";"1100";"";"";"";"";"";"";"";"";"";"";"";"";"";"";"";"";""
"19/06/2024";"1200";"";"";"";"";"";"";"";"";"";"";"";"";"";"";"";"";""
"19/06/2024";"1300";"";"";"";"";"";"";"";"";"";"";"";"";"";"";"";"";""
"19/06/2024";"1400";"";"";"";"";"";"";"";"";"";"";"";"";"";"";"";"";""
"19/06/2024";"1500";"";"";"";"";"";"";"";"";"";"";"";"";"";"";"";"";""
"19/06/2024";"1600";"";"";"";"";"";"";"";"";"";"";"";"";"";"";"";"";""
"19/06/2024";"1700";"";"";"";"";"";"";"";"";"";"";"";"";"";"";"";"";""
"19/06/2024";"1800";"";"";"";"";"";"";"";"";"";"";"";"";"";"";"";"";""
"19/06/2024";"1900";"";"";"";"";"";"";"";"";"";"";"";"";"";"";"";"";""
"19/06/2024";"2000";"";"";"";"";"";"";"";"";"";"";"";"";"";"";"";"";""
"19/06/2024";"2100";"";"";"";"";"";"";"";"";"";"";"";"";"";"";"";"";""
"19/06/2024";"2200";"";"";"";"";"";"";"";"";"";"";"";"";"";"";"";"";""
"19/06/2024";"2300";"";"";"";"";"";"";"";"";"";"";"";"";"";"";"";"";""
"20/06/2024";"0000";"";"";"";"";"";"";"";"";"";"";"";"";"";"";"";"";""
"20/06/2024";"0100";"";"";"";"";"";"";"";"";"";"";"";"";"";"";"";"";""
"20/06/2024";"0200";"";"";"";"";"";"";"";"";"";"";"";"";"";"";"";"";""
"20/06/2024";"0300";"";"";"";"";"";"";"";"";"";"";"";"";"";"";"";"";""
"20/06/2024";"0400";"";"";"";"";"";"";"";"";"";"";"";"";"";"";"";"";""
"20/06/2024";"0500";"";"";"";"";"";"";"";"";"";"";"";"";"";"";"";"";""
"20/06/2024";"0600";"";"";"";"";"";"";"";"";"";"";"";"";"";"";"";"";""
"20/06/2024";"0700";"";"";"";"";"";"";"";"";"";"";"";"";"";"";"";"";""
"20/06/2024";"0800";"";"";"";"";"";"";"";"";"";"";"";"";"";"";"";"";""
"20/06/2024";"0900";"";"";"";"";"";"";"";"";"";"";"";"";"";"";"";"";""
"20/06/2024";"1000";"";"";"";"";"";"";"";"";"";"";"";"";"";"";"";"";""
"20/06/2024";"1100";"";"";"";"";"";"";"";"";"";"";"";"";"";"";"";"";""
"20/06/2024";"1200";"";"";"";"";"";"";"";"";"";"";"";"";"";"";"";"";""
"20/06/2024";"1300";"";"";"";"";"";"";"";"";"";"";"";"";"";"";"";"";""
"20/06/2024";"1400";"";"";"";"";"";"";"";"";"";"";"";"";"";"";"";"";""
"20/06/2024";"1500";"";"";"";"";"";"";"";"";"";"";"";"";"";"";"";"";""
"20/06/2024";"1600";"";"";"";"";"";"";"";"";"";"";"";"";"";"";"";"";""
"20/06/2024";"1700";"";"";"";"";"";"";"";"";"";"";"";"";"";"";"";"";""
"20/06/2024";"1800";"";"";"";"";"";"";"";"";"";"";"";"";"";"";"";"";""
"20/06/2024";"1900";"";"";"";"";"";"";"";"";"";"";"";"";"";"";"";"";""
"20/06/2024";"2000";"";"";"";"";"";"";"";"";"";"";"";"";"";"";"";"";""
"20/06/2024";"2100";"";"";"";"";"";"";"";"";"";"";"";"";"";"";"";"";""
"20/06/2024";"2200";"";"";"";"";"";"";"";"";"";"";"";"";"";"";"";"";""
"20/06/2024";"2300";"";"";"";"";"";"";"";"";"";"";"";"";"";"";"";"";""
"21/06/2024";"0000";"";"";"";"";"";"";"";"";"";"";"";"";"";"";"";"";""
"21/06/2024";"0100";"";"";"";"";"";"";"";"";"";"";"";"";"";"";"";"";""
"21/06/2024";"0200";"";"";"";"";"";"";"";"";"";"";"";"";"";"";"";"";""
"21/06/2024";"0300";"";"";"";"";"";"";"";"";"";"";"";"";"";"";"";"";""
"21/06/2024";"0400";"";"";"";"";"";"";"";"";"";"";"";"";"";"";"";"";""
"21/06/2024";"0500";"";"";"";"";"";"";"";"";"";"";"";"";"";"";"";"";""
"21/06/2024";"0600";"";"";"";"";"";"";"";"";"";"";"";"";"";"";"";"";""
"21/06/2024";"0700";"";"";"";"";"";"";"";"";"";"";"";"";"";"";"";"";""
"21/06/2024";"0800";"";"";"";"";"";"";"";"";"";"";"";"";"";"";"";"";""
"21/06/2024";"0900";"";"";"";"";"";"";"";"";"";"";"";"";"";"";"";"";""
"21/06/2024";"1000";"";"";"";"";"";"";"";"";"";"";"";"";"";"";"";"";""
"21/06/2024";"1100";"";"";"";"";"";"";"";"";"";"";"";"";"";"";"";"";""
"21/06/2024";"1200";"";"";"";"";"";"";"";"";"";"";"";"";"";"";"";"";""
"21/06/2024";"1300";"";"";"";"";"";"";"";"";"";"";"";"";"";"";"";"";""
"21/06/2024";"1400";"";"";"";"";"";"";"";"";"";"";"";"";"";"";"";"";""
"21/06/2024";"1500";"";"";"";"";"";"";"";"";"";"";"";"";"";"";"";"";""
"21/06/2024";"1600";"";"";"";"";"";"";"";"";"";"";"";"";"";"";"";"";""
"21/06/2024";"1700";"";"";"";"";"";"";"";"";"";"";"";"";"";"";"";"";""
"21/06/2024";"1800";"";"";"";"";"";"";"";"";"";"";"";"";"";"";"";"";""
"21/06/2024";"1900";"";"";"";"";"";"";"";"";"";"";"";"";"";"";"";"";""
"21/06/2024";"2000";"";"";"";"";"";"";"";"";"";"";"";"";"";"";"";"";""
"21/06/2024";"2100";"";"";"";"";"";"";"";"";"";"";"";"";"";"";"";"";""
"21/06/2024";"2200";"";"";"";"";"";"";"";"";"";"";"";"";"";"";"";"";""
"21/06/2024";"2300";"";"";"";"";"";"";"";"";"";"";"";"";"";"";"";"";""
"22/06/2024";"0000";"";"";"";"";"";"";"";"";"";"";"";"";"";"";"";"";""
"22/06/2024";"0100";"";"";"";"";"";"";"";"";"";"";"";"";"";"";"";"";""
"22/06/2024";"0200";"";"";"";"";"";"";"";"";"";"";"";"";"";"";"";"";""
"22/06/2024";"0300";"";"";"";"";"";"";"";"";"";"";"";"";"";"";"";"";""
"22/06/2024";"0400";"";"";"";"";"";"";"";"";"";"";"";"";"";"";"";"";""
"22/06/2024";"0500";"";"";"";"";"";"";"";"";"";"";"";"";"";"";"";"";""
"22/06/2024";"0600";"";"";"";"";"";"";"";"";"";"";"";"";"";"";"";"";""
"22/06/2024";"0700";"";"";"";"";"";"";"";"";"";"";"";"";"";"";"";"";""
"22/06/2024";"0800";"";"";"";"";"";"";"";"";"";"";"";"";"";"";"";"";""
"22/06/2024";"0900";"";"";"";"";"";"";"";"";"";"";"";"";"";"";"";"";""
"22/06/2024";"1000";"";"";"";"";"";"";"";"";"";"";"";"";"";"";"";"";""
"22/06/2024";"1100";"";"";"";"";"";"";"";"";"";"";"";"";"";"";"";"";""
"22/06/2024";"1200";"";"";"";"";"";"";"";"";"";"";"";"";"";"";"";"";""
"22/06/2024";"1300";"";"";"";"";"";"";"";"";"";"";"";"";"";"";"";"";""
"22/06/2024";"1400";"";"";"";"";"";"";"";"";"";"";"";"";"";"";"";"";""
"22/06/2024";"1500";"";"";"";"";"";"";"";"";"";"";"";"";"";"";"";"";""
"22/06/2024";"1600";"";"";"";"";"";"";"";"";"";"";"";"";"";"";"";"";""
"22/06/2024";"1700";"";"";"";"";"";"";"";"";"";"";"";"";"";"";"";"";""
"22/06/2024";"1800";"";"";"";"";"";"";"";"";"";"";"";"";"";"";"";"";""
"22/06/2024";"1900";"";"";"";"";"";"";"";"";"";"";"";"";"";"";"";"";""
"22/06/2024";"2000";"";"";"";"";"";"";"";"";"";"";"";"";"";"";"";"";""
"22/06/2024";"2100";"";"";"";"";"";"";"";"";"";"";"";"";"";"";"";"";""
"22/06/2024";"2200";"";"";"";"";"";"";"";"";"";"";"";"";"";"";"";"";""
"22/06/2024";"2300";"";"";"";"";"";"";"";"";"";"";"";"";"";"";"";"";""
"23/06/2024";"0000";"";"";"";"";"";"";"";"";"";"";"";"";"";"";"";"";""
"23/06/2024";"0100";"";"";"";"";"";"";"";"";"";"";"";"";"";"";"";"";""
"23/06/2024";"0200";"";"";"";"";"";"";"";"";"";"";"";"";"";"";"";"";""
"23/06/2024";"0300";"";"";"";"";"";"";"";"";"";"";"";"";"";"";"";"";""
"23/06/2024";"0400";"";"";"";"";"";"";"";"";"";"";"";"";"";"";"";"";""
"23/06/2024";"0500";"";"";"";"";"";"";"";"";"";"";"";"";"";"";"";"";""
"23/06/2024";"0600";"";"";"";"";"";"";"";"";"";"";"";"";"";"";"";"";""
"23/06/2024";"0700";"";"";"";"";"";"";"";"";"";"";"";"";"";"";"";"";""
"23/06/2024";"0800";"";"";"";"";"";"";"";"";"";"";"";"";"";"";"";"";""
"23/06/2024";"0900";"";"";"";"";"";"";"";"";"";"";"";"";"";"";"";"";""
"23/06/2024";"1000";"";"";"";"";"";"";"";"";"";"";"";"";"";"";"";"";""
"23/06/2024";"1100";"";"";"";"";"";"";"";"";"";"";"";"";"";"";"";"";""
"23/06/2024";"1200";"";"";"";"";"";"";"";"";"";"";"";"";"";"";"";"";""
"23/06/2024";"1300";"";"";"";"";"";"";"";"";"";"";"";"";"";"";"";"";""
"23/06/2024";"1400";"";"";"";"";"";"";"";"";"";"";"";"";"";"";"";"";""
"23/06/2024";"1500";"";"";"";"";"";"";"";"";"";"";"";"";"";"";"";"";""
"23/06/2024";"1600";"";"";"";"";"";"";"";"";"";"";"";"";"";"";"";"";""
"23/06/2024";"1700";"";"";"";"";"";"";"";"";"";"";"";"";"";"";"";"";""
"23/06/2024";"1800";"";"";"";"";"";"";"";"";"";"";"";"";"";"";"";"";""
"23/06/2024";"1900";"";"";"";"";"";"";"";"";"";"";"";"";"";"";"";"";""
"23/06/2024";"2000";"";"";"";"";"";"";"";"";"";"";"";"";"";"";"";"";""
"23/06/2024";"2100";"";"";"";"";"";"";"";"";"";"";"";"";"";"";"";"";""
"23/06/2024";"2200";"";"";"";"";"";"";"";"";"";"";"";"";"";"";"";"";""
"23/06/2024";"2300";"";"";"";"";"";"";"";"";"";"";"";"";"";"";"";"";""
"24/06/2024";"0000";"";"";"";"";"";"";"";"";"";"";"";"";"";"";"";"";""
"24/06/2024";"0100";"";"";"";"";"";"";"";"";"";"";"";"";"";"";"";"";""
"24/06/2024";"0200";"";"";"";"";"";"";"";"";"";"";"";"";"";"";"";"";""
"24/06/2024";"0300";"";"";"";"";"";"";"";"";"";"";"";"";"";"";"";"";""
"24/06/2024";"0400";"";"";"";"";"";"";"";"";"";"";"";"";"";"";"";"";""
"24/06/2024";"0500";"";"";"";"";"";"";"";"";"";"";"";"";"";"";"";"";""
"24/06/2024";"0600";"";"";"";"";"";"";"";"";"";"";"";"";"";"";"";"";""
"24/06/2024";"0700";"";"";"";"";"";"";"";"";"";"";"";"";"";"";"";"";""
"24/06/2024";"0800";"";"";"";"";"";"";"";"";"";"";"";"";"";"";"";"";""
"24/06/2024";"0900";"";"";"";"";"";"";"";"";"";"";"";"";"";"";"";"";""
"24/06/2024";"1000";"";"";"";"";"";"";"";"";"";"";"";"";"";"";"";"";""
"24/06/2024";"1100";"";"";"";"";"";"";"";"";"";"";"";"";"";"";"";"";""
"24/06/2024";"1200";"";"";"";"";"";"";"";"";"";"";"";"";"";"";"";"";""
"24/06/2024";"1300";"";"";"";"";"";"";"";"";"";"";"";"";"";"";"";"";""
"24/06/2024";"1400";"";"";"";"";"";"";"";"";"";"";"";"";"";"";"";"";""
"24/06/2024";"1500";"";"";"";"";"";"";"";"";"";"";"";"";"";"";"";"";""
"24/06/2024";"1600";"";"";"";"";"";"";"";"";"";"";"";"";"";"";"";"";""
"24/06/2024";"1700";"";"";"";"";"";"";"";"";"";"";"";"";"";"";"";"";""
"24/06/2024";"1800";"";"";"";"";"";"";"";"";"";"";"";"";"";"";"";"";""
"24/06/2024";"1900";"";"";"";"";"";"";"";"";"";"";"";"";"";"";"";"";""
"24/06/2024";"2000";"";"";"";"";"";"";"";"";"";"";"";"";"";"";"";"";""
"24/06/2024";"2100";"";"";"";"";"";"";"";"";"";"";"";"";"";"";"";"";""
"24/06/2024";"2200";"";"";"";"";"";"";"";"";"";"";"";"";"";"";"";"";""
"24/06/2024";"2300";"";"";"";"";"";"";"";"";"";"";"";"";"";"";"";"";""
"25/06/2024";"0000";"";"";"";"";"";"";"";"";"";"";"";"";"";"";"";"";""
"25/06/2024";"0100";"";"";"";"";"";"";"";"";"";"";"";"";"";"";"";"";""
"25/06/2024";"0200";"";"";"";"";"";"";"";"";"";"";"";"";"";"";"";"";""
"25/06/2024";"0300";"";"";"";"";"";"";"";"";"";"";"";"";"";"";"";"";""
"25/06/2024";"0400";"";"";"";"";"";"";"";"";"";"";"";"";"";"";"";"";""
"25/06/2024";"0500";"";"";"";"";"";"";"";"";"";"";"";"";"";"";"";"";""
"25/06/2024";"0600";"";"";"";"";"";"";"";"";"";"";"";"";"";"";"";"";""
"25/06/2024";"0700";"";"";"";"";"";"";"";"";"";"";"";"";"";"";"";"";""
"25/06/2024";"0800";"";"";"";"";"";"";"";"";"";"";"";"";"";"";"";"";""
"25/06/2024";"0900";"";"";"";"";"";"";"";"";"";"";"";"";"";"";"";"";""
"25/06/2024";"1000";"";"";"";"";"";"";"";"";"";"";"";"";"";"";"";"";""
"25/06/2024";"1100";"";"";"";"";"";"";"";"";"";"";"";"";"";"";"";"";""
"25/06/2024";"1200";"";"";"";"";"";"";"";"";"";"";"";"";"";"";"";"";""
"25/06/2024";"1300";"";"";"";"";"";"";"";"";"";"";"";"";"";"";"";"";""
"25/06/2024";"1400";"";"";"";"";"";"";"";"";"";"";"";"";"";"";"";"";""
"25/06/2024";"1500";"";"";"";"";"";"";"";"";"";"";"";"";"";"";"";"";""
"25/06/2024";"1600";"";"";"";"";"";"";"";"";"";"";"";"";"";"";"";"";""
"25/06/2024";"1700";"";"";"";"";"";"";"";"";"";"";"";"";"";"";"";"";""
"25/06/2024";"1800";"";"";"";"";"";"";"";"";"";"";"";"";"";"";"";"";""
"25/06/2024";"1900";"";"";"";"";"";"";"";"";"";"";"";"";"";"";"";"";""
"25/06/2024";"2000";"";"";"";"";"";"";"";"";"";"";"";"";"";"";"";"";""
"25/06/2024";"2100";"";"";"";"";"";"";"";"";"";"";"";"";"";"";"";"";""
"25/06/2024";"2200";"";"";"";"";"";"";"";"";"";"";"";"";"";"";"";"";""
"25/06/2024";"2300";"";"";"";"";"";"";"";"";"";"";"";"";"";"";"";"";""
"26/06/2024";"0000";"";"";"";"";"";"";"";"";"";"";"";"";"";"";"";"";""
"26/06/2024";"0100";"";"";"";"";"";"";"";"";"";"";"";"";"";"";"";"";""
"26/06/2024";"0200";"";"";"";"";"";"";"";"";"";"";"";"";"";"";"";"";""
"26/06/2024";"0300";"";"";"";"";"";"";"";"";"";"";"";"";"";"";"";"";""
"26/06/2024";"0400";"";"";"";"";"";"";"";"";"";"";"";"";"";"";"";"";""
"26/06/2024";"0500";"";"";"";"";"";"";"";"";"";"";"";"";"";"";"";"";""
"26/06/2024";"0600";"";"";"";"";"";"";"";"";"";"";"";"";"";"";"";"";""
"26/06/2024";"0700";"";"";"";"";"";"";"";"";"";"";"";"";"";"";"";"";""
"26/06/2024";"0800";"";"";"";"";"";"";"";"";"";"";"";"";"";"";"";"";""
"26/06/2024";"0900";"";"";"";"";"";"";"";"";"";"";"";"";"";"";"";"";""
"26/06/2024";"1000";"";"";"";"";"";"";"";"";"";"";"";"";"";"";"";"";""
"26/06/2024";"1100";"";"";"";"";"";"";"";"";"";"";"";"";"";"";"";"";""
"26/06/2024";"1200";"";"";"";"";"";"";"";"";"";"";"";"";"";"";"";"";""
"26/06/2024";"1300";"";"";"";"";"";"";"";"";"";"";"";"";"";"";"";"";""
"26/06/2024";"1400";"";"";"";"";"";"";"";"";"";"";"";"";"";"";"";"";""
"26/06/2024";"1500";"";"";"";"";"";"";"";"";"";"";"";"";"";"";"";"";""
"26/06/2024";"1600";"";"";"";"";"";"";"";"";"";"";"";"";"";"";"";"";""
"26/06/2024";"1700";"";"";"";"";"";"";"";"";"";"";"";"";"";"";"";"";""
"26/06/2024";"1800";"";"";"";"";"";"";"";"";"";"";"";"";"";"";"";"";""
"26/06/2024";"1900";"";"";"";"";"";"";"";"";"";"";"";"";"";"";"";"";""
"26/06/2024";"2000";"";"";"";"";"";"";"";"";"";"";"";"";"";"";"";"";""
"26/06/2024";"2100";"";"";"";"";"";"";"";"";"";"";"";"";"";"";"";"";""
"26/06/2024";"2200";"";"";"";"";"";"";"";"";"";"";"";"";"";"";"";"";""
"26/06/2024";"2300";"";"";"";"";"";"";"";"";"";"";"";"";"";"";"";"";""
"27/06/2024";"0000";"";"";"";"";"";"";"";"";"";"";"";"";"";"";"";"";""
"27/06/2024";"0100";"";"";"";"";"";"";"";"";"";"";"";"";"";"";"";"";""
"27/06/2024";"0200";"";"";"";"";"";"";"";"";"";"";"";"";"";"";"";"";""
"27/06/2024";"0300";"";"";"";"";"";"";"";"";"";"";"";"";"";"";"";"";""
"27/06/2024";"0400";"";"";"";"";"";"";"";"";"";"";"";"";"";"";"";"";""
"27/06/2024";"0500";"";"";"";"";"";"";"";"";"";"";"";"";"";"";"";"";""
"27/06/2024";"0600";"";"";"";"";"";"";"";"";"";"";"";"";"";"";"";"";""
"27/06/2024";"0700";"";"";"";"";"";"";"";"";"";"";"";"";"";"";"";"";""
"27/06/2024";"0800";"";"";"";"";"";"";"";"";"";"";"";"";"";"";"";"";""
"27/06/2024";"0900";"";"";"";"";"";"";"";"";"";"";"";"";"";"";"";"";""
"27/06/2024";"1000";"";"";"";"";"";"";"";"";"";"";"";"";"";"";"";"";""
"27/06/2024";"1100";"";"";"";"";"";"";"";"";"";"";"";"";"";"";"";"";""
"27/06/2024";"1200";"";"";"";"";"";"";"";"";"";"";"";"";"";"";"";"";""
"27/06/2024";"1300";"";"";"";"";"";"";"";"";"";"";"";"";"";"";"";"";""
"27/06/2024";"1400";"";"";"";"";"";"";"";"";"";"";"";"";"";"";"";"";""
"27/06/2024";"1500";"";"";"";"";"";"";"";"";"";"";"";"";"";"";"";"";""
"27/06/2024";"1600";"";"";"";"";"";"";"";"";"";"";"";"";"";"";"";"";""
"27/06/2024";"1700";"";"";"";"";"";"";"";"";"";"";"";"";"";"";"";"";""
"27/06/2024";"1800";"";"";"";"";"";"";"";"";"";"";"";"";"";"";"";"";""
"27/06/2024";"1900";"";"";"";"";"";"";"";"";"";"";"";"";"";"";"";"";""
"27/06/2024";"2000";"";"";"";"";"";"";"";"";"";"";"";"";"";"";"";"";""
"27/06/2024";"2100";"";"";"";"";"";"";"";"";"";"";"";"";"";"";"";"";""
"27/06/2024";"2200";"";"";"";"";"";"";"";"";"";"";"";"";"";"";"";"";""
"27/06/2024";"2300";"";"";"";"";"";"";"";"";"";"";"";"";"";"";"";"";""
"28/06/2024";"0000";"";"";"";"";"";"";"";"";"";"";"";"";"";"";"";"";""
"28/06/2024";"0100";"";"";"";"";"";"";"";"";"";"";"";"";"";"";"";"";""
"28/06/2024";"0200";"";"";"";"";"";"";"";"";"";"";"";"";"";"";"";"";""
"28/06/2024";"0300";"";"";"";"";"";"";"";"";"";"";"";"";"";"";"";"";""
"28/06/2024";"0400";"";"";"";"";"";"";"";"";"";"";"";"";"";"";"";"";""
"28/06/2024";"0500";"";"";"";"";"";"";"";"";"";"";"";"";"";"";"";"";""
"28/06/2024";"0600";"";"";"";"";"";"";"";"";"";"";"";"";"";"";"";"";""
"28/06/2024";"0700";"";"";"";"";"";"";"";"";"";"";"";"";"";"";"";"";""
"28/06/2024";"0800";"";"";"";"";"";"";"";"";"";"";"";"";"";"";"";"";""
"28/06/2024";"0900";"";"";"";"";"";"";"";"";"";"";"";"";"";"";"";"";""
"28/06/2024";"1000";"";"";"";"";"";"";"";"";"";"";"";"";"";"";"";"";""
"28/06/2024";"1100";"";"";"";"";"";"";"";"";"";"";"";"";"";"";"";"";""
"28/06/2024";"1200";"";"";"";"";"";"";"";"";"";"";"";"";"";"";"";"";""
"28/06/2024";"1300";"";"";"";"";"";"";"";"";"";"";"";"";"";"";"";"";""
"28/06/2024";"1400";"";"";"";"";"";"";"";"";"";"";"";"";"";"";"";"";""
"28/06/2024";"1500";"";"";"";"";"";"";"";"";"";"";"";"";"";"";"";"";""
"28/06/2024";"1600";"";"";"";"";"";"";"";"";"";"";"";"";"";"";"";"";""
"28/06/2024";"1700";"";"";"";"";"";"";"";"";"";"";"";"";"";"";"";"";""
"28/06/2024";"1800";"";"";"";"";"";"";"";"";"";"";"";"";"";"";"";"";""
"28/06/2024";"1900";"";"";"";"";"";"";"";"";"";"";"";"";"";"";"";"";""
"28/06/2024";"2000";"";"";"";"";"";"";"";"";"";"";"";"";"";"";"";"";""
"28/06/2024";"2100";"";"";"";"";"";"";"";"";"";"";"";"";"";"";"";"";""
"28/06/2024";"2200";"";"";"";"";"";"";"";"";"";"";"";"";"";"";"";"";""
"28/06/2024";"2300";"";"";"";"";"";"";"";"";"";"";"";"";"";"";"";"";""
"29/06/2024";"0000";"";"";"";"";"";"";"";"";"";"";"";"";"";"";"";"";""
"29/06/2024";"0100";"";"";"";"";"";"";"";"";"";"";"";"";"";"";"";"";""
"29/06/2024";"0200";"";"";"";"";"";"";"";"";"";"";"";"";"";"";"";"";""
"29/06/2024";"0300";"";"";"";"";"";"";"";"";"";"";"";"";"";"";"";"";""
"29/06/2024";"0400";"";"";"";"";"";"";"";"";"";"";"";"";"";"";"";"";""
"29/06/2024";"0500";"";"";"";"";"";"";"";"";"";"";"";"";"";"";"";"";""
"29/06/2024";"0600";"";"";"";"";"";"";"";"";"";"";"";"";"";"";"";"";""
"29/06/2024";"0700";"";"";"";"";"";"";"";"";"";"";"";"";"";"";"";"";""
"29/06/2024";"0800";"";"";"";"";"";"";"";"";"";"";"";"";"";"";"";"";""
"29/06/2024";"0900";"";"";"";"";"";"";"";"";"";"";"";"";"";"";"";"";""
"29/06/2024";"1000";"";"";"";"";"";"";"";"";"";"";"";"";"";"";"";"";""
"29/06/2024";"1100";"";"";"";"";"";"";"";"";"";"";"";"";"";"";"";"";""
"29/06/2024";"1200";"";"";"";"";"";"";"";"";"";"";"";"";"";"";"";"";""
"29/06/2024";"1300";"";"";"";"";"";"";"";"";"";"";"";"";"";"";"";"";""
"29/06/2024";"1400";"";"";"";"";"";"";"";"";"";"";"";"";"";"";"";"";""
"29/06/2024";"1500";"";"";"";"";"";"";"";"";"";"";"";"";"";"";"";"";""
"29/06/2024";"1600";"";"";"";"";"";"";"";"";"";"";"";"";"";"";"";"";""
"29/06/2024";"1700";"";"";"";"";"";"";"";"";"";"";"";"";"";"";"";"";""
"29/06/2024";"1800";"";"";"";"";"";"";"";"";"";"";"";"";"";"";"";"";""
"29/06/2024";"1900";"";"";"";"";"";"";"";"";"";"";"";"";"";"";"";"";""
"29/06/2024";"2000";"";"";"";"";"";"";"";"";"";"";"";"";"";"";"";"";""
"29/06/2024";"2100";"";"";"";"";"";"";"";"";"";"";"";"";"";"";"";"";""
"29/06/2024";"2200";"";"";"";"";"";"";"";"";"";"";"";"";"";"";"";"";""
"29/06/2024";"2300";"";"";"";"";"";"";"";"";"";"";"";"";"";"";"";"";""
"30/06/2024";"0000";"";"";"";"";"";"";"";"";"";"";"";"";"";"";"";"";""
"30/06/2024";"0100";"";"";"";"";"";"";"";"";"";"";"";"";"";"";"";"";""
"30/06/2024";"0200";"";"";"";"";"";"";"";"";"";"";"";"";"";"";"";"";""
"30/06/2024";"0300";"";"";"";"";"";"";"";"";"";"";"";"";"";"";"";"";""
"30/06/2024";"0400";"";"";"";"";"";"";"";"";"";"";"";"";"";"";"";"";""
"30/06/2024";"0500";"";"";"";"";"";"";"";"";"";"";"";"";"";"";"";"";""
"30/06/2024";"0600";"";"";"";"";"";"";"";"";"";"";"";"";"";"";"";"";""
"30/06/2024";"0700";"";"";"";"";"";"";"";"";"";"";"";"";"";"";"";"";""
"30/06/2024";"0800";"";"";"";"";"";"";"";"";"";"";"";"";"";"";"";"";""
"30/06/2024";"0900";"";"";"";"";"";"";"";"";"";"";"";"";"";"";"";"";""
"30/06/2024";"1000";"";"";"";"";"";"";"";"";"";"";"";"";"";"";"";"";""
"30/06/2024";"1100";"";"";"";"";"";"";"";"";"";"";"";"";"";"";"";"";""
"30/06/2024";"1200";"";"";"";"";"";"";"";"";"";"";"";"";"";"";"";"";""
"30/06/2024";"1300";"";"";"";"";"";"";"";"";"";"";"";"";"";"";"";"";""
"30/06/2024";"1400";"";"";"";"";"";"";"";"";"";"";"";"";"";"";"";"";""
"30/06/2024";"1500";"";"";"";"";"";"";"";"";"";"";"";"";"";"";"";"";""
"30/06/2024";"1600";"";"";"";"";"";"";"";"";"";"";"";"";"";"";"";"";""
"30/06/2024";"1700";"";"";"";"";"";"";"";"";"";"";"";"";"";"";"";"";""
"30/06/2024";"1800";"";"";"";"";"";"";"";"";"";"";"";"";"";"";"";"";""
"30/06/2024";"1900";"";"";"";"";"";"";"";"";"";"";"";"";"";"";"";"";""
"30/06/2024";"2000";"";"";"";"";"";"";"";"";"";"";"";"";"";"";"";"";""
"30/06/2024";"2100";"";"";"";"";"";"";"";"";"";"";"";"";"";"";"";"";""
"30/06/2024";"2200";"";"";"";"";"";"";"";"";"";"";"";"";"";"";"";"";""
"30/06/2024";"2300";"";"";"";"";"";"";"";"";"";"";"";"";"";"";"";"";""
"01/07/2024";"0000";"";"";"";"";"";"";"";"";"";"";"";"";"";"";"";"";""
"01/07/2024";"0100";"";"";"";"";"";"";"";"";"";"";"";"";"";"";"";"";""
"01/07/2024";"0200";"";"";"";"";"";"";"";"";"";"";"";"";"";"";"";"";""
"01/07/2024";"0300";"";"";"";"";"";"";"";"";"";"";"";"";"";"";"";"";""
"01/07/2024";"0400";"";"";"";"";"";"";"";"";"";"";"";"";"";"";"";"";""
"01/07/2024";"0500";"";"";"";"";"";"";"";"";"";"";"";"";"";"";"";"";""
"01/07/2024";"0600";"";"";"";"";"";"";"";"";"";"";"";"";"";"";"";"";""
"01/07/2024";"0700";"";"";"";"";"";"";"";"";"";"";"";"";"";"";"";"";""
"01/07/2024";"0800";"";"";"";"";"";"";"";"";"";"";"";"";"";"";"";"";""
"01/07/2024";"0900";"";"";"";"";"";"";"";"";"";"";"";"";"";"";"";"";""
"01/07/2024";"1000";"";"";"";"";"";"";"";"";"";"";"";"";"";"";"";"";""
"01/07/2024";"1100";"";"";"";"";"";"";"";"";"";"";"";"";"";"";"";"";""
"01/07/2024";"1200";"";"";"";"";"";"";"";"";"";"";"";"";"";"";"";"";""
"01/07/2024";"1300";"";"";"";"";"";"";"";"";"";"";"";"";"";"";"";"";""
"01/07/2024";"1400";"";"";"";"";"";"";"";"";"";"";"";"";"";"";"";"";""
"01/07/2024";"1500";"";"";"";"";"";"";"";"";"";"";"";"";"";"";"";"";""
"01/07/2024";"1600";"";"";"";"";"";"";"";"";"";"";"";"";"";"";"";"";""
"01/07/2024";"1700";"";"";"";"";"";"";"";"";"";"";"";"";"";"";"";"";""
"01/07/2024";"1800";"";"";"";"";"";"";"";"";"";"";"";"";"";"";"";"";""
"01/07/2024";"1900";"";"";"";"";"";"";"";"";"";"";"";"";"";"";"";"";""
"01/07/2024";"2000";"";"";"";"";"";"";"";"";"";"";"";"";"";"";"";"";""
"01/07/2024";"2100";"";"";"";"";"";"";"";"";"";"";"";"";"";"";"";"";""
"01/07/2024";"2200";"";"";"";"";"";"";"";"";"";"";"";"";"";"";"";"";""
"01/07/2024";"2300";"";"";"";"";"";"";"";"";"";"";"";"";"";"";"";"";""
"02/07/2024";"0000";"";"";"";"";"";"";"";"";"";"";"";"";"";"";"";"";""
"02/07/2024";"0100";"";"";"";"";"";"";"";"";"";"";"";"";"";"";"";"";""
"02/07/2024";"0200";"";"";"";"";"";"";"";"";"";"";"";"";"";"";"";"";""
"02/07/2024";"0300";"";"";"";"";"";"";"";"";"";"";"";"";"";"";"";"";""
"02/07/2024";"0400";"";"";"";"";"";"";"";"";"";"";"";"";"";"";"";"";""
"02/07/2024";"0500";"";"";"";"";"";"";"";"";"";"";"";"";"";"";"";"";""
"02/07/2024";"0600";"";"";"";"";"";"";"";"";"";"";"";"";"";"";"";"";""
"02/07/2024";"0700";"";"";"";"";"";"";"";"";"";"";"";"";"";"";"";"";""
"02/07/2024";"0800";"";"";"";"";"";"";"";"";"";"";"";"";"";"";"";"";""
"02/07/2024";"0900";"";"";"";"";"";"";"";"";"";"";"";"";"";"";"";"";""
"02/07/2024";"1000";"";"";"";"";"";"";"";"";"";"";"";"";"";"";"";"";""
"02/07/2024";"1100";"";"";"";"";"";"";"";"";"";"";"";"";"";"";"";"";""
"02/07/2024";"1200";"";"";"";"";"";"";"";"";"";"";"";"";"";"";"";"";""
"02/07/2024";"1300";"";"";"";"";"";"";"";"";"";"";"";"";"";"";"";"";""
"02/07/2024";"1400";"";"";"";"";"";"";"";"";"";"";"";"";"";"";"";"";""
"02/07/2024";"1500";"";"";"";"";"";"";"";"";"";"";"";"";"";"";"";"";""
"02/07/2024";"1600";"";"";"";"";"";"";"";"";"";"";"";"";"";"";"";"";""
"02/07/2024";"1700";"";"";"";"";"";"";"";"";"";"";"";"";"";"";"";"";""
"02/07/2024";"1800";"";"";"";"";"";"";"";"";"";"";"";"";"";"";"";"";""
"02/07/2024";"1900";"";"";"";"";"";"";"";"";"";"";"";"";"";"";"";"";""
"02/07/2024";"2000";"";"";"";"";"";"";"";"";"";"";"";"";"";"";"";"";""
"02/07/2024";"2100";"";"";"";"";"";"";"";"";"";"";"";"";"";"";"";"";""
"02/07/2024";"2200";"";"";"";"";"";"";"";"";"";"";"";"";"";"";"";"";""
"02/07/2024";"2300";"";"";"";"";"";"";"";"";"";"";"";"";"";"";"";"";""
"03/07/2024";"0000";"";"";"";"";"";"";"";"";"";"";"";"";"";"";"";"";""
"03/07/2024";"0100";"";"";"";"";"";"";"";"";"";"";"";"";"";"";"";"";""
"03/07/2024";"0200";"";"";"";"";"";"";"";"";"";"";"";"";"";"";"";"";""
"03/07/2024";"0300";"";"";"";"";"";"";"";"";"";"";"";"";"";"";"";"";""
"03/07/2024";"0400";"";"";"";"";"";"";"";"";"";"";"";"";"";"";"";"";""
"03/07/2024";"0500";"";"";"";"";"";"";"";"";"";"";"";"";"";"";"";"";""
"03/07/2024";"0600";"";"";"";"";"";"";"";"";"";"";"";"";"";"";"";"";""
"03/07/2024";"0700";"";"";"";"";"";"";"";"";"";"";"";"";"";"";"";"";""
"03/07/2024";"0800";"";"";"";"";"";"";"";"";"";"";"";"";"";"";"";"";""
"03/07/2024";"0900";"";"";"";"";"";"";"";"";"";"";"";"";"";"";"";"";""
"03/07/2024";"1000";"";"";"";"";"";"";"";"";"";"";"";"";"";"";"";"";""
"03/07/2024";"1100";"";"";"";"";"";"";"";"";"";"";"";"";"";"";"";"";""
"03/07/2024";"1200";"";"";"";"";"";"";"";"";"";"";"";"";"";"";"";"";""
"03/07/2024";"1300";"";"";"";"";"";"";"";"";"";"";"";"";"";"";"";"";""
"03/07/2024";"1400";"";"";"";"";"";"";"";"";"";"";"";"";"";"";"";"";""
"03/07/2024";"1500";"";"";"";"";"";"";"";"";"";"";"";"";"";"";"";"";""
"03/07/2024";"1600";"";"";"";"";"";"";"";"";"";"";"";"";"";"";"";"";""
"03/07/2024";"1700";"";"";"";"";"";"";"";"";"";"";"";"";"";"";"";"";""
"03/07/2024";"1800";"";"";"";"";"";"";"";"";"";"";"";"";"";"";"";"";""
"03/07/2024";"1900";"";"";"";"";"";"";"";"";"";"";"";"";"";"";"";"";""
"03/07/2024";"2000";"";"";"";"";"";"";"";"";"";"";"";"";"";"";"";"";""
"03/07/2024";"2100";"";"";"";"";"";"";"";"";"";"";"";"";"";"";"";"";""
"03/07/2024";"2200";"";"";"";"";"";"";"";"";"";"";"";"";"";"";"";"";""
"03/07/2024";"2300";"";"";"";"";"";"";"";"";"";"";"";"";"";"";"";"";""
"04/07/2024";"0000";"";"";"";"";"";"";"";"";"";"";"";"";"";"";"";"";""
"04/07/2024";"0100";"";"";"";"";"";"";"";"";"";"";"";"";"";"";"";"";""
"04/07/2024";"0200";"";"";"";"";"";"";"";"";"";"";"";"";"";"";"";"";""
"04/07/2024";"0300";"";"";"";"";"";"";"";"";"";"";"";"";"";"";"";"";""
"04/07/2024";"0400";"";"";"";"";"";"";"";"";"";"";"";"";"";"";"";"";""
"04/07/2024";"0500";"";"";"";"";"";"";"";"";"";"";"";"";"";"";"";"";""
"04/07/2024";"0600";"";"";"";"";"";"";"";"";"";"";"";"";"";"";"";"";""
"04/07/2024";"0700";"";"";"";"";"";"";"";"";"";"";"";"";"";"";"";"";""
"04/07/2024";"0800";"";"";"";"";"";"";"";"";"";"";"";"";"";"";"";"";""
"04/07/2024";"0900";"";"";"";"";"";"";"";"";"";"";"";"";"";"";"";"";""
"04/07/2024";"1000";"";"";"";"";"";"";"";"";"";"";"";"";"";"";"";"";""
"04/07/2024";"1100";"";"";"";"";"";"";"";"";"";"";"";"";"";"";"";"";""
"04/07/2024";"1200";"";"";"";"";"";"";"";"";"";"";"";"";"";"";"";"";""
"04/07/2024";"1300";"";"";"";"";"";"";"";"";"";"";"";"";"";"";"";"";""
"04/07/2024";"1400";"";"";"";"";"";"";"";"";"";"";"";"";"";"";"";"";""
"04/07/2024";"1500";"";"";"";"";"";"";"";"";"";"";"";"";"";"";"";"";""
"04/07/2024";"1600";"";"";"";"";"";"";"";"";"";"";"";"";"";"";"";"";""
"04/07/2024";"1700";"";"";"";"";"";"";"";"";"";"";"";"";"";"";"";"";""
"04/07/2024";"1800";"";"";"";"";"";"";"";"";"";"";"";"";"";"";"";"";""
"04/07/2024";"1900";"";"";"";"";"";"";"";"";"";"";"";"";"";"";"";"";""
"04/07/2024";"2000";"";"";"";"";"";"";"";"";"";"";"";"";"";"";"";"";""
"04/07/2024";"2100";"";"";"";"";"";"";"";"";"";"";"";"";"";"";"";"";""
"04/07/2024";"2200";"";"";"";"";"";"";"";"";"";"";"";"";"";"";"";"";""
"04/07/2024";"2300";"";"";"";"";"";"";"";"";"";"";"";"";"";"";"";"";""
"05/07/2024";"0000";"";"";"";"";"";"";"";"";"";"";"";"";"";"";"";"";""
"05/07/2024";"0100";"";"";"";"";"";"";"";"";"";"";"";"";"";"";"";"";""
"05/07/2024";"0200";"";"";"";"";"";"";"";"";"";"";"";"";"";"";"";"";""
"05/07/2024";"0300";"";"";"";"";"";"";"";"";"";"";"";"";"";"";"";"";""
"05/07/2024";"0400";"";"";"";"";"";"";"";"";"";"";"";"";"";"";"";"";""
"05/07/2024";"0500";"";"";"";"";"";"";"";"";"";"";"";"";"";"";"";"";""
"05/07/2024";"0600";"";"";"";"";"";"";"";"";"";"";"";"";"";"";"";"";""
"05/07/2024";"0700";"";"";"";"";"";"";"";"";"";"";"";"";"";"";"";"";""
"05/07/2024";"0800";"";"";"";"";"";"";"";"";"";"";"";"";"";"";"";"";""
"05/07/2024";"0900";"";"";"";"";"";"";"";"";"";"";"";"";"";"";"";"";""
"05/07/2024";"1000";"";"";"";"";"";"";"";"";"";"";"";"";"";"";"";"";""
"05/07/2024";"1100";"";"";"";"";"";"";"";"";"";"";"";"";"";"";"";"";""
"05/07/2024";"1200";"";"";"";"";"";"";"";"";"";"";"";"";"";"";"";"";""
"05/07/2024";"1300";"";"";"";"";"";"";"";"";"";"";"";"";"";"";"";"";""
"05/07/2024";"1400";"";"";"";"";"";"";"";"";"";"";"";"";"";"";"";"";""
"05/07/2024";"1500";"";"";"";"";"";"";"";"";"";"";"";"";"";"";"";"";""
"05/07/2024";"1600";"";"";"";"";"";"";"";"";"";"";"";"";"";"";"";"";""
"05/07/2024";"1700";"";"";"";"";"";"";"";"";"";"";"";"";"";"";"";"";""
"05/07/2024";"1800";"";"";"";"";"";"";"";"";"";"";"";"";"";"";"";"";""
"05/07/2024";"1900";"";"";"";"";"";"";"";"";"";"";"";"";"";"";"";"";""
"05/07/2024";"2000";"";"";"";"";"";"";"";"";"";"";"";"";"";"";"";"";""
"05/07/2024";"2100";"";"";"";"";"";"";"";"";"";"";"";"";"";"";"";"";""
"05/07/2024";"2200";"";"";"";"";"";"";"";"";"";"";"";"";"";"";"";"";""
"05/07/2024";"2300";"";"";"";"";"";"";"";"";"";"";"";"";"";"";"";"";""
"06/07/2024";"0000";"";"";"";"";"";"";"";"";"";"";"";"";"";"";"";"";""
"06/07/2024";"0100";"";"";"";"";"";"";"";"";"";"";"";"";"";"";"";"";""
"06/07/2024";"0200";"";"";"";"";"";"";"";"";"";"";"";"";"";"";"";"";""
"06/07/2024";"0300";"";"";"";"";"";"";"";"";"";"";"";"";"";"";"";"";""
"06/07/2024";"0400";"";"";"";"";"";"";"";"";"";"";"";"";"";"";"";"";""
"06/07/2024";"0500";"";"";"";"";"";"";"";"";"";"";"";"";"";"";"";"";""
"06/07/2024";"0600";"";"";"";"";"";"";"";"";"";"";"";"";"";"";"";"";""
"06/07/2024";"0700";"";"";"";"";"";"";"";"";"";"";"";"";"";"";"";"";""
"06/07/2024";"0800";"";"";"";"";"";"";"";"";"";"";"";"";"";"";"";"";""
"06/07/2024";"0900";"";"";"";"";"";"";"";"";"";"";"";"";"";"";"";"";""
"06/07/2024";"1000";"";"";"";"";"";"";"";"";"";"";"";"";"";"";"";"";""
"06/07/2024";"1100";"";"";"";"";"";"";"";"";"";"";"";"";"";"";"";"";""
"06/07/2024";"1200";"";"";"";"";"";"";"";"";"";"";"";"";"";"";"";"";""
"06/07/2024";"1300";"";"";"";"";"";"";"";"";"";"";"";"";"";"";"";"";""
"06/07/2024";"1400";"";"";"";"";"";"";"";"";"";"";"";"";"";"";"";"";""
"06/07/2024";"1500";"";"";"";"";"";"";"";"";"";"";"";"";"";"";"";"";""
"06/07/2024";"1600";"";"";"";"";"";"";"";"";"";"";"";"";"";"";"";"";""
"06/07/2024";"1700";"";"";"";"";"";"";"";"";"";"";"";"";"";"";"";"";""
"06/07/2024";"1800";"";"";"";"";"";"";"";"";"";"";"";"";"";"";"";"";""
"06/07/2024";"1900";"";"";"";"";"";"";"";"";"";"";"";"";"";"";"";"";""
"06/07/2024";"2000";"";"";"";"";"";"";"";"";"";"";"";"";"";"";"";"";""
"06/07/2024";"2100";"";"";"";"";"";"";"";"";"";"";"";"";"";"";"";"";""
"06/07/2024";"2200";"";"";"";"";"";"";"";"";"";"";"";"";"";"";"";"";""
"06/07/2024";"2300";"";"";"";"";"";"";"";"";"";"";"";"";"";"";"";"";""
"07/07/2024";"0000";"";"";"";"";"";"";"";"";"";"";"";"";"";"";"";"";""
"07/07/2024";"0100";"";"";"";"";"";"";"";"";"";"";"";"";"";"";"";"";""
"07/07/2024";"0200";"";"";"";"";"";"";"";"";"";"";"";"";"";"";"";"";""
"07/07/2024";"0300";"";"";"";"";"";"";"";"";"";"";"";"";"";"";"";"";""
"07/07/2024";"0400";"";"";"";"";"";"";"";"";"";"";"";"";"";"";"";"";""
"07/07/2024";"0500";"";"";"";"";"";"";"";"";"";"";"";"";"";"";"";"";""
"07/07/2024";"0600";"";"";"";"";"";"";"";"";"";"";"";"";"";"";"";"";""
"07/07/2024";"0700";"";"";"";"";"";"";"";"";"";"";"";"";"";"";"";"";""
"07/07/2024";"0800";"";"";"";"";"";"";"";"";"";"";"";"";"";"";"";"";""
"07/07/2024";"0900";"";"";"";"";"";"";"";"";"";"";"";"";"";"";"";"";""
"07/07/2024";"1000";"";"";"";"";"";"";"";"";"";"";"";"";"";"";"";"";""
"07/07/2024";"1100";"";"";"";"";"";"";"";"";"";"";"";"";"";"";"";"";""
"07/07/2024";"1200";"";"";"";"";"";"";"";"";"";"";"";"";"";"";"";"";""
"07/07/2024";"1300";"";"";"";"";"";"";"";"";"";"";"";"";"";"";"";"";""
"07/07/2024";"1400";"";"";"";"";"";"";"";"";"";"";"";"";"";"";"";"";""
"07/07/2024";"1500";"";"";"";"";"";"";"";"";"";"";"";"";"";"";"";"";""
"07/07/2024";"1600";"";"";"";"";"";"";"";"";"";"";"";"";"";"";"";"";""
"07/07/2024";"1700";"";"";"";"";"";"";"";"";"";"";"";"";"";"";"";"";""
"07/07/2024";"1800";"";"";"";"";"";"";"";"";"";"";"";"";"";"";"";"";""
"07/07/2024";"1900";"";"";"";"";"";"";"";"";"";"";"";"";"";"";"";"";""
"07/07/2024";"2000";"";"";"";"";"";"";"";"";"";"";"";"";"";"";"";"";""
"07/07/2024";"2100";"";"";"";"";"";"";"";"";"";"";"";"";"";"";"";"";""
"07/07/2024";"2200";"";"";"";"";"";"";"";"";"";"";"";"";"";"";"";"";""
"07/07/2024";"2300";"";"";"";"";"";"";"";"";"";"";"";"";"";"";"";"";""
"08/07/2024";"0000";"";"";"";"";"";"";"";"";"";"";"";"";"";"";"";"";""
"08/07/2024";"0100";"";"";"";"";"";"";"";"";"";"";"";"";"";"";"";"";""
"08/07/2024";"0200";"";"";"";"";"";"";"";"";"";"";"";"";"";"";"";"";""
"08/07/2024";"0300";"";"";"";"";"";"";"";"";"";"";"";"";"";"";"";"";""
"08/07/2024";"0400";"";"";"";"";"";"";"";"";"";"";"";"";"";"";"";"";""
"08/07/2024";"0500";"";"";"";"";"";"";"";"";"";"";"";"";"";"";"";"";""
"08/07/2024";"0600";"";"";"";"";"";"";"";"";"";"";"";"";"";"";"";"";""
"08/07/2024";"0700";"";"";"";"";"";"";"";"";"";"";"";"";"";"";"";"";""
"08/07/2024";"0800";"";"";"";"";"";"";"";"";"";"";"";"";"";"";"";"";""
"08/07/2024";"0900";"";"";"";"";"";"";"";"";"";"";"";"";"";"";"";"";""
"08/07/2024";"1000";"";"";"";"";"";"";"";"";"";"";"";"";"";"";"";"";""
"08/07/2024";"1100";"";"";"";"";"";"";"";"";"";"";"";"";"";"";"";"";""
"08/07/2024";"1200";"";"";"";"";"";"";"";"";"";"";"";"";"";"";"";"";""
"08/07/2024";"1300";"";"";"";"";"";"";"";"";"";"";"";"";"";"";"";"";""
"08/07/2024";"1400";"";"";"";"";"";"";"";"";"";"";"";"";"";"";"";"";""
"08/07/2024";"1500";"";"";"";"";"";"";"";"";"";"";"";"";"";"";"";"";""
"08/07/2024";"1600";"";"";"";"";"";"";"";"";"";"";"";"";"";"";"";"";""
"08/07/2024";"1700";"";"";"";"";"";"";"";"";"";"";"";"";"";"";"";"";""
"08/07/2024";"1800";"";"";"";"";"";"";"";"";"";"";"";"";"";"";"";"";""
"08/07/2024";"1900";"";"";"";"";"";"";"";"";"";"";"";"";"";"";"";"";""
"08/07/2024";"2000";"";"";"";"";"";"";"";"";"";"";"";"";"";"";"";"";""
"08/07/2024";"2100";"";"";"";"";"";"";"";"";"";"";"";"";"";"";"";"";""
"08/07/2024";"2200";"";"";"";"";"";"";"";"";"";"";"";"";"";"";"";"";""
"08/07/2024";"2300";"";"";"";"";"";"";"";"";"";"";"";"";"";"";"";"";""
"09/07/2024";"0000";"";"";"";"";"";"";"";"";"";"";"";"";"";"";"";"";""
"09/07/2024";"0100";"";"";"";"";"";"";"";"";"";"";"";"";"";"";"";"";""
"09/07/2024";"0200";"";"";"";"";"";"";"";"";"";"";"";"";"";"";"";"";""
"09/07/2024";"0300";"";"";"";"";"";"";"";"";"";"";"";"";"";"";"";"";""
"09/07/2024";"0400";"";"";"";"";"";"";"";"";"";"";"";"";"";"";"";"";""
"09/07/2024";"0500";"";"";"";"";"";"";"";"";"";"";"";"";"";"";"";"";""
"09/07/2024";"0600";"";"";"";"";"";"";"";"";"";"";"";"";"";"";"";"";""
"09/07/2024";"0700";"";"";"";"";"";"";"";"";"";"";"";"";"";"";"";"";""
"09/07/2024";"0800";"";"";"";"";"";"";"";"";"";"";"";"";"";"";"";"";""
"09/07/2024";"0900";"";"";"";"";"";"";"";"";"";"";"";"";"";"";"";"";""
"09/07/2024";"1000";"";"";"";"";"";"";"";"";"";"";"";"";"";"";"";"";""
"09/07/2024";"1100";"";"";"";"";"";"";"";"";"";"";"";"";"";"";"";"";""
"09/07/2024";"1200";"";"";"";"";"";"";"";"";"";"";"";"";"";"";"";"";""
"09/07/2024";"1300";"";"";"";"";"";"";"";"";"";"";"";"";"";"";"";"";""
"09/07/2024";"1400";"";"";"";"";"";"";"";"";"";"";"";"";"";"";"";"";""
"09/07/2024";"1500";"";"";"";"";"";"";"";"";"";"";"";"";"";"";"";"";""
"09/07/2024";"1600";"";"";"";"";"";"";"";"";"";"";"";"";"";"";"";"";""
"09/07/2024";"1700";"";"";"";"";"";"";"";"";"";"";"";"";"";"";"";"";""
"09/07/2024";"1800";"";"";"";"";"";"";"";"";"";"";"";"";"";"";"";"";""
"09/07/2024";"1900";"";"";"";"";"";"";"";"";"";"";"";"";"";"";"";"";""
"09/07/2024";"2000";"";"";"";"";"";"";"";"";"";"";"";"";"";"";"";"";""
"09/07/2024";"2100";"";"";"";"";"";"";"";"";"";"";"";"";"";"";"";"";""
"09/07/2024";"2200";"";"";"";"";"";"";"";"";"";"";"";"";"";"";"";"";""
"09/07/2024";"2300";"";"";"";"";"";"";"";"";"";"";"";"";"";"";"";"";""
"10/07/2024";"0000";"";"";"";"";"";"";"";"";"";"";"";"";"";"";"";"";""
"10/07/2024";"0100";"";"";"";"";"";"";"";"";"";"";"";"";"";"";"";"";""
"10/07/2024";"0200";"";"";"";"";"";"";"";"";"";"";"";"";"";"";"";"";""
"10/07/2024";"0300";"";"";"";"";"";"";"";"";"";"";"";"";"";"";"";"";""
"10/07/2024";"0400";"";"";"";"";"";"";"";"";"";"";"";"";"";"";"";"";""
"10/07/2024";"0500";"";"";"";"";"";"";"";"";"";"";"";"";"";"";"";"";""
"10/07/2024";"0600";"";"";"";"";"";"";"";"";"";"";"";"";"";"";"";"";""
"10/07/2024";"0700";"";"";"";"";"";"";"";"";"";"";"";"";"";"";"";"";""
"10/07/2024";"0800";"";"";"";"";"";"";"";"";"";"";"";"";"";"";"";"";""
"10/07/2024";"0900";"";"";"";"";"";"";"";"";"";"";"";"";"";"";"";"";""
"10/07/2024";"1000";"";"";"";"";"";"";"";"";"";"";"";"";"";"";"";"";""
"10/07/2024";"1100";"";"";"";"";"";"";"";"";"";"";"";"";"";"";"";"";""
"10/07/2024";"1200";"";"";"";"";"";"";"";"";"";"";"";"";"";"";"";"";""
"10/07/2024";"1300";"";"";"";"";"";"";"";"";"";"";"";"";"";"";"";"";""
"10/07/2024";"1400";"";"";"";"";"";"";"";"";"";"";"";"";"";"";"";"";""
"10/07/2024";"1500";"";"";"";"";"";"";"";"";"";"";"";"";"";"";"";"";""
"10/07/2024";"1600";"";"";"";"";"";"";"";"";"";"";"";"";"";"";"";"";""
"10/07/2024";"1700";"";"";"";"";"";"";"";"";"";"";"";"";"";"";"";"";""
"10/07/2024";"1800";"";"";"";"";"";"";"";"";"";"";"";"";"";"";"";"";""
"10/07/2024";"1900";"";"";"";"";"";"";"";"";"";"";"";"";"";"";"";"";""
"10/07/2024";"2000";"";"";"";"";"";"";"";"";"";"";"";"";"";"";"";"";""
"10/07/2024";"2100";"";"";"";"";"";"";"";"";"";"";"";"";"";"";"";"";""
"10/07/2024";"2200";"";"";"";"";"";"";"";"";"";"";"";"";"";"";"";"";""
"10/07/2024";"2300";"";"";"";"";"";"";"";"";"";"";"";"";"";"";"";"";""
"11/07/2024";"0000";"";"";"";"";"";"";"";"";"";"";"";"";"";"";"";"";""
"11/07/2024";"0100";"";"";"";"";"";"";"";"";"";"";"";"";"";"";"";"";""
"11/07/2024";"0200";"";"";"";"";"";"";"";"";"";"";"";"";"";"";"";"";""
"11/07/2024";"0300";"";"";"";"";"";"";"";"";"";"";"";"";"";"";"";"";""
"11/07/2024";"0400";"";"";"";"";"";"";"";"";"";"";"";"";"";"";"";"";""
"11/07/2024";"0500";"";"";"";"";"";"";"";"";"";"";"";"";"";"";"";"";""
"11/07/2024";"0600";"";"";"";"";"";"";"";"";"";"";"";"";"";"";"";"";""
"11/07/2024";"0700";"";"";"";"";"";"";"";"";"";"";"";"";"";"";"";"";""
"11/07/2024";"0800";"";"";"";"";"";"";"";"";"";"";"";"";"";"";"";"";""
"11/07/2024";"0900";"";"";"";"";"";"";"";"";"";"";"";"";"";"";"";"";""
"11/07/2024";"1000";"";"";"";"";"";"";"";"";"";"";"";"";"";"";"";"";""
"11/07/2024";"1100";"";"";"";"";"";"";"";"";"";"";"";"";"";"";"";"";""
"11/07/2024";"1200";"";"";"";"";"";"";"";"";"";"";"";"";"";"";"";"";""
"11/07/2024";"1300";"";"";"";"";"";"";"";"";"";"";"";"";"";"";"";"";""
"11/07/2024";"1400";"";"";"";"";"";"";"";"";"";"";"";"";"";"";"";"";""
"11/07/2024";"1500";"";"";"";"";"";"";"";"";"";"";"";"";"";"";"";"";""
"11/07/2024";"1600";"";"";"";"";"";"";"";"";"";"";"";"";"";"";"";"";""
"11/07/2024";"1700";"";"";"";"";"";"";"";"";"";"";"";"";"";"";"";"";""
"11/07/2024";"1800";"";"";"";"";"";"";"";"";"";"";"";"";"";"";"";"";""
"11/07/2024";"1900";"";"";"";"";"";"";"";"";"";"";"";"";"";"";"";"";""
"11/07/2024";"2000";"";"";"";"";"";"";"";"";"";"";"";"";"";"";"";"";""
"11/07/2024";"2100";"";"";"";"";"";"";"";"";"";"";"";"";"";"";"";"";""
"11/07/2024";"2200";"";"";"";"";"";"";"";"";"";"";"";"";"";"";"";"";""
"11/07/2024";"2300";"";"";"";"";"";"";"";"";"";"";"";"";"";"";"";"";""
"12/07/2024";"0000";"";"";"";"";"";"";"";"";"";"";"";"";"";"";"";"";""
"12/07/2024";"0100";"";"";"";"";"";"";"";"";"";"";"";"";"";"";"";"";""
"12/07/2024";"0200";"";"";"";"";"";"";"";"";"";"";"";"";"";"";"";"";""
"12/07/2024";"0300";"";"";"";"";"";"";"";"";"";"";"";"";"";"";"";"";""
"12/07/2024";"0400";"";"";"";"";"";"";"";"";"";"";"";"";"";"";"";"";""
"12/07/2024";"0500";"";"";"";"";"";"";"";"";"";"";"";"";"";"";"";"";""
"12/07/2024";"0600";"";"";"";"";"";"";"";"";"";"";"";"";"";"";"";"";""
"12/07/2024";"0700";"";"";"";"";"";"";"";"";"";"";"";"";"";"";"";"";""
"12/07/2024";"0800";"";"";"";"";"";"";"";"";"";"";"";"";"";"";"";"";""
"12/07/2024";"0900";"";"";"";"";"";"";"";"";"";"";"";"";"";"";"";"";""
"12/07/2024";"1000";"";"";"";"";"";"";"";"";"";"";"";"";"";"";"";"";""
"12/07/2024";"1100";"";"";"";"";"";"";"";"";"";"";"";"";"";"";"";"";""
"12/07/2024";"1200";"";"";"";"";"";"";"";"";"";"";"";"";"";"";"";"";""
"12/07/2024";"1300";"";"";"";"";"";"";"";"";"";"";"";"";"";"";"";"";""
"12/07/2024";"1400";"";"";"";"";"";"";"";"";"";"";"";"";"";"";"";"";""
"12/07/2024";"1500";"";"";"";"";"";"";"";"";"";"";"";"";"";"";"";"";""
"12/07/2024";"1600";"";"";"";"";"";"";"";"";"";"";"";"";"";"";"";"";""
"12/07/2024";"1700";"";"";"";"";"";"";"";"";"";"";"";"";"";"";"";"";""
"12/07/2024";"1800";"";"";"";"";"";"";"";"";"";"";"";"";"";"";"";"";""
"12/07/2024";"1900";"";"";"";"";"";"";"";"";"";"";"";"";"";"";"";"";""
"12/07/2024";"2000";"";"";"";"";"";"";"";"";"";"";"";"";"";"";"";"";""
"12/07/2024";"2100";"";"";"";"";"";"";"";"";"";"";"";"";"";"";"";"";""
"12/07/2024";"2200";"";"";"";"";"";"";"";"";"";"";"";"";"";"";"";"";""
"12/07/2024";"2300";"";"";"";"";"";"";"";"";"";"";"";"";"";"";"";"";""
"13/07/2024";"0000";"";"";"";"";"";"";"";"";"";"";"";"";"";"";"";"";""
"13/07/2024";"0100";"";"";"";"";"";"";"";"";"";"";"";"";"";"";"";"";""
"13/07/2024";"0200";"";"";"";"";"";"";"";"";"";"";"";"";"";"";"";"";""
"13/07/2024";"0300";"";"";"";"";"";"";"";"";"";"";"";"";"";"";"";"";""
"13/07/2024";"0400";"";"";"";"";"";"";"";"";"";"";"";"";"";"";"";"";""
"13/07/2024";"0500";"";"";"";"";"";"";"";"";"";"";"";"";"";"";"";"";""
"13/07/2024";"0600";"";"";"";"";"";"";"";"";"";"";"";"";"";"";"";"";""
"13/07/2024";"0700";"";"";"";"";"";"";"";"";"";"";"";"";"";"";"";"";""
"13/07/2024";"0800";"";"";"";"";"";"";"";"";"";"";"";"";"";"";"";"";""
"13/07/2024";"0900";"";"";"";"";"";"";"";"";"";"";"";"";"";"";"";"";""
"13/07/2024";"1000";"";"";"";"";"";"";"";"";"";"";"";"";"";"";"";"";""
"13/07/2024";"1100";"";"";"";"";"";"";"";"";"";"";"";"";"";"";"";"";""
"13/07/2024";"1200";"";"";"";"";"";"";"";"";"";"";"";"";"";"";"";"";""
"13/07/2024";"1300";"";"";"";"";"";"";"";"";"";"";"";"";"";"";"";"";""
"13/07/2024";"1400";"";"";"";"";"";"";"";"";"";"";"";"";"";"";"";"";""
"13/07/2024";"1500";"";"";"";"";"";"";"";"";"";"";"";"";"";"";"";"";""
"13/07/2024";"1600";"";"";"";"";"";"";"";"";"";"";"";"";"";"";"";"";""
"13/07/2024";"1700";"";"";"";"";"";"";"";"";"";"";"";"";"";"";"";"";""
"13/07/2024";"1800";"";"";"";"";"";"";"";"";"";"";"";"";"";"";"";"";""
"13/07/2024";"1900";"";"";"";"";"";"";"";"";"";"";"";"";"";"";"";"";""
"13/07/2024";"2000";"";"";"";"";"";"";"";"";"";"";"";"";"";"";"";"";""
"13/07/2024";"2100";"";"";"";"";"";"";"";"";"";"";"";"";"";"";"";"";""
"13/07/2024";"2200";"";"";"";"";"";"";"";"";"";"";"";"";"";"";"";"";""
"13/07/2024";"2300";"";"";"";"";"";"";"";"";"";"";"";"";"";"";"";"";""
"14/07/2024";"0000";"";"";"";"";"";"";"";"";"";"";"";"";"";"";"";"";""
"14/07/2024";"0100";"";"";"";"";"";"";"";"";"";"";"";"";"";"";"";"";""
"14/07/2024";"0200";"";"";"";"";"";"";"";"";"";"";"";"";"";"";"";"";""
"14/07/2024";"0300";"";"";"";"";"";"";"";"";"";"";"";"";"";"";"";"";""
"14/07/2024";"0400";"";"";"";"";"";"";"";"";"";"";"";"";"";"";"";"";""
"14/07/2024";"0500";"";"";"";"";"";"";"";"";"";"";"";"";"";"";"";"";""
"14/07/2024";"0600";"";"";"";"";"";"";"";"";"";"";"";"";"";"";"";"";""
"14/07/2024";"0700";"";"";"";"";"";"";"";"";"";"";"";"";"";"";"";"";""
"14/07/2024";"0800";"";"";"";"";"";"";"";"";"";"";"";"";"";"";"";"";""
"14/07/2024";"0900";"";"";"";"";"";"";"";"";"";"";"";"";"";"";"";"";""
"14/07/2024";"1000";"";"";"";"";"";"";"";"";"";"";"";"";"";"";"";"";""
"14/07/2024";"1100";"";"";"";"";"";"";"";"";"";"";"";"";"";"";"";"";""
"14/07/2024";"1200";"";"";"";"";"";"";"";"";"";"";"";"";"";"";"";"";""
"14/07/2024";"1300";"";"";"";"";"";"";"";"";"";"";"";"";"";"";"";"";""
"14/07/2024";"1400";"";"";"";"";"";"";"";"";"";"";"";"";"";"";"";"";""
"14/07/2024";"1500";"";"";"";"";"";"";"";"";"";"";"";"";"";"";"";"";""
"14/07/2024";"1600";"";"";"";"";"";"";"";"";"";"";"";"";"";"";"";"";""
"14/07/2024";"1700";"";"";"";"";"";"";"";"";"";"";"";"";"";"";"";"";""
"14/07/2024";"1800";"";"";"";"";"";"";"";"";"";"";"";"";"";"";"";"";""
"14/07/2024";"1900";"";"";"";"";"";"";"";"";"";"";"";"";"";"";"";"";""
"14/07/2024";"2000";"";"";"";"";"";"";"";"";"";"";"";"";"";"";"";"";""
"14/07/2024";"2100";"";"";"";"";"";"";"";"";"";"";"";"";"";"";"";"";""
"14/07/2024";"2200";"";"";"";"";"";"";"";"";"";"";"";"";"";"";"";"";""
"14/07/2024";"2300";"";"";"";"";"";"";"";"";"";"";"";"";"";"";"";"";""
"15/07/2024";"0000";"";"";"";"";"";"";"";"";"";"";"";"";"";"";"";"";""
"15/07/2024";"0100";"";"";"";"";"";"";"";"";"";"";"";"";"";"";"";"";""
"15/07/2024";"0200";"";"";"";"";"";"";"";"";"";"";"";"";"";"";"";"";""
"15/07/2024";"0300";"";"";"";"";"";"";"";"";"";"";"";"";"";"";"";"";""
"15/07/2024";"0400";"";"";"";"";"";"";"";"";"";"";"";"";"";"";"";"";""
"15/07/2024";"0500";"";"";"";"";"";"";"";"";"";"";"";"";"";"";"";"";""
"15/07/2024";"0600";"";"";"";"";"";"";"";"";"";"";"";"";"";"";"";"";""
"15/07/2024";"0700";"";"";"";"";"";"";"";"";"";"";"";"";"";"";"";"";""
"15/07/2024";"0800";"";"";"";"";"";"";"";"";"";"";"";"";"";"";"";"";""
"15/07/2024";"0900";"";"";"";"";"";"";"";"";"";"";"";"";"";"";"";"";""
"15/07/2024";"1000";"";"";"";"";"";"";"";"";"";"";"";"";"";"";"";"";""
"15/07/2024";"1100";"";"";"";"";"";"";"";"";"";"";"";"";"";"";"";"";""
"15/07/2024";"1200";"";"";"";"";"";"";"";"";"";"";"";"";"";"";"";"";""
"15/07/2024";"1300";"";"";"";"";"";"";"";"";"";"";"";"";"";"";"";"";""
"15/07/2024";"1400";"";"";"";"";"";"";"";"";"";"";"";"";"";"";"";"";""
"15/07/2024";"1500";"";"";"";"";"";"";"";"";"";"";"";"";"";"";"";"";""
"15/07/2024";"1600";"";"";"";"";"";"";"";"";"";"";"";"";"";"";"";"";""
"15/07/2024";"1700";"";"";"";"";"";"";"";"";"";"";"";"";"";"";"";"";""
"15/07/2024";"1800";"";"";"";"";"";"";"";"";"";"";"";"";"";"";"";"";""
"15/07/2024";"1900";"";"";"";"";"";"";"";"";"";"";"";"";"";"";"";"";""
"15/07/2024";"2000";"";"";"";"";"";"";"";"";"";"";"";"";"";"";"";"";""
"15/07/2024";"2100";"";"";"";"";"";"";"";"";"";"";"";"";"";"";"";"";""
"15/07/2024";"2200";"";"";"";"";"";"";"";"";"";"";"";"";"";"";"";"";""
"15/07/2024";"2300";"";"";"";"";"";"";"";"";"";"";"";"";"";"";"";"";""
"16/07/2024";"0000";"";"";"";"";"";"";"";"";"";"";"";"";"";"";"";"";""
"16/07/2024";"0100";"";"";"";"";"";"";"";"";"";"";"";"";"";"";"";"";""
"16/07/2024";"0200";"";"";"";"";"";"";"";"";"";"";"";"";"";"";"";"";""
"16/07/2024";"0300";"";"";"";"";"";"";"";"";"";"";"";"";"";"";"";"";""
"16/07/2024";"0400";"";"";"";"";"";"";"";"";"";"";"";"";"";"";"";"";""
"16/07/2024";"0500";"";"";"";"";"";"";"";"";"";"";"";"";"";"";"";"";""
"16/07/2024";"0600";"";"";"";"";"";"";"";"";"";"";"";"";"";"";"";"";""
"16/07/2024";"0700";"";"";"";"";"";"";"";"";"";"";"";"";"";"";"";"";""
"16/07/2024";"0800";"";"";"";"";"";"";"";"";"";"";"";"";"";"";"";"";""
"16/07/2024";"0900";"";"";"";"";"";"";"";"";"";"";"";"";"";"";"";"";""
"16/07/2024";"1000";"";"";"";"";"";"";"";"";"";"";"";"";"";"";"";"";""
"16/07/2024";"1100";"";"";"";"";"";"";"";"";"";"";"";"";"";"";"";"";""
"16/07/2024";"1200";"";"";"";"";"";"";"";"";"";"";"";"";"";"";"";"";""
"16/07/2024";"1300";"";"";"";"";"";"";"";"";"";"";"";"";"";"";"";"";""
"16/07/2024";"1400";"";"";"";"";"";"";"";"";"";"";"";"";"";"";"";"";""
"16/07/2024";"1500";"";"";"";"";"";"";"";"";"";"";"";"";"";"";"";"";""
"16/07/2024";"1600";"";"";"";"";"";"";"";"";"";"";"";"";"";"";"";"";""
"16/07/2024";"1700";"";"";"";"";"";"";"";"";"";"";"";"";"";"";"";"";""
"16/07/2024";"1800";"";"";"";"";"";"";"";"";"";"";"";"";"";"";"";"";""
"16/07/2024";"1900";"";"";"";"";"";"";"";"";"";"";"";"";"";"";"";"";""
"16/07/2024";"2000";"";"";"";"";"";"";"";"";"";"";"";"";"";"";"";"";""
"16/07/2024";"2100";"";"";"";"";"";"";"";"";"";"";"";"";"";"";"";"";""
"16/07/2024";"2200";"";"";"";"";"";"";"";"";"";"";"";"";"";"";"";"";""
"16/07/2024";"2300";"";"";"";"";"";"";"";"";"";"";"";"";"";"";"";"";""
"17/07/2024";"0000";"";"";"";"";"";"";"";"";"";"";"";"";"";"";"";"";""
"17/07/2024";"0100";"";"";"";"";"";"";"";"";"";"";"";"";"";"";"";"";""
"17/07/2024";"0200";"";"";"";"";"";"";"";"";"";"";"";"";"";"";"";"";""
"17/07/2024";"0300";"";"";"";"";"";"";"";"";"";"";"";"";"";"";"";"";""
"17/07/2024";"0400";"";"";"";"";"";"";"";"";"";"";"";"";"";"";"";"";""
"17/07/2024";"0500";"";"";"";"";"";"";"";"";"";"";"";"";"";"";"";"";""
"17/07/2024";"0600";"";"";"";"";"";"";"";"";"";"";"";"";"";"";"";"";""
"17/07/2024";"0700";"";"";"";"";"";"";"";"";"";"";"";"";"";"";"";"";""
"17/07/2024";"0800";"";"";"";"";"";"";"";"";"";"";"";"";"";"";"";"";""
"17/07/2024";"0900";"";"";"";"";"";"";"";"";"";"";"";"";"";"";"";"";""
"17/07/2024";"1000";"";"";"";"";"";"";"";"";"";"";"";"";"";"";"";"";""
"17/07/2024";"1100";"";"";"";"";"";"";"";"";"";"";"";"";"";"";"";"";""
"17/07/2024";"1200";"";"";"";"";"";"";"";"";"";"";"";"";"";"";"";"";""
"17/07/2024";"1300";"";"";"";"";"";"";"";"";"";"";"";"";"";"";"";"";""
"17/07/2024";"1400";"";"";"";"";"";"";"";"";"";"";"";"";"";"";"";"";""
"17/07/2024";"1500";"";"";"";"";"";"";"";"";"";"";"";"";"";"";"";"";""
"17/07/2024";"1600";"";"";"";"";"";"";"";"";"";"";"";"";"";"";"";"";""
"17/07/2024";"1700";"";"";"";"";"";"";"";"";"";"";"";"";"";"";"";"";""
"17/07/2024";"1800";"";"";"";"";"";"";"";"";"";"";"";"";"";"";"";"";""
"17/07/2024";"1900";"";"";"";"";"";"";"";"";"";"";"";"";"";"";"";"";""
"17/07/2024";"2000";"";"";"";"";"";"";"";"";"";"";"";"";"";"";"";"";""
"17/07/2024";"2100";"";"";"";"";"";"";"";"";"";"";"";"";"";"";"";"";""
"17/07/2024";"2200";"";"";"";"";"";"";"";"";"";"";"";"";"";"";"";"";""
"17/07/2024";"2300";"";"";"";"";"";"";"";"";"";"";"";"";"";"";"";"";""
"18/07/2024";"0000";"";"";"";"";"";"";"";"";"";"";"";"";"";"";"";"";""
"18/07/2024";"0100";"";"";"";"";"";"";"";"";"";"";"";"";"";"";"";"";""
"18/07/2024";"0200";"";"";"";"";"";"";"";"";"";"";"";"";"";"";"";"";""
"18/07/2024";"0300";"";"";"";"";"";"";"";"";"";"";"";"";"";"";"";"";""
"18/07/2024";"0400";"";"";"";"";"";"";"";"";"";"";"";"";"";"";"";"";""
"18/07/2024";"0500";"";"";"";"";"";"";"";"";"";"";"";"";"";"";"";"";""
"18/07/2024";"0600";"";"";"";"";"";"";"";"";"";"";"";"";"";"";"";"";""
"18/07/2024";"0700";"";"";"";"";"";"";"";"";"";"";"";"";"";"";"";"";""
"18/07/2024";"0800";"";"";"";"";"";"";"";"";"";"";"";"";"";"";"";"";""
"18/07/2024";"0900";"";"";"";"";"";"";"";"";"";"";"";"";"";"";"";"";""
"18/07/2024";"1000";"";"";"";"";"";"";"";"";"";"";"";"";"";"";"";"";""
"18/07/2024";"1100";"";"";"";"";"";"";"";"";"";"";"";"";"";"";"";"";""
"18/07/2024";"1200";"";"";"";"";"";"";"";"";"";"";"";"";"";"";"";"";""
"18/07/2024";"1300";"";"";"";"";"";"";"";"";"";"";"";"";"";"";"";"";""
"18/07/2024";"1400";"";"";"";"";"";"";"";"";"";"";"";"";"";"";"";"";""
"18/07/2024";"1500";"";"";"";"";"";"";"";"";"";"";"";"";"";"";"";"";""
"18/07/2024";"1600";"";"";"";"";"";"";"";"";"";"";"";"";"";"";"";"";""
"18/07/2024";"1700";"";"";"";"";"";"";"";"";"";"";"";"";"";"";"";"";""
"18/07/2024";"1800";"";"";"";"";"";"";"";"";"";"";"";"";"";"";"";"";""
"18/07/2024";"1900";"";"";"";"";"";"";"";"";"";"";"";"";"";"";"";"";""
"18/07/2024";"2000";"";"";"";"";"";"";"";"";"";"";"";"";"";"";"";"";""
"18/07/2024";"2100";"";"";"";"";"";"";"";"";"";"";"";"";"";"";"";"";""
"18/07/2024";"2200";"";"";"";"";"";"";"";"";"";"";"";"";"";"";"";"";""
"18/07/2024";"2300";"";"";"";"";"";"";"";"";"";"";"";"";"";"";"";"";""
"19/07/2024";"0000";"";"";"";"";"";"";"";"";"";"";"";"";"";"";"";"";""
"19/07/2024";"0100";"";"";"";"";"";"";"";"";"";"";"";"";"";"";"";"";""
"19/07/2024";"0200";"";"";"";"";"";"";"";"";"";"";"";"";"";"";"";"";""
"19/07/2024";"0300";"";"";"";"";"";"";"";"";"";"";"";"";"";"";"";"";""
"19/07/2024";"0400";"";"";"";"";"";"";"";"";"";"";"";"";"";"";"";"";""
"19/07/2024";"0500";"";"";"";"";"";"";"";"";"";"";"";"";"";"";"";"";""
"19/07/2024";"0600";"";"";"";"";"";"";"";"";"";"";"";"";"";"";"";"";""
"19/07/2024";"0700";"";"";"";"";"";"";"";"";"";"";"";"";"";"";"";"";""
"19/07/2024";"0800";"";"";"";"";"";"";"";"";"";"";"";"";"";"";"";"";""
"19/07/2024";"0900";"";"";"";"";"";"";"";"";"";"";"";"";"";"";"";"";""
"19/07/2024";"1000";"";"";"";"";"";"";"";"";"";"";"";"";"";"";"";"";""
"19/07/2024";"1100";"";"";"";"";"";"";"";"";"";"";"";"";"";"";"";"";""
"19/07/2024";"1200";"";"";"";"";"";"";"";"";"";"";"";"";"";"";"";"";""
"19/07/2024";"1300";"";"";"";"";"";"";"";"";"";"";"";"";"";"";"";"";""
"19/07/2024";"1400";"";"";"";"";"";"";"";"";"";"";"";"";"";"";"";"";""
"19/07/2024";"1500";"";"";"";"";"";"";"";"";"";"";"";"";"";"";"";"";""
"19/07/2024";"1600";"";"";"";"";"";"";"";"";"";"";"";"";"";"";"";"";""
"19/07/2024";"1700";"";"";"";"";"";"";"";"";"";"";"";"";"";"";"";"";""
"19/07/2024";"1800";"";"";"";"";"";"";"";"";"";"";"";"";"";"";"";"";""
"19/07/2024";"1900";"";"";"";"";"";"";"";"";"";"";"";"";"";"";"";"";""
"19/07/2024";"2000";"";"";"";"";"";"";"";"";"";"";"";"";"";"";"";"";""
"19/07/2024";"2100";"";"";"";"";"";"";"";"";"";"";"";"";"";"";"";"";""
"19/07/2024";"2200";"";"";"";"";"";"";"";"";"";"";"";"";"";"";"";"";""
"19/07/2024";"2300";"";"";"";"";"";"";"";"";"";"";"";"";"";"";"";"";""
"20/07/2024";"0000";"";"";"";"";"";"";"";"";"";"";"";"";"";"";"";"";""
"20/07/2024";"0100";"";"";"";"";"";"";"";"";"";"";"";"";"";"";"";"";""
"20/07/2024";"0200";"";"";"";"";"";"";"";"";"";"";"";"";"";"";"";"";""
"20/07/2024";"0300";"";"";"";"";"";"";"";"";"";"";"";"";"";"";"";"";""
"20/07/2024";"0400";"";"";"";"";"";"";"";"";"";"";"";"";"";"";"";"";""
"20/07/2024";"0500";"";"";"";"";"";"";"";"";"";"";"";"";"";"";"";"";""
"20/07/2024";"0600";"";"";"";"";"";"";"";"";"";"";"";"";"";"";"";"";""
"20/07/2024";"0700";"";"";"";"";"";"";"";"";"";"";"";"";"";"";"";"";""
"20/07/2024";"0800";"";"";"";"";"";"";"";"";"";"";"";"";"";"";"";"";""
"20/07/2024";"0900";"";"";"";"";"";"";"";"";"";"";"";"";"";"";"";"";""
"20/07/2024";"1000";"";"";"";"";"";"";"";"";"";"";"";"";"";"";"";"";""
"20/07/2024";"1100";"";"";"";"";"";"";"";"";"";"";"";"";"";"";"";"";""
"20/07/2024";"1200";"";"";"";"";"";"";"";"";"";"";"";"";"";"";"";"";""
"20/07/2024";"1300";"";"";"";"";"";"";"";"";"";"";"";"";"";"";"";"";""
"20/07/2024";"1400";"";"";"";"";"";"";"";"";"";"";"";"";"";"";"";"";""
"20/07/2024";"1500";"";"";"";"";"";"";"";"";"";"";"";"";"";"";"";"";""
"20/07/2024";"1600";"";"";"";"";"";"";"";"";"";"";"";"";"";"";"";"";""
"20/07/2024";"1700";"";"";"";"";"";"";"";"";"";"";"";"";"";"";"";"";""
"20/07/2024";"1800";"";"";"";"";"";"";"";"";"";"";"";"";"";"";"";"";""
"20/07/2024";"1900";"";"";"";"";"";"";"";"";"";"";"";"";"";"";"";"";""
"20/07/2024";"2000";"";"";"";"";"";"";"";"";"";"";"";"";"";"";"";"";""
"20/07/2024";"2100";"";"";"";"";"";"";"";"";"";"";"";"";"";"";"";"";""
"20/07/2024";"2200";"";"";"";"";"";"";"";"";"";"";"";"";"";"";"";"";""
"20/07/2024";"2300";"";"";"";"";"";"";"";"";"";"";"";"";"";"";"";"";""
"21/07/2024";"0000";"";"";"";"";"";"";"";"";"";"";"";"";"";"";"";"";""
"21/07/2024";"0100";"";"";"";"";"";"";"";"";"";"";"";"";"";"";"";"";""
"21/07/2024";"0200";"";"";"";"";"";"";"";"";"";"";"";"";"";"";"";"";""
"21/07/2024";"0300";"";"";"";"";"";"";"";"";"";"";"";"";"";"";"";"";""
"21/07/2024";"0400";"";"";"";"";"";"";"";"";"";"";"";"";"";"";"";"";""
"21/07/2024";"0500";"";"";"";"";"";"";"";"";"";"";"";"";"";"";"";"";""
"21/07/2024";"0600";"";"";"";"";"";"";"";"";"";"";"";"";"";"";"";"";""
"21/07/2024";"0700";"";"";"";"";"";"";"";"";"";"";"";"";"";"";"";"";""
"21/07/2024";"0800";"";"";"";"";"";"";"";"";"";"";"";"";"";"";"";"";""
"21/07/2024";"0900";"";"";"";"";"";"";"";"";"";"";"";"";"";"";"";"";""
"21/07/2024";"1000";"";"";"";"";"";"";"";"";"";"";"";"";"";"";"";"";""
"21/07/2024";"1100";"";"";"";"";"";"";"";"";"";"";"";"";"";"";"";"";""
"21/07/2024";"1200";"";"";"";"";"";"";"";"";"";"";"";"";"";"";"";"";""
"21/07/2024";"1300";"";"";"";"";"";"";"";"";"";"";"";"";"";"";"";"";""
"21/07/2024";"1400";"";"";"";"";"";"";"";"";"";"";"";"";"";"";"";"";""
"21/07/2024";"1500";"";"";"";"";"";"";"";"";"";"";"";"";"";"";"";"";""
"21/07/2024";"1600";"";"";"";"";"";"";"";"";"";"";"";"";"";"";"";"";""
"21/07/2024";"1700";"";"";"";"";"";"";"";"";"";"";"";"";"";"";"";"";""
"21/07/2024";"1800";"";"";"";"";"";"";"";"";"";"";"";"";"";"";"";"";""
"21/07/2024";"1900";"";"";"";"";"";"";"";"";"";"";"";"";"";"";"";"";""
"21/07/2024";"2000";"";"";"";"";"";"";"";"";"";"";"";"";"";"";"";"";""
"21/07/2024";"2100";"";"";"";"";"";"";"";"";"";"";"";"";"";"";"";"";""
"21/07/2024";"2200";"";"";"";"";"";"";"";"";"";"";"";"";"";"";"";"";""
"21/07/2024";"2300";"";"";"";"";"";"";"";"";"";"";"";"";"";"";"";"";""
"22/07/2024";"0000";"";"";"";"";"";"";"";"";"";"";"";"";"";"";"";"";""
"22/07/2024";"0100";"";"";"";"";"";"";"";"";"";"";"";"";"";"";"";"";""
"22/07/2024";"0200";"";"";"";"";"";"";"";"";"";"";"";"";"";"";"";"";""
"22/07/2024";"0300";"";"";"";"";"";"";"";"";"";"";"";"";"";"";"";"";""
"22/07/2024";"0400";"";"";"";"";"";"";"";"";"";"";"";"";"";"";"";"";""
"22/07/2024";"0500";"";"";"";"";"";"";"";"";"";"";"";"";"";"";"";"";""
"22/07/2024";"0600";"";"";"";"";"";"";"";"";"";"";"";"";"";"";"";"";""
"22/07/2024";"0700";"";"";"";"";"";"";"";"";"";"";"";"";"";"";"";"";""
"22/07/2024";"0800";"";"";"";"";"";"";"";"";"";"";"";"";"";"";"";"";""
"22/07/2024";"0900";"";"";"";"";"";"";"";"";"";"";"";"";"";"";"";"";""
"22/07/2024";"1000";"";"";"";"";"";"";"";"";"";"";"";"";"";"";"";"";""
"22/07/2024";"1100";"";"";"";"";"";"";"";"";"";"";"";"";"";"";"";"";""
"22/07/2024";"1200";"";"";"";"";"";"";"";"";"";"";"";"";"";"";"";"";""
"22/07/2024";"1300";"";"";"";"";"";"";"";"";"";"";"";"";"";"";"";"";""
"22/07/2024";"1400";"";"";"";"";"";"";"";"";"";"";"";"";"";"";"";"";""
"22/07/2024";"1500";"";"";"";"";"";"";"";"";"";"";"";"";"";"";"";"";""
"22/07/2024";"1600";"";"";"";"";"";"";"";"";"";"";"";"";"";"";"";"";""
"22/07/2024";"1700";"";"";"";"";"";"";"";"";"";"";"";"";"";"";"";"";""
"22/07/2024";"1800";"";"";"";"";"";"";"";"";"";"";"";"";"";"";"";"";""
"22/07/2024";"1900";"";"";"";"";"";"";"";"";"";"";"";"";"";"";"";"";""
"22/07/2024";"2000";"";"";"";"";"";"";"";"";"";"";"";"";"";"";"";"";""
"22/07/2024";"2100";"";"";"";"";"";"";"";"";"";"";"";"";"";"";"";"";""
"22/07/2024";"2200";"";"";"";"";"";"";"";"";"";"";"";"";"";"";"";"";""
"22/07/2024";"2300";"";"";"";"";"";"";"";"";"";"";"";"";"";"";"";"";""
"23/07/2024";"0000";"";"";"";"";"";"";"";"";"";"";"";"";"";"";"";"";""
"23/07/2024";"0100";"";"";"";"";"";"";"";"";"";"";"";"";"";"";"";"";""
"23/07/2024";"0200";"";"";"";"";"";"";"";"";"";"";"";"";"";"";"";"";""
"23/07/2024";"0300";"";"";"";"";"";"";"";"";"";"";"";"";"";"";"";"";""
"23/07/2024";"0400";"";"";"";"";"";"";"";"";"";"";"";"";"";"";"";"";""
"23/07/2024";"0500";"";"";"";"";"";"";"";"";"";"";"";"";"";"";"";"";""
"23/07/2024";"0600";"";"";"";"";"";"";"";"";"";"";"";"";"";"";"";"";""
"23/07/2024";"0700";"";"";"";"";"";"";"";"";"";"";"";"";"";"";"";"";""
"23/07/2024";"0800";"";"";"";"";"";"";"";"";"";"";"";"";"";"";"";"";""
"23/07/2024";"0900";"";"";"";"";"";"";"";"";"";"";"";"";"";"";"";"";""
"23/07/2024";"1000";"";"";"";"";"";"";"";"";"";"";"";"";"";"";"";"";""
"23/07/2024";"1100";"";"";"";"";"";"";"";"";"";"";"";"";"";"";"";"";""
"23/07/2024";"1200";"";"";"";"";"";"";"";"";"";"";"";"";"";"";"";"";""
"23/07/2024";"1300";"";"";"";"";"";"";"";"";"";"";"";"";"";"";"";"";""
"23/07/2024";"1400";"";"";"";"";"";"";"";"";"";"";"";"";"";"";"";"";""
"23/07/2024";"1500";"";"";"";"";"";"";"";"";"";"";"";"";"";"";"";"";""
"23/07/2024";"1600";"";"";"";"";"";"";"";"";"";"";"";"";"";"";"";"";""
"23/07/2024";"1700";"";"";"";"";"";"";"";"";"";"";"";"";"";"";"";"";""
"23/07/2024";"1800";"";"";"";"";"";"";"";"";"";"";"";"";"";"";"";"";""
"23/07/2024";"1900";"";"";"";"";"";"";"";"";"";"";"";"";"";"";"";"";""
"23/07/2024";"2000";"";"";"";"";"";"";"";"";"";"";"";"";"";"";"";"";""
"23/07/2024";"2100";"";"";"";"";"";"";"";"";"";"";"";"";"";"";"";"";""
"23/07/2024";"2200";"";"";"";"";"";"";"";"";"";"";"";"";"";"";"";"";""
"23/07/2024";"2300";"";"";"";"";"";"";"";"";"";"";"";"";"";"";"";"";""
"24/07/2024";"0000";"";"";"";"";"";"";"";"";"";"";"";"";"";"";"";"";""
"24/07/2024";"0100";"";"";"";"";"";"";"";"";"";"";"";"";"";"";"";"";""
"24/07/2024";"0200";"";"";"";"";"";"";"";"";"";"";"";"";"";"";"";"";""
"24/07/2024";"0300";"";"";"";"";"";"";"";"";"";"";"";"";"";"";"";"";""
"24/07/2024";"0400";"";"";"";"";"";"";"";"";"";"";"";"";"";"";"";"";""
"24/07/2024";"0500";"";"";"";"";"";"";"";"";"";"";"";"";"";"";"";"";""
"24/07/2024";"0600";"";"";"";"";"";"";"";"";"";"";"";"";"";"";"";"";""
"24/07/2024";"0700";"";"";"";"";"";"";"";"";"";"";"";"";"";"";"";"";""
"24/07/2024";"0800";"";"";"";"";"";"";"";"";"";"";"";"";"";"";"";"";""
"24/07/2024";"0900";"";"";"";"";"";"";"";"";"";"";"";"";"";"";"";"";""
"24/07/2024";"1000";"";"";"";"";"";"";"";"";"";"";"";"";"";"";"";"";""
"24/07/2024";"1100";"";"";"";"";"";"";"";"";"";"";"";"";"";"";"";"";""
"24/07/2024";"1200";"";"";"";"";"";"";"";"";"";"";"";"";"";"";"";"";""
"24/07/2024";"1300";"";"";"";"";"";"";"";"";"";"";"";"";"";"";"";"";""
"24/07/2024";"1400";"";"";"";"";"";"";"";"";"";"";"";"";"";"";"";"";""
"24/07/2024";"1500";"";"";"";"";"";"";"";"";"";"";"";"";"";"";"";"";""
"24/07/2024";"1600";"";"";"";"";"";"";"";"";"";"";"";"";"";"";"";"";""
"24/07/2024";"1700";"";"";"";"";"";"";"";"";"";"";"";"";"";"";"";"";""
"24/07/2024";"1800";"";"";"";"";"";"";"";"";"";"";"";"";"";"";"";"";""
"24/07/2024";"1900";"";"";"";"";"";"";"";"";"";"";"";"";"";"";"";"";""
"24/07/2024";"2000";"";"";"";"";"";"";"";"";"";"";"";"";"";"";"";"";""
"24/07/2024";"2100";"";"";"";"";"";"";"";"";"";"";"";"";"";"";"";"";""
"24/07/2024";"2200";"";"";"";"";"";"";"";"";"";"";"";"";"";"";"";"";""
"24/07/2024";"2300";"";"";"";"";"";"";"";"";"";"";"";"";"";"";"";"";""
"25/07/2024";"0000";"";"";"";"";"";"";"";"";"";"";"";"";"";"";"";"";""
"25/07/2024";"0100";"";"";"";"";"";"";"";"";"";"";"";"";"";"";"";"";""
"25/07/2024";"0200";"";"";"";"";"";"";"";"";"";"";"";"";"";"";"";"";""
"25/07/2024";"0300";"";"";"";"";"";"";"";"";"";"";"";"";"";"";"";"";""
"25/07/2024";"0400";"";"";"";"";"";"";"";"";"";"";"";"";"";"";"";"";""
"25/07/2024";"0500";"";"";"";"";"";"";"";"";"";"";"";"";"";"";"";"";""
"25/07/2024";"0600";"";"";"";"";"";"";"";"";"";"";"";"";"";"";"";"";""
"25/07/2024";"0700";"";"";"";"";"";"";"";"";"";"";"";"";"";"";"";"";""
"25/07/2024";"0800";"";"";"";"";"";"";"";"";"";"";"";"";"";"";"";"";""
"25/07/2024";"0900";"";"";"";"";"";"";"";"";"";"";"";"";"";"";"";"";""
"25/07/2024";"1000";"";"";"";"";"";"";"";"";"";"";"";"";"";"";"";"";""
"25/07/2024";"1100";"";"";"";"";"";"";"";"";"";"";"";"";"";"";"";"";""
"25/07/2024";"1200";"";"";"";"";"";"";"";"";"";"";"";"";"";"";"";"";""
"25/07/2024";"1300";"";"";"";"";"";"";"";"";"";"";"";"";"";"";"";"";""
"25/07/2024";"1400";"";"";"";"";"";"";"";"";"";"";"";"";"";"";"";"";""
"25/07/2024";"1500";"";"";"";"";"";"";"";"";"";"";"";"";"";"";"";"";""
"25/07/2024";"1600";"";"";"";"";"";"";"";"";"";"";"";"";"";"";"";"";""
"25/07/2024";"1700";"";"";"";"";"";"";"";"";"";"";"";"";"";"";"";"";""
"25/07/2024";"1800";"";"";"";"";"";"";"";"";"";"";"";"";"";"";"";"";""
"25/07/2024";"1900";"";"";"";"";"";"";"";"";"";"";"";"";"";"";"";"";""
"25/07/2024";"2000";"";"";"";"";"";"";"";"";"";"";"";"";"";"";"";"";""
"25/07/2024";"2100";"";"";"";"";"";"";"";"";"";"";"";"";"";"";"";"";""
"25/07/2024";"2200";"";"";"";"";"";"";"";"";"";"";"";"";"";"";"";"";""
"25/07/2024";"2300";"";"";"";"";"";"";"";"";"";"";"";"";"";"";"";"";""
"26/07/2024";"0000";"";"";"";"";"";"";"";"";"";"";"";"";"";"";"";"";""
"26/07/2024";"0100";"";"";"";"";"";"";"";"";"";"";"";"";"";"";"";"";""
"26/07/2024";"0200";"";"";"";"";"";"";"";"";"";"";"";"";"";"";"";"";""
"26/07/2024";"0300";"";"";"";"";"";"";"";"";"";"";"";"";"";"";"";"";""
"26/07/2024";"0400";"";"";"";"";"";"";"";"";"";"";"";"";"";"";"";"";""
"26/07/2024";"0500";"";"";"";"";"";"";"";"";"";"";"";"";"";"";"";"";""
"26/07/2024";"0600";"";"";"";"";"";"";"";"";"";"";"";"";"";"";"";"";""
"26/07/2024";"0700";"";"";"";"";"";"";"";"";"";"";"";"";"";"";"";"";""
"26/07/2024";"0800";"";"";"";"";"";"";"";"";"";"";"";"";"";"";"";"";""
"26/07/2024";"0900";"";"";"";"";"";"";"";"";"";"";"";"";"";"";"";"";""
"26/07/2024";"1000";"";"";"";"";"";"";"";"";"";"";"";"";"";"";"";"";""
"26/07/2024";"1100";"";"";"";"";"";"";"";"";"";"";"";"";"";"";"";"";""
"26/07/2024";"1200";"";"";"";"";"";"";"";"";"";"";"";"";"";"";"";"";""
"26/07/2024";"1300";"";"";"";"";"";"";"";"";"";"";"";"";"";"";"";"";""
"26/07/2024";"1400";"";"";"";"";"";"";"";"";"";"";"";"";"";"";"";"";""
"26/07/2024";"1500";"";"";"";"";"";"";"";"";"";"";"";"";"";"";"";"";""
"26/07/2024";"1600";"33,7";"34,8";"32,9";"35,0";"39,0";"33,0";"16,0";"17,5";"15,6";"";"";"";"3,4";"218,0";"6,7";"1435,40";"0,0"
"26/07/2024";"1700";"34,8";"35,0";"33,6";"33,0";"36,0";"30,0";"16,1";"16,8";"14,6";"";"";"";"3,3";"259,0";"8,7";"2702,70";"0,0"
"26/07/2024";"1800";"34,5";"35,8";"33,6";"32,0";"33,0";"30,0";"15,4";"16,0";"14,9";"";"";"";"4,1";"256,0";"7,7";"2441,80";"0,0"
"26/07/2024";"1900";"35,2";"35,3";"33,5";"31,0";"33,0";"30,0";"15,7";"16,0";"14,4";"";"";"";"2,9";"267,0";"7,7";"1869,20";"0,0"
"26/07/2024";"2000";"34,3";"35,3";"34,0";"32,0";"33,0";"30,0";"15,3";"15,7";"14,5";"";"";"";"2,6";"235,0";"6,5";"1531,50";"0,0"
"26/07/2024";"2100";"33,0";"34,3";"33,0";"35,0";"35,0";"32,0";"15,4";"15,8";"14,8";"";"";"";"2,8";"263,0";"7,1";"839,30";"0,0"
"26/07/2024";"2200";"30,5";"33,0";"30,5";"43,0";"43,0";"35,0";"16,6";"16,6";"15,4";"";"";"";"1,6";"251,0";"5,3";"165,10";"0,0"
"26/07/2024";"2300";"28,4";"30,5";"28,4";"51,0";"51,0";"43,0";"17,4";"17,4";"16,6";"";"";"";"1,3";"251,0";"2,5";"";"0,0"
"27/07/2024";"0000";"26,2";"28,5";"26,0";"62,0";"62,0";"51,0";"18,2";"18,2";"17,3";"";"";"";"0,4";"253,0";"2,2";"";"0,0"
"27/07/2024";"0100";"25,2";"26,4";"25,1";"65,0";"66,0";"61,0";"18,1";"18,4";"17,9";"";"";"";"1,0";"204,0";"2,1";"";"0,0"
"27/07/2024";"0200";"23,4";"25,2";"23,4";"75,0";"75,0";"65,0";"18,8";"18,8";"18,0";"";"";"";"0,9";"187,0";"1,8";"";"0,0"
"27/07/2024";"0300";"22,3";"23,4";"22,3";"79,0";"80,0";"75,0";"18,5";"18,9";"18,4";"";"";"";"0,1";"197,0";"1,7";"";"0,0"
"27/07/2024";"0400";"21,8";"22,6";"21,7";"81,0";"81,0";"78,0";"18,4";"18,8";"18,3";"";"";"";"0,0";"338,0";"0,8";"";"0,0"
"27/07/2024";"0500";"21,0";"21,8";"20,6";"87,0";"88,0";"81,0";"18,7";"18,9";"17,9";"";"";"";"0,0";"293,0";"2,3";"";"0,0"
"27/07/2024";"0600";"20,3";"21,1";"20,3";"89,0";"89,0";"86,0";"18,4";"18,8";"18,2";"";"";"";"0,1";"304,0";"1,1";"";"0,0"
"27/07/2024";"0700";"19,5";"20,6";"19,5";"89,0";"91,0";"87,0";"17,7";"18,7";"17,6";"";"";"";"1,0";"243,0";"1,8";"";"0,0"
"27/07/2024";"0800";"19,7";"19,8";"19,1";"91,0";"93,0";"90,0";"18,2";"18,3";"17,6";"";"";"";"1,2";"205,0";"3,7";"";"0,0"
"27/07/2024";"0900";"18,8";"19,7";"18,6";"94,0";"94,0";"90,0";"17,8";"18,1";"17,5";"";"";"";"1,0";"197,0";"3,5";"";"0,0"
"27/07/2024";"1000";"18,5";"18,8";"18,4";"94,0";"95,0";"93,0";"17,6";"17,9";"17,3";"";"";"";"1,1";"187,0";"2,7";"";"0,0"
"27/07/2024";"1100";"19,3";"19,3";"18,2";"93,0";"95,0";"93,0";"18,1";"18,1";"17,3";"";"";"";"0,9";"205,0";"2,5";"67,00";"0,0"
"27/07/2024";"1200";"23,5";"23,9";"19,3";"76,0";"92,0";"72,0";"19,0";"19,4";"18,1";"";"";"";"1,4";"257,0";"3,3";"698,30";"0,0"
"27/07/2024";"1300";"29,0";"29,2";"23,5";"56,0";"77,0";"55,0";"19,2";"20,5";"18,5";"";"";"";"1,4";"290,0";"3,7";"1411,70";"0,0"
"27/07/2024";"1400";"32,0";"32,0";"28,9";"44,0";"56,0";"44,0";"18,0";"19,4";"17,1";"";"";"";"1,7";"303,0";"5,0";"2057,10";"0,0"
"27/07/2024";"1500";"33,1";"33,6";"31,7";"35,0";"43,0";"35,0";"15,7";"17,8";"15,4";"";"";"";"2,9";"278,0";"5,5";"2317,60";"0,0"
"27/07/2024";"1600";"34,0";"34,5";"32,3";"33,0";"37,0";"33,0";"15,6";"16,7";"15,0";"";"";"";"2,4";"306,0";"6,0";"2489,10";"0,0"
"27/07/2024";"1700";"34,1";"35,0";"33,5";"32,0";"33,0";"31,0";"15,1";"15,8";"14,3";"";"";"";"3,2";"282,0";"6,4";"2541,30";"0,0"
"27/07/2024";"1800";"32,9";"34,7";"32,5";"31,0";"33,0";"29,0";"13,3";"15,3";"12,7";"";"";"";"3,2";"240,0";"7,1";"1511,00";"0,0"
"27/07/2024";"1900";"33,0";"33,7";"32,7";"30,0";"32,0";"28,0";"13,4";"14,1";"12,0";"";"";"";"3,3";"227,0";"7,1";"1294,20";"0,0"
"27/07/2024";"2000";"32,4";"33,3";"32,4";"31,0";"32,0";"29,0";"12,9";"13,6";"12,3";"";"";"";"2,8";"224,0";"6,0";"1067,40";"0,0"
"27/07/2024";"2100";"31,3";"32,5";"31,3";"34,0";"35,0";"30,0";"13,8";"13,8";"12,8";"";"";"";"1,3";"229,0";"4,9";"524,00";"0,0"
"27/07/2024";"2200";"28,8";"31,3";"28,8";"44,0";"44,0";"34,0";"15,3";"15,3";"13,8";"";"";"";"0,7";"221,0";"2,5";"89,50";"0,0"
"27/07/2024";"2300";"27,0";"28,8";"27,0";"51,0";"51,0";"44,0";"16,0";"16,0";"15,3";"";"";"";"0,9";"228,0";"1,6";"";"0,0"
"28/07/2024";"0000";"26,1";"27,1";"26,0";"55,0";"56,0";"51,0";"16,5";"16,5";"15,9";"";"";"";"1,3";"225,0";"2,8";"";"0,0"
"28/07/2024";"0100";"24,7";"26,3";"24,7";"62,0";"62,0";"55,0";"17,0";"17,1";"16,5";"";"";"";"0,6";"219,0";"2,8";"";"0,0"
"28/07/2024";"0200";"23,1";"24,7";"23,1";"70,0";"70,0";"62,0";"17,4";"17,5";"17,0";"";"";"";"0,2";"210,0";"2,2";"";"0,0"
"28/07/2024";"0300";"22,2";"23,2";"22,2";"76,0";"76,0";"70,0";"17,8";"17,9";"17,3";"";"";"";"1,0";"210,0";"2,2";"";"0,0"
"28/07/2024";"0400";"21,2";"22,3";"21,2";"81,0";"81,0";"76,0";"17,7";"18,2";"17,7";"";"";"";"0,0";"285,0";"1,8";"";"0,0"
"28/07/2024";"0500";"20,8";"21,6";"20,8";"82,0";"82,0";"79,0";"17,6";"18,0";"17,6";"";"";"";"0,9";"209,0";"1,4";"";"0,0"
"28/07/2024";"0600";"20,5";"20,8";"20,3";"82,0";"83,0";"81,0";"17,4";"17,7";"17,1";"";"";"";"0,1";"197,0";"1,4";"";"0,0"
"28/07/2024";"0700";"19,8";"20,5";"19,8";"88,0";"88,0";"82,0";"17,7";"17,8";"17,0";"";"";"";"0,9";"183,0";"1,4";"";"0,0"
"28/07/2024";"0800";"19,0";"19,8";"18,9";"91,0";"91,0";"88,0";"17,5";"17,7";"17,1";"";"";"";"0,6";"313,0";"1,4";"";"0,0"
"28/07/2024";"0900";"18,7";"19,0";"18,6";"93,0";"94,0";"91,0";"17,6";"17,7";"17,4";"";"";"";"0,6";"304,0";"1,3";"";"0,0"
"28/07/2024";"1000";"18,1";"18,9";"18,1";"94,0";"94,0";"90,0";"17,2";"17,8";"17,1";"";"";"";"1,2";"216,0";"2,0";"";"0,0"
"28/07/2024";"1100";"19,0";"19,0";"17,9";"91,0";"95,0";"91,0";"17,6";"17,6";"17,0";"";"";"";"0,0";"214,0";"1,9";"67,80";"0,0"
"28/07/2024";"1200";"23,6";"23,8";"19,0";"71,0";"92,0";"71,0";"18,0";"18,7";"17,6";"";"";"";"0,1";"251,0";"1,0";"622,70";"0,0"
"28/07/2024";"1300";"27,4";"27,7";"23,5";"53,0";"71,0";"50,0";"16,9";"18,4";"16,2";"";"";"";"1,3";"235,0";"2,5";"1359,40";"0,0"
"28/07/2024";"1400";"30,8";"31,3";"27,3";"33,0";"53,0";"32,0";"12,4";"17,2";"12,2";"";"";"";"4,3";"258,0";"6,8";"2022,40";"0,0"
"28/07/2024";"1500";"33,6";"33,6";"30,8";"29,0";"33,0";"29,0";"13,3";"13,9";"12,4";"";"";"";"3,0";"267,0";"6,8";"2353,50";"0,0"
"28/07/2024";"1600";"33,8";"34,9";"32,7";"30,0";"30,0";"28,0";"13,6";"14,3";"12,4";"";"";"";"1,4";"293,0";"5,8";"2378,20";"0,0"
"28/07/2024";"1700";"33,8";"34,9";"33,4";"30,0";"31,0";"29,0";"13,5";"14,4";"13,3";"";"";"";"2,9";"263,0";"7,6";"2110,40";"0,0"
"28/07/2024";"1800";"34,2";"35,0";"33,5";"29,0";"30,0";"28,0";"13,7";"14,1";"13,4";"";"";"";"2,1";"291,0";"6,4";"1911,50";"0,0"
"28/07/2024";"1900";"34,4";"34,7";"33,7";"30,0";"31,0";"29,0";"14,5";"14,5";"13,6";"";"";"";"1,4";"311,0";"5,5";"1519,80";"0,0"
"28/07/2024";"2000";"32,9";"34,5";"32,9";"34,0";"34,0";"30,0";"14,9";"15,3";"14,4";"";"";"";"1,0";"318,0";"5,6";"878,60";"0,0"
"28/07/2024";"2100";"31,6";"32,9";"31,5";"40,0";"40,0";"34,0";"16,2";"16,3";"14,9";"";"";"";"1,4";"256,0";"2,7";"293,40";"0,0"
"28/07/2024";"2200";"29,8";"31,5";"29,8";"46,0";"46,0";"40,0";"17,0";"17,0";"16,2";"";"";"";"1,3";"238,0";"2,6";"86,00";"0,0"
"28/07/2024";"2300";"28,9";"29,8";"28,9";"50,0";"50,0";"46,0";"17,4";"17,4";"17,0";"";"";"";"1,5";"240,0";"2,8";"";"0,0"
"29/07/2024";"0000";"28,2";"28,9";"28,0";"52,0";"53,0";"50,0";"17,5";"17,6";"17,4";"";"";"";"1,5";"238,0";"3,2";"";"0,0"
"29/07/2024";"0100";"27,8";"28,3";"27,7";"55,0";"55,0";"52,0";"17,8";"17,9";"17,4";"";"";"";"0,7";"237,0";"2,2";"";"0,0"
"29/07/2024";"0200";"26,8";"27,8";"26,8";"59,0";"59,0";"55,0";"18,1";"18,1";"17,9";"";"";"";"1,1";"211,0";"2,1";"";"0,0"
"29/07/2024";"0300";"25,6";"26,7";"25,2";"65,0";"66,0";"59,0";"18,4";"18,7";"18,0";"";"";"";"1,2";"201,0";"2,1";"";"0,0"
"29/07/2024";"0400";"24,1";"25,6";"24,1";"73,0";"73,0";"64,0";"19,0";"19,0";"18,1";"";"";"";"0,0";"201,0";"1,9";"";"0,0"
"29/07/2024";"0500";"23,2";"24,1";"23,1";"77,0";"79,0";"73,0";"18,9";"19,5";"18,9";"";"";"";"0,4";"224,0";"0,9";"";"0,0"
"29/07/2024";"0600";"22,7";"23,4";"22,7";"77,0";"77,0";"75,0";"18,5";"19,0";"18,5";"";"";"";"0,0";"213,0";"1,0";"";"0,0"
"29/07/2024";"0700";"22,2";"22,7";"22,2";"81,0";"81,0";"77,0";"18,9";"18,9";"18,4";"";"";"";"0,1";"191,0";"0,9";"";"0,0"
"29/07/2024";"0800";"21,1";"22,3";"21,1";"88,0";"88,0";"81,0";"19,1";"19,3";"18,9";"";"";"";"0,4";"209,0";"1,1";"";"0,0"
"29/07/2024";"0900";"20,9";"21,3";"20,8";"89,0";"91,0";"87,0";"19,1";"19,3";"19,0";"";"";"";"0,3";"215,0";"1,4";"";"0,0"
"29/07/2024";"1000";"20,8";"21,2";"20,7";"90,0";"90,0";"88,0";"19,0";"19,1";"18,8";"";"";"";"0,7";"215,0";"1,4";"";"0,0"
"29/07/2024";"1100";"21,4";"21,4";"20,6";"88,0";"90,0";"88,0";"19,3";"19,3";"18,9";"";"";"";"0,1";"197,0";"1,4";"66,70";"0,0"
"29/07/2024";"1200";"25,3";"25,4";"21,4";"67,0";"88,0";"67,0";"18,8";"19,6";"18,7";"";"";"";"0,9";"241,0";"1,9";"632,70";"0,0"
"29/07/2024";"1300";"28,7";"28,9";"25,3";"56,0";"68,0";"56,0";"19,2";"19,6";"18,6";"";"";"";"1,6";"233,0";"3,2";"1348,90";"0,0"
"29/07/2024";"1400";"32,3";"32,5";"28,7";"42,0";"57,0";"42,0";"17,8";"19,4";"17,4";"";"";"";"2,5";"242,0";"5,4";"1998,20";"0,0"
"29/07/2024";"1500";"33,6";"33,7";"31,7";"39,0";"44,0";"38,0";"17,6";"18,1";"16,9";"";"";"";"2,8";"250,0";"5,6";"2364,80";"0,0"
"29/07/2024";"1600";"33,5";"34,5";"32,8";"38,0";"40,0";"36,0";"17,1";"17,8";"16,7";"";"";"";"3,4";"252,0";"8,0";"2353,70";"0,0"
"29/07/2024";"1700";"33,7";"34,6";"33,2";"36,0";"39,0";"35,0";"16,7";"17,5";"16,4";"";"";"";"3,4";"233,0";"8,0";"1997,60";"0,0"
"29/07/2024";"1800";"34,1";"36,2";"33,5";"35,0";"37,0";"32,0";"16,4";"17,4";"15,8";"";"";"";"3,8";"261,0";"7,7";"2078,80";"0,0"
"29/07/2024";"1900";"34,9";"35,6";"34,1";"32,0";"35,0";"31,0";"15,9";"16,6";"15,4";"";"";"";"3,1";"269,0";"7,3";"1828,60";"0,0"
"29/07/2024";"2000";"34,3";"35,6";"33,9";"33,0";"33,0";"30,0";"15,4";"16,2";"14,9";"";"";"";"3,1";"257,0";"6,3";"1398,20";"0,0"
"29/07/2024";"2100";"32,9";"34,6";"32,9";"34,0";"34,0";"33,0";"15,0";"15,9";"14,8";"";"";"";"3,3";"253,0";"6,3";"618,50";"0,0"
"29/07/2024";"2200";"30,3";"32,8";"30,3";"44,0";"44,0";"34,0";"16,8";"16,8";"15,1";"";"";"";"0,3";"294,0";"5,7";"95,00";"0,0"
"29/07/2024";"2300";"28,5";"30,3";"28,5";"53,0";"53,0";"44,0";"18,0";"18,0";"16,8";"";"";"";"0,3";"289,0";"1,4";"";"0,0"
"30/07/2024";"0000";"27,2";"28,5";"27,0";"59,0";"60,0";"53,0";"18,3";"18,7";"17,9";"";"";"";"0,3";"218,0";"1,1";"";"0,0"
"30/07/2024";"0100";"25,9";"27,2";"25,9";"63,0";"63,0";"58,0";"18,2";"18,7";"18,2";"";"";"";"0,0";"191,0";"1,1";"";"0,0"
"30/07/2024";"0200";"25,1";"26,0";"24,8";"68,0";"70,0";"63,0";"18,9";"19,1";"18,2";"";"";"";"0,1";"219,0";"1,1";"";"0,0"
"30/07/2024";"0300";"23,6";"25,1";"23,5";"75,0";"75,0";"69,0";"18,9";"19,4";"18,6";"";"";"";"0,6";"187,0";"1,4";"";"0,0"
"30/07/2024";"0400";"22,9";"24,0";"22,9";"80,0";"80,0";"74,0";"19,2";"19,3";"19,0";"";"";"";"1,2";"187,0";"1,7";"";"0,0"
"30/07/2024";"0500";"22,8";"23,5";"22,7";"83,0";"83,0";"78,0";"19,6";"19,7";"19,2";"";"";"";"0,4";"194,0";"1,7";"";"0,0"
"30/07/2024";"0600";"22,1";"22,8";"22,0";"85,0";"86,0";"82,0";"19,5";"19,7";"19,3";"";"";"";"0,0";"191,0";"1,7";"";"0,0"
"30/07/2024";"0700";"22,1";"22,3";"22,1";"84,0";"85,0";"83,0";"19,3";"19,5";"19,1";"";"";"";"0,0";"222,0";"0,8";"";"0,0"
"30/07/2024";"0800";"21,3";"22,1";"21,1";"90,0";"90,0";"84,0";"19,5";"19,6";"19,1";"";"";"";"0,7";"213,0";"1,6";"";"0,0"
"30/07/2024";"0900";"21,0";"21,4";"20,6";"92,0";"93,0";"89,0";"19,5";"19,7";"19,1";"";"";"";"0,0";"197,0";"1,5";"";"0,0"
"30/07/2024";"1000";"20,7";"21,0";"20,7";"92,0";"92,0";"91,0";"19,4";"19,6";"19,3";"";"";"";"0,3";"275,0";"0,7";"";"0,0"
"30/07/2024";"1100";"20,9";"20,9";"19,8";"92,0";"95,0";"92,0";"19,6";"19,6";"18,8";"";"";"";"1,2";"197,0";"2,6";"71,40";"0,0"
"30/07/2024";"1200";"25,4";"25,7";"20,9";"71,0";"92,0";"71,0";"19,9";"20,4";"19,5";"";"";"";"0,6";"239,0";"2,2";"687,70";"0,0"
"30/07/2024";"1300";"29,6";"29,6";"25,5";"57,0";"72,0";"57,0";"20,3";"21,0";"19,8";"";"";"";"1,2";"228,0";"2,2";"1383,50";"0,0"
"30/07/2024";"1400";"33,0";"33,0";"29,3";"42,0";"57,0";"41,0";"18,2";"20,3";"17,9";"";"";"";"2,8";"249,0";"5,2";"2018,80";"0,0"
"30/07/2024";"1500";"34,2";"34,5";"32,5";"32,0";"41,0";"32,0";"15,3";"17,9";"15,3";"";"";"";"3,6";"267,0";"7,0";"2333,00";"0,0"
"30/07/2024";"1600";"34,6";"35,7";"34,0";"32,0";"34,0";"31,0";"15,4";"16,6";"14,8";"";"";"";"3,4";"268,0";"10,4";"2523,30";"0,0"
"30/07/2024";"1700";"35,1";"36,0";"34,4";"30,0";"32,0";"28,0";"14,7";"15,6";"13,7";"";"";"";"4,5";"253,0";"9,4";"2383,00";"0,0"
"30/07/2024";"1800";"34,8";"36,1";"34,6";"30,0";"30,0";"28,0";"14,7";"15,3";"14,2";"";"";"";"3,8";"248,0";"8,8";"2140,90";"0,0"
"30/07/2024";"1900";"35,2";"35,3";"34,2";"29,0";"32,0";"29,0";"14,5";"15,2";"14,1";"";"";"";"3,3";"250,0";"7,4";"1631,70";"0,0"
"30/07/2024";"2000";"34,9";"35,7";"34,7";"29,0";"30,0";"28,0";"14,3";"14,8";"13,7";"";"";"";"3,4";"255,0";"6,7";"1345,70";"0,0"
"30/07/2024";"2100";"33,7";"35,1";"33,6";"31,0";"32,0";"29,0";"14,1";"14,9";"14,0";"";"";"";"3,2";"245,0";"7,2";"751,80";"0,0"
"30/07/2024";"2200";"31,1";"33,7";"31,1";"39,0";"39,0";"31,0";"15,5";"15,5";"14,0";"";"";"";"0,7";"241,0";"5,5";"154,80";"0,0"
"30/07/2024";"2300";"28,9";"31,1";"28,9";"47,0";"47,0";"39,0";"16,3";"16,3";"15,5";"";"";"";"1,1";"224,0";"2,5";"";"0,0"
"31/07/2024";"0000";"27,9";"28,9";"27,8";"49,0";"50,0";"47,0";"16,3";"16,5";"16,2";"";"";"";"1,2";"221,0";"2,1";"";"0,0"
"31/07/2024";"0100";"26,3";"27,9";"26,1";"56,0";"57,0";"49,0";"16,8";"16,9";"16,3";"";"";"";"1,3";"214,0";"2,2";"";"0,0"
"31/07/2024";"0200";"25,5";"26,4";"25,5";"60,0";"60,0";"56,0";"17,0";"17,3";"16,7";"";"";"";"0,9";"212,0";"2,0";"";"0,0"
"31/07/2024";"0300";"24,8";"25,5";"24,6";"64,0";"64,0";"60,0";"17,7";"17,7";"16,9";"";"";"";"0,5";"266,0";"1,6";"";"0,0"
"31/07/2024";"0400";"23,7";"24,8";"23,5";"72,0";"73,0";"64,0";"18,2";"18,5";"17,6";"";"";"";"0,4";"327,0";"1,5";"";"0,0"
"31/07/2024";"0500";"23,1";"23,7";"22,9";"72,0";"74,0";"71,0";"17,9";"18,4";"17,5";"";"";"";"0,4";"226,0";"1,6";"";"0,0"
"31/07/2024";"0600";"22,1";"23,1";"22,0";"78,0";"78,0";"73,0";"18,0";"18,1";"17,8";"";"";"";"0,9";"193,0";"3,1";"";"0,0"
"31/07/2024";"0700";"21,4";"22,1";"21,0";"80,0";"84,0";"78,0";"17,9";"18,2";"17,8";"";"";"";"0,0";"236,0";"2,9";"";"0,0"
"31/07/2024";"0800";"21,3";"21,8";"21,3";"82,0";"82,0";"80,0";"18,1";"18,3";"17,9";"";"";"";"0,0";"327,0";"1,2";"";"0,0"
"31/07/2024";"0900";"20,3";"21,4";"20,2";"88,0";"88,0";"82,0";"18,3";"18,3";"17,9";"";"";"";"0,6";"207,0";"1,4";"";"0,0"
"31/07/2024";"1000";"20,4";"20,6";"20,2";"88,0";"88,0";"86,0";"18,4";"18,4";"18,1";"";"";"";"0,7";"212,0";"1,9";"";"0,0"
"31/07/2024";"1100";"21,0";"21,0";"20,1";"87,0";"89,0";"87,0";"18,6";"18,6";"18,1";"";"";"";"0,6";"211,0";"2,1";"64,30";"0,0"
"31/07/2024";"1200";"23,4";"23,4";"21,0";"76,0";"86,0";"76,0";"18,8";"19,2";"18,5";"";"";"";"1,1";"217,0";"2,0";"467,50";"0,0"
"31/07/2024";"1300";"28,4";"28,4";"23,2";"59,0";"76,0";"59,0";"19,7";"19,8";"18,4";"";"";"";"0,3";"200,0";"2,2";"1089,60";"0,0"
"31/07/2024";"1400";"32,3";"32,8";"28,5";"43,0";"59,0";"40,0";"17,9";"19,9";"17,2";"";"";"";"1,0";"318,0";"2,9";"1693,20";"0,0"
"31/07/2024";"1500";"35,3";"35,3";"32,1";"32,0";"43,0";"32,0";"16,2";"18,1";"15,9";"";"";"";"1,1";"311,0";"3,8";"1957,00";"0,0"
"31/07/2024";"1600";"35,2";"35,5";"34,3";"29,0";"32,0";"28,0";"14,2";"16,0";"13,7";"";"";"";"3,3";"271,0";"7,1";"2026,80";"0,0"
"31/07/2024";"1700";"34,7";"36,0";"34,7";"31,0";"31,0";"28,0";"15,1";"15,4";"13,8";"";"";"";"1,6";"274,0";"7,1";"2049,40";"0,0"
"31/07/2024";"1800";"34,8";"35,9";"34,3";"30,0";"32,0";"29,0";"14,8";"16,0";"14,5";"";"";"";"2,0";"282,0";"7,0";"1520,40";"0,0"
"31/07/2024";"1900";"34,1";"35,2";"34,1";"33,0";"33,0";"29,0";"15,6";"15,7";"14,3";"";"";"";"1,3";"296,0";"6,6";"1075,90";"0,0"
"31/07/2024";"2000";"33,8";"34,4";"33,8";"29,0";"33,0";"28,0";"13,3";"15,7";"12,9";"";"";"";"3,0";"253,0";"5,9";"771,00";"0,0"
"31/07/2024";"2100";"32,1";"33,8";"32,1";"34,0";"34,0";"29,0";"14,1";"14,1";"13,3";"";"";"";"2,1";"263,0";"5,9";"389,40";"0,0"
"31/07/2024";"2200";"29,9";"32,1";"29,9";"42,0";"42,0";"34,0";"15,4";"15,5";"14,1";"";"";"";"1,2";"252,0";"3,5";"62,90";"0,0"
"31/07/2024";"2300";"27,9";"29,9";"27,9";"50,0";"50,0";"42,0";"16,4";"16,4";"15,4";"";"";"";"0,0";"219,0";"2,3";"";"0,0"
"01/08/2024";"0000";"26,3";"27,9";"26,3";"57,0";"57,0";"50,0";"16,9";"17,1";"16,4";"";"";"";"0,0";"332,0";"0,6";"";"0,0"
"01/08/2024";"0100";"24,9";"26,5";"24,9";"63,0";"64,0";"57,0";"17,5";"17,7";"16,9";"";"";"";"0,0";"195,0";"0,8";"";"0,0"
"01/08/2024";"0200";"24,3";"24,9";"24,3";"69,0";"69,0";"63,0";"18,2";"18,3";"17,5";"";"";"";"0,5";"209,0";"1,0";"";"0,0"
"01/08/2024";"0300";"23,0";"24,4";"22,9";"77,0";"77,0";"68,0";"18,6";"18,6";"17,9";"";"";"";"0,4";"191,0";"1,3";"";"0,0"
"01/08/2024";"0400";"22,6";"23,0";"22,5";"77,0";"79,0";"76,0";"18,4";"18,8";"18,4";"";"";"";"0,0";"236,0";"1,3";"";"0,0"
"01/08/2024";"0500";"21,7";"22,7";"21,3";"85,0";"86,0";"76,0";"19,1";"19,1";"18,1";"";"";"";"0,4";"187,0";"1,7";"";"0,0"
"01/08/2024";"0600";"21,2";"21,8";"21,2";"87,0";"87,0";"83,0";"18,9";"19,1";"18,6";"";"";"";"0,0";"190,0";"1,1";"";"0,0"
"01/08/2024";"0700";"20,6";"21,2";"20,6";"89,0";"89,0";"87,0";"18,7";"18,9";"18,6";"";"";"";"0,5";"190,0";"1,2";"";"0,0"
"01/08/2024";"0800";"20,4";"20,7";"20,3";"90,0";"91,0";"89,0";"18,7";"19,0";"18,7";"";"";"";"0,2";"231,0";"1,1";"";"0,0"
"01/08/2024";"0900";"19,7";"20,5";"19,7";"93,0";"93,0";"90,0";"18,6";"18,9";"18,5";"";"";"";"0,5";"191,0";"1,0";"";"0,0"
"01/08/2024";"1000";"19,8";"19,8";"19,5";"92,0";"93,0";"92,0";"18,6";"18,6";"18,3";"";"";"";"0,5";"216,0";"1,1";"";"0,0"
"01/08/2024";"1100";"20,5";"20,5";"19,5";"91,0";"94,0";"91,0";"19,0";"19,0";"18,3";"";"";"";"0,3";"216,0";"1,2";"60,90";"0,0"
"01/08/2024";"1200";"23,5";"23,6";"20,5";"75,0";"91,0";"75,0";"18,8";"19,2";"18,7";"";"";"";"0,3";"223,0";"1,1";"514,60";"0,0"
"01/08/2024";"1300";"28,4";"28,4";"23,5";"56,0";"77,0";"56,0";"18,9";"19,6";"18,2";"";"";"";"0,1";"232,0";"1,3";"1201,30";"0,0"
"01/08/2024";"1400";"30,2";"30,8";"28,4";"53,0";"58,0";"52,0";"19,6";"20,3";"18,9";"";"";"";"2,0";"316,0";"4,4";"1803,00";"0,0"
"01/08/2024";"1500";"31,8";"32,5";"30,2";"48,0";"54,0";"45,0";"19,4";"20,1";"18,3";"";"";"";"1,7";"305,0";"4,5";"2019,30";"0,0"
"01/08/2024";"1600";"34,3";"34,4";"31,8";"39,0";"48,0";"39,0";"18,3";"19,8";"18,0";"";"";"";"1,3";"313,0";"4,8";"2057,40";"0,0"
"01/08/2024";"1700";"35,9";"35,9";"33,3";"31,0";"39,0";"31,0";"16,3";"18,4";"15,3";"";"";"";"1,4";"316,0";"4,9";"2137,80";"0,0"
"01/08/2024";"1800";"34,3";"36,5";"33,8";"31,0";"35,0";"27,0";"14,5";"16,6";"13,3";"";"";"";"2,4";"270,0";"7,4";"1694,70";"0,0"
"01/08/2024";"1900";"34,3";"35,2";"33,6";"31,0";"35,0";"28,0";"14,9";"15,9";"13,6";"";"";"";"2,1";"259,0";"6,1";"1339,70";"0,0"
"01/08/2024";"2000";"33,3";"34,5";"33,2";"35,0";"35,0";"31,0";"15,7";"15,7";"14,5";"";"";"";"2,2";"253,0";"5,7";"819,40";"0,0"
"01/08/2024";"2100";"32,3";"33,3";"32,3";"39,0";"39,0";"34,0";"16,6";"16,6";"15,6";"";"";"";"0,5";"230,0";"4,0";"366,10";"0,0"
"01/08/2024";"2200";"30,3";"32,3";"30,3";"47,0";"47,0";"39,0";"17,9";"17,9";"16,5";"";"";"";"0,6";"217,0";"1,7";"90,50";"0,0"
"01/08/2024";"2300";"27,9";"30,3";"27,9";"59,0";"59,0";"47,0";"19,2";"19,2";"17,9";"";"";"";"2,0";"243,0";"3,3";"";"0,0"
"02/08/2024";"0000";"26,3";"27,9";"26,3";"67,0";"67,0";"59,0";"19,8";"19,8";"19,3";"";"";"";"0,2";"214,0";"3,7";"";"0,0"
"02/08/2024";"0100";"24,9";"26,3";"24,9";"74,0";"74,0";"67,0";"19,9";"20,1";"19,6";"";"";"";"0,2";"203,0";"1,1";"";"0,0"
"02/08/2024";"0200";"23,8";"24,9";"23,8";"79,0";"79,0";"74,0";"20,0";"20,1";"19,5";"";"";"";"0,5";"187,0";"1,1";"";"0,0"
"02/08/2024";"0300";"22,7";"23,8";"22,7";"86,0";"86,0";"79,0";"20,2";"20,2";"19,9";"";"";"";"0,0";"217,0";"1,7";"";"0,0"
"02/08/2024";"0400";"22,8";"22,9";"22,4";"84,0";"87,0";"84,0";"20,0";"20,4";"19,9";"";"";"";"0,2";"273,0";"1,0";"";"0,0"
"02/08/2024";"0500";"21,8";"23,0";"21,8";"90,0";"90,0";"84,0";"20,0";"20,1";"19,9";"";"";"";"0,0";"203,0";"0,8";"";"0,0"
"02/08/2024";"0600";"21,5";"21,9";"21,5";"91,0";"91,0";"89,0";"19,9";"20,1";"19,9";"";"";"";"0,0";"315,0";"0,0";"";"0,0"
"02/08/2024";"0700";"21,1";"21,5";"21,1";"92,0";"92,0";"91,0";"19,7";"20,0";"19,7";"";"";"";"0,1";"286,0";"0,6";"";"0,0"
"02/08/2024";"0800";"20,2";"21,1";"20,2";"95,0";"95,0";"92,0";"19,3";"19,8";"19,3";"";"";"";"0,9";"192,0";"1,7";"";"0,0"
"02/08/2024";"0900";"20,3";"20,3";"20,1";"97,0";"97,0";"95,0";"19,8";"19,8";"19,4";"";"";"";"0,0";"212,0";"1,7";"";"0,0"
"02/08/2024";"1000";"19,9";"20,5";"19,9";"97,0";"97,0";"95,0";"19,3";"19,9";"19,3";"";"";"";"0,7";"207,0";"1,5";"";"0,0"
"02/08/2024";"1100";"20,6";"20,6";"19,3";"97,0";"98,0";"96,0";"20,1";"20,1";"18,8";"";"";"";"0,2";"222,0";"1,5";"72,80";"0,0"
"02/08/2024";"1200";"24,6";"24,6";"20,6";"79,0";"97,0";"79,0";"20,8";"21,2";"20,1";"";"";"";"0,3";"220,0";"1,1";"580,00";"0,0"
"02/08/2024";"1300";"28,1";"28,1";"24,4";"66,0";"80,0";"66,0";"21,1";"21,7";"20,6";"";"";"";"0,6";"268,0";"1,5";"1127,30";"0,0"
"02/08/2024";"1400";"31,7";"32,0";"28,0";"49,0";"66,0";"48,0";"19,6";"21,5";"19,2";"";"";"";"0,9";"322,0";"2,4";"1668,50";"0,0"
"02/08/2024";"1500";"33,3";"33,6";"31,6";"41,0";"49,0";"41,0";"18,4";"19,8";"17,8";"";"";"";"2,1";"312,0";"4,8";"2001,90";"0,0"
"02/08/2024";"1600";"35,1";"36,1";"32,6";"33,0";"43,0";"32,0";"16,2";"18,5";"16,2";"";"";"";"1,5";"314,0";"4,4";"2209,40";"0,0"
"02/08/2024";"1700";"35,0";"35,8";"33,2";"35,0";"37,0";"33,0";"17,4";"18,2";"15,8";"";"";"";"1,6";"305,0";"4,7";"1755,20";"0,0"
"02/08/2024";"1800";"33,8";"36,1";"33,4";"36,0";"37,0";"33,0";"16,9";"18,2";"15,8";"";"";"";"1,2";"296,0";"4,7";"1035,90";"0,0"
"02/08/2024";"1900";"34,1";"34,4";"33,4";"37,0";"39,0";"35,0";"17,2";"18,0";"16,3";"";"";"";"1,4";"306,0";"4,1";"1043,60";"0,0"
"02/08/2024";"2000";"33,4";"34,4";"33,3";"37,0";"38,0";"36,0";"16,7";"17,6";"16,7";"";"";"";"1,3";"293,0";"3,0";"803,60";"0,0"
"02/08/2024";"2100";"31,8";"33,5";"31,8";"45,0";"46,0";"37,0";"18,5";"18,9";"16,8";"";"";"";"0,8";"311,0";"3,6";"398,00";"0,0"
"02/08/2024";"2200";"29,8";"31,8";"29,8";"54,0";"54,0";"45,0";"19,5";"19,5";"18,5";"";"";"";"0,1";"213,0";"2,2";"88,20";"0,0"
"02/08/2024";"2300";"28,0";"29,8";"28,0";"61,0";"61,0";"53,0";"19,7";"19,7";"18,9";"";"";"";"0,0";"329,0";"2,0";"";"0,0"
"03/08/2024";"0000";"26,7";"28,0";"26,7";"68,0";"68,0";"60,0";"20,3";"20,5";"19,5";"";"";"";"0,3";"223,0";"1,5";"";"0,0"
"03/08/2024";"0100";"25,1";"26,7";"25,1";"75,0";"76,0";"68,0";"20,5";"20,7";"20,1";"";"";"";"1,0";"193,0";"1,5";"";"0,0"
"03/08/2024";"0200";"24,5";"25,1";"24,5";"79,0";"79,0";"75,0";"20,5";"20,7";"20,2";"";"";"";"0,0";"257,0";"1,5";"";"0,0"
"03/08/2024";"0300";"23,6";"24,8";"23,5";"84,0";"84,0";"78,0";"20,7";"20,9";"20,4";"";"";"";"0,4";"198,0";"1,1";"";"0,0"
"03/08/2024";"0400";"23,2";"23,6";"23,0";"85,0";"86,0";"83,0";"20,5";"20,7";"20,2";"";"";"";"0,0";"242,0";"1,5";"";"0,0"
"03/08/2024";"0500";"23,0";"23,3";"22,9";"85,0";"85,0";"83,0";"20,3";"20,6";"19,8";"";"";"";"0,0";"334,0";"0,9";"";"0,0"
"03/08/2024";"0600";"23,2";"23,4";"23,0";"82,0";"85,0";"82,0";"20,0";"20,5";"20,0";"";"";"";"0,3";"282,0";"1,9";"";"0,0"
"03/08/2024";"0700";"22,5";"23,2";"22,4";"86,0";"87,0";"82,0";"20,1";"20,3";"19,8";"";"";"";"0,0";"322,0";"1,4";"";"0,0"
"03/08/2024";"0800";"21,9";"22,5";"21,4";"91,0";"92,0";"86,0";"20,3";"20,4";"19,7";"";"";"";"0,1";"271,0";"1,2";"";"0,0"
"03/08/2024";"0900";"21,0";"21,9";"20,9";"92,0";"94,0";"90,0";"19,7";"20,3";"19,7";"";"";"";"0,7";"187,0";"1,4";"";"0,0"
"03/08/2024";"1000";"20,4";"21,0";"20,4";"94,0";"94,0";"92,0";"19,4";"19,8";"19,4";"";"";"";"1,2";"187,0";"1,8";"";"0,0"
"03/08/2024";"1100";"21,5";"21,5";"20,3";"90,0";"95,0";"90,0";"19,9";"19,9";"19,4";"";"";"";"0,2";"200,0";"2,2";"71,10";"0,0"
"03/08/2024";"1200";"24,4";"24,4";"21,5";"81,0";"91,0";"81,0";"20,9";"20,9";"19,8";"";"";"";"0,8";"212,0";"1,8";"517,10";"0,0"
"03/08/2024";"1300";"27,7";"28,0";"24,2";"70,0";"81,0";"68,0";"21,8";"22,1";"20,5";"";"";"";"1,1";"326,0";"2,7";"1161,60";"0,0"
"03/08/2024";"1400";"29,5";"29,9";"27,1";"63,0";"72,0";"62,0";"21,6";"22,5";"21,4";"";"";"";"1,5";"297,0";"2,9";"1626,30";"0,0"
"03/08/2024";"1500";"32,9";"33,1";"29,5";"49,0";"63,0";"49,0";"20,6";"22,2";"20,3";"";"";"";"1,0";"293,0";"4,1";"2019,10";"0,0"
"03/08/2024";"1600";"33,5";"34,1";"31,8";"41,0";"51,0";"39,0";"18,5";"20,9";"18,0";"";"";"";"2,7";"301,0";"6,6";"2132,30";"0,0"
"03/08/2024";"1700";"33,3";"34,7";"32,9";"42,0";"44,0";"39,0";"18,8";"19,2";"17,7";"";"";"";"2,6";"266,0";"7,8";"1676,30";"0,0"
"03/08/2024";"1800";"33,7";"34,9";"33,2";"40,0";"43,0";"37,0";"18,3";"19,1";"17,4";"";"";"";"3,4";"254,0";"7,4";"1763,60";"0,0"
"03/08/2024";"1900";"33,4";"33,7";"32,8";"37,0";"41,0";"35,0";"16,5";"18,2";"15,7";"";"";"";"4,1";"246,0";"7,4";"952,50";"0,0"
"03/08/2024";"2000";"32,8";"33,6";"32,7";"37,0";"38,0";"35,0";"16,3";"16,8";"15,7";"";"";"";"3,4";"241,0";"7,7";"1052,30";"0,0"
"03/08/2024";"2100";"31,5";"32,8";"31,5";"43,0";"43,0";"36,0";"17,3";"17,3";"15,8";"";"";"";"3,0";"237,0";"6,7";"550,20";"0,0"
"03/08/2024";"2200";"29,6";"31,5";"29,6";"51,0";"51,0";"43,0";"18,4";"18,4";"17,3";"";"";"";"1,6";"227,0";"5,2";"101,50";"0,0"
"03/08/2024";"2300";"28,1";"29,6";"28,1";"57,0";"57,0";"51,0";"18,8";"18,9";"18,4";"";"";"";"0,8";"208,0";"2,7";"";"0,0"
"04/08/2024";"0000";"26,9";"28,1";"26,9";"62,0";"62,0";"57,0";"19,0";"19,1";"18,7";"";"";"";"0,6";"218,0";"1,7";"";"0,0"
"04/08/2024";"0100";"25,9";"26,9";"25,9";"67,0";"67,0";"62,0";"19,3";"19,4";"18,9";"";"";"";"0,0";"202,0";"1,7";"";"0,0"
"04/08/2024";"0200";"24,5";"25,9";"24,5";"73,0";"73,0";"67,0";"19,3";"19,7";"19,3";"";"";"";"0,4";"270,0";"1,2";"";"0,0"
"04/08/2024";"0300";"23,5";"24,5";"23,5";"79,0";"79,0";"73,0";"19,7";"19,7";"19,2";"";"";"";"0,2";"221,0";"0,8";"";"0,0"
"04/08/2024";"0400";"22,9";"23,5";"22,9";"82,0";"83,0";"79,0";"19,7";"19,8";"19,6";"";"";"";"0,0";"231,0";"0,8";"";"0,0"
"04/08/2024";"0500";"22,6";"23,2";"22,5";"85,0";"85,0";"81,0";"19,9";"20,0";"19,6";"";"";"";"0,0";"317,0";"1,0";"";"0,0"
"04/08/2024";"0600";"22,0";"22,8";"22,0";"88,0";"88,0";"84,0";"19,8";"20,0";"19,7";"";"";"";"0,1";"245,0";"1,3";"";"0,0"
"04/08/2024";"0700";"20,8";"22,0";"20,7";"93,0";"93,0";"87,0";"19,6";"19,9";"19,3";"";"";"";"1,1";"201,0";"1,8";"";"0,0"
"04/08/2024";"0800";"21,2";"21,2";"20,7";"91,0";"93,0";"91,0";"19,8";"19,8";"19,5";"";"";"";"1,3";"217,0";"2,2";"";"0,0"
"04/08/2024";"0900";"20,9";"21,6";"20,8";"92,0";"93,0";"89,0";"19,6";"19,9";"19,4";"";"";"";"0,8";"209,0";"2,2";"";"0,0"
"04/08/2024";"1000";"20,4";"20,9";"20,4";"94,0";"94,0";"92,0";"19,3";"19,7";"19,3";"";"";"";"1,1";"208,0";"1,9";"";"0,0"
"04/08/2024";"1100";"21,2";"21,2";"20,2";"93,0";"95,0";"93,0";"19,9";"19,9";"19,2";"";"";"";"0,6";"213,0";"1,9";"81,60";"0,0"
"04/08/2024";"1200";"23,8";"23,8";"21,2";"83,0";"93,0";"83,0";"20,9";"20,9";"19,8";"";"";"";"0,8";"225,0";"2,4";"507,50";"0,0"
"04/08/2024";"1300";"27,5";"27,8";"23,8";"70,0";"83,0";"70,0";"21,6";"22,2";"20,6";"";"";"";"0,7";"254,0";"1,9";"1187,60";"0,0"
"04/08/2024";"1400";"31,5";"31,5";"27,5";"56,0";"71,0";"55,0";"21,6";"22,0";"21,0";"";"";"";"1,0";"253,0";"2,6";"1708,90";"0,0"
"04/08/2024";"1500";"33,0";"33,7";"31,2";"41,0";"56,0";"40,0";"17,9";"21,3";"17,9";"";"";"";"3,1";"261,0";"5,4";"2049,80";"0,0"
"04/08/2024";"1600";"33,9";"34,5";"33,0";"34,0";"41,0";"33,0";"15,8";"17,7";"15,4";"";"";"";"4,1";"262,0";"10,1";"2119,30";"0,0"
"04/08/2024";"1700";"34,4";"34,6";"33,7";"30,0";"35,0";"30,0";"14,4";"16,4";"14,1";"";"";"";"4,3";"265,0";"8,8";"2069,10";"0,0"
"04/08/2024";"1800";"33,9";"34,8";"33,9";"30,0";"30,0";"28,0";"13,8";"14,4";"13,2";"";"";"";"4,7";"258,0";"8,3";"1869,50";"0,0"
"04/08/2024";"1900";"34,7";"35,0";"33,8";"27,0";"31,0";"27,0";"13,1";"14,4";"13,1";"";"";"";"3,1";"247,0";"7,7";"1543,10";"0,0"
"04/08/2024";"2000";"33,3";"34,7";"33,3";"32,0";"32,0";"26,0";"14,2";"14,5";"12,1";"";"";"";"3,7";"255,0";"6,7";"1140,70";"0,0"
"04/08/2024";"2100";"32,5";"33,3";"32,5";"35,0";"35,0";"32,0";"14,9";"14,9";"14,2";"";"";"";"2,4";"253,0";"6,6";"606,60";"0,0"
"04/08/2024";"2200";"30,1";"32,5";"30,1";"42,0";"42,0";"35,0";"15,8";"15,8";"14,9";"";"";"";"1,4";"258,0";"3,9";"136,00";"0,0"
"04/08/2024";"2300";"28,5";"30,1";"28,3";"46,0";"46,0";"42,0";"15,8";"16,0";"15,5";"";"";"";"1,5";"233,0";"2,6";"";"0,0"
"05/08/2024";"0000";"26,6";"28,6";"26,4";"54,0";"55,0";"45,0";"16,5";"16,8";"15,5";"";"";"";"1,1";"220,0";"2,6";"";"0,0"
"05/08/2024";"0100";"25,0";"26,7";"24,9";"63,0";"63,0";"53,0";"17,5";"17,6";"16,4";"";"";"";"0,9";"197,0";"1,9";"";"0,0"
"05/08/2024";"0200";"24,3";"25,0";"23,7";"65,0";"69,0";"63,0";"17,3";"17,8";"17,2";"";"";"";"0,9";"188,0";"1,6";"";"0,0"
"05/08/2024";"0300";"22,6";"24,3";"22,5";"74,0";"74,0";"65,0";"17,8";"17,8";"17,3";"";"";"";"0,8";"186,0";"1,2";"";"0,0"
"05/08/2024";"0400";"22,3";"22,7";"21,8";"71,0";"81,0";"71,0";"16,7";"18,4";"16,7";"";"";"";"0,9";"316,0";"4,5";"";"0,0"
"05/08/2024";"0500";"21,9";"22,8";"21,4";"73,0";"76,0";"70,0";"16,8";"17,2";"16,4";"";"";"";"1,2";"204,0";"2,3";"";"0,0"
"05/08/2024";"0600";"20,6";"21,9";"20,6";"79,0";"79,0";"73,0";"16,9";"17,1";"16,7";"";"";"";"0,9";"211,0";"2,3";"";"0,0"
"05/08/2024";"0700";"20,7";"20,8";"20,6";"81,0";"81,0";"79,0";"17,3";"17,3";"16,9";"";"";"";"0,4";"207,0";"1,8";"";"0,0"
"05/08/2024";"0800";"19,2";"20,8";"19,2";"88,0";"88,0";"80,0";"17,2";"17,4";"16,7";"";"";"";"0,5";"198,0";"1,3";"";"0,0"
"05/08/2024";"0900";"18,9";"19,3";"18,9";"89,0";"90,0";"88,0";"17,1";"17,4";"16,9";"";"";"";"0,7";"193,0";"1,9";"";"0,0"
"05/08/2024";"1000";"19,1";"19,2";"18,9";"90,0";"91,0";"89,0";"17,5";"17,7";"17,1";"";"";"";"0,7";"244,0";"1,6";"";"0,0"
"05/08/2024";"1100";"20,6";"20,6";"19,1";"84,0";"90,0";"84,0";"17,8";"17,9";"17,2";"";"";"";"0,4";"210,0";"1,3";"128,00";"0,0"
"05/08/2024";"1200";"21,6";"21,9";"20,6";"81,0";"84,0";"79,0";"18,1";"18,3";"17,6";"";"";"";"0,3";"195,0";"1,2";"386,70";"0,0"
"05/08/2024";"1300";"27,7";"27,7";"21,6";"58,0";"81,0";"58,0";"18,6";"19,3";"18,2";"";"";"";"0,9";"249,0";"1,9";"993,50";"0,0"
"05/08/2024";"1400";"32,4";"32,8";"27,7";"37,0";"58,0";"37,0";"15,8";"18,9";"15,8";"";"";"";"2,8";"306,0";"6,2";"1874,90";"0,0"
"05/08/2024";"1500";"34,0";"34,2";"31,6";"33,0";"38,0";"33,0";"15,3";"16,5";"15,0";"";"";"";"2,9";"296,0";"8,3";"1873,90";"0,0"
"05/08/2024";"1600";"34,0";"34,9";"33,2";"30,0";"34,0";"29,0";"13,9";"15,6";"13,9";"";"";"";"3,9";"283,0";"10,3";"2125,20";"0,0"
"05/08/2024";"1700";"34,6";"35,4";"34,0";"27,0";"30,0";"27,0";"13,0";"14,4";"12,5";"";"";"";"3,5";"274,0";"8,1";"1953,00";"0,0"
"05/08/2024";"1800";"34,7";"35,1";"34,3";"26,0";"27,0";"26,0";"12,5";"13,0";"12,3";"";"";"";"2,0";"272,0";"7,0";"1846,90";"0,0"
"05/08/2024";"1900";"34,6";"35,2";"34,4";"25,0";"27,0";"23,0";"11,6";"12,7";"10,7";"";"";"";"3,5";"252,0";"7,8";"1570,90";"0,0"
"05/08/2024";"2000";"33,3";"34,8";"33,2";"28,0";"28,0";"25,0";"12,2";"12,4";"11,4";"";"";"";"2,7";"227,0";"6,9";"1045,90";"0,0"
"05/08/2024";"2100";"31,8";"33,3";"31,8";"31,0";"31,0";"28,0";"12,5";"12,9";"12,2";"";"";"";"1,7";"225,0";"5,0";"431,20";"0,0"
"05/08/2024";"2200";"29,2";"31,8";"29,2";"40,0";"40,0";"31,0";"14,0";"14,0";"12,6";"";"";"";"0,9";"234,0";"3,3";"79,00";"0,0"
"05/08/2024";"2300";"27,4";"29,2";"27,1";"48,0";"48,0";"40,0";"15,4";"15,4";"14,0";"";"";"";"0,5";"320,0";"1,4";"";"0,0"
"06/08/2024";"0000";"26,1";"27,4";"26,1";"52,0";"52,0";"48,0";"15,6";"15,6";"15,1";"";"";"";"0,0";"340,0";"1,4";"";"0,0"
"06/08/2024";"0100";"24,4";"26,1";"24,4";"60,0";"60,0";"52,0";"16,2";"16,3";"15,4";"";"";"";"0,6";"189,0";"1,8";"";"0,0"
"06/08/2024";"0200";"23,9";"24,6";"23,8";"66,0";"66,0";"59,0";"17,1";"17,2";"16,1";"";"";"";"0,7";"208,0";"2,1";"";"0,0"
"06/08/2024";"0300";"23,1";"24,0";"23,1";"68,0";"68,0";"63,0";"17,0";"17,0";"16,6";"";"";"";"0,3";"197,0";"1,2";"";"0,0"
"06/08/2024";"0400";"22,0";"23,1";"21,9";"76,0";"77,0";"68,0";"17,7";"17,7";"17,0";"";"";"";"0,2";"195,0";"2,0";"";"0,0"
"06/08/2024";"0500";"21,8";"22,2";"21,8";"76,0";"77,0";"73,0";"17,3";"17,7";"17,1";"";"";"";"0,3";"196,0";"1,1";"";"0,0"
"06/08/2024";"0600";"21,6";"21,9";"21,5";"78,0";"78,0";"76,0";"17,5";"17,6";"17,2";"";"";"";"0,1";"209,0";"0,9";"";"0,0"
"06/08/2024";"0700";"21,7";"21,8";"21,3";"77,0";"80,0";"77,0";"17,5";"18,0";"17,4";"";"";"";"0,2";"286,0";"1,2";"";"0,0"
"06/08/2024";"0800";"21,0";"21,6";"20,7";"83,0";"84,0";"77,0";"18,0";"18,0";"17,6";"";"";"";"0,0";"206,0";"1,6";"";"0,0"
"06/08/2024";"0900";"20,0";"21,1";"19,9";"88,0";"89,0";"83,0";"18,0";"18,0";"17,6";"";"";"";"0,3";"199,0";"2,2";"";"0,0"
"06/08/2024";"1000";"19,9";"20,5";"19,9";"85,0";"88,0";"84,0";"17,4";"18,2";"17,4";"";"";"";"0,6";"211,0";"1,2";"";"0,0"
"06/08/2024";"1100";"20,3";"20,3";"19,2";"87,0";"91,0";"85,0";"18,1";"18,1";"17,4";"";"";"";"0,8";"240,0";"2,3";"57,20";"0,0"
"06/08/2024";"1200";"22,2";"22,2";"20,1";"81,0";"88,0";"81,0";"18,9";"18,9";"17,9";"";"";"";"0,7";"242,0";"2,7";"391,40";"0,0"
"06/08/2024";"1300";"26,0";"26,0";"22,2";"65,0";"81,0";"65,0";"19,0";"19,3";"18,6";"";"";"";"0,9";"211,0";"2,3";"911,90";"0,0"
"06/08/2024";"1400";"30,1";"30,1";"26,0";"51,0";"65,0";"51,0";"18,9";"19,3";"18,1";"";"";"";"0,8";"284,0";"3,4";"1474,20";"0,0"
"06/08/2024";"1500";"32,6";"32,6";"29,4";"45,0";"54,0";"45,0";"19,0";"19,5";"18,0";"";"";"";"1,1";"312,0";"3,9";"1798,90";"0,0"
"06/08/2024";"1600";"33,4";"33,6";"31,9";"38,0";"45,0";"38,0";"17,3";"18,9";"17,3";"";"";"";"1,4";"312,0";"3,9";"1574,60";"0,0"
"06/08/2024";"1700";"34,8";"35,1";"33,1";"32,0";"39,0";"32,0";"15,7";"17,6";"15,0";"";"";"";"1,5";"315,0";"6,1";"1988,60";"0,0"
"06/08/2024";"1800";"34,1";"35,5";"33,2";"35,0";"35,0";"30,0";"16,4";"16,5";"14,8";"";"";"";"1,5";"318,0";"5,7";"1540,40";"0,0"
"06/08/2024";"1900";"33,5";"34,5";"33,3";"36,0";"36,0";"33,0";"16,2";"17,1";"15,7";"";"";"";"1,6";"313,0";"4,4";"1217,20";"0,0"
"06/08/2024";"2000";"32,5";"34,0";"32,4";"38,0";"38,0";"35,0";"16,4";"16,8";"15,9";"";"";"";"1,5";"281,0";"4,7";"715,50";"0,0"
"06/08/2024";"2100";"31,4";"32,5";"31,4";"37,0";"39,0";"37,0";"14,8";"16,6";"14,8";"";"";"";"2,8";"262,0";"4,4";"270,40";"0,0"
"06/08/2024";"2200";"29,8";"31,4";"29,8";"41,0";"41,0";"36,0";"15,1";"15,1";"14,6";"";"";"";"1,3";"273,0";"4,4";"31,90";"0,0"
"06/08/2024";"2300";"28,4";"29,8";"28,4";"46,0";"46,0";"41,0";"15,6";"15,6";"15,2";"";"";"";"1,2";"272,0";"2,6";"";"0,0"
"07/08/2024";"0000";"26,8";"28,4";"26,8";"54,0";"54,0";"46,0";"16,7";"16,7";"15,6";"";"";"";"0,6";"242,0";"2,3";"";"0,0"
"07/08/2024";"0100";"25,5";"26,8";"25,5";"61,0";"61,0";"54,0";"17,3";"17,4";"16,6";"";"";"";"0,6";"199,0";"1,4";"";"0,0"
"07/08/2024";"0200";"24,2";"25,5";"24,1";"69,0";"69,0";"60,0";"18,2";"18,2";"17,2";"";"";"";"0,6";"189,0";"1,3";"";"0,0"
"07/08/2024";"0300";"23,0";"24,2";"22,9";"77,0";"77,0";"69,0";"18,7";"18,7";"18,0";"";"";"";"0,4";"193,0";"2,0";"";"0,0"
"07/08/2024";"0400";"22,7";"23,1";"22,6";"78,0";"79,0";"76,0";"18,7";"18,8";"18,4";"";"";"";"0,2";"221,0";"1,4";"";"0,0"
"07/08/2024";"0500";"22,4";"22,9";"22,4";"77,0";"79,0";"77,0";"18,2";"18,8";"18,2";"";"";"";"0,0";"205,0";"0,8";"";"0,0"
"07/08/2024";"0600";"21,3";"22,4";"21,2";"84,0";"84,0";"77,0";"18,5";"18,6";"18,2";"";"";"";"0,6";"202,0";"1,3";"";"0,0"
"07/08/2024";"0700";"20,8";"21,4";"20,7";"87,0";"88,0";"83,0";"18,5";"18,6";"18,3";"";"";"";"0,8";"216,0";"1,5";"";"0,0"
"07/08/2024";"0800";"20,4";"20,9";"20,4";"90,0";"90,0";"86,0";"18,6";"18,7";"18,4";"";"";"";"0,8";"186,0";"1,5";"";"0,0"
"07/08/2024";"0900";"19,6";"20,4";"19,6";"92,0";"92,0";"90,0";"18,4";"18,7";"18,3";"";"";"";"1,2";"215,0";"1,9";"";"0,0"
"07/08/2024";"1000";"19,9";"20,2";"19,6";"91,0";"92,0";"89,0";"18,4";"18,6";"18,3";"";"";"";"0,1";"207,0";"2,4";"";"0,0"
"07/08/2024";"1100";"20,6";"20,6";"19,6";"89,0";"92,0";"89,0";"18,7";"18,7";"18,2";"";"";"";"1,3";"321,0";"3,1";"75,10";"0,0"
"07/08/2024";"1200";"22,2";"23,2";"20,6";"83,0";"89,0";"80,0";"19,1";"19,6";"18,7";"";"";"";"0,9";"198,0";"2,5";"501,60";"0,0"
"07/08/2024";"1300";"26,6";"26,6";"22,2";"67,0";"83,0";"66,0";"19,9";"20,4";"19,2";"";"";"";"1,1";"197,0";"2,3";"1149,60";"0,0"
"07/08/2024";"1400";"31,4";"31,4";"26,5";"47,0";"67,0";"47,0";"18,9";"20,4";"18,6";"";"";"";"0,6";"281,0";"2,5";"1724,30";"0,0"
"07/08/2024";"1500";"32,8";"33,6";"31,4";"36,0";"47,0";"34,0";"15,7";"18,8";"15,3";"";"";"";"1,6";"283,0";"6,3";"1944,30";"0,0"
"07/08/2024";"1600";"34,9";"35,0";"32,8";"31,0";"36,0";"30,0";"15,2";"16,0";"14,4";"";"";"";"1,5";"288,0";"5,5";"2213,50";"0,0"
"07/08/2024";"1700";"34,2";"35,3";"33,6";"31,0";"33,0";"28,0";"14,9";"15,4";"13,6";"";"";"";"2,9";"270,0";"5,3";"1907,10";"0,0"
"07/08/2024";"1800";"34,1";"34,9";"33,6";"29,0";"33,0";"29,0";"13,7";"15,5";"13,6";"";"";"";"1,5";"277,0";"5,0";"1427,10";"0,0"
"07/08/2024";"1900";"34,1";"35,1";"33,8";"30,0";"32,0";"28,0";"14,1";"15,0";"13,7";"";"";"";"1,4";"271,0";"6,5";"1077,00";"0,0"
"07/08/2024";"2000";"33,7";"34,4";"33,6";"32,0";"33,0";"30,0";"14,9";"15,1";"14,0";"";"";"";"0,4";"317,0";"2,9";"718,70";"0,0"
"07/08/2024";"2100";"32,2";"33,8";"32,2";"35,0";"35,0";"32,0";"14,8";"15,0";"14,3";"";"";"";"0,2";"254,0";"3,8";"322,80";"0,0"
"07/08/2024";"2200";"30,0";"32,2";"29,9";"46,0";"46,0";"35,0";"16,9";"16,9";"14,8";"";"";"";"1,5";"232,0";"3,2";"66,00";"0,0"
"07/08/2024";"2300";"28,3";"30,0";"28,3";"53,0";"53,0";"46,0";"17,8";"17,8";"17,0";"";"";"";"1,2";"244,0";"2,4";"";"0,0"
"08/08/2024";"0000";"27,2";"28,4";"27,2";"57,0";"57,0";"53,0";"17,8";"17,9";"17,6";"";"";"";"0,6";"238,0";"2,0";"";"0,0"
"08/08/2024";"0100";"26,0";"27,3";"26,0";"61,0";"61,0";"57,0";"17,9";"18,2";"17,9";"";"";"";"0,6";"201,0";"2,4";"";"0,0"
"08/08/2024";"0200";"25,1";"26,0";"25,1";"67,0";"67,0";"61,0";"18,4";"18,5";"17,8";"";"";"";"0,4";"200,0";"1,5";"";"0,0"
"08/08/2024";"0300";"24,1";"25,1";"24,1";"71,0";"72,0";"67,0";"18,6";"18,7";"18,4";"";"";"";"0,1";"224,0";"1,2";"";"0,0"
"08/08/2024";"0400";"23,5";"24,1";"23,4";"75,0";"75,0";"71,0";"18,8";"18,9";"18,4";"";"";"";"0,1";"226,0";"1,0";"";"0,0"
"08/08/2024";"0500";"23,0";"23,5";"23,0";"77,0";"77,0";"75,0";"18,8";"19,0";"18,5";"";"";"";"0,0";"208,0";"1,1";"";"0,0"
"08/08/2024";"0600";"21,8";"23,0";"21,8";"83,0";"83,0";"77,0";"18,8";"19,2";"18,7";"";"";"";"0,7";"229,0";"5,9";"";"0,0"
"08/08/2024";"0700";"21,8";"22,0";"21,7";"84,0";"84,0";"82,0";"19,0";"19,1";"18,6";"";"";"";"1,5";"216,0";"2,3";"";"0,0"
"08/08/2024";"0800";"21,1";"21,8";"21,1";"89,0";"89,0";"84,0";"19,2";"19,2";"18,9";"";"";"";"1,1";"195,0";"2,2";"";"0,0"
"08/08/2024";"0900";"21,0";"21,3";"21,0";"88,0";"89,0";"87,0";"18,8";"19,3";"18,8";"";"";"";"1,1";"199,0";"2,3";"";"0,0"
"08/08/2024";"1000";"20,7";"21,1";"20,7";"88,0";"88,0";"87,0";"18,7";"19,0";"18,7";"";"";"";"1,2";"191,0";"1,9";"";"0,0"
"08/08/2024";"1100";"20,7";"20,8";"20,4";"90,0";"90,0";"88,0";"19,0";"19,0";"18,6";"";"";"";"0,6";"196,0";"1,8";"66,70";"0,0"
"08/08/2024";"1200";"24,3";"24,3";"20,7";"76,0";"90,0";"76,0";"19,8";"20,1";"19,0";"";"";"";"0,2";"293,0";"1,7";"450,40";"0,0"
"08/08/2024";"1300";"28,0";"28,1";"24,3";"63,0";"76,0";"62,0";"20,2";"20,9";"19,5";"";"";"";"1,4";"246,0";"2,8";"1014,20";"0,0"
"08/08/2024";"1400";"31,2";"31,5";"28,0";"45,0";"62,0";"44,0";"18,0";"20,4";"17,8";"";"";"";"2,6";"239,0";"4,3";"1573,60";"0,0"
"08/08/2024";"1500";"32,7";"33,4";"31,2";"40,0";"46,0";"38,0";"17,5";"18,3";"16,8";"";"";"";"2,2";"267,0";"4,9";"1888,30";"0,0"
"08/08/2024";"1600";"34,7";"34,7";"32,6";"34,0";"40,0";"33,0";"16,5";"17,3";"15,5";"";"";"";"2,5";"267,0";"5,4";"2102,30";"0,0"
"08/08/2024";"1700";"34,6";"35,0";"33,6";"35,0";"35,0";"33,0";"16,8";"17,0";"15,5";"";"";"";"2,8";"245,0";"5,9";"2082,90";"0,0"
"08/08/2024";"1800";"34,7";"35,3";"33,9";"34,0";"36,0";"31,0";"16,7";"16,8";"15,2";"";"";"";"2,1";"274,0";"5,8";"1866,20";"0,0"
"08/08/2024";"1900";"34,8";"36,0";"34,0";"33,0";"35,0";"32,0";"16,3";"17,2";"15,9";"";"";"";"2,4";"274,0";"6,6";"1479,40";"0,0"
"08/08/2024";"2000";"33,6";"34,9";"33,6";"37,0";"37,0";"33,0";"16,7";"17,3";"16,4";"";"";"";"2,7";"258,0";"6,7";"957,60";"0,0"
"08/08/2024";"2100";"32,3";"33,7";"32,3";"41,0";"41,0";"37,0";"17,4";"17,5";"16,8";"";"";"";"1,9";"261,0";"4,4";"333,50";"0,0"
"08/08/2024";"2200";"30,4";"32,3";"30,4";"47,0";"47,0";"41,0";"17,8";"17,8";"17,4";"";"";"";"1,6";"244,0";"3,6";"71,10";"0,0"
"08/08/2024";"2300";"28,9";"30,4";"28,9";"54,0";"54,0";"47,0";"18,6";"18,6";"18,0";"";"";"";"0,6";"221,0";"3,0";"";"0,0"
"09/08/2024";"0000";"27,6";"28,9";"27,5";"61,0";"61,0";"54,0";"19,3";"19,3";"18,5";"";"";"";"0,5";"314,0";"1,2";"";"0,0"
"09/08/2024";"0100";"26,7";"27,6";"26,6";"64,0";"64,0";"60,0";"19,3";"19,3";"18,9";"";"";"";"0,2";"291,0";"0,9";"";"0,0"
"09/08/2024";"0200";"24,9";"27,0";"24,6";"75,0";"76,0";"64,0";"20,0";"20,2";"19,2";"";"";"";"0,4";"194,0";"2,3";"";"0,0"
"09/08/2024";"0300";"24,4";"25,2";"24,4";"78,0";"78,0";"72,0";"20,3";"20,3";"19,3";"";"";"";"1,2";"190,0";"1,7";"";"0,0"
"09/08/2024";"0400";"23,4";"24,4";"23,4";"82,0";"82,0";"77,0";"20,1";"20,4";"19,9";"";"";"";"0,3";"205,0";"2,4";"";"0,0"
"09/08/2024";"0500";"23,6";"23,9";"23,1";"78,0";"83,0";"78,0";"19,6";"20,2";"19,6";"";"";"";"0,8";"297,0";"1,8";"";"0,0"
"09/08/2024";"0600";"22,0";"23,6";"21,9";"87,0";"88,0";"78,0";"19,8";"20,0";"19,5";"";"";"";"0,5";"189,0";"1,8";"";"0,0"
"09/08/2024";"0700";"21,8";"22,3";"21,8";"87,0";"88,0";"85,0";"19,7";"19,9";"19,4";"";"";"";"0,2";"239,0";"1,6";"";"0,0"
"09/08/2024";"0800";"20,5";"21,9";"20,5";"93,0";"93,0";"87,0";"19,3";"19,7";"19,3";"";"";"";"0,9";"190,0";"1,7";"";"0,0"
"09/08/2024";"0900";"20,8";"20,8";"20,4";"93,0";"94,0";"93,0";"19,7";"19,7";"19,4";"";"";"";"1,5";"204,0";"2,5";"";"0,0"
"09/08/2024";"1000";"20,6";"20,9";"20,6";"92,0";"93,0";"92,0";"19,3";"19,6";"19,3";"";"";"";"0,7";"224,0";"2,5";"";"0,0"
"09/08/2024";"1100";"22,2";"22,2";"20,5";"88,0";"93,0";"88,0";"20,0";"20,0";"19,2";"";"";"";"0,0";"253,0";"1,2";"81,30";"0,0"
"09/08/2024";"1200";"23,6";"24,4";"22,2";"80,0";"87,0";"78,0";"19,9";"20,6";"19,8";"";"";"";"0,8";"192,0";"1,5";"549,60";"0,0"
"09/08/2024";"1300";"29,0";"29,0";"23,6";"61,0";"81,0";"60,0";"20,8";"21,0";"19,5";"";"";"";"0,6";"249,0";"1,6";"1178,10";"0,0"
"09/08/2024";"1400";"32,6";"32,6";"28,9";"42,0";"61,0";"42,0";"18,1";"20,6";"18,1";"";"";"";"2,1";"239,0";"3,9";"1653,80";"0,0"
"09/08/2024";"1500";"33,9";"33,9";"32,0";"37,0";"45,0";"37,0";"17,2";"19,0";"16,7";"";"";"";"2,8";"267,0";"5,7";"2036,10";"0,0"
"09/08/2024";"1600";"34,2";"35,1";"32,8";"33,0";"38,0";"32,0";"15,6";"16,9";"15,2";"";"";"";"2,5";"219,0";"6,4";"2207,70";"0,0"
"09/08/2024";"1700";"35,1";"36,1";"34,2";"29,0";"34,0";"28,0";"14,6";"16,0";"14,5";"";"";"";"3,0";"226,0";"6,4";"2269,60";"0,0"
"09/08/2024";"1800";"35,5";"36,4";"34,4";"27,0";"31,0";"27,0";"13,8";"14,9";"13,4";"";"";"";"3,2";"222,0";"7,3";"1884,30";"0,0"
"09/08/2024";"1900";"34,6";"35,8";"34,5";"29,0";"29,0";"25,0";"14,1";"14,8";"12,5";"";"";"";"3,9";"235,0";"8,7";"1592,70";"0,0"
"09/08/2024";"2000";"34,4";"35,3";"34,4";"31,0";"31,0";"28,0";"14,6";"14,7";"13,7";"";"";"";"2,9";"227,0";"6,7";"1063,20";"0,0"
"09/08/2024";"2100";"32,9";"34,6";"32,9";"35,0";"35,0";"30,0";"15,6";"15,6";"14,4";"";"";"";"2,2";"219,0";"5,3";"502,80";"0,0"
"09/08/2024";"2200";"30,4";"32,9";"30,4";"44,0";"44,0";"36,0";"16,9";"16,9";"15,7";"";"";"";"0,7";"205,0";"4,4";"91,00";"0,0"
"09/08/2024";"2300";"28,4";"30,4";"28,4";"52,0";"52,0";"44,0";"17,5";"17,5";"16,8";"";"";"";"0,4";"201,0";"1,6";"";"0,0"
"10/08/2024";"0000";"27,0";"28,4";"27,0";"57,0";"57,0";"51,0";"17,6";"17,7";"17,2";"";"";"";"0,7";"188,0";"2,1";"";"0,0"
"10/08/2024";"0100";"25,7";"27,0";"25,7";"63,0";"63,0";"57,0";"18,2";"18,3";"17,6";"";"";"";"0,5";"212,0";"2,2";"";"0,0"
"10/08/2024";"0200";"25,6";"25,7";"25,1";"66,0";"67,0";"64,0";"18,7";"18,7";"18,3";"";"";"";"0,7";"191,0";"1,4";"";"0,0"
"10/08/2024";"0300";"24,7";"25,6";"24,7";"69,0";"69,0";"66,0";"18,6";"18,7";"18,4";"";"";"";"0,2";"199,0";"1,4";"";"0,0"
"10/08/2024";"0400";"24,1";"24,9";"24,1";"72,0";"72,0";"68,0";"18,7";"18,8";"18,5";"";"";"";"0,6";"184,0";"1,4";"";"0,0"
"10/08/2024";"0500";"24,6";"24,6";"24,1";"70,0";"72,0";"70,0";"18,7";"18,9";"18,6";"";"";"";"1,5";"204,0";"3,4";"";"0,0"
"10/08/2024";"0600";"23,9";"24,8";"23,9";"73,0";"73,0";"69,0";"18,7";"18,8";"18,6";"";"";"";"1,2";"194,0";"3,5";"";"0,0"
"10/08/2024";"0700";"23,9";"24,0";"23,7";"75,0";"75,0";"73,0";"19,1";"19,1";"18,6";"";"";"";"2,3";"193,0";"4,8";"";"0,0"
"10/08/2024";"0800";"23,1";"23,9";"23,1";"77,0";"77,0";"75,0";"18,9";"19,1";"18,9";"";"";"";"1,7";"196,0";"4,6";"";"0,0"
"10/08/2024";"0900";"22,4";"23,2";"22,3";"84,0";"84,0";"77,0";"19,5";"19,5";"18,8";"";"";"";"2,6";"192,0";"4,6";"";"0,0"
"10/08/2024";"1000";"21,7";"22,4";"21,6";"85,0";"86,0";"84,0";"19,1";"19,6";"19,1";"";"";"";"2,5";"194,0";"5,5";"";"0,0"
"10/08/2024";"1100";"21,8";"21,8";"21,4";"82,0";"86,0";"82,0";"18,6";"19,1";"18,6";"";"";"";"2,6";"204,0";"6,2";"107,90";"0,0"
"10/08/2024";"1200";"23,4";"23,4";"21,8";"68,0";"82,0";"68,0";"17,3";"18,7";"17,3";"";"";"";"3,4";"212,0";"8,0";"626,10";"0,0"
"10/08/2024";"1300";"24,9";"24,9";"23,3";"61,0";"68,0";"61,0";"16,8";"17,4";"16,3";"";"";"";"3,5";"212,0";"8,3";"1338,60";"0,0"
"10/08/2024";"1400";"26,1";"26,5";"24,6";"55,0";"61,0";"55,0";"16,5";"17,2";"16,0";"";"";"";"4,3";"221,0";"8,2";"1986,00";"0,0"
"10/08/2024";"1500";"27,9";"28,4";"25,8";"50,0";"57,0";"50,0";"16,5";"17,3";"16,2";"";"";"";"3,6";"214,0";"7,7";"2320,20";"0,0"
"10/08/2024";"1600";"29,5";"29,9";"27,5";"45,0";"51,0";"45,0";"16,4";"17,2";"15,8";"";"";"";"3,4";"215,0";"7,0";"2450,30";"0,0"
"10/08/2024";"1700";"29,9";"30,5";"28,4";"44,0";"48,0";"43,0";"16,3";"16,9";"16,0";"";"";"";"3,6";"209,0";"7,4";"2402,50";"0,0"
"10/08/2024";"1800";"31,4";"31,7";"29,7";"40,0";"44,0";"39,0";"16,1";"16,8";"15,6";"";"";"";"2,8";"230,0";"7,1";"2210,80";"0,0"
"10/08/2024";"1900";"30,5";"31,7";"30,3";"42,0";"42,0";"40,0";"16,2";"16,7";"15,8";"";"";"";"3,0";"198,0";"6,5";"1840,20";"0,0"
"10/08/2024";"2000";"30,0";"31,4";"29,8";"43,0";"45,0";"41,0";"16,2";"16,6";"15,9";"";"";"";"2,5";"196,0";"7,0";"1289,30";"0,0"
"10/08/2024";"2100";"28,3";"30,0";"28,2";"50,0";"50,0";"43,0";"16,7";"16,7";"16,0";"";"";"";"2,7";"196,0";"5,6";"650,80";"0,0"
"10/08/2024";"2200";"26,0";"28,3";"26,0";"55,0";"55,0";"49,0";"16,4";"16,7";"16,4";"";"";"";"2,1";"195,0";"6,3";"137,20";"0,0"
"10/08/2024";"2300";"24,1";"26,0";"24,1";"62,0";"62,0";"55,0";"16,4";"16,5";"16,3";"";"";"";"1,2";"201,0";"5,2";"";"0,0"
"11/08/2024";"0000";"23,2";"24,1";"23,1";"65,0";"66,0";"62,0";"16,3";"16,5";"16,3";"";"";"";"1,5";"191,0";"2,7";"";"0,0"
"11/08/2024";"0100";"22,4";"23,2";"22,3";"68,0";"68,0";"65,0";"16,2";"16,3";"16,2";"";"";"";"1,1";"196,0";"2,7";"";"0,0"
"11/08/2024";"0200";"21,1";"22,4";"21,1";"74,0";"74,0";"68,0";"16,2";"16,3";"16,0";"";"";"";"0,1";"222,0";"2,1";"";"0,0"
"11/08/2024";"0300";"20,8";"21,1";"20,3";"74,0";"77,0";"74,0";"16,1";"16,2";"16,0";"";"";"";"0,4";"189,0";"1,0";"";"0,0"
"11/08/2024";"0400";"20,1";"20,9";"20,1";"78,0";"78,0";"74,0";"16,1";"16,1";"16,0";"";"";"";"0,9";"188,0";"1,7";"";"0,0"
"11/08/2024";"0500";"19,9";"20,2";"19,6";"77,0";"78,0";"75,0";"15,7";"16,2";"15,3";"";"";"";"0,0";"187,0";"1,7";"";"0,0"
"11/08/2024";"0600";"19,4";"20,0";"19,3";"80,0";"80,0";"77,0";"15,7";"16,0";"15,7";"";"";"";"0,6";"191,0";"1,0";"";"0,0"
"11/08/2024";"0700";"18,6";"19,4";"18,4";"86,0";"88,0";"79,0";"16,2";"16,4";"15,6";"";"";"";"0,6";"193,0";"1,6";"";"0,0"
"11/08/2024";"0800";"17,7";"18,7";"17,7";"90,0";"90,0";"86,0";"16,0";"16,3";"15,9";"";"";"";"0,1";"210,0";"1,3";"";"0,0"
"11/08/2024";"0900";"17,6";"18,1";"17,6";"90,0";"91,0";"89,0";"16,0";"16,4";"16,0";"";"";"";"0,0";"219,0";"1,2";"";"0,0"
"11/08/2024";"1000";"17,4";"18,0";"17,4";"88,0";"90,0";"87,0";"15,5";"16,0";"15,4";"";"";"";"0,0";"197,0";"0,5";"";"0,0"
"11/08/2024";"1100";"18,2";"18,2";"17,3";"88,0";"91,0";"88,0";"16,2";"16,2";"15,6";"";"";"";"0,1";"209,0";"0,7";"75,10";"0,0"
"11/08/2024";"1200";"20,9";"20,9";"18,2";"72,0";"88,0";"72,0";"15,7";"16,4";"15,7";"";"";"";"0,9";"229,0";"1,8";"497,30";"0,0"
"11/08/2024";"1300";"23,6";"23,6";"20,9";"64,0";"73,0";"63,0";"16,4";"16,6";"15,3";"";"";"";"1,7";"223,0";"2,8";"962,40";"0,0"
"11/08/2024";"1400";"28,2";"28,2";"23,5";"43,0";"65,0";"43,0";"14,5";"17,1";"14,3";"";"";"";"2,7";"227,0";"5,4";"1788,10";"0,0"
"11/08/2024";"1500";"30,0";"30,3";"27,8";"38,0";"44,0";"38,0";"14,3";"15,1";"14,2";"";"";"";"2,4";"232,0";"6,3";"2133,50";"0,0"
"11/08/2024";"1600";"30,8";"31,0";"29,2";"38,0";"41,0";"38,0";"14,7";"15,2";"14,1";"";"";"";"2,4";"223,0";"5,6";"1978,60";"0,0"
"11/08/2024";"1700";"31,7";"32,4";"30,6";"35,0";"38,0";"34,0";"14,5";"15,1";"14,0";"";"";"";"2,0";"223,0";"5,1";"2276,50";"0,0"
"11/08/2024";"1800";"33,5";"34,0";"31,2";"33,0";"37,0";"33,0";"14,9";"15,5";"14,2";"";"";"";"1,1";"313,0";"4,5";"2059,10";"0,0"
"11/08/2024";"1900";"32,3";"33,8";"31,9";"36,0";"36,0";"33,0";"15,3";"15,8";"14,5";"";"";"";"1,3";"201,0";"3,8";"1673,50";"0,0"
"11/08/2024";"2000";"32,3";"33,2";"32,1";"37,0";"37,0";"35,0";"15,5";"15,9";"15,1";"";"";"";"2,0";"255,0";"4,2";"1216,60";"0,0"
"11/08/2024";"2100";"29,9";"32,3";"29,8";"48,0";"48,0";"36,0";"17,7";"17,7";"15,4";"";"";"";"2,9";"251,0";"5,2";"557,20";"0,0"
"11/08/2024";"2200";"27,7";"29,9";"27,7";"55,0";"55,0";"48,0";"17,9";"18,1";"17,7";"";"";"";"1,8";"239,0";"5,2";"86,50";"0,0"
"11/08/2024";"2300";"26,4";"27,7";"26,4";"61,0";"61,0";"55,0";"18,2";"18,2";"17,9";"";"";"";"1,5";"243,0";"3,5";"";"0,0"
"12/08/2024";"0000";"25,3";"26,4";"25,3";"65,0";"65,0";"61,0";"18,4";"18,4";"18,1";"";"";"";"0,9";"262,0";"2,6";"";"0,0"
"12/08/2024";"0100";"24,7";"25,4";"24,6";"69,0";"69,0";"65,0";"18,5";"18,6";"18,1";"";"";"";"0,4";"202,0";"1,6";"";"0,0"
"12/08/2024";"0200";"23,9";"24,7";"23,9";"72,0";"72,0";"69,0";"18,5";"18,7";"18,2";"";"";"";"0,4";"281,0";"2,3";"";"0,0"
"12/08/2024";"0300";"22,7";"23,9";"22,7";"77,0";"77,0";"72,0";"18,5";"18,7";"18,4";"";"";"";"0,0";"294,0";"1,5";"";"0,0"
"12/08/2024";"0400";"22,1";"22,8";"21,9";"81,0";"82,0";"77,0";"18,7";"18,7";"18,3";"";"";"";"0,3";"234,0";"1,1";"";"0,0"
"12/08/2024";"0500";"21,5";"22,5";"21,4";"83,0";"83,0";"77,0";"18,5";"18,7";"18,2";"";"";"";"0,0";"187,0";"1,5";"";"0,0"
"12/08/2024";"0600";"20,6";"21,6";"20,4";"87,0";"88,0";"83,0";"18,4";"18,6";"18,3";"";"";"";"0,4";"193,0";"1,9";"";"0,0"
"12/08/2024";"0700";"20,4";"20,8";"20,4";"87,0";"88,0";"86,0";"18,2";"18,6";"18,2";"";"";"";"0,0";"195,0";"1,5";"";"0,0"
"12/08/2024";"0800";"20,0";"20,4";"19,9";"89,0";"90,0";"87,0";"18,1";"18,5";"18,1";"";"";"";"0,1";"214,0";"1,0";"";"0,0"
"12/08/2024";"0900";"20,1";"20,4";"19,8";"88,0";"90,0";"87,0";"18,1";"18,4";"17,9";"";"";"";"0,3";"206,0";"1,1";"";"0,0"
"12/08/2024";"1000";"19,3";"20,1";"19,3";"91,0";"91,0";"88,0";"17,8";"18,3";"17,8";"";"";"";"0,2";"204,0";"1,0";"";"0,0"
"12/08/2024";"1100";"20,4";"20,6";"19,1";"88,0";"93,0";"87,0";"18,4";"18,5";"17,8";"";"";"";"0,4";"203,0";"1,5";"122,50";"0,0"
"12/08/2024";"1200";"23,6";"23,6";"20,4";"75,0";"88,0";"75,0";"18,9";"18,9";"18,2";"";"";"";"0,3";"185,0";"1,6";"543,10";"0,0"
"12/08/2024";"1300";"26,8";"26,9";"23,6";"62,0";"75,0";"62,0";"18,9";"19,2";"17,9";"";"";"";"1,0";"204,0";"2,5";"1201,70";"0,0"
"12/08/2024";"1400";"31,4";"31,5";"26,8";"36,0";"62,0";"35,0";"14,7";"19,0";"14,3";"";"";"";"2,7";"201,0";"7,0";"1806,40";"0,0"
"12/08/2024";"1500";"32,1";"32,5";"31,1";"34,0";"37,0";"33,0";"14,2";"15,0";"13,5";"";"";"";"3,5";"201,0";"7,8";"2115,90";"0,0"
"12/08/2024";"1600";"33,6";"34,0";"31,7";"32,0";"35,0";"31,0";"14,4";"15,1";"13,9";"";"";"";"3,7";"199,0";"7,6";"2293,80";"0,0"
"12/08/2024";"1700";"33,3";"34,3";"32,1";"33,0";"36,0";"32,0";"14,6";"15,7";"14,4";"";"";"";"3,2";"226,0";"7,8";"2185,80";"0,0"
"12/08/2024";"1800";"33,2";"34,2";"32,8";"35,0";"35,0";"31,0";"15,4";"16,1";"14,4";"";"";"";"3,1";"215,0";"7,2";"1991,80";"0,0"
"12/08/2024";"1900";"33,7";"34,6";"33,2";"32,0";"35,0";"31,0";"14,8";"16,2";"14,5";"";"";"";"2,7";"222,0";"8,1";"1648,40";"0,0"
"12/08/2024";"2000";"33,1";"34,4";"32,7";"34,0";"35,0";"32,0";"15,1";"15,6";"14,7";"";"";"";"1,9";"212,0";"6,1";"1120,30";"0,0"
"12/08/2024";"2100";"32,1";"33,3";"32,1";"37,0";"37,0";"33,0";"15,8";"15,8";"14,8";"";"";"";"1,5";"229,0";"5,6";"580,10";"0,0"
"12/08/2024";"2200";"29,6";"32,1";"29,6";"47,0";"47,0";"37,0";"17,0";"17,1";"15,7";"";"";"";"1,6";"193,0";"3,9";"92,30";"0,0"
"12/08/2024";"2300";"27,6";"29,6";"27,6";"54,0";"54,0";"47,0";"17,4";"17,5";"17,0";"";"";"";"0,6";"195,0";"3,1";"";"0,0"
"13/08/2024";"0000";"26,2";"27,6";"26,2";"59,0";"59,0";"54,0";"17,7";"17,8";"17,5";"";"";"";"0,2";"185,0";"1,4";"";"0,0"
"13/08/2024";"0100";"25,2";"26,2";"25,2";"64,0";"64,0";"59,0";"17,8";"17,8";"17,5";"";"";"";"0,9";"194,0";"1,8";"";"0,0"
"13/08/2024";"0200";"24,5";"25,2";"24,5";"67,0";"67,0";"64,0";"17,9";"18,0";"17,8";"";"";"";"0,5";"198,0";"1,9";"";"0,0"
"13/08/2024";"0300";"23,5";"24,5";"23,5";"70,0";"70,0";"67,0";"17,8";"18,0";"17,7";"";"";"";"0,7";"193,0";"1,5";"";"0,0"
"13/08/2024";"0400";"23,3";"23,7";"23,3";"71,0";"72,0";"70,0";"17,8";"18,1";"17,8";"";"";"";"1,0";"185,0";"1,6";"";"0,0"
"13/08/2024";"0500";"22,4";"23,4";"22,4";"74,0";"74,0";"71,0";"17,6";"17,9";"17,5";"";"";"";"0,1";"196,0";"1,4";"";"0,0"
"13/08/2024";"0600";"22,0";"22,4";"22,0";"76,0";"77,0";"74,0";"17,6";"17,9";"17,6";"";"";"";"0,7";"188,0";"1,3";"";"0,0"
"13/08/2024";"0700";"21,4";"22,0";"21,4";"80,0";"80,0";"76,0";"17,8";"18,0";"17,6";"";"";"";"0,2";"200,0";"1,3";"";"0,0"
"13/08/2024";"0800";"21,0";"21,4";"21,0";"82,0";"82,0";"79,0";"17,8";"17,8";"17,4";"";"";"";"0,3";"202,0";"0,8";"";"0,0"
"13/08/2024";"0900";"20,9";"21,4";"20,8";"81,0";"83,0";"78,0";"17,5";"17,8";"17,3";"";"";"";"0,0";"266,0";"1,0";"";"0,0"
"13/08/2024";"1000";"20,2";"20,9";"20,2";"84,0";"84,0";"81,0";"17,4";"17,8";"17,3";"";"";"";"0,0";"213,0";"0,7";"";"0,0"
"13/08/2024";"1100";"21,5";"21,5";"19,9";"82,0";"86,0";"82,0";"18,3";"18,3";"17,2";"";"";"";"0,0";"300,0";"0,7";"102,90";"0,0"
"13/08/2024";"1200";"24,3";"24,5";"21,5";"69,0";"82,0";"67,0";"18,3";"18,4";"17,7";"";"";"";"1,1";"280,0";"1,9";"591,40";"0,0"
"13/08/2024";"1300";"26,6";"26,8";"23,7";"56,0";"74,0";"56,0";"17,1";"19,1";"17,1";"";"";"";"2,1";"239,0";"4,3";"1228,90";"0,0"
"13/08/2024";"1400";"29,2";"29,4";"26,6";"39,0";"56,0";"38,0";"13,7";"17,4";"13,5";"";"";"";"3,9";"254,0";"7,5";"1797,10";"0,0"
"13/08/2024";"1500";"31,0";"31,7";"29,2";"32,0";"39,0";"31,0";"12,3";"13,7";"12,1";"";"";"";"4,0";"251,0";"7,9";"2183,20";"0,0"
"13/08/2024";"1600";"33,3";"33,3";"31,0";"30,0";"33,0";"30,0";"13,4";"14,0";"12,3";"";"";"";"3,3";"217,0";"7,3";"2348,60";"0,0"
"13/08/2024";"1700";"33,7";"34,2";"32,3";"28,0";"31,0";"27,0";"12,6";"13,3";"12,1";"";"";"";"2,9";"267,0";"8,5";"2332,70";"0,0"
"13/08/2024";"1800";"34,8";"35,1";"33,2";"26,0";"29,0";"26,0";"12,7";"13,3";"12,1";"";"";"";"2,2";"227,0";"6,6";"2122,50";"0,0"
"13/08/2024";"1900";"34,1";"35,2";"33,7";"28,0";"28,0";"26,0";"12,8";"13,1";"12,1";"";"";"";"3,0";"217,0";"6,8";"1779,90";"0,0"
"13/08/2024";"2000";"33,9";"34,6";"33,7";"28,0";"28,0";"27,0";"12,7";"13,2";"12,5";"";"";"";"2,5";"225,0";"5,2";"1276,20";"0,0"
"13/08/2024";"2100";"32,4";"33,9";"32,4";"31,0";"31,0";"28,0";"13,0";"13,2";"12,5";"";"";"";"2,2";"233,0";"4,6";"627,00";"0,0"
"13/08/2024";"2200";"30,0";"32,4";"30,0";"38,0";"38,0";"31,0";"14,2";"14,2";"13,0";"";"";"";"1,4";"229,0";"4,0";"95,70";"0,0"
"13/08/2024";"2300";"28,4";"30,0";"28,3";"43,0";"44,0";"38,0";"14,6";"14,8";"14,2";"";"";"";"1,2";"227,0";"2,3";"";"0,0"
"14/08/2024";"0000";"26,8";"28,4";"26,8";"50,0";"50,0";"43,0";"15,5";"15,5";"14,6";"";"";"";"0,8";"306,0";"2,4";"";"0,0"
"14/08/2024";"0100";"25,5";"26,8";"25,5";"57,0";"57,0";"50,0";"16,4";"16,4";"15,5";"";"";"";"0,0";"301,0";"1,6";"";"0,0"
"14/08/2024";"0200";"24,4";"25,6";"24,2";"62,0";"63,0";"57,0";"16,6";"16,8";"16,2";"";"";"";"0,0";"210,0";"1,4";"";"0,0"
"14/08/2024";"0300";"23,5";"24,5";"23,5";"66,0";"66,0";"61,0";"16,7";"17,0";"16,1";"";"";"";"0,2";"199,0";"1,1";"";"0,0"
"14/08/2024";"0400";"22,3";"23,5";"22,3";"73,0";"73,0";"65,0";"17,1";"17,2";"16,2";"";"";"";"1,1";"201,0";"2,0";"";"0,0"
"14/08/2024";"0500";"21,4";"22,3";"21,4";"76,0";"77,0";"71,0";"17,0";"17,2";"16,6";"";"";"";"0,1";"217,0";"2,0";"";"0,0"
"14/08/2024";"0600";"21,2";"21,5";"21,2";"77,0";"77,0";"76,0";"17,1";"17,2";"17,0";"";"";"";"0,1";"189,0";"0,6";"";"0,0"
"14/08/2024";"0700";"20,4";"21,2";"20,3";"83,0";"83,0";"77,0";"17,4";"17,4";"17,0";"";"";"";"0,6";"187,0";"1,3";"";"0,0"
"14/08/2024";"0800";"19,9";"20,4";"19,8";"85,0";"85,0";"82,0";"17,3";"17,3";"16,9";"";"";"";"0,1";"207,0";"1,6";"";"0,0"
"14/08/2024";"0900";"19,5";"19,9";"19,5";"87,0";"88,0";"85,0";"17,3";"17,6";"17,3";"";"";"";"0,2";"208,0";"0,8";"";"0,0"
"14/08/2024";"1000";"19,7";"19,8";"19,5";"85,0";"88,0";"85,0";"17,2";"17,6";"17,2";"";"";"";"0,7";"229,0";"1,1";"";"0,0"
"14/08/2024";"1100";"20,1";"20,1";"19,0";"84,0";"90,0";"84,0";"17,3";"17,3";"17,0";"";"";"";"0,7";"244,0";"2,0";"81,70";"0,0"
"14/08/2024";"1200";"22,6";"22,6";"20,1";"75,0";"84,0";"74,0";"17,8";"17,8";"17,2";"";"";"";"1,5";"215,0";"2,6";"473,80";"0,0"
"14/08/2024";"1300";"27,1";"27,1";"22,1";"59,0";"77,0";"59,0";"18,5";"19,1";"17,6";"";"";"";"0,8";"253,0";"2,8";"1064,80";"0,0"
"14/08/2024";"1400";"29,9";"30,0";"27,2";"37,0";"59,0";"36,0";"13,7";"18,2";"13,2";"";"";"";"2,5";"255,0";"4,4";"1551,60";"0,0"
"14/08/2024";"1500";"32,2";"32,6";"29,8";"32,0";"38,0";"32,0";"13,6";"14,4";"13,3";"";"";"";"1,7";"302,0";"5,0";"1885,00";"0,0"
"14/08/2024";"1600";"33,2";"33,7";"31,8";"32,0";"34,0";"32,0";"14,5";"15,0";"13,4";"";"";"";"1,0";"324,0";"3,8";"1968,00";"0,0"
"14/08/2024";"1700";"34,0";"35,0";"32,7";"31,0";"33,0";"30,0";"14,6";"15,2";"13,9";"";"";"";"1,0";"318,0";"3,8";"1711,20";"0,0"
"14/08/2024";"1800";"33,6";"34,2";"32,9";"32,0";"33,0";"31,0";"14,7";"15,0";"14,0";"";"";"";"1,0";"325,0";"3,0";"1157,00";"0,0"
"14/08/2024";"1900";"32,8";"33,9";"32,8";"33,0";"34,0";"31,0";"14,7";"15,0";"14,4";"";"";"";"0,1";"288,0";"3,0";"801,30";"0,0"
"14/08/2024";"2000";"32,2";"33,0";"32,0";"37,0";"39,0";"33,0";"15,4";"16,5";"14,5";"";"";"";"1,2";"317,0";"2,8";"483,90";"0,0"
"14/08/2024";"2100";"29,7";"32,1";"29,7";"50,0";"50,0";"37,0";"18,0";"18,1";"15,5";"";"";"";"1,0";"312,0";"3,7";"46,70";"0,0"
"14/08/2024";"2200";"28,4";"29,7";"28,4";"56,0";"56,0";"50,0";"18,7";"18,7";"18,0";"";"";"";"1,3";"309,0";"3,7";"22,10";"0,0"
"14/08/2024";"2300";"27,3";"28,4";"27,3";"62,0";"62,0";"56,0";"19,3";"19,4";"18,7";"";"";"";"0,8";"297,0";"2,6";"";"0,0"
"15/08/2024";"0000";"26,2";"27,3";"26,1";"66,0";"67,0";"62,0";"19,4";"19,7";"19,3";"";"";"";"0,4";"205,0";"1,9";"";"0,0"
"15/08/2024";"0100";"26,1";"26,4";"26,1";"69,0";"69,0";"66,0";"19,9";"20,0";"19,4";"";"";"";"0,0";"330,0";"1,1";"";"0,0"
"15/08/2024";"0200";"25,1";"26,1";"25,1";"75,0";"75,0";"68,0";"20,4";"20,4";"19,6";"";"";"";"0,5";"299,0";"2,1";"";"0,0"
"15/08/2024";"0300";"25,2";"25,3";"25,0";"74,0";"76,0";"74,0";"20,2";"20,6";"20,2";"";"";"";"0,0";"248,0";"1,6";"";"0,0"
"15/08/2024";"0400";"25,1";"25,2";"24,7";"75,0";"76,0";"74,0";"20,4";"20,4";"20,1";"";"";"";"0,0";"330,0";"1,0";"";"0,0"
"15/08/2024";"0500";"24,9";"25,2";"24,8";"78,0";"78,0";"75,0";"20,8";"20,8";"20,4";"";"";"";"0,1";"330,0";"2,5";"";"0,0"
"15/08/2024";"0600";"24,1";"24,9";"24,1";"84,0";"85,0";"78,0";"21,3";"21,4";"20,8";"";"";"";"0,7";"322,0";"2,6";"";"0,0"
"15/08/2024";"0700";"24,2";"24,2";"24,1";"86,0";"86,0";"84,0";"21,7";"21,8";"21,1";"";"";"";"1,2";"324,0";"2,5";"";"0,0"
"15/08/2024";"0800";"23,6";"24,2";"23,5";"89,0";"90,0";"86,0";"21,7";"21,8";"21,6";"";"";"";"0,5";"310,0";"2,5";"";"0,0"
"15/08/2024";"0900";"22,8";"23,6";"22,8";"92,0";"92,0";"89,0";"21,5";"21,7";"21,4";"";"";"";"0,6";"282,0";"2,4";"";"0,0"
"15/08/2024";"1000";"22,8";"22,9";"22,7";"91,0";"93,0";"91,0";"21,3";"21,6";"21,3";"";"";"";"1,0";"317,0";"2,2";"";"0,0"
"15/08/2024";"1100";"23,1";"23,1";"22,5";"91,0";"93,0";"91,0";"21,6";"21,6";"21,2";"";"";"";"0,3";"329,0";"1,7";"68,10";"0,0"
"15/08/2024";"1200";"24,6";"25,0";"23,1";"79,0";"91,0";"78,0";"20,7";"21,7";"20,5";"";"";"";"1,1";"323,0";"3,2";"445,60";"0,0"
"15/08/2024";"1300";"26,5";"26,8";"24,6";"71,0";"80,0";"71,0";"20,8";"21,5";"20,7";"";"";"";"2,3";"321,0";"4,5";"965,00";"0,0"
"15/08/2024";"1400";"29,7";"30,0";"26,5";"58,0";"71,0";"58,0";"20,6";"21,3";"20,3";"";"";"";"1,5";"315,0";"4,6";"1489,50";"0,0"
"15/08/2024";"1500";"31,9";"32,2";"28,5";"50,0";"62,0";"50,0";"20,2";"21,3";"19,7";"";"";"";"1,4";"322,0";"4,9";"1942,30";"0,0"
"15/08/2024";"1600";"32,9";"33,7";"31,0";"46,0";"53,0";"44,0";"19,7";"20,7";"19,1";"";"";"";"1,2";"301,0";"4,2";"2093,30";"0,0"
"15/08/2024";"1700";"33,5";"35,0";"32,4";"41,0";"46,0";"37,0";"18,6";"19,5";"17,8";"";"";"";"1,8";"323,0";"5,6";"2076,30";"0,0"
"15/08/2024";"1800";"34,2";"35,3";"32,8";"39,0";"42,0";"37,0";"18,3";"19,0";"17,7";"";"";"";"1,1";"313,0";"5,2";"1844,20";"0,0"
"15/08/2024";"1900";"27,5";"34,3";"27,3";"76,0";"77,0";"39,0";"22,9";"23,1";"18,1";"";"";"";"1,9";"203,0";"5,2";"588,70";"0,0"
"15/08/2024";"2000";"25,7";"29,7";"25,0";"87,0";"88,0";"61,0";"23,3";"23,3";"21,2";"";"";"";"0,9";"231,0";"6,9";"772,50";"0,0"
"15/08/2024";"2100";"25,8";"26,6";"25,7";"77,0";"88,0";"70,0";"21,3";"23,6";"20,7";"";"";"";"1,9";"252,0";"4,2";"173,00";"0,0"
"15/08/2024";"2200";"25,1";"25,8";"25,1";"84,0";"84,0";"77,0";"22,2";"22,4";"21,5";"";"";"";"1,7";"272,0";"3,0";"26,30";"0,0"
"15/08/2024";"2300";"22,5";"25,1";"22,4";"94,0";"94,0";"78,0";"21,5";"22,3";"20,1";"";"";"";"2,1";"220,0";"7,6";"1,40";"1,8"
"16/08/2024";"0000";"23,4";"23,5";"22,4";"87,0";"96,0";"87,0";"21,2";"22,0";"21,2";"";"";"";"2,2";"311,0";"8,4";"1,00";"0,0"
"16/08/2024";"0100";"22,6";"23,5";"22,6";"92,0";"92,0";"86,0";"21,2";"21,3";"20,9";"";"";"";"1,7";"203,0";"5,0";"2,20";"0,0"
"16/08/2024";"0200";"22,3";"22,6";"22,3";"93,0";"93,0";"92,0";"21,2";"21,3";"21,1";"";"";"";"0,4";"197,0";"3,6";"";"0,0"
"16/08/2024";"0300";"22,3";"22,4";"22,1";"94,0";"95,0";"93,0";"21,3";"21,4";"21,2";"";"";"";"0,5";"275,0";"2,3";"";"0,0"
"16/08/2024";"0400";"22,2";"22,4";"22,0";"96,0";"96,0";"94,0";"21,4";"21,5";"21,3";"";"";"";"0,3";"199,0";"2,0";"";"0,0"
"16/08/2024";"0500";"21,9";"22,2";"21,9";"97,0";"97,0";"96,0";"21,4";"21,5";"21,4";"";"";"";"0,1";"190,0";"1,0";"";"0,0"
"16/08/2024";"0600";"21,8";"21,9";"21,7";"98,0";"98,0";"97,0";"21,4";"21,4";"21,3";"";"";"";"1,0";"210,0";"1,9";"";"0,0"
"16/08/2024";"0700";"21,8";"21,8";"21,5";"98,0";"98,0";"97,0";"21,6";"21,6";"21,0";"";"";"";"0,0";"233,0";"2,4";"";"0,0"
"16/08/2024";"0800";"21,7";"21,9";"21,5";"99,0";"99,0";"98,0";"21,5";"21,6";"21,2";"";"";"";"0,7";"230,0";"2,2";"";"0,0"
"16/08/2024";"0900";"22,1";"22,1";"21,7";"98,0";"99,0";"98,0";"21,7";"21,8";"21,5";"";"";"";"0,3";"241,0";"1,5";"";"0,0"
"16/08/2024";"1000";"21,7";"22,1";"21,6";"99,0";"99,0";"98,0";"21,5";"21,7";"21,3";"";"";"";"1,0";"224,0";"2,4";"0,30";"0,0"
"16/08/2024";"1100";"22,5";"22,5";"21,6";"98,0";"99,0";"98,0";"22,2";"22,2";"21,4";"";"";"";"0,1";"208,0";"1,6";"110,00";"0,0"
"16/08/2024";"1200";"23,2";"23,2";"22,2";"94,0";"98,0";"94,0";"22,2";"22,3";"21,7";"";"";"";"0,5";"262,0";"1,6";"330,90";"0,0"
"16/08/2024";"1300";"26,7";"26,9";"23,2";"82,0";"94,0";"79,0";"23,3";"23,9";"22,1";"";"";"";"0,9";"215,0";"1,8";"1191,30";"0,0"
"16/08/2024";"1400";"30,1";"30,4";"26,5";"62,0";"85,0";"60,0";"21,9";"24,5";"21,5";"";"";"";"1,0";"329,0";"2,9";"2239,80";"0,2"
"16/08/2024";"1500";"32,8";"33,0";"30,1";"52,0";"63,0";"50,0";"21,5";"23,5";"21,0";"";"";"";"0,9";"305,0";"4,7";"2197,90";"1,8"
"16/08/2024";"1600";"30,9";"33,5";"30,9";"57,0";"57,0";"48,0";"21,4";"22,5";"20,7";"";"";"";"1,7";"315,0";"4,5";"2621,40";"1,0"
"16/08/2024";"1700";"30,0";"30,9";"25,7";"60,0";"82,0";"57,0";"21,3";"23,6";"20,7";"";"";"";"1,3";"300,0";"7,6";"1379,50";"0,2"
"16/08/2024";"1800";"27,8";"30,7";"27,7";"61,0";"64,0";"55,0";"19,6";"22,2";"19,6";"";"";"";"1,3";"295,0";"3,7";"839,10";"0,6"
"16/08/2024";"1900";"26,7";"27,8";"26,6";"76,0";"78,0";"61,0";"22,2";"22,6";"19,8";"";"";"";"2,1";"280,0";"4,8";"500,60";"1,2"
"16/08/2024";"2000";"27,2";"27,2";"26,7";"74,0";"76,0";"72,0";"22,2";"22,3";"21,2";"";"";"";"0,7";"309,0";"3,7";"524,10";"0,8"
"16/08/2024";"2100";"26,3";"27,2";"26,3";"79,0";"80,0";"73,0";"22,5";"22,7";"21,6";"";"";"";"1,9";"298,0";"3,5";"359,50";"0,2"
"16/08/2024";"2200";"24,8";"26,3";"24,8";"82,0";"83,0";"79,0";"21,5";"22,3";"21,5";"";"";"";"0,7";"298,0";"4,2";"104,80";"0,0"
"16/08/2024";"2300";"24,3";"24,8";"24,3";"87,0";"87,0";"82,0";"22,1";"22,1";"21,5";"";"";"";"0,4";"253,0";"1,7";"";"0,0"
"17/08/2024";"0000";"24,0";"24,6";"24,0";"87,0";"88,0";"83,0";"21,6";"22,1";"21,3";"";"";"";"1,1";"197,0";"2,4";"";"0,0"
"17/08/2024";"0100";"23,9";"24,0";"23,2";"84,0";"90,0";"84,0";"21,1";"21,8";"21,1";"";"";"";"1,4";"220,0";"2,4";"";"0,0"
"17/08/2024";"0200";"23,1";"24,1";"23,1";"87,0";"87,0";"83,0";"20,9";"21,1";"20,7";"";"";"";"0,1";"230,0";"2,3";"";"0,0"
"17/08/2024";"0300";"22,4";"23,3";"22,3";"91,0";"91,0";"87,0";"20,9";"21,0";"20,8";"";"";"";"0,0";"292,0";"1,8";"";"0,0"
"17/08/2024";"0400";"22,1";"22,6";"22,1";"93,0";"93,0";"91,0";"21,0";"21,2";"20,8";"";"";"";"0,0";"343,0";"1,4";"";"0,0"
"17/08/2024";"0500";"21,9";"22,1";"21,8";"96,0";"96,0";"93,0";"21,2";"21,3";"20,9";"";"";"";"0,3";"265,0";"1,0";"";"0,0"
"17/08/2024";"0600";"21,3";"21,9";"21,2";"97,0";"97,0";"95,0";"20,8";"21,2";"20,5";"";"";"";"0,8";"209,0";"1,6";"";"0,0"
"17/08/2024";"0700";"21,1";"21,5";"21,1";"96,0";"97,0";"95,0";"20,4";"20,9";"20,4";"";"";"";"0,5";"189,0";"1,2";"";"0,0"
"17/08/2024";"0800";"20,4";"21,1";"20,3";"99,0";"99,0";"96,0";"20,2";"20,5";"20,0";"";"";"";"0,3";"205,0";"1,8";"";"0,0"
"17/08/2024";"0900";"20,5";"20,6";"20,4";"99,0";"99,0";"99,0";"20,4";"20,5";"20,2";"";"";"";"0,0";"206,0";"1,8";"";"0,0"
"17/08/2024";"1000";"20,6";"20,7";"20,4";"99,0";"99,0";"99,0";"20,4";"20,5";"20,2";"";"";"";"0,0";"203,0";"0,6";"0,10";"0,0"
"17/08/2024";"1100";"20,9";"20,9";"20,4";"99,0";"99,0";"99,0";"20,7";"20,7";"20,3";"";"";"";"0,3";"206,0";"1,4";"113,40";"0,0"
"17/08/2024";"1200";"23,8";"23,8";"20,9";"87,0";"99,0";"86,0";"21,4";"21,8";"20,7";"";"";"";"0,7";"207,0";"2,0";"675,30";"0,0"
"17/08/2024";"1300";"27,1";"27,1";"23,8";"70,0";"87,0";"69,0";"21,1";"22,0";"20,5";"";"";"";"1,7";"192,0";"2,6";"1471,80";"0,0"
"17/08/2024";"1400";"30,3";"30,5";"27,1";"58,0";"71,0";"58,0";"21,2";"21,9";"20,9";"";"";"";"1,6";"210,0";"3,2";"2183,10";"0,0"
"17/08/2024";"1500";"32,6";"32,8";"30,4";"51,0";"59,0";"51,0";"21,1";"22,2";"20,7";"";"";"";"1,5";"266,0";"3,4";"2699,20";"0,0"
"17/08/2024";"1600";"33,3";"33,3";"31,7";"49,0";"54,0";"48,0";"21,2";"21,6";"20,4";"";"";"";"1,3";"274,0";"4,5";"2853,30";"0,0"
"17/08/2024";"1700";"35,0";"35,1";"32,4";"41,0";"51,0";"39,0";"19,6";"21,9";"18,9";"";"";"";"1,0";"292,0";"4,9";"2831,60";"0,0"
"17/08/2024";"1800";"34,0";"35,3";"32,9";"37,0";"47,0";"35,0";"17,3";"20,2";"17,0";"";"";"";"1,9";"286,0";"6,6";"2092,80";"0,0"
"17/08/2024";"1900";"35,0";"36,0";"33,7";"37,0";"44,0";"34,0";"18,2";"20,1";"17,2";"";"";"";"0,8";"237,0";"4,1";"2113,90";"0,0"
"17/08/2024";"2000";"33,2";"35,4";"33,0";"45,0";"45,0";"36,0";"19,5";"19,7";"17,7";"";"";"";"1,5";"220,0";"5,6";"607,30";"0,0"
"17/08/2024";"2100";"25,9";"33,2";"25,4";"78,0";"82,0";"44,0";"21,8";"22,1";"19,4";"";"";"";"2,8";"257,0";"6,8";"146,70";"0,0"
"17/08/2024";"2200";"23,0";"25,9";"23,0";"83,0";"84,0";"75,0";"20,1";"21,7";"20,0";"";"";"";"3,7";"315,0";"9,0";"17,70";"0,0"
"17/08/2024";"2300";"22,0";"23,2";"22,0";"89,0";"89,0";"83,0";"20,1";"20,4";"20,1";"";"";"";"0,9";"278,0";"7,0";"0,20";"0,0"
"18/08/2024";"0000";"22,2";"22,5";"22,0";"86,0";"90,0";"85,0";"19,8";"20,3";"19,8";"";"";"";"0,0";"332,0";"2,2";"";"0,0"
"18/08/2024";"0100";"21,9";"22,4";"21,9";"91,0";"91,0";"86,0";"20,3";"20,6";"19,8";"";"";"";"0,8";"185,0";"1,3";"";"0,0"
"18/08/2024";"0200";"22,1";"22,1";"21,8";"90,0";"92,0";"90,0";"20,5";"20,6";"20,2";"";"";"";"0,9";"257,0";"1,7";"";"0,0"
"18/08/2024";"0300";"22,2";"22,2";"22,0";"89,0";"90,0";"89,0";"20,3";"20,4";"20,0";"";"";"";"0,3";"269,0";"2,7";"";"0,0"
"18/08/2024";"0400";"21,8";"22,2";"21,6";"91,0";"93,0";"88,0";"20,1";"20,4";"20,1";"";"";"";"1,1";"211,0";"1,6";"";"0,0"
"18/08/2024";"0500";"21,4";"21,8";"21,2";"95,0";"95,0";"90,0";"20,6";"20,7";"20,0";"";"";"";"0,3";"289,0";"1,8";"";"0,0"
"18/08/2024";"0600";"20,6";"21,4";"20,6";"97,0";"97,0";"95,0";"20,1";"20,6";"20,0";"";"";"";"0,2";"207,0";"1,0";"";"0,0"
"18/08/2024";"0700";"20,8";"21,1";"20,6";"97,0";"97,0";"96,0";"20,3";"20,6";"20,1";"";"";"";"0,3";"320,0";"1,4";"";"0,0"
"18/08/2024";"0800";"20,7";"20,9";"20,6";"98,0";"98,0";"97,0";"20,3";"20,4";"20,1";"";"";"";"0,2";"298,0";"0,9";"";"0,0"
"18/08/2024";"0900";"20,1";"20,8";"20,1";"98,0";"98,0";"97,0";"19,7";"20,4";"19,7";"";"";"";"0,0";"205,0";"1,2";"";"0,0"
"18/08/2024";"1000";"20,3";"20,3";"20,1";"98,0";"98,0";"98,0";"20,0";"20,0";"19,7";"";"";"";"0,5";"200,0";"2,0";"";"0,0"
"18/08/2024";"1100";"21,1";"21,1";"20,3";"97,0";"98,0";"97,0";"20,6";"20,6";"20,0";"";"";"";"0,0";"222,0";"1,2";"98,20";"0,0"
"18/08/2024";"1200";"23,0";"23,0";"21,1";"90,0";"97,0";"90,0";"21,3";"21,4";"20,6";"";"";"";"0,5";"192,0";"1,4";"648,50";"0,0"
"18/08/2024";"1300";"26,7";"26,7";"23,0";"74,0";"91,0";"73,0";"21,8";"22,4";"21,1";"";"";"";"0,2";"320,0";"1,5";"1102,50";"0,0"
"18/08/2024";"1400";"29,2";"29,4";"26,5";"64,0";"75,0";"62,0";"21,7";"22,5";"21,0";"";"";"";"0,9";"296,0";"2,7";"1811,70";"0,0"
"18/08/2024";"1500";"31,2";"31,3";"29,2";"58,0";"67,0";"58,0";"21,8";"23,0";"21,8";"";"";"";"2,0";"298,0";"4,1";"2549,70";"0,0"
"18/08/2024";"1600";"32,2";"32,6";"30,7";"53,0";"59,0";"50,0";"21,3";"22,4";"20,6";"";"";"";"2,9";"276,0";"6,0";"2795,70";"0,0"
"18/08/2024";"1700";"33,0";"33,4";"31,9";"49,0";"53,0";"47,0";"20,9";"22,0";"20,3";"";"";"";"1,7";"282,0";"5,4";"2844,90";"0,0"
"18/08/2024";"1800";"32,5";"34,2";"32,3";"51,0";"51,0";"45,0";"20,9";"21,3";"19,7";"";"";"";"1,4";"314,0";"4,9";"1780,10";"0,0"
"18/08/2024";"1900";"28,2";"32,5";"28,2";"68,0";"68,0";"50,0";"21,7";"21,7";"20,3";"";"";"";"2,0";"324,0";"5,7";"423,90";"0,0"
"18/08/2024";"2000";"28,9";"29,2";"27,7";"63,0";"69,0";"60,0";"21,0";"21,9";"20,2";"";"";"";"2,9";"314,0";"6,3";"881,00";"0,0"
"18/08/2024";"2100";"28,6";"29,1";"28,4";"66,0";"66,0";"62,0";"21,6";"21,7";"20,9";"";"";"";"1,9";"310,0";"5,1";"638,60";"0,0"
"18/08/2024";"2200";"27,0";"28,6";"27,0";"70,0";"70,0";"65,0";"20,9";"21,7";"20,9";"";"";"";"1,1";"327,0";"3,1";"108,70";"0,0"
"18/08/2024";"2300";"25,8";"27,0";"25,8";"75,0";"75,0";"70,0";"21,1";"21,1";"20,8";"";"";"";"1,4";"322,0";"2,9";"";"0,0"
"19/08/2024";"0000";"25,0";"25,8";"25,0";"79,0";"80,0";"75,0";"21,2";"21,4";"21,0";"";"";"";"0,2";"322,0";"2,7";"";"0,0"
"19/08/2024";"0100";"24,3";"25,1";"24,3";"85,0";"85,0";"79,0";"21,6";"21,6";"21,0";"";"";"";"0,2";"327,0";"2,1";"";"0,0"
"19/08/2024";"0200";"23,6";"24,3";"23,6";"89,0";"89,0";"85,0";"21,7";"21,9";"21,6";"";"";"";"0,4";"243,0";"1,6";"";"0,0"
"19/08/2024";"0300";"23,5";"23,6";"23,2";"91,0";"91,0";"89,0";"21,9";"22,0";"21,7";"";"";"";"0,0";"305,0";"1,1";"";"0,0"
"19/08/2024";"0400";"22,6";"23,5";"22,5";"94,0";"94,0";"91,0";"21,5";"21,9";"21,5";"";"";"";"0,9";"210,0";"1,7";"";"0,0"
"19/08/2024";"0500";"22,4";"22,6";"22,4";"94,0";"94,0";"94,0";"21,5";"21,6";"21,4";"";"";"";"0,4";"252,0";"1,7";"";"0,0"
"19/08/2024";"0600";"22,3";"22,8";"22,3";"95,0";"95,0";"93,0";"21,4";"21,6";"21,3";"";"";"";"0,0";"293,0";"1,1";"";"0,0"
"19/08/2024";"0700";"21,8";"22,3";"21,8";"97,0";"97,0";"95,0";"21,2";"21,5";"21,2";"";"";"";"0,0";"247,0";"0,6";"";"0,0"
"19/08/2024";"0800";"21,7";"21,9";"21,6";"97,0";"98,0";"97,0";"21,2";"21,4";"21,1";"";"";"";"0,3";"314,0";"1,5";"";"0,0"
"19/08/2024";"0900";"21,3";"21,7";"21,2";"99,0";"99,0";"97,0";"21,1";"21,2";"20,9";"";"";"";"0,0";"324,0";"1,5";"";"0,0"
"19/08/2024";"1000";"21,2";"21,3";"21,1";"99,0";"99,0";"98,0";"21,1";"21,1";"20,8";"";"";"";"0,0";"338,0";"0,4";"0,10";"0,0"
"19/08/2024";"1100";"21,7";"21,7";"20,8";"99,0";"99,0";"99,0";"21,4";"21,5";"20,7";"";"";"";"0,3";"207,0";"1,3";"128,90";"0,0"
"19/08/2024";"1200";"24,2";"24,3";"21,6";"88,0";"99,0";"88,0";"22,1";"22,4";"21,3";"";"";"";"0,5";"227,0";"1,3";"698,70";"0,0"
"19/08/2024";"1300";"29,2";"29,2";"24,2";"64,0";"88,0";"64,0";"21,6";"22,7";"21,3";"";"";"";"0,8";"322,0";"2,0";"1467,70";"0,0"
"19/08/2024";"1400";"30,9";"31,6";"29,0";"58,0";"65,0";"57,0";"21,5";"22,8";"21,4";"";"";"";"1,6";"314,0";"4,9";"2157,50";"0,0"
"19/08/2024";"1500";"32,4";"33,3";"30,5";"50,0";"60,0";"50,0";"20,8";"22,7";"20,8";"";"";"";"1,1";"306,0";"4,7";"2673,00";"0,0"
"19/08/2024";"1600";"34,7";"34,7";"32,0";"48,0";"54,0";"48,0";"22,1";"22,4";"20,9";"";"";"";"1,7";"266,0";"5,7";"2612,00";"0,0"
"19/08/2024";"1700";"33,7";"35,2";"32,5";"48,0";"52,0";"44,0";"21,3";"22,1";"20,7";"";"";"";"1,5";"307,0";"4,9";"2347,40";"0,0"
"19/08/2024";"1800";"30,9";"34,8";"30,9";"61,0";"61,0";"44,0";"22,5";"22,5";"19,8";"";"";"";"0,7";"305,0";"4,5";"1282,20";"0,0"
"19/08/2024";"1900";"28,5";"31,3";"25,7";"61,0";"73,0";"57,0";"20,2";"22,9";"19,7";"";"";"";"3,1";"313,0";"7,3";"652,40";"0,0"
"19/08/2024";"2000";"29,6";"29,7";"28,5";"56,0";"61,0";"56,0";"19,9";"20,4";"19,6";"";"";"";"2,3";"301,0";"6,3";"1488,00";"0,0"
"19/08/2024";"2100";"28,9";"30,4";"28,9";"63,0";"63,0";"53,0";"21,1";"21,1";"19,7";"";"";"";"1,8";"316,0";"3,6";"580,60";"0,0"
"19/08/2024";"2200";"25,9";"28,9";"25,9";"75,0";"75,0";"63,0";"21,2";"21,3";"20,8";"";"";"";"1,5";"323,0";"4,7";"48,50";"0,0"
"19/08/2024";"2300";"25,4";"25,8";"25,2";"78,0";"80,0";"75,0";"21,3";"21,6";"21,0";"";"";"";"0,9";"255,0";"4,2";"";"0,0"
"20/08/2024";"0000";"24,7";"25,5";"24,7";"85,0";"85,0";"78,0";"21,9";"21,9";"21,3";"";"";"";"0,2";"327,0";"2,4";"";"0,0"
"20/08/2024";"0100";"24,9";"25,0";"24,5";"83,0";"86,0";"83,0";"21,8";"22,1";"21,8";"";"";"";"0,9";"317,0";"5,0";"";"0,0"
"20/08/2024";"0200";"24,0";"25,0";"24,0";"88,0";"88,0";"82,0";"21,9";"21,9";"21,7";"";"";"";"1,2";"306,0";"4,0";"";"0,0"
"20/08/2024";"0300";"23,7";"24,1";"23,7";"88,0";"89,0";"88,0";"21,7";"22,0";"21,7";"";"";"";"0,1";"338,0";"2,0";"";"0,0"
"20/08/2024";"0400";"23,3";"24,0";"23,0";"92,0";"93,0";"87,0";"21,9";"21,9";"21,6";"";"";"";"0,0";"274,0";"1,2";"";"0,0"
"20/08/2024";"0500";"23,0";"23,3";"22,8";"93,0";"94,0";"91,0";"21,8";"21,8";"21,6";"";"";"";"0,2";"256,0";"1,7";"";"0,0"
"20/08/2024";"0600";"22,6";"23,0";"22,5";"95,0";"95,0";"93,0";"21,6";"21,8";"21,6";"";"";"";"0,0";"196,0";"0,8";"";"0,0"
"20/08/2024";"0700";"21,8";"22,8";"21,8";"95,0";"95,0";"94,0";"21,0";"21,8";"21,0";"";"";"";"1,2";"201,0";"2,3";"";"0,0"
"20/08/2024";"0800";"22,7";"22,8";"21,8";"93,0";"96,0";"93,0";"21,5";"21,6";"21,1";"";"";"";"0,6";"198,0";"2,3";"";"0,0"
"20/08/2024";"0900";"23,0";"23,0";"22,2";"92,0";"95,0";"92,0";"21,6";"21,6";"21,4";"";"";"";"0,4";"240,0";"2,4";"";"0,0"
"20/08/2024";"1000";"22,4";"23,1";"22,4";"94,0";"94,0";"91,0";"21,4";"21,6";"21,4";"";"";"";"0,6";"279,0";"1,4";"";"0,0"
"20/08/2024";"1100";"22,3";"22,4";"22,1";"96,0";"96,0";"94,0";"21,6";"21,6";"21,3";"";"";"";"1,2";"197,0";"2,3";"129,70";"0,0"
"20/08/2024";"1200";"26,3";"26,3";"22,3";"79,0";"96,0";"79,0";"22,4";"22,8";"21,7";"";"";"";"0,5";"239,0";"2,1";"731,80";"0,0"
"20/08/2024";"1300";"30,1";"30,1";"26,2";"60,0";"79,0";"60,0";"21,5";"23,1";"21,4";"";"";"";"0,5";"246,0";"2,0";"1525,30";"0,0"
"20/08/2024";"1400";"31,6";"32,9";"30,0";"47,0";"60,0";"45,0";"18,9";"21,1";"18,8";"";"";"";"2,2";"258,0";"4,2";"2243,70";"0,0"
"20/08/2024";"1500";"33,9";"34,4";"31,6";"42,0";"48,0";"41,0";"19,4";"20,4";"18,6";"";"";"";"1,8";"281,0";"5,8";"2683,40";"0,0"
"20/08/2024";"1600";"34,3";"34,8";"32,9";"40,0";"45,0";"40,0";"18,8";"19,7";"18,4";"";"";"";"2,5";"297,0";"6,9";"2898,90";"0,0"
"20/08/2024";"1700";"34,1";"36,0";"34,0";"40,0";"41,0";"37,0";"18,7";"19,7";"18,4";"";"";"";"1,9";"301,0";"7,3";"2672,20";"0,0"
"20/08/2024";"1800";"33,9";"35,7";"33,9";"41,0";"42,0";"37,0";"18,9";"19,3";"18,1";"";"";"";"2,4";"272,0";"5,5";"1904,30";"0,0"
"20/08/2024";"1900";"34,2";"35,4";"33,8";"35,0";"42,0";"35,0";"16,7";"19,5";"16,5";"";"";"";"2,8";"283,0";"7,8";"1429,90";"0,0"
"20/08/2024";"2000";"34,9";"35,5";"34,1";"29,0";"36,0";"29,0";"14,4";"17,1";"14,4";"";"";"";"2,6";"282,0";"6,4";"1065,10";"0,0"
"20/08/2024";"2100";"33,4";"35,3";"33,4";"34,0";"34,0";"29,0";"15,2";"15,2";"14,4";"";"";"";"2,6";"254,0";"5,8";"583,90";"0,0"
"20/08/2024";"2200";"28,8";"33,4";"28,8";"65,0";"65,0";"34,0";"21,6";"21,6";"15,2";"";"";"";"2,3";"243,0";"5,0";"106,50";"0,0"
"20/08/2024";"2300";"27,4";"28,8";"27,4";"71,0";"71,0";"65,0";"21,6";"21,6";"21,4";"";"";"";"2,0";"239,0";"4,6";"";"0,0"
"21/08/2024";"0000";"26,4";"27,4";"26,4";"74,0";"74,0";"71,0";"21,4";"21,6";"21,4";"";"";"";"1,3";"255,0";"4,0";"";"0,0"
"21/08/2024";"0100";"25,7";"26,4";"25,7";"76,0";"76,0";"74,0";"21,2";"21,5";"21,1";"";"";"";"1,1";"247,0";"2,4";"";"0,0"
"21/08/2024";"0200";"25,2";"25,7";"25,0";"80,0";"80,0";"76,0";"21,4";"21,4";"21,2";"";"";"";"0,7";"192,0";"2,1";"";"0,0"
"21/08/2024";"0300";"23,5";"25,2";"23,5";"87,0";"87,0";"79,0";"21,3";"21,4";"21,1";"";"";"";"1,4";"198,0";"2,8";"";"0,0"
"21/08/2024";"0400";"23,8";"23,9";"23,5";"86,0";"87,0";"85,0";"21,4";"21,4";"21,1";"";"";"";"0,0";"207,0";"2,9";"";"0,0"
"21/08/2024";"0500";"23,3";"24,3";"23,3";"88,0";"88,0";"83,0";"21,2";"21,4";"21,1";"";"";"";"0,1";"321,0";"2,3";"";"0,0"
"21/08/2024";"0600";"23,3";"23,4";"23,0";"89,0";"90,0";"88,0";"21,3";"21,4";"21,1";"";"";"";"0,3";"321,0";"1,0";"";"0,0"
"21/08/2024";"0700";"22,0";"23,3";"22,0";"95,0";"95,0";"88,0";"21,2";"21,3";"21,0";"";"";"";"0,0";"309,0";"0,9";"";"0,0"
"21/08/2024";"0800";"22,0";"22,3";"21,9";"95,0";"95,0";"94,0";"21,2";"21,3";"21,1";"";"";"";"0,0";"304,0";"0,9";"";"0,0"
"21/08/2024";"0900";"21,7";"22,0";"21,6";"96,0";"96,0";"95,0";"21,0";"21,3";"20,9";"";"";"";"0,3";"196,0";"1,2";"";"0,0"
"21/08/2024";"1000";"21,6";"21,7";"21,5";"97,0";"97,0";"96,0";"21,0";"21,1";"20,9";"";"";"";"0,0";"180,0";"1,4";"0,30";"0,0"
"21/08/2024";"1100";"22,5";"22,5";"21,5";"94,0";"97,0";"94,0";"21,5";"21,6";"20,9";"";"";"";"0,0";"195,0";"1,8";"124,00";"0,0"
"21/08/2024";"1200";"24,8";"24,9";"22,5";"86,0";"94,0";"84,0";"22,3";"22,4";"21,5";"";"";"";"0,1";"273,0";"0,9";"414,50";"0,0"
"21/08/2024";"1300";"23,4";"24,8";"23,4";"95,0";"95,0";"84,0";"22,5";"22,6";"21,7";"";"";"";"1,4";"244,0";"2,7";"150,60";"0,0"
"21/08/2024";"1400";"23,7";"23,8";"23,4";"95,0";"96,0";"94,0";"22,9";"23,1";"22,6";"";"";"";"1,6";"277,0";"2,8";"254,40";"0,0"
"21/08/2024";"1500";"28,0";"28,1";"23,7";"76,0";"96,0";"74,0";"23,5";"24,3";"22,7";"";"";"";"1,3";"304,0";"2,7";"2028,10";"0,0"
"21/08/2024";"1600";"31,0";"31,1";"28,0";"60,0";"81,0";"57,0";"22,4";"24,8";"21,2";"";"";"";"1,9";"268,0";"3,6";"3055,10";"0,0"
"21/08/2024";"1700";"33,0";"33,3";"30,9";"52,0";"62,0";"51,0";"21,8";"23,2";"21,5";"";"";"";"2,6";"270,0";"5,0";"2820,30";"0,0"
"21/08/2024";"1800";"32,2";"33,9";"32,0";"54,0";"54,0";"50,0";"21,6";"22,3";"21,2";"";"";"";"1,8";"261,0";"4,7";"1784,00";"0,0"
"21/08/2024";"1900";"32,4";"34,0";"32,0";"53,0";"55,0";"49,0";"21,5";"22,4";"21,0";"";"";"";"1,9";"293,0";"4,7";"1552,20";"0,0"
"21/08/2024";"2000";"25,0";"32,4";"23,1";"79,0";"91,0";"53,0";"21,0";"22,0";"20,0";"";"";"";"2,5";"269,0";"11,1";"111,70";"0,8"
"21/08/2024";"2100";"23,4";"25,4";"23,3";"89,0";"90,0";"78,0";"21,4";"22,0";"21,0";"";"";"";"2,3";"190,0";"4,3";"191,80";"0,2"
"21/08/2024";"2200";"23,5";"24,0";"23,3";"87,0";"90,0";"83,0";"21,3";"21,8";"21,0";"";"";"";"0,8";"227,0";"4,0";"99,60";"0,0"
"21/08/2024";"2300";"25,6";"25,9";"22,6";"79,0";"94,0";"77,0";"21,7";"22,7";"21,1";"";"";"";"3,5";"281,0";"6,5";"3,10";"14,0"
"22/08/2024";"0000";"23,9";"25,6";"23,9";"87,0";"88,0";"79,0";"21,7";"22,0";"21,4";"";"";"";"0,2";"240,0";"6,5";"3,90";"1,2"
"22/08/2024";"0100";"23,4";"24,0";"23,4";"94,0";"94,0";"87,0";"22,5";"22,5";"21,7";"";"";"";"0,0";"208,0";"2,1";"0,50";"0,0"
"22/08/2024";"0200";"23,0";"23,4";"23,0";"96,0";"96,0";"94,0";"22,3";"22,6";"22,1";"";"";"";"0,4";"297,0";"1,0";"";"0,0"
"22/08/2024";"0300";"22,6";"23,0";"22,6";"97,0";"98,0";"96,0";"22,2";"22,4";"22,1";"";"";"";"0,0";"240,0";"1,1";"";"0,0"
"22/08/2024";"0400";"22,1";"22,7";"22,1";"97,0";"98,0";"97,0";"21,6";"22,3";"21,6";"";"";"";"0,1";"208,0";"1,7";"";"0,0"
"22/08/2024";"0500";"21,8";"22,1";"21,7";"98,0";"98,0";"97,0";"21,5";"21,7";"21,3";"";"";"";"1,0";"190,0";"1,9";"";"0,0"
"22/08/2024";"0600";"21,5";"21,7";"21,5";"99,0";"99,0";"98,0";"21,3";"21,5";"21,3";"";"";"";"0,7";"191,0";"1,9";"";"0,0"
"22/08/2024";"0700";"21,5";"21,5";"21,4";"99,0";"99,0";"99,0";"21,4";"21,4";"21,3";"";"";"";"0,5";"245,0";"1,4";"";"0,0"
"22/08/2024";"0800";"21,6";"21,7";"21,5";"99,0";"99,0";"99,0";"21,5";"21,6";"21,4";"";"";"";"0,0";"236,0";"1,1";"";"0,0"
"22/08/2024";"0900";"21,3";"21,6";"21,3";"99,0";"99,0";"99,0";"21,2";"21,5";"21,2";"";"";"";"0,1";"211,0";"0,7";"";"0,0"
"22/08/2024";"1000";"20,9";"21,3";"20,9";"99,0";"99,0";"99,0";"20,9";"21,2";"20,9";"";"";"";"0,3";"195,0";"1,4";"1,20";"0,0"
"22/08/2024";"1100";"22,2";"22,2";"20,9";"99,0";"100,0";"99,0";"22,1";"22,1";"20,8";"";"";"";"0,6";"263,0";"1,0";"145,90";"0,0"
"22/08/2024";"1200";"25,9";"25,9";"22,2";"86,0";"99,0";"86,0";"23,3";"23,3";"22,1";"";"";"";"0,0";"333,0";"1,0";"734,90";"4,2"
"22/08/2024";"1300";"29,2";"29,2";"25,7";"74,0";"87,0";"73,0";"24,2";"24,6";"22,7";"";"";"";"0,1";"298,0";"1,2";"1565,50";"0,0"
"22/08/2024";"1400";"31,9";"32,0";"28,7";"61,0";"77,0";"61,0";"23,5";"24,7";"22,7";"";"";"";"0,6";"311,0";"3,1";"2312,00";"0,0"
"22/08/2024";"1500";"32,8";"33,4";"31,8";"49,0";"63,0";"46,0";"20,8";"24,0";"19,8";"";"";"";"2,3";"314,0";"5,3";"2769,90";"0,4"
"22/08/2024";"1600";"33,7";"34,4";"32,7";"45,0";"49,0";"43,0";"20,0";"21,3";"19,6";"";"";"";"2,1";"307,0";"7,8";"2968,50";"0,0"
"22/08/2024";"1700";"35,1";"35,3";"33,6";"40,0";"46,0";"40,0";"19,6";"20,8";"18,5";"";"";"";"1,6";"296,0";"7,0";"2729,70";"0,0"
"22/08/2024";"1800";"35,4";"36,4";"34,4";"36,0";"41,0";"34,0";"18,1";"19,9";"17,0";"";"";"";"1,9";"292,0";"5,8";"2500,40";"0,0"
"22/08/2024";"1900";"35,4";"36,6";"34,7";"34,0";"36,0";"30,0";"17,1";"17,7";"15,5";"";"";"";"2,2";"265,0";"5,8";"1931,50";"0,0"
"22/08/2024";"2000";"34,3";"35,5";"33,6";"34,0";"36,0";"32,0";"16,1";"17,1";"15,4";"";"";"";"1,2";"268,0";"5,7";"663,80";"0,0"
"22/08/2024";"2100";"32,5";"34,4";"32,5";"44,0";"44,0";"33,0";"18,6";"18,6";"16,0";"";"";"";"1,5";"274,0";"5,5";"478,70";"0,0"
"22/08/2024";"2200";"30,6";"32,5";"30,6";"48,0";"49,0";"43,0";"18,5";"19,0";"18,3";"";"";"";"1,3";"245,0";"4,1";"94,30";"0,0"
"22/08/2024";"2300";"29,1";"30,7";"29,1";"54,0";"55,0";"48,0";"19,0";"19,0";"18,3";"";"";"";"1,2";"241,0";"2,2";"";"0,0"
"23/08/2024";"0000";"28,2";"29,1";"28,1";"58,0";"59,0";"54,0";"19,1";"19,4";"18,9";"";"";"";"1,0";"218,0";"1,9";"";"0,0"
"23/08/2024";"0100";"26,9";"28,2";"26,9";"64,0";"65,0";"58,0";"19,5";"19,7";"19,0";"";"";"";"0,4";"209,0";"1,6";"";"0,0"
"23/08/2024";"0200";"25,6";"26,9";"25,4";"73,0";"74,0";"64,0";"20,5";"20,6";"19,4";"";"";"";"1,1";"219,0";"1,5";"";"0,0"
"23/08/2024";"0300";"24,7";"25,6";"24,6";"80,0";"81,0";"73,0";"21,1";"21,1";"20,2";"";"";"";"0,1";"302,0";"1,5";"";"0,0"
"23/08/2024";"0400";"23,8";"24,7";"23,5";"84,0";"87,0";"81,0";"20,9";"21,4";"20,8";"";"";"";"0,0";"200,0";"1,5";"";"0,0"
"23/08/2024";"0500";"23,2";"23,8";"23,1";"88,0";"88,0";"84,0";"21,0";"21,1";"20,7";"";"";"";"0,1";"234,0";"0,7";"";"0,0"
"23/08/2024";"0600";"22,4";"23,2";"22,4";"91,0";"91,0";"87,0";"20,8";"21,1";"20,8";"";"";"";"0,0";"191,0";"1,1";"";"0,0"
"23/08/2024";"0700";"21,6";"22,4";"21,5";"95,0";"95,0";"91,0";"20,8";"21,0";"20,5";"";"";"";"0,9";"191,0";"1,6";"";"0,0"
"23/08/2024";"0800";"21,7";"21,8";"21,5";"93,0";"95,0";"93,0";"20,5";"20,9";"20,5";"";"";"";"0,4";"202,0";"1,5";"";"0,0"
"23/08/2024";"0900";"21,3";"22,0";"21,3";"94,0";"94,0";"90,0";"20,3";"20,6";"20,2";"";"";"";"0,4";"201,0";"1,7";"";"0,0"
"23/08/2024";"1000";"21,2";"21,6";"21,2";"94,0";"94,0";"92,0";"20,2";"20,5";"20,0";"";"";"";"0,6";"188,0";"1,0";"";"0,0"
"23/08/2024";"1100";"21,4";"21,4";"21,0";"93,0";"96,0";"93,0";"20,3";"20,6";"20,1";"";"";"";"1,1";"187,0";"1,8";"108,30";"0,0"
"23/08/2024";"1200";"23,6";"23,6";"21,2";"83,0";"95,0";"83,0";"20,5";"21,0";"20,2";"";"";"";"0,4";"193,0";"2,0";"518,60";"0,0"
"23/08/2024";"1300";"28,0";"28,0";"23,6";"65,0";"86,0";"65,0";"20,9";"21,8";"20,4";"";"";"";"0,3";"226,0";"1,4";"1105,80";"0,0"
"23/08/2024";"1400";"31,2";"31,2";"27,9";"57,0";"68,0";"55,0";"21,8";"21,9";"20,4";"";"";"";"0,7";"325,0";"3,3";"1629,00";"0,0"
"23/08/2024";"1500";"33,0";"33,0";"30,8";"51,0";"58,0";"49,0";"21,5";"22,0";"20,4";"";"";"";"1,1";"323,0";"4,1";"2050,40";"0,0"
"23/08/2024";"1600";"33,8";"34,5";"32,5";"42,0";"51,0";"40,0";"19,2";"21,7";"18,8";"";"";"";"1,4";"325,0";"4,7";"2330,70";"0,0"
"23/08/2024";"1700";"34,2";"35,1";"33,8";"40,0";"44,0";"38,0";"18,7";"20,3";"18,1";"";"";"";"0,8";"303,0";"4,7";"1942,60";"0,0"
"23/08/2024";"1800";"33,6";"35,1";"33,5";"43,0";"44,0";"39,0";"19,3";"19,9";"18,4";"";"";"";"1,1";"322,0";"4,0";"1141,20";"0,0"
"23/08/2024";"1900";"33,7";"34,8";"33,6";"43,0";"44,0";"40,0";"19,4";"19,7";"18,5";"";"";"";"1,2";"301,0";"2,9";"1023,90";"0,0"
"23/08/2024";"2000";"33,5";"34,6";"33,5";"45,0";"47,0";"41,0";"20,0";"20,5";"18,8";"";"";"";"1,8";"305,0";"3,0";"919,10";"0,0"
"23/08/2024";"2100";"29,5";"33,7";"29,5";"57,0";"57,0";"45,0";"20,2";"21,1";"19,9";"";"";"";"3,9";"229,0";"7,2";"413,10";"0,0"
"23/08/2024";"2200";"28,2";"29,5";"28,2";"56,0";"59,0";"56,0";"18,6";"20,3";"18,6";"";"";"";"1,5";"243,0";"7,2";"74,40";"0,0"
"23/08/2024";"2300";"27,1";"28,3";"27,1";"62,0";"62,0";"56,0";"19,2";"19,3";"18,6";"";"";"";"0,6";"203,0";"2,5";"0,10";"0,0"
"24/08/2024";"0000";"26,5";"27,2";"26,4";"66,0";"67,0";"61,0";"19,8";"20,0";"19,0";"";"";"";"0,2";"193,0";"2,1";"";"0,0"
"24/08/2024";"0100";"25,5";"26,5";"25,5";"74,0";"74,0";"66,0";"20,4";"20,5";"19,7";"";"";"";"0,3";"265,0";"1,3";"";"0,0"
"24/08/2024";"0200";"25,0";"25,7";"24,9";"76,0";"77,0";"72,0";"20,5";"20,7";"20,1";"";"";"";"0,7";"229,0";"1,5";"";"0,0"
"24/08/2024";"0300";"24,6";"25,0";"24,6";"79,0";"79,0";"76,0";"20,8";"21,0";"20,4";"";"";"";"1,2";"214,0";"1,9";"";"0,0"
"24/08/2024";"0400";"24,3";"24,7";"23,9";"80,0";"83,0";"79,0";"20,7";"21,0";"20,7";"";"";"";"0,0";"311,0";"2,2";"";"0,0"
"24/08/2024";"0500";"23,1";"24,4";"23,1";"88,0";"88,0";"80,0";"21,1";"21,2";"20,7";"";"";"";"0,9";"205,0";"1,8";"";"0,0"
"24/08/2024";"0600";"23,0";"23,5";"23,0";"88,0";"88,0";"84,0";"20,9";"21,1";"20,7";"";"";"";"0,8";"198,0";"1,6";"";"0,0"
"24/08/2024";"0700";"22,8";"23,3";"22,8";"89,0";"89,0";"87,0";"21,0";"21,2";"20,7";"";"";"";"0,1";"196,0";"1,4";"";"0,0"
"24/08/2024";"0800";"22,5";"22,8";"22,3";"93,0";"93,0";"89,0";"21,2";"21,3";"21,0";"";"";"";"0,0";"298,0";"0,9";"";"0,0"
"24/08/2024";"0900";"22,2";"22,7";"22,2";"94,0";"94,0";"92,0";"21,2";"21,3";"21,1";"";"";"";"0,1";"202,0";"0,9";"";"0,0"
"24/08/2024";"1000";"22,2";"22,3";"22,1";"93,0";"94,0";"93,0";"21,0";"21,2";"21,0";"";"";"";"0,1";"262,0";"1,3";"";"0,0"
"24/08/2024";"1100";"23,5";"23,5";"22,1";"89,0";"94,0";"89,0";"21,5";"21,7";"21,0";"";"";"";"0,1";"326,0";"1,1";"110,80";"0,0"
"24/08/2024";"1200";"25,8";"25,8";"23,5";"81,0";"89,0";"81,0";"22,3";"22,4";"21,6";"";"";"";"0,7";"243,0";"1,6";"598,20";"0,0"
"24/08/2024";"1300";"28,9";"28,9";"25,8";"67,0";"82,0";"66,0";"22,3";"23,0";"21,6";"";"";"";"1,4";"310,0";"4,6";"1112,30";"0,0"
"24/08/2024";"1400";"29,5";"29,8";"28,8";"64,0";"68,0";"63,0";"21,9";"22,7";"21,5";"";"";"";"2,8";"306,0";"6,8";"1542,70";"0,0"
"24/08/2024";"1500";"32,0";"32,2";"29,4";"55,0";"64,0";"55,0";"21,9";"22,8";"21,5";"";"";"";"2,0";"310,0";"7,3";"2022,40";"0,0"
"24/08/2024";"1600";"32,6";"33,9";"31,3";"50,0";"56,0";"49,0";"21,0";"22,3";"21,0";"";"";"";"2,0";"319,0";"7,3";"2794,40";"0,0"
"24/08/2024";"1700";"33,2";"33,4";"31,6";"47,0";"53,0";"45,0";"20,3";"21,6";"19,5";"";"";"";"2,1";"309,0";"6,2";"2434,40";"0,0"
"24/08/2024";"1800";"33,1";"33,9";"32,6";"46,0";"48,0";"43,0";"20,1";"20,5";"19,4";"";"";"";"1,8";"294,0";"5,6";"2376,60";"0,0"
"24/08/2024";"1900";"33,3";"34,1";"33,1";"45,0";"47,0";"43,0";"19,8";"20,7";"19,4";"";"";"";"1,5";"316,0";"4,8";"1844,20";"0,0"
"24/08/2024";"2000";"32,9";"33,9";"32,6";"46,0";"47,0";"44,0";"19,7";"20,6";"19,4";"";"";"";"1,8";"282,0";"4,4";"1200,40";"0,0"
"24/08/2024";"2100";"31,4";"32,9";"31,3";"52,0";"52,0";"46,0";"20,4";"20,4";"19,7";"";"";"";"1,7";"274,0";"4,6";"419,40";"0,0"
"24/08/2024";"2200";"29,9";"31,4";"29,9";"58,0";"58,0";"52,0";"20,7";"20,8";"20,4";"";"";"";"0,1";"308,0";"3,1";"131,90";"0,0"
"24/08/2024";"2300";"28,4";"29,9";"28,4";"66,0";"66,0";"58,0";"21,4";"21,5";"20,7";"";"";"";"0,3";"264,0";"1,0";"";"0,0"
"25/08/2024";"0000";"27,6";"28,6";"27,6";"70,0";"70,0";"66,0";"21,6";"21,8";"21,5";"";"";"";"0,5";"298,0";"1,7";"";"0,0"
"25/08/2024";"0100";"26,7";"27,9";"26,7";"74,0";"75,0";"68,0";"21,8";"21,8";"21,4";"";"";"";"1,3";"255,0";"1,6";"";"0,0"
"25/08/2024";"0200";"25,6";"26,8";"25,6";"80,0";"80,0";"74,0";"21,9";"22,0";"21,6";"";"";"";"0,0";"220,0";"1,7";"";"0,0"
"25/08/2024";"0300";"25,4";"25,7";"25,4";"83,0";"83,0";"80,0";"22,3";"22,4";"21,9";"";"";"";"0,0";"346,0";"1,3";"";"0,0"
"25/08/2024";"0400";"24,6";"25,4";"24,6";"87,0";"87,0";"83,0";"22,3";"22,5";"22,1";"";"";"";"0,0";"263,0";"1,0";"";"0,0"
"25/08/2024";"0500";"23,1";"24,6";"23,1";"93,0";"93,0";"87,0";"22,0";"22,4";"22,0";"";"";"";"1,5";"186,0";"2,0";"";"0,0"
"25/08/2024";"0600";"23,3";"23,4";"23,0";"93,0";"94,0";"93,0";"22,0";"22,2";"22,0";"";"";"";"0,2";"252,0";"2,0";"";"0,0"
"25/08/2024";"0700";"22,9";"23,2";"22,8";"95,0";"95,0";"93,0";"22,0";"22,1";"21,9";"";"";"";"0,0";"353,0";"1,2";"";"0,0"
"25/08/2024";"0800";"22,7";"23,1";"22,7";"93,0";"95,0";"92,0";"21,4";"22,1";"21,4";"";"";"";"0,0";"333,0";"1,1";"";"0,0"
"25/08/2024";"0900";"22,1";"22,7";"22,1";"95,0";"95,0";"92,0";"21,3";"21,4";"21,2";"";"";"";"0,1";"250,0";"1,2";"";"0,0"
"25/08/2024";"1000";"21,7";"22,1";"21,6";"98,0";"98,0";"95,0";"21,4";"21,6";"21,2";"";"";"";"0,9";"191,0";"1,9";"0,30";"0,0"
"25/08/2024";"1100";"22,8";"22,8";"21,6";"97,0";"99,0";"97,0";"22,3";"22,4";"21,4";"";"";"";"0,0";"194,0";"1,6";"123,50";"0,0"
"25/08/2024";"1200";"25,3";"25,4";"22,8";"85,0";"97,0";"84,0";"22,6";"23,0";"22,2";"";"";"";"0,2";"222,0";"1,0";"653,60";"0,0"
"25/08/2024";"1300";"29,3";"29,4";"25,3";"70,0";"85,0";"70,0";"23,4";"23,8";"22,5";"";"";"";"1,2";"205,0";"2,3";"1404,90";"0,0"
"25/08/2024";"1400";"32,0";"32,0";"28,8";"53,0";"73,0";"52,0";"21,1";"23,8";"20,7";"";"";"";"2,5";"252,0";"4,3";"2013,10";"0,0"
"25/08/2024";"1500";"32,8";"33,2";"31,5";"46,0";"53,0";"46,0";"19,8";"21,1";"19,6";"";"";"";"2,7";"252,0";"6,2";"2521,10";"0,0"
"25/08/2024";"1600";"33,5";"34,4";"32,6";"43,0";"48,0";"41,0";"19,1";"20,7";"18,3";"";"";"";"2,3";"275,0";"5,4";"2614,00";"0,0"
"25/08/2024";"1700";"34,8";"34,8";"33,2";"41,0";"44,0";"41,0";"19,6";"20,1";"18,7";"";"";"";"2,6";"244,0";"6,7";"2529,50";"0,0"
"25/08/2024";"1800";"34,5";"35,3";"33,7";"40,0";"43,0";"38,0";"19,0";"20,2";"18,4";"";"";"";"3,1";"248,0";"7,9";"2165,10";"0,0"
"25/08/2024";"1900";"35,4";"35,6";"34,2";"36,0";"41,0";"35,0";"17,9";"18,9";"17,4";"";"";"";"3,2";"244,0";"7,2";"1882,20";"0,0"
"25/08/2024";"2000";"34,4";"35,4";"34,4";"38,0";"38,0";"35,0";"18,0";"18,3";"17,3";"";"";"";"3,1";"254,0";"6,3";"1305,70";"0,0"
"25/08/2024";"2100";"32,5";"34,6";"32,5";"48,0";"48,0";"38,0";"20,0";"20,1";"18,0";"";"";"";"2,3";"214,0";"6,2";"658,60";"0,0"
"25/08/2024";"2200";"30,6";"32,5";"30,6";"55,0";"55,0";"48,0";"20,4";"20,4";"20,0";"";"";"";"1,9";"222,0";"4,7";"144,90";"0,0"
"25/08/2024";"2300";"28,7";"30,5";"28,7";"68,0";"68,0";"55,0";"22,2";"22,2";"20,4";"";"";"";"1,8";"199,0";"4,2";"";"0,0"
"26/08/2024";"0000";"27,5";"28,7";"27,5";"71,0";"71,0";"68,0";"21,8";"22,2";"21,8";"";"";"";"1,3";"205,0";"4,2";"";"0,0"
"26/08/2024";"0100";"26,6";"27,5";"26,6";"70,0";"71,0";"70,0";"20,7";"21,7";"20,7";"";"";"";"1,3";"206,0";"4,5";"";"0,0"
"26/08/2024";"0200";"25,9";"26,6";"25,8";"69,0";"70,0";"68,0";"19,8";"20,7";"19,8";"";"";"";"1,3";"205,0";"3,3";"";"0,0"
"26/08/2024";"0300";"25,6";"25,9";"25,4";"69,0";"71,0";"69,0";"19,5";"19,8";"19,5";"";"";"";"1,8";"194,0";"3,3";"";"0,0"
"26/08/2024";"0400";"24,9";"25,6";"24,9";"71,0";"71,0";"69,0";"19,3";"19,5";"19,3";"";"";"";"1,8";"190,0";"3,8";"";"0,0"
"26/08/2024";"0500";"24,4";"25,0";"24,4";"71,0";"73,0";"71,0";"18,8";"19,3";"18,8";"";"";"";"2,1";"196,0";"4,4";"";"0,0"
"26/08/2024";"0600";"24,3";"24,6";"24,1";"67,0";"71,0";"66,0";"17,7";"18,7";"17,7";"";"";"";"2,4";"210,0";"6,0";"";"0,0"
"26/08/2024";"0700";"23,4";"24,3";"23,4";"68,0";"68,0";"67,0";"17,1";"17,7";"17,1";"";"";"";"1,6";"205,0";"4,5";"";"0,0"
"26/08/2024";"0800";"22,7";"23,7";"22,7";"70,0";"70,0";"66,0";"16,9";"17,2";"16,8";"";"";"";"1,4";"201,0";"4,4";"";"0,0"
"26/08/2024";"0900";"22,1";"22,7";"22,1";"72,0";"73,0";"70,0";"16,9";"17,2";"16,9";"";"";"";"1,5";"212,0";"3,9";"";"0,0"
"26/08/2024";"1000";"21,8";"22,2";"21,8";"71,0";"73,0";"71,0";"16,3";"16,9";"16,3";"";"";"";"2,7";"212,0";"5,4";"";"0,0"
"26/08/2024";"1100";"21,9";"21,9";"21,7";"69,0";"71,0";"68,0";"15,9";"16,3";"15,8";"";"";"";"2,7";"208,0";"6,3";"108,70";"0,0"
"26/08/2024";"1200";"22,7";"22,7";"21,9";"67,0";"69,0";"67,0";"16,2";"16,4";"15,8";"";"";"";"2,7";"212,0";"6,6";"546,10";"0,0"
"26/08/2024";"1300";"23,2";"23,7";"22,4";"62,0";"68,0";"61,0";"15,6";"16,4";"15,4";"";"";"";"4,5";"218,0";"8,0";"1218,90";"0,0"
"26/08/2024";"1400";"24,4";"24,6";"23,2";"60,0";"63,0";"58,0";"16,0";"16,2";"15,3";"";"";"";"3,6";"224,0";"8,4";"1805,90";"0,0"
"26/08/2024";"1500";"25,9";"26,1";"24,1";"54,0";"60,0";"54,0";"16,0";"16,3";"15,3";"";"";"";"3,0";"217,0";"7,8";"2414,50";"0,0"
"26/08/2024";"1600";"27,2";"27,7";"25,8";"50,0";"55,0";"50,0";"15,9";"16,6";"15,7";"";"";"";"2,7";"209,0";"6,2";"2600,30";"0,0"
"26/08/2024";"1700";"28,0";"28,7";"26,9";"48,0";"52,0";"47,0";"16,1";"16,7";"15,8";"";"";"";"2,5";"247,0";"6,1";"2658,50";"0,0"
"26/08/2024";"1800";"29,5";"29,8";"28,0";"45,0";"48,0";"45,0";"16,4";"17,0";"15,8";"";"";"";"2,1";"210,0";"5,5";"2454,10";"0,0"
"26/08/2024";"1900";"29,3";"30,0";"28,6";"46,0";"47,0";"44,0";"16,5";"16,8";"15,7";"";"";"";"1,8";"209,0";"5,0";"2001,00";"0,0"
"26/08/2024";"2000";"28,9";"29,8";"28,7";"47,0";"48,0";"45,0";"16,4";"17,1";"16,1";"";"";"";"1,9";"239,0";"5,5";"1312,10";"0,0"
"26/08/2024";"2100";"27,8";"29,3";"27,8";"52,0";"52,0";"47,0";"17,1";"17,4";"16,6";"";"";"";"1,7";"213,0";"4,6";"635,10";"0,0"
"26/08/2024";"2200";"25,6";"27,8";"25,6";"61,0";"61,0";"52,0";"17,6";"17,7";"17,2";"";"";"";"1,7";"191,0";"3,6";"124,30";"0,0"
"26/08/2024";"2300";"24,2";"25,6";"24,2";"66,0";"66,0";"61,0";"17,4";"17,6";"17,4";"";"";"";"1,3";"191,0";"3,1";"";"0,0"
"27/08/2024";"0000";"23,0";"24,2";"23,0";"73,0";"73,0";"66,0";"17,8";"17,8";"17,4";"";"";"";"0,7";"196,0";"2,3";"";"0,0"
"27/08/2024";"0100";"22,1";"23,0";"22,1";"76,0";"76,0";"72,0";"17,6";"17,8";"17,5";"";"";"";"1,2";"192,0";"2,7";"";"0,0"
"27/08/2024";"0200";"21,8";"22,1";"21,8";"76,0";"76,0";"76,0";"17,4";"17,7";"17,4";"";"";"";"0,5";"189,0";"1,9";"";"0,0"
"27/08/2024";"0300";"21,4";"21,8";"21,4";"77,0";"77,0";"76,0";"17,2";"17,5";"17,2";"";"";"";"1,0";"193,0";"1,8";"";"0,0"
"27/08/2024";"0400";"21,1";"21,4";"20,9";"79,0";"80,0";"77,0";"17,3";"17,3";"17,1";"";"";"";"0,5";"204,0";"1,8";"";"0,0"
"27/08/2024";"0500";"20,5";"21,5";"20,5";"81,0";"81,0";"75,0";"17,1";"17,2";"16,9";"";"";"";"1,1";"196,0";"2,3";"";"0,0"
"27/08/2024";"0600";"20,2";"20,5";"20,1";"82,0";"82,0";"81,0";"17,0";"17,2";"17,0";"";"";"";"1,0";"196,0";"1,7";"";"0,0"
"27/08/2024";"0700";"19,5";"20,2";"19,5";"86,0";"86,0";"82,0";"17,1";"17,2";"17,0";"";"";"";"0,2";"201,0";"1,7";"";"0,0"
"27/08/2024";"0800";"19,5";"19,6";"19,3";"84,0";"86,0";"84,0";"16,8";"17,1";"16,7";"";"";"";"0,2";"225,0";"1,2";"";"0,0"
"27/08/2024";"0900";"19,4";"19,6";"19,1";"84,0";"85,0";"83,0";"16,5";"16,8";"16,4";"";"";"";"0,2";"203,0";"1,5";"";"0,0"
"27/08/2024";"1000";"19,4";"19,4";"19,1";"83,0";"85,0";"83,0";"16,4";"16,7";"16,2";"";"";"";"0,3";"199,0";"1,0";"";"0,0"
"27/08/2024";"1100";"19,5";"19,5";"18,9";"87,0";"88,0";"83,0";"17,2";"17,2";"16,4";"";"";"";"0,7";"193,0";"1,5";"122,40";"0,0"
"27/08/2024";"1200";"22,1";"22,1";"19,5";"75,0";"87,0";"75,0";"17,4";"17,6";"16,6";"";"";"";"1,1";"192,0";"2,3";"624,50";"0,0"
"27/08/2024";"1300";"26,1";"26,2";"22,0";"54,0";"75,0";"54,0";"16,2";"18,3";"16,2";"";"";"";"2,0";"199,0";"4,0";"1292,20";"0,0"
"27/08/2024";"1400";"28,7";"29,1";"26,1";"42,0";"55,0";"42,0";"14,6";"16,5";"14,3";"";"";"";"3,0";"216,0";"6,0";"1978,70";"0,0"
"27/08/2024";"1500";"30,9";"30,9";"28,6";"40,0";"44,0";"40,0";"15,8";"16,0";"14,4";"";"";"";"2,9";"223,0";"5,5";"2460,20";"0,0"
"27/08/2024";"1600";"31,5";"32,1";"30,3";"41,0";"41,0";"38,0";"16,5";"16,6";"15,2";"";"";"";"2,4";"244,0";"5,3";"2713,20";"0,0"
"27/08/2024";"1700";"33,2";"33,3";"31,5";"38,0";"42,0";"38,0";"16,9";"17,6";"16,3";"";"";"";"1,4";"253,0";"4,5";"2695,40";"0,0"
"27/08/2024";"1800";"33,9";"34,3";"32,6";"35,0";"40,0";"35,0";"16,2";"17,4";"16,2";"";"";"";"2,3";"251,0";"4,6";"2456,90";"0,0"
"27/08/2024";"1900";"33,8";"34,6";"33,3";"37,0";"38,0";"34,0";"17,2";"17,7";"15,9";"";"";"";"2,1";"220,0";"4,7";"1982,90";"0,0"
"27/08/2024";"2000";"32,9";"34,2";"32,9";"41,0";"41,0";"37,0";"17,7";"18,1";"17,0";"";"";"";"2,0";"205,0";"4,8";"1335,30";"0,0"
"27/08/2024";"2100";"31,8";"33,3";"31,8";"45,0";"46,0";"40,0";"18,5";"18,6";"17,6";"";"";"";"1,6";"218,0";"4,1";"626,20";"0,0"
"27/08/2024";"2200";"29,3";"31,8";"29,3";"57,0";"57,0";"45,0";"19,7";"19,7";"18,3";"";"";"";"0,9";"194,0";"3,8";"124,80";"0,0"
"27/08/2024";"2300";"27,8";"29,3";"27,6";"62,0";"63,0";"57,0";"20,0";"20,1";"19,7";"";"";"";"0,4";"213,0";"2,0";"";"0,0"
"28/08/2024";"0000";"26,7";"28,2";"26,7";"66,0";"66,0";"61,0";"19,9";"20,0";"19,7";"";"";"";"0,1";"224,0";"2,2";"";"0,0"
"28/08/2024";"0100";"25,8";"26,7";"25,8";"72,0";"72,0";"66,0";"20,4";"20,4";"19,8";"";"";"";"0,0";"242,0";"0,9";"";"0,0"
"28/08/2024";"0200";"24,8";"25,8";"24,8";"77,0";"77,0";"72,0";"20,5";"20,6";"20,2";"";"";"";"0,0";"349,0";"0,4";"";"0,0"
"28/08/2024";"0300";"24,1";"24,8";"24,1";"80,0";"80,0";"77,0";"20,4";"20,7";"20,3";"";"";"";"0,0";"304,0";"0,9";"";"0,0"
"28/08/2024";"0400";"23,2";"24,2";"23,2";"85,0";"85,0";"80,0";"20,5";"20,8";"20,3";"";"";"";"0,8";"213,0";"1,3";"";"0,0"
"28/08/2024";"0500";"22,9";"23,6";"22,8";"85,0";"87,0";"83,0";"20,3";"20,7";"20,2";"";"";"";"0,1";"216,0";"2,3";"";"0,0"
"28/08/2024";"0600";"22,3";"22,9";"22,3";"89,0";"89,0";"85,0";"20,4";"20,5";"20,3";"";"";"";"0,9";"197,0";"1,8";"";"0,0"
"28/08/2024";"0700";"21,7";"22,3";"21,5";"90,0";"92,0";"89,0";"20,1";"20,4";"20,1";"";"";"";"0,4";"185,0";"1,9";"";"0,0"
"28/08/2024";"0800";"21,1";"21,8";"21,1";"94,0";"94,0";"90,0";"20,1";"20,2";"20,0";"";"";"";"0,2";"203,0";"1,2";"";"0,0"
"28/08/2024";"0900";"20,8";"21,1";"20,7";"94,0";"95,0";"94,0";"19,8";"20,2";"19,8";"";"";"";"0,4";"201,0";"2,0";"";"0,0"
"28/08/2024";"1000";"20,7";"20,9";"20,6";"93,0";"94,0";"93,0";"19,5";"19,8";"19,4";"";"";"";"0,0";"253,0";"1,3";"0,10";"0,0"
"28/08/2024";"1100";"22,3";"22,3";"20,6";"88,0";"93,0";"88,0";"20,3";"20,5";"19,4";"";"";"";"0,0";"270,0";"0,6";"135,00";"0,0"
"28/08/2024";"1200";"24,7";"24,7";"22,3";"76,0";"88,0";"75,0";"20,2";"21,2";"19,6";"";"";"";"0,4";"210,0";"1,2";"664,70";"0,0"
"28/08/2024";"1300";"27,3";"27,4";"24,7";"65,0";"76,0";"65,0";"20,2";"20,6";"19,3";"";"";"";"1,0";"242,0";"1,9";"1321,30";"0,0"
"28/08/2024";"1400";"30,2";"30,4";"27,2";"53,0";"66,0";"52,0";"19,6";"20,6";"19,3";"";"";"";"1,9";"226,0";"3,6";"1876,10";"0,0"
"28/08/2024";"1500";"32,1";"33,0";"30,0";"46,0";"54,0";"42,0";"18,8";"20,2";"17,4";"";"";"";"1,6";"225,0";"4,0";"2402,20";"0,0"
"28/08/2024";"1600";"33,4";"33,5";"31,9";"43,0";"47,0";"41,0";"19,2";"19,4";"17,8";"";"";"";"1,5";"273,0";"4,4";"2499,20";"0,0"
"28/08/2024";"1700";"33,9";"34,1";"32,9";"38,0";"44,0";"37,0";"17,6";"19,2";"17,2";"";"";"";"2,0";"258,0";"5,2";"2068,90";"0,0"
"28/08/2024";"1800";"34,3";"35,3";"33,5";"34,0";"38,0";"34,0";"16,1";"17,7";"16,1";"";"";"";"3,1";"225,0";"6,1";"2198,80";"0,0"
"28/08/2024";"1900";"34,5";"35,0";"33,9";"37,0";"38,0";"34,0";"17,8";"18,2";"16,2";"";"";"";"3,0";"229,0";"6,2";"1827,90";"0,0"
"28/08/2024";"2000";"34,3";"34,6";"33,7";"32,0";"39,0";"32,0";"15,3";"18,2";"15,3";"";"";"";"1,2";"222,0";"5,9";"1203,10";"0,0"
"28/08/2024";"2100";"32,6";"34,5";"32,6";"42,0";"42,0";"32,0";"17,9";"17,9";"15,4";"";"";"";"1,6";"192,0";"4,6";"595,40";"0,0"
"28/08/2024";"2200";"31,2";"32,6";"31,2";"46,0";"46,0";"41,0";"18,3";"18,4";"17,7";"";"";"";"1,0";"219,0";"3,4";"148,90";"0,0"
"28/08/2024";"2300";"29,5";"31,2";"29,5";"53,0";"53,0";"46,0";"18,9";"18,9";"18,3";"";"";"";"0,8";"204,0";"1,9";"1,90";"0,0"
"29/08/2024";"0000";"27,3";"29,5";"27,3";"62,0";"62,0";"53,0";"19,3";"19,4";"18,9";"";"";"";"0,0";"272,0";"1,9";"";"0,0"
"29/08/2024";"0100";"26,4";"27,5";"26,4";"69,0";"69,0";"62,0";"20,1";"20,1";"19,2";"";"";"";"0,0";"342,0";"1,8";"";"0,0"
"29/08/2024";"0200";"26,6";"27,0";"26,0";"70,0";"70,0";"66,0";"20,8";"20,8";"19,9";"";"";"";"1,3";"315,0";"2,2";"";"0,0"
"29/08/2024";"0300";"24,9";"26,7";"24,9";"79,0";"79,0";"70,0";"20,9";"21,2";"20,6";"";"";"";"0,0";"336,0";"1,8";"";"0,0"
"29/08/2024";"0400";"24,6";"25,4";"24,6";"79,0";"79,0";"76,0";"20,6";"21,3";"20,6";"";"";"";"0,4";"303,0";"1,4";"";"0,0"
"29/08/2024";"0500";"23,8";"24,6";"23,7";"85,0";"85,0";"79,0";"21,1";"21,1";"20,6";"";"";"";"0,2";"335,0";"1,8";"";"0,0"
"29/08/2024";"0600";"24,2";"24,3";"23,6";"83,0";"86,0";"83,0";"21,3";"21,4";"21,0";"";"";"";"1,2";"325,0";"2,6";"";"0,0"
"29/08/2024";"0700";"23,1";"24,2";"23,1";"89,0";"89,0";"83,0";"21,2";"21,3";"21,0";"";"";"";"0,0";"315,0";"2,6";"";"0,0"
"29/08/2024";"0800";"23,0";"23,7";"23,0";"88,0";"89,0";"85,0";"20,9";"21,2";"20,8";"";"";"";"0,6";"237,0";"2,2";"";"0,0"
"29/08/2024";"0900";"22,4";"23,0";"22,4";"92,0";"92,0";"88,0";"21,0";"21,2";"20,7";"";"";"";"0,5";"326,0";"1,9";"";"0,0"
"29/08/2024";"1000";"22,7";"22,7";"22,4";"90,0";"92,0";"90,0";"21,0";"21,1";"20,8";"";"";"";"0,2";"317,0";"1,7";"0,10";"0,0"
"29/08/2024";"1100";"23,0";"23,1";"22,5";"89,0";"91,0";"89,0";"21,2";"21,2";"20,8";"";"";"";"0,9";"308,0";"1,5";"94,00";"0,0"
"29/08/2024";"1200";"24,1";"24,3";"23,1";"86,0";"89,0";"85,0";"21,6";"21,8";"21,2";"";"";"";"1,6";"303,0";"3,0";"477,60";"0,0"
"29/08/2024";"1300";"25,9";"25,9";"23,8";"83,0";"88,0";"82,0";"22,7";"22,7";"21,5";"";"";"";"1,3";"319,0";"3,6";"711,50";"0,0"
"29/08/2024";"1400";"27,9";"28,3";"25,7";"72,0";"82,0";"71,0";"22,4";"23,2";"22,3";"";"";"";"2,6";"324,0";"6,3";"1520,30";"0,0"
"29/08/2024";"1500";"30,0";"30,2";"27,7";"61,0";"73,0";"61,0";"21,8";"22,9";"21,6";"";"";"";"2,3";"321,0";"7,5";"1882,20";"0,0"
"29/08/2024";"1600";"30,9";"31,3";"29,8";"55,0";"62,0";"54,0";"20,9";"22,1";"20,4";"";"";"";"2,1";"320,0";"6,6";"2107,10";"0,0"
"29/08/2024";"1700";"31,8";"31,8";"30,2";"51,0";"56,0";"51,0";"20,5";"21,3";"20,0";"";"";"";"2,9";"281,0";"6,0";"1986,50";"0,0"
"29/08/2024";"1800";"31,2";"32,0";"31,0";"53,0";"54,0";"50,0";"20,6";"20,7";"19,8";"";"";"";"3,3";"304,0";"6,0";"1811,30";"0,0"
"29/08/2024";"1900";"31,2";"31,5";"31,0";"54,0";"55,0";"53,0";"20,9";"21,2";"20,4";"";"";"";"2,7";"294,0";"5,5";"1327,80";"0,0"
"29/08/2024";"2000";"30,7";"31,4";"30,7";"54,0";"56,0";"52,0";"20,4";"21,2";"20,3";"";"";"";"2,8";"304,0";"5,1";"938,00";"0,0"
"29/08/2024";"2100";"30,1";"30,8";"30,1";"56,0";"56,0";"54,0";"20,5";"20,9";"20,4";"";"";"";"1,5";"285,0";"4,8";"457,50";"0,0"
"29/08/2024";"2200";"28,7";"30,1";"28,7";"63,0";"63,0";"56,0";"20,9";"20,9";"20,5";"";"";"";"1,0";"295,0";"3,0";"88,60";"0,0"
"29/08/2024";"2300";"27,1";"28,7";"27,1";"70,0";"70,0";"63,0";"21,1";"21,2";"20,9";"";"";"";"0,1";"273,0";"1,5";"";"0,0"
"30/08/2024";"0000";"26,8";"27,1";"26,8";"72,0";"72,0";"70,0";"21,3";"21,3";"21,1";"";"";"";"1,4";"304,0";"2,3";"";"0,0"
"30/08/2024";"0100";"25,0";"26,8";"25,0";"82,0";"82,0";"72,0";"21,7";"21,7";"21,3";"";"";"";"0,6";"190,0";"2,3";"";"0,0"
"30/08/2024";"0200";"24,9";"25,6";"24,9";"82,0";"82,0";"80,0";"21,6";"21,9";"21,6";"";"";"";"0,5";"202,0";"1,5";"";"0,0"
"30/08/2024";"0300";"24,7";"24,9";"24,2";"83,0";"87,0";"82,0";"21,7";"21,9";"21,6";"";"";"";"1,2";"204,0";"3,4";"";"0,0"
"30/08/2024";"0400";"25,5";"25,5";"24,4";"78,0";"84,0";"78,0";"21,3";"21,6";"21,3";"";"";"";"4,0";"259,0";"7,6";"";"0,0"
"30/08/2024";"0500";"24,4";"25,5";"24,4";"84,0";"84,0";"76,0";"21,6";"21,6";"20,9";"";"";"";"1,1";"295,0";"7,6";"";"0,0"
"30/08/2024";"0600";"23,5";"24,6";"23,5";"88,0";"88,0";"83,0";"21,4";"21,6";"21,4";"";"";"";"0,8";"219,0";"2,8";"";"0,0"
"30/08/2024";"0700";"23,0";"23,5";"23,0";"90,0";"90,0";"88,0";"21,3";"21,5";"21,2";"";"";"";"0,1";"292,0";"1,8";"";"0,0"
"30/08/2024";"0800";"22,3";"23,0";"22,3";"93,0";"93,0";"90,0";"21,1";"21,4";"21,0";"";"";"";"0,2";"257,0";"1,1";"";"0,0"
"30/08/2024";"0900";"21,7";"22,3";"21,7";"95,0";"96,0";"93,0";"20,9";"21,2";"20,9";"";"";"";"0,1";"320,0";"1,8";"";"0,0"
"30/08/2024";"1000";"21,3";"21,9";"21,2";"97,0";"97,0";"94,0";"20,8";"21,1";"20,3";"";"";"";"1,9";"221,0";"3,9";"0,10";"0,0"
"30/08/2024";"1100";"21,9";"21,9";"21,3";"94,0";"97,0";"94,0";"20,9";"21,0";"20,7";"";"";"";"1,3";"201,0";"3,3";"112,10";"0,0"
"30/08/2024";"1200";"24,1";"24,1";"21,9";"85,0";"94,0";"85,0";"21,4";"21,8";"20,9";"";"";"";"0,8";"200,0";"2,4";"580,30";"0,0"
"30/08/2024";"1300";"27,5";"27,6";"24,1";"67,0";"85,0";"67,0";"20,8";"21,7";"20,3";"";"";"";"0,6";"255,0";"2,0";"1272,30";"0,0"
"30/08/2024";"1400";"30,4";"30,4";"27,5";"58,0";"68,0";"58,0";"21,3";"21,7";"20,7";"";"";"";"0,7";"228,0";"2,3";"1918,60";"0,0"
"30/08/2024";"1500";"33,0";"33,2";"30,3";"49,0";"58,0";"48,0";"20,7";"21,4";"20,2";"";"";"";"1,2";"307,0";"3,3";"2320,20";"0,0"
"30/08/2024";"1600";"33,0";"34,0";"32,1";"43,0";"51,0";"42,0";"18,9";"20,8";"18,8";"";"";"";"2,5";"258,0";"5,0";"2713,20";"0,0"
"30/08/2024";"1700";"35,3";"35,3";"32,9";"34,0";"45,0";"34,0";"16,8";"20,3";"16,8";"";"";"";"2,8";"290,0";"6,5";"2749,10";"0,0"
"30/08/2024";"1800";"34,7";"35,2";"34,2";"31,0";"38,0";"31,0";"15,3";"18,2";"15,3";"";"";"";"2,2";"280,0";"8,4";"2384,80";"0,0"
"30/08/2024";"1900";"33,9";"35,2";"33,9";"34,0";"36,0";"31,0";"16,0";"17,2";"15,4";"";"";"";"3,3";"254,0";"7,0";"1717,10";"0,0"
"30/08/2024";"2000";"34,0";"34,5";"33,9";"32,0";"35,0";"31,0";"15,1";"16,3";"14,8";"";"";"";"2,9";"258,0";"7,0";"1142,40";"0,0"
"30/08/2024";"2100";"32,0";"34,1";"32,0";"47,0";"47,0";"32,0";"19,4";"19,4";"15,2";"";"";"";"2,0";"218,0";"5,1";"431,20";"0,0"
"30/08/2024";"2200";"30,4";"32,0";"30,4";"54,0";"54,0";"47,0";"19,9";"19,9";"19,2";"";"";"";"1,4";"236,0";"3,6";"79,30";"0,0"
"30/08/2024";"2300";"29,0";"30,4";"29,0";"59,0";"59,0";"54,0";"20,1";"20,1";"19,8";"";"";"";"1,2";"221,0";"2,4";"";"0,0"
"31/08/2024";"0000";"27,9";"29,0";"27,9";"63,0";"63,0";"59,0";"20,2";"20,2";"20,0";"";"";"";"0,9";"227,0";"2,1";"";"0,0"
"31/08/2024";"0100";"27,1";"27,9";"27,0";"68,0";"68,0";"63,0";"20,6";"20,6";"20,2";"";"";"";"0,4";"224,0";"1,7";"";"0,0"
"31/08/2024";"0200";"25,8";"27,1";"25,8";"74,0";"74,0";"68,0";"20,9";"20,9";"20,5";"";"";"";"0,0";"213,0";"1,2";"";"0,0"
"31/08/2024";"0300";"25,2";"25,8";"25,1";"78,0";"79,0";"74,0";"21,1";"21,3";"20,6";"";"";"";"0,0";"354,0";"0,6";"";"0,0"
"31/08/2024";"0400";"24,3";"25,2";"24,1";"80,0";"80,0";"77,0";"20,5";"21,1";"20,4";"";"";"";"0,0";"294,0";"0,6";"";"0,0"
"31/08/2024";"0500";"23,0";"24,3";"22,9";"88,0";"88,0";"80,0";"21,0";"21,1";"20,5";"";"";"";"0,7";"198,0";"1,8";"";"0,0"
"31/08/2024";"0600";"22,7";"23,1";"22,6";"90,0";"90,0";"88,0";"21,0";"21,0";"20,7";"";"";"";"0,0";"207,0";"1,8";"";"0,0"
"31/08/2024";"0700";"22,3";"22,7";"22,3";"91,0";"91,0";"90,0";"20,8";"21,0";"20,8";"";"";"";"0,0";"281,0";"1,1";"";"0,0"
"31/08/2024";"0800";"21,6";"22,3";"21,4";"95,0";"95,0";"91,0";"20,8";"21,0";"20,4";"";"";"";"0,1";"214,0";"1,1";"";"0,0"
"31/08/2024";"0900";"21,2";"21,8";"21,2";"95,0";"95,0";"94,0";"20,4";"20,9";"20,4";"";"";"";"0,3";"202,0";"1,2";"";"0,0"
"31/08/2024";"1000";"21,2";"21,3";"21,0";"97,0";"97,0";"95,0";"20,7";"20,8";"20,3";"";"";"";"0,0";"219,0";"1,2";"0,60";"0,0"
"31/08/2024";"1100";"21,6";"21,8";"21,2";"95,0";"97,0";"94,0";"20,7";"21,0";"20,7";"";"";"";"0,0";"198,0";"0,6";"107,90";"0,0"
"31/08/2024";"1200";"23,1";"23,1";"21,6";"90,0";"95,0";"90,0";"21,3";"21,4";"20,7";"";"";"";"0,5";"193,0";"1,4";"477,30";"0,0"
"31/08/2024";"1300";"27,0";"27,0";"23,0";"74,0";"90,0";"74,0";"22,0";"22,3";"21,2";"";"";"";"0,1";"214,0";"1,3";"940,90";"0,0"
"31/08/2024";"1400";"29,8";"29,9";"27,0";"60,0";"74,0";"60,0";"21,1";"22,4";"21,0";"";"";"";"0,5";"327,0";"1,6";"1391,40";"0,0"
"31/08/2024";"1500";"32,2";"32,2";"29,7";"52,0";"61,0";"52,0";"21,2";"21,6";"20,9";"";"";"";"1,0";"309,0";"2,3";"1772,30";"0,0"
"31/08/2024";"1600";"34,6";"34,6";"31,8";"44,0";"54,0";"44,0";"20,5";"21,6";"19,8";"";"";"";"0,9";"298,0";"2,7";"2241,60";"0,0"
"31/08/2024";"1700";"34,8";"35,2";"33,5";"38,0";"46,0";"36,0";"18,3";"20,5";"17,7";"";"";"";"1,3";"315,0";"3,9";"2251,30";"0,0"
"31/08/2024";"1800";"34,6";"35,6";"34,3";"37,0";"38,0";"34,0";"17,9";"18,7";"16,9";"";"";"";"1,5";"303,0";"5,3";"1960,10";"0,0"
"31/08/2024";"1900";"35,0";"35,3";"34,4";"36,0";"39,0";"36,0";"17,9";"18,4";"17,5";"";"";"";"1,1";"304,0";"4,2";"1471,90";"0,0"
"31/08/2024";"2000";"34,5";"35,1";"34,3";"37,0";"39,0";"36,0";"17,5";"18,5";"17,5";"";"";"";"1,9";"258,0";"3,5";"888,70";"0,0"
"31/08/2024";"2100";"32,9";"34,5";"32,9";"38,0";"39,0";"34,0";"16,7";"17,3";"16,0";"";"";"";"1,8";"248,0";"5,3";"456,80";"0,0"
"31/08/2024";"2200";"31,0";"32,9";"31,0";"41,0";"41,0";"37,0";"16,2";"16,7";"15,8";"";"";"";"1,2";"237,0";"3,9";"98,70";"0,0"
"31/08/2024";"2300";"29,0";"31,0";"28,9";"50,0";"50,0";"41,0";"17,5";"17,5";"16,3";"";"";"";"1,0";"276,0";"2,1";"";"0,0"
"01/09/2024";"0000";"27,4";"29,0";"27,4";"56,0";"56,0";"50,0";"17,9";"18,2";"17,5";"";"";"";"0,0";"307,0";"1,6";"";"0,0"
"01/09/2024";"0100";"26,1";"27,5";"26,1";"66,0";"66,0";"56,0";"19,2";"19,3";"18,1";"";"";"";"0,0";"315,0";"0,0";"";"0,0"
"01/09/2024";"0200";"25,2";"26,2";"25,2";"66,0";"69,0";"65,0";"18,5";"19,8";"18,5";"";"";"";"0,4";"273,0";"1,3";"";"0,0"
"01/09/2024";"0300";"24,4";"25,2";"24,4";"74,0";"74,0";"66,0";"19,3";"19,4";"18,6";"";"";"";"1,0";"209,0";"1,8";"";"0,0"
"01/09/2024";"0400";"23,3";"24,4";"23,3";"82,0";"82,0";"73,0";"20,0";"20,0";"19,3";"";"";"";"0,6";"194,0";"1,7";"";"0,0"
"01/09/2024";"0500";"23,0";"23,5";"23,0";"85,0";"85,0";"81,0";"20,3";"20,3";"20,0";"";"";"";"1,2";"196,0";"2,3";"";"0,0"
"01/09/2024";"0600";"22,4";"23,0";"22,4";"89,0";"89,0";"85,0";"20,4";"20,5";"20,2";"";"";"";"0,2";"196,0";"1,8";"";"0,0"
"01/09/2024";"0700";"22,3";"22,5";"22,2";"89,0";"90,0";"89,0";"20,3";"20,7";"20,3";"";"";"";"0,0";"186,0";"1,4";"";"0,0"
"01/09/2024";"0800";"21,9";"22,4";"21,9";"90,0";"91,0";"89,0";"20,2";"20,7";"20,2";"";"";"";"0,2";"200,0";"0,9";"";"0,0"
"01/09/2024";"0900";"22,0";"22,1";"21,7";"92,0";"93,0";"90,0";"20,6";"20,8";"20,2";"";"";"";"0,3";"212,0";"0,9";"";"0,0"
"01/09/2024";"1000";"21,2";"22,0";"21,2";"92,0";"94,0";"91,0";"19,9";"20,9";"19,9";"";"";"";"0,9";"199,0";"1,8";"";"0,0"
"01/09/2024";"1100";"22,0";"22,0";"20,3";"95,0";"96,0";"92,0";"21,0";"21,0";"19,5";"";"";"";"0,5";"256,0";"2,1";"95,90";"0,0"
"01/09/2024";"1200";"24,1";"24,3";"22,0";"84,0";"95,0";"84,0";"21,2";"21,7";"21,1";"";"";"";"1,2";"217,0";"1,9";"490,30";"0,0"
"01/09/2024";"1300";"27,2";"27,2";"24,1";"72,0";"85,0";"72,0";"21,7";"21,9";"21,3";"";"";"";"1,3";"236,0";"2,4";"962,90";"0,0"
"01/09/2024";"1400";"30,9";"31,0";"27,2";"55,0";"72,0";"55,0";"20,9";"22,2";"20,9";"";"";"";"1,3";"204,0";"3,3";"1548,00";"0,0"
"01/09/2024";"1500";"33,3";"33,6";"30,7";"44,0";"57,0";"42,0";"19,4";"21,6";"18,7";"";"";"";"1,6";"224,0";"4,4";"2004,00";"0,0"
"01/09/2024";"1600";"34,7";"35,0";"33,2";"35,0";"44,0";"35,0";"17,2";"19,6";"17,2";"";"";"";"2,1";"227,0";"4,2";"2174,80";"0,0"
"01/09/2024";"1700";"35,3";"35,8";"34,7";"36,0";"37,0";"32,0";"17,7";"18,0";"16,3";"";"";"";"2,4";"221,0";"5,2";"2260,30";"0,0"
"01/09/2024";"1800";"35,1";"35,6";"34,5";"34,0";"39,0";"33,0";"16,9";"18,8";"16,4";"";"";"";"3,4";"265,0";"6,5";"1498,10";"0,0"
"01/09/2024";"1900";"34,7";"35,3";"34,6";"38,0";"38,0";"33,0";"18,2";"18,6";"16,6";"";"";"";"2,3";"201,0";"6,3";"1451,00";"0,0"
"01/09/2024";"2000";"34,5";"35,1";"34,3";"35,0";"38,0";"35,0";"17,0";"18,1";"16,9";"";"";"";"1,9";"202,0";"5,1";"1206,70";"0,0"
"01/09/2024";"2100";"33,7";"34,7";"33,7";"38,0";"38,0";"35,0";"17,5";"17,8";"16,9";"";"";"";"0,9";"207,0";"3,9";"725,40";"0,0"
"01/09/2024";"2200";"30,6";"33,7";"30,6";"48,0";"48,0";"38,0";"18,5";"18,5";"17,4";"";"";"";"0,0";"227,0";"2,5";"131,30";"0,0"
"01/09/2024";"2300";"29,5";"30,6";"29,3";"52,0";"54,0";"49,0";"18,8";"19,2";"18,4";"";"";"";"0,6";"209,0";"1,1";"";"0,0"
"02/09/2024";"0000";"27,7";"29,5";"27,7";"62,0";"62,0";"52,0";"19,7";"20,0";"18,6";"";"";"";"0,0";"332,0";"1,4";"";"0,0"
"02/09/2024";"0100";"26,7";"27,7";"26,7";"67,0";"67,0";"62,0";"20,0";"20,1";"19,5";"";"";"";"0,0";"326,0";"1,1";"";"0,0"
"02/09/2024";"0200";"25,3";"26,8";"25,2";"72,0";"73,0";"67,0";"20,0";"20,4";"19,9";"";"";"";"0,4";"183,0";"2,3";"";"0,0"
"02/09/2024";"0300";"24,0";"25,4";"24,0";"79,0";"80,0";"72,0";"20,2";"20,4";"19,9";"";"";"";"0,4";"211,0";"1,4";"";"0,0"
"02/09/2024";"0400";"23,8";"24,4";"23,8";"80,0";"80,0";"77,0";"20,2";"20,5";"19,9";"";"";"";"0,0";"328,0";"0,9";"";"0,0"
"02/09/2024";"0500";"22,8";"24,0";"22,6";"86,0";"86,0";"80,0";"20,2";"20,4";"20,0";"";"";"";"0,3";"200,0";"1,7";"";"0,0"
"02/09/2024";"0600";"22,0";"22,8";"22,0";"89,0";"89,0";"85,0";"20,1";"20,3";"20,0";"";"";"";"0,9";"190,0";"1,5";"";"0,0"
"02/09/2024";"0700";"21,9";"22,3";"21,8";"89,0";"90,0";"89,0";"20,1";"20,4";"20,0";"";"";"";"1,3";"185,0";"2,1";"";"0,0"
"02/09/2024";"0800";"21,8";"21,9";"21,4";"90,0";"92,0";"89,0";"20,1";"20,3";"19,9";"";"";"";"0,5";"252,0";"3,0";"";"0,0"
"02/09/2024";"0900";"22,1";"22,2";"21,8";"87,0";"90,0";"87,0";"19,9";"20,2";"19,9";"";"";"";"0,1";"230,0";"1,5";"";"0,0"
"02/09/2024";"1000";"21,9";"22,2";"21,4";"89,0";"91,0";"87,0";"20,0";"20,2";"19,7";"";"";"";"0,0";"333,0";"0,9";"0,20";"0,0"
"02/09/2024";"1100";"22,6";"22,6";"21,6";"88,0";"90,0";"88,0";"20,6";"20,6";"19,8";"";"";"";"0,0";"271,0";"0,6";"102,80";"0,0"
"02/09/2024";"1200";"23,3";"23,7";"22,4";"85,0";"89,0";"84,0";"20,5";"21,1";"20,2";"";"";"";"0,8";"203,0";"2,1";"460,50";"0,0"
"02/09/2024";"1300";"27,5";"27,5";"23,2";"69,0";"85,0";"69,0";"21,4";"21,5";"20,4";"";"";"";"0,1";"235,0";"2,1";"944,90";"0,0"
"02/09/2024";"1400";"29,6";"29,6";"27,5";"63,0";"70,0";"63,0";"21,8";"22,1";"20,9";"";"";"";"1,7";"307,0";"3,0";"1672,30";"0,0"
"02/09/2024";"1500";"32,3";"32,3";"29,4";"51,0";"64,0";"50,0";"20,9";"22,2";"20,7";"";"";"";"2,4";"294,0";"4,7";"2185,70";"0,0"
"02/09/2024";"1600";"33,7";"34,2";"32,2";"45,0";"51,0";"44,0";"20,0";"21,3";"19,3";"";"";"";"0,6";"292,0";"4,2";"2386,30";"0,0"
"02/09/2024";"1700";"35,0";"35,1";"33,6";"37,0";"45,0";"37,0";"18,2";"20,3";"18,1";"";"";"";"1,6";"287,0";"5,0";"1942,40";"0,0"
"02/09/2024";"1800";"35,9";"36,1";"34,7";"33,0";"38,0";"31,0";"17,0";"18,9";"15,3";"";"";"";"0,8";"318,0";"4,1";"1667,10";"0,0"
"02/09/2024";"1900";"35,4";"36,2";"35,0";"33,0";"36,0";"32,0";"16,6";"18,5";"16,2";"";"";"";"1,4";"282,0";"4,2";"1417,30";"0,0"
"02/09/2024";"2000";"35,0";"35,4";"34,8";"35,0";"36,0";"33,0";"17,3";"17,7";"16,4";"";"";"";"0,6";"321,0";"4,5";"835,10";"0,0"
"02/09/2024";"2100";"33,1";"35,1";"33,1";"49,0";"49,0";"34,0";"20,9";"20,9";"17,1";"";"";"";"1,5";"251,0";"3,8";"498,90";"0,0"
"02/09/2024";"2200";"31,1";"33,1";"31,1";"56,0";"56,0";"49,0";"21,4";"21,4";"21,0";"";"";"";"0,5";"237,0";"3,2";"93,70";"0,0"
"02/09/2024";"2300";"30,2";"31,1";"29,9";"63,0";"63,0";"56,0";"22,3";"22,3";"21,4";"";"";"";"0,4";"308,0";"1,5";"";"0,0"
"03/09/2024";"0000";"26,7";"30,2";"26,3";"81,0";"81,0";"63,0";"23,1";"23,3";"21,4";"";"";"";"0,4";"318,0";"6,1";"0,80";"0,0"
"03/09/2024";"0100";"26,7";"27,5";"26,7";"78,0";"80,0";"67,0";"22,5";"23,4";"20,7";"";"";"";"0,1";"334,0";"1,5";"2,60";"0,0"
"03/09/2024";"0200";"26,7";"26,9";"26,5";"76,0";"81,0";"74,0";"22,2";"23,2";"21,8";"";"";"";"0,3";"215,0";"1,1";"0,70";"0,0"
"03/09/2024";"0300";"26,2";"26,7";"26,1";"78,0";"79,0";"76,0";"22,2";"22,4";"21,7";"";"";"";"0,1";"334,0";"1,5";"";"0,0"
"03/09/2024";"0400";"25,1";"26,2";"25,1";"83,0";"84,0";"78,0";"22,1";"22,3";"21,9";"";"";"";"0,0";"194,0";"1,0";"";"0,0"
"03/09/2024";"0500";"24,9";"25,5";"24,9";"83,0";"84,0";"80,0";"21,8";"22,4";"21,7";"";"";"";"0,1";"216,0";"1,7";"";"0,0"
"03/09/2024";"0600";"24,0";"24,9";"24,0";"87,0";"87,0";"83,0";"21,8";"22,1";"21,7";"";"";"";"0,4";"184,0";"1,2";"";"0,0"
"03/09/2024";"0700";"23,5";"24,0";"23,5";"90,0";"90,0";"87,0";"21,8";"22,1";"21,6";"";"";"";"0,2";"193,0";"1,0";"";"0,0"
"03/09/2024";"0800";"23,2";"23,7";"23,2";"91,0";"92,0";"88,0";"21,8";"21,9";"21,6";"";"";"";"0,8";"251,0";"1,5";"";"0,0"
"03/09/2024";"0900";"22,8";"23,2";"22,8";"95,0";"95,0";"91,0";"21,9";"22,0";"21,7";"";"";"";"0,0";"265,0";"1,4";"";"0,0"
"03/09/2024";"1000";"22,5";"22,8";"22,4";"96,0";"96,0";"94,0";"21,8";"21,9";"21,6";"";"";"";"0,0";"249,0";"0,0";"1,60";"0,0"
"03/09/2024";"1100";"23,6";"23,6";"22,4";"93,0";"96,0";"93,0";"22,4";"22,4";"21,6";"";"";"";"0,0";"264,0";"0,0";"144,30";"0,0"
"03/09/2024";"1200";"25,6";"25,9";"23,6";"81,0";"93,0";"80,0";"22,1";"23,4";"22,0";"";"";"";"0,7";"311,0";"2,5";"572,40";"0,0"
"03/09/2024";"1300";"27,6";"27,6";"25,5";"76,0";"84,0";"75,0";"22,9";"22,9";"21,9";"";"";"";"1,1";"303,0";"2,6";"1221,60";"0,0"
"03/09/2024";"1400";"29,9";"30,1";"27,6";"67,0";"76,0";"65,0";"23,1";"23,6";"22,6";"";"";"";"1,7";"300,0";"3,9";"1899,40";"0,0"
"03/09/2024";"1500";"33,5";"33,8";"29,9";"50,0";"67,0";"50,0";"21,8";"22,9";"21,7";"";"";"";"1,9";"317,0";"5,6";"2579,50";"0,0"
"03/09/2024";"1600";"34,0";"34,7";"32,3";"46,0";"54,0";"46,0";"20,7";"22,3";"20,6";"";"";"";"2,6";"317,0";"5,7";"2653,60";"0,0"
"03/09/2024";"1700";"34,4";"34,9";"33,0";"43,0";"48,0";"42,0";"20,0";"21,1";"19,7";"";"";"";"1,4";"310,0";"6,2";"1876,20";"0,0"
"03/09/2024";"1800";"34,9";"35,0";"33,4";"41,0";"46,0";"40,0";"19,5";"20,3";"19,5";"";"";"";"1,3";"314,0";"6,4";"1149,10";"0,0"
"03/09/2024";"1900";"34,4";"34,9";"33,7";"41,0";"45,0";"40,0";"19,3";"20,2";"19,1";"";"";"";"2,4";"269,0";"4,4";"1140,80";"0,0"
"03/09/2024";"2000";"34,3";"35,3";"34,3";"41,0";"41,0";"38,0";"19,2";"19,6";"18,7";"";"";"";"0,8";"255,0";"4,2";"1014,00";"0,0"
"03/09/2024";"2100";"28,5";"34,3";"28,5";"64,0";"64,0";"41,0";"21,2";"21,2";"18,9";"";"";"";"2,3";"214,0";"8,0";"199,20";"0,0"
"03/09/2024";"2200";"28,2";"29,0";"28,0";"69,0";"70,0";"65,0";"22,0";"22,1";"21,2";"";"";"";"1,2";"254,0";"6,1";"22,00";"0,0"
"03/09/2024";"2300";"27,5";"28,2";"27,4";"73,0";"73,0";"69,0";"22,3";"22,3";"21,3";"";"";"";"1,6";"268,0";"2,9";"";"0,0"
"04/09/2024";"0000";"25,9";"27,5";"25,6";"74,0";"74,0";"69,0";"20,8";"22,3";"20,3";"";"";"";"2,3";"301,0";"5,0";"";"0,0"
"04/09/2024";"0100";"25,5";"25,9";"25,3";"76,0";"77,0";"74,0";"20,9";"21,0";"20,8";"";"";"";"1,6";"295,0";"3,5";"";"0,0"
"04/09/2024";"0200";"25,5";"25,7";"25,2";"75,0";"78,0";"74,0";"20,7";"21,0";"20,7";"";"";"";"1,5";"300,0";"4,3";"";"0,0"
"04/09/2024";"0300";"24,3";"25,5";"24,3";"82,0";"82,0";"74,0";"21,0";"21,1";"20,5";"";"";"";"1,1";"188,0";"2,6";"";"0,0"
"04/09/2024";"0400";"24,0";"24,5";"24,0";"83,0";"83,0";"81,0";"20,9";"21,1";"20,9";"";"";"";"1,0";"203,0";"2,0";"";"0,0"
"04/09/2024";"0500";"23,7";"24,2";"23,5";"85,0";"85,0";"82,0";"21,0";"21,0";"20,7";"";"";"";"0,0";"253,0";"1,8";"";"0,0"
"04/09/2024";"0600";"23,3";"23,8";"23,2";"87,0";"87,0";"84,0";"21,0";"21,1";"20,8";"";"";"";"0,7";"249,0";"1,3";"";"0,0"
"04/09/2024";"0700";"23,2";"23,7";"23,2";"86,0";"87,0";"84,0";"20,7";"21,1";"20,7";"";"";"";"0,0";"317,0";"1,2";"";"0,0"
"04/09/2024";"0800";"22,7";"23,2";"22,7";"91,0";"91,0";"86,0";"21,1";"21,2";"20,7";"";"";"";"0,0";"289,0";"0,9";"";"0,0"
"04/09/2024";"0900";"22,3";"22,8";"22,3";"94,0";"94,0";"90,0";"21,2";"21,3";"20,9";"";"";"";"1,0";"277,0";"1,6";"";"0,0"
"04/09/2024";"1000";"22,6";"22,6";"22,0";"92,0";"96,0";"92,0";"21,3";"21,3";"21,2";"";"";"";"1,0";"242,0";"2,2";"1,20";"0,0"
"04/09/2024";"1100";"23,0";"23,0";"22,5";"91,0";"93,0";"91,0";"21,5";"21,6";"21,1";"";"";"";"0,0";"223,0";"1,6";"153,70";"0,0"
"04/09/2024";"1200";"24,7";"24,7";"23,0";"86,0";"92,0";"85,0";"22,1";"22,1";"21,5";"";"";"";"1,0";"188,0";"1,6";"563,50";"0,0"
"04/09/2024";"1300";"27,9";"28,0";"24,7";"71,0";"86,0";"71,0";"22,1";"22,6";"21,5";"";"";"";"1,1";"234,0";"2,1";"1150,70";"0,0"
"04/09/2024";"1400";"30,2";"30,2";"27,9";"64,0";"71,0";"63,0";"22,5";"22,7";"21,6";"";"";"";"0,9";"302,0";"2,4";"1688,40";"0,0"
"04/09/2024";"1500";"32,4";"32,6";"30,2";"53,0";"63,0";"53,0";"21,6";"22,8";"21,4";"";"";"";"1,2";"302,0";"3,6";"2191,70";"0,0"
"04/09/2024";"1600";"33,5";"34,1";"31,8";"49,0";"54,0";"48,0";"21,3";"21,9";"21,0";"";"";"";"1,5";"300,0";"3,7";"2519,00";"0,0"
"04/09/2024";"1700";"34,7";"34,9";"33,2";"45,0";"50,0";"43,0";"21,0";"21,7";"20,2";"";"";"";"1,2";"292,0";"5,0";"2378,60";"0,0"
"04/09/2024";"1800";"34,7";"35,4";"33,9";"41,0";"45,0";"40,0";"19,6";"21,2";"19,4";"";"";"";"1,3";"313,0";"4,4";"1974,10";"0,0"
"04/09/2024";"1900";"35,2";"35,4";"34,3";"41,0";"43,0";"40,0";"20,0";"20,3";"19,0";"";"";"";"1,3";"289,0";"4,4";"1631,80";"0,0"
"04/09/2024";"2000";"34,2";"35,4";"33,8";"43,0";"45,0";"41,0";"19,8";"20,6";"19,6";"";"";"";"1,1";"243,0";"6,7";"865,00";"0,0"
"04/09/2024";"2100";"32,6";"34,3";"32,6";"53,0";"53,0";"43,0";"21,8";"21,8";"19,9";"";"";"";"1,0";"318,0";"3,3";"307,00";"0,0"
"04/09/2024";"2200";"30,7";"32,6";"30,7";"64,0";"64,0";"53,0";"23,2";"23,2";"22,0";"";"";"";"1,1";"300,0";"3,9";"80,10";"0,0"
"04/09/2024";"2300";"29,7";"30,7";"29,7";"68,0";"68,0";"64,0";"23,1";"23,3";"23,1";"";"";"";"1,0";"264,0";"2,2";"";"0,0"
"05/09/2024";"0000";"28,6";"29,8";"28,6";"72,0";"72,0";"68,0";"23,0";"23,2";"22,9";"";"";"";"0,1";"256,0";"2,1";"";"0,0"
"05/09/2024";"0100";"27,3";"28,6";"27,3";"78,0";"78,0";"72,0";"23,2";"23,5";"22,9";"";"";"";"0,0";"267,0";"0,8";"";"0,0"
"05/09/2024";"0200";"";"";"";"";"";"";"";"";"";"";"";"";"";"";"";"";""
"05/09/2024";"0300";"25,4";"26,9";"25,4";"87,0";"87,0";"81,0";"23,1";"23,4";"23,0";"";"";"";"0,5";"186,0";"1,2";"";"0,0"
"05/09/2024";"0400";"24,8";"25,5";"24,6";"90,0";"90,0";"87,0";"23,1";"23,1";"22,9";"";"";"";"0,1";"234,0";"1,2";"";"0,0"
"05/09/2024";"0500";"24,8";"25,3";"24,4";"89,0";"91,0";"86,0";"22,8";"23,1";"22,6";"";"";"";"0,3";"188,0";"1,8";"";"0,0"
"05/09/2024";"0600";"23,9";"24,8";"23,9";"90,0";"91,0";"88,0";"22,2";"22,7";"22,1";"";"";"";"1,5";"188,0";"3,2";"";"0,0"
"05/09/2024";"0700";"24,2";"24,2";"23,6";"90,0";"92,0";"90,0";"22,3";"22,5";"22,1";"";"";"";"0,1";"291,0";"3,2";"";"0,0"
"05/09/2024";"0800";"23,0";"24,3";"23,0";"94,0";"94,0";"90,0";"22,0";"22,6";"22,0";"";"";"";"0,4";"210,0";"1,3";"";"0,0"
"05/09/2024";"0900";"23,1";"23,3";"22,9";"95,0";"95,0";"94,0";"22,2";"22,4";"22,0";"";"";"";"0,4";"259,0";"1,8";"";"0,0"
"05/09/2024";"1000";"22,8";"23,2";"22,7";"95,0";"95,0";"94,0";"21,9";"22,2";"21,7";"";"";"";"0,4";"229,0";"1,6";"0,90";"0,0"
"05/09/2024";"1100";"23,4";"23,4";"22,7";"92,0";"95,0";"92,0";"22,1";"22,2";"21,7";"";"";"";"0,3";"198,0";"1,1";"138,00";"0,0"
"05/09/2024";"1200";"25,2";"25,2";"23,4";"86,0";"92,0";"86,0";"22,6";"22,8";"22,1";"";"";"";"0,9";"224,0";"1,7";"482,20";"0,0"
"05/09/2024";"1300";"28,0";"28,1";"25,0";"76,0";"87,0";"76,0";"23,4";"23,7";"22,5";"";"";"";"1,5";"226,0";"2,6";"1002,80";"0,0"
"05/09/2024";"1400";"31,6";"31,6";"27,9";"61,0";"76,0";"61,0";"23,1";"24,1";"22,7";"";"";"";"1,8";"201,0";"3,6";"1483,40";"0,0"
"05/09/2024";"1500";"34,0";"34,1";"31,5";"45,0";"61,0";"44,0";"20,2";"22,7";"19,9";"";"";"";"2,0";"236,0";"4,9";"2111,90";"0,0"
"05/09/2024";"1600";"35,1";"35,2";"33,3";"42,0";"45,0";"40,0";"20,1";"20,3";"19,2";"";"";"";"2,0";"211,0";"5,2";"2338,70";"0,0"
"05/09/2024";"1700";"34,9";"36,0";"34,3";"42,0";"44,0";"40,0";"20,1";"21,1";"19,6";"";"";"";"1,7";"219,0";"5,1";"2143,60";"0,0"
"05/09/2024";"1800";"35,3";"35,7";"34,5";"44,0";"45,0";"41,0";"21,0";"21,2";"20,0";"";"";"";"1,7";"201,0";"4,4";"1887,70";"0,0"
"05/09/2024";"1900";"35,3";"35,7";"34,8";"39,0";"44,0";"37,0";"19,2";"21,3";"18,2";"";"";"";"1,8";"224,0";"4,7";"1458,10";"0,0"
"05/09/2024";"2000";"34,2";"35,3";"34,2";"44,0";"45,0";"39,0";"20,2";"20,7";"18,9";"";"";"";"1,6";"235,0";"4,3";"909,20";"0,0"
"05/09/2024";"2100";"32,9";"34,3";"32,9";"49,0";"49,0";"44,0";"20,7";"20,8";"20,0";"";"";"";"1,5";"231,0";"3,3";"451,20";"0,0"
"05/09/2024";"2200";"30,9";"32,9";"30,9";"57,0";"57,0";"49,0";"21,3";"21,3";"20,8";"";"";"";"1,0";"213,0";"2,8";"82,90";"0,0"
"05/09/2024";"2300";"29,3";"31,0";"29,3";"63,0";"63,0";"57,0";"21,5";"21,5";"21,3";"";"";"";"0,8";"206,0";"1,9";"";"0,0"
"06/09/2024";"0000";"28,4";"29,3";"28,4";"66,0";"66,0";"63,0";"21,5";"21,6";"21,2";"";"";"";"0,1";"258,0";"1,7";"";"0,0"
"06/09/2024";"0100";"27,1";"28,5";"27,0";"71,0";"72,0";"66,0";"21,5";"21,9";"21,3";"";"";"";"0,2";"333,0";"1,6";"";"0,0"
"06/09/2024";"0200";"26,2";"27,1";"26,2";"75,0";"75,0";"71,0";"21,5";"21,7";"21,3";"";"";"";"0,0";"310,0";"1,0";"";"0,0"
"06/09/2024";"0300";"25,7";"26,5";"25,7";"80,0";"80,0";"75,0";"22,0";"22,0";"21,6";"";"";"";"0,0";"293,0";"0,1";"";"0,0"
"06/09/2024";"0400";"24,4";"25,7";"24,1";"87,0";"88,0";"80,0";"22,0";"22,1";"21,6";"";"";"";"1,7";"183,0";"2,2";"";"0,0"
"06/09/2024";"0500";"24,3";"24,6";"24,3";"87,0";"87,0";"85,0";"21,9";"22,1";"21,8";"";"";"";"0,4";"194,0";"2,4";"";"0,0"
"06/09/2024";"0600";"23,7";"24,3";"23,6";"90,0";"90,0";"87,0";"22,0";"22,1";"21,6";"";"";"";"0,0";"335,0";"1,2";"";"0,0"
"06/09/2024";"0700";"23,8";"23,8";"23,3";"89,0";"91,0";"89,0";"21,9";"22,0";"21,6";"";"";"";"0,8";"308,0";"2,3";"";"0,0"
"06/09/2024";"0800";"22,7";"23,8";"22,7";"92,0";"93,0";"89,0";"21,4";"21,9";"21,3";"";"";"";"1,0";"192,0";"1,8";"";"0,0"
"06/09/2024";"0900";"22,7";"22,7";"22,5";"94,0";"94,0";"92,0";"21,6";"21,6";"21,4";"";"";"";"1,2";"192,0";"2,0";"";"0,0"
"06/09/2024";"1000";"21,8";"22,7";"21,8";"96,0";"96,0";"94,0";"21,1";"21,7";"21,0";"";"";"";"0,9";"183,0";"1,6";"0,10";"0,0"
"06/09/2024";"1100";"22,7";"22,7";"21,8";"95,0";"97,0";"95,0";"21,8";"21,8";"21,1";"";"";"";"0,4";"197,0";"1,7";"108,50";"0,0"
"06/09/2024";"1200";"24,1";"24,1";"22,6";"90,0";"95,0";"90,0";"22,3";"22,4";"21,7";"";"";"";"0,4";"206,0";"1,3";"335,30";"0,0"
"06/09/2024";"1300";"26,0";"26,0";"24,1";"84,0";"90,0";"83,0";"23,0";"23,0";"22,2";"";"";"";"0,1";"205,0";"1,5";"721,70";"0,0"
"06/09/2024";"1400";"29,0";"29,7";"26,0";"70,0";"84,0";"69,0";"23,1";"23,9";"23,0";"";"";"";"1,0";"291,0";"2,5";"1224,80";"0,0"
"06/09/2024";"1500";"31,5";"31,5";"29,0";"61,0";"71,0";"60,0";"23,2";"23,8";"22,5";"";"";"";"1,5";"283,0";"3,4";"1849,80";"0,0"
"06/09/2024";"1600";"33,2";"33,6";"31,6";"48,0";"61,0";"47,0";"20,7";"23,4";"20,5";"";"";"";"1,6";"308,0";"3,5";"2149,30";"0,0"
"06/09/2024";"1700";"33,9";"34,3";"32,9";"48,0";"54,0";"48,0";"21,5";"22,3";"20,8";"";"";"";"1,7";"258,0";"4,1";"2191,30";"0,0"
"06/09/2024";"1800";"34,0";"35,7";"33,8";"47,0";"48,0";"42,0";"21,1";"21,5";"20,3";"";"";"";"2,5";"310,0";"4,3";"1811,30";"0,0"
"06/09/2024";"1900";"29,0";"34,8";"29,0";"58,0";"58,0";"45,0";"20,0";"22,1";"20,0";"";"";"";"4,2";"319,0";"12,0";"933,60";"0,0"
"06/09/2024";"2000";"28,1";"29,0";"27,0";"59,0";"64,0";"54,0";"19,4";"20,3";"17,8";"";"";"";"1,7";"297,0";"12,0";"228,70";"0,0"
"06/09/2024";"2100";"27,7";"29,1";"26,9";"64,0";"69,0";"54,0";"20,2";"20,7";"18,8";"";"";"";"1,7";"306,0";"4,0";"329,60";"0,0"
"06/09/2024";"2200";"26,9";"27,8";"26,9";"71,0";"71,0";"63,0";"21,2";"21,2";"20,0";"";"";"";"0,6";"288,0";"4,5";"55,10";"0,0"
"06/09/2024";"2300";"25,3";"26,9";"25,3";"86,0";"86,0";"71,0";"22,8";"22,8";"20,9";"";"";"";"0,2";"293,0";"3,1";"0,60";"0,4"
"07/09/2024";"0000";"25,1";"25,6";"24,9";"87,0";"88,0";"82,0";"22,8";"22,8";"22,1";"";"";"";"0,1";"326,0";"1,5";"";"0,0"
"07/09/2024";"0100";"24,9";"25,5";"24,9";"87,0";"88,0";"84,0";"22,7";"23,0";"22,2";"";"";"";"0,1";"200,0";"1,4";"";"0,0"
"07/09/2024";"0200";"24,9";"24,9";"24,4";"89,0";"92,0";"87,0";"22,9";"23,2";"22,5";"";"";"";"0,4";"295,0";"1,3";"";"0,0"
"07/09/2024";"0300";"24,4";"24,9";"24,2";"89,0";"91,0";"89,0";"22,5";"22,9";"22,4";"";"";"";"1,0";"282,0";"1,5";"";"0,0"
"07/09/2024";"0400";"24,0";"24,4";"23,9";"92,0";"93,0";"89,0";"22,7";"22,9";"22,5";"";"";"";"0,1";"215,0";"1,5";"";"0,0"
"07/09/2024";"0500";"23,3";"24,0";"23,2";"97,0";"97,0";"92,0";"22,7";"23,0";"22,6";"";"";"";"0,0";"226,0";"1,5";"";"0,0"
"07/09/2024";"0600";"23,1";"23,5";"23,1";"97,0";"98,0";"96,0";"22,6";"23,1";"22,6";"";"";"";"1,0";"300,0";"1,5";"";"0,0"
"07/09/2024";"0700";"22,8";"23,1";"22,7";"98,0";"98,0";"97,0";"22,4";"22,6";"22,3";"";"";"";"0,0";"280,0";"1,8";"";"0,0"
"07/09/2024";"0800";"22,4";"22,8";"22,3";"98,0";"98,0";"98,0";"22,0";"22,4";"22,0";"";"";"";"1,1";"190,0";"1,6";"";"0,0"
"07/09/2024";"0900";"22,4";"22,6";"22,3";"99,0";"99,0";"98,0";"22,2";"22,4";"22,0";"";"";"";"0,2";"249,0";"1,6";"";"0,0"
"07/09/2024";"1000";"22,3";"22,4";"22,1";"99,0";"99,0";"99,0";"22,1";"22,2";"22,0";"";"";"";"0,8";"214,0";"1,6";"0,80";"0,0"
"07/09/2024";"1100";"23,3";"23,3";"22,0";"99,0";"99,0";"99,0";"23,1";"23,1";"21,9";"";"";"";"0,0";"267,0";"2,1";"150,80";"0,0"
"07/09/2024";"1200";"25,4";"25,7";"23,3";"90,0";"99,0";"90,0";"23,7";"24,1";"23,0";"";"";"";"0,2";"224,0";"1,3";"637,00";"0,0"
"07/09/2024";"1300";"28,3";"28,3";"25,1";"81,0";"92,0";"79,0";"24,8";"24,9";"23,4";"";"";"";"0,3";"320,0";"1,4";"1226,40";"0,0"
"07/09/2024";"1400";"30,2";"30,4";"28,3";"67,0";"81,0";"66,0";"23,5";"24,8";"22,9";"";"";"";"1,6";"304,0";"2,9";"1920,00";"0,0"
"07/09/2024";"1500";"31,1";"32,4";"30,3";"61,0";"67,0";"58,0";"22,7";"23,7";"22,6";"";"";"";"2,8";"295,0";"4,6";"2446,50";"0,0"
"07/09/2024";"1600";"33,0";"34,1";"30,9";"56,0";"62,0";"52,0";"23,0";"23,9";"22,5";"";"";"";"2,0";"300,0";"4,6";"2312,30";"0,0"
"07/09/2024";"1700";"33,8";"34,0";"32,5";"53,0";"57,0";"49,0";"22,8";"23,7";"21,8";"";"";"";"1,8";"309,0";"4,7";"1990,60";"0,0"
"07/09/2024";"1800";"33,7";"35,2";"33,4";"52,0";"53,0";"42,0";"22,3";"23,0";"19,3";"";"";"";"2,5";"285,0";"5,0";"1654,50";"0,0"
"07/09/2024";"1900";"33,8";"34,5";"33,2";"51,0";"53,0";"47,0";"22,2";"22,9";"21,1";"";"";"";"1,4";"304,0";"5,0";"1270,90";"0,0"
"07/09/2024";"2000";"33,5";"34,4";"33,5";"50,0";"51,0";"47,0";"21,6";"21,9";"21,1";"";"";"";"1,9";"308,0";"5,5";"924,90";"0,0"
"07/09/2024";"2100";"30,9";"33,6";"30,9";"54,0";"55,0";"49,0";"20,5";"22,2";"20,5";"";"";"";"2,6";"213,0";"6,2";"331,70";"0,0"
"07/09/2024";"2200";"26,8";"30,9";"26,4";"72,0";"84,0";"54,0";"21,3";"24,0";"20,1";"";"";"";"3,1";"245,0";"6,3";"85,70";"0,0"
"07/09/2024";"2300";"26,3";"26,7";"25,7";"71,0";"85,0";"71,0";"20,6";"23,1";"20,6";"";"";"";"1,3";"187,0";"5,1";"2,90";"0,0"
"08/09/2024";"0000";"25,1";"26,4";"24,9";"74,0";"79,0";"71,0";"20,1";"21,2";"20,1";"";"";"";"1,1";"198,0";"3,0";"0,30";"0,0"
"08/09/2024";"0100";"24,6";"25,1";"24,5";"77,0";"80,0";"74,0";"20,2";"21,0";"20,0";"";"";"";"0,4";"206,0";"1,8";"";"0,0"
"08/09/2024";"0200";"24,5";"25,3";"24,4";"75,0";"77,0";"70,0";"19,8";"20,3";"19,5";"";"";"";"0,4";"191,0";"1,7";"";"0,0"
"08/09/2024";"0300";"23,8";"24,7";"23,7";"84,0";"85,0";"75,0";"20,9";"21,0";"19,8";"";"";"";"0,6";"186,0";"1,4";"";"0,0"
"08/09/2024";"0400";"23,7";"24,0";"23,7";"84,0";"84,0";"82,0";"20,8";"21,0";"20,6";"";"";"";"0,6";"187,0";"1,2";"";"0,0"
"08/09/2024";"0500";"23,3";"23,7";"23,3";"86,0";"87,0";"83,0";"20,8";"21,1";"20,7";"";"";"";"0,3";"193,0";"1,3";"";"0,0"
"08/09/2024";"0600";"22,7";"23,3";"22,6";"91,0";"92,0";"86,0";"21,2";"21,3";"20,8";"";"";"";"0,4";"205,0";"2,1";"";"0,0"
"08/09/2024";"0700";"22,9";"22,9";"22,6";"89,0";"91,0";"89,0";"21,0";"21,2";"20,7";"";"";"";"0,0";"323,0";"1,9";"";"0,0"
"08/09/2024";"0800";"22,1";"23,0";"22,0";"95,0";"96,0";"89,0";"21,3";"21,3";"21,0";"";"";"";"1,3";"304,0";"2,2";"";"0,0"
"08/09/2024";"0900";"22,0";"22,3";"22,0";"95,0";"95,0";"93,0";"21,1";"21,3";"20,9";"";"";"";"0,0";"278,0";"1,9";"";"0,0"
"08/09/2024";"1000";"21,7";"22,0";"21,5";"96,0";"97,0";"95,0";"21,1";"21,2";"21,0";"";"";"";"0,0";"235,0";"0,5";"0,90";"0,0"
"08/09/2024";"1100";"22,6";"22,6";"21,6";"95,0";"97,0";"95,0";"21,7";"21,7";"21,1";"";"";"";"0,1";"189,0";"0,8";"142,70";"0,0"
"08/09/2024";"1200";"25,1";"25,1";"22,6";"83,0";"95,0";"83,0";"22,1";"22,9";"21,7";"";"";"";"0,4";"314,0";"0,9";"624,30";"0,0"
"08/09/2024";"1300";"27,3";"27,3";"25,1";"80,0";"85,0";"79,0";"23,6";"23,9";"22,1";"";"";"";"1,2";"269,0";"2,6";"1336,60";"0,0"
"08/09/2024";"1400";"30,1";"30,2";"27,3";"68,0";"81,0";"68,0";"23,6";"24,5";"23,4";"";"";"";"1,4";"248,0";"2,9";"2008,70";"0,0"
"08/09/2024";"1500";"33,0";"33,3";"30,1";"55,0";"69,0";"55,0";"22,8";"24,5";"22,6";"";"";"";"0,9";"259,0";"3,9";"2562,20";"0,0"
"08/09/2024";"1600";"33,1";"34,1";"32,3";"53,0";"58,0";"52,0";"22,3";"23,6";"22,1";"";"";"";"1,5";"235,0";"3,6";"2328,10";"0,0"
"08/09/2024";"1700";"34,6";"35,1";"32,6";"46,0";"55,0";"43,0";"21,4";"23,2";"20,0";"";"";"";"1,2";"291,0";"3,8";"2530,30";"0,0"
"08/09/2024";"1800";"34,5";"36,1";"34,3";"43,0";"46,0";"40,0";"19,9";"21,6";"19,6";"";"";"";"0,9";"307,0";"3,9";"1951,80";"0,0"
"08/09/2024";"1900";"31,8";"35,5";"31,7";"53,0";"53,0";"41,0";"21,0";"21,9";"19,7";"";"";"";"3,4";"308,0";"6,7";"1588,50";"0,0"
"08/09/2024";"2000";"26,2";"32,2";"26,2";"72,0";"72,0";"52,0";"20,7";"21,5";"20,1";"";"";"";"4,2";"317,0";"7,8";"331,50";"0,0"
"08/09/2024";"2100";"26,7";"26,7";"25,6";"68,0";"73,0";"67,0";"20,2";"20,7";"19,9";"";"";"";"2,3";"248,0";"7,8";"78,90";"0,0"
"08/09/2024";"2200";"26,0";"26,7";"25,9";"72,0";"72,0";"68,0";"20,5";"20,6";"20,3";"";"";"";"0,5";"228,0";"6,6";"25,70";"0,0"
"08/09/2024";"2300";"25,8";"26,0";"25,8";"70,0";"72,0";"70,0";"20,0";"20,5";"20,0";"";"";"";"0,0";"201,0";"1,4";"0,40";"0,0"
"09/09/2024";"0000";"25,4";"25,9";"25,4";"73,0";"73,0";"70,0";"20,3";"20,3";"19,9";"";"";"";"0,0";"270,0";"0,9";"";"0,0"
"09/09/2024";"0100";"25,0";"25,4";"24,9";"77,0";"77,0";"73,0";"20,6";"20,8";"20,3";"";"";"";"0,8";"296,0";"2,2";"";"0,0"
"09/09/2024";"0200";"24,4";"25,0";"24,3";"79,0";"79,0";"77,0";"20,4";"20,6";"20,4";"";"";"";"0,7";"237,0";"2,4";"";"0,0"
"09/09/2024";"0300";"24,2";"24,4";"23,9";"79,0";"82,0";"78,0";"20,4";"20,6";"20,3";"";"";"";"1,6";"226,0";"2,6";"";"0,0"
"09/09/2024";"0400";"24,2";"24,2";"23,4";"80,0";"84,0";"79,0";"20,5";"20,7";"20,4";"";"";"";"1,2";"269,0";"3,3";"";"0,0"
"09/09/2024";"0500";"23,4";"24,4";"23,4";"84,0";"84,0";"79,0";"20,7";"20,8";"20,4";"";"";"";"0,1";"298,0";"2,3";"";"0,0"
"09/09/2024";"0600";"23,3";"23,6";"23,3";"87,0";"87,0";"84,0";"21,0";"21,0";"20,6";"";"";"";"0,0";"332,0";"1,0";"";"0,0"
"09/09/2024";"0700";"22,9";"23,3";"22,8";"88,0";"88,0";"87,0";"20,8";"21,0";"20,7";"";"";"";"0,2";"301,0";"1,2";"";"0,0"
"09/09/2024";"0800";"21,9";"23,0";"21,9";"93,0";"93,0";"88,0";"20,7";"21,0";"20,7";"";"";"";"1,0";"186,0";"2,3";"";"0,0"
"09/09/2024";"0900";"22,1";"22,4";"21,9";"92,0";"93,0";"91,0";"20,8";"21,0";"20,7";"";"";"";"0,9";"199,0";"1,8";"";"0,0"
"09/09/2024";"1000";"22,2";"22,4";"22,0";"92,0";"93,0";"91,0";"20,8";"21,0";"20,7";"";"";"";"0,0";"203,0";"1,5";"0,40";"0,0"
"09/09/2024";"1100";"22,9";"22,9";"22,1";"91,0";"92,0";"91,0";"21,3";"21,3";"20,8";"";"";"";"0,0";"203,0";"1,1";"106,10";"0,0"
"09/09/2024";"1200";"25,0";"25,0";"22,9";"84,0";"91,0";"83,0";"22,0";"22,0";"21,3";"";"";"";"0,1";"193,0";"1,4";"462,50";"0,0"
"09/09/2024";"1300";"27,5";"27,5";"24,6";"72,0";"85,0";"72,0";"22,1";"22,6";"21,7";"";"";"";"0,7";"199,0";"1,4";"984,90";"0,0"
"09/09/2024";"1400";"31,1";"31,1";"27,6";"61,0";"72,0";"59,0";"22,6";"22,6";"20,8";"";"";"";"0,4";"292,0";"1,4";"1506,40";"0,0"
"09/09/2024";"1500";"33,1";"33,3";"31,1";"48,0";"61,0";"48,0";"20,8";"22,6";"20,2";"";"";"";"0,9";"293,0";"2,4";"1805,60";"0,0"
"09/09/2024";"1600";"35,1";"35,1";"32,8";"43,0";"49,0";"43,0";"20,6";"21,0";"20,0";"";"";"";"0,7";"318,0";"3,1";"1970,00";"0,0"
"09/09/2024";"1700";"34,3";"35,1";"33,9";"44,0";"45,0";"42,0";"20,1";"20,6";"19,6";"";"";"";"1,2";"314,0";"3,8";"1967,20";"0,0"
"09/09/2024";"1800";"33,6";"34,5";"33,3";"46,0";"47,0";"42,0";"20,5";"21,1";"19,6";"";"";"";"2,3";"281,0";"5,2";"1775,70";"0,0"
"09/09/2024";"1900";"33,5";"34,0";"33,3";"46,0";"47,0";"43,0";"20,2";"20,7";"19,5";"";"";"";"2,0";"307,0";"5,2";"1355,10";"0,0"
"09/09/2024";"2000";"33,2";"33,6";"33,1";"47,0";"48,0";"45,0";"20,5";"20,6";"19,8";"";"";"";"1,4";"290,0";"3,6";"841,40";"0,0"
"09/09/2024";"2100";"31,6";"33,2";"31,6";"55,0";"55,0";"47,0";"21,5";"22,0";"20,3";"";"";"";"1,5";"295,0";"3,7";"370,30";"0,0"
"09/09/2024";"2200";"30,3";"31,6";"30,3";"57,0";"57,0";"54,0";"20,7";"21,4";"20,7";"";"";"";"0,8";"306,0";"2,9";"53,60";"0,0"
"09/09/2024";"2300";"28,7";"30,3";"28,7";"63,0";"63,0";"57,0";"21,0";"21,1";"20,5";"";"";"";"0,1";"289,0";"1,3";"";"0,0"
"10/09/2024";"0000";"27,8";"28,7";"27,8";"66,0";"67,0";"63,0";"20,9";"21,3";"20,9";"";"";"";"0,0";"255,0";"1,3";"";"0,0"
"10/09/2024";"0100";"26,9";"27,9";"26,9";"72,0";"72,0";"66,0";"21,4";"21,6";"20,8";"";"";"";"0,6";"207,0";"1,1";"";"0,0"
"10/09/2024";"0200";"26,8";"27,2";"26,6";"73,0";"74,0";"71,0";"21,6";"21,7";"21,5";"";"";"";"1,0";"218,0";"2,0";"";"0,0"
"10/09/2024";"0300";"25,9";"26,9";"25,8";"79,0";"79,0";"73,0";"21,9";"21,9";"21,6";"";"";"";"0,0";"278,0";"1,5";"";"0,0"
"10/09/2024";"0400";"25,3";"25,9";"25,3";"82,0";"83,0";"79,0";"22,1";"22,2";"21,9";"";"";"";"0,2";"218,0";"1,1";"";"0,0"
"10/09/2024";"0500";"24,8";"25,4";"24,7";"86,0";"87,0";"82,0";"22,3";"22,5";"22,1";"";"";"";"0,5";"209,0";"1,1";"";"0,0"
"10/09/2024";"0600";"24,3";"24,9";"24,3";"89,0";"89,0";"86,0";"22,4";"22,6";"22,3";"";"";"";"0,1";"286,0";"1,3";"";"0,0"
"10/09/2024";"0700";"23,4";"24,4";"23,4";"92,0";"93,0";"89,0";"22,1";"22,6";"22,1";"";"";"";"0,2";"184,0";"1,3";"";"0,0"
"10/09/2024";"0800";"23,6";"23,7";"23,4";"93,0";"94,0";"92,0";"22,4";"22,5";"22,1";"";"";"";"0,3";"186,0";"0,9";"";"0,0"
"10/09/2024";"0900";"23,7";"23,7";"23,3";"92,0";"94,0";"92,0";"22,3";"22,5";"22,2";"";"";"";"0,2";"186,0";"0,9";"";"0,0"
"10/09/2024";"1000";"24,1";"24,1";"23,3";"90,0";"93,0";"90,0";"22,3";"22,4";"22,1";"";"";"";"0,3";"226,0";"1,0";"0,80";"0,0"
"10/09/2024";"1100";"24,1";"24,1";"23,2";"91,0";"93,0";"90,0";"22,5";"22,5";"21,9";"";"";"";"1,0";"320,0";"2,9";"125,90";"0,0"
"10/09/2024";"1200";"25,8";"25,8";"24,1";"82,0";"91,0";"82,0";"22,6";"23,1";"22,4";"";"";"";"0,2";"258,0";"2,2";"370,80";"0,0"
"10/09/2024";"1300";"28,3";"28,3";"25,8";"69,0";"83,0";"69,0";"22,1";"23,0";"21,9";"";"";"";"0,2";"310,0";"1,6";"712,20";"0,0"
"10/09/2024";"1400";"31,5";"31,7";"28,3";"57,0";"70,0";"57,0";"22,1";"22,9";"21,9";"";"";"";"0,9";"322,0";"3,2";"1259,80";"0,0"
"10/09/2024";"1500";"32,7";"33,5";"31,2";"54,0";"58,0";"54,0";"22,2";"23,1";"21,9";"";"";"";"1,9";"316,0";"4,3";"1768,90";"0,0"
"10/09/2024";"1600";"34,0";"34,5";"32,2";"50,0";"56,0";"49,0";"22,1";"22,7";"21,4";"";"";"";"1,3";"298,0";"4,4";"2137,30";"0,0"
"10/09/2024";"1700";"33,6";"35,0";"33,1";"48,0";"51,0";"45,0";"21,2";"22,1";"20,7";"";"";"";"1,8";"314,0";"4,0";"1577,50";"0,0"
"10/09/2024";"1800";"35,6";"35,6";"33,5";"44,0";"51,0";"42,0";"21,6";"22,3";"20,7";"";"";"";"1,0";"309,0";"5,2";"1797,80";"0,0"
"10/09/2024";"1900";"28,9";"35,7";"28,9";"74,0";"75,0";"44,0";"23,8";"24,3";"20,5";"";"";"";"2,0";"195,0";"4,6";"1213,30";"0,0"
"10/09/2024";"2000";"27,9";"29,7";"27,5";"72,0";"76,0";"70,0";"22,4";"24,6";"22,3";"";"";"";"0,9";"240,0";"5,3";"630,20";"0,0"
"10/09/2024";"2100";"26,7";"27,9";"26,7";"74,0";"76,0";"71,0";"21,6";"22,9";"21,2";"";"";"";"2,1";"222,0";"5,2";"137,30";"0,0"
"10/09/2024";"2200";"24,8";"26,8";"24,7";"87,0";"87,0";"73,0";"22,4";"22,4";"21,4";"";"";"";"2,3";"318,0";"8,1";"73,50";"0,0"
"10/09/2024";"2300";"24,9";"25,0";"24,3";"86,0";"90,0";"83,0";"22,3";"23,0";"21,8";"";"";"";"1,3";"229,0";"7,1";"0,40";"0,2"
"11/09/2024";"0000";"24,2";"25,0";"24,2";"91,0";"92,0";"85,0";"22,7";"22,9";"22,3";"";"";"";"0,0";"215,0";"1,7";"";"0,0"
"11/09/2024";"0100";"24,2";"24,7";"24,0";"90,0";"92,0";"87,0";"22,5";"22,9";"22,3";"";"";"";"1,1";"221,0";"2,3";"";"0,0"
"11/09/2024";"0200";"24,3";"24,3";"23,7";"85,0";"90,0";"82,0";"21,6";"22,4";"21,0";"";"";"";"0,6";"338,0";"4,0";"0,20";"0,0"
"11/09/2024";"0300";"23,6";"24,3";"23,6";"88,0";"91,0";"85,0";"21,6";"22,3";"21,5";"";"";"";"1,3";"215,0";"2,3";"0,10";"0,0"
"11/09/2024";"0400";"24,2";"24,2";"23,6";"83,0";"89,0";"82,0";"21,2";"21,6";"21,0";"";"";"";"1,7";"216,0";"3,3";"";"0,0"
"11/09/2024";"0500";"23,6";"24,2";"23,6";"87,0";"87,0";"83,0";"21,3";"21,5";"21,2";"";"";"";"0,0";"235,0";"2,3";"";"0,0"
"11/09/2024";"0600";"23,0";"23,6";"23,0";"92,0";"92,0";"87,0";"21,6";"21,8";"21,3";"";"";"";"0,2";"256,0";"1,1";"";"0,0"
"11/09/2024";"0700";"23,2";"23,3";"22,9";"91,0";"92,0";"91,0";"21,7";"21,7";"21,5";"";"";"";"0,3";"266,0";"1,0";"";"0,0"
"11/09/2024";"0800";"22,8";"23,2";"22,6";"93,0";"94,0";"91,0";"21,7";"21,8";"21,5";"";"";"";"0,4";"213,0";"1,2";"";"0,0"
"11/09/2024";"0900";"22,7";"22,8";"22,6";"93,0";"94,0";"93,0";"21,6";"21,6";"21,5";"";"";"";"0,0";"209,0";"1,4";"";"0,0"
"11/09/2024";"1000";"22,7";"22,7";"22,4";"94,0";"95,0";"93,0";"21,7";"21,8";"21,5";"";"";"";"0,0";"251,0";"1,0";"1,10";"0,0"
"11/09/2024";"1100";"23,6";"23,6";"22,6";"93,0";"94,0";"93,0";"22,5";"22,5";"21,7";"";"";"";"0,0";"342,0";"1,0";"164,50";"0,0"
"11/09/2024";"1200";"25,9";"25,9";"23,6";"84,0";"93,0";"84,0";"23,0";"23,5";"22,4";"";"";"";"0,2";"327,0";"2,1";"605,80";"0,0"
"11/09/2024";"1300";"28,2";"28,2";"25,7";"76,0";"86,0";"76,0";"23,6";"24,2";"22,6";"";"";"";"0,7";"326,0";"2,1";"1144,30";"0,0"
"11/09/2024";"1400";"30,3";"30,3";"28,2";"68,0";"77,0";"67,0";"23,8";"24,3";"22,8";"";"";"";"0,6";"319,0";"3,4";"1492,60";"0,0"
"11/09/2024";"1500";"30,7";"30,7";"30,0";"62,0";"69,0";"61,0";"22,5";"24,1";"22,1";"";"";"";"1,2";"318,0";"4,7";"1176,10";"0,0"
"11/09/2024";"1600";"31,8";"32,0";"30,6";"57,0";"62,0";"56,0";"22,2";"22,9";"21,8";"";"";"";"0,9";"325,0";"4,7";"1347,70";"0,0"
"11/09/2024";"1700";"32,6";"32,7";"30,9";"55,0";"64,0";"55,0";"22,3";"23,5";"22,1";"";"";"";"1,4";"318,0";"4,2";"1411,40";"0,0"
"11/09/2024";"1800";"32,9";"33,3";"32,1";"53,0";"58,0";"53,0";"22,2";"23,2";"21,8";"";"";"";"1,0";"317,0";"3,8";"1730,50";"0,0"
"11/09/2024";"1900";"32,8";"33,8";"32,4";"51,0";"55,0";"49,0";"21,4";"22,4";"20,8";"";"";"";"0,8";"316,0";"3,9";"1270,00";"0,0"
"11/09/2024";"2000";"31,9";"33,3";"31,9";"59,0";"59,0";"49,0";"22,9";"22,9";"20,9";"";"";"";"1,8";"302,0";"3,2";"782,50";"3,6"
"11/09/2024";"2100";"31,4";"31,9";"31,4";"62,0";"63,0";"59,0";"23,4";"23,4";"23,0";"";"";"";"1,5";"298,0";"4,3";"614,90";"1,6"
"11/09/2024";"2200";"29,7";"31,4";"29,7";"72,0";"72,0";"62,0";"24,1";"24,1";"23,1";"";"";"";"1,3";"241,0";"2,5";"176,20";"0,0"
"11/09/2024";"2300";"28,8";"29,7";"28,8";"74,0";"74,0";"72,0";"23,7";"24,1";"23,7";"";"";"";"1,0";"231,0";"2,4";"";"2,4"
"12/09/2024";"0000";"27,3";"28,9";"27,3";"81,0";"81,0";"73,0";"23,8";"23,9";"23,6";"";"";"";"0,0";"211,0";"1,9";"";"0,6"
"12/09/2024";"0100";"26,8";"27,3";"26,6";"85,0";"85,0";"81,0";"24,0";"24,1";"23,8";"";"";"";"0,0";"298,0";"0,4";"";"0,0"
"12/09/2024";"0200";"26,0";"26,8";"26,0";"88,0";"88,0";"85,0";"23,9";"24,1";"23,6";"";"";"";"0,0";"302,0";"0,0";"";"0,0"
"12/09/2024";"0300";"25,5";"26,0";"25,5";"92,0";"92,0";"88,0";"24,0";"24,1";"23,8";"";"";"";"0,0";"338,0";"0,0";"";"0,0"
"12/09/2024";"0400";"24,7";"25,5";"24,7";"94,0";"94,0";"92,0";"23,6";"24,1";"23,6";"";"";"";"0,0";"225,0";"1,0";"";"0,0"
"12/09/2024";"0500";"24,2";"24,7";"24,2";"96,0";"96,0";"94,0";"23,5";"23,7";"23,4";"";"";"";"0,8";"212,0";"1,5";"";"0,2"
"12/09/2024";"0600";"24,1";"24,4";"24,1";"95,0";"96,0";"95,0";"23,3";"23,6";"23,3";"";"";"";"1,2";"210,0";"1,8";"";"0,0"
"12/09/2024";"0700";"23,4";"24,1";"23,4";"97,0";"97,0";"95,0";"22,9";"23,4";"22,9";"";"";"";"1,1";"201,0";"2,5";"";"0,2"
"12/09/2024";"0800";"23,2";"23,6";"23,2";"97,0";"97,0";"97,0";"22,8";"23,1";"22,8";"";"";"";"1,0";"203,0";"2,4";"";"0,2"
"12/09/2024";"0900";"23,6";"23,7";"23,2";"96,0";"98,0";"96,0";"23,0";"23,2";"22,8";"";"";"";"1,8";"219,0";"2,4";"";"0,0"
"12/09/2024";"1000";"23,1";"23,9";"23,1";"97,0";"97,0";"95,0";"22,6";"23,2";"22,6";"";"";"";"0,0";"214,0";"2,4";"3,40";"0,4"
"12/09/2024";"1100";"24,5";"24,5";"23,1";"95,0";"98,0";"95,0";"23,6";"23,6";"22,6";"";"";"";"0,0";"326,0";"0,0";"250,10";"0,2"
"12/09/2024";"1200";"28,1";"28,1";"24,5";"81,0";"95,0";"80,0";"24,6";"24,9";"23,6";"";"";"";"0,7";"273,0";"2,2";"967,60";"1,2"
"12/09/2024";"1300";"30,7";"31,0";"28,1";"65,0";"81,0";"64,0";"23,4";"24,8";"23,4";"";"";"";"1,0";"311,0";"3,3";"1430,00";"0,0"
"12/09/2024";"1400";"33,2";"33,2";"30,7";"53,0";"66,0";"53,0";"22,5";"24,2";"22,2";"";"";"";"2,1";"307,0";"5,2";"1941,60";"0,0"
"12/09/2024";"1500";"33,8";"34,7";"32,7";"46,0";"53,0";"45,0";"20,7";"22,2";"20,5";"";"";"";"2,9";"306,0";"6,9";"2660,10";"0,0"
"12/09/2024";"1600";"36,5";"36,6";"33,8";"40,0";"47,0";"40,0";"20,6";"21,6";"20,0";"";"";"";"2,8";"289,0";"6,9";"2860,20";"0,0"
"12/09/2024";"1700";"36,0";"37,0";"35,0";"40,0";"43,0";"38,0";"20,4";"21,4";"19,4";"";"";"";"2,0";"304,0";"5,7";"2893,30";"0,0"
"12/09/2024";"1800";"36,7";"37,5";"35,5";"33,0";"41,0";"32,0";"17,8";"20,7";"17,5";"";"";"";"1,7";"321,0";"5,9";"2590,40";"0,0"
"12/09/2024";"1900";"36,4";"37,9";"35,6";"33,0";"35,0";"31,0";"17,5";"18,5";"17,0";"";"";"";"1,5";"281,0";"6,9";"1892,60";"0,0"
"12/09/2024";"2000";"33,1";"36,3";"33,1";"47,0";"47,0";"31,0";"20,2";"20,5";"16,1";"";"";"";"1,7";"193,0";"4,5";"439,50";"0,0"
"12/09/2024";"2100";"29,5";"33,1";"29,5";"60,0";"60,0";"47,0";"21,0";"21,5";"20,2";"";"";"";"2,7";"202,0";"5,8";"221,60";"0,0"
"12/09/2024";"2200";"28,4";"29,5";"28,4";"61,0";"61,0";"58,0";"20,2";"21,1";"19,9";"";"";"";"0,9";"199,0";"4,4";"93,10";"0,2"
"12/09/2024";"2300";"27,6";"28,4";"27,6";"63,0";"63,0";"61,0";"19,8";"20,2";"19,7";"";"";"";"0,3";"192,0";"2,5";"";"0,2"
"13/09/2024";"0000";"26,4";"27,6";"26,4";"68,0";"68,0";"63,0";"20,0";"20,2";"19,7";"";"";"";"0,0";"225,0";"1,0";"";"1,2"
"13/09/2024";"0100";"25,9";"26,7";"25,9";"70,0";"71,0";"68,0";"20,1";"20,6";"20,0";"";"";"";"0,1";"217,0";"0,7";"";"0,2"
"13/09/2024";"0200";"25,7";"26,1";"25,7";"73,0";"73,0";"70,0";"20,5";"20,7";"20,1";"";"";"";"0,6";"199,0";"1,2";"";"0,0"
"13/09/2024";"0300";"25,0";"25,7";"25,0";"79,0";"79,0";"73,0";"21,1";"21,1";"20,5";"";"";"";"0,7";"276,0";"1,6";"";"0,0"
"13/09/2024";"0400";"24,8";"25,3";"24,8";"78,0";"79,0";"76,0";"20,8";"21,1";"20,7";"";"";"";"0,2";"315,0";"1,4";"";"0,0"
"13/09/2024";"0500";"23,9";"25,2";"23,8";"85,0";"85,0";"77,0";"21,2";"21,2";"20,8";"";"";"";"0,5";"200,0";"1,2";"";"0,0"
"13/09/2024";"0600";"24,1";"24,2";"23,9";"85,0";"85,0";"83,0";"21,3";"21,4";"21,1";"";"";"";"0,8";"190,0";"1,9";"";"0,0"
"13/09/2024";"0700";"23,5";"24,2";"23,3";"88,0";"88,0";"84,0";"21,3";"21,5";"21,0";"";"";"";"0,2";"208,0";"1,5";"";"0,0"
"13/09/2024";"0800";"22,8";"23,5";"22,6";"91,0";"91,0";"87,0";"21,3";"21,3";"21,0";"";"";"";"0,0";"270,0";"1,2";"";"0,0"
"13/09/2024";"0900";"22,6";"22,9";"22,5";"92,0";"92,0";"90,0";"21,3";"21,4";"21,1";"";"";"";"0,0";"226,0";"0,9";"";"0,0"
"13/09/2024";"1000";"22,2";"22,8";"22,2";"93,0";"93,0";"92,0";"21,1";"21,5";"21,1";"";"";"";"1,1";"183,0";"1,4";"0,70";"0,0"
"13/09/2024";"1100";"23,3";"23,3";"22,0";"91,0";"95,0";"91,0";"21,8";"21,9";"21,0";"";"";"";"0,2";"199,0";"1,5";"137,30";"0,0"
"13/09/2024";"1200";"24,7";"24,8";"23,3";"85,0";"91,0";"85,0";"22,1";"22,3";"21,6";"";"";"";"1,0";"303,0";"1,8";"515,70";"0,4"
"13/09/2024";"1300";"30,5";"30,5";"24,7";"59,0";"85,0";"59,0";"21,6";"23,4";"21,6";"";"";"";"0,9";"320,0";"2,7";"1211,00";"1,4"
"13/09/2024";"1400";"31,3";"31,4";"30,0";"57,0";"63,0";"56,0";"21,8";"22,4";"21,4";"";"";"";"1,9";"306,0";"3,5";"1614,90";"0,0"
"13/09/2024";"1500";"32,4";"32,6";"31,3";"51,0";"57,0";"50,0";"21,0";"22,1";"20,5";"";"";"";"2,3";"291,0";"4,0";"1707,20";"0,0"
"13/09/2024";"1600";"33,8";"33,9";"32,4";"49,0";"52,0";"48,0";"21,5";"21,9";"21,1";"";"";"";"2,3";"295,0";"5,0";"1742,90";"0,0"
"13/09/2024";"1700";"34,9";"36,2";"33,7";"44,0";"49,0";"41,0";"20,8";"22,0";"20,3";"";"";"";"1,1";"305,0";"4,7";"1750,60";"0,0"
"13/09/2024";"1800";"35,8";"36,0";"34,7";"41,0";"45,0";"40,0";"20,3";"21,1";"19,9";"";"";"";"1,2";"312,0";"4,8";"1544,70";"0,0"
"13/09/2024";"1900";"35,3";"36,6";"35,1";"43,0";"43,0";"36,0";"20,6";"20,8";"19,1";"";"";"";"1,5";"292,0";"3,2";"1561,70";"0,0"
"13/09/2024";"2000";"34,4";"35,4";"34,4";"47,0";"47,0";"42,0";"21,4";"21,6";"20,6";"";"";"";"2,8";"304,0";"4,9";"947,90";"0,0"
"13/09/2024";"2100";"31,7";"34,5";"31,7";"52,0";"52,0";"43,0";"20,5";"21,5";"18,6";"";"";"";"0,4";"313,0";"5,8";"251,10";"0,0"
"13/09/2024";"2200";"30,1";"31,7";"30,1";"51,0";"52,0";"48,0";"18,8";"20,5";"18,7";"";"";"";"0,6";"246,0";"3,7";"226,70";"0,0"
"13/09/2024";"2300";"28,6";"30,1";"28,5";"59,0";"60,0";"51,0";"19,8";"19,9";"18,7";"";"";"";"0,8";"218,0";"1,6";"2,10";"0,2"
"14/09/2024";"0000";"28,0";"28,7";"28,0";"63,0";"63,0";"58,0";"20,3";"20,3";"19,5";"";"";"";"1,5";"211,0";"2,4";"";"0,0"
"14/09/2024";"0100";"27,4";"28,0";"27,4";"66,0";"66,0";"63,0";"20,4";"20,6";"20,3";"";"";"";"0,4";"242,0";"2,4";"";"0,0"
"14/09/2024";"0200";"26,3";"27,4";"26,2";"72,0";"73,0";"66,0";"20,9";"21,0";"20,3";"";"";"";"0,0";"208,0";"1,0";"";"0,0"
"14/09/2024";"0300";"25,8";"26,4";"25,8";"75,0";"76,0";"70,0";"21,1";"21,2";"20,5";"";"";"";"0,0";"228,0";"0,6";"";"0,0"
"14/09/2024";"0400";"24,8";"25,8";"24,8";"82,0";"82,0";"75,0";"21,4";"21,5";"21,0";"";"";"";"1,1";"189,0";"2,0";"";"0,0"
"14/09/2024";"0500";"24,1";"24,8";"24,1";"86,0";"86,0";"82,0";"21,7";"21,8";"21,4";"";"";"";"0,7";"190,0";"2,0";"";"0,0"
"14/09/2024";"0600";"24,1";"24,5";"24,0";"85,0";"86,0";"83,0";"21,3";"21,6";"21,3";"";"";"";"0,5";"200,0";"1,7";"";"0,0"
"14/09/2024";"0700";"23,6";"24,1";"23,6";"87,0";"88,0";"85,0";"21,3";"21,5";"21,2";"";"";"";"0,0";"332,0";"1,2";"";"0,0"
"14/09/2024";"0800";"23,6";"23,9";"23,5";"88,0";"88,0";"86,0";"21,5";"21,7";"21,3";"";"";"";"0,0";"354,0";"0,4";"";"0,0"
"14/09/2024";"0900";"23,2";"23,7";"23,0";"92,0";"92,0";"88,0";"21,8";"21,8";"21,4";"";"";"";"0,0";"300,0";"0,6";"";"0,0"
"14/09/2024";"1000";"23,2";"23,5";"23,0";"90,0";"92,0";"89,0";"21,4";"21,8";"21,4";"";"";"";"0,1";"307,0";"0,9";"1,30";"0,0"
"14/09/2024";"1100";"24,1";"24,1";"23,1";"87,0";"90,0";"87,0";"21,8";"21,8";"21,3";"";"";"";"0,1";"216,0";"1,4";"158,10";"0,0"
"14/09/2024";"1200";"26,7";"27,0";"24,1";"75,0";"87,0";"73,0";"22,0";"22,3";"21,6";"";"";"";"0,8";"233,0";"1,7";"630,70";"0,0"
"14/09/2024";"1300";"30,3";"30,5";"26,7";"62,0";"76,0";"62,0";"22,4";"22,7";"22,0";"";"";"";"1,0";"317,0";"4,0";"1221,60";"0,0"
"14/09/2024";"1400";"32,9";"33,1";"30,3";"56,0";"63,0";"55,0";"23,0";"23,1";"22,3";"";"";"";"1,2";"315,0";"5,8";"1806,20";"0,0"
"14/09/2024";"1500";"34,2";"34,8";"32,4";"50,0";"56,0";"49,0";"22,3";"23,0";"22,1";"";"";"";"1,3";"323,0";"5,8";"2045,20";"0,0"
"14/09/2024";"1600";"34,0";"35,6";"33,4";"49,0";"52,0";"46,0";"21,9";"22,7";"21,2";"";"";"";"1,2";"319,0";"5,1";"1752,20";"0,0"
"14/09/2024";"1700";"35,6";"36,5";"34,0";"42,0";"49,0";"41,0";"20,8";"22,5";"20,6";"";"";"";"1,7";"306,0";"4,5";"2413,40";"0,2"
"14/09/2024";"1800";"35,8";"36,4";"34,9";"42,0";"43,0";"40,0";"20,7";"21,2";"19,7";"";"";"";"1,3";"300,0";"4,9";"1854,10";"0,0"
"14/09/2024";"1900";"35,0";"36,8";"34,9";"45,0";"45,0";"39,0";"21,4";"21,5";"19,7";"";"";"";"2,1";"310,0";"4,7";"1479,70";"0,0"
"14/09/2024";"2000";"27,2";"35,4";"27,2";"76,0";"76,0";"44,0";"22,5";"22,5";"20,7";"";"";"";"3,5";"220,0";"9,2";"342,10";"0,0"
"14/09/2024";"2100";"24,4";"27,2";"24,2";"78,0";"83,0";"73,0";"20,4";"23,1";"19,5";"";"";"";"3,2";"300,0";"15,4";"75,40";"5,0"
"14/09/2024";"2200";"24,8";"25,3";"24,4";"83,0";"83,0";"76,0";"21,6";"21,6";"20,5";"";"";"";"0,2";"216,0";"6,5";"32,80";"0,0"
"14/09/2024";"2300";"26,1";"26,1";"24,8";"74,0";"83,0";"74,0";"21,1";"21,8";"21,1";"";"";"";"1,6";"280,0";"5,3";"0,60";"0,0"
"15/09/2024";"0000";"26,0";"26,5";"25,7";"75,0";"77,0";"74,0";"21,2";"21,7";"21,2";"";"";"";"1,3";"197,0";"5,0";"";"0,0"
"15/09/2024";"0100";"25,0";"26,0";"25,0";"80,0";"80,0";"75,0";"21,3";"21,5";"21,1";"";"";"";"0,2";"194,0";"2,1";"";"0,0"
"15/09/2024";"0200";"24,8";"25,2";"24,6";"83,0";"84,0";"80,0";"21,7";"21,9";"21,3";"";"";"";"1,2";"211,0";"1,8";"";"0,0"
"15/09/2024";"0300";"24,5";"24,8";"24,5";"88,0";"88,0";"82,0";"22,3";"22,3";"21,5";"";"";"";"0,1";"270,0";"1,8";"";"0,0"
"15/09/2024";"0400";"23,9";"24,5";"23,8";"89,0";"90,0";"87,0";"22,1";"22,6";"22,0";"";"";"";"0,3";"230,0";"1,5";"";"0,0"
"15/09/2024";"0500";"23,2";"24,3";"23,1";"94,0";"94,0";"86,0";"22,2";"22,2";"21,8";"";"";"";"2,1";"313,0";"5,0";"";"0,0"
"15/09/2024";"0600";"23,9";"23,9";"23,2";"91,0";"94,0";"90,0";"22,2";"22,3";"21,9";"";"";"";"0,1";"279,0";"3,3";"";"0,0"
"15/09/2024";"0700";"23,0";"23,9";"23,0";"94,0";"94,0";"90,0";"22,0";"22,3";"21,8";"";"";"";"0,9";"199,0";"2,0";"";"0,0"
"15/09/2024";"0800";"23,2";"23,4";"22,9";"94,0";"95,0";"92,0";"22,2";"22,3";"21,8";"";"";"";"0,0";"262,0";"1,6";"";"0,0"
"15/09/2024";"0900";"23,0";"23,3";"22,4";"94,0";"96,0";"94,0";"21,9";"22,2";"21,6";"";"";"";"0,6";"232,0";"3,2";"";"0,0"
"15/09/2024";"1000";"22,4";"24,2";"22,4";"90,0";"94,0";"83,0";"20,6";"22,0";"20,6";"";"";"";"4,6";"226,0";"13,9";"0,40";"0,0"
"15/09/2024";"1100";"21,8";"22,4";"21,6";"98,0";"98,0";"90,0";"21,4";"21,4";"20,7";"";"";"";"0,5";"296,0";"9,8";"5,90";"2,2"
"15/09/2024";"1200";"21,3";"21,8";"21,3";"98,0";"98,0";"97,0";"20,9";"21,4";"20,9";"";"";"";"0,4";"313,0";"4,4";"50,60";"0,0"
"15/09/2024";"1300";"21,6";"21,6";"21,2";"98,0";"98,0";"98,0";"21,3";"21,3";"20,8";"";"";"";"1,5";"298,0";"3,5";"183,60";"9,6"
"15/09/2024";"1400";"23,3";"23,3";"21,6";"93,0";"98,0";"93,0";"22,0";"22,2";"21,2";"";"";"";"0,7";"324,0";"2,4";"705,50";"0,2"
"15/09/2024";"1500";"26,0";"26,1";"23,3";"78,0";"93,0";"77,0";"21,8";"23,1";"21,5";"";"";"";"0,3";"284,0";"2,5";"1709,40";"0,0"
"15/09/2024";"1600";"27,9";"28,1";"26,0";"73,0";"82,0";"73,0";"22,7";"23,3";"22,0";"";"";"";"2,5";"312,0";"4,5";"2482,10";"0,4"
"15/09/2024";"1700";"30,3";"30,9";"27,8";"62,0";"76,0";"58,0";"22,2";"23,9";"21,2";"";"";"";"1,5";"323,0";"4,5";"1937,20";"0,0"
"15/09/2024";"1800";"31,1";"31,6";"30,3";"58,0";"63,0";"56,0";"21,7";"22,7";"21,1";"";"";"";"2,2";"249,0";"3,9";"2263,20";"0,2"
"15/09/2024";"1900";"30,9";"31,2";"30,5";"57,0";"62,0";"56,0";"21,3";"22,6";"21,3";"";"";"";"2,4";"233,0";"5,2";"1933,80";"0,0"
"15/09/2024";"2000";"30,8";"31,2";"30,6";"56,0";"60,0";"55,0";"21,0";"22,2";"20,8";"";"";"";"1,7";"224,0";"4,0";"1285,70";"0,0"
"15/09/2024";"2100";"30,1";"30,9";"30,1";"58,0";"60,0";"55,0";"21,1";"21,6";"20,9";"";"";"";"1,4";"207,0";"2,9";"571,10";"0,0"
"15/09/2024";"2200";"28,8";"30,1";"28,8";"66,0";"66,0";"58,0";"21,8";"21,8";"21,0";"";"";"";"0,9";"258,0";"2,2";"98,50";"0,0"
"15/09/2024";"2300";"27,4";"28,8";"27,2";"73,0";"76,0";"65,0";"22,2";"22,5";"21,4";"";"";"";"0,5";"201,0";"1,8";"";"0,0"
"16/09/2024";"0000";"26,5";"27,4";"26,5";"76,0";"78,0";"72,0";"21,9";"22,5";"21,7";"";"";"";"0,9";"209,0";"1,5";"";"0,0"
"16/09/2024";"0100";"25,6";"26,6";"25,6";"81,0";"81,0";"74,0";"22,2";"22,2";"21,6";"";"";"";"0,8";"207,0";"1,9";"";"0,0"
"16/09/2024";"0200";"25,2";"25,8";"25,2";"84,0";"84,0";"80,0";"22,3";"22,3";"22,0";"";"";"";"0,8";"188,0";"2,4";"";"0,0"
"16/09/2024";"0300";"24,6";"25,2";"24,6";"89,0";"89,0";"84,0";"22,6";"22,6";"22,3";"";"";"";"0,9";"189,0";"2,3";"";"0,0"
"16/09/2024";"0400";"24,3";"24,6";"24,1";"91,0";"92,0";"89,0";"22,8";"22,8";"22,5";"";"";"";"0,8";"200,0";"1,5";"";"0,0"
"16/09/2024";"0500";"24,2";"24,4";"24,1";"91,0";"91,0";"90,0";"22,6";"22,8";"22,6";"";"";"";"0,2";"183,0";"1,8";"";"0,0"
"16/09/2024";"0600";"23,7";"24,2";"23,6";"93,0";"93,0";"91,0";"22,5";"22,7";"22,4";"";"";"";"0,0";"246,0";"1,3";"";"0,0"
"16/09/2024";"0700";"23,4";"23,8";"23,4";"94,0";"94,0";"92,0";"22,4";"22,6";"22,4";"";"";"";"0,0";"248,0";"1,1";"";"0,0"
"16/09/2024";"0800";"23,1";"23,4";"23,1";"96,0";"96,0";"94,0";"22,3";"22,4";"22,3";"";"";"";"0,0";"264,0";"0,0";"";"0,0"
"16/09/2024";"0900";"22,8";"23,1";"22,8";"96,0";"97,0";"96,0";"22,2";"22,4";"22,2";"";"";"";"0,0";"271,0";"0,0";"";"0,0"
"16/09/2024";"1000";"23,0";"23,0";"22,8";"96,0";"97,0";"96,0";"22,4";"22,4";"22,2";"";"";"";"0,0";"220,0";"0,9";"2,20";"0,0"
"16/09/2024";"1100";"23,8";"23,8";"23,0";"94,0";"97,0";"94,0";"22,8";"22,8";"22,3";"";"";"";"0,0";"205,0";"1,0";"182,00";"0,0"
"16/09/2024";"1200";"26,1";"26,1";"23,8";"78,0";"94,0";"78,0";"22,0";"23,2";"22,0";"";"";"";"0,4";"192,0";"1,3";"690,80";"0,0"
"16/09/2024";"1300";"29,0";"29,0";"26,0";"71,0";"80,0";"71,0";"23,2";"23,6";"21,8";"";"";"";"1,3";"198,0";"2,8";"1394,90";"0,0"
"16/09/2024";"1400";"31,5";"31,7";"29,0";"56,0";"72,0";"54,0";"21,6";"23,5";"20,9";"";"";"";"1,5";"200,0";"3,7";"1736,00";"0,0"
"16/09/2024";"1500";"31,6";"32,6";"31,5";"57,0";"57,0";"51,0";"21,9";"22,3";"20,7";"";"";"";"1,4";"274,0";"3,2";"1734,00";"0,0"
"16/09/2024";"1600";"32,9";"33,5";"31,6";"52,0";"58,0";"50,0";"21,6";"22,7";"21,1";"";"";"";"1,2";"272,0";"3,4";"1938,30";"0,0"
"16/09/2024";"1700";"34,7";"35,2";"32,7";"46,0";"52,0";"46,0";"21,6";"22,4";"21,4";"";"";"";"1,8";"283,0";"3,7";"2472,80";"0,0"
"16/09/2024";"1800";"34,7";"35,1";"33,3";"45,0";"50,0";"45,0";"21,1";"22,0";"20,7";"";"";"";"1,2";"246,0";"3,9";"1865,90";"0,0"
"16/09/2024";"1900";"33,2";"35,3";"33,1";"55,0";"55,0";"44,0";"22,8";"22,8";"20,6";"";"";"";"2,5";"233,0";"4,8";"1651,60";"0,0"
"16/09/2024";"2000";"30,3";"34,6";"30,3";"69,0";"69,0";"50,0";"24,1";"24,1";"22,1";"";"";"";"3,1";"200,0";"6,0";"1552,00";"0,0"
"16/09/2024";"2100";"31,6";"31,8";"29,9";"62,0";"70,0";"60,0";"23,5";"24,7";"22,8";"";"";"";"0,9";"224,0";"6,0";"557,60";"0,0"
"16/09/2024";"2200";"30,0";"31,6";"30,0";"67,0";"67,0";"61,0";"23,3";"23,5";"23,0";"";"";"";"1,1";"193,0";"3,5";"137,60";"0,0"
"16/09/2024";"2300";"28,8";"30,0";"28,8";"73,0";"73,0";"67,0";"23,4";"23,4";"23,2";"";"";"";"0,6";"216,0";"2,0";"0,10";"0,0"
"17/09/2024";"0000";"28,8";"29,4";"28,4";"71,0";"76,0";"69,0";"23,0";"23,9";"23,0";"";"";"";"0,4";"201,0";"2,5";"";"0,0"
"17/09/2024";"0100";"27,5";"28,8";"27,5";"78,0";"78,0";"71,0";"23,4";"23,4";"23,0";"";"";"";"0,2";"280,0";"2,2";"";"0,0"
"17/09/2024";"0200";"26,5";"27,5";"26,5";"84,0";"84,0";"78,0";"23,5";"23,6";"23,3";"";"";"";"0,7";"203,0";"1,6";"";"0,0"
"17/09/2024";"0300";"25,8";"26,5";"25,8";"87,0";"87,0";"83,0";"23,4";"23,5";"23,3";"";"";"";"0,2";"180,0";"1,6";"";"0,0"
"17/09/2024";"0400";"25,4";"26,0";"25,4";"88,0";"89,0";"85,0";"23,4";"23,4";"23,2";"";"";"";"0,2";"203,0";"1,0";"";"0,0"
"17/09/2024";"0500";"25,2";"25,6";"25,2";"89,0";"89,0";"87,0";"23,3";"23,5";"23,2";"";"";"";"0,0";"190,0";"1,1";"";"0,0"
"17/09/2024";"0600";"24,7";"25,3";"24,7";"91,0";"92,0";"87,0";"23,2";"23,4";"22,8";"";"";"";"0,0";"202,0";"0,9";"";"0,0"
"17/09/2024";"0700";"24,3";"24,7";"24,3";"92,0";"92,0";"90,0";"22,9";"23,2";"22,8";"";"";"";"0,0";"193,0";"0,0";"";"0,0"
"17/09/2024";"0800";"23,8";"24,3";"23,7";"95,0";"95,0";"92,0";"23,0";"23,1";"22,9";"";"";"";"0,0";"188,0";"1,4";"";"0,0"
"17/09/2024";"0900";"23,7";"23,8";"23,5";"95,0";"96,0";"95,0";"22,9";"23,0";"22,7";"";"";"";"0,0";"208,0";"0,6";"";"0,0"
"17/09/2024";"1000";"23,4";"23,7";"23,4";"96,0";"96,0";"95,0";"22,8";"22,9";"22,7";"";"";"";"0,0";"214,0";"0,0";"2,00";"0,0"
"17/09/2024";"1100";"24,8";"24,8";"23,4";"93,0";"96,0";"93,0";"23,5";"23,5";"22,8";"";"";"";"0,0";"343,0";"1,0";"157,40";"0,0"
"17/09/2024";"1200";"26,3";"26,3";"24,8";"86,0";"93,0";"86,0";"23,8";"24,0";"23,3";"";"";"";"0,2";"219,0";"1,0";"609,80";"0,0"
"17/09/2024";"1300";"29,0";"29,1";"26,3";"73,0";"86,0";"73,0";"23,6";"24,1";"23,3";"";"";"";"0,8";"242,0";"2,1";"1172,70";"0,0"
"17/09/2024";"1400";"31,8";"32,1";"29,0";"61,0";"73,0";"61,0";"23,2";"24,3";"23,1";"";"";"";"1,5";"230,0";"3,2";"1776,00";"0,0"
"17/09/2024";"1500";"33,7";"33,7";"31,6";"51,0";"61,0";"49,0";"22,0";"23,4";"21,1";"";"";"";"2,7";"248,0";"5,4";"2212,50";"0,0"
"17/09/2024";"1600";"34,3";"34,5";"33,1";"49,0";"50,0";"48,0";"22,0";"22,2";"21,1";"";"";"";"2,5";"230,0";"5,1";"2390,60";"0,0"
"17/09/2024";"1700";"34,9";"35,3";"33,7";"44,0";"50,0";"44,0";"20,8";"22,2";"20,7";"";"";"";"2,2";"266,0";"4,9";"2340,60";"0,0"
"17/09/2024";"1800";"35,1";"35,4";"34,5";"44,0";"45,0";"43,0";"21,1";"21,5";"20,6";"";"";"";"1,9";"278,0";"4,4";"2066,10";"0,0"
"17/09/2024";"1900";"35,7";"35,7";"34,8";"44,0";"45,0";"42,0";"21,6";"21,6";"20,5";"";"";"";"1,1";"305,0";"3,8";"1624,40";"0,0"
"17/09/2024";"2000";"34,8";"35,7";"34,6";"45,0";"46,0";"43,0";"21,2";"21,6";"20,8";"";"";"";"0,2";"275,0";"3,5";"1058,90";"0,0"
"17/09/2024";"2100";"34,0";"35,2";"34,0";"48,0";"48,0";"44,0";"21,3";"21,6";"20,8";"";"";"";"0,1";"330,0";"1,9";"483,90";"0,0"
"17/09/2024";"2200";"31,4";"34,0";"31,4";"66,0";"66,0";"47,0";"24,1";"24,1";"21,2";"";"";"";"1,5";"198,0";"3,0";"94,80";"0,0"
"17/09/2024";"2300";"29,9";"31,4";"29,9";"71,0";"71,0";"66,0";"24,1";"24,3";"24,1";"";"";"";"0,0";"192,0";"2,7";"";"0,0"
"18/09/2024";"0000";"29,0";"29,9";"29,0";"75,0";"75,0";"71,0";"24,0";"24,1";"23,9";"";"";"";"0,3";"236,0";"1,2";"";"0,0"
"18/09/2024";"0100";"28,6";"29,0";"28,6";"77,0";"77,0";"75,0";"24,1";"24,2";"24,0";"";"";"";"0,0";"226,0";"1,2";"";"0,0"
"18/09/2024";"0200";"27,9";"28,6";"27,9";"80,0";"80,0";"77,0";"24,2";"24,3";"24,2";"";"";"";"0,2";"207,0";"1,2";"";"0,0"
"18/09/2024";"0300";"27,3";"28,1";"27,2";"83,0";"84,0";"80,0";"24,2";"24,3";"24,1";"";"";"";"0,4";"250,0";"1,3";"";"0,0"
"18/09/2024";"0400";"26,7";"27,3";"26,7";"86,0";"86,0";"83,0";"24,2";"24,3";"24,0";"";"";"";"0,2";"218,0";"1,3";"";"0,0"
"18/09/2024";"0500";"26,0";"26,7";"25,9";"90,0";"90,0";"86,0";"24,3";"24,3";"23,9";"";"";"";"0,0";"227,0";"1,3";"";"0,0"
"18/09/2024";"0600";"25,9";"26,1";"25,8";"90,0";"91,0";"89,0";"24,1";"24,2";"24,0";"";"";"";"0,0";"207,0";"0,7";"";"0,0"
"18/09/2024";"0700";"25,3";"25,9";"25,2";"93,0";"93,0";"89,0";"24,0";"24,1";"23,9";"";"";"";"0,1";"219,0";"1,3";"";"0,0"
"18/09/2024";"0800";"24,8";"25,3";"24,8";"94,0";"94,0";"93,0";"23,9";"24,1";"23,8";"";"";"";"0,4";"194,0";"1,5";"";"0,0"
"18/09/2024";"0900";"24,6";"24,8";"24,6";"96,0";"96,0";"94,0";"23,9";"24,0";"23,8";"";"";"";"0,0";"304,0";"1,5";"";"0,0"
"18/09/2024";"1000";"24,4";"24,7";"24,4";"96,0";"96,0";"96,0";"23,7";"24,1";"23,7";"";"";"";"0,0";"227,0";"0,0";"2,60";"0,0"
"18/09/2024";"1100";"25,2";"25,2";"24,2";"95,0";"97,0";"95,0";"24,3";"24,3";"23,6";"";"";"";"0,4";"237,0";"1,8";"162,70";"0,0"
"18/09/2024";"1200";"27,1";"27,1";"25,2";"87,0";"95,0";"87,0";"24,8";"24,9";"24,3";"";"";"";"1,0";"231,0";"1,6";"599,50";"0,0"
"18/09/2024";"1300";"30,4";"30,7";"27,1";"74,0";"87,0";"74,0";"25,3";"25,8";"24,9";"";"";"";"1,1";"323,0";"3,4";"1088,50";"0,0"
"18/09/2024";"1400";"32,8";"33,3";"30,4";"60,0";"74,0";"58,0";"23,9";"25,7";"23,3";"";"";"";"2,1";"318,0";"6,0";"1962,40";"0,0"
"18/09/2024";"1500";"33,3";"34,2";"32,4";"55,0";"60,0";"53,0";"23,1";"24,2";"22,6";"";"";"";"1,5";"312,0";"5,1";"1968,50";"0,0"
"18/09/2024";"1600";"35,5";"35,5";"32,6";"49,0";"57,0";"49,0";"23,3";"23,7";"22,6";"";"";"";"1,4";"323,0";"5,4";"2230,40";"0,0"
"18/09/2024";"1700";"34,8";"36,6";"33,8";"46,0";"52,0";"45,0";"21,7";"23,4";"21,6";"";"";"";"1,6";"322,0";"4,9";"2393,70";"0,0"
"18/09/2024";"1800";"35,3";"36,9";"34,2";"45,0";"49,0";"42,0";"21,6";"23,2";"20,8";"";"";"";"1,9";"311,0";"6,9";"2243,80";"0,0"
"18/09/2024";"1900";"33,4";"35,3";"33,0";"54,0";"56,0";"45,0";"22,8";"23,3";"21,3";"";"";"";"2,6";"296,0";"5,0";"972,90";"0,0"
"18/09/2024";"2000";"29,9";"35,1";"29,9";"60,0";"61,0";"47,0";"21,2";"23,0";"19,3";"";"";"";"3,7";"198,0";"7,6";"978,60";"0,0"
"18/09/2024";"2100";"27,9";"29,9";"27,9";"60,0";"60,0";"57,0";"19,4";"21,1";"19,2";"";"";"";"1,8";"197,0";"7,6";"360,00";"0,0"
"18/09/2024";"2200";"24,0";"28,8";"24,0";"87,0";"87,0";"59,0";"21,7";"22,0";"19,3";"";"";"";"3,1";"322,0";"9,3";"67,10";"0,0"
"18/09/2024";"2300";"";"";"";"";"";"";"";"";"";"";"";"";"";"";"";"";""
"19/09/2024";"0000";"22,8";"23,0";"22,3";"91,0";"91,0";"84,0";"21,2";"21,2";"19,9";"";"";"";"3,7";"319,0";"9,9";"0,10";"0,0"
"19/09/2024";"0100";"23,0";"24,5";"22,7";"92,0";"93,0";"75,0";"21,6";"21,6";"19,3";"";"";"";"0,7";"270,0";"9,9";"3,80";"0,2"
"19/09/2024";"0200";"22,7";"23,0";"22,6";"95,0";"95,0";"91,0";"21,9";"21,9";"21,4";"";"";"";"0,0";"330,0";"2,1";"";"1,0"
"19/09/2024";"0300";"22,4";"22,9";"22,4";"96,0";"96,0";"94,0";"21,7";"22,0";"21,7";"";"";"";"0,9";"258,0";"1,6";"";"0,0"
"19/09/2024";"0400";"22,0";"22,6";"22,0";"96,0";"96,0";"95,0";"21,4";"21,7";"21,4";"";"";"";"0,0";"234,0";"2,5";"";"0,0"
"19/09/2024";"0500";"21,9";"22,2";"21,9";"94,0";"96,0";"94,0";"21,0";"21,6";"21,0";"";"";"";"1,1";"203,0";"2,0";"";"0,0"
"19/09/2024";"0600";"22,0";"22,2";"21,8";"92,0";"96,0";"91,0";"20,6";"21,2";"20,6";"";"";"";"0,5";"201,0";"2,4";"";"0,0"
"19/09/2024";"0700";"21,5";"22,0";"21,3";"95,0";"96,0";"92,0";"20,7";"20,8";"20,6";"";"";"";"1,2";"215,0";"1,8";"";"0,0"
"19/09/2024";"0800";"21,3";"21,5";"21,2";"97,0";"97,0";"95,0";"20,8";"20,8";"20,6";"";"";"";"1,2";"244,0";"2,0";"";"0,0"
"19/09/2024";"0900";"21,7";"21,7";"21,3";"93,0";"97,0";"93,0";"20,6";"20,9";"20,6";"";"";"";"1,0";"231,0";"2,0";"";"0,0"
"19/09/2024";"1000";"21,4";"22,0";"21,3";"95,0";"95,0";"92,0";"20,6";"20,7";"20,5";"";"";"";"0,2";"243,0";"2,1";"1,90";"0,0"
"19/09/2024";"1100";"22,5";"22,5";"21,4";"94,0";"96,0";"94,0";"21,5";"21,5";"20,6";"";"";"";"0,8";"295,0";"1,9";"184,20";"0,0"
"19/09/2024";"1200";"23,0";"23,1";"22,5";"91,0";"94,0";"90,0";"21,5";"21,7";"21,3";"";"";"";"3,1";"287,0";"8,8";"398,00";"0,0"
"19/09/2024";"1300";"26,8";"26,9";"23,0";"77,0";"91,0";"77,0";"22,5";"23,3";"21,5";"";"";"";"1,6";"290,0";"7,0";"1304,40";"0,0"
"19/09/2024";"1400";"29,2";"29,5";"26,7";"61,0";"79,0";"58,0";"20,9";"22,9";"20,1";"";"";"";"2,4";"312,0";"6,3";"2544,10";"10,4"
"19/09/2024";"1500";"29,9";"30,9";"29,0";"58,0";"63,0";"55,0";"20,8";"22,0";"20,0";"";"";"";"1,5";"298,0";"5,8";"2633,00";"0,0"
"19/09/2024";"1600";"32,2";"32,2";"29,6";"55,0";"60,0";"52,0";"22,0";"22,2";"20,2";"";"";"";"1,8";"316,0";"4,7";"2897,50";"0,0"
"19/09/2024";"1700";"32,5";"32,8";"31,6";"48,0";"54,0";"48,0";"20,1";"21,7";"20,1";"";"";"";"1,8";"289,0";"5,2";"2516,00";"0,0"
"19/09/2024";"1800";"31,7";"33,7";"31,5";"51,0";"52,0";"46,0";"20,4";"21,7";"19,5";"";"";"";"1,8";"277,0";"4,9";"1948,00";"0,0"
"19/09/2024";"1900";"31,8";"32,7";"31,5";"52,0";"53,0";"50,0";"20,6";"21,3";"20,3";"";"";"";"1,3";"307,0";"3,9";"1430,80";"0,0"
"19/09/2024";"2000";"31,2";"32,0";"31,1";"54,0";"54,0";"52,0";"20,9";"21,2";"20,5";"";"";"";"1,0";"292,0";"3,4";"792,10";"0,0"
"19/09/2024";"2100";"30,5";"31,2";"30,5";"57,0";"58,0";"53,0";"21,1";"21,3";"20,3";"";"";"";"0,9";"252,0";"2,8";"370,30";"0,0"
"19/09/2024";"2200";"28,8";"30,5";"28,8";"66,0";"66,0";"57,0";"21,8";"21,9";"21,1";"";"";"";"0,6";"197,0";"1,6";"88,40";"0,0"
"19/09/2024";"2300";"27,2";"28,8";"27,2";"75,0";"75,0";"66,0";"22,3";"22,3";"21,8";"";"";"";"0,7";"229,0";"1,7";"";"0,0"
"20/09/2024";"0000";"26,4";"27,3";"26,3";"80,0";"80,0";"75,0";"22,6";"22,6";"22,3";"";"";"";"1,5";"220,0";"2,6";"";"0,0"
"20/09/2024";"0100";"25,5";"26,3";"25,5";"83,0";"83,0";"80,0";"22,4";"22,5";"22,4";"";"";"";"1,1";"194,0";"2,4";"";"0,0"
"20/09/2024";"0200";"25,1";"25,5";"25,0";"86,0";"86,0";"83,0";"22,5";"22,6";"22,3";"";"";"";"0,8";"209,0";"1,8";"";"0,0"
"20/09/2024";"0300";"24,4";"25,1";"24,4";"89,0";"89,0";"86,0";"22,4";"22,5";"22,3";"";"";"";"0,9";"203,0";"2,0";"";"0,0"
"20/09/2024";"0400";"23,9";"24,4";"23,8";"92,0";"92,0";"89,0";"22,5";"22,6";"22,4";"";"";"";"1,0";"195,0";"1,7";"";"0,0"
"20/09/2024";"0500";"24,0";"24,0";"23,4";"90,0";"93,0";"90,0";"22,3";"22,5";"22,3";"";"";"";"1,6";"220,0";"2,9";"";"0,0"
"20/09/2024";"0600";"23,6";"24,0";"23,5";"91,0";"92,0";"90,0";"22,1";"22,2";"22,0";"";"";"";"1,0";"238,0";"2,9";"";"0,0"
"20/09/2024";"0700";"23,1";"23,8";"23,1";"93,0";"93,0";"90,0";"22,0";"22,2";"21,9";"";"";"";"0,4";"225,0";"2,0";"";"0,0"
"20/09/2024";"0800";"22,8";"23,1";"22,8";"95,0";"95,0";"93,0";"22,0";"22,1";"21,9";"";"";"";"0,4";"237,0";"1,5";"";"0,0"
"20/09/2024";"0900";"22,8";"23,0";"22,7";"95,0";"96,0";"95,0";"21,9";"22,2";"21,9";"";"";"";"0,7";"208,0";"1,5";"";"0,0"
"20/09/2024";"1000";"22,4";"22,7";"22,4";"97,0";"97,0";"95,0";"21,9";"22,0";"21,7";"";"";"";"0,9";"207,0";"1,8";"4,60";"0,0"
"20/09/2024";"1100";"24,0";"24,3";"22,4";"93,0";"97,0";"93,0";"22,7";"23,5";"21,9";"";"";"";"0,0";"248,0";"1,8";"263,80";"0,0"
"20/09/2024";"1200";"26,7";"26,7";"24,0";"81,0";"93,0";"80,0";"23,1";"23,8";"22,6";"";"";"";"0,8";"220,0";"1,8";"969,30";"0,0"
"20/09/2024";"1300";"30,1";"30,1";"26,7";"65,0";"81,0";"65,0";"22,8";"23,5";"22,2";"";"";"";"1,7";"227,0";"4,0";"1770,90";"0,0"
"20/09/2024";"1400";"33,1";"33,2";"30,0";"52,0";"65,0";"52,0";"22,1";"23,2";"21,1";"";"";"";"1,9";"277,0";"5,7";"2472,30";"0,0"
"20/09/2024";"1500";"32,9";"33,8";"32,1";"52,0";"55,0";"47,0";"21,6";"22,3";"20,5";"";"";"";"3,3";"284,0";"8,3";"3033,70";"0,0"
"20/09/2024";"1600";"33,4";"34,7";"32,6";"47,0";"53,0";"46,0";"20,5";"22,7";"20,5";"";"";"";"2,5";"310,0";"8,3";"2286,40";"0,0"
"20/09/2024";"1700";"35,3";"35,8";"33,3";"40,0";"48,0";"39,0";"19,6";"21,8";"19,5";"";"";"";"2,7";"284,0";"6,5";"2957,50";"0,0"
"20/09/2024";"1800";"36,5";"36,5";"34,2";"38,0";"43,0";"37,0";"20,0";"20,6";"18,7";"";"";"";"1,4";"318,0";"7,1";"2546,20";"0,0"
"20/09/2024";"1900";"35,4";"36,7";"34,8";"39,0";"39,0";"34,0";"19,3";"19,8";"17,7";"";"";"";"1,9";"286,0";"6,3";"2098,20";"0,0"
"20/09/2024";"2000";"35,3";"36,2";"34,9";"38,0";"40,0";"37,0";"18,9";"19,6";"18,6";"";"";"";"1,0";"308,0";"5,6";"1580,40";"0,0"
"20/09/2024";"2100";"34,4";"35,7";"34,4";"41,0";"41,0";"37,0";"19,3";"19,7";"18,5";"";"";"";"1,3";"277,0";"3,6";"778,00";"0,0"
"20/09/2024";"2200";"31,9";"34,4";"31,9";"51,0";"51,0";"41,0";"20,5";"20,5";"19,5";"";"";"";"0,8";"237,0";"4,1";"116,70";"0,0"
"20/09/2024";"2300";"";"";"";"";"";"";"";"";"";"";"";"";"";"";"";"";""
"21/09/2024";"0000";"29,3";"30,5";"29,3";"62,0";"62,0";"58,0";"21,4";"21,7";"20,9";"";"";"";"0,3";"267,0";"1,8";"";"0,0"
"21/09/2024";"0100";"28,1";"29,3";"28,1";"68,0";"68,0";"62,0";"21,6";"21,8";"21,3";"";"";"";"0,3";"201,0";"1,2";"";"0,0"
"21/09/2024";"0200";"26,9";"28,3";"26,8";"77,0";"78,0";"67,0";"22,6";"22,6";"21,6";"";"";"";"0,4";"190,0";"1,7";"";"0,0"
"21/09/2024";"0300";"25,5";"26,9";"25,5";"83,0";"83,0";"76,0";"22,4";"22,7";"22,2";"";"";"";"0,9";"204,0";"1,7";"";"0,0"
"21/09/2024";"0400";"25,1";"25,5";"24,9";"86,0";"86,0";"83,0";"22,5";"22,6";"22,2";"";"";"";"0,0";"196,0";"1,7";"";"0,0"
"21/09/2024";"0500";"24,8";"25,1";"24,7";"86,0";"87,0";"85,0";"22,3";"22,5";"22,1";"";"";"";"0,1";"194,0";"0,8";"";"0,0"
"21/09/2024";"0600";"24,6";"24,8";"24,4";"88,0";"88,0";"86,0";"22,5";"22,6";"22,2";"";"";"";"0,0";"304,0";"0,8";"";"0,0"
"21/09/2024";"0700";"23,5";"24,6";"23,5";"92,0";"92,0";"88,0";"22,1";"22,7";"22,1";"";"";"";"0,2";"202,0";"1,3";"";"0,0"
"21/09/2024";"0800";"23,4";"23,6";"23,2";"95,0";"95,0";"92,0";"22,5";"22,5";"22,0";"";"";"";"0,0";"214,0";"1,3";"";"0,0"
"21/09/2024";"0900";"23,1";"23,6";"23,1";"96,0";"96,0";"94,0";"22,3";"22,7";"22,3";"";"";"";"0,5";"190,0";"1,1";"";"0,0"
"21/09/2024";"1000";"23,2";"23,2";"22,9";"94,0";"96,0";"94,0";"22,2";"22,3";"22,1";"";"";"";"0,0";"208,0";"1,5";"3,60";"0,0"
"21/09/2024";"1100";"24,2";"24,2";"23,2";"89,0";"94,0";"89,0";"22,3";"22,5";"22,0";"";"";"";"0,0";"208,0";"0,7";"219,80";"0,0"
"21/09/2024";"1200";"27,7";"27,7";"24,2";"74,0";"90,0";"73,0";"22,6";"22,8";"21,7";"";"";"";"0,0";"237,0";"0,7";"757,30";"0,0"
"21/09/2024";"1300";"30,8";"31,1";"27,8";"61,0";"74,0";"61,0";"22,4";"23,6";"22,1";"";"";"";"1,2";"325,0";"4,8";"1437,80";"0,0"
"21/09/2024";"1400";"32,7";"33,0";"30,7";"53,0";"63,0";"52,0";"21,7";"23,1";"21,3";"";"";"";"2,1";"321,0";"6,3";"2101,20";"0,0"
"21/09/2024";"1500";"33,9";"34,5";"32,6";"47,0";"53,0";"47,0";"21,1";"22,0";"20,8";"";"";"";"2,6";"309,0";"7,8";"2745,50";"0,0"
"21/09/2024";"1600";"35,8";"36,1";"33,8";"43,0";"48,0";"42,0";"21,4";"21,6";"20,3";"";"";"";"1,3";"319,0";"6,2";"2907,30";"0,0"
"21/09/2024";"1700";"35,5";"36,8";"34,4";"42,0";"45,0";"39,0";"20,6";"21,3";"19,8";"";"";"";"1,3";"311,0";"5,5";"2322,00";"0,0"
"21/09/2024";"1800";"36,2";"36,8";"34,8";"39,0";"44,0";"38,0";"20,0";"21,1";"19,6";"";"";"";"1,6";"290,0";"4,4";"2416,50";"0,0"
"21/09/2024";"1900";"35,8";"36,3";"34,9";"37,0";"42,0";"37,0";"19,0";"20,8";"19,0";"";"";"";"1,0";"322,0";"4,0";"1928,00";"0,0"
"21/09/2024";"2000";"34,8";"36,1";"34,6";"41,0";"42,0";"37,0";"19,6";"20,0";"19,0";"";"";"";"0,7";"301,0";"3,5";"1229,80";"0,0"
"21/09/2024";"2100";"33,9";"35,2";"33,9";"46,0";"46,0";"40,0";"20,8";"20,8";"19,4";"";"";"";"1,3";"200,0";"2,2";"593,40";"0,0"
"21/09/2024";"2200";"31,2";"33,8";"31,2";"57,0";"57,0";"47,0";"21,7";"21,9";"20,8";"";"";"";"2,3";"229,0";"4,5";"126,50";"0,0"
"21/09/2024";"2300";"";"";"";"";"";"";"";"";"";"";"";"";"";"";"";"";""
"22/09/2024";"0000";"29,0";"30,0";"29,0";"65,0";"66,0";"61,0";"21,9";"21,9";"21,6";"";"";"";"0,2";"192,0";"1,6";"";"0,0"
"22/09/2024";"0100";"27,6";"29,1";"27,6";"73,0";"73,0";"65,0";"22,3";"22,3";"21,8";"";"";"";"0,4";"237,0";"1,2";"";"0,0"
"22/09/2024";"0200";"26,7";"27,6";"26,7";"79,0";"79,0";"73,0";"22,7";"22,8";"22,1";"";"";"";"0,0";"180,0";"0,9";"";"0,0"
"22/09/2024";"0300";"25,8";"26,7";"25,8";"82,0";"82,0";"78,0";"22,5";"22,7";"22,2";"";"";"";"1,6";"213,0";"2,4";"";"0,0"
"22/09/2024";"0400";"25,6";"25,9";"25,5";"80,0";"84,0";"79,0";"21,9";"22,7";"21,9";"";"";"";"1,5";"221,0";"3,0";"";"0,0"
"22/09/2024";"0500";"25,3";"25,7";"25,2";"80,0";"81,0";"79,0";"21,5";"21,9";"21,5";"";"";"";"0,2";"292,0";"2,7";"";"0,0"
"22/09/2024";"0600";"24,7";"25,3";"24,7";"87,0";"87,0";"80,0";"22,3";"22,3";"21,5";"";"";"";"0,1";"283,0";"1,7";"";"0,0"
"22/09/2024";"0700";"24,3";"25,0";"24,3";"86,0";"87,0";"84,0";"21,8";"22,3";"21,7";"";"";"";"0,4";"213,0";"1,4";"";"0,0"
"22/09/2024";"0800";"23,6";"24,9";"23,6";"90,0";"90,0";"81,0";"21,8";"21,8";"21,4";"";"";"";"0,8";"219,0";"1,7";"";"0,0"
"22/09/2024";"0900";"23,7";"24,1";"23,5";"89,0";"91,0";"88,0";"21,8";"22,0";"21,7";"";"";"";"0,0";"221,0";"1,7";"";"0,0"
"22/09/2024";"1000";"23,5";"23,9";"23,5";"89,0";"90,0";"87,0";"21,7";"21,9";"21,6";"";"";"";"0,9";"211,0";"2,1";"3,10";"0,0"
"22/09/2024";"1100";"25,5";"25,5";"23,5";"83,0";"89,0";"83,0";"22,3";"22,4";"21,7";"";"";"";"0,2";"306,0";"1,8";"183,40";"0,0"
"22/09/2024";"1200";"27,5";"27,8";"25,5";"72,0";"84,0";"72,0";"22,0";"23,2";"21,9";"";"";"";"0,5";"328,0";"1,8";"671,50";"0,0"
"22/09/2024";"1300";"29,2";"29,4";"27,4";"68,0";"74,0";"66,0";"22,7";"22,8";"21,9";"";"";"";"2,1";"321,0";"5,7";"1206,20";"0,0"
"22/09/2024";"1400";"31,4";"32,1";"28,8";"55,0";"68,0";"55,0";"21,2";"22,9";"21,2";"";"";"";"1,9";"316,0";"4,9";"2135,30";"0,0"
"22/09/2024";"1500";"33,8";"34,5";"31,1";"46,0";"56,0";"44,0";"20,4";"21,5";"19,6";"";"";"";"2,1";"322,0";"5,3";"2808,90";"0,0"
"22/09/2024";"1600";"34,4";"35,6";"33,3";"47,0";"47,0";"43,0";"21,5";"21,6";"19,9";"";"";"";"1,6";"312,0";"5,6";"3100,20";"0,0"
"22/09/2024";"1700";"35,0";"36,0";"33,8";"44,0";"48,0";"42,0";"20,7";"21,9";"20,4";"";"";"";"1,8";"318,0";"4,6";"2854,90";"0,0"
"22/09/2024";"1800";"34,8";"35,8";"33,9";"43,0";"47,0";"41,0";"20,3";"21,6";"19,5";"";"";"";"0,9";"303,0";"6,0";"2148,80";"0,0"
"22/09/2024";"1900";"35,1";"35,9";"34,8";"41,0";"44,0";"39,0";"20,1";"21,0";"19,6";"";"";"";"2,1";"294,0";"4,7";"1732,80";"0,0"
"22/09/2024";"2000";"35,7";"35,9";"34,8";"40,0";"42,0";"39,0";"20,1";"20,4";"19,5";"";"";"";"1,1";"322,0";"5,3";"1390,90";"0,0"
"22/09/2024";"2100";"29,7";"35,9";"29,4";"55,0";"57,0";"40,0";"19,7";"20,3";"18,8";"";"";"";"1,9";"255,0";"9,0";"502,20";"0,0"
"22/09/2024";"2200";"27,8";"30,1";"27,7";"63,0";"63,0";"51,0";"20,2";"20,2";"18,9";"";"";"";"2,1";"267,0";"6,0";"80,90";"0,0"
"22/09/2024";"2300";"26,7";"27,8";"26,5";"69,0";"69,0";"63,0";"20,5";"20,5";"20,0";"";"";"";"1,4";"245,0";"3,7";"";"0,0"
"23/09/2024";"0000";"26,3";"26,8";"26,3";"70,0";"70,0";"68,0";"20,3";"20,5";"20,3";"";"";"";"1,1";"215,0";"2,6";"";"0,0"
"23/09/2024";"0100";"25,7";"26,3";"25,6";"73,0";"73,0";"70,0";"20,5";"20,5";"20,3";"";"";"";"1,5";"214,0";"3,0";"";"0,0"
"23/09/2024";"0200";"25,1";"25,7";"25,0";"77,0";"77,0";"73,0";"20,8";"20,8";"20,4";"";"";"";"0,8";"261,0";"3,0";"";"0,0"
"23/09/2024";"0300";"24,4";"25,1";"24,4";"81,0";"81,0";"77,0";"20,9";"21,1";"20,8";"";"";"";"0,0";"322,0";"1,9";"";"0,0"
"23/09/2024";"0400";"23,8";"24,7";"23,7";"87,0";"88,0";"81,0";"21,5";"21,6";"20,9";"";"";"";"0,9";"290,0";"2,1";"";"0,0"
"23/09/2024";"0500";"23,8";"24,4";"23,7";"88,0";"88,0";"84,0";"21,6";"21,6";"21,4";"";"";"";"0,2";"224,0";"1,5";"";"0,0"
"23/09/2024";"0600";"23,0";"23,9";"23,0";"92,0";"92,0";"87,0";"21,7";"21,7";"21,5";"";"";"";"0,0";"227,0";"2,2";"";"0,0"
"23/09/2024";"0700";"23,5";"23,6";"22,9";"88,0";"92,0";"87,0";"21,5";"21,7";"21,4";"";"";"";"1,0";"258,0";"1,8";"";"0,0"
"23/09/2024";"0800";"23,2";"23,6";"23,2";"89,0";"91,0";"88,0";"21,3";"21,7";"21,3";"";"";"";"0,1";"289,0";"2,0";"";"0,0"
"23/09/2024";"0900";"23,0";"23,4";"22,8";"92,0";"93,0";"89,0";"21,6";"21,7";"21,3";"";"";"";"0,1";"290,0";"1,1";"";"0,0"
"23/09/2024";"1000";"22,9";"23,2";"22,7";"93,0";"93,0";"90,0";"21,6";"21,6";"21,2";"";"";"";"0,1";"326,0";"0,9";"4,10";"0,0"
"23/09/2024";"1100";"24,7";"24,7";"22,9";"86,0";"93,0";"86,0";"22,2";"22,3";"21,6";"";"";"";"0,0";"260,0";"0,9";"257,60";"0,0"
"23/09/2024";"1200";"27,1";"27,2";"24,7";"72,0";"86,0";"72,0";"21,6";"22,9";"21,5";"";"";"";"1,4";"321,0";"2,4";"904,00";"0,0"
"23/09/2024";"1300";"30,2";"30,6";"26,8";"61,0";"76,0";"61,0";"22,0";"22,6";"21,3";"";"";"";"0,7";"304,0";"2,8";"1469,10";"0,0"
"23/09/2024";"1400";"32,5";"32,8";"30,1";"51,0";"62,0";"51,0";"21,1";"22,0";"20,6";"";"";"";"2,4";"313,0";"4,7";"2267,90";"0,0"
"23/09/2024";"1500";"33,9";"34,2";"31,9";"49,0";"53,0";"47,0";"21,5";"21,8";"20,6";"";"";"";"2,6";"306,0";"5,7";"2792,30";"0,0"
"23/09/2024";"1600";"34,9";"35,1";"33,5";"42,0";"50,0";"42,0";"20,2";"21,7";"19,9";"";"";"";"2,3";"316,0";"5,6";"2844,50";"0,0"
"23/09/2024";"1700";"35,4";"36,4";"33,8";"36,0";"46,0";"35,0";"18,0";"21,5";"17,9";"";"";"";"1,8";"310,0";"5,9";"2674,10";"0,0"
"23/09/2024";"1800";"35,3";"37,0";"35,1";"39,0";"40,0";"33,0";"19,2";"19,8";"17,7";"";"";"";"2,4";"304,0";"5,8";"2385,00";"0,0"
"23/09/2024";"1900";"35,5";"35,9";"34,8";"39,0";"40,0";"37,0";"19,4";"19,6";"18,7";"";"";"";"0,8";"309,0";"6,1";"1613,20";"0,0"
"23/09/2024";"2000";"35,0";"35,7";"34,8";"39,0";"41,0";"39,0";"19,1";"19,8";"19,1";"";"";"";"1,7";"273,0";"4,3";"1219,40";"0,0"
"23/09/2024";"2100";"28,4";"35,2";"28,3";"64,0";"64,0";"39,0";"21,0";"21,0";"18,6";"";"";"";"2,1";"220,0";"10,6";"400,30";"0,0"
"23/09/2024";"2200";"28,7";"29,3";"28,2";"58,0";"65,0";"55,0";"19,6";"21,3";"19,3";"";"";"";"4,4";"275,0";"7,7";"140,20";"0,0"
"23/09/2024";"2300";"27,5";"28,7";"27,5";"65,0";"65,0";"58,0";"20,3";"20,3";"19,7";"";"";"";"1,5";"265,0";"7,7";"";"0,0"
"24/09/2024";"0000";"26,6";"27,5";"26,6";"70,0";"70,0";"65,0";"20,7";"20,7";"20,3";"";"";"";"0,7";"310,0";"3,3";"";"0,0"
"24/09/2024";"0100";"26,1";"26,6";"25,8";"72,0";"73,0";"70,0";"20,6";"20,8";"20,6";"";"";"";"0,9";"300,0";"4,3";"";"0,0"
"24/09/2024";"0200";"25,7";"26,2";"25,5";"72,0";"74,0";"71,0";"20,3";"20,6";"20,3";"";"";"";"1,0";"273,0";"2,6";"";"0,0"
"24/09/2024";"0300";"25,1";"25,9";"24,9";"74,0";"76,0";"71,0";"20,2";"20,5";"20,2";"";"";"";"0,2";"315,0";"2,3";"";"0,0"
"24/09/2024";"0400";"24,2";"25,3";"24,2";"80,0";"80,0";"74,0";"20,6";"20,6";"20,1";"";"";"";"0,5";"204,0";"1,8";"";"0,0"
"24/09/2024";"0500";"24,0";"24,6";"24,0";"82,0";"82,0";"78,0";"20,8";"20,8";"20,4";"";"";"";"0,2";"256,0";"1,9";"";"0,0"
"24/09/2024";"0600";"23,0";"24,0";"23,0";"88,0";"88,0";"82,0";"21,0";"21,0";"20,6";"";"";"";"1,4";"219,0";"2,2";"";"0,0"
"24/09/2024";"0700";"22,9";"23,2";"22,9";"90,0";"90,0";"88,0";"21,1";"21,2";"20,9";"";"";"";"1,2";"222,0";"2,3";"";"0,0"
"24/09/2024";"0800";"22,4";"22,9";"22,3";"93,0";"93,0";"90,0";"21,1";"21,2";"21,0";"";"";"";"0,1";"198,0";"2,0";"";"0,0"
"24/09/2024";"0900";"22,3";"22,5";"22,1";"93,0";"93,0";"92,0";"21,1";"21,2";"20,9";"";"";"";"1,4";"235,0";"2,2";"";"0,0"
"24/09/2024";"1000";"22,1";"22,4";"21,7";"93,0";"95,0";"91,0";"21,0";"21,1";"20,8";"";"";"";"0,6";"285,0";"2,6";"3,30";"0,0"
"24/09/2024";"1100";"23,2";"23,2";"22,1";"88,0";"93,0";"88,0";"21,1";"21,1";"20,8";"";"";"";"1,7";"234,0";"2,9";"253,70";"0,0"
"24/09/2024";"1200";"25,8";"25,8";"23,2";"75,0";"88,0";"74,0";"21,0";"21,1";"20,6";"";"";"";"2,3";"244,0";"4,0";"801,00";"0,0"
"24/09/2024";"1300";"28,7";"28,9";"25,8";"62,0";"75,0";"62,0";"20,8";"21,3";"20,5";"";"";"";"1,6";"283,0";"4,8";"1447,70";"0,0"
"24/09/2024";"1400";"31,7";"32,1";"28,7";"46,0";"62,0";"46,0";"18,8";"20,9";"18,6";"";"";"";"1,2";"311,0";"4,0";"2121,30";"0,0"
"24/09/2024";"1500";"33,4";"33,7";"31,4";"44,0";"47,0";"42,0";"19,4";"19,6";"18,2";"";"";"";"1,3";"320,0";"4,6";"2535,10";"0,0"
"24/09/2024";"1600";"35,4";"35,5";"33,2";"40,0";"44,0";"37,0";"19,6";"19,8";"17,9";"";"";"";"1,4";"316,0";"5,0";"2845,10";"0,0"
"24/09/2024";"1700";"35,6";"36,8";"35,0";"34,0";"39,0";"32,0";"17,4";"19,7";"16,3";"";"";"";"1,1";"319,0";"6,8";"2835,70";"0,0"
"24/09/2024";"1800";"34,8";"37,0";"34,7";"38,0";"38,0";"33,0";"18,2";"18,8";"17,0";"";"";"";"1,4";"316,0";"5,2";"1876,80";"0,0"
"24/09/2024";"1900";"34,2";"35,9";"34,1";"40,0";"41,0";"36,0";"18,9";"18,9";"17,7";"";"";"";"2,5";"319,0";"6,5";"1305,60";"0,0"
"24/09/2024";"2000";"28,9";"34,3";"26,9";"65,0";"77,0";"40,0";"21,6";"23,3";"18,8";"";"";"";"1,4";"284,0";"9,6";"243,40";"0,0"
"24/09/2024";"2100";"28,8";"29,6";"28,7";"64,0";"66,0";"60,0";"21,3";"22,0";"20,6";"";"";"";"1,3";"264,0";"4,5";"258,10";"0,0"
"24/09/2024";"2200";"28,2";"28,8";"28,2";"69,0";"69,0";"64,0";"21,9";"22,1";"21,3";"";"";"";"0,4";"276,0";"2,3";"37,70";"0,0"
"24/09/2024";"2300";"26,9";"28,2";"26,9";"77,0";"77,0";"69,0";"22,5";"22,6";"21,9";"";"";"";"0,1";"284,0";"2,7";"";"0,0"
"25/09/2024";"0000";"25,7";"26,9";"25,7";"85,0";"85,0";"77,0";"23,1";"23,1";"22,4";"";"";"";"0,1";"213,0";"1,0";"";"0,0"
"25/09/2024";"0100";"25,8";"25,8";"25,3";"85,0";"88,0";"84,0";"23,1";"23,4";"22,7";"";"";"";"0,0";"307,0";"1,7";"";"0,0"
"25/09/2024";"0200";"25,6";"26,4";"25,6";"84,0";"85,0";"77,0";"22,6";"23,0";"22,0";"";"";"";"0,0";"323,0";"1,9";"";"0,0"
"25/09/2024";"0300";"25,5";"26,4";"25,4";"78,0";"85,0";"73,0";"21,4";"22,7";"21,2";"";"";"";"0,8";"323,0";"2,9";"";"0,0"
"25/09/2024";"0400";"25,0";"25,5";"25,0";"80,0";"80,0";"78,0";"21,2";"21,5";"21,1";"";"";"";"0,9";"328,0";"2,5";"";"0,0"
"25/09/2024";"0500";"24,3";"25,0";"24,2";"83,0";"84,0";"80,0";"21,3";"21,3";"21,1";"";"";"";"0,0";"341,0";"2,2";"";"0,0"
"25/09/2024";"0600";"23,9";"24,3";"23,8";"85,0";"86,0";"83,0";"21,1";"21,4";"21,1";"";"";"";"0,3";"323,0";"1,4";"";"0,0"
"25/09/2024";"0700";"23,4";"24,1";"23,4";"88,0";"88,0";"84,0";"21,4";"21,4";"21,0";"";"";"";"0,1";"328,0";"1,0";"";"0,0"
"25/09/2024";"0800";"22,6";"23,4";"22,6";"93,0";"93,0";"88,0";"21,4";"21,6";"21,3";"";"";"";"0,1";"215,0";"0,9";"";"0,0"
"25/09/2024";"0900";"22,7";"22,7";"22,1";"94,0";"96,0";"93,0";"21,7";"21,8";"21,3";"";"";"";"0,3";"332,0";"1,0";"";"0,0"
"25/09/2024";"1000";"22,1";"22,7";"22,1";"96,0";"96,0";"94,0";"21,4";"21,6";"21,3";"";"";"";"0,1";"244,0";"1,4";"3,70";"0,0"
"25/09/2024";"1100";"23,0";"23,0";"22,1";"93,0";"96,0";"93,0";"21,8";"21,8";"21,3";"";"";"";"2,3";"245,0";"4,9";"201,20";"0,0"
"25/09/2024";"1200";"25,0";"25,1";"23,0";"82,0";"93,0";"82,0";"21,7";"22,1";"21,6";"";"";"";"2,8";"263,0";"4,9";"626,40";"0,0"
"25/09/2024";"1300";"27,1";"27,2";"24,9";"72,0";"83,0";"72,0";"21,7";"22,3";"21,7";"";"";"";"4,4";"282,0";"10,3";"1208,30";"0,0"
"25/09/2024";"1400";"29,6";"29,6";"26,9";"62,0";"74,0";"61,0";"21,5";"22,2";"20,6";"";"";"";"3,1";"297,0";"10,3";"2252,00";"0,0"
"25/09/2024";"1500";"31,8";"32,1";"29,3";"47,0";"62,0";"47,0";"19,1";"21,7";"19,0";"";"";"";"2,8";"300,0";"8,1";"2884,20";"0,0"
"25/09/2024";"1600";"33,1";"34,4";"31,6";"41,0";"48,0";"39,0";"18,0";"19,8";"18,0";"";"";"";"1,5";"307,0";"5,7";"3169,50";"0,0"
"25/09/2024";"1700";"35,3";"35,3";"33,1";"37,0";"41,0";"35,0";"18,5";"18,5";"17,0";"";"";"";"1,9";"309,0";"5,7";"2902,50";"0,0"
"25/09/2024";"1800";"35,2";"36,5";"34,0";"34,0";"38,0";"33,0";"16,9";"18,7";"16,7";"";"";"";"1,2";"219,0";"5,5";"2871,00";"0,0"
"25/09/2024";"1900";"35,3";"36,7";"34,8";"34,0";"35,0";"32,0";"17,0";"17,7";"16,5";"";"";"";"1,4";"309,0";"5,2";"2029,30";"0,0"
"25/09/2024";"2000";"35,0";"36,6";"35,0";"33,0";"34,0";"31,0";"16,4";"17,4";"16,2";"";"";"";"0,8";"309,0";"4,4";"1373,50";"0,0"
"25/09/2024";"2100";"32,1";"35,4";"32,1";"47,0";"47,0";"33,0";"19,2";"19,2";"16,0";"";"";"";"2,4";"322,0";"6,1";"508,50";"0,0"
"25/09/2024";"2200";"30,3";"32,0";"30,3";"53,0";"54,0";"47,0";"19,7";"19,8";"19,2";"";"";"";"1,6";"301,0";"5,1";"71,50";"0,0"
"25/09/2024";"2300";"29,1";"30,3";"29,0";"53,0";"54,0";"51,0";"18,7";"19,8";"18,5";"";"";"";"1,3";"285,0";"4,5";"";"0,0"
"26/09/2024";"0000";"28,1";"29,1";"28,1";"59,0";"59,0";"53,0";"19,4";"19,4";"18,7";"";"";"";"0,6";"320,0";"3,1";"";"0,0"
"26/09/2024";"0100";"27,0";"28,2";"27,0";"65,0";"65,0";"59,0";"19,9";"20,0";"19,4";"";"";"";"0,0";"294,0";"2,3";"";"0,0"
"26/09/2024";"0200";"26,4";"27,1";"26,2";"69,0";"69,0";"65,0";"20,3";"20,3";"19,9";"";"";"";"0,7";"294,0";"1,5";"";"0,0"
"26/09/2024";"0300";"25,2";"26,4";"25,0";"76,0";"76,0";"69,0";"20,7";"20,7";"20,2";"";"";"";"0,5";"240,0";"1,9";"";"0,0"
"26/09/2024";"0400";"24,9";"25,2";"24,6";"78,0";"79,0";"76,0";"20,8";"20,8";"20,6";"";"";"";"1,5";"260,0";"2,3";"";"0,0"
"26/09/2024";"0500";"24,2";"25,0";"24,2";"82,0";"82,0";"78,0";"20,9";"21,0";"20,8";"";"";"";"0,0";"320,0";"2,3";"";"0,0"
"26/09/2024";"0600";"23,4";"24,2";"23,4";"83,0";"84,0";"82,0";"20,3";"21,0";"20,3";"";"";"";"0,5";"198,0";"1,2";"";"0,0"
"26/09/2024";"0700";"22,7";"23,4";"22,7";"90,0";"90,0";"83,0";"21,0";"21,0";"20,3";"";"";"";"0,9";"267,0";"1,9";"";"0,0"
"26/09/2024";"0800";"22,5";"22,8";"22,5";"91,0";"92,0";"90,0";"20,9";"21,3";"20,9";"";"";"";"0,5";"254,0";"1,8";"";"0,0"
"26/09/2024";"0900";"22,2";"22,8";"22,1";"93,0";"93,0";"90,0";"21,0";"21,2";"20,9";"";"";"";"0,0";"231,0";"1,3";"";"0,0"
"26/09/2024";"1000";"21,5";"22,4";"21,5";"95,0";"95,0";"92,0";"20,6";"21,3";"20,6";"";"";"";"1,1";"201,0";"1,9";"7,40";"0,0"
"26/09/2024";"1100";"23,7";"23,7";"21,5";"87,0";"95,0";"87,0";"21,4";"21,5";"20,7";"";"";"";"0,6";"205,0";"2,0";"285,50";"0,0"
"26/09/2024";"1200";"26,5";"26,7";"23,7";"75,0";"88,0";"75,0";"21,7";"22,2";"21,4";"";"";"";"0,9";"195,0";"2,2";"967,50";"0,0"
"26/09/2024";"1300";"31,0";"31,0";"26,4";"61,0";"76,0";"61,0";"22,7";"23,1";"21,8";"";"";"";"0,6";"217,0";"3,4";"1725,50";"0,0"
"26/09/2024";"1400";"32,8";"33,7";"31,0";"52,0";"61,0";"51,0";"21,6";"23,0";"21,5";"";"";"";"1,6";"314,0";"4,8";"2399,60";"0,0"
"26/09/2024";"1500";"34,4";"34,8";"32,8";"46,0";"52,0";"46,0";"21,1";"22,6";"20,7";"";"";"";"1,4";"302,0";"4,8";"2787,40";"0,0"
"26/09/2024";"1600";"34,1";"35,0";"32,9";"42,0";"49,0";"40,0";"19,5";"21,5";"19,1";"";"";"";"1,4";"319,0";"5,6";"1937,90";"0,0"
"26/09/2024";"1700";"36,6";"36,6";"33,7";"35,0";"45,0";"35,0";"18,7";"20,3";"17,9";"";"";"";"1,2";"299,0";"5,2";"2555,30";"0,0"
"26/09/2024";"1800";"35,6";"37,2";"34,8";"34,0";"37,0";"33,0";"17,5";"18,8";"17,3";"";"";"";"1,5";"295,0";"4,6";"2776,60";"0,0"
"26/09/2024";"1900";"35,7";"37,2";"34,7";"35,0";"36,0";"32,0";"17,7";"18,2";"16,9";"";"";"";"2,1";"277,0";"5,5";"2081,00";"0,0"
"26/09/2024";"2000";"27,4";"36,5";"27,4";"71,0";"71,0";"33,0";"21,8";"22,2";"17,2";"";"";"";"1,6";"319,0";"7,0";"745,90";"0,2"
"26/09/2024";"2100";"28,1";"28,4";"27,0";"68,0";"78,0";"68,0";"21,7";"23,8";"21,7";"";"";"";"1,4";"284,0";"5,8";"142,70";"0,4"
"26/09/2024";"2200";"26,0";"28,4";"26,0";"79,0";"79,0";"68,0";"22,0";"22,5";"21,8";"";"";"";"2,2";"287,0";"7,2";"31,60";"0,0"
"26/09/2024";"2300";"24,3";"26,0";"23,9";"81,0";"84,0";"74,0";"20,9";"22,1";"20,5";"";"";"";"2,6";"258,0";"4,6";"0,30";"1,0"
"27/09/2024";"0000";"24,2";"24,5";"23,8";"89,0";"91,0";"81,0";"22,4";"22,6";"20,8";"";"";"";"0,1";"322,0";"4,5";"2,70";"0,2"
"27/09/2024";"0100";"24,7";"24,9";"24,2";"88,0";"90,0";"84,0";"22,6";"22,7";"21,9";"";"";"";"0,7";"215,0";"1,8";"1,70";"0,0"
"27/09/2024";"0200";"24,4";"24,8";"24,4";"91,0";"91,0";"85,0";"22,9";"23,0";"21,9";"";"";"";"0,0";"341,0";"1,4";"0,10";"0,0"
"27/09/2024";"0300";"24,2";"24,6";"24,0";"91,0";"94,0";"91,0";"22,6";"23,2";"22,6";"";"";"";"1,7";"231,0";"2,9";"";"0,4"
"27/09/2024";"0400";"24,2";"24,5";"24,1";"90,0";"91,0";"86,0";"22,4";"22,5";"22,0";"";"";"";"0,3";"327,0";"3,5";"";"0,0"
"27/09/2024";"0500";"23,1";"24,3";"23,1";"95,0";"95,0";"89,0";"22,3";"22,4";"22,1";"";"";"";"1,9";"278,0";"3,4";"";"0,0"
"27/09/2024";"0600";"23,0";"23,2";"23,0";"93,0";"96,0";"92,0";"21,8";"22,4";"21,8";"";"";"";"0,1";"247,0";"3,4";"";"0,0"
"27/09/2024";"0700";"22,9";"23,2";"22,7";"92,0";"94,0";"91,0";"21,6";"22,0";"21,5";"";"";"";"0,7";"202,0";"2,0";"";"0,0"
"27/09/2024";"0800";"23,3";"23,3";"22,9";"89,0";"92,0";"88,0";"21,3";"21,6";"21,3";"";"";"";"1,3";"226,0";"2,3";"";"0,0"
"27/09/2024";"0900";"22,9";"23,3";"22,6";"91,0";"93,0";"89,0";"21,3";"21,5";"21,3";"";"";"";"1,2";"216,0";"2,6";"";"0,0"
"27/09/2024";"1000";"23,2";"23,2";"22,9";"88,0";"91,0";"88,0";"21,0";"21,3";"21,0";"";"";"";"1,6";"225,0";"3,5";"8,30";"0,0"
"27/09/2024";"1100";"24,3";"24,3";"23,1";"86,0";"89,0";"86,0";"21,8";"21,8";"21,0";"";"";"";"1,4";"220,0";"3,5";"298,40";"2,6"
"27/09/2024";"1200";"27,4";"27,4";"24,3";"71,0";"86,0";"71,0";"21,7";"22,7";"21,6";"";"";"";"1,9";"214,0";"4,2";"969,20";"4,2"
"27/09/2024";"1300";"29,8";"29,8";"27,4";"60,0";"71,0";"59,0";"21,2";"22,0";"20,7";"";"";"";"3,0";"215,0";"5,4";"1756,20";"0,2"
"27/09/2024";"1400";"31,3";"32,1";"29,7";"55,0";"61,0";"53,0";"21,0";"22,2";"20,8";"";"";"";"2,2";"222,0";"6,1";"2534,20";"0,0"
"27/09/2024";"1500";"33,1";"33,6";"31,1";"49,0";"56,0";"47,0";"20,9";"22,1";"20,2";"";"";"";"1,7";"239,0";"5,2";"3118,70";"0,0"
"27/09/2024";"1600";"33,1";"34,2";"32,3";"48,0";"52,0";"45,0";"20,5";"22,1";"20,0";"";"";"";"0,5";"219,0";"4,5";"2576,60";"0,0"
"27/09/2024";"1700";"32,5";"34,4";"32,3";"51,0";"52,0";"43,0";"21,0";"21,9";"19,9";"";"";"";"3,4";"205,0";"6,5";"2205,10";"0,0"
"27/09/2024";"1800";"33,4";"34,2";"32,3";"48,0";"52,0";"46,0";"20,8";"22,0";"20,0";"";"";"";"1,9";"204,0";"6,9";"1747,40";"0,0"
"27/09/2024";"1900";"32,0";"33,4";"32,0";"51,0";"52,0";"48,0";"20,6";"21,1";"20,2";"";"";"";"1,1";"213,0";"4,9";"415,70";"0,0"
"27/09/2024";"2000";"23,1";"32,0";"23,0";"95,0";"95,0";"51,0";"22,3";"23,0";"20,6";"";"";"";"2,4";"319,0";"13,0";"60,70";"5,8"
"27/09/2024";"2100";"23,4";"23,9";"22,9";"96,0";"98,0";"95,0";"22,8";"23,4";"22,2";"";"";"";"0,3";"292,0";"5,2";"117,70";"1,2"
"27/09/2024";"2200";"24,4";"24,4";"23,4";"93,0";"97,0";"93,0";"23,2";"23,5";"22,8";"";"";"";"1,7";"320,0";"6,5";"29,50";"0,0"
"27/09/2024";"2300";"23,8";"24,7";"23,8";"94,0";"94,0";"88,0";"22,8";"23,2";"22,5";"";"";"";"2,0";"295,0";"4,7";"1,30";"0,0"
"28/09/2024";"0000";"23,5";"23,9";"23,5";"94,0";"94,0";"93,0";"22,4";"22,8";"22,4";"";"";"";"1,8";"276,0";"3,6";"";"0,0"
"28/09/2024";"0100";"23,4";"23,7";"23,3";"95,0";"95,0";"92,0";"22,5";"22,5";"22,2";"";"";"";"1,3";"291,0";"3,6";"0,20";"0,0"
"28/09/2024";"0200";"23,0";"23,5";"23,0";"93,0";"95,0";"92,0";"21,9";"22,6";"21,9";"";"";"";"3,4";"306,0";"7,7";"0,60";"0,0"
"28/09/2024";"0300";"22,3";"23,0";"22,2";"95,0";"96,0";"93,0";"21,5";"21,9";"21,3";"";"";"";"0,8";"190,0";"6,8";"0,10";"0,4"
"28/09/2024";"0400";"22,3";"22,3";"22,2";"98,0";"98,0";"95,0";"21,9";"21,9";"21,5";"";"";"";"1,7";"225,0";"3,0";"";"0,6"
"28/09/2024";"0500";"22,2";"22,3";"22,1";"98,0";"98,0";"97,0";"21,9";"21,9";"21,7";"";"";"";"0,8";"232,0";"2,4";"";"0,0"
"28/09/2024";"0600";"22,2";"22,3";"22,1";"98,0";"98,0";"98,0";"21,8";"21,9";"21,8";"";"";"";"0,1";"205,0";"2,8";"";"0,2"
"28/09/2024";"0700";"21,9";"22,3";"21,9";"98,0";"98,0";"98,0";"21,6";"21,9";"21,6";"";"";"";"0,1";"200,0";"1,4";"";"0,4"
"28/09/2024";"0800";"21,9";"22,1";"21,9";"99,0";"99,0";"98,0";"21,7";"21,9";"21,6";"";"";"";"0,7";"332,0";"3,0";"";"0,0"
"28/09/2024";"0900";"21,7";"21,9";"21,7";"99,0";"99,0";"99,0";"21,6";"21,7";"21,6";"";"";"";"0,9";"312,0";"2,4";"";"0,0"
"28/09/2024";"1000";"21,6";"21,7";"21,5";"100,0";"100,0";"99,0";"21,6";"21,6";"21,5";"";"";"";"1,3";"312,0";"2,4";"4,50";"0,0"
"28/09/2024";"1100";"21,8";"21,9";"21,6";"100,0";"100,0";"100,0";"21,8";"21,9";"21,6";"";"";"";"0,2";"303,0";"2,8";"141,20";"0,0"
"28/09/2024";"1200";"22,1";"22,2";"21,7";"100,0";"100,0";"100,0";"22,1";"22,2";"21,7";"";"";"";"2,5";"312,0";"4,2";"450,00";"0,0"
"28/09/2024";"1300";"23,6";"23,6";"22,1";"95,0";"100,0";"94,0";"22,7";"23,2";"22,1";"";"";"";"1,4";"318,0";"4,2";"763,70";"0,2"
"28/09/2024";"1400";"26,1";"26,1";"23,5";"85,0";"95,0";"83,0";"23,3";"23,4";"22,1";"";"";"";"0,4";"299,0";"3,7";"2003,70";"0,0"
"28/09/2024";"1500";"29,2";"29,2";"25,9";"73,0";"86,0";"73,0";"23,8";"24,1";"22,7";"";"";"";"0,4";"242,0";"2,8";"2972,30";"8,0"
"28/09/2024";"1600";"30,4";"30,6";"29,0";"66,0";"74,0";"65,0";"23,4";"24,3";"22,7";"";"";"";"1,5";"270,0";"3,3";"3166,70";"12,0"
"28/09/2024";"1700";"32,1";"32,6";"30,4";"59,0";"66,0";"57,0";"23,0";"24,0";"22,4";"";"";"";"2,1";"283,0";"4,9";"3097,60";"0,0"
"28/09/2024";"1800";"33,4";"33,8";"31,8";"52,0";"59,0";"51,0";"22,0";"23,3";"21,7";"";"";"";"1,7";"309,0";"4,9";"2913,30";"0,2"
"28/09/2024";"1900";"28,2";"34,5";"28,1";"59,0";"61,0";"48,0";"19,5";"22,7";"19,5";"";"";"";"2,2";"196,0";"9,5";"1360,80";"0,2"
"28/09/2024";"2000";"26,9";"28,2";"26,9";"71,0";"71,0";"59,0";"21,1";"21,3";"19,6";"";"";"";"1,3";"202,0";"5,2";"201,40";"0,0"
"28/09/2024";"2100";"26,0";"27,0";"26,0";"79,0";"79,0";"71,0";"22,1";"22,5";"21,2";"";"";"";"3,0";"211,0";"6,1";"80,50";"0,0"
"28/09/2024";"2200";"25,0";"26,0";"25,0";"84,0";"85,0";"79,0";"22,2";"22,4";"22,1";"";"";"";"1,7";"247,0";"5,5";"14,50";"2,0"
"28/09/2024";"2300";"24,1";"25,1";"24,0";"90,0";"90,0";"82,0";"22,3";"22,6";"21,8";"";"";"";"3,9";"263,0";"7,4";"0,40";"0,0"
"29/09/2024";"0000";"21,5";"24,3";"21,5";"95,0";"96,0";"85,0";"20,6";"22,3";"20,2";"";"";"";"2,9";"208,0";"14,4";"1,30";"9,0"
"29/09/2024";"0100";"21,2";"21,5";"21,2";"97,0";"97,0";"95,0";"20,8";"20,8";"20,5";"";"";"";"1,3";"242,0";"6,8";"";"0,4"
"29/09/2024";"0200";"21,2";"21,5";"21,2";"99,0";"99,0";"97,0";"21,0";"21,2";"20,8";"";"";"";"1,2";"298,0";"2,6";"";"0,0"
"29/09/2024";"0300";"21,2";"21,3";"21,1";"99,0";"99,0";"99,0";"21,1";"21,2";"20,9";"";"";"";"0,1";"327,0";"2,1";"";"0,0"
"29/09/2024";"0400";"21,1";"21,3";"21,0";"99,0";"99,0";"99,0";"20,9";"21,1";"20,8";"";"";"";"1,5";"239,0";"3,2";"";"0,0"
"29/09/2024";"0500";"21,0";"21,2";"21,0";"98,0";"99,0";"98,0";"20,6";"20,9";"20,6";"";"";"";"1,5";"192,0";"4,1";"";"0,0"
"29/09/2024";"0600";"21,1";"21,2";"20,9";"96,0";"98,0";"95,0";"20,4";"20,6";"20,4";"";"";"";"0,9";"251,0";"2,8";"";"0,0"
"29/09/2024";"0700";"20,8";"21,1";"20,8";"97,0";"97,0";"96,0";"20,4";"20,5";"20,3";"";"";"";"1,2";"264,0";"1,9";"";"0,0"
"29/09/2024";"0800";"20,8";"20,9";"20,7";"97,0";"98,0";"97,0";"20,4";"20,5";"20,3";"";"";"";"0,8";"312,0";"2,0";"";"0,0"
"29/09/2024";"0900";"20,7";"20,8";"20,7";"99,0";"99,0";"97,0";"20,5";"20,6";"20,4";"";"";"";"1,1";"308,0";"2,3";"";"0,0"
"29/09/2024";"1000";"20,8";"20,8";"20,7";"99,0";"99,0";"99,0";"20,7";"20,7";"20,5";"";"";"";"0,1";"320,0";"2,3";"5,90";"0,0"
"29/09/2024";"1100";"21,1";"21,1";"20,7";"99,0";"99,0";"99,0";"21,0";"21,0";"20,6";"";"";"";"0,8";"217,0";"1,7";"185,20";"0,0"
"29/09/2024";"1200";"23,0";"23,1";"21,1";"94,0";"99,0";"94,0";"22,0";"22,2";"21,1";"";"";"";"1,5";"203,0";"3,0";"794,30";"0,0"
"29/09/2024";"1300";"25,2";"25,3";"23,0";"83,0";"94,0";"83,0";"22,2";"22,8";"21,6";"";"";"";"1,1";"200,0";"4,0";"1260,70";"0,0"
"29/09/2024";"1400";"27,0";"27,0";"25,1";"78,0";"85,0";"76,0";"22,8";"23,3";"22,0";"";"";"";"1,1";"233,0";"2,8";"1945,90";"0,2"
"29/09/2024";"1500";"30,2";"30,2";"27,0";"68,0";"79,0";"65,0";"23,8";"23,8";"22,1";"";"";"";"1,0";"262,0";"2,8";"3038,20";"0,0"
"29/09/2024";"1600";"31,4";"31,4";"29,7";"61,0";"69,0";"61,0";"22,8";"24,1";"22,3";"";"";"";"0,7";"287,0";"4,1";"2730,10";"0,0"
"29/09/2024";"1700";"32,6";"32,6";"30,9";"57,0";"64,0";"57,0";"23,1";"23,5";"21,8";"";"";"";"1,4";"315,0";"4,3";"2849,60";"0,0"
"29/09/2024";"1800";"31,5";"32,9";"31,5";"57,0";"61,0";"47,0";"22,1";"23,0";"19,6";"";"";"";"2,5";"299,0";"3,9";"2042,00";"0,0"
"29/09/2024";"1900";"32,2";"32,8";"31,3";"51,0";"60,0";"50,0";"20,9";"22,7";"20,4";"";"";"";"1,6";"300,0";"3,9";"1773,70";"0,0"
"29/09/2024";"2000";"30,7";"32,2";"30,4";"59,0";"61,0";"50,0";"21,7";"22,2";"20,1";"";"";"";"1,0";"248,0";"3,3";"579,30";"0,2"
"29/09/2024";"2100";"28,3";"30,7";"28,1";"70,0";"71,0";"58,0";"22,3";"22,8";"21,6";"";"";"";"1,3";"197,0";"4,9";"322,40";"0,0"
"29/09/2024";"2200";"27,6";"28,5";"27,6";"74,0";"75,0";"69,0";"22,5";"22,7";"22,1";"";"";"";"1,3";"214,0";"2,6";"155,50";"0,0"
"29/09/2024";"2300";"22,1";"27,6";"22,1";"93,0";"93,0";"71,0";"20,9";"22,6";"19,4";"";"";"";"2,2";"196,0";"17,2";"2,50";"0,0"
"30/09/2024";"0000";"22,2";"22,2";"21,9";"93,0";"94,0";"92,0";"20,9";"21,0";"20,7";"";"";"";"0,7";"200,0";"4,0";"";"0,0"
"30/09/2024";"0100";"21,9";"22,2";"21,9";"96,0";"96,0";"92,0";"21,2";"21,5";"20,8";"";"";"";"1,1";"321,0";"4,0";"";"0,0"
"30/09/2024";"0200";"22,0";"22,3";"21,9";"95,0";"96,0";"95,0";"21,2";"21,6";"21,2";"";"";"";"1,7";"235,0";"4,0";"";"0,0"
"30/09/2024";"0300";"21,9";"22,1";"21,7";"96,0";"97,0";"95,0";"21,3";"21,4";"21,2";"";"";"";"0,9";"250,0";"3,7";"";"0,0"
"30/09/2024";"0400";"21,9";"22,0";"21,9";"95,0";"96,0";"94,0";"21,0";"21,3";"21,0";"";"";"";"0,2";"254,0";"2,3";"";"0,0"
"30/09/2024";"0500";"21,9";"22,1";"21,8";"96,0";"96,0";"94,0";"21,2";"21,2";"21,0";"";"";"";"0,8";"291,0";"2,7";"";"0,0"
"30/09/2024";"0600";"21,8";"21,9";"21,7";"97,0";"97,0";"95,0";"21,2";"21,2";"21,0";"";"";"";"1,4";"308,0";"2,8";"";"0,0"
"30/09/2024";"0700";"21,4";"21,8";"21,4";"98,0";"98,0";"97,0";"21,2";"21,3";"21,2";"";"";"";"0,0";"325,0";"2,4";"";"0,0"
"30/09/2024";"0800";"21,7";"21,7";"21,4";"98,0";"98,0";"98,0";"21,3";"21,3";"21,2";"";"";"";"0,0";"308,0";"1,4";"";"0,0"
"30/09/2024";"0900";"21,4";"21,7";"21,4";"98,0";"98,0";"97,0";"21,2";"21,3";"21,1";"";"";"";"0,6";"261,0";"2,7";"";"0,0"
"30/09/2024";"1000";"21,4";"21,5";"21,4";"99,0";"99,0";"98,0";"21,3";"21,3";"21,2";"";"";"";"1,7";"319,0";"2,8";"3,80";"0,0"
"30/09/2024";"1100";"21,8";"21,8";"21,4";"99,0";"100,0";"99,0";"21,6";"21,6";"21,3";"";"";"";"1,6";"295,0";"3,8";"142,50";"0,0"
"30/09/2024";"1200";"23,1";"23,2";"21,7";"94,0";"99,0";"94,0";"22,1";"22,3";"21,6";"";"";"";"1,4";"278,0";"3,4";"743,30";"0,0"
"30/09/2024";"1300";"24,2";"24,3";"23,1";"87,0";"94,0";"87,0";"21,8";"22,3";"21,6";"";"";"";"1,0";"294,0";"3,1";"1332,20";"0,0"
"30/09/2024";"1400";"26,8";"26,8";"24,2";"77,0";"88,0";"76,0";"22,4";"23,1";"21,7";"";"";"";"1,5";"317,0";"3,3";"1910,00";"0,0"
"30/09/2024";"1500";"28,4";"28,7";"26,3";"71,0";"80,0";"69,0";"22,7";"23,2";"21,7";"";"";"";"1,8";"312,0";"4,8";"2776,80";"0,0"
"30/09/2024";"1600";"28,1";"28,4";"27,5";"70,0";"73,0";"68,0";"22,2";"22,7";"21,5";"";"";"";"1,6";"314,0";"5,4";"2223,50";"0,0"
"30/09/2024";"1700";"30,1";"30,1";"27,7";"67,0";"72,0";"67,0";"23,4";"23,6";"21,5";"";"";"";"2,1";"306,0";"4,1";"2054,80";"0,0"
"30/09/2024";"1800";"30,1";"30,4";"28,0";"65,0";"73,0";"64,0";"22,7";"23,4";"21,9";"";"";"";"1,8";"269,0";"4,1";"1789,10";"0,0"
"30/09/2024";"1900";"30,5";"30,7";"29,2";"62,0";"69,0";"60,0";"22,4";"23,3";"21,6";"";"";"";"2,5";"301,0";"4,5";"2363,90";"0,0"
"30/09/2024";"2000";"29,5";"31,1";"29,5";"64,0";"66,0";"61,0";"22,0";"23,2";"21,8";"";"";"";"2,1";"284,0";"4,8";"1359,00";"0,0"
"30/09/2024";"2100";"28,0";"29,5";"28,0";"74,0";"74,0";"64,0";"22,9";"22,9";"21,9";"";"";"";"0,7";"318,0";"4,3";"68,10";"0,0"
"30/09/2024";"2200";"25,0";"28,0";"24,9";"87,0";"87,0";"73,0";"22,6";"23,0";"22,4";"";"";"";"1,9";"260,0";"5,9";"0,80";"0,0"
"30/09/2024";"2300";"24,4";"25,1";"24,4";"91,0";"91,0";"86,0";"22,8";"22,8";"22,5";"";"";"";"1,8";"251,0";"4,2";"";"0,0"
"01/10/2024";"0000";"24,0";"24,4";"23,8";"95,0";"95,0";"91,0";"23,1";"23,1";"22,7";"";"";"";"0,0";"286,0";"3,2";"";"0,0"
"01/10/2024";"0100";"23,7";"24,2";"23,7";"96,0";"96,0";"94,0";"23,0";"23,1";"22,8";"";"";"";"1,1";"192,0";"2,2";"";"0,0"
"01/10/2024";"0200";"23,8";"23,9";"23,7";"96,0";"96,0";"96,0";"23,1";"23,2";"23,0";"";"";"";"0,4";"206,0";"2,0";"";"0,0"
"01/10/2024";"0300";"23,6";"23,8";"23,6";"96,0";"97,0";"96,0";"23,0";"23,2";"23,0";"";"";"";"0,5";"274,0";"1,6";"";"0,0"
"01/10/2024";"0400";"23,2";"23,6";"23,2";"97,0";"97,0";"96,0";"22,7";"23,0";"22,7";"";"";"";"1,0";"271,0";"2,2";"";"0,0"
"01/10/2024";"0500";"22,7";"23,2";"22,6";"99,0";"99,0";"97,0";"22,5";"22,7";"22,4";"";"";"";"1,2";"254,0";"2,8";"";"0,0"
"01/10/2024";"0600";"22,5";"22,7";"22,5";"99,0";"99,0";"99,0";"22,3";"22,5";"22,3";"";"";"";"1,1";"214,0";"2,2";"";"0,0"
"01/10/2024";"0700";"22,4";"22,5";"22,3";"99,0";"99,0";"99,0";"22,3";"22,3";"22,2";"";"";"";"1,3";"228,0";"2,6";"";"0,0"
"01/10/2024";"0800";"22,3";"22,4";"22,3";"99,0";"99,0";"99,0";"22,1";"22,3";"22,1";"";"";"";"0,8";"234,0";"2,8";"";"0,0"
"01/10/2024";"0900";"22,0";"22,3";"22,0";"99,0";"99,0";"99,0";"21,9";"22,1";"21,9";"";"";"";"0,0";"252,0";"2,2";"";"0,0"
"01/10/2024";"1000";"21,9";"22,0";"21,8";"99,0";"99,0";"99,0";"21,8";"21,9";"21,7";"";"";"";"0,0";"234,0";"0,3";"11,30";"0,0"
"01/10/2024";"1100";"22,1";"22,4";"21,9";"99,0";"99,0";"99,0";"22,0";"22,3";"21,8";"";"";"";"0,0";"279,0";"1,4";"220,30";"0,0"
"01/10/2024";"1200";"23,6";"23,7";"22,1";"97,0";"100,0";"97,0";"23,2";"23,4";"22,0";"";"";"";"0,0";"216,0";"0,8";"675,50";"0,0"
"01/10/2024";"1300";"27,5";"27,7";"23,6";"75,0";"97,0";"75,0";"22,7";"23,2";"21,9";"";"";"";"0,0";"299,0";"0,6";"1950,60";"0,0"
"01/10/2024";"1400";"29,6";"29,8";"26,7";"69,0";"79,0";"67,0";"23,4";"23,6";"21,9";"";"";"";"0,0";"303,0";"0,5";"2732,00";"0,0"
"01/10/2024";"1500";"30,9";"30,9";"29,3";"61,0";"70,0";"61,0";"22,6";"23,9";"21,5";"";"";"";"0,0";"290,0";"1,1";"2646,80";"0,0"
"01/10/2024";"1600";"31,1";"31,8";"30,5";"56,0";"62,0";"55,0";"21,4";"22,7";"21,1";"";"";"";"1,6";"313,0";"4,3";"2911,60";"0,0"
"01/10/2024";"1700";"33,4";"34,0";"31,1";"46,0";"57,0";"45,0";"20,1";"22,0";"20,1";"";"";"";"2,6";"318,0";"7,6";"3793,50";"0,0"
"01/10/2024";"1800";"33,3";"33,8";"32,1";"48,0";"52,0";"45,0";"20,7";"21,8";"20,0";"";"";"";"2,5";"279,0";"7,6";"2341,50";"0,0"
"01/10/2024";"1900";"33,8";"34,1";"32,3";"45,0";"52,0";"45,0";"20,3";"21,4";"20,0";"";"";"";"2,7";"288,0";"8,0";"2346,50";"0,0"
"01/10/2024";"2000";"33,3";"34,2";"32,8";"45,0";"48,0";"44,0";"19,9";"20,8";"19,8";"";"";"";"2,3";"298,0";"4,8";"1784,00";"0,0"
"01/10/2024";"2100";"32,2";"33,3";"32,1";"50,0";"50,0";"45,0";"20,5";"20,5";"19,6";"";"";"";"2,3";"306,0";"4,6";"697,60";"0,0"
"01/10/2024";"2200";"30,7";"32,2";"30,7";"58,0";"58,0";"50,0";"21,4";"21,5";"20,4";"";"";"";"0,4";"323,0";"3,8";"163,60";"0,0"
"01/10/2024";"2300";"29,5";"30,7";"29,5";"62,0";"62,0";"57,0";"21,6";"21,6";"21,2";"";"";"";"0,0";"334,0";"2,3";"0,40";"0,0"
"02/10/2024";"0000";"27,2";"29,5";"27,2";"71,0";"71,0";"62,0";"21,5";"22,1";"21,5";"";"";"";"1,2";"325,0";"5,3";"";"0,0"
"02/10/2024";"0100";"26,4";"27,2";"26,4";"75,0";"75,0";"71,0";"21,6";"21,6";"21,3";"";"";"";"1,2";"292,0";"5,0";"";"0,0"
"02/10/2024";"0200";"25,3";"26,4";"25,3";"81,0";"81,0";"75,0";"21,9";"21,9";"21,5";"";"";"";"0,5";"278,0";"2,3";"";"0,0"
"02/10/2024";"0300";"24,6";"25,4";"24,6";"82,0";"82,0";"79,0";"21,3";"21,8";"21,2";"";"";"";"0,0";"217,0";"1,4";"";"0,0"
"02/10/2024";"0400";"24,0";"24,7";"24,0";"86,0";"86,0";"82,0";"21,4";"21,7";"21,2";"";"";"";"0,6";"210,0";"1,5";"";"0,0"
"02/10/2024";"0500";"23,5";"24,0";"23,4";"88,0";"88,0";"85,0";"21,4";"21,5";"21,3";"";"";"";"0,3";"272,0";"1,2";"";"0,0"
"02/10/2024";"0600";"23,0";"23,6";"23,0";"91,0";"91,0";"87,0";"21,5";"21,5";"21,0";"";"";"";"0,0";"242,0";"1,1";"";"0,0"
"02/10/2024";"0700";"22,6";"23,0";"22,4";"92,0";"94,0";"90,0";"21,3";"21,6";"21,2";"";"";"";"0,4";"237,0";"1,4";"";"0,0"
"02/10/2024";"0800";"22,4";"22,7";"22,4";"92,0";"92,0";"91,0";"21,1";"21,3";"21,1";"";"";"";"0,0";"194,0";"1,5";"";"0,0"
"02/10/2024";"0900";"21,9";"22,4";"21,9";"95,0";"95,0";"92,0";"21,0";"21,2";"21,0";"";"";"";"0,0";"236,0";"0,7";"";"0,0"
"02/10/2024";"1000";"22,1";"22,3";"21,9";"95,0";"96,0";"94,0";"21,3";"21,4";"21,1";"";"";"";"0,0";"240,0";"0,0";"13,50";"0,0"
"02/10/2024";"1100";"24,8";"25,0";"22,1";"85,0";"96,0";"85,0";"22,1";"22,7";"21,4";"";"";"";"0,0";"271,0";"0,6";"425,60";"0,0"
"02/10/2024";"1200";"27,1";"27,3";"24,8";"78,0";"85,0";"75,0";"22,9";"23,0";"21,5";"";"";"";"1,1";"320,0";"3,5";"1275,00";"0,0"
"02/10/2024";"1300";"28,7";"29,1";"27,2";"70,0";"78,0";"70,0";"22,6";"23,3";"22,3";"";"";"";"1,9";"321,0";"3,7";"2108,20";"0,0"
"02/10/2024";"1400";"30,8";"30,9";"28,6";"63,0";"71,0";"63,0";"23,0";"23,7";"22,5";"";"";"";"1,8";"313,0";"4,2";"2835,00";"0,0"
"02/10/2024";"1500";"32,5";"32,6";"30,3";"58,0";"65,0";"56,0";"23,1";"23,4";"22,2";"";"";"";"1,9";"302,0";"5,5";"3339,30";"0,0"
"02/10/2024";"1600";"32,3";"34,1";"31,6";"54,0";"58,0";"51,0";"21,9";"23,1";"21,4";"";"";"";"2,2";"297,0";"5,0";"3293,50";"0,0"
"02/10/2024";"1700";"33,6";"34,4";"31,9";"48,0";"54,0";"47,0";"21,2";"22,2";"20,7";"";"";"";"1,2";"290,0";"5,0";"2933,50";"0,0"
"02/10/2024";"1800";"34,5";"35,4";"33,4";"43,0";"49,0";"40,0";"20,0";"22,0";"18,9";"";"";"";"1,3";"289,0";"3,7";"3120,30";"0,0"
"02/10/2024";"1900";"35,7";"36,1";"34,1";"40,0";"46,0";"39,0";"20,1";"21,0";"19,0";"";"";"";"1,4";"316,0";"6,2";"2554,40";"0,0"
"02/10/2024";"2000";"33,5";"36,2";"33,2";"50,0";"50,0";"38,0";"21,5";"21,9";"19,2";"";"";"";"3,3";"310,0";"5,4";"1689,30";"0,0"
"02/10/2024";"2100";"30,0";"33,4";"29,7";"55,0";"61,0";"50,0";"20,0";"22,1";"19,9";"";"";"";"1,6";"319,0";"8,2";"408,10";"0,0"
"02/10/2024";"2200";"28,7";"30,0";"28,7";"62,0";"62,0";"55,0";"20,7";"20,7";"19,6";"";"";"";"1,4";"248,0";"4,4";"89,20";"0,0"
"02/10/2024";"2300";"26,2";"28,7";"26,1";"70,0";"71,0";"61,0";"20,3";"21,2";"19,9";"";"";"";"0,4";"192,0";"5,3";"0,10";"0,0"
"03/10/2024";"0000";"25,2";"26,8";"25,2";"77,0";"77,0";"69,0";"20,9";"20,9";"20,2";"";"";"";"1,1";"278,0";"4,3";"";"0,0"
"03/10/2024";"0100";"25,3";"25,8";"25,1";"77,0";"78,0";"74,0";"21,1";"21,2";"20,7";"";"";"";"0,2";"280,0";"2,3";"";"0,0"
"03/10/2024";"0200";"25,0";"25,3";"25,0";"81,0";"81,0";"77,0";"21,6";"21,6";"21,0";"";"";"";"0,0";"227,0";"0,9";"";"0,0"
"03/10/2024";"0300";"24,7";"25,5";"24,7";"83,0";"83,0";"80,0";"21,6";"22,1";"21,4";"";"";"";"0,1";"255,0";"1,7";"";"0,0"
"03/10/2024";"0400";"23,8";"24,7";"23,7";"88,0";"89,0";"83,0";"21,7";"21,9";"21,4";"";"";"";"0,0";"190,0";"1,5";"";"0,0"
"03/10/2024";"0500";"23,5";"23,8";"23,5";"89,0";"89,0";"88,0";"21,6";"21,7";"21,5";"";"";"";"0,0";"300,0";"1,1";"";"0,0"
"03/10/2024";"0600";"23,2";"23,8";"23,2";"91,0";"91,0";"89,0";"21,8";"22,0";"21,7";"";"";"";"0,6";"195,0";"1,1";"";"0,0"
"03/10/2024";"0700";"22,9";"23,2";"22,8";"94,0";"94,0";"91,0";"22,0";"22,1";"21,7";"";"";"";"0,6";"227,0";"1,6";"";"0,0"
"03/10/2024";"0800";"22,9";"23,2";"22,9";"95,0";"95,0";"93,0";"22,1";"22,2";"21,9";"";"";"";"0,0";"224,0";"1,2";"";"0,0"
"03/10/2024";"0900";"22,8";"22,9";"22,5";"96,0";"97,0";"95,0";"22,2";"22,3";"21,9";"";"";"";"0,0";"228,0";"1,0";"";"0,0"
"03/10/2024";"1000";"22,6";"22,8";"22,5";"96,0";"96,0";"96,0";"21,9";"22,1";"21,8";"";"";"";"0,0";"228,0";"0,8";"7,40";"0,0"
"03/10/2024";"1100";"24,2";"24,2";"22,3";"92,0";"96,0";"92,0";"22,9";"22,9";"21,6";"";"";"";"0,9";"246,0";"1,7";"304,20";"0,0"
"03/10/2024";"1200";"25,6";"25,8";"24,1";"84,0";"92,0";"83,0";"22,7";"23,5";"22,3";"";"";"";"1,1";"251,0";"2,1";"719,70";"0,0"
"03/10/2024";"1300";"27,3";"27,5";"25,6";"76,0";"85,0";"76,0";"22,8";"23,5";"22,5";"";"";"";"1,6";"248,0";"2,7";"736,90";"0,0"
"03/10/2024";"1400";"23,0";"27,3";"22,5";"96,0";"96,0";"76,0";"22,4";"23,2";"21,7";"";"";"";"2,9";"200,0";"11,6";"170,50";"0,0"
"03/10/2024";"1500";"23,9";"23,9";"23,0";"91,0";"96,0";"91,0";"22,3";"23,1";"22,3";"";"";"";"2,0";"200,0";"6,4";"617,10";"0,8"
"03/10/2024";"1600";"25,2";"25,2";"23,7";"82,0";"91,0";"80,0";"21,9";"22,3";"21,3";"";"";"";"0,4";"214,0";"4,9";"799,80";"0,0"
"03/10/2024";"1700";"27,6";"27,9";"25,2";"73,0";"84,0";"73,0";"22,4";"23,2";"21,6";"";"";"";"1,9";"199,0";"3,5";"2462,80";"0,2"
"03/10/2024";"1800";"30,2";"30,8";"27,6";"55,0";"75,0";"54,0";"20,1";"23,1";"19,7";"";"";"";"1,2";"246,0";"3,5";"2996,80";"0,0"
"03/10/2024";"1900";"31,1";"32,1";"30,0";"53,0";"58,0";"51,0";"20,4";"21,3";"19,8";"";"";"";"1,1";"235,0";"3,1";"2514,00";"0,0"
"03/10/2024";"2000";"31,1";"31,9";"30,7";"55,0";"57,0";"51,0";"21,1";"21,5";"19,8";"";"";"";"2,6";"227,0";"5,5";"1875,10";"0,0"
"03/10/2024";"2100";"29,7";"31,2";"29,7";"59,0";"61,0";"54,0";"21,0";"21,7";"20,2";"";"";"";"2,7";"202,0";"5,2";"958,00";"0,0"
"03/10/2024";"2200";"27,8";"29,7";"27,8";"69,0";"69,0";"59,0";"21,5";"21,7";"20,8";"";"";"";"1,0";"197,0";"5,5";"185,90";"0,0"
"03/10/2024";"2300";"26,5";"27,7";"26,5";"73,0";"74,0";"69,0";"21,4";"21,6";"21,2";"";"";"";"0,7";"196,0";"2,7";"";"0,0"
"04/10/2024";"0000";"25,2";"26,5";"25,1";"81,0";"81,0";"73,0";"21,8";"21,8";"21,4";"";"";"";"0,2";"219,0";"2,5";"";"0,0"
"04/10/2024";"0100";"25,4";"25,4";"25,0";"82,0";"83,0";"81,0";"22,1";"22,3";"21,7";"";"";"";"0,0";"316,0";"1,2";"";"0,0"
"04/10/2024";"0200";"25,0";"25,5";"25,0";"85,0";"85,0";"82,0";"22,3";"22,4";"22,1";"";"";"";"0,3";"327,0";"1,3";"";"0,0"
"04/10/2024";"0300";"24,4";"25,3";"24,3";"88,0";"88,0";"82,0";"22,3";"22,5";"22,0";"";"";"";"0,0";"308,0";"1,9";"";"0,0"
"04/10/2024";"0400";"23,9";"24,4";"23,9";"90,0";"90,0";"88,0";"22,2";"22,6";"22,2";"";"";"";"0,0";"309,0";"1,4";"";"0,0"
"04/10/2024";"0500";"23,5";"24,0";"23,5";"92,0";"92,0";"90,0";"22,2";"22,3";"22,1";"";"";"";"0,7";"235,0";"1,2";"";"0,0"
"04/10/2024";"0600";"";"";"";"";"";"";"";"";"";"";"";"";"";"";"";"";""
"04/10/2024";"0700";"22,9";"23,0";"22,9";"95,0";"96,0";"95,0";"22,0";"22,4";"22,0";"";"";"";"0,0";"325,0";"0,0";"";"0,0"
"04/10/2024";"0800";"22,7";"23,1";"22,7";"95,0";"95,0";"92,0";"21,8";"22,0";"21,7";"";"";"";"0,6";"300,0";"1,6";"";"0,0"
"04/10/2024";"0900";"22,1";"22,7";"22,1";"98,0";"98,0";"95,0";"21,7";"21,9";"21,7";"";"";"";"0,4";"313,0";"1,6";"";"0,0"
"04/10/2024";"1000";"21,9";"22,1";"21,8";"99,0";"99,0";"98,0";"21,7";"21,7";"21,6";"";"";"";"0,0";"331,0";"1,2";"10,10";"0,0"
"04/10/2024";"1100";"23,1";"23,1";"21,9";"93,0";"99,0";"93,0";"21,9";"22,3";"21,7";"";"";"";"1,6";"312,0";"2,6";"345,40";"0,0"
"04/10/2024";"1200";"24,5";"24,6";"23,0";"87,0";"93,0";"86,0";"22,2";"22,4";"21,7";"";"";"";"2,0";"319,0";"3,3";"1057,80";"0,0"
"04/10/2024";"1300";"26,9";"26,9";"24,5";"79,0";"88,0";"77,0";"23,0";"23,0";"21,7";"";"";"";"1,3";"312,0";"3,8";"1854,30";"0,0"
"04/10/2024";"1400";"28,2";"28,3";"26,4";"71,0";"79,0";"71,0";"22,4";"22,9";"21,8";"";"";"";"1,8";"325,0";"4,8";"1917,10";"0,0"
"04/10/2024";"1500";"30,2";"30,5";"27,9";"63,0";"72,0";"62,0";"22,4";"23,2";"21,7";"";"";"";"1,3";"285,0";"4,4";"2861,40";"0,0"
"04/10/2024";"1600";"31,9";"32,4";"29,9";"58,0";"64,0";"55,0";"22,4";"23,2";"21,5";"";"";"";"1,6";"311,0";"4,4";"3416,90";"0,0"
"04/10/2024";"1700";"33,4";"33,9";"31,3";"51,0";"58,0";"50,0";"21,9";"22,8";"21,1";"";"";"";"1,5";"266,0";"4,0";"3353,90";"0,0"
"04/10/2024";"1800";"34,2";"34,9";"32,6";"44,0";"53,0";"44,0";"20,2";"22,7";"20,0";"";"";"";"0,7";"286,0";"5,0";"2114,20";"0,0"
"04/10/2024";"1900";"31,7";"34,7";"31,7";"51,0";"51,0";"43,0";"20,2";"21,4";"19,6";"";"";"";"1,1";"247,0";"8,9";"1531,60";"0,0"
"04/10/2024";"2000";"30,9";"31,6";"28,8";"59,0";"65,0";"51,0";"21,9";"22,7";"20,3";"";"";"";"1,9";"198,0";"8,9";"1207,80";"0,0"
"04/10/2024";"2100";"29,2";"31,4";"29,2";"68,0";"69,0";"58,0";"22,8";"23,3";"21,8";"";"";"";"0,7";"187,0";"3,2";"593,60";"0,0"
"04/10/2024";"2200";"27,6";"29,3";"27,5";"79,0";"80,0";"68,0";"23,6";"23,8";"22,8";"";"";"";"1,7";"205,0";"3,3";"63,80";"0,0"
"04/10/2024";"2300";"26,4";"27,9";"26,4";"73,0";"79,0";"72,0";"21,2";"23,5";"21,1";"";"";"";"2,5";"311,0";"6,0";"";"0,0"
"05/10/2024";"0000";"25,5";"26,4";"25,5";"80,0";"80,0";"73,0";"21,7";"21,7";"21,0";"";"";"";"0,4";"251,0";"3,8";"";"0,0"
"05/10/2024";"0100";"25,0";"25,5";"24,9";"85,0";"86,0";"79,0";"22,4";"22,4";"21,6";"";"";"";"0,0";"204,0";"1,6";"";"0,0"
"05/10/2024";"0200";"25,1";"25,3";"25,0";"86,0";"86,0";"83,0";"22,6";"22,7";"22,1";"";"";"";"0,3";"209,0";"1,2";"";"0,0"
"05/10/2024";"0300";"24,5";"25,1";"24,3";"88,0";"89,0";"86,0";"22,4";"22,7";"22,2";"";"";"";"0,1";"316,0";"1,2";"";"0,0"
"05/10/2024";"0400";"23,6";"24,5";"23,6";"92,0";"92,0";"88,0";"22,2";"22,7";"22,0";"";"";"";"0,9";"233,0";"1,8";"";"0,0"
"05/10/2024";"0500";"23,6";"23,7";"23,1";"95,0";"96,0";"92,0";"22,7";"22,8";"22,2";"";"";"";"0,1";"200,0";"1,5";"";"0,0"
"05/10/2024";"0600";"23,6";"23,8";"23,4";"94,0";"95,0";"94,0";"22,6";"22,8";"22,5";"";"";"";"0,1";"330,0";"1,1";"";"0,0"
"05/10/2024";"0700";"22,9";"23,6";"22,9";"97,0";"97,0";"94,0";"22,4";"22,6";"22,3";"";"";"";"0,0";"242,0";"1,2";"";"0,0"
"05/10/2024";"0800";"23,0";"23,2";"22,9";"96,0";"97,0";"96,0";"22,4";"22,5";"22,4";"";"";"";"0,0";"192,0";"0,6";"";"0,0"
"05/10/2024";"0900";"22,5";"23,1";"22,5";"98,0";"98,0";"96,0";"22,1";"22,7";"22,1";"";"";"";"1,1";"188,0";"1,8";"";"0,0"
"05/10/2024";"1000";"22,6";"22,6";"22,3";"99,0";"99,0";"98,0";"22,4";"22,4";"22,1";"";"";"";"0,0";"191,0";"1,8";"5,30";"0,0"
"05/10/2024";"1100";"24,4";"24,4";"22,6";"94,0";"99,0";"94,0";"23,3";"23,3";"22,4";"";"";"";"0,0";"253,0";"0,0";"223,20";"0,0"
"05/10/2024";"1200";"28,0";"28,0";"24,4";"76,0";"94,0";"74,0";"23,3";"23,4";"22,6";"";"";"";"0,1";"308,0";"1,4";"825,50";"0,0"
"05/10/2024";"1300";"29,7";"30,1";"27,9";"72,0";"77,0";"67,0";"24,0";"24,0";"22,3";"";"";"";"1,7";"282,0";"3,0";"1741,60";"0,0"
"05/10/2024";"1400";"32,4";"32,4";"29,6";"55,0";"72,0";"55,0";"22,3";"23,9";"21,9";"";"";"";"2,2";"308,0";"5,3";"2628,10";"0,0"
"05/10/2024";"1500";"33,0";"33,4";"31,5";"52,0";"57,0";"51,0";"21,9";"22,5";"21,4";"";"";"";"2,1";"278,0";"5,1";"3118,30";"0,0"
"05/10/2024";"1600";"32,6";"34,1";"32,2";"51,0";"54,0";"49,0";"21,0";"22,6";"21,0";"";"";"";"1,8";"224,0";"4,7";"2298,70";"0,0"
"05/10/2024";"1700";"35,1";"35,1";"32,5";"45,0";"55,0";"45,0";"21,5";"22,4";"20,7";"";"";"";"0,8";"303,0";"4,1";"1555,80";"0,0"
"05/10/2024";"1800";"34,5";"35,6";"33,8";"44,0";"47,0";"43,0";"20,4";"21,9";"20,4";"";"";"";"1,6";"252,0";"4,1";"2566,40";"0,0"
"05/10/2024";"1900";"33,1";"34,4";"32,3";"51,0";"56,0";"44,0";"21,7";"22,5";"20,3";"";"";"";"2,5";"207,0";"4,8";"1423,90";"0,0"
"05/10/2024";"2000";"33,4";"34,3";"33,1";"47,0";"52,0";"45,0";"20,7";"22,3";"20,5";"";"";"";"2,3";"197,0";"4,8";"1447,50";"0,0"
"05/10/2024";"2100";"31,8";"33,5";"31,4";"52,0";"60,0";"47,0";"20,7";"22,9";"20,6";"";"";"";"0,5";"223,0";"4,7";"756,70";"0,0"
"05/10/2024";"2200";"29,8";"31,8";"29,8";"59,0";"59,0";"52,0";"20,9";"21,6";"20,7";"";"";"";"0,3";"284,0";"3,3";"123,20";"0,0"
"05/10/2024";"2300";"28,9";"29,8";"28,8";"66,0";"67,0";"59,0";"21,9";"22,1";"20,9";"";"";"";"0,2";"243,0";"1,1";"";"0,0"
"06/10/2024";"0000";"27,7";"28,9";"27,7";"70,0";"71,0";"65,0";"21,8";"22,6";"21,7";"";"";"";"0,8";"323,0";"5,0";"";"0,0"
"06/10/2024";"0100";"";"";"";"";"";"";"";"";"";"";"";"";"";"";"";"";""
"06/10/2024";"0200";"25,8";"26,7";"25,7";"82,0";"82,0";"74,0";"22,4";"22,4";"21,7";"";"";"";"1,9";"210,0";"2,9";"";"0,0"
"06/10/2024";"0300";"25,7";"25,8";"25,5";"82,0";"83,0";"82,0";"22,4";"22,5";"22,4";"";"";"";"0,4";"227,0";"2,9";"";"0,0"
"06/10/2024";"0400";"25,4";"25,7";"25,2";"85,0";"85,0";"82,0";"22,6";"22,7";"22,4";"";"";"";"0,0";"198,0";"1,5";"";"0,0"
"06/10/2024";"0500";"24,8";"25,4";"24,7";"88,0";"88,0";"85,0";"22,7";"22,7";"22,4";"";"";"";"1,0";"215,0";"2,2";"";"0,0"
"06/10/2024";"0600";"24,9";"25,0";"24,7";"87,0";"89,0";"87,0";"22,5";"22,8";"22,4";"";"";"";"0,3";"200,0";"2,0";"";"0,0"
"06/10/2024";"0700";"23,8";"24,9";"23,8";"90,0";"91,0";"86,0";"22,1";"22,6";"21,9";"";"";"";"0,3";"281,0";"5,2";"";"0,0"
"06/10/2024";"0800";"23,7";"24,1";"23,7";"91,0";"91,0";"87,0";"22,0";"22,2";"21,7";"";"";"";"0,2";"247,0";"1,4";"";"0,0"
"06/10/2024";"0900";"23,7";"23,7";"23,4";"92,0";"93,0";"91,0";"22,2";"22,3";"22,0";"";"";"";"0,6";"275,0";"1,3";"";"0,0"
"06/10/2024";"1000";"23,6";"23,8";"23,6";"93,0";"93,0";"91,0";"22,4";"22,4";"22,2";"";"";"";"0,1";"224,0";"1,3";"14,40";"0,0"
"06/10/2024";"1100";"24,6";"24,7";"23,6";"89,0";"93,0";"89,0";"22,7";"22,9";"22,4";"";"";"";"0,6";"221,0";"1,9";"333,10";"0,0"
"06/10/2024";"1200";"28,5";"28,5";"24,6";"71,0";"89,0";"71,0";"22,8";"23,3";"22,4";"";"";"";"0,6";"321,0";"2,1";"881,50";"0,0"
"06/10/2024";"1300";"30,5";"30,6";"28,0";"60,0";"72,0";"59,0";"21,9";"23,1";"21,5";"";"";"";"2,3";"316,0";"5,0";"1913,40";"0,0"
"06/10/2024";"1400";"32,0";"33,3";"30,5";"54,0";"61,0";"53,0";"21,6";"22,9";"21,5";"";"";"";"2,8";"314,0";"5,8";"2714,80";"0,0"
"06/10/2024";"1500";"32,5";"33,2";"31,7";"54,0";"56,0";"52,0";"22,1";"22,9";"21,4";"";"";"";"3,1";"299,0";"6,5";"2919,00";"0,0"
"06/10/2024";"1600";"34,1";"34,5";"31,8";"48,0";"55,0";"47,0";"21,7";"22,5";"21,2";"";"";"";"1,9";"317,0";"6,2";"2467,30";"0,0"
"06/10/2024";"1700";"34,5";"35,6";"33,2";"48,0";"51,0";"45,0";"21,9";"22,3";"21,2";"";"";"";"0,0";"263,0";"5,0";"2669,00";"0,0"
"06/10/2024";"1800";"35,2";"35,6";"33,7";"45,0";"49,0";"44,0";"21,3";"22,2";"21,0";"";"";"";"0,2";"280,0";"2,6";"2799,60";"0,0"
"06/10/2024";"1900";"23,7";"35,8";"22,0";"92,0";"96,0";"43,0";"22,4";"22,6";"18,5";"";"";"";"4,7";"316,0";"11,9";"712,20";"0,0"
"06/10/2024";"2000";"24,0";"24,1";"23,4";"90,0";"92,0";"85,0";"22,3";"22,5";"21,3";"";"";"";"0,3";"325,0";"8,3";"240,10";"0,0"
"06/10/2024";"2100";"24,2";"24,5";"23,9";"90,0";"91,0";"84,0";"22,5";"22,5";"21,6";"";"";"";"0,2";"202,0";"2,6";"242,90";"0,0"
"06/10/2024";"2200";"24,3";"24,4";"24,0";"91,0";"91,0";"87,0";"22,7";"22,7";"22,0";"";"";"";"0,3";"229,0";"2,5";"82,50";"0,0"
"06/10/2024";"2300";"23,6";"24,3";"23,5";"89,0";"93,0";"89,0";"21,8";"22,6";"21,8";"";"";"";"0,2";"220,0";"2,0";"";"0,0"
"07/10/2024";"0000";"23,6";"23,6";"23,3";"92,0";"94,0";"89,0";"22,2";"22,4";"21,8";"";"";"";"1,2";"306,0";"5,3";"";"0,0"
"07/10/2024";"0100";"23,6";"24,2";"23,6";"92,0";"92,0";"88,0";"22,2";"22,3";"21,9";"";"";"";"0,9";"248,0";"3,8";"";"0,0"
"07/10/2024";"0200";"23,3";"23,7";"23,3";"94,0";"94,0";"92,0";"22,2";"22,4";"22,2";"";"";"";"1,5";"200,0";"3,6";"";"0,0"
"07/10/2024";"0300";"23,4";"23,5";"23,0";"93,0";"96,0";"93,0";"22,2";"22,3";"22,2";"";"";"";"0,9";"197,0";"3,2";"";"0,0"
"07/10/2024";"0400";"23,0";"23,6";"23,0";"95,0";"95,0";"92,0";"22,1";"22,3";"22,1";"";"";"";"0,0";"231,0";"2,9";"";"0,0"
"07/10/2024";"0500";"22,8";"23,0";"22,8";"96,0";"96,0";"95,0";"22,1";"22,2";"22,0";"";"";"";"0,0";"289,0";"1,7";"";"0,0"
"07/10/2024";"0600";"22,4";"22,8";"22,3";"98,0";"98,0";"96,0";"22,1";"22,2";"21,9";"";"";"";"0,5";"226,0";"1,7";"";"0,0"
"07/10/2024";"0700";"22,3";"22,4";"22,2";"98,0";"98,0";"98,0";"22,0";"22,2";"21,9";"";"";"";"1,0";"210,0";"2,8";"";"0,0"
"07/10/2024";"0800";"22,5";"22,5";"22,3";"96,0";"98,0";"96,0";"21,9";"22,1";"21,8";"";"";"";"0,2";"289,0";"2,3";"";"0,0"
"07/10/2024";"0900";"22,5";"22,6";"22,4";"96,0";"97,0";"96,0";"21,9";"22,0";"21,8";"";"";"";"1,6";"295,0";"4,7";"";"0,0"
"07/10/2024";"1000";"22,6";"22,6";"22,5";"96,0";"96,0";"96,0";"22,0";"22,0";"21,9";"";"";"";"0,0";"291,0";"3,8";"6,30";"0,0"
"07/10/2024";"1100";"22,8";"22,8";"22,5";"96,0";"97,0";"96,0";"22,2";"22,3";"21,9";"";"";"";"1,4";"207,0";"2,8";"158,50";"0,0"
"07/10/2024";"1200";"24,1";"24,1";"22,8";"91,0";"96,0";"91,0";"22,6";"22,7";"22,2";"";"";"";"0,0";"319,0";"2,8";"616,00";"0,0"
"07/10/2024";"1300";"27,7";"27,8";"24,1";"78,0";"93,0";"78,0";"23,6";"24,3";"22,6";"";"";"";"0,4";"316,0";"3,1";"1932,60";"0,0"
"07/10/2024";"1400";"29,9";"30,1";"27,7";"68,0";"81,0";"65,0";"23,3";"24,2";"22,3";"";"";"";"0,6";"316,0";"2,9";"2776,50";"0,0"
"07/10/2024";"1500";"30,1";"30,9";"29,5";"67,0";"69,0";"61,0";"23,2";"24,1";"22,0";"";"";"";"2,4";"289,0";"5,7";"1892,40";"0,0"
"07/10/2024";"1600";"26,1";"31,5";"26,1";"76,0";"76,0";"57,0";"21,5";"23,3";"19,9";"";"";"";"2,7";"307,0";"7,3";"1162,50";"0,0"
"07/10/2024";"1700";"27,3";"27,3";"24,5";"75,0";"92,0";"75,0";"22,5";"23,8";"21,8";"";"";"";"0,4";"304,0";"6,4";"919,90";"0,0"
"07/10/2024";"1800";"29,0";"29,2";"27,3";"69,0";"79,0";"61,0";"22,7";"24,2";"20,8";"";"";"";"0,6";"266,0";"2,9";"1332,30";"0,0"
"07/10/2024";"1900";"27,4";"29,4";"27,1";"79,0";"82,0";"68,0";"23,5";"24,0";"22,7";"";"";"";"2,3";"226,0";"5,1";"1262,60";"0,2"
"07/10/2024";"2000";"26,8";"27,9";"26,8";"82,0";"84,0";"74,0";"23,5";"24,0";"22,9";"";"";"";"2,2";"254,0";"4,0";"888,50";"0,0"
"07/10/2024";"2100";"25,4";"26,8";"25,4";"87,0";"87,0";"82,0";"23,1";"23,6";"23,0";"";"";"";"1,9";"254,0";"4,5";"369,90";"0,0"
"07/10/2024";"2200";"24,2";"25,4";"24,2";"90,0";"90,0";"86,0";"22,5";"23,0";"22,5";"";"";"";"0,5";"200,0";"3,8";"91,80";"0,0"
"07/10/2024";"2300";"23,7";"24,2";"23,7";"93,0";"93,0";"90,0";"22,4";"22,5";"22,4";"";"";"";"0,5";"249,0";"2,3";"";"0,0"
"08/10/2024";"0000";"23,4";"23,7";"23,3";"92,0";"94,0";"91,0";"22,1";"22,4";"22,0";"";"";"";"0,1";"279,0";"2,0";"";"0,0"
"08/10/2024";"0100";"22,8";"23,4";"22,7";"95,0";"96,0";"92,0";"22,0";"22,1";"22,0";"";"";"";"0,1";"205,0";"1,4";"";"0,0"
"08/10/2024";"0200";"22,4";"22,8";"22,4";"96,0";"96,0";"95,0";"21,8";"22,0";"21,7";"";"";"";"0,0";"236,0";"1,4";"";"0,0"
"08/10/2024";"0300";"22,2";"22,5";"22,2";"97,0";"97,0";"96,0";"21,7";"21,9";"21,6";"";"";"";"0,0";"298,0";"0,0";"";"0,0"
"08/10/2024";"0400";"22,1";"22,2";"22,0";"98,0";"98,0";"97,0";"21,7";"21,8";"21,6";"";"";"";"0,0";"277,0";"1,1";"";"0,0"
"08/10/2024";"0500";"21,7";"22,1";"21,7";"99,0";"99,0";"98,0";"21,5";"21,8";"21,4";"";"";"";"0,0";"215,0";"1,1";"";"0,0"
"08/10/2024";"0600";"21,5";"21,7";"21,3";"100,0";"100,0";"99,0";"21,5";"21,6";"21,2";"";"";"";"0,0";"233,0";"1,1";"";"0,0"
"08/10/2024";"0700";"21,1";"21,7";"21,1";"100,0";"100,0";"100,0";"21,1";"21,7";"21,1";"";"";"";"0,5";"214,0";"1,3";"";"0,0"
"08/10/2024";"0800";"21,3";"21,3";"21,1";"100,0";"100,0";"100,0";"21,3";"21,3";"21,1";"";"";"";"0,0";"285,0";"1,6";"";"0,0"
"08/10/2024";"0900";"21,1";"21,3";"21,0";"100,0";"100,0";"100,0";"21,1";"21,3";"21,1";"";"";"";"1,0";"220,0";"1,8";"";"0,0"
"08/10/2024";"1000";"21,2";"21,2";"21,0";"100,0";"100,0";"100,0";"21,2";"21,2";"21,0";"";"";"";"0,4";"212,0";"1,9";"18,70";"0,0"
"08/10/2024";"1100";"22,7";"22,8";"21,2";"99,0";"100,0";"99,0";"22,6";"22,8";"21,2";"";"";"";"0,2";"201,0";"1,4";"516,30";"0,0"
"08/10/2024";"1200";"26,5";"26,6";"22,7";"82,0";"99,0";"82,0";"23,2";"23,6";"22,5";"";"";"";"1,4";"249,0";"3,1";"1425,20";"0,0"
"08/10/2024";"1300";"29,7";"29,8";"26,4";"66,0";"82,0";"64,0";"22,6";"24,1";"21,9";"";"";"";"1,2";"304,0";"4,6";"2153,40";"0,0"
"08/10/2024";"1400";"31,1";"31,7";"29,4";"56,0";"68,0";"52,0";"21,3";"23,3";"20,4";"";"";"";"2,3";"261,0";"4,6";"2847,90";"0,0"
"08/10/2024";"1500";"32,4";"33,3";"31,1";"49,0";"57,0";"48,0";"20,3";"22,0";"20,1";"";"";"";"1,6";"279,0";"5,1";"3235,30";"0,0"
"08/10/2024";"1600";"34,6";"34,7";"32,3";"45,0";"53,0";"44,0";"21,0";"22,1";"19,7";"";"";"";"1,9";"299,0";"6,1";"3382,20";"0,0"
"08/10/2024";"1700";"34,1";"35,5";"33,9";"42,0";"49,0";"40,0";"19,2";"22,0";"19,1";"";"";"";"1,6";"296,0";"5,3";"3160,80";"0,0"
"08/10/2024";"1800";"34,9";"36,3";"33,9";"43,0";"45,0";"37,0";"20,3";"21,2";"18,7";"";"";"";"1,8";"295,0";"5,3";"2860,20";"0,0"
"08/10/2024";"1900";"35,4";"36,1";"34,4";"39,0";"43,0";"37,0";"19,3";"20,5";"18,6";"";"";"";"0,9";"305,0";"4,3";"2218,60";"0,0"
"08/10/2024";"2000";"32,9";"35,4";"32,9";"50,0";"50,0";"39,0";"21,1";"21,1";"18,4";"";"";"";"1,9";"212,0";"3,9";"842,10";"0,0"
"08/10/2024";"2100";"29,2";"32,9";"28,7";"65,0";"69,0";"49,0";"22,1";"22,6";"19,8";"";"";"";"0,5";"234,0";"5,7";"278,30";"0,0"
"08/10/2024";"2200";"28,9";"29,5";"28,0";"63,0";"71,0";"62,0";"21,1";"22,7";"21,0";"";"";"";"0,7";"300,0";"3,8";"56,80";"0,0"
"08/10/2024";"2300";"27,5";"28,9";"27,5";"71,0";"72,0";"63,0";"21,7";"22,3";"21,0";"";"";"";"1,3";"272,0";"3,3";"";"0,0"
"09/10/2024";"0000";"27,0";"27,5";"26,9";"70,0";"75,0";"68,0";"21,1";"22,2";"20,9";"";"";"";"0,0";"307,0";"2,7";"";"0,0"
"09/10/2024";"0100";"26,0";"27,1";"26,0";"78,0";"81,0";"70,0";"21,8";"22,5";"21,1";"";"";"";"0,0";"296,0";"2,0";"";"0,0"
"09/10/2024";"0200";"";"";"";"";"";"";"";"";"";"";"";"";"";"";"";"";""
"09/10/2024";"0300";"24,4";"25,1";"24,2";"92,0";"93,0";"87,0";"23,0";"23,0";"22,8";"";"";"";"0,0";"235,0";"1,6";"";"0,0"
"09/10/2024";"0400";"23,9";"24,5";"23,9";"93,0";"93,0";"90,0";"22,7";"23,0";"22,5";"";"";"";"0,7";"206,0";"1,8";"";"0,0"
"09/10/2024";"0500";"23,9";"23,9";"23,7";"90,0";"93,0";"90,0";"22,2";"22,7";"22,2";"";"";"";"0,5";"258,0";"1,8";"";"0,0"
"09/10/2024";"0600";"23,2";"24,0";"23,2";"94,0";"94,0";"90,0";"22,2";"22,3";"22,0";"";"";"";"0,0";"198,0";"1,8";"";"0,0"
"09/10/2024";"0700";"22,9";"23,3";"22,9";"94,0";"94,0";"93,0";"21,9";"22,3";"21,9";"";"";"";"0,0";"206,0";"1,0";"";"0,0"
"09/10/2024";"0800";"22,6";"22,9";"22,6";"95,0";"95,0";"94,0";"21,9";"22,0";"21,7";"";"";"";"0,0";"212,0";"0,0";"";"0,0"
"09/10/2024";"0900";"22,3";"22,7";"22,3";"97,0";"97,0";"95,0";"21,8";"22,1";"21,8";"";"";"";"0,7";"216,0";"1,5";"";"0,0"
"09/10/2024";"1000";"22,4";"22,4";"21,9";"97,0";"98,0";"97,0";"21,8";"21,8";"21,6";"";"";"";"0,3";"220,0";"2,6";"16,60";"0,0"
"09/10/2024";"1100";"24,9";"24,9";"22,4";"85,0";"97,0";"85,0";"22,1";"22,7";"21,8";"";"";"";"0,0";"238,0";"1,8";"389,80";"0,0"
"09/10/2024";"1200";"27,4";"27,4";"24,9";"75,0";"85,0";"75,0";"22,6";"23,0";"21,4";"";"";"";"1,1";"251,0";"2,2";"1182,10";"0,0"
"09/10/2024";"1300";"31,6";"32,0";"27,4";"56,0";"75,0";"56,0";"21,7";"23,6";"21,7";"";"";"";"1,1";"322,0";"3,5";"2003,60";"0,0"
"09/10/2024";"1400";"33,4";"33,8";"31,4";"49,0";"58,0";"49,0";"21,3";"22,9";"21,1";"";"";"";"1,6";"311,0";"5,7";"2796,40";"0,0"
"09/10/2024";"1500";"34,2";"34,4";"32,9";"47,0";"52,0";"45,0";"21,1";"22,1";"20,4";"";"";"";"2,1";"309,0";"6,6";"3314,80";"0,0"
"09/10/2024";"1600";"34,6";"35,5";"34,1";"44,0";"48,0";"39,0";"20,5";"21,5";"18,9";"";"";"";"1,7";"307,0";"7,2";"3362,90";"0,0"
"09/10/2024";"1700";"35,9";"36,5";"33,9";"39,0";"46,0";"36,0";"20,0";"21,3";"18,6";"";"";"";"2,1";"312,0";"6,8";"3092,10";"0,0"
"09/10/2024";"1800";"35,4";"37,0";"34,4";"40,0";"41,0";"34,0";"19,5";"20,4";"17,8";"";"";"";"2,2";"317,0";"6,3";"2860,90";"0,0"
"09/10/2024";"1900";"36,3";"36,9";"35,4";"38,0";"40,0";"34,0";"19,5";"20,2";"17,9";"";"";"";"0,9";"318,0";"5,8";"2348,00";"0,0"
"09/10/2024";"2000";"35,1";"36,5";"34,8";"40,0";"41,0";"33,0";"19,4";"19,7";"17,3";"";"";"";"0,8";"319,0";"5,0";"1571,70";"0,0"
"09/10/2024";"2100";"32,4";"35,1";"32,4";"49,0";"49,0";"39,0";"20,3";"20,4";"18,8";"";"";"";"1,2";"296,0";"7,4";"385,10";"0,0"
"09/10/2024";"2200";"30,9";"32,4";"30,9";"55,0";"55,0";"49,0";"20,9";"20,9";"20,2";"";"";"";"0,7";"283,0";"3,4";"81,20";"0,0"
"09/10/2024";"2300";"30,0";"30,9";"29,8";"59,0";"60,0";"55,0";"21,1";"21,3";"20,8";"";"";"";"0,1";"316,0";"1,9";"";"0,0"
"10/10/2024";"0000";"28,9";"30,0";"28,7";"65,0";"65,0";"59,0";"21,7";"21,7";"21,1";"";"";"";"0,3";"312,0";"1,5";"";"0,0"
"10/10/2024";"0100";"27,6";"28,9";"27,5";"72,0";"73,0";"65,0";"22,1";"22,2";"21,3";"";"";"";"0,0";"311,0";"1,4";"";"0,0"
"10/10/2024";"0200";"26,6";"27,6";"26,6";"76,0";"76,0";"72,0";"22,1";"22,2";"21,8";"";"";"";"0,0";"201,0";"0,0";"";"0,0"
"10/10/2024";"0300";"26,3";"26,6";"26,0";"76,0";"78,0";"76,0";"21,7";"22,1";"21,7";"";"";"";"0,0";"251,0";"1,1";"";"0,0"
"10/10/2024";"0400";"25,0";"26,4";"25,0";"86,0";"86,0";"76,0";"22,4";"22,6";"21,7";"";"";"";"0,0";"222,0";"0,0";"";"0,0"
"10/10/2024";"0500";"24,2";"25,2";"24,2";"91,0";"91,0";"86,0";"22,6";"22,8";"22,4";"";"";"";"0,2";"186,0";"1,0";"";"0,0"
"10/10/2024";"0600";"24,0";"24,4";"23,8";"92,0";"93,0";"91,0";"22,6";"22,7";"22,4";"";"";"";"0,0";"216,0";"1,1";"";"0,0"
"10/10/2024";"0700";"23,6";"24,0";"23,5";"93,0";"94,0";"92,0";"22,5";"22,6";"22,3";"";"";"";"0,0";"212,0";"0,8";"";"0,0"
"10/10/2024";"0800";"23,2";"23,6";"23,2";"95,0";"95,0";"93,0";"22,3";"22,5";"22,3";"";"";"";"0,0";"253,0";"0,0";"";"0,0"
"10/10/2024";"0900";"23,0";"23,3";"23,0";"96,0";"96,0";"95,0";"22,3";"22,5";"22,2";"";"";"";"0,0";"312,0";"0,0";"";"0,0"
"10/10/2024";"1000";"22,9";"23,2";"22,5";"97,0";"97,0";"96,0";"22,4";"22,6";"22,0";"";"";"";"0,0";"265,0";"0,0";"16,20";"0,0"
"10/10/2024";"1100";"25,1";"25,7";"22,9";"88,0";"97,0";"88,0";"23,1";"23,9";"22,4";"";"";"";"0,0";"246,0";"0,0";"381,30";"0,0"
"10/10/2024";"1200";"29,2";"29,3";"25,0";"68,0";"89,0";"67,0";"22,7";"23,9";"22,2";"";"";"";"0,1";"307,0";"1,5";"1125,50";"0,0"
"10/10/2024";"1300";"31,1";"31,3";"29,2";"60,0";"69,0";"59,0";"22,5";"23,6";"22,0";"";"";"";"0,3";"325,0";"3,0";"1552,10";"0,0"
"10/10/2024";"1400";"30,9";"34,2";"30,1";"62,0";"64,0";"46,0";"22,7";"23,5";"20,5";"";"";"";"2,2";"255,0";"5,9";"1979,50";"0,0"
"10/10/2024";"1500";"32,3";"32,6";"30,9";"55,0";"62,0";"55,0";"22,3";"23,4";"22,1";"";"";"";"1,6";"308,0";"4,8";"2389,30";"0,0"
"10/10/2024";"1600";"34,3";"34,4";"32,0";"44,0";"57,0";"44,0";"20,2";"22,8";"19,6";"";"";"";"2,4";"305,0";"6,2";"2693,60";"0,0"
"10/10/2024";"1700";"33,1";"35,3";"33,0";"47,0";"49,0";"42,0";"20,3";"21,3";"19,2";"";"";"";"0,5";"317,0";"5,6";"1479,60";"0,0"
"10/10/2024";"1800";"30,6";"33,2";"30,4";"58,0";"60,0";"45,0";"21,6";"22,0";"19,3";"";"";"";"2,2";"220,0";"6,0";"841,60";"0,0"
"10/10/2024";"1900";"31,5";"31,8";"30,6";"55,0";"60,0";"53,0";"21,4";"22,2";"21,1";"";"";"";"1,1";"192,0";"3,6";"871,10";"0,0"
"10/10/2024";"2000";"29,8";"31,5";"29,8";"66,0";"66,0";"55,0";"22,7";"22,9";"21,5";"";"";"";"1,1";"194,0";"2,3";"451,00";"0,0"
"10/10/2024";"2100";"29,0";"29,8";"29,0";"68,0";"68,0";"65,0";"22,5";"22,8";"22,0";"";"";"";"1,0";"191,0";"2,9";"398,10";"0,0"
"10/10/2024";"2200";"27,7";"29,0";"27,7";"74,0";"74,0";"68,0";"22,6";"22,7";"22,4";"";"";"";"0,6";"197,0";"2,2";"100,00";"0,0"
"10/10/2024";"2300";"27,1";"27,7";"27,1";"76,0";"76,0";"74,0";"22,6";"22,8";"22,5";"";"";"";"1,0";"210,0";"1,6";"";"0,0"
"11/10/2024";"0000";"25,7";"27,1";"25,7";"83,0";"83,0";"76,0";"22,6";"22,6";"22,4";"";"";"";"0,3";"194,0";"1,6";"";"0,0"
"11/10/2024";"0100";"25,2";"25,9";"25,2";"85,0";"85,0";"83,0";"22,4";"22,8";"22,3";"";"";"";"0,3";"214,0";"1,7";"";"0,0"
"11/10/2024";"0200";"24,5";"25,2";"24,5";"89,0";"89,0";"85,0";"22,5";"22,6";"22,3";"";"";"";"0,0";"231,0";"1,1";"";"0,0"
"11/10/2024";"0300";"24,0";"24,6";"24,0";"92,0";"92,0";"88,0";"22,6";"22,7";"22,2";"";"";"";"0,0";"223,0";"0,7";"";"0,0"
"11/10/2024";"0400";"23,7";"24,1";"23,7";"92,0";"93,0";"90,0";"22,4";"22,7";"22,2";"";"";"";"0,0";"201,0";"0,6";"";"0,0"
"11/10/2024";"0500";"23,4";"23,7";"22,9";"94,0";"96,0";"92,0";"22,5";"22,6";"22,2";"";"";"";"0,2";"237,0";"1,2";"";"0,0"
"11/10/2024";"0600";"22,8";"23,7";"22,8";"95,0";"95,0";"91,0";"22,0";"22,4";"21,9";"";"";"";"0,0";"226,0";"1,2";"";"0,0"
"11/10/2024";"0700";"22,2";"23,0";"22,1";"98,0";"98,0";"95,0";"21,9";"22,2";"21,6";"";"";"";"0,1";"200,0";"1,9";"";"0,0"
"11/10/2024";"0800";"22,2";"22,3";"22,1";"97,0";"98,0";"97,0";"21,7";"21,9";"21,7";"";"";"";"0,3";"220,0";"1,0";"";"0,0"
"11/10/2024";"0900";"22,2";"22,4";"22,0";"96,0";"97,0";"96,0";"21,5";"21,7";"21,5";"";"";"";"0,7";"285,0";"2,1";"";"0,0"
"11/10/2024";"1000";"22,0";"22,2";"21,4";"99,0";"99,0";"96,0";"21,8";"21,8";"21,2";"";"";"";"0,0";"329,0";"5,0";"23,00";"0,0"
"11/10/2024";"1100";"24,3";"24,3";"22,0";"92,0";"99,0";"92,0";"22,9";"22,9";"21,9";"";"";"";"0,0";"253,0";"0,9";"396,50";"0,0"
"11/10/2024";"1200";"27,0";"27,1";"24,3";"80,0";"92,0";"80,0";"23,3";"24,2";"22,7";"";"";"";"0,2";"280,0";"1,7";"1135,10";"0,0"
"11/10/2024";"1300";"29,7";"29,8";"26,8";"70,0";"81,0";"70,0";"23,6";"24,2";"23,1";"";"";"";"0,5";"265,0";"2,3";"2040,00";"0,0"
"11/10/2024";"1400";"32,1";"32,4";"29,7";"58,0";"71,0";"55,0";"22,8";"23,9";"22,0";"";"";"";"1,4";"294,0";"3,2";"2820,40";"0,0"
"11/10/2024";"1500";"34,4";"34,9";"31,7";"48,0";"59,0";"45,0";"21,9";"23,0";"20,9";"";"";"";"1,6";"319,0";"4,6";"3293,30";"0,0"
"11/10/2024";"1600";"34,0";"35,1";"33,4";"46,0";"50,0";"44,0";"20,9";"22,2";"20,4";"";"";"";"2,1";"298,0";"7,3";"2618,80";"0,0"
"11/10/2024";"1700";"35,5";"35,7";"33,5";"39,0";"48,0";"38,0";"19,3";"21,7";"19,1";"";"";"";"2,3";"320,0";"5,4";"2248,50";"0,0"
"11/10/2024";"1800";"35,3";"36,7";"34,6";"38,0";"42,0";"36,0";"18,8";"20,9";"18,3";"";"";"";"2,3";"307,0";"5,7";"2433,30";"0,0"
"11/10/2024";"1900";"35,6";"36,1";"34,4";"38,0";"43,0";"37,0";"19,0";"20,6";"18,4";"";"";"";"1,8";"302,0";"5,9";"1791,60";"0,0"
"11/10/2024";"2000";"34,5";"35,6";"34,5";"43,0";"44,0";"37,0";"20,3";"20,5";"18,9";"";"";"";"2,1";"283,0";"5,9";"1443,80";"0,0"
"11/10/2024";"2100";"33,3";"34,7";"33,3";"48,0";"48,0";"41,0";"20,7";"21,0";"19,7";"";"";"";"1,2";"276,0";"4,8";"590,60";"0,0"
"11/10/2024";"2200";"31,5";"33,3";"31,5";"54,0";"54,0";"47,0";"20,9";"21,3";"20,4";"";"";"";"0,3";"274,0";"2,8";"93,40";"0,0"
"11/10/2024";"2300";"29,6";"31,5";"29,6";"62,0";"62,0";"53,0";"21,5";"21,5";"20,7";"";"";"";"0,1";"212,0";"1,6";"";"0,0"
"12/10/2024";"0000";"28,9";"29,9";"28,9";"64,0";"66,0";"61,0";"21,6";"22,1";"21,4";"";"";"";"0,2";"186,0";"1,4";"";"0,0"
"12/10/2024";"0100";"28,2";"28,9";"28,1";"68,0";"69,0";"64,0";"21,8";"22,0";"21,2";"";"";"";"0,2";"230,0";"1,9";"";"0,0"
"12/10/2024";"0200";"27,9";"28,6";"27,6";"64,0";"73,0";"64,0";"20,5";"22,4";"20,5";"";"";"";"3,2";"275,0";"6,7";"";"0,0"
"12/10/2024";"0300";"27,3";"28,1";"27,3";"70,0";"73,0";"63,0";"21,4";"22,1";"20,3";"";"";"";"1,1";"217,0";"7,0";"";"0,0"
"12/10/2024";"0400";"26,3";"27,5";"26,3";"75,0";"75,0";"68,0";"21,4";"21,7";"21,1";"";"";"";"1,2";"275,0";"2,8";"";"0,0"
"12/10/2024";"0500";"25,2";"26,3";"25,0";"81,0";"81,0";"75,0";"21,7";"21,8";"21,3";"";"";"";"0,0";"288,0";"2,1";"";"0,0"
"12/10/2024";"0600";"23,8";"25,2";"23,8";"90,0";"90,0";"81,0";"22,1";"22,1";"21,7";"";"";"";"0,3";"183,0";"1,4";"";"0,0"
"12/10/2024";"0700";"23,8";"24,2";"23,6";"85,0";"90,0";"84,0";"21,2";"22,0";"21,2";"";"";"";"0,0";"236,0";"1,5";"";"0,0"
"12/10/2024";"0800";"23,1";"24,0";"23,1";"93,0";"93,0";"85,0";"21,9";"21,9";"21,2";"";"";"";"0,0";"194,0";"0,0";"";"0,0"
"12/10/2024";"0900";"22,9";"23,6";"22,9";"94,0";"94,0";"90,0";"21,8";"22,0";"21,6";"";"";"";"0,0";"193,0";"0,3";"";"0,0"
"12/10/2024";"1000";"23,4";"23,5";"22,9";"92,0";"94,0";"92,0";"22,1";"22,2";"21,8";"";"";"";"0,1";"322,0";"1,1";"18,30";"0,0"
"12/10/2024";"1100";"24,5";"24,5";"23,4";"87,0";"92,0";"87,0";"22,2";"22,4";"22,0";"";"";"";"0,0";"292,0";"1,1";"259,20";"0,0"
"12/10/2024";"1200";"28,8";"28,8";"24,5";"72,0";"87,0";"72,0";"23,1";"23,1";"22,0";"";"";"";"0,2";"311,0";"1,5";"1011,00";"0,0"
"12/10/2024";"1300";"30,4";"30,7";"28,7";"62,0";"72,0";"60,0";"22,3";"23,1";"21,4";"";"";"";"0,5";"291,0";"2,0";"1765,00";"0,0"
"12/10/2024";"1400";"32,6";"32,6";"30,2";"54,0";"63,0";"54,0";"22,1";"23,0";"21,9";"";"";"";"0,6";"247,0";"3,2";"2608,90";"0,0"
"12/10/2024";"1500";"32,3";"33,8";"31,9";"55,0";"56,0";"49,0";"22,3";"22,5";"20,9";"";"";"";"1,5";"220,0";"3,3";"1873,00";"0,0"
"12/10/2024";"1600";"34,5";"35,0";"32,3";"42,0";"57,0";"42,0";"19,6";"23,0";"19,6";"";"";"";"1,7";"249,0";"5,4";"3171,70";"0,0"
"12/10/2024";"1700";"34,9";"35,8";"34,2";"42,0";"44,0";"39,0";"20,1";"20,8";"19,4";"";"";"";"2,3";"273,0";"6,2";"3375,50";"0,0"
"12/10/2024";"1800";"35,4";"35,7";"34,0";"44,0";"46,0";"40,0";"21,4";"21,5";"19,6";"";"";"";"1,8";"302,0";"6,0";"2220,40";"0,0"
"12/10/2024";"1900";"35,2";"35,8";"34,5";"42,0";"45,0";"40,0";"20,3";"21,3";"19,5";"";"";"";"2,5";"258,0";"5,9";"2209,00";"0,0"
"12/10/2024";"2000";"34,5";"35,4";"34,4";"43,0";"44,0";"40,0";"20,2";"20,5";"19,3";"";"";"";"3,0";"252,0";"5,7";"1625,50";"0,0"
"12/10/2024";"2100";"33,6";"34,9";"33,6";"43,0";"46,0";"43,0";"19,4";"21,0";"19,4";"";"";"";"3,2";"255,0";"5,7";"803,90";"0,0"
"12/10/2024";"2200";"27,2";"33,6";"27,2";"65,0";"65,0";"43,0";"20,0";"20,1";"19,3";"";"";"";"1,4";"260,0";"11,6";"46,50";"0,0"
"12/10/2024";"2300";"25,7";"27,2";"25,7";"76,0";"76,0";"65,0";"21,1";"21,3";"20,0";"";"";"";"0,0";"213,0";"4,0";"";"0,0"
"13/10/2024";"0000";"25,1";"26,1";"25,1";"81,0";"81,0";"75,0";"21,6";"21,6";"21,2";"";"";"";"1,2";"196,0";"3,1";"";"0,0"
"13/10/2024";"0100";"24,8";"25,4";"24,6";"85,0";"85,0";"80,0";"22,0";"22,1";"21,6";"";"";"";"0,1";"195,0";"2,9";"";"0,0"
"13/10/2024";"0200";"23,9";"24,8";"23,8";"88,0";"88,0";"83,0";"21,7";"22,1";"21,3";"";"";"";"0,1";"196,0";"2,3";"";"0,0"
"13/10/2024";"0300";"";"";"";"";"";"";"";"";"";"";"";"";"";"";"";"";""
"13/10/2024";"0400";"23,2";"23,6";"23,1";"92,0";"92,0";"89,0";"21,9";"21,9";"21,6";"";"";"";"0,6";"272,0";"1,6";"";"0,0"
"13/10/2024";"0500";"23,1";"23,3";"23,0";"91,0";"93,0";"91,0";"21,6";"22,0";"21,6";"";"";"";"0,1";"310,0";"1,4";"";"0,0"
"13/10/2024";"0600";"22,6";"23,1";"22,3";"95,0";"96,0";"91,0";"21,8";"21,8";"21,4";"";"";"";"0,0";"258,0";"2,6";"";"0,0"
"13/10/2024";"0700";"22,0";"22,6";"21,8";"98,0";"98,0";"95,0";"21,6";"21,8";"21,3";"";"";"";"0,4";"190,0";"1,8";"";"0,0"
"13/10/2024";"0800";"22,5";"22,5";"22,0";"96,0";"98,0";"96,0";"21,8";"22,0";"21,6";"";"";"";"0,0";"286,0";"1,1";"";"0,0"
"13/10/2024";"0900";"22,2";"22,6";"22,2";"96,0";"96,0";"96,0";"21,5";"21,9";"21,5";"";"";"";"0,0";"323,0";"1,5";"";"0,0"
"13/10/2024";"1000";"22,1";"22,2";"22,0";"97,0";"97,0";"96,0";"21,7";"21,7";"21,5";"";"";"";"0,0";"243,0";"0,9";"10,50";"0,0"
"13/10/2024";"1100";"23,6";"23,6";"22,1";"92,0";"97,0";"92,0";"22,2";"22,6";"21,7";"";"";"";"0,0";"275,0";"0,9";"231,10";"0,0"
"13/10/2024";"1200";"24,6";"24,8";"23,3";"88,0";"94,0";"88,0";"22,6";"23,0";"22,0";"";"";"";"0,6";"228,0";"1,7";"641,80";"0,0"
"13/10/2024";"1300";"27,0";"27,4";"24,5";"73,0";"88,0";"72,0";"21,8";"23,2";"21,6";"";"";"";"0,7";"225,0";"3,1";"1693,80";"0,0"
"13/10/2024";"1400";"28,2";"28,5";"26,9";"69,0";"74,0";"69,0";"21,9";"22,5";"21,4";"";"";"";"0,9";"210,0";"2,4";"1721,10";"0,0"
"13/10/2024";"1500";"29,1";"29,8";"27,9";"66,0";"71,0";"65,0";"22,1";"22,9";"21,8";"";"";"";"1,1";"251,0";"2,8";"1630,50";"0,0"
"13/10/2024";"1600";"31,7";"31,7";"29,1";"60,0";"67,0";"59,0";"22,9";"23,2";"22,1";"";"";"";"1,9";"297,0";"3,5";"2884,50";"0,0"
"13/10/2024";"1700";"31,6";"32,4";"31,3";"56,0";"60,0";"52,0";"21,6";"23,0";"20,8";"";"";"";"1,7";"294,0";"5,5";"1997,00";"0,0"
"13/10/2024";"1800";"31,6";"32,0";"31,3";"57,0";"59,0";"55,0";"21,9";"22,5";"21,4";"";"";"";"0,9";"308,0";"4,6";"1556,00";"0,0"
"13/10/2024";"1900";"33,2";"33,5";"31,6";"50,0";"57,0";"49,0";"21,5";"22,7";"20,5";"";"";"";"0,6";"287,0";"7,2";"1997,30";"0,0"
"13/10/2024";"2000";"32,8";"33,8";"32,6";"52,0";"53,0";"48,0";"21,6";"22,0";"20,8";"";"";"";"1,0";"315,0";"3,8";"1569,60";"0,0"
"13/10/2024";"2100";"31,0";"32,8";"31,0";"56,0";"57,0";"50,0";"21,3";"21,4";"20,5";"";"";"";"0,0";"314,0";"4,1";"424,10";"0,0"
"13/10/2024";"2200";"29,2";"31,0";"29,2";"63,0";"63,0";"55,0";"21,4";"21,5";"20,9";"";"";"";"0,2";"313,0";"2,0";"71,90";"0,0"
"13/10/2024";"2300";"28,4";"29,2";"28,3";"67,0";"67,0";"63,0";"21,6";"21,6";"21,3";"";"";"";"0,2";"288,0";"2,6";"";"0,0"
"14/10/2024";"0000";"27,5";"28,4";"27,5";"72,0";"72,0";"67,0";"22,1";"22,1";"21,6";"";"";"";"1,9";"238,0";"13,4";"";"0,0"
"14/10/2024";"0100";"22,7";"27,4";"22,7";"83,0";"83,0";"68,0";"19,7";"20,8";"19,1";"";"";"";"2,1";"228,0";"13,4";"0,30";"0,0"
"14/10/2024";"0200";"22,2";"22,9";"22,1";"89,0";"89,0";"82,0";"20,3";"20,3";"19,6";"";"";"";"1,1";"206,0";"3,8";"";"0,0"
"14/10/2024";"0300";"22,1";"22,2";"21,9";"90,0";"92,0";"89,0";"20,4";"20,7";"20,2";"";"";"";"1,6";"209,0";"3,1";"";"0,0"
"14/10/2024";"0400";"22,2";"22,3";"22,1";"91,0";"92,0";"90,0";"20,7";"20,7";"20,4";"";"";"";"1,5";"218,0";"3,0";"";"0,0"
"14/10/2024";"0500";"22,1";"22,3";"22,1";"90,0";"91,0";"89,0";"20,3";"20,6";"20,3";"";"";"";"0,7";"197,0";"2,9";"";"0,0"
"14/10/2024";"0600";"22,1";"22,3";"21,8";"91,0";"92,0";"88,0";"20,6";"20,6";"20,2";"";"";"";"0,0";"301,0";"2,5";"";"0,0"
"14/10/2024";"0700";"22,1";"22,3";"22,0";"91,0";"91,0";"89,0";"20,5";"20,6";"20,4";"";"";"";"0,6";"300,0";"2,0";"";"0,0"
"14/10/2024";"0800";"21,9";"22,1";"21,8";"91,0";"91,0";"89,0";"20,4";"20,5";"20,3";"";"";"";"0,0";"222,0";"2,0";"";"0,0"
"14/10/2024";"0900";"21,5";"21,9";"21,4";"93,0";"95,0";"91,0";"20,3";"20,5";"20,3";"";"";"";"0,0";"289,0";"1,4";"";"0,0"
"14/10/2024";"1000";"21,5";"21,6";"21,4";"95,0";"95,0";"93,0";"20,7";"20,7";"20,3";"";"";"";"0,0";"224,0";"0,0";"20,60";"0,0"
"14/10/2024";"1100";"23,1";"23,1";"21,5";"88,0";"95,0";"88,0";"21,1";"21,1";"20,7";"";"";"";"0,0";"287,0";"0,0";"280,10";"0,0"
"14/10/2024";"1200";"26,1";"26,1";"23,1";"74,0";"88,0";"73,0";"21,2";"21,7";"20,5";"";"";"";"0,2";"265,0";"1,2";"885,30";"0,0"
"14/10/2024";"1300";"29,6";"29,6";"26,2";"64,0";"76,0";"64,0";"22,0";"22,4";"21,0";"";"";"";"0,1";"258,0";"2,5";"1742,60";"0,0"
"14/10/2024";"1400";"30,4";"30,9";"29,3";"60,0";"66,0";"58,0";"21,9";"22,8";"21,0";"";"";"";"1,1";"274,0";"2,8";"2254,90";"0,0"
"14/10/2024";"1500";"31,6";"32,1";"30,4";"56,0";"61,0";"55,0";"21,7";"22,4";"21,4";"";"";"";"1,7";"228,0";"3,1";"2144,80";"0,0"
"14/10/2024";"1600";"32,4";"32,9";"31,3";"52,0";"57,0";"52,0";"21,3";"22,4";"20,6";"";"";"";"1,4";"210,0";"3,3";"2220,40";"0,0"
"14/10/2024";"1700";"32,6";"33,3";"32,1";"49,0";"55,0";"49,0";"20,5";"22,4";"20,4";"";"";"";"1,1";"284,0";"3,6";"2235,80";"0,0"
"14/10/2024";"1800";"33,1";"34,2";"32,4";"48,0";"51,0";"45,0";"20,6";"21,7";"19,9";"";"";"";"1,3";"259,0";"3,8";"2065,90";"0,0"
"14/10/2024";"1900";"33,6";"33,7";"32,7";"49,0";"51,0";"45,0";"21,3";"22,0";"19,5";"";"";"";"2,1";"207,0";"5,2";"1633,80";"0,0"
"14/10/2024";"2000";"34,2";"34,3";"33,4";"45,0";"49,0";"44,0";"20,7";"21,5";"19,9";"";"";"";"0,5";"220,0";"5,2";"1510,90";"0,0"
"14/10/2024";"2100";"28,7";"34,2";"28,6";"55,0";"56,0";"44,0";"18,7";"20,8";"18,6";"";"";"";"1,2";"306,0";"9,5";"551,50";"0,0"
"14/10/2024";"2200";"26,8";"28,7";"26,8";"59,0";"61,0";"55,0";"18,2";"18,9";"18,0";"";"";"";"1,5";"312,0";"5,7";"104,20";"0,0"
"14/10/2024";"2300";"26,3";"26,8";"26,2";"64,0";"64,0";"59,0";"18,9";"19,1";"18,1";"";"";"";"0,0";"321,0";"3,0";"";"0,0"
"15/10/2024";"0000";"26,4";"26,4";"25,8";"66,0";"67,0";"62,0";"19,4";"19,5";"18,5";"";"";"";"0,1";"316,0";"6,8";"";"0,0"
"15/10/2024";"0100";"25,6";"26,6";"25,4";"71,0";"72,0";"65,0";"20,0";"20,1";"19,3";"";"";"";"1,0";"286,0";"2,3";"";"0,0"
"15/10/2024";"0200";"25,6";"25,8";"25,2";"73,0";"74,0";"71,0";"20,5";"20,5";"19,9";"";"";"";"2,2";"248,0";"3,8";"";"0,0"
"15/10/2024";"0300";"23,1";"25,6";"23,0";"85,0";"88,0";"73,0";"20,5";"21,1";"20,4";"";"";"";"1,7";"225,0";"6,1";"";"0,0"
"15/10/2024";"0400";"22,8";"23,1";"22,7";"84,0";"85,0";"83,0";"19,8";"20,5";"19,8";"";"";"";"1,1";"198,0";"3,7";"";"0,0"
"15/10/2024";"0500";"22,4";"22,8";"22,2";"86,0";"88,0";"83,0";"19,9";"20,2";"19,9";"";"";"";"0,3";"216,0";"3,3";"";"0,0"
"15/10/2024";"0600";"22,8";"22,8";"22,4";"85,0";"88,0";"85,0";"20,0";"20,4";"19,9";"";"";"";"1,1";"323,0";"3,7";"";"0,0"
"15/10/2024";"0700";"23,0";"23,0";"22,6";"85,0";"86,0";"84,0";"20,3";"20,4";"20,0";"";"";"";"0,3";"223,0";"3,7";"";"0,0"
"15/10/2024";"0800";"22,7";"23,0";"22,6";"88,0";"88,0";"85,0";"20,5";"20,5";"20,3";"";"";"";"0,6";"270,0";"3,0";"";"0,0"
"15/10/2024";"0900";"22,1";"22,7";"21,9";"92,0";"92,0";"88,0";"20,7";"20,7";"20,5";"";"";"";"1,4";"229,0";"4,1";"";"0,0"
"15/10/2024";"1000";"22,2";"22,2";"21,9";"93,0";"94,0";"90,0";"21,0";"21,0";"20,5";"";"";"";"0,0";"201,0";"3,0";"4,10";"0,0"
"15/10/2024";"1100";"22,6";"22,6";"21,7";"92,0";"95,0";"92,0";"21,2";"21,2";"20,8";"";"";"";"0,2";"206,0";"1,8";"193,40";"0,0"
"15/10/2024";"1200";"23,4";"23,6";"22,6";"90,0";"92,0";"89,0";"21,7";"21,9";"21,1";"";"";"";"1,2";"209,0";"3,6";"496,10";"0,0"
"15/10/2024";"1300";"24,2";"24,2";"23,4";"85,0";"90,0";"85,0";"21,5";"22,0";"21,5";"";"";"";"1,3";"261,0";"3,5";"530,10";"0,0"
"15/10/2024";"1400";"25,9";"25,9";"24,1";"77,0";"85,0";"77,0";"21,5";"22,1";"21,3";"";"";"";"2,0";"270,0";"4,5";"1047,70";"0,0"
"15/10/2024";"1500";"25,6";"26,6";"25,5";"78,0";"79,0";"72,0";"21,6";"21,8";"20,8";"";"";"";"1,5";"266,0";"6,9";"1005,40";"0,0"
"15/10/2024";"1600";"27,6";"27,8";"25,6";"73,0";"79,0";"72,0";"22,3";"23,0";"21,6";"";"";"";"1,2";"218,0";"3,0";"1368,50";"0,0"
"15/10/2024";"1700";"30,7";"31,1";"27,5";"62,0";"73,0";"60,0";"22,5";"23,0";"21,2";"";"";"";"1,2";"243,0";"3,9";"3037,60";"0,0"
"15/10/2024";"1800";"31,1";"31,5";"30,0";"58,0";"63,0";"58,0";"22,0";"22,9";"21,8";"";"";"";"1,4";"261,0";"5,3";"2463,60";"0,0"
"15/10/2024";"1900";"32,1";"32,5";"30,4";"53,0";"60,0";"53,0";"21,3";"22,4";"21,0";"";"";"";"2,3";"226,0";"4,2";"2352,00";"0,0"
"15/10/2024";"2000";"30,8";"32,5";"30,8";"59,0";"59,0";"52,0";"21,8";"21,9";"20,9";"";"";"";"1,5";"258,0";"4,2";"1395,60";"0,0"
"15/10/2024";"2100";"29,1";"30,9";"29,1";"70,0";"71,0";"58,0";"23,1";"23,3";"21,6";"";"";"";"2,5";"225,0";"4,6";"328,50";"0,0"
"15/10/2024";"2200";"27,2";"29,2";"27,2";"73,0";"73,0";"67,0";"21,9";"23,1";"21,7";"";"";"";"0,7";"192,0";"5,0";"135,30";"0,0"
"15/10/2024";"2300";"26,0";"27,2";"26,0";"79,0";"79,0";"73,0";"22,0";"22,0";"21,6";"";"";"";"0,7";"190,0";"2,4";"";"0,0"
"16/10/2024";"0000";"25,2";"26,0";"25,1";"85,0";"86,0";"79,0";"22,5";"22,6";"22,0";"";"";"";"0,3";"212,0";"2,1";"";"0,0"
"16/10/2024";"0100";"24,8";"25,2";"24,8";"89,0";"90,0";"85,0";"23,0";"23,0";"22,4";"";"";"";"0,0";"284,0";"2,1";"";"0,0"
"16/10/2024";"0200";"24,2";"25,0";"24,2";"92,0";"92,0";"89,0";"22,9";"23,1";"22,8";"";"";"";"0,0";"221,0";"1,4";"";"0,0"
"16/10/2024";"0300";"23,5";"24,2";"23,4";"96,0";"96,0";"92,0";"22,8";"23,0";"22,6";"";"";"";"1,1";"215,0";"2,6";"";"0,0"
"16/10/2024";"0400";"23,5";"23,9";"23,4";"97,0";"97,0";"95,0";"22,9";"23,1";"22,8";"";"";"";"1,5";"214,0";"2,9";"";"0,0"
"16/10/2024";"0500";"23,1";"23,5";"23,1";"97,0";"97,0";"96,0";"22,6";"22,9";"22,5";"";"";"";"0,0";"211,0";"2,6";"";"0,0"
"16/10/2024";"0600";"22,8";"23,2";"22,8";"98,0";"98,0";"97,0";"22,4";"22,7";"22,4";"";"";"";"0,2";"229,0";"2,1";"";"0,0"
"16/10/2024";"0700";"22,7";"22,8";"22,6";"98,0";"99,0";"98,0";"22,4";"22,6";"22,4";"";"";"";"0,0";"213,0";"1,6";"";"0,0"
"16/10/2024";"0800";"22,4";"22,7";"22,4";"99,0";"99,0";"98,0";"22,2";"22,3";"22,2";"";"";"";"0,1";"225,0";"1,3";"";"0,0"
"16/10/2024";"0900";"22,3";"22,5";"22,3";"99,0";"99,0";"99,0";"22,1";"22,3";"22,1";"";"";"";"0,0";"196,0";"1,0";"";"0,0"
"16/10/2024";"1000";"22,2";"22,3";"22,1";"100,0";"100,0";"99,0";"22,1";"22,2";"22,0";"";"";"";"0,2";"188,0";"1,6";"21,00";"0,0"
"16/10/2024";"1100";"23,4";"23,4";"22,2";"97,0";"100,0";"97,0";"23,0";"23,0";"22,1";"";"";"";"1,2";"196,0";"2,7";"419,70";"0,0"
"16/10/2024";"1200";"25,4";"25,4";"23,5";"84,0";"97,0";"84,0";"22,5";"23,1";"22,5";"";"";"";"1,8";"241,0";"3,8";"862,60";"0,0"
"16/10/2024";"1300";"27,0";"27,0";"25,4";"77,0";"84,0";"77,0";"22,6";"23,2";"22,2";"";"";"";"2,3";"228,0";"4,2";"1188,00";"0,0"
"16/10/2024";"1400";"30,4";"30,4";"27,0";"63,0";"77,0";"60,0";"22,5";"23,2";"21,4";"";"";"";"2,2";"234,0";"4,6";"2542,50";"0,0"
"16/10/2024";"1500";"31,5";"31,9";"30,1";"56,0";"63,0";"54,0";"21,6";"22,5";"21,3";"";"";"";"1,3";"257,0";"4,5";"3017,70";"0,0"
"16/10/2024";"1600";"31,0";"32,7";"30,9";"56,0";"57,0";"52,0";"21,0";"22,3";"20,7";"";"";"";"1,8";"191,0";"4,8";"2019,90";"0,0"
"16/10/2024";"1700";"32,6";"33,5";"31,0";"50,0";"56,0";"48,0";"20,9";"21,8";"19,9";"";"";"";"1,3";"198,0";"5,2";"1719,00";"0,0"
"16/10/2024";"1800";"30,3";"33,0";"30,2";"63,0";"63,0";"45,0";"22,4";"22,4";"19,2";"";"";"";"0,6";"303,0";"5,1";"1418,20";"0,0"
"16/10/2024";"1900";"26,5";"30,3";"26,5";"79,0";"79,0";"63,0";"22,5";"23,0";"21,9";"";"";"";"0,8";"315,0";"4,8";"337,70";"0,0"
"16/10/2024";"2000";"24,5";"26,4";"24,5";"89,0";"89,0";"79,0";"22,4";"23,5";"22,1";"";"";"";"0,2";"315,0";"4,1";"248,80";"0,0"
"16/10/2024";"2100";"24,7";"24,8";"24,4";"83,0";"89,0";"83,0";"21,7";"22,5";"21,6";"";"";"";"0,8";"325,0";"3,4";"227,60";"0,0"
"16/10/2024";"2200";"24,1";"24,7";"24,1";"87,0";"88,0";"83,0";"21,8";"22,2";"21,7";"";"";"";"0,6";"317,0";"3,7";"67,00";"0,0"
"16/10/2024";"2300";"23,3";"24,1";"23,3";"92,0";"92,0";"87,0";"21,9";"21,9";"21,7";"";"";"";"0,1";"315,0";"2,8";"";"0,0"
"17/10/2024";"0000";"23,3";"23,7";"23,3";"89,0";"92,0";"89,0";"21,4";"22,0";"21,4";"";"";"";"0,5";"324,0";"2,3";"";"0,0"
"17/10/2024";"0100";"22,8";"23,3";"22,8";"91,0";"91,0";"89,0";"21,3";"21,5";"21,3";"";"";"";"0,0";"309,0";"2,1";"";"0,0"
"17/10/2024";"0200";"22,4";"23,0";"22,4";"95,0";"95,0";"91,0";"21,5";"21,5";"21,2";"";"";"";"0,1";"237,0";"1,0";"";"0,0"
"17/10/2024";"0300";"22,6";"22,6";"22,3";"95,0";"95,0";"94,0";"21,7";"21,7";"21,4";"";"";"";"0,1";"273,0";"0,9";"";"0,0"
"17/10/2024";"0400";"21,9";"22,6";"21,8";"97,0";"97,0";"94,0";"21,4";"21,7";"21,2";"";"";"";"0,6";"207,0";"2,1";"";"0,0"
"17/10/2024";"0500";"21,8";"22,0";"21,8";"98,0";"98,0";"97,0";"21,4";"21,5";"21,3";"";"";"";"0,0";"327,0";"1,5";"";"0,0"
"17/10/2024";"0600";"21,6";"21,8";"21,6";"98,0";"98,0";"98,0";"21,3";"21,5";"21,3";"";"";"";"0,0";"190,0";"0,5";"";"0,0"
"17/10/2024";"0700";"21,1";"21,5";"21,1";"99,0";"99,0";"98,0";"21,0";"21,2";"20,9";"";"";"";"0,2";"202,0";"1,7";"";"0,0"
"17/10/2024";"0800";"21,4";"21,4";"21,1";"100,0";"100,0";"99,0";"21,3";"21,4";"21,0";"";"";"";"0,0";"269,0";"1,6";"";"0,0"
"17/10/2024";"0900";"21,4";"21,5";"21,3";"99,0";"100,0";"99,0";"21,3";"21,4";"21,3";"";"";"";"0,0";"190,0";"0,0";"";"0,0"
"17/10/2024";"1000";"21,3";"21,4";"21,1";"100,0";"100,0";"99,0";"21,2";"21,3";"21,0";"";"";"";"0,8";"194,0";"1,9";"18,80";"0,0"
"17/10/2024";"1100";"22,3";"22,3";"21,3";"97,0";"100,0";"97,0";"21,9";"22,1";"21,3";"";"";"";"0,2";"197,0";"2,7";"300,00";"0,0"
"17/10/2024";"1200";"24,3";"24,3";"22,3";"91,0";"97,0";"90,0";"22,7";"22,7";"21,8";"";"";"";"1,2";"224,0";"2,2";"692,80";"0,0"
"17/10/2024";"1300";"27,6";"27,7";"24,3";"76,0";"91,0";"75,0";"23,0";"23,6";"22,4";"";"";"";"0,4";"292,0";"2,9";"1812,40";"0,0"
"17/10/2024";"1400";"29,8";"29,8";"27,6";"61,0";"76,0";"60,0";"21,4";"23,3";"20,9";"";"";"";"1,2";"312,0";"2,5";"2466,80";"0,0"
"17/10/2024";"1500";"31,4";"32,9";"29,5";"54,0";"61,0";"51,0";"21,0";"22,3";"20,1";"";"";"";"0,9";"294,0";"3,0";"3205,40";"0,0"
"17/10/2024";"1600";"32,3";"33,2";"31,4";"51,0";"57,0";"48,0";"20,8";"22,6";"20,0";"";"";"";"0,9";"257,0";"3,9";"3104,80";"0,0"
"17/10/2024";"1700";"34,1";"35,0";"32,3";"46,0";"51,0";"43,0";"20,7";"21,9";"19,9";"";"";"";"1,2";"321,0";"3,8";"3365,70";"0,0"
"17/10/2024";"1800";"34,5";"35,1";"32,8";"44,0";"49,0";"43,0";"20,5";"21,8";"20,0";"";"";"";"0,9";"311,0";"4,7";"2361,30";"0,0"
"17/10/2024";"1900";"34,6";"34,7";"32,9";"43,0";"48,0";"43,0";"20,1";"21,4";"19,8";"";"";"";"0,7";"318,0";"5,1";"1752,00";"0,0"
"17/10/2024";"2000";"30,9";"34,8";"30,9";"54,0";"54,0";"41,0";"20,5";"20,9";"18,9";"";"";"";"3,5";"289,0";"7,9";"998,30";"0,0"
"17/10/2024";"2100";"30,1";"31,1";"30,1";"57,0";"57,0";"52,0";"20,5";"20,8";"20,0";"";"";"";"1,9";"302,0";"7,9";"522,10";"0,0"
"17/10/2024";"2200";"28,9";"30,1";"28,9";"63,0";"63,0";"57,0";"21,1";"21,2";"20,6";"";"";"";"0,9";"280,0";"4,7";"40,70";"0,0"
"17/10/2024";"2300";"27,9";"28,9";"27,9";"68,0";"68,0";"63,0";"21,5";"21,5";"21,1";"";"";"";"0,6";"274,0";"2,7";"";"0,0"
"18/10/2024";"0000";"27,5";"27,9";"27,5";"71,0";"71,0";"68,0";"21,8";"21,9";"21,5";"";"";"";"0,0";"296,0";"2,6";"";"0,0"
"18/10/2024";"0100";"26,3";"27,5";"26,2";"77,0";"77,0";"71,0";"22,0";"22,0";"21,8";"";"";"";"0,0";"196,0";"1,9";"";"0,0"
"18/10/2024";"0200";"25,5";"26,6";"25,5";"83,0";"83,0";"76,0";"22,4";"22,4";"21,9";"";"";"";"1,3";"201,0";"4,0";"";"0,0"
"18/10/2024";"0300";"25,0";"25,7";"25,0";"83,0";"85,0";"82,0";"22,0";"22,6";"22,0";"";"";"";"1,4";"267,0";"4,4";"";"0,0"
"18/10/2024";"0400";"24,0";"25,0";"24,0";"89,0";"89,0";"83,0";"22,0";"22,1";"21,9";"";"";"";"2,0";"239,0";"3,4";"";"0,0"
"18/10/2024";"0500";"23,5";"24,0";"23,4";"92,0";"92,0";"89,0";"22,1";"22,1";"22,0";"";"";"";"1,5";"224,0";"3,6";"";"0,0"
"18/10/2024";"0600";"23,0";"23,5";"23,0";"94,0";"94,0";"92,0";"22,0";"22,1";"22,0";"";"";"";"0,9";"219,0";"3,0";"";"0,0"
"18/10/2024";"0700";"22,7";"23,0";"22,6";"96,0";"96,0";"94,0";"21,9";"22,0";"21,9";"";"";"";"2,2";"256,0";"3,5";"";"0,2"
"18/10/2024";"0800";"22,6";"22,8";"22,6";"96,0";"96,0";"95,0";"22,0";"22,2";"21,9";"";"";"";"0,0";"203,0";"3,5";"";"0,2"
"18/10/2024";"0900";"22,6";"22,6";"22,4";"97,0";"97,0";"96,0";"22,0";"22,1";"21,8";"";"";"";"0,6";"309,0";"1,9";"";"0,0"
"18/10/2024";"1000";"22,8";"22,8";"22,6";"95,0";"97,0";"95,0";"21,9";"22,1";"21,9";"";"";"";"0,2";"266,0";"1,9";"14,30";"0,0"
"18/10/2024";"1100";"24,5";"24,7";"22,8";"89,0";"95,0";"89,0";"22,5";"23,3";"21,9";"";"";"";"0,4";"218,0";"1,7";"401,60";"0,0"
"18/10/2024";"1200";"27,6";"27,6";"24,0";"78,0";"92,0";"78,0";"23,5";"23,8";"22,2";"";"";"";"0,7";"295,0";"2,5";"1154,20";"0,0"
"18/10/2024";"1300";"30,4";"30,8";"27,4";"60,0";"78,0";"60,0";"21,9";"23,3";"21,9";"";"";"";"1,9";"312,0";"5,9";"2304,20";"0,2"
"18/10/2024";"1400";"32,3";"32,4";"30,1";"54,0";"62,0";"51,0";"21,7";"22,5";"21,0";"";"";"";"1,6";"311,0";"5,1";"2723,60";"0,0"
"18/10/2024";"1500";"34,1";"34,5";"31,8";"42,0";"54,0";"40,0";"19,5";"21,7";"18,6";"";"";"";"2,0";"313,0";"4,9";"3473,20";"0,0"
"18/10/2024";"1600";"34,7";"34,9";"32,3";"43,0";"48,0";"41,0";"20,1";"20,6";"18,9";"";"";"";"1,5";"307,0";"4,9";"3096,50";"0,0"
"18/10/2024";"1700";"32,9";"34,7";"32,7";"47,0";"48,0";"41,0";"20,2";"20,5";"19,1";"";"";"";"2,0";"260,0";"4,6";"1778,90";"0,0"
"18/10/2024";"1800";"34,4";"35,3";"32,9";"42,0";"47,0";"39,0";"19,5";"20,6";"18,5";"";"";"";"0,8";"246,0";"4,2";"2526,50";"0,0"
"18/10/2024";"1900";"33,1";"36,1";"33,0";"46,0";"46,0";"38,0";"19,9";"20,8";"18,7";"";"";"";"1,2";"323,0";"5,0";"1530,30";"0,0"
"18/10/2024";"2000";"33,0";"35,7";"31,7";"46,0";"50,0";"40,0";"19,7";"20,5";"19,1";"";"";"";"2,0";"241,0";"5,1";"1635,20";"0,0"
"18/10/2024";"2100";"30,8";"33,4";"30,5";"53,0";"54,0";"44,0";"20,2";"20,8";"19,0";"";"";"";"1,8";"232,0";"4,1";"638,50";"0,0"
"18/10/2024";"2200";"28,9";"30,9";"28,9";"66,0";"66,0";"53,0";"21,9";"21,9";"20,4";"";"";"";"1,4";"213,0";"3,9";"202,90";"0,0"
"18/10/2024";"2300";"";"";"";"";"";"";"";"";"";"";"";"";"";"";"";"";""
"19/10/2024";"0000";"27,2";"28,6";"27,1";"74,0";"74,0";"64,0";"22,0";"22,2";"20,9";"";"";"";"0,7";"195,0";"2,2";"";"0,0"
"19/10/2024";"0100";"26,1";"27,2";"26,1";"80,0";"80,0";"74,0";"22,4";"22,5";"22,0";"";"";"";"0,9";"213,0";"2,3";"";"0,0"
"19/10/2024";"0200";"25,8";"26,1";"25,6";"80,0";"84,0";"80,0";"22,0";"22,7";"22,0";"";"";"";"2,0";"239,0";"4,0";"";"0,0"
"19/10/2024";"0300";"25,2";"25,9";"25,0";"82,0";"83,0";"79,0";"22,0";"22,0";"21,8";"";"";"";"0,0";"247,0";"4,0";"";"0,0"
"19/10/2024";"0400";"24,5";"25,2";"24,5";"87,0";"87,0";"82,0";"22,1";"22,1";"21,8";"";"";"";"0,0";"219,0";"1,7";"";"0,0"
"19/10/2024";"0500";"24,3";"24,5";"24,3";"88,0";"88,0";"87,0";"22,2";"22,3";"22,1";"";"";"";"0,1";"238,0";"1,3";"";"0,0"
"19/10/2024";"0600";"23,8";"24,5";"23,8";"91,0";"91,0";"87,0";"22,3";"22,3";"22,1";"";"";"";"0,2";"199,0";"1,6";"";"0,0"
"19/10/2024";"0700";"23,6";"23,8";"23,6";"91,0";"91,0";"90,0";"22,1";"22,3";"22,1";"";"";"";"0,0";"229,0";"1,6";"";"0,0"
"19/10/2024";"0800";"23,8";"23,8";"23,6";"90,0";"92,0";"90,0";"22,0";"22,2";"22,0";"";"";"";"0,0";"231,0";"0,0";"";"0,0"
"19/10/2024";"0900";"23,3";"23,8";"23,3";"93,0";"93,0";"90,0";"22,1";"22,1";"21,9";"";"";"";"0,2";"211,0";"1,1";"";"0,0"
"19/10/2024";"1000";"23,2";"23,3";"22,9";"94,0";"95,0";"93,0";"22,2";"22,3";"22,0";"";"";"";"0,0";"205,0";"1,1";"23,50";"0,0"
"19/10/2024";"1100";"25,0";"25,1";"23,2";"86,0";"94,0";"86,0";"22,5";"22,8";"22,2";"";"";"";"1,4";"228,0";"2,4";"411,80";"0,0"
"19/10/2024";"1200";"28,9";"28,9";"25,0";"68,0";"86,0";"67,0";"22,3";"23,1";"22,0";"";"";"";"1,1";"286,0";"2,6";"1145,70";"0,0"
"19/10/2024";"1300";"32,3";"32,3";"28,8";"56,0";"68,0";"56,0";"22,4";"22,9";"21,9";"";"";"";"0,9";"310,0";"2,7";"2067,50";"0,0"
"19/10/2024";"1400";"32,8";"34,3";"32,1";"54,0";"56,0";"49,0";"22,2";"22,5";"21,6";"";"";"";"1,6";"322,0";"3,9";"2545,70";"0,0"
"19/10/2024";"1500";"32,4";"33,4";"32,2";"53,0";"56,0";"51,0";"21,6";"23,0";"21,0";"";"";"";"1,3";"319,0";"5,8";"1312,50";"0,0"
"19/10/2024";"1600";"23,7";"32,5";"23,3";"88,0";"88,0";"52,0";"21,6";"21,8";"19,1";"";"";"";"3,9";"243,0";"14,2";"249,70";"0,0"
"19/10/2024";"1700";"23,2";"23,8";"22,9";"92,0";"94,0";"87,0";"21,8";"22,2";"21,6";"";"";"";"2,0";"210,0";"8,0";"149,50";"0,0"
"19/10/2024";"1800";"22,9";"23,2";"22,8";"92,0";"94,0";"92,0";"21,5";"22,0";"21,5";"";"";"";"1,1";"203,0";"3,6";"165,40";"0,0"
"19/10/2024";"1900";"23,8";"23,8";"22,9";"91,0";"94,0";"90,0";"22,2";"22,2";"21,5";"";"";"";"0,5";"240,0";"3,6";"449,00";"0,0"
"19/10/2024";"2000";"24,1";"24,2";"23,7";"89,0";"93,0";"89,0";"22,3";"22,7";"21,9";"";"";"";"1,3";"229,0";"2,5";"465,50";"0,0"
"19/10/2024";"2100";"24,6";"24,6";"24,1";"88,0";"91,0";"87,0";"22,4";"22,7";"22,2";"";"";"";"0,1";"265,0";"2,3";"345,90";"0,0"
"19/10/2024";"2200";"24,1";"24,7";"24,1";"92,0";"92,0";"86,0";"22,6";"22,6";"22,1";"";"";"";"1,3";"219,0";"2,7";"74,60";"0,0"
"19/10/2024";"2300";"23,7";"24,1";"23,7";"92,0";"92,0";"91,0";"22,4";"22,7";"22,3";"";"";"";"1,1";"204,0";"3,9";"";"0,0"
"20/10/2024";"0000";"23,9";"23,9";"23,5";"93,0";"93,0";"92,0";"22,6";"22,6";"22,3";"";"";"";"2,1";"247,0";"4,5";"";"0,0"
"20/10/2024";"0100";"23,6";"23,9";"23,6";"94,0";"94,0";"93,0";"22,7";"22,7";"22,5";"";"";"";"2,0";"215,0";"4,5";"0,10";"0,0"
"20/10/2024";"0200";"23,8";"23,9";"23,6";"93,0";"95,0";"93,0";"22,6";"22,8";"22,6";"";"";"";"1,1";"207,0";"4,0";"";"0,0"
"20/10/2024";"0300";"23,3";"23,8";"23,2";"95,0";"95,0";"93,0";"22,3";"22,6";"22,3";"";"";"";"0,9";"210,0";"3,9";"";"0,0"
"20/10/2024";"0400";"22,7";"23,3";"22,7";"96,0";"96,0";"95,0";"22,0";"22,3";"22,0";"";"";"";"0,9";"194,0";"3,1";"";"0,0"
"20/10/2024";"0500";"22,4";"22,7";"22,4";"97,0";"97,0";"96,0";"21,9";"22,0";"21,8";"";"";"";"0,3";"213,0";"2,4";"";"0,0"
"20/10/2024";"0600";"22,0";"22,5";"22,0";"98,0";"98,0";"97,0";"21,7";"21,9";"21,7";"";"";"";"0,0";"301,0";"2,5";"";"0,0"
"20/10/2024";"0700";"22,0";"22,1";"22,0";"99,0";"99,0";"98,0";"21,8";"21,9";"21,7";"";"";"";"0,0";"315,0";"0,1";"";"0,0"
"20/10/2024";"0800";"21,9";"22,0";"21,9";"99,0";"99,0";"99,0";"21,8";"21,9";"21,7";"";"";"";"0,5";"313,0";"1,8";"";"0,0"
"20/10/2024";"0900";"21,7";"21,9";"21,6";"99,0";"99,0";"99,0";"21,5";"21,8";"21,5";"";"";"";"0,2";"302,0";"2,4";"";"0,0"
"20/10/2024";"1000";"21,9";"21,9";"21,6";"99,0";"99,0";"99,0";"21,7";"21,7";"21,5";"";"";"";"0,6";"278,0";"3,8";"25,40";"0,0"
"20/10/2024";"1100";"23,0";"23,0";"21,9";"96,0";"99,0";"95,0";"22,2";"22,3";"21,8";"";"";"";"0,4";"201,0";"2,2";"400,60";"0,0"
"20/10/2024";"1200";"24,0";"24,1";"22,9";"90,0";"96,0";"90,0";"22,3";"22,6";"22,0";"";"";"";"1,1";"196,0";"2,6";"674,10";"0,0"
"20/10/2024";"1300";"25,5";"25,8";"24,0";"82,0";"91,0";"81,0";"22,1";"22,8";"21,9";"";"";"";"0,2";"301,0";"2,8";"1038,10";"0,0"
"20/10/2024";"1400";"27,4";"27,5";"25,3";"75,0";"85,0";"74,0";"22,7";"23,1";"22,1";"";"";"";"0,5";"315,0";"3,8";"997,90";"0,0"
"20/10/2024";"1500";"29,3";"30,0";"26,3";"67,0";"80,0";"65,0";"22,4";"23,2";"21,9";"";"";"";"2,0";"294,0";"5,0";"1714,80";"0,0"
"20/10/2024";"1600";"29,8";"30,8";"28,6";"62,0";"68,0";"60,0";"21,8";"22,7";"21,5";"";"";"";"0,6";"289,0";"5,7";"1896,80";"0,0"
"20/10/2024";"1700";"30,1";"31,3";"29,8";"62,0";"64,0";"58,0";"22,0";"22,6";"21,5";"";"";"";"2,0";"268,0";"5,7";"1754,90";"0,0"
"20/10/2024";"1800";"30,4";"31,5";"30,0";"64,0";"64,0";"59,0";"22,8";"23,3";"22,0";"";"";"";"2,7";"312,0";"6,1";"1954,50";"0,0"
"20/10/2024";"1900";"28,3";"30,5";"28,2";"73,0";"79,0";"64,0";"22,9";"24,3";"22,5";"";"";"";"4,4";"307,0";"8,0";"1091,70";"0,0"
"20/10/2024";"2000";"23,1";"28,3";"23,1";"98,0";"98,0";"73,0";"22,7";"23,3";"22,4";"";"";"";"2,9";"279,0";"11,4";"63,80";"0,0"
"20/10/2024";"2100";"22,9";"23,1";"22,9";"99,0";"99,0";"98,0";"22,6";"22,7";"22,5";"";"";"";"0,3";"246,0";"7,1";"18,00";"0,0"
"20/10/2024";"2200";"22,5";"22,9";"22,5";"98,0";"99,0";"98,0";"22,2";"22,7";"22,1";"";"";"";"0,7";"315,0";"2,6";"8,40";"0,0"
"20/10/2024";"2300";"22,2";"22,5";"22,0";"98,0";"98,0";"97,0";"21,9";"22,2";"21,7";"";"";"";"0,0";"218,0";"2,2";"";"0,0"
"21/10/2024";"0000";"22,2";"22,2";"22,0";"99,0";"99,0";"98,0";"22,0";"22,0";"21,7";"";"";"";"0,0";"281,0";"1,3";"";"0,0"
"21/10/2024";"0100";"22,1";"22,2";"21,9";"99,0";"99,0";"99,0";"21,9";"22,0";"21,7";"";"";"";"2,2";"220,0";"3,7";"";"0,0"
"21/10/2024";"0200";"22,1";"22,1";"22,0";"99,0";"99,0";"99,0";"22,0";"22,0";"21,9";"";"";"";"1,2";"250,0";"4,2";"";"0,0"
"21/10/2024";"0300";"21,9";"22,1";"21,8";"99,0";"99,0";"99,0";"21,7";"21,9";"21,7";"";"";"";"0,0";"299,0";"2,4";"";"0,0"
"21/10/2024";"0400";"21,7";"21,9";"21,7";"100,0";"100,0";"99,0";"21,7";"21,8";"21,6";"";"";"";"0,1";"330,0";"3,1";"";"0,0"
"21/10/2024";"0500";"21,8";"21,8";"21,6";"99,0";"100,0";"99,0";"21,7";"21,7";"21,6";"";"";"";"0,0";"308,0";"2,0";"0,10";"0,0"
"21/10/2024";"0600";"21,7";"21,8";"21,6";"99,0";"99,0";"98,0";"21,4";"21,7";"21,3";"";"";"";"0,1";"296,0";"2,1";"0,60";"0,0"
"21/10/2024";"0700";"21,5";"21,7";"21,5";"99,0";"99,0";"99,0";"21,4";"21,5";"21,3";"";"";"";"0,0";"316,0";"2,0";"0,30";"0,0"
"21/10/2024";"0800";"21,0";"21,5";"21,0";"100,0";"100,0";"99,0";"21,0";"21,4";"21,0";"";"";"";"0,2";"258,0";"1,7";"0,50";"0,0"
"21/10/2024";"0900";"21,2";"21,2";"21,0";"100,0";"100,0";"100,0";"21,2";"21,2";"20,9";"";"";"";"0,0";"270,0";"1,4";"0,20";"0,0"
"21/10/2024";"1000";"21,2";"21,2";"21,1";"100,0";"100,0";"100,0";"21,2";"21,2";"21,1";"";"";"";"0,4";"226,0";"1,7";"11,10";"0,0"
"21/10/2024";"1100";"21,6";"21,6";"21,1";"100,0";"100,0";"100,0";"21,6";"21,6";"21,1";"";"";"";"0,1";"218,0";"2,1";"320,70";"0,0"
"21/10/2024";"1200";"22,9";"23,0";"21,3";"100,0";"100,0";"100,0";"22,9";"23,0";"21,3";"";"";"";"0,4";"239,0";"2,6";"817,30";"0,0"
"21/10/2024";"1300";"25,2";"25,4";"22,9";"86,0";"100,0";"84,0";"22,8";"23,4";"22,1";"";"";"";"0,4";"246,0";"2,2";"1660,80";"0,0"
"21/10/2024";"1400";"28,1";"28,4";"25,2";"75,0";"88,0";"73,0";"23,2";"24,2";"22,6";"";"";"";"0,5";"296,0";"2,0";"2750,40";"0,0"
"21/10/2024";"1500";"31,9";"31,9";"28,2";"60,0";"75,0";"57,0";"23,2";"24,0";"21,8";"";"";"";"0,8";"317,0";"2,8";"3411,30";"0,0"
"21/10/2024";"1600";"33,9";"34,1";"31,4";"50,0";"60,0";"47,0";"21,8";"22,6";"20,4";"";"";"";"0,9";"286,0";"3,5";"3600,20";"0,0"
"21/10/2024";"1700";"35,0";"35,7";"33,3";"43,0";"50,0";"40,0";"20,6";"21,9";"18,3";"";"";"";"0,9";"312,0";"3,4";"3526,80";"0,0"
"21/10/2024";"1800";"33,7";"35,4";"33,3";"44,0";"49,0";"40,0";"19,7";"21,3";"19,4";"";"";"";"1,9";"274,0";"5,7";"2722,20";"0,0"
"21/10/2024";"1900";"35,3";"36,0";"33,5";"39,0";"46,0";"39,0";"19,4";"21,0";"19,1";"";"";"";"2,0";"229,0";"4,3";"2773,00";"0,0"
"21/10/2024";"2000";"33,2";"35,6";"33,0";"46,0";"49,0";"39,0";"20,0";"21,2";"19,2";"";"";"";"1,7";"323,0";"5,6";"1743,90";"0,0"
"21/10/2024";"2100";"31,9";"33,4";"31,9";"51,0";"52,0";"45,0";"20,5";"20,8";"19,8";"";"";"";"0,7";"280,0";"4,2";"591,60";"0,0"
"21/10/2024";"2200";"30,0";"32,0";"30,0";"60,0";"60,0";"50,0";"21,5";"21,7";"20,2";"";"";"";"0,0";"211,0";"1,7";"125,10";"0,0"
"21/10/2024";"2300";"28,4";"30,0";"28,4";"67,0";"69,0";"60,0";"21,8";"22,7";"21,4";"";"";"";"1,1";"259,0";"2,6";"";"0,0"
"22/10/2024";"0000";"27,8";"28,7";"27,6";"70,0";"71,0";"65,0";"21,8";"21,9";"21,5";"";"";"";"0,3";"243,0";"2,4";"";"0,0"
"22/10/2024";"0100";"26,6";"27,9";"26,5";"78,0";"78,0";"70,0";"22,4";"22,5";"21,8";"";"";"";"0,0";"257,0";"1,4";"";"0,0"
"22/10/2024";"0200";"26,0";"26,6";"26,0";"80,0";"80,0";"78,0";"22,3";"22,6";"22,3";"";"";"";"0,9";"300,0";"2,5";"";"0,0"
"22/10/2024";"0300";"25,7";"26,1";"25,7";"80,0";"81,0";"80,0";"22,1";"22,4";"22,0";"";"";"";"0,3";"301,0";"4,7";"";"0,0"
"22/10/2024";"0400";"25,1";"25,9";"24,9";"83,0";"84,0";"80,0";"22,0";"22,1";"21,9";"";"";"";"0,4";"246,0";"2,3";"";"0,0"
"22/10/2024";"0500";"25,0";"25,2";"24,8";"85,0";"86,0";"82,0";"22,4";"22,4";"22,0";"";"";"";"1,8";"248,0";"3,3";"";"0,0"
"22/10/2024";"0600";"25,3";"25,7";"25,0";"82,0";"85,0";"81,0";"22,1";"22,5";"22,1";"";"";"";"1,7";"268,0";"4,6";"";"0,0"
"22/10/2024";"0700";"24,8";"25,4";"24,7";"87,0";"87,0";"82,0";"22,5";"22,5";"22,1";"";"";"";"1,1";"303,0";"4,1";"";"0,0"
"22/10/2024";"0800";"24,2";"24,8";"24,1";"90,0";"90,0";"87,0";"22,5";"22,6";"22,4";"";"";"";"1,5";"304,0";"5,6";"";"0,0"
"22/10/2024";"0900";"23,7";"24,2";"23,7";"91,0";"91,0";"90,0";"22,1";"22,4";"22,0";"";"";"";"1,1";"266,0";"6,0";"";"0,0"
"22/10/2024";"1000";"23,6";"23,7";"23,6";"92,0";"92,0";"91,0";"22,2";"22,2";"22,1";"";"";"";"0,9";"256,0";"3,0";"12,20";"0,0"
"22/10/2024";"1100";"24,6";"24,6";"23,6";"89,0";"92,0";"88,0";"22,6";"22,6";"22,2";"";"";"";"0,7";"285,0";"2,9";"256,20";"0,0"
"22/10/2024";"1200";"26,5";"26,8";"24,6";"78,0";"89,0";"77,0";"22,3";"22,9";"22,0";"";"";"";"1,4";"288,0";"4,4";"866,20";"0,0"
"22/10/2024";"1300";"28,5";"28,7";"26,5";"68,0";"78,0";"67,0";"22,0";"22,6";"21,7";"";"";"";"1,9";"301,0";"5,2";"1891,60";"0,0"
"22/10/2024";"1400";"30,3";"31,0";"28,2";"60,0";"69,0";"59,0";"21,7";"22,5";"21,5";"";"";"";"1,8";"294,0";"5,8";"2571,10";"0,0"
"22/10/2024";"1500";"31,7";"32,6";"30,3";"53,0";"61,0";"51,0";"21,0";"22,4";"20,9";"";"";"";"1,5";"320,0";"5,2";"2830,60";"0,0"
"22/10/2024";"1600";"33,1";"33,7";"31,2";"49,0";"56,0";"48,0";"21,0";"22,3";"20,4";"";"";"";"2,5";"321,0";"7,2";"2833,30";"0,0"
"22/10/2024";"1700";"32,1";"34,5";"32,0";"51,0";"53,0";"45,0";"20,8";"21,6";"20,2";"";"";"";"1,2";"314,0";"7,3";"2393,70";"0,0"
"22/10/2024";"1800";"32,3";"33,7";"32,1";"52,0";"53,0";"46,0";"21,1";"21,6";"19,4";"";"";"";"1,7";"318,0";"6,1";"2207,20";"0,0"
"22/10/2024";"1900";"32,1";"32,7";"31,2";"55,0";"57,0";"52,0";"21,8";"22,2";"21,0";"";"";"";"1,2";"315,0";"7,1";"1455,90";"0,0"
"22/10/2024";"2000";"31,2";"32,2";"30,6";"61,0";"63,0";"54,0";"22,8";"23,1";"21,6";"";"";"";"1,7";"321,0";"5,4";"1025,40";"0,0"
"22/10/2024";"2100";"29,7";"31,2";"29,6";"67,0";"67,0";"61,0";"22,9";"23,0";"22,4";"";"";"";"2,0";"324,0";"4,9";"525,30";"0,0"
"22/10/2024";"2200";"28,4";"29,7";"28,4";"71,0";"71,0";"67,0";"22,7";"23,1";"22,5";"";"";"";"0,3";"318,0";"4,6";"81,80";"0,0"
"22/10/2024";"2300";"27,0";"28,4";"27,0";"77,0";"77,0";"71,0";"22,6";"22,7";"22,6";"";"";"";"0,0";"330,0";"3,1";"";"0,0"
"23/10/2024";"0000";"26,1";"27,1";"26,1";"83,0";"83,0";"77,0";"23,1";"23,1";"22,6";"";"";"";"0,6";"214,0";"1,8";"";"0,0"
"23/10/2024";"0100";"25,5";"26,1";"25,3";"89,0";"90,0";"83,0";"23,6";"23,6";"23,1";"";"";"";"0,4";"254,0";"1,8";"";"0,0"
"23/10/2024";"0200";"25,1";"25,5";"25,0";"91,0";"91,0";"89,0";"23,5";"23,6";"23,3";"";"";"";"0,3";"244,0";"2,0";"";"0,0"
"23/10/2024";"0300";"24,6";"25,1";"24,6";"93,0";"93,0";"90,0";"23,4";"23,5";"23,3";"";"";"";"0,0";"210,0";"1,3";"";"0,0"
"23/10/2024";"0400";"24,1";"24,6";"24,1";"94,0";"94,0";"92,0";"23,0";"23,4";"23,0";"";"";"";"0,0";"259,0";"0,0";"";"0,0"
"23/10/2024";"0500";"23,8";"24,3";"23,8";"96,0";"96,0";"94,0";"23,1";"23,3";"22,9";"";"";"";"0,0";"256,0";"0,0";"";"0,0"
"23/10/2024";"0600";"23,6";"23,8";"23,6";"97,0";"97,0";"96,0";"23,1";"23,3";"23,0";"";"";"";"0,0";"330,0";"0,0";"";"0,0"
"23/10/2024";"0700";"23,3";"23,7";"23,3";"97,0";"97,0";"97,0";"22,9";"23,2";"22,9";"";"";"";"0,0";"316,0";"0,2";"";"0,0"
"23/10/2024";"0800";"23,0";"23,4";"23,0";"99,0";"99,0";"97,0";"22,8";"23,1";"22,7";"";"";"";"0,0";"281,0";"0,0";"";"0,0"
"23/10/2024";"0900";"22,9";"23,1";"22,9";"99,0";"99,0";"99,0";"22,7";"23,0";"22,7";"";"";"";"0,0";"219,0";"0,0";"";"0,0"
"23/10/2024";"1000";"22,8";"22,9";"22,5";"100,0";"100,0";"99,0";"22,7";"22,7";"22,4";"";"";"";"0,0";"220,0";"0,0";"26,00";"0,0"
"23/10/2024";"1100";"24,6";"24,7";"22,8";"93,0";"100,0";"93,0";"23,4";"24,4";"22,7";"";"";"";"0,0";"222,0";"1,0";"467,20";"0,0"
"23/10/2024";"1200";"27,5";"27,6";"24,6";"81,0";"94,0";"80,0";"23,9";"24,1";"23,3";"";"";"";"0,6";"283,0";"2,1";"1236,80";"0,0"
"23/10/2024";"1300";"29,8";"30,9";"27,1";"71,0";"82,0";"69,0";"24,0";"25,0";"23,5";"";"";"";"1,2";"302,0";"3,1";"2345,40";"0,0"
"23/10/2024";"1400";"32,5";"33,6";"29,1";"55,0";"73,0";"51,0";"22,3";"24,8";"21,2";"";"";"";"1,6";"299,0";"5,5";"3045,10";"0,0"
"23/10/2024";"1500";"31,9";"33,4";"31,6";"57,0";"57,0";"50,0";"22,4";"22,6";"21,0";"";"";"";"1,8";"317,0";"6,6";"1947,10";"0,0"
"23/10/2024";"1600";"30,3";"33,5";"30,3";"60,0";"60,0";"49,0";"21,7";"23,1";"20,8";"";"";"";"4,4";"266,0";"8,7";"1696,40";"0,0"
"23/10/2024";"1700";"27,5";"30,2";"25,1";"72,0";"84,0";"60,0";"22,1";"23,3";"20,4";"";"";"";"0,6";"206,0";"8,9";"490,00";"0,0"
"23/10/2024";"1800";"28,8";"29,3";"27,5";"71,0";"74,0";"67,0";"23,1";"23,1";"21,4";"";"";"";"0,7";"205,0";"2,6";"801,30";"0,0"
"23/10/2024";"1900";"25,2";"29,3";"24,6";"89,0";"90,0";"68,0";"23,2";"23,5";"21,9";"";"";"";"1,3";"286,0";"9,8";"940,70";"0,0"
"23/10/2024";"2000";"25,7";"26,3";"24,6";"90,0";"93,0";"87,0";"23,9";"24,6";"22,8";"";"";"";"0,8";"224,0";"5,2";"288,70";"0,8"
"23/10/2024";"2100";"26,0";"26,3";"25,7";"92,0";"93,0";"84,0";"24,5";"24,7";"23,3";"";"";"";"0,0";"218,0";"2,6";"285,10";"0,0"
"23/10/2024";"2200";"25,6";"26,0";"25,6";"91,0";"94,0";"90,0";"24,0";"24,8";"24,0";"";"";"";"0,1";"189,0";"0,9";"71,30";"2,6"
"23/10/2024";"2300";"24,9";"25,6";"24,9";"96,0";"96,0";"91,0";"24,2";"24,3";"24,1";"";"";"";"0,9";"259,0";"1,7";"0,10";"0,0"
"24/10/2024";"0000";"25,0";"25,2";"24,8";"95,0";"96,0";"92,0";"24,2";"24,2";"23,8";"";"";"";"0,0";"205,0";"1,7";"";"0,2"
"24/10/2024";"0100";"24,5";"25,0";"24,5";"97,0";"97,0";"95,0";"24,0";"24,2";"23,9";"";"";"";"0,3";"195,0";"1,7";"";"0,2"
"24/10/2024";"0200";"24,5";"24,7";"24,4";"97,0";"98,0";"97,0";"24,0";"24,2";"24,0";"";"";"";"1,0";"262,0";"2,2";"";"0,2"
"24/10/2024";"0300";"24,2";"24,5";"24,1";"98,0";"99,0";"97,0";"24,0";"24,1";"23,8";"";"";"";"0,0";"254,0";"2,5";"";"0,0"
"24/10/2024";"0400";"24,1";"24,3";"24,0";"98,0";"99,0";"98,0";"23,9";"24,0";"23,8";"";"";"";"0,1";"211,0";"1,2";"";"0,0"
"24/10/2024";"0500";"23,5";"24,1";"23,5";"99,0";"99,0";"98,0";"23,4";"23,9";"23,3";"";"";"";"0,0";"204,0";"1,5";"";"0,0"
"24/10/2024";"0600";"23,5";"23,6";"23,4";"100,0";"100,0";"99,0";"23,4";"23,5";"23,3";"";"";"";"0,5";"216,0";"1,5";"";"0,6"
"24/10/2024";"0700";"23,3";"23,5";"23,3";"99,0";"100,0";"99,0";"23,2";"23,4";"23,2";"";"";"";"0,0";"312,0";"1,3";"";"0,0"
"24/10/2024";"0800";"23,0";"23,3";"23,0";"100,0";"100,0";"99,0";"22,9";"23,2";"22,9";"";"";"";"0,0";"196,0";"0,0";"";"0,0"
"24/10/2024";"0900";"22,7";"23,0";"22,7";"100,0";"100,0";"100,0";"22,7";"22,9";"22,7";"";"";"";"0,0";"193,0";"1,5";"";"0,0"
"24/10/2024";"1000";"22,7";"22,7";"22,6";"100,0";"100,0";"100,0";"22,7";"22,7";"22,6";"";"";"";"0,0";"226,0";"0,9";"20,80";"0,0"
"24/10/2024";"1100";"24,3";"24,3";"22,7";"99,0";"100,0";"99,0";"24,1";"24,1";"22,7";"";"";"";"0,1";"198,0";"1,2";"427,70";"0,0"
"24/10/2024";"1200";"26,0";"26,1";"24,2";"88,0";"99,0";"88,0";"24,0";"24,5";"23,3";"";"";"";"0,5";"201,0";"1,7";"1186,80";"0,0"
"24/10/2024";"1300";"29,3";"29,4";"26,0";"72,0";"89,0";"72,0";"23,7";"24,6";"23,5";"";"";"";"0,2";"256,0";"1,9";"2135,70";"0,0"
"24/10/2024";"1400";"30,6";"30,8";"29,0";"66,0";"75,0";"66,0";"23,7";"24,7";"23,1";"";"";"";"1,5";"288,0";"3,4";"2910,20";"0,4"
"24/10/2024";"1500";"32,7";"33,2";"30,4";"55,0";"69,0";"54,0";"22,4";"24,7";"22,4";"";"";"";"1,6";"311,0";"5,5";"3360,00";"0,0"
"24/10/2024";"1600";"32,1";"34,2";"32,1";"56,0";"57,0";"49,0";"22,2";"23,4";"21,1";"";"";"";"1,0";"318,0";"5,5";"2639,60";"0,0"
"24/10/2024";"1700";"34,0";"35,1";"31,4";"49,0";"60,0";"45,0";"21,8";"23,3";"21,0";"";"";"";"1,3";"309,0";"5,0";"2732,10";"0,0"
"24/10/2024";"1800";"35,0";"36,4";"33,8";"44,0";"50,0";"41,0";"21,0";"22,3";"20,2";"";"";"";"2,0";"304,0";"5,9";"2974,70";"0,0"
"24/10/2024";"1900";"34,9";"36,2";"34,1";"40,0";"44,0";"39,0";"19,2";"21,2";"19,0";"";"";"";"1,4";"314,0";"4,9";"2380,30";"0,0"
"24/10/2024";"2000";"34,5";"35,9";"34,5";"40,0";"42,0";"36,0";"19,1";"20,1";"18,0";"";"";"";"1,3";"316,0";"5,2";"1534,40";"0,0"
"24/10/2024";"2100";"34,1";"35,0";"34,1";"41,0";"42,0";"38,0";"19,1";"20,1";"18,4";"";"";"";"0,3";"316,0";"5,2";"744,40";"0,0"
"24/10/2024";"2200";"30,7";"34,1";"30,7";"54,0";"55,0";"41,0";"20,5";"20,6";"19,0";"";"";"";"0,0";"319,0";"3,0";"68,70";"0,0"
"24/10/2024";"2300";"29,4";"30,7";"29,4";"63,0";"63,0";"54,0";"21,6";"21,7";"20,4";"";"";"";"1,6";"219,0";"2,8";"";"0,0"
"25/10/2024";"0000";"27,6";"29,4";"27,6";"72,0";"73,0";"63,0";"22,2";"22,4";"21,7";"";"";"";"0,4";"193,0";"2,3";"";"0,0"
"25/10/2024";"0100";"26,6";"27,6";"26,6";"77,0";"77,0";"72,0";"22,3";"22,4";"22,1";"";"";"";"0,0";"200,0";"1,6";"";"0,0"
"25/10/2024";"0200";"26,9";"26,9";"26,6";"78,0";"79,0";"76,0";"22,7";"22,8";"22,2";"";"";"";"0,0";"293,0";"0,0";"";"0,0"
"25/10/2024";"0300";"25,8";"26,9";"25,8";"83,0";"83,0";"78,0";"22,8";"23,1";"22,5";"";"";"";"0,0";"235,0";"0,0";"";"0,0"
"25/10/2024";"0400";"24,8";"25,8";"24,8";"87,0";"88,0";"83,0";"22,6";"23,1";"22,6";"";"";"";"0,2";"187,0";"1,4";"";"0,0"
"25/10/2024";"0500";"24,5";"25,1";"24,5";"89,0";"89,0";"87,0";"22,6";"22,8";"22,6";"";"";"";"0,0";"299,0";"1,2";"";"0,0"
"25/10/2024";"0600";"24,0";"24,8";"23,7";"93,0";"95,0";"89,0";"22,8";"22,9";"22,6";"";"";"";"0,4";"254,0";"1,5";"";"0,0"
"25/10/2024";"0700";"23,3";"24,0";"23,3";"95,0";"95,0";"93,0";"22,5";"22,9";"22,4";"";"";"";"0,5";"190,0";"1,7";"";"0,0"
"25/10/2024";"0800";"23,1";"23,4";"23,1";"96,0";"96,0";"95,0";"22,4";"22,7";"22,4";"";"";"";"0,0";"252,0";"1,6";"";"0,0"
"25/10/2024";"0900";"22,6";"23,4";"22,6";"97,0";"97,0";"95,0";"22,1";"22,7";"22,1";"";"";"";"0,0";"210,0";"0,8";"";"0,0"
"25/10/2024";"1000";"22,9";"22,9";"22,5";"98,0";"98,0";"97,0";"22,5";"22,5";"22,1";"";"";"";"0,2";"200,0";"1,3";"31,90";"0,0"
"25/10/2024";"1100";"25,2";"25,2";"22,9";"88,0";"98,0";"88,0";"23,0";"23,2";"22,5";"";"";"";"0,0";"210,0";"1,2";"436,10";"0,0"
"25/10/2024";"1200";"29,4";"29,4";"25,2";"71,0";"88,0";"70,0";"23,5";"23,5";"22,1";"";"";"";"0,0";"218,0";"1,3";"1364,10";"0,0"
"25/10/2024";"1300";"32,5";"32,5";"29,2";"57,0";"72,0";"57,0";"22,8";"23,7";"21,5";"";"";"";"0,4";"314,0";"2,1";"2158,50";"0,0"
"25/10/2024";"1400";"33,9";"34,6";"31,5";"47,0";"59,0";"45,0";"21,0";"23,1";"20,3";"";"";"";"1,0";"317,0";"3,9";"2945,10";"0,0"
"25/10/2024";"1500";"34,9";"35,4";"33,6";"41,0";"48,0";"40,0";"19,5";"22,0";"19,1";"";"";"";"1,8";"297,0";"5,5";"3370,50";"0,0"
"25/10/2024";"1600";"36,6";"37,2";"34,8";"34,0";"42,0";"33,0";"18,3";"20,5";"17,5";"";"";"";"2,0";"279,0";"6,2";"3621,10";"0,0"
"25/10/2024";"1700";"37,7";"37,7";"35,9";"33,0";"35,0";"31,0";"18,9";"18,9";"17,2";"";"";"";"1,5";"302,0";"7,0";"3572,80";"0,0"
"25/10/2024";"1800";"37,2";"37,8";"35,4";"34,0";"38,0";"32,0";"18,9";"19,4";"17,9";"";"";"";"1,1";"303,0";"4,8";"2529,00";"0,0"
"25/10/2024";"1900";"35,5";"38,0";"35,0";"39,0";"40,0";"33,0";"19,4";"19,7";"18,1";"";"";"";"0,9";"312,0";"4,9";"1702,70";"0,0"
"25/10/2024";"2000";"34,7";"36,8";"34,7";"40,0";"40,0";"35,0";"18,9";"19,8";"18,3";"";"";"";"0,8";"319,0";"4,0";"1069,70";"0,0"
"25/10/2024";"2100";"34,2";"34,9";"34,2";"44,0";"44,0";"39,0";"20,3";"20,5";"18,9";"";"";"";"0,2";"317,0";"2,8";"392,40";"0,0"
"25/10/2024";"2200";"32,3";"34,2";"32,3";"52,0";"52,0";"43,0";"21,1";"21,1";"19,9";"";"";"";"0,0";"321,0";"1,9";"110,10";"0,0"
"25/10/2024";"2300";"30,7";"32,3";"30,7";"59,0";"61,0";"51,0";"21,7";"22,3";"20,8";"";"";"";"0,3";"307,0";"3,5";"";"0,0"
"26/10/2024";"0000";"27,2";"31,0";"27,1";"71,0";"71,0";"55,0";"21,4";"21,9";"19,9";"";"";"";"3,0";"242,0";"8,2";"0,10";"0,0"
"26/10/2024";"0100";"23,0";"27,4";"22,5";"90,0";"91,0";"71,0";"21,3";"22,0";"20,6";"";"";"";"4,7";"250,0";"13,2";"5,80";"1,8"
"26/10/2024";"0200";"22,6";"23,1";"22,4";"91,0";"93,0";"86,0";"21,2";"21,6";"20,5";"";"";"";"2,3";"227,0";"8,8";"1,30";"0,0"
"26/10/2024";"0300";"21,6";"22,6";"20,9";"99,0";"99,0";"91,0";"21,5";"21,8";"20,3";"";"";"";"3,2";"279,0";"12,1";"0,50";"0,2"
"26/10/2024";"0400";"21,9";"22,1";"21,6";"97,0";"99,0";"96,0";"21,4";"22,0";"21,0";"";"";"";"0,7";"320,0";"6,2";"0,10";"0,0"
"26/10/2024";"0500";"22,0";"22,0";"21,5";"93,0";"97,0";"93,0";"20,9";"21,4";"20,9";"";"";"";"2,6";"245,0";"5,3";"0,10";"0,0"
"26/10/2024";"0600";"22,1";"22,8";"21,6";"97,0";"97,0";"86,0";"21,5";"21,5";"20,3";"";"";"";"1,0";"305,0";"4,3";"";"0,0"
"26/10/2024";"0700";"21,9";"22,5";"21,9";"97,0";"97,0";"93,0";"21,3";"21,6";"21,1";"";"";"";"1,3";"201,0";"6,9";"0,40";"0,0"
"26/10/2024";"0800";"22,0";"22,1";"21,8";"97,0";"97,0";"97,0";"21,5";"21,6";"21,3";"";"";"";"0,5";"211,0";"3,8";"";"0,0"
"26/10/2024";"0900";"22,1";"22,1";"21,8";"97,0";"98,0";"97,0";"21,6";"21,7";"21,5";"";"";"";"0,5";"258,0";"2,2";"";"0,0"
"26/10/2024";"1000";"22,2";"22,2";"21,7";"99,0";"99,0";"97,0";"21,9";"21,9";"21,4";"";"";"";"0,0";"307,0";"1,9";"26,70";"0,0"
"26/10/2024";"1100";"23,6";"23,6";"22,2";"94,0";"99,0";"94,0";"22,6";"22,8";"22,0";"";"";"";"0,3";"227,0";"2,6";"406,50";"0,0"
"26/10/2024";"1200";"26,5";"26,5";"23,6";"82,0";"95,0";"81,0";"23,1";"23,2";"22,3";"";"";"";"1,7";"228,0";"3,0";"1340,40";"0,0"
"26/10/2024";"1300";"28,6";"28,6";"26,2";"77,0";"85,0";"76,0";"24,2";"24,2";"22,7";"";"";"";"1,2";"254,0";"4,0";"1756,00";"0,0"
"26/10/2024";"1400";"31,8";"31,8";"28,6";"65,0";"79,0";"64,0";"24,5";"25,4";"23,0";"";"";"";"1,2";"315,0";"3,4";"2995,20";"0,2"
"26/10/2024";"1500";"33,5";"33,9";"31,7";"57,0";"68,0";"56,0";"23,8";"25,5";"23,1";"";"";"";"1,0";"314,0";"3,5";"3333,20";"0,0"
"26/10/2024";"1600";"35,0";"35,1";"32,8";"51,0";"64,0";"50,0";"23,4";"25,4";"22,8";"";"";"";"1,1";"322,0";"4,4";"3518,70";"0,0"
"26/10/2024";"1700";"34,7";"35,7";"33,7";"48,0";"57,0";"46,0";"22,0";"24,6";"21,5";"";"";"";"0,9";"220,0";"4,4";"3298,70";"0,0"
"26/10/2024";"1800";"33,8";"35,4";"33,7";"50,0";"53,0";"45,0";"22,0";"24,0";"21,3";"";"";"";"0,9";"313,0";"3,0";"1426,80";"0,0"
"26/10/2024";"1900";"34,2";"35,2";"33,8";"55,0";"56,0";"45,0";"23,7";"23,7";"21,2";"";"";"";"1,4";"282,0";"3,0";"1385,00";"0,0"
"26/10/2024";"2000";"33,2";"34,6";"33,2";"60,0";"60,0";"49,0";"24,2";"24,4";"22,1";"";"";"";"1,2";"266,0";"3,2";"1202,30";"0,0"
"26/10/2024";"2100";"31,9";"33,2";"31,7";"61,0";"62,0";"54,0";"23,3";"24,2";"22,1";"";"";"";"0,8";"199,0";"2,6";"195,20";"0,0"
"26/10/2024";"2200";"26,2";"31,9";"26,2";"73,0";"73,0";"59,0";"21,1";"24,2";"19,9";"";"";"";"2,2";"201,0";"6,9";"29,60";"0,0"
"26/10/2024";"2300";"25,9";"26,8";"25,4";"77,0";"81,0";"70,0";"21,5";"21,8";"21,0";"";"";"";"1,0";"232,0";"6,1";"0,10";"0,0"
"27/10/2024";"0000";"25,1";"26,3";"25,1";"81,0";"81,0";"77,0";"21,6";"22,6";"21,5";"";"";"";"2,2";"198,0";"7,2";"";"0,0"
"27/10/2024";"0100";"24,9";"25,2";"24,8";"83,0";"83,0";"81,0";"21,8";"22,0";"21,6";"";"";"";"1,1";"210,0";"4,4";"";"0,0"
"27/10/2024";"0200";"24,5";"24,9";"24,5";"85,0";"85,0";"83,0";"21,9";"21,9";"21,5";"";"";"";"1,3";"220,0";"2,8";"";"0,0"
"27/10/2024";"0300";"24,2";"24,5";"24,1";"87,0";"89,0";"85,0";"21,9";"22,1";"21,7";"";"";"";"0,3";"219,0";"2,9";"";"0,0"
"27/10/2024";"0400";"23,7";"26,1";"23,7";"83,0";"88,0";"75,0";"20,7";"22,1";"20,7";"";"";"";"5,0";"267,0";"11,9";"0,30";"0,0"
"27/10/2024";"0500";"23,1";"23,8";"22,8";"90,0";"91,0";"83,0";"21,4";"21,4";"20,5";"";"";"";"0,7";"233,0";"12,2";"4,00";"0,0"
"27/10/2024";"0600";"23,3";"23,3";"22,7";"90,0";"94,0";"90,0";"21,6";"21,9";"21,5";"";"";"";"0,6";"209,0";"3,4";"1,30";"0,0"
"27/10/2024";"0700";"23,2";"23,4";"23,1";"93,0";"93,0";"90,0";"22,0";"22,0";"21,6";"";"";"";"1,6";"226,0";"3,7";"0,20";"0,0"
"27/10/2024";"0800";"22,9";"23,2";"22,9";"95,0";"95,0";"93,0";"22,2";"22,2";"21,9";"";"";"";"0,0";"227,0";"3,7";"";"0,0"
"27/10/2024";"0900";"23,0";"23,0";"22,9";"96,0";"97,0";"95,0";"22,3";"22,4";"22,0";"";"";"";"0,2";"318,0";"2,5";"";"0,0"
"27/10/2024";"1000";"22,9";"23,0";"22,8";"97,0";"97,0";"96,0";"22,4";"22,4";"22,2";"";"";"";"0,2";"329,0";"2,5";"8,60";"0,0"
"27/10/2024";"1100";"23,2";"23,3";"22,9";"95,0";"97,0";"95,0";"22,4";"22,6";"22,3";"";"";"";"0,1";"248,0";"2,3";"101,90";"0,0"
"27/10/2024";"1200";"23,1";"23,3";"22,9";"97,0";"98,0";"95,0";"22,7";"22,8";"22,2";"";"";"";"1,9";"225,0";"3,5";"196,00";"0,0"
"27/10/2024";"1300";"22,7";"23,1";"22,6";"98,0";"98,0";"97,0";"22,4";"22,7";"22,3";"";"";"";"2,2";"245,0";"4,4";"105,50";"0,4"
"27/10/2024";"1400";"23,2";"23,2";"22,7";"96,0";"99,0";"96,0";"22,4";"23,0";"22,4";"";"";"";"1,7";"219,0";"4,4";"321,00";"0,0"
"27/10/2024";"1500";"23,8";"24,0";"23,2";"92,0";"96,0";"91,0";"22,4";"22,8";"22,2";"";"";"";"1,7";"198,0";"3,6";"768,10";"0,0"
"27/10/2024";"1600";"23,7";"23,9";"23,5";"95,0";"95,0";"92,0";"22,9";"22,9";"22,4";"";"";"";"1,7";"195,0";"3,7";"669,90";"0,0"
"27/10/2024";"1700";"24,3";"24,3";"23,5";"92,0";"96,0";"92,0";"22,9";"23,2";"22,6";"";"";"";"2,0";"228,0";"5,6";"1047,60";"0,0"
"27/10/2024";"1800";"24,7";"24,7";"24,3";"88,0";"93,0";"87,0";"22,5";"23,4";"22,1";"";"";"";"1,7";"204,0";"3,7";"911,20";"0,0"
"27/10/2024";"1900";"24,3";"24,8";"24,2";"89,0";"91,0";"88,0";"22,5";"23,0";"22,3";"";"";"";"1,9";"203,0";"3,9";"576,50";"0,0"
"27/10/2024";"2000";"24,4";"24,5";"24,3";"90,0";"90,0";"87,0";"22,6";"22,7";"22,1";"";"";"";"1,1";"231,0";"3,4";"616,40";"0,0"
"27/10/2024";"2100";"23,9";"24,8";"23,9";"89,0";"91,0";"87,0";"22,1";"22,9";"22,0";"";"";"";"2,0";"223,0";"4,1";"555,60";"0,0"
"27/10/2024";"2200";"23,1";"23,9";"23,1";"93,0";"93,0";"89,0";"22,0";"22,1";"21,8";"";"";"";"0,0";"270,0";"3,8";"147,10";"0,0"
"27/10/2024";"2300";"22,7";"23,1";"22,7";"95,0";"95,0";"94,0";"21,9";"22,0";"21,9";"";"";"";"0,0";"203,0";"1,1";"";"0,0"
"28/10/2024";"0000";"22,2";"22,7";"22,2";"98,0";"98,0";"95,0";"21,9";"22,0";"21,8";"";"";"";"0,4";"187,0";"1,6";"";"0,0"
"28/10/2024";"0100";"21,9";"22,2";"21,9";"98,0";"98,0";"98,0";"21,6";"21,9";"21,6";"";"";"";"0,1";"202,0";"2,0";"";"0,0"
"28/10/2024";"0200";"21,8";"22,0";"21,8";"98,0";"98,0";"98,0";"21,5";"21,7";"21,5";"";"";"";"0,7";"191,0";"1,9";"";"0,0"
"28/10/2024";"0300";"21,6";"21,8";"21,6";"98,0";"98,0";"98,0";"21,3";"21,5";"21,2";"";"";"";"0,8";"197,0";"2,2";"";"0,0"
"28/10/2024";"0400";"21,4";"21,7";"21,4";"99,0";"99,0";"98,0";"21,2";"21,3";"21,2";"";"";"";"0,4";"215,0";"2,6";"";"0,0"
"28/10/2024";"0500";"21,1";"21,4";"21,1";"99,0";"99,0";"99,0";"21,0";"21,2";"21,0";"";"";"";"0,1";"221,0";"1,8";"";"0,0"
"28/10/2024";"0600";"21,1";"21,2";"21,0";"100,0";"100,0";"99,0";"21,0";"21,1";"20,9";"";"";"";"0,1";"202,0";"1,7";"";"0,0"
"28/10/2024";"0700";"21,0";"21,1";"20,9";"100,0";"100,0";"100,0";"21,0";"21,0";"20,9";"";"";"";"0,7";"206,0";"2,2";"";"0,0"
"28/10/2024";"0800";"21,3";"21,3";"21,0";"100,0";"100,0";"100,0";"21,3";"21,3";"21,0";"";"";"";"1,0";"220,0";"2,6";"";"0,0"
"28/10/2024";"0900";"21,4";"21,5";"21,3";"100,0";"100,0";"100,0";"21,4";"21,5";"21,3";"";"";"";"0,1";"202,0";"5,3";"";"0,0"
"28/10/2024";"1000";"21,4";"21,4";"21,2";"100,0";"100,0";"100,0";"21,4";"21,4";"21,2";"";"";"";"0,9";"191,0";"2,1";"27,70";"0,0"
"28/10/2024";"1100";"22,3";"22,4";"21,4";"100,0";"100,0";"100,0";"22,2";"22,3";"21,4";"";"";"";"0,9";"200,0";"2,8";"344,80";"0,0"
"28/10/2024";"1200";"23,7";"23,7";"22,3";"95,0";"100,0";"95,0";"22,8";"22,8";"22,2";"";"";"";"0,9";"204,0";"3,3";"642,70";"0,2"
"28/10/2024";"1300";"25,5";"25,5";"23,4";"88,0";"95,0";"86,0";"23,3";"23,3";"22,3";"";"";"";"2,0";"203,0";"5,0";"1308,50";"0,0"
"28/10/2024";"1400";"26,4";"26,4";"25,4";"82,0";"88,0";"82,0";"23,1";"23,6";"22,7";"";"";"";"1,6";"221,0";"4,7";"1475,90";"0,0"
"28/10/2024";"1500";"28,2";"28,4";"26,4";"76,0";"83,0";"73,0";"23,7";"24,0";"22,9";"";"";"";"2,4";"236,0";"5,1";"2599,00";"0,0"
"28/10/2024";"1600";"29,1";"29,6";"27,8";"69,0";"78,0";"69,0";"22,9";"24,4";"22,8";"";"";"";"2,8";"244,0";"6,1";"2322,20";"0,0"
"28/10/2024";"1700";"30,2";"30,5";"29,1";"67,0";"72,0";"64,0";"23,4";"23,9";"22,7";"";"";"";"2,7";"241,0";"5,9";"2721,70";"0,0"
"28/10/2024";"1800";"30,2";"30,7";"29,3";"66,0";"69,0";"64,0";"23,0";"24,0";"22,6";"";"";"";"2,1";"225,0";"5,0";"1670,70";"0,0"
"28/10/2024";"1900";"30,8";"31,9";"30,2";"62,0";"67,0";"60,0";"22,7";"23,9";"22,1";"";"";"";"1,4";"219,0";"5,4";"2449,90";"0,0"
"28/10/2024";"2000";"31,3";"31,6";"30,8";"57,0";"63,0";"55,0";"21,7";"23,2";"21,3";"";"";"";"1,6";"210,0";"6,6";"1889,20";"0,0"
"28/10/2024";"2100";"30,8";"31,6";"30,6";"59,0";"60,0";"55,0";"21,7";"22,4";"21,0";"";"";"";"0,9";"224,0";"3,6";"914,60";"0,0"
"28/10/2024";"2200";"28,8";"30,8";"28,8";"68,0";"68,0";"57,0";"22,2";"22,3";"21,3";"";"";"";"0,5";"217,0";"2,5";"167,30";"0,0"
"28/10/2024";"2300";"27,4";"28,8";"27,3";"79,0";"79,0";"68,0";"23,4";"23,4";"22,3";"";"";"";"1,3";"224,0";"3,2";"";"0,0"
"29/10/2024";"0000";"25,8";"27,5";"25,8";"87,0";"87,0";"79,0";"23,4";"23,5";"23,4";"";"";"";"0,5";"190,0";"3,6";"";"0,0"
"29/10/2024";"0100";"25,3";"25,8";"25,1";"90,0";"90,0";"87,0";"23,5";"23,5";"23,4";"";"";"";"0,3";"210,0";"1,8";"";"0,0"
"29/10/2024";"0200";"24,6";"25,4";"24,6";"92,0";"92,0";"89,0";"23,2";"23,5";"23,2";"";"";"";"0,5";"190,0";"2,1";"";"0,0"
"29/10/2024";"0300";"23,8";"24,7";"23,8";"95,0";"95,0";"92,0";"23,0";"23,3";"23,0";"";"";"";"0,0";"195,0";"1,8";"";"0,0"
"29/10/2024";"0400";"23,5";"23,9";"23,5";"96,0";"96,0";"95,0";"22,8";"23,1";"22,8";"";"";"";"0,0";"219,0";"1,1";"";"0,0"
"29/10/2024";"0500";"23,3";"23,5";"23,2";"96,0";"97,0";"96,0";"22,6";"22,9";"22,6";"";"";"";"0,1";"204,0";"1,3";"";"0,0"
"29/10/2024";"0600";"23,2";"23,3";"22,8";"97,0";"98,0";"96,0";"22,6";"22,8";"22,3";"";"";"";"0,4";"237,0";"1,9";"";"0,0"
"29/10/2024";"0700";"22,8";"23,5";"22,7";"98,0";"98,0";"95,0";"22,4";"22,9";"22,2";"";"";"";"0,0";"236,0";"2,3";"";"0,0"
"29/10/2024";"0800";"22,4";"22,9";"22,4";"98,0";"98,0";"97,0";"22,1";"22,5";"22,1";"";"";"";"0,0";"306,0";"1,6";"";"0,0"
"29/10/2024";"0900";"22,1";"22,4";"22,1";"99,0";"99,0";"98,0";"22,0";"22,2";"22,0";"";"";"";"0,2";"226,0";"0,9";"";"0,0"
"29/10/2024";"1000";"22,1";"22,1";"21,9";"100,0";"100,0";"99,0";"22,1";"22,1";"21,8";"";"";"";"0,0";"259,0";"0,9";"32,20";"0,0"
"29/10/2024";"1100";"25,5";"25,5";"22,1";"91,0";"100,0";"91,0";"23,8";"24,5";"22,1";"";"";"";"0,0";"224,0";"0,9";"541,50";"0,0"
"29/10/2024";"1200";"26,8";"26,8";"24,9";"85,0";"91,0";"85,0";"24,1";"24,4";"23,0";"";"";"";"1,3";"203,0";"2,4";"1390,70";"0,0"
"29/10/2024";"1300";"30,3";"30,4";"26,8";"68,0";"85,0";"67,0";"23,7";"24,5";"23,3";"";"";"";"1,3";"211,0";"3,7";"2221,30";"0,0"
"29/10/2024";"1400";"32,0";"32,0";"30,0";"59,0";"70,0";"58,0";"23,1";"24,2";"22,0";"";"";"";"1,0";"204,0";"3,8";"2947,30";"0,0"
"29/10/2024";"1500";"31,9";"33,3";"31,5";"59,0";"62,0";"52,0";"22,8";"24,2";"21,1";"";"";"";"0,6";"222,0";"3,5";"2551,60";"0,0"
"29/10/2024";"1600";"32,8";"33,6";"31,7";"54,0";"59,0";"51,0";"22,4";"23,8";"21,3";"";"";"";"2,2";"201,0";"4,5";"2922,70";"0,0"
"29/10/2024";"1700";"33,6";"34,4";"31,9";"47,0";"56,0";"47,0";"20,9";"23,1";"20,8";"";"";"";"1,4";"205,0";"5,0";"3013,40";"0,0"
"29/10/2024";"1800";"34,8";"34,9";"33,2";"47,0";"52,0";"45,0";"21,8";"22,8";"20,3";"";"";"";"0,9";"238,0";"4,1";"3305,90";"0,0"
"29/10/2024";"1900";"34,6";"35,4";"33,2";"41,0";"50,0";"41,0";"19,6";"22,2";"19,4";"";"";"";"1,6";"216,0";"4,0";"2485,00";"0,0"
"29/10/2024";"2000";"32,9";"35,2";"32,9";"48,0";"48,0";"40,0";"20,4";"21,4";"18,9";"";"";"";"1,2";"310,0";"4,5";"1500,60";"0,0"
"29/10/2024";"2100";"30,5";"32,9";"30,4";"59,0";"62,0";"48,0";"21,7";"22,4";"20,9";"";"";"";"3,5";"309,0";"5,8";"488,00";"0,0"
"29/10/2024";"2200";"27,5";"30,5";"27,5";"70,0";"70,0";"59,0";"21,5";"21,9";"21,4";"";"";"";"1,0";"287,0";"6,2";"155,70";"0,0"
"29/10/2024";"2300";"26,3";"27,4";"26,0";"75,0";"78,0";"70,0";"21,6";"21,8";"21,3";"";"";"";"0,0";"222,0";"3,3";"";"0,0"
"30/10/2024";"0000";"26,0";"26,6";"25,9";"73,0";"77,0";"70,0";"20,8";"21,7";"20,6";"";"";"";"0,0";"234,0";"1,3";"";"0,0"
"30/10/2024";"0100";"25,4";"26,0";"25,4";"79,0";"79,0";"73,0";"21,5";"21,5";"20,8";"";"";"";"0,0";"200,0";"0,4";"";"0,0"
"30/10/2024";"0200";"24,5";"25,4";"24,4";"87,0";"87,0";"79,0";"22,2";"22,2";"21,3";"";"";"";"0,2";"185,0";"1,0";"";"0,0"
"30/10/2024";"0300";"24,0";"24,6";"24,0";"89,0";"89,0";"85,0";"22,0";"22,2";"21,7";"";"";"";"0,7";"298,0";"2,0";"";"0,0"
"30/10/2024";"0400";"23,8";"24,0";"23,5";"92,0";"92,0";"89,0";"22,5";"22,5";"22,0";"";"";"";"0,0";"207,0";"2,0";"";"0,0"
"30/10/2024";"0500";"23,5";"23,9";"23,3";"94,0";"94,0";"92,0";"22,4";"22,5";"22,2";"";"";"";"0,0";"221,0";"0,5";"";"0,0"
"30/10/2024";"0600";"23,7";"23,7";"23,2";"93,0";"94,0";"93,0";"22,5";"22,5";"22,1";"";"";"";"0,0";"231,0";"0,0";"";"0,0"
"30/10/2024";"0700";"23,0";"23,8";"22,8";"96,0";"97,0";"92,0";"22,3";"22,5";"22,0";"";"";"";"0,2";"297,0";"3,5";"";"0,0"
"30/10/2024";"0800";"22,8";"23,1";"22,7";"96,0";"97,0";"95,0";"22,2";"22,4";"22,1";"";"";"";"0,1";"243,0";"2,2";"";"0,0"
"30/10/2024";"0900";"23,0";"23,0";"22,7";"96,0";"97,0";"96,0";"22,4";"22,4";"22,1";"";"";"";"0,0";"290,0";"1,8";"";"0,0"
"30/10/2024";"1000";"23,3";"23,3";"22,8";"94,0";"97,0";"94,0";"22,4";"22,5";"22,2";"";"";"";"0,0";"300,0";"2,4";"8,00";"0,0"
"30/10/2024";"1100";"24,6";"24,6";"23,3";"88,0";"94,0";"88,0";"22,5";"22,7";"22,1";"";"";"";"0,0";"314,0";"1,2";"208,70";"0,0"
"30/10/2024";"1200";"25,5";"25,5";"24,6";"82,0";"89,0";"81,0";"22,3";"23,4";"22,0";"";"";"";"0,5";"292,0";"1,9";"398,40";"0,0"
"30/10/2024";"1300";"26,6";"26,7";"25,5";"82,0";"85,0";"78,0";"23,3";"23,3";"22,1";"";"";"";"1,6";"232,0";"4,2";"795,30";"0,0"
"30/10/2024";"1400";"26,7";"27,2";"26,2";"77,0";"83,0";"76,0";"22,4";"23,3";"22,2";"";"";"";"3,1";"269,0";"6,3";"1190,60";"0,0"
"30/10/2024";"1500";"27,6";"27,6";"26,7";"76,0";"79,0";"75,0";"22,9";"23,2";"22,3";"";"";"";"2,5";"229,0";"5,7";"1319,20";"0,0"
"30/10/2024";"1600";"27,9";"28,1";"27,3";"74,0";"76,0";"72,0";"22,9";"23,3";"22,1";"";"";"";"1,5";"233,0";"5,0";"1352,10";"0,0"
"30/10/2024";"1700";"30,1";"30,3";"27,8";"68,0";"76,0";"67,0";"23,4";"23,9";"22,4";"";"";"";"1,8";"216,0";"3,4";"2558,90";"0,0"
"30/10/2024";"1800";"28,8";"30,7";"28,4";"68,0";"69,0";"64,0";"22,2";"24,0";"21,3";"";"";"";"1,6";"233,0";"4,4";"1686,10";"0,0"
"30/10/2024";"1900";"30,2";"30,2";"28,5";"62,0";"70,0";"62,0";"22,1";"22,9";"21,6";"";"";"";"2,3";"233,0";"3,6";"1659,10";"0,0"
"30/10/2024";"2000";"29,1";"31,1";"29,1";"65,0";"66,0";"56,0";"21,9";"22,5";"21,0";"";"";"";"1,9";"255,0";"4,5";"1325,30";"0,0"
"30/10/2024";"2100";"29,3";"29,6";"29,1";"66,0";"68,0";"64,0";"22,4";"22,9";"21,7";"";"";"";"1,7";"263,0";"4,5";"769,60";"0,0"
"30/10/2024";"2200";"28,0";"29,4";"28,0";"72,0";"72,0";"65,0";"22,4";"22,6";"22,0";"";"";"";"0,8";"247,0";"3,7";"215,00";"0,0"
"30/10/2024";"2300";"26,8";"28,0";"26,8";"78,0";"78,0";"72,0";"22,6";"22,6";"22,3";"";"";"";"0,2";"281,0";"2,0";"";"0,0"
"31/10/2024";"0000";"25,8";"26,9";"25,8";"85,0";"85,0";"77,0";"23,1";"23,1";"22,6";"";"";"";"0,7";"266,0";"2,6";"";"0,0"
"31/10/2024";"0100";"25,3";"25,8";"25,3";"87,0";"88,0";"85,0";"23,0";"23,2";"23,0";"";"";"";"1,3";"248,0";"2,5";"";"0,0"
"31/10/2024";"0200";"24,8";"25,3";"24,8";"90,0";"90,0";"87,0";"23,0";"23,1";"22,9";"";"";"";"2,2";"264,0";"3,7";"";"0,0"
"31/10/2024";"0300";"24,2";"24,9";"24,2";"92,0";"92,0";"89,0";"22,8";"23,0";"22,7";"";"";"";"1,2";"223,0";"4,9";"";"0,0"
"31/10/2024";"0400";"24,0";"24,2";"24,0";"93,0";"94,0";"92,0";"22,9";"23,0";"22,9";"";"";"";"1,6";"261,0";"3,3";"";"0,0"
"31/10/2024";"0500";"23,6";"24,0";"23,6";"95,0";"95,0";"93,0";"22,7";"22,9";"22,7";"";"";"";"0,2";"274,0";"3,1";"";"0,0"
"31/10/2024";"0600";"23,3";"23,6";"23,2";"97,0";"97,0";"95,0";"22,7";"22,8";"22,6";"";"";"";"0,9";"302,0";"2,6";"";"0,0"
"31/10/2024";"0700";"23,2";"23,3";"23,2";"98,0";"98,0";"97,0";"22,8";"22,8";"22,7";"";"";"";"0,0";"316,0";"2,6";"";"0,0"
"31/10/2024";"0800";"23,1";"23,2";"23,1";"97,0";"98,0";"97,0";"22,6";"22,8";"22,6";"";"";"";"0,8";"277,0";"2,1";"";"0,0"
"31/10/2024";"0900";"23,2";"23,2";"22,9";"97,0";"98,0";"97,0";"22,7";"22,7";"22,5";"";"";"";"0,0";"289,0";"2,1";"";"0,0"
"31/10/2024";"1000";"23,2";"23,3";"23,2";"97,0";"97,0";"97,0";"22,8";"22,8";"22,6";"";"";"";"0,1";"318,0";"1,5";"21,60";"0,0"
"31/10/2024";"1100";"24,4";"24,4";"23,2";"95,0";"97,0";"95,0";"23,5";"23,5";"22,7";"";"";"";"0,6";"313,0";"2,2";"292,40";"0,0"
"31/10/2024";"1200";"26,6";"26,7";"24,4";"82,0";"95,0";"80,0";"23,2";"23,9";"22,4";"";"";"";"0,3";"317,0";"3,0";"1262,10";"0,0"
"31/10/2024";"1300";"27,4";"27,8";"26,6";"76,0";"82,0";"74,0";"22,7";"23,6";"22,5";"";"";"";"0,8";"256,0";"3,1";"1601,00";"0,0"
"31/10/2024";"1400";"28,7";"29,0";"27,4";"71,0";"77,0";"70,0";"22,9";"24,0";"22,5";"";"";"";"1,3";"318,0";"3,4";"1668,90";"0,0"
"31/10/2024";"1500";"30,3";"30,6";"28,6";"67,0";"73,0";"67,0";"23,5";"24,1";"22,9";"";"";"";"0,9";"323,0";"3,6";"2025,70";"0,0"
"31/10/2024";"1600";"31,9";"32,2";"29,9";"58,0";"71,0";"56,0";"22,6";"24,3";"22,2";"";"";"";"1,1";"321,0";"5,0";"3071,40";"0,0"
"31/10/2024";"1700";"30,0";"33,5";"30,0";"62,0";"64,0";"52,0";"21,9";"23,9";"21,6";"";"";"";"1,0";"320,0";"5,0";"1578,10";"0,0"
"31/10/2024";"1800";"22,7";"30,0";"22,7";"92,0";"92,0";"61,0";"21,4";"22,6";"21,3";"";"";"";"3,3";"205,0";"8,0";"74,10";"0,0"
"31/10/2024";"1900";"22,2";"22,8";"22,1";"99,0";"99,0";"92,0";"22,0";"22,0";"21,5";"";"";"";"0,6";"201,0";"7,5";"32,50";"0,2"
"31/10/2024";"2000";"22,5";"22,6";"22,2";"98,0";"99,0";"97,0";"22,2";"22,4";"22,0";"";"";"";"1,8";"232,0";"3,2";"71,90";"0,0"
"31/10/2024";"2100";"22,5";"22,5";"22,3";"99,0";"99,0";"98,0";"22,3";"22,3";"22,2";"";"";"";"0,0";"295,0";"3,6";"155,30";"0,0"
"31/10/2024";"2200";"22,5";"22,7";"22,5";"99,0";"99,0";"99,0";"22,4";"22,5";"22,3";"";"";"";"0,4";"242,0";"2,2";"42,50";"0,0"
"31/10/2024";"2300";"22,6";"22,8";"22,4";"99,0";"99,0";"99,0";"22,4";"22,6";"22,3";"";"";"";"1,5";"323,0";"3,9";"";"0,0"
"01/11/2024";"0000";"22,4";"22,6";"22,4";"99,0";"99,0";"99,0";"22,3";"22,4";"22,3";"";"";"";"0,1";"315,0";"3,9";"";"0,0"
"01/11/2024";"0100";"22,4";"22,5";"22,4";"99,0";"99,0";"99,0";"22,3";"22,4";"22,3";"";"";"";"0,0";"320,0";"1,6";"";"0,0"
"01/11/2024";"0200";"22,5";"22,6";"22,3";"99,0";"99,0";"99,0";"22,4";"22,4";"22,2";"";"";"";"0,0";"284,0";"0,9";"";"0,0"
"01/11/2024";"0300";"22,4";"22,7";"22,4";"99,0";"99,0";"99,0";"22,3";"22,6";"22,3";"";"";"";"0,5";"199,0";"1,4";"";"0,0"
"01/11/2024";"0400";"22,3";"22,4";"22,3";"100,0";"100,0";"99,0";"22,2";"22,3";"22,2";"";"";"";"0,4";"215,0";"1,6";"";"0,0"
"01/11/2024";"0500";"22,3";"22,3";"22,2";"100,0";"100,0";"100,0";"22,2";"22,3";"22,2";"";"";"";"0,4";"223,0";"1,6";"";"0,0"
"01/11/2024";"0600";"22,3";"22,4";"22,3";"100,0";"100,0";"100,0";"22,3";"22,3";"22,2";"";"";"";"0,0";"260,0";"1,3";"";"0,0"
"01/11/2024";"0700";"22,3";"22,4";"22,3";"100,0";"100,0";"100,0";"22,3";"22,4";"22,2";"";"";"";"0,0";"288,0";"1,1";"";"0,0"
"01/11/2024";"0800";"22,1";"22,3";"22,1";"100,0";"100,0";"100,0";"22,1";"22,3";"22,1";"";"";"";"0,0";"280,0";"1,2";"";"0,0"
"01/11/2024";"0900";"22,1";"22,1";"22,0";"100,0";"100,0";"100,0";"22,1";"22,1";"22,0";"";"";"";"0,0";"294,0";"1,1";"";"0,0"
"01/11/2024";"1000";"22,0";"22,1";"21,8";"100,0";"100,0";"100,0";"22,0";"22,1";"21,8";"";"";"";"0,0";"234,0";"0,9";"30,80";"0,0"
"01/11/2024";"1100";"";"";"";"";"";"";"";"";"";"";"";"";"";"";"";"";""
"01/11/2024";"1200";"";"";"";"";"";"";"";"";"";"";"";"";"";"";"";"";""
"01/11/2024";"1300";"";"";"";"";"";"";"";"";"";"";"";"";"";"";"";"";""
"01/11/2024";"1400";"";"";"";"";"";"";"";"";"";"";"";"";"";"";"";"";""
"01/11/2024";"1500";"";"";"";"";"";"";"";"";"";"";"";"";"";"";"";"";""
"01/11/2024";"1600";"";"";"";"";"";"";"";"";"";"";"";"";"";"";"";"";""
"01/11/2024";"1700";"";"";"";"";"";"";"";"";"";"";"";"";"";"";"";"";""
"01/11/2024";"1800";"";"";"";"";"";"";"";"";"";"";"";"";"";"";"";"";""
"01/11/2024";"1900";"";"";"";"";"";"";"";"";"";"";"";"";"";"";"";"";""
"01/11/2024";"2000";"";"";"";"";"";"";"";"";"";"";"";"";"";"";"";"";""
"01/11/2024";"2100";"";"";"";"";"";"";"";"";"";"";"";"";"";"";"";"";""
"01/11/2024";"2200";"";"";"";"";"";"";"";"";"";"";"";"";"";"";"";"";""
"01/11/2024";"2300";"";"";"";"";"";"";"";"";"";"";"";"";"";"";"";"";""
"02/11/2024";"0000";"";"";"";"";"";"";"";"";"";"";"";"";"";"";"";"";""
"02/11/2024";"0100";"";"";"";"";"";"";"";"";"";"";"";"";"";"";"";"";""
"02/11/2024";"0200";"";"";"";"";"";"";"";"";"";"";"";"";"";"";"";"";""
"02/11/2024";"0300";"";"";"";"";"";"";"";"";"";"";"";"";"";"";"";"";""
"02/11/2024";"0400";"";"";"";"";"";"";"";"";"";"";"";"";"";"";"";"";""
"02/11/2024";"0500";"";"";"";"";"";"";"";"";"";"";"";"";"";"";"";"";""
"02/11/2024";"0600";"";"";"";"";"";"";"";"";"";"";"";"";"";"";"";"";""
"02/11/2024";"0700";"";"";"";"";"";"";"";"";"";"";"";"";"";"";"";"";""
"02/11/2024";"0800";"";"";"";"";"";"";"";"";"";"";"";"";"";"";"";"";""
"02/11/2024";"0900";"";"";"";"";"";"";"";"";"";"";"";"";"";"";"";"";""
"02/11/2024";"1000";"";"";"";"";"";"";"";"";"";"";"";"";"";"";"";"";""
"02/11/2024";"1100";"";"";"";"";"";"";"";"";"";"";"";"";"";"";"";"";""
"02/11/2024";"1200";"";"";"";"";"";"";"";"";"";"";"";"";"";"";"";"";""
"02/11/2024";"1300";"";"";"";"";"";"";"";"";"";"";"";"";"";"";"";"";""
"02/11/2024";"1400";"";"";"";"";"";"";"";"";"";"";"";"";"";"";"";"";""
"02/11/2024";"1500";"";"";"";"";"";"";"";"";"";"";"";"";"";"";"";"";""
"02/11/2024";"1600";"";"";"";"";"";"";"";"";"";"";"";"";"";"";"";"";""
"02/11/2024";"1700";"";"";"";"";"";"";"";"";"";"";"";"";"";"";"";"";""
"02/11/2024";"1800";"";"";"";"";"";"";"";"";"";"";"";"";"";"";"";"";""
"02/11/2024";"1900";"";"";"";"";"";"";"";"";"";"";"";"";"";"";"";"";""
"02/11/2024";"2000";"";"";"";"";"";"";"";"";"";"";"";"";"";"";"";"";""
"02/11/2024";"2100";"";"";"";"";"";"";"";"";"";"";"";"";"";"";"";"";""
"02/11/2024";"2200";"";"";"";"";"";"";"";"";"";"";"";"";"";"";"";"";""
"02/11/2024";"2300";"";"";"";"";"";"";"";"";"";"";"";"";"";"";"";"";""
"03/11/2024";"0000";"";"";"";"";"";"";"";"";"";"";"";"";"";"";"";"";""
"03/11/2024";"0100";"";"";"";"";"";"";"";"";"";"";"";"";"";"";"";"";""
"03/11/2024";"0200";"";"";"";"";"";"";"";"";"";"";"";"";"";"";"";"";""
"03/11/2024";"0300";"";"";"";"";"";"";"";"";"";"";"";"";"";"";"";"";""
"03/11/2024";"0400";"";"";"";"";"";"";"";"";"";"";"";"";"";"";"";"";""
"03/11/2024";"0500";"";"";"";"";"";"";"";"";"";"";"";"";"";"";"";"";""
"03/11/2024";"0600";"";"";"";"";"";"";"";"";"";"";"";"";"";"";"";"";""
"03/11/2024";"0700";"";"";"";"";"";"";"";"";"";"";"";"";"";"";"";"";""
"03/11/2024";"0800";"";"";"";"";"";"";"";"";"";"";"";"";"";"";"";"";""
"03/11/2024";"0900";"";"";"";"";"";"";"";"";"";"";"";"";"";"";"";"";""
"03/11/2024";"1000";"";"";"";"";"";"";"";"";"";"";"";"";"";"";"";"";""
"03/11/2024";"1100";"";"";"";"";"";"";"";"";"";"";"";"";"";"";"";"";""
"03/11/2024";"1200";"";"";"";"";"";"";"";"";"";"";"";"";"";"";"";"";""
"03/11/2024";"1300";"";"";"";"";"";"";"";"";"";"";"";"";"";"";"";"";""
"03/11/2024";"1400";"";"";"";"";"";"";"";"";"";"";"";"";"";"";"";"";""
"03/11/2024";"1500";"";"";"";"";"";"";"";"";"";"";"";"";"";"";"";"";""
"03/11/2024";"1600";"";"";"";"";"";"";"";"";"";"";"";"";"";"";"";"";""
"03/11/2024";"1700";"";"";"";"";"";"";"";"";"";"";"";"";"";"";"";"";""
"03/11/2024";"1800";"";"";"";"";"";"";"";"";"";"";"";"";"";"";"";"";""
"03/11/2024";"1900";"";"";"";"";"";"";"";"";"";"";"";"";"";"";"";"";""
"03/11/2024";"2000";"";"";"";"";"";"";"";"";"";"";"";"";"";"";"";"";""
"03/11/2024";"2100";"";"";"";"";"";"";"";"";"";"";"";"";"";"";"";"";""
"03/11/2024";"2200";"";"";"";"";"";"";"";"";"";"";"";"";"";"";"";"";""
"03/11/2024";"2300";"";"";"";"";"";"";"";"";"";"";"";"";"";"";"";"";""
"04/11/2024";"0000";"";"";"";"";"";"";"";"";"";"";"";"";"";"";"";"";""
"04/11/2024";"0100";"";"";"";"";"";"";"";"";"";"";"";"";"";"";"";"";""
"04/11/2024";"0200";"";"";"";"";"";"";"";"";"";"";"";"";"";"";"";"";""
"04/11/2024";"0300";"";"";"";"";"";"";"";"";"";"";"";"";"";"";"";"";""
"04/11/2024";"0400";"";"";"";"";"";"";"";"";"";"";"";"";"";"";"";"";""
"04/11/2024";"0500";"";"";"";"";"";"";"";"";"";"";"";"";"";"";"";"";""
"04/11/2024";"0600";"";"";"";"";"";"";"";"";"";"";"";"";"";"";"";"";""
"04/11/2024";"0700";"";"";"";"";"";"";"";"";"";"";"";"";"";"";"";"";""
"04/11/2024";"0800";"";"";"";"";"";"";"";"";"";"";"";"";"";"";"";"";""
"04/11/2024";"0900";"";"";"";"";"";"";"";"";"";"";"";"";"";"";"";"";""
"04/11/2024";"1000";"";"";"";"";"";"";"";"";"";"";"";"";"";"";"";"";""
"04/11/2024";"1100";"";"";"";"";"";"";"";"";"";"";"";"";"";"";"";"";""
"04/11/2024";"1200";"";"";"";"";"";"";"";"";"";"";"";"";"";"";"";"";""
"04/11/2024";"1300";"";"";"";"";"";"";"";"";"";"";"";"";"";"";"";"";""
"04/11/2024";"1400";"";"";"";"";"";"";"";"";"";"";"";"";"";"";"";"";""
"04/11/2024";"1500";"";"";"";"";"";"";"";"";"";"";"";"";"";"";"";"";""
"04/11/2024";"1600";"";"";"";"";"";"";"";"";"";"";"";"";"";"";"";"";""
"04/11/2024";"1700";"";"";"";"";"";"";"";"";"";"";"";"";"";"";"";"";""
"04/11/2024";"1800";"";"";"";"";"";"";"";"";"";"";"";"";"";"";"";"";""
"04/11/2024";"1900";"";"";"";"";"";"";"";"";"";"";"";"";"";"";"";"";""
"04/11/2024";"2000";"";"";"";"";"";"";"";"";"";"";"";"";"";"";"";"";""
"04/11/2024";"2100";"";"";"";"";"";"";"";"";"";"";"";"";"";"";"";"";""
"04/11/2024";"2200";"";"";"";"";"";"";"";"";"";"";"";"";"";"";"";"";""
"04/11/2024";"2300";"";"";"";"";"";"";"";"";"";"";"";"";"";"";"";"";""
"05/11/2024";"0000";"";"";"";"";"";"";"";"";"";"";"";"";"";"";"";"";""
"05/11/2024";"0100";"";"";"";"";"";"";"";"";"";"";"";"";"";"";"";"";""
"05/11/2024";"0200";"";"";"";"";"";"";"";"";"";"";"";"";"";"";"";"";""
"05/11/2024";"0300";"";"";"";"";"";"";"";"";"";"";"";"";"";"";"";"";""
"05/11/2024";"0400";"";"";"";"";"";"";"";"";"";"";"";"";"";"";"";"";""
"05/11/2024";"0500";"";"";"";"";"";"";"";"";"";"";"";"";"";"";"";"";""
"05/11/2024";"0600";"";"";"";"";"";"";"";"";"";"";"";"";"";"";"";"";""
"05/11/2024";"0700";"";"";"";"";"";"";"";"";"";"";"";"";"";"";"";"";""
"05/11/2024";"0800";"";"";"";"";"";"";"";"";"";"";"";"";"";"";"";"";""
"05/11/2024";"0900";"";"";"";"";"";"";"";"";"";"";"";"";"";"";"";"";""
"05/11/2024";"1000";"";"";"";"";"";"";"";"";"";"";"";"";"";"";"";"";""
"05/11/2024";"1100";"";"";"";"";"";"";"";"";"";"";"";"";"";"";"";"";""
"05/11/2024";"1200";"";"";"";"";"";"";"";"";"";"";"";"";"";"";"";"";""
"05/11/2024";"1300";"";"";"";"";"";"";"";"";"";"";"";"";"";"";"";"";""
"05/11/2024";"1400";"";"";"";"";"";"";"";"";"";"";"";"";"";"";"";"";""
"05/11/2024";"1500";"";"";"";"";"";"";"";"";"";"";"";"";"";"";"";"";""
"05/11/2024";"1600";"";"";"";"";"";"";"";"";"";"";"";"";"";"";"";"";""
"05/11/2024";"1700";"";"";"";"";"";"";"";"";"";"";"";"";"";"";"";"";""
"05/11/2024";"1800";"";"";"";"";"";"";"";"";"";"";"";"";"";"";"";"";""
"05/11/2024";"1900";"";"";"";"";"";"";"";"";"";"";"";"";"";"";"";"";""
"05/11/2024";"2000";"";"";"";"";"";"";"";"";"";"";"";"";"";"";"";"";""
"05/11/2024";"2100";"";"";"";"";"";"";"";"";"";"";"";"";"";"";"";"";""
"05/11/2024";"2200";"";"";"";"";"";"";"";"";"";"";"";"";"";"";"";"";""
"05/11/2024";"2300";"";"";"";"";"";"";"";"";"";"";"";"";"";"";"";"";""
"06/11/2024";"0000";"";"";"";"";"";"";"";"";"";"";"";"";"";"";"";"";""
"06/11/2024";"0100";"";"";"";"";"";"";"";"";"";"";"";"";"";"";"";"";""
"06/11/2024";"0200";"";"";"";"";"";"";"";"";"";"";"";"";"";"";"";"";""
"06/11/2024";"0300";"";"";"";"";"";"";"";"";"";"";"";"";"";"";"";"";""
"06/11/2024";"0400";"";"";"";"";"";"";"";"";"";"";"";"";"";"";"";"";""
"06/11/2024";"0500";"";"";"";"";"";"";"";"";"";"";"";"";"";"";"";"";""
"06/11/2024";"0600";"";"";"";"";"";"";"";"";"";"";"";"";"";"";"";"";""
"06/11/2024";"0700";"";"";"";"";"";"";"";"";"";"";"";"";"";"";"";"";""
"06/11/2024";"0800";"";"";"";"";"";"";"";"";"";"";"";"";"";"";"";"";""
"06/11/2024";"0900";"";"";"";"";"";"";"";"";"";"";"";"";"";"";"";"";""
"06/11/2024";"1000";"";"";"";"";"";"";"";"";"";"";"";"";"";"";"";"";""
"06/11/2024";"1100";"";"";"";"";"";"";"";"";"";"";"";"";"";"";"";"";""
"06/11/2024";"1200";"";"";"";"";"";"";"";"";"";"";"";"";"";"";"";"";""
"06/11/2024";"1300";"";"";"";"";"";"";"";"";"";"";"";"";"";"";"";"";""
"06/11/2024";"1400";"";"";"";"";"";"";"";"";"";"";"";"";"";"";"";"";""
"06/11/2024";"1500";"";"";"";"";"";"";"";"";"";"";"";"";"";"";"";"";""
"06/11/2024";"1600";"";"";"";"";"";"";"";"";"";"";"";"";"";"";"";"";""
"06/11/2024";"1700";"";"";"";"";"";"";"";"";"";"";"";"";"";"";"";"";""
"06/11/2024";"1800";"";"";"";"";"";"";"";"";"";"";"";"";"";"";"";"";""
"06/11/2024";"1900";"";"";"";"";"";"";"";"";"";"";"";"";"";"";"";"";""
"06/11/2024";"2000";"";"";"";"";"";"";"";"";"";"";"";"";"";"";"";"";""
"06/11/2024";"2100";"";"";"";"";"";"";"";"";"";"";"";"";"";"";"";"";""
"06/11/2024";"2200";"";"";"";"";"";"";"";"";"";"";"";"";"";"";"";"";""
"06/11/2024";"2300";"";"";"";"";"";"";"";"";"";"";"";"";"";"";"";"";""
"07/11/2024";"0000";"";"";"";"";"";"";"";"";"";"";"";"";"";"";"";"";""
"07/11/2024";"0100";"";"";"";"";"";"";"";"";"";"";"";"";"";"";"";"";""
"07/11/2024";"0200";"";"";"";"";"";"";"";"";"";"";"";"";"";"";"";"";""
"07/11/2024";"0300";"";"";"";"";"";"";"";"";"";"";"";"";"";"";"";"";""
"07/11/2024";"0400";"";"";"";"";"";"";"";"";"";"";"";"";"";"";"";"";""
"07/11/2024";"0500";"";"";"";"";"";"";"";"";"";"";"";"";"";"";"";"";""
"07/11/2024";"0600";"";"";"";"";"";"";"";"";"";"";"";"";"";"";"";"";""
"07/11/2024";"0700";"";"";"";"";"";"";"";"";"";"";"";"";"";"";"";"";""
"07/11/2024";"0800";"";"";"";"";"";"";"";"";"";"";"";"";"";"";"";"";""
"07/11/2024";"0900";"";"";"";"";"";"";"";"";"";"";"";"";"";"";"";"";""
"07/11/2024";"1000";"";"";"";"";"";"";"";"";"";"";"";"";"";"";"";"";""
"07/11/2024";"1100";"";"";"";"";"";"";"";"";"";"";"";"";"";"";"";"";""
"07/11/2024";"1200";"";"";"";"";"";"";"";"";"";"";"";"";"";"";"";"";""
"07/11/2024";"1300";"";"";"";"";"";"";"";"";"";"";"";"";"";"";"";"";""
"07/11/2024";"1400";"";"";"";"";"";"";"";"";"";"";"";"";"";"";"";"";""
"07/11/2024";"1500";"";"";"";"";"";"";"";"";"";"";"";"";"";"";"";"";""
"07/11/2024";"1600";"";"";"";"";"";"";"";"";"";"";"";"";"";"";"";"";""
"07/11/2024";"1700";"";"";"";"";"";"";"";"";"";"";"";"";"";"";"";"";""
"07/11/2024";"1800";"";"";"";"";"";"";"";"";"";"";"";"";"";"";"";"";""
"07/11/2024";"1900";"";"";"";"";"";"";"";"";"";"";"";"";"";"";"";"";""
"07/11/2024";"2000";"";"";"";"";"";"";"";"";"";"";"";"";"";"";"";"";""
"07/11/2024";"2100";"";"";"";"";"";"";"";"";"";"";"";"";"";"";"";"";""
"07/11/2024";"2200";"";"";"";"";"";"";"";"";"";"";"";"";"";"";"";"";""
"07/11/2024";"2300";"";"";"";"";"";"";"";"";"";"";"";"";"";"";"";"";""
"08/11/2024";"0000";"";"";"";"";"";"";"";"";"";"";"";"";"";"";"";"";""
"08/11/2024";"0100";"";"";"";"";"";"";"";"";"";"";"";"";"";"";"";"";""
"08/11/2024";"0200";"";"";"";"";"";"";"";"";"";"";"";"";"";"";"";"";""
"08/11/2024";"0300";"";"";"";"";"";"";"";"";"";"";"";"";"";"";"";"";""
"08/11/2024";"0400";"";"";"";"";"";"";"";"";"";"";"";"";"";"";"";"";""
"08/11/2024";"0500";"";"";"";"";"";"";"";"";"";"";"";"";"";"";"";"";""
"08/11/2024";"0600";"";"";"";"";"";"";"";"";"";"";"";"";"";"";"";"";""
"08/11/2024";"0700";"";"";"";"";"";"";"";"";"";"";"";"";"";"";"";"";""
"08/11/2024";"0800";"";"";"";"";"";"";"";"";"";"";"";"";"";"";"";"";""
"08/11/2024";"0900";"";"";"";"";"";"";"";"";"";"";"";"";"";"";"";"";""
"08/11/2024";"1000";"";"";"";"";"";"";"";"";"";"";"";"";"";"";"";"";""
"08/11/2024";"1100";"";"";"";"";"";"";"";"";"";"";"";"";"";"";"";"";""
"08/11/2024";"1200";"";"";"";"";"";"";"";"";"";"";"";"";"";"";"";"";""
"08/11/2024";"1300";"";"";"";"";"";"";"";"";"";"";"";"";"";"";"";"";""
"08/11/2024";"1400";"";"";"";"";"";"";"";"";"";"";"";"";"";"";"";"";""
"08/11/2024";"1500";"";"";"";"";"";"";"";"";"";"";"";"";"";"";"";"";""
"08/11/2024";"1600";"";"";"";"";"";"";"";"";"";"";"";"";"";"";"";"";""
"08/11/2024";"1700";"";"";"";"";"";"";"";"";"";"";"";"";"";"";"";"";""
"08/11/2024";"1800";"";"";"";"";"";"";"";"";"";"";"";"";"";"";"";"";""
"08/11/2024";"1900";"";"";"";"";"";"";"";"";"";"";"";"";"";"";"";"";""
"08/11/2024";"2000";"";"";"";"";"";"";"";"";"";"";"";"";"";"";"";"";""
"08/11/2024";"2100";"";"";"";"";"";"";"";"";"";"";"";"";"";"";"";"";""
"08/11/2024";"2200";"";"";"";"";"";"";"";"";"";"";"";"";"";"";"";"";""
"08/11/2024";"2300";"";"";"";"";"";"";"";"";"";"";"";"";"";"";"";"";""
"09/11/2024";"0000";"";"";"";"";"";"";"";"";"";"";"";"";"";"";"";"";""
"09/11/2024";"0100";"";"";"";"";"";"";"";"";"";"";"";"";"";"";"";"";""
"09/11/2024";"0200";"";"";"";"";"";"";"";"";"";"";"";"";"";"";"";"";""
"09/11/2024";"0300";"";"";"";"";"";"";"";"";"";"";"";"";"";"";"";"";""
"09/11/2024";"0400";"";"";"";"";"";"";"";"";"";"";"";"";"";"";"";"";""
"09/11/2024";"0500";"";"";"";"";"";"";"";"";"";"";"";"";"";"";"";"";""
"09/11/2024";"0600";"";"";"";"";"";"";"";"";"";"";"";"";"";"";"";"";""
"09/11/2024";"0700";"";"";"";"";"";"";"";"";"";"";"";"";"";"";"";"";""
"09/11/2024";"0800";"";"";"";"";"";"";"";"";"";"";"";"";"";"";"";"";""
"09/11/2024";"0900";"";"";"";"";"";"";"";"";"";"";"";"";"";"";"";"";""
"09/11/2024";"1000";"";"";"";"";"";"";"";"";"";"";"";"";"";"";"";"";""
"09/11/2024";"1100";"";"";"";"";"";"";"";"";"";"";"";"";"";"";"";"";""
"09/11/2024";"1200";"";"";"";"";"";"";"";"";"";"";"";"";"";"";"";"";""
"09/11/2024";"1300";"";"";"";"";"";"";"";"";"";"";"";"";"";"";"";"";""
"09/11/2024";"1400";"";"";"";"";"";"";"";"";"";"";"";"";"";"";"";"";""
"09/11/2024";"1500";"";"";"";"";"";"";"";"";"";"";"";"";"";"";"";"";""
"09/11/2024";"1600";"";"";"";"";"";"";"";"";"";"";"";"";"";"";"";"";""
"09/11/2024";"1700";"";"";"";"";"";"";"";"";"";"";"";"";"";"";"";"";""
"09/11/2024";"1800";"";"";"";"";"";"";"";"";"";"";"";"";"";"";"";"";""
"09/11/2024";"1900";"";"";"";"";"";"";"";"";"";"";"";"";"";"";"";"";""
"09/11/2024";"2000";"";"";"";"";"";"";"";"";"";"";"";"";"";"";"";"";""
"09/11/2024";"2100";"";"";"";"";"";"";"";"";"";"";"";"";"";"";"";"";""
"09/11/2024";"2200";"";"";"";"";"";"";"";"";"";"";"";"";"";"";"";"";""
"09/11/2024";"2300";"";"";"";"";"";"";"";"";"";"";"";"";"";"";"";"";""
"10/11/2024";"0000";"";"";"";"";"";"";"";"";"";"";"";"";"";"";"";"";""
"10/11/2024";"0100";"";"";"";"";"";"";"";"";"";"";"";"";"";"";"";"";""
"10/11/2024";"0200";"";"";"";"";"";"";"";"";"";"";"";"";"";"";"";"";""
"10/11/2024";"0300";"";"";"";"";"";"";"";"";"";"";"";"";"";"";"";"";""
"10/11/2024";"0400";"";"";"";"";"";"";"";"";"";"";"";"";"";"";"";"";""
"10/11/2024";"0500";"";"";"";"";"";"";"";"";"";"";"";"";"";"";"";"";""
"10/11/2024";"0600";"";"";"";"";"";"";"";"";"";"";"";"";"";"";"";"";""
"10/11/2024";"0700";"";"";"";"";"";"";"";"";"";"";"";"";"";"";"";"";""
"10/11/2024";"0800";"";"";"";"";"";"";"";"";"";"";"";"";"";"";"";"";""
"10/11/2024";"0900";"";"";"";"";"";"";"";"";"";"";"";"";"";"";"";"";""
"10/11/2024";"1000";"";"";"";"";"";"";"";"";"";"";"";"";"";"";"";"";""
"10/11/2024";"1100";"";"";"";"";"";"";"";"";"";"";"";"";"";"";"";"";""
"10/11/2024";"1200";"";"";"";"";"";"";"";"";"";"";"";"";"";"";"";"";""
"10/11/2024";"1300";"";"";"";"";"";"";"";"";"";"";"";"";"";"";"";"";""
"10/11/2024";"1400";"";"";"";"";"";"";"";"";"";"";"";"";"";"";"";"";""
"10/11/2024";"1500";"";"";"";"";"";"";"";"";"";"";"";"";"";"";"";"";""
"10/11/2024";"1600";"";"";"";"";"";"";"";"";"";"";"";"";"";"";"";"";""
"10/11/2024";"1700";"";"";"";"";"";"";"";"";"";"";"";"";"";"";"";"";""
"10/11/2024";"1800";"";"";"";"";"";"";"";"";"";"";"";"";"";"";"";"";""
"10/11/2024";"1900";"";"";"";"";"";"";"";"";"";"";"";"";"";"";"";"";""
"10/11/2024";"2000";"";"";"";"";"";"";"";"";"";"";"";"";"";"";"";"";""
"10/11/2024";"2100";"";"";"";"";"";"";"";"";"";"";"";"";"";"";"";"";""
"10/11/2024";"2200";"";"";"";"";"";"";"";"";"";"";"";"";"";"";"";"";""
"10/11/2024";"2300";"";"";"";"";"";"";"";"";"";"";"";"";"";"";"";"";""
"11/11/2024";"0000";"";"";"";"";"";"";"";"";"";"";"";"";"";"";"";"";""
"11/11/2024";"0100";"";"";"";"";"";"";"";"";"";"";"";"";"";"";"";"";""
"11/11/2024";"0200";"";"";"";"";"";"";"";"";"";"";"";"";"";"";"";"";""
"11/11/2024";"0300";"";"";"";"";"";"";"";"";"";"";"";"";"";"";"";"";""
"11/11/2024";"0400";"";"";"";"";"";"";"";"";"";"";"";"";"";"";"";"";""
"11/11/2024";"0500";"";"";"";"";"";"";"";"";"";"";"";"";"";"";"";"";""
"11/11/2024";"0600";"";"";"";"";"";"";"";"";"";"";"";"";"";"";"";"";""
"11/11/2024";"0700";"";"";"";"";"";"";"";"";"";"";"";"";"";"";"";"";""
"11/11/2024";"0800";"";"";"";"";"";"";"";"";"";"";"";"";"";"";"";"";""
"11/11/2024";"0900";"";"";"";"";"";"";"";"";"";"";"";"";"";"";"";"";""
"11/11/2024";"1000";"";"";"";"";"";"";"";"";"";"";"";"";"";"";"";"";""
"11/11/2024";"1100";"";"";"";"";"";"";"";"";"";"";"";"";"";"";"";"";""
"11/11/2024";"1200";"";"";"";"";"";"";"";"";"";"";"";"";"";"";"";"";""
"11/11/2024";"1300";"";"";"";"";"";"";"";"";"";"";"";"";"";"";"";"";""
"11/11/2024";"1400";"";"";"";"";"";"";"";"";"";"";"";"";"";"";"";"";""
"11/11/2024";"1500";"";"";"";"";"";"";"";"";"";"";"";"";"";"";"";"";""
"11/11/2024";"1600";"";"";"";"";"";"";"";"";"";"";"";"";"";"";"";"";""
"11/11/2024";"1700";"";"";"";"";"";"";"";"";"";"";"";"";"";"";"";"";""
"11/11/2024";"1800";"";"";"";"";"";"";"";"";"";"";"";"";"";"";"";"";""
"11/11/2024";"1900";"";"";"";"";"";"";"";"";"";"";"";"";"";"";"";"";""
"11/11/2024";"2000";"";"";"";"";"";"";"";"";"";"";"";"";"";"";"";"";""
"11/11/2024";"2100";"";"";"";"";"";"";"";"";"";"";"";"";"";"";"";"";""
"11/11/2024";"2200";"";"";"";"";"";"";"";"";"";"";"";"";"";"";"";"";""
"11/11/2024";"2300";"";"";"";"";"";"";"";"";"";"";"";"";"";"";"";"";""
"12/11/2024";"0000";"";"";"";"";"";"";"";"";"";"";"";"";"";"";"";"";""
"12/11/2024";"0100";"";"";"";"";"";"";"";"";"";"";"";"";"";"";"";"";""
"12/11/2024";"0200";"";"";"";"";"";"";"";"";"";"";"";"";"";"";"";"";""
"12/11/2024";"0300";"";"";"";"";"";"";"";"";"";"";"";"";"";"";"";"";""
"12/11/2024";"0400";"";"";"";"";"";"";"";"";"";"";"";"";"";"";"";"";""
"12/11/2024";"0500";"";"";"";"";"";"";"";"";"";"";"";"";"";"";"";"";""
"12/11/2024";"0600";"";"";"";"";"";"";"";"";"";"";"";"";"";"";"";"";""
"12/11/2024";"0700";"";"";"";"";"";"";"";"";"";"";"";"";"";"";"";"";""
"12/11/2024";"0800";"";"";"";"";"";"";"";"";"";"";"";"";"";"";"";"";""
"12/11/2024";"0900";"";"";"";"";"";"";"";"";"";"";"";"";"";"";"";"";""
"12/11/2024";"1000";"";"";"";"";"";"";"";"";"";"";"";"";"";"";"";"";""
"12/11/2024";"1100";"";"";"";"";"";"";"";"";"";"";"";"";"";"";"";"";""
"12/11/2024";"1200";"";"";"";"";"";"";"";"";"";"";"";"";"";"";"";"";""
"12/11/2024";"1300";"";"";"";"";"";"";"";"";"";"";"";"";"";"";"";"";""
"12/11/2024";"1400";"";"";"";"";"";"";"";"";"";"";"";"";"";"";"";"";""
"12/11/2024";"1500";"";"";"";"";"";"";"";"";"";"";"";"";"";"";"";"";""
"12/11/2024";"1600";"";"";"";"";"";"";"";"";"";"";"";"";"";"";"";"";""
"12/11/2024";"1700";"";"";"";"";"";"";"";"";"";"";"";"";"";"";"";"";""
"12/11/2024";"1800";"";"";"";"";"";"";"";"";"";"";"";"";"";"";"";"";""
"12/11/2024";"1900";"";"";"";"";"";"";"";"";"";"";"";"";"";"";"";"";""
"12/11/2024";"2000";"";"";"";"";"";"";"";"";"";"";"";"";"";"";"";"";""
"12/11/2024";"2100";"";"";"";"";"";"";"";"";"";"";"";"";"";"";"";"";""
"12/11/2024";"2200";"";"";"";"";"";"";"";"";"";"";"";"";"";"";"";"";""
"12/11/2024";"2300";"";"";"";"";"";"";"";"";"";"";"";"";"";"";"";"";""
"13/11/2024";"0000";"";"";"";"";"";"";"";"";"";"";"";"";"";"";"";"";""
"13/11/2024";"0100";"";"";"";"";"";"";"";"";"";"";"";"";"";"";"";"";""
"13/11/2024";"0200";"";"";"";"";"";"";"";"";"";"";"";"";"";"";"";"";""
"13/11/2024";"0300";"";"";"";"";"";"";"";"";"";"";"";"";"";"";"";"";""
"13/11/2024";"0400";"";"";"";"";"";"";"";"";"";"";"";"";"";"";"";"";""
"13/11/2024";"0500";"";"";"";"";"";"";"";"";"";"";"";"";"";"";"";"";""
"13/11/2024";"0600";"";"";"";"";"";"";"";"";"";"";"";"";"";"";"";"";""
"13/11/2024";"0700";"";"";"";"";"";"";"";"";"";"";"";"";"";"";"";"";""
"13/11/2024";"0800";"";"";"";"";"";"";"";"";"";"";"";"";"";"";"";"";""
"13/11/2024";"0900";"";"";"";"";"";"";"";"";"";"";"";"";"";"";"";"";""
"13/11/2024";"1000";"";"";"";"";"";"";"";"";"";"";"";"";"";"";"";"";""
"13/11/2024";"1100";"";"";"";"";"";"";"";"";"";"";"";"";"";"";"";"";""
"13/11/2024";"1200";"";"";"";"";"";"";"";"";"";"";"";"";"";"";"";"";""
"13/11/2024";"1300";"";"";"";"";"";"";"";"";"";"";"";"";"";"";"";"";""
"13/11/2024";"1400";"";"";"";"";"";"";"";"";"";"";"";"";"";"";"";"";""
"13/11/2024";"1500";"";"";"";"";"";"";"";"";"";"";"";"";"";"";"";"";""
"13/11/2024";"1600";"";"";"";"";"";"";"";"";"";"";"";"";"";"";"";"";""
"13/11/2024";"1700";"";"";"";"";"";"";"";"";"";"";"";"";"";"";"";"";""
"13/11/2024";"1800";"";"";"";"";"";"";"";"";"";"";"";"";"";"";"";"";""
"13/11/2024";"1900";"";"";"";"";"";"";"";"";"";"";"";"";"";"";"";"";""
"13/11/2024";"2000";"";"";"";"";"";"";"";"";"";"";"";"";"";"";"";"";""
"13/11/2024";"2100";"";"";"";"";"";"";"";"";"";"";"";"";"";"";"";"";""
"13/11/2024";"2200";"";"";"";"";"";"";"";"";"";"";"";"";"";"";"";"";""
"13/11/2024";"2300";"";"";"";"";"";"";"";"";"";"";"";"";"";"";"";"";""
"14/11/2024";"0000";"";"";"";"";"";"";"";"";"";"";"";"";"";"";"";"";""
"14/11/2024";"0100";"";"";"";"";"";"";"";"";"";"";"";"";"";"";"";"";""
"14/11/2024";"0200";"";"";"";"";"";"";"";"";"";"";"";"";"";"";"";"";""
"14/11/2024";"0300";"";"";"";"";"";"";"";"";"";"";"";"";"";"";"";"";""
"14/11/2024";"0400";"";"";"";"";"";"";"";"";"";"";"";"";"";"";"";"";""
"14/11/2024";"0500";"";"";"";"";"";"";"";"";"";"";"";"";"";"";"";"";""
"14/11/2024";"0600";"";"";"";"";"";"";"";"";"";"";"";"";"";"";"";"";""
"14/11/2024";"0700";"";"";"";"";"";"";"";"";"";"";"";"";"";"";"";"";""
"14/11/2024";"0800";"";"";"";"";"";"";"";"";"";"";"";"";"";"";"";"";""
"14/11/2024";"0900";"";"";"";"";"";"";"";"";"";"";"";"";"";"";"";"";""
"14/11/2024";"1000";"";"";"";"";"";"";"";"";"";"";"";"";"";"";"";"";""
"14/11/2024";"1100";"";"";"";"";"";"";"";"";"";"";"";"";"";"";"";"";""
"14/11/2024";"1200";"";"";"";"";"";"";"";"";"";"";"";"";"";"";"";"";""
"14/11/2024";"1300";"";"";"";"";"";"";"";"";"";"";"";"";"";"";"";"";""
"14/11/2024";"1400";"";"";"";"";"";"";"";"";"";"";"";"";"";"";"";"";""
"14/11/2024";"1500";"";"";"";"";"";"";"";"";"";"";"";"";"";"";"";"";""
"14/11/2024";"1600";"";"";"";"";"";"";"";"";"";"";"";"";"";"";"";"";""
"14/11/2024";"1700";"";"";"";"";"";"";"";"";"";"";"";"";"";"";"";"";""
"14/11/2024";"1800";"";"";"";"";"";"";"";"";"";"";"";"";"";"";"";"";""
"14/11/2024";"1900";"";"";"";"";"";"";"";"";"";"";"";"";"";"";"";"";""
"14/11/2024";"2000";"";"";"";"";"";"";"";"";"";"";"";"";"";"";"";"";""
"14/11/2024";"2100";"";"";"";"";"";"";"";"";"";"";"";"";"";"";"";"";""
"14/11/2024";"2200";"";"";"";"";"";"";"";"";"";"";"";"";"";"";"";"";""
"14/11/2024";"2300";"";"";"";"";"";"";"";"";"";"";"";"";"";"";"";"";""
"15/11/2024";"0000";"";"";"";"";"";"";"";"";"";"";"";"";"";"";"";"";""
"15/11/2024";"0100";"";"";"";"";"";"";"";"";"";"";"";"";"";"";"";"";""
"15/11/2024";"0200";"";"";"";"";"";"";"";"";"";"";"";"";"";"";"";"";""
"15/11/2024";"0300";"";"";"";"";"";"";"";"";"";"";"";"";"";"";"";"";""
"15/11/2024";"0400";"";"";"";"";"";"";"";"";"";"";"";"";"";"";"";"";""
"15/11/2024";"0500";"";"";"";"";"";"";"";"";"";"";"";"";"";"";"";"";""
"15/11/2024";"0600";"";"";"";"";"";"";"";"";"";"";"";"";"";"";"";"";""
"15/11/2024";"0700";"";"";"";"";"";"";"";"";"";"";"";"";"";"";"";"";""
"15/11/2024";"0800";"";"";"";"";"";"";"";"";"";"";"";"";"";"";"";"";""
"15/11/2024";"0900";"";"";"";"";"";"";"";"";"";"";"";"";"";"";"";"";""
"15/11/2024";"1000";"";"";"";"";"";"";"";"";"";"";"";"";"";"";"";"";""
"15/11/2024";"1100";"";"";"";"";"";"";"";"";"";"";"";"";"";"";"";"";""
"15/11/2024";"1200";"";"";"";"";"";"";"";"";"";"";"";"";"";"";"";"";""
"15/11/2024";"1300";"";"";"";"";"";"";"";"";"";"";"";"";"";"";"";"";""
"15/11/2024";"1400";"";"";"";"";"";"";"";"";"";"";"";"";"";"";"";"";""
"15/11/2024";"1500";"";"";"";"";"";"";"";"";"";"";"";"";"";"";"";"";""
"15/11/2024";"1600";"";"";"";"";"";"";"";"";"";"";"";"";"";"";"";"";""
"15/11/2024";"1700";"";"";"";"";"";"";"";"";"";"";"";"";"";"";"";"";""
"15/11/2024";"1800";"";"";"";"";"";"";"";"";"";"";"";"";"";"";"";"";""
"15/11/2024";"1900";"";"";"";"";"";"";"";"";"";"";"";"";"";"";"";"";""
"15/11/2024";"2000";"";"";"";"";"";"";"";"";"";"";"";"";"";"";"";"";""
"15/11/2024";"2100";"";"";"";"";"";"";"";"";"";"";"";"";"";"";"";"";""
"15/11/2024";"2200";"";"";"";"";"";"";"";"";"";"";"";"";"";"";"";"";""
"15/11/2024";"2300";"";"";"";"";"";"";"";"";"";"";"";"";"";"";"";"";""
"16/11/2024";"0000";"";"";"";"";"";"";"";"";"";"";"";"";"";"";"";"";""
"16/11/2024";"0100";"";"";"";"";"";"";"";"";"";"";"";"";"";"";"";"";""
"16/11/2024";"0200";"";"";"";"";"";"";"";"";"";"";"";"";"";"";"";"";""
"16/11/2024";"0300";"";"";"";"";"";"";"";"";"";"";"";"";"";"";"";"";""
"16/11/2024";"0400";"";"";"";"";"";"";"";"";"";"";"";"";"";"";"";"";""
"16/11/2024";"0500";"";"";"";"";"";"";"";"";"";"";"";"";"";"";"";"";""
"16/11/2024";"0600";"";"";"";"";"";"";"";"";"";"";"";"";"";"";"";"";""
"16/11/2024";"0700";"";"";"";"";"";"";"";"";"";"";"";"";"";"";"";"";""
"16/11/2024";"0800";"";"";"";"";"";"";"";"";"";"";"";"";"";"";"";"";""
"16/11/2024";"0900";"";"";"";"";"";"";"";"";"";"";"";"";"";"";"";"";""
"16/11/2024";"1000";"";"";"";"";"";"";"";"";"";"";"";"";"";"";"";"";""
"16/11/2024";"1100";"";"";"";"";"";"";"";"";"";"";"";"";"";"";"";"";""
"16/11/2024";"1200";"";"";"";"";"";"";"";"";"";"";"";"";"";"";"";"";""
"16/11/2024";"1300";"";"";"";"";"";"";"";"";"";"";"";"";"";"";"";"";""
"16/11/2024";"1400";"";"";"";"";"";"";"";"";"";"";"";"";"";"";"";"";""
"16/11/2024";"1500";"";"";"";"";"";"";"";"";"";"";"";"";"";"";"";"";""
"16/11/2024";"1600";"";"";"";"";"";"";"";"";"";"";"";"";"";"";"";"";""
"16/11/2024";"1700";"";"";"";"";"";"";"";"";"";"";"";"";"";"";"";"";""
"16/11/2024";"1800";"";"";"";"";"";"";"";"";"";"";"";"";"";"";"";"";""
"16/11/2024";"1900";"";"";"";"";"";"";"";"";"";"";"";"";"";"";"";"";""
"16/11/2024";"2000";"";"";"";"";"";"";"";"";"";"";"";"";"";"";"";"";""
"16/11/2024";"2100";"";"";"";"";"";"";"";"";"";"";"";"";"";"";"";"";""
"16/11/2024";"2200";"";"";"";"";"";"";"";"";"";"";"";"";"";"";"";"";""
"16/11/2024";"2300";"";"";"";"";"";"";"";"";"";"";"";"";"";"";"";"";""
"17/11/2024";"0000";"";"";"";"";"";"";"";"";"";"";"";"";"";"";"";"";""
"17/11/2024";"0100";"";"";"";"";"";"";"";"";"";"";"";"";"";"";"";"";""
"17/11/2024";"0200";"";"";"";"";"";"";"";"";"";"";"";"";"";"";"";"";""
"17/11/2024";"0300";"";"";"";"";"";"";"";"";"";"";"";"";"";"";"";"";""
"17/11/2024";"0400";"";"";"";"";"";"";"";"";"";"";"";"";"";"";"";"";""
"17/11/2024";"0500";"";"";"";"";"";"";"";"";"";"";"";"";"";"";"";"";""
"17/11/2024";"0600";"";"";"";"";"";"";"";"";"";"";"";"";"";"";"";"";""
"17/11/2024";"0700";"";"";"";"";"";"";"";"";"";"";"";"";"";"";"";"";""
"17/11/2024";"0800";"";"";"";"";"";"";"";"";"";"";"";"";"";"";"";"";""
"17/11/2024";"0900";"";"";"";"";"";"";"";"";"";"";"";"";"";"";"";"";""
"17/11/2024";"1000";"";"";"";"";"";"";"";"";"";"";"";"";"";"";"";"";""
"17/11/2024";"1100";"";"";"";"";"";"";"";"";"";"";"";"";"";"";"";"";""
"17/11/2024";"1200";"";"";"";"";"";"";"";"";"";"";"";"";"";"";"";"";""
"17/11/2024";"1300";"";"";"";"";"";"";"";"";"";"";"";"";"";"";"";"";""
"17/11/2024";"1400";"";"";"";"";"";"";"";"";"";"";"";"";"";"";"";"";""
"17/11/2024";"1500";"";"";"";"";"";"";"";"";"";"";"";"";"";"";"";"";""
"17/11/2024";"1600";"";"";"";"";"";"";"";"";"";"";"";"";"";"";"";"";""
"17/11/2024";"1700";"";"";"";"";"";"";"";"";"";"";"";"";"";"";"";"";""
"17/11/2024";"1800";"";"";"";"";"";"";"";"";"";"";"";"";"";"";"";"";""
"17/11/2024";"1900";"";"";"";"";"";"";"";"";"";"";"";"";"";"";"";"";""
"17/11/2024";"2000";"";"";"";"";"";"";"";"";"";"";"";"";"";"";"";"";""
"17/11/2024";"2100";"";"";"";"";"";"";"";"";"";"";"";"";"";"";"";"";""
"17/11/2024";"2200";"";"";"";"";"";"";"";"";"";"";"";"";"";"";"";"";""
"17/11/2024";"2300";"";"";"";"";"";"";"";"";"";"";"";"";"";"";"";"";""
"18/11/2024";"0000";"";"";"";"";"";"";"";"";"";"";"";"";"";"";"";"";""
"18/11/2024";"0100";"";"";"";"";"";"";"";"";"";"";"";"";"";"";"";"";""
"18/11/2024";"0200";"";"";"";"";"";"";"";"";"";"";"";"";"";"";"";"";""
"18/11/2024";"0300";"";"";"";"";"";"";"";"";"";"";"";"";"";"";"";"";""
"18/11/2024";"0400";"";"";"";"";"";"";"";"";"";"";"";"";"";"";"";"";""
"18/11/2024";"0500";"";"";"";"";"";"";"";"";"";"";"";"";"";"";"";"";""
"18/11/2024";"0600";"";"";"";"";"";"";"";"";"";"";"";"";"";"";"";"";""
"18/11/2024";"0700";"";"";"";"";"";"";"";"";"";"";"";"";"";"";"";"";""
"18/11/2024";"0800";"";"";"";"";"";"";"";"";"";"";"";"";"";"";"";"";""
"18/11/2024";"0900";"";"";"";"";"";"";"";"";"";"";"";"";"";"";"";"";""
"18/11/2024";"1000";"";"";"";"";"";"";"";"";"";"";"";"";"";"";"";"";""
"18/11/2024";"1100";"";"";"";"";"";"";"";"";"";"";"";"";"";"";"";"";""
"18/11/2024";"1200";"";"";"";"";"";"";"";"";"";"";"";"";"";"";"";"";""
"18/11/2024";"1300";"";"";"";"";"";"";"";"";"";"";"";"";"";"";"";"";""
"18/11/2024";"1400";"";"";"";"";"";"";"";"";"";"";"";"";"";"";"";"";""
"18/11/2024";"1500";"";"";"";"";"";"";"";"";"";"";"";"";"";"";"";"";""
"18/11/2024";"1600";"";"";"";"";"";"";"";"";"";"";"";"";"";"";"";"";""
"18/11/2024";"1700";"";"";"";"";"";"";"";"";"";"";"";"";"";"";"";"";""
"18/11/2024";"1800";"";"";"";"";"";"";"";"";"";"";"";"";"";"";"";"";""
"18/11/2024";"1900";"";"";"";"";"";"";"";"";"";"";"";"";"";"";"";"";""
"18/11/2024";"2000";"";"";"";"";"";"";"";"";"";"";"";"";"";"";"";"";""
"18/11/2024";"2100";"";"";"";"";"";"";"";"";"";"";"";"";"";"";"";"";""
"18/11/2024";"2200";"";"";"";"";"";"";"";"";"";"";"";"";"";"";"";"";""
"18/11/2024";"2300";"";"";"";"";"";"";"";"";"";"";"";"";"";"";"";"";""
"19/11/2024";"0000";"";"";"";"";"";"";"";"";"";"";"";"";"";"";"";"";""
"19/11/2024";"0100";"";"";"";"";"";"";"";"";"";"";"";"";"";"";"";"";""
"19/11/2024";"0200";"";"";"";"";"";"";"";"";"";"";"";"";"";"";"";"";""
"19/11/2024";"0300";"";"";"";"";"";"";"";"";"";"";"";"";"";"";"";"";""
"19/11/2024";"0400";"";"";"";"";"";"";"";"";"";"";"";"";"";"";"";"";""
"19/11/2024";"0500";"";"";"";"";"";"";"";"";"";"";"";"";"";"";"";"";""
"19/11/2024";"0600";"";"";"";"";"";"";"";"";"";"";"";"";"";"";"";"";""
"19/11/2024";"0700";"";"";"";"";"";"";"";"";"";"";"";"";"";"";"";"";""
"19/11/2024";"0800";"";"";"";"";"";"";"";"";"";"";"";"";"";"";"";"";""
"19/11/2024";"0900";"";"";"";"";"";"";"";"";"";"";"";"";"";"";"";"";""
"19/11/2024";"1000";"";"";"";"";"";"";"";"";"";"";"";"";"";"";"";"";""
"19/11/2024";"1100";"";"";"";"";"";"";"";"";"";"";"";"";"";"";"";"";""
"19/11/2024";"1200";"";"";"";"";"";"";"";"";"";"";"";"";"";"";"";"";""
"19/11/2024";"1300";"";"";"";"";"";"";"";"";"";"";"";"";"";"";"";"";""
"19/11/2024";"1400";"";"";"";"";"";"";"";"";"";"";"";"";"";"";"";"";""
"19/11/2024";"1500";"";"";"";"";"";"";"";"";"";"";"";"";"";"";"";"";""
"19/11/2024";"1600";"";"";"";"";"";"";"";"";"";"";"";"";"";"";"";"";""
"19/11/2024";"1700";"";"";"";"";"";"";"";"";"";"";"";"";"";"";"";"";""
"19/11/2024";"1800";"";"";"";"";"";"";"";"";"";"";"";"";"";"";"";"";""
"19/11/2024";"1900";"";"";"";"";"";"";"";"";"";"";"";"";"";"";"";"";""
"19/11/2024";"2000";"";"";"";"";"";"";"";"";"";"";"";"";"";"";"";"";""
"19/11/2024";"2100";"";"";"";"";"";"";"";"";"";"";"";"";"";"";"";"";""
"19/11/2024";"2200";"";"";"";"";"";"";"";"";"";"";"";"";"";"";"";"";""
"19/11/2024";"2300";"";"";"";"";"";"";"";"";"";"";"";"";"";"";"";"";""
"20/11/2024";"0000";"";"";"";"";"";"";"";"";"";"";"";"";"";"";"";"";""
"20/11/2024";"0100";"";"";"";"";"";"";"";"";"";"";"";"";"";"";"";"";""
"20/11/2024";"0200";"";"";"";"";"";"";"";"";"";"";"";"";"";"";"";"";""
"20/11/2024";"0300";"";"";"";"";"";"";"";"";"";"";"";"";"";"";"";"";""
"20/11/2024";"0400";"";"";"";"";"";"";"";"";"";"";"";"";"";"";"";"";""
"20/11/2024";"0500";"";"";"";"";"";"";"";"";"";"";"";"";"";"";"";"";""
"20/11/2024";"0600";"";"";"";"";"";"";"";"";"";"";"";"";"";"";"";"";""
"20/11/2024";"0700";"";"";"";"";"";"";"";"";"";"";"";"";"";"";"";"";""
"20/11/2024";"0800";"";"";"";"";"";"";"";"";"";"";"";"";"";"";"";"";""
"20/11/2024";"0900";"";"";"";"";"";"";"";"";"";"";"";"";"";"";"";"";""
"20/11/2024";"1000";"";"";"";"";"";"";"";"";"";"";"";"";"";"";"";"";""
"20/11/2024";"1100";"";"";"";"";"";"";"";"";"";"";"";"";"";"";"";"";""
"20/11/2024";"1200";"";"";"";"";"";"";"";"";"";"";"";"";"";"";"";"";""
"20/11/2024";"1300";"";"";"";"";"";"";"";"";"";"";"";"";"";"";"";"";""
"20/11/2024";"1400";"";"";"";"";"";"";"";"";"";"";"";"";"";"";"";"";""
"20/11/2024";"1500";"";"";"";"";"";"";"";"";"";"";"";"";"";"";"";"";""
"20/11/2024";"1600";"";"";"";"";"";"";"";"";"";"";"";"";"";"";"";"";""
"20/11/2024";"1700";"";"";"";"";"";"";"";"";"";"";"";"";"";"";"";"";""
"20/11/2024";"1800";"";"";"";"";"";"";"";"";"";"";"";"";"";"";"";"";""
"20/11/2024";"1900";"";"";"";"";"";"";"";"";"";"";"";"";"";"";"";"";""
"20/11/2024";"2000";"";"";"";"";"";"";"";"";"";"";"";"";"";"";"";"";""
"20/11/2024";"2100";"";"";"";"";"";"";"";"";"";"";"";"";"";"";"";"";""
"20/11/2024";"2200";"";"";"";"";"";"";"";"";"";"";"";"";"";"";"";"";""
"20/11/2024";"2300";"";"";"";"";"";"";"";"";"";"";"";"";"";"";"";"";""
"21/11/2024";"0000";"";"";"";"";"";"";"";"";"";"";"";"";"";"";"";"";""
"21/11/2024";"0100";"";"";"";"";"";"";"";"";"";"";"";"";"";"";"";"";""
"21/11/2024";"0200";"";"";"";"";"";"";"";"";"";"";"";"";"";"";"";"";""
"21/11/2024";"0300";"";"";"";"";"";"";"";"";"";"";"";"";"";"";"";"";""
"21/11/2024";"0400";"";"";"";"";"";"";"";"";"";"";"";"";"";"";"";"";""
"21/11/2024";"0500";"";"";"";"";"";"";"";"";"";"";"";"";"";"";"";"";""
"21/11/2024";"0600";"";"";"";"";"";"";"";"";"";"";"";"";"";"";"";"";""
"21/11/2024";"0700";"";"";"";"";"";"";"";"";"";"";"";"";"";"";"";"";""
"21/11/2024";"0800";"";"";"";"";"";"";"";"";"";"";"";"";"";"";"";"";""
"21/11/2024";"0900";"";"";"";"";"";"";"";"";"";"";"";"";"";"";"";"";""
"21/11/2024";"1000";"";"";"";"";"";"";"";"";"";"";"";"";"";"";"";"";""
"21/11/2024";"1100";"";"";"";"";"";"";"";"";"";"";"";"";"";"";"";"";""
"21/11/2024";"1200";"";"";"";"";"";"";"";"";"";"";"";"";"";"";"";"";""
"21/11/2024";"1300";"";"";"";"";"";"";"";"";"";"";"";"";"";"";"";"";""
"21/11/2024";"1400";"";"";"";"";"";"";"";"";"";"";"";"";"";"";"";"";""
"21/11/2024";"1500";"";"";"";"";"";"";"";"";"";"";"";"";"";"";"";"";""
"21/11/2024";"1600";"";"";"";"";"";"";"";"";"";"";"";"";"";"";"";"";""
"21/11/2024";"1700";"";"";"";"";"";"";"";"";"";"";"";"";"";"";"";"";""
"21/11/2024";"1800";"";"";"";"";"";"";"";"";"";"";"";"";"";"";"";"";""
"21/11/2024";"1900";"";"";"";"";"";"";"";"";"";"";"";"";"";"";"";"";""
"21/11/2024";"2000";"";"";"";"";"";"";"";"";"";"";"";"";"";"";"";"";""
"21/11/2024";"2100";"";"";"";"";"";"";"";"";"";"";"";"";"";"";"";"";""
"21/11/2024";"2200";"";"";"";"";"";"";"";"";"";"";"";"";"";"";"";"";""
"21/11/2024";"2300";"";"";"";"";"";"";"";"";"";"";"";"";"";"";"";"";""
"22/11/2024";"0000";"";"";"";"";"";"";"";"";"";"";"";"";"";"";"";"";""
"22/11/2024";"0100";"";"";"";"";"";"";"";"";"";"";"";"";"";"";"";"";""
"22/11/2024";"0200";"";"";"";"";"";"";"";"";"";"";"";"";"";"";"";"";""
"22/11/2024";"0300";"";"";"";"";"";"";"";"";"";"";"";"";"";"";"";"";""
"22/11/2024";"0400";"";"";"";"";"";"";"";"";"";"";"";"";"";"";"";"";""
"22/11/2024";"0500";"";"";"";"";"";"";"";"";"";"";"";"";"";"";"";"";""
"22/11/2024";"0600";"";"";"";"";"";"";"";"";"";"";"";"";"";"";"";"";""
"22/11/2024";"0700";"";"";"";"";"";"";"";"";"";"";"";"";"";"";"";"";""
"22/11/2024";"0800";"";"";"";"";"";"";"";"";"";"";"";"";"";"";"";"";""
"22/11/2024";"0900";"";"";"";"";"";"";"";"";"";"";"";"";"";"";"";"";""
"22/11/2024";"1000";"";"";"";"";"";"";"";"";"";"";"";"";"";"";"";"";""
"22/11/2024";"1100";"";"";"";"";"";"";"";"";"";"";"";"";"";"";"";"";""
"22/11/2024";"1200";"";"";"";"";"";"";"";"";"";"";"";"";"";"";"";"";""
"22/11/2024";"1300";"";"";"";"";"";"";"";"";"";"";"";"";"";"";"";"";""
"22/11/2024";"1400";"";"";"";"";"";"";"";"";"";"";"";"";"";"";"";"";""
"22/11/2024";"1500";"";"";"";"";"";"";"";"";"";"";"";"";"";"";"";"";""
"22/11/2024";"1600";"";"";"";"";"";"";"";"";"";"";"";"";"";"";"";"";""
"22/11/2024";"1700";"";"";"";"";"";"";"";"";"";"";"";"";"";"";"";"";""
"22/11/2024";"1800";"";"";"";"";"";"";"";"";"";"";"";"";"";"";"";"";""
"22/11/2024";"1900";"";"";"";"";"";"";"";"";"";"";"";"";"";"";"";"";""
"22/11/2024";"2000";"";"";"";"";"";"";"";"";"";"";"";"";"";"";"";"";""
"22/11/2024";"2100";"";"";"";"";"";"";"";"";"";"";"";"";"";"";"";"";""
"22/11/2024";"2200";"";"";"";"";"";"";"";"";"";"";"";"";"";"";"";"";""
"22/11/2024";"2300";"";"";"";"";"";"";"";"";"";"";"";"";"";"";"";"";""
"23/11/2024";"0000";"";"";"";"";"";"";"";"";"";"";"";"";"";"";"";"";""
"23/11/2024";"0100";"";"";"";"";"";"";"";"";"";"";"";"";"";"";"";"";""
"23/11/2024";"0200";"";"";"";"";"";"";"";"";"";"";"";"";"";"";"";"";""
"23/11/2024";"0300";"";"";"";"";"";"";"";"";"";"";"";"";"";"";"";"";""
"23/11/2024";"0400";"";"";"";"";"";"";"";"";"";"";"";"";"";"";"";"";""
"23/11/2024";"0500";"";"";"";"";"";"";"";"";"";"";"";"";"";"";"";"";""
"23/11/2024";"0600";"";"";"";"";"";"";"";"";"";"";"";"";"";"";"";"";""
"23/11/2024";"0700";"";"";"";"";"";"";"";"";"";"";"";"";"";"";"";"";""
"23/11/2024";"0800";"";"";"";"";"";"";"";"";"";"";"";"";"";"";"";"";""
"23/11/2024";"0900";"";"";"";"";"";"";"";"";"";"";"";"";"";"";"";"";""
"23/11/2024";"1000";"";"";"";"";"";"";"";"";"";"";"";"";"";"";"";"";""
"23/11/2024";"1100";"";"";"";"";"";"";"";"";"";"";"";"";"";"";"";"";""
"23/11/2024";"1200";"";"";"";"";"";"";"";"";"";"";"";"";"";"";"";"";""
"23/11/2024";"1300";"";"";"";"";"";"";"";"";"";"";"";"";"";"";"";"";""
"23/11/2024";"1400";"";"";"";"";"";"";"";"";"";"";"";"";"";"";"";"";""
"23/11/2024";"1500";"";"";"";"";"";"";"";"";"";"";"";"";"";"";"";"";""
"23/11/2024";"1600";"";"";"";"";"";"";"";"";"";"";"";"";"";"";"";"";""
"23/11/2024";"1700";"";"";"";"";"";"";"";"";"";"";"";"";"";"";"";"";""
"23/11/2024";"1800";"";"";"";"";"";"";"";"";"";"";"";"";"";"";"";"";""
"23/11/2024";"1900";"";"";"";"";"";"";"";"";"";"";"";"";"";"";"";"";""
"23/11/2024";"2000";"";"";"";"";"";"";"";"";"";"";"";"";"";"";"";"";""
"23/11/2024";"2100";"";"";"";"";"";"";"";"";"";"";"";"";"";"";"";"";""
"23/11/2024";"2200";"";"";"";"";"";"";"";"";"";"";"";"";"";"";"";"";""
"23/11/2024";"2300";"";"";"";"";"";"";"";"";"";"";"";"";"";"";"";"";""
"24/11/2024";"0000";"";"";"";"";"";"";"";"";"";"";"";"";"";"";"";"";""
"24/11/2024";"0100";"";"";"";"";"";"";"";"";"";"";"";"";"";"";"";"";""
"24/11/2024";"0200";"";"";"";"";"";"";"";"";"";"";"";"";"";"";"";"";""
"24/11/2024";"0300";"";"";"";"";"";"";"";"";"";"";"";"";"";"";"";"";""
"24/11/2024";"0400";"";"";"";"";"";"";"";"";"";"";"";"";"";"";"";"";""
"24/11/2024";"0500";"";"";"";"";"";"";"";"";"";"";"";"";"";"";"";"";""
"24/11/2024";"0600";"";"";"";"";"";"";"";"";"";"";"";"";"";"";"";"";""
"24/11/2024";"0700";"";"";"";"";"";"";"";"";"";"";"";"";"";"";"";"";""
"24/11/2024";"0800";"";"";"";"";"";"";"";"";"";"";"";"";"";"";"";"";""
"24/11/2024";"0900";"";"";"";"";"";"";"";"";"";"";"";"";"";"";"";"";""
"24/11/2024";"1000";"";"";"";"";"";"";"";"";"";"";"";"";"";"";"";"";""
"24/11/2024";"1100";"";"";"";"";"";"";"";"";"";"";"";"";"";"";"";"";""
"24/11/2024";"1200";"";"";"";"";"";"";"";"";"";"";"";"";"";"";"";"";""
"24/11/2024";"1300";"";"";"";"";"";"";"";"";"";"";"";"";"";"";"";"";""
"24/11/2024";"1400";"";"";"";"";"";"";"";"";"";"";"";"";"";"";"";"";""
"24/11/2024";"1500";"";"";"";"";"";"";"";"";"";"";"";"";"";"";"";"";""
"24/11/2024";"1600";"";"";"";"";"";"";"";"";"";"";"";"";"";"";"";"";""
"24/11/2024";"1700";"";"";"";"";"";"";"";"";"";"";"";"";"";"";"";"";""
"24/11/2024";"1800";"";"";"";"";"";"";"";"";"";"";"";"";"";"";"";"";""
"24/11/2024";"1900";"";"";"";"";"";"";"";"";"";"";"";"";"";"";"";"";""
"24/11/2024";"2000";"";"";"";"";"";"";"";"";"";"";"";"";"";"";"";"";""
"24/11/2024";"2100";"";"";"";"";"";"";"";"";"";"";"";"";"";"";"";"";""
"24/11/2024";"2200";"";"";"";"";"";"";"";"";"";"";"";"";"";"";"";"";""
"24/11/2024";"2300";"";"";"";"";"";"";"";"";"";"";"";"";"";"";"";"";""
"25/11/2024";"0000";"";"";"";"";"";"";"";"";"";"";"";"";"";"";"";"";""
"25/11/2024";"0100";"";"";"";"";"";"";"";"";"";"";"";"";"";"";"";"";""
"25/11/2024";"0200";"";"";"";"";"";"";"";"";"";"";"";"";"";"";"";"";""
"25/11/2024";"0300";"";"";"";"";"";"";"";"";"";"";"";"";"";"";"";"";""
"25/11/2024";"0400";"";"";"";"";"";"";"";"";"";"";"";"";"";"";"";"";""
"25/11/2024";"0500";"";"";"";"";"";"";"";"";"";"";"";"";"";"";"";"";""
"25/11/2024";"0600";"";"";"";"";"";"";"";"";"";"";"";"";"";"";"";"";""
"25/11/2024";"0700";"";"";"";"";"";"";"";"";"";"";"";"";"";"";"";"";""
"25/11/2024";"0800";"";"";"";"";"";"";"";"";"";"";"";"";"";"";"";"";""
"25/11/2024";"0900";"";"";"";"";"";"";"";"";"";"";"";"";"";"";"";"";""
"25/11/2024";"1000";"";"";"";"";"";"";"";"";"";"";"";"";"";"";"";"";""
"25/11/2024";"1100";"";"";"";"";"";"";"";"";"";"";"";"";"";"";"";"";""
"25/11/2024";"1200";"";"";"";"";"";"";"";"";"";"";"";"";"";"";"";"";""
"25/11/2024";"1300";"";"";"";"";"";"";"";"";"";"";"";"";"";"";"";"";""
"25/11/2024";"1400";"";"";"";"";"";"";"";"";"";"";"";"";"";"";"";"";""
"25/11/2024";"1500";"";"";"";"";"";"";"";"";"";"";"";"";"";"";"";"";""
"25/11/2024";"1600";"";"";"";"";"";"";"";"";"";"";"";"";"";"";"";"";""
"25/11/2024";"1700";"";"";"";"";"";"";"";"";"";"";"";"";"";"";"";"";""
"25/11/2024";"1800";"";"";"";"";"";"";"";"";"";"";"";"";"";"";"";"";""
"25/11/2024";"1900";"";"";"";"";"";"";"";"";"";"";"";"";"";"";"";"";""
"25/11/2024";"2000";"";"";"";"";"";"";"";"";"";"";"";"";"";"";"";"";""
"25/11/2024";"2100";"";"";"";"";"";"";"";"";"";"";"";"";"";"";"";"";""
"25/11/2024";"2200";"";"";"";"";"";"";"";"";"";"";"";"";"";"";"";"";""
"25/11/2024";"2300";"";"";"";"";"";"";"";"";"";"";"";"";"";"";"";"";""
"26/11/2024";"0000";"";"";"";"";"";"";"";"";"";"";"";"";"";"";"";"";""
"26/11/2024";"0100";"";"";"";"";"";"";"";"";"";"";"";"";"";"";"";"";""
"26/11/2024";"0200";"";"";"";"";"";"";"";"";"";"";"";"";"";"";"";"";""
"26/11/2024";"0300";"";"";"";"";"";"";"";"";"";"";"";"";"";"";"";"";""
"26/11/2024";"0400";"";"";"";"";"";"";"";"";"";"";"";"";"";"";"";"";""
"26/11/2024";"0500";"";"";"";"";"";"";"";"";"";"";"";"";"";"";"";"";""
"26/11/2024";"0600";"";"";"";"";"";"";"";"";"";"";"";"";"";"";"";"";""
"26/11/2024";"0700";"";"";"";"";"";"";"";"";"";"";"";"";"";"";"";"";""
"26/11/2024";"0800";"";"";"";"";"";"";"";"";"";"";"";"";"";"";"";"";""
"26/11/2024";"0900";"";"";"";"";"";"";"";"";"";"";"";"";"";"";"";"";""
"26/11/2024";"1000";"";"";"";"";"";"";"";"";"";"";"";"";"";"";"";"";""
"26/11/2024";"1100";"";"";"";"";"";"";"";"";"";"";"";"";"";"";"";"";""
"26/11/2024";"1200";"";"";"";"";"";"";"";"";"";"";"";"";"";"";"";"";""
"26/11/2024";"1300";"";"";"";"";"";"";"";"";"";"";"";"";"";"";"";"";""
"26/11/2024";"1400";"";"";"";"";"";"";"";"";"";"";"";"";"";"";"";"";""
"26/11/2024";"1500";"";"";"";"";"";"";"";"";"";"";"";"";"";"";"";"";""
"26/11/2024";"1600";"";"";"";"";"";"";"";"";"";"";"";"";"";"";"";"";""
"26/11/2024";"1700";"";"";"";"";"";"";"";"";"";"";"";"";"";"";"";"";""
"26/11/2024";"1800";"";"";"";"";"";"";"";"";"";"";"";"";"";"";"";"";""
"26/11/2024";"1900";"";"";"";"";"";"";"";"";"";"";"";"";"";"";"";"";""
"26/11/2024";"2000";"";"";"";"";"";"";"";"";"";"";"";"";"";"";"";"";""
"26/11/2024";"2100";"";"";"";"";"";"";"";"";"";"";"";"";"";"";"";"";""
"26/11/2024";"2200";"";"";"";"";"";"";"";"";"";"";"";"";"";"";"";"";""
"26/11/2024";"2300";"";"";"";"";"";"";"";"";"";"";"";"";"";"";"";"";""
"27/11/2024";"0000";"";"";"";"";"";"";"";"";"";"";"";"";"";"";"";"";""
"27/11/2024";"0100";"";"";"";"";"";"";"";"";"";"";"";"";"";"";"";"";""
"27/11/2024";"0200";"";"";"";"";"";"";"";"";"";"";"";"";"";"";"";"";""
"27/11/2024";"0300";"";"";"";"";"";"";"";"";"";"";"";"";"";"";"";"";""
"27/11/2024";"0400";"";"";"";"";"";"";"";"";"";"";"";"";"";"";"";"";""
"27/11/2024";"0500";"";"";"";"";"";"";"";"";"";"";"";"";"";"";"";"";""
"27/11/2024";"0600";"";"";"";"";"";"";"";"";"";"";"";"";"";"";"";"";""
"27/11/2024";"0700";"";"";"";"";"";"";"";"";"";"";"";"";"";"";"";"";""
"27/11/2024";"0800";"";"";"";"";"";"";"";"";"";"";"";"";"";"";"";"";""
"27/11/2024";"0900";"";"";"";"";"";"";"";"";"";"";"";"";"";"";"";"";""
"27/11/2024";"1000";"";"";"";"";"";"";"";"";"";"";"";"";"";"";"";"";""
"27/11/2024";"1100";"";"";"";"";"";"";"";"";"";"";"";"";"";"";"";"";""
"27/11/2024";"1200";"";"";"";"";"";"";"";"";"";"";"";"";"";"";"";"";""
"27/11/2024";"1300";"";"";"";"";"";"";"";"";"";"";"";"";"";"";"";"";""
"27/11/2024";"1400";"";"";"";"";"";"";"";"";"";"";"";"";"";"";"";"";""
"27/11/2024";"1500";"";"";"";"";"";"";"";"";"";"";"";"";"";"";"";"";""
"27/11/2024";"1600";"";"";"";"";"";"";"";"";"";"";"";"";"";"";"";"";""
"27/11/2024";"1700";"";"";"";"";"";"";"";"";"";"";"";"";"";"";"";"";""
"27/11/2024";"1800";"";"";"";"";"";"";"";"";"";"";"";"";"";"";"";"";""
"27/11/2024";"1900";"";"";"";"";"";"";"";"";"";"";"";"";"";"";"";"";""
"27/11/2024";"2000";"";"";"";"";"";"";"";"";"";"";"";"";"";"";"";"";""
"27/11/2024";"2100";"";"";"";"";"";"";"";"";"";"";"";"";"";"";"";"";""
"27/11/2024";"2200";"";"";"";"";"";"";"";"";"";"";"";"";"";"";"";"";""
"27/11/2024";"2300";"";"";"";"";"";"";"";"";"";"";"";"";"";"";"";"";""
"28/11/2024";"0000";"";"";"";"";"";"";"";"";"";"";"";"";"";"";"";"";""
"28/11/2024";"0100";"";"";"";"";"";"";"";"";"";"";"";"";"";"";"";"";""
"28/11/2024";"0200";"";"";"";"";"";"";"";"";"";"";"";"";"";"";"";"";""
"28/11/2024";"0300";"";"";"";"";"";"";"";"";"";"";"";"";"";"";"";"";""
"28/11/2024";"0400";"";"";"";"";"";"";"";"";"";"";"";"";"";"";"";"";""
"28/11/2024";"0500";"";"";"";"";"";"";"";"";"";"";"";"";"";"";"";"";""
"28/11/2024";"0600";"";"";"";"";"";"";"";"";"";"";"";"";"";"";"";"";""
"28/11/2024";"0700";"";"";"";"";"";"";"";"";"";"";"";"";"";"";"";"";""
"28/11/2024";"0800";"";"";"";"";"";"";"";"";"";"";"";"";"";"";"";"";""
"28/11/2024";"0900";"";"";"";"";"";"";"";"";"";"";"";"";"";"";"";"";""
"28/11/2024";"1000";"";"";"";"";"";"";"";"";"";"";"";"";"";"";"";"";""
"28/11/2024";"1100";"";"";"";"";"";"";"";"";"";"";"";"";"";"";"";"";""
"28/11/2024";"1200";"";"";"";"";"";"";"";"";"";"";"";"";"";"";"";"";""
"28/11/2024";"1300";"";"";"";"";"";"";"";"";"";"";"";"";"";"";"";"";""
"28/11/2024";"1400";"";"";"";"";"";"";"";"";"";"";"";"";"";"";"";"";""
"28/11/2024";"1500";"";"";"";"";"";"";"";"";"";"";"";"";"";"";"";"";""
"28/11/2024";"1600";"";"";"";"";"";"";"";"";"";"";"";"";"";"";"";"";""
"28/11/2024";"1700";"";"";"";"";"";"";"";"";"";"";"";"";"";"";"";"";""
"28/11/2024";"1800";"";"";"";"";"";"";"";"";"";"";"";"";"";"";"";"";""
"28/11/2024";"1900";"";"";"";"";"";"";"";"";"";"";"";"";"";"";"";"";""
"28/11/2024";"2000";"";"";"";"";"";"";"";"";"";"";"";"";"";"";"";"";""
"28/11/2024";"2100";"";"";"";"";"";"";"";"";"";"";"";"";"";"";"";"";""
"28/11/2024";"2200";"";"";"";"";"";"";"";"";"";"";"";"";"";"";"";"";""
"28/11/2024";"2300";"";"";"";"";"";"";"";"";"";"";"";"";"";"";"";"";""
"29/11/2024";"0000";"";"";"";"";"";"";"";"";"";"";"";"";"";"";"";"";""
"29/11/2024";"0100";"";"";"";"";"";"";"";"";"";"";"";"";"";"";"";"";""
"29/11/2024";"0200";"";"";"";"";"";"";"";"";"";"";"";"";"";"";"";"";""
"29/11/2024";"0300";"";"";"";"";"";"";"";"";"";"";"";"";"";"";"";"";""
"29/11/2024";"0400";"";"";"";"";"";"";"";"";"";"";"";"";"";"";"";"";""
"29/11/2024";"0500";"";"";"";"";"";"";"";"";"";"";"";"";"";"";"";"";""
"29/11/2024";"0600";"";"";"";"";"";"";"";"";"";"";"";"";"";"";"";"";""
"29/11/2024";"0700";"";"";"";"";"";"";"";"";"";"";"";"";"";"";"";"";""
"29/11/2024";"0800";"";"";"";"";"";"";"";"";"";"";"";"";"";"";"";"";""
"29/11/2024";"0900";"";"";"";"";"";"";"";"";"";"";"";"";"";"";"";"";""
"29/11/2024";"1000";"";"";"";"";"";"";"";"";"";"";"";"";"";"";"";"";""
"29/11/2024";"1100";"";"";"";"";"";"";"";"";"";"";"";"";"";"";"";"";""
"29/11/2024";"1200";"";"";"";"";"";"";"";"";"";"";"";"";"";"";"";"";""
"29/11/2024";"1300";"";"";"";"";"";"";"";"";"";"";"";"";"";"";"";"";""
"29/11/2024";"1400";"";"";"";"";"";"";"";"";"";"";"";"";"";"";"";"";""
"29/11/2024";"1500";"";"";"";"";"";"";"";"";"";"";"";"";"";"";"";"";""
"29/11/2024";"1600";"";"";"";"";"";"";"";"";"";"";"";"";"";"";"";"";""
"29/11/2024";"1700";"";"";"";"";"";"";"";"";"";"";"";"";"";"";"";"";""
"29/11/2024";"1800";"";"";"";"";"";"";"";"";"";"";"";"";"";"";"";"";""
"29/11/2024";"1900";"";"";"";"";"";"";"";"";"";"";"";"";"";"";"";"";""
"29/11/2024";"2000";"";"";"";"";"";"";"";"";"";"";"";"";"";"";"";"";""
"29/11/2024";"2100";"";"";"";"";"";"";"";"";"";"";"";"";"";"";"";"";""
"29/11/2024";"2200";"";"";"";"";"";"";"";"";"";"";"";"";"";"";"";"";""
"29/11/2024";"2300";"";"";"";"";"";"";"";"";"";"";"";"";"";"";"";"";""
"30/11/2024";"0000";"";"";"";"";"";"";"";"";"";"";"";"";"";"";"";"";""
"30/11/2024";"0100";"";"";"";"";"";"";"";"";"";"";"";"";"";"";"";"";""
"30/11/2024";"0200";"";"";"";"";"";"";"";"";"";"";"";"";"";"";"";"";""
"30/11/2024";"0300";"";"";"";"";"";"";"";"";"";"";"";"";"";"";"";"";""
"30/11/2024";"0400";"";"";"";"";"";"";"";"";"";"";"";"";"";"";"";"";""
"30/11/2024";"0500";"";"";"";"";"";"";"";"";"";"";"";"";"";"";"";"";""
"30/11/2024";"0600";"";"";"";"";"";"";"";"";"";"";"";"";"";"";"";"";""
"30/11/2024";"0700";"";"";"";"";"";"";"";"";"";"";"";"";"";"";"";"";""
"30/11/2024";"0800";"";"";"";"";"";"";"";"";"";"";"";"";"";"";"";"";""
"30/11/2024";"0900";"";"";"";"";"";"";"";"";"";"";"";"";"";"";"";"";""
"30/11/2024";"1000";"";"";"";"";"";"";"";"";"";"";"";"";"";"";"";"";""
"30/11/2024";"1100";"";"";"";"";"";"";"";"";"";"";"";"";"";"";"";"";""
"30/11/2024";"1200";"";"";"";"";"";"";"";"";"";"";"";"";"";"";"";"";""
"30/11/2024";"1300";"";"";"";"";"";"";"";"";"";"";"";"";"";"";"";"";""
"30/11/2024";"1400";"";"";"";"";"";"";"";"";"";"";"";"";"";"";"";"";""
"30/11/2024";"1500";"";"";"";"";"";"";"";"";"";"";"";"";"";"";"";"";""
"30/11/2024";"1600";"";"";"";"";"";"";"";"";"";"";"";"";"";"";"";"";""
"30/11/2024";"1700";"";"";"";"";"";"";"";"";"";"";"";"";"";"";"";"";""
"30/11/2024";"1800";"";"";"";"";"";"";"";"";"";"";"";"";"";"";"";"";""
"30/11/2024";"1900";"";"";"";"";"";"";"";"";"";"";"";"";"";"";"";"";""
"30/11/2024";"2000";"";"";"";"";"";"";"";"";"";"";"";"";"";"";"";"";""
"30/11/2024";"2100";"";"";"";"";"";"";"";"";"";"";"";"";"";"";"";"";""
"30/11/2024";"2200";"";"";"";"";"";"";"";"";"";"";"";"";"";"";"";"";""
"30/11/2024";"2300";"";"";"";"";"";"";"";"";"";"";"";"";"";"";"";"";""
"01/12/2024";"0000";"";"";"";"";"";"";"";"";"";"";"";"";"";"";"";"";""
"01/12/2024";"0100";"";"";"";"";"";"";"";"";"";"";"";"";"";"";"";"";""
"01/12/2024";"0200";"";"";"";"";"";"";"";"";"";"";"";"";"";"";"";"";""
"01/12/2024";"0300";"";"";"";"";"";"";"";"";"";"";"";"";"";"";"";"";""
"01/12/2024";"0400";"";"";"";"";"";"";"";"";"";"";"";"";"";"";"";"";""
"01/12/2024";"0500";"";"";"";"";"";"";"";"";"";"";"";"";"";"";"";"";""
"01/12/2024";"0600";"";"";"";"";"";"";"";"";"";"";"";"";"";"";"";"";""
"01/12/2024";"0700";"";"";"";"";"";"";"";"";"";"";"";"";"";"";"";"";""
"01/12/2024";"0800";"";"";"";"";"";"";"";"";"";"";"";"";"";"";"";"";""
"01/12/2024";"0900";"";"";"";"";"";"";"";"";"";"";"";"";"";"";"";"";""
"01/12/2024";"1000";"";"";"";"";"";"";"";"";"";"";"";"";"";"";"";"";""
"01/12/2024";"1100";"";"";"";"";"";"";"";"";"";"";"";"";"";"";"";"";""
"01/12/2024";"1200";"";"";"";"";"";"";"";"";"";"";"";"";"";"";"";"";""
"01/12/2024";"1300";"";"";"";"";"";"";"";"";"";"";"";"";"";"";"";"";""
"01/12/2024";"1400";"";"";"";"";"";"";"";"";"";"";"";"";"";"";"";"";""
"01/12/2024";"1500";"";"";"";"";"";"";"";"";"";"";"";"";"";"";"";"";""
"01/12/2024";"1600";"";"";"";"";"";"";"";"";"";"";"";"";"";"";"";"";""
"01/12/2024";"1700";"";"";"";"";"";"";"";"";"";"";"";"";"";"";"";"";""
"01/12/2024";"1800";"";"";"";"";"";"";"";"";"";"";"";"";"";"";"";"";""
"01/12/2024";"1900";"";"";"";"";"";"";"";"";"";"";"";"";"";"";"";"";""
"01/12/2024";"2000";"";"";"";"";"";"";"";"";"";"";"";"";"";"";"";"";""
"01/12/2024";"2100";"";"";"";"";"";"";"";"";"";"";"";"";"";"";"";"";""
"01/12/2024";"2200";"";"";"";"";"";"";"";"";"";"";"";"";"";"";"";"";""
"01/12/2024";"2300";"";"";"";"";"";"";"";"";"";"";"";"";"";"";"";"";""
"02/12/2024";"0000";"";"";"";"";"";"";"";"";"";"";"";"";"";"";"";"";""
"02/12/2024";"0100";"";"";"";"";"";"";"";"";"";"";"";"";"";"";"";"";""
"02/12/2024";"0200";"";"";"";"";"";"";"";"";"";"";"";"";"";"";"";"";""
"02/12/2024";"0300";"";"";"";"";"";"";"";"";"";"";"";"";"";"";"";"";""
"02/12/2024";"0400";"";"";"";"";"";"";"";"";"";"";"";"";"";"";"";"";""
"02/12/2024";"0500";"";"";"";"";"";"";"";"";"";"";"";"";"";"";"";"";""
"02/12/2024";"0600";"";"";"";"";"";"";"";"";"";"";"";"";"";"";"";"";""
"02/12/2024";"0700";"";"";"";"";"";"";"";"";"";"";"";"";"";"";"";"";""
"02/12/2024";"0800";"";"";"";"";"";"";"";"";"";"";"";"";"";"";"";"";""
"02/12/2024";"0900";"";"";"";"";"";"";"";"";"";"";"";"";"";"";"";"";""
"02/12/2024";"1000";"";"";"";"";"";"";"";"";"";"";"";"";"";"";"";"";""
"02/12/2024";"1100";"";"";"";"";"";"";"";"";"";"";"";"";"";"";"";"";""
"02/12/2024";"1200";"";"";"";"";"";"";"";"";"";"";"";"";"";"";"";"";""
"02/12/2024";"1300";"";"";"";"";"";"";"";"";"";"";"";"";"";"";"";"";""
"02/12/2024";"1400";"";"";"";"";"";"";"";"";"";"";"";"";"";"";"";"";""
"02/12/2024";"1500";"";"";"";"";"";"";"";"";"";"";"";"";"";"";"";"";""
"02/12/2024";"1600";"";"";"";"";"";"";"";"";"";"";"";"";"";"";"";"";""
"02/12/2024";"1700";"";"";"";"";"";"";"";"";"";"";"";"";"";"";"";"";""
"02/12/2024";"1800";"";"";"";"";"";"";"";"";"";"";"";"";"";"";"";"";""
"02/12/2024";"1900";"";"";"";"";"";"";"";"";"";"";"";"";"";"";"";"";""
"02/12/2024";"2000";"";"";"";"";"";"";"";"";"";"";"";"";"";"";"";"";""
"02/12/2024";"2100";"";"";"";"";"";"";"";"";"";"";"";"";"";"";"";"";""
"02/12/2024";"2200";"";"";"";"";"";"";"";"";"";"";"";"";"";"";"";"";""
"02/12/2024";"2300";"";"";"";"";"";"";"";"";"";"";"";"";"";"";"";"";""
"03/12/2024";"0000";"";"";"";"";"";"";"";"";"";"";"";"";"";"";"";"";""
"03/12/2024";"0100";"";"";"";"";"";"";"";"";"";"";"";"";"";"";"";"";""
"03/12/2024";"0200";"";"";"";"";"";"";"";"";"";"";"";"";"";"";"";"";""
"03/12/2024";"0300";"";"";"";"";"";"";"";"";"";"";"";"";"";"";"";"";""
"03/12/2024";"0400";"";"";"";"";"";"";"";"";"";"";"";"";"";"";"";"";""
"03/12/2024";"0500";"";"";"";"";"";"";"";"";"";"";"";"";"";"";"";"";""
"03/12/2024";"0600";"";"";"";"";"";"";"";"";"";"";"";"";"";"";"";"";""
"03/12/2024";"0700";"";"";"";"";"";"";"";"";"";"";"";"";"";"";"";"";""
"03/12/2024";"0800";"";"";"";"";"";"";"";"";"";"";"";"";"";"";"";"";""
"03/12/2024";"0900";"";"";"";"";"";"";"";"";"";"";"";"";"";"";"";"";""
"03/12/2024";"1000";"";"";"";"";"";"";"";"";"";"";"";"";"";"";"";"";""
"03/12/2024";"1100";"";"";"";"";"";"";"";"";"";"";"";"";"";"";"";"";""
"03/12/2024";"1200";"";"";"";"";"";"";"";"";"";"";"";"";"";"";"";"";""
"03/12/2024";"1300";"";"";"";"";"";"";"";"";"";"";"";"";"";"";"";"";""
"03/12/2024";"1400";"";"";"";"";"";"";"";"";"";"";"";"";"";"";"";"";""
"03/12/2024";"1500";"";"";"";"";"";"";"";"";"";"";"";"";"";"";"";"";""
"03/12/2024";"1600";"";"";"";"";"";"";"";"";"";"";"";"";"";"";"";"";""
"03/12/2024";"1700";"";"";"";"";"";"";"";"";"";"";"";"";"";"";"";"";""
"03/12/2024";"1800";"";"";"";"";"";"";"";"";"";"";"";"";"";"";"";"";""
"03/12/2024";"1900";"";"";"";"";"";"";"";"";"";"";"";"";"";"";"";"";""
"03/12/2024";"2000";"";"";"";"";"";"";"";"";"";"";"";"";"";"";"";"";""
"03/12/2024";"2100";"";"";"";"";"";"";"";"";"";"";"";"";"";"";"";"";""
"03/12/2024";"2200";"";"";"";"";"";"";"";"";"";"";"";"";"";"";"";"";""
"03/12/2024";"2300";"";"";"";"";"";"";"";"";"";"";"";"";"";"";"";"";""
"04/12/2024";"0000";"";"";"";"";"";"";"";"";"";"";"";"";"";"";"";"";""
"04/12/2024";"0100";"";"";"";"";"";"";"";"";"";"";"";"";"";"";"";"";""
"04/12/2024";"0200";"";"";"";"";"";"";"";"";"";"";"";"";"";"";"";"";""
"04/12/2024";"0300";"";"";"";"";"";"";"";"";"";"";"";"";"";"";"";"";""
"04/12/2024";"0400";"";"";"";"";"";"";"";"";"";"";"";"";"";"";"";"";""
"04/12/2024";"0500";"";"";"";"";"";"";"";"";"";"";"";"";"";"";"";"";""
"04/12/2024";"0600";"";"";"";"";"";"";"";"";"";"";"";"";"";"";"";"";""
"04/12/2024";"0700";"";"";"";"";"";"";"";"";"";"";"";"";"";"";"";"";""
"04/12/2024";"0800";"";"";"";"";"";"";"";"";"";"";"";"";"";"";"";"";""
"04/12/2024";"0900";"";"";"";"";"";"";"";"";"";"";"";"";"";"";"";"";""
"04/12/2024";"1000";"";"";"";"";"";"";"";"";"";"";"";"";"";"";"";"";""
"04/12/2024";"1100";"";"";"";"";"";"";"";"";"";"";"";"";"";"";"";"";""
"04/12/2024";"1200";"";"";"";"";"";"";"";"";"";"";"";"";"";"";"";"";""
"04/12/2024";"1300";"";"";"";"";"";"";"";"";"";"";"";"";"";"";"";"";""
"04/12/2024";"1400";"";"";"";"";"";"";"";"";"";"";"";"";"";"";"";"";""
"04/12/2024";"1500";"";"";"";"";"";"";"";"";"";"";"";"";"";"";"";"";""
"04/12/2024";"1600";"";"";"";"";"";"";"";"";"";"";"";"";"";"";"";"";""
"04/12/2024";"1700";"";"";"";"";"";"";"";"";"";"";"";"";"";"";"";"";""
"04/12/2024";"1800";"";"";"";"";"";"";"";"";"";"";"";"";"";"";"";"";""
"04/12/2024";"1900";"";"";"";"";"";"";"";"";"";"";"";"";"";"";"";"";""
"04/12/2024";"2000";"";"";"";"";"";"";"";"";"";"";"";"";"";"";"";"";""
"04/12/2024";"2100";"";"";"";"";"";"";"";"";"";"";"";"";"";"";"";"";""
"04/12/2024";"2200";"";"";"";"";"";"";"";"";"";"";"";"";"";"";"";"";""
"04/12/2024";"2300";"";"";"";"";"";"";"";"";"";"";"";"";"";"";"";"";""
"05/12/2024";"0000";"";"";"";"";"";"";"";"";"";"";"";"";"";"";"";"";""
"05/12/2024";"0100";"";"";"";"";"";"";"";"";"";"";"";"";"";"";"";"";""
"05/12/2024";"0200";"";"";"";"";"";"";"";"";"";"";"";"";"";"";"";"";""
"05/12/2024";"0300";"";"";"";"";"";"";"";"";"";"";"";"";"";"";"";"";""
"05/12/2024";"0400";"";"";"";"";"";"";"";"";"";"";"";"";"";"";"";"";""
"05/12/2024";"0500";"";"";"";"";"";"";"";"";"";"";"";"";"";"";"";"";""
"05/12/2024";"0600";"";"";"";"";"";"";"";"";"";"";"";"";"";"";"";"";""
"05/12/2024";"0700";"";"";"";"";"";"";"";"";"";"";"";"";"";"";"";"";""
"05/12/2024";"0800";"";"";"";"";"";"";"";"";"";"";"";"";"";"";"";"";""
"05/12/2024";"0900";"";"";"";"";"";"";"";"";"";"";"";"";"";"";"";"";""
"05/12/2024";"1000";"";"";"";"";"";"";"";"";"";"";"";"";"";"";"";"";""
"05/12/2024";"1100";"";"";"";"";"";"";"";"";"";"";"";"";"";"";"";"";""
"05/12/2024";"1200";"";"";"";"";"";"";"";"";"";"";"";"";"";"";"";"";""
"05/12/2024";"1300";"";"";"";"";"";"";"";"";"";"";"";"";"";"";"";"";""
"05/12/2024";"1400";"";"";"";"";"";"";"";"";"";"";"";"";"";"";"";"";""
"05/12/2024";"1500";"";"";"";"";"";"";"";"";"";"";"";"";"";"";"";"";""
"05/12/2024";"1600";"";"";"";"";"";"";"";"";"";"";"";"";"";"";"";"";""
"05/12/2024";"1700";"";"";"";"";"";"";"";"";"";"";"";"";"";"";"";"";""
"05/12/2024";"1800";"";"";"";"";"";"";"";"";"";"";"";"";"";"";"";"";""
"05/12/2024";"1900";"";"";"";"";"";"";"";"";"";"";"";"";"";"";"";"";""
"05/12/2024";"2000";"";"";"";"";"";"";"";"";"";"";"";"";"";"";"";"";""
"05/12/2024";"2100";"";"";"";"";"";"";"";"";"";"";"";"";"";"";"";"";""
"05/12/2024";"2200";"";"";"";"";"";"";"";"";"";"";"";"";"";"";"";"";""
"05/12/2024";"2300";"";"";"";"";"";"";"";"";"";"";"";"";"";"";"";"";""
"06/12/2024";"0000";"";"";"";"";"";"";"";"";"";"";"";"";"";"";"";"";""
"06/12/2024";"0100";"";"";"";"";"";"";"";"";"";"";"";"";"";"";"";"";""
"06/12/2024";"0200";"";"";"";"";"";"";"";"";"";"";"";"";"";"";"";"";""
"06/12/2024";"0300";"";"";"";"";"";"";"";"";"";"";"";"";"";"";"";"";""
"06/12/2024";"0400";"";"";"";"";"";"";"";"";"";"";"";"";"";"";"";"";""
"06/12/2024";"0500";"";"";"";"";"";"";"";"";"";"";"";"";"";"";"";"";""
"06/12/2024";"0600";"";"";"";"";"";"";"";"";"";"";"";"";"";"";"";"";""
"06/12/2024";"0700";"";"";"";"";"";"";"";"";"";"";"";"";"";"";"";"";""
"06/12/2024";"0800";"";"";"";"";"";"";"";"";"";"";"";"";"";"";"";"";""
"06/12/2024";"0900";"";"";"";"";"";"";"";"";"";"";"";"";"";"";"";"";""
"06/12/2024";"1000";"";"";"";"";"";"";"";"";"";"";"";"";"";"";"";"";""
"06/12/2024";"1100";"";"";"";"";"";"";"";"";"";"";"";"";"";"";"";"";""
"06/12/2024";"1200";"";"";"";"";"";"";"";"";"";"";"";"";"";"";"";"";""
"06/12/2024";"1300";"";"";"";"";"";"";"";"";"";"";"";"";"";"";"";"";""
"06/12/2024";"1400";"";"";"";"";"";"";"";"";"";"";"";"";"";"";"";"";""
"06/12/2024";"1500";"";"";"";"";"";"";"";"";"";"";"";"";"";"";"";"";""
"06/12/2024";"1600";"";"";"";"";"";"";"";"";"";"";"";"";"";"";"";"";""
"06/12/2024";"1700";"";"";"";"";"";"";"";"";"";"";"";"";"";"";"";"";""
"06/12/2024";"1800";"";"";"";"";"";"";"";"";"";"";"";"";"";"";"";"";""
"06/12/2024";"1900";"";"";"";"";"";"";"";"";"";"";"";"";"";"";"";"";""
"06/12/2024";"2000";"";"";"";"";"";"";"";"";"";"";"";"";"";"";"";"";""
"06/12/2024";"2100";"";"";"";"";"";"";"";"";"";"";"";"";"";"";"";"";""
"06/12/2024";"2200";"";"";"";"";"";"";"";"";"";"";"";"";"";"";"";"";""
"06/12/2024";"2300";"";"";"";"";"";"";"";"";"";"";"";"";"";"";"";"";""
"07/12/2024";"0000";"";"";"";"";"";"";"";"";"";"";"";"";"";"";"";"";""
"07/12/2024";"0100";"";"";"";"";"";"";"";"";"";"";"";"";"";"";"";"";""
"07/12/2024";"0200";"";"";"";"";"";"";"";"";"";"";"";"";"";"";"";"";""
"07/12/2024";"0300";"";"";"";"";"";"";"";"";"";"";"";"";"";"";"";"";""
"07/12/2024";"0400";"";"";"";"";"";"";"";"";"";"";"";"";"";"";"";"";""
"07/12/2024";"0500";"";"";"";"";"";"";"";"";"";"";"";"";"";"";"";"";""
"07/12/2024";"0600";"";"";"";"";"";"";"";"";"";"";"";"";"";"";"";"";""
"07/12/2024";"0700";"";"";"";"";"";"";"";"";"";"";"";"";"";"";"";"";""
"07/12/2024";"0800";"";"";"";"";"";"";"";"";"";"";"";"";"";"";"";"";""
"07/12/2024";"0900";"";"";"";"";"";"";"";"";"";"";"";"";"";"";"";"";""
"07/12/2024";"1000";"";"";"";"";"";"";"";"";"";"";"";"";"";"";"";"";""
"07/12/2024";"1100";"";"";"";"";"";"";"";"";"";"";"";"";"";"";"";"";""
"07/12/2024";"1200";"";"";"";"";"";"";"";"";"";"";"";"";"";"";"";"";""
"07/12/2024";"1300";"";"";"";"";"";"";"";"";"";"";"";"";"";"";"";"";""
"07/12/2024";"1400";"";"";"";"";"";"";"";"";"";"";"";"";"";"";"";"";""
"07/12/2024";"1500";"";"";"";"";"";"";"";"";"";"";"";"";"";"";"";"";""
"07/12/2024";"1600";"";"";"";"";"";"";"";"";"";"";"";"";"";"";"";"";""
"07/12/2024";"1700";"";"";"";"";"";"";"";"";"";"";"";"";"";"";"";"";""
"07/12/2024";"1800";"";"";"";"";"";"";"";"";"";"";"";"";"";"";"";"";""
"07/12/2024";"1900";"";"";"";"";"";"";"";"";"";"";"";"";"";"";"";"";""
"07/12/2024";"2000";"";"";"";"";"";"";"";"";"";"";"";"";"";"";"";"";""
"07/12/2024";"2100";"";"";"";"";"";"";"";"";"";"";"";"";"";"";"";"";""
"07/12/2024";"2200";"";"";"";"";"";"";"";"";"";"";"";"";"";"";"";"";""
"07/12/2024";"2300";"";"";"";"";"";"";"";"";"";"";"";"";"";"";"";"";""
"08/12/2024";"0000";"";"";"";"";"";"";"";"";"";"";"";"";"";"";"";"";""
"08/12/2024";"0100";"";"";"";"";"";"";"";"";"";"";"";"";"";"";"";"";""
"08/12/2024";"0200";"";"";"";"";"";"";"";"";"";"";"";"";"";"";"";"";""
"08/12/2024";"0300";"";"";"";"";"";"";"";"";"";"";"";"";"";"";"";"";""
"08/12/2024";"0400";"";"";"";"";"";"";"";"";"";"";"";"";"";"";"";"";""
"08/12/2024";"0500";"";"";"";"";"";"";"";"";"";"";"";"";"";"";"";"";""
"08/12/2024";"0600";"";"";"";"";"";"";"";"";"";"";"";"";"";"";"";"";""
"08/12/2024";"0700";"";"";"";"";"";"";"";"";"";"";"";"";"";"";"";"";""
"08/12/2024";"0800";"";"";"";"";"";"";"";"";"";"";"";"";"";"";"";"";""
"08/12/2024";"0900";"";"";"";"";"";"";"";"";"";"";"";"";"";"";"";"";""
"08/12/2024";"1000";"";"";"";"";"";"";"";"";"";"";"";"";"";"";"";"";""
"08/12/2024";"1100";"";"";"";"";"";"";"";"";"";"";"";"";"";"";"";"";""
"08/12/2024";"1200";"";"";"";"";"";"";"";"";"";"";"";"";"";"";"";"";""
"08/12/2024";"1300";"";"";"";"";"";"";"";"";"";"";"";"";"";"";"";"";""
"08/12/2024";"1400";"";"";"";"";"";"";"";"";"";"";"";"";"";"";"";"";""
"08/12/2024";"1500";"";"";"";"";"";"";"";"";"";"";"";"";"";"";"";"";""
"08/12/2024";"1600";"";"";"";"";"";"";"";"";"";"";"";"";"";"";"";"";""
"08/12/2024";"1700";"";"";"";"";"";"";"";"";"";"";"";"";"";"";"";"";""
"08/12/2024";"1800";"";"";"";"";"";"";"";"";"";"";"";"";"";"";"";"";""
"08/12/2024";"1900";"";"";"";"";"";"";"";"";"";"";"";"";"";"";"";"";""
"08/12/2024";"2000";"";"";"";"";"";"";"";"";"";"";"";"";"";"";"";"";""
"08/12/2024";"2100";"";"";"";"";"";"";"";"";"";"";"";"";"";"";"";"";""
"08/12/2024";"2200";"";"";"";"";"";"";"";"";"";"";"";"";"";"";"";"";""
"08/12/2024";"2300";"";"";"";"";"";"";"";"";"";"";"";"";"";"";"";"";""
"09/12/2024";"0000";"";"";"";"";"";"";"";"";"";"";"";"";"";"";"";"";""
"09/12/2024";"0100";"";"";"";"";"";"";"";"";"";"";"";"";"";"";"";"";""
"09/12/2024";"0200";"";"";"";"";"";"";"";"";"";"";"";"";"";"";"";"";""
"09/12/2024";"0300";"";"";"";"";"";"";"";"";"";"";"";"";"";"";"";"";""
"09/12/2024";"0400";"";"";"";"";"";"";"";"";"";"";"";"";"";"";"";"";""
"09/12/2024";"0500";"";"";"";"";"";"";"";"";"";"";"";"";"";"";"";"";""
"09/12/2024";"0600";"";"";"";"";"";"";"";"";"";"";"";"";"";"";"";"";""
"09/12/2024";"0700";"";"";"";"";"";"";"";"";"";"";"";"";"";"";"";"";""
"09/12/2024";"0800";"";"";"";"";"";"";"";"";"";"";"";"";"";"";"";"";""
"09/12/2024";"0900";"";"";"";"";"";"";"";"";"";"";"";"";"";"";"";"";""
"09/12/2024";"1000";"";"";"";"";"";"";"";"";"";"";"";"";"";"";"";"";""
"09/12/2024";"1100";"";"";"";"";"";"";"";"";"";"";"";"";"";"";"";"";""
"09/12/2024";"1200";"";"";"";"";"";"";"";"";"";"";"";"";"";"";"";"";""
"09/12/2024";"1300";"";"";"";"";"";"";"";"";"";"";"";"";"";"";"";"";""
"09/12/2024";"1400";"";"";"";"";"";"";"";"";"";"";"";"";"";"";"";"";""
"09/12/2024";"1500";"";"";"";"";"";"";"";"";"";"";"";"";"";"";"";"";""
"09/12/2024";"1600";"";"";"";"";"";"";"";"";"";"";"";"";"";"";"";"";""
"09/12/2024";"1700";"";"";"";"";"";"";"";"";"";"";"";"";"";"";"";"";""
"09/12/2024";"1800";"";"";"";"";"";"";"";"";"";"";"";"";"";"";"";"";""
"09/12/2024";"1900";"";"";"";"";"";"";"";"";"";"";"";"";"";"";"";"";""
"09/12/2024";"2000";"";"";"";"";"";"";"";"";"";"";"";"";"";"";"";"";""
"09/12/2024";"2100";"";"";"";"";"";"";"";"";"";"";"";"";"";"";"";"";""
"09/12/2024";"2200";"";"";"";"";"";"";"";"";"";"";"";"";"";"";"";"";""
"09/12/2024";"2300";"";"";"";"";"";"";"";"";"";"";"";"";"";"";"";"";""
"10/12/2024";"0000";"";"";"";"";"";"";"";"";"";"";"";"";"";"";"";"";""
"10/12/2024";"0100";"";"";"";"";"";"";"";"";"";"";"";"";"";"";"";"";""
"10/12/2024";"0200";"";"";"";"";"";"";"";"";"";"";"";"";"";"";"";"";""
"10/12/2024";"0300";"";"";"";"";"";"";"";"";"";"";"";"";"";"";"";"";""
"10/12/2024";"0400";"";"";"";"";"";"";"";"";"";"";"";"";"";"";"";"";""
"10/12/2024";"0500";"";"";"";"";"";"";"";"";"";"";"";"";"";"";"";"";""
"10/12/2024";"0600";"";"";"";"";"";"";"";"";"";"";"";"";"";"";"";"";""
"10/12/2024";"0700";"";"";"";"";"";"";"";"";"";"";"";"";"";"";"";"";""
"10/12/2024";"0800";"";"";"";"";"";"";"";"";"";"";"";"";"";"";"";"";""
"10/12/2024";"0900";"";"";"";"";"";"";"";"";"";"";"";"";"";"";"";"";""
"10/12/2024";"1000";"";"";"";"";"";"";"";"";"";"";"";"";"";"";"";"";""
"10/12/2024";"1100";"";"";"";"";"";"";"";"";"";"";"";"";"";"";"";"";""
"10/12/2024";"1200";"";"";"";"";"";"";"";"";"";"";"";"";"";"";"";"";""
"10/12/2024";"1300";"";"";"";"";"";"";"";"";"";"";"";"";"";"";"";"";""
"10/12/2024";"1400";"";"";"";"";"";"";"";"";"";"";"";"";"";"";"";"";""
"10/12/2024";"1500";"";"";"";"";"";"";"";"";"";"";"";"";"";"";"";"";""
"10/12/2024";"1600";"";"";"";"";"";"";"";"";"";"";"";"";"";"";"";"";""
"10/12/2024";"1700";"";"";"";"";"";"";"";"";"";"";"";"";"";"";"";"";""
"10/12/2024";"1800";"";"";"";"";"";"";"";"";"";"";"";"";"";"";"";"";""
"10/12/2024";"1900";"";"";"";"";"";"";"";"";"";"";"";"";"";"";"";"";""
"10/12/2024";"2000";"";"";"";"";"";"";"";"";"";"";"";"";"";"";"";"";""
"10/12/2024";"2100";"";"";"";"";"";"";"";"";"";"";"";"";"";"";"";"";""
"10/12/2024";"2200";"";"";"";"";"";"";"";"";"";"";"";"";"";"";"";"";""
"10/12/2024";"2300";"";"";"";"";"";"";"";"";"";"";"";"";"";"";"";"";""
"11/12/2024";"0000";"";"";"";"";"";"";"";"";"";"";"";"";"";"";"";"";""
"11/12/2024";"0100";"";"";"";"";"";"";"";"";"";"";"";"";"";"";"";"";""
"11/12/2024";"0200";"";"";"";"";"";"";"";"";"";"";"";"";"";"";"";"";""
"11/12/2024";"0300";"";"";"";"";"";"";"";"";"";"";"";"";"";"";"";"";""
"11/12/2024";"0400";"";"";"";"";"";"";"";"";"";"";"";"";"";"";"";"";""
"11/12/2024";"0500";"";"";"";"";"";"";"";"";"";"";"";"";"";"";"";"";""
"11/12/2024";"0600";"";"";"";"";"";"";"";"";"";"";"";"";"";"";"";"";""
"11/12/2024";"0700";"";"";"";"";"";"";"";"";"";"";"";"";"";"";"";"";""
"11/12/2024";"0800";"";"";"";"";"";"";"";"";"";"";"";"";"";"";"";"";""
"11/12/2024";"0900";"";"";"";"";"";"";"";"";"";"";"";"";"";"";"";"";""
"11/12/2024";"1000";"";"";"";"";"";"";"";"";"";"";"";"";"";"";"";"";""
"11/12/2024";"1100";"";"";"";"";"";"";"";"";"";"";"";"";"";"";"";"";""
"11/12/2024";"1200";"";"";"";"";"";"";"";"";"";"";"";"";"";"";"";"";""
"11/12/2024";"1300";"";"";"";"";"";"";"";"";"";"";"";"";"";"";"";"";""
"11/12/2024";"1400";"";"";"";"";"";"";"";"";"";"";"";"";"";"";"";"";""
"11/12/2024";"1500";"";"";"";"";"";"";"";"";"";"";"";"";"";"";"";"";""
"11/12/2024";"1600";"";"";"";"";"";"";"";"";"";"";"";"";"";"";"";"";""
"11/12/2024";"1700";"";"";"";"";"";"";"";"";"";"";"";"";"";"";"";"";""
"11/12/2024";"1800";"";"";"";"";"";"";"";"";"";"";"";"";"";"";"";"";""
"11/12/2024";"1900";"";"";"";"";"";"";"";"";"";"";"";"";"";"";"";"";""
"11/12/2024";"2000";"";"";"";"";"";"";"";"";"";"";"";"";"";"";"";"";""
"11/12/2024";"2100";"";"";"";"";"";"";"";"";"";"";"";"";"";"";"";"";""
"11/12/2024";"2200";"";"";"";"";"";"";"";"";"";"";"";"";"";"";"";"";""
"11/12/2024";"2300";"";"";"";"";"";"";"";"";"";"";"";"";"";"";"";"";""
"12/12/2024";"0000";"";"";"";"";"";"";"";"";"";"";"";"";"";"";"";"";""
"12/12/2024";"0100";"";"";"";"";"";"";"";"";"";"";"";"";"";"";"";"";""
"12/12/2024";"0200";"";"";"";"";"";"";"";"";"";"";"";"";"";"";"";"";""
"12/12/2024";"0300";"";"";"";"";"";"";"";"";"";"";"";"";"";"";"";"";""
"12/12/2024";"0400";"";"";"";"";"";"";"";"";"";"";"";"";"";"";"";"";""
"12/12/2024";"0500";"";"";"";"";"";"";"";"";"";"";"";"";"";"";"";"";""
"12/12/2024";"0600";"";"";"";"";"";"";"";"";"";"";"";"";"";"";"";"";""
"12/12/2024";"0700";"";"";"";"";"";"";"";"";"";"";"";"";"";"";"";"";""
"12/12/2024";"0800";"";"";"";"";"";"";"";"";"";"";"";"";"";"";"";"";""
"12/12/2024";"0900";"";"";"";"";"";"";"";"";"";"";"";"";"";"";"";"";""
"12/12/2024";"1000";"";"";"";"";"";"";"";"";"";"";"";"";"";"";"";"";""
"12/12/2024";"1100";"";"";"";"";"";"";"";"";"";"";"";"";"";"";"";"";""
"12/12/2024";"1200";"";"";"";"";"";"";"";"";"";"";"";"";"";"";"";"";""
"12/12/2024";"1300";"";"";"";"";"";"";"";"";"";"";"";"";"";"";"";"";""
"12/12/2024";"1400";"";"";"";"";"";"";"";"";"";"";"";"";"";"";"";"";""
"12/12/2024";"1500";"";"";"";"";"";"";"";"";"";"";"";"";"";"";"";"";""
"12/12/2024";"1600";"";"";"";"";"";"";"";"";"";"";"";"";"";"";"";"";""
"12/12/2024";"1700";"";"";"";"";"";"";"";"";"";"";"";"";"";"";"";"";""
"12/12/2024";"1800";"";"";"";"";"";"";"";"";"";"";"";"";"";"";"";"";""
"12/12/2024";"1900";"";"";"";"";"";"";"";"";"";"";"";"";"";"";"";"";""
"12/12/2024";"2000";"";"";"";"";"";"";"";"";"";"";"";"";"";"";"";"";""
"12/12/2024";"2100";"";"";"";"";"";"";"";"";"";"";"";"";"";"";"";"";""
"12/12/2024";"2200";"";"";"";"";"";"";"";"";"";"";"";"";"";"";"";"";""
"12/12/2024";"2300";"";"";"";"";"";"";"";"";"";"";"";"";"";"";"";"";""
"13/12/2024";"0000";"";"";"";"";"";"";"";"";"";"";"";"";"";"";"";"";""
"13/12/2024";"0100";"";"";"";"";"";"";"";"";"";"";"";"";"";"";"";"";""
"13/12/2024";"0200";"";"";"";"";"";"";"";"";"";"";"";"";"";"";"";"";""
"13/12/2024";"0300";"";"";"";"";"";"";"";"";"";"";"";"";"";"";"";"";""
"13/12/2024";"0400";"";"";"";"";"";"";"";"";"";"";"";"";"";"";"";"";""
"13/12/2024";"0500";"";"";"";"";"";"";"";"";"";"";"";"";"";"";"";"";""
"13/12/2024";"0600";"";"";"";"";"";"";"";"";"";"";"";"";"";"";"";"";""
"13/12/2024";"0700";"";"";"";"";"";"";"";"";"";"";"";"";"";"";"";"";""
"13/12/2024";"0800";"";"";"";"";"";"";"";"";"";"";"";"";"";"";"";"";""
"13/12/2024";"0900";"";"";"";"";"";"";"";"";"";"";"";"";"";"";"";"";""
"13/12/2024";"1000";"";"";"";"";"";"";"";"";"";"";"";"";"";"";"";"";""
"13/12/2024";"1100";"";"";"";"";"";"";"";"";"";"";"";"";"";"";"";"";""
"13/12/2024";"1200";"";"";"";"";"";"";"";"";"";"";"";"";"";"";"";"";""
"13/12/2024";"1300";"";"";"";"";"";"";"";"";"";"";"";"";"";"";"";"";""
"13/12/2024";"1400";"";"";"";"";"";"";"";"";"";"";"";"";"";"";"";"";""
"13/12/2024";"1500";"";"";"";"";"";"";"";"";"";"";"";"";"";"";"";"";""
"13/12/2024";"1600";"";"";"";"";"";"";"";"";"";"";"";"";"";"";"";"";""
"13/12/2024";"1700";"";"";"";"";"";"";"";"";"";"";"";"";"";"";"";"";""
"13/12/2024";"1800";"";"";"";"";"";"";"";"";"";"";"";"";"";"";"";"";""
"13/12/2024";"1900";"";"";"";"";"";"";"";"";"";"";"";"";"";"";"";"";""
"13/12/2024";"2000";"";"";"";"";"";"";"";"";"";"";"";"";"";"";"";"";""
"13/12/2024";"2100";"";"";"";"";"";"";"";"";"";"";"";"";"";"";"";"";""
"13/12/2024";"2200";"";"";"";"";"";"";"";"";"";"";"";"";"";"";"";"";""
"13/12/2024";"2300";"";"";"";"";"";"";"";"";"";"";"";"";"";"";"";"";""
"14/12/2024";"0000";"";"";"";"";"";"";"";"";"";"";"";"";"";"";"";"";""
"14/12/2024";"0100";"";"";"";"";"";"";"";"";"";"";"";"";"";"";"";"";""
"14/12/2024";"0200";"";"";"";"";"";"";"";"";"";"";"";"";"";"";"";"";""
"14/12/2024";"0300";"";"";"";"";"";"";"";"";"";"";"";"";"";"";"";"";""
"14/12/2024";"0400";"";"";"";"";"";"";"";"";"";"";"";"";"";"";"";"";""
"14/12/2024";"0500";"";"";"";"";"";"";"";"";"";"";"";"";"";"";"";"";""
"14/12/2024";"0600";"";"";"";"";"";"";"";"";"";"";"";"";"";"";"";"";""
"14/12/2024";"0700";"";"";"";"";"";"";"";"";"";"";"";"";"";"";"";"";""
"14/12/2024";"0800";"";"";"";"";"";"";"";"";"";"";"";"";"";"";"";"";""
"14/12/2024";"0900";"";"";"";"";"";"";"";"";"";"";"";"";"";"";"";"";""
"14/12/2024";"1000";"";"";"";"";"";"";"";"";"";"";"";"";"";"";"";"";""
"14/12/2024";"1100";"";"";"";"";"";"";"";"";"";"";"";"";"";"";"";"";""
"14/12/2024";"1200";"";"";"";"";"";"";"";"";"";"";"";"";"";"";"";"";""
"14/12/2024";"1300";"";"";"";"";"";"";"";"";"";"";"";"";"";"";"";"";""
"14/12/2024";"1400";"";"";"";"";"";"";"";"";"";"";"";"";"";"";"";"";""
"14/12/2024";"1500";"";"";"";"";"";"";"";"";"";"";"";"";"";"";"";"";""
"14/12/2024";"1600";"";"";"";"";"";"";"";"";"";"";"";"";"";"";"";"";""
"14/12/2024";"1700";"";"";"";"";"";"";"";"";"";"";"";"";"";"";"";"";""
"14/12/2024";"1800";"";"";"";"";"";"";"";"";"";"";"";"";"";"";"";"";""
"14/12/2024";"1900";"";"";"";"";"";"";"";"";"";"";"";"";"";"";"";"";""
"14/12/2024";"2000";"";"";"";"";"";"";"";"";"";"";"";"";"";"";"";"";""
"14/12/2024";"2100";"";"";"";"";"";"";"";"";"";"";"";"";"";"";"";"";""
"14/12/2024";"2200";"";"";"";"";"";"";"";"";"";"";"";"";"";"";"";"";""
"14/12/2024";"2300";"";"";"";"";"";"";"";"";"";"";"";"";"";"";"";"";""
"15/12/2024";"0000";"";"";"";"";"";"";"";"";"";"";"";"";"";"";"";"";""
"15/12/2024";"0100";"";"";"";"";"";"";"";"";"";"";"";"";"";"";"";"";""
"15/12/2024";"0200";"";"";"";"";"";"";"";"";"";"";"";"";"";"";"";"";""
"15/12/2024";"0300";"";"";"";"";"";"";"";"";"";"";"";"";"";"";"";"";""
"15/12/2024";"0400";"";"";"";"";"";"";"";"";"";"";"";"";"";"";"";"";""
"15/12/2024";"0500";"";"";"";"";"";"";"";"";"";"";"";"";"";"";"";"";""
"15/12/2024";"0600";"";"";"";"";"";"";"";"";"";"";"";"";"";"";"";"";""
"15/12/2024";"0700";"";"";"";"";"";"";"";"";"";"";"";"";"";"";"";"";""
"15/12/2024";"0800";"";"";"";"";"";"";"";"";"";"";"";"";"";"";"";"";""
"15/12/2024";"0900";"";"";"";"";"";"";"";"";"";"";"";"";"";"";"";"";""
"15/12/2024";"1000";"";"";"";"";"";"";"";"";"";"";"";"";"";"";"";"";""
"15/12/2024";"1100";"";"";"";"";"";"";"";"";"";"";"";"";"";"";"";"";""
"15/12/2024";"1200";"";"";"";"";"";"";"";"";"";"";"";"";"";"";"";"";""
"15/12/2024";"1300";"";"";"";"";"";"";"";"";"";"";"";"";"";"";"";"";""
"15/12/2024";"1400";"";"";"";"";"";"";"";"";"";"";"";"";"";"";"";"";""
"15/12/2024";"1500";"";"";"";"";"";"";"";"";"";"";"";"";"";"";"";"";""
"15/12/2024";"1600";"";"";"";"";"";"";"";"";"";"";"";"";"";"";"";"";""
"15/12/2024";"1700";"";"";"";"";"";"";"";"";"";"";"";"";"";"";"";"";""
"15/12/2024";"1800";"";"";"";"";"";"";"";"";"";"";"";"";"";"";"";"";""
"15/12/2024";"1900";"";"";"";"";"";"";"";"";"";"";"";"";"";"";"";"";""
"15/12/2024";"2000";"";"";"";"";"";"";"";"";"";"";"";"";"";"";"";"";""
"15/12/2024";"2100";"";"";"";"";"";"";"";"";"";"";"";"";"";"";"";"";""
"15/12/2024";"2200";"";"";"";"";"";"";"";"";"";"";"";"";"";"";"";"";""
"15/12/2024";"2300";"";"";"";"";"";"";"";"";"";"";"";"";"";"";"";"";""
"16/12/2024";"0000";"";"";"";"";"";"";"";"";"";"";"";"";"";"";"";"";""
"16/12/2024";"0100";"";"";"";"";"";"";"";"";"";"";"";"";"";"";"";"";""
"16/12/2024";"0200";"";"";"";"";"";"";"";"";"";"";"";"";"";"";"";"";""
"16/12/2024";"0300";"";"";"";"";"";"";"";"";"";"";"";"";"";"";"";"";""
"16/12/2024";"0400";"";"";"";"";"";"";"";"";"";"";"";"";"";"";"";"";""
"16/12/2024";"0500";"";"";"";"";"";"";"";"";"";"";"";"";"";"";"";"";""
"16/12/2024";"0600";"";"";"";"";"";"";"";"";"";"";"";"";"";"";"";"";""
"16/12/2024";"0700";"";"";"";"";"";"";"";"";"";"";"";"";"";"";"";"";""
"16/12/2024";"0800";"";"";"";"";"";"";"";"";"";"";"";"";"";"";"";"";""
"16/12/2024";"0900";"";"";"";"";"";"";"";"";"";"";"";"";"";"";"";"";""
"16/12/2024";"1000";"";"";"";"";"";"";"";"";"";"";"";"";"";"";"";"";""
"16/12/2024";"1100";"";"";"";"";"";"";"";"";"";"";"";"";"";"";"";"";""
"16/12/2024";"1200";"";"";"";"";"";"";"";"";"";"";"";"";"";"";"";"";""
"16/12/2024";"1300";"";"";"";"";"";"";"";"";"";"";"";"";"";"";"";"";""
"16/12/2024";"1400";"";"";"";"";"";"";"";"";"";"";"";"";"";"";"";"";""
"16/12/2024";"1500";"";"";"";"";"";"";"";"";"";"";"";"";"";"";"";"";""
"16/12/2024";"1600";"";"";"";"";"";"";"";"";"";"";"";"";"";"";"";"";""
"16/12/2024";"1700";"";"";"";"";"";"";"";"";"";"";"";"";"";"";"";"";""
"16/12/2024";"1800";"";"";"";"";"";"";"";"";"";"";"";"";"";"";"";"";""
"16/12/2024";"1900";"";"";"";"";"";"";"";"";"";"";"";"";"";"";"";"";""
"16/12/2024";"2000";"";"";"";"";"";"";"";"";"";"";"";"";"";"";"";"";""
"16/12/2024";"2100";"";"";"";"";"";"";"";"";"";"";"";"";"";"";"";"";""
"16/12/2024";"2200";"";"";"";"";"";"";"";"";"";"";"";"";"";"";"";"";""
"16/12/2024";"2300";"";"";"";"";"";"";"";"";"";"";"";"";"";"";"";"";""
"17/12/2024";"0000";"";"";"";"";"";"";"";"";"";"";"";"";"";"";"";"";""
"17/12/2024";"0100";"";"";"";"";"";"";"";"";"";"";"";"";"";"";"";"";""
"17/12/2024";"0200";"";"";"";"";"";"";"";"";"";"";"";"";"";"";"";"";""
"17/12/2024";"0300";"";"";"";"";"";"";"";"";"";"";"";"";"";"";"";"";""
"17/12/2024";"0400";"";"";"";"";"";"";"";"";"";"";"";"";"";"";"";"";""
"17/12/2024";"0500";"";"";"";"";"";"";"";"";"";"";"";"";"";"";"";"";""
"17/12/2024";"0600";"";"";"";"";"";"";"";"";"";"";"";"";"";"";"";"";""
"17/12/2024";"0700";"";"";"";"";"";"";"";"";"";"";"";"";"";"";"";"";""
"17/12/2024";"0800";"";"";"";"";"";"";"";"";"";"";"";"";"";"";"";"";""
"17/12/2024";"0900";"";"";"";"";"";"";"";"";"";"";"";"";"";"";"";"";""
"17/12/2024";"1000";"";"";"";"";"";"";"";"";"";"";"";"";"";"";"";"";""
"17/12/2024";"1100";"";"";"";"";"";"";"";"";"";"";"";"";"";"";"";"";""
"17/12/2024";"1200";"";"";"";"";"";"";"";"";"";"";"";"";"";"";"";"";""
"17/12/2024";"1300";"";"";"";"";"";"";"";"";"";"";"";"";"";"";"";"";""
"17/12/2024";"1400";"";"";"";"";"";"";"";"";"";"";"";"";"";"";"";"";""
"17/12/2024";"1500";"";"";"";"";"";"";"";"";"";"";"";"";"";"";"";"";""
"17/12/2024";"1600";"";"";"";"";"";"";"";"";"";"";"";"";"";"";"";"";""
"17/12/2024";"1700";"";"";"";"";"";"";"";"";"";"";"";"";"";"";"";"";""
"17/12/2024";"1800";"";"";"";"";"";"";"";"";"";"";"";"";"";"";"";"";""
"17/12/2024";"1900";"";"";"";"";"";"";"";"";"";"";"";"";"";"";"";"";""
"17/12/2024";"2000";"";"";"";"";"";"";"";"";"";"";"";"";"";"";"";"";""
"17/12/2024";"2100";"";"";"";"";"";"";"";"";"";"";"";"";"";"";"";"";""
"17/12/2024";"2200";"";"";"";"";"";"";"";"";"";"";"";"";"";"";"";"";""
"17/12/2024";"2300";"";"";"";"";"";"";"";"";"";"";"";"";"";"";"";"";""
"18/12/2024";"0000";"";"";"";"";"";"";"";"";"";"";"";"";"";"";"";"";""
"18/12/2024";"0100";"";"";"";"";"";"";"";"";"";"";"";"";"";"";"";"";""
"18/12/2024";"0200";"";"";"";"";"";"";"";"";"";"";"";"";"";"";"";"";""
"18/12/2024";"0300";"";"";"";"";"";"";"";"";"";"";"";"";"";"";"";"";""
"18/12/2024";"0400";"";"";"";"";"";"";"";"";"";"";"";"";"";"";"";"";""
"18/12/2024";"0500";"";"";"";"";"";"";"";"";"";"";"";"";"";"";"";"";""
"18/12/2024";"0600";"";"";"";"";"";"";"";"";"";"";"";"";"";"";"";"";""
"18/12/2024";"0700";"";"";"";"";"";"";"";"";"";"";"";"";"";"";"";"";""
"18/12/2024";"0800";"";"";"";"";"";"";"";"";"";"";"";"";"";"";"";"";""
"18/12/2024";"0900";"";"";"";"";"";"";"";"";"";"";"";"";"";"";"";"";""
"18/12/2024";"1000";"";"";"";"";"";"";"";"";"";"";"";"";"";"";"";"";""
"18/12/2024";"1100";"";"";"";"";"";"";"";"";"";"";"";"";"";"";"";"";""
"18/12/2024";"1200";"";"";"";"";"";"";"";"";"";"";"";"";"";"";"";"";""
"18/12/2024";"1300";"";"";"";"";"";"";"";"";"";"";"";"";"";"";"";"";""
"18/12/2024";"1400";"";"";"";"";"";"";"";"";"";"";"";"";"";"";"";"";""
"18/12/2024";"1500";"";"";"";"";"";"";"";"";"";"";"";"";"";"";"";"";""
"18/12/2024";"1600";"";"";"";"";"";"";"";"";"";"";"";"";"";"";"";"";""
"18/12/2024";"1700";"";"";"";"";"";"";"";"";"";"";"";"";"";"";"";"";""
"18/12/2024";"1800";"";"";"";"";"";"";"";"";"";"";"";"";"";"";"";"";""
"18/12/2024";"1900";"";"";"";"";"";"";"";"";"";"";"";"";"";"";"";"";""
"18/12/2024";"2000";"";"";"";"";"";"";"";"";"";"";"";"";"";"";"";"";""
"18/12/2024";"2100";"";"";"";"";"";"";"";"";"";"";"";"";"";"";"";"";""
"18/12/2024";"2200";"";"";"";"";"";"";"";"";"";"";"";"";"";"";"";"";""
"18/12/2024";"2300";"";"";"";"";"";"";"";"";"";"";"";"";"";"";"";"";""
"19/12/2024";"0000";"";"";"";"";"";"";"";"";"";"";"";"";"";"";"";"";""
"19/12/2024";"0100";"";"";"";"";"";"";"";"";"";"";"";"";"";"";"";"";""
"19/12/2024";"0200";"";"";"";"";"";"";"";"";"";"";"";"";"";"";"";"";""
"19/12/2024";"0300";"";"";"";"";"";"";"";"";"";"";"";"";"";"";"";"";""
"19/12/2024";"0400";"";"";"";"";"";"";"";"";"";"";"";"";"";"";"";"";""
"19/12/2024";"0500";"";"";"";"";"";"";"";"";"";"";"";"";"";"";"";"";""
"19/12/2024";"0600";"";"";"";"";"";"";"";"";"";"";"";"";"";"";"";"";""
"19/12/2024";"0700";"";"";"";"";"";"";"";"";"";"";"";"";"";"";"";"";""
"19/12/2024";"0800";"";"";"";"";"";"";"";"";"";"";"";"";"";"";"";"";""
"19/12/2024";"0900";"";"";"";"";"";"";"";"";"";"";"";"";"";"";"";"";""
"19/12/2024";"1000";"";"";"";"";"";"";"";"";"";"";"";"";"";"";"";"";""
"19/12/2024";"1100";"";"";"";"";"";"";"";"";"";"";"";"";"";"";"";"";""
"19/12/2024";"1200";"";"";"";"";"";"";"";"";"";"";"";"";"";"";"";"";""
"19/12/2024";"1300";"";"";"";"";"";"";"";"";"";"";"";"";"";"";"";"";""
"19/12/2024";"1400";"";"";"";"";"";"";"";"";"";"";"";"";"";"";"";"";""
"19/12/2024";"1500";"";"";"";"";"";"";"";"";"";"";"";"";"";"";"";"";""
"19/12/2024";"1600";"";"";"";"";"";"";"";"";"";"";"";"";"";"";"";"";""
"19/12/2024";"1700";"";"";"";"";"";"";"";"";"";"";"";"";"";"";"";"";""
"19/12/2024";"1800";"";"";"";"";"";"";"";"";"";"";"";"";"";"";"";"";""
"19/12/2024";"1900";"";"";"";"";"";"";"";"";"";"";"";"";"";"";"";"";""
"19/12/2024";"2000";"";"";"";"";"";"";"";"";"";"";"";"";"";"";"";"";""
"19/12/2024";"2100";"";"";"";"";"";"";"";"";"";"";"";"";"";"";"";"";""
"19/12/2024";"2200";"";"";"";"";"";"";"";"";"";"";"";"";"";"";"";"";""
"19/12/2024";"2300";"";"";"";"";"";"";"";"";"";"";"";"";"";"";"";"";""
"20/12/2024";"0000";"";"";"";"";"";"";"";"";"";"";"";"";"";"";"";"";""
"20/12/2024";"0100";"";"";"";"";"";"";"";"";"";"";"";"";"";"";"";"";""
"20/12/2024";"0200";"";"";"";"";"";"";"";"";"";"";"";"";"";"";"";"";""
"20/12/2024";"0300";"";"";"";"";"";"";"";"";"";"";"";"";"";"";"";"";""
"20/12/2024";"0400";"";"";"";"";"";"";"";"";"";"";"";"";"";"";"";"";""
"20/12/2024";"0500";"";"";"";"";"";"";"";"";"";"";"";"";"";"";"";"";""
"20/12/2024";"0600";"";"";"";"";"";"";"";"";"";"";"";"";"";"";"";"";""
"20/12/2024";"0700";"";"";"";"";"";"";"";"";"";"";"";"";"";"";"";"";""
"20/12/2024";"0800";"";"";"";"";"";"";"";"";"";"";"";"";"";"";"";"";""
"20/12/2024";"0900";"";"";"";"";"";"";"";"";"";"";"";"";"";"";"";"";""
"20/12/2024";"1000";"";"";"";"";"";"";"";"";"";"";"";"";"";"";"";"";""
"20/12/2024";"1100";"";"";"";"";"";"";"";"";"";"";"";"";"";"";"";"";""
"20/12/2024";"1200";"";"";"";"";"";"";"";"";"";"";"";"";"";"";"";"";""
"20/12/2024";"1300";"";"";"";"";"";"";"";"";"";"";"";"";"";"";"";"";""
"20/12/2024";"1400";"";"";"";"";"";"";"";"";"";"";"";"";"";"";"";"";""
"20/12/2024";"1500";"";"";"";"";"";"";"";"";"";"";"";"";"";"";"";"";""
"20/12/2024";"1600";"";"";"";"";"";"";"";"";"";"";"";"";"";"";"";"";""
"20/12/2024";"1700";"";"";"";"";"";"";"";"";"";"";"";"";"";"";"";"";""
"20/12/2024";"1800";"";"";"";"";"";"";"";"";"";"";"";"";"";"";"";"";""
"20/12/2024";"1900";"";"";"";"";"";"";"";"";"";"";"";"";"";"";"";"";""
"20/12/2024";"2000";"";"";"";"";"";"";"";"";"";"";"";"";"";"";"";"";""
"20/12/2024";"2100";"";"";"";"";"";"";"";"";"";"";"";"";"";"";"";"";""
"20/12/2024";"2200";"";"";"";"";"";"";"";"";"";"";"";"";"";"";"";"";""
"20/12/2024";"2300";"";"";"";"";"";"";"";"";"";"";"";"";"";"";"";"";""
"21/12/2024";"0000";"";"";"";"";"";"";"";"";"";"";"";"";"";"";"";"";""
"21/12/2024";"0100";"";"";"";"";"";"";"";"";"";"";"";"";"";"";"";"";""
"21/12/2024";"0200";"";"";"";"";"";"";"";"";"";"";"";"";"";"";"";"";""
"21/12/2024";"0300";"";"";"";"";"";"";"";"";"";"";"";"";"";"";"";"";""
"21/12/2024";"0400";"";"";"";"";"";"";"";"";"";"";"";"";"";"";"";"";""
"21/12/2024";"0500";"";"";"";"";"";"";"";"";"";"";"";"";"";"";"";"";""
"21/12/2024";"0600";"";"";"";"";"";"";"";"";"";"";"";"";"";"";"";"";""
"21/12/2024";"0700";"";"";"";"";"";"";"";"";"";"";"";"";"";"";"";"";""
"21/12/2024";"0800";"";"";"";"";"";"";"";"";"";"";"";"";"";"";"";"";""
"21/12/2024";"0900";"";"";"";"";"";"";"";"";"";"";"";"";"";"";"";"";""
"21/12/2024";"1000";"";"";"";"";"";"";"";"";"";"";"";"";"";"";"";"";""
"21/12/2024";"1100";"";"";"";"";"";"";"";"";"";"";"";"";"";"";"";"";""
"21/12/2024";"1200";"";"";"";"";"";"";"";"";"";"";"";"";"";"";"";"";""
"21/12/2024";"1300";"";"";"";"";"";"";"";"";"";"";"";"";"";"";"";"";""
"21/12/2024";"1400";"";"";"";"";"";"";"";"";"";"";"";"";"";"";"";"";""
"21/12/2024";"1500";"";"";"";"";"";"";"";"";"";"";"";"";"";"";"";"";""
"21/12/2024";"1600";"";"";"";"";"";"";"";"";"";"";"";"";"";"";"";"";""
"21/12/2024";"1700";"";"";"";"";"";"";"";"";"";"";"";"";"";"";"";"";""
"21/12/2024";"1800";"";"";"";"";"";"";"";"";"";"";"";"";"";"";"";"";""
"21/12/2024";"1900";"";"";"";"";"";"";"";"";"";"";"";"";"";"";"";"";""
"21/12/2024";"2000";"";"";"";"";"";"";"";"";"";"";"";"";"";"";"";"";""
"21/12/2024";"2100";"";"";"";"";"";"";"";"";"";"";"";"";"";"";"";"";""
"21/12/2024";"2200";"";"";"";"";"";"";"";"";"";"";"";"";"";"";"";"";""
"21/12/2024";"2300";"";"";"";"";"";"";"";"";"";"";"";"";"";"";"";"";""
"22/12/2024";"0000";"";"";"";"";"";"";"";"";"";"";"";"";"";"";"";"";""
"22/12/2024";"0100";"";"";"";"";"";"";"";"";"";"";"";"";"";"";"";"";""
"22/12/2024";"0200";"";"";"";"";"";"";"";"";"";"";"";"";"";"";"";"";""
"22/12/2024";"0300";"";"";"";"";"";"";"";"";"";"";"";"";"";"";"";"";""
"22/12/2024";"0400";"";"";"";"";"";"";"";"";"";"";"";"";"";"";"";"";""
"22/12/2024";"0500";"";"";"";"";"";"";"";"";"";"";"";"";"";"";"";"";""
"22/12/2024";"0600";"";"";"";"";"";"";"";"";"";"";"";"";"";"";"";"";""
"22/12/2024";"0700";"";"";"";"";"";"";"";"";"";"";"";"";"";"";"";"";""
"22/12/2024";"0800";"";"";"";"";"";"";"";"";"";"";"";"";"";"";"";"";""
"22/12/2024";"0900";"";"";"";"";"";"";"";"";"";"";"";"";"";"";"";"";""
"22/12/2024";"1000";"";"";"";"";"";"";"";"";"";"";"";"";"";"";"";"";""
"22/12/2024";"1100";"";"";"";"";"";"";"";"";"";"";"";"";"";"";"";"";""
"22/12/2024";"1200";"";"";"";"";"";"";"";"";"";"";"";"";"";"";"";"";""
"22/12/2024";"1300";"";"";"";"";"";"";"";"";"";"";"";"";"";"";"";"";""
"22/12/2024";"1400";"";"";"";"";"";"";"";"";"";"";"";"";"";"";"";"";""
"22/12/2024";"1500";"";"";"";"";"";"";"";"";"";"";"";"";"";"";"";"";""
"22/12/2024";"1600";"";"";"";"";"";"";"";"";"";"";"";"";"";"";"";"";""
"22/12/2024";"1700";"";"";"";"";"";"";"";"";"";"";"";"";"";"";"";"";""
"22/12/2024";"1800";"";"";"";"";"";"";"";"";"";"";"";"";"";"";"";"";""
"22/12/2024";"1900";"";"";"";"";"";"";"";"";"";"";"";"";"";"";"";"";""
"22/12/2024";"2000";"";"";"";"";"";"";"";"";"";"";"";"";"";"";"";"";""
"22/12/2024";"2100";"";"";"";"";"";"";"";"";"";"";"";"";"";"";"";"";""
"22/12/2024";"2200";"";"";"";"";"";"";"";"";"";"";"";"";"";"";"";"";""
"22/12/2024";"2300";"";"";"";"";"";"";"";"";"";"";"";"";"";"";"";"";""
"23/12/2024";"0000";"";"";"";"";"";"";"";"";"";"";"";"";"";"";"";"";""
"23/12/2024";"0100";"";"";"";"";"";"";"";"";"";"";"";"";"";"";"";"";""
"23/12/2024";"0200";"";"";"";"";"";"";"";"";"";"";"";"";"";"";"";"";""
"23/12/2024";"0300";"";"";"";"";"";"";"";"";"";"";"";"";"";"";"";"";""
"23/12/2024";"0400";"";"";"";"";"";"";"";"";"";"";"";"";"";"";"";"";""
"23/12/2024";"0500";"";"";"";"";"";"";"";"";"";"";"";"";"";"";"";"";""
"23/12/2024";"0600";"";"";"";"";"";"";"";"";"";"";"";"";"";"";"";"";""
"23/12/2024";"0700";"";"";"";"";"";"";"";"";"";"";"";"";"";"";"";"";""
"23/12/2024";"0800";"";"";"";"";"";"";"";"";"";"";"";"";"";"";"";"";""
"23/12/2024";"0900";"";"";"";"";"";"";"";"";"";"";"";"";"";"";"";"";""
"23/12/2024";"1000";"";"";"";"";"";"";"";"";"";"";"";"";"";"";"";"";""
"23/12/2024";"1100";"";"";"";"";"";"";"";"";"";"";"";"";"";"";"";"";""
"23/12/2024";"1200";"";"";"";"";"";"";"";"";"";"";"";"";"";"";"";"";""
"23/12/2024";"1300";"";"";"";"";"";"";"";"";"";"";"";"";"";"";"";"";""
"23/12/2024";"1400";"";"";"";"";"";"";"";"";"";"";"";"";"";"";"";"";""
"23/12/2024";"1500";"";"";"";"";"";"";"";"";"";"";"";"";"";"";"";"";""
"23/12/2024";"1600";"";"";"";"";"";"";"";"";"";"";"";"";"";"";"";"";""
"23/12/2024";"1700";"";"";"";"";"";"";"";"";"";"";"";"";"";"";"";"";""
"23/12/2024";"1800";"";"";"";"";"";"";"";"";"";"";"";"";"";"";"";"";""
"23/12/2024";"1900";"";"";"";"";"";"";"";"";"";"";"";"";"";"";"";"";""
"23/12/2024";"2000";"";"";"";"";"";"";"";"";"";"";"";"";"";"";"";"";""
"23/12/2024";"2100";"";"";"";"";"";"";"";"";"";"";"";"";"";"";"";"";""
"23/12/2024";"2200";"";"";"";"";"";"";"";"";"";"";"";"";"";"";"";"";""
"23/12/2024";"2300";"";"";"";"";"";"";"";"";"";"";"";"";"";"";"";"";""
"24/12/2024";"0000";"";"";"";"";"";"";"";"";"";"";"";"";"";"";"";"";""
"24/12/2024";"0100";"";"";"";"";"";"";"";"";"";"";"";"";"";"";"";"";""
"24/12/2024";"0200";"";"";"";"";"";"";"";"";"";"";"";"";"";"";"";"";""
"24/12/2024";"0300";"";"";"";"";"";"";"";"";"";"";"";"";"";"";"";"";""
"24/12/2024";"0400";"";"";"";"";"";"";"";"";"";"";"";"";"";"";"";"";""
"24/12/2024";"0500";"";"";"";"";"";"";"";"";"";"";"";"";"";"";"";"";""
"24/12/2024";"0600";"";"";"";"";"";"";"";"";"";"";"";"";"";"";"";"";""
"24/12/2024";"0700";"";"";"";"";"";"";"";"";"";"";"";"";"";"";"";"";""
"24/12/2024";"0800";"";"";"";"";"";"";"";"";"";"";"";"";"";"";"";"";""
"24/12/2024";"0900";"";"";"";"";"";"";"";"";"";"";"";"";"";"";"";"";""
"24/12/2024";"1000";"";"";"";"";"";"";"";"";"";"";"";"";"";"";"";"";""
"24/12/2024";"1100";"";"";"";"";"";"";"";"";"";"";"";"";"";"";"";"";""
"24/12/2024";"1200";"";"";"";"";"";"";"";"";"";"";"";"";"";"";"";"";""
"24/12/2024";"1300";"";"";"";"";"";"";"";"";"";"";"";"";"";"";"";"";""
"24/12/2024";"1400";"";"";"";"";"";"";"";"";"";"";"";"";"";"";"";"";""
"24/12/2024";"1500";"";"";"";"";"";"";"";"";"";"";"";"";"";"";"";"";""
"24/12/2024";"1600";"";"";"";"";"";"";"";"";"";"";"";"";"";"";"";"";""
"24/12/2024";"1700";"";"";"";"";"";"";"";"";"";"";"";"";"";"";"";"";""
"24/12/2024";"1800";"";"";"";"";"";"";"";"";"";"";"";"";"";"";"";"";""
"24/12/2024";"1900";"";"";"";"";"";"";"";"";"";"";"";"";"";"";"";"";""
"24/12/2024";"2000";"";"";"";"";"";"";"";"";"";"";"";"";"";"";"";"";""
"24/12/2024";"2100";"";"";"";"";"";"";"";"";"";"";"";"";"";"";"";"";""
"24/12/2024";"2200";"";"";"";"";"";"";"";"";"";"";"";"";"";"";"";"";""
"24/12/2024";"2300";"";"";"";"";"";"";"";"";"";"";"";"";"";"";"";"";""
"25/12/2024";"0000";"";"";"";"";"";"";"";"";"";"";"";"";"";"";"";"";""
"25/12/2024";"0100";"";"";"";"";"";"";"";"";"";"";"";"";"";"";"";"";""
"25/12/2024";"0200";"";"";"";"";"";"";"";"";"";"";"";"";"";"";"";"";""
"25/12/2024";"0300";"";"";"";"";"";"";"";"";"";"";"";"";"";"";"";"";""
"25/12/2024";"0400";"";"";"";"";"";"";"";"";"";"";"";"";"";"";"";"";""
"25/12/2024";"0500";"";"";"";"";"";"";"";"";"";"";"";"";"";"";"";"";""
"25/12/2024";"0600";"";"";"";"";"";"";"";"";"";"";"";"";"";"";"";"";""
"25/12/2024";"0700";"";"";"";"";"";"";"";"";"";"";"";"";"";"";"";"";""
"25/12/2024";"0800";"";"";"";"";"";"";"";"";"";"";"";"";"";"";"";"";""
"25/12/2024";"0900";"";"";"";"";"";"";"";"";"";"";"";"";"";"";"";"";""
"25/12/2024";"1000";"";"";"";"";"";"";"";"";"";"";"";"";"";"";"";"";""
"25/12/2024";"1100";"";"";"";"";"";"";"";"";"";"";"";"";"";"";"";"";""
"25/12/2024";"1200";"";"";"";"";"";"";"";"";"";"";"";"";"";"";"";"";""
"25/12/2024";"1300";"";"";"";"";"";"";"";"";"";"";"";"";"";"";"";"";""
"25/12/2024";"1400";"";"";"";"";"";"";"";"";"";"";"";"";"";"";"";"";""
"25/12/2024";"1500";"";"";"";"";"";"";"";"";"";"";"";"";"";"";"";"";""
"25/12/2024";"1600";"";"";"";"";"";"";"";"";"";"";"";"";"";"";"";"";""
"25/12/2024";"1700";"";"";"";"";"";"";"";"";"";"";"";"";"";"";"";"";""
"25/12/2024";"1800";"";"";"";"";"";"";"";"";"";"";"";"";"";"";"";"";""
"25/12/2024";"1900";"";"";"";"";"";"";"";"";"";"";"";"";"";"";"";"";""
"25/12/2024";"2000";"";"";"";"";"";"";"";"";"";"";"";"";"";"";"";"";""
"25/12/2024";"2100";"";"";"";"";"";"";"";"";"";"";"";"";"";"";"";"";""
"25/12/2024";"2200";"";"";"";"";"";"";"";"";"";"";"";"";"";"";"";"";""
"25/12/2024";"2300";"";"";"";"";"";"";"";"";"";"";"";"";"";"";"";"";""
"26/12/2024";"0000";"";"";"";"";"";"";"";"";"";"";"";"";"";"";"";"";""
"26/12/2024";"0100";"";"";"";"";"";"";"";"";"";"";"";"";"";"";"";"";""
"26/12/2024";"0200";"";"";"";"";"";"";"";"";"";"";"";"";"";"";"";"";""
"26/12/2024";"0300";"";"";"";"";"";"";"";"";"";"";"";"";"";"";"";"";""
"26/12/2024";"0400";"";"";"";"";"";"";"";"";"";"";"";"";"";"";"";"";""
"26/12/2024";"0500";"";"";"";"";"";"";"";"";"";"";"";"";"";"";"";"";""
"26/12/2024";"0600";"";"";"";"";"";"";"";"";"";"";"";"";"";"";"";"";""
"26/12/2024";"0700";"";"";"";"";"";"";"";"";"";"";"";"";"";"";"";"";""
"26/12/2024";"0800";"";"";"";"";"";"";"";"";"";"";"";"";"";"";"";"";""
"26/12/2024";"0900";"";"";"";"";"";"";"";"";"";"";"";"";"";"";"";"";""
"26/12/2024";"1000";"";"";"";"";"";"";"";"";"";"";"";"";"";"";"";"";""
"26/12/2024";"1100";"";"";"";"";"";"";"";"";"";"";"";"";"";"";"";"";""
"26/12/2024";"1200";"";"";"";"";"";"";"";"";"";"";"";"";"";"";"";"";""
"26/12/2024";"1300";"";"";"";"";"";"";"";"";"";"";"";"";"";"";"";"";""
"26/12/2024";"1400";"";"";"";"";"";"";"";"";"";"";"";"";"";"";"";"";""
"26/12/2024";"1500";"";"";"";"";"";"";"";"";"";"";"";"";"";"";"";"";""
"26/12/2024";"1600";"";"";"";"";"";"";"";"";"";"";"";"";"";"";"";"";""
"26/12/2024";"1700";"";"";"";"";"";"";"";"";"";"";"";"";"";"";"";"";""
"26/12/2024";"1800";"";"";"";"";"";"";"";"";"";"";"";"";"";"";"";"";""
"26/12/2024";"1900";"";"";"";"";"";"";"";"";"";"";"";"";"";"";"";"";""
"26/12/2024";"2000";"";"";"";"";"";"";"";"";"";"";"";"";"";"";"";"";""
"26/12/2024";"2100";"";"";"";"";"";"";"";"";"";"";"";"";"";"";"";"";""
"26/12/2024";"2200";"";"";"";"";"";"";"";"";"";"";"";"";"";"";"";"";""
"26/12/2024";"2300";"";"";"";"";"";"";"";"";"";"";"";"";"";"";"";"";""
"27/12/2024";"0000";"";"";"";"";"";"";"";"";"";"";"";"";"";"";"";"";""
"27/12/2024";"0100";"";"";"";"";"";"";"";"";"";"";"";"";"";"";"";"";""
"27/12/2024";"0200";"";"";"";"";"";"";"";"";"";"";"";"";"";"";"";"";""
"27/12/2024";"0300";"";"";"";"";"";"";"";"";"";"";"";"";"";"";"";"";""
"27/12/2024";"0400";"";"";"";"";"";"";"";"";"";"";"";"";"";"";"";"";""
"27/12/2024";"0500";"";"";"";"";"";"";"";"";"";"";"";"";"";"";"";"";""
"27/12/2024";"0600";"";"";"";"";"";"";"";"";"";"";"";"";"";"";"";"";""
"27/12/2024";"0700";"";"";"";"";"";"";"";"";"";"";"";"";"";"";"";"";""
"27/12/2024";"0800";"";"";"";"";"";"";"";"";"";"";"";"";"";"";"";"";""
"27/12/2024";"0900";"";"";"";"";"";"";"";"";"";"";"";"";"";"";"";"";""
"27/12/2024";"1000";"";"";"";"";"";"";"";"";"";"";"";"";"";"";"";"";""
"27/12/2024";"1100";"";"";"";"";"";"";"";"";"";"";"";"";"";"";"";"";""
"27/12/2024";"1200";"";"";"";"";"";"";"";"";"";"";"";"";"";"";"";"";""
"27/12/2024";"1300";"";"";"";"";"";"";"";"";"";"";"";"";"";"";"";"";""
"27/12/2024";"1400";"";"";"";"";"";"";"";"";"";"";"";"";"";"";"";"";""
"27/12/2024";"1500";"";"";"";"";"";"";"";"";"";"";"";"";"";"";"";"";""
"27/12/2024";"1600";"";"";"";"";"";"";"";"";"";"";"";"";"";"";"";"";""
"27/12/2024";"1700";"";"";"";"";"";"";"";"";"";"";"";"";"";"";"";"";""
"27/12/2024";"1800";"";"";"";"";"";"";"";"";"";"";"";"";"";"";"";"";""
"27/12/2024";"1900";"";"";"";"";"";"";"";"";"";"";"";"";"";"";"";"";""
"27/12/2024";"2000";"";"";"";"";"";"";"";"";"";"";"";"";"";"";"";"";""
"27/12/2024";"2100";"";"";"";"";"";"";"";"";"";"";"";"";"";"";"";"";""
"27/12/2024";"2200";"";"";"";"";"";"";"";"";"";"";"";"";"";"";"";"";""
"27/12/2024";"2300";"";"";"";"";"";"";"";"";"";"";"";"";"";"";"";"";""
"28/12/2024";"0000";"";"";"";"";"";"";"";"";"";"";"";"";"";"";"";"";""
"28/12/2024";"0100";"";"";"";"";"";"";"";"";"";"";"";"";"";"";"";"";""
"28/12/2024";"0200";"";"";"";"";"";"";"";"";"";"";"";"";"";"";"";"";""
"28/12/2024";"0300";"";"";"";"";"";"";"";"";"";"";"";"";"";"";"";"";""
"28/12/2024";"0400";"";"";"";"";"";"";"";"";"";"";"";"";"";"";"";"";""
"28/12/2024";"0500";"";"";"";"";"";"";"";"";"";"";"";"";"";"";"";"";""
"28/12/2024";"0600";"";"";"";"";"";"";"";"";"";"";"";"";"";"";"";"";""
"28/12/2024";"0700";"";"";"";"";"";"";"";"";"";"";"";"";"";"";"";"";""
"28/12/2024";"0800";"";"";"";"";"";"";"";"";"";"";"";"";"";"";"";"";""
"28/12/2024";"0900";"";"";"";"";"";"";"";"";"";"";"";"";"";"";"";"";""
"28/12/2024";"1000";"";"";"";"";"";"";"";"";"";"";"";"";"";"";"";"";""
"28/12/2024";"1100";"";"";"";"";"";"";"";"";"";"";"";"";"";"";"";"";""
"28/12/2024";"1200";"";"";"";"";"";"";"";"";"";"";"";"";"";"";"";"";""
"28/12/2024";"1300";"";"";"";"";"";"";"";"";"";"";"";"";"";"";"";"";""
"28/12/2024";"1400";"";"";"";"";"";"";"";"";"";"";"";"";"";"";"";"";""
"28/12/2024";"1500";"";"";"";"";"";"";"";"";"";"";"";"";"";"";"";"";""
"28/12/2024";"1600";"";"";"";"";"";"";"";"";"";"";"";"";"";"";"";"";""
"28/12/2024";"1700";"";"";"";"";"";"";"";"";"";"";"";"";"";"";"";"";""
"28/12/2024";"1800";"";"";"";"";"";"";"";"";"";"";"";"";"";"";"";"";""
"28/12/2024";"1900";"";"";"";"";"";"";"";"";"";"";"";"";"";"";"";"";""
"28/12/2024";"2000";"";"";"";"";"";"";"";"";"";"";"";"";"";"";"";"";""
"28/12/2024";"2100";"";"";"";"";"";"";"";"";"";"";"";"";"";"";"";"";""
"28/12/2024";"2200";"";"";"";"";"";"";"";"";"";"";"";"";"";"";"";"";""
"28/12/2024";"2300";"";"";"";"";"";"";"";"";"";"";"";"";"";"";"";"";""
"29/12/2024";"0000";"";"";"";"";"";"";"";"";"";"";"";"";"";"";"";"";""
"29/12/2024";"0100";"";"";"";"";"";"";"";"";"";"";"";"";"";"";"";"";""
"29/12/2024";"0200";"";"";"";"";"";"";"";"";"";"";"";"";"";"";"";"";""
"29/12/2024";"0300";"";"";"";"";"";"";"";"";"";"";"";"";"";"";"";"";""
"29/12/2024";"0400";"";"";"";"";"";"";"";"";"";"";"";"";"";"";"";"";""
"29/12/2024";"0500";"";"";"";"";"";"";"";"";"";"";"";"";"";"";"";"";""
"29/12/2024";"0600";"";"";"";"";"";"";"";"";"";"";"";"";"";"";"";"";""
"29/12/2024";"0700";"";"";"";"";"";"";"";"";"";"";"";"";"";"";"";"";""
"29/12/2024";"0800";"";"";"";"";"";"";"";"";"";"";"";"";"";"";"";"";""
"29/12/2024";"0900";"";"";"";"";"";"";"";"";"";"";"";"";"";"";"";"";""
"29/12/2024";"1000";"";"";"";"";"";"";"";"";"";"";"";"";"";"";"";"";""
"29/12/2024";"1100";"";"";"";"";"";"";"";"";"";"";"";"";"";"";"";"";""
"29/12/2024";"1200";"";"";"";"";"";"";"";"";"";"";"";"";"";"";"";"";""
"29/12/2024";"1300";"";"";"";"";"";"";"";"";"";"";"";"";"";"";"";"";""
"29/12/2024";"1400";"";"";"";"";"";"";"";"";"";"";"";"";"";"";"";"";""
"29/12/2024";"1500";"";"";"";"";"";"";"";"";"";"";"";"";"";"";"";"";""
"29/12/2024";"1600";"";"";"";"";"";"";"";"";"";"";"";"";"";"";"";"";""
"29/12/2024";"1700";"";"";"";"";"";"";"";"";"";"";"";"";"";"";"";"";""
"29/12/2024";"1800";"";"";"";"";"";"";"";"";"";"";"";"";"";"";"";"";""
"29/12/2024";"1900";"";"";"";"";"";"";"";"";"";"";"";"";"";"";"";"";""
"29/12/2024";"2000";"";"";"";"";"";"";"";"";"";"";"";"";"";"";"";"";""
"29/12/2024";"2100";"";"";"";"";"";"";"";"";"";"";"";"";"";"";"";"";""
"29/12/2024";"2200";"";"";"";"";"";"";"";"";"";"";"";"";"";"";"";"";""
"29/12/2024";"2300";"";"";"";"";"";"";"";"";"";"";"";"";"";"";"";"";""
"30/12/2024";"0000";"";"";"";"";"";"";"";"";"";"";"";"";"";"";"";"";""
"30/12/2024";"0100";"";"";"";"";"";"";"";"";"";"";"";"";"";"";"";"";""
"30/12/2024";"0200";"";"";"";"";"";"";"";"";"";"";"";"";"";"";"";"";""
"30/12/2024";"0300";"";"";"";"";"";"";"";"";"";"";"";"";"";"";"";"";""
"30/12/2024";"0400";"";"";"";"";"";"";"";"";"";"";"";"";"";"";"";"";""
"30/12/2024";"0500";"";"";"";"";"";"";"";"";"";"";"";"";"";"";"";"";""
"30/12/2024";"0600";"";"";"";"";"";"";"";"";"";"";"";"";"";"";"";"";""
"30/12/2024";"0700";"";"";"";"";"";"";"";"";"";"";"";"";"";"";"";"";""
"30/12/2024";"0800";"";"";"";"";"";"";"";"";"";"";"";"";"";"";"";"";""
"30/12/2024";"0900";"";"";"";"";"";"";"";"";"";"";"";"";"";"";"";"";""
"30/12/2024";"1000";"";"";"";"";"";"";"";"";"";"";"";"";"";"";"";"";""
"30/12/2024";"1100";"";"";"";"";"";"";"";"";"";"";"";"";"";"";"";"";""
"30/12/2024";"1200";"";"";"";"";"";"";"";"";"";"";"";"";"";"";"";"";""
"30/12/2024";"1300";"";"";"";"";"";"";"";"";"";"";"";"";"";"";"";"";""
"30/12/2024";"1400";"";"";"";"";"";"";"";"";"";"";"";"";"";"";"";"";""
"30/12/2024";"1500";"";"";"";"";"";"";"";"";"";"";"";"";"";"";"";"";""
"30/12/2024";"1600";"";"";"";"";"";"";"";"";"";"";"";"";"";"";"";"";""
"30/12/2024";"1700";"";"";"";"";"";"";"";"";"";"";"";"";"";"";"";"";""
"30/12/2024";"1800";"";"";"";"";"";"";"";"";"";"";"";"";"";"";"";"";""
"30/12/2024";"1900";"";"";"";"";"";"";"";"";"";"";"";"";"";"";"";"";""
"30/12/2024";"2000";"";"";"";"";"";"";"";"";"";"";"";"";"";"";"";"";""
"30/12/2024";"2100";"";"";"";"";"";"";"";"";"";"";"";"";"";"";"";"";""
"30/12/2024";"2200";"";"";"";"";"";"";"";"";"";"";"";"";"";"";"";"";""
"30/12/2024";"2300";"";"";"";"";"";"";"";"";"";"";"";"";"";"";"";"";""
"31/12/2024";"0000";"";"";"";"";"";"";"";"";"";"";"";"";"";"";"";"";""
"31/12/2024";"0100";"";"";"";"";"";"";"";"";"";"";"";"";"";"";"";"";""
"31/12/2024";"0200";"";"";"";"";"";"";"";"";"";"";"";"";"";"";"";"";""
"31/12/2024";"0300";"";"";"";"";"";"";"";"";"";"";"";"";"";"";"";"";""
"31/12/2024";"0400";"";"";"";"";"";"";"";"";"";"";"";"";"";"";"";"";""
"31/12/2024";"0500";"";"";"";"";"";"";"";"";"";"";"";"";"";"";"";"";""
"31/12/2024";"0600";"";"";"";"";"";"";"";"";"";"";"";"";"";"";"";"";""
"31/12/2024";"0700";"";"";"";"";"";"";"";"";"";"";"";"";"";"";"";"";""
"31/12/2024";"0800";"";"";"";"";"";"";"";"";"";"";"";"";"";"";"";"";""
"31/12/2024";"0900";"";"";"";"";"";"";"";"";"";"";"";"";"";"";"";"";""
"31/12/2024";"1000";"";"";"";"";"";"";"";"";"";"";"";"";"";"";"";"";""
"31/12/2024";"1100";"";"";"";"";"";"";"";"";"";"";"";"";"";"";"";"";""
"31/12/2024";"1200";"";"";"";"";"";"";"";"";"";"";"";"";"";"";"";"";""
"31/12/2024";"1300";"";"";"";"";"";"";"";"";"";"";"";"";"";"";"";"";""
"31/12/2024";"1400";"";"";"";"";"";"";"";"";"";"";"";"";"";"";"";"";""
"31/12/2024";"1500";"";"";"";"";"";"";"";"";"";"";"";"";"";"";"";"";""
"31/12/2024";"1600";"";"";"";"";"";"";"";"";"";"";"";"";"";"";"";"";""
"31/12/2024";"1700";"";"";"";"";"";"";"";"";"";"";"";"";"";"";"";"";""
"31/12/2024";"1800";"";"";"";"";"";"";"";"";"";"";"";"";"";"";"";"";""
"31/12/2024";"1900";"";"";"";"";"";"";"";"";"";"";"";"";"";"";"";"";""
"31/12/2024";"2000";"";"";"";"";"";"";"";"";"";"";"";"";"";"";"";"";""
"31/12/2024";"2100";"";"";"";"";"";"";"";"";"";"";"";"";"";"";"";"";""
"31/12/2024";"2200";"";"";"";"";"";"";"";"";"";"";"";"";"";"";"";"";""
"31/12/2024";"2300";"";"";"";"";"";"";"";"";"";"";"";"";"";"";"";"";""