"Data";"Hora (UTC)";"Temp. Ins. (C)";"Temp. Max. (C)";"Temp. Min. (C)";"Umi. Ins. (%)";"Umi. Max. (%)";"Umi. Min. (%)";"Pto Orvalho Ins. (C)";"Pto Orvalho Max. (C)";"Pto Orvalho Min. (C)";"Pressao Ins. (hPa)";"Pressao Max. (hPa)";"Pressao Min. (hPa)";"Vel. Vento (m/s)";"Dir. Vento (m/s)";"Raj. Vento (m/s)";"Radiacao (KJ/m²)";"Chuva (mm)"
"01/01/2023";"0000";"25,4";"26,1";"25,2";"79,0";"80,0";"76,0";"21,4";"21,6";"21,3";"991,8";"991,8";"990,6";"0,9";"304,0";"2,0";"";"0,0"
"01/01/2023";"0100";"24,8";"25,4";"24,7";"83,0";"84,0";"79,0";"21,7";"21,9";"21,4";"992,8";"992,8";"991,8";"0,7";"324,0";"2,5";"";"0,0"
"01/01/2023";"0200";"24,1";"24,8";"24,1";"86,0";"86,0";"81,0";"21,6";"21,8";"21,4";"993,5";"993,6";"992,7";"0,1";"309,0";"2,7";"";"0,0"
"01/01/2023";"0300";"23,5";"24,1";"23,5";"91,0";"91,0";"86,0";"21,9";"21,9";"21,6";"994,1";"994,1";"993,5";"0,2";"318,0";"2,8";"";"0,0"
"01/01/2023";"0400";"23,2";"23,7";"23,2";"92,0";"92,0";"90,0";"21,8";"21,9";"21,7";"993,3";"994,1";"993,3";"0,0";"328,0";"1,7";"";"0,0"
"01/01/2023";"0500";"22,9";"23,2";"22,9";"92,0";"92,0";"92,0";"21,5";"21,9";"21,5";"992,6";"993,3";"992,6";"0,0";"325,0";"1,3";"";"0,0"
"01/01/2023";"0600";"22,7";"22,9";"22,7";"94,0";"94,0";"92,0";"21,6";"21,7";"21,5";"992,2";"992,6";"992,2";"0,1";"320,0";"1,1";"";"0,0"
"01/01/2023";"0700";"22,6";"22,8";"22,6";"95,0";"95,0";"93,0";"21,7";"21,7";"21,5";"991,9";"992,3";"991,9";"0,3";"240,0";"1,1";"";"0,0"
"01/01/2023";"0800";"22,5";"22,6";"22,5";"95,0";"95,0";"95,0";"21,7";"21,7";"21,7";"992,0";"992,0";"991,8";"0,0";"295,0";"1,1";"";"0,0"
"01/01/2023";"0900";"22,4";"22,6";"22,4";"95,0";"95,0";"95,0";"21,6";"21,7";"21,6";"992,2";"992,3";"992,0";"0,0";"256,0";"1,2";"";"0,0"
"01/01/2023";"1000";"22,2";"22,4";"22,1";"96,0";"96,0";"95,0";"21,5";"21,6";"21,4";"992,5";"992,5";"992,2";"0,0";"325,0";"0,7";"6,60";"0,0"
"01/01/2023";"1100";"23,7";"24,0";"22,2";"91,0";"96,0";"91,0";"22,2";"23,3";"21,5";"993,4";"993,4";"992,5";"0,3";"276,0";"1,6";"267,30";"0,0"
"01/01/2023";"1200";"24,8";"25,1";"23,6";"82,0";"91,0";"81,0";"21,5";"22,4";"21,3";"994,3";"994,3";"993,4";"0,8";"324,0";"2,2";"744,20";"0,0"
"01/01/2023";"1300";"26,0";"26,5";"24,8";"79,0";"82,0";"76,0";"21,9";"22,3";"21,3";"994,7";"994,7";"994,3";"1,2";"317,0";"2,4";"1296,00";"0,0"
"01/01/2023";"1400";"28,1";"29,0";"26,0";"72,0";"79,0";"67,0";"22,5";"23,1";"21,3";"995,0";"995,1";"994,7";"0,7";"313,0";"3,3";"2166,00";"0,0"
"01/01/2023";"1500";"28,5";"29,3";"27,8";"66,0";"75,0";"65,0";"21,6";"23,2";"21,5";"994,5";"995,0";"994,4";"0,7";"280,0";"3,3";"1968,50";"0,0"
"01/01/2023";"1600";"29,8";"29,8";"28,3";"63,0";"70,0";"62,0";"22,0";"23,0";"21,4";"993,4";"994,5";"993,4";"0,3";"285,0";"2,8";"1612,80";"0,0"
"01/01/2023";"1700";"31,1";"31,3";"29,4";"59,0";"65,0";"58,0";"22,2";"22,9";"20,9";"991,8";"993,4";"991,8";"1,2";"266,0";"3,0";"2726,00";"0,0"
"01/01/2023";"1800";"29,5";"31,7";"29,5";"63,0";"64,0";"56,0";"21,8";"23,0";"20,4";"990,2";"991,8";"990,2";"0,8";"227,0";"3,4";"2094,20";"0,0"
"01/01/2023";"1900";"27,4";"29,5";"26,9";"74,0";"78,0";"63,0";"22,4";"22,7";"21,3";"989,4";"990,2";"989,3";"2,1";"245,0";"5,3";"1037,20";"0,0"
"01/01/2023";"2000";"29,3";"30,2";"27,4";"65,0";"74,0";"57,0";"22,1";"22,3";"20,2";"988,8";"989,4";"988,8";"1,0";"314,0";"4,1";"2437,30";"0,0"
"01/01/2023";"2100";"28,8";"30,4";"28,3";"68,0";"70,0";"62,0";"22,4";"22,9";"21,8";"988,3";"988,8";"988,3";"1,1";"302,0";"4,1";"1248,90";"0,0"
"01/01/2023";"2200";"27,2";"29,0";"27,1";"74,0";"77,0";"66,0";"22,2";"22,8";"21,7";"989,5";"989,5";"988,3";"0,5";"320,0";"2,9";"287,00";"0,0"
"01/01/2023";"2300";"26,1";"27,2";"26,0";"79,0";"79,0";"74,0";"22,2";"22,4";"21,6";"990,4";"990,4";"989,5";"0,0";"313,0";"1,6";"6,20";"0,0"
"02/01/2023";"0000";"25,7";"26,1";"25,6";"80,0";"82,0";"78,0";"21,9";"22,3";"21,8";"991,4";"991,4";"990,4";"0,2";"328,0";"1,6";"";"0,0"
"02/01/2023";"0100";"24,5";"25,9";"24,5";"83,0";"83,0";"78,0";"21,5";"22,1";"21,3";"992,6";"992,6";"991,4";"2,4";"268,0";"5,2";"";"0,0"
"02/01/2023";"0200";"23,8";"24,5";"23,8";"92,0";"92,0";"83,0";"22,4";"22,4";"21,3";"993,7";"993,7";"992,6";"2,0";"302,0";"4,9";"";"0,2"
"02/01/2023";"0300";"22,8";"23,8";"22,8";"93,0";"93,0";"92,0";"21,6";"22,5";"21,5";"993,8";"993,9";"993,7";"2,6";"215,0";"6,3";"";"0,0"
"02/01/2023";"0400";"21,9";"22,8";"21,9";"95,0";"95,0";"92,0";"21,0";"21,6";"20,9";"993,6";"994,0";"993,5";"2,4";"229,0";"5,0";"";"1,0"
"02/01/2023";"0500";"21,4";"22,0";"21,4";"96,0";"96,0";"95,0";"20,8";"21,1";"20,7";"992,9";"993,9";"992,9";"2,0";"224,0";"4,4";"0,20";"12,8"
"02/01/2023";"0600";"21,6";"21,7";"21,4";"96,0";"96,0";"96,0";"21,0";"21,0";"20,8";"991,9";"992,9";"991,7";"1,5";"278,0";"5,1";"";"1,0"
"02/01/2023";"0700";"21,7";"21,7";"21,6";"96,0";"96,0";"96,0";"21,0";"21,1";"20,9";"992,2";"992,3";"991,9";"0,0";"198,0";"3,4";"";"0,2"
"02/01/2023";"0800";"21,7";"21,7";"21,6";"96,0";"96,0";"96,0";"21,0";"21,1";"21,0";"992,0";"992,2";"991,8";"1,3";"234,0";"3,7";"";"0,0"
"02/01/2023";"0900";"21,7";"21,7";"21,6";"96,0";"96,0";"95,0";"21,0";"21,0";"20,9";"992,6";"992,6";"992,0";"0,3";"323,0";"2,8";"";"0,0"
"02/01/2023";"1000";"21,7";"21,7";"21,6";"96,0";"96,0";"96,0";"21,1";"21,1";"20,9";"993,0";"993,0";"992,4";"0,6";"302,0";"2,6";"6,10";"0,0"
"02/01/2023";"1100";"22,2";"22,2";"21,7";"96,0";"96,0";"96,0";"21,5";"21,5";"21,1";"994,0";"994,0";"993,0";"1,2";"217,0";"3,3";"129,50";"0,0"
"02/01/2023";"1200";"23,2";"23,3";"22,2";"91,0";"96,0";"90,0";"21,6";"21,9";"21,3";"994,9";"994,9";"994,0";"1,7";"245,0";"3,8";"648,00";"0,0"
"02/01/2023";"1300";"23,5";"24,0";"23,2";"86,0";"91,0";"85,0";"20,9";"21,9";"20,9";"995,6";"995,6";"994,9";"1,0";"236,0";"3,5";"536,00";"0,0"
"02/01/2023";"1400";"23,6";"23,6";"22,9";"91,0";"94,0";"86,0";"22,1";"22,3";"21,0";"995,6";"995,7";"995,6";"0,1";"264,0";"2,2";"579,50";"2,4"
"02/01/2023";"1500";"21,8";"23,6";"21,8";"96,0";"96,0";"91,0";"21,1";"22,1";"21,1";"995,1";"995,6";"995,1";"2,2";"293,0";"4,5";"387,60";"19,0"
"02/01/2023";"1600";"21,6";"22,0";"21,4";"96,0";"96,0";"96,0";"21,0";"21,3";"20,8";"994,4";"995,1";"994,4";"0,8";"316,0";"4,5";"290,00";"31,2"
"02/01/2023";"1700";"21,9";"22,0";"21,5";"96,0";"96,0";"96,0";"21,3";"21,3";"20,8";"993,5";"994,4";"993,5";"0,4";"318,0";"4,8";"398,90";"7,4"
"02/01/2023";"1800";"22,1";"22,2";"21,7";"96,0";"96,0";"96,0";"21,4";"21,5";"21,0";"992,5";"993,5";"992,5";"1,9";"309,0";"4,1";"409,40";"1,4"
"02/01/2023";"1900";"21,2";"22,0";"21,2";"96,0";"96,0";"96,0";"20,6";"21,3";"20,6";"991,6";"992,5";"991,6";"1,9";"286,0";"5,6";"328,20";"5,4"
"02/01/2023";"2000";"21,2";"21,5";"21,1";"96,0";"96,0";"96,0";"20,4";"20,8";"20,4";"991,3";"991,6";"991,3";"1,3";"290,0";"4,3";"361,10";"2,8"
"02/01/2023";"2100";"20,8";"21,2";"20,8";"96,0";"96,0";"95,0";"20,2";"20,5";"20,2";"991,2";"991,3";"991,1";"1,5";"303,0";"3,0";"168,50";"2,0"
"02/01/2023";"2200";"20,8";"20,9";"20,8";"96,0";"96,0";"96,0";"20,2";"20,3";"20,1";"991,8";"992,0";"991,2";"1,1";"302,0";"2,9";"87,70";"0,6"
"02/01/2023";"2300";"20,9";"20,9";"20,7";"96,0";"96,0";"96,0";"20,2";"20,3";"20,1";"991,9";"991,9";"991,7";"1,3";"305,0";"2,1";"4,00";"0,0"
"03/01/2023";"0000";"21,0";"21,0";"20,9";"96,0";"96,0";"96,0";"20,4";"20,4";"20,2";"992,5";"992,5";"991,9";"1,2";"295,0";"2,8";"";"0,0"
"03/01/2023";"0100";"20,9";"21,0";"20,9";"96,0";"96,0";"96,0";"20,2";"20,4";"20,2";"993,4";"993,4";"992,5";"0,0";"340,0";"2,4";"";"0,0"
"03/01/2023";"0200";"20,9";"21,0";"20,9";"96,0";"96,0";"96,0";"20,3";"20,3";"20,2";"993,8";"993,8";"993,4";"0,0";"278,0";"0,9";"";"0,2"
"03/01/2023";"0300";"20,9";"21,0";"20,9";"96,0";"96,0";"96,0";"20,3";"20,3";"20,3";"993,5";"993,8";"993,3";"0,4";"235,0";"1,2";"";"0,0"
"03/01/2023";"0400";"20,7";"21,0";"20,7";"96,0";"96,0";"96,0";"20,1";"20,3";"20,1";"992,4";"993,6";"992,4";"0,6";"220,0";"2,4";"";"0,0"
"03/01/2023";"0500";"20,7";"20,7";"20,6";"96,0";"96,0";"96,0";"20,1";"20,1";"20,0";"991,6";"992,4";"991,6";"0,0";"245,0";"1,6";"";"0,0"
"03/01/2023";"0600";"20,6";"20,7";"20,6";"96,0";"96,0";"96,0";"20,0";"20,1";"20,0";"991,4";"991,6";"991,4";"0,5";"300,0";"2,2";"0,20";"0,0"
"03/01/2023";"0700";"20,6";"20,6";"20,5";"96,0";"96,0";"96,0";"19,9";"20,0";"19,9";"991,4";"991,4";"991,3";"0,0";"329,0";"2,0";"";"0,0"
"03/01/2023";"0800";"20,5";"20,6";"20,5";"96,0";"96,0";"96,0";"19,9";"20,0";"19,9";"991,7";"991,7";"991,4";"0,1";"320,0";"1,2";"";"0,0"
"03/01/2023";"0900";"20,5";"20,5";"20,5";"96,0";"96,0";"96,0";"19,9";"19,9";"19,8";"992,2";"992,2";"991,7";"0,3";"194,0";"1,2";"";"0,0"
"03/01/2023";"1000";"20,5";"20,5";"20,4";"96,0";"96,0";"96,0";"19,8";"19,9";"19,8";"992,9";"992,9";"992,2";"0,7";"245,0";"1,4";"2,80";"0,0"
"03/01/2023";"1100";"21,0";"21,0";"20,4";"96,0";"96,0";"96,0";"20,3";"20,3";"19,8";"993,9";"993,9";"992,9";"0,1";"229,0";"1,4";"169,90";"0,2"
"03/01/2023";"1200";"22,9";"22,9";"20,9";"95,0";"97,0";"95,0";"22,0";"22,1";"20,3";"995,0";"995,0";"993,9";"0,4";"301,0";"1,8";"1026,90";"0,0"
"03/01/2023";"1300";"25,3";"25,8";"22,7";"78,0";"95,0";"77,0";"21,1";"22,6";"20,8";"995,4";"995,4";"995,1";"1,4";"310,0";"3,1";"2005,50";"0,0"
"03/01/2023";"1400";"26,1";"26,9";"25,3";"74,0";"80,0";"73,0";"21,1";"22,6";"20,6";"995,5";"995,6";"995,4";"1,2";"300,0";"3,3";"2140,10";"0,0"
"03/01/2023";"1500";"27,0";"27,8";"26,1";"69,0";"77,0";"67,0";"20,9";"22,1";"20,2";"995,0";"995,5";"995,0";"2,4";"288,0";"4,4";"2278,40";"0,0"
"03/01/2023";"1600";"26,0";"28,3";"26,0";"76,0";"76,0";"67,0";"21,5";"22,8";"20,8";"994,0";"995,0";"994,0";"3,1";"272,0";"6,4";"2452,40";"0,2"
"03/01/2023";"1700";"25,4";"26,0";"25,0";"80,0";"83,0";"75,0";"21,7";"22,6";"20,9";"992,8";"994,0";"992,8";"0,5";"303,0";"6,4";"1103,40";"0,0"
"03/01/2023";"1800";"26,7";"26,7";"25,3";"76,0";"81,0";"73,0";"22,2";"22,7";"21,1";"991,4";"992,8";"991,4";"1,0";"249,0";"3,6";"1341,70";"0,2"
"03/01/2023";"1900";"25,4";"27,1";"25,2";"83,0";"84,0";"72,0";"22,4";"22,6";"21,2";"990,5";"991,4";"990,5";"1,7";"234,0";"3,6";"1093,60";"0,4"
"03/01/2023";"2000";"21,8";"25,4";"21,8";"96,0";"96,0";"81,0";"21,1";"22,0";"21,1";"990,0";"990,5";"990,0";"2,3";"307,0";"11,0";"415,20";"29,0"
"03/01/2023";"2100";"22,3";"22,6";"21,8";"96,0";"96,0";"96,0";"21,7";"21,9";"21,1";"990,1";"990,2";"989,9";"1,3";"310,0";"11,0";"129,30";"5,6"
"03/01/2023";"2200";"22,4";"22,7";"22,3";"96,0";"96,0";"96,0";"21,7";"22,0";"21,6";"990,4";"990,4";"990,1";"0,9";"326,0";"4,1";"167,40";"0,4"
"03/01/2023";"2300";"22,1";"22,4";"22,1";"96,0";"96,0";"96,0";"21,5";"21,7";"21,4";"991,5";"991,5";"990,4";"0,9";"319,0";"3,4";"13,60";"0,0"
"04/01/2023";"0000";"21,6";"22,1";"21,5";"96,0";"96,0";"96,0";"20,9";"21,4";"20,8";"992,3";"992,3";"991,5";"0,7";"312,0";"3,7";"0,10";"5,4"
"04/01/2023";"0100";"21,7";"21,8";"21,5";"96,0";"96,0";"96,0";"21,0";"21,1";"20,9";"992,7";"992,8";"992,3";"0,0";"262,0";"2,9";"0,20";"0,8"
"04/01/2023";"0200";"21,8";"21,8";"21,7";"96,0";"96,0";"96,0";"21,1";"21,2";"21,1";"993,1";"993,1";"992,7";"0,6";"197,0";"1,8";"";"0,0"
"04/01/2023";"0300";"21,7";"21,8";"21,7";"96,0";"96,0";"96,0";"21,1";"21,1";"21,1";"993,0";"993,2";"993,0";"0,3";"276,0";"2,2";"";"0,0"
"04/01/2023";"0400";"21,4";"21,8";"21,4";"96,0";"96,0";"96,0";"20,8";"21,1";"20,8";"992,8";"993,0";"992,8";"0,2";"325,0";"2,6";"";"0,0"
"04/01/2023";"0500";"21,4";"21,5";"21,4";"96,0";"96,0";"96,0";"20,8";"20,8";"20,7";"992,2";"992,8";"992,2";"0,5";"249,0";"2,3";"";"0,0"
"04/01/2023";"0600";"21,3";"21,5";"21,3";"96,0";"96,0";"96,0";"20,7";"20,8";"20,7";"991,9";"992,2";"991,8";"0,2";"309,0";"1,5";"";"0,2"
"04/01/2023";"0700";"21,2";"21,3";"21,2";"96,0";"96,0";"96,0";"20,6";"20,7";"20,6";"991,8";"991,9";"991,7";"0,8";"317,0";"2,2";"";"0,0"
"04/01/2023";"0800";"21,0";"21,2";"20,9";"96,0";"96,0";"96,0";"20,4";"20,6";"20,3";"992,0";"992,0";"991,6";"0,0";"310,0";"2,2";"";"0,0"
"04/01/2023";"0900";"21,0";"21,1";"21,0";"96,0";"96,0";"96,0";"20,4";"20,4";"20,4";"992,1";"992,1";"992,0";"0,5";"314,0";"2,0";"";"0,0"
"04/01/2023";"1000";"20,9";"21,0";"20,9";"96,0";"96,0";"96,0";"20,3";"20,4";"20,3";"992,5";"992,5";"992,0";"0,0";"266,0";"2,0";"3,20";"0,0"
"04/01/2023";"1100";"21,5";"21,5";"20,9";"96,0";"96,0";"96,0";"20,9";"20,9";"20,3";"993,1";"993,1";"992,5";"0,7";"274,0";"1,8";"210,20";"0,0"
"04/01/2023";"1200";"24,1";"24,1";"21,5";"86,0";"96,0";"86,0";"21,7";"22,1";"20,8";"994,1";"994,1";"993,1";"1,0";"315,0";"4,1";"878,20";"0,0"
"04/01/2023";"1300";"25,7";"26,0";"24,1";"78,0";"86,0";"74,0";"21,5";"22,3";"20,6";"994,6";"994,6";"994,0";"1,8";"309,0";"5,1";"2163,30";"0,0"
"04/01/2023";"1400";"28,4";"28,4";"25,8";"68,0";"79,0";"67,0";"21,9";"22,6";"20,8";"994,4";"994,6";"994,4";"1,0";"300,0";"5,2";"2918,60";"0,0"
"04/01/2023";"1500";"28,8";"29,6";"28,2";"63,0";"70,0";"62,0";"21,0";"22,9";"21,0";"994,1";"994,4";"994,1";"1,7";"301,0";"5,4";"3397,00";"0,2"
"04/01/2023";"1600";"30,6";"31,3";"28,5";"61,0";"66,0";"56,0";"22,2";"23,1";"20,6";"993,5";"994,1";"993,5";"1,0";"305,0";"5,3";"3622,50";"0,0"
"04/01/2023";"1700";"31,1";"31,6";"30,1";"58,0";"63,0";"55,0";"21,9";"23,1";"20,4";"992,6";"993,5";"992,6";"1,5";"317,0";"4,1";"3615,10";"0,0"
"04/01/2023";"1800";"31,3";"31,8";"30,6";"56,0";"61,0";"52,0";"21,4";"22,7";"20,2";"991,0";"992,6";"991,0";"1,6";"304,0";"4,3";"3417,70";"0,0"
"04/01/2023";"1900";"32,6";"32,8";"30,6";"45,0";"59,0";"41,0";"19,1";"22,3";"18,0";"989,3";"991,0";"989,3";"0,5";"295,0";"4,1";"2725,70";"0,0"
"04/01/2023";"2000";"30,2";"32,6";"30,2";"58,0";"58,0";"44,0";"21,0";"21,1";"18,7";"988,5";"989,3";"988,5";"1,1";"319,0";"4,2";"1707,60";"0,0"
"04/01/2023";"2100";"31,0";"31,7";"28,8";"53,0";"64,0";"49,0";"20,2";"22,1";"19,5";"988,6";"988,6";"988,4";"1,1";"317,0";"3,9";"978,20";"0,0"
"04/01/2023";"2200";"28,0";"31,0";"28,0";"65,0";"68,0";"52,0";"20,9";"21,8";"20,0";"989,5";"989,5";"988,6";"1,6";"319,0";"4,6";"381,90";"0,0"
"04/01/2023";"2300";"25,2";"28,0";"25,2";"78,0";"78,0";"65,0";"21,0";"21,4";"20,8";"990,4";"990,4";"989,5";"2,7";"304,0";"5,1";"12,60";"0,0"
"05/01/2023";"0000";"24,1";"25,2";"24,1";"83,0";"83,0";"78,0";"21,0";"21,0";"20,8";"991,9";"991,9";"990,4";"0,1";"205,0";"4,6";"";"0,0"
"05/01/2023";"0100";"24,0";"24,2";"23,7";"82,0";"86,0";"81,0";"20,8";"21,2";"20,6";"992,9";"992,9";"991,9";"0,8";"278,0";"1,8";"";"0,0"
"05/01/2023";"0200";"23,5";"24,0";"23,5";"86,0";"86,0";"82,0";"21,0";"21,2";"20,9";"993,1";"993,1";"992,8";"0,6";"249,0";"1,4";"";"0,0"
"05/01/2023";"0300";"24,0";"24,0";"23,5";"86,0";"88,0";"86,0";"21,6";"21,7";"21,0";"993,4";"993,5";"993,1";"1,7";"223,0";"3,1";"";"0,0"
"05/01/2023";"0400";"23,1";"24,0";"23,1";"91,0";"91,0";"86,0";"21,7";"21,8";"21,2";"992,9";"993,6";"992,9";"0,1";"292,0";"3,1";"";"0,0"
"05/01/2023";"0500";"22,8";"23,1";"22,8";"94,0";"94,0";"91,0";"21,8";"21,9";"21,6";"992,4";"992,9";"992,4";"0,2";"202,0";"1,1";"";"0,0"
"05/01/2023";"0600";"22,5";"22,9";"22,5";"95,0";"95,0";"94,0";"21,7";"21,9";"21,5";"991,8";"992,4";"991,8";"0,1";"248,0";"1,0";"";"0,0"
"05/01/2023";"0700";"22,2";"22,7";"22,2";"96,0";"96,0";"95,0";"21,5";"21,8";"21,5";"991,5";"991,8";"991,5";"0,6";"316,0";"1,5";"";"0,0"
"05/01/2023";"0800";"21,8";"22,2";"21,8";"96,0";"96,0";"96,0";"21,2";"21,5";"21,2";"991,7";"991,7";"991,4";"0,0";"309,0";"1,4";"";"0,0"
"05/01/2023";"0900";"21,7";"22,0";"21,7";"96,0";"96,0";"96,0";"21,1";"21,3";"21,1";"992,0";"992,0";"991,7";"0,0";"328,0";"1,0";"";"0,0"
"05/01/2023";"1000";"21,9";"21,9";"21,7";"96,0";"96,0";"96,0";"21,2";"21,3";"21,0";"992,9";"992,9";"992,0";"0,0";"326,0";"0,8";"4,90";"0,0"
"05/01/2023";"1100";"22,6";"22,7";"21,9";"96,0";"96,0";"96,0";"21,9";"22,0";"21,2";"993,9";"993,9";"992,9";"0,4";"251,0";"1,4";"145,10";"0,0"
"05/01/2023";"1200";"23,7";"23,7";"22,5";"93,0";"96,0";"93,0";"22,6";"22,7";"21,9";"994,6";"994,6";"993,9";"0,3";"203,0";"2,0";"491,60";"0,0"
"05/01/2023";"1300";"24,1";"24,5";"23,4";"91,0";"93,0";"87,0";"22,4";"22,7";"21,3";"995,1";"995,2";"994,6";"0,7";"243,0";"3,6";"913,10";"1,2"
"05/01/2023";"1400";"25,6";"25,6";"24,1";"83,0";"91,0";"83,0";"22,5";"23,2";"21,7";"995,3";"995,4";"995,1";"1,5";"236,0";"4,0";"1682,30";"0,6"
"05/01/2023";"1500";"26,2";"26,7";"25,6";"79,0";"85,0";"77,0";"22,3";"23,4";"22,0";"994,3";"995,3";"994,3";"1,4";"263,0";"3,9";"1297,20";"0,0"
"05/01/2023";"1600";"22,7";"26,2";"22,5";"92,0";"93,0";"79,0";"21,4";"22,4";"21,0";"993,9";"994,5";"993,9";"0,2";"210,0";"4,8";"250,20";"5,8"
"05/01/2023";"1700";"22,4";"22,7";"22,1";"96,0";"96,0";"92,0";"21,7";"21,7";"20,8";"993,7";"993,9";"993,7";"1,3";"195,0";"4,5";"177,30";"9,8"
"05/01/2023";"1800";"22,6";"22,6";"22,4";"96,0";"96,0";"96,0";"21,9";"21,9";"21,7";"992,6";"993,7";"992,5";"0,6";"205,0";"2,7";"236,60";"2,4"
"05/01/2023";"1900";"23,7";"23,7";"22,5";"93,0";"96,0";"93,0";"22,5";"22,5";"21,8";"992,0";"992,6";"991,9";"0,1";"212,0";"2,7";"715,30";"1,0"
"05/01/2023";"2000";"23,2";"23,9";"23,2";"94,0";"94,0";"92,0";"22,1";"22,7";"22,1";"992,1";"992,1";"991,8";"1,5";"297,0";"3,0";"425,20";"0,6"
"05/01/2023";"2100";"22,7";"23,3";"22,6";"95,0";"95,0";"92,0";"21,8";"22,2";"21,5";"992,1";"992,2";"991,9";"1,3";"309,0";"3,4";"208,80";"0,8"
"05/01/2023";"2200";"22,7";"22,7";"22,6";"95,0";"95,0";"94,0";"21,9";"21,9";"21,6";"992,1";"992,2";"992,0";"0,9";"325,0";"2,8";"115,40";"0,0"
"05/01/2023";"2300";"22,5";"22,7";"22,5";"96,0";"96,0";"95,0";"21,8";"22,0";"21,8";"993,1";"993,1";"992,1";"0,9";"305,0";"2,9";"4,40";"0,0"
"06/01/2023";"0000";"22,4";"22,5";"22,4";"96,0";"96,0";"96,0";"21,7";"21,8";"21,7";"994,0";"994,0";"993,1";"1,3";"312,0";"2,6";"";"0,0"
"06/01/2023";"0100";"22,3";"22,4";"22,3";"96,0";"96,0";"96,0";"21,7";"21,7";"21,6";"995,1";"995,1";"994,0";"1,2";"250,0";"2,8";"0,30";"0,0"
"06/01/2023";"0200";"22,3";"22,3";"22,3";"96,0";"96,0";"96,0";"21,6";"21,7";"21,6";"995,8";"995,8";"995,1";"0,4";"307,0";"2,4";"0,70";"0,0"
"06/01/2023";"0300";"22,2";"22,3";"22,2";"96,0";"96,0";"96,0";"21,6";"21,6";"21,5";"995,7";"995,8";"995,7";"0,0";"295,0";"1,3";"";"0,0"
"06/01/2023";"0400";"22,2";"22,2";"22,1";"96,0";"96,0";"96,0";"21,5";"21,6";"21,4";"995,3";"995,7";"995,3";"0,3";"262,0";"1,5";"";"0,0"
"06/01/2023";"0500";"21,7";"22,2";"21,7";"96,0";"96,0";"96,0";"21,0";"21,5";"21,0";"994,9";"995,3";"994,9";"0,9";"294,0";"2,8";"0,20";"0,4"
"06/01/2023";"0600";"21,4";"21,7";"21,4";"96,0";"96,0";"96,0";"20,7";"21,0";"20,7";"994,2";"994,9";"994,2";"0,7";"309,0";"2,0";"";"0,0"
"06/01/2023";"0700";"21,3";"21,4";"21,3";"96,0";"96,0";"96,0";"20,6";"20,8";"20,6";"993,6";"994,2";"993,6";"0,1";"211,0";"2,0";"";"0,0"
"06/01/2023";"0800";"21,1";"21,3";"21,1";"96,0";"96,0";"96,0";"20,5";"20,6";"20,5";"993,3";"993,6";"993,3";"0,3";"191,0";"1,4";"";"0,0"
"06/01/2023";"0900";"21,0";"21,1";"21,0";"96,0";"96,0";"96,0";"20,4";"20,5";"20,4";"993,4";"993,4";"993,1";"0,2";"197,0";"2,0";"";"0,0"
"06/01/2023";"1000";"21,1";"21,1";"21,0";"96,0";"96,0";"96,0";"20,5";"20,5";"20,4";"994,3";"994,3";"993,4";"0,0";"205,0";"1,2";"1,30";"0,0"
"06/01/2023";"1100";"21,7";"21,7";"21,1";"96,0";"96,0";"96,0";"21,1";"21,1";"20,5";"995,2";"995,2";"994,3";"0,1";"267,0";"1,0";"127,70";"0,0"
"06/01/2023";"1200";"23,1";"23,2";"21,7";"89,0";"96,0";"89,0";"21,2";"21,8";"21,1";"995,9";"995,9";"995,2";"0,1";"267,0";"1,5";"556,70";"0,0"
"06/01/2023";"1300";"25,4";"25,6";"23,1";"75,0";"91,0";"75,0";"20,7";"22,1";"20,5";"996,1";"996,1";"995,9";"1,1";"256,0";"2,1";"1636,30";"0,0"
"06/01/2023";"1400";"25,9";"26,2";"25,2";"76,0";"79,0";"74,0";"21,5";"21,9";"20,5";"996,3";"996,3";"996,1";"0,2";"300,0";"2,1";"1409,50";"0,0"
"06/01/2023";"1500";"25,7";"26,0";"25,5";"78,0";"78,0";"72,0";"21,7";"21,7";"20,3";"996,0";"996,3";"996,0";"0,0";"293,0";"1,4";"984,20";"0,0"
"06/01/2023";"1600";"25,2";"25,7";"24,7";"87,0";"87,0";"78,0";"23,0";"23,0";"21,3";"995,7";"996,0";"995,7";"0,2";"298,0";"2,4";"841,50";"0,8"
"06/01/2023";"1700";"25,5";"25,5";"24,7";"85,0";"89,0";"84,0";"22,8";"23,2";"22,2";"994,9";"995,7";"994,9";"0,5";"255,0";"2,1";"915,80";"0,2"
"06/01/2023";"1800";"27,2";"27,5";"25,3";"78,0";"86,0";"74,0";"23,0";"23,7";"21,6";"993,1";"994,9";"993,1";"0,8";"295,0";"2,4";"1910,40";"0,0"
"06/01/2023";"1900";"28,5";"28,8";"26,8";"66,0";"78,0";"66,0";"21,5";"23,4";"21,1";"991,7";"993,1";"991,7";"0,5";"299,0";"2,9";"1690,50";"0,2"
"06/01/2023";"2000";"23,6";"28,8";"22,8";"92,0";"92,0";"65,0";"22,1";"22,6";"20,4";"991,8";"991,9";"991,7";"3,0";"316,0";"9,4";"1245,10";"0,0"
"06/01/2023";"2100";"24,0";"24,1";"23,5";"84,0";"92,0";"84,0";"21,1";"22,5";"21,0";"991,1";"991,9";"991,1";"0,2";"280,0";"6,0";"755,40";"0,0"
"06/01/2023";"2200";"23,7";"24,2";"23,7";"84,0";"85,0";"82,0";"20,8";"21,3";"20,6";"991,2";"991,2";"991,0";"0,9";"235,0";"2,3";"478,30";"0,0"
"06/01/2023";"2300";"22,6";"23,6";"22,6";"90,0";"90,0";"84,0";"20,9";"21,0";"20,5";"991,9";"991,9";"991,1";"0,8";"201,0";"2,1";"24,20";"0,2"
"07/01/2023";"0000";"";"";"";"";"";"";"";"";"";"";"";"";"";"";"";"";""
"07/01/2023";"0100";"22,4";"22,5";"22,3";"94,0";"94,0";"93,0";"21,4";"21,4";"21,2";"994,1";"994,1";"993,1";"1,0";"266,0";"2,2";"";"0,0"
"07/01/2023";"0200";"22,1";"22,4";"22,0";"94,0";"94,0";"94,0";"21,2";"21,4";"21,1";"994,5";"994,5";"994,1";"0,1";"217,0";"1,9";"";"0,0"
"07/01/2023";"0300";"21,8";"22,2";"21,8";"96,0";"96,0";"94,0";"21,1";"21,3";"21,1";"995,4";"995,4";"994,5";"0,1";"216,0";"2,3";"";"0,0"
"07/01/2023";"0400";"21,8";"21,9";"21,8";"96,0";"96,0";"96,0";"21,1";"21,1";"21,0";"994,9";"995,4";"994,9";"0,0";"227,0";"1,1";"";"0,0"
"07/01/2023";"0500";"21,8";"21,9";"21,7";"96,0";"96,0";"96,0";"21,1";"21,2";"21,1";"994,7";"994,9";"994,6";"0,0";"326,0";"0,8";"";"0,0"
"07/01/2023";"0600";"21,8";"21,9";"21,7";"96,0";"96,0";"96,0";"21,1";"21,2";"21,1";"994,2";"994,7";"994,2";"0,0";"291,0";"0,8";"";"0,0"
"07/01/2023";"0700";"21,7";"21,8";"21,7";"96,0";"96,0";"96,0";"21,1";"21,1";"21,1";"994,0";"994,2";"994,0";"0,0";"330,0";"0,7";"";"0,0"
"07/01/2023";"0800";"21,7";"21,7";"21,6";"96,0";"96,0";"96,0";"21,0";"21,1";"21,0";"993,9";"994,0";"993,8";"0,2";"296,0";"1,1";"";"0,0"
"07/01/2023";"0900";"21,6";"21,7";"21,6";"96,0";"96,0";"96,0";"21,0";"21,0";"21,0";"994,3";"994,3";"993,9";"0,2";"309,0";"1,7";"";"0,0"
"07/01/2023";"1000";"21,6";"21,6";"21,6";"96,0";"96,0";"96,0";"21,0";"21,0";"20,9";"995,0";"995,0";"994,3";"0,0";"332,0";"1,4";"4,40";"0,0"
"07/01/2023";"1100";"22,1";"22,1";"21,6";"96,0";"96,0";"96,0";"21,4";"21,4";"21,0";"995,9";"995,9";"995,0";"0,5";"224,0";"1,8";"196,00";"0,0"
"07/01/2023";"1200";"24,8";"24,8";"22,1";"86,0";"96,0";"86,0";"22,2";"22,6";"21,4";"996,6";"996,6";"995,9";"0,9";"200,0";"2,1";"816,30";"0,0"
"07/01/2023";"1300";"26,2";"26,2";"24,2";"79,0";"86,0";"77,0";"22,2";"22,3";"21,3";"996,9";"996,9";"996,6";"1,1";"247,0";"2,3";"1199,00";"0,0"
"07/01/2023";"1400";"26,9";"27,3";"26,0";"71,0";"79,0";"68,0";"21,3";"22,4";"20,7";"997,0";"997,1";"996,9";"1,6";"248,0";"3,5";"1714,80";"0,0"
"07/01/2023";"1500";"25,7";"27,3";"25,7";"78,0";"78,0";"68,0";"21,4";"22,0";"20,3";"996,6";"997,0";"996,6";"2,8";"246,0";"5,3";"1396,30";"0,0"
"07/01/2023";"1600";"24,5";"25,7";"22,6";"86,0";"92,0";"77,0";"22,0";"22,6";"20,4";"996,5";"996,8";"996,5";"1,2";"307,0";"5,4";"672,10";"5,6"
"07/01/2023";"1700";"26,7";"26,9";"24,5";"75,0";"87,0";"75,0";"21,9";"22,9";"21,8";"994,9";"996,5";"994,9";"2,2";"262,0";"4,5";"1675,40";"0,0"
"07/01/2023";"1800";"26,8";"27,8";"26,6";"73,0";"78,0";"69,0";"21,6";"22,9";"21,1";"994,1";"994,9";"994,1";"2,1";"252,0";"5,6";"2186,10";"0,0"
"07/01/2023";"1900";"25,1";"27,0";"25,0";"80,0";"82,0";"72,0";"21,3";"21,9";"20,7";"993,1";"994,1";"993,1";"2,8";"244,0";"6,5";"752,50";"0,0"
"07/01/2023";"2000";"25,7";"25,7";"25,1";"77,0";"80,0";"75,0";"21,4";"21,4";"20,8";"992,4";"993,1";"992,4";"1,8";"245,0";"5,1";"815,80";"0,0"
"07/01/2023";"2100";"25,7";"25,9";"25,5";"78,0";"79,0";"76,0";"21,5";"21,8";"21,0";"991,9";"992,4";"991,9";"1,2";"207,0";"3,5";"678,80";"0,0"
"07/01/2023";"2200";"25,1";"25,7";"25,1";"82,0";"82,0";"78,0";"21,7";"21,8";"21,4";"992,0";"992,1";"991,9";"0,2";"208,0";"3,5";"254,40";"0,0"
"07/01/2023";"2300";"24,0";"25,1";"24,0";"89,0";"89,0";"82,0";"22,1";"22,2";"21,7";"992,8";"992,8";"992,0";"1,2";"260,0";"2,5";"14,80";"0,0"
"08/01/2023";"0000";"23,3";"24,0";"23,3";"94,0";"94,0";"89,0";"22,2";"22,2";"22,1";"993,7";"993,7";"992,8";"0,9";"205,0";"2,1";"";"0,0"
"08/01/2023";"0100";"22,8";"23,3";"22,8";"95,0";"95,0";"94,0";"22,0";"22,2";"22,0";"994,4";"994,4";"993,7";"0,7";"242,0";"2,6";"";"0,0"
"08/01/2023";"0200";"22,7";"22,8";"22,7";"96,0";"96,0";"95,0";"21,9";"22,1";"21,9";"995,0";"995,0";"994,4";"0,6";"278,0";"2,3";"";"0,0"
"08/01/2023";"0300";"22,5";"22,7";"22,5";"96,0";"96,0";"96,0";"21,8";"21,9";"21,8";"995,2";"995,2";"995,0";"0,1";"284,0";"2,1";"";"0,0"
"08/01/2023";"0400";"22,3";"22,5";"22,3";"96,0";"96,0";"96,0";"21,6";"21,8";"21,6";"994,6";"995,2";"994,6";"0,6";"256,0";"2,1";"";"0,0"
"08/01/2023";"0500";"22,0";"22,3";"22,0";"96,0";"96,0";"96,0";"21,3";"21,6";"21,3";"993,9";"994,6";"993,8";"0,0";"332,0";"1,5";"";"0,0"
"08/01/2023";"0600";"21,9";"22,0";"21,9";"96,0";"96,0";"96,0";"21,3";"21,3";"21,3";"993,4";"993,9";"993,4";"0,5";"267,0";"1,7";"";"0,0"
"08/01/2023";"0700";"21,9";"22,0";"21,9";"96,0";"96,0";"96,0";"21,3";"21,3";"21,2";"993,2";"993,4";"993,2";"0,0";"248,0";"1,7";"";"0,0"
"08/01/2023";"0800";"21,8";"21,9";"21,8";"96,0";"96,0";"96,0";"21,1";"21,3";"21,1";"993,3";"993,5";"993,2";"0,0";"264,0";"0,8";"";"0,0"
"08/01/2023";"0900";"21,8";"21,8";"21,8";"96,0";"96,0";"96,0";"21,1";"21,2";"21,1";"993,7";"993,7";"993,3";"0,1";"267,0";"1,4";"";"0,0"
"08/01/2023";"1000";"21,7";"21,8";"21,7";"96,0";"96,0";"96,0";"21,1";"21,2";"21,1";"994,7";"994,7";"993,7";"0,1";"241,0";"1,2";"2,30";"0,0"
"08/01/2023";"1100";"22,1";"22,1";"21,7";"96,0";"96,0";"96,0";"21,5";"21,5";"21,1";"995,6";"995,6";"994,7";"0,0";"244,0";"1,7";"97,60";"0,0"
"08/01/2023";"1200";"23,5";"23,5";"22,1";"92,0";"96,0";"92,0";"22,1";"22,1";"21,5";"996,3";"996,3";"995,6";"0,3";"290,0";"1,5";"542,10";"0,0"
"08/01/2023";"1300";"24,3";"24,3";"23,4";"84,0";"92,0";"83,0";"21,4";"22,2";"21,2";"997,0";"997,0";"996,3";"1,1";"295,0";"2,4";"593,70";"0,0"
"08/01/2023";"1400";"25,3";"25,3";"24,3";"80,0";"84,0";"80,0";"21,6";"21,8";"21,1";"997,1";"997,2";"997,0";"0,5";"295,0";"3,5";"911,50";"0,0"
"08/01/2023";"1500";"27,4";"27,4";"24,9";"72,0";"81,0";"71,0";"21,9";"22,2";"21,1";"997,0";"997,1";"997,0";"0,6";"315,0";"1,8";"1557,10";"0,0"
"08/01/2023";"1600";"25,2";"27,4";"25,1";"83,0";"83,0";"69,0";"22,0";"22,4";"20,9";"996,4";"997,0";"996,4";"1,4";"265,0";"3,3";"1121,60";"0,0"
"08/01/2023";"1700";"26,4";"26,4";"25,1";"79,0";"85,0";"78,0";"22,5";"22,7";"21,7";"995,3";"996,4";"995,3";"1,5";"265,0";"4,4";"1309,20";"0,0"
"08/01/2023";"1800";"25,6";"26,7";"24,7";"80,0";"84,0";"73,0";"21,9";"22,8";"21,2";"993,4";"995,3";"993,4";"2,2";"194,0";"5,4";"1268,60";"0,0"
"08/01/2023";"1900";"26,5";"26,8";"24,8";"74,0";"82,0";"73,0";"21,4";"22,7";"20,9";"991,6";"993,4";"991,6";"1,9";"247,0";"4,5";"1597,00";"0,0"
"08/01/2023";"2000";"27,2";"27,9";"26,5";"67,0";"77,0";"65,0";"20,7";"22,3";"20,5";"991,0";"991,6";"991,0";"2,0";"229,0";"4,1";"2137,90";"0,2"
"08/01/2023";"2100";"27,3";"27,9";"26,5";"62,0";"70,0";"61,0";"19,4";"20,9";"19,4";"991,1";"991,2";"990,9";"0,7";"218,0";"3,9";"1087,20";"0,0"
"08/01/2023";"2200";"26,0";"27,8";"26,0";"72,0";"72,0";"61,0";"20,5";"20,9";"19,4";"991,4";"991,6";"991,1";"0,5";"244,0";"2,0";"483,70";"0,0"
"08/01/2023";"2300";"24,4";"26,0";"24,4";"83,0";"83,0";"72,0";"21,3";"21,3";"20,6";"992,4";"992,4";"991,4";"2,1";"293,0";"5,4";"7,80";"0,0"
"09/01/2023";"0000";"";"";"";"";"";"";"";"";"";"";"";"";"";"";"";"";""
"09/01/2023";"0100";"";"";"";"";"";"";"";"";"";"";"";"";"";"";"";"";""
"09/01/2023";"0200";"22,9";"23,2";"22,9";"90,0";"90,0";"86,0";"21,1";"21,1";"20,8";"994,1";"994,3";"994,0";"0,7";"306,0";"2,6";"";"0,0"
"09/01/2023";"0300";"";"";"";"";"";"";"";"";"";"";"";"";"";"";"";"";""
"09/01/2023";"0400";"22,1";"22,2";"22,0";"94,0";"94,0";"93,0";"21,1";"21,2";"20,9";"993,7";"994,3";"993,7";"0,1";"293,0";"2,4";"";"0,0"
"09/01/2023";"0500";"22,0";"22,2";"21,9";"95,0";"95,0";"93,0";"21,1";"21,1";"21,0";"993,2";"993,7";"993,2";"0,2";"248,0";"1,4";"";"0,0"
"09/01/2023";"0600";"22,0";"22,0";"21,9";"95,0";"95,0";"95,0";"21,2";"21,2";"21,0";"993,0";"993,3";"993,0";"0,0";"209,0";"1,0";"";"0,0"
"09/01/2023";"0700";"21,8";"22,0";"21,8";"96,0";"96,0";"95,0";"21,2";"21,2";"21,1";"992,7";"993,1";"992,7";"0,3";"225,0";"1,4";"";"0,0"
"09/01/2023";"0800";"21,8";"21,8";"21,8";"96,0";"96,0";"96,0";"21,2";"21,2";"21,1";"992,9";"992,9";"992,7";"0,0";"238,0";"1,4";"";"0,0"
"09/01/2023";"0900";"21,8";"21,8";"21,8";"96,0";"96,0";"96,0";"21,2";"21,2";"21,1";"992,9";"992,9";"992,8";"0,0";"210,0";"1,1";"";"0,0"
"09/01/2023";"1000";"21,8";"21,8";"21,7";"96,0";"96,0";"96,0";"21,1";"21,2";"21,1";"993,8";"993,8";"992,9";"0,0";"269,0";"0,0";"1,00";"0,4"
"09/01/2023";"1100";"21,9";"22,0";"21,8";"95,0";"96,0";"94,0";"21,1";"21,4";"20,9";"994,5";"994,5";"993,8";"1,4";"293,0";"2,9";"94,60";"0,4"
"09/01/2023";"1200";"22,9";"22,9";"21,9";"91,0";"95,0";"91,0";"21,3";"21,6";"21,0";"994,8";"994,8";"994,5";"0,5";"246,0";"2,8";"373,70";"0,0"
"09/01/2023";"1300";"25,3";"25,3";"22,9";"80,0";"91,0";"77,0";"21,6";"21,6";"20,7";"995,1";"995,1";"994,8";"0,7";"301,0";"2,1";"991,50";"0,0"
"09/01/2023";"1400";"27,3";"27,4";"25,4";"71,0";"80,0";"68,0";"21,5";"22,6";"20,6";"995,6";"995,6";"995,1";"0,7";"313,0";"3,1";"1712,10";"0,0"
"09/01/2023";"1500";"29,1";"29,7";"26,9";"62,0";"72,0";"61,0";"21,1";"22,5";"20,2";"995,1";"995,6";"995,1";"1,0";"268,0";"2,8";"2491,70";"0,2"
"09/01/2023";"1600";"29,7";"30,2";"28,5";"61,0";"65,0";"58,0";"21,5";"22,6";"20,3";"993,6";"995,1";"993,6";"1,1";"312,0";"4,7";"3692,90";"0,0"
"09/01/2023";"1700";"30,2";"30,5";"28,7";"60,0";"64,0";"57,0";"21,5";"22,2";"20,2";"992,5";"993,6";"992,5";"1,2";"311,0";"4,7";"3314,30";"0,0"
"09/01/2023";"1800";"27,8";"31,1";"27,7";"66,0";"66,0";"51,0";"20,9";"21,9";"19,4";"991,3";"992,5";"991,3";"3,0";"298,0";"8,6";"2713,60";"0,0"
"09/01/2023";"1900";"23,8";"27,8";"23,5";"91,0";"92,0";"64,0";"22,3";"22,5";"20,2";"991,4";"991,5";"991,1";"1,1";"319,0";"8,6";"600,20";"4,2"
"09/01/2023";"2000";"22,5";"23,9";"22,3";"93,0";"94,0";"89,0";"21,4";"22,4";"21,1";"991,5";"992,0";"991,4";"1,1";"281,0";"4,9";"102,90";"3,6"
"09/01/2023";"2100";"22,5";"22,6";"22,4";"94,0";"94,0";"93,0";"21,5";"21,6";"21,3";"992,0";"992,1";"991,5";"0,6";"222,0";"2,6";"36,20";"0,8"
"09/01/2023";"2200";"22,4";"22,5";"22,4";"95,0";"95,0";"94,0";"21,5";"21,6";"21,5";"992,7";"992,7";"992,0";"0,1";"209,0";"1,6";"31,50";"1,0"
"09/01/2023";"2300";"22,4";"22,4";"22,3";"96,0";"96,0";"95,0";"21,7";"21,7";"21,5";"993,6";"993,6";"992,7";"0,9";"292,0";"2,1";"3,10";"0,2"
"10/01/2023";"0000";"21,9";"22,4";"21,9";"95,0";"96,0";"94,0";"21,0";"21,7";"21,0";"994,5";"994,5";"993,6";"1,6";"262,0";"3,1";"";"0,0"
"10/01/2023";"0100";"";"";"";"";"";"";"";"";"";"";"";"";"";"";"";"";""
"10/01/2023";"0200";"21,6";"21,7";"21,5";"96,0";"96,0";"95,0";"20,9";"20,9";"20,7";"995,7";"995,7";"995,2";"0,3";"313,0";"1,4";"";"0,2"
"10/01/2023";"0300";"21,7";"21,7";"21,6";"96,0";"96,0";"96,0";"21,0";"21,1";"20,8";"996,2";"996,3";"995,7";"1,0";"312,0";"2,4";"";"0,8"
"10/01/2023";"0400";"21,7";"21,7";"21,6";"96,0";"96,0";"96,0";"21,1";"21,1";"21,0";"995,6";"996,2";"995,6";"0,6";"324,0";"2,3";"";"1,4"
"10/01/2023";"0500";"21,5";"21,7";"21,5";"96,0";"96,0";"96,0";"20,9";"21,1";"20,9";"994,4";"995,6";"994,4";"1,2";"287,0";"3,0";"";"0,6"
"10/01/2023";"0600";"21,4";"21,5";"21,4";"96,0";"96,0";"96,0";"20,8";"20,9";"20,8";"993,7";"994,4";"993,7";"0,5";"260,0";"3,0";"";"0,0"
"10/01/2023";"0700";"21,3";"21,4";"21,2";"96,0";"96,0";"96,0";"20,6";"20,8";"20,6";"993,0";"993,7";"993,0";"0,1";"311,0";"1,4";"";"0,0"
"10/01/2023";"0800";"21,2";"21,3";"21,1";"96,0";"96,0";"96,0";"20,6";"20,6";"20,5";"992,8";"993,0";"992,7";"0,1";"267,0";"1,3";"";"0,0"
"10/01/2023";"0900";"21,1";"21,2";"21,1";"96,0";"96,0";"96,0";"20,5";"20,6";"20,5";"993,3";"993,3";"992,8";"0,0";"270,0";"1,0";"";"0,0"
"10/01/2023";"1000";"21,1";"21,2";"21,1";"96,0";"96,0";"96,0";"20,5";"20,6";"20,5";"993,9";"993,9";"993,3";"0,2";"243,0";"1,2";"2,80";"0,0"
"10/01/2023";"1100";"21,8";"21,8";"21,1";"96,0";"96,0";"96,0";"21,1";"21,2";"20,5";"995,0";"995,0";"993,9";"0,9";"278,0";"2,1";"154,50";"0,0"
"10/01/2023";"1200";"22,6";"22,7";"21,8";"90,0";"96,0";"90,0";"20,9";"21,4";"20,8";"996,2";"996,2";"995,0";"1,3";"277,0";"4,1";"517,10";"0,0"
"10/01/2023";"1300";"24,2";"24,2";"22,6";"83,0";"90,0";"82,0";"21,1";"21,4";"20,6";"996,7";"996,8";"996,2";"1,7";"285,0";"3,5";"971,10";"0,0"
"10/01/2023";"1400";"25,5";"25,7";"24,2";"77,0";"83,0";"75,0";"21,2";"21,6";"20,4";"997,0";"997,0";"996,7";"2,4";"296,0";"5,6";"1578,10";"0,0"
"10/01/2023";"1500";"25,7";"26,2";"25,1";"74,0";"78,0";"73,0";"20,8";"21,6";"20,4";"996,6";"997,0";"996,6";"1,9";"306,0";"5,6";"1729,30";"0,0"
"10/01/2023";"1600";"26,5";"27,0";"25,6";"72,0";"76,0";"70,0";"20,9";"21,7";"20,6";"996,3";"996,6";"996,3";"2,3";"278,0";"4,7";"1824,10";"0,0"
"10/01/2023";"1700";"27,0";"27,3";"26,0";"70,0";"75,0";"70,0";"21,1";"21,8";"20,6";"995,4";"996,3";"995,4";"1,9";"260,0";"4,8";"1405,30";"0,2"
"10/01/2023";"1800";"28,7";"29,4";"26,7";"59,0";"72,0";"58,0";"19,8";"22,2";"19,8";"993,8";"995,4";"993,8";"1,9";"300,0";"5,1";"2651,80";"0,0"
"10/01/2023";"1900";"27,6";"30,1";"25,8";"72,0";"76,0";"56,0";"22,0";"22,3";"18,7";"992,2";"993,8";"992,2";"1,5";"295,0";"7,4";"2346,90";"0,0"
"10/01/2023";"2000";"28,9";"28,9";"27,4";"64,0";"72,0";"62,0";"21,4";"22,4";"20,3";"991,1";"992,2";"991,1";"1,1";"297,0";"4,3";"1394,00";"0,0"
"10/01/2023";"2100";"28,6";"29,4";"27,7";"65,0";"67,0";"58,0";"21,3";"21,7";"19,4";"990,8";"991,1";"990,6";"0,5";"311,0";"3,9";"962,50";"0,0"
"10/01/2023";"2200";"26,9";"28,7";"26,9";"69,0";"70,0";"64,0";"20,8";"22,0";"20,8";"991,2";"991,2";"990,8";"1,4";"303,0";"3,7";"530,40";"0,0"
"10/01/2023";"2300";"24,8";"26,9";"24,8";"79,0";"80,0";"69,0";"20,9";"21,4";"20,8";"991,5";"991,5";"991,1";"1,5";"301,0";"2,9";"14,10";"0,0"
"11/01/2023";"0000";"23,8";"24,8";"23,8";"85,0";"85,0";"79,0";"21,1";"21,2";"20,9";"992,1";"992,1";"991,5";"1,3";"314,0";"2,4";"";"0,0"
"11/01/2023";"0100";"22,9";"23,8";"22,8";"90,0";"90,0";"85,0";"21,2";"21,2";"20,9";"993,4";"993,4";"992,1";"0,0";"310,0";"2,4";"";"0,0"
"11/01/2023";"0200";"";"";"";"";"";"";"";"";"";"";"";"";"";"";"";"";""
"11/01/2023";"0300";"";"";"";"";"";"";"";"";"";"";"";"";"";"";"";"";""
"11/01/2023";"0400";"22,3";"22,4";"22,1";"95,0";"95,0";"93,0";"21,4";"21,5";"21,1";"994,9";"994,9";"994,7";"0,0";"341,0";"1,0";"";"0,0"
"11/01/2023";"0500";"22,0";"22,3";"22,0";"95,0";"95,0";"95,0";"21,3";"21,4";"21,2";"994,4";"994,9";"994,4";"0,0";"263,0";"0,8";"";"0,0"
"11/01/2023";"0600";"21,8";"22,1";"21,8";"96,0";"96,0";"95,0";"21,1";"21,3";"21,1";"993,7";"994,4";"993,6";"0,2";"200,0";"1,1";"";"0,0"
"11/01/2023";"0700";"21,9";"21,9";"21,8";"96,0";"96,0";"96,0";"21,2";"21,3";"21,1";"993,4";"993,7";"993,4";"0,2";"279,0";"1,2";"";"0,0"
"11/01/2023";"0800";"21,4";"21,9";"21,4";"96,0";"96,0";"96,0";"20,8";"21,2";"20,8";"993,5";"993,5";"993,3";"0,0";"227,0";"1,0";"";"0,0"
"11/01/2023";"0900";"21,4";"21,5";"21,3";"96,0";"96,0";"96,0";"20,7";"20,9";"20,7";"993,8";"993,8";"993,5";"0,9";"250,0";"1,4";"";"0,0"
"11/01/2023";"1000";"21,4";"21,4";"21,2";"96,0";"96,0";"96,0";"20,7";"20,7";"20,6";"994,4";"994,4";"993,8";"0,9";"262,0";"2,0";"2,00";"0,0"
"11/01/2023";"1100";"22,2";"22,2";"21,4";"95,0";"96,0";"95,0";"21,3";"21,4";"20,7";"995,1";"995,1";"994,3";"1,0";"269,0";"2,0";"185,20";"0,0"
"11/01/2023";"1200";"23,8";"23,8";"22,2";"86,0";"95,0";"86,0";"21,3";"22,1";"21,3";"995,8";"995,8";"995,1";"1,1";"243,0";"2,1";"624,20";"0,0"
"11/01/2023";"1300";"25,3";"25,4";"23,7";"75,0";"86,0";"74,0";"20,5";"21,4";"20,1";"996,2";"996,2";"995,8";"0,6";"279,0";"2,6";"1063,50";"0,0"
"11/01/2023";"1400";"27,3";"27,4";"25,3";"70,0";"77,0";"70,0";"21,4";"22,0";"20,3";"996,1";"996,2";"996,1";"0,7";"277,0";"2,5";"1640,80";"0,0"
"11/01/2023";"1500";"27,8";"28,2";"26,7";"68,0";"72,0";"66,0";"21,3";"22,4";"20,6";"995,6";"996,1";"995,5";"2,0";"254,0";"5,2";"1936,70";"0,0"
"11/01/2023";"1600";"30,4";"30,5";"27,7";"61,0";"70,0";"58,0";"22,1";"22,9";"20,8";"995,0";"995,6";"994,9";"1,6";"300,0";"4,1";"2548,40";"0,0"
"11/01/2023";"1700";"31,3";"31,9";"29,9";"53,0";"63,0";"51,0";"20,5";"22,6";"20,4";"994,1";"995,0";"994,0";"1,0";"290,0";"4,5";"3560,60";"0,0"
"11/01/2023";"1800";"30,9";"31,3";"28,1";"63,0";"67,0";"52,0";"22,9";"22,9";"19,8";"992,9";"994,1";"992,9";"1,4";"194,0";"6,0";"1363,10";"0,0"
"11/01/2023";"1900";"27,0";"31,9";"26,2";"82,0";"82,0";"52,0";"23,7";"23,7";"20,4";"991,2";"992,9";"991,2";"0,2";"301,0";"3,2";"1106,40";"0,8"
"11/01/2023";"2000";"29,2";"29,3";"25,8";"68,0";"82,0";"65,0";"22,6";"23,3";"21,9";"990,0";"991,2";"989,8";"0,5";"267,0";"3,8";"881,20";"0,0"
"11/01/2023";"2100";"28,2";"29,4";"28,0";"64,0";"68,0";"61,0";"20,7";"22,6";"20,1";"989,4";"990,0";"989,4";"1,5";"306,0";"7,4";"1430,60";"0,0"
"11/01/2023";"2200";"26,6";"28,7";"26,6";"69,0";"70,0";"60,0";"20,5";"21,1";"19,8";"989,7";"989,7";"989,4";"0,6";"313,0";"3,0";"406,70";"0,2"
"11/01/2023";"2300";"24,4";"26,6";"24,4";"81,0";"81,0";"67,0";"21,0";"21,0";"19,9";"990,6";"990,6";"989,7";"0,2";"260,0";"2,1";"12,00";"0,0"
"12/01/2023";"0000";"24,1";"24,8";"24,1";"82,0";"84,0";"77,0";"20,8";"21,3";"20,5";"991,8";"991,8";"990,6";"1,1";"224,0";"1,5";"";"0,0"
"12/01/2023";"0100";"23,6";"24,1";"23,4";"86,0";"86,0";"81,0";"21,1";"21,2";"20,7";"992,8";"992,8";"991,8";"0,8";"320,0";"2,1";"";"0,0"
"12/01/2023";"0200";"23,5";"24,2";"23,5";"85,0";"86,0";"81,0";"20,9";"21,1";"20,6";"993,2";"993,2";"992,8";"0,7";"233,0";"2,4";"";"0,0"
"12/01/2023";"0300";"22,9";"23,5";"22,8";"90,0";"90,0";"85,0";"21,2";"21,2";"20,8";"993,3";"993,5";"993,2";"1,1";"195,0";"2,4";"";"0,0"
"12/01/2023";"0400";"22,3";"22,9";"22,3";"93,0";"94,0";"90,0";"21,2";"21,2";"21,1";"993,3";"993,4";"993,3";"0,1";"213,0";"1,9";"";"0,0"
"12/01/2023";"0500";"22,0";"22,3";"22,0";"94,0";"94,0";"93,0";"21,0";"21,2";"20,9";"992,7";"993,3";"992,7";"0,1";"252,0";"0,8";"";"0,0"
"12/01/2023";"0600";"21,7";"22,1";"21,7";"95,0";"95,0";"94,0";"20,9";"21,1";"20,9";"992,3";"992,8";"992,3";"0,0";"219,0";"0,5";"";"0,0"
"12/01/2023";"0700";"21,8";"21,8";"21,6";"96,0";"96,0";"95,0";"21,1";"21,1";"20,8";"992,0";"992,4";"992,0";"0,4";"216,0";"1,3";"";"0,0"
"12/01/2023";"0800";"21,9";"21,9";"21,7";"96,0";"96,0";"96,0";"21,2";"21,2";"21,0";"992,1";"992,1";"991,8";"0,0";"190,0";"1,3";"";"0,0"
"12/01/2023";"0900";"21,9";"22,0";"21,8";"96,0";"96,0";"96,0";"21,2";"21,3";"21,1";"992,5";"992,5";"992,1";"0,0";"238,0";"0,8";"";"0,0"
"12/01/2023";"1000";"21,7";"21,9";"21,7";"96,0";"96,0";"96,0";"21,0";"21,2";"21,0";"993,1";"993,1";"992,4";"0,2";"201,0";"1,2";"1,40";"0,0"
"12/01/2023";"1100";"22,9";"23,1";"21,7";"93,0";"96,0";"93,0";"21,7";"22,1";"21,0";"993,9";"993,9";"993,1";"0,5";"191,0";"1,6";"203,20";"0,0"
"12/01/2023";"1200";"25,8";"26,0";"22,9";"80,0";"93,0";"78,0";"22,1";"22,8";"21,3";"994,9";"994,9";"993,9";"0,4";"279,0";"2,9";"820,50";"0,0"
"12/01/2023";"1300";"26,9";"27,0";"25,6";"72,0";"81,0";"71,0";"21,5";"22,3";"21,0";"994,9";"995,0";"994,8";"2,4";"313,0";"5,3";"1341,80";"0,0"
"12/01/2023";"1400";"30,0";"30,2";"26,8";"65,0";"73,0";"65,0";"22,8";"23,5";"21,3";"994,5";"995,0";"994,5";"1,2";"312,0";"5,3";"1931,30";"0,0"
"12/01/2023";"1500";"29,9";"31,2";"29,4";"60,0";"68,0";"58,0";"21,3";"23,4";"20,9";"994,2";"994,5";"994,2";"1,9";"313,0";"4,5";"2835,50";"0,0"
"12/01/2023";"1600";"28,4";"31,4";"28,4";"65,0";"66,0";"55,0";"21,2";"23,1";"20,8";"993,0";"994,2";"993,0";"3,4";"315,0";"6,9";"2628,50";"0,0"
"12/01/2023";"1700";"29,1";"29,9";"27,1";"66,0";"76,0";"63,0";"22,0";"23,9";"21,0";"990,9";"993,0";"990,9";"1,9";"293,0";"6,9";"2061,60";"0,0"
"12/01/2023";"1800";"28,0";"32,5";"28,0";"68,0";"71,0";"52,0";"21,5";"23,2";"20,8";"989,4";"990,9";"989,4";"3,7";"307,0";"7,6";"2560,50";"0,0"
"12/01/2023";"1900";"24,3";"28,0";"24,3";"89,0";"89,0";"67,0";"22,3";"22,8";"21,1";"988,5";"989,4";"988,5";"1,3";"298,0";"5,6";"502,30";"6,6"
"12/01/2023";"2000";"23,1";"24,3";"23,1";"93,0";"94,0";"88,0";"21,9";"22,8";"21,6";"988,8";"988,8";"988,4";"1,6";"285,0";"5,7";"224,00";"8,4"
"12/01/2023";"2100";"23,6";"23,6";"22,9";"91,0";"94,0";"91,0";"22,0";"22,1";"21,8";"989,1";"989,1";"988,6";"0,7";"221,0";"3,6";"251,40";"0,0"
"12/01/2023";"2200";"22,9";"23,6";"22,9";"92,0";"93,0";"90,0";"21,5";"22,0";"21,3";"989,5";"989,6";"989,1";"1,4";"218,0";"3,0";"123,80";"0,0"
"12/01/2023";"2300";"22,7";"22,9";"22,7";"93,0";"93,0";"92,0";"21,6";"21,6";"21,3";"990,4";"990,4";"989,4";"0,0";"305,0";"2,2";"11,20";"0,0"
"13/01/2023";"0000";"22,8";"22,9";"22,7";"93,0";"94,0";"93,0";"21,7";"21,7";"21,6";"991,2";"991,2";"990,4";"0,1";"241,0";"5,3";"";"0,0"
"13/01/2023";"0100";"22,5";"22,9";"22,5";"94,0";"94,0";"93,0";"21,5";"21,8";"21,5";"992,1";"992,1";"991,2";"1,2";"191,0";"2,3";"";"0,0"
"13/01/2023";"0200";"22,7";"22,7";"22,5";"93,0";"94,0";"93,0";"21,5";"21,6";"21,5";"993,0";"993,0";"992,1";"1,3";"210,0";"2,4";"";"0,0"
"13/01/2023";"0300";"22,5";"22,7";"22,5";"94,0";"94,0";"93,0";"21,5";"21,6";"21,5";"993,1";"993,1";"992,9";"0,7";"194,0";"2,2";"0,10";"0,0"
"13/01/2023";"0400";"22,3";"22,5";"22,3";"94,0";"94,0";"94,0";"21,3";"21,5";"21,3";"992,5";"993,1";"992,5";"1,2";"210,0";"2,2";"";"0,0"
"13/01/2023";"0500";"22,0";"22,3";"22,0";"95,0";"95,0";"94,0";"21,1";"21,2";"21,1";"992,0";"992,5";"992,0";"0,8";"213,0";"2,5";"";"0,0"
"13/01/2023";"0600";"19,9";"22,5";"19,8";"96,0";"96,0";"92,0";"19,3";"21,7";"18,8";"992,7";"993,5";"992,0";"3,2";"278,0";"10,3";"1,70";"23,8"
"13/01/2023";"0700";"20,2";"20,2";"19,9";"96,0";"96,0";"96,0";"19,5";"19,5";"19,3";"991,8";"992,7";"991,8";"1,2";"199,0";"10,1";"1,00";"10,6"
"13/01/2023";"0800";"19,9";"20,2";"19,9";"96,0";"96,0";"96,0";"19,3";"19,5";"19,3";"991,5";"991,8";"991,4";"1,0";"213,0";"2,2";"0,30";"2,8"
"13/01/2023";"0900";"19,9";"19,9";"19,6";"96,0";"96,0";"96,0";"19,3";"19,3";"19,0";"992,1";"992,1";"991,5";"0,2";"199,0";"2,7";"0,10";"0,6"
"13/01/2023";"1000";"20,2";"20,2";"19,9";"96,0";"96,0";"96,0";"19,6";"19,6";"19,3";"993,4";"993,4";"992,1";"1,1";"277,0";"2,3";"0,30";"0,0"
"13/01/2023";"1100";"20,4";"20,4";"20,2";"96,0";"96,0";"96,0";"19,8";"19,8";"19,6";"994,1";"994,1";"993,4";"1,2";"256,0";"2,8";"41,50";"0,8"
"13/01/2023";"1200";"20,8";"20,9";"20,4";"96,0";"96,0";"96,0";"20,2";"20,2";"19,8";"994,6";"994,6";"994,1";"0,9";"198,0";"2,2";"168,00";"0,2"
"13/01/2023";"1300";"21,8";"21,8";"20,8";"96,0";"96,0";"96,0";"21,1";"21,1";"20,2";"995,8";"995,8";"994,5";"1,4";"259,0";"2,7";"441,50";"0,0"
"13/01/2023";"1400";"22,2";"22,3";"21,6";"92,0";"96,0";"92,0";"20,9";"21,3";"20,8";"995,6";"996,6";"995,6";"1,5";"276,0";"5,9";"605,50";"0,4"
"13/01/2023";"1500";"23,5";"23,5";"22,2";"86,0";"93,0";"86,0";"20,9";"21,5";"20,6";"994,6";"995,6";"994,6";"0,9";"227,0";"3,9";"1040,70";"0,0"
"13/01/2023";"1600";"24,0";"24,3";"23,5";"83,0";"87,0";"81,0";"21,0";"21,3";"20,2";"994,0";"994,7";"994,0";"0,5";"314,0";"3,1";"1053,40";"0,0"
"13/01/2023";"1700";"23,8";"24,3";"23,8";"83,0";"86,0";"81,0";"20,7";"21,6";"20,5";"993,5";"994,0";"993,5";"1,3";"318,0";"3,0";"839,20";"0,0"
"13/01/2023";"1800";"22,2";"24,5";"22,2";"89,0";"90,0";"80,0";"20,4";"21,3";"20,0";"993,3";"993,6";"993,3";"1,3";"310,0";"7,8";"575,70";"0,6"
"13/01/2023";"1900";"22,4";"22,5";"21,9";"90,0";"93,0";"89,0";"20,6";"20,9";"20,4";"992,2";"993,3";"992,2";"1,2";"318,0";"4,5";"559,20";"0,0"
"13/01/2023";"2000";"22,6";"23,0";"22,3";"89,0";"90,0";"86,0";"20,7";"21,0";"20,1";"991,3";"992,2";"991,3";"2,0";"310,0";"4,3";"649,40";"0,0"
"13/01/2023";"2100";"23,0";"23,2";"22,6";"84,0";"89,0";"82,0";"20,1";"20,8";"19,7";"991,0";"991,3";"991,0";"1,0";"280,0";"4,3";"812,00";"0,0"
"13/01/2023";"2200";"22,6";"23,2";"22,6";"84,0";"85,0";"82,0";"19,8";"20,3";"19,5";"991,2";"991,2";"990,9";"0,4";"316,0";"2,2";"426,60";"0,0"
"13/01/2023";"2300";"21,7";"22,6";"21,7";"91,0";"91,0";"84,0";"20,3";"20,3";"19,8";"991,9";"991,9";"991,2";"1,1";"294,0";"2,6";"28,60";"0,0"
"14/01/2023";"0000";"";"";"";"";"";"";"";"";"";"";"";"";"";"";"";"";""
"14/01/2023";"0100";"21,2";"21,3";"21,2";"94,0";"94,0";"93,0";"20,2";"20,2";"20,1";"993,9";"993,9";"992,6";"0,0";"241,0";"1,3";"";"0,0"
"14/01/2023";"0200";"21,1";"21,2";"21,1";"95,0";"95,0";"94,0";"20,3";"20,3";"20,2";"994,8";"994,8";"993,9";"0,5";"205,0";"1,6";"";"0,0"
"14/01/2023";"0300";"21,0";"21,1";"21,0";"96,0";"96,0";"95,0";"20,3";"20,4";"20,3";"994,7";"994,9";"994,6";"0,9";"187,0";"1,5";"";"0,0"
"14/01/2023";"0400";"20,9";"21,0";"20,9";"96,0";"96,0";"96,0";"20,3";"20,3";"20,2";"993,9";"994,7";"993,9";"0,0";"217,0";"1,8";"";"0,0"
"14/01/2023";"0500";"20,8";"20,9";"20,7";"96,0";"96,0";"96,0";"20,1";"20,3";"20,1";"992,7";"993,9";"992,7";"0,4";"219,0";"1,8";"";"0,0"
"14/01/2023";"0600";"20,6";"20,8";"20,6";"96,0";"96,0";"96,0";"20,0";"20,2";"20,0";"992,7";"992,7";"992,5";"0,4";"310,0";"1,7";"";"0,0"
"14/01/2023";"0700";"20,6";"20,7";"20,5";"96,0";"96,0";"96,0";"20,0";"20,1";"20,0";"992,2";"992,7";"992,2";"1,8";"263,0";"4,1";"";"0,0"
"14/01/2023";"0800";"20,3";"20,6";"20,2";"96,0";"97,0";"96,0";"19,7";"20,0";"19,6";"991,6";"992,2";"991,6";"0,5";"216,0";"3,2";"";"0,0"
"14/01/2023";"0900";"20,2";"20,4";"20,2";"96,0";"97,0";"96,0";"19,6";"19,8";"19,6";"992,2";"992,2";"991,6";"0,7";"289,0";"2,2";"";"0,0"
"14/01/2023";"1000";"20,1";"20,3";"20,0";"96,0";"97,0";"96,0";"19,5";"19,7";"19,4";"992,5";"992,5";"992,1";"0,3";"240,0";"1,9";"2,50";"0,0"
"14/01/2023";"1100";"21,3";"21,4";"20,1";"96,0";"97,0";"96,0";"20,7";"20,8";"19,5";"993,5";"993,5";"992,5";"0,7";"239,0";"2,1";"271,60";"0,2"
"14/01/2023";"1200";"23,3";"23,4";"21,3";"86,0";"96,0";"85,0";"20,8";"21,5";"20,5";"994,3";"994,3";"993,5";"0,9";"210,0";"1,8";"1025,10";"0,0"
"14/01/2023";"1300";"25,5";"25,5";"23,2";"77,0";"87,0";"76,0";"21,3";"21,4";"20,4";"995,1";"995,1";"994,3";"1,3";"256,0";"2,9";"1518,60";"0,0"
"14/01/2023";"1400";"26,2";"26,8";"25,3";"73,0";"78,0";"70,0";"21,0";"22,0";"20,2";"995,2";"995,2";"995,1";"1,7";"298,0";"3,3";"1815,00";"0,0"
"14/01/2023";"1500";"28,3";"29,0";"26,1";"64,0";"73,0";"62,0";"20,9";"22,5";"20,2";"994,9";"995,2";"994,9";"1,5";"288,0";"4,4";"2960,70";"0,0"
"14/01/2023";"1600";"29,8";"30,8";"28,3";"64,0";"67,0";"58,0";"22,3";"23,0";"20,6";"994,1";"994,9";"994,1";"0,9";"314,0";"4,8";"3144,90";"0,0"
"14/01/2023";"1700";"24,3";"30,0";"24,3";"84,0";"84,0";"60,0";"21,5";"22,6";"20,8";"993,7";"994,1";"993,5";"2,1";"316,0";"6,7";"1294,30";"0,8"
"14/01/2023";"1800";"21,7";"26,3";"21,7";"86,0";"87,0";"77,0";"19,3";"22,9";"19,3";"993,8";"994,0";"993,3";"3,1";"315,0";"10,0";"804,90";"0,2"
"14/01/2023";"1900";"21,0";"21,7";"21,0";"93,0";"93,0";"86,0";"19,8";"20,0";"19,4";"993,5";"994,0";"993,4";"1,4";"315,0";"10,2";"182,90";"0,6"
"14/01/2023";"2000";"20,9";"21,1";"20,9";"93,0";"93,0";"91,0";"19,8";"19,8";"19,6";"992,5";"993,5";"992,5";"1,3";"297,0";"4,4";"106,10";"1,2"
"14/01/2023";"2100";"20,9";"21,0";"20,9";"92,0";"94,0";"92,0";"19,6";"20,0";"19,6";"992,0";"992,5";"992,0";"0,4";"203,0";"3,1";"140,30";"0,8"
"14/01/2023";"2200";"20,7";"20,9";"20,7";"94,0";"94,0";"92,0";"19,7";"19,8";"19,6";"992,0";"992,1";"992,0";"0,7";"199,0";"1,7";"109,50";"0,0"
"14/01/2023";"2300";"20,4";"20,8";"20,4";"95,0";"95,0";"94,0";"19,5";"19,8";"19,4";"991,9";"992,0";"991,9";"0,5";"276,0";"2,1";"8,60";"0,0"
"15/01/2023";"0000";"20,1";"20,4";"20,1";"96,0";"96,0";"95,0";"19,4";"19,5";"19,4";"992,9";"992,9";"991,9";"0,2";"235,0";"2,0";"";"0,0"
"15/01/2023";"0100";"20,2";"20,2";"20,1";"96,0";"96,0";"96,0";"19,6";"19,6";"19,4";"994,3";"994,3";"992,9";"0,1";"295,0";"1,1";"";"0,0"
"15/01/2023";"0200";"20,2";"20,3";"20,1";"96,0";"96,0";"96,0";"19,6";"19,6";"19,5";"994,8";"994,8";"994,2";"0,0";"260,0";"1,8";"";"0,2"
"15/01/2023";"0300";"20,2";"20,3";"20,1";"96,0";"96,0";"96,0";"19,6";"19,8";"19,6";"994,8";"995,0";"994,8";"0,0";"192,0";"0,9";"";"0,0"
"15/01/2023";"0400";"20,2";"20,2";"20,2";"96,0";"96,0";"96,0";"19,6";"19,6";"19,6";"994,5";"994,9";"994,5";"0,2";"227,0";"1,0";"";"0,0"
"15/01/2023";"0500";"20,1";"20,2";"20,1";"96,0";"96,0";"96,0";"19,5";"19,6";"19,5";"994,1";"994,5";"994,0";"0,2";"256,0";"1,3";"";"0,0"
"15/01/2023";"0600";"20,0";"20,1";"20,0";"96,0";"96,0";"96,0";"19,5";"19,5";"19,4";"993,9";"994,1";"993,9";"0,0";"247,0";"1,1";"";"0,0"
"15/01/2023";"0700";"20,0";"20,1";"19,9";"96,0";"97,0";"96,0";"19,4";"19,5";"19,3";"993,5";"993,9";"993,5";"0,0";"253,0";"0,9";"";"0,0"
"15/01/2023";"0800";"19,9";"20,0";"19,9";"96,0";"96,0";"96,0";"19,4";"19,5";"19,3";"993,5";"993,5";"993,4";"0,0";"224,0";"0,8";"";"0,0"
"15/01/2023";"0900";"19,9";"19,9";"19,9";"96,0";"96,0";"96,0";"19,4";"19,4";"19,3";"994,2";"994,2";"993,5";"0,3";"239,0";"1,6";"";"0,0"
"15/01/2023";"1000";"20,0";"20,0";"19,9";"96,0";"96,0";"96,0";"19,4";"19,4";"19,3";"995,1";"995,1";"994,2";"0,0";"208,0";"1,1";"1,40";"0,0"
"15/01/2023";"1100";"20,5";"20,5";"20,0";"96,0";"96,0";"96,0";"19,9";"19,9";"19,4";"996,1";"996,1";"995,1";"0,0";"194,0";"0,0";"120,90";"0,0"
"15/01/2023";"1200";"21,9";"21,9";"20,5";"93,0";"96,0";"93,0";"20,7";"20,7";"19,9";"996,6";"996,7";"996,1";"0,0";"211,0";"0,6";"511,00";"0,0"
"15/01/2023";"1300";"23,9";"23,9";"21,9";"83,0";"93,0";"83,0";"20,8";"21,2";"20,3";"997,0";"997,0";"996,6";"0,8";"312,0";"2,1";"1259,20";"0,0"
"15/01/2023";"1400";"26,0";"26,5";"23,8";"75,0";"84,0";"73,0";"21,3";"22,2";"20,7";"996,8";"997,0";"996,8";"1,3";"289,0";"3,8";"2353,70";"0,0"
"15/01/2023";"1500";"27,6";"28,1";"26,0";"69,0";"77,0";"67,0";"21,5";"22,8";"21,1";"995,9";"996,8";"995,9";"1,7";"300,0";"4,5";"2481,40";"0,0"
"15/01/2023";"1600";"28,1";"28,5";"26,9";"66,0";"74,0";"64,0";"21,3";"22,7";"20,5";"995,1";"995,9";"995,1";"2,2";"274,0";"5,5";"2545,60";"0,0"
"15/01/2023";"1700";"28,4";"28,9";"28,1";"64,0";"67,0";"62,0";"20,9";"21,8";"20,6";"994,2";"995,1";"994,2";"2,3";"261,0";"5,6";"2415,20";"0,0"
"15/01/2023";"1800";"29,7";"29,8";"28,3";"64,0";"66,0";"59,0";"22,0";"22,3";"20,6";"992,8";"994,2";"992,8";"1,7";"249,0";"4,9";"2827,70";"0,0"
"15/01/2023";"1900";"29,2";"30,5";"28,9";"59,0";"65,0";"57,0";"20,5";"22,0";"20,2";"991,0";"992,8";"991,0";"2,7";"264,0";"6,4";"2480,70";"0,0"
"15/01/2023";"2000";"29,4";"31,0";"29,0";"57,0";"61,0";"50,0";"20,1";"20,9";"19,2";"990,0";"991,0";"990,0";"2,2";"275,0";"5,9";"2056,50";"0,0"
"15/01/2023";"2100";"28,6";"30,1";"28,3";"61,0";"65,0";"54,0";"20,3";"21,4";"19,6";"989,7";"990,1";"989,6";"1,7";"264,0";"4,7";"846,50";"0,0"
"15/01/2023";"2200";"27,4";"29,2";"27,4";"69,0";"69,0";"59,0";"21,2";"21,3";"20,0";"990,3";"990,3";"989,7";"0,7";"247,0";"3,4";"260,70";"0,0"
"15/01/2023";"2300";"25,4";"27,4";"25,4";"77,0";"80,0";"69,0";"21,0";"22,1";"20,8";"990,6";"990,6";"990,2";"0,2";"327,0";"2,3";"6,00";"0,0"
"16/01/2023";"0000";"24,5";"25,4";"24,5";"83,0";"84,0";"77,0";"21,4";"21,7";"21,0";"991,6";"991,6";"990,6";"0,2";"287,0";"1,7";"";"0,0"
"16/01/2023";"0100";"23,8";"24,5";"23,7";"89,0";"89,0";"83,0";"21,8";"22,0";"21,5";"992,4";"992,5";"991,6";"1,1";"202,0";"2,0";"";"0,0"
"16/01/2023";"0200";"23,9";"24,4";"23,8";"85,0";"88,0";"83,0";"21,2";"21,8";"21,2";"993,1";"993,1";"992,4";"0,4";"205,0";"2,5";"";"0,0"
"16/01/2023";"0300";"23,1";"23,9";"23,0";"91,0";"91,0";"85,0";"21,6";"21,7";"21,1";"993,9";"993,9";"993,1";"0,0";"221,0";"1,3";"";"0,0"
"16/01/2023";"0400";"22,7";"23,2";"22,7";"93,0";"93,0";"91,0";"21,5";"21,8";"21,4";"993,7";"994,0";"993,7";"1,1";"213,0";"1,8";"";"0,0"
"16/01/2023";"0500";"22,3";"22,7";"22,2";"95,0";"95,0";"93,0";"21,5";"21,6";"21,4";"992,9";"993,7";"992,9";"0,0";"195,0";"1,7";"";"0,0"
"16/01/2023";"0600";"22,1";"22,4";"22,1";"96,0";"96,0";"95,0";"21,4";"21,7";"21,4";"992,5";"992,9";"992,4";"1,0";"303,0";"1,6";"";"0,0"
"16/01/2023";"0700";"22,2";"22,2";"22,1";"96,0";"96,0";"96,0";"21,5";"21,6";"21,4";"992,4";"992,5";"992,4";"0,0";"330,0";"2,1";"";"0,0"
"16/01/2023";"0800";"22,2";"22,2";"22,1";"96,0";"96,0";"96,0";"21,5";"21,6";"21,4";"992,3";"992,4";"992,0";"0,0";"328,0";"1,1";"";"0,0"
"16/01/2023";"0900";"21,5";"22,3";"21,5";"96,0";"96,0";"96,0";"20,9";"21,7";"20,9";"992,5";"992,6";"992,3";"0,9";"212,0";"5,6";"";"16,6"
"16/01/2023";"1000";"22,0";"22,1";"21,4";"96,0";"96,0";"96,0";"21,4";"21,4";"20,8";"993,2";"993,3";"992,4";"0,0";"326,0";"2,1";"1,30";"1,0"
"16/01/2023";"1100";"22,0";"22,1";"21,9";"96,0";"96,0";"96,0";"21,4";"21,4";"21,3";"993,7";"993,7";"992,7";"1,4";"215,0";"2,3";"87,20";"0,0"
"16/01/2023";"1200";"22,5";"22,5";"22,0";"96,0";"96,0";"96,0";"21,8";"21,8";"21,4";"994,1";"994,2";"993,7";"0,4";"256,0";"2,3";"192,40";"0,6"
"16/01/2023";"1300";"24,2";"24,3";"22,4";"88,0";"96,0";"88,0";"22,2";"23,4";"21,8";"994,4";"994,5";"994,1";"0,4";"263,0";"1,7";"1023,10";"0,2"
"16/01/2023";"1400";"26,7";"26,8";"24,2";"77,0";"90,0";"75,0";"22,3";"23,2";"21,7";"994,4";"994,5";"994,4";"1,5";"297,0";"3,0";"2424,30";"0,0"
"16/01/2023";"1500";"29,1";"29,1";"26,7";"66,0";"77,0";"65,0";"22,1";"22,8";"20,6";"994,4";"994,6";"994,4";"0,8";"284,0";"3,0";"3157,40";"0,0"
"16/01/2023";"1600";"28,6";"30,1";"27,9";"66,0";"70,0";"60,0";"21,6";"23,1";"20,4";"992,6";"994,4";"992,6";"0,7";"294,0";"3,0";"2310,00";"0,0"
"16/01/2023";"1700";"30,1";"30,4";"28,6";"58,0";"68,0";"57,0";"21,0";"23,4";"20,4";"991,5";"992,6";"991,5";"1,7";"266,0";"4,5";"3201,30";"0,0"
"16/01/2023";"1800";"28,9";"30,9";"28,1";"64,0";"68,0";"53,0";"21,4";"23,3";"19,8";"990,2";"991,5";"990,2";"1,2";"302,0";"4,1";"1829,60";"0,0"
"16/01/2023";"1900";"27,6";"28,9";"27,6";"68,0";"68,0";"57,0";"21,1";"21,6";"18,9";"989,3";"990,2";"989,3";"1,4";"231,0";"4,2";"829,90";"0,0"
"16/01/2023";"2000";"28,4";"28,4";"27,5";"66,0";"71,0";"65,0";"21,4";"22,2";"20,8";"989,5";"989,5";"989,3";"0,9";"237,0";"2,8";"878,80";"0,0"
"16/01/2023";"2100";"26,4";"29,6";"26,4";"73,0";"73,0";"58,0";"21,3";"21,9";"19,7";"989,8";"990,2";"989,5";"1,9";"323,0";"5,7";"900,00";"0,0"
"16/01/2023";"2200";"25,2";"26,4";"25,1";"78,0";"80,0";"73,0";"21,2";"21,9";"20,9";"990,4";"990,4";"989,7";"0,5";"302,0";"4,3";"152,50";"0,0"
"16/01/2023";"2300";"23,6";"25,2";"23,6";"85,0";"86,0";"78,0";"20,9";"21,4";"20,9";"991,4";"991,4";"990,4";"2,2";"281,0";"5,0";"4,70";"0,0"
"17/01/2023";"0000";"22,7";"23,6";"22,7";"89,0";"89,0";"85,0";"20,8";"20,9";"20,4";"993,1";"993,1";"991,4";"1,6";"289,0";"6,3";"";"0,0"
"17/01/2023";"0100";"21,9";"22,7";"21,9";"93,0";"93,0";"89,0";"20,8";"21,0";"20,7";"993,6";"993,6";"993,1";"1,3";"226,0";"3,7";"";"0,2"
"17/01/2023";"0200";"21,7";"21,9";"21,7";"95,0";"95,0";"93,0";"20,9";"20,9";"20,7";"993,9";"993,9";"993,6";"1,0";"208,0";"2,7";"";"0,6"
"17/01/2023";"0300";"21,6";"21,7";"21,6";"95,0";"95,0";"94,0";"20,7";"20,9";"20,7";"993,9";"994,0";"993,9";"1,5";"190,0";"3,8";"";"0,0"
"17/01/2023";"0400";"21,4";"21,6";"21,4";"95,0";"95,0";"95,0";"20,7";"20,7";"20,6";"993,2";"993,9";"993,2";"1,2";"188,0";"3,3";"";"0,0"
"17/01/2023";"0500";"21,5";"21,6";"21,4";"96,0";"96,0";"95,0";"20,8";"20,8";"20,6";"992,3";"993,3";"992,3";"1,1";"194,0";"3,3";"";"0,0"
"17/01/2023";"0600";"21,3";"21,6";"21,3";"96,0";"96,0";"95,0";"20,6";"20,8";"20,6";"991,6";"992,3";"991,6";"0,0";"208,0";"2,6";"";"0,0"
"17/01/2023";"0700";"21,3";"21,3";"21,2";"96,0";"96,0";"96,0";"20,6";"20,6";"20,5";"991,2";"991,6";"991,1";"0,6";"304,0";"1,4";"";"0,0"
"17/01/2023";"0800";"21,5";"21,5";"21,2";"96,0";"96,0";"96,0";"20,8";"20,8";"20,6";"992,0";"992,0";"991,2";"1,1";"322,0";"5,2";"";"0,0"
"17/01/2023";"0900";"21,0";"21,5";"21,0";"91,0";"96,0";"91,0";"19,5";"20,8";"19,5";"992,5";"992,6";"992,0";"1,7";"323,0";"7,3";"0,40";"0,0"
"17/01/2023";"1000";"20,7";"21,1";"20,7";"91,0";"91,0";"88,0";"19,2";"19,5";"19,0";"992,8";"992,8";"992,3";"0,2";"311,0";"4,4";"0,60";"0,0"
"17/01/2023";"1100";"20,9";"20,9";"20,7";"91,0";"92,0";"90,0";"19,3";"19,4";"19,1";"993,8";"993,8";"992,8";"0,5";"242,0";"1,8";"58,90";"0,0"
"17/01/2023";"1200";"21,8";"21,9";"20,9";"85,0";"91,0";"85,0";"19,1";"19,6";"19,1";"994,4";"994,4";"993,8";"0,5";"319,0";"2,0";"313,50";"0,0"
"17/01/2023";"1300";"22,5";"22,7";"21,7";"82,0";"86,0";"82,0";"19,4";"19,8";"19,1";"995,2";"995,2";"994,4";"1,6";"264,0";"3,1";"835,80";"0,0"
"17/01/2023";"1400";"23,5";"23,6";"22,5";"80,0";"84,0";"80,0";"19,9";"20,2";"19,3";"995,6";"995,6";"995,2";"1,4";"255,0";"4,0";"1137,10";"0,0"
"17/01/2023";"1500";"24,6";"25,1";"23,5";"77,0";"80,0";"75,0";"20,3";"20,8";"19,6";"995,2";"995,6";"995,2";"0,9";"219,0";"2,9";"1678,30";"0,0"
"17/01/2023";"1600";"26,7";"27,3";"24,7";"68,0";"78,0";"68,0";"20,3";"21,7";"19,8";"994,5";"995,2";"994,5";"0,9";"225,0";"3,2";"2557,90";"0,0"
"17/01/2023";"1700";"27,2";"27,9";"26,1";"63,0";"72,0";"63,0";"19,6";"21,5";"19,5";"993,0";"994,5";"993,0";"0,9";"298,0";"3,1";"2237,50";"0,0"
"17/01/2023";"1800";"27,1";"28,3";"26,8";"65,0";"69,0";"62,0";"20,1";"21,1";"19,6";"991,5";"993,0";"991,5";"0,9";"301,0";"3,6";"1765,00";"0,0"
"17/01/2023";"1900";"28,1";"28,7";"27,0";"63,0";"68,0";"61,0";"20,3";"21,2";"19,9";"990,5";"991,5";"990,5";"2,1";"229,0";"4,2";"2434,60";"0,0"
"17/01/2023";"2000";"28,5";"29,4";"27,9";"63,0";"66,0";"58,0";"20,9";"21,5";"19,8";"989,4";"990,5";"989,4";"2,3";"255,0";"4,8";"2294,20";"0,0"
"17/01/2023";"2100";"27,6";"29,0";"27,6";"69,0";"70,0";"62,0";"21,5";"21,9";"20,5";"989,0";"989,4";"989,0";"2,0";"238,0";"4,3";"1448,30";"0,0"
"17/01/2023";"2200";"25,3";"27,6";"25,3";"78,0";"79,0";"68,0";"21,2";"21,8";"21,0";"989,8";"989,8";"989,0";"1,6";"216,0";"4,7";"470,20";"0,0"
"17/01/2023";"2300";"21,9";"25,3";"21,9";"91,0";"91,0";"78,0";"20,3";"21,7";"20,2";"991,1";"991,1";"989,8";"1,4";"219,0";"4,7";"20,80";"0,6"
"18/01/2023";"0000";"22,2";"22,2";"21,9";"93,0";"93,0";"91,0";"21,0";"21,0";"20,3";"992,0";"992,0";"991,1";"0,6";"288,0";"2,5";"";"0,2"
"18/01/2023";"0100";"22,2";"22,4";"22,1";"95,0";"95,0";"93,0";"21,4";"21,4";"21,0";"992,9";"992,9";"992,0";"0,1";"316,0";"1,6";"";"0,0"
"18/01/2023";"0200";"21,9";"22,5";"21,7";"95,0";"96,0";"95,0";"21,1";"21,7";"20,9";"994,2";"994,2";"992,9";"0,8";"211,0";"2,0";"0,10";"0,2"
"18/01/2023";"0300";"22,2";"22,3";"21,9";"95,0";"95,0";"94,0";"21,4";"21,5";"21,1";"994,2";"994,3";"994,0";"0,0";"202,0";"2,4";"";"0,0"
"18/01/2023";"0400";"21,9";"22,3";"21,9";"95,0";"95,0";"95,0";"21,2";"21,5";"21,1";"994,2";"994,3";"994,1";"1,0";"225,0";"2,1";"";"0,0"
"18/01/2023";"0500";"22,0";"22,0";"21,9";"96,0";"96,0";"95,0";"21,3";"21,4";"21,2";"993,7";"994,2";"993,7";"0,0";"231,0";"2,1";"";"0,0"
"18/01/2023";"0600";"22,3";"22,3";"21,9";"96,0";"96,0";"96,0";"21,5";"21,6";"21,3";"993,3";"993,7";"993,2";"1,3";"323,0";"3,3";"";"0,0"
"18/01/2023";"0700";"21,7";"22,3";"21,7";"94,0";"96,0";"94,0";"20,7";"21,5";"20,7";"993,1";"993,4";"993,1";"0,4";"305,0";"3,3";"";"0,0"
"18/01/2023";"0800";"21,3";"21,7";"21,3";"95,0";"95,0";"94,0";"20,4";"20,7";"20,4";"992,9";"993,1";"992,8";"0,2";"321,0";"2,1";"";"0,0"
"18/01/2023";"0900";"21,0";"21,3";"21,0";"94,0";"95,0";"94,0";"19,9";"20,4";"19,9";"993,4";"993,4";"992,9";"0,2";"328,0";"2,4";"";"0,0"
"18/01/2023";"1000";"20,9";"21,0";"20,9";"94,0";"94,0";"94,0";"19,9";"20,0";"19,9";"994,3";"994,3";"993,4";"0,3";"311,0";"2,7";"0,70";"0,0"
"18/01/2023";"1100";"21,4";"21,4";"20,9";"93,0";"94,0";"93,0";"20,2";"20,2";"19,8";"995,1";"995,1";"994,3";"0,4";"299,0";"3,0";"138,00";"0,0"
"18/01/2023";"1200";"23,0";"23,0";"21,4";"85,0";"93,0";"82,0";"20,3";"20,6";"19,6";"995,7";"995,7";"995,1";"1,0";"318,0";"4,5";"723,90";"0,0"
"18/01/2023";"1300";"24,5";"24,6";"22,6";"75,0";"85,0";"74,0";"19,7";"20,4";"19,4";"996,3";"996,3";"995,7";"1,6";"323,0";"4,9";"1363,30";"0,0"
"18/01/2023";"1400";"26,9";"26,9";"24,2";"69,0";"77,0";"66,0";"20,8";"21,1";"19,2";"996,6";"996,6";"996,3";"1,4";"317,0";"5,4";"1768,50";"0,0"
"18/01/2023";"1500";"26,3";"27,2";"25,7";"67,0";"71,0";"63,0";"19,6";"20,9";"18,7";"996,5";"996,6";"996,4";"2,7";"318,0";"6,8";"2367,30";"0,0"
"18/01/2023";"1600";"27,1";"27,6";"26,1";"64,0";"69,0";"61,0";"19,7";"20,9";"18,8";"995,9";"996,5";"995,9";"2,5";"325,0";"6,3";"2111,00";"0,2"
"18/01/2023";"1700";"28,2";"29,2";"27,1";"58,0";"66,0";"56,0";"19,1";"21,1";"18,7";"994,7";"995,9";"994,7";"1,8";"320,0";"5,8";"3398,60";"0,0"
"18/01/2023";"1800";"29,5";"30,4";"28,1";"54,0";"61,0";"50,0";"19,1";"20,7";"18,1";"993,2";"994,7";"993,2";"1,5";"319,0";"5,5";"3280,40";"0,0"
"18/01/2023";"1900";"29,3";"30,0";"28,2";"54,0";"59,0";"52,0";"19,1";"20,3";"18,3";"991,8";"993,2";"991,8";"1,6";"316,0";"5,6";"2221,00";"0,0"
"18/01/2023";"2000";"29,7";"29,8";"28,3";"57,0";"60,0";"52,0";"20,2";"20,8";"18,4";"990,7";"991,8";"990,7";"0,8";"301,0";"5,4";"1657,60";"0,0"
"18/01/2023";"2100";"27,5";"30,0";"27,5";"61,0";"63,0";"54,0";"19,3";"20,5";"18,7";"990,6";"990,7";"990,4";"1,2";"320,0";"5,0";"1041,50";"0,0"
"18/01/2023";"2200";"26,1";"27,5";"26,1";"68,0";"69,0";"60,0";"19,9";"20,2";"19,0";"991,3";"991,3";"990,7";"1,2";"318,0";"4,8";"314,40";"0,0"
"18/01/2023";"2300";"23,5";"26,1";"23,5";"77,0";"79,0";"69,0";"19,2";"20,4";"19,2";"992,1";"992,1";"991,3";"0,2";"314,0";"5,5";"15,40";"0,0"
"19/01/2023";"0000";"23,0";"23,5";"23,0";"81,0";"82,0";"77,0";"19,6";"19,7";"19,3";"993,3";"993,3";"992,1";"0,8";"302,0";"2,1";"";"0,0"
"19/01/2023";"0100";"22,6";"23,2";"22,6";"83,0";"83,0";"79,0";"19,5";"19,6";"19,4";"994,0";"994,0";"993,3";"0,7";"318,0";"3,1";"";"0,0"
"19/01/2023";"0200";"22,0";"22,7";"22,0";"87,0";"87,0";"82,0";"19,8";"19,8";"19,5";"994,9";"994,9";"994,0";"0,3";"252,0";"2,0";"";"0,0"
"19/01/2023";"0300";"21,9";"22,0";"21,7";"89,0";"90,0";"87,0";"20,1";"20,1";"19,7";"995,1";"995,3";"994,9";"0,2";"319,0";"1,4";"";"0,0"
"19/01/2023";"0400";"21,8";"22,0";"21,7";"89,0";"90,0";"88,0";"19,9";"20,2";"19,7";"994,5";"995,1";"994,5";"0,2";"323,0";"1,7";"";"0,0"
"19/01/2023";"0500";"21,3";"21,9";"21,3";"93,0";"93,0";"89,0";"20,2";"20,3";"19,9";"993,9";"994,5";"993,9";"0,6";"229,0";"1,5";"";"0,0"
"19/01/2023";"0600";"21,3";"21,4";"21,2";"94,0";"94,0";"93,0";"20,2";"20,2";"20,1";"993,5";"993,9";"993,5";"0,6";"215,0";"1,9";"";"0,0"
"19/01/2023";"0700";"21,3";"21,3";"21,1";"94,0";"95,0";"94,0";"20,3";"20,3";"20,1";"993,4";"993,5";"993,4";"0,4";"248,0";"1,8";"";"0,0"
"19/01/2023";"0800";"21,2";"21,3";"21,1";"95,0";"95,0";"94,0";"20,3";"20,4";"20,1";"993,3";"993,4";"993,2";"0,1";"239,0";"1,1";"";"0,0"
"19/01/2023";"0900";"21,1";"21,3";"21,1";"95,0";"95,0";"95,0";"20,4";"20,4";"20,3";"993,8";"993,8";"993,3";"0,3";"231,0";"0,9";"";"0,0"
"19/01/2023";"1000";"21,2";"21,2";"21,1";"96,0";"96,0";"95,0";"20,5";"20,5";"20,4";"994,4";"994,4";"993,8";"0,0";"269,0";"1,4";"0,40";"0,0"
"19/01/2023";"1100";"21,9";"21,9";"21,2";"92,0";"96,0";"92,0";"20,6";"20,7";"20,5";"995,5";"995,5";"994,4";"0,5";"303,0";"1,5";"98,00";"0,0"
"19/01/2023";"1200";"22,7";"22,7";"21,9";"88,0";"92,0";"88,0";"20,7";"20,8";"20,5";"996,4";"996,4";"995,5";"1,7";"282,0";"3,3";"339,90";"0,0"
"19/01/2023";"1300";"23,9";"24,0";"22,7";"81,0";"89,0";"80,0";"20,4";"21,1";"20,3";"996,9";"996,9";"996,4";"2,4";"288,0";"4,5";"770,60";"0,0"
"19/01/2023";"1400";"25,0";"25,0";"23,9";"77,0";"82,0";"76,0";"20,8";"21,0";"20,2";"997,1";"997,1";"996,9";"2,0";"317,0";"5,5";"1054,30";"0,0"
"19/01/2023";"1500";"25,2";"25,3";"24,7";"73,0";"78,0";"73,0";"20,0";"21,2";"20,0";"997,0";"997,2";"997,0";"1,9";"318,0";"5,0";"1036,20";"0,0"
"19/01/2023";"1600";"26,1";"26,6";"25,1";"72,0";"76,0";"69,0";"20,7";"21,2";"20,0";"996,4";"997,0";"996,4";"1,1";"298,0";"4,1";"1331,20";"0,0"
"19/01/2023";"1700";"26,9";"27,0";"25,8";"67,0";"73,0";"67,0";"20,2";"20,9";"19,8";"995,4";"996,4";"995,4";"1,4";"307,0";"5,1";"1346,50";"0,0"
"19/01/2023";"1800";"26,9";"27,3";"26,4";"64,0";"71,0";"63,0";"19,4";"21,2";"19,3";"994,1";"995,4";"994,1";"1,3";"314,0";"4,4";"1493,30";"0,0"
"19/01/2023";"1900";"26,2";"27,2";"26,0";"72,0";"74,0";"64,0";"20,8";"21,1";"19,5";"992,7";"994,1";"992,7";"1,4";"262,0";"3,9";"1085,40";"0,0"
"19/01/2023";"2000";"26,3";"26,5";"25,8";"67,0";"74,0";"67,0";"19,7";"21,0";"19,7";"991,6";"992,7";"991,6";"1,3";"263,0";"3,5";"1090,60";"0,0"
"19/01/2023";"2100";"25,7";"26,7";"25,7";"71,0";"72,0";"67,0";"20,0";"20,8";"19,6";"991,4";"991,6";"991,3";"1,3";"286,0";"3,1";"680,80";"0,0"
"19/01/2023";"2200";"24,7";"25,7";"24,7";"76,0";"76,0";"69,0";"20,1";"20,3";"19,5";"991,9";"991,9";"991,4";"0,5";"327,0";"2,6";"215,30";"0,0"
"19/01/2023";"2300";"23,5";"24,7";"23,5";"81,0";"82,0";"76,0";"20,0";"20,6";"19,7";"993,0";"993,0";"992,0";"0,2";"329,0";"1,7";"7,20";"0,0"
"20/01/2023";"0000";"23,3";"23,5";"23,1";"81,0";"84,0";"80,0";"20,0";"20,3";"19,7";"993,8";"993,8";"992,9";"0,2";"285,0";"2,1";"";"0,0"
"20/01/2023";"0100";"22,7";"23,3";"22,7";"86,0";"86,0";"81,0";"20,3";"20,3";"20,0";"994,7";"994,7";"993,8";"0,6";"199,0";"1,3";"";"0,0"
"20/01/2023";"0200";"22,4";"22,7";"22,3";"91,0";"91,0";"86,0";"20,8";"20,8";"20,3";"995,3";"995,3";"994,7";"0,7";"252,0";"1,5";"";"0,0"
"20/01/2023";"0300";"22,0";"22,4";"22,0";"91,0";"91,0";"89,0";"20,5";"20,8";"20,5";"995,6";"995,6";"995,2";"0,1";"274,0";"1,3";"";"0,0"
"20/01/2023";"0400";"22,2";"22,4";"21,9";"89,0";"92,0";"89,0";"20,3";"20,6";"20,3";"995,0";"995,6";"995,0";"0,1";"238,0";"1,9";"";"0,0"
"20/01/2023";"0500";"22,0";"22,2";"21,9";"93,0";"93,0";"89,0";"20,7";"20,8";"20,3";"994,4";"995,0";"994,4";"0,0";"249,0";"0,8";"";"0,0"
"20/01/2023";"0600";"21,7";"22,0";"21,7";"94,0";"94,0";"93,0";"20,8";"20,8";"20,6";"994,0";"994,4";"994,0";"0,5";"225,0";"1,4";"";"0,0"
"20/01/2023";"0700";"21,5";"21,8";"21,5";"96,0";"96,0";"94,0";"20,8";"20,9";"20,7";"993,8";"994,0";"993,8";"0,4";"193,0";"2,0";"0,20";"0,0"
"20/01/2023";"0800";"";"";"";"";"";"";"";"";"";"";"";"";"";"";"";"";""
"20/01/2023";"0900";"21,4";"21,6";"21,4";"96,0";"96,0";"95,0";"20,8";"20,8";"20,7";"994,2";"994,2";"993,8";"0,0";"326,0";"0,6";"";"0,0"
"20/01/2023";"1000";"21,3";"21,5";"21,3";"96,0";"96,0";"96,0";"20,7";"20,9";"20,7";"994,7";"994,7";"994,2";"0,1";"186,0";"0,7";"1,40";"0,0"
"20/01/2023";"1100";"21,9";"21,9";"21,3";"96,0";"96,0";"96,0";"21,2";"21,2";"20,7";"995,3";"995,3";"994,7";"0,6";"193,0";"1,3";"136,50";"0,0"
"20/01/2023";"1200";"22,7";"22,7";"21,8";"93,0";"96,0";"93,0";"21,6";"21,6";"21,2";"996,0";"996,0";"995,3";"0,6";"195,0";"1,7";"399,60";"0,0"
"20/01/2023";"1300";"24,9";"24,9";"22,7";"83,0";"93,0";"82,0";"21,7";"21,9";"21,0";"996,5";"996,5";"996,0";"0,5";"265,0";"1,7";"972,90";"0,0"
"20/01/2023";"1400";"27,1";"27,9";"24,9";"68,0";"83,0";"64,0";"20,8";"22,2";"19,4";"996,5";"996,7";"996,5";"0,5";"229,0";"2,6";"2590,70";"0,0"
"20/01/2023";"1500";"29,0";"29,0";"26,8";"59,0";"71,0";"57,0";"20,1";"21,6";"19,4";"996,1";"996,5";"996,1";"1,2";"279,0";"3,6";"2785,30";"0,2"
"20/01/2023";"1600";"27,1";"30,0";"27,0";"68,0";"68,0";"52,0";"20,5";"21,3";"18,1";"994,8";"996,1";"994,8";"1,9";"268,0";"3,8";"2058,70";"0,0"
"20/01/2023";"1700";"29,0";"30,1";"27,1";"59,0";"69,0";"57,0";"20,1";"22,2";"19,7";"993,5";"994,8";"993,5";"1,9";"290,0";"4,4";"2488,60";"0,0"
"20/01/2023";"1800";"28,7";"30,8";"28,6";"60,0";"62,0";"53,0";"20,2";"21,5";"18,9";"992,2";"993,5";"992,2";"1,5";"251,0";"4,4";"2638,20";"0,0"
"20/01/2023";"1900";"23,0";"28,7";"22,3";"92,0";"92,0";"60,0";"21,7";"21,7";"20,0";"991,3";"992,4";"991,3";"1,5";"259,0";"6,5";"415,70";"15,0"
"20/01/2023";"2000";"25,3";"25,3";"23,0";"78,0";"92,0";"78,0";"21,2";"22,4";"21,2";"991,0";"991,3";"990,9";"0,2";"204,0";"3,3";"783,30";"0,0"
"20/01/2023";"2100";"24,6";"25,8";"24,6";"85,0";"85,0";"76,0";"21,8";"22,0";"21,2";"990,7";"991,0";"990,6";"0,5";"296,0";"3,4";"691,00";"0,2"
"20/01/2023";"2200";"22,9";"24,6";"22,9";"87,0";"89,0";"81,0";"20,7";"21,9";"20,7";"991,5";"991,5";"990,6";"2,0";"268,0";"3,8";"39,90";"0,0"
"20/01/2023";"2300";"22,6";"22,9";"22,4";"92,0";"93,0";"86,0";"21,3";"21,3";"20,4";"992,2";"992,2";"991,5";"0,4";"298,0";"3,8";"2,20";"0,2"
"21/01/2023";"0000";"";"";"";"";"";"";"";"";"";"";"";"";"";"";"";"";""
"21/01/2023";"0100";"21,9";"22,3";"21,9";"95,0";"95,0";"93,0";"21,2";"21,2";"20,9";"993,1";"993,1";"992,2";"0,0";"344,0";"1,4";"";"0,0"
"21/01/2023";"0200";"21,9";"22,1";"21,8";"95,0";"96,0";"94,0";"21,0";"21,2";"21,0";"993,8";"993,8";"993,1";"0,6";"321,0";"2,5";"";"0,0"
"21/01/2023";"0300";"21,7";"21,9";"21,7";"96,0";"96,0";"95,0";"21,0";"21,0";"21,0";"994,4";"994,5";"993,8";"0,0";"312,0";"2,3";"";"0,2"
"21/01/2023";"0400";"21,7";"21,8";"21,6";"96,0";"96,0";"96,0";"21,1";"21,1";"20,9";"994,1";"994,4";"994,0";"0,5";"318,0";"1,5";"";"0,0"
"21/01/2023";"0500";"21,7";"21,8";"21,5";"96,0";"96,0";"96,0";"21,1";"21,1";"20,8";"993,7";"994,1";"993,7";"1,0";"303,0";"2,1";"";"0,0"
"21/01/2023";"0600";"21,7";"21,9";"21,7";"96,0";"96,0";"96,0";"21,1";"21,3";"21,0";"992,8";"993,7";"992,8";"0,3";"319,0";"3,6";"";"0,0"
"21/01/2023";"0700";"21,8";"21,9";"21,7";"96,0";"96,0";"96,0";"21,2";"21,2";"21,1";"992,6";"992,9";"992,6";"0,5";"318,0";"2,8";"";"0,0"
"21/01/2023";"0800";"21,8";"21,9";"21,8";"96,0";"96,0";"96,0";"21,1";"21,3";"21,1";"992,3";"992,7";"992,3";"1,1";"299,0";"2,6";"0,50";"0,0"
"21/01/2023";"0900";"21,5";"21,8";"21,5";"96,0";"96,0";"96,0";"20,9";"21,1";"20,9";"992,3";"992,3";"992,1";"0,5";"217,0";"2,4";"";"0,0"
"21/01/2023";"1000";"21,4";"21,5";"21,4";"96,0";"96,0";"96,0";"20,7";"20,9";"20,7";"993,4";"993,4";"992,3";"0,3";"273,0";"1,7";"0,90";"0,0"
"21/01/2023";"1100";"22,5";"22,5";"21,4";"93,0";"96,0";"93,0";"21,2";"21,4";"20,7";"994,3";"994,3";"993,4";"0,1";"290,0";"1,0";"261,70";"0,0"
"21/01/2023";"1200";"24,2";"24,3";"22,4";"81,0";"93,0";"80,0";"20,7";"21,6";"20,4";"994,9";"994,9";"994,3";"0,8";"284,0";"2,5";"1204,60";"0,0"
"21/01/2023";"1300";"24,8";"25,7";"24,0";"78,0";"81,0";"73,0";"20,6";"21,3";"20,1";"995,4";"995,4";"994,9";"1,6";"300,0";"3,3";"1724,40";"0,0"
"21/01/2023";"1400";"27,4";"27,4";"24,7";"72,0";"81,0";"69,0";"21,9";"21,9";"20,3";"995,5";"995,6";"995,4";"1,5";"308,0";"3,3";"2041,90";"0,0"
"21/01/2023";"1500";"28,3";"28,6";"27,1";"62,0";"71,0";"62,0";"20,4";"21,9";"19,8";"995,0";"995,5";"995,0";"1,8";"289,0";"4,1";"3194,20";"0,0"
"21/01/2023";"1600";"29,0";"30,1";"28,1";"60,0";"66,0";"57,0";"20,3";"22,1";"20,0";"994,0";"995,0";"994,0";"2,9";"301,0";"5,2";"3675,70";"0,0"
"21/01/2023";"1700";"30,7";"30,7";"28,7";"57,0";"64,0";"54,0";"21,2";"22,5";"19,7";"992,5";"994,0";"992,5";"1,9";"306,0";"5,4";"3401,30";"0,0"
"21/01/2023";"1800";"30,6";"31,7";"30,1";"54,0";"58,0";"50,0";"20,1";"21,6";"19,5";"991,1";"992,5";"991,1";"2,8";"303,0";"5,7";"3343,60";"0,0"
"21/01/2023";"1900";"31,4";"32,0";"29,7";"48,0";"60,0";"46,0";"19,2";"22,3";"19,2";"989,7";"991,1";"989,7";"1,9";"313,0";"5,5";"2864,50";"0,0"
"21/01/2023";"2000";"31,6";"32,1";"29,7";"49,0";"60,0";"48,0";"19,7";"21,2";"19,2";"989,1";"989,7";"989,1";"0,8";"306,0";"4,3";"1801,80";"0,0"
"21/01/2023";"2100";"28,9";"31,9";"28,9";"61,0";"61,0";"47,0";"20,7";"21,1";"18,7";"989,3";"989,3";"988,9";"1,1";"309,0";"5,6";"1160,80";"0,0"
"21/01/2023";"2200";"25,4";"28,9";"24,5";"76,0";"82,0";"61,0";"20,8";"21,2";"20,3";"990,1";"990,1";"989,3";"1,8";"257,0";"6,3";"281,00";"0,0"
"21/01/2023";"2300";"24,9";"25,6";"24,9";"80,0";"81,0";"75,0";"21,1";"21,4";"20,8";"990,6";"990,6";"990,1";"0,1";"273,0";"2,9";"49,20";"0,0"
"22/01/2023";"0000";"23,8";"24,9";"23,8";"87,0";"87,0";"80,0";"21,5";"21,8";"21,2";"991,4";"991,4";"990,6";"0,1";"210,0";"0,9";"";"0,0"
"22/01/2023";"0100";"23,2";"23,9";"23,2";"91,0";"91,0";"87,0";"21,7";"21,8";"21,5";"992,0";"992,0";"991,4";"1,3";"193,0";"2,0";"";"0,0"
"22/01/2023";"0200";"22,8";"23,2";"22,8";"91,0";"91,0";"90,0";"21,3";"21,6";"21,3";"991,9";"992,1";"991,9";"1,4";"223,0";"2,5";"";"0,0"
"22/01/2023";"0300";"22,4";"22,9";"22,4";"93,0";"93,0";"91,0";"21,1";"21,4";"21,1";"992,3";"992,3";"991,9";"0,0";"193,0";"2,6";"";"0,0"
"22/01/2023";"0400";"22,4";"22,4";"22,2";"93,0";"94,0";"93,0";"21,2";"21,4";"21,1";"992,3";"992,3";"992,2";"0,7";"267,0";"1,3";"";"0,0"
"22/01/2023";"0500";"22,1";"22,4";"22,0";"95,0";"95,0";"93,0";"21,2";"21,2";"21,1";"992,3";"992,3";"992,1";"1,2";"327,0";"2,5";"";"0,0"
"22/01/2023";"0600";"22,6";"22,6";"22,1";"94,0";"95,0";"94,0";"21,6";"21,6";"21,2";"992,3";"992,4";"992,3";"0,5";"319,0";"2,8";"";"0,0"
"22/01/2023";"0700";"22,2";"22,6";"22,2";"96,0";"96,0";"94,0";"21,5";"21,6";"21,4";"992,1";"992,4";"992,0";"0,1";"319,0";"2,3";"";"1,8"
"22/01/2023";"0800";"21,7";"22,2";"21,7";"96,0";"96,0";"95,0";"21,0";"21,5";"21,0";"991,9";"992,1";"991,8";"0,0";"322,0";"1,4";"";"0,0"
"22/01/2023";"0900";"22,0";"22,0";"21,6";"96,0";"96,0";"96,0";"21,4";"21,4";"20,9";"992,5";"992,5";"991,9";"0,0";"200,0";"0,4";"0,10";"0,0"
"22/01/2023";"1000";"21,9";"22,0";"21,8";"96,0";"96,0";"96,0";"21,3";"21,4";"21,2";"993,2";"993,2";"992,5";"0,8";"289,0";"2,2";"0,20";"0,0"
"22/01/2023";"1100";"22,3";"22,3";"21,9";"95,0";"96,0";"95,0";"21,4";"21,5";"21,2";"993,7";"993,8";"993,2";"0,0";"285,0";"1,9";"93,20";"0,0"
"22/01/2023";"1200";"24,0";"24,1";"22,3";"82,0";"95,0";"81,0";"20,8";"22,0";"20,5";"994,5";"994,5";"993,7";"1,0";"294,0";"2,3";"825,10";"0,0"
"22/01/2023";"1300";"25,6";"26,1";"23,8";"75,0";"84,0";"73,0";"20,9";"22,2";"20,3";"995,0";"995,0";"994,5";"1,2";"315,0";"3,7";"1358,50";"0,2"
"22/01/2023";"1400";"27,5";"27,6";"25,6";"71,0";"76,0";"69,0";"21,8";"22,1";"20,5";"995,1";"995,2";"995,0";"1,1";"313,0";"4,1";"1929,40";"0,0"
"22/01/2023";"1500";"28,1";"28,2";"26,7";"66,0";"72,0";"63,0";"21,0";"21,8";"20,2";"994,9";"995,2";"994,9";"1,2";"319,0";"4,6";"1658,80";"0,0"
"22/01/2023";"1600";"29,0";"29,8";"28,0";"65,0";"67,0";"59,0";"21,6";"22,1";"20,3";"993,9";"994,9";"993,9";"1,8";"314,0";"5,0";"2477,50";"0,0"
"22/01/2023";"1700";"29,1";"31,2";"28,7";"58,0";"65,0";"52,0";"19,9";"22,3";"19,0";"992,7";"993,9";"992,7";"1,2";"311,0";"5,0";"2998,80";"0,0"
"22/01/2023";"1800";"25,6";"30,4";"25,0";"80,0";"81,0";"58,0";"22,0";"23,1";"20,1";"990,9";"992,7";"990,9";"2,1";"294,0";"6,4";"1991,50";"2,6"
"22/01/2023";"1900";"30,6";"30,8";"25,6";"59,0";"81,0";"58,0";"21,6";"23,1";"20,6";"989,4";"990,9";"989,4";"0,7";"278,0";"3,7";"2985,30";"0,0"
"22/01/2023";"2000";"30,0";"30,7";"29,6";"55,0";"62,0";"52,0";"20,1";"22,0";"19,3";"988,8";"989,4";"988,8";"0,9";"311,0";"2,9";"2264,30";"0,0"
"22/01/2023";"2100";"29,6";"30,2";"28,6";"54,0";"63,0";"52,0";"19,4";"21,8";"19,4";"988,9";"988,9";"988,8";"0,5";"314,0";"3,6";"1109,00";"0,0"
"22/01/2023";"2200";"27,6";"29,6";"27,5";"68,0";"69,0";"54,0";"21,2";"21,5";"19,1";"989,5";"989,5";"988,9";"0,2";"235,0";"2,0";"224,90";"0,0"
"22/01/2023";"2300";"25,8";"27,8";"25,7";"80,0";"81,0";"67,0";"22,0";"22,8";"21,0";"990,0";"990,1";"989,4";"0,9";"298,0";"2,9";"21,20";"0,0"
"23/01/2023";"0000";"25,1";"25,9";"25,1";"82,0";"82,0";"79,0";"21,7";"22,0";"21,7";"990,9";"990,9";"990,0";"0,9";"273,0";"1,8";"";"0,0"
"23/01/2023";"0100";"24,3";"25,1";"24,3";"84,0";"85,0";"81,0";"21,5";"21,8";"21,4";"991,8";"991,8";"990,9";"0,5";"240,0";"2,6";"";"0,0"
"23/01/2023";"0200";"23,7";"24,5";"23,6";"89,0";"90,0";"83,0";"21,8";"22,0";"21,3";"992,8";"992,8";"991,8";"0,8";"187,0";"1,6";"";"0,0"
"23/01/2023";"0300";"23,4";"23,7";"23,2";"89,0";"92,0";"89,0";"21,6";"21,9";"21,6";"993,1";"993,1";"992,8";"0,7";"191,0";"2,8";"";"0,0"
"23/01/2023";"0400";"23,1";"23,4";"23,0";"92,0";"92,0";"89,0";"21,8";"21,8";"21,5";"992,5";"993,1";"992,5";"1,4";"229,0";"2,7";"";"0,0"
"23/01/2023";"0500";"22,9";"23,2";"22,9";"93,0";"93,0";"92,0";"21,7";"21,9";"21,6";"992,8";"992,8";"992,5";"0,9";"203,0";"2,4";"";"0,0"
"23/01/2023";"0600";"23,1";"23,2";"22,8";"93,0";"93,0";"93,0";"22,0";"22,0";"21,6";"992,3";"992,8";"992,3";"1,2";"224,0";"3,2";"";"0,0"
"23/01/2023";"0700";"22,8";"23,1";"22,8";"95,0";"95,0";"93,0";"21,9";"22,0";"21,8";"991,8";"992,3";"991,6";"1,0";"217,0";"2,8";"";"0,0"
"23/01/2023";"0800";"22,8";"22,9";"22,8";"95,0";"95,0";"95,0";"22,0";"22,1";"21,9";"992,0";"992,0";"991,7";"0,4";"224,0";"1,9";"";"0,0"
"23/01/2023";"0900";"22,8";"22,9";"22,8";"95,0";"95,0";"95,0";"22,0";"22,1";"22,0";"992,5";"992,5";"991,9";"0,1";"330,0";"1,5";"";"0,0"
"23/01/2023";"1000";"22,6";"22,8";"22,6";"96,0";"96,0";"95,0";"21,9";"22,0";"21,9";"993,4";"993,4";"992,5";"0,5";"319,0";"3,2";"2,30";"0,0"
"23/01/2023";"1100";"22,0";"22,8";"22,0";"94,0";"96,0";"93,0";"21,0";"22,1";"21,0";"994,6";"994,6";"993,4";"0,7";"316,0";"4,4";"19,90";"0,4"
"23/01/2023";"1200";"21,0";"22,0";"20,7";"96,0";"96,0";"94,0";"20,4";"21,0";"20,1";"996,0";"996,1";"994,6";"1,1";"318,0";"5,5";"13,60";"36,4"
"23/01/2023";"1300";"21,0";"21,1";"20,8";"96,0";"96,0";"96,0";"20,3";"20,4";"20,2";"996,5";"996,5";"995,7";"2,5";"313,0";"4,6";"33,10";"7,0"
"23/01/2023";"1400";"21,7";"21,7";"20,9";"96,0";"96,0";"96,0";"21,0";"21,0";"20,3";"996,3";"996,7";"996,3";"1,9";"304,0";"4,6";"302,70";"0,8"
"23/01/2023";"1500";"23,2";"23,2";"21,7";"90,0";"96,0";"90,0";"21,5";"21,8";"21,0";"996,1";"996,3";"996,0";"1,5";"286,0";"3,1";"881,20";"0,0"
"23/01/2023";"1600";"24,2";"24,4";"23,2";"85,0";"90,0";"84,0";"21,4";"21,9";"20,9";"996,0";"996,3";"996,0";"2,5";"301,0";"4,7";"1454,30";"0,0"
"23/01/2023";"1700";"25,3";"25,4";"24,2";"80,0";"85,0";"79,0";"21,6";"21,9";"21,0";"994,8";"996,0";"994,8";"2,0";"293,0";"5,3";"1588,70";"0,0"
"23/01/2023";"1800";"25,7";"26,5";"25,0";"76,0";"81,0";"75,0";"21,2";"22,4";"20,9";"993,0";"994,8";"993,0";"2,2";"270,0";"3,9";"1749,70";"0,0"
"23/01/2023";"1900";"25,9";"26,5";"25,4";"75,0";"78,0";"73,0";"21,2";"21,8";"20,6";"991,8";"993,0";"991,7";"2,1";"298,0";"4,1";"1509,90";"0,0"
"23/01/2023";"2000";"26,1";"26,2";"25,6";"75,0";"77,0";"74,0";"21,4";"21,8";"20,9";"991,0";"991,8";"991,0";"2,0";"282,0";"3,8";"1120,60";"0,0"
"23/01/2023";"2100";"25,9";"26,1";"25,6";"76,0";"78,0";"74,0";"21,2";"21,8";"20,9";"990,6";"991,1";"990,6";"1,1";"270,0";"3,8";"731,70";"0,0"
"23/01/2023";"2200";"24,8";"25,9";"24,8";"79,0";"81,0";"74,0";"21,0";"21,4";"20,7";"991,4";"991,4";"990,6";"0,7";"295,0";"1,9";"268,30";"0,0"
"23/01/2023";"2300";"23,7";"24,8";"23,7";"88,0";"89,0";"79,0";"21,6";"21,8";"21,0";"991,5";"991,5";"991,4";"0,4";"274,0";"2,0";"15,80";"0,0"
"24/01/2023";"0000";"23,4";"23,7";"23,2";"91,0";"92,0";"88,0";"21,8";"21,8";"21,5";"992,0";"992,0";"991,5";"0,5";"271,0";"1,9";"";"0,0"
"24/01/2023";"0100";"23,0";"23,4";"23,0";"93,0";"93,0";"90,0";"21,9";"21,9";"21,6";"992,9";"992,9";"992,0";"0,5";"276,0";"1,3";"";"0,0"
"24/01/2023";"0200";"22,9";"23,1";"22,8";"95,0";"95,0";"93,0";"21,9";"21,9";"21,8";"993,4";"993,4";"992,8";"0,7";"211,0";"1,5";"";"0,0"
"24/01/2023";"0300";"23,1";"23,1";"22,8";"95,0";"95,0";"95,0";"22,1";"22,1";"21,9";"994,3";"994,3";"993,4";"0,0";"268,0";"1,4";"0,10";"0,0"
"24/01/2023";"0400";"22,7";"23,1";"22,6";"95,0";"95,0";"94,0";"21,8";"22,1";"21,8";"994,2";"994,4";"994,2";"0,9";"245,0";"2,3";"";"0,0"
"24/01/2023";"0500";"22,5";"22,7";"22,5";"95,0";"95,0";"95,0";"21,7";"21,8";"21,7";"993,6";"994,3";"993,6";"1,1";"239,0";"2,2";"";"0,0"
"24/01/2023";"0600";"22,4";"22,5";"22,4";"96,0";"96,0";"95,0";"21,7";"21,7";"21,6";"992,8";"993,6";"992,8";"1,3";"216,0";"2,6";"";"0,0"
"24/01/2023";"0700";"22,4";"22,4";"22,3";"96,0";"96,0";"96,0";"21,7";"21,7";"21,6";"992,8";"992,8";"992,5";"0,6";"199,0";"3,3";"";"0,2"
"24/01/2023";"0800";"22,4";"22,4";"22,3";"96,0";"96,0";"96,0";"21,7";"21,8";"21,7";"992,6";"992,8";"992,6";"0,6";"205,0";"2,2";"0,20";"0,4"
"24/01/2023";"0900";"22,2";"22,4";"22,2";"96,0";"96,0";"96,0";"21,6";"21,8";"21,6";"992,7";"992,7";"992,6";"0,6";"201,0";"2,3";"0,40";"0,0"
"24/01/2023";"1000";"22,1";"22,2";"22,1";"96,0";"96,0";"96,0";"21,4";"21,6";"21,4";"993,3";"993,3";"992,7";"0,5";"196,0";"2,0";"0,60";"0,0"
"24/01/2023";"1100";"22,1";"22,2";"22,0";"96,0";"96,0";"96,0";"21,5";"21,5";"21,4";"994,4";"994,4";"993,3";"1,1";"195,0";"2,8";"64,20";"0,0"
"24/01/2023";"1200";"22,4";"22,4";"22,1";"95,0";"96,0";"95,0";"21,6";"21,7";"21,3";"995,0";"995,0";"994,4";"1,2";"209,0";"3,2";"281,40";"0,4"
"24/01/2023";"1300";"23,9";"23,9";"22,5";"90,0";"95,0";"89,0";"22,2";"22,2";"21,5";"995,5";"995,5";"995,0";"1,1";"205,0";"2,5";"703,00";"0,0"
"24/01/2023";"1400";"25,7";"25,7";"23,6";"81,0";"90,0";"79,0";"22,1";"22,7";"21,4";"995,5";"995,7";"995,5";"1,0";"209,0";"2,6";"1299,30";"0,0"
"24/01/2023";"1500";"26,4";"26,9";"25,5";"77,0";"82,0";"75,0";"22,0";"22,7";"21,2";"994,7";"995,5";"994,7";"1,0";"215,0";"3,1";"1994,60";"0,0"
"24/01/2023";"1600";"28,6";"28,6";"26,3";"71,0";"78,0";"68,0";"22,8";"23,3";"21,2";"993,3";"994,7";"993,3";"1,1";"230,0";"4,0";"2921,70";"0,0"
"24/01/2023";"1700";"29,8";"30,8";"28,3";"58,0";"71,0";"57,0";"20,5";"23,3";"20,5";"991,9";"993,3";"991,9";"1,0";"218,0";"3,6";"3767,30";"0,2"
"24/01/2023";"1800";"27,3";"31,2";"27,3";"69,0";"69,0";"54,0";"21,1";"22,4";"20,0";"990,9";"991,9";"990,9";"2,7";"305,0";"6,4";"3244,30";"0,0"
"24/01/2023";"1900";"26,1";"28,2";"26,0";"76,0";"79,0";"69,0";"21,5";"23,0";"21,0";"990,3";"990,9";"990,1";"1,7";"317,0";"8,3";"1215,30";"0,0"
"24/01/2023";"2000";"24,1";"26,1";"24,1";"85,0";"85,0";"75,0";"21,4";"22,1";"20,6";"989,9";"990,3";"989,7";"1,5";"298,0";"4,0";"313,20";"0,0"
"24/01/2023";"2100";"24,8";"25,2";"24,0";"83,0";"86,0";"82,0";"21,7";"22,1";"21,1";"989,5";"990,1";"989,4";"2,5";"299,0";"3,8";"506,40";"0,0"
"24/01/2023";"2200";"24,0";"24,8";"24,0";"86,0";"87,0";"82,0";"21,6";"21,8";"21,2";"990,6";"990,6";"989,4";"0,9";"323,0";"5,5";"270,90";"0,0"
"24/01/2023";"2300";"23,3";"24,0";"23,3";"90,0";"91,0";"86,0";"21,7";"21,9";"21,6";"991,1";"991,1";"990,6";"0,2";"256,0";"2,5";"6,20";"0,0"
"25/01/2023";"0000";"22,8";"23,4";"22,8";"91,0";"91,0";"88,0";"21,4";"21,7";"21,3";"992,3";"992,3";"991,1";"0,7";"323,0";"2,3";"";"0,0"
"25/01/2023";"0100";"23,0";"23,0";"22,8";"92,0";"92,0";"91,0";"21,5";"21,6";"21,3";"993,3";"993,3";"992,3";"0,2";"295,0";"2,3";"";"0,0"
"25/01/2023";"0200";"22,6";"23,0";"22,6";"94,0";"94,0";"91,0";"21,6";"21,6";"21,5";"993,9";"993,9";"993,3";"0,1";"282,0";"1,7";"";"0,0"
"25/01/2023";"0300";"22,5";"22,7";"22,5";"95,0";"95,0";"94,0";"21,7";"21,8";"21,6";"993,7";"993,9";"993,6";"0,0";"322,0";"0,8";"";"0,0"
"25/01/2023";"0400";"22,3";"22,6";"22,3";"96,0";"96,0";"95,0";"21,6";"21,8";"21,6";"993,4";"993,7";"993,4";"0,0";"329,0";"1,2";"";"0,2"
"25/01/2023";"0500";"22,2";"22,3";"22,2";"96,0";"96,0";"96,0";"21,6";"21,6";"21,5";"992,2";"993,4";"992,2";"0,2";"329,0";"1,7";"";"0,2"
"25/01/2023";"0600";"22,2";"22,3";"22,1";"96,0";"96,0";"96,0";"21,5";"21,6";"21,5";"991,4";"992,2";"991,4";"0,0";"313,0";"1,1";"0,40";"0,0"
"25/01/2023";"0700";"21,9";"22,2";"21,9";"96,0";"96,0";"96,0";"21,3";"21,6";"21,3";"990,9";"991,4";"990,9";"0,1";"318,0";"1,9";"";"0,0"
"25/01/2023";"0800";"21,9";"22,0";"21,9";"96,0";"96,0";"96,0";"21,3";"21,4";"21,3";"991,2";"991,2";"990,9";"0,0";"226,0";"1,7";"";"0,0"
"25/01/2023";"0900";"22,0";"22,1";"21,9";"96,0";"96,0";"96,0";"21,4";"21,5";"21,3";"991,3";"991,3";"991,2";"0,2";"323,0";"1,3";"0,10";"0,0"
"25/01/2023";"1000";"21,9";"22,1";"21,9";"96,0";"96,0";"96,0";"21,3";"21,4";"21,3";"992,2";"992,2";"991,3";"0,0";"329,0";"2,2";"0,50";"0,0"
"25/01/2023";"1100";"22,5";"22,5";"21,9";"95,0";"96,0";"95,0";"21,6";"21,7";"21,3";"992,9";"992,9";"992,2";"1,0";"315,0";"2,4";"129,60";"0,0"
"25/01/2023";"1200";"23,3";"23,3";"22,4";"91,0";"95,0";"91,0";"21,7";"21,8";"21,4";"993,7";"993,7";"992,9";"1,9";"308,0";"3,5";"515,70";"0,0"
"25/01/2023";"1300";"24,1";"24,8";"23,3";"86,0";"91,0";"82,0";"21,5";"22,4";"21,1";"994,6";"994,6";"993,7";"2,1";"303,0";"4,9";"1112,30";"0,0"
"25/01/2023";"1400";"24,9";"25,3";"24,0";"84,0";"87,0";"81,0";"22,0";"22,3";"21,2";"994,9";"995,0";"994,6";"1,9";"311,0";"4,1";"930,70";"0,0"
"25/01/2023";"1500";"26,3";"26,3";"24,6";"80,0";"85,0";"79,0";"22,5";"22,6";"21,5";"994,2";"995,0";"994,2";"1,4";"318,0";"4,4";"1126,20";"0,0"
"25/01/2023";"1600";"27,4";"29,0";"26,3";"72,0";"80,0";"67,0";"21,8";"23,0";"21,3";"992,9";"994,2";"992,9";"3,0";"308,0";"5,6";"3241,30";"0,0"
"25/01/2023";"1700";"28,6";"28,6";"26,9";"72,0";"76,0";"69,0";"23,0";"23,0";"21,5";"991,6";"992,9";"991,6";"2,0";"289,0";"5,6";"2816,70";"0,2"
"25/01/2023";"1800";"25,6";"29,7";"25,2";"83,0";"84,0";"67,0";"22,5";"23,5";"21,5";"990,3";"991,6";"990,3";"0,7";"296,0";"5,6";"1241,70";"0,4"
"25/01/2023";"1900";"24,8";"26,9";"24,8";"83,0";"84,0";"75,0";"21,7";"22,9";"21,6";"989,3";"990,3";"989,2";"4,2";"308,0";"8,7";"1138,90";"0,0"
"25/01/2023";"2000";"24,1";"25,0";"24,0";"83,0";"85,0";"81,0";"21,1";"21,9";"21,0";"989,1";"989,5";"989,1";"1,9";"283,0";"7,2";"972,70";"0,0"
"25/01/2023";"2100";"24,0";"24,2";"23,9";"84,0";"86,0";"83,0";"21,1";"21,5";"21,0";"989,3";"989,3";"988,9";"1,4";"301,0";"4,0";"566,70";"0,0"
"25/01/2023";"2200";"23,4";"24,0";"23,4";"88,0";"89,0";"84,0";"21,3";"21,4";"21,0";"989,7";"989,7";"989,3";"0,3";"295,0";"2,7";"141,90";"0,0"
"25/01/2023";"2300";"23,1";"23,4";"23,0";"91,0";"91,0";"87,0";"21,6";"21,6";"21,2";"990,6";"990,6";"989,7";"0,9";"260,0";"1,9";"11,20";"0,0"
"26/01/2023";"0000";"23,1";"23,1";"22,9";"92,0";"92,0";"91,0";"21,6";"21,7";"21,5";"991,7";"991,7";"990,6";"0,6";"303,0";"1,9";"";"0,0"
"26/01/2023";"0100";"23,0";"23,1";"22,8";"92,0";"93,0";"91,0";"21,6";"21,7";"21,6";"992,6";"992,6";"991,7";"0,3";"314,0";"1,9";"";"0,0"
"26/01/2023";"0200";"22,9";"23,1";"22,8";"95,0";"95,0";"92,0";"22,0";"22,1";"21,6";"993,4";"993,4";"992,6";"0,2";"205,0";"1,4";"";"0,0"
"26/01/2023";"0300";"22,8";"23,0";"22,8";"94,0";"95,0";"93,0";"21,9";"22,0";"21,8";"993,4";"993,5";"993,3";"0,1";"260,0";"1,0";"";"0,0"
"26/01/2023";"0400";"22,0";"23,0";"21,9";"96,0";"96,0";"94,0";"21,4";"22,2";"21,1";"993,1";"993,4";"993,1";"1,9";"319,0";"6,3";"0,20";"13,6"
"26/01/2023";"0500";"21,4";"22,0";"21,4";"96,0";"96,0";"96,0";"20,8";"21,3";"20,7";"992,3";"993,1";"992,3";"1,5";"313,0";"5,7";"0,50";"0,0"
"26/01/2023";"0600";"21,3";"21,4";"21,2";"96,0";"96,0";"96,0";"20,7";"20,8";"20,6";"992,1";"992,3";"992,0";"1,4";"262,0";"3,0";"0,80";"0,2"
"26/01/2023";"0700";"21,0";"21,3";"21,0";"96,0";"96,0";"96,0";"20,4";"20,7";"20,4";"991,8";"992,1";"991,8";"1,3";"222,0";"3,2";"0,10";"1,8"
"26/01/2023";"0800";"21,0";"21,1";"20,9";"96,0";"96,0";"96,0";"20,4";"20,5";"20,3";"991,9";"991,9";"991,8";"0,0";"312,0";"2,8";"0,30";"1,6"
"26/01/2023";"0900";"20,6";"21,1";"20,5";"96,0";"96,0";"96,0";"20,0";"20,5";"20,0";"992,4";"992,4";"991,9";"1,6";"287,0";"3,4";"";"3,4"
"26/01/2023";"1000";"20,7";"20,7";"20,5";"96,0";"96,0";"96,0";"20,1";"20,1";"19,9";"992,8";"992,8";"992,4";"0,5";"296,0";"3,5";"0,50";"0,2"
"26/01/2023";"1100";"21,0";"21,1";"20,7";"96,0";"96,0";"96,0";"20,4";"20,5";"20,1";"993,5";"993,5";"992,8";"0,2";"296,0";"1,4";"100,90";"0,2"
"26/01/2023";"1200";"21,8";"21,8";"21,0";"95,0";"96,0";"95,0";"21,0";"21,0";"20,4";"994,2";"994,2";"993,5";"0,4";"304,0";"2,3";"455,60";"0,0"
"26/01/2023";"1300";"23,4";"23,5";"21,7";"88,0";"95,0";"88,0";"21,3";"21,6";"20,6";"994,2";"994,3";"994,2";"0,6";"314,0";"2,6";"768,30";"0,0"
"26/01/2023";"1400";"23,5";"23,7";"23,0";"85,0";"89,0";"84,0";"20,7";"21,4";"20,5";"994,3";"994,3";"994,2";"1,9";"309,0";"4,9";"1005,70";"0,0"
"26/01/2023";"1500";"24,2";"24,3";"23,4";"82,0";"85,0";"82,0";"20,9";"21,2";"20,4";"994,3";"994,4";"994,3";"2,5";"302,0";"5,0";"933,60";"0,0"
"26/01/2023";"1600";"25,2";"25,7";"24,2";"78,0";"83,0";"76,0";"21,0";"22,0";"20,6";"993,7";"994,3";"993,7";"1,9";"307,0";"4,4";"1733,50";"0,0"
"26/01/2023";"1700";"24,4";"25,8";"24,4";"82,0";"82,0";"75,0";"21,1";"21,7";"20,7";"992,9";"993,7";"992,9";"2,0";"295,0";"3,7";"1054,00";"0,0"
"26/01/2023";"1800";"25,7";"26,1";"23,7";"78,0";"88,0";"77,0";"21,5";"23,0";"21,2";"991,5";"992,9";"991,5";"1,9";"312,0";"4,5";"1461,60";"0,4"
"26/01/2023";"1900";"27,7";"27,7";"25,6";"70,0";"79,0";"69,0";"21,9";"22,0";"20,3";"989,7";"991,5";"989,7";"2,2";"304,0";"4,7";"2285,80";"0,0"
"26/01/2023";"2000";"27,9";"28,2";"26,3";"66,0";"73,0";"65,0";"21,0";"21,8";"20,2";"988,5";"989,7";"988,5";"3,0";"307,0";"5,5";"2030,50";"0,0"
"26/01/2023";"2100";"26,7";"27,9";"26,7";"68,0";"69,0";"64,0";"20,3";"21,3";"20,0";"988,4";"988,5";"988,3";"2,4";"301,0";"5,5";"1557,80";"0,0"
"26/01/2023";"2200";"25,1";"26,8";"25,1";"76,0";"76,0";"67,0";"20,5";"20,8";"20,1";"989,0";"989,0";"988,4";"1,9";"304,0";"4,2";"332,00";"0,0"
"26/01/2023";"2300";"23,6";"25,1";"23,6";"85,0";"85,0";"75,0";"20,9";"20,9";"20,4";"990,0";"990,0";"989,0";"1,1";"311,0";"3,3";"17,40";"0,0"
"27/01/2023";"0000";"22,8";"23,6";"22,8";"87,0";"89,0";"85,0";"20,6";"21,1";"20,5";"991,0";"991,0";"990,0";"0,0";"333,0";"2,4";"";"0,0"
"27/01/2023";"0100";"22,1";"22,8";"22,1";"93,0";"93,0";"87,0";"20,9";"21,0";"20,6";"992,0";"992,0";"991,0";"0,0";"328,0";"0,8";"";"0,0"
"27/01/2023";"0200";"21,9";"22,3";"21,9";"93,0";"93,0";"92,0";"20,7";"21,0";"20,7";"992,4";"992,5";"992,0";"0,1";"248,0";"1,2";"";"0,0"
"27/01/2023";"0300";"21,6";"21,9";"21,5";"95,0";"95,0";"93,0";"20,8";"20,9";"20,5";"992,5";"992,6";"992,4";"1,1";"203,0";"2,1";"";"0,0"
"27/01/2023";"0400";"21,5";"21,6";"21,4";"96,0";"96,0";"95,0";"20,8";"20,8";"20,6";"992,3";"992,6";"992,3";"0,0";"256,0";"2,1";"";"0,0"
"27/01/2023";"0500";"21,4";"21,5";"21,3";"96,0";"96,0";"95,0";"20,7";"20,8";"20,6";"991,6";"992,3";"991,6";"0,0";"330,0";"0,8";"";"0,0"
"27/01/2023";"0600";"21,2";"21,5";"21,2";"96,0";"96,0";"96,0";"20,5";"20,8";"20,5";"991,4";"991,6";"991,3";"0,5";"286,0";"1,3";"";"0,0"
"27/01/2023";"0700";"21,3";"21,3";"21,0";"96,0";"96,0";"96,0";"20,6";"20,6";"20,4";"990,8";"991,4";"990,8";"0,0";"237,0";"1,1";"";"0,0"
"27/01/2023";"0800";"21,1";"21,3";"21,1";"96,0";"96,0";"96,0";"20,5";"20,7";"20,5";"990,9";"990,9";"990,7";"0,0";"304,0";"1,3";"";"0,0"
"27/01/2023";"0900";"21,2";"21,2";"21,0";"96,0";"96,0";"96,0";"20,6";"20,6";"20,4";"991,4";"991,4";"990,8";"0,0";"219,0";"0,8";"";"0,0"
"27/01/2023";"1000";"21,0";"21,4";"21,0";"96,0";"96,0";"96,0";"20,4";"20,7";"20,4";"991,8";"991,8";"991,4";"0,2";"213,0";"1,1";"0,40";"0,0"
"27/01/2023";"1100";"21,5";"21,5";"21,0";"96,0";"96,0";"96,0";"20,8";"20,9";"20,4";"992,5";"992,5";"991,8";"0,0";"224,0";"1,6";"127,70";"0,0"
"27/01/2023";"1200";"22,5";"22,5";"21,5";"96,0";"96,0";"96,0";"21,8";"21,8";"20,8";"993,3";"993,3";"992,5";"0,8";"215,0";"1,8";"437,30";"0,0"
"27/01/2023";"1300";"24,5";"24,5";"22,5";"88,0";"96,0";"88,0";"22,3";"22,7";"21,8";"993,9";"993,9";"993,3";"1,2";"272,0";"2,9";"767,70";"0,0"
"27/01/2023";"1400";"26,5";"26,6";"24,5";"75,0";"88,0";"75,0";"21,8";"22,8";"21,6";"993,9";"993,9";"993,8";"1,8";"260,0";"3,9";"1551,50";"0,0"
"27/01/2023";"1500";"27,2";"27,2";"26,5";"74,0";"78,0";"72,0";"22,1";"22,7";"21,4";"993,5";"993,9";"993,5";"1,7";"288,0";"3,9";"1335,40";"0,0"
"27/01/2023";"1600";"28,3";"28,4";"26,9";"66,0";"75,0";"66,0";"21,4";"22,4";"21,1";"992,8";"993,5";"992,8";"0,5";"300,0";"4,3";"1419,70";"0,0"
"27/01/2023";"1700";"28,6";"29,3";"27,9";"65,0";"69,0";"62,0";"21,5";"22,2";"20,8";"991,5";"992,8";"991,5";"1,1";"271,0";"3,3";"2215,40";"0,0"
"27/01/2023";"1800";"26,1";"28,6";"25,9";"69,0";"71,0";"64,0";"19,8";"22,3";"19,7";"990,2";"991,5";"990,2";"2,5";"321,0";"6,7";"1379,40";"0,0"
"27/01/2023";"1900";"26,1";"26,5";"25,6";"76,0";"80,0";"67,0";"21,6";"22,2";"19,8";"989,5";"990,3";"989,5";"0,9";"321,0";"5,9";"1292,60";"0,0"
"27/01/2023";"2000";"26,2";"26,3";"25,6";"76,0";"78,0";"73,0";"21,6";"21,7";"20,9";"989,2";"989,4";"989,0";"0,2";"279,0";"2,9";"899,00";"0,0"
"27/01/2023";"2100";"25,2";"26,1";"25,2";"82,0";"83,0";"75,0";"21,9";"22,1";"21,2";"989,3";"989,3";"988,9";"0,7";"207,0";"2,0";"193,60";"0,0"
"27/01/2023";"2200";"24,5";"25,2";"24,5";"86,0";"86,0";"80,0";"22,0";"22,1";"21,5";"990,0";"990,0";"989,3";"0,6";"198,0";"1,7";"83,10";"0,0"
"27/01/2023";"2300";"23,6";"24,5";"23,6";"89,0";"89,0";"85,0";"21,6";"21,9";"21,2";"991,2";"991,2";"990,0";"0,7";"244,0";"2,7";"4,00";"0,0"
"28/01/2023";"0000";"23,5";"23,6";"23,4";"88,0";"90,0";"88,0";"21,3";"21,8";"21,3";"991,8";"991,8";"991,2";"2,1";"235,0";"3,6";"";"0,0"
"28/01/2023";"0100";"23,0";"23,5";"23,0";"90,0";"90,0";"88,0";"21,2";"21,3";"21,2";"991,9";"992,0";"991,8";"1,0";"248,0";"4,0";"";"0,0"
"28/01/2023";"0200";"22,8";"23,0";"22,8";"90,0";"90,0";"89,0";"21,2";"21,2";"21,0";"993,2";"993,2";"991,9";"0,8";"224,0";"2,7";"";"0,0"
"28/01/2023";"0300";"22,4";"22,8";"22,4";"94,0";"94,0";"90,0";"21,4";"21,4";"21,1";"993,0";"993,4";"993,0";"1,2";"225,0";"2,2";"";"0,0"
"28/01/2023";"0400";"22,2";"22,4";"22,2";"96,0";"96,0";"94,0";"21,5";"21,5";"21,3";"992,5";"993,0";"992,5";"1,5";"230,0";"2,5";"";"0,4"
"28/01/2023";"0500";"22,2";"22,2";"22,2";"96,0";"96,0";"96,0";"21,5";"21,5";"21,4";"992,0";"992,5";"992,0";"0,5";"288,0";"2,7";"";"0,0"
"28/01/2023";"0600";"22,1";"22,2";"22,1";"96,0";"96,0";"96,0";"21,5";"21,5";"21,4";"991,4";"992,0";"991,3";"0,0";"302,0";"2,2";"";"0,4"
"28/01/2023";"0700";"22,2";"22,2";"22,1";"96,0";"96,0";"96,0";"21,5";"21,5";"21,4";"991,5";"991,5";"991,3";"0,3";"315,0";"2,4";"0,30";"0,0"
"28/01/2023";"0800";"21,6";"22,2";"21,6";"96,0";"96,0";"96,0";"21,0";"21,5";"20,9";"991,2";"991,5";"991,2";"0,1";"301,0";"2,4";"";"0,0"
"28/01/2023";"0900";"21,5";"21,7";"21,5";"96,0";"96,0";"96,0";"20,9";"21,0";"20,9";"991,6";"991,6";"991,2";"0,0";"319,0";"1,8";"";"0,0"
"28/01/2023";"1000";"21,6";"21,6";"21,5";"96,0";"96,0";"96,0";"21,0";"21,0";"20,9";"992,4";"992,4";"991,6";"0,6";"276,0";"1,5";"0,80";"0,0"
"28/01/2023";"1100";"22,1";"22,1";"21,6";"96,0";"96,0";"96,0";"21,4";"21,4";"21,0";"993,4";"993,4";"992,4";"1,4";"289,0";"3,3";"110,50";"0,0"
"28/01/2023";"1200";"23,0";"23,0";"22,1";"92,0";"96,0";"92,0";"21,6";"21,8";"21,4";"994,1";"994,1";"993,4";"1,5";"280,0";"3,3";"401,10";"0,0"
"28/01/2023";"1300";"25,7";"26,0";"23,0";"77,0";"92,0";"76,0";"21,4";"22,4";"21,2";"994,5";"994,6";"994,1";"1,5";"312,0";"4,6";"1214,40";"0,0"
"28/01/2023";"1400";"27,2";"27,6";"25,1";"71,0";"81,0";"68,0";"21,5";"22,2";"20,9";"994,8";"994,9";"994,5";"1,9";"306,0";"4,7";"1745,20";"0,0"
"28/01/2023";"1500";"28,2";"28,9";"27,0";"67,0";"73,0";"64,0";"21,6";"22,5";"20,5";"994,4";"994,9";"994,4";"2,1";"297,0";"5,2";"2737,70";"0,0"
"28/01/2023";"1600";"27,4";"29,6";"23,3";"78,0";"90,0";"62,0";"23,2";"23,9";"19,3";"993,2";"994,4";"993,2";"0,6";"317,0";"7,4";"2250,00";"4,6"
"28/01/2023";"1700";"28,9";"30,3";"26,9";"67,0";"78,0";"62,0";"22,2";"24,4";"21,0";"991,6";"993,2";"991,6";"1,9";"321,0";"7,4";"3013,60";"0,2"
"28/01/2023";"1800";"29,2";"30,2";"28,8";"65,0";"69,0";"59,0";"22,1";"23,5";"20,8";"990,2";"991,6";"990,2";"1,9";"314,0";"5,8";"3495,70";"0,0"
"28/01/2023";"1900";"23,3";"30,5";"23,3";"87,0";"87,0";"56,0";"21,1";"23,2";"20,2";"990,0";"990,2";"989,6";"5,2";"258,0";"9,6";"1475,70";"0,0"
"28/01/2023";"2000";"22,3";"23,3";"22,3";"95,0";"95,0";"87,0";"21,4";"21,9";"20,8";"989,8";"990,1";"989,7";"2,6";"235,0";"11,3";"146,30";"4,8"
"28/01/2023";"2100";"22,7";"22,7";"22,2";"95,0";"95,0";"94,0";"21,8";"22,0";"21,3";"990,6";"990,6";"989,7";"0,4";"321,0";"5,6";"152,80";"0,4"
"28/01/2023";"2200";"22,5";"23,0";"22,5";"95,0";"95,0";"94,0";"21,6";"22,2";"21,6";"990,9";"990,9";"990,6";"1,5";"296,0";"2,8";"78,20";"0,0"
"28/01/2023";"2300";"22,2";"22,5";"22,2";"95,0";"95,0";"95,0";"21,5";"21,7";"21,4";"991,5";"991,5";"990,9";"1,1";"260,0";"2,6";"7,70";"0,0"
"29/01/2023";"0000";"22,2";"22,2";"22,2";"95,0";"96,0";"95,0";"21,4";"21,5";"21,3";"992,1";"992,1";"991,5";"0,0";"202,0";"2,2";"";"0,0"
"29/01/2023";"0100";"22,2";"22,2";"22,1";"96,0";"96,0";"95,0";"21,5";"21,5";"21,3";"993,4";"993,4";"992,2";"0,4";"198,0";"1,4";"";"0,0"
"29/01/2023";"0200";"22,3";"22,3";"22,2";"96,0";"96,0";"96,0";"21,6";"21,6";"21,5";"994,1";"994,1";"993,4";"0,2";"192,0";"1,9";"";"0,0"
"29/01/2023";"0300";"22,2";"22,4";"22,2";"96,0";"96,0";"96,0";"21,5";"21,7";"21,5";"994,1";"994,2";"994,1";"0,4";"192,0";"1,8";"";"0,0"
"29/01/2023";"0400";"22,2";"22,3";"22,2";"96,0";"96,0";"96,0";"21,6";"21,6";"21,5";"993,6";"994,2";"993,6";"0,6";"265,0";"1,6";"";"0,0"
"29/01/2023";"0500";"22,0";"22,3";"22,0";"96,0";"96,0";"96,0";"21,3";"21,6";"21,3";"993,3";"993,7";"993,3";"1,5";"203,0";"2,7";"";"2,4"
"29/01/2023";"0600";"20,4";"22,2";"20,4";"96,0";"96,0";"96,0";"19,8";"21,5";"19,8";"993,4";"993,7";"993,3";"1,1";"299,0";"6,1";"0,60";"42,6"
"29/01/2023";"0700";"20,3";"20,4";"20,2";"96,0";"96,0";"96,0";"19,7";"19,8";"19,6";"993,5";"993,5";"993,3";"0,5";"322,0";"4,9";"0,30";"12,4"
"29/01/2023";"0800";"20,2";"20,3";"20,1";"96,0";"96,0";"96,0";"19,6";"19,7";"19,5";"993,5";"993,5";"993,3";"1,6";"305,0";"2,7";"0,60";"5,2"
"29/01/2023";"0900";"20,0";"20,3";"20,0";"96,0";"96,0";"96,0";"19,4";"19,6";"19,4";"993,8";"993,8";"993,5";"1,2";"267,0";"3,2";"0,30";"5,0"
"29/01/2023";"1000";"19,8";"20,0";"19,8";"96,0";"96,0";"96,0";"19,3";"19,4";"19,2";"994,1";"994,1";"993,8";"0,0";"306,0";"2,2";"";"3,4"
"29/01/2023";"1100";"19,9";"19,9";"19,8";"96,0";"96,0";"96,0";"19,3";"19,3";"19,2";"994,8";"994,8";"994,1";"0,5";"222,0";"1,2";"5,60";"4,2"
"29/01/2023";"1200";"20,0";"20,0";"19,9";"96,0";"96,0";"96,0";"19,4";"19,4";"19,3";"995,7";"995,7";"994,8";"1,5";"240,0";"2,4";"37,80";"3,6"
"29/01/2023";"1300";"20,3";"20,3";"20,0";"96,0";"96,0";"96,0";"19,7";"19,7";"19,4";"995,9";"995,9";"995,7";"1,6";"256,0";"2,8";"121,60";"4,0"
"29/01/2023";"1400";"20,8";"20,9";"20,3";"96,0";"96,0";"96,0";"20,2";"20,3";"19,7";"995,6";"995,9";"995,6";"0,3";"291,0";"2,9";"292,90";"1,4"
"29/01/2023";"1500";"21,4";"21,7";"20,8";"96,0";"97,0";"96,0";"20,8";"21,1";"20,2";"995,2";"995,6";"995,2";"0,7";"306,0";"2,5";"611,90";"0,2"
"29/01/2023";"1600";"22,4";"22,4";"21,4";"93,0";"96,0";"92,0";"21,3";"21,5";"20,8";"994,4";"995,2";"994,4";"1,1";"300,0";"2,3";"898,10";"0,4"
"29/01/2023";"1700";"24,0";"24,0";"22,4";"83,0";"93,0";"83,0";"20,9";"21,8";"20,6";"993,3";"994,4";"993,3";"1,0";"274,0";"2,5";"1250,60";"0,0"
"29/01/2023";"1800";"25,2";"25,2";"23,9";"77,0";"84,0";"77,0";"20,9";"21,3";"20,4";"992,4";"993,4";"992,4";"0,3";"272,0";"2,4";"1256,20";"0,0"
"29/01/2023";"1900";"24,9";"25,9";"24,8";"79,0";"80,0";"73,0";"20,9";"21,5";"20,4";"991,0";"992,4";"991,0";"1,6";"233,0";"2,8";"1549,00";"0,0"
"29/01/2023";"2000";"25,6";"26,0";"24,7";"76,0";"80,0";"75,0";"21,0";"21,9";"20,4";"990,2";"991,0";"990,2";"1,2";"279,0";"3,1";"1368,40";"0,0"
"29/01/2023";"2100";"26,0";"26,7";"25,5";"74,0";"77,0";"71,0";"20,9";"21,5";"20,3";"989,6";"990,2";"989,6";"0,3";"259,0";"3,6";"1233,30";"0,0"
"29/01/2023";"2200";"25,7";"27,0";"25,6";"75,0";"76,0";"69,0";"20,8";"21,4";"20,1";"989,4";"989,6";"989,3";"0,4";"307,0";"3,0";"632,30";"0,0"
"29/01/2023";"2300";"23,3";"25,7";"23,3";"89,0";"89,0";"75,0";"21,4";"21,5";"20,9";"990,3";"990,3";"989,4";"0,5";"323,0";"2,0";"34,50";"0,0"
"30/01/2023";"0000";"22,6";"23,3";"22,6";"92,0";"92,0";"89,0";"21,2";"21,4";"21,2";"991,1";"991,1";"990,3";"0,0";"338,0";"1,5";"";"0,0"
"30/01/2023";"0100";"22,1";"22,6";"22,1";"94,0";"94,0";"92,0";"21,2";"21,4";"21,1";"992,4";"992,4";"991,1";"0,1";"305,0";"0,9";"";"0,0"
"30/01/2023";"0200";"21,5";"22,2";"21,5";"95,0";"95,0";"94,0";"20,7";"21,3";"20,7";"992,7";"992,7";"992,4";"0,0";"300,0";"1,3";"";"0,0"
"30/01/2023";"0300";"21,7";"21,9";"21,5";"95,0";"96,0";"95,0";"20,9";"21,1";"20,7";"992,9";"992,9";"992,7";"0,4";"206,0";"1,2";"";"0,0"
"30/01/2023";"0400";"21,5";"21,8";"21,5";"96,0";"96,0";"95,0";"20,8";"21,0";"20,8";"992,6";"992,9";"992,5";"0,7";"196,0";"2,0";"";"0,0"
"30/01/2023";"0500";"21,6";"21,6";"21,5";"96,0";"96,0";"96,0";"20,9";"20,9";"20,8";"992,3";"992,6";"992,3";"0,2";"196,0";"1,6";"";"0,0"
"30/01/2023";"0600";"21,4";"21,7";"21,4";"96,0";"96,0";"96,0";"20,8";"21,1";"20,8";"991,7";"992,3";"991,7";"0,7";"189,0";"1,5";"";"0,0"
"30/01/2023";"0700";"21,4";"21,4";"21,4";"96,0";"96,0";"96,0";"20,8";"20,8";"20,7";"991,3";"991,7";"991,3";"0,0";"225,0";"1,4";"";"0,0"
"30/01/2023";"0800";"21,4";"21,5";"21,4";"96,0";"96,0";"96,0";"20,8";"20,9";"20,7";"991,3";"991,3";"991,2";"0,1";"221,0";"1,2";"";"0,0"
"30/01/2023";"0900";"21,4";"21,5";"21,4";"96,0";"96,0";"96,0";"20,8";"20,9";"20,8";"991,5";"991,5";"991,3";"0,0";"203,0";"1,0";"";"0,0"
"30/01/2023";"1000";"21,4";"21,4";"21,4";"96,0";"96,0";"96,0";"20,7";"20,8";"20,7";"992,3";"992,3";"991,5";"0,2";"211,0";"1,0";"0,40";"0,0"
"30/01/2023";"1100";"21,7";"21,7";"21,4";"96,0";"96,0";"96,0";"21,0";"21,1";"20,7";"993,3";"993,3";"992,3";"0,1";"239,0";"1,0";"97,80";"0,0"
"30/01/2023";"1200";"24,0";"24,0";"21,6";"91,0";"96,0";"91,0";"22,4";"22,9";"21,0";"994,1";"994,1";"993,3";"1,8";"237,0";"3,1";"870,40";"0,0"
"30/01/2023";"1300";"24,8";"25,0";"23,7";"83,0";"92,0";"82,0";"21,6";"22,9";"21,4";"994,3";"994,3";"994,1";"1,4";"212,0";"3,1";"1261,10";"0,0"
"30/01/2023";"1400";"26,6";"27,2";"24,8";"73,0";"84,0";"70,0";"21,4";"22,3";"20,9";"994,1";"994,3";"994,1";"1,0";"250,0";"3,3";"2011,10";"0,0"
"30/01/2023";"1500";"27,7";"28,2";"26,4";"68,0";"75,0";"66,0";"21,2";"22,5";"20,6";"993,8";"994,1";"993,8";"1,1";"234,0";"3,4";"2260,20";"0,0"
"30/01/2023";"1600";"28,5";"28,7";"27,3";"67,0";"70,0";"62,0";"21,7";"21,8";"20,3";"992,6";"993,8";"992,6";"1,0";"295,0";"3,3";"1875,80";"0,0"
"30/01/2023";"1700";"30,2";"30,3";"27,9";"58,0";"69,0";"57,0";"21,0";"22,5";"19,6";"991,2";"992,6";"991,2";"1,5";"278,0";"4,3";"2612,50";"0,0"
"30/01/2023";"1800";"24,0";"30,6";"24,0";"84,0";"84,0";"57,0";"21,2";"22,5";"20,4";"990,1";"991,2";"990,1";"2,9";"283,0";"6,9";"954,40";"0,0"
"30/01/2023";"1900";"25,3";"25,6";"24,0";"79,0";"86,0";"77,0";"21,4";"22,4";"21,0";"988,8";"990,1";"988,8";"0,8";"305,0";"5,9";"663,00";"0,0"
"30/01/2023";"2000";"25,2";"25,8";"25,2";"81,0";"83,0";"76,0";"21,7";"22,3";"21,0";"988,4";"988,9";"988,2";"0,5";"223,0";"2,1";"571,00";"0,0"
"30/01/2023";"2100";"25,2";"25,6";"25,2";"84,0";"84,0";"80,0";"22,4";"22,4";"21,6";"988,5";"988,5";"988,4";"1,4";"247,0";"2,6";"368,60";"0,0"
"30/01/2023";"2200";"24,4";"25,2";"24,4";"86,0";"87,0";"84,0";"21,8";"22,6";"21,7";"989,1";"989,1";"988,4";"0,4";"233,0";"2,7";"266,80";"0,0"
"30/01/2023";"2300";"24,2";"24,4";"24,0";"91,0";"91,0";"86,0";"22,5";"22,6";"21,8";"990,3";"990,3";"989,1";"1,3";"317,0";"2,6";"14,10";"0,0"
"31/01/2023";"0000";"21,8";"24,2";"21,8";"95,0";"95,0";"85,0";"21,0";"22,6";"20,5";"992,0";"992,0";"990,3";"1,8";"319,0";"5,9";"0,10";"9,0"
"31/01/2023";"0100";"21,2";"21,9";"21,0";"96,0";"96,0";"95,0";"20,5";"21,1";"20,4";"993,2";"993,2";"992,0";"0,8";"293,0";"8,4";"0,10";"13,6"
"31/01/2023";"0200";"21,2";"21,3";"21,1";"96,0";"96,0";"96,0";"20,5";"20,7";"20,5";"993,8";"993,9";"993,2";"0,7";"321,0";"3,8";"";"4,4"
"31/01/2023";"0300";"21,1";"21,2";"21,1";"96,0";"96,0";"96,0";"20,5";"20,5";"20,4";"994,0";"994,1";"993,8";"0,4";"316,0";"3,0";"0,40";"3,2"
"31/01/2023";"0400";"21,0";"21,1";"20,9";"96,0";"96,0";"96,0";"20,3";"20,5";"20,3";"993,6";"994,0";"993,6";"0,2";"322,0";"3,1";"";"0,8"
"31/01/2023";"0500";"20,7";"21,0";"20,7";"96,0";"96,0";"96,0";"20,1";"20,4";"20,1";"992,4";"993,6";"992,4";"0,1";"308,0";"2,7";"";"0,0"
"31/01/2023";"0600";"20,8";"20,8";"20,7";"96,0";"96,0";"96,0";"20,1";"20,2";"20,1";"991,9";"992,4";"991,9";"0,1";"213,0";"1,1";"";"0,0"
"31/01/2023";"0700";"20,7";"20,8";"20,6";"96,0";"96,0";"96,0";"20,0";"20,1";"20,0";"992,0";"992,0";"991,8";"0,0";"192,0";"1,2";"";"0,0"
"31/01/2023";"0800";"20,6";"20,7";"20,6";"96,0";"96,0";"96,0";"20,0";"20,1";"20,0";"992,2";"992,2";"991,9";"0,0";"216,0";"1,2";"";"0,0"
"31/01/2023";"0900";"20,7";"20,8";"20,6";"96,0";"96,0";"96,0";"20,1";"20,1";"20,0";"992,5";"992,5";"992,2";"0,1";"211,0";"1,1";"";"0,0"
"31/01/2023";"1000";"20,6";"20,7";"20,6";"96,0";"96,0";"96,0";"20,0";"20,1";"20,0";"992,8";"992,8";"992,5";"0,9";"249,0";"2,2";"0,50";"0,0"
"31/01/2023";"1100";"21,0";"21,1";"20,6";"96,0";"96,0";"96,0";"20,4";"20,4";"20,0";"993,6";"993,6";"992,8";"1,0";"272,0";"2,6";"151,80";"0,0"
"31/01/2023";"1200";"22,0";"22,0";"20,8";"94,0";"96,0";"94,0";"20,9";"21,0";"20,2";"994,5";"994,5";"993,6";"1,1";"258,0";"2,9";"519,40";"0,0"
"31/01/2023";"1300";"24,4";"24,4";"22,0";"83,0";"94,0";"82,0";"21,4";"21,5";"20,5";"994,9";"995,0";"994,5";"1,1";"257,0";"3,0";"1237,30";"0,0"
"31/01/2023";"1400";"27,0";"27,8";"24,3";"71,0";"83,0";"66,0";"21,2";"22,2";"20,0";"994,8";"995,0";"994,8";"1,1";"286,0";"3,8";"2590,30";"0,0"
"31/01/2023";"1500";"27,7";"28,0";"26,3";"68,0";"73,0";"66,0";"21,3";"21,7";"19,9";"994,2";"994,8";"994,2";"0,7";"288,0";"3,5";"2197,00";"0,0"
"31/01/2023";"1600";"27,9";"28,1";"27,2";"66,0";"69,0";"62,0";"20,9";"21,4";"19,8";"993,6";"994,2";"993,6";"0,5";"280,0";"2,7";"2090,10";"0,0"
"31/01/2023";"1700";"28,3";"28,7";"27,3";"64,0";"69,0";"61,0";"20,8";"21,4";"19,8";"992,9";"993,6";"992,9";"1,4";"309,0";"4,1";"1870,00";"0,0"
"31/01/2023";"1800";"29,1";"29,9";"28,0";"65,0";"66,0";"57,0";"21,7";"22,2";"19,8";"991,8";"992,9";"991,8";"1,4";"302,0";"4,4";"2538,00";"0,0"
"31/01/2023";"1900";"29,8";"30,4";"28,3";"56,0";"66,0";"55,0";"20,0";"22,4";"19,5";"990,0";"991,8";"990,0";"1,4";"297,0";"4,9";"2709,10";"0,0"
"31/01/2023";"2000";"28,3";"31,2";"28,3";"62,0";"62,0";"52,0";"20,3";"21,8";"19,4";"989,5";"990,0";"989,4";"1,8";"316,0";"5,8";"2262,90";"0,0"
"31/01/2023";"2100";"25,0";"28,5";"25,0";"77,0";"78,0";"62,0";"20,7";"21,4";"20,1";"989,5";"989,6";"989,4";"3,2";"302,0";"6,9";"1101,10";"0,0"
"31/01/2023";"2200";"25,0";"26,5";"25,0";"77,0";"78,0";"70,0";"20,7";"21,4";"20,2";"990,0";"990,0";"989,4";"2,0";"273,0";"5,0";"658,20";"0,0"
"31/01/2023";"2300";"23,9";"25,0";"23,8";"85,0";"85,0";"77,0";"21,2";"21,4";"20,7";"991,1";"991,1";"990,0";"0,6";"232,0";"3,4";"13,90";"0,0"
"01/02/2023";"0000";"23,4";"24,0";"23,4";"90,0";"90,0";"84,0";"21,6";"21,7";"20,9";"992,1";"992,1";"991,1";"0,0";"278,0";"1,3";"";"0,0"
"01/02/2023";"0100";"22,9";"23,5";"22,9";"92,0";"92,0";"88,0";"21,4";"21,6";"21,4";"993,0";"993,0";"992,0";"0,9";"214,0";"1,6";"";"0,0"
"01/02/2023";"0200";"22,9";"23,0";"22,8";"92,0";"93,0";"91,0";"21,5";"21,6";"21,4";"993,6";"993,6";"993,0";"0,6";"235,0";"2,1";"";"0,0"
"01/02/2023";"0300";"";"";"";"";"";"";"";"";"";"";"";"";"";"";"";"";""
"01/02/2023";"0400";"22,7";"22,8";"22,6";"94,0";"94,0";"92,0";"21,8";"21,8";"21,5";"993,8";"994,1";"993,8";"0,4";"264,0";"2,3";"";"0,0"
"01/02/2023";"0500";"22,6";"22,8";"22,6";"95,0";"95,0";"94,0";"21,8";"21,9";"21,7";"993,1";"993,8";"993,1";"0,3";"248,0";"2,0";"";"0,0"
"01/02/2023";"0600";"22,5";"22,6";"22,5";"96,0";"96,0";"95,0";"21,7";"21,8";"21,7";"992,2";"993,1";"992,2";"0,8";"214,0";"1,6";"";"0,0"
"01/02/2023";"0700";"22,4";"22,5";"22,2";"96,0";"96,0";"96,0";"21,7";"21,7";"21,5";"992,4";"992,4";"992,1";"0,1";"327,0";"1,7";"";"0,0"
"01/02/2023";"0800";"22,3";"22,4";"22,3";"96,0";"96,0";"96,0";"21,6";"21,7";"21,6";"992,4";"992,4";"992,2";"0,1";"314,0";"2,4";"";"0,0"
"01/02/2023";"0900";"22,0";"22,3";"22,0";"95,0";"96,0";"95,0";"21,3";"21,6";"21,3";"992,6";"992,6";"992,3";"0,9";"309,0";"2,7";"";"0,0"
"01/02/2023";"1000";"21,8";"22,1";"21,8";"95,0";"95,0";"95,0";"21,0";"21,3";"21,0";"993,1";"993,1";"992,6";"0,2";"286,0";"2,7";"0,40";"0,0"
"01/02/2023";"1100";"23,1";"23,1";"21,7";"93,0";"95,0";"93,0";"21,9";"21,9";"21,0";"993,7";"993,7";"993,1";"1,0";"260,0";"2,1";"260,70";"0,0"
"01/02/2023";"1200";"24,8";"24,8";"22,9";"77,0";"93,0";"77,0";"20,5";"21,6";"20,1";"994,5";"994,5";"993,7";"1,1";"286,0";"3,4";"1235,50";"0,0"
"01/02/2023";"1300";"26,4";"26,6";"24,5";"70,0";"78,0";"69,0";"20,4";"21,2";"20,0";"994,7";"994,7";"994,5";"0,8";"296,0";"2,9";"1978,00";"0,0"
"01/02/2023";"1400";"27,5";"28,9";"26,2";"65,0";"71,0";"60,0";"20,4";"21,6";"19,6";"994,9";"994,9";"994,7";"2,0";"241,0";"4,0";"2787,60";"0,0"
"01/02/2023";"1500";"28,3";"29,6";"27,5";"65,0";"68,0";"58,0";"21,1";"22,3";"20,0";"994,5";"994,9";"994,5";"1,5";"229,0";"4,0";"2530,70";"0,0"
"01/02/2023";"1600";"30,7";"31,1";"27,8";"59,0";"67,0";"57,0";"21,7";"22,5";"20,3";"993,3";"994,5";"993,3";"1,3";"216,0";"3,8";"2776,00";"0,0"
"01/02/2023";"1700";"29,7";"31,4";"29,0";"55,0";"64,0";"51,0";"19,7";"22,2";"19,7";"992,1";"993,3";"992,1";"2,3";"265,0";"5,1";"2906,20";"0,0"
"01/02/2023";"1800";"31,9";"32,3";"29,4";"52,0";"59,0";"45,0";"20,7";"21,5";"18,4";"990,5";"992,1";"990,5";"2,5";"258,0";"5,8";"2936,10";"0,0"
"01/02/2023";"1900";"31,1";"32,4";"30,1";"55,0";"58,0";"49,0";"20,9";"23,0";"18,7";"989,2";"990,5";"989,2";"1,7";"315,0";"6,2";"2605,30";"0,0"
"01/02/2023";"2000";"24,7";"31,1";"24,7";"81,0";"81,0";"52,0";"21,2";"21,9";"19,6";"989,1";"989,2";"988,7";"3,5";"266,0";"8,5";"835,00";"0,0"
"01/02/2023";"2100";"22,8";"24,7";"22,1";"95,0";"95,0";"81,0";"21,9";"21,9";"21,3";"989,3";"989,8";"989,1";"1,4";"215,0";"10,3";"85,50";"8,8"
"01/02/2023";"2200";"23,6";"23,7";"22,6";"91,0";"95,0";"89,0";"22,0";"22,5";"21,7";"989,4";"989,4";"989,1";"0,2";"259,0";"5,4";"290,60";"0,0"
"01/02/2023";"2300";"23,5";"23,6";"23,3";"91,0";"92,0";"90,0";"21,9";"22,1";"21,7";"990,6";"990,6";"989,4";"1,1";"248,0";"1,8";"27,90";"0,0"
"02/02/2023";"0000";"23,2";"23,5";"23,2";"91,0";"93,0";"91,0";"21,7";"22,0";"21,7";"991,8";"991,8";"990,6";"1,4";"207,0";"2,7";"";"0,0"
"02/02/2023";"0100";"23,5";"23,5";"23,1";"90,0";"93,0";"90,0";"21,8";"22,0";"21,7";"993,2";"993,2";"991,8";"0,4";"288,0";"2,8";"";"0,0"
"02/02/2023";"0200";"23,1";"23,5";"23,1";"94,0";"94,0";"90,0";"22,0";"22,3";"21,7";"993,6";"993,6";"993,2";"0,9";"201,0";"2,2";"";"0,4"
"02/02/2023";"0300";"23,0";"23,2";"23,0";"95,0";"95,0";"94,0";"22,1";"22,3";"22,0";"994,1";"994,3";"993,6";"1,2";"257,0";"2,2";"0,10";"0,4"
"02/02/2023";"0400";"23,0";"23,1";"23,0";"95,0";"95,0";"95,0";"22,2";"22,3";"22,1";"993,1";"994,1";"993,1";"0,1";"203,0";"2,1";"";"0,0"
"02/02/2023";"0500";"22,8";"23,0";"22,8";"96,0";"96,0";"95,0";"22,1";"22,2";"22,0";"992,6";"993,1";"992,6";"0,0";"212,0";"1,8";"";"0,0"
"02/02/2023";"0600";"22,4";"22,9";"22,4";"96,0";"96,0";"96,0";"21,7";"22,1";"21,7";"992,4";"992,7";"992,3";"0,5";"326,0";"2,4";"";"0,0"
"02/02/2023";"0700";"22,1";"22,5";"22,1";"96,0";"96,0";"96,0";"21,5";"21,8";"21,5";"992,1";"992,6";"992,0";"0,1";"322,0";"4,5";"";"0,4"
"02/02/2023";"0800";"21,9";"22,1";"21,8";"96,0";"96,0";"96,0";"21,3";"21,5";"21,1";"992,5";"992,5";"992,1";"0,2";"280,0";"1,6";"";"0,2"
"02/02/2023";"0900";"22,0";"22,0";"21,9";"96,0";"96,0";"96,0";"21,3";"21,4";"21,3";"992,9";"992,9";"992,5";"0,1";"324,0";"2,4";"0,70";"0,0"
"02/02/2023";"1000";"21,8";"22,0";"21,7";"96,0";"96,0";"96,0";"21,2";"21,3";"21,1";"993,6";"993,6";"992,9";"0,0";"326,0";"1,3";"2,20";"0,0"
"02/02/2023";"1100";"22,3";"22,4";"21,8";"96,0";"96,0";"96,0";"21,7";"21,7";"21,1";"994,7";"994,7";"993,6";"0,0";"222,0";"0,9";"128,50";"0,0"
"02/02/2023";"1200";"23,1";"23,1";"22,3";"95,0";"96,0";"95,0";"22,2";"22,2";"21,6";"995,7";"995,7";"994,7";"0,0";"242,0";"1,0";"273,80";"0,0"
"02/02/2023";"1300";"24,9";"25,0";"23,0";"83,0";"95,0";"83,0";"21,7";"22,8";"21,7";"996,2";"996,2";"995,7";"0,8";"309,0";"1,9";"870,00";"0,0"
"02/02/2023";"1400";"25,1";"26,3";"24,8";"85,0";"86,0";"78,0";"22,5";"23,4";"21,7";"996,2";"996,4";"996,2";"0,6";"317,0";"2,5";"1128,10";"0,2"
"02/02/2023";"1500";"28,1";"28,8";"25,1";"71,0";"86,0";"68,0";"22,4";"23,7";"21,6";"995,5";"996,2";"995,5";"1,3";"316,0";"4,2";"2800,00";"0,0"
"02/02/2023";"1600";"29,7";"30,1";"27,9";"67,0";"74,0";"63,0";"22,9";"23,8";"20,9";"994,3";"995,5";"994,3";"0,8";"305,0";"3,9";"2899,10";"0,0"
"02/02/2023";"1700";"30,5";"30,6";"27,7";"64,0";"74,0";"57,0";"23,0";"23,2";"20,7";"992,9";"994,3";"992,9";"1,4";"319,0";"5,5";"3227,60";"0,0"
"02/02/2023";"1800";"30,2";"31,4";"29,8";"57,0";"65,0";"54,0";"20,8";"22,9";"20,3";"991,2";"992,9";"991,2";"1,4";"314,0";"5,3";"3213,80";"0,0"
"02/02/2023";"1900";"27,1";"31,4";"26,9";"74,0";"75,0";"54,0";"22,1";"22,2";"20,3";"990,2";"991,2";"990,2";"1,5";"245,0";"6,0";"2210,50";"0,0"
"02/02/2023";"2000";"27,8";"31,2";"27,1";"73,0";"77,0";"58,0";"22,5";"23,1";"21,2";"989,1";"990,2";"989,1";"0,7";"313,0";"4,9";"1634,70";"0,0"
"02/02/2023";"2100";"28,8";"29,4";"27,4";"67,0";"74,0";"61,0";"22,1";"22,9";"21,1";"988,9";"989,1";"988,6";"0,9";"315,0";"3,7";"782,90";"0,0"
"02/02/2023";"2200";"26,5";"28,9";"26,5";"80,0";"80,0";"66,0";"22,8";"23,2";"22,0";"989,5";"989,5";"988,9";"1,8";"247,0";"3,3";"598,90";"0,0"
"02/02/2023";"2300";"22,7";"26,5";"22,7";"93,0";"93,0";"80,0";"21,5";"22,9";"20,9";"990,7";"990,8";"989,5";"2,9";"224,0";"6,4";"8,20";"3,6"
"03/02/2023";"0000";"23,6";"23,6";"22,7";"94,0";"95,0";"93,0";"22,5";"22,7";"21,6";"991,8";"991,8";"990,7";"1,3";"207,0";"6,4";"";"1,2"
"03/02/2023";"0100";"23,4";"23,6";"23,3";"94,0";"95,0";"94,0";"22,4";"22,6";"22,2";"993,4";"993,4";"991,8";"1,0";"274,0";"3,0";"";"0,8"
"03/02/2023";"0200";"";"";"";"";"";"";"";"";"";"";"";"";"";"";"";"";""
"03/02/2023";"0300";"22,5";"23,3";"22,5";"93,0";"96,0";"93,0";"21,4";"22,5";"21,4";"994,6";"994,8";"994,5";"0,9";"248,0";"4,4";"0,10";"0,0"
"03/02/2023";"0400";"22,5";"22,7";"22,4";"95,0";"96,0";"93,0";"21,7";"22,0";"21,3";"994,8";"994,8";"994,4";"1,1";"307,0";"4,6";"";"0,0"
"03/02/2023";"0500";"21,5";"22,5";"21,5";"96,0";"96,0";"94,0";"20,8";"21,7";"20,8";"993,8";"994,8";"993,8";"2,1";"254,0";"4,6";"0,10";"1,0"
"03/02/2023";"0600";"21,8";"21,8";"21,5";"96,0";"96,0";"96,0";"21,1";"21,1";"20,8";"993,1";"993,8";"993,1";"0,8";"218,0";"3,4";"0,10";"0,0"
"03/02/2023";"0700";"21,8";"21,9";"21,8";"96,0";"96,0";"96,0";"21,2";"21,2";"21,1";"992,6";"993,1";"992,5";"0,9";"224,0";"2,4";"";"0,0"
"03/02/2023";"0800";"21,6";"21,8";"21,6";"96,0";"96,0";"96,0";"20,9";"21,2";"20,9";"992,8";"992,9";"992,5";"0,0";"231,0";"2,0";"";"0,0"
"03/02/2023";"0900";"21,6";"21,6";"21,5";"96,0";"96,0";"96,0";"21,0";"21,0";"20,9";"992,7";"992,8";"992,6";"0,1";"229,0";"1,2";"";"0,0"
"03/02/2023";"1000";"21,6";"21,6";"21,4";"96,0";"96,0";"96,0";"20,9";"21,0";"20,8";"993,4";"993,4";"992,7";"0,1";"251,0";"0,9";"0,90";"0,0"
"03/02/2023";"1100";"22,3";"22,4";"21,5";"96,0";"96,0";"96,0";"21,7";"21,7";"20,9";"994,1";"994,1";"993,3";"0,6";"228,0";"1,9";"193,60";"0,2"
"03/02/2023";"1200";"24,2";"24,2";"22,3";"86,0";"96,0";"85,0";"21,7";"22,3";"21,3";"995,1";"995,1";"994,1";"0,0";"217,0";"1,7";"763,00";"0,0"
"03/02/2023";"1300";"24,6";"24,8";"23,9";"86,0";"88,0";"84,0";"22,2";"22,6";"21,3";"996,2";"996,2";"995,1";"0,7";"288,0";"2,5";"863,80";"0,0"
"03/02/2023";"1400";"25,0";"25,1";"24,6";"85,0";"87,0";"84,0";"22,2";"22,5";"22,0";"996,0";"996,3";"996,0";"1,1";"196,0";"2,0";"694,40";"0,0"
"03/02/2023";"1500";"27,7";"27,8";"25,0";"71,0";"86,0";"71,0";"22,1";"22,8";"21,7";"995,3";"996,0";"995,3";"0,7";"234,0";"2,3";"1814,30";"0,0"
"03/02/2023";"1600";"23,9";"28,2";"23,8";"82,0";"83,0";"68,0";"20,6";"23,3";"19,9";"995,2";"995,5";"995,2";"1,9";"310,0";"8,6";"1652,90";"0,0"
"03/02/2023";"1700";"22,0";"24,0";"21,9";"93,0";"93,0";"82,0";"20,8";"20,9";"20,3";"994,2";"995,2";"994,2";"2,4";"301,0";"6,0";"548,10";"0,4"
"03/02/2023";"1800";"23,9";"23,9";"21,9";"88,0";"95,0";"88,0";"21,8";"21,9";"20,7";"993,5";"994,2";"993,5";"1,0";"242,0";"3,8";"810,10";"0,2"
"03/02/2023";"1900";"24,5";"24,5";"23,9";"83,0";"88,0";"82,0";"21,3";"21,8";"20,9";"992,8";"993,5";"992,7";"1,5";"272,0";"3,4";"1159,80";"0,0"
"03/02/2023";"2000";"25,1";"25,4";"24,2";"80,0";"86,0";"79,0";"21,4";"22,3";"21,0";"992,0";"992,8";"992,0";"2,4";"234,0";"4,2";"1014,40";"0,0"
"03/02/2023";"2100";"25,3";"25,7";"24,9";"79,0";"83,0";"77,0";"21,4";"22,1";"21,1";"991,7";"992,0";"991,3";"1,8";"275,0";"4,5";"1001,40";"0,0"
"03/02/2023";"2200";"24,6";"25,8";"24,6";"82,0";"82,0";"77,0";"21,3";"21,7";"21,0";"992,2";"992,4";"991,7";"1,4";"266,0";"3,6";"443,00";"0,0"
"03/02/2023";"2300";"23,5";"24,6";"23,5";"88,0";"89,0";"82,0";"21,5";"21,7";"21,3";"992,4";"992,5";"992,1";"0,8";"287,0";"2,3";"20,90";"0,0"
"04/02/2023";"0000";"";"";"";"";"";"";"";"";"";"";"";"";"";"";"";"";""
"04/02/2023";"0100";"";"";"";"";"";"";"";"";"";"";"";"";"";"";"";"";""
"04/02/2023";"0200";"22,4";"22,5";"22,4";"95,0";"95,0";"95,0";"21,6";"21,6";"21,5";"995,2";"995,2";"994,0";"0,5";"231,0";"1,8";"";"0,0"
"04/02/2023";"0300";"22,3";"22,5";"22,3";"96,0";"96,0";"95,0";"21,6";"21,7";"21,6";"995,2";"995,6";"995,2";"0,6";"193,0";"1,8";"";"0,0"
"04/02/2023";"0400";"22,1";"22,3";"22,0";"96,0";"96,0";"96,0";"21,4";"21,6";"21,4";"994,8";"995,2";"994,8";"0,5";"196,0";"2,2";"";"0,0"
"04/02/2023";"0500";"22,0";"22,1";"22,0";"96,0";"96,0";"96,0";"21,3";"21,4";"21,3";"994,5";"994,8";"994,5";"0,0";"264,0";"1,6";"";"0,0"
"04/02/2023";"0600";"21,8";"22,0";"21,8";"96,0";"96,0";"96,0";"21,2";"21,3";"21,1";"994,1";"994,5";"994,1";"0,0";"280,0";"1,0";"";"0,0"
"04/02/2023";"0700";"21,8";"21,9";"21,8";"96,0";"96,0";"96,0";"21,1";"21,3";"21,1";"993,9";"994,2";"993,8";"0,7";"263,0";"1,3";"";"0,0"
"04/02/2023";"0800";"21,9";"21,9";"21,7";"96,0";"96,0";"96,0";"21,2";"21,2";"21,0";"993,9";"994,0";"993,8";"0,0";"296,0";"1,3";"";"0,0"
"04/02/2023";"0900";"21,8";"21,9";"21,7";"96,0";"96,0";"96,0";"21,1";"21,2";"21,1";"994,8";"994,8";"993,9";"1,6";"256,0";"3,6";"0,80";"0,0"
"04/02/2023";"1000";"21,9";"21,9";"21,8";"96,0";"96,0";"96,0";"21,2";"21,3";"21,1";"995,3";"995,3";"994,8";"2,1";"244,0";"4,2";"0,80";"0,0"
"04/02/2023";"1100";"22,0";"22,0";"21,7";"95,0";"96,0";"95,0";"21,2";"21,2";"21,1";"996,4";"996,4";"995,3";"1,6";"230,0";"4,2";"118,30";"0,0"
"04/02/2023";"1200";"22,7";"22,7";"22,0";"91,0";"95,0";"91,0";"21,2";"21,3";"21,1";"997,4";"997,4";"996,4";"1,8";"251,0";"3,5";"356,90";"0,0"
"04/02/2023";"1300";"24,0";"24,0";"22,7";"83,0";"91,0";"83,0";"20,9";"21,5";"20,7";"998,0";"998,0";"997,4";"1,9";"245,0";"3,7";"925,50";"0,0"
"04/02/2023";"1400";"25,6";"25,8";"23,8";"77,0";"84,0";"75,0";"21,4";"22,1";"20,6";"997,3";"998,0";"997,3";"2,5";"223,0";"4,8";"1673,80";"0,0"
"04/02/2023";"1500";"26,1";"26,8";"25,5";"74,0";"77,0";"71,0";"21,1";"21,9";"20,3";"997,4";"997,5";"997,2";"1,6";"277,0";"4,8";"1787,30";"0,0"
"04/02/2023";"1600";"27,5";"27,6";"25,8";"67,0";"76,0";"67,0";"20,9";"21,7";"20,4";"996,5";"997,4";"996,5";"0,8";"320,0";"4,0";"1557,00";"0,0"
"04/02/2023";"1700";"30,1";"30,2";"27,0";"62,0";"73,0";"59,0";"22,2";"22,7";"20,5";"995,2";"996,5";"995,2";"0,9";"296,0";"3,2";"2463,90";"0,0"
"04/02/2023";"1800";"30,4";"30,4";"28,7";"61,0";"65,0";"57,0";"22,0";"22,8";"20,5";"993,4";"995,2";"993,4";"1,2";"294,0";"3,1";"3418,50";"0,0"
"04/02/2023";"1900";"30,0";"30,4";"28,4";"57,0";"66,0";"55,0";"20,5";"22,0";"19,7";"992,1";"993,4";"992,1";"1,0";"296,0";"3,2";"2144,20";"0,0"
"04/02/2023";"2000";"31,0";"31,5";"28,7";"55,0";"61,0";"50,0";"21,0";"22,1";"19,5";"991,2";"992,1";"991,2";"1,0";"319,0";"3,5";"2123,50";"0,0"
"04/02/2023";"2100";"29,6";"31,4";"29,4";"57,0";"62,0";"53,0";"20,2";"22,2";"19,3";"991,1";"991,2";"991,0";"0,7";"301,0";"3,8";"1470,30";"0,0"
"04/02/2023";"2200";"28,7";"29,7";"28,7";"61,0";"62,0";"55,0";"20,3";"20,8";"19,8";"991,9";"991,9";"991,0";"1,1";"281,0";"3,7";"546,40";"0,0"
"04/02/2023";"2300";"25,9";"28,6";"25,8";"76,0";"77,0";"61,0";"21,4";"21,7";"20,2";"992,6";"992,6";"991,9";"0,1";"248,0";"3,7";"30,40";"0,0"
"05/02/2023";"0000";"25,4";"26,0";"25,4";"79,0";"80,0";"74,0";"21,4";"22,1";"21,0";"993,5";"993,5";"992,6";"0,5";"197,0";"1,4";"";"0,0"
"05/02/2023";"0100";"24,9";"25,5";"24,9";"82,0";"82,0";"78,0";"21,6";"21,7";"21,3";"994,7";"994,7";"993,5";"0,2";"205,0";"1,5";"";"0,0"
"05/02/2023";"0200";"24,4";"25,0";"24,4";"85,0";"86,0";"81,0";"21,7";"21,9";"21,6";"995,0";"995,0";"994,7";"0,8";"209,0";"2,4";"";"0,0"
"05/02/2023";"0300";"24,0";"24,5";"23,9";"90,0";"90,0";"85,0";"22,2";"22,2";"21,7";"995,6";"995,7";"995,0";"0,8";"265,0";"1,8";"";"0,0"
"05/02/2023";"0400";"23,6";"24,0";"23,6";"92,0";"92,0";"89,0";"22,3";"22,4";"22,2";"995,2";"995,6";"995,2";"0,3";"263,0";"1,8";"";"0,0"
"05/02/2023";"0500";"23,3";"23,7";"23,3";"93,0";"93,0";"92,0";"22,2";"22,4";"22,2";"994,1";"995,2";"994,1";"0,5";"194,0";"1,8";"";"0,0"
"05/02/2023";"0600";"23,2";"23,3";"23,1";"95,0";"95,0";"93,0";"22,3";"22,3";"22,2";"994,0";"994,2";"994,0";"0,4";"222,0";"1,5";"";"0,0"
"05/02/2023";"0700";"23,1";"23,2";"22,9";"96,0";"96,0";"95,0";"22,4";"22,4";"22,1";"993,5";"994,0";"993,5";"1,2";"208,0";"2,4";"0,50";"0,0"
"05/02/2023";"0800";"23,1";"23,1";"23,1";"96,0";"96,0";"96,0";"22,4";"22,4";"22,3";"993,6";"993,6";"993,5";"0,4";"236,0";"2,4";"0,30";"0,0"
"05/02/2023";"0900";"22,8";"23,2";"22,8";"94,0";"96,0";"94,0";"21,8";"22,5";"21,8";"993,8";"993,8";"993,6";"1,3";"251,0";"2,8";"";"0,6"
"05/02/2023";"1000";"22,7";"22,8";"22,6";"96,0";"96,0";"94,0";"22,0";"22,0";"21,7";"994,8";"994,8";"993,8";"0,0";"311,0";"2,4";"";"0,2"
"05/02/2023";"1100";"23,0";"23,0";"22,7";"95,0";"96,0";"95,0";"22,2";"22,2";"22,0";"995,7";"995,7";"994,8";"1,0";"277,0";"2,8";"83,90";"0,0"
"05/02/2023";"1200";"22,8";"23,1";"22,7";"96,0";"96,0";"94,0";"22,1";"22,2";"22,0";"997,0";"997,1";"995,7";"1,3";"269,0";"2,2";"126,30";"0,0"
"05/02/2023";"1300";"23,7";"23,7";"22,8";"93,0";"96,0";"93,0";"22,5";"22,6";"22,1";"996,8";"997,0";"996,8";"0,7";"315,0";"2,2";"405,10";"0,0"
"05/02/2023";"1400";"25,4";"25,4";"23,6";"84,0";"93,0";"84,0";"22,5";"23,0";"22,2";"996,6";"996,8";"996,6";"0,6";"323,0";"2,0";"816,70";"0,0"
"05/02/2023";"1500";"26,0";"26,5";"25,3";"77,0";"85,0";"75,0";"21,5";"22,7";"21,1";"996,3";"996,7";"996,3";"0,6";"316,0";"3,4";"1036,50";"0,0"
"05/02/2023";"1600";"26,7";"27,0";"25,9";"72,0";"78,0";"72,0";"21,4";"22,2";"21,1";"995,5";"996,3";"995,5";"0,6";"257,0";"2,7";"1411,30";"0,0"
"05/02/2023";"1700";"27,7";"28,1";"26,7";"74,0";"74,0";"66,0";"22,6";"22,6";"20,9";"994,6";"995,5";"994,6";"1,9";"282,0";"3,9";"2098,50";"0,0"
"05/02/2023";"1800";"27,5";"28,4";"27,2";"74,0";"75,0";"69,0";"22,4";"23,0";"21,6";"993,3";"994,6";"993,3";"1,9";"299,0";"4,6";"2030,60";"0,0"
"05/02/2023";"1900";"28,9";"29,3";"27,5";"67,0";"75,0";"65,0";"22,2";"23,3";"21,7";"991,9";"993,3";"991,9";"2,5";"308,0";"5,7";"2460,80";"0,0"
"05/02/2023";"2000";"27,1";"28,9";"27,0";"73,0";"74,0";"66,0";"22,0";"22,3";"21,4";"990,9";"991,9";"990,9";"2,8";"303,0";"5,2";"1398,10";"0,0"
"05/02/2023";"2100";"26,2";"27,2";"26,2";"77,0";"78,0";"73,0";"21,9";"22,2";"21,4";"991,0";"991,0";"990,7";"2,5";"307,0";"5,4";"619,70";"0,0"
"05/02/2023";"2200";"25,0";"26,2";"25,0";"82,0";"83,0";"77,0";"21,8";"22,2";"21,7";"991,7";"991,8";"991,0";"0,8";"312,0";"5,5";"269,70";"0,0"
"05/02/2023";"2300";"23,7";"25,0";"23,7";"90,0";"90,0";"82,0";"22,0";"22,2";"21,7";"992,0";"992,0";"991,6";"1,3";"221,0";"3,6";"20,00";"0,0"
"06/02/2023";"0000";"";"";"";"";"";"";"";"";"";"";"";"";"";"";"";"";""
"06/02/2023";"0100";"22,3";"22,4";"22,3";"95,0";"95,0";"94,0";"21,5";"21,5";"21,2";"993,5";"993,5";"992,3";"1,1";"213,0";"2,1";"";"0,0"
"06/02/2023";"0200";"22,2";"22,4";"22,2";"95,0";"95,0";"95,0";"21,4";"21,5";"21,4";"994,4";"994,4";"993,5";"0,9";"189,0";"2,2";"";"0,0"
"06/02/2023";"0300";"22,2";"22,3";"22,2";"95,0";"95,0";"94,0";"21,3";"21,4";"21,2";"994,5";"994,7";"994,3";"0,0";"188,0";"1,8";"";"0,2"
"06/02/2023";"0400";"22,1";"22,2";"22,1";"95,0";"95,0";"95,0";"21,3";"21,4";"21,3";"994,0";"994,5";"994,0";"0,0";"267,0";"1,5";"";"0,0"
"06/02/2023";"0500";"22,3";"22,3";"22,0";"96,0";"96,0";"95,0";"21,5";"21,6";"21,2";"993,5";"994,0";"993,5";"0,0";"289,0";"0,8";"";"0,0"
"06/02/2023";"0600";"22,3";"22,3";"22,2";"96,0";"96,0";"96,0";"21,6";"21,6";"21,5";"992,9";"993,5";"992,9";"0,6";"295,0";"1,5";"0,30";"0,4"
"06/02/2023";"0700";"22,2";"22,3";"22,1";"96,0";"96,0";"95,0";"21,4";"21,6";"21,3";"992,5";"992,9";"992,4";"0,2";"247,0";"1,9";"";"0,0"
"06/02/2023";"0800";"22,3";"22,3";"22,2";"95,0";"96,0";"95,0";"21,4";"21,5";"21,4";"992,7";"992,7";"992,5";"0,1";"246,0";"1,5";"";"0,0"
"06/02/2023";"0900";"22,5";"22,5";"22,2";"96,0";"96,0";"95,0";"21,7";"21,7";"21,4";"993,0";"993,0";"992,7";"0,3";"192,0";"1,4";"";"0,0"
"06/02/2023";"1000";"22,4";"22,6";"22,3";"96,0";"96,0";"95,0";"21,6";"21,8";"21,6";"993,3";"993,3";"993,0";"1,2";"221,0";"2,3";"0,70";"0,0"
"06/02/2023";"1100";"22,5";"22,5";"22,2";"96,0";"96,0";"96,0";"21,8";"21,9";"21,5";"994,1";"994,1";"993,3";"0,9";"209,0";"2,3";"96,80";"0,0"
"06/02/2023";"1200";"23,6";"23,8";"22,5";"90,0";"96,0";"90,0";"21,8";"22,3";"21,6";"994,9";"994,9";"994,1";"1,1";"192,0";"2,3";"607,30";"0,0"
"06/02/2023";"1300";"25,4";"25,7";"23,5";"81,0";"90,0";"81,0";"21,9";"22,8";"21,6";"995,2";"995,2";"994,9";"0,7";"253,0";"2,5";"1195,00";"0,0"
"06/02/2023";"1400";"26,6";"28,2";"25,4";"76,0";"82,0";"70,0";"22,1";"23,1";"21,7";"995,2";"995,4";"995,2";"1,9";"283,0";"3,3";"2240,60";"0,0"
"06/02/2023";"1500";"27,7";"27,8";"26,3";"72,0";"77,0";"72,0";"22,1";"22,7";"21,5";"994,8";"995,2";"994,8";"0,8";"228,0";"3,3";"1369,30";"0,0"
"06/02/2023";"1600";"30,7";"30,7";"27,4";"62,0";"74,0";"59,0";"22,7";"23,3";"21,5";"993,8";"994,8";"993,8";"0,8";"306,0";"4,2";"2656,80";"0,0"
"06/02/2023";"1700";"30,2";"31,4";"29,0";"63,0";"71,0";"55,0";"22,3";"23,8";"20,9";"992,4";"993,8";"992,4";"1,1";"302,0";"5,2";"2588,30";"0,0"
"06/02/2023";"1800";"26,5";"30,2";"26,2";"80,0";"80,0";"61,0";"22,8";"22,8";"21,1";"991,4";"992,4";"991,4";"2,7";"196,0";"5,5";"1286,10";"0,0"
"06/02/2023";"1900";"24,9";"26,9";"24,9";"81,0";"84,0";"75,0";"21,4";"22,8";"21,4";"990,7";"991,4";"990,7";"2,6";"280,0";"5,0";"832,00";"0,0"
"06/02/2023";"2000";"25,8";"25,9";"24,5";"79,0";"83,0";"77,0";"21,8";"22,2";"21,0";"989,6";"990,7";"989,4";"1,2";"213,0";"4,7";"767,60";"0,0"
"06/02/2023";"2100";"25,5";"25,8";"25,4";"83,0";"84,0";"79,0";"22,5";"22,6";"21,8";"989,9";"990,0";"989,6";"1,7";"209,0";"3,5";"491,90";"0,0"
"06/02/2023";"2200";"25,0";"25,5";"25,0";"84,0";"86,0";"83,0";"22,1";"22,7";"22,1";"990,3";"990,3";"989,7";"1,9";"192,0";"3,7";"363,20";"0,0"
"06/02/2023";"2300";"24,1";"25,0";"24,1";"86,0";"86,0";"84,0";"21,6";"22,3";"21,5";"990,7";"990,8";"990,3";"1,5";"201,0";"3,7";"28,20";"0,0"
"07/02/2023";"0000";"23,4";"24,1";"23,4";"89,0";"89,0";"85,0";"21,6";"21,6";"21,4";"991,7";"991,7";"990,7";"1,0";"210,0";"2,8";"";"0,0"
"07/02/2023";"0100";"22,9";"23,4";"22,9";"93,0";"93,0";"89,0";"21,7";"21,7";"21,6";"993,2";"993,2";"991,7";"0,4";"309,0";"2,5";"";"0,0"
"07/02/2023";"0200";"22,6";"23,0";"22,5";"94,0";"94,0";"93,0";"21,5";"21,8";"21,5";"993,8";"993,8";"993,1";"0,2";"244,0";"1,6";"";"0,0"
"07/02/2023";"0300";"22,2";"22,6";"22,2";"95,0";"95,0";"94,0";"21,4";"21,6";"21,3";"993,6";"993,9";"993,6";"0,2";"210,0";"1,7";"";"0,0"
"07/02/2023";"0400";"22,0";"22,2";"22,0";"96,0";"96,0";"95,0";"21,3";"21,4";"21,3";"993,3";"993,6";"993,3";"0,7";"202,0";"1,5";"";"0,0"
"07/02/2023";"0500";"21,9";"22,1";"21,9";"96,0";"96,0";"96,0";"21,2";"21,4";"21,2";"992,4";"993,3";"992,4";"1,1";"210,0";"2,0";"";"0,0"
"07/02/2023";"0600";"21,9";"21,9";"21,8";"96,0";"96,0";"96,0";"21,2";"21,2";"21,2";"992,1";"992,5";"992,1";"0,2";"208,0";"1,9";"";"0,0"
"07/02/2023";"0700";"22,1";"22,1";"21,8";"96,0";"96,0";"96,0";"21,4";"21,4";"21,1";"992,1";"992,1";"991,9";"0,9";"299,0";"2,1";"";"0,0"
"07/02/2023";"0800";"22,2";"22,3";"22,1";"95,0";"96,0";"94,0";"21,3";"21,5";"21,2";"991,7";"992,1";"991,7";"1,0";"216,0";"2,2";"0,50";"0,0"
"07/02/2023";"0900";"21,9";"22,2";"21,9";"95,0";"95,0";"95,0";"21,1";"21,3";"21,1";"991,9";"992,0";"991,6";"0,5";"197,0";"2,8";"0,30";"0,0"
"07/02/2023";"1000";"21,3";"21,9";"21,3";"95,0";"95,0";"95,0";"20,5";"21,1";"20,5";"992,1";"992,1";"991,8";"0,1";"214,0";"2,2";"0,30";"0,0"
"07/02/2023";"1100";"22,1";"22,1";"21,3";"93,0";"96,0";"93,0";"21,0";"21,1";"20,5";"992,8";"992,8";"992,1";"0,2";"194,0";"1,9";"188,10";"0,0"
"07/02/2023";"1200";"23,8";"23,9";"22,1";"85,0";"93,0";"84,0";"21,1";"21,6";"20,7";"993,9";"993,9";"992,8";"0,9";"239,0";"2,8";"678,50";"0,0"
"07/02/2023";"1300";"26,2";"26,3";"23,9";"74,0";"85,0";"74,0";"21,1";"21,9";"20,8";"994,8";"994,8";"993,9";"0,7";"275,0";"2,3";"995,80";"0,0"
"07/02/2023";"1400";"27,9";"28,2";"26,0";"70,0";"77,0";"67,0";"22,1";"22,4";"20,8";"995,2";"995,2";"994,8";"0,9";"218,0";"3,1";"1949,10";"0,0"
"07/02/2023";"1500";"28,4";"29,2";"27,8";"65,0";"71,0";"62,0";"21,2";"22,4";"20,7";"994,5";"995,2";"994,5";"1,0";"226,0";"3,4";"1973,50";"0,0"
"07/02/2023";"1600";"28,2";"29,2";"28,0";"68,0";"69,0";"63,0";"21,8";"22,3";"20,9";"993,2";"994,5";"993,2";"2,3";"302,0";"3,8";"1403,40";"0,0"
"07/02/2023";"1700";"30,8";"30,8";"28,1";"61,0";"70,0";"58,0";"22,5";"23,3";"20,8";"991,7";"993,2";"991,7";"0,9";"319,0";"5,0";"2693,60";"0,0"
"07/02/2023";"1800";"24,9";"31,6";"24,9";"83,0";"84,0";"59,0";"22,0";"24,6";"20,2";"991,0";"991,7";"991,0";"0,8";"299,0";"7,8";"1777,90";"0,0"
"07/02/2023";"1900";"24,4";"25,2";"24,4";"85,0";"85,0";"79,0";"21,8";"22,2";"21,3";"990,5";"991,2";"990,2";"0,7";"242,0";"4,4";"409,40";"0,0"
"07/02/2023";"2000";"21,7";"24,5";"21,7";"92,0";"92,0";"83,0";"20,2";"22,0";"20,0";"991,3";"991,4";"990,5";"3,7";"260,0";"7,9";"67,40";"1,6"
"07/02/2023";"2100";"21,6";"21,9";"21,6";"94,0";"94,0";"92,0";"20,6";"20,7";"20,3";"991,1";"991,3";"990,9";"1,8";"224,0";"6,6";"26,80";"1,8"
"07/02/2023";"2200";"21,6";"21,7";"21,6";"95,0";"95,0";"94,0";"20,8";"20,8";"20,6";"991,5";"991,7";"991,0";"1,1";"258,0";"5,1";"16,00";"4,2"
"07/02/2023";"2300";"21,5";"21,7";"21,5";"95,0";"95,0";"95,0";"20,7";"20,8";"20,6";"991,6";"991,6";"991,5";"0,2";"298,0";"2,8";"1,80";"0,6"
"08/02/2023";"0000";"21,5";"21,6";"21,4";"96,0";"96,0";"95,0";"20,8";"20,8";"20,7";"992,3";"992,3";"991,6";"0,4";"302,0";"2,6";"";"0,2"
"08/02/2023";"0100";"21,6";"21,6";"21,5";"96,0";"96,0";"96,0";"20,9";"20,9";"20,7";"993,4";"993,4";"992,3";"0,7";"219,0";"1,8";"";"0,0"
"08/02/2023";"0200";"21,5";"21,6";"21,5";"96,0";"96,0";"96,0";"20,8";"20,9";"20,8";"993,7";"993,7";"993,4";"0,6";"273,0";"1,3";"";"0,0"
"08/02/2023";"0300";"21,5";"21,6";"21,5";"96,0";"96,0";"96,0";"20,8";"20,9";"20,8";"993,7";"993,9";"993,6";"0,2";"276,0";"2,0";"0,10";"0,0"
"08/02/2023";"0400";"21,4";"21,5";"21,4";"96,0";"96,0";"96,0";"20,7";"20,9";"20,7";"993,8";"993,9";"993,7";"0,2";"213,0";"1,2";"";"0,0"
"08/02/2023";"0500";"21,3";"21,4";"21,3";"96,0";"96,0";"96,0";"20,7";"20,8";"20,7";"993,6";"993,8";"993,6";"0,4";"217,0";"1,6";"";"0,0"
"08/02/2023";"0600";"21,3";"21,4";"21,3";"96,0";"96,0";"96,0";"20,7";"20,7";"20,6";"993,2";"993,7";"993,1";"0,0";"267,0";"1,0";"";"0,2"
"08/02/2023";"0700";"21,3";"21,4";"21,3";"96,0";"96,0";"96,0";"20,7";"20,7";"20,6";"992,9";"993,2";"992,8";"0,0";"245,0";"0,4";"";"0,0"
"08/02/2023";"0800";"21,3";"21,4";"21,2";"96,0";"96,0";"96,0";"20,7";"20,7";"20,6";"992,6";"992,9";"992,6";"0,2";"238,0";"1,1";"";"0,0"
"08/02/2023";"0900";"21,3";"21,4";"21,3";"96,0";"96,0";"96,0";"20,6";"20,7";"20,6";"992,6";"992,7";"992,6";"0,4";"232,0";"1,1";"";"0,0"
"08/02/2023";"1000";"21,2";"21,3";"21,2";"96,0";"96,0";"96,0";"20,6";"20,7";"20,6";"992,8";"992,8";"992,6";"0,0";"288,0";"1,3";"0,60";"0,0"
"08/02/2023";"1100";"21,4";"21,5";"21,2";"96,0";"96,0";"96,0";"20,8";"20,9";"20,6";"993,4";"993,4";"992,8";"0,6";"250,0";"1,8";"139,40";"0,0"
"08/02/2023";"1200";"22,8";"22,9";"21,4";"94,0";"96,0";"94,0";"21,7";"22,0";"20,8";"994,0";"994,0";"993,4";"1,2";"225,0";"2,3";"554,60";"0,0"
"08/02/2023";"1300";"25,2";"25,5";"22,8";"79,0";"94,0";"79,0";"21,3";"22,3";"21,2";"994,2";"994,2";"994,0";"1,5";"244,0";"3,0";"1427,60";"0,0"
"08/02/2023";"1400";"27,3";"27,3";"25,0";"75,0";"82,0";"73,0";"22,4";"22,4";"21,1";"994,4";"994,5";"994,2";"1,0";"246,0";"3,0";"2187,80";"0,0"
"08/02/2023";"1500";"29,1";"29,4";"26,7";"64,0";"76,0";"62,0";"21,6";"23,1";"21,3";"993,9";"994,4";"993,9";"1,7";"274,0";"4,4";"2307,20";"0,0"
"08/02/2023";"1600";"30,2";"30,4";"28,8";"60,0";"66,0";"57,0";"21,5";"22,7";"20,5";"993,1";"993,9";"993,1";"2,1";"297,0";"6,2";"3663,60";"0,0"
"08/02/2023";"1700";"30,1";"31,4";"29,3";"61,0";"63,0";"53,0";"21,9";"22,5";"19,9";"991,6";"993,1";"991,6";"0,9";"314,0";"4,9";"3029,50";"0,0"
"08/02/2023";"1800";"27,4";"31,7";"27,4";"71,0";"71,0";"55,0";"21,7";"22,8";"20,7";"989,6";"991,6";"989,6";"1,4";"322,0";"5,0";"2461,30";"0,0"
"08/02/2023";"1900";"24,0";"30,3";"23,9";"79,0";"82,0";"58,0";"20,1";"23,1";"19,5";"988,4";"989,6";"988,4";"2,4";"190,0";"6,9";"1584,40";"0,8"
"08/02/2023";"2000";"27,0";"27,0";"24,0";"74,0";"80,0";"74,0";"22,0";"22,1";"20,0";"988,1";"988,4";"988,0";"0,8";"206,0";"4,7";"921,10";"0,0"
"08/02/2023";"2100";"24,5";"27,4";"24,5";"83,0";"83,0";"71,0";"21,3";"22,5";"21,1";"987,8";"988,1";"987,8";"1,6";"193,0";"4,2";"275,90";"0,0"
"08/02/2023";"2200";"24,1";"24,5";"24,0";"89,0";"89,0";"83,0";"22,1";"22,2";"21,4";"988,9";"988,9";"987,8";"0,4";"208,0";"3,1";"148,40";"0,0"
"08/02/2023";"2300";"22,8";"24,1";"22,8";"87,0";"91,0";"84,0";"20,6";"22,3";"20,5";"990,2";"990,2";"988,9";"2,6";"293,0";"6,8";"18,70";"0,8"
"09/02/2023";"0000";"22,7";"22,8";"22,4";"92,0";"93,0";"87,0";"21,4";"21,6";"20,7";"990,7";"990,7";"990,1";"1,3";"189,0";"6,8";"0,10";"0,8"
"09/02/2023";"0100";"22,7";"22,8";"22,6";"94,0";"94,0";"92,0";"21,8";"21,9";"21,4";"992,8";"992,8";"990,7";"0,4";"319,0";"3,1";"0,20";"0,0"
"09/02/2023";"0200";"22,6";"22,8";"22,5";"95,0";"95,0";"94,0";"21,8";"21,8";"21,6";"993,7";"993,7";"992,8";"0,3";"296,0";"1,6";"";"0,0"
"09/02/2023";"0300";"22,6";"22,7";"22,5";"95,0";"95,0";"95,0";"21,8";"21,9";"21,7";"994,2";"994,3";"993,7";"0,6";"305,0";"1,6";"";"0,0"
"09/02/2023";"0400";"22,5";"22,6";"22,5";"96,0";"96,0";"95,0";"21,8";"21,9";"21,7";"994,3";"994,4";"994,2";"0,4";"212,0";"1,6";"";"0,2"
"09/02/2023";"0500";"22,2";"22,5";"22,2";"96,0";"96,0";"96,0";"21,5";"21,8";"21,5";"993,4";"994,3";"993,4";"0,0";"229,0";"1,7";"";"0,0"
"09/02/2023";"0600";"22,2";"22,3";"22,1";"96,0";"96,0";"94,0";"21,6";"21,6";"21,2";"992,4";"993,4";"992,4";"0,5";"293,0";"1,6";"";"0,0"
"09/02/2023";"0700";"22,1";"22,2";"22,0";"96,0";"96,0";"96,0";"21,5";"21,6";"21,4";"991,8";"992,4";"991,8";"0,0";"332,0";"1,6";"";"0,0"
"09/02/2023";"0800";"21,7";"22,1";"21,7";"96,0";"96,0";"96,0";"21,1";"21,5";"21,1";"991,5";"991,8";"991,5";"0,0";"254,0";"1,0";"";"0,0"
"09/02/2023";"0900";"21,4";"21,8";"21,4";"96,0";"97,0";"96,0";"20,8";"21,2";"20,8";"991,7";"991,9";"991,5";"0,9";"262,0";"2,2";"0,20";"0,0"
"09/02/2023";"1000";"21,4";"21,5";"21,4";"93,0";"96,0";"93,0";"20,2";"20,8";"20,2";"992,6";"992,6";"991,7";"1,0";"265,0";"2,6";"0,20";"0,0"
"09/02/2023";"1100";"21,7";"21,8";"21,3";"94,0";"94,0";"93,0";"20,8";"20,8";"20,1";"993,8";"993,8";"992,6";"0,0";"203,0";"1,9";"74,50";"0,6"
"09/02/2023";"1200";"22,4";"22,4";"21,7";"92,0";"94,0";"91,0";"20,9";"21,0";"20,6";"994,7";"994,7";"993,8";"0,5";"213,0";"1,5";"340,80";"0,0"
"09/02/2023";"1300";"23,7";"23,7";"22,4";"84,0";"92,0";"83,0";"20,8";"21,3";"20,4";"995,4";"995,4";"994,7";"0,8";"250,0";"1,8";"815,80";"0,0"
"09/02/2023";"1400";"25,8";"26,4";"23,4";"74,0";"84,0";"72,0";"20,8";"22,0";"20,2";"995,4";"995,6";"995,3";"0,7";"292,0";"2,0";"1852,70";"0,2"
"09/02/2023";"1500";"27,2";"27,8";"25,6";"68,0";"76,0";"67,0";"20,9";"22,3";"20,4";"995,2";"995,5";"995,2";"0,9";"287,0";"2,7";"2481,30";"0,0"
"09/02/2023";"1600";"29,0";"29,3";"27,2";"64,0";"71,0";"61,0";"21,5";"22,4";"20,3";"994,3";"995,2";"994,3";"1,2";"292,0";"3,1";"2729,60";"0,0"
"09/02/2023";"1700";"28,5";"30,1";"28,4";"67,0";"67,0";"58,0";"21,6";"22,8";"19,9";"992,7";"994,3";"992,7";"0,9";"318,0";"4,0";"2288,00";"0,0"
"09/02/2023";"1800";"28,4";"30,2";"28,4";"66,0";"69,0";"60,0";"21,4";"23,2";"20,7";"990,9";"992,7";"990,9";"2,3";"284,0";"5,1";"2095,60";"0,0"
"09/02/2023";"1900";"29,7";"31,2";"28,4";"62,0";"66,0";"57,0";"21,7";"22,7";"20,5";"989,5";"990,9";"989,5";"1,3";"321,0";"5,3";"2408,40";"0,0"
"09/02/2023";"2000";"31,2";"31,6";"28,8";"59,0";"66,0";"56,0";"22,4";"23,1";"20,3";"988,7";"989,6";"988,7";"1,6";"319,0";"5,0";"2394,60";"0,0"
"09/02/2023";"2100";"26,7";"31,2";"26,7";"75,0";"75,0";"56,0";"21,8";"22,1";"20,8";"989,3";"989,3";"988,5";"2,4";"279,0";"7,1";"618,20";"0,0"
"09/02/2023";"2200";"24,0";"26,7";"24,0";"84,0";"84,0";"75,0";"21,0";"21,9";"20,4";"989,9";"989,9";"989,3";"1,8";"320,0";"7,6";"280,00";"0,0"
"09/02/2023";"2300";"23,3";"24,0";"23,2";"86,0";"87,0";"83,0";"20,8";"21,1";"20,7";"990,7";"990,7";"989,8";"1,2";"293,0";"5,0";"10,50";"0,0"
"10/02/2023";"0000";"23,0";"23,3";"23,0";"91,0";"91,0";"86,0";"21,5";"21,6";"20,8";"990,9";"991,0";"990,7";"1,6";"286,0";"3,0";"";"0,0"
"10/02/2023";"0100";"22,6";"23,0";"22,6";"93,0";"93,0";"91,0";"21,5";"21,6";"21,4";"991,7";"991,7";"990,9";"0,8";"213,0";"3,0";"";"0,0"
"10/02/2023";"0200";"22,5";"22,7";"22,4";"94,0";"94,0";"93,0";"21,5";"21,6";"21,3";"992,8";"992,8";"991,7";"0,0";"293,0";"1,5";"";"0,0"
"10/02/2023";"0300";"22,3";"22,6";"22,3";"95,0";"95,0";"94,0";"21,4";"21,7";"21,4";"993,1";"993,1";"992,8";"0,2";"253,0";"1,2";"";"0,0"
"10/02/2023";"0400";"22,3";"22,5";"22,3";"95,0";"95,0";"94,0";"21,5";"21,5";"21,4";"993,0";"993,2";"993,0";"0,0";"282,0";"1,4";"";"0,0"
"10/02/2023";"0500";"22,2";"22,3";"22,2";"95,0";"95,0";"95,0";"21,5";"21,5";"21,4";"992,4";"993,0";"992,4";"0,0";"303,0";"1,2";"";"0,0"
"10/02/2023";"0600";"22,1";"22,3";"22,1";"96,0";"96,0";"95,0";"21,4";"21,6";"21,4";"992,3";"992,5";"992,3";"0,7";"280,0";"1,5";"";"0,0"
"10/02/2023";"0700";"22,0";"22,1";"22,0";"96,0";"96,0";"96,0";"21,4";"21,4";"21,3";"992,2";"992,3";"992,1";"0,0";"331,0";"2,3";"";"0,0"
"10/02/2023";"0800";"22,1";"22,1";"22,0";"96,0";"96,0";"96,0";"21,4";"21,4";"21,3";"992,1";"992,2";"992,1";"0,0";"302,0";"1,0";"";"0,0"
"10/02/2023";"0900";"22,0";"22,1";"22,0";"96,0";"96,0";"96,0";"21,4";"21,4";"21,3";"992,3";"992,3";"992,0";"0,2";"319,0";"1,4";"";"0,0"
"10/02/2023";"1000";"22,1";"22,1";"22,0";"96,0";"96,0";"96,0";"21,4";"21,4";"21,4";"993,0";"993,0";"992,3";"0,7";"316,0";"2,1";"0,80";"0,0"
"10/02/2023";"1100";"22,4";"22,5";"22,1";"96,0";"96,0";"96,0";"21,7";"21,8";"21,4";"993,7";"993,7";"993,0";"0,3";"259,0";"1,6";"118,70";"0,0"
"10/02/2023";"1200";"23,2";"23,2";"22,4";"89,0";"96,0";"89,0";"21,2";"21,8";"20,9";"994,2";"994,3";"993,7";"1,2";"292,0";"2,4";"424,70";"0,0"
"10/02/2023";"1300";"25,4";"25,5";"23,1";"79,0";"89,0";"79,0";"21,6";"22,2";"20,9";"994,4";"994,4";"994,2";"2,2";"290,0";"4,2";"1417,60";"0,0"
"10/02/2023";"1400";"26,6";"27,1";"25,3";"73,0";"81,0";"71,0";"21,4";"22,2";"20,9";"994,9";"994,9";"994,4";"1,2";"241,0";"5,3";"1932,00";"0,0"
"10/02/2023";"1500";"27,1";"28,7";"26,5";"71,0";"76,0";"67,0";"21,5";"23,2";"21,0";"994,4";"994,9";"994,4";"1,5";"282,0";"3,1";"1805,40";"0,0"
"10/02/2023";"1600";"29,2";"29,6";"26,5";"66,0";"76,0";"63,0";"22,2";"23,0";"21,3";"993,2";"994,4";"993,2";"1,7";"247,0";"3,6";"2661,20";"0,0"
"10/02/2023";"1700";"24,6";"29,4";"24,6";"81,0";"81,0";"64,0";"21,0";"22,5";"20,5";"991,8";"993,2";"991,8";"1,5";"312,0";"6,1";"1195,80";"0,2"
"10/02/2023";"1800";"26,9";"27,6";"24,2";"78,0";"86,0";"74,0";"22,8";"23,4";"21,0";"990,0";"991,8";"990,0";"1,6";"302,0";"6,1";"1773,90";"1,8"
"10/02/2023";"1900";"29,1";"30,0";"26,9";"62,0";"79,0";"59,0";"21,0";"23,3";"20,7";"988,9";"990,0";"988,9";"1,5";"287,0";"3,2";"2938,90";"0,0"
"10/02/2023";"2000";"28,7";"29,6";"28,6";"65,0";"65,0";"59,0";"21,5";"22,2";"20,1";"988,4";"989,0";"988,4";"1,4";"235,0";"3,2";"1158,60";"0,0"
"10/02/2023";"2100";"25,8";"28,8";"25,8";"78,0";"80,0";"63,0";"21,8";"22,3";"20,9";"988,7";"988,7";"988,3";"1,9";"211,0";"6,9";"500,90";"0,0"
"10/02/2023";"2200";"24,8";"25,9";"24,8";"84,0";"84,0";"78,0";"21,8";"22,1";"21,8";"989,3";"989,3";"988,7";"1,2";"195,0";"3,5";"148,90";"0,0"
"10/02/2023";"2300";"24,2";"24,8";"24,2";"85,0";"85,0";"83,0";"21,6";"21,9";"21,5";"990,3";"990,3";"989,3";"0,4";"204,0";"2,2";"11,20";"0,0"
"11/02/2023";"0000";"24,1";"24,2";"24,0";"90,0";"90,0";"85,0";"22,3";"22,4";"21,5";"992,2";"992,2";"990,3";"0,0";"334,0";"1,6";"";"0,0"
"11/02/2023";"0100";"21,7";"24,1";"21,7";"96,0";"96,0";"90,0";"21,1";"22,4";"20,7";"993,4";"993,4";"992,2";"1,2";"309,0";"6,6";"0,20";"20,0"
"11/02/2023";"0200";"21,5";"21,8";"21,5";"96,0";"96,0";"96,0";"20,9";"21,1";"20,9";"993,9";"994,0";"993,4";"1,4";"325,0";"3,7";"0,70";"11,2"
"11/02/2023";"0300";"21,3";"21,7";"21,3";"96,0";"96,0";"96,0";"20,7";"21,0";"20,6";"993,9";"994,0";"993,9";"0,6";"295,0";"3,7";"0,30";"4,8"
"11/02/2023";"0400";"21,4";"21,5";"21,3";"96,0";"96,0";"96,0";"20,8";"20,8";"20,6";"993,4";"994,0";"993,4";"0,3";"220,0";"2,4";"";"0,0"
"11/02/2023";"0500";"21,4";"21,5";"21,4";"96,0";"96,0";"96,0";"20,8";"20,8";"20,7";"993,0";"993,4";"992,9";"0,9";"194,0";"1,7";"";"0,2"
"11/02/2023";"0600";"21,4";"21,4";"21,4";"96,0";"96,0";"96,0";"20,8";"20,8";"20,7";"992,0";"993,0";"992,0";"1,2";"208,0";"2,7";"0,20";"0,6"
"11/02/2023";"0700";"21,5";"21,5";"21,4";"96,0";"96,0";"96,0";"20,8";"20,8";"20,8";"991,3";"992,0";"991,2";"1,3";"210,0";"3,7";"";"0,2"
"11/02/2023";"0800";"21,4";"21,5";"21,4";"96,0";"96,0";"96,0";"20,7";"20,8";"20,7";"990,7";"991,3";"990,7";"0,1";"225,0";"2,4";"";"0,0"
"11/02/2023";"0900";"21,4";"21,4";"21,3";"96,0";"96,0";"96,0";"20,8";"20,8";"20,7";"991,1";"991,2";"990,7";"0,0";"306,0";"1,5";"";"0,0"
"11/02/2023";"1000";"21,2";"21,4";"21,2";"96,0";"96,0";"96,0";"20,6";"20,8";"20,6";"991,5";"991,5";"991,1";"0,0";"328,0";"1,8";"0,20";"0,0"
"11/02/2023";"1100";"22,2";"22,2";"21,2";"96,0";"96,0";"96,0";"21,5";"21,5";"20,6";"991,8";"991,8";"991,5";"0,1";"302,0";"1,2";"143,00";"0,0"
"11/02/2023";"1200";"24,2";"24,7";"22,2";"83,0";"96,0";"83,0";"21,1";"22,8";"20,8";"993,0";"993,0";"991,8";"1,4";"229,0";"3,0";"887,50";"0,0"
"11/02/2023";"1300";"26,4";"26,7";"24,0";"76,0";"85,0";"75,0";"21,7";"22,2";"20,9";"993,8";"993,8";"993,0";"0,6";"244,0";"3,0";"1538,60";"0,0"
"11/02/2023";"1400";"27,6";"27,7";"25,6";"75,0";"79,0";"71,0";"22,8";"23,2";"21,2";"993,7";"993,9";"993,7";"1,1";"210,0";"2,6";"2060,90";"0,0"
"11/02/2023";"1500";"28,9";"28,9";"27,6";"67,0";"75,0";"66,0";"22,0";"22,8";"21,5";"993,6";"993,7";"993,6";"1,4";"257,0";"4,0";"2929,70";"0,0"
"11/02/2023";"1600";"29,4";"30,2";"28,4";"64,0";"69,0";"59,0";"21,8";"23,2";"20,8";"992,8";"993,6";"992,8";"1,8";"265,0";"4,6";"2739,80";"0,0"
"11/02/2023";"1700";"30,1";"31,1";"28,8";"60,0";"65,0";"55,0";"21,5";"22,8";"19,8";"990,8";"992,8";"990,8";"1,2";"298,0";"4,5";"2754,90";"0,2"
"11/02/2023";"1800";"27,7";"30,9";"26,2";"74,0";"77,0";"56,0";"22,7";"22,7";"20,2";"990,4";"990,8";"990,4";"1,6";"317,0";"9,2";"1773,80";"0,0"
"11/02/2023";"1900";"26,1";"28,6";"26,1";"72,0";"75,0";"65,0";"20,8";"23,4";"20,3";"989,6";"990,4";"989,6";"2,4";"320,0";"6,4";"2209,10";"0,0"
"11/02/2023";"2000";"25,3";"26,7";"24,7";"82,0";"83,0";"72,0";"22,0";"22,3";"20,8";"989,4";"989,6";"989,4";"0,6";"317,0";"5,6";"782,80";"0,0"
"11/02/2023";"2100";"23,2";"25,3";"23,2";"93,0";"93,0";"81,0";"22,0";"22,1";"21,7";"990,0";"990,1";"989,4";"2,1";"313,0";"4,1";"131,00";"2,4"
"11/02/2023";"2200";"22,9";"23,3";"22,9";"94,0";"94,0";"93,0";"22,0";"22,2";"22,0";"989,9";"990,4";"989,9";"0,8";"326,0";"3,9";"64,00";"0,6"
"11/02/2023";"2300";"22,8";"23,0";"22,7";"96,0";"96,0";"94,0";"22,0";"22,1";"22,0";"989,4";"989,9";"989,1";"0,0";"260,0";"2,9";"3,50";"1,0"
"12/02/2023";"0000";"22,6";"22,8";"22,6";"96,0";"96,0";"96,0";"21,9";"22,1";"21,9";"990,0";"990,0";"989,4";"2,0";"205,0";"3,2";"";"0,0"
"12/02/2023";"0100";"22,6";"22,7";"22,6";"95,0";"96,0";"95,0";"21,7";"22,0";"21,7";"990,7";"990,7";"990,0";"1,4";"197,0";"3,9";"";"0,0"
"12/02/2023";"0200";"22,1";"22,6";"22,1";"96,0";"96,0";"95,0";"21,4";"21,7";"21,4";"991,3";"991,3";"990,7";"0,0";"262,0";"3,2";"";"0,0"
"12/02/2023";"0300";"22,0";"22,2";"22,0";"96,0";"96,0";"96,0";"21,4";"21,5";"21,4";"992,2";"992,2";"991,2";"0,1";"338,0";"1,7";"";"0,2"
"12/02/2023";"0400";"22,0";"22,1";"21,9";"96,0";"96,0";"96,0";"21,3";"21,4";"21,2";"992,3";"992,3";"992,1";"1,0";"318,0";"3,0";"";"0,0"
"12/02/2023";"0500";"22,0";"22,1";"22,0";"96,0";"96,0";"96,0";"21,4";"21,4";"21,3";"992,4";"992,6";"992,3";"0,1";"267,0";"3,4";"";"0,0"
"12/02/2023";"0600";"21,9";"22,0";"21,9";"96,0";"96,0";"96,0";"21,2";"21,4";"21,2";"991,9";"992,4";"991,9";"0,3";"283,0";"1,5";"";"0,0"
"12/02/2023";"0700";"21,8";"21,9";"21,8";"96,0";"96,0";"96,0";"21,2";"21,2";"21,2";"991,7";"991,9";"991,6";"0,1";"272,0";"1,3";"";"0,0"
"12/02/2023";"0800";"21,8";"21,8";"21,8";"96,0";"96,0";"96,0";"21,1";"21,2";"21,1";"991,5";"991,7";"991,4";"0,4";"235,0";"1,6";"";"0,0"
"12/02/2023";"0900";"21,8";"21,8";"21,8";"96,0";"96,0";"96,0";"21,1";"21,2";"21,1";"991,5";"991,6";"991,5";"0,1";"233,0";"1,5";"";"0,0"
"12/02/2023";"1000";"21,8";"21,8";"21,7";"96,0";"96,0";"96,0";"21,1";"21,1";"21,0";"991,8";"991,8";"991,5";"1,0";"246,0";"1,6";"0,80";"0,0"
"12/02/2023";"1100";"21,9";"21,9";"21,7";"96,0";"96,0";"96,0";"21,2";"21,3";"21,1";"992,3";"992,4";"991,8";"1,2";"239,0";"2,5";"89,10";"0,0"
"12/02/2023";"1200";"23,5";"24,0";"21,8";"92,0";"96,0";"92,0";"22,1";"23,2";"21,2";"993,1";"993,1";"992,3";"0,2";"252,0";"2,5";"581,40";"0,0"
"12/02/2023";"1300";"26,6";"27,0";"23,5";"77,0";"93,0";"76,0";"22,3";"23,0";"21,5";"993,5";"993,5";"993,0";"0,2";"313,0";"2,2";"1436,00";"0,0"
"12/02/2023";"1400";"27,7";"28,3";"26,3";"72,0";"79,0";"69,0";"22,2";"23,1";"21,2";"993,6";"993,7";"993,5";"0,7";"290,0";"2,3";"2278,70";"0,0"
"12/02/2023";"1500";"28,3";"29,7";"27,6";"67,0";"74,0";"64,0";"21,6";"23,3";"21,4";"993,2";"993,7";"993,2";"1,0";"259,0";"3,7";"2201,50";"0,0"
"12/02/2023";"1600";"29,8";"30,2";"28,2";"65,0";"68,0";"60,0";"22,4";"23,1";"21,0";"992,3";"993,2";"992,3";"0,8";"229,0";"2,3";"2075,40";"0,0"
"12/02/2023";"1700";"30,0";"31,4";"29,7";"62,0";"65,0";"56,0";"22,0";"23,1";"20,5";"990,5";"992,3";"990,5";"1,1";"275,0";"3,4";"2567,50";"0,0"
"12/02/2023";"1800";"31,2";"32,1";"29,1";"58,0";"64,0";"53,0";"21,9";"22,8";"20,3";"988,6";"990,5";"988,6";"1,2";"266,0";"3,6";"2524,10";"0,0"
"12/02/2023";"1900";"24,8";"31,2";"24,8";"85,0";"89,0";"54,0";"22,2";"23,5";"20,2";"988,4";"988,7";"988,3";"1,0";"319,0";"7,4";"824,20";"1,8"
"12/02/2023";"2000";"25,0";"25,4";"24,8";"86,0";"89,0";"84,0";"22,5";"23,0";"22,3";"987,2";"988,4";"987,2";"1,4";"301,0";"3,5";"324,50";"0,0"
"12/02/2023";"2100";"24,9";"25,0";"24,8";"86,0";"89,0";"83,0";"22,4";"22,9";"21,8";"987,5";"987,5";"987,0";"0,1";"302,0";"2,4";"256,90";"0,0"
"12/02/2023";"2200";"24,6";"25,0";"24,6";"90,0";"90,0";"85,0";"22,8";"22,9";"22,2";"987,9";"988,1";"987,5";"1,7";"312,0";"2,8";"211,90";"0,0"
"12/02/2023";"2300";"24,0";"24,6";"24,0";"91,0";"92,0";"90,0";"22,4";"22,9";"22,4";"988,6";"988,7";"987,9";"0,4";"286,0";"2,9";"17,20";"0,0"
"13/02/2023";"0000";"23,8";"24,0";"23,8";"93,0";"94,0";"91,0";"22,6";"22,8";"22,3";"989,4";"989,6";"988,6";"1,3";"211,0";"2,3";"";"0,0"
"13/02/2023";"0100";"23,8";"23,8";"23,7";"93,0";"93,0";"91,0";"22,5";"22,6";"22,2";"990,7";"990,8";"989,4";"0,7";"227,0";"2,2";"";"0,0"
"13/02/2023";"0200";"23,3";"23,8";"23,3";"94,0";"94,0";"92,0";"22,3";"22,5";"22,2";"991,3";"991,3";"990,6";"1,0";"299,0";"2,5";"";"0,0"
"13/02/2023";"0300";"23,3";"23,4";"23,1";"95,0";"95,0";"94,0";"22,4";"22,5";"22,1";"991,8";"991,9";"991,3";"0,5";"246,0";"1,5";"";"0,0"
"13/02/2023";"0400";"23,1";"23,3";"23,1";"96,0";"96,0";"95,0";"22,4";"22,5";"22,4";"991,6";"991,9";"991,6";"0,3";"247,0";"1,4";"";"0,0"
"13/02/2023";"0500";"23,0";"23,2";"22,9";"96,0";"96,0";"95,0";"22,2";"22,4";"22,2";"991,1";"991,6";"991,1";"0,7";"259,0";"1,5";"0,10";"0,0"
"13/02/2023";"0600";"22,8";"23,0";"22,8";"96,0";"96,0";"95,0";"22,1";"22,2";"22,1";"990,7";"991,1";"990,6";"0,6";"188,0";"1,5";"";"0,0"
"13/02/2023";"0700";"22,7";"22,8";"22,7";"96,0";"96,0";"96,0";"22,0";"22,1";"22,0";"990,4";"990,7";"990,4";"0,0";"265,0";"1,5";"0,20";"0,0"
"13/02/2023";"0800";"22,6";"22,7";"22,6";"96,0";"96,0";"96,0";"21,9";"22,0";"21,9";"990,2";"990,6";"990,2";"0,0";"278,0";"1,0";"0,10";"0,0"
"13/02/2023";"0900";"22,6";"22,6";"22,5";"96,0";"96,0";"96,0";"21,9";"21,9";"21,9";"990,3";"990,3";"990,1";"0,0";"285,0";"1,0";"";"0,0"
"13/02/2023";"1000";"22,2";"22,6";"22,2";"96,0";"96,0";"96,0";"21,5";"21,9";"21,5";"990,7";"990,7";"990,3";"0,0";"198,0";"1,1";"0,80";"0,0"
"13/02/2023";"1100";"23,8";"23,8";"22,2";"96,0";"96,0";"96,0";"23,1";"23,1";"21,5";"991,4";"991,4";"990,7";"0,6";"246,0";"1,4";"248,30";"0,0"
"13/02/2023";"1200";"26,2";"26,6";"23,7";"81,0";"96,0";"81,0";"22,6";"23,6";"22,4";"992,6";"992,6";"991,4";"0,7";"278,0";"1,7";"758,80";"0,0"
"13/02/2023";"1300";"27,2";"28,3";"25,9";"75,0";"83,0";"72,0";"22,5";"23,7";"22,1";"993,2";"993,3";"992,6";"1,0";"236,0";"2,0";"1470,00";"0,0"
"13/02/2023";"1400";"29,9";"30,1";"26,8";"64,0";"77,0";"63,0";"22,5";"24,0";"21,8";"993,1";"993,3";"993,1";"0,8";"288,0";"2,8";"2102,90";"0,0"
"13/02/2023";"1500";"31,1";"31,1";"28,7";"62,0";"71,0";"58,0";"22,8";"23,8";"21,6";"992,5";"993,1";"992,5";"1,2";"284,0";"3,4";"1790,90";"0,0"
"13/02/2023";"1600";"31,5";"32,0";"30,1";"59,0";"63,0";"54,0";"22,4";"23,4";"20,9";"991,4";"992,5";"991,4";"1,7";"279,0";"5,1";"3105,90";"0,0"
"13/02/2023";"1700";"30,9";"32,4";"30,6";"55,0";"60,0";"52,0";"20,7";"23,1";"20,3";"989,8";"991,4";"989,8";"2,0";"272,0";"4,7";"2848,30";"0,0"
"13/02/2023";"1800";"30,7";"33,0";"29,9";"56,0";"63,0";"51,0";"21,0";"22,7";"20,7";"988,4";"989,8";"988,4";"1,7";"318,0";"5,9";"2235,80";"0,0"
"13/02/2023";"1900";"31,5";"31,9";"29,3";"59,0";"66,0";"54,0";"22,5";"22,6";"20,9";"987,4";"988,4";"987,4";"0,3";"317,0";"6,2";"1527,00";"0,0"
"13/02/2023";"2000";"28,2";"31,6";"28,1";"69,0";"70,0";"57,0";"21,9";"23,0";"20,7";"987,4";"987,5";"987,1";"0,7";"314,0";"5,8";"943,40";"0,0"
"13/02/2023";"2100";"23,6";"28,2";"23,6";"90,0";"90,0";"69,0";"21,9";"22,1";"19,9";"988,2";"988,6";"987,4";"2,3";"197,0";"8,5";"233,10";"3,0"
"13/02/2023";"2200";"23,2";"23,6";"23,1";"91,0";"92,0";"89,0";"21,7";"21,9";"21,5";"988,1";"988,7";"988,1";"0,4";"243,0";"5,0";"35,50";"0,0"
"13/02/2023";"2300";"22,6";"23,3";"22,6";"93,0";"93,0";"91,0";"21,4";"21,9";"21,2";"988,8";"988,9";"988,1";"1,7";"258,0";"3,1";"0,40";"0,0"
"14/02/2023";"0000";"22,6";"22,8";"22,6";"93,0";"94,0";"93,0";"21,4";"21,8";"21,4";"989,7";"989,7";"988,8";"0,6";"256,0";"3,1";"";"0,0"
"14/02/2023";"0100";"22,5";"22,6";"22,4";"94,0";"94,0";"93,0";"21,6";"21,6";"21,4";"991,2";"991,2";"989,7";"0,1";"195,0";"1,6";"";"0,0"
"14/02/2023";"0200";"";"";"";"";"";"";"";"";"";"";"";"";"";"";"";"";""
"14/02/2023";"0300";"22,0";"22,2";"22,0";"96,0";"96,0";"95,0";"21,3";"21,4";"21,3";"991,5";"991,9";"991,5";"0,9";"196,0";"1,9";"";"0,0"
"14/02/2023";"0400";"21,8";"22,0";"21,8";"96,0";"96,0";"96,0";"21,2";"21,3";"21,1";"990,9";"991,5";"990,9";"0,1";"208,0";"1,7";"";"0,0"
"14/02/2023";"0500";"21,7";"21,8";"21,6";"96,0";"96,0";"96,0";"21,1";"21,2";"21,0";"990,6";"990,9";"990,6";"0,0";"208,0";"1,0";"";"0,0"
"14/02/2023";"0600";"21,5";"21,7";"21,5";"96,0";"96,0";"96,0";"20,9";"21,1";"20,9";"990,2";"990,6";"990,2";"0,4";"198,0";"1,4";"";"0,0"
"14/02/2023";"0700";"21,5";"21,6";"21,4";"96,0";"96,0";"96,0";"20,9";"20,9";"20,8";"990,4";"990,4";"990,2";"0,3";"273,0";"1,3";"";"0,0"
"14/02/2023";"0800";"21,4";"21,5";"21,4";"96,0";"96,0";"96,0";"20,8";"20,9";"20,8";"990,7";"990,7";"990,3";"0,3";"216,0";"1,1";"";"0,0"
"14/02/2023";"0900";"21,1";"21,4";"21,1";"96,0";"96,0";"96,0";"20,4";"20,8";"20,4";"991,0";"991,1";"990,7";"0,0";"276,0";"1,1";"";"0,0"
"14/02/2023";"1000";"21,2";"21,3";"21,0";"96,0";"96,0";"96,0";"20,5";"20,6";"20,4";"991,5";"991,5";"991,0";"0,7";"314,0";"1,4";"0,20";"0,2"
"14/02/2023";"1100";"21,6";"21,6";"21,1";"96,0";"96,0";"96,0";"20,9";"20,9";"20,5";"992,8";"992,8";"991,5";"0,1";"329,0";"1,4";"119,90";"0,0"
"14/02/2023";"1200";"22,7";"22,7";"21,6";"96,0";"96,0";"96,0";"22,1";"22,1";"21,0";"993,6";"993,6";"992,8";"0,8";"308,0";"1,6";"709,80";"0,0"
"14/02/2023";"1300";"25,0";"25,9";"22,8";"82,0";"96,0";"82,0";"21,7";"23,8";"21,7";"994,3";"994,3";"993,6";"0,8";"253,0";"2,0";"1537,30";"0,0"
"14/02/2023";"1400";"28,0";"28,1";"25,0";"73,0";"84,0";"73,0";"22,6";"23,2";"21,7";"993,8";"994,4";"993,8";"0,7";"287,0";"2,4";"2108,90";"0,0"
"14/02/2023";"1500";"28,7";"28,9";"27,5";"71,0";"74,0";"66,0";"22,9";"23,1";"21,6";"993,3";"993,8";"993,3";"1,6";"285,0";"3,3";"2514,30";"0,0"
"14/02/2023";"1600";"29,6";"30,9";"28,2";"69,0";"73,0";"62,0";"23,4";"24,2";"21,4";"992,7";"993,3";"992,6";"1,5";"311,0";"4,5";"2577,20";"0,0"
"14/02/2023";"1700";"30,1";"31,6";"29,3";"63,0";"70,0";"57,0";"22,3";"24,5";"21,1";"991,6";"992,7";"991,6";"1,3";"289,0";"4,5";"2737,20";"0,0"
"14/02/2023";"1800";"30,8";"31,4";"29,7";"63,0";"67,0";"59,0";"23,0";"24,1";"21,6";"990,3";"991,6";"990,3";"0,8";"299,0";"3,7";"1807,50";"0,0"
"14/02/2023";"1900";"31,3";"31,9";"29,9";"55,0";"65,0";"52,0";"21,2";"23,8";"20,6";"988,9";"990,3";"988,9";"1,2";"297,0";"3,8";"2460,80";"0,0"
"14/02/2023";"2000";"31,8";"32,5";"30,1";"58,0";"62,0";"52,0";"22,4";"22,9";"20,6";"987,6";"988,9";"987,6";"1,7";"292,0";"3,8";"1566,70";"0,0"
"14/02/2023";"2100";"29,9";"32,1";"29,9";"64,0";"65,0";"54,0";"22,2";"22,6";"21,0";"987,7";"987,7";"987,4";"0,3";"322,0";"3,3";"1188,10";"0,0"
"14/02/2023";"2200";"28,5";"29,9";"28,5";"67,0";"69,0";"62,0";"21,8";"22,6";"21,3";"988,4";"988,4";"987,6";"0,3";"318,0";"3,5";"234,20";"0,0"
"14/02/2023";"2300";"26,5";"28,5";"26,4";"75,0";"76,0";"67,0";"21,6";"22,6";"21,4";"988,6";"988,7";"988,4";"0,1";"333,0";"2,6";"19,60";"0,0"
"15/02/2023";"0000";"25,6";"26,5";"25,5";"77,0";"79,0";"75,0";"21,3";"21,9";"21,3";"989,5";"989,5";"988,6";"0,0";"335,0";"1,2";"";"0,0"
"15/02/2023";"0100";"24,6";"25,6";"24,5";"85,0";"86,0";"77,0";"22,0";"22,1";"21,3";"990,5";"990,5";"989,5";"0,2";"215,0";"1,9";"";"0,0"
"15/02/2023";"0200";"";"";"";"";"";"";"";"";"";"";"";"";"";"";"";"";""
"15/02/2023";"0300";"24,2";"24,4";"24,1";"88,0";"90,0";"87,0";"22,1";"22,4";"22,1";"992,1";"992,2";"991,5";"0,5";"326,0";"2,3";"0,10";"0,0"
"15/02/2023";"0400";"23,8";"24,2";"23,8";"86,0";"89,0";"84,0";"21,2";"22,2";"21,1";"992,0";"992,3";"992,0";"0,2";"314,0";"3,3";"";"0,0"
"15/02/2023";"0500";"23,4";"23,8";"23,4";"89,0";"90,0";"86,0";"21,5";"21,7";"21,2";"991,7";"992,0";"991,7";"0,0";"237,0";"1,2";"";"0,0"
"15/02/2023";"0600";"23,4";"23,5";"23,4";"92,0";"92,0";"89,0";"22,1";"22,1";"21,4";"991,8";"991,9";"991,7";"1,2";"307,0";"2,1";"";"0,0"
"15/02/2023";"0700";"23,1";"23,4";"23,0";"93,0";"94,0";"92,0";"22,0";"22,1";"22,0";"991,4";"991,9";"991,4";"0,8";"314,0";"2,1";"";"0,0"
"15/02/2023";"0800";"22,9";"23,2";"22,9";"93,0";"93,0";"92,0";"21,8";"22,0";"21,7";"991,7";"991,7";"991,3";"0,5";"329,0";"3,3";"";"0,0"
"15/02/2023";"0900";"20,8";"22,9";"20,7";"95,0";"95,0";"93,0";"20,0";"21,7";"19,8";"991,5";"992,3";"991,4";"0,5";"201,0";"5,8";"0,60";"14,0"
"15/02/2023";"1000";"20,8";"20,9";"20,7";"96,0";"96,0";"95,0";"20,2";"20,2";"19,9";"992,1";"992,1";"991,5";"0,1";"325,0";"1,3";"";"1,8"
"15/02/2023";"1100";"21,7";"21,7";"20,8";"96,0";"96,0";"96,0";"21,1";"21,1";"20,2";"992,4";"992,4";"991,9";"0,4";"237,0";"1,6";"48,20";"1,4"
"15/02/2023";"1200";"22,2";"22,2";"21,7";"96,0";"96,0";"96,0";"21,5";"21,5";"21,1";"993,7";"993,7";"992,4";"1,2";"210,0";"2,0";"351,00";"0,2"
"15/02/2023";"1300";"23,1";"23,1";"22,2";"92,0";"96,0";"92,0";"21,8";"22,0";"21,5";"994,8";"994,8";"993,7";"1,7";"201,0";"3,2";"518,50";"0,0"
"15/02/2023";"1400";"21,6";"23,5";"21,6";"93,0";"93,0";"90,0";"20,5";"22,2";"20,3";"995,2";"995,5";"994,8";"3,2";"214,0";"7,7";"270,40";"0,4"
"15/02/2023";"1500";"22,2";"22,3";"21,6";"91,0";"94,0";"91,0";"20,7";"21,1";"20,5";"995,1";"995,3";"995,0";"3,4";"232,0";"6,5";"697,90";"1,4"
"15/02/2023";"1600";"21,3";"22,2";"21,0";"96,0";"96,0";"91,0";"20,5";"20,8";"20,0";"994,9";"995,4";"994,9";"3,4";"244,0";"7,2";"373,00";"7,0"
"15/02/2023";"1700";"21,6";"21,6";"21,2";"94,0";"96,0";"93,0";"20,5";"20,6";"20,1";"993,6";"994,9";"993,6";"1,2";"220,0";"6,4";"448,50";"2,4"
"15/02/2023";"1800";"22,8";"22,8";"21,5";"92,0";"94,0";"92,0";"21,3";"21,7";"20,4";"992,1";"993,6";"992,1";"1,4";"236,0";"2,9";"820,10";"0,4"
"15/02/2023";"1900";"24,3";"24,3";"22,7";"84,0";"92,0";"83,0";"21,5";"21,7";"20,9";"990,1";"992,1";"990,1";"1,1";"312,0";"2,4";"1165,50";"0,0"
"15/02/2023";"2000";"23,8";"24,5";"23,8";"86,0";"87,0";"83,0";"21,4";"22,1";"21,1";"988,5";"990,1";"988,5";"1,8";"312,0";"3,5";"877,80";"0,0"
"15/02/2023";"2100";"23,6";"24,0";"23,5";"88,0";"89,0";"86,0";"21,5";"21,9";"21,2";"987,7";"988,5";"987,7";"0,6";"327,0";"3,9";"484,70";"0,0"
"15/02/2023";"2200";"23,1";"23,6";"23,1";"91,0";"91,0";"88,0";"21,5";"21,6";"21,4";"988,5";"988,5";"987,7";"0,6";"248,0";"2,4";"187,30";"0,0"
"15/02/2023";"2300";"22,5";"23,1";"22,5";"94,0";"94,0";"91,0";"21,4";"21,6";"21,4";"989,4";"989,4";"988,5";"0,1";"196,0";"1,6";"13,30";"0,0"
"16/02/2023";"0000";"22,3";"22,5";"22,2";"96,0";"96,0";"94,0";"21,5";"21,6";"21,3";"990,9";"990,9";"989,4";"1,0";"277,0";"1,6";"";"0,0"
"16/02/2023";"0100";"22,2";"22,3";"22,2";"96,0";"96,0";"96,0";"21,5";"21,6";"21,5";"991,7";"991,8";"990,9";"0,7";"252,0";"2,5";"";"0,0"
"16/02/2023";"0200";"22,1";"22,2";"21,9";"96,0";"96,0";"96,0";"21,5";"21,5";"21,2";"992,3";"992,3";"991,6";"0,6";"202,0";"2,9";"";"0,0"
"16/02/2023";"0300";"21,8";"22,1";"21,8";"96,0";"96,0";"96,0";"21,1";"21,4";"21,1";"992,6";"992,6";"992,3";"0,0";"198,0";"1,6";"";"0,0"
"16/02/2023";"0400";"21,8";"21,9";"21,8";"96,0";"96,0";"96,0";"21,1";"21,2";"21,1";"992,0";"992,6";"992,0";"0,2";"203,0";"1,8";"";"0,0"
"16/02/2023";"0500";"21,7";"21,8";"21,7";"96,0";"96,0";"96,0";"21,0";"21,2";"21,0";"991,0";"992,0";"991,0";"0,0";"189,0";"1,4";"";"0,0"
"16/02/2023";"0600";"21,6";"21,7";"21,6";"96,0";"96,0";"96,0";"21,0";"21,1";"21,0";"990,8";"991,0";"990,8";"1,0";"250,0";"1,6";"";"0,0"
"16/02/2023";"0700";"21,5";"21,6";"21,5";"96,0";"96,0";"96,0";"20,9";"21,0";"20,9";"990,4";"990,8";"990,4";"0,6";"213,0";"1,8";"";"0,0"
"16/02/2023";"0800";"21,5";"21,6";"21,4";"96,0";"96,0";"96,0";"20,8";"20,9";"20,8";"990,4";"990,4";"990,3";"0,3";"200,0";"1,6";"";"0,0"
"16/02/2023";"0900";"21,4";"21,5";"21,4";"96,0";"96,0";"96,0";"20,8";"20,8";"20,7";"990,5";"990,5";"990,4";"0,5";"247,0";"1,4";"";"0,0"
"16/02/2023";"1000";"20,9";"21,4";"20,9";"96,0";"96,0";"96,0";"20,3";"20,8";"20,3";"991,0";"991,0";"990,5";"0,0";"235,0";"1,4";"0,10";"0,0"
"16/02/2023";"1100";"22,5";"22,5";"20,9";"96,0";"96,0";"96,0";"21,8";"21,8";"20,3";"991,4";"991,4";"991,0";"0,4";"199,0";"1,2";"228,40";"0,0"
"16/02/2023";"1200";"24,4";"24,5";"22,3";"83,0";"96,0";"83,0";"21,3";"22,3";"21,2";"991,9";"991,9";"991,4";"1,3";"247,0";"2,5";"1074,30";"0,4"
"16/02/2023";"1300";"26,3";"26,8";"24,2";"76,0";"84,0";"75,0";"21,7";"22,6";"21,1";"992,3";"992,3";"991,9";"1,0";"292,0";"2,5";"1778,50";"0,0"
"16/02/2023";"1400";"28,6";"29,1";"26,3";"68,0";"78,0";"67,0";"22,1";"23,4";"21,7";"992,6";"992,6";"992,3";"0,8";"310,0";"3,5";"2135,70";"0,0"
"16/02/2023";"1500";"29,2";"30,9";"27,8";"67,0";"73,0";"60,0";"22,4";"23,6";"21,6";"991,7";"992,6";"991,7";"1,1";"316,0";"3,4";"2843,30";"0,0"
"16/02/2023";"1600";"30,6";"30,9";"28,3";"63,0";"72,0";"61,0";"22,7";"23,9";"21,7";"990,7";"991,7";"990,7";"1,3";"311,0";"4,3";"2504,30";"0,0"
"16/02/2023";"1700";"31,2";"31,2";"29,1";"65,0";"69,0";"58,0";"23,9";"23,9";"21,2";"989,4";"990,7";"989,4";"1,7";"299,0";"5,7";"2718,20";"0,0"
"16/02/2023";"1800";"28,9";"31,5";"28,8";"68,0";"68,0";"59,0";"22,5";"24,0";"21,7";"988,2";"989,4";"988,2";"2,8";"311,0";"6,8";"2113,80";"0,0"
"16/02/2023";"1900";"32,2";"32,3";"29,0";"58,0";"69,0";"56,0";"23,0";"24,0";"21,7";"986,9";"988,2";"986,9";"1,4";"313,0";"6,7";"2967,90";"0,0"
"16/02/2023";"2000";"28,6";"32,3";"28,6";"64,0";"66,0";"52,0";"21,1";"23,1";"20,5";"986,6";"986,9";"986,5";"3,1";"310,0";"6,5";"1954,40";"0,0"
"16/02/2023";"2100";"26,4";"28,5";"25,7";"76,0";"77,0";"64,0";"21,9";"21,9";"20,7";"986,9";"987,0";"986,6";"2,5";"310,0";"6,5";"519,20";"0,0"
"16/02/2023";"2200";"25,3";"26,7";"25,3";"79,0";"80,0";"71,0";"21,4";"22,1";"21,0";"988,0";"988,0";"986,8";"2,9";"324,0";"6,5";"359,70";"0,0"
"16/02/2023";"2300";"23,9";"25,3";"23,9";"83,0";"83,0";"79,0";"20,8";"21,7";"20,8";"988,9";"988,9";"988,0";"1,9";"321,0";"6,5";"9,60";"0,0"
"17/02/2023";"0000";"23,4";"23,9";"23,3";"87,0";"87,0";"83,0";"21,2";"21,2";"20,8";"990,3";"990,3";"988,9";"0,2";"308,0";"4,3";"";"0,0"
"17/02/2023";"0100";"22,9";"23,5";"22,9";"91,0";"92,0";"86,0";"21,4";"21,5";"21,1";"990,7";"990,7";"990,2";"1,8";"303,0";"2,8";"";"0,0"
"17/02/2023";"0200";"22,4";"22,9";"22,4";"94,0";"94,0";"91,0";"21,3";"21,4";"21,3";"991,1";"991,2";"990,7";"0,6";"276,0";"3,0";"";"0,0"
"17/02/2023";"0300";"22,3";"22,4";"22,2";"95,0";"95,0";"94,0";"21,4";"21,4";"21,3";"991,0";"991,2";"991,0";"0,2";"270,0";"1,8";"";"0,2"
"17/02/2023";"0400";"22,1";"22,3";"22,1";"95,0";"95,0";"94,0";"21,4";"21,4";"21,3";"990,4";"991,0";"990,4";"0,9";"270,0";"1,8";"";"0,0"
"17/02/2023";"0500";"22,0";"22,1";"22,0";"96,0";"96,0";"95,0";"21,3";"21,4";"21,3";"990,0";"990,4";"990,0";"1,0";"305,0";"1,8";"";"0,0"
"17/02/2023";"0600";"22,0";"22,0";"21,9";"96,0";"96,0";"96,0";"21,3";"21,4";"21,3";"990,4";"990,4";"990,0";"1,2";"312,0";"2,8";"";"0,0"
"17/02/2023";"0700";"21,9";"22,0";"21,9";"96,0";"96,0";"96,0";"21,3";"21,3";"21,2";"990,4";"990,4";"990,2";"1,8";"315,0";"3,5";"";"0,6"
"17/02/2023";"0800";"21,9";"21,9";"21,8";"96,0";"96,0";"96,0";"21,2";"21,3";"21,2";"990,6";"990,6";"990,4";"1,0";"312,0";"3,5";"";"0,8"
"17/02/2023";"0900";"21,8";"21,9";"21,8";"96,0";"96,0";"96,0";"21,2";"21,2";"21,2";"990,6";"990,7";"990,6";"0,4";"299,0";"2,0";"";"0,0"
"17/02/2023";"1000";"21,8";"21,9";"21,8";"96,0";"96,0";"96,0";"21,2";"21,3";"21,2";"990,6";"990,7";"990,5";"0,0";"278,0";"1,8";"0,20";"0,2"
"17/02/2023";"1100";"22,2";"22,2";"21,8";"96,0";"96,0";"96,0";"21,5";"21,5";"21,2";"991,0";"991,0";"990,5";"0,2";"293,0";"1,0";"81,40";"0,0"
"17/02/2023";"1200";"23,4";"23,4";"22,1";"91,0";"96,0";"90,0";"21,8";"21,9";"21,4";"992,0";"992,0";"991,0";"1,3";"316,0";"3,1";"601,60";"0,0"
"17/02/2023";"1300";"23,6";"23,9";"23,3";"87,0";"91,0";"86,0";"21,4";"22,0";"21,1";"992,6";"992,6";"992,0";"1,4";"301,0";"3,4";"708,30";"0,0"
"17/02/2023";"1400";"25,5";"25,7";"23,6";"80,0";"88,0";"80,0";"21,9";"22,7";"21,1";"992,9";"992,9";"992,6";"1,2";"317,0";"3,8";"1212,90";"0,0"
"17/02/2023";"1500";"26,4";"26,6";"24,9";"76,0";"84,0";"75,0";"21,9";"22,7";"21,3";"993,1";"993,2";"992,9";"0,9";"314,0";"3,5";"1410,60";"0,0"
"17/02/2023";"1600";"27,2";"27,8";"26,4";"74,0";"78,0";"71,0";"22,2";"23,0";"21,2";"992,5";"993,2";"992,5";"1,8";"308,0";"4,0";"1785,20";"0,0"
"17/02/2023";"1700";"28,5";"29,4";"26,8";"67,0";"76,0";"64,0";"21,9";"23,4";"21,2";"991,1";"992,5";"991,1";"1,3";"311,0";"4,0";"2868,10";"0,0"
"17/02/2023";"1800";"29,0";"30,4";"27,9";"59,0";"70,0";"59,0";"20,2";"23,3";"20,2";"989,4";"991,0";"989,4";"1,1";"311,0";"4,4";"3171,80";"0,0"
"17/02/2023";"1900";"30,8";"31,3";"28,4";"58,0";"67,0";"57,0";"21,7";"23,0";"20,5";"988,4";"989,4";"988,4";"1,2";"312,0";"5,5";"2287,20";"0,0"
"17/02/2023";"2000";"28,3";"30,8";"28,2";"67,0";"69,0";"57,0";"21,7";"23,1";"21,0";"988,2";"988,4";"988,1";"1,0";"313,0";"6,5";"1527,00";"0,0"
"17/02/2023";"2100";"21,8";"28,3";"20,9";"96,0";"96,0";"65,0";"21,1";"21,8";"18,5";"989,1";"989,1";"988,2";"2,5";"320,0";"14,1";"244,20";"20,2"
"17/02/2023";"2200";"22,1";"22,3";"21,8";"94,0";"96,0";"94,0";"21,0";"21,5";"21,0";"989,7";"989,7";"989,1";"0,7";"314,0";"6,1";"174,90";"0,0"
"17/02/2023";"2300";"21,9";"22,0";"21,8";"93,0";"94,0";"93,0";"20,8";"21,0";"20,8";"990,1";"990,2";"989,7";"0,0";"305,0";"3,5";"12,40";"0,0"
"18/02/2023";"0000";"21,9";"22,0";"21,9";"94,0";"94,0";"93,0";"20,8";"21,0";"20,7";"990,8";"990,8";"990,1";"0,6";"240,0";"1,4";"";"0,0"
"18/02/2023";"0100";"21,8";"22,0";"21,8";"95,0";"95,0";"93,0";"21,0";"21,0";"20,8";"992,3";"992,3";"990,8";"0,8";"189,0";"1,7";"";"0,0"
"18/02/2023";"0200";"";"";"";"";"";"";"";"";"";"";"";"";"";"";"";"";""
"18/02/2023";"0300";"21,8";"21,9";"21,8";"96,0";"96,0";"96,0";"21,1";"21,1";"21,1";"993,7";"993,7";"993,3";"0,9";"192,0";"1,8";"";"0,0"
"18/02/2023";"0400";"21,8";"21,8";"21,7";"96,0";"96,0";"96,0";"21,1";"21,1";"21,1";"993,3";"993,8";"993,3";"0,8";"200,0";"2,2";"";"0,0"
"18/02/2023";"0500";"21,7";"21,8";"21,7";"96,0";"96,0";"96,0";"21,0";"21,1";"21,0";"992,7";"993,3";"992,7";"1,2";"222,0";"2,5";"";"0,2"
"18/02/2023";"0600";"21,6";"21,7";"21,6";"96,0";"96,0";"96,0";"20,9";"21,0";"20,9";"992,2";"992,7";"992,2";"1,1";"235,0";"2,5";"";"0,0"
"18/02/2023";"0700";"21,5";"21,6";"21,5";"96,0";"96,0";"96,0";"20,8";"20,9";"20,8";"991,8";"992,2";"991,8";"1,1";"242,0";"3,1";"";"0,6"
"18/02/2023";"0800";"21,4";"21,5";"21,3";"96,0";"96,0";"96,0";"20,7";"20,9";"20,7";"991,7";"991,8";"991,7";"0,5";"264,0";"2,7";"0,10";"0,2"
"18/02/2023";"0900";"21,3";"21,4";"21,3";"96,0";"96,0";"96,0";"20,7";"20,7";"20,7";"991,7";"991,7";"991,6";"0,1";"202,0";"1,7";"";"0,2"
"18/02/2023";"1000";"21,4";"21,4";"21,3";"96,0";"96,0";"96,0";"20,7";"20,7";"20,7";"991,8";"991,8";"991,6";"0,1";"227,0";"1,4";"";"0,4"
"18/02/2023";"1100";"21,4";"21,4";"21,3";"96,0";"96,0";"96,0";"20,8";"20,8";"20,7";"992,6";"992,6";"991,8";"1,1";"231,0";"2,0";"23,30";"0,0"
"18/02/2023";"1200";"21,8";"21,9";"21,4";"96,0";"96,0";"96,0";"21,2";"21,2";"20,8";"993,5";"993,5";"992,6";"0,7";"243,0";"2,3";"139,30";"0,2"
"18/02/2023";"1300";"23,2";"23,2";"21,8";"93,0";"96,0";"93,0";"22,1";"22,1";"21,2";"994,4";"994,4";"993,5";"0,0";"321,0";"2,0";"438,60";"0,2"
"18/02/2023";"1400";"26,1";"26,1";"23,0";"81,0";"93,0";"80,0";"22,5";"23,3";"21,6";"994,7";"994,7";"994,4";"0,2";"324,0";"1,6";"1686,00";"0,0"
"18/02/2023";"1500";"26,4";"26,9";"25,1";"74,0";"82,0";"72,0";"21,4";"22,7";"20,7";"994,5";"994,7";"994,5";"0,7";"312,0";"2,9";"1879,40";"0,0"
"18/02/2023";"1600";"26,6";"26,6";"25,9";"72,0";"77,0";"71,0";"21,1";"22,0";"20,6";"994,0";"994,5";"994,0";"0,7";"297,0";"2,8";"1410,50";"0,2"
"18/02/2023";"1700";"27,4";"28,1";"26,6";"72,0";"74,0";"68,0";"21,8";"22,2";"20,7";"992,9";"994,0";"992,9";"0,8";"237,0";"3,1";"2178,90";"0,0"
"18/02/2023";"1800";"28,1";"29,2";"27,4";"65,0";"73,0";"60,0";"20,8";"23,0";"20,1";"991,5";"992,9";"991,5";"0,4";"254,0";"4,0";"2293,20";"0,0"
"18/02/2023";"1900";"28,5";"28,8";"27,5";"66,0";"69,0";"62,0";"21,6";"21,8";"20,3";"990,1";"991,5";"990,1";"2,1";"235,0";"4,1";"1563,90";"0,0"
"18/02/2023";"2000";"26,1";"28,5";"25,8";"78,0";"79,0";"64,0";"22,0";"22,0";"20,4";"989,5";"990,1";"989,5";"2,4";"201,0";"6,3";"1056,60";"0,0"
"18/02/2023";"2100";"26,6";"26,7";"25,6";"73,0";"79,0";"73,0";"21,4";"22,2";"21,0";"989,3";"989,5";"989,3";"2,2";"220,0";"4,8";"786,10";"0,0"
"18/02/2023";"2200";"26,0";"26,9";"25,9";"75,0";"75,0";"68,0";"21,3";"21,7";"20,2";"989,5";"989,5";"989,3";"1,1";"207,0";"3,8";"454,50";"0,0"
"18/02/2023";"2300";"24,4";"26,0";"24,4";"83,0";"83,0";"75,0";"21,3";"21,4";"21,1";"990,1";"990,1";"989,5";"0,4";"203,0";"2,3";"16,00";"0,0"
"19/02/2023";"0000";"23,6";"24,4";"23,6";"89,0";"89,0";"82,0";"21,6";"21,7";"21,1";"990,8";"990,8";"990,1";"0,0";"286,0";"1,3";"";"0,0"
"19/02/2023";"0100";"23,1";"23,6";"23,0";"93,0";"93,0";"89,0";"21,8";"22,0";"21,7";"991,8";"991,8";"990,8";"1,0";"211,0";"1,7";"";"0,0"
"19/02/2023";"0200";"23,0";"23,1";"22,9";"93,0";"93,0";"92,0";"21,9";"21,9";"21,6";"992,4";"992,4";"991,8";"0,1";"315,0";"1,5";"";"0,0"
"19/02/2023";"0300";"23,1";"23,2";"22,9";"94,0";"95,0";"93,0";"22,1";"22,2";"21,8";"992,7";"992,8";"992,4";"0,5";"236,0";"1,8";"";"0,0"
"19/02/2023";"0400";"22,9";"23,2";"22,9";"95,0";"95,0";"94,0";"22,0";"22,2";"21,9";"992,4";"992,7";"992,4";"0,7";"200,0";"1,8";"";"0,0"
"19/02/2023";"0500";"22,8";"22,9";"22,7";"95,0";"96,0";"95,0";"22,0";"22,0";"21,9";"991,8";"992,4";"991,8";"0,7";"201,0";"2,2";"";"0,0"
"19/02/2023";"0600";"22,1";"22,8";"22,0";"96,0";"96,0";"95,0";"21,4";"22,1";"21,2";"991,3";"991,9";"991,3";"1,1";"307,0";"3,7";"0,10";"16,8"
"19/02/2023";"0700";"22,2";"22,3";"22,0";"96,0";"96,0";"96,0";"21,5";"21,6";"21,3";"991,3";"991,3";"991,0";"0,7";"235,0";"3,0";"0,40";"17,0"
"19/02/2023";"0800";"21,8";"22,2";"21,7";"96,0";"96,0";"96,0";"21,1";"21,4";"21,1";"991,4";"991,4";"991,2";"1,4";"207,0";"3,3";"1,10";"19,8"
"19/02/2023";"0900";"21,5";"21,8";"21,5";"96,0";"96,0";"96,0";"20,9";"21,2";"20,8";"991,4";"991,4";"991,4";"1,0";"196,0";"4,3";"1,00";"2,8"
"19/02/2023";"1000";"21,6";"21,6";"21,5";"96,0";"96,0";"96,0";"21,0";"21,0";"20,9";"991,5";"991,5";"991,2";"0,8";"229,0";"2,5";"0,60";"0,2"
"19/02/2023";"1100";"22,6";"22,6";"21,6";"96,0";"96,0";"96,0";"21,9";"22,0";"20,9";"992,0";"992,0";"991,5";"0,4";"313,0";"1,6";"231,40";"0,0"
"19/02/2023";"1200";"22,8";"22,8";"22,5";"95,0";"96,0";"95,0";"22,0";"22,1";"21,8";"993,3";"993,3";"992,0";"1,2";"281,0";"2,0";"409,50";"0,0"
"19/02/2023";"1300";"25,3";"25,5";"22,8";"80,0";"95,0";"80,0";"21,7";"22,8";"21,7";"993,7";"993,7";"993,3";"0,7";"279,0";"2,2";"1104,10";"0,0"
"19/02/2023";"1400";"28,0";"28,0";"25,4";"67,0";"83,0";"63,0";"21,4";"22,7";"19,9";"993,7";"993,7";"993,6";"2,5";"242,0";"4,9";"2410,70";"0,0"
"19/02/2023";"1500";"27,7";"28,7";"26,6";"63,0";"70,0";"61,0";"20,0";"21,4";"19,5";"993,4";"993,8";"993,4";"2,9";"251,0";"5,8";"2425,00";"0,2"
"19/02/2023";"1600";"29,4";"29,7";"27,3";"58,0";"69,0";"57,0";"20,4";"21,8";"19,7";"992,4";"993,4";"992,4";"2,6";"236,0";"6,2";"3300,40";"0,0"
"19/02/2023";"1700";"29,7";"30,2";"28,1";"55,0";"64,0";"55,0";"19,8";"21,5";"19,6";"990,9";"992,4";"990,9";"2,5";"251,0";"6,4";"3113,90";"0,0"
"19/02/2023";"1800";"30,4";"30,7";"29,5";"59,0";"59,0";"52,0";"21,5";"21,5";"19,1";"989,4";"990,8";"989,4";"2,5";"235,0";"6,1";"3302,10";"0,0"
"19/02/2023";"1900";"31,1";"31,2";"29,9";"52,0";"59,0";"50,0";"20,1";"20,8";"18,7";"988,2";"989,4";"988,2";"1,7";"236,0";"5,2";"2856,30";"0,0"
"19/02/2023";"2000";"31,0";"31,3";"30,4";"50,0";"54,0";"49,0";"19,5";"20,6";"18,4";"987,8";"988,2";"987,7";"1,6";"291,0";"4,7";"2144,20";"0,0"
"19/02/2023";"2100";"30,7";"31,2";"29,9";"52,0";"56,0";"48,0";"19,8";"20,5";"18,7";"988,0";"988,0";"987,7";"1,1";"261,0";"3,7";"1246,30";"0,0"
"19/02/2023";"2200";"28,8";"31,0";"28,8";"62,0";"63,0";"49,0";"20,8";"21,2";"18,5";"988,6";"988,6";"988,0";"0,1";"231,0";"3,1";"493,20";"0,0"
"19/02/2023";"2300";"26,2";"28,8";"26,2";"78,0";"78,0";"62,0";"22,1";"22,6";"20,5";"989,6";"989,6";"988,6";"1,9";"226,0";"3,6";"8,20";"0,0"
"20/02/2023";"0000";"";"";"";"";"";"";"";"";"";"";"";"";"";"";"";"";""
"20/02/2023";"0100";"23,1";"25,6";"23,1";"89,0";"92,0";"83,0";"21,3";"22,5";"21,2";"991,3";"991,3";"990,5";"0,7";"210,0";"2,8";"";"1,4"
"20/02/2023";"0200";"22,3";"23,1";"22,3";"89,0";"91,0";"86,0";"20,4";"21,3";"20,3";"992,2";"992,2";"991,3";"2,3";"219,0";"4,7";"";"0,2"
"20/02/2023";"0300";"21,9";"22,3";"21,8";"96,0";"96,0";"89,0";"21,2";"21,2";"20,4";"992,1";"992,4";"992,1";"2,4";"234,0";"4,6";"";"7,8"
"20/02/2023";"0400";"22,1";"22,1";"21,9";"96,0";"96,0";"96,0";"21,4";"21,4";"21,2";"991,7";"992,1";"991,7";"0,2";"219,0";"3,8";"0,30";"0,2"
"20/02/2023";"0500";"22,1";"22,2";"22,0";"96,0";"96,0";"96,0";"21,4";"21,5";"21,4";"991,2";"991,7";"991,2";"1,3";"249,0";"2,4";"0,30";"0,0"
"20/02/2023";"0600";"22,0";"22,1";"22,0";"96,0";"96,0";"96,0";"21,4";"21,4";"21,3";"990,8";"991,2";"990,7";"1,2";"235,0";"3,2";"0,40";"3,2"
"20/02/2023";"0700";"22,1";"22,1";"22,0";"96,0";"96,0";"96,0";"21,4";"21,4";"21,3";"990,5";"990,9";"990,5";"0,5";"211,0";"3,8";"0,10";"2,6"
"20/02/2023";"0800";"21,2";"22,1";"21,2";"96,0";"96,0";"96,0";"20,6";"21,5";"20,6";"991,0";"991,0";"990,5";"2,0";"210,0";"6,5";"1,50";"9,4"
"20/02/2023";"0900";"20,9";"21,2";"20,8";"96,0";"96,0";"96,0";"20,3";"20,6";"20,2";"991,6";"991,6";"991,0";"0,3";"222,0";"5,6";"0,20";"7,0"
"20/02/2023";"1000";"20,8";"20,9";"20,7";"96,0";"96,0";"96,0";"20,2";"20,3";"20,1";"992,0";"992,0";"991,6";"0,1";"279,0";"2,8";"";"6,0"
"20/02/2023";"1100";"20,9";"20,9";"20,7";"96,0";"96,0";"96,0";"20,2";"20,2";"20,1";"993,1";"993,1";"992,0";"0,1";"303,0";"2,4";"8,90";"6,2"
"20/02/2023";"1200";"21,0";"21,0";"20,8";"96,0";"96,0";"96,0";"20,3";"20,4";"20,2";"994,0";"994,0";"993,1";"0,0";"334,0";"1,3";"41,00";"2,4"
"20/02/2023";"1300";"21,3";"21,3";"20,9";"96,0";"96,0";"96,0";"20,6";"20,7";"20,3";"994,6";"994,6";"994,0";"0,0";"337,0";"1,1";"116,20";"1,2"
"20/02/2023";"1400";"21,6";"21,6";"21,2";"96,0";"96,0";"96,0";"20,9";"21,0";"20,6";"994,8";"994,8";"994,6";"0,7";"323,0";"3,4";"180,40";"1,2"
"20/02/2023";"1500";"21,9";"22,0";"21,5";"96,0";"96,0";"96,0";"21,3";"21,4";"20,9";"994,8";"994,8";"994,7";"0,5";"307,0";"3,4";"306,20";"1,4"
"20/02/2023";"1600";"22,2";"22,3";"21,8";"96,0";"96,0";"96,0";"21,6";"21,7";"21,2";"994,3";"994,8";"994,3";"0,5";"324,0";"3,0";"419,00";"1,6"
"20/02/2023";"1700";"22,8";"22,8";"22,1";"94,0";"96,0";"94,0";"21,8";"22,0";"21,4";"993,5";"994,3";"993,5";"0,8";"317,0";"3,4";"696,00";"0,8"
"20/02/2023";"1800";"23,3";"23,4";"22,8";"92,0";"95,0";"91,0";"21,9";"22,3";"21,3";"992,4";"993,5";"992,4";"0,4";"318,0";"3,3";"841,30";"0,6"
"20/02/2023";"1900";"23,9";"24,4";"23,3";"90,0";"92,0";"85,0";"22,1";"22,6";"21,4";"991,4";"992,4";"991,4";"1,4";"318,0";"3,7";"1257,60";"0,0"
"20/02/2023";"2000";"24,7";"25,9";"23,9";"81,0";"90,0";"78,0";"21,2";"22,7";"21,2";"990,5";"991,4";"990,5";"0,8";"309,0";"5,0";"1377,20";"0,0"
"20/02/2023";"2100";"23,5";"24,7";"23,2";"88,0";"89,0";"80,0";"21,3";"21,5";"20,7";"990,3";"990,5";"990,3";"2,1";"306,0";"5,2";"630,10";"0,0"
"20/02/2023";"2200";"22,7";"23,6";"22,7";"90,0";"90,0";"85,0";"21,0";"21,6";"20,7";"990,9";"990,9";"990,3";"1,8";"302,0";"5,0";"232,80";"0,0"
"20/02/2023";"2300";"22,1";"22,7";"22,1";"92,0";"92,0";"90,0";"20,8";"21,0";"20,8";"991,6";"991,6";"990,9";"0,1";"324,0";"3,4";"10,50";"0,0"
"21/02/2023";"0000";"22,1";"22,2";"22,1";"94,0";"95,0";"92,0";"21,1";"21,3";"20,8";"992,5";"992,5";"991,6";"0,8";"323,0";"2,2";"";"0,0"
"21/02/2023";"0100";"21,9";"22,1";"21,9";"96,0";"96,0";"94,0";"21,1";"21,3";"21,1";"993,3";"993,3";"992,5";"0,0";"333,0";"2,2";"";"0,0"
"21/02/2023";"0200";"21,8";"21,9";"21,8";"96,0";"96,0";"96,0";"21,2";"21,2";"21,1";"993,9";"993,9";"993,3";"0,0";"335,0";"1,6";"";"0,2"
"21/02/2023";"0300";"21,8";"21,9";"21,8";"96,0";"96,0";"96,0";"21,1";"21,2";"21,1";"994,1";"994,1";"993,9";"0,0";"327,0";"0,8";"";"0,0"
"21/02/2023";"0400";"21,8";"21,9";"21,8";"96,0";"96,0";"96,0";"21,1";"21,2";"21,1";"993,7";"994,1";"993,7";"0,3";"328,0";"1,6";"";"0,0"
"21/02/2023";"0500";"21,7";"21,8";"21,7";"96,0";"96,0";"95,0";"21,0";"21,1";"21,0";"992,9";"993,7";"992,9";"0,1";"329,0";"1,7";"0,20";"0,0"
"21/02/2023";"0600";"21,7";"21,7";"21,7";"96,0";"96,0";"96,0";"21,0";"21,0";"20,9";"992,3";"992,9";"992,3";"0,3";"302,0";"2,2";"";"0,0"
"21/02/2023";"0700";"21,6";"21,7";"21,6";"96,0";"96,0";"96,0";"20,9";"21,0";"20,9";"991,9";"992,3";"991,9";"0,1";"319,0";"2,1";"";"0,0"
"21/02/2023";"0800";"21,4";"21,6";"21,4";"96,0";"96,0";"96,0";"20,8";"20,9";"20,8";"991,9";"991,9";"991,8";"0,3";"325,0";"2,3";"0,30";"0,0"
"21/02/2023";"0900";"21,4";"21,5";"21,4";"96,0";"96,0";"96,0";"20,8";"20,9";"20,7";"992,3";"992,3";"991,9";"0,1";"301,0";"1,6";"";"0,2"
"21/02/2023";"1000";"21,3";"21,4";"21,3";"96,0";"96,0";"96,0";"20,7";"20,8";"20,7";"992,9";"992,9";"992,3";"0,2";"318,0";"2,3";"0,10";"0,2"
"21/02/2023";"1100";"21,6";"21,6";"21,3";"96,0";"96,0";"96,0";"21,0";"21,0";"20,6";"993,9";"993,9";"992,9";"0,1";"322,0";"2,2";"64,90";"0,0"
"21/02/2023";"1200";"22,2";"22,2";"21,6";"95,0";"96,0";"95,0";"21,4";"21,4";"21,0";"994,9";"994,9";"993,9";"0,3";"312,0";"2,6";"241,00";"0,2"
"21/02/2023";"1300";"23,0";"23,0";"22,1";"92,0";"95,0";"91,0";"21,7";"21,7";"21,2";"995,4";"995,4";"994,9";"0,7";"323,0";"3,2";"537,70";"0,2"
"21/02/2023";"1400";"24,4";"24,5";"23,0";"82,0";"92,0";"81,0";"21,2";"22,4";"20,8";"995,5";"995,6";"995,4";"1,6";"315,0";"3,9";"1008,30";"0,0"
"21/02/2023";"1500";"27,3";"27,4";"24,4";"68,0";"84,0";"68,0";"20,9";"22,7";"20,9";"995,0";"995,5";"995,0";"0,6";"317,0";"4,1";"2017,50";"0,0"
"21/02/2023";"1600";"24,6";"28,3";"24,2";"84,0";"86,0";"67,0";"21,8";"22,6";"21,0";"994,2";"995,0";"994,2";"0,7";"323,0";"5,3";"2193,90";"0,2"
"21/02/2023";"1700";"28,6";"28,8";"24,6";"67,0";"90,0";"64,0";"21,7";"24,1";"20,8";"992,8";"994,2";"992,8";"2,0";"317,0";"5,8";"2717,20";"0,2"
"21/02/2023";"1800";"30,0";"30,5";"28,5";"62,0";"68,0";"57,0";"22,0";"23,7";"20,1";"991,2";"992,8";"991,2";"1,9";"312,0";"6,5";"3199,60";"0,0"
"21/02/2023";"1900";"29,4";"30,4";"27,6";"61,0";"66,0";"58,0";"21,1";"22,1";"19,7";"990,2";"991,2";"990,2";"1,2";"321,0";"6,0";"2118,00";"0,0"
"21/02/2023";"2000";"27,2";"29,7";"26,5";"74,0";"79,0";"60,0";"22,0";"22,9";"20,2";"990,0";"990,3";"990,0";"1,0";"312,0";"5,1";"1386,50";"0,2"
"21/02/2023";"2100";"27,6";"29,0";"27,1";"66,0";"75,0";"63,0";"20,6";"23,0";"20,3";"990,1";"990,1";"990,0";"1,5";"316,0";"5,0";"1310,50";"0,0"
"21/02/2023";"2200";"25,0";"27,6";"25,0";"78,0";"79,0";"66,0";"21,0";"21,5";"20,4";"990,9";"990,9";"990,1";"0,2";"297,0";"4,7";"335,50";"0,0"
"21/02/2023";"2300";"24,2";"25,0";"24,2";"83,0";"84,0";"78,0";"21,1";"21,3";"21,0";"992,1";"992,1";"990,9";"1,4";"320,0";"3,1";"8,70";"0,0"
"22/02/2023";"0000";"";"";"";"";"";"";"";"";"";"";"";"";"";"";"";"";""
"22/02/2023";"0100";"23,5";"23,8";"23,5";"85,0";"85,0";"84,0";"20,9";"21,1";"20,9";"993,8";"993,9";"993,0";"0,8";"306,0";"4,2";"";"0,0"
"22/02/2023";"0200";"23,3";"23,5";"23,1";"87,0";"89,0";"85,0";"20,9";"21,2";"20,9";"994,4";"994,4";"993,8";"0,5";"304,0";"2,3";"";"0,0"
"22/02/2023";"0300";"22,7";"23,3";"22,7";"91,0";"91,0";"87,0";"21,1";"21,2";"20,9";"994,7";"994,7";"994,4";"0,6";"284,0";"1,8";"";"0,0"
"22/02/2023";"0400";"22,5";"22,7";"22,5";"92,0";"92,0";"91,0";"21,1";"21,2";"21,1";"994,5";"994,7";"994,5";"0,6";"273,0";"2,3";"";"0,0"
"22/02/2023";"0500";"22,3";"22,5";"22,3";"94,0";"94,0";"92,0";"21,3";"21,3";"21,1";"994,1";"994,5";"994,1";"0,1";"324,0";"2,1";"";"0,0"
"22/02/2023";"0600";"22,1";"22,3";"22,1";"95,0";"95,0";"94,0";"21,3";"21,3";"21,2";"993,9";"994,1";"993,8";"0,4";"321,0";"1,9";"";"0,0"
"22/02/2023";"0700";"21,7";"22,1";"21,7";"95,0";"95,0";"95,0";"20,9";"21,3";"20,9";"993,8";"993,9";"993,8";"0,2";"333,0";"2,4";"";"0,8"
"22/02/2023";"0800";"21,5";"21,7";"21,4";"96,0";"96,0";"95,0";"20,8";"20,9";"20,7";"994,0";"994,0";"993,8";"0,0";"282,0";"1,3";"";"0,0"
"22/02/2023";"0900";"21,5";"21,6";"21,5";"96,0";"96,0";"96,0";"20,9";"21,0";"20,8";"994,4";"994,4";"993,9";"0,1";"270,0";"0,7";"";"0,0"
"22/02/2023";"1000";"21,6";"21,6";"21,5";"96,0";"96,0";"96,0";"20,9";"20,9";"20,8";"995,3";"995,3";"994,4";"0,0";"309,0";"0,7";"0,30";"0,0"
"22/02/2023";"1100";"22,0";"22,0";"21,5";"96,0";"96,0";"96,0";"21,4";"21,4";"20,9";"996,3";"996,3";"995,3";"0,1";"326,0";"1,8";"66,70";"0,2"
"22/02/2023";"1200";"21,9";"22,3";"21,9";"94,0";"96,0";"94,0";"20,9";"21,5";"20,9";"997,1";"997,1";"996,3";"1,3";"307,0";"4,6";"232,00";"0,6"
"22/02/2023";"1300";"22,9";"23,0";"21,2";"94,0";"96,0";"93,0";"21,9";"22,0";"20,1";"997,7";"997,7";"997,1";"0,9";"311,0";"7,4";"642,60";"2,2"
"22/02/2023";"1400";"26,0";"26,3";"22,7";"75,0";"94,0";"75,0";"21,3";"22,7";"20,9";"997,8";"997,8";"997,7";"1,0";"312,0";"4,5";"1540,90";"0,0"
"22/02/2023";"1500";"27,6";"27,9";"25,7";"65,0";"76,0";"65,0";"20,5";"22,2";"20,1";"997,3";"997,8";"997,3";"1,5";"317,0";"5,1";"3044,10";"0,0"
"22/02/2023";"1600";"29,0";"29,2";"27,2";"58,0";"72,0";"58,0";"20,0";"22,3";"20,0";"996,6";"997,3";"996,6";"1,5";"320,0";"4,7";"3048,20";"0,0"
"22/02/2023";"1700";"27,0";"30,1";"27,0";"69,0";"70,0";"57,0";"20,9";"22,3";"19,8";"995,6";"996,6";"995,5";"1,5";"304,0";"4,7";"2070,20";"0,0"
"22/02/2023";"1800";"28,3";"28,4";"25,1";"68,0";"84,0";"65,0";"21,9";"22,7";"20,6";"994,0";"995,6";"994,0";"1,5";"307,0";"4,4";"2329,00";"0,2"
"22/02/2023";"1900";"28,4";"30,5";"27,8";"64,0";"68,0";"57,0";"20,9";"21,9";"20,0";"992,5";"994,0";"992,5";"1,1";"318,0";"5,6";"2239,30";"0,0"
"22/02/2023";"2000";"29,4";"30,0";"27,4";"57,0";"71,0";"57,0";"19,9";"22,7";"19,9";"991,6";"992,5";"991,6";"1,2";"318,0";"4,4";"1884,30";"0,0"
"22/02/2023";"2100";"28,6";"29,5";"28,4";"62,0";"64,0";"57,0";"20,7";"21,6";"20,0";"991,3";"991,6";"991,2";"1,6";"285,0";"5,0";"1503,70";"0,0"
"22/02/2023";"2200";"26,7";"28,6";"26,7";"71,0";"71,0";"62,0";"21,0";"21,5";"20,3";"991,8";"991,8";"991,3";"1,6";"276,0";"3,4";"593,10";"0,0"
"22/02/2023";"2300";"25,1";"26,7";"25,1";"79,0";"80,0";"71,0";"21,3";"21,5";"21,0";"992,9";"992,9";"991,8";"0,9";"223,0";"2,5";"15,60";"0,0"
"23/02/2023";"0000";"24,5";"25,1";"24,2";"85,0";"85,0";"79,0";"21,8";"21,8";"21,2";"993,9";"993,9";"992,9";"0,3";"242,0";"1,4";"";"0,0"
"23/02/2023";"0100";"23,9";"24,7";"23,9";"89,0";"89,0";"83,0";"22,0";"22,4";"21,5";"995,0";"995,0";"993,9";"0,9";"195,0";"1,4";"0,30";"0,0"
"23/02/2023";"0200";"23,5";"24,3";"23,5";"92,0";"92,0";"85,0";"22,1";"22,1";"21,6";"996,1";"996,1";"995,0";"0,3";"196,0";"2,5";"";"0,0"
"23/02/2023";"0300";"23,2";"23,7";"23,2";"92,0";"92,0";"90,0";"21,8";"22,1";"21,8";"996,3";"996,4";"996,1";"0,8";"193,0";"2,2";"";"0,0"
"23/02/2023";"0400";"23,0";"23,2";"23,0";"94,0";"94,0";"92,0";"21,9";"21,9";"21,8";"995,5";"996,3";"995,5";"1,1";"191,0";"1,9";"";"0,0"
"23/02/2023";"0500";"22,9";"23,0";"22,8";"94,0";"94,0";"94,0";"21,9";"22,0";"21,8";"994,9";"995,5";"994,9";"0,0";"217,0";"1,8";"";"0,0"
"23/02/2023";"0600";"22,7";"22,9";"22,7";"95,0";"95,0";"94,0";"21,9";"22,0";"21,8";"994,8";"994,9";"994,8";"0,4";"270,0";"1,8";"";"0,0"
"23/02/2023";"0700";"22,6";"22,8";"22,6";"96,0";"96,0";"95,0";"21,9";"22,0";"21,9";"994,6";"994,8";"994,6";"0,0";"229,0";"1,6";"";"0,0"
"23/02/2023";"0800";"22,4";"22,6";"22,4";"96,0";"96,0";"96,0";"21,7";"21,9";"21,7";"994,5";"994,6";"994,4";"0,0";"208,0";"0,0";"";"0,0"
"23/02/2023";"0900";"22,3";"22,4";"22,3";"96,0";"96,0";"96,0";"21,7";"21,7";"21,6";"994,9";"994,9";"994,5";"0,0";"231,0";"0,0";"";"0,0"
"23/02/2023";"1000";"22,2";"22,4";"22,2";"96,0";"96,0";"96,0";"21,6";"21,7";"21,6";"995,4";"995,4";"994,9";"0,4";"232,0";"1,6";"0,10";"0,0"
"23/02/2023";"1100";"22,5";"22,5";"22,2";"96,0";"96,0";"96,0";"21,9";"21,9";"21,5";"995,9";"995,9";"995,4";"0,9";"225,0";"1,9";"80,20";"0,0"
"23/02/2023";"1200";"24,6";"24,6";"22,5";"90,0";"96,0";"90,0";"22,9";"22,9";"21,9";"996,7";"996,7";"995,9";"1,1";"232,0";"2,8";"683,70";"0,0"
"23/02/2023";"1300";"26,3";"26,3";"24,5";"78,0";"90,0";"78,0";"22,2";"22,8";"21,6";"997,0";"997,1";"996,7";"1,1";"279,0";"3,1";"1558,80";"0,0"
"23/02/2023";"1400";"28,6";"29,1";"26,3";"62,0";"80,0";"61,0";"20,7";"22,9";"20,3";"997,0";"997,0";"996,9";"1,9";"305,0";"4,9";"2835,80";"0,0"
"23/02/2023";"1500";"29,6";"30,0";"28,5";"60,0";"66,0";"59,0";"21,0";"22,4";"20,6";"996,5";"997,0";"996,5";"1,9";"311,0";"5,0";"2989,60";"0,2"
"23/02/2023";"1600";"29,9";"31,3";"28,7";"60,0";"66,0";"55,0";"21,3";"22,5";"19,8";"995,6";"996,5";"995,6";"1,6";"306,0";"5,0";"2950,60";"0,0"
"23/02/2023";"1700";"29,2";"31,2";"29,1";"66,0";"66,0";"54,0";"22,2";"22,3";"20,2";"994,3";"995,6";"994,3";"0,8";"287,0";"5,4";"2347,00";"0,0"
"23/02/2023";"1800";"31,2";"31,5";"29,2";"55,0";"67,0";"53,0";"21,0";"23,2";"19,9";"993,0";"994,3";"993,0";"1,2";"236,0";"4,5";"2701,80";"0,0"
"23/02/2023";"1900";"31,1";"32,9";"30,4";"55,0";"61,0";"51,0";"21,1";"22,8";"20,3";"992,1";"993,0";"992,1";"0,7";"317,0";"5,3";"2484,00";"0,0"
"23/02/2023";"2000";"28,3";"31,1";"28,3";"67,0";"67,0";"53,0";"21,6";"22,8";"20,3";"991,6";"992,2";"991,5";"2,8";"252,0";"6,1";"1382,80";"0,0"
"23/02/2023";"2100";"27,4";"28,9";"27,2";"71,0";"76,0";"67,0";"21,8";"23,2";"21,6";"991,2";"991,6";"991,1";"1,8";"279,0";"6,1";"979,20";"0,0"
"23/02/2023";"2200";"26,2";"27,8";"26,2";"82,0";"82,0";"71,0";"22,8";"22,9";"22,0";"991,5";"991,5";"991,1";"1,2";"203,0";"4,1";"435,10";"0,0"
"23/02/2023";"2300";"25,2";"26,2";"25,2";"85,0";"85,0";"82,0";"22,5";"23,0";"22,5";"992,0";"992,1";"991,5";"0,4";"212,0";"2,6";"9,50";"0,0"
"24/02/2023";"0000";"24,6";"25,3";"24,4";"89,0";"90,0";"83,0";"22,6";"22,8";"22,2";"992,6";"992,6";"992,0";"0,0";"271,0";"1,3";"";"0,0"
"24/02/2023";"0100";"24,1";"24,6";"23,9";"93,0";"93,0";"89,0";"22,8";"22,8";"22,6";"993,7";"993,7";"992,6";"0,7";"209,0";"1,7";"";"0,0"
"24/02/2023";"0200";"24,0";"24,1";"23,9";"94,0";"94,0";"93,0";"22,9";"22,9";"22,8";"994,6";"994,6";"993,7";"0,6";"202,0";"1,7";"";"0,0"
"24/02/2023";"0300";"23,7";"24,0";"23,7";"93,0";"94,0";"92,0";"22,4";"22,9";"22,4";"994,3";"994,6";"994,3";"0,8";"201,0";"1,9";"";"0,0"
"24/02/2023";"0400";"23,4";"23,7";"23,3";"94,0";"94,0";"93,0";"22,4";"22,5";"22,3";"994,2";"994,4";"994,1";"0,1";"196,0";"1,5";"";"0,0"
"24/02/2023";"0500";"23,1";"23,4";"23,0";"95,0";"95,0";"94,0";"22,3";"22,4";"22,2";"993,4";"994,2";"993,4";"0,9";"188,0";"1,4";"";"0,0"
"24/02/2023";"0600";"22,9";"23,1";"22,8";"96,0";"96,0";"95,0";"22,2";"22,3";"22,0";"992,9";"993,4";"992,9";"0,1";"206,0";"1,8";"";"0,0"
"24/02/2023";"0700";"22,9";"23,0";"22,7";"94,0";"96,0";"94,0";"21,9";"22,3";"21,9";"992,6";"992,9";"992,6";"0,8";"192,0";"2,4";"";"0,0"
"24/02/2023";"0800";"22,5";"22,9";"22,5";"95,0";"95,0";"94,0";"21,6";"21,9";"21,6";"992,9";"992,9";"992,6";"0,0";"216,0";"1,9";"";"0,0"
"24/02/2023";"0900";"22,2";"22,5";"22,1";"96,0";"96,0";"95,0";"21,5";"21,7";"21,4";"993,1";"993,1";"992,9";"0,1";"235,0";"0,8";"";"0,0"
"24/02/2023";"1000";"21,9";"22,2";"21,8";"96,0";"96,0";"96,0";"21,3";"21,6";"21,2";"993,7";"993,7";"993,1";"0,0";"304,0";"0,8";"0,30";"0,0"
"24/02/2023";"1100";"22,5";"22,6";"21,9";"96,0";"96,0";"96,0";"21,9";"21,9";"21,3";"994,5";"994,5";"993,7";"1,4";"312,0";"2,8";"158,10";"0,0"
"24/02/2023";"1200";"23,8";"23,8";"22,5";"96,0";"96,0";"96,0";"23,0";"23,0";"21,9";"995,5";"995,5";"994,4";"1,0";"292,0";"2,8";"610,20";"0,0"
"24/02/2023";"1300";"26,0";"26,4";"23,8";"84,0";"96,0";"82,0";"23,1";"23,6";"22,3";"996,4";"996,4";"995,5";"1,3";"264,0";"2,8";"1571,90";"0,0"
"24/02/2023";"1400";"28,2";"28,4";"26,1";"74,0";"84,0";"74,0";"23,1";"23,7";"22,2";"996,3";"996,5";"996,3";"0,7";"257,0";"3,0";"2120,80";"0,0"
"24/02/2023";"1500";"29,9";"30,1";"28,1";"66,0";"75,0";"66,0";"22,9";"24,1";"22,1";"995,3";"996,3";"995,3";"1,2";"308,0";"2,6";"2344,10";"0,0"
"24/02/2023";"1600";"30,2";"31,6";"29,2";"61,0";"70,0";"61,0";"21,8";"24,3";"21,8";"993,9";"995,3";"993,9";"1,4";"308,0";"5,3";"2832,70";"0,0"
"24/02/2023";"1700";"21,6";"30,6";"21,6";"91,0";"91,0";"61,0";"20,1";"23,1";"19,4";"993,3";"993,9";"992,7";"2,9";"308,0";"6,7";"1609,80";"17,8"
"24/02/2023";"1800";"22,0";"22,4";"21,5";"93,0";"96,0";"91,0";"20,8";"21,7";"20,1";"992,1";"993,9";"992,0";"2,3";"202,0";"6,5";"104,00";"12,4"
"24/02/2023";"1900";"21,7";"22,0";"21,7";"95,0";"95,0";"93,0";"21,0";"21,1";"20,8";"991,1";"992,1";"991,1";"1,3";"187,0";"4,2";"60,70";"0,2"
"24/02/2023";"2000";"21,9";"21,9";"21,6";"96,0";"96,0";"95,0";"21,2";"21,2";"20,9";"990,0";"991,1";"989,9";"0,1";"223,0";"2,7";"94,50";"0,0"
"24/02/2023";"2100";"22,5";"22,5";"21,9";"95,0";"96,0";"95,0";"21,7";"21,7";"21,3";"990,6";"990,6";"989,8";"0,4";"214,0";"2,4";"262,40";"0,2"
"24/02/2023";"2200";"22,6";"22,7";"22,5";"94,0";"95,0";"94,0";"21,6";"21,9";"21,6";"992,0";"992,0";"990,6";"1,2";"198,0";"2,4";"147,20";"0,0"
"24/02/2023";"2300";"22,2";"22,6";"22,2";"95,0";"96,0";"94,0";"21,5";"21,6";"21,4";"991,7";"992,0";"991,2";"0,7";"254,0";"3,0";"6,60";"0,0"
"25/02/2023";"0000";"22,3";"22,4";"22,2";"96,0";"96,0";"95,0";"21,6";"21,7";"21,5";"992,9";"992,9";"991,7";"0,1";"234,0";"2,0";"";"0,0"
"25/02/2023";"0100";"22,1";"22,5";"22,1";"96,0";"96,0";"96,0";"21,5";"21,8";"21,4";"994,7";"994,7";"992,9";"0,1";"279,0";"1,8";"";"0,0"
"25/02/2023";"0200";"22,0";"22,2";"22,0";"96,0";"96,0";"96,0";"21,3";"21,5";"21,3";"995,1";"995,1";"994,6";"0,0";"305,0";"0,9";"";"0,0"
"25/02/2023";"0300";"21,8";"22,0";"21,8";"96,0";"96,0";"96,0";"21,1";"21,4";"21,1";"994,8";"995,2";"994,8";"0,1";"205,0";"0,9";"";"0,0"
"25/02/2023";"0400";"21,8";"21,9";"21,7";"96,0";"96,0";"96,0";"21,1";"21,2";"21,1";"994,2";"994,8";"994,1";"0,2";"296,0";"1,7";"";"0,0"
"25/02/2023";"0500";"21,8";"21,9";"21,7";"96,0";"96,0";"96,0";"21,1";"21,2";"21,1";"993,9";"994,2";"993,9";"0,1";"199,0";"1,3";"";"0,0"
"25/02/2023";"0600";"21,8";"21,9";"21,7";"96,0";"96,0";"96,0";"21,1";"21,2";"21,0";"993,7";"993,9";"993,6";"1,4";"218,0";"2,5";"";"0,0"
"25/02/2023";"0700";"21,6";"21,8";"21,6";"96,0";"96,0";"96,0";"20,9";"21,1";"20,9";"993,4";"993,7";"993,3";"0,9";"209,0";"2,6";"0,40";"0,0"
"25/02/2023";"0800";"21,6";"21,6";"21,5";"96,0";"96,0";"96,0";"20,9";"21,0";"20,8";"993,2";"993,4";"993,1";"0,0";"245,0";"1,6";"";"0,0"
"25/02/2023";"0900";"21,4";"21,6";"21,4";"96,0";"96,0";"96,0";"20,8";"20,9";"20,8";"993,4";"993,4";"993,1";"0,4";"201,0";"1,5";"";"0,0"
"25/02/2023";"1000";"21,5";"21,5";"21,3";"96,0";"96,0";"96,0";"20,8";"20,9";"20,7";"993,6";"993,6";"993,3";"0,0";"287,0";"1,4";"0,10";"0,0"
"25/02/2023";"1100";"21,7";"21,7";"21,3";"96,0";"96,0";"96,0";"21,0";"21,0";"20,7";"994,4";"994,4";"993,6";"0,2";"257,0";"1,1";"105,30";"0,0"
"25/02/2023";"1200";"22,2";"22,4";"21,6";"96,0";"96,0";"96,0";"21,6";"21,8";"21,0";"995,3";"995,3";"994,4";"0,4";"204,0";"1,7";"469,20";"0,0"
"25/02/2023";"1300";"24,4";"24,5";"22,2";"92,0";"96,0";"92,0";"23,0";"23,3";"21,6";"995,9";"995,9";"995,3";"0,4";"313,0";"2,2";"785,70";"0,0"
"25/02/2023";"1400";"26,1";"26,1";"24,4";"80,0";"92,0";"80,0";"22,3";"23,0";"21,6";"996,0";"996,2";"995,9";"2,2";"277,0";"3,7";"1461,90";"0,0"
"25/02/2023";"1500";"27,1";"27,4";"25,6";"75,0";"81,0";"70,0";"22,4";"23,0";"20,7";"995,7";"996,2";"995,7";"2,0";"297,0";"5,6";"2468,90";"0,0"
"25/02/2023";"1600";"28,4";"28,7";"27,2";"65,0";"75,0";"63,0";"21,3";"22,6";"20,7";"994,2";"995,7";"994,2";"1,2";"240,0";"4,7";"3592,50";"0,0"
"25/02/2023";"1700";"30,6";"31,1";"28,3";"56,0";"67,0";"54,0";"20,7";"22,7";"20,2";"993,2";"994,2";"993,2";"1,9";"305,0";"5,1";"3573,80";"0,2"
"25/02/2023";"1800";"29,7";"31,0";"29,1";"59,0";"62,0";"51,0";"20,7";"22,0";"19,1";"991,9";"993,2";"991,9";"1,7";"295,0";"5,3";"2555,70";"0,0"
"25/02/2023";"1900";"30,0";"30,6";"28,9";"56,0";"60,0";"52,0";"20,3";"21,3";"19,0";"990,7";"991,9";"990,7";"2,3";"299,0";"6,5";"2596,00";"0,0"
"25/02/2023";"2000";"30,1";"31,0";"28,9";"56,0";"59,0";"50,0";"20,4";"21,2";"18,5";"989,8";"990,7";"989,8";"2,1";"314,0";"6,2";"1968,70";"0,0"
"25/02/2023";"2100";"28,2";"30,5";"28,2";"63,0";"63,0";"51,0";"20,5";"20,6";"18,7";"990,2";"990,2";"989,7";"1,2";"313,0";"6,4";"1032,10";"0,0"
"25/02/2023";"2200";"26,0";"28,2";"26,0";"73,0";"73,0";"62,0";"20,7";"20,7";"19,9";"990,6";"990,6";"989,9";"0,7";"323,0";"4,2";"202,30";"0,0"
"25/02/2023";"2300";"24,8";"26,0";"24,7";"80,0";"81,0";"73,0";"21,1";"21,4";"20,6";"991,1";"991,1";"990,6";"0,6";"327,0";"2,9";"8,40";"0,0"
"26/02/2023";"0000";"23,9";"24,8";"23,9";"83,0";"83,0";"80,0";"20,9";"21,2";"20,7";"992,1";"992,1";"991,1";"0,1";"323,0";"2,4";"";"0,0"
"26/02/2023";"0100";"23,9";"23,9";"23,4";"84,0";"86,0";"83,0";"21,0";"21,1";"20,8";"993,2";"993,2";"992,1";"0,9";"305,0";"2,0";"";"0,0"
"26/02/2023";"0200";"23,3";"23,9";"23,3";"87,0";"87,0";"84,0";"21,1";"21,2";"21,0";"993,7";"993,8";"993,2";"1,0";"307,0";"2,8";"";"0,0"
"26/02/2023";"0300";"";"";"";"";"";"";"";"";"";"";"";"";"";"";"";"";""
"26/02/2023";"0400";"22,8";"22,9";"22,7";"93,0";"93,0";"91,0";"21,6";"21,6";"21,3";"993,6";"994,2";"993,6";"0,0";"308,0";"2,3";"";"0,0"
"26/02/2023";"0500";"22,6";"22,9";"22,5";"95,0";"95,0";"92,0";"21,7";"21,7";"21,4";"992,9";"993,6";"992,9";"0,0";"285,0";"1,4";"";"0,0"
"26/02/2023";"0600";"22,5";"22,6";"22,4";"95,0";"95,0";"94,0";"21,6";"21,7";"21,5";"992,7";"993,0";"992,7";"0,1";"318,0";"1,2";"";"0,0"
"26/02/2023";"0700";"22,4";"22,5";"22,4";"95,0";"95,0";"95,0";"21,6";"21,7";"21,6";"992,5";"992,7";"992,5";"0,0";"296,0";"0,8";"";"0,0"
"26/02/2023";"0800";"22,2";"22,4";"22,2";"96,0";"96,0";"95,0";"21,5";"21,7";"21,4";"992,4";"992,6";"992,3";"0,0";"307,0";"1,9";"";"0,0"
"26/02/2023";"0900";"22,3";"22,3";"22,0";"96,0";"96,0";"96,0";"21,6";"21,6";"21,3";"993,1";"993,1";"992,4";"0,0";"323,0";"0,9";"0,60";"0,0"
"26/02/2023";"1000";"22,3";"22,4";"22,3";"96,0";"96,0";"96,0";"21,7";"21,7";"21,6";"993,4";"993,4";"993,1";"0,6";"313,0";"2,9";"0,20";"0,0"
"26/02/2023";"1100";"22,6";"22,7";"22,3";"96,0";"96,0";"96,0";"21,9";"22,0";"21,6";"994,2";"994,2";"993,4";"0,6";"323,0";"3,0";"67,50";"0,0"
"26/02/2023";"1200";"23,8";"24,0";"22,6";"91,0";"96,0";"91,0";"22,2";"22,9";"21,9";"995,3";"995,3";"994,2";"1,2";"322,0";"3,4";"478,90";"0,0"
"26/02/2023";"1300";"26,2";"26,3";"23,8";"78,0";"91,0";"78,0";"22,0";"22,8";"21,7";"995,5";"995,6";"995,3";"0,8";"313,0";"4,0";"1142,30";"0,0"
"26/02/2023";"1400";"27,3";"27,9";"25,7";"69,0";"79,0";"69,0";"21,1";"23,0";"20,4";"996,0";"996,0";"995,5";"1,6";"289,0";"4,6";"1845,20";"0,0"
"26/02/2023";"1500";"29,1";"29,2";"26,6";"63,0";"74,0";"62,0";"21,2";"22,4";"20,5";"995,6";"996,0";"995,6";"2,5";"303,0";"6,4";"3422,20";"0,0"
"26/02/2023";"1600";"28,9";"30,0";"28,1";"59,0";"66,0";"57,0";"20,1";"21,8";"20,0";"995,0";"995,6";"995,0";"1,8";"303,0";"7,8";"2975,70";"0,0"
"26/02/2023";"1700";"30,9";"31,7";"28,2";"58,0";"64,0";"54,0";"21,7";"22,7";"19,9";"993,5";"995,0";"993,5";"1,2";"313,0";"5,3";"2741,90";"0,0"
"26/02/2023";"1800";"31,1";"31,6";"29,7";"55,0";"62,0";"53,0";"21,0";"22,7";"20,3";"992,2";"993,5";"992,2";"1,3";"300,0";"4,7";"2771,20";"0,0"
"26/02/2023";"1900";"29,7";"32,2";"28,7";"56,0";"64,0";"49,0";"20,0";"22,5";"19,2";"991,2";"992,2";"991,2";"1,1";"304,0";"5,2";"2127,70";"0,0"
"26/02/2023";"2000";"31,3";"31,3";"28,7";"54,0";"65,0";"51,0";"20,7";"22,1";"19,6";"989,9";"991,2";"989,9";"0,8";"301,0";"3,6";"1374,80";"0,0"
"26/02/2023";"2100";"30,7";"31,8";"30,5";"53,0";"56,0";"49,0";"19,9";"21,1";"19,2";"989,2";"989,9";"989,2";"0,7";"305,0";"3,9";"993,90";"0,0"
"26/02/2023";"2200";"28,5";"30,9";"28,5";"60,0";"61,0";"51,0";"20,0";"21,1";"19,2";"989,4";"989,4";"989,0";"0,3";"270,0";"2,9";"383,70";"0,0"
"26/02/2023";"2300";"26,4";"28,5";"26,2";"74,0";"75,0";"59,0";"21,4";"21,5";"19,8";"991,0";"991,0";"989,4";"0,0";"262,0";"1,7";"5,10";"0,0"
"27/02/2023";"0000";"23,0";"26,5";"23,0";"91,0";"91,0";"74,0";"21,4";"22,1";"21,1";"992,3";"992,3";"990,9";"3,6";"295,0";"7,6";"";"4,2"
"27/02/2023";"0100";"22,9";"23,3";"22,8";"92,0";"93,0";"91,0";"21,5";"22,1";"21,5";"992,9";"992,9";"992,1";"1,4";"294,0";"7,6";"";"4,0"
"27/02/2023";"0200";"22,9";"23,2";"22,9";"93,0";"93,0";"90,0";"21,7";"21,8";"21,4";"993,8";"993,8";"992,9";"0,0";"245,0";"2,4";"";"0,0"
"27/02/2023";"0300";"22,8";"23,0";"22,8";"94,0";"94,0";"93,0";"21,8";"22,0";"21,8";"994,1";"994,2";"993,8";"0,7";"195,0";"2,7";"0,10";"0,0"
"27/02/2023";"0400";"22,7";"22,8";"22,6";"96,0";"96,0";"94,0";"22,0";"22,0";"21,8";"993,3";"994,1";"993,3";"0,8";"193,0";"1,7";"";"0,0"
"27/02/2023";"0500";"22,7";"22,9";"22,7";"96,0";"96,0";"95,0";"22,0";"22,2";"22,0";"993,0";"993,3";"993,0";"0,0";"299,0";"2,0";"";"0,0"
"27/02/2023";"0600";"22,5";"22,9";"22,5";"96,0";"96,0";"96,0";"21,9";"22,2";"21,9";"992,8";"993,2";"992,8";"0,7";"208,0";"1,9";"";"0,2"
"27/02/2023";"0700";"22,5";"22,6";"22,5";"96,0";"96,0";"96,0";"21,9";"21,9";"21,9";"992,9";"992,9";"992,7";"0,5";"198,0";"1,6";"";"0,0"
"27/02/2023";"0800";"22,6";"22,7";"22,5";"96,0";"96,0";"96,0";"21,9";"22,0";"21,9";"992,8";"992,9";"992,6";"0,8";"253,0";"1,5";"";"0,2"
"27/02/2023";"0900";"22,6";"22,6";"22,4";"96,0";"96,0";"96,0";"21,9";"22,0";"21,8";"993,3";"993,3";"992,8";"0,7";"230,0";"1,9";"0,20";"0,2"
"27/02/2023";"1000";"22,6";"22,6";"22,4";"96,0";"96,0";"96,0";"21,9";"22,0";"21,7";"993,8";"993,8";"993,1";"0,0";"313,0";"1,4";"0,20";"0,0"
"27/02/2023";"1100";"23,1";"23,2";"22,5";"96,0";"96,0";"96,0";"22,4";"22,5";"21,9";"995,0";"995,0";"993,7";"0,3";"291,0";"2,3";"138,40";"0,0"
"27/02/2023";"1200";"23,2";"23,5";"23,1";"92,0";"96,0";"92,0";"21,8";"22,7";"21,7";"996,3";"996,3";"995,0";"1,2";"323,0";"3,4";"354,30";"0,0"
"27/02/2023";"1300";"21,4";"23,3";"20,8";"96,0";"96,0";"85,0";"20,8";"21,9";"19,6";"997,1";"997,4";"996,3";"2,0";"313,0";"7,4";"293,30";"10,2"
"27/02/2023";"1400";"24,5";"25,0";"21,3";"80,0";"96,0";"78,0";"20,7";"22,4";"20,6";"997,0";"997,3";"997,0";"1,2";"308,0";"5,5";"1435,30";"0,2"
"27/02/2023";"1500";"25,0";"25,0";"23,9";"77,0";"83,0";"74,0";"20,8";"21,4";"19,9";"996,6";"997,0";"996,6";"0,5";"307,0";"3,0";"1469,60";"0,2"
"27/02/2023";"1600";"24,8";"25,3";"24,3";"76,0";"78,0";"72,0";"20,2";"21,2";"19,4";"995,8";"996,6";"995,8";"0,9";"267,0";"2,4";"1243,50";"0,0"
"27/02/2023";"1700";"27,4";"27,4";"24,8";"69,0";"77,0";"68,0";"21,2";"21,6";"20,3";"994,3";"995,8";"994,3";"1,4";"295,0";"4,2";"2251,60";"0,0"
"27/02/2023";"1800";"29,1";"29,4";"26,7";"63,0";"71,0";"62,0";"21,4";"22,9";"20,2";"993,1";"994,3";"993,1";"1,7";"294,0";"4,4";"3203,50";"0,0"
"27/02/2023";"1900";"30,6";"30,6";"28,0";"60,0";"70,0";"60,0";"22,1";"23,1";"20,9";"991,6";"993,1";"991,6";"1,9";"301,0";"5,1";"2041,70";"0,0"
"27/02/2023";"2000";"29,5";"31,1";"29,2";"65,0";"66,0";"56,0";"22,3";"22,5";"20,3";"991,1";"991,6";"990,8";"3,4";"265,0";"6,9";"1702,40";"0,0"
"27/02/2023";"2100";"28,3";"29,5";"27,8";"58,0";"73,0";"58,0";"19,3";"22,7";"19,3";"991,3";"991,3";"990,9";"1,8";"292,0";"6,5";"815,30";"0,0"
"27/02/2023";"2200";"25,7";"28,3";"25,7";"72,0";"73,0";"55,0";"20,3";"20,6";"18,5";"992,0";"992,0";"991,2";"1,5";"313,0";"3,9";"373,30";"0,0"
"27/02/2023";"2300";"24,0";"25,7";"24,0";"80,0";"80,0";"72,0";"20,3";"20,9";"20,3";"992,6";"992,6";"992,0";"0,3";"323,0";"3,5";"10,50";"0,0"
"28/02/2023";"0000";"23,1";"24,0";"22,9";"84,0";"85,0";"80,0";"20,3";"20,7";"20,1";"992,7";"992,7";"992,5";"0,4";"304,0";"2,0";"";"0,0"
"28/02/2023";"0100";"22,7";"23,1";"22,6";"88,0";"90,0";"84,0";"20,6";"20,8";"20,0";"994,0";"994,0";"992,7";"0,6";"183,0";"1,5";"";"0,0"
"28/02/2023";"0200";"22,8";"22,8";"22,5";"88,0";"90,0";"88,0";"20,8";"20,9";"20,6";"995,3";"995,3";"994,0";"0,9";"221,0";"1,6";"";"0,0"
"28/02/2023";"0300";"22,2";"22,9";"22,2";"89,0";"89,0";"86,0";"20,3";"20,7";"20,3";"995,9";"995,9";"995,3";"0,0";"338,0";"1,4";"";"0,0"
"28/02/2023";"0400";"22,1";"22,2";"22,0";"94,0";"94,0";"89,0";"21,0";"21,0";"20,3";"995,8";"996,1";"995,7";"0,4";"313,0";"1,1";"";"0,0"
"28/02/2023";"0500";"21,6";"22,1";"21,6";"95,0";"95,0";"93,0";"20,7";"21,0";"20,7";"995,5";"995,8";"995,5";"0,0";"288,0";"1,1";"";"0,0"
"28/02/2023";"0600";"21,7";"21,7";"21,6";"96,0";"96,0";"95,0";"21,0";"21,0";"20,7";"995,0";"995,5";"995,0";"0,3";"230,0";"1,0";"";"0,0"
"28/02/2023";"0700";"21,6";"21,7";"21,6";"96,0";"96,0";"96,0";"21,0";"21,1";"20,9";"994,8";"995,1";"994,8";"0,3";"207,0";"1,2";"";"0,0"
"28/02/2023";"0800";"21,7";"21,8";"21,6";"96,0";"96,0";"96,0";"21,1";"21,1";"20,9";"994,5";"994,8";"994,5";"0,0";"236,0";"1,1";"";"0,0"
"28/02/2023";"0900";"21,7";"21,8";"21,7";"96,0";"96,0";"96,0";"21,1";"21,2";"21,0";"994,8";"994,8";"994,4";"0,0";"308,0";"1,4";"";"0,0"
"28/02/2023";"1000";"21,4";"21,7";"21,3";"96,0";"96,0";"96,0";"20,8";"21,1";"20,7";"995,1";"995,1";"994,8";"0,0";"180,0";"0,5";"";"0,0"
"28/02/2023";"1100";"22,1";"22,1";"21,4";"96,0";"96,0";"96,0";"21,4";"21,4";"20,8";"996,0";"996,0";"995,1";"0,0";"264,0";"0,9";"80,30";"0,0"
"28/02/2023";"1200";"23,5";"23,5";"22,1";"93,0";"96,0";"93,0";"22,3";"22,5";"21,5";"996,7";"996,7";"996,0";"0,5";"203,0";"1,3";"534,00";"0,0"
"28/02/2023";"1300";"24,8";"25,1";"23,5";"82,0";"93,0";"79,0";"21,5";"22,5";"21,0";"997,3";"997,3";"996,7";"1,2";"296,0";"2,0";"1071,20";"0,0"
"28/02/2023";"1400";"25,0";"25,6";"24,7";"85,0";"85,0";"77,0";"22,2";"22,2";"21,0";"997,4";"997,5";"997,3";"1,1";"284,0";"2,6";"1068,00";"0,2"
"28/02/2023";"1500";"23,9";"25,0";"23,9";"89,0";"91,0";"82,0";"22,0";"22,5";"21,4";"997,3";"997,4";"997,1";"0,8";"211,0";"2,4";"777,90";"3,4"
"28/02/2023";"1600";"20,8";"23,9";"20,6";"96,0";"96,0";"85,0";"20,1";"22,3";"19,6";"997,1";"997,8";"997,1";"2,3";"221,0";"9,1";"158,00";"7,6"
"28/02/2023";"1700";"21,2";"21,3";"20,8";"95,0";"96,0";"95,0";"20,3";"20,5";"20,0";"995,7";"997,1";"995,7";"1,3";"239,0";"4,3";"393,90";"0,2"
"28/02/2023";"1800";"22,1";"22,1";"21,1";"92,0";"95,0";"92,0";"20,8";"20,8";"20,2";"993,8";"995,7";"993,8";"0,7";"207,0";"2,7";"571,60";"0,0"
"28/02/2023";"1900";"23,1";"23,1";"22,0";"86,0";"92,0";"85,0";"20,7";"20,8";"20,0";"993,1";"993,8";"993,1";"0,5";"218,0";"2,3";"830,70";"0,0"
"28/02/2023";"2000";"23,0";"23,1";"22,7";"87,0";"87,0";"85,0";"20,7";"20,7";"20,1";"992,2";"993,1";"992,2";"1,6";"231,0";"2,8";"678,50";"0,0"
"28/02/2023";"2100";"22,8";"23,2";"22,7";"86,0";"87,0";"85,0";"20,3";"20,9";"20,2";"991,6";"992,2";"991,6";"1,6";"228,0";"3,4";"513,50";"0,0"
"28/02/2023";"2200";"22,4";"22,9";"22,4";"90,0";"90,0";"86,0";"20,6";"20,7";"20,3";"991,3";"991,7";"991,3";"0,8";"218,0";"3,0";"251,00";"0,0"
"28/02/2023";"2300";"21,6";"22,4";"21,6";"94,0";"94,0";"90,0";"20,6";"20,7";"20,6";"992,5";"992,5";"991,3";"0,0";"213,0";"1,9";"7,10";"0,0"
"01/03/2023";"0000";"21,4";"21,7";"21,4";"95,0";"95,0";"94,0";"20,7";"20,8";"20,6";"993,9";"993,9";"992,5";"0,4";"218,0";"1,8";"";"0,0"
"01/03/2023";"0100";"21,3";"21,6";"21,3";"96,0";"96,0";"95,0";"20,6";"20,9";"20,6";"994,8";"994,8";"993,9";"0,8";"208,0";"2,5";"";"0,0"
"01/03/2023";"0200";"21,2";"21,4";"21,2";"96,0";"96,0";"96,0";"20,6";"20,7";"20,6";"995,6";"995,7";"994,8";"0,3";"220,0";"2,0";"";"0,0"
"01/03/2023";"0300";"21,3";"21,4";"21,2";"96,0";"96,0";"96,0";"20,7";"20,8";"20,5";"995,9";"995,9";"995,6";"1,2";"225,0";"2,0";"";"0,0"
"01/03/2023";"0400";"21,0";"21,3";"20,9";"96,0";"96,0";"96,0";"20,4";"20,7";"20,3";"995,2";"995,9";"995,2";"0,0";"218,0";"2,0";"";"0,0"
"01/03/2023";"0500";"21,0";"21,1";"20,9";"96,0";"96,0";"96,0";"20,4";"20,5";"20,3";"994,7";"995,2";"994,7";"0,2";"202,0";"1,6";"";"0,0"
"01/03/2023";"0600";"20,9";"21,0";"20,8";"96,0";"96,0";"96,0";"20,3";"20,4";"20,2";"994,2";"994,7";"994,2";"0,3";"253,0";"1,3";"";"0,0"
"01/03/2023";"0700";"20,9";"20,9";"20,9";"96,0";"96,0";"96,0";"20,3";"20,3";"20,2";"993,9";"994,2";"993,9";"0,1";"196,0";"1,3";"";"0,0"
"01/03/2023";"0800";"20,6";"20,9";"20,6";"96,0";"96,0";"96,0";"20,0";"20,3";"20,0";"993,9";"993,9";"993,8";"0,4";"194,0";"1,4";"";"0,0"
"01/03/2023";"0900";"20,5";"20,6";"20,4";"96,0";"96,0";"96,0";"19,9";"20,0";"19,8";"994,0";"994,0";"993,9";"0,1";"187,0";"1,4";"";"0,0"
"01/03/2023";"1000";"20,5";"20,5";"20,4";"96,0";"96,0";"96,0";"19,9";"19,9";"19,8";"994,5";"994,5";"994,0";"0,0";"264,0";"0,8";"";"0,0"
"01/03/2023";"1100";"21,3";"21,3";"20,5";"96,0";"96,0";"96,0";"20,6";"20,6";"19,9";"995,9";"995,9";"994,5";"1,8";"232,0";"4,5";"70,80";"0,0"
"01/03/2023";"1200";"22,2";"22,2";"21,3";"93,0";"96,0";"93,0";"20,9";"21,2";"20,7";"996,6";"996,6";"995,9";"1,3";"227,0";"4,5";"331,40";"0,0"
"01/03/2023";"1300";"23,6";"24,2";"22,1";"85,0";"93,0";"83,0";"20,9";"21,7";"20,6";"996,6";"996,7";"996,6";"0,8";"203,0";"2,6";"1002,30";"0,0"
"01/03/2023";"1400";"27,3";"27,5";"23,6";"69,0";"85,0";"67,0";"21,0";"22,5";"20,6";"996,5";"996,7";"996,5";"1,3";"286,0";"2,9";"2459,60";"0,0"
"01/03/2023";"1500";"29,3";"29,3";"27,2";"64,0";"71,0";"62,0";"21,9";"22,3";"20,5";"995,7";"996,5";"995,7";"1,1";"259,0";"3,5";"3079,00";"0,0"
"01/03/2023";"1600";"30,1";"30,4";"29,1";"61,0";"66,0";"58,0";"21,7";"23,1";"20,1";"994,6";"995,7";"994,6";"1,0";"297,0";"3,9";"3336,30";"0,2"
"01/03/2023";"1700";"30,0";"30,6";"29,3";"61,0";"66,0";"58,0";"21,7";"23,0";"20,8";"993,5";"994,6";"993,5";"1,5";"300,0";"4,4";"2656,50";"0,0"
"01/03/2023";"1800";"31,2";"31,8";"29,9";"55,0";"65,0";"52,0";"21,1";"23,2";"20,3";"992,1";"993,5";"992,1";"0,6";"312,0";"4,3";"2257,20";"0,0"
"01/03/2023";"1900";"30,7";"32,9";"30,2";"57,0";"60,0";"50,0";"21,2";"23,3";"20,5";"990,6";"992,1";"990,6";"1,1";"229,0";"3,6";"1770,50";"0,0"
"01/03/2023";"2000";"28,3";"31,5";"28,2";"67,0";"70,0";"54,0";"21,6";"22,5";"20,5";"989,8";"990,6";"989,8";"1,8";"316,0";"8,4";"824,80";"0,0"
"01/03/2023";"2100";"24,9";"28,3";"24,9";"84,0";"84,0";"67,0";"22,0";"22,4";"20,7";"989,6";"990,0";"989,6";"1,4";"192,0";"5,4";"353,60";"0,0"
"01/03/2023";"2200";"24,8";"25,0";"24,6";"86,0";"88,0";"84,0";"22,3";"22,6";"22,0";"989,8";"989,8";"989,4";"1,1";"223,0";"2,6";"83,30";"0,0"
"01/03/2023";"2300";"24,4";"24,8";"24,3";"89,0";"89,0";"86,0";"22,4";"22,4";"22,1";"990,5";"990,5";"989,8";"0,2";"240,0";"2,5";"5,10";"0,0"
"02/03/2023";"0000";"23,8";"24,5";"23,8";"91,0";"91,0";"89,0";"22,2";"22,7";"22,1";"991,4";"991,4";"990,5";"0,1";"220,0";"1,9";"";"0,0"
"02/03/2023";"0100";"23,5";"23,9";"23,5";"92,0";"92,0";"91,0";"22,1";"22,3";"22,1";"991,9";"991,9";"991,4";"0,4";"261,0";"1,5";"";"0,0"
"02/03/2023";"0200";"22,9";"23,5";"22,9";"94,0";"94,0";"92,0";"21,9";"22,1";"21,7";"993,0";"993,0";"991,9";"0,0";"236,0";"1,3";"";"0,0"
"02/03/2023";"0300";"22,9";"22,9";"22,7";"96,0";"96,0";"94,0";"22,2";"22,2";"21,8";"992,8";"993,0";"992,8";"0,0";"279,0";"0,9";"";"0,0"
"02/03/2023";"0400";"22,6";"23,0";"22,6";"96,0";"96,0";"95,0";"21,9";"22,3";"21,8";"992,9";"993,0";"992,7";"0,6";"189,0";"1,8";"";"0,0"
"02/03/2023";"0500";"22,5";"22,6";"22,5";"96,0";"96,0";"96,0";"21,8";"21,9";"21,8";"992,1";"992,9";"992,1";"0,0";"248,0";"1,4";"";"0,0"
"02/03/2023";"0600";"22,6";"22,6";"22,4";"96,0";"96,0";"96,0";"21,9";"21,9";"21,7";"991,8";"992,1";"991,8";"0,0";"328,0";"0,0";"";"0,0"
"02/03/2023";"0700";"22,9";"22,9";"22,6";"96,0";"96,0";"96,0";"22,2";"22,3";"21,9";"992,1";"992,1";"991,5";"1,3";"315,0";"5,5";"0,10";"0,0"
"02/03/2023";"0800";"21,8";"22,9";"21,6";"96,0";"96,0";"95,0";"21,1";"22,2";"20,9";"991,8";"992,1";"991,4";"1,9";"206,0";"6,4";"0,50";"3,4"
"02/03/2023";"0900";"21,8";"22,0";"21,8";"96,0";"96,0";"96,0";"21,2";"21,4";"21,1";"992,2";"992,3";"991,6";"1,1";"259,0";"2,9";"";"1,8"
"02/03/2023";"1000";"21,5";"21,8";"21,5";"96,0";"96,0";"96,0";"20,9";"21,1";"20,8";"992,8";"992,8";"992,2";"0,9";"238,0";"2,9";"0,30";"2,2"
"02/03/2023";"1100";"21,6";"21,6";"21,5";"96,0";"96,0";"96,0";"21,0";"21,0";"20,8";"993,7";"993,7";"992,8";"0,7";"194,0";"2,9";"37,90";"4,2"
"02/03/2023";"1200";"22,4";"22,5";"21,6";"96,0";"96,0";"96,0";"21,8";"21,9";"21,0";"995,0";"995,0";"993,8";"0,9";"198,0";"2,7";"344,00";"0,2"
"02/03/2023";"1300";"25,0";"25,0";"22,4";"86,0";"96,0";"86,0";"22,6";"22,9";"21,7";"995,5";"995,5";"995,0";"1,1";"198,0";"2,4";"1141,30";"0,0"
"02/03/2023";"1400";"26,1";"26,6";"24,7";"79,0";"86,0";"78,0";"22,3";"23,0";"22,0";"995,4";"995,5";"995,4";"0,8";"211,0";"2,5";"1417,20";"0,0"
"02/03/2023";"1500";"27,0";"27,1";"25,9";"77,0";"82,0";"74,0";"22,7";"23,2";"21,8";"995,0";"995,4";"995,0";"0,6";"255,0";"2,5";"1528,60";"0,2"
"02/03/2023";"1600";"28,0";"28,0";"26,7";"73,0";"78,0";"73,0";"22,8";"23,3";"21,9";"993,4";"995,0";"993,4";"0,7";"243,0";"3,0";"1948,00";"0,0"
"02/03/2023";"1700";"28,7";"28,7";"27,3";"71,0";"76,0";"69,0";"22,9";"23,4";"22,1";"991,5";"993,4";"991,5";"0,8";"310,0";"2,9";"1794,20";"0,2"
"02/03/2023";"1800";"29,3";"29,8";"28,3";"63,0";"72,0";"63,0";"21,7";"23,5";"21,5";"990,4";"991,5";"990,4";"0,9";"326,0";"4,6";"2327,90";"0,0"
"02/03/2023";"1900";"29,7";"31,6";"29,3";"63,0";"68,0";"56,0";"22,0";"23,5";"21,1";"989,9";"990,4";"989,8";"0,9";"323,0";"4,0";"2523,30";"0,0"
"02/03/2023";"2000";"";"";"";"";"";"";"";"";"";"";"";"";"";"";"";"";""
"02/03/2023";"2100";"";"";"";"";"";"";"";"";"";"";"";"";"";"";"";"";""
"02/03/2023";"2200";"";"";"";"";"";"";"";"";"";"";"";"";"";"";"";"";""
"02/03/2023";"2300";"";"";"";"";"";"";"";"";"";"";"";"";"";"";"";"";""
"03/03/2023";"0000";"";"";"";"";"";"";"";"";"";"";"";"";"";"";"";"";""
"03/03/2023";"0100";"";"";"";"";"";"";"";"";"";"";"";"";"";"";"";"";""
"03/03/2023";"0200";"";"";"";"";"";"";"";"";"";"";"";"";"";"";"";"";""
"03/03/2023";"0300";"";"";"";"";"";"";"";"";"";"";"";"";"";"";"";"";""
"03/03/2023";"0400";"";"";"";"";"";"";"";"";"";"";"";"";"";"";"";"";""
"03/03/2023";"0500";"";"";"";"";"";"";"";"";"";"";"";"";"";"";"";"";""
"03/03/2023";"0600";"";"";"";"";"";"";"";"";"";"";"";"";"";"";"";"";""
"03/03/2023";"0700";"";"";"";"";"";"";"";"";"";"";"";"";"";"";"";"";""
"03/03/2023";"0800";"";"";"";"";"";"";"";"";"";"";"";"";"";"";"";"";""
"03/03/2023";"0900";"";"";"";"";"";"";"";"";"";"";"";"";"";"";"";"";""
"03/03/2023";"1000";"";"";"";"";"";"";"";"";"";"";"";"";"";"";"";"";""
"03/03/2023";"1100";"";"";"";"";"";"";"";"";"";"";"";"";"";"";"";"";""
"03/03/2023";"1200";"";"";"";"";"";"";"";"";"";"";"";"";"";"";"";"";""
"03/03/2023";"1300";"";"";"";"";"";"";"";"";"";"";"";"";"";"";"";"";""
"03/03/2023";"1400";"";"";"";"";"";"";"";"";"";"";"";"";"";"";"";"";""
"03/03/2023";"1500";"";"";"";"";"";"";"";"";"";"";"";"";"";"";"";"";""
"03/03/2023";"1600";"";"";"";"";"";"";"";"";"";"";"";"";"";"";"";"";""
"03/03/2023";"1700";"";"";"";"";"";"";"";"";"";"";"";"";"";"";"";"";""
"03/03/2023";"1800";"";"";"";"";"";"";"";"";"";"";"";"";"";"";"";"";""
"03/03/2023";"1900";"";"";"";"";"";"";"";"";"";"";"";"";"";"";"";"";""
"03/03/2023";"2000";"";"";"";"";"";"";"";"";"";"";"";"";"";"";"";"";""
"03/03/2023";"2100";"";"";"";"";"";"";"";"";"";"";"";"";"";"";"";"";""
"03/03/2023";"2200";"";"";"";"";"";"";"";"";"";"";"";"";"";"";"";"";""
"03/03/2023";"2300";"";"";"";"";"";"";"";"";"";"";"";"";"";"";"";"";""
"04/03/2023";"0000";"";"";"";"";"";"";"";"";"";"";"";"";"";"";"";"";""
"04/03/2023";"0100";"";"";"";"";"";"";"";"";"";"";"";"";"";"";"";"";""
"04/03/2023";"0200";"";"";"";"";"";"";"";"";"";"";"";"";"";"";"";"";""
"04/03/2023";"0300";"";"";"";"";"";"";"";"";"";"";"";"";"";"";"";"";""
"04/03/2023";"0400";"";"";"";"";"";"";"";"";"";"";"";"";"";"";"";"";""
"04/03/2023";"0500";"";"";"";"";"";"";"";"";"";"";"";"";"";"";"";"";""
"04/03/2023";"0600";"";"";"";"";"";"";"";"";"";"";"";"";"";"";"";"";""
"04/03/2023";"0700";"";"";"";"";"";"";"";"";"";"";"";"";"";"";"";"";""
"04/03/2023";"0800";"";"";"";"";"";"";"";"";"";"";"";"";"";"";"";"";""
"04/03/2023";"0900";"";"";"";"";"";"";"";"";"";"";"";"";"";"";"";"";""
"04/03/2023";"1000";"";"";"";"";"";"";"";"";"";"";"";"";"";"";"";"";""
"04/03/2023";"1100";"";"";"";"";"";"";"";"";"";"";"";"";"";"";"";"";""
"04/03/2023";"1200";"";"";"";"";"";"";"";"";"";"";"";"";"";"";"";"";""
"04/03/2023";"1300";"";"";"";"";"";"";"";"";"";"";"";"";"";"";"";"";""
"04/03/2023";"1400";"";"";"";"";"";"";"";"";"";"";"";"";"";"";"";"";""
"04/03/2023";"1500";"";"";"";"";"";"";"";"";"";"";"";"";"";"";"";"";""
"04/03/2023";"1600";"";"";"";"";"";"";"";"";"";"";"";"";"";"";"";"";""
"04/03/2023";"1700";"";"";"";"";"";"";"";"";"";"";"";"";"";"";"";"";""
"04/03/2023";"1800";"";"";"";"";"";"";"";"";"";"";"";"";"";"";"";"";""
"04/03/2023";"1900";"";"";"";"";"";"";"";"";"";"";"";"";"";"";"";"";""
"04/03/2023";"2000";"";"";"";"";"";"";"";"";"";"";"";"";"";"";"";"";""
"04/03/2023";"2100";"";"";"";"";"";"";"";"";"";"";"";"";"";"";"";"";""
"04/03/2023";"2200";"";"";"";"";"";"";"";"";"";"";"";"";"";"";"";"";""
"04/03/2023";"2300";"";"";"";"";"";"";"";"";"";"";"";"";"";"";"";"";""
"05/03/2023";"0000";"";"";"";"";"";"";"";"";"";"";"";"";"";"";"";"";""
"05/03/2023";"0100";"";"";"";"";"";"";"";"";"";"";"";"";"";"";"";"";""
"05/03/2023";"0200";"";"";"";"";"";"";"";"";"";"";"";"";"";"";"";"";""
"05/03/2023";"0300";"";"";"";"";"";"";"";"";"";"";"";"";"";"";"";"";""
"05/03/2023";"0400";"";"";"";"";"";"";"";"";"";"";"";"";"";"";"";"";""
"05/03/2023";"0500";"";"";"";"";"";"";"";"";"";"";"";"";"";"";"";"";""
"05/03/2023";"0600";"";"";"";"";"";"";"";"";"";"";"";"";"";"";"";"";""
"05/03/2023";"0700";"";"";"";"";"";"";"";"";"";"";"";"";"";"";"";"";""
"05/03/2023";"0800";"";"";"";"";"";"";"";"";"";"";"";"";"";"";"";"";""
"05/03/2023";"0900";"";"";"";"";"";"";"";"";"";"";"";"";"";"";"";"";""
"05/03/2023";"1000";"";"";"";"";"";"";"";"";"";"";"";"";"";"";"";"";""
"05/03/2023";"1100";"";"";"";"";"";"";"";"";"";"";"";"";"";"";"";"";""
"05/03/2023";"1200";"";"";"";"";"";"";"";"";"";"";"";"";"";"";"";"";""
"05/03/2023";"1300";"";"";"";"";"";"";"";"";"";"";"";"";"";"";"";"";""
"05/03/2023";"1400";"";"";"";"";"";"";"";"";"";"";"";"";"";"";"";"";""
"05/03/2023";"1500";"";"";"";"";"";"";"";"";"";"";"";"";"";"";"";"";""
"05/03/2023";"1600";"";"";"";"";"";"";"";"";"";"";"";"";"";"";"";"";""
"05/03/2023";"1700";"";"";"";"";"";"";"";"";"";"";"";"";"";"";"";"";""
"05/03/2023";"1800";"";"";"";"";"";"";"";"";"";"";"";"";"";"";"";"";""
"05/03/2023";"1900";"";"";"";"";"";"";"";"";"";"";"";"";"";"";"";"";""
"05/03/2023";"2000";"";"";"";"";"";"";"";"";"";"";"";"";"";"";"";"";""
"05/03/2023";"2100";"";"";"";"";"";"";"";"";"";"";"";"";"";"";"";"";""
"05/03/2023";"2200";"";"";"";"";"";"";"";"";"";"";"";"";"";"";"";"";""
"05/03/2023";"2300";"";"";"";"";"";"";"";"";"";"";"";"";"";"";"";"";""
"06/03/2023";"0000";"";"";"";"";"";"";"";"";"";"";"";"";"";"";"";"";""
"06/03/2023";"0100";"";"";"";"";"";"";"";"";"";"";"";"";"";"";"";"";""
"06/03/2023";"0200";"";"";"";"";"";"";"";"";"";"";"";"";"";"";"";"";""
"06/03/2023";"0300";"";"";"";"";"";"";"";"";"";"";"";"";"";"";"";"";""
"06/03/2023";"0400";"";"";"";"";"";"";"";"";"";"";"";"";"";"";"";"";""
"06/03/2023";"0500";"";"";"";"";"";"";"";"";"";"";"";"";"";"";"";"";""
"06/03/2023";"0600";"";"";"";"";"";"";"";"";"";"";"";"";"";"";"";"";""
"06/03/2023";"0700";"";"";"";"";"";"";"";"";"";"";"";"";"";"";"";"";""
"06/03/2023";"0800";"";"";"";"";"";"";"";"";"";"";"";"";"";"";"";"";""
"06/03/2023";"0900";"";"";"";"";"";"";"";"";"";"";"";"";"";"";"";"";""
"06/03/2023";"1000";"";"";"";"";"";"";"";"";"";"";"";"";"";"";"";"";""
"06/03/2023";"1100";"";"";"";"";"";"";"";"";"";"";"";"";"";"";"";"";""
"06/03/2023";"1200";"";"";"";"";"";"";"";"";"";"";"";"";"";"";"";"";""
"06/03/2023";"1300";"";"";"";"";"";"";"";"";"";"";"";"";"";"";"";"";""
"06/03/2023";"1400";"";"";"";"";"";"";"";"";"";"";"";"";"";"";"";"";""
"06/03/2023";"1500";"";"";"";"";"";"";"";"";"";"";"";"";"";"";"";"";""
"06/03/2023";"1600";"";"";"";"";"";"";"";"";"";"";"";"";"";"";"";"";""
"06/03/2023";"1700";"";"";"";"";"";"";"";"";"";"";"";"";"";"";"";"";""
"06/03/2023";"1800";"";"";"";"";"";"";"";"";"";"";"";"";"";"";"";"";""
"06/03/2023";"1900";"";"";"";"";"";"";"";"";"";"";"";"";"";"";"";"";""
"06/03/2023";"2000";"";"";"";"";"";"";"";"";"";"";"";"";"";"";"";"";""
"06/03/2023";"2100";"";"";"";"";"";"";"";"";"";"";"";"";"";"";"";"";""
"06/03/2023";"2200";"";"";"";"";"";"";"";"";"";"";"";"";"";"";"";"";""
"06/03/2023";"2300";"";"";"";"";"";"";"";"";"";"";"";"";"";"";"";"";""
"07/03/2023";"0000";"";"";"";"";"";"";"";"";"";"";"";"";"";"";"";"";""
"07/03/2023";"0100";"";"";"";"";"";"";"";"";"";"";"";"";"";"";"";"";""
"07/03/2023";"0200";"";"";"";"";"";"";"";"";"";"";"";"";"";"";"";"";""
"07/03/2023";"0300";"";"";"";"";"";"";"";"";"";"";"";"";"";"";"";"";""
"07/03/2023";"0400";"";"";"";"";"";"";"";"";"";"";"";"";"";"";"";"";""
"07/03/2023";"0500";"";"";"";"";"";"";"";"";"";"";"";"";"";"";"";"";""
"07/03/2023";"0600";"";"";"";"";"";"";"";"";"";"";"";"";"";"";"";"";""
"07/03/2023";"0700";"";"";"";"";"";"";"";"";"";"";"";"";"";"";"";"";""
"07/03/2023";"0800";"";"";"";"";"";"";"";"";"";"";"";"";"";"";"";"";""
"07/03/2023";"0900";"";"";"";"";"";"";"";"";"";"";"";"";"";"";"";"";""
"07/03/2023";"1000";"";"";"";"";"";"";"";"";"";"";"";"";"";"";"";"";""
"07/03/2023";"1100";"";"";"";"";"";"";"";"";"";"";"";"";"";"";"";"";""
"07/03/2023";"1200";"";"";"";"";"";"";"";"";"";"";"";"";"";"";"";"";""
"07/03/2023";"1300";"";"";"";"";"";"";"";"";"";"";"";"";"";"";"";"";""
"07/03/2023";"1400";"";"";"";"";"";"";"";"";"";"";"";"";"";"";"";"";""
"07/03/2023";"1500";"";"";"";"";"";"";"";"";"";"";"";"";"";"";"";"";""
"07/03/2023";"1600";"";"";"";"";"";"";"";"";"";"";"";"";"";"";"";"";""
"07/03/2023";"1700";"";"";"";"";"";"";"";"";"";"";"";"";"";"";"";"";""
"07/03/2023";"1800";"";"";"";"";"";"";"";"";"";"";"";"";"";"";"";"";""
"07/03/2023";"1900";"";"";"";"";"";"";"";"";"";"";"";"";"";"";"";"";""
"07/03/2023";"2000";"";"";"";"";"";"";"";"";"";"";"";"";"";"";"";"";""
"07/03/2023";"2100";"";"";"";"";"";"";"";"";"";"";"";"";"";"";"";"";""
"07/03/2023";"2200";"";"";"";"";"";"";"";"";"";"";"";"";"";"";"";"";""
"07/03/2023";"2300";"";"";"";"";"";"";"";"";"";"";"";"";"";"";"";"";""
"08/03/2023";"0000";"";"";"";"";"";"";"";"";"";"";"";"";"";"";"";"";""
"08/03/2023";"0100";"";"";"";"";"";"";"";"";"";"";"";"";"";"";"";"";""
"08/03/2023";"0200";"";"";"";"";"";"";"";"";"";"";"";"";"";"";"";"";""
"08/03/2023";"0300";"";"";"";"";"";"";"";"";"";"";"";"";"";"";"";"";""
"08/03/2023";"0400";"";"";"";"";"";"";"";"";"";"";"";"";"";"";"";"";""
"08/03/2023";"0500";"";"";"";"";"";"";"";"";"";"";"";"";"";"";"";"";""
"08/03/2023";"0600";"";"";"";"";"";"";"";"";"";"";"";"";"";"";"";"";""
"08/03/2023";"0700";"";"";"";"";"";"";"";"";"";"";"";"";"";"";"";"";""
"08/03/2023";"0800";"";"";"";"";"";"";"";"";"";"";"";"";"";"";"";"";""
"08/03/2023";"0900";"";"";"";"";"";"";"";"";"";"";"";"";"";"";"";"";""
"08/03/2023";"1000";"";"";"";"";"";"";"";"";"";"";"";"";"";"";"";"";""
"08/03/2023";"1100";"";"";"";"";"";"";"";"";"";"";"";"";"";"";"";"";""
"08/03/2023";"1200";"";"";"";"";"";"";"";"";"";"";"";"";"";"";"";"";""
"08/03/2023";"1300";"";"";"";"";"";"";"";"";"";"";"";"";"";"";"";"";""
"08/03/2023";"1400";"";"";"";"";"";"";"";"";"";"";"";"";"";"";"";"";""
"08/03/2023";"1500";"";"";"";"";"";"";"";"";"";"";"";"";"";"";"";"";""
"08/03/2023";"1600";"";"";"";"";"";"";"";"";"";"";"";"";"";"";"";"";""
"08/03/2023";"1700";"";"";"";"";"";"";"";"";"";"";"";"";"";"";"";"";""
"08/03/2023";"1800";"";"";"";"";"";"";"";"";"";"";"";"";"";"";"";"";""
"08/03/2023";"1900";"";"";"";"";"";"";"";"";"";"";"";"";"";"";"";"";""
"08/03/2023";"2000";"";"";"";"";"";"";"";"";"";"";"";"";"";"";"";"";""
"08/03/2023";"2100";"";"";"";"";"";"";"";"";"";"";"";"";"";"";"";"";""
"08/03/2023";"2200";"";"";"";"";"";"";"";"";"";"";"";"";"";"";"";"";""
"08/03/2023";"2300";"";"";"";"";"";"";"";"";"";"";"";"";"";"";"";"";""
"09/03/2023";"0000";"";"";"";"";"";"";"";"";"";"";"";"";"";"";"";"";""
"09/03/2023";"0100";"";"";"";"";"";"";"";"";"";"";"";"";"";"";"";"";""
"09/03/2023";"0200";"";"";"";"";"";"";"";"";"";"";"";"";"";"";"";"";""
"09/03/2023";"0300";"";"";"";"";"";"";"";"";"";"";"";"";"";"";"";"";""
"09/03/2023";"0400";"";"";"";"";"";"";"";"";"";"";"";"";"";"";"";"";""
"09/03/2023";"0500";"";"";"";"";"";"";"";"";"";"";"";"";"";"";"";"";""
"09/03/2023";"0600";"";"";"";"";"";"";"";"";"";"";"";"";"";"";"";"";""
"09/03/2023";"0700";"";"";"";"";"";"";"";"";"";"";"";"";"";"";"";"";""
"09/03/2023";"0800";"";"";"";"";"";"";"";"";"";"";"";"";"";"";"";"";""
"09/03/2023";"0900";"";"";"";"";"";"";"";"";"";"";"";"";"";"";"";"";""
"09/03/2023";"1000";"";"";"";"";"";"";"";"";"";"";"";"";"";"";"";"";""
"09/03/2023";"1100";"";"";"";"";"";"";"";"";"";"";"";"";"";"";"";"";""
"09/03/2023";"1200";"";"";"";"";"";"";"";"";"";"";"";"";"";"";"";"";""
"09/03/2023";"1300";"";"";"";"";"";"";"";"";"";"";"";"";"";"";"";"";""
"09/03/2023";"1400";"";"";"";"";"";"";"";"";"";"";"";"";"";"";"";"";""
"09/03/2023";"1500";"";"";"";"";"";"";"";"";"";"";"";"";"";"";"";"";""
"09/03/2023";"1600";"";"";"";"";"";"";"";"";"";"";"";"";"";"";"";"";""
"09/03/2023";"1700";"";"";"";"";"";"";"";"";"";"";"";"";"";"";"";"";""
"09/03/2023";"1800";"";"";"";"";"";"";"";"";"";"";"";"";"";"";"";"";""
"09/03/2023";"1900";"";"";"";"";"";"";"";"";"";"";"";"";"";"";"";"";""
"09/03/2023";"2000";"";"";"";"";"";"";"";"";"";"";"";"";"";"";"";"";""
"09/03/2023";"2100";"";"";"";"";"";"";"";"";"";"";"";"";"";"";"";"";""
"09/03/2023";"2200";"";"";"";"";"";"";"";"";"";"";"";"";"";"";"";"";""
"09/03/2023";"2300";"";"";"";"";"";"";"";"";"";"";"";"";"";"";"";"";""
"10/03/2023";"0000";"";"";"";"";"";"";"";"";"";"";"";"";"";"";"";"";""
"10/03/2023";"0100";"";"";"";"";"";"";"";"";"";"";"";"";"";"";"";"";""
"10/03/2023";"0200";"";"";"";"";"";"";"";"";"";"";"";"";"";"";"";"";""
"10/03/2023";"0300";"";"";"";"";"";"";"";"";"";"";"";"";"";"";"";"";""
"10/03/2023";"0400";"";"";"";"";"";"";"";"";"";"";"";"";"";"";"";"";""
"10/03/2023";"0500";"";"";"";"";"";"";"";"";"";"";"";"";"";"";"";"";""
"10/03/2023";"0600";"";"";"";"";"";"";"";"";"";"";"";"";"";"";"";"";""
"10/03/2023";"0700";"";"";"";"";"";"";"";"";"";"";"";"";"";"";"";"";""
"10/03/2023";"0800";"";"";"";"";"";"";"";"";"";"";"";"";"";"";"";"";""
"10/03/2023";"0900";"";"";"";"";"";"";"";"";"";"";"";"";"";"";"";"";""
"10/03/2023";"1000";"";"";"";"";"";"";"";"";"";"";"";"";"";"";"";"";""
"10/03/2023";"1100";"";"";"";"";"";"";"";"";"";"";"";"";"";"";"";"";""
"10/03/2023";"1200";"";"";"";"";"";"";"";"";"";"";"";"";"";"";"";"";""
"10/03/2023";"1300";"";"";"";"";"";"";"";"";"";"";"";"";"";"";"";"";""
"10/03/2023";"1400";"";"";"";"";"";"";"";"";"";"";"";"";"";"";"";"";""
"10/03/2023";"1500";"";"";"";"";"";"";"";"";"";"";"";"";"";"";"";"";""
"10/03/2023";"1600";"";"";"";"";"";"";"";"";"";"";"";"";"";"";"";"";""
"10/03/2023";"1700";"";"";"";"";"";"";"";"";"";"";"";"";"";"";"";"";""
"10/03/2023";"1800";"";"";"";"";"";"";"";"";"";"";"";"";"";"";"";"";""
"10/03/2023";"1900";"";"";"";"";"";"";"";"";"";"";"";"";"";"";"";"";""
"10/03/2023";"2000";"";"";"";"";"";"";"";"";"";"";"";"";"";"";"";"";""
"10/03/2023";"2100";"";"";"";"";"";"";"";"";"";"";"";"";"";"";"";"";""
"10/03/2023";"2200";"";"";"";"";"";"";"";"";"";"";"";"";"";"";"";"";""
"10/03/2023";"2300";"";"";"";"";"";"";"";"";"";"";"";"";"";"";"";"";""
"11/03/2023";"0000";"";"";"";"";"";"";"";"";"";"";"";"";"";"";"";"";""
"11/03/2023";"0100";"";"";"";"";"";"";"";"";"";"";"";"";"";"";"";"";""
"11/03/2023";"0200";"";"";"";"";"";"";"";"";"";"";"";"";"";"";"";"";""
"11/03/2023";"0300";"";"";"";"";"";"";"";"";"";"";"";"";"";"";"";"";""
"11/03/2023";"0400";"";"";"";"";"";"";"";"";"";"";"";"";"";"";"";"";""
"11/03/2023";"0500";"";"";"";"";"";"";"";"";"";"";"";"";"";"";"";"";""
"11/03/2023";"0600";"";"";"";"";"";"";"";"";"";"";"";"";"";"";"";"";""
"11/03/2023";"0700";"";"";"";"";"";"";"";"";"";"";"";"";"";"";"";"";""
"11/03/2023";"0800";"";"";"";"";"";"";"";"";"";"";"";"";"";"";"";"";""
"11/03/2023";"0900";"";"";"";"";"";"";"";"";"";"";"";"";"";"";"";"";""
"11/03/2023";"1000";"";"";"";"";"";"";"";"";"";"";"";"";"";"";"";"";""
"11/03/2023";"1100";"";"";"";"";"";"";"";"";"";"";"";"";"";"";"";"";""
"11/03/2023";"1200";"";"";"";"";"";"";"";"";"";"";"";"";"";"";"";"";""
"11/03/2023";"1300";"";"";"";"";"";"";"";"";"";"";"";"";"";"";"";"";""
"11/03/2023";"1400";"";"";"";"";"";"";"";"";"";"";"";"";"";"";"";"";""
"11/03/2023";"1500";"";"";"";"";"";"";"";"";"";"";"";"";"";"";"";"";""
"11/03/2023";"1600";"";"";"";"";"";"";"";"";"";"";"";"";"";"";"";"";""
"11/03/2023";"1700";"";"";"";"";"";"";"";"";"";"";"";"";"";"";"";"";""
"11/03/2023";"1800";"";"";"";"";"";"";"";"";"";"";"";"";"";"";"";"";""
"11/03/2023";"1900";"";"";"";"";"";"";"";"";"";"";"";"";"";"";"";"";""
"11/03/2023";"2000";"";"";"";"";"";"";"";"";"";"";"";"";"";"";"";"";""
"11/03/2023";"2100";"";"";"";"";"";"";"";"";"";"";"";"";"";"";"";"";""
"11/03/2023";"2200";"";"";"";"";"";"";"";"";"";"";"";"";"";"";"";"";""
"11/03/2023";"2300";"";"";"";"";"";"";"";"";"";"";"";"";"";"";"";"";""
"12/03/2023";"0000";"";"";"";"";"";"";"";"";"";"";"";"";"";"";"";"";""
"12/03/2023";"0100";"";"";"";"";"";"";"";"";"";"";"";"";"";"";"";"";""
"12/03/2023";"0200";"";"";"";"";"";"";"";"";"";"";"";"";"";"";"";"";""
"12/03/2023";"0300";"";"";"";"";"";"";"";"";"";"";"";"";"";"";"";"";""
"12/03/2023";"0400";"";"";"";"";"";"";"";"";"";"";"";"";"";"";"";"";""
"12/03/2023";"0500";"";"";"";"";"";"";"";"";"";"";"";"";"";"";"";"";""
"12/03/2023";"0600";"";"";"";"";"";"";"";"";"";"";"";"";"";"";"";"";""
"12/03/2023";"0700";"";"";"";"";"";"";"";"";"";"";"";"";"";"";"";"";""
"12/03/2023";"0800";"";"";"";"";"";"";"";"";"";"";"";"";"";"";"";"";""
"12/03/2023";"0900";"";"";"";"";"";"";"";"";"";"";"";"";"";"";"";"";""
"12/03/2023";"1000";"";"";"";"";"";"";"";"";"";"";"";"";"";"";"";"";""
"12/03/2023";"1100";"";"";"";"";"";"";"";"";"";"";"";"";"";"";"";"";""
"12/03/2023";"1200";"";"";"";"";"";"";"";"";"";"";"";"";"";"";"";"";""
"12/03/2023";"1300";"";"";"";"";"";"";"";"";"";"";"";"";"";"";"";"";""
"12/03/2023";"1400";"";"";"";"";"";"";"";"";"";"";"";"";"";"";"";"";""
"12/03/2023";"1500";"";"";"";"";"";"";"";"";"";"";"";"";"";"";"";"";""
"12/03/2023";"1600";"";"";"";"";"";"";"";"";"";"";"";"";"";"";"";"";""
"12/03/2023";"1700";"";"";"";"";"";"";"";"";"";"";"";"";"";"";"";"";""
"12/03/2023";"1800";"";"";"";"";"";"";"";"";"";"";"";"";"";"";"";"";""
"12/03/2023";"1900";"";"";"";"";"";"";"";"";"";"";"";"";"";"";"";"";""
"12/03/2023";"2000";"";"";"";"";"";"";"";"";"";"";"";"";"";"";"";"";""
"12/03/2023";"2100";"";"";"";"";"";"";"";"";"";"";"";"";"";"";"";"";""
"12/03/2023";"2200";"";"";"";"";"";"";"";"";"";"";"";"";"";"";"";"";""
"12/03/2023";"2300";"";"";"";"";"";"";"";"";"";"";"";"";"";"";"";"";""
"13/03/2023";"0000";"";"";"";"";"";"";"";"";"";"";"";"";"";"";"";"";""
"13/03/2023";"0100";"";"";"";"";"";"";"";"";"";"";"";"";"";"";"";"";""
"13/03/2023";"0200";"";"";"";"";"";"";"";"";"";"";"";"";"";"";"";"";""
"13/03/2023";"0300";"";"";"";"";"";"";"";"";"";"";"";"";"";"";"";"";""
"13/03/2023";"0400";"";"";"";"";"";"";"";"";"";"";"";"";"";"";"";"";""
"13/03/2023";"0500";"";"";"";"";"";"";"";"";"";"";"";"";"";"";"";"";""
"13/03/2023";"0600";"";"";"";"";"";"";"";"";"";"";"";"";"";"";"";"";""
"13/03/2023";"0700";"";"";"";"";"";"";"";"";"";"";"";"";"";"";"";"";""
"13/03/2023";"0800";"";"";"";"";"";"";"";"";"";"";"";"";"";"";"";"";""
"13/03/2023";"0900";"";"";"";"";"";"";"";"";"";"";"";"";"";"";"";"";""
"13/03/2023";"1000";"";"";"";"";"";"";"";"";"";"";"";"";"";"";"";"";""
"13/03/2023";"1100";"";"";"";"";"";"";"";"";"";"";"";"";"";"";"";"";""
"13/03/2023";"1200";"";"";"";"";"";"";"";"";"";"";"";"";"";"";"";"";""
"13/03/2023";"1300";"";"";"";"";"";"";"";"";"";"";"";"";"";"";"";"";""
"13/03/2023";"1400";"";"";"";"";"";"";"";"";"";"";"";"";"";"";"";"";""
"13/03/2023";"1500";"";"";"";"";"";"";"";"";"";"";"";"";"";"";"";"";""
"13/03/2023";"1600";"";"";"";"";"";"";"";"";"";"";"";"";"";"";"";"";""
"13/03/2023";"1700";"";"";"";"";"";"";"";"";"";"";"";"";"";"";"";"";""
"13/03/2023";"1800";"";"";"";"";"";"";"";"";"";"";"";"";"";"";"";"";""
"13/03/2023";"1900";"";"";"";"";"";"";"";"";"";"";"";"";"";"";"";"";""
"13/03/2023";"2000";"";"";"";"";"";"";"";"";"";"";"";"";"";"";"";"";""
"13/03/2023";"2100";"";"";"";"";"";"";"";"";"";"";"";"";"";"";"";"";""
"13/03/2023";"2200";"";"";"";"";"";"";"";"";"";"";"";"";"";"";"";"";""
"13/03/2023";"2300";"";"";"";"";"";"";"";"";"";"";"";"";"";"";"";"";""
"14/03/2023";"0000";"";"";"";"";"";"";"";"";"";"";"";"";"";"";"";"";""
"14/03/2023";"0100";"";"";"";"";"";"";"";"";"";"";"";"";"";"";"";"";""
"14/03/2023";"0200";"";"";"";"";"";"";"";"";"";"";"";"";"";"";"";"";""
"14/03/2023";"0300";"";"";"";"";"";"";"";"";"";"";"";"";"";"";"";"";""
"14/03/2023";"0400";"";"";"";"";"";"";"";"";"";"";"";"";"";"";"";"";""
"14/03/2023";"0500";"";"";"";"";"";"";"";"";"";"";"";"";"";"";"";"";""
"14/03/2023";"0600";"";"";"";"";"";"";"";"";"";"";"";"";"";"";"";"";""
"14/03/2023";"0700";"";"";"";"";"";"";"";"";"";"";"";"";"";"";"";"";""
"14/03/2023";"0800";"";"";"";"";"";"";"";"";"";"";"";"";"";"";"";"";""
"14/03/2023";"0900";"";"";"";"";"";"";"";"";"";"";"";"";"";"";"";"";""
"14/03/2023";"1000";"";"";"";"";"";"";"";"";"";"";"";"";"";"";"";"";""
"14/03/2023";"1100";"";"";"";"";"";"";"";"";"";"";"";"";"";"";"";"";""
"14/03/2023";"1200";"";"";"";"";"";"";"";"";"";"";"";"";"";"";"";"";""
"14/03/2023";"1300";"";"";"";"";"";"";"";"";"";"";"";"";"";"";"";"";""
"14/03/2023";"1400";"";"";"";"";"";"";"";"";"";"";"";"";"";"";"";"";""
"14/03/2023";"1500";"";"";"";"";"";"";"";"";"";"";"";"";"";"";"";"";""
"14/03/2023";"1600";"";"";"";"";"";"";"";"";"";"";"";"";"";"";"";"";""
"14/03/2023";"1700";"";"";"";"";"";"";"";"";"";"";"";"";"";"";"";"";""
"14/03/2023";"1800";"";"";"";"";"";"";"";"";"";"";"";"";"";"";"";"";""
"14/03/2023";"1900";"";"";"";"";"";"";"";"";"";"";"";"";"";"";"";"";""
"14/03/2023";"2000";"";"";"";"";"";"";"";"";"";"";"";"";"";"";"";"";""
"14/03/2023";"2100";"";"";"";"";"";"";"";"";"";"";"";"";"";"";"";"";""
"14/03/2023";"2200";"";"";"";"";"";"";"";"";"";"";"";"";"";"";"";"";""
"14/03/2023";"2300";"";"";"";"";"";"";"";"";"";"";"";"";"";"";"";"";""
"15/03/2023";"0000";"";"";"";"";"";"";"";"";"";"";"";"";"";"";"";"";""
"15/03/2023";"0100";"";"";"";"";"";"";"";"";"";"";"";"";"";"";"";"";""
"15/03/2023";"0200";"";"";"";"";"";"";"";"";"";"";"";"";"";"";"";"";""
"15/03/2023";"0300";"";"";"";"";"";"";"";"";"";"";"";"";"";"";"";"";""
"15/03/2023";"0400";"";"";"";"";"";"";"";"";"";"";"";"";"";"";"";"";""
"15/03/2023";"0500";"";"";"";"";"";"";"";"";"";"";"";"";"";"";"";"";""
"15/03/2023";"0600";"";"";"";"";"";"";"";"";"";"";"";"";"";"";"";"";""
"15/03/2023";"0700";"";"";"";"";"";"";"";"";"";"";"";"";"";"";"";"";""
"15/03/2023";"0800";"";"";"";"";"";"";"";"";"";"";"";"";"";"";"";"";""
"15/03/2023";"0900";"";"";"";"";"";"";"";"";"";"";"";"";"";"";"";"";""
"15/03/2023";"1000";"";"";"";"";"";"";"";"";"";"";"";"";"";"";"";"";""
"15/03/2023";"1100";"";"";"";"";"";"";"";"";"";"";"";"";"";"";"";"";""
"15/03/2023";"1200";"";"";"";"";"";"";"";"";"";"";"";"";"";"";"";"";""
"15/03/2023";"1300";"";"";"";"";"";"";"";"";"";"";"";"";"";"";"";"";""
"15/03/2023";"1400";"";"";"";"";"";"";"";"";"";"";"";"";"";"";"";"";""
"15/03/2023";"1500";"";"";"";"";"";"";"";"";"";"";"";"";"";"";"";"";""
"15/03/2023";"1600";"";"";"";"";"";"";"";"";"";"";"";"";"";"";"";"";""
"15/03/2023";"1700";"";"";"";"";"";"";"";"";"";"";"";"";"";"";"";"";""
"15/03/2023";"1800";"";"";"";"";"";"";"";"";"";"";"";"";"";"";"";"";""
"15/03/2023";"1900";"";"";"";"";"";"";"";"";"";"";"";"";"";"";"";"";""
"15/03/2023";"2000";"";"";"";"";"";"";"";"";"";"";"";"";"";"";"";"";""
"15/03/2023";"2100";"";"";"";"";"";"";"";"";"";"";"";"";"";"";"";"";""
"15/03/2023";"2200";"";"";"";"";"";"";"";"";"";"";"";"";"";"";"";"";""
"15/03/2023";"2300";"";"";"";"";"";"";"";"";"";"";"";"";"";"";"";"";""
"16/03/2023";"0000";"";"";"";"";"";"";"";"";"";"";"";"";"";"";"";"";""
"16/03/2023";"0100";"";"";"";"";"";"";"";"";"";"";"";"";"";"";"";"";""
"16/03/2023";"0200";"";"";"";"";"";"";"";"";"";"";"";"";"";"";"";"";""
"16/03/2023";"0300";"";"";"";"";"";"";"";"";"";"";"";"";"";"";"";"";""
"16/03/2023";"0400";"";"";"";"";"";"";"";"";"";"";"";"";"";"";"";"";""
"16/03/2023";"0500";"";"";"";"";"";"";"";"";"";"";"";"";"";"";"";"";""
"16/03/2023";"0600";"";"";"";"";"";"";"";"";"";"";"";"";"";"";"";"";""
"16/03/2023";"0700";"";"";"";"";"";"";"";"";"";"";"";"";"";"";"";"";""
"16/03/2023";"0800";"";"";"";"";"";"";"";"";"";"";"";"";"";"";"";"";""
"16/03/2023";"0900";"";"";"";"";"";"";"";"";"";"";"";"";"";"";"";"";""
"16/03/2023";"1000";"";"";"";"";"";"";"";"";"";"";"";"";"";"";"";"";""
"16/03/2023";"1100";"";"";"";"";"";"";"";"";"";"";"";"";"";"";"";"";""
"16/03/2023";"1200";"";"";"";"";"";"";"";"";"";"";"";"";"";"";"";"";""
"16/03/2023";"1300";"";"";"";"";"";"";"";"";"";"";"";"";"";"";"";"";""
"16/03/2023";"1400";"";"";"";"";"";"";"";"";"";"";"";"";"";"";"";"";""
"16/03/2023";"1500";"";"";"";"";"";"";"";"";"";"";"";"";"";"";"";"";""
"16/03/2023";"1600";"";"";"";"";"";"";"";"";"";"";"";"";"";"";"";"";""
"16/03/2023";"1700";"";"";"";"";"";"";"";"";"";"";"";"";"";"";"";"";""
"16/03/2023";"1800";"";"";"";"";"";"";"";"";"";"";"";"";"";"";"";"";""
"16/03/2023";"1900";"";"";"";"";"";"";"";"";"";"";"";"";"";"";"";"";""
"16/03/2023";"2000";"";"";"";"";"";"";"";"";"";"";"";"";"";"";"";"";""
"16/03/2023";"2100";"";"";"";"";"";"";"";"";"";"";"";"";"";"";"";"";""
"16/03/2023";"2200";"";"";"";"";"";"";"";"";"";"";"";"";"";"";"";"";""
"16/03/2023";"2300";"";"";"";"";"";"";"";"";"";"";"";"";"";"";"";"";""
"17/03/2023";"0000";"";"";"";"";"";"";"";"";"";"";"";"";"";"";"";"";""
"17/03/2023";"0100";"";"";"";"";"";"";"";"";"";"";"";"";"";"";"";"";""
"17/03/2023";"0200";"";"";"";"";"";"";"";"";"";"";"";"";"";"";"";"";""
"17/03/2023";"0300";"";"";"";"";"";"";"";"";"";"";"";"";"";"";"";"";""
"17/03/2023";"0400";"";"";"";"";"";"";"";"";"";"";"";"";"";"";"";"";""
"17/03/2023";"0500";"";"";"";"";"";"";"";"";"";"";"";"";"";"";"";"";""
"17/03/2023";"0600";"";"";"";"";"";"";"";"";"";"";"";"";"";"";"";"";""
"17/03/2023";"0700";"";"";"";"";"";"";"";"";"";"";"";"";"";"";"";"";""
"17/03/2023";"0800";"";"";"";"";"";"";"";"";"";"";"";"";"";"";"";"";""
"17/03/2023";"0900";"";"";"";"";"";"";"";"";"";"";"";"";"";"";"";"";""
"17/03/2023";"1000";"";"";"";"";"";"";"";"";"";"";"";"";"";"";"";"";""
"17/03/2023";"1100";"";"";"";"";"";"";"";"";"";"";"";"";"";"";"";"";""
"17/03/2023";"1200";"";"";"";"";"";"";"";"";"";"";"";"";"";"";"";"";""
"17/03/2023";"1300";"";"";"";"";"";"";"";"";"";"";"";"";"";"";"";"";""
"17/03/2023";"1400";"";"";"";"";"";"";"";"";"";"";"";"";"";"";"";"";""
"17/03/2023";"1500";"";"";"";"";"";"";"";"";"";"";"";"";"";"";"";"";""
"17/03/2023";"1600";"";"";"";"";"";"";"";"";"";"";"";"";"";"";"";"";""
"17/03/2023";"1700";"";"";"";"";"";"";"";"";"";"";"";"";"";"";"";"";""
"17/03/2023";"1800";"";"";"";"";"";"";"";"";"";"";"";"";"";"";"";"";""
"17/03/2023";"1900";"";"";"";"";"";"";"";"";"";"";"";"";"";"";"";"";""
"17/03/2023";"2000";"";"";"";"";"";"";"";"";"";"";"";"";"";"";"";"";""
"17/03/2023";"2100";"";"";"";"";"";"";"";"";"";"";"";"";"";"";"";"";""
"17/03/2023";"2200";"";"";"";"";"";"";"";"";"";"";"";"";"";"";"";"";""
"17/03/2023";"2300";"";"";"";"";"";"";"";"";"";"";"";"";"";"";"";"";""
"18/03/2023";"0000";"";"";"";"";"";"";"";"";"";"";"";"";"";"";"";"";""
"18/03/2023";"0100";"";"";"";"";"";"";"";"";"";"";"";"";"";"";"";"";""
"18/03/2023";"0200";"";"";"";"";"";"";"";"";"";"";"";"";"";"";"";"";""
"18/03/2023";"0300";"";"";"";"";"";"";"";"";"";"";"";"";"";"";"";"";""
"18/03/2023";"0400";"";"";"";"";"";"";"";"";"";"";"";"";"";"";"";"";""
"18/03/2023";"0500";"";"";"";"";"";"";"";"";"";"";"";"";"";"";"";"";""
"18/03/2023";"0600";"";"";"";"";"";"";"";"";"";"";"";"";"";"";"";"";""
"18/03/2023";"0700";"";"";"";"";"";"";"";"";"";"";"";"";"";"";"";"";""
"18/03/2023";"0800";"";"";"";"";"";"";"";"";"";"";"";"";"";"";"";"";""
"18/03/2023";"0900";"";"";"";"";"";"";"";"";"";"";"";"";"";"";"";"";""
"18/03/2023";"1000";"";"";"";"";"";"";"";"";"";"";"";"";"";"";"";"";""
"18/03/2023";"1100";"";"";"";"";"";"";"";"";"";"";"";"";"";"";"";"";""
"18/03/2023";"1200";"";"";"";"";"";"";"";"";"";"";"";"";"";"";"";"";""
"18/03/2023";"1300";"";"";"";"";"";"";"";"";"";"";"";"";"";"";"";"";""
"18/03/2023";"1400";"";"";"";"";"";"";"";"";"";"";"";"";"";"";"";"";""
"18/03/2023";"1500";"";"";"";"";"";"";"";"";"";"";"";"";"";"";"";"";""
"18/03/2023";"1600";"";"";"";"";"";"";"";"";"";"";"";"";"";"";"";"";""
"18/03/2023";"1700";"";"";"";"";"";"";"";"";"";"";"";"";"";"";"";"";""
"18/03/2023";"1800";"";"";"";"";"";"";"";"";"";"";"";"";"";"";"";"";""
"18/03/2023";"1900";"";"";"";"";"";"";"";"";"";"";"";"";"";"";"";"";""
"18/03/2023";"2000";"";"";"";"";"";"";"";"";"";"";"";"";"";"";"";"";""
"18/03/2023";"2100";"";"";"";"";"";"";"";"";"";"";"";"";"";"";"";"";""
"18/03/2023";"2200";"";"";"";"";"";"";"";"";"";"";"";"";"";"";"";"";""
"18/03/2023";"2300";"";"";"";"";"";"";"";"";"";"";"";"";"";"";"";"";""
"19/03/2023";"0000";"";"";"";"";"";"";"";"";"";"";"";"";"";"";"";"";""
"19/03/2023";"0100";"";"";"";"";"";"";"";"";"";"";"";"";"";"";"";"";""
"19/03/2023";"0200";"";"";"";"";"";"";"";"";"";"";"";"";"";"";"";"";""
"19/03/2023";"0300";"";"";"";"";"";"";"";"";"";"";"";"";"";"";"";"";""
"19/03/2023";"0400";"";"";"";"";"";"";"";"";"";"";"";"";"";"";"";"";""
"19/03/2023";"0500";"";"";"";"";"";"";"";"";"";"";"";"";"";"";"";"";""
"19/03/2023";"0600";"";"";"";"";"";"";"";"";"";"";"";"";"";"";"";"";""
"19/03/2023";"0700";"";"";"";"";"";"";"";"";"";"";"";"";"";"";"";"";""
"19/03/2023";"0800";"";"";"";"";"";"";"";"";"";"";"";"";"";"";"";"";""
"19/03/2023";"0900";"";"";"";"";"";"";"";"";"";"";"";"";"";"";"";"";""
"19/03/2023";"1000";"";"";"";"";"";"";"";"";"";"";"";"";"";"";"";"";""
"19/03/2023";"1100";"";"";"";"";"";"";"";"";"";"";"";"";"";"";"";"";""
"19/03/2023";"1200";"";"";"";"";"";"";"";"";"";"";"";"";"";"";"";"";""
"19/03/2023";"1300";"";"";"";"";"";"";"";"";"";"";"";"";"";"";"";"";""
"19/03/2023";"1400";"";"";"";"";"";"";"";"";"";"";"";"";"";"";"";"";""
"19/03/2023";"1500";"";"";"";"";"";"";"";"";"";"";"";"";"";"";"";"";""
"19/03/2023";"1600";"";"";"";"";"";"";"";"";"";"";"";"";"";"";"";"";""
"19/03/2023";"1700";"";"";"";"";"";"";"";"";"";"";"";"";"";"";"";"";""
"19/03/2023";"1800";"";"";"";"";"";"";"";"";"";"";"";"";"";"";"";"";""
"19/03/2023";"1900";"";"";"";"";"";"";"";"";"";"";"";"";"";"";"";"";""
"19/03/2023";"2000";"";"";"";"";"";"";"";"";"";"";"";"";"";"";"";"";""
"19/03/2023";"2100";"";"";"";"";"";"";"";"";"";"";"";"";"";"";"";"";""
"19/03/2023";"2200";"";"";"";"";"";"";"";"";"";"";"";"";"";"";"";"";""
"19/03/2023";"2300";"";"";"";"";"";"";"";"";"";"";"";"";"";"";"";"";""
"20/03/2023";"0000";"";"";"";"";"";"";"";"";"";"";"";"";"";"";"";"";""
"20/03/2023";"0100";"";"";"";"";"";"";"";"";"";"";"";"";"";"";"";"";""
"20/03/2023";"0200";"";"";"";"";"";"";"";"";"";"";"";"";"";"";"";"";""
"20/03/2023";"0300";"";"";"";"";"";"";"";"";"";"";"";"";"";"";"";"";""
"20/03/2023";"0400";"";"";"";"";"";"";"";"";"";"";"";"";"";"";"";"";""
"20/03/2023";"0500";"";"";"";"";"";"";"";"";"";"";"";"";"";"";"";"";""
"20/03/2023";"0600";"";"";"";"";"";"";"";"";"";"";"";"";"";"";"";"";""
"20/03/2023";"0700";"";"";"";"";"";"";"";"";"";"";"";"";"";"";"";"";""
"20/03/2023";"0800";"";"";"";"";"";"";"";"";"";"";"";"";"";"";"";"";""
"20/03/2023";"0900";"";"";"";"";"";"";"";"";"";"";"";"";"";"";"";"";""
"20/03/2023";"1000";"";"";"";"";"";"";"";"";"";"";"";"";"";"";"";"";""
"20/03/2023";"1100";"";"";"";"";"";"";"";"";"";"";"";"";"";"";"";"";""
"20/03/2023";"1200";"";"";"";"";"";"";"";"";"";"";"";"";"";"";"";"";""
"20/03/2023";"1300";"";"";"";"";"";"";"";"";"";"";"";"";"";"";"";"";""
"20/03/2023";"1400";"";"";"";"";"";"";"";"";"";"";"";"";"";"";"";"";""
"20/03/2023";"1500";"";"";"";"";"";"";"";"";"";"";"";"";"";"";"";"";""
"20/03/2023";"1600";"";"";"";"";"";"";"";"";"";"";"";"";"";"";"";"";""
"20/03/2023";"1700";"";"";"";"";"";"";"";"";"";"";"";"";"";"";"";"";""
"20/03/2023";"1800";"";"";"";"";"";"";"";"";"";"";"";"";"";"";"";"";""
"20/03/2023";"1900";"";"";"";"";"";"";"";"";"";"";"";"";"";"";"";"";""
"20/03/2023";"2000";"";"";"";"";"";"";"";"";"";"";"";"";"";"";"";"";""
"20/03/2023";"2100";"";"";"";"";"";"";"";"";"";"";"";"";"";"";"";"";""
"20/03/2023";"2200";"";"";"";"";"";"";"";"";"";"";"";"";"";"";"";"";""
"20/03/2023";"2300";"";"";"";"";"";"";"";"";"";"";"";"";"";"";"";"";""
"21/03/2023";"0000";"";"";"";"";"";"";"";"";"";"";"";"";"";"";"";"";""
"21/03/2023";"0100";"";"";"";"";"";"";"";"";"";"";"";"";"";"";"";"";""
"21/03/2023";"0200";"";"";"";"";"";"";"";"";"";"";"";"";"";"";"";"";""
"21/03/2023";"0300";"";"";"";"";"";"";"";"";"";"";"";"";"";"";"";"";""
"21/03/2023";"0400";"";"";"";"";"";"";"";"";"";"";"";"";"";"";"";"";""
"21/03/2023";"0500";"";"";"";"";"";"";"";"";"";"";"";"";"";"";"";"";""
"21/03/2023";"0600";"";"";"";"";"";"";"";"";"";"";"";"";"";"";"";"";""
"21/03/2023";"0700";"";"";"";"";"";"";"";"";"";"";"";"";"";"";"";"";""
"21/03/2023";"0800";"";"";"";"";"";"";"";"";"";"";"";"";"";"";"";"";""
"21/03/2023";"0900";"";"";"";"";"";"";"";"";"";"";"";"";"";"";"";"";""
"21/03/2023";"1000";"";"";"";"";"";"";"";"";"";"";"";"";"";"";"";"";""
"21/03/2023";"1100";"";"";"";"";"";"";"";"";"";"";"";"";"";"";"";"";""
"21/03/2023";"1200";"";"";"";"";"";"";"";"";"";"";"";"";"";"";"";"";""
"21/03/2023";"1300";"";"";"";"";"";"";"";"";"";"";"";"";"";"";"";"";""
"21/03/2023";"1400";"";"";"";"";"";"";"";"";"";"";"";"";"";"";"";"";""
"21/03/2023";"1500";"";"";"";"";"";"";"";"";"";"";"";"";"";"";"";"";""
"21/03/2023";"1600";"";"";"";"";"";"";"";"";"";"";"";"";"";"";"";"";""
"21/03/2023";"1700";"";"";"";"";"";"";"";"";"";"";"";"";"";"";"";"";""
"21/03/2023";"1800";"";"";"";"";"";"";"";"";"";"";"";"";"";"";"";"";""
"21/03/2023";"1900";"";"";"";"";"";"";"";"";"";"";"";"";"";"";"";"";""
"21/03/2023";"2000";"";"";"";"";"";"";"";"";"";"";"";"";"";"";"";"";""
"21/03/2023";"2100";"";"";"";"";"";"";"";"";"";"";"";"";"";"";"";"";""
"21/03/2023";"2200";"";"";"";"";"";"";"";"";"";"";"";"";"";"";"";"";""
"21/03/2023";"2300";"";"";"";"";"";"";"";"";"";"";"";"";"";"";"";"";""
"22/03/2023";"0000";"";"";"";"";"";"";"";"";"";"";"";"";"";"";"";"";""
"22/03/2023";"0100";"";"";"";"";"";"";"";"";"";"";"";"";"";"";"";"";""
"22/03/2023";"0200";"";"";"";"";"";"";"";"";"";"";"";"";"";"";"";"";""
"22/03/2023";"0300";"";"";"";"";"";"";"";"";"";"";"";"";"";"";"";"";""
"22/03/2023";"0400";"";"";"";"";"";"";"";"";"";"";"";"";"";"";"";"";""
"22/03/2023";"0500";"";"";"";"";"";"";"";"";"";"";"";"";"";"";"";"";""
"22/03/2023";"0600";"";"";"";"";"";"";"";"";"";"";"";"";"";"";"";"";""
"22/03/2023";"0700";"";"";"";"";"";"";"";"";"";"";"";"";"";"";"";"";""
"22/03/2023";"0800";"";"";"";"";"";"";"";"";"";"";"";"";"";"";"";"";""
"22/03/2023";"0900";"";"";"";"";"";"";"";"";"";"";"";"";"";"";"";"";""
"22/03/2023";"1000";"";"";"";"";"";"";"";"";"";"";"";"";"";"";"";"";""
"22/03/2023";"1100";"";"";"";"";"";"";"";"";"";"";"";"";"";"";"";"";""
"22/03/2023";"1200";"";"";"";"";"";"";"";"";"";"";"";"";"";"";"";"";""
"22/03/2023";"1300";"";"";"";"";"";"";"";"";"";"";"";"";"";"";"";"";""
"22/03/2023";"1400";"";"";"";"";"";"";"";"";"";"";"";"";"";"";"";"";""
"22/03/2023";"1500";"";"";"";"";"";"";"";"";"";"";"";"";"";"";"";"";""
"22/03/2023";"1600";"";"";"";"";"";"";"";"";"";"";"";"";"";"";"";"";""
"22/03/2023";"1700";"";"";"";"";"";"";"";"";"";"";"";"";"";"";"";"";""
"22/03/2023";"1800";"";"";"";"";"";"";"";"";"";"";"";"";"";"";"";"";""
"22/03/2023";"1900";"";"";"";"";"";"";"";"";"";"";"";"";"";"";"";"";""
"22/03/2023";"2000";"";"";"";"";"";"";"";"";"";"";"";"";"";"";"";"";""
"22/03/2023";"2100";"";"";"";"";"";"";"";"";"";"";"";"";"";"";"";"";""
"22/03/2023";"2200";"";"";"";"";"";"";"";"";"";"";"";"";"";"";"";"";""
"22/03/2023";"2300";"";"";"";"";"";"";"";"";"";"";"";"";"";"";"";"";""
"23/03/2023";"0000";"";"";"";"";"";"";"";"";"";"";"";"";"";"";"";"";""
"23/03/2023";"0100";"";"";"";"";"";"";"";"";"";"";"";"";"";"";"";"";""
"23/03/2023";"0200";"";"";"";"";"";"";"";"";"";"";"";"";"";"";"";"";""
"23/03/2023";"0300";"";"";"";"";"";"";"";"";"";"";"";"";"";"";"";"";""
"23/03/2023";"0400";"";"";"";"";"";"";"";"";"";"";"";"";"";"";"";"";""
"23/03/2023";"0500";"";"";"";"";"";"";"";"";"";"";"";"";"";"";"";"";""
"23/03/2023";"0600";"";"";"";"";"";"";"";"";"";"";"";"";"";"";"";"";""
"23/03/2023";"0700";"";"";"";"";"";"";"";"";"";"";"";"";"";"";"";"";""
"23/03/2023";"0800";"";"";"";"";"";"";"";"";"";"";"";"";"";"";"";"";""
"23/03/2023";"0900";"";"";"";"";"";"";"";"";"";"";"";"";"";"";"";"";""
"23/03/2023";"1000";"";"";"";"";"";"";"";"";"";"";"";"";"";"";"";"";""
"23/03/2023";"1100";"";"";"";"";"";"";"";"";"";"";"";"";"";"";"";"";""
"23/03/2023";"1200";"";"";"";"";"";"";"";"";"";"";"";"";"";"";"";"";""
"23/03/2023";"1300";"";"";"";"";"";"";"";"";"";"";"";"";"";"";"";"";""
"23/03/2023";"1400";"";"";"";"";"";"";"";"";"";"";"";"";"";"";"";"";""
"23/03/2023";"1500";"";"";"";"";"";"";"";"";"";"";"";"";"";"";"";"";""
"23/03/2023";"1600";"";"";"";"";"";"";"";"";"";"";"";"";"";"";"";"";""
"23/03/2023";"1700";"";"";"";"";"";"";"";"";"";"";"";"";"";"";"";"";""
"23/03/2023";"1800";"";"";"";"";"";"";"";"";"";"";"";"";"";"";"";"";""
"23/03/2023";"1900";"";"";"";"";"";"";"";"";"";"";"";"";"";"";"";"";""
"23/03/2023";"2000";"";"";"";"";"";"";"";"";"";"";"";"";"";"";"";"";""
"23/03/2023";"2100";"";"";"";"";"";"";"";"";"";"";"";"";"";"";"";"";""
"23/03/2023";"2200";"";"";"";"";"";"";"";"";"";"";"";"";"";"";"";"";""
"23/03/2023";"2300";"";"";"";"";"";"";"";"";"";"";"";"";"";"";"";"";""
"24/03/2023";"0000";"";"";"";"";"";"";"";"";"";"";"";"";"";"";"";"";""
"24/03/2023";"0100";"";"";"";"";"";"";"";"";"";"";"";"";"";"";"";"";""
"24/03/2023";"0200";"";"";"";"";"";"";"";"";"";"";"";"";"";"";"";"";""
"24/03/2023";"0300";"";"";"";"";"";"";"";"";"";"";"";"";"";"";"";"";""
"24/03/2023";"0400";"";"";"";"";"";"";"";"";"";"";"";"";"";"";"";"";""
"24/03/2023";"0500";"";"";"";"";"";"";"";"";"";"";"";"";"";"";"";"";""
"24/03/2023";"0600";"";"";"";"";"";"";"";"";"";"";"";"";"";"";"";"";""
"24/03/2023";"0700";"";"";"";"";"";"";"";"";"";"";"";"";"";"";"";"";""
"24/03/2023";"0800";"";"";"";"";"";"";"";"";"";"";"";"";"";"";"";"";""
"24/03/2023";"0900";"";"";"";"";"";"";"";"";"";"";"";"";"";"";"";"";""
"24/03/2023";"1000";"";"";"";"";"";"";"";"";"";"";"";"";"";"";"";"";""
"24/03/2023";"1100";"";"";"";"";"";"";"";"";"";"";"";"";"";"";"";"";""
"24/03/2023";"1200";"";"";"";"";"";"";"";"";"";"";"";"";"";"";"";"";""
"24/03/2023";"1300";"";"";"";"";"";"";"";"";"";"";"";"";"";"";"";"";""
"24/03/2023";"1400";"";"";"";"";"";"";"";"";"";"";"";"";"";"";"";"";""
"24/03/2023";"1500";"";"";"";"";"";"";"";"";"";"";"";"";"";"";"";"";""
"24/03/2023";"1600";"";"";"";"";"";"";"";"";"";"";"";"";"";"";"";"";""
"24/03/2023";"1700";"";"";"";"";"";"";"";"";"";"";"";"";"";"";"";"";""
"24/03/2023";"1800";"";"";"";"";"";"";"";"";"";"";"";"";"";"";"";"";""
"24/03/2023";"1900";"";"";"";"";"";"";"";"";"";"";"";"";"";"";"";"";""
"24/03/2023";"2000";"";"";"";"";"";"";"";"";"";"";"";"";"";"";"";"";""
"24/03/2023";"2100";"";"";"";"";"";"";"";"";"";"";"";"";"";"";"";"";""
"24/03/2023";"2200";"";"";"";"";"";"";"";"";"";"";"";"";"";"";"";"";""
"24/03/2023";"2300";"";"";"";"";"";"";"";"";"";"";"";"";"";"";"";"";""
"25/03/2023";"0000";"";"";"";"";"";"";"";"";"";"";"";"";"";"";"";"";""
"25/03/2023";"0100";"";"";"";"";"";"";"";"";"";"";"";"";"";"";"";"";""
"25/03/2023";"0200";"";"";"";"";"";"";"";"";"";"";"";"";"";"";"";"";""
"25/03/2023";"0300";"";"";"";"";"";"";"";"";"";"";"";"";"";"";"";"";""
"25/03/2023";"0400";"";"";"";"";"";"";"";"";"";"";"";"";"";"";"";"";""
"25/03/2023";"0500";"";"";"";"";"";"";"";"";"";"";"";"";"";"";"";"";""
"25/03/2023";"0600";"";"";"";"";"";"";"";"";"";"";"";"";"";"";"";"";""
"25/03/2023";"0700";"";"";"";"";"";"";"";"";"";"";"";"";"";"";"";"";""
"25/03/2023";"0800";"";"";"";"";"";"";"";"";"";"";"";"";"";"";"";"";""
"25/03/2023";"0900";"";"";"";"";"";"";"";"";"";"";"";"";"";"";"";"";""
"25/03/2023";"1000";"";"";"";"";"";"";"";"";"";"";"";"";"";"";"";"";""
"25/03/2023";"1100";"";"";"";"";"";"";"";"";"";"";"";"";"";"";"";"";""
"25/03/2023";"1200";"";"";"";"";"";"";"";"";"";"";"";"";"";"";"";"";""
"25/03/2023";"1300";"";"";"";"";"";"";"";"";"";"";"";"";"";"";"";"";""
"25/03/2023";"1400";"";"";"";"";"";"";"";"";"";"";"";"";"";"";"";"";""
"25/03/2023";"1500";"";"";"";"";"";"";"";"";"";"";"";"";"";"";"";"";""
"25/03/2023";"1600";"";"";"";"";"";"";"";"";"";"";"";"";"";"";"";"";""
"25/03/2023";"1700";"";"";"";"";"";"";"";"";"";"";"";"";"";"";"";"";""
"25/03/2023";"1800";"";"";"";"";"";"";"";"";"";"";"";"";"";"";"";"";""
"25/03/2023";"1900";"";"";"";"";"";"";"";"";"";"";"";"";"";"";"";"";""
"25/03/2023";"2000";"";"";"";"";"";"";"";"";"";"";"";"";"";"";"";"";""
"25/03/2023";"2100";"";"";"";"";"";"";"";"";"";"";"";"";"";"";"";"";""
"25/03/2023";"2200";"";"";"";"";"";"";"";"";"";"";"";"";"";"";"";"";""
"25/03/2023";"2300";"";"";"";"";"";"";"";"";"";"";"";"";"";"";"";"";""
"26/03/2023";"0000";"";"";"";"";"";"";"";"";"";"";"";"";"";"";"";"";""
"26/03/2023";"0100";"";"";"";"";"";"";"";"";"";"";"";"";"";"";"";"";""
"26/03/2023";"0200";"";"";"";"";"";"";"";"";"";"";"";"";"";"";"";"";""
"26/03/2023";"0300";"";"";"";"";"";"";"";"";"";"";"";"";"";"";"";"";""
"26/03/2023";"0400";"";"";"";"";"";"";"";"";"";"";"";"";"";"";"";"";""
"26/03/2023";"0500";"";"";"";"";"";"";"";"";"";"";"";"";"";"";"";"";""
"26/03/2023";"0600";"";"";"";"";"";"";"";"";"";"";"";"";"";"";"";"";""
"26/03/2023";"0700";"";"";"";"";"";"";"";"";"";"";"";"";"";"";"";"";""
"26/03/2023";"0800";"";"";"";"";"";"";"";"";"";"";"";"";"";"";"";"";""
"26/03/2023";"0900";"";"";"";"";"";"";"";"";"";"";"";"";"";"";"";"";""
"26/03/2023";"1000";"";"";"";"";"";"";"";"";"";"";"";"";"";"";"";"";""
"26/03/2023";"1100";"";"";"";"";"";"";"";"";"";"";"";"";"";"";"";"";""
"26/03/2023";"1200";"";"";"";"";"";"";"";"";"";"";"";"";"";"";"";"";""
"26/03/2023";"1300";"";"";"";"";"";"";"";"";"";"";"";"";"";"";"";"";""
"26/03/2023";"1400";"";"";"";"";"";"";"";"";"";"";"";"";"";"";"";"";""
"26/03/2023";"1500";"";"";"";"";"";"";"";"";"";"";"";"";"";"";"";"";""
"26/03/2023";"1600";"";"";"";"";"";"";"";"";"";"";"";"";"";"";"";"";""
"26/03/2023";"1700";"";"";"";"";"";"";"";"";"";"";"";"";"";"";"";"";""
"26/03/2023";"1800";"";"";"";"";"";"";"";"";"";"";"";"";"";"";"";"";""
"26/03/2023";"1900";"";"";"";"";"";"";"";"";"";"";"";"";"";"";"";"";""
"26/03/2023";"2000";"";"";"";"";"";"";"";"";"";"";"";"";"";"";"";"";""
"26/03/2023";"2100";"";"";"";"";"";"";"";"";"";"";"";"";"";"";"";"";""
"26/03/2023";"2200";"";"";"";"";"";"";"";"";"";"";"";"";"";"";"";"";""
"26/03/2023";"2300";"";"";"";"";"";"";"";"";"";"";"";"";"";"";"";"";""
"27/03/2023";"0000";"";"";"";"";"";"";"";"";"";"";"";"";"";"";"";"";""
"27/03/2023";"0100";"";"";"";"";"";"";"";"";"";"";"";"";"";"";"";"";""
"27/03/2023";"0200";"";"";"";"";"";"";"";"";"";"";"";"";"";"";"";"";""
"27/03/2023";"0300";"";"";"";"";"";"";"";"";"";"";"";"";"";"";"";"";""
"27/03/2023";"0400";"";"";"";"";"";"";"";"";"";"";"";"";"";"";"";"";""
"27/03/2023";"0500";"";"";"";"";"";"";"";"";"";"";"";"";"";"";"";"";""
"27/03/2023";"0600";"";"";"";"";"";"";"";"";"";"";"";"";"";"";"";"";""
"27/03/2023";"0700";"";"";"";"";"";"";"";"";"";"";"";"";"";"";"";"";""
"27/03/2023";"0800";"";"";"";"";"";"";"";"";"";"";"";"";"";"";"";"";""
"27/03/2023";"0900";"";"";"";"";"";"";"";"";"";"";"";"";"";"";"";"";""
"27/03/2023";"1000";"";"";"";"";"";"";"";"";"";"";"";"";"";"";"";"";""
"27/03/2023";"1100";"";"";"";"";"";"";"";"";"";"";"";"";"";"";"";"";""
"27/03/2023";"1200";"";"";"";"";"";"";"";"";"";"";"";"";"";"";"";"";""
"27/03/2023";"1300";"";"";"";"";"";"";"";"";"";"";"";"";"";"";"";"";""
"27/03/2023";"1400";"";"";"";"";"";"";"";"";"";"";"";"";"";"";"";"";""
"27/03/2023";"1500";"";"";"";"";"";"";"";"";"";"";"";"";"";"";"";"";""
"27/03/2023";"1600";"";"";"";"";"";"";"";"";"";"";"";"";"";"";"";"";""
"27/03/2023";"1700";"";"";"";"";"";"";"";"";"";"";"";"";"";"";"";"";""
"27/03/2023";"1800";"";"";"";"";"";"";"";"";"";"";"";"";"";"";"";"";""
"27/03/2023";"1900";"";"";"";"";"";"";"";"";"";"";"";"";"";"";"";"";""
"27/03/2023";"2000";"";"";"";"";"";"";"";"";"";"";"";"";"";"";"";"";""
"27/03/2023";"2100";"";"";"";"";"";"";"";"";"";"";"";"";"";"";"";"";""
"27/03/2023";"2200";"";"";"";"";"";"";"";"";"";"";"";"";"";"";"";"";""
"27/03/2023";"2300";"";"";"";"";"";"";"";"";"";"";"";"";"";"";"";"";""
"28/03/2023";"0000";"";"";"";"";"";"";"";"";"";"";"";"";"";"";"";"";""
"28/03/2023";"0100";"";"";"";"";"";"";"";"";"";"";"";"";"";"";"";"";""
"28/03/2023";"0200";"";"";"";"";"";"";"";"";"";"";"";"";"";"";"";"";""
"28/03/2023";"0300";"";"";"";"";"";"";"";"";"";"";"";"";"";"";"";"";""
"28/03/2023";"0400";"";"";"";"";"";"";"";"";"";"";"";"";"";"";"";"";""
"28/03/2023";"0500";"";"";"";"";"";"";"";"";"";"";"";"";"";"";"";"";""
"28/03/2023";"0600";"";"";"";"";"";"";"";"";"";"";"";"";"";"";"";"";""
"28/03/2023";"0700";"";"";"";"";"";"";"";"";"";"";"";"";"";"";"";"";""
"28/03/2023";"0800";"";"";"";"";"";"";"";"";"";"";"";"";"";"";"";"";""
"28/03/2023";"0900";"";"";"";"";"";"";"";"";"";"";"";"";"";"";"";"";""
"28/03/2023";"1000";"";"";"";"";"";"";"";"";"";"";"";"";"";"";"";"";""
"28/03/2023";"1100";"";"";"";"";"";"";"";"";"";"";"";"";"";"";"";"";""
"28/03/2023";"1200";"";"";"";"";"";"";"";"";"";"";"";"";"";"";"";"";""
"28/03/2023";"1300";"";"";"";"";"";"";"";"";"";"";"";"";"";"";"";"";""
"28/03/2023";"1400";"";"";"";"";"";"";"";"";"";"";"";"";"";"";"";"";""
"28/03/2023";"1500";"";"";"";"";"";"";"";"";"";"";"";"";"";"";"";"";""
"28/03/2023";"1600";"";"";"";"";"";"";"";"";"";"";"";"";"";"";"";"";""
"28/03/2023";"1700";"";"";"";"";"";"";"";"";"";"";"";"";"";"";"";"";""
"28/03/2023";"1800";"";"";"";"";"";"";"";"";"";"";"";"";"";"";"";"";""
"28/03/2023";"1900";"";"";"";"";"";"";"";"";"";"";"";"";"";"";"";"";""
"28/03/2023";"2000";"";"";"";"";"";"";"";"";"";"";"";"";"";"";"";"";""
"28/03/2023";"2100";"";"";"";"";"";"";"";"";"";"";"";"";"";"";"";"";""
"28/03/2023";"2200";"";"";"";"";"";"";"";"";"";"";"";"";"";"";"";"";""
"28/03/2023";"2300";"";"";"";"";"";"";"";"";"";"";"";"";"";"";"";"";""
"29/03/2023";"0000";"";"";"";"";"";"";"";"";"";"";"";"";"";"";"";"";""
"29/03/2023";"0100";"";"";"";"";"";"";"";"";"";"";"";"";"";"";"";"";""
"29/03/2023";"0200";"";"";"";"";"";"";"";"";"";"";"";"";"";"";"";"";""
"29/03/2023";"0300";"";"";"";"";"";"";"";"";"";"";"";"";"";"";"";"";""
"29/03/2023";"0400";"";"";"";"";"";"";"";"";"";"";"";"";"";"";"";"";""
"29/03/2023";"0500";"";"";"";"";"";"";"";"";"";"";"";"";"";"";"";"";""
"29/03/2023";"0600";"";"";"";"";"";"";"";"";"";"";"";"";"";"";"";"";""
"29/03/2023";"0700";"";"";"";"";"";"";"";"";"";"";"";"";"";"";"";"";""
"29/03/2023";"0800";"";"";"";"";"";"";"";"";"";"";"";"";"";"";"";"";""
"29/03/2023";"0900";"";"";"";"";"";"";"";"";"";"";"";"";"";"";"";"";""
"29/03/2023";"1000";"";"";"";"";"";"";"";"";"";"";"";"";"";"";"";"";""
"29/03/2023";"1100";"";"";"";"";"";"";"";"";"";"";"";"";"";"";"";"";""
"29/03/2023";"1200";"";"";"";"";"";"";"";"";"";"";"";"";"";"";"";"";""
"29/03/2023";"1300";"";"";"";"";"";"";"";"";"";"";"";"";"";"";"";"";""
"29/03/2023";"1400";"";"";"";"";"";"";"";"";"";"";"";"";"";"";"";"";""
"29/03/2023";"1500";"";"";"";"";"";"";"";"";"";"";"";"";"";"";"";"";""
"29/03/2023";"1600";"";"";"";"";"";"";"";"";"";"";"";"";"";"";"";"";""
"29/03/2023";"1700";"";"";"";"";"";"";"";"";"";"";"";"";"";"";"";"";""
"29/03/2023";"1800";"";"";"";"";"";"";"";"";"";"";"";"";"";"";"";"";""
"29/03/2023";"1900";"";"";"";"";"";"";"";"";"";"";"";"";"";"";"";"";""
"29/03/2023";"2000";"";"";"";"";"";"";"";"";"";"";"";"";"";"";"";"";""
"29/03/2023";"2100";"";"";"";"";"";"";"";"";"";"";"";"";"";"";"";"";""
"29/03/2023";"2200";"";"";"";"";"";"";"";"";"";"";"";"";"";"";"";"";""
"29/03/2023";"2300";"";"";"";"";"";"";"";"";"";"";"";"";"";"";"";"";""
"30/03/2023";"0000";"";"";"";"";"";"";"";"";"";"";"";"";"";"";"";"";""
"30/03/2023";"0100";"";"";"";"";"";"";"";"";"";"";"";"";"";"";"";"";""
"30/03/2023";"0200";"";"";"";"";"";"";"";"";"";"";"";"";"";"";"";"";""
"30/03/2023";"0300";"";"";"";"";"";"";"";"";"";"";"";"";"";"";"";"";""
"30/03/2023";"0400";"";"";"";"";"";"";"";"";"";"";"";"";"";"";"";"";""
"30/03/2023";"0500";"";"";"";"";"";"";"";"";"";"";"";"";"";"";"";"";""
"30/03/2023";"0600";"";"";"";"";"";"";"";"";"";"";"";"";"";"";"";"";""
"30/03/2023";"0700";"";"";"";"";"";"";"";"";"";"";"";"";"";"";"";"";""
"30/03/2023";"0800";"";"";"";"";"";"";"";"";"";"";"";"";"";"";"";"";""
"30/03/2023";"0900";"";"";"";"";"";"";"";"";"";"";"";"";"";"";"";"";""
"30/03/2023";"1000";"";"";"";"";"";"";"";"";"";"";"";"";"";"";"";"";""
"30/03/2023";"1100";"";"";"";"";"";"";"";"";"";"";"";"";"";"";"";"";""
"30/03/2023";"1200";"";"";"";"";"";"";"";"";"";"";"";"";"";"";"";"";""
"30/03/2023";"1300";"";"";"";"";"";"";"";"";"";"";"";"";"";"";"";"";""
"30/03/2023";"1400";"";"";"";"";"";"";"";"";"";"";"";"";"";"";"";"";""
"30/03/2023";"1500";"";"";"";"";"";"";"";"";"";"";"";"";"";"";"";"";""
"30/03/2023";"1600";"";"";"";"";"";"";"";"";"";"";"";"";"";"";"";"";""
"30/03/2023";"1700";"";"";"";"";"";"";"";"";"";"";"";"";"";"";"";"";""
"30/03/2023";"1800";"";"";"";"";"";"";"";"";"";"";"";"";"";"";"";"";""
"30/03/2023";"1900";"";"";"";"";"";"";"";"";"";"";"";"";"";"";"";"";""
"30/03/2023";"2000";"";"";"";"";"";"";"";"";"";"";"";"";"";"";"";"";""
"30/03/2023";"2100";"";"";"";"";"";"";"";"";"";"";"";"";"";"";"";"";""
"30/03/2023";"2200";"";"";"";"";"";"";"";"";"";"";"";"";"";"";"";"";""
"30/03/2023";"2300";"";"";"";"";"";"";"";"";"";"";"";"";"";"";"";"";""
"31/03/2023";"0000";"";"";"";"";"";"";"";"";"";"";"";"";"";"";"";"";""
"31/03/2023";"0100";"";"";"";"";"";"";"";"";"";"";"";"";"";"";"";"";""
"31/03/2023";"0200";"";"";"";"";"";"";"";"";"";"";"";"";"";"";"";"";""
"31/03/2023";"0300";"";"";"";"";"";"";"";"";"";"";"";"";"";"";"";"";""
"31/03/2023";"0400";"";"";"";"";"";"";"";"";"";"";"";"";"";"";"";"";""
"31/03/2023";"0500";"";"";"";"";"";"";"";"";"";"";"";"";"";"";"";"";""
"31/03/2023";"0600";"";"";"";"";"";"";"";"";"";"";"";"";"";"";"";"";""
"31/03/2023";"0700";"";"";"";"";"";"";"";"";"";"";"";"";"";"";"";"";""
"31/03/2023";"0800";"";"";"";"";"";"";"";"";"";"";"";"";"";"";"";"";""
"31/03/2023";"0900";"";"";"";"";"";"";"";"";"";"";"";"";"";"";"";"";""
"31/03/2023";"1000";"";"";"";"";"";"";"";"";"";"";"";"";"";"";"";"";""
"31/03/2023";"1100";"";"";"";"";"";"";"";"";"";"";"";"";"";"";"";"";""
"31/03/2023";"1200";"";"";"";"";"";"";"";"";"";"";"";"";"";"";"";"";""
"31/03/2023";"1300";"";"";"";"";"";"";"";"";"";"";"";"";"";"";"";"";""
"31/03/2023";"1400";"";"";"";"";"";"";"";"";"";"";"";"";"";"";"";"";""
"31/03/2023";"1500";"";"";"";"";"";"";"";"";"";"";"";"";"";"";"";"";""
"31/03/2023";"1600";"";"";"";"";"";"";"";"";"";"";"";"";"";"";"";"";""
"31/03/2023";"1700";"";"";"";"";"";"";"";"";"";"";"";"";"";"";"";"";""
"31/03/2023";"1800";"";"";"";"";"";"";"";"";"";"";"";"";"";"";"";"";""
"31/03/2023";"1900";"";"";"";"";"";"";"";"";"";"";"";"";"";"";"";"";""
"31/03/2023";"2000";"";"";"";"";"";"";"";"";"";"";"";"";"";"";"";"";""
"31/03/2023";"2100";"";"";"";"";"";"";"";"";"";"";"";"";"";"";"";"";""
"31/03/2023";"2200";"";"";"";"";"";"";"";"";"";"";"";"";"";"";"";"";""
"31/03/2023";"2300";"";"";"";"";"";"";"";"";"";"";"";"";"";"";"";"";""
"01/04/2023";"0000";"";"";"";"";"";"";"";"";"";"";"";"";"";"";"";"";""
"01/04/2023";"0100";"";"";"";"";"";"";"";"";"";"";"";"";"";"";"";"";""
"01/04/2023";"0200";"";"";"";"";"";"";"";"";"";"";"";"";"";"";"";"";""
"01/04/2023";"0300";"";"";"";"";"";"";"";"";"";"";"";"";"";"";"";"";""
"01/04/2023";"0400";"";"";"";"";"";"";"";"";"";"";"";"";"";"";"";"";""
"01/04/2023";"0500";"";"";"";"";"";"";"";"";"";"";"";"";"";"";"";"";""
"01/04/2023";"0600";"";"";"";"";"";"";"";"";"";"";"";"";"";"";"";"";""
"01/04/2023";"0700";"";"";"";"";"";"";"";"";"";"";"";"";"";"";"";"";""
"01/04/2023";"0800";"";"";"";"";"";"";"";"";"";"";"";"";"";"";"";"";""
"01/04/2023";"0900";"";"";"";"";"";"";"";"";"";"";"";"";"";"";"";"";""
"01/04/2023";"1000";"";"";"";"";"";"";"";"";"";"";"";"";"";"";"";"";""
"01/04/2023";"1100";"";"";"";"";"";"";"";"";"";"";"";"";"";"";"";"";""
"01/04/2023";"1200";"";"";"";"";"";"";"";"";"";"";"";"";"";"";"";"";""
"01/04/2023";"1300";"";"";"";"";"";"";"";"";"";"";"";"";"";"";"";"";""
"01/04/2023";"1400";"";"";"";"";"";"";"";"";"";"";"";"";"";"";"";"";""
"01/04/2023";"1500";"";"";"";"";"";"";"";"";"";"";"";"";"";"";"";"";""
"01/04/2023";"1600";"";"";"";"";"";"";"";"";"";"";"";"";"";"";"";"";""
"01/04/2023";"1700";"";"";"";"";"";"";"";"";"";"";"";"";"";"";"";"";""
"01/04/2023";"1800";"";"";"";"";"";"";"";"";"";"";"";"";"";"";"";"";""
"01/04/2023";"1900";"";"";"";"";"";"";"";"";"";"";"";"";"";"";"";"";""
"01/04/2023";"2000";"24,8";"30,2";"20,7";"84,0";"96,0";"59,0";"21,8";"22,9";"20,0";"";"";"";"2,3";"306,0";"15,2";"289,50";"13,0"
"01/04/2023";"2100";"";"";"";"";"";"";"";"";"";"";"";"";"";"";"";"";""
"01/04/2023";"2200";"";"";"";"";"";"";"";"";"";"";"";"";"";"";"";"";""
"01/04/2023";"2300";"";"";"";"";"";"";"";"";"";"";"";"";"";"";"";"";""
"02/04/2023";"0000";"";"";"";"";"";"";"";"";"";"";"";"";"";"";"";"";""
"02/04/2023";"0100";"";"";"";"";"";"";"";"";"";"";"";"";"";"";"";"";""
"02/04/2023";"0200";"";"";"";"";"";"";"";"";"";"";"";"";"";"";"";"";""
"02/04/2023";"0300";"";"";"";"";"";"";"";"";"";"";"";"";"";"";"";"";""
"02/04/2023";"0400";"";"";"";"";"";"";"";"";"";"";"";"";"";"";"";"";""
"02/04/2023";"0500";"";"";"";"";"";"";"";"";"";"";"";"";"";"";"";"";""
"02/04/2023";"0600";"";"";"";"";"";"";"";"";"";"";"";"";"";"";"";"";""
"02/04/2023";"0700";"";"";"";"";"";"";"";"";"";"";"";"";"";"";"";"";""
"02/04/2023";"0800";"";"";"";"";"";"";"";"";"";"";"";"";"";"";"";"";""
"02/04/2023";"0900";"";"";"";"";"";"";"";"";"";"";"";"";"";"";"";"";""
"02/04/2023";"1000";"";"";"";"";"";"";"";"";"";"";"";"";"";"";"";"";""
"02/04/2023";"1100";"";"";"";"";"";"";"";"";"";"";"";"";"";"";"";"";""
"02/04/2023";"1200";"";"";"";"";"";"";"";"";"";"";"";"";"";"";"";"";""
"02/04/2023";"1300";"";"";"";"";"";"";"";"";"";"";"";"";"";"";"";"";""
"02/04/2023";"1400";"";"";"";"";"";"";"";"";"";"";"";"";"";"";"";"";""
"02/04/2023";"1500";"";"";"";"";"";"";"";"";"";"";"";"";"";"";"";"";""
"02/04/2023";"1600";"";"";"";"";"";"";"";"";"";"";"";"";"";"";"";"";""
"02/04/2023";"1700";"";"";"";"";"";"";"";"";"";"";"";"";"";"";"";"";""
"02/04/2023";"1800";"";"";"";"";"";"";"";"";"";"";"";"";"";"";"";"";""
"02/04/2023";"1900";"";"";"";"";"";"";"";"";"";"";"";"";"";"";"";"";""
"02/04/2023";"2000";"";"";"";"";"";"";"";"";"";"";"";"";"";"";"";"";""
"02/04/2023";"2100";"";"";"";"";"";"";"";"";"";"";"";"";"";"";"";"";""
"02/04/2023";"2200";"";"";"";"";"";"";"";"";"";"";"";"";"";"";"";"";""
"02/04/2023";"2300";"";"";"";"";"";"";"";"";"";"";"";"";"";"";"";"";""
"03/04/2023";"0000";"";"";"";"";"";"";"";"";"";"";"";"";"";"";"";"";""
"03/04/2023";"0100";"";"";"";"";"";"";"";"";"";"";"";"";"";"";"";"";""
"03/04/2023";"0200";"";"";"";"";"";"";"";"";"";"";"";"";"";"";"";"";""
"03/04/2023";"0300";"";"";"";"";"";"";"";"";"";"";"";"";"";"";"";"";""
"03/04/2023";"0400";"";"";"";"";"";"";"";"";"";"";"";"";"";"";"";"";""
"03/04/2023";"0500";"";"";"";"";"";"";"";"";"";"";"";"";"";"";"";"";""
"03/04/2023";"0600";"";"";"";"";"";"";"";"";"";"";"";"";"";"";"";"";""
"03/04/2023";"0700";"";"";"";"";"";"";"";"";"";"";"";"";"";"";"";"";""
"03/04/2023";"0800";"";"";"";"";"";"";"";"";"";"";"";"";"";"";"";"";""
"03/04/2023";"0900";"";"";"";"";"";"";"";"";"";"";"";"";"";"";"";"";""
"03/04/2023";"1000";"";"";"";"";"";"";"";"";"";"";"";"";"";"";"";"";""
"03/04/2023";"1100";"";"";"";"";"";"";"";"";"";"";"";"";"";"";"";"";""
"03/04/2023";"1200";"";"";"";"";"";"";"";"";"";"";"";"";"";"";"";"";""
"03/04/2023";"1300";"";"";"";"";"";"";"";"";"";"";"";"";"";"";"";"";""
"03/04/2023";"1400";"";"";"";"";"";"";"";"";"";"";"";"";"";"";"";"";""
"03/04/2023";"1500";"";"";"";"";"";"";"";"";"";"";"";"";"";"";"";"";""
"03/04/2023";"1600";"";"";"";"";"";"";"";"";"";"";"";"";"";"";"";"";""
"03/04/2023";"1700";"";"";"";"";"";"";"";"";"";"";"";"";"";"";"";"";""
"03/04/2023";"1800";"";"";"";"";"";"";"";"";"";"";"";"";"";"";"";"";""
"03/04/2023";"1900";"";"";"";"";"";"";"";"";"";"";"";"";"";"";"";"";""
"03/04/2023";"2000";"";"";"";"";"";"";"";"";"";"";"";"";"";"";"";"";""
"03/04/2023";"2100";"";"";"";"";"";"";"";"";"";"";"";"";"";"";"";"";""
"03/04/2023";"2200";"";"";"";"";"";"";"";"";"";"";"";"";"";"";"";"";""
"03/04/2023";"2300";"";"";"";"";"";"";"";"";"";"";"";"";"";"";"";"";""
"04/04/2023";"0000";"";"";"";"";"";"";"";"";"";"";"";"";"";"";"";"";""
"04/04/2023";"0100";"";"";"";"";"";"";"";"";"";"";"";"";"";"";"";"";""
"04/04/2023";"0200";"";"";"";"";"";"";"";"";"";"";"";"";"";"";"";"";""
"04/04/2023";"0300";"";"";"";"";"";"";"";"";"";"";"";"";"";"";"";"";""
"04/04/2023";"0400";"";"";"";"";"";"";"";"";"";"";"";"";"";"";"";"";""
"04/04/2023";"0500";"";"";"";"";"";"";"";"";"";"";"";"";"";"";"";"";""
"04/04/2023";"0600";"";"";"";"";"";"";"";"";"";"";"";"";"";"";"";"";""
"04/04/2023";"0700";"";"";"";"";"";"";"";"";"";"";"";"";"";"";"";"";""
"04/04/2023";"0800";"";"";"";"";"";"";"";"";"";"";"";"";"";"";"";"";""
"04/04/2023";"0900";"";"";"";"";"";"";"";"";"";"";"";"";"";"";"";"";""
"04/04/2023";"1000";"";"";"";"";"";"";"";"";"";"";"";"";"";"";"";"";""
"04/04/2023";"1100";"";"";"";"";"";"";"";"";"";"";"";"";"";"";"";"";""
"04/04/2023";"1200";"";"";"";"";"";"";"";"";"";"";"";"";"";"";"";"";""
"04/04/2023";"1300";"";"";"";"";"";"";"";"";"";"";"";"";"";"";"";"";""
"04/04/2023";"1400";"";"";"";"";"";"";"";"";"";"";"";"";"";"";"";"";""
"04/04/2023";"1500";"";"";"";"";"";"";"";"";"";"";"";"";"";"";"";"";""
"04/04/2023";"1600";"";"";"";"";"";"";"";"";"";"";"";"";"";"";"";"";""
"04/04/2023";"1700";"";"";"";"";"";"";"";"";"";"";"";"";"";"";"";"";""
"04/04/2023";"1800";"";"";"";"";"";"";"";"";"";"";"";"";"";"";"";"";""
"04/04/2023";"1900";"";"";"";"";"";"";"";"";"";"";"";"";"";"";"";"";""
"04/04/2023";"2000";"";"";"";"";"";"";"";"";"";"";"";"";"";"";"";"";""
"04/04/2023";"2100";"";"";"";"";"";"";"";"";"";"";"";"";"";"";"";"";""
"04/04/2023";"2200";"";"";"";"";"";"";"";"";"";"";"";"";"";"";"";"";""
"04/04/2023";"2300";"";"";"";"";"";"";"";"";"";"";"";"";"";"";"";"";""
"05/04/2023";"0000";"";"";"";"";"";"";"";"";"";"";"";"";"";"";"";"";""
"05/04/2023";"0100";"";"";"";"";"";"";"";"";"";"";"";"";"";"";"";"";""
"05/04/2023";"0200";"";"";"";"";"";"";"";"";"";"";"";"";"";"";"";"";""
"05/04/2023";"0300";"";"";"";"";"";"";"";"";"";"";"";"";"";"";"";"";""
"05/04/2023";"0400";"";"";"";"";"";"";"";"";"";"";"";"";"";"";"";"";""
"05/04/2023";"0500";"";"";"";"";"";"";"";"";"";"";"";"";"";"";"";"";""
"05/04/2023";"0600";"";"";"";"";"";"";"";"";"";"";"";"";"";"";"";"";""
"05/04/2023";"0700";"";"";"";"";"";"";"";"";"";"";"";"";"";"";"";"";""
"05/04/2023";"0800";"";"";"";"";"";"";"";"";"";"";"";"";"";"";"";"";""
"05/04/2023";"0900";"";"";"";"";"";"";"";"";"";"";"";"";"";"";"";"";""
"05/04/2023";"1000";"";"";"";"";"";"";"";"";"";"";"";"";"";"";"";"";""
"05/04/2023";"1100";"";"";"";"";"";"";"";"";"";"";"";"";"";"";"";"";""
"05/04/2023";"1200";"";"";"";"";"";"";"";"";"";"";"";"";"";"";"";"";""
"05/04/2023";"1300";"";"";"";"";"";"";"";"";"";"";"";"";"";"";"";"";""
"05/04/2023";"1400";"";"";"";"";"";"";"";"";"";"";"";"";"";"";"";"";""
"05/04/2023";"1500";"";"";"";"";"";"";"";"";"";"";"";"";"";"";"";"";""
"05/04/2023";"1600";"";"";"";"";"";"";"";"";"";"";"";"";"";"";"";"";""
"05/04/2023";"1700";"";"";"";"";"";"";"";"";"";"";"";"";"";"";"";"";""
"05/04/2023";"1800";"";"";"";"";"";"";"";"";"";"";"";"";"";"";"";"";""
"05/04/2023";"1900";"";"";"";"";"";"";"";"";"";"";"";"";"";"";"";"";""
"05/04/2023";"2000";"";"";"";"";"";"";"";"";"";"";"";"";"";"";"";"";""
"05/04/2023";"2100";"";"";"";"";"";"";"";"";"";"";"";"";"";"";"";"";""
"05/04/2023";"2200";"";"";"";"";"";"";"";"";"";"";"";"";"";"";"";"";""
"05/04/2023";"2300";"";"";"";"";"";"";"";"";"";"";"";"";"";"";"";"";""
"06/04/2023";"0000";"";"";"";"";"";"";"";"";"";"";"";"";"";"";"";"";""
"06/04/2023";"0100";"";"";"";"";"";"";"";"";"";"";"";"";"";"";"";"";""
"06/04/2023";"0200";"";"";"";"";"";"";"";"";"";"";"";"";"";"";"";"";""
"06/04/2023";"0300";"";"";"";"";"";"";"";"";"";"";"";"";"";"";"";"";""
"06/04/2023";"0400";"";"";"";"";"";"";"";"";"";"";"";"";"";"";"";"";""
"06/04/2023";"0500";"";"";"";"";"";"";"";"";"";"";"";"";"";"";"";"";""
"06/04/2023";"0600";"";"";"";"";"";"";"";"";"";"";"";"";"";"";"";"";""
"06/04/2023";"0700";"";"";"";"";"";"";"";"";"";"";"";"";"";"";"";"";""
"06/04/2023";"0800";"";"";"";"";"";"";"";"";"";"";"";"";"";"";"";"";""
"06/04/2023";"0900";"";"";"";"";"";"";"";"";"";"";"";"";"";"";"";"";""
"06/04/2023";"1000";"";"";"";"";"";"";"";"";"";"";"";"";"";"";"";"";""
"06/04/2023";"1100";"";"";"";"";"";"";"";"";"";"";"";"";"";"";"";"";""
"06/04/2023";"1200";"";"";"";"";"";"";"";"";"";"";"";"";"";"";"";"";""
"06/04/2023";"1300";"";"";"";"";"";"";"";"";"";"";"";"";"";"";"";"";""
"06/04/2023";"1400";"";"";"";"";"";"";"";"";"";"";"";"";"";"";"";"";""
"06/04/2023";"1500";"";"";"";"";"";"";"";"";"";"";"";"";"";"";"";"";""
"06/04/2023";"1600";"";"";"";"";"";"";"";"";"";"";"";"";"";"";"";"";""
"06/04/2023";"1700";"";"";"";"";"";"";"";"";"";"";"";"";"";"";"";"";""
"06/04/2023";"1800";"";"";"";"";"";"";"";"";"";"";"";"";"";"";"";"";""
"06/04/2023";"1900";"";"";"";"";"";"";"";"";"";"";"";"";"";"";"";"";""
"06/04/2023";"2000";"";"";"";"";"";"";"";"";"";"";"";"";"";"";"";"";""
"06/04/2023";"2100";"";"";"";"";"";"";"";"";"";"";"";"";"";"";"";"";""
"06/04/2023";"2200";"";"";"";"";"";"";"";"";"";"";"";"";"";"";"";"";""
"06/04/2023";"2300";"";"";"";"";"";"";"";"";"";"";"";"";"";"";"";"";""
"07/04/2023";"0000";"";"";"";"";"";"";"";"";"";"";"";"";"";"";"";"";""
"07/04/2023";"0100";"";"";"";"";"";"";"";"";"";"";"";"";"";"";"";"";""
"07/04/2023";"0200";"";"";"";"";"";"";"";"";"";"";"";"";"";"";"";"";""
"07/04/2023";"0300";"";"";"";"";"";"";"";"";"";"";"";"";"";"";"";"";""
"07/04/2023";"0400";"";"";"";"";"";"";"";"";"";"";"";"";"";"";"";"";""
"07/04/2023";"0500";"";"";"";"";"";"";"";"";"";"";"";"";"";"";"";"";""
"07/04/2023";"0600";"";"";"";"";"";"";"";"";"";"";"";"";"";"";"";"";""
"07/04/2023";"0700";"";"";"";"";"";"";"";"";"";"";"";"";"";"";"";"";""
"07/04/2023";"0800";"";"";"";"";"";"";"";"";"";"";"";"";"";"";"";"";""
"07/04/2023";"0900";"";"";"";"";"";"";"";"";"";"";"";"";"";"";"";"";""
"07/04/2023";"1000";"";"";"";"";"";"";"";"";"";"";"";"";"";"";"";"";""
"07/04/2023";"1100";"";"";"";"";"";"";"";"";"";"";"";"";"";"";"";"";""
"07/04/2023";"1200";"";"";"";"";"";"";"";"";"";"";"";"";"";"";"";"";""
"07/04/2023";"1300";"";"";"";"";"";"";"";"";"";"";"";"";"";"";"";"";""
"07/04/2023";"1400";"";"";"";"";"";"";"";"";"";"";"";"";"";"";"";"";""
"07/04/2023";"1500";"";"";"";"";"";"";"";"";"";"";"";"";"";"";"";"";""
"07/04/2023";"1600";"";"";"";"";"";"";"";"";"";"";"";"";"";"";"";"";""
"07/04/2023";"1700";"";"";"";"";"";"";"";"";"";"";"";"";"";"";"";"";""
"07/04/2023";"1800";"";"";"";"";"";"";"";"";"";"";"";"";"";"";"";"";""
"07/04/2023";"1900";"";"";"";"";"";"";"";"";"";"";"";"";"";"";"";"";""
"07/04/2023";"2000";"";"";"";"";"";"";"";"";"";"";"";"";"";"";"";"";""
"07/04/2023";"2100";"";"";"";"";"";"";"";"";"";"";"";"";"";"";"";"";""
"07/04/2023";"2200";"";"";"";"";"";"";"";"";"";"";"";"";"";"";"";"";""
"07/04/2023";"2300";"";"";"";"";"";"";"";"";"";"";"";"";"";"";"";"";""
"08/04/2023";"0000";"";"";"";"";"";"";"";"";"";"";"";"";"";"";"";"";""
"08/04/2023";"0100";"";"";"";"";"";"";"";"";"";"";"";"";"";"";"";"";""
"08/04/2023";"0200";"";"";"";"";"";"";"";"";"";"";"";"";"";"";"";"";""
"08/04/2023";"0300";"";"";"";"";"";"";"";"";"";"";"";"";"";"";"";"";""
"08/04/2023";"0400";"";"";"";"";"";"";"";"";"";"";"";"";"";"";"";"";""
"08/04/2023";"0500";"";"";"";"";"";"";"";"";"";"";"";"";"";"";"";"";""
"08/04/2023";"0600";"";"";"";"";"";"";"";"";"";"";"";"";"";"";"";"";""
"08/04/2023";"0700";"";"";"";"";"";"";"";"";"";"";"";"";"";"";"";"";""
"08/04/2023";"0800";"";"";"";"";"";"";"";"";"";"";"";"";"";"";"";"";""
"08/04/2023";"0900";"";"";"";"";"";"";"";"";"";"";"";"";"";"";"";"";""
"08/04/2023";"1000";"";"";"";"";"";"";"";"";"";"";"";"";"";"";"";"";""
"08/04/2023";"1100";"";"";"";"";"";"";"";"";"";"";"";"";"";"";"";"";""
"08/04/2023";"1200";"";"";"";"";"";"";"";"";"";"";"";"";"";"";"";"";""
"08/04/2023";"1300";"";"";"";"";"";"";"";"";"";"";"";"";"";"";"";"";""
"08/04/2023";"1400";"";"";"";"";"";"";"";"";"";"";"";"";"";"";"";"";""
"08/04/2023";"1500";"";"";"";"";"";"";"";"";"";"";"";"";"";"";"";"";""
"08/04/2023";"1600";"";"";"";"";"";"";"";"";"";"";"";"";"";"";"";"";""
"08/04/2023";"1700";"";"";"";"";"";"";"";"";"";"";"";"";"";"";"";"";""
"08/04/2023";"1800";"";"";"";"";"";"";"";"";"";"";"";"";"";"";"";"";""
"08/04/2023";"1900";"";"";"";"";"";"";"";"";"";"";"";"";"";"";"";"";""
"08/04/2023";"2000";"";"";"";"";"";"";"";"";"";"";"";"";"";"";"";"";""
"08/04/2023";"2100";"";"";"";"";"";"";"";"";"";"";"";"";"";"";"";"";""
"08/04/2023";"2200";"";"";"";"";"";"";"";"";"";"";"";"";"";"";"";"";""
"08/04/2023";"2300";"";"";"";"";"";"";"";"";"";"";"";"";"";"";"";"";""
"09/04/2023";"0000";"";"";"";"";"";"";"";"";"";"";"";"";"";"";"";"";""
"09/04/2023";"0100";"";"";"";"";"";"";"";"";"";"";"";"";"";"";"";"";""
"09/04/2023";"0200";"";"";"";"";"";"";"";"";"";"";"";"";"";"";"";"";""
"09/04/2023";"0300";"";"";"";"";"";"";"";"";"";"";"";"";"";"";"";"";""
"09/04/2023";"0400";"";"";"";"";"";"";"";"";"";"";"";"";"";"";"";"";""
"09/04/2023";"0500";"";"";"";"";"";"";"";"";"";"";"";"";"";"";"";"";""
"09/04/2023";"0600";"";"";"";"";"";"";"";"";"";"";"";"";"";"";"";"";""
"09/04/2023";"0700";"";"";"";"";"";"";"";"";"";"";"";"";"";"";"";"";""
"09/04/2023";"0800";"";"";"";"";"";"";"";"";"";"";"";"";"";"";"";"";""
"09/04/2023";"0900";"";"";"";"";"";"";"";"";"";"";"";"";"";"";"";"";""
"09/04/2023";"1000";"";"";"";"";"";"";"";"";"";"";"";"";"";"";"";"";""
"09/04/2023";"1100";"";"";"";"";"";"";"";"";"";"";"";"";"";"";"";"";""
"09/04/2023";"1200";"";"";"";"";"";"";"";"";"";"";"";"";"";"";"";"";""
"09/04/2023";"1300";"";"";"";"";"";"";"";"";"";"";"";"";"";"";"";"";""
"09/04/2023";"1400";"";"";"";"";"";"";"";"";"";"";"";"";"";"";"";"";""
"09/04/2023";"1500";"";"";"";"";"";"";"";"";"";"";"";"";"";"";"";"";""
"09/04/2023";"1600";"";"";"";"";"";"";"";"";"";"";"";"";"";"";"";"";""
"09/04/2023";"1700";"";"";"";"";"";"";"";"";"";"";"";"";"";"";"";"";""
"09/04/2023";"1800";"";"";"";"";"";"";"";"";"";"";"";"";"";"";"";"";""
"09/04/2023";"1900";"";"";"";"";"";"";"";"";"";"";"";"";"";"";"";"";""
"09/04/2023";"2000";"";"";"";"";"";"";"";"";"";"";"";"";"";"";"";"";""
"09/04/2023";"2100";"";"";"";"";"";"";"";"";"";"";"";"";"";"";"";"";""
"09/04/2023";"2200";"";"";"";"";"";"";"";"";"";"";"";"";"";"";"";"";""
"09/04/2023";"2300";"";"";"";"";"";"";"";"";"";"";"";"";"";"";"";"";""
"10/04/2023";"0000";"";"";"";"";"";"";"";"";"";"";"";"";"";"";"";"";""
"10/04/2023";"0100";"";"";"";"";"";"";"";"";"";"";"";"";"";"";"";"";""
"10/04/2023";"0200";"";"";"";"";"";"";"";"";"";"";"";"";"";"";"";"";""
"10/04/2023";"0300";"";"";"";"";"";"";"";"";"";"";"";"";"";"";"";"";""
"10/04/2023";"0400";"";"";"";"";"";"";"";"";"";"";"";"";"";"";"";"";""
"10/04/2023";"0500";"";"";"";"";"";"";"";"";"";"";"";"";"";"";"";"";""
"10/04/2023";"0600";"";"";"";"";"";"";"";"";"";"";"";"";"";"";"";"";""
"10/04/2023";"0700";"";"";"";"";"";"";"";"";"";"";"";"";"";"";"";"";""
"10/04/2023";"0800";"";"";"";"";"";"";"";"";"";"";"";"";"";"";"";"";""
"10/04/2023";"0900";"";"";"";"";"";"";"";"";"";"";"";"";"";"";"";"";""
"10/04/2023";"1000";"";"";"";"";"";"";"";"";"";"";"";"";"";"";"";"";""
"10/04/2023";"1100";"";"";"";"";"";"";"";"";"";"";"";"";"";"";"";"";""
"10/04/2023";"1200";"";"";"";"";"";"";"";"";"";"";"";"";"";"";"";"";""
"10/04/2023";"1300";"";"";"";"";"";"";"";"";"";"";"";"";"";"";"";"";""
"10/04/2023";"1400";"";"";"";"";"";"";"";"";"";"";"";"";"";"";"";"";""
"10/04/2023";"1500";"";"";"";"";"";"";"";"";"";"";"";"";"";"";"";"";""
"10/04/2023";"1600";"";"";"";"";"";"";"";"";"";"";"";"";"";"";"";"";""
"10/04/2023";"1700";"";"";"";"";"";"";"";"";"";"";"";"";"";"";"";"";""
"10/04/2023";"1800";"";"";"";"";"";"";"";"";"";"";"";"";"";"";"";"";""
"10/04/2023";"1900";"";"";"";"";"";"";"";"";"";"";"";"";"";"";"";"";""
"10/04/2023";"2000";"";"";"";"";"";"";"";"";"";"";"";"";"";"";"";"";""
"10/04/2023";"2100";"";"";"";"";"";"";"";"";"";"";"";"";"";"";"";"";""
"10/04/2023";"2200";"";"";"";"";"";"";"";"";"";"";"";"";"";"";"";"";""
"10/04/2023";"2300";"";"";"";"";"";"";"";"";"";"";"";"";"";"";"";"";""
"11/04/2023";"0000";"";"";"";"";"";"";"";"";"";"";"";"";"";"";"";"";""
"11/04/2023";"0100";"";"";"";"";"";"";"";"";"";"";"";"";"";"";"";"";""
"11/04/2023";"0200";"";"";"";"";"";"";"";"";"";"";"";"";"";"";"";"";""
"11/04/2023";"0300";"";"";"";"";"";"";"";"";"";"";"";"";"";"";"";"";""
"11/04/2023";"0400";"";"";"";"";"";"";"";"";"";"";"";"";"";"";"";"";""
"11/04/2023";"0500";"";"";"";"";"";"";"";"";"";"";"";"";"";"";"";"";""
"11/04/2023";"0600";"";"";"";"";"";"";"";"";"";"";"";"";"";"";"";"";""
"11/04/2023";"0700";"";"";"";"";"";"";"";"";"";"";"";"";"";"";"";"";""
"11/04/2023";"0800";"";"";"";"";"";"";"";"";"";"";"";"";"";"";"";"";""
"11/04/2023";"0900";"";"";"";"";"";"";"";"";"";"";"";"";"";"";"";"";""
"11/04/2023";"1000";"";"";"";"";"";"";"";"";"";"";"";"";"";"";"";"";""
"11/04/2023";"1100";"";"";"";"";"";"";"";"";"";"";"";"";"";"";"";"";""
"11/04/2023";"1200";"";"";"";"";"";"";"";"";"";"";"";"";"";"";"";"";""
"11/04/2023";"1300";"";"";"";"";"";"";"";"";"";"";"";"";"";"";"";"";""
"11/04/2023";"1400";"";"";"";"";"";"";"";"";"";"";"";"";"";"";"";"";""
"11/04/2023";"1500";"";"";"";"";"";"";"";"";"";"";"";"";"";"";"";"";""
"11/04/2023";"1600";"";"";"";"";"";"";"";"";"";"";"";"";"";"";"";"";""
"11/04/2023";"1700";"";"";"";"";"";"";"";"";"";"";"";"";"";"";"";"";""
"11/04/2023";"1800";"";"";"";"";"";"";"";"";"";"";"";"";"";"";"";"";""
"11/04/2023";"1900";"";"";"";"";"";"";"";"";"";"";"";"";"";"";"";"";""
"11/04/2023";"2000";"";"";"";"";"";"";"";"";"";"";"";"";"";"";"";"";""
"11/04/2023";"2100";"";"";"";"";"";"";"";"";"";"";"";"";"";"";"";"";""
"11/04/2023";"2200";"";"";"";"";"";"";"";"";"";"";"";"";"";"";"";"";""
"11/04/2023";"2300";"";"";"";"";"";"";"";"";"";"";"";"";"";"";"";"";""
"12/04/2023";"0000";"";"";"";"";"";"";"";"";"";"";"";"";"";"";"";"";""
"12/04/2023";"0100";"";"";"";"";"";"";"";"";"";"";"";"";"";"";"";"";""
"12/04/2023";"0200";"";"";"";"";"";"";"";"";"";"";"";"";"";"";"";"";""
"12/04/2023";"0300";"";"";"";"";"";"";"";"";"";"";"";"";"";"";"";"";""
"12/04/2023";"0400";"";"";"";"";"";"";"";"";"";"";"";"";"";"";"";"";""
"12/04/2023";"0500";"";"";"";"";"";"";"";"";"";"";"";"";"";"";"";"";""
"12/04/2023";"0600";"";"";"";"";"";"";"";"";"";"";"";"";"";"";"";"";""
"12/04/2023";"0700";"";"";"";"";"";"";"";"";"";"";"";"";"";"";"";"";""
"12/04/2023";"0800";"";"";"";"";"";"";"";"";"";"";"";"";"";"";"";"";""
"12/04/2023";"0900";"";"";"";"";"";"";"";"";"";"";"";"";"";"";"";"";""
"12/04/2023";"1000";"";"";"";"";"";"";"";"";"";"";"";"";"";"";"";"";""
"12/04/2023";"1100";"";"";"";"";"";"";"";"";"";"";"";"";"";"";"";"";""
"12/04/2023";"1200";"";"";"";"";"";"";"";"";"";"";"";"";"";"";"";"";""
"12/04/2023";"1300";"";"";"";"";"";"";"";"";"";"";"";"";"";"";"";"";""
"12/04/2023";"1400";"";"";"";"";"";"";"";"";"";"";"";"";"";"";"";"";""
"12/04/2023";"1500";"";"";"";"";"";"";"";"";"";"";"";"";"";"";"";"";""
"12/04/2023";"1600";"";"";"";"";"";"";"";"";"";"";"";"";"";"";"";"";""
"12/04/2023";"1700";"";"";"";"";"";"";"";"";"";"";"";"";"";"";"";"";""
"12/04/2023";"1800";"";"";"";"";"";"";"";"";"";"";"";"";"";"";"";"";""
"12/04/2023";"1900";"";"";"";"";"";"";"";"";"";"";"";"";"";"";"";"";""
"12/04/2023";"2000";"";"";"";"";"";"";"";"";"";"";"";"";"";"";"";"";""
"12/04/2023";"2100";"";"";"";"";"";"";"";"";"";"";"";"";"";"";"";"";""
"12/04/2023";"2200";"";"";"";"";"";"";"";"";"";"";"";"";"";"";"";"";""
"12/04/2023";"2300";"";"";"";"";"";"";"";"";"";"";"";"";"";"";"";"";""
"13/04/2023";"0000";"";"";"";"";"";"";"";"";"";"";"";"";"";"";"";"";""
"13/04/2023";"0100";"";"";"";"";"";"";"";"";"";"";"";"";"";"";"";"";""
"13/04/2023";"0200";"";"";"";"";"";"";"";"";"";"";"";"";"";"";"";"";""
"13/04/2023";"0300";"";"";"";"";"";"";"";"";"";"";"";"";"";"";"";"";""
"13/04/2023";"0400";"";"";"";"";"";"";"";"";"";"";"";"";"";"";"";"";""
"13/04/2023";"0500";"";"";"";"";"";"";"";"";"";"";"";"";"";"";"";"";""
"13/04/2023";"0600";"";"";"";"";"";"";"";"";"";"";"";"";"";"";"";"";""
"13/04/2023";"0700";"";"";"";"";"";"";"";"";"";"";"";"";"";"";"";"";""
"13/04/2023";"0800";"";"";"";"";"";"";"";"";"";"";"";"";"";"";"";"";""
"13/04/2023";"0900";"";"";"";"";"";"";"";"";"";"";"";"";"";"";"";"";""
"13/04/2023";"1000";"";"";"";"";"";"";"";"";"";"";"";"";"";"";"";"";""
"13/04/2023";"1100";"";"";"";"";"";"";"";"";"";"";"";"";"";"";"";"";""
"13/04/2023";"1200";"";"";"";"";"";"";"";"";"";"";"";"";"";"";"";"";""
"13/04/2023";"1300";"";"";"";"";"";"";"";"";"";"";"";"";"";"";"";"";""
"13/04/2023";"1400";"";"";"";"";"";"";"";"";"";"";"";"";"";"";"";"";""
"13/04/2023";"1500";"";"";"";"";"";"";"";"";"";"";"";"";"";"";"";"";""
"13/04/2023";"1600";"";"";"";"";"";"";"";"";"";"";"";"";"";"";"";"";""
"13/04/2023";"1700";"";"";"";"";"";"";"";"";"";"";"";"";"";"";"";"";""
"13/04/2023";"1800";"";"";"";"";"";"";"";"";"";"";"";"";"";"";"";"";""
"13/04/2023";"1900";"";"";"";"";"";"";"";"";"";"";"";"";"";"";"";"";""
"13/04/2023";"2000";"";"";"";"";"";"";"";"";"";"";"";"";"";"";"";"";""
"13/04/2023";"2100";"";"";"";"";"";"";"";"";"";"";"";"";"";"";"";"";""
"13/04/2023";"2200";"";"";"";"";"";"";"";"";"";"";"";"";"";"";"";"";""
"13/04/2023";"2300";"";"";"";"";"";"";"";"";"";"";"";"";"";"";"";"";""
"14/04/2023";"0000";"";"";"";"";"";"";"";"";"";"";"";"";"";"";"";"";""
"14/04/2023";"0100";"";"";"";"";"";"";"";"";"";"";"";"";"";"";"";"";""
"14/04/2023";"0200";"";"";"";"";"";"";"";"";"";"";"";"";"";"";"";"";""
"14/04/2023";"0300";"";"";"";"";"";"";"";"";"";"";"";"";"";"";"";"";""
"14/04/2023";"0400";"";"";"";"";"";"";"";"";"";"";"";"";"";"";"";"";""
"14/04/2023";"0500";"";"";"";"";"";"";"";"";"";"";"";"";"";"";"";"";""
"14/04/2023";"0600";"";"";"";"";"";"";"";"";"";"";"";"";"";"";"";"";""
"14/04/2023";"0700";"";"";"";"";"";"";"";"";"";"";"";"";"";"";"";"";""
"14/04/2023";"0800";"";"";"";"";"";"";"";"";"";"";"";"";"";"";"";"";""
"14/04/2023";"0900";"";"";"";"";"";"";"";"";"";"";"";"";"";"";"";"";""
"14/04/2023";"1000";"";"";"";"";"";"";"";"";"";"";"";"";"";"";"";"";""
"14/04/2023";"1100";"";"";"";"";"";"";"";"";"";"";"";"";"";"";"";"";""
"14/04/2023";"1200";"";"";"";"";"";"";"";"";"";"";"";"";"";"";"";"";""
"14/04/2023";"1300";"";"";"";"";"";"";"";"";"";"";"";"";"";"";"";"";""
"14/04/2023";"1400";"";"";"";"";"";"";"";"";"";"";"";"";"";"";"";"";""
"14/04/2023";"1500";"";"";"";"";"";"";"";"";"";"";"";"";"";"";"";"";""
"14/04/2023";"1600";"";"";"";"";"";"";"";"";"";"";"";"";"";"";"";"";""
"14/04/2023";"1700";"";"";"";"";"";"";"";"";"";"";"";"";"";"";"";"";""
"14/04/2023";"1800";"";"";"";"";"";"";"";"";"";"";"";"";"";"";"";"";""
"14/04/2023";"1900";"";"";"";"";"";"";"";"";"";"";"";"";"";"";"";"";""
"14/04/2023";"2000";"";"";"";"";"";"";"";"";"";"";"";"";"";"";"";"";""
"14/04/2023";"2100";"";"";"";"";"";"";"";"";"";"";"";"";"";"";"";"";""
"14/04/2023";"2200";"";"";"";"";"";"";"";"";"";"";"";"";"";"";"";"";""
"14/04/2023";"2300";"";"";"";"";"";"";"";"";"";"";"";"";"";"";"";"";""
"15/04/2023";"0000";"";"";"";"";"";"";"";"";"";"";"";"";"";"";"";"";""
"15/04/2023";"0100";"";"";"";"";"";"";"";"";"";"";"";"";"";"";"";"";""
"15/04/2023";"0200";"";"";"";"";"";"";"";"";"";"";"";"";"";"";"";"";""
"15/04/2023";"0300";"";"";"";"";"";"";"";"";"";"";"";"";"";"";"";"";""
"15/04/2023";"0400";"";"";"";"";"";"";"";"";"";"";"";"";"";"";"";"";""
"15/04/2023";"0500";"";"";"";"";"";"";"";"";"";"";"";"";"";"";"";"";""
"15/04/2023";"0600";"";"";"";"";"";"";"";"";"";"";"";"";"";"";"";"";""
"15/04/2023";"0700";"";"";"";"";"";"";"";"";"";"";"";"";"";"";"";"";""
"15/04/2023";"0800";"";"";"";"";"";"";"";"";"";"";"";"";"";"";"";"";""
"15/04/2023";"0900";"";"";"";"";"";"";"";"";"";"";"";"";"";"";"";"";""
"15/04/2023";"1000";"";"";"";"";"";"";"";"";"";"";"";"";"";"";"";"";""
"15/04/2023";"1100";"";"";"";"";"";"";"";"";"";"";"";"";"";"";"";"";""
"15/04/2023";"1200";"";"";"";"";"";"";"";"";"";"";"";"";"";"";"";"";""
"15/04/2023";"1300";"";"";"";"";"";"";"";"";"";"";"";"";"";"";"";"";""
"15/04/2023";"1400";"";"";"";"";"";"";"";"";"";"";"";"";"";"";"";"";""
"15/04/2023";"1500";"";"";"";"";"";"";"";"";"";"";"";"";"";"";"";"";""
"15/04/2023";"1600";"";"";"";"";"";"";"";"";"";"";"";"";"";"";"";"";""
"15/04/2023";"1700";"";"";"";"";"";"";"";"";"";"";"";"";"";"";"";"";""
"15/04/2023";"1800";"";"";"";"";"";"";"";"";"";"";"";"";"";"";"";"";""
"15/04/2023";"1900";"";"";"";"";"";"";"";"";"";"";"";"";"";"";"";"";""
"15/04/2023";"2000";"";"";"";"";"";"";"";"";"";"";"";"";"";"";"";"";""
"15/04/2023";"2100";"";"";"";"";"";"";"";"";"";"";"";"";"";"";"";"";""
"15/04/2023";"2200";"";"";"";"";"";"";"";"";"";"";"";"";"";"";"";"";""
"15/04/2023";"2300";"";"";"";"";"";"";"";"";"";"";"";"";"";"";"";"";""
"16/04/2023";"0000";"";"";"";"";"";"";"";"";"";"";"";"";"";"";"";"";""
"16/04/2023";"0100";"";"";"";"";"";"";"";"";"";"";"";"";"";"";"";"";""
"16/04/2023";"0200";"";"";"";"";"";"";"";"";"";"";"";"";"";"";"";"";""
"16/04/2023";"0300";"";"";"";"";"";"";"";"";"";"";"";"";"";"";"";"";""
"16/04/2023";"0400";"";"";"";"";"";"";"";"";"";"";"";"";"";"";"";"";""
"16/04/2023";"0500";"";"";"";"";"";"";"";"";"";"";"";"";"";"";"";"";""
"16/04/2023";"0600";"";"";"";"";"";"";"";"";"";"";"";"";"";"";"";"";""
"16/04/2023";"0700";"";"";"";"";"";"";"";"";"";"";"";"";"";"";"";"";""
"16/04/2023";"0800";"";"";"";"";"";"";"";"";"";"";"";"";"";"";"";"";""
"16/04/2023";"0900";"";"";"";"";"";"";"";"";"";"";"";"";"";"";"";"";""
"16/04/2023";"1000";"";"";"";"";"";"";"";"";"";"";"";"";"";"";"";"";""
"16/04/2023";"1100";"";"";"";"";"";"";"";"";"";"";"";"";"";"";"";"";""
"16/04/2023";"1200";"";"";"";"";"";"";"";"";"";"";"";"";"";"";"";"";""
"16/04/2023";"1300";"";"";"";"";"";"";"";"";"";"";"";"";"";"";"";"";""
"16/04/2023";"1400";"";"";"";"";"";"";"";"";"";"";"";"";"";"";"";"";""
"16/04/2023";"1500";"";"";"";"";"";"";"";"";"";"";"";"";"";"";"";"";""
"16/04/2023";"1600";"";"";"";"";"";"";"";"";"";"";"";"";"";"";"";"";""
"16/04/2023";"1700";"";"";"";"";"";"";"";"";"";"";"";"";"";"";"";"";""
"16/04/2023";"1800";"";"";"";"";"";"";"";"";"";"";"";"";"";"";"";"";""
"16/04/2023";"1900";"";"";"";"";"";"";"";"";"";"";"";"";"";"";"";"";""
"16/04/2023";"2000";"";"";"";"";"";"";"";"";"";"";"";"";"";"";"";"";""
"16/04/2023";"2100";"";"";"";"";"";"";"";"";"";"";"";"";"";"";"";"";""
"16/04/2023";"2200";"";"";"";"";"";"";"";"";"";"";"";"";"";"";"";"";""
"16/04/2023";"2300";"";"";"";"";"";"";"";"";"";"";"";"";"";"";"";"";""
"17/04/2023";"0000";"";"";"";"";"";"";"";"";"";"";"";"";"";"";"";"";""
"17/04/2023";"0100";"";"";"";"";"";"";"";"";"";"";"";"";"";"";"";"";""
"17/04/2023";"0200";"";"";"";"";"";"";"";"";"";"";"";"";"";"";"";"";""
"17/04/2023";"0300";"";"";"";"";"";"";"";"";"";"";"";"";"";"";"";"";""
"17/04/2023";"0400";"";"";"";"";"";"";"";"";"";"";"";"";"";"";"";"";""
"17/04/2023";"0500";"";"";"";"";"";"";"";"";"";"";"";"";"";"";"";"";""
"17/04/2023";"0600";"";"";"";"";"";"";"";"";"";"";"";"";"";"";"";"";""
"17/04/2023";"0700";"";"";"";"";"";"";"";"";"";"";"";"";"";"";"";"";""
"17/04/2023";"0800";"";"";"";"";"";"";"";"";"";"";"";"";"";"";"";"";""
"17/04/2023";"0900";"";"";"";"";"";"";"";"";"";"";"";"";"";"";"";"";""
"17/04/2023";"1000";"";"";"";"";"";"";"";"";"";"";"";"";"";"";"";"";""
"17/04/2023";"1100";"";"";"";"";"";"";"";"";"";"";"";"";"";"";"";"";""
"17/04/2023";"1200";"";"";"";"";"";"";"";"";"";"";"";"";"";"";"";"";""
"17/04/2023";"1300";"";"";"";"";"";"";"";"";"";"";"";"";"";"";"";"";""
"17/04/2023";"1400";"";"";"";"";"";"";"";"";"";"";"";"";"";"";"";"";""
"17/04/2023";"1500";"";"";"";"";"";"";"";"";"";"";"";"";"";"";"";"";""
"17/04/2023";"1600";"";"";"";"";"";"";"";"";"";"";"";"";"";"";"";"";""
"17/04/2023";"1700";"";"";"";"";"";"";"";"";"";"";"";"";"";"";"";"";""
"17/04/2023";"1800";"";"";"";"";"";"";"";"";"";"";"";"";"";"";"";"";""
"17/04/2023";"1900";"";"";"";"";"";"";"";"";"";"";"";"";"";"";"";"";""
"17/04/2023";"2000";"";"";"";"";"";"";"";"";"";"";"";"";"";"";"";"";""
"17/04/2023";"2100";"";"";"";"";"";"";"";"";"";"";"";"";"";"";"";"";""
"17/04/2023";"2200";"";"";"";"";"";"";"";"";"";"";"";"";"";"";"";"";""
"17/04/2023";"2300";"";"";"";"";"";"";"";"";"";"";"";"";"";"";"";"";""
"18/04/2023";"0000";"";"";"";"";"";"";"";"";"";"";"";"";"";"";"";"";""
"18/04/2023";"0100";"";"";"";"";"";"";"";"";"";"";"";"";"";"";"";"";""
"18/04/2023";"0200";"";"";"";"";"";"";"";"";"";"";"";"";"";"";"";"";""
"18/04/2023";"0300";"";"";"";"";"";"";"";"";"";"";"";"";"";"";"";"";""
"18/04/2023";"0400";"";"";"";"";"";"";"";"";"";"";"";"";"";"";"";"";""
"18/04/2023";"0500";"";"";"";"";"";"";"";"";"";"";"";"";"";"";"";"";""
"18/04/2023";"0600";"";"";"";"";"";"";"";"";"";"";"";"";"";"";"";"";""
"18/04/2023";"0700";"";"";"";"";"";"";"";"";"";"";"";"";"";"";"";"";""
"18/04/2023";"0800";"";"";"";"";"";"";"";"";"";"";"";"";"";"";"";"";""
"18/04/2023";"0900";"";"";"";"";"";"";"";"";"";"";"";"";"";"";"";"";""
"18/04/2023";"1000";"";"";"";"";"";"";"";"";"";"";"";"";"";"";"";"";""
"18/04/2023";"1100";"";"";"";"";"";"";"";"";"";"";"";"";"";"";"";"";""
"18/04/2023";"1200";"";"";"";"";"";"";"";"";"";"";"";"";"";"";"";"";""
"18/04/2023";"1300";"";"";"";"";"";"";"";"";"";"";"";"";"";"";"";"";""
"18/04/2023";"1400";"";"";"";"";"";"";"";"";"";"";"";"";"";"";"";"";""
"18/04/2023";"1500";"";"";"";"";"";"";"";"";"";"";"";"";"";"";"";"";""
"18/04/2023";"1600";"";"";"";"";"";"";"";"";"";"";"";"";"";"";"";"";""
"18/04/2023";"1700";"";"";"";"";"";"";"";"";"";"";"";"";"";"";"";"";""
"18/04/2023";"1800";"";"";"";"";"";"";"";"";"";"";"";"";"";"";"";"";""
"18/04/2023";"1900";"";"";"";"";"";"";"";"";"";"";"";"";"";"";"";"";""
"18/04/2023";"2000";"";"";"";"";"";"";"";"";"";"";"";"";"";"";"";"";""
"18/04/2023";"2100";"";"";"";"";"";"";"";"";"";"";"";"";"";"";"";"";""
"18/04/2023";"2200";"";"";"";"";"";"";"";"";"";"";"";"";"";"";"";"";""
"18/04/2023";"2300";"";"";"";"";"";"";"";"";"";"";"";"";"";"";"";"";""
"19/04/2023";"0000";"";"";"";"";"";"";"";"";"";"";"";"";"";"";"";"";""
"19/04/2023";"0100";"";"";"";"";"";"";"";"";"";"";"";"";"";"";"";"";""
"19/04/2023";"0200";"";"";"";"";"";"";"";"";"";"";"";"";"";"";"";"";""
"19/04/2023";"0300";"";"";"";"";"";"";"";"";"";"";"";"";"";"";"";"";""
"19/04/2023";"0400";"";"";"";"";"";"";"";"";"";"";"";"";"";"";"";"";""
"19/04/2023";"0500";"";"";"";"";"";"";"";"";"";"";"";"";"";"";"";"";""
"19/04/2023";"0600";"";"";"";"";"";"";"";"";"";"";"";"";"";"";"";"";""
"19/04/2023";"0700";"";"";"";"";"";"";"";"";"";"";"";"";"";"";"";"";""
"19/04/2023";"0800";"";"";"";"";"";"";"";"";"";"";"";"";"";"";"";"";""
"19/04/2023";"0900";"";"";"";"";"";"";"";"";"";"";"";"";"";"";"";"";""
"19/04/2023";"1000";"";"";"";"";"";"";"";"";"";"";"";"";"";"";"";"";""
"19/04/2023";"1100";"";"";"";"";"";"";"";"";"";"";"";"";"";"";"";"";""
"19/04/2023";"1200";"";"";"";"";"";"";"";"";"";"";"";"";"";"";"";"";""
"19/04/2023";"1300";"";"";"";"";"";"";"";"";"";"";"";"";"";"";"";"";""
"19/04/2023";"1400";"";"";"";"";"";"";"";"";"";"";"";"";"";"";"";"";""
"19/04/2023";"1500";"";"";"";"";"";"";"";"";"";"";"";"";"";"";"";"";""
"19/04/2023";"1600";"";"";"";"";"";"";"";"";"";"";"";"";"";"";"";"";""
"19/04/2023";"1700";"";"";"";"";"";"";"";"";"";"";"";"";"";"";"";"";""
"19/04/2023";"1800";"";"";"";"";"";"";"";"";"";"";"";"";"";"";"";"";""
"19/04/2023";"1900";"";"";"";"";"";"";"";"";"";"";"";"";"";"";"";"";""
"19/04/2023";"2000";"";"";"";"";"";"";"";"";"";"";"";"";"";"";"";"";""
"19/04/2023";"2100";"";"";"";"";"";"";"";"";"";"";"";"";"";"";"";"";""
"19/04/2023";"2200";"";"";"";"";"";"";"";"";"";"";"";"";"";"";"";"";""
"19/04/2023";"2300";"";"";"";"";"";"";"";"";"";"";"";"";"";"";"";"";""
"20/04/2023";"0000";"";"";"";"";"";"";"";"";"";"";"";"";"";"";"";"";""
"20/04/2023";"0100";"";"";"";"";"";"";"";"";"";"";"";"";"";"";"";"";""
"20/04/2023";"0200";"";"";"";"";"";"";"";"";"";"";"";"";"";"";"";"";""
"20/04/2023";"0300";"";"";"";"";"";"";"";"";"";"";"";"";"";"";"";"";""
"20/04/2023";"0400";"";"";"";"";"";"";"";"";"";"";"";"";"";"";"";"";""
"20/04/2023";"0500";"";"";"";"";"";"";"";"";"";"";"";"";"";"";"";"";""
"20/04/2023";"0600";"";"";"";"";"";"";"";"";"";"";"";"";"";"";"";"";""
"20/04/2023";"0700";"";"";"";"";"";"";"";"";"";"";"";"";"";"";"";"";""
"20/04/2023";"0800";"";"";"";"";"";"";"";"";"";"";"";"";"";"";"";"";""
"20/04/2023";"0900";"";"";"";"";"";"";"";"";"";"";"";"";"";"";"";"";""
"20/04/2023";"1000";"";"";"";"";"";"";"";"";"";"";"";"";"";"";"";"";""
"20/04/2023";"1100";"";"";"";"";"";"";"";"";"";"";"";"";"";"";"";"";""
"20/04/2023";"1200";"";"";"";"";"";"";"";"";"";"";"";"";"";"";"";"";""
"20/04/2023";"1300";"";"";"";"";"";"";"";"";"";"";"";"";"";"";"";"";""
"20/04/2023";"1400";"";"";"";"";"";"";"";"";"";"";"";"";"";"";"";"";""
"20/04/2023";"1500";"";"";"";"";"";"";"";"";"";"";"";"";"";"";"";"";""
"20/04/2023";"1600";"";"";"";"";"";"";"";"";"";"";"";"";"";"";"";"";""
"20/04/2023";"1700";"";"";"";"";"";"";"";"";"";"";"";"";"";"";"";"";""
"20/04/2023";"1800";"";"";"";"";"";"";"";"";"";"";"";"";"";"";"";"";""
"20/04/2023";"1900";"";"";"";"";"";"";"";"";"";"";"";"";"";"";"";"";""
"20/04/2023";"2000";"";"";"";"";"";"";"";"";"";"";"";"";"";"";"";"";""
"20/04/2023";"2100";"";"";"";"";"";"";"";"";"";"";"";"";"";"";"";"";""
"20/04/2023";"2200";"";"";"";"";"";"";"";"";"";"";"";"";"";"";"";"";""
"20/04/2023";"2300";"";"";"";"";"";"";"";"";"";"";"";"";"";"";"";"";""
"21/04/2023";"0000";"";"";"";"";"";"";"";"";"";"";"";"";"";"";"";"";""
"21/04/2023";"0100";"";"";"";"";"";"";"";"";"";"";"";"";"";"";"";"";""
"21/04/2023";"0200";"";"";"";"";"";"";"";"";"";"";"";"";"";"";"";"";""
"21/04/2023";"0300";"";"";"";"";"";"";"";"";"";"";"";"";"";"";"";"";""
"21/04/2023";"0400";"";"";"";"";"";"";"";"";"";"";"";"";"";"";"";"";""
"21/04/2023";"0500";"";"";"";"";"";"";"";"";"";"";"";"";"";"";"";"";""
"21/04/2023";"0600";"";"";"";"";"";"";"";"";"";"";"";"";"";"";"";"";""
"21/04/2023";"0700";"";"";"";"";"";"";"";"";"";"";"";"";"";"";"";"";""
"21/04/2023";"0800";"";"";"";"";"";"";"";"";"";"";"";"";"";"";"";"";""
"21/04/2023";"0900";"";"";"";"";"";"";"";"";"";"";"";"";"";"";"";"";""
"21/04/2023";"1000";"";"";"";"";"";"";"";"";"";"";"";"";"";"";"";"";""
"21/04/2023";"1100";"";"";"";"";"";"";"";"";"";"";"";"";"";"";"";"";""
"21/04/2023";"1200";"";"";"";"";"";"";"";"";"";"";"";"";"";"";"";"";""
"21/04/2023";"1300";"";"";"";"";"";"";"";"";"";"";"";"";"";"";"";"";""
"21/04/2023";"1400";"";"";"";"";"";"";"";"";"";"";"";"";"";"";"";"";""
"21/04/2023";"1500";"";"";"";"";"";"";"";"";"";"";"";"";"";"";"";"";""
"21/04/2023";"1600";"";"";"";"";"";"";"";"";"";"";"";"";"";"";"";"";""
"21/04/2023";"1700";"";"";"";"";"";"";"";"";"";"";"";"";"";"";"";"";""
"21/04/2023";"1800";"";"";"";"";"";"";"";"";"";"";"";"";"";"";"";"";""
"21/04/2023";"1900";"";"";"";"";"";"";"";"";"";"";"";"";"";"";"";"";""
"21/04/2023";"2000";"";"";"";"";"";"";"";"";"";"";"";"";"";"";"";"";""
"21/04/2023";"2100";"";"";"";"";"";"";"";"";"";"";"";"";"";"";"";"";""
"21/04/2023";"2200";"";"";"";"";"";"";"";"";"";"";"";"";"";"";"";"";""
"21/04/2023";"2300";"";"";"";"";"";"";"";"";"";"";"";"";"";"";"";"";""
"22/04/2023";"0000";"";"";"";"";"";"";"";"";"";"";"";"";"";"";"";"";""
"22/04/2023";"0100";"";"";"";"";"";"";"";"";"";"";"";"";"";"";"";"";""
"22/04/2023";"0200";"";"";"";"";"";"";"";"";"";"";"";"";"";"";"";"";""
"22/04/2023";"0300";"";"";"";"";"";"";"";"";"";"";"";"";"";"";"";"";""
"22/04/2023";"0400";"";"";"";"";"";"";"";"";"";"";"";"";"";"";"";"";""
"22/04/2023";"0500";"";"";"";"";"";"";"";"";"";"";"";"";"";"";"";"";""
"22/04/2023";"0600";"";"";"";"";"";"";"";"";"";"";"";"";"";"";"";"";""
"22/04/2023";"0700";"";"";"";"";"";"";"";"";"";"";"";"";"";"";"";"";""
"22/04/2023";"0800";"";"";"";"";"";"";"";"";"";"";"";"";"";"";"";"";""
"22/04/2023";"0900";"";"";"";"";"";"";"";"";"";"";"";"";"";"";"";"";""
"22/04/2023";"1000";"";"";"";"";"";"";"";"";"";"";"";"";"";"";"";"";""
"22/04/2023";"1100";"";"";"";"";"";"";"";"";"";"";"";"";"";"";"";"";""
"22/04/2023";"1200";"";"";"";"";"";"";"";"";"";"";"";"";"";"";"";"";""
"22/04/2023";"1300";"";"";"";"";"";"";"";"";"";"";"";"";"";"";"";"";""
"22/04/2023";"1400";"";"";"";"";"";"";"";"";"";"";"";"";"";"";"";"";""
"22/04/2023";"1500";"";"";"";"";"";"";"";"";"";"";"";"";"";"";"";"";""
"22/04/2023";"1600";"";"";"";"";"";"";"";"";"";"";"";"";"";"";"";"";""
"22/04/2023";"1700";"";"";"";"";"";"";"";"";"";"";"";"";"";"";"";"";""
"22/04/2023";"1800";"";"";"";"";"";"";"";"";"";"";"";"";"";"";"";"";""
"22/04/2023";"1900";"";"";"";"";"";"";"";"";"";"";"";"";"";"";"";"";""
"22/04/2023";"2000";"";"";"";"";"";"";"";"";"";"";"";"";"";"";"";"";""
"22/04/2023";"2100";"";"";"";"";"";"";"";"";"";"";"";"";"";"";"";"";""
"22/04/2023";"2200";"";"";"";"";"";"";"";"";"";"";"";"";"";"";"";"";""
"22/04/2023";"2300";"";"";"";"";"";"";"";"";"";"";"";"";"";"";"";"";""
"23/04/2023";"0000";"";"";"";"";"";"";"";"";"";"";"";"";"";"";"";"";""
"23/04/2023";"0100";"";"";"";"";"";"";"";"";"";"";"";"";"";"";"";"";""
"23/04/2023";"0200";"";"";"";"";"";"";"";"";"";"";"";"";"";"";"";"";""
"23/04/2023";"0300";"";"";"";"";"";"";"";"";"";"";"";"";"";"";"";"";""
"23/04/2023";"0400";"";"";"";"";"";"";"";"";"";"";"";"";"";"";"";"";""
"23/04/2023";"0500";"";"";"";"";"";"";"";"";"";"";"";"";"";"";"";"";""
"23/04/2023";"0600";"";"";"";"";"";"";"";"";"";"";"";"";"";"";"";"";""
"23/04/2023";"0700";"";"";"";"";"";"";"";"";"";"";"";"";"";"";"";"";""
"23/04/2023";"0800";"";"";"";"";"";"";"";"";"";"";"";"";"";"";"";"";""
"23/04/2023";"0900";"";"";"";"";"";"";"";"";"";"";"";"";"";"";"";"";""
"23/04/2023";"1000";"";"";"";"";"";"";"";"";"";"";"";"";"";"";"";"";""
"23/04/2023";"1100";"";"";"";"";"";"";"";"";"";"";"";"";"";"";"";"";""
"23/04/2023";"1200";"";"";"";"";"";"";"";"";"";"";"";"";"";"";"";"";""
"23/04/2023";"1300";"";"";"";"";"";"";"";"";"";"";"";"";"";"";"";"";""
"23/04/2023";"1400";"";"";"";"";"";"";"";"";"";"";"";"";"";"";"";"";""
"23/04/2023";"1500";"";"";"";"";"";"";"";"";"";"";"";"";"";"";"";"";""
"23/04/2023";"1600";"";"";"";"";"";"";"";"";"";"";"";"";"";"";"";"";""
"23/04/2023";"1700";"";"";"";"";"";"";"";"";"";"";"";"";"";"";"";"";""
"23/04/2023";"1800";"";"";"";"";"";"";"";"";"";"";"";"";"";"";"";"";""
"23/04/2023";"1900";"";"";"";"";"";"";"";"";"";"";"";"";"";"";"";"";""
"23/04/2023";"2000";"";"";"";"";"";"";"";"";"";"";"";"";"";"";"";"";""
"23/04/2023";"2100";"";"";"";"";"";"";"";"";"";"";"";"";"";"";"";"";""
"23/04/2023";"2200";"";"";"";"";"";"";"";"";"";"";"";"";"";"";"";"";""
"23/04/2023";"2300";"";"";"";"";"";"";"";"";"";"";"";"";"";"";"";"";""
"24/04/2023";"0000";"";"";"";"";"";"";"";"";"";"";"";"";"";"";"";"";""
"24/04/2023";"0100";"";"";"";"";"";"";"";"";"";"";"";"";"";"";"";"";""
"24/04/2023";"0200";"";"";"";"";"";"";"";"";"";"";"";"";"";"";"";"";""
"24/04/2023";"0300";"";"";"";"";"";"";"";"";"";"";"";"";"";"";"";"";""
"24/04/2023";"0400";"";"";"";"";"";"";"";"";"";"";"";"";"";"";"";"";""
"24/04/2023";"0500";"";"";"";"";"";"";"";"";"";"";"";"";"";"";"";"";""
"24/04/2023";"0600";"";"";"";"";"";"";"";"";"";"";"";"";"";"";"";"";""
"24/04/2023";"0700";"";"";"";"";"";"";"";"";"";"";"";"";"";"";"";"";""
"24/04/2023";"0800";"";"";"";"";"";"";"";"";"";"";"";"";"";"";"";"";""
"24/04/2023";"0900";"";"";"";"";"";"";"";"";"";"";"";"";"";"";"";"";""
"24/04/2023";"1000";"";"";"";"";"";"";"";"";"";"";"";"";"";"";"";"";""
"24/04/2023";"1100";"";"";"";"";"";"";"";"";"";"";"";"";"";"";"";"";""
"24/04/2023";"1200";"";"";"";"";"";"";"";"";"";"";"";"";"";"";"";"";""
"24/04/2023";"1300";"";"";"";"";"";"";"";"";"";"";"";"";"";"";"";"";""
"24/04/2023";"1400";"";"";"";"";"";"";"";"";"";"";"";"";"";"";"";"";""
"24/04/2023";"1500";"";"";"";"";"";"";"";"";"";"";"";"";"";"";"";"";""
"24/04/2023";"1600";"";"";"";"";"";"";"";"";"";"";"";"";"";"";"";"";""
"24/04/2023";"1700";"";"";"";"";"";"";"";"";"";"";"";"";"";"";"";"";""
"24/04/2023";"1800";"";"";"";"";"";"";"";"";"";"";"";"";"";"";"";"";""
"24/04/2023";"1900";"";"";"";"";"";"";"";"";"";"";"";"";"";"";"";"";""
"24/04/2023";"2000";"";"";"";"";"";"";"";"";"";"";"";"";"";"";"";"";""
"24/04/2023";"2100";"";"";"";"";"";"";"";"";"";"";"";"";"";"";"";"";""
"24/04/2023";"2200";"";"";"";"";"";"";"";"";"";"";"";"";"";"";"";"";""
"24/04/2023";"2300";"";"";"";"";"";"";"";"";"";"";"";"";"";"";"";"";""
"25/04/2023";"0000";"";"";"";"";"";"";"";"";"";"";"";"";"";"";"";"";""
"25/04/2023";"0100";"";"";"";"";"";"";"";"";"";"";"";"";"";"";"";"";""
"25/04/2023";"0200";"";"";"";"";"";"";"";"";"";"";"";"";"";"";"";"";""
"25/04/2023";"0300";"";"";"";"";"";"";"";"";"";"";"";"";"";"";"";"";""
"25/04/2023";"0400";"";"";"";"";"";"";"";"";"";"";"";"";"";"";"";"";""
"25/04/2023";"0500";"";"";"";"";"";"";"";"";"";"";"";"";"";"";"";"";""
"25/04/2023";"0600";"";"";"";"";"";"";"";"";"";"";"";"";"";"";"";"";""
"25/04/2023";"0700";"";"";"";"";"";"";"";"";"";"";"";"";"";"";"";"";""
"25/04/2023";"0800";"";"";"";"";"";"";"";"";"";"";"";"";"";"";"";"";""
"25/04/2023";"0900";"";"";"";"";"";"";"";"";"";"";"";"";"";"";"";"";""
"25/04/2023";"1000";"";"";"";"";"";"";"";"";"";"";"";"";"";"";"";"";""
"25/04/2023";"1100";"";"";"";"";"";"";"";"";"";"";"";"";"";"";"";"";""
"25/04/2023";"1200";"";"";"";"";"";"";"";"";"";"";"";"";"";"";"";"";""
"25/04/2023";"1300";"";"";"";"";"";"";"";"";"";"";"";"";"";"";"";"";""
"25/04/2023";"1400";"";"";"";"";"";"";"";"";"";"";"";"";"";"";"";"";""
"25/04/2023";"1500";"";"";"";"";"";"";"";"";"";"";"";"";"";"";"";"";""
"25/04/2023";"1600";"";"";"";"";"";"";"";"";"";"";"";"";"";"";"";"";""
"25/04/2023";"1700";"";"";"";"";"";"";"";"";"";"";"";"";"";"";"";"";""
"25/04/2023";"1800";"";"";"";"";"";"";"";"";"";"";"";"";"";"";"";"";""
"25/04/2023";"1900";"";"";"";"";"";"";"";"";"";"";"";"";"";"";"";"";""
"25/04/2023";"2000";"";"";"";"";"";"";"";"";"";"";"";"";"";"";"";"";""
"25/04/2023";"2100";"";"";"";"";"";"";"";"";"";"";"";"";"";"";"";"";""
"25/04/2023";"2200";"";"";"";"";"";"";"";"";"";"";"";"";"";"";"";"";""
"25/04/2023";"2300";"";"";"";"";"";"";"";"";"";"";"";"";"";"";"";"";""
"26/04/2023";"0000";"";"";"";"";"";"";"";"";"";"";"";"";"";"";"";"";""
"26/04/2023";"0100";"";"";"";"";"";"";"";"";"";"";"";"";"";"";"";"";""
"26/04/2023";"0200";"";"";"";"";"";"";"";"";"";"";"";"";"";"";"";"";""
"26/04/2023";"0300";"";"";"";"";"";"";"";"";"";"";"";"";"";"";"";"";""
"26/04/2023";"0400";"";"";"";"";"";"";"";"";"";"";"";"";"";"";"";"";""
"26/04/2023";"0500";"";"";"";"";"";"";"";"";"";"";"";"";"";"";"";"";""
"26/04/2023";"0600";"";"";"";"";"";"";"";"";"";"";"";"";"";"";"";"";""
"26/04/2023";"0700";"";"";"";"";"";"";"";"";"";"";"";"";"";"";"";"";""
"26/04/2023";"0800";"";"";"";"";"";"";"";"";"";"";"";"";"";"";"";"";""
"26/04/2023";"0900";"";"";"";"";"";"";"";"";"";"";"";"";"";"";"";"";""
"26/04/2023";"1000";"";"";"";"";"";"";"";"";"";"";"";"";"";"";"";"";""
"26/04/2023";"1100";"";"";"";"";"";"";"";"";"";"";"";"";"";"";"";"";""
"26/04/2023";"1200";"";"";"";"";"";"";"";"";"";"";"";"";"";"";"";"";""
"26/04/2023";"1300";"";"";"";"";"";"";"";"";"";"";"";"";"";"";"";"";""
"26/04/2023";"1400";"";"";"";"";"";"";"";"";"";"";"";"";"";"";"";"";""
"26/04/2023";"1500";"";"";"";"";"";"";"";"";"";"";"";"";"";"";"";"";""
"26/04/2023";"1600";"";"";"";"";"";"";"";"";"";"";"";"";"";"";"";"";""
"26/04/2023";"1700";"";"";"";"";"";"";"";"";"";"";"";"";"";"";"";"";""
"26/04/2023";"1800";"";"";"";"";"";"";"";"";"";"";"";"";"";"";"";"";""
"26/04/2023";"1900";"";"";"";"";"";"";"";"";"";"";"";"";"";"";"";"";""
"26/04/2023";"2000";"";"";"";"";"";"";"";"";"";"";"";"";"";"";"";"";""
"26/04/2023";"2100";"";"";"";"";"";"";"";"";"";"";"";"";"";"";"";"";""
"26/04/2023";"2200";"";"";"";"";"";"";"";"";"";"";"";"";"";"";"";"";""
"26/04/2023";"2300";"";"";"";"";"";"";"";"";"";"";"";"";"";"";"";"";""
"27/04/2023";"0000";"";"";"";"";"";"";"";"";"";"";"";"";"";"";"";"";""
"27/04/2023";"0100";"";"";"";"";"";"";"";"";"";"";"";"";"";"";"";"";""
"27/04/2023";"0200";"";"";"";"";"";"";"";"";"";"";"";"";"";"";"";"";""
"27/04/2023";"0300";"";"";"";"";"";"";"";"";"";"";"";"";"";"";"";"";""
"27/04/2023";"0400";"";"";"";"";"";"";"";"";"";"";"";"";"";"";"";"";""
"27/04/2023";"0500";"";"";"";"";"";"";"";"";"";"";"";"";"";"";"";"";""
"27/04/2023";"0600";"";"";"";"";"";"";"";"";"";"";"";"";"";"";"";"";""
"27/04/2023";"0700";"";"";"";"";"";"";"";"";"";"";"";"";"";"";"";"";""
"27/04/2023";"0800";"";"";"";"";"";"";"";"";"";"";"";"";"";"";"";"";""
"27/04/2023";"0900";"";"";"";"";"";"";"";"";"";"";"";"";"";"";"";"";""
"27/04/2023";"1000";"";"";"";"";"";"";"";"";"";"";"";"";"";"";"";"";""
"27/04/2023";"1100";"";"";"";"";"";"";"";"";"";"";"";"";"";"";"";"";""
"27/04/2023";"1200";"";"";"";"";"";"";"";"";"";"";"";"";"";"";"";"";""
"27/04/2023";"1300";"";"";"";"";"";"";"";"";"";"";"";"";"";"";"";"";""
"27/04/2023";"1400";"";"";"";"";"";"";"";"";"";"";"";"";"";"";"";"";""
"27/04/2023";"1500";"";"";"";"";"";"";"";"";"";"";"";"";"";"";"";"";""
"27/04/2023";"1600";"";"";"";"";"";"";"";"";"";"";"";"";"";"";"";"";""
"27/04/2023";"1700";"";"";"";"";"";"";"";"";"";"";"";"";"";"";"";"";""
"27/04/2023";"1800";"";"";"";"";"";"";"";"";"";"";"";"";"";"";"";"";""
"27/04/2023";"1900";"";"";"";"";"";"";"";"";"";"";"";"";"";"";"";"";""
"27/04/2023";"2000";"";"";"";"";"";"";"";"";"";"";"";"";"";"";"";"";""
"27/04/2023";"2100";"";"";"";"";"";"";"";"";"";"";"";"";"";"";"";"";""
"27/04/2023";"2200";"";"";"";"";"";"";"";"";"";"";"";"";"";"";"";"";""
"27/04/2023";"2300";"";"";"";"";"";"";"";"";"";"";"";"";"";"";"";"";""
"28/04/2023";"0000";"";"";"";"";"";"";"";"";"";"";"";"";"";"";"";"";""
"28/04/2023";"0100";"";"";"";"";"";"";"";"";"";"";"";"";"";"";"";"";""
"28/04/2023";"0200";"";"";"";"";"";"";"";"";"";"";"";"";"";"";"";"";""
"28/04/2023";"0300";"";"";"";"";"";"";"";"";"";"";"";"";"";"";"";"";""
"28/04/2023";"0400";"";"";"";"";"";"";"";"";"";"";"";"";"";"";"";"";""
"28/04/2023";"0500";"";"";"";"";"";"";"";"";"";"";"";"";"";"";"";"";""
"28/04/2023";"0600";"";"";"";"";"";"";"";"";"";"";"";"";"";"";"";"";""
"28/04/2023";"0700";"";"";"";"";"";"";"";"";"";"";"";"";"";"";"";"";""
"28/04/2023";"0800";"";"";"";"";"";"";"";"";"";"";"";"";"";"";"";"";""
"28/04/2023";"0900";"";"";"";"";"";"";"";"";"";"";"";"";"";"";"";"";""
"28/04/2023";"1000";"";"";"";"";"";"";"";"";"";"";"";"";"";"";"";"";""
"28/04/2023";"1100";"";"";"";"";"";"";"";"";"";"";"";"";"";"";"";"";""
"28/04/2023";"1200";"";"";"";"";"";"";"";"";"";"";"";"";"";"";"";"";""
"28/04/2023";"1300";"";"";"";"";"";"";"";"";"";"";"";"";"";"";"";"";""
"28/04/2023";"1400";"";"";"";"";"";"";"";"";"";"";"";"";"";"";"";"";""
"28/04/2023";"1500";"";"";"";"";"";"";"";"";"";"";"";"";"";"";"";"";""
"28/04/2023";"1600";"";"";"";"";"";"";"";"";"";"";"";"";"";"";"";"";""
"28/04/2023";"1700";"";"";"";"";"";"";"";"";"";"";"";"";"";"";"";"";""
"28/04/2023";"1800";"";"";"";"";"";"";"";"";"";"";"";"";"";"";"";"";""
"28/04/2023";"1900";"";"";"";"";"";"";"";"";"";"";"";"";"";"";"";"";""
"28/04/2023";"2000";"";"";"";"";"";"";"";"";"";"";"";"";"";"";"";"";""
"28/04/2023";"2100";"";"";"";"";"";"";"";"";"";"";"";"";"";"";"";"";""
"28/04/2023";"2200";"";"";"";"";"";"";"";"";"";"";"";"";"";"";"";"";""
"28/04/2023";"2300";"";"";"";"";"";"";"";"";"";"";"";"";"";"";"";"";""
"29/04/2023";"0000";"";"";"";"";"";"";"";"";"";"";"";"";"";"";"";"";""
"29/04/2023";"0100";"";"";"";"";"";"";"";"";"";"";"";"";"";"";"";"";""
"29/04/2023";"0200";"";"";"";"";"";"";"";"";"";"";"";"";"";"";"";"";""
"29/04/2023";"0300";"";"";"";"";"";"";"";"";"";"";"";"";"";"";"";"";""
"29/04/2023";"0400";"";"";"";"";"";"";"";"";"";"";"";"";"";"";"";"";""
"29/04/2023";"0500";"";"";"";"";"";"";"";"";"";"";"";"";"";"";"";"";""
"29/04/2023";"0600";"";"";"";"";"";"";"";"";"";"";"";"";"";"";"";"";""
"29/04/2023";"0700";"";"";"";"";"";"";"";"";"";"";"";"";"";"";"";"";""
"29/04/2023";"0800";"";"";"";"";"";"";"";"";"";"";"";"";"";"";"";"";""
"29/04/2023";"0900";"";"";"";"";"";"";"";"";"";"";"";"";"";"";"";"";""
"29/04/2023";"1000";"";"";"";"";"";"";"";"";"";"";"";"";"";"";"";"";""
"29/04/2023";"1100";"";"";"";"";"";"";"";"";"";"";"";"";"";"";"";"";""
"29/04/2023";"1200";"";"";"";"";"";"";"";"";"";"";"";"";"";"";"";"";""
"29/04/2023";"1300";"";"";"";"";"";"";"";"";"";"";"";"";"";"";"";"";""
"29/04/2023";"1400";"";"";"";"";"";"";"";"";"";"";"";"";"";"";"";"";""
"29/04/2023";"1500";"";"";"";"";"";"";"";"";"";"";"";"";"";"";"";"";""
"29/04/2023";"1600";"";"";"";"";"";"";"";"";"";"";"";"";"";"";"";"";""
"29/04/2023";"1700";"";"";"";"";"";"";"";"";"";"";"";"";"";"";"";"";""
"29/04/2023";"1800";"";"";"";"";"";"";"";"";"";"";"";"";"";"";"";"";""
"29/04/2023";"1900";"";"";"";"";"";"";"";"";"";"";"";"";"";"";"";"";""
"29/04/2023";"2000";"";"";"";"";"";"";"";"";"";"";"";"";"";"";"";"";""
"29/04/2023";"2100";"";"";"";"";"";"";"";"";"";"";"";"";"";"";"";"";""
"29/04/2023";"2200";"";"";"";"";"";"";"";"";"";"";"";"";"";"";"";"";""
"29/04/2023";"2300";"";"";"";"";"";"";"";"";"";"";"";"";"";"";"";"";""
"30/04/2023";"0000";"";"";"";"";"";"";"";"";"";"";"";"";"";"";"";"";""
"30/04/2023";"0100";"";"";"";"";"";"";"";"";"";"";"";"";"";"";"";"";""
"30/04/2023";"0200";"";"";"";"";"";"";"";"";"";"";"";"";"";"";"";"";""
"30/04/2023";"0300";"";"";"";"";"";"";"";"";"";"";"";"";"";"";"";"";""
"30/04/2023";"0400";"";"";"";"";"";"";"";"";"";"";"";"";"";"";"";"";""
"30/04/2023";"0500";"";"";"";"";"";"";"";"";"";"";"";"";"";"";"";"";""
"30/04/2023";"0600";"";"";"";"";"";"";"";"";"";"";"";"";"";"";"";"";""
"30/04/2023";"0700";"";"";"";"";"";"";"";"";"";"";"";"";"";"";"";"";""
"30/04/2023";"0800";"";"";"";"";"";"";"";"";"";"";"";"";"";"";"";"";""
"30/04/2023";"0900";"";"";"";"";"";"";"";"";"";"";"";"";"";"";"";"";""
"30/04/2023";"1000";"";"";"";"";"";"";"";"";"";"";"";"";"";"";"";"";""
"30/04/2023";"1100";"";"";"";"";"";"";"";"";"";"";"";"";"";"";"";"";""
"30/04/2023";"1200";"";"";"";"";"";"";"";"";"";"";"";"";"";"";"";"";""
"30/04/2023";"1300";"";"";"";"";"";"";"";"";"";"";"";"";"";"";"";"";""
"30/04/2023";"1400";"";"";"";"";"";"";"";"";"";"";"";"";"";"";"";"";""
"30/04/2023";"1500";"";"";"";"";"";"";"";"";"";"";"";"";"";"";"";"";""
"30/04/2023";"1600";"";"";"";"";"";"";"";"";"";"";"";"";"";"";"";"";""
"30/04/2023";"1700";"";"";"";"";"";"";"";"";"";"";"";"";"";"";"";"";""
"30/04/2023";"1800";"";"";"";"";"";"";"";"";"";"";"";"";"";"";"";"";""
"30/04/2023";"1900";"";"";"";"";"";"";"";"";"";"";"";"";"";"";"";"";""
"30/04/2023";"2000";"";"";"";"";"";"";"";"";"";"";"";"";"";"";"";"";""
"30/04/2023";"2100";"";"";"";"";"";"";"";"";"";"";"";"";"";"";"";"";""
"30/04/2023";"2200";"";"";"";"";"";"";"";"";"";"";"";"";"";"";"";"";""
"30/04/2023";"2300";"";"";"";"";"";"";"";"";"";"";"";"";"";"";"";"";""
"01/05/2023";"0000";"";"";"";"";"";"";"";"";"";"";"";"";"";"";"";"";""
"01/05/2023";"0100";"";"";"";"";"";"";"";"";"";"";"";"";"";"";"";"";""
"01/05/2023";"0200";"";"";"";"";"";"";"";"";"";"";"";"";"";"";"";"";""
"01/05/2023";"0300";"";"";"";"";"";"";"";"";"";"";"";"";"";"";"";"";""
"01/05/2023";"0400";"";"";"";"";"";"";"";"";"";"";"";"";"";"";"";"";""
"01/05/2023";"0500";"";"";"";"";"";"";"";"";"";"";"";"";"";"";"";"";""
"01/05/2023";"0600";"";"";"";"";"";"";"";"";"";"";"";"";"";"";"";"";""
"01/05/2023";"0700";"";"";"";"";"";"";"";"";"";"";"";"";"";"";"";"";""
"01/05/2023";"0800";"";"";"";"";"";"";"";"";"";"";"";"";"";"";"";"";""
"01/05/2023";"0900";"";"";"";"";"";"";"";"";"";"";"";"";"";"";"";"";""
"01/05/2023";"1000";"";"";"";"";"";"";"";"";"";"";"";"";"";"";"";"";""
"01/05/2023";"1100";"";"";"";"";"";"";"";"";"";"";"";"";"";"";"";"";""
"01/05/2023";"1200";"";"";"";"";"";"";"";"";"";"";"";"";"";"";"";"";""
"01/05/2023";"1300";"";"";"";"";"";"";"";"";"";"";"";"";"";"";"";"";""
"01/05/2023";"1400";"";"";"";"";"";"";"";"";"";"";"";"";"";"";"";"";""
"01/05/2023";"1500";"";"";"";"";"";"";"";"";"";"";"";"";"";"";"";"";""
"01/05/2023";"1600";"";"";"";"";"";"";"";"";"";"";"";"";"";"";"";"";""
"01/05/2023";"1700";"";"";"";"";"";"";"";"";"";"";"";"";"";"";"";"";""
"01/05/2023";"1800";"";"";"";"";"";"";"";"";"";"";"";"";"";"";"";"";""
"01/05/2023";"1900";"";"";"";"";"";"";"";"";"";"";"";"";"";"";"";"";""
"01/05/2023";"2000";"";"";"";"";"";"";"";"";"";"";"";"";"";"";"";"";""
"01/05/2023";"2100";"";"";"";"";"";"";"";"";"";"";"";"";"";"";"";"";""
"01/05/2023";"2200";"";"";"";"";"";"";"";"";"";"";"";"";"";"";"";"";""
"01/05/2023";"2300";"";"";"";"";"";"";"";"";"";"";"";"";"";"";"";"";""
"02/05/2023";"0000";"";"";"";"";"";"";"";"";"";"";"";"";"";"";"";"";""
"02/05/2023";"0100";"";"";"";"";"";"";"";"";"";"";"";"";"";"";"";"";""
"02/05/2023";"0200";"";"";"";"";"";"";"";"";"";"";"";"";"";"";"";"";""
"02/05/2023";"0300";"";"";"";"";"";"";"";"";"";"";"";"";"";"";"";"";""
"02/05/2023";"0400";"";"";"";"";"";"";"";"";"";"";"";"";"";"";"";"";""
"02/05/2023";"0500";"";"";"";"";"";"";"";"";"";"";"";"";"";"";"";"";""
"02/05/2023";"0600";"";"";"";"";"";"";"";"";"";"";"";"";"";"";"";"";""
"02/05/2023";"0700";"";"";"";"";"";"";"";"";"";"";"";"";"";"";"";"";""
"02/05/2023";"0800";"";"";"";"";"";"";"";"";"";"";"";"";"";"";"";"";""
"02/05/2023";"0900";"";"";"";"";"";"";"";"";"";"";"";"";"";"";"";"";""
"02/05/2023";"1000";"";"";"";"";"";"";"";"";"";"";"";"";"";"";"";"";""
"02/05/2023";"1100";"";"";"";"";"";"";"";"";"";"";"";"";"";"";"";"";""
"02/05/2023";"1200";"";"";"";"";"";"";"";"";"";"";"";"";"";"";"";"";""
"02/05/2023";"1300";"";"";"";"";"";"";"";"";"";"";"";"";"";"";"";"";""
"02/05/2023";"1400";"";"";"";"";"";"";"";"";"";"";"";"";"";"";"";"";""
"02/05/2023";"1500";"";"";"";"";"";"";"";"";"";"";"";"";"";"";"";"";""
"02/05/2023";"1600";"";"";"";"";"";"";"";"";"";"";"";"";"";"";"";"";""
"02/05/2023";"1700";"";"";"";"";"";"";"";"";"";"";"";"";"";"";"";"";""
"02/05/2023";"1800";"";"";"";"";"";"";"";"";"";"";"";"";"";"";"";"";""
"02/05/2023";"1900";"";"";"";"";"";"";"";"";"";"";"";"";"";"";"";"";""
"02/05/2023";"2000";"";"";"";"";"";"";"";"";"";"";"";"";"";"";"";"";""
"02/05/2023";"2100";"";"";"";"";"";"";"";"";"";"";"";"";"";"";"";"";""
"02/05/2023";"2200";"";"";"";"";"";"";"";"";"";"";"";"";"";"";"";"";""
"02/05/2023";"2300";"";"";"";"";"";"";"";"";"";"";"";"";"";"";"";"";""
"03/05/2023";"0000";"";"";"";"";"";"";"";"";"";"";"";"";"";"";"";"";""
"03/05/2023";"0100";"";"";"";"";"";"";"";"";"";"";"";"";"";"";"";"";""
"03/05/2023";"0200";"";"";"";"";"";"";"";"";"";"";"";"";"";"";"";"";""
"03/05/2023";"0300";"";"";"";"";"";"";"";"";"";"";"";"";"";"";"";"";""
"03/05/2023";"0400";"";"";"";"";"";"";"";"";"";"";"";"";"";"";"";"";""
"03/05/2023";"0500";"";"";"";"";"";"";"";"";"";"";"";"";"";"";"";"";""
"03/05/2023";"0600";"";"";"";"";"";"";"";"";"";"";"";"";"";"";"";"";""
"03/05/2023";"0700";"";"";"";"";"";"";"";"";"";"";"";"";"";"";"";"";""
"03/05/2023";"0800";"";"";"";"";"";"";"";"";"";"";"";"";"";"";"";"";""
"03/05/2023";"0900";"";"";"";"";"";"";"";"";"";"";"";"";"";"";"";"";""
"03/05/2023";"1000";"";"";"";"";"";"";"";"";"";"";"";"";"";"";"";"";""
"03/05/2023";"1100";"";"";"";"";"";"";"";"";"";"";"";"";"";"";"";"";""
"03/05/2023";"1200";"";"";"";"";"";"";"";"";"";"";"";"";"";"";"";"";""
"03/05/2023";"1300";"";"";"";"";"";"";"";"";"";"";"";"";"";"";"";"";""
"03/05/2023";"1400";"";"";"";"";"";"";"";"";"";"";"";"";"";"";"";"";""
"03/05/2023";"1500";"";"";"";"";"";"";"";"";"";"";"";"";"";"";"";"";""
"03/05/2023";"1600";"";"";"";"";"";"";"";"";"";"";"";"";"";"";"";"";""
"03/05/2023";"1700";"";"";"";"";"";"";"";"";"";"";"";"";"";"";"";"";""
"03/05/2023";"1800";"";"";"";"";"";"";"";"";"";"";"";"";"";"";"";"";""
"03/05/2023";"1900";"";"";"";"";"";"";"";"";"";"";"";"";"";"";"";"";""
"03/05/2023";"2000";"";"";"";"";"";"";"";"";"";"";"";"";"";"";"";"";""
"03/05/2023";"2100";"";"";"";"";"";"";"";"";"";"";"";"";"";"";"";"";""
"03/05/2023";"2200";"";"";"";"";"";"";"";"";"";"";"";"";"";"";"";"";""
"03/05/2023";"2300";"";"";"";"";"";"";"";"";"";"";"";"";"";"";"";"";""
"04/05/2023";"0000";"";"";"";"";"";"";"";"";"";"";"";"";"";"";"";"";""
"04/05/2023";"0100";"";"";"";"";"";"";"";"";"";"";"";"";"";"";"";"";""
"04/05/2023";"0200";"";"";"";"";"";"";"";"";"";"";"";"";"";"";"";"";""
"04/05/2023";"0300";"";"";"";"";"";"";"";"";"";"";"";"";"";"";"";"";""
"04/05/2023";"0400";"";"";"";"";"";"";"";"";"";"";"";"";"";"";"";"";""
"04/05/2023";"0500";"";"";"";"";"";"";"";"";"";"";"";"";"";"";"";"";""
"04/05/2023";"0600";"";"";"";"";"";"";"";"";"";"";"";"";"";"";"";"";""
"04/05/2023";"0700";"";"";"";"";"";"";"";"";"";"";"";"";"";"";"";"";""
"04/05/2023";"0800";"";"";"";"";"";"";"";"";"";"";"";"";"";"";"";"";""
"04/05/2023";"0900";"";"";"";"";"";"";"";"";"";"";"";"";"";"";"";"";""
"04/05/2023";"1000";"";"";"";"";"";"";"";"";"";"";"";"";"";"";"";"";""
"04/05/2023";"1100";"";"";"";"";"";"";"";"";"";"";"";"";"";"";"";"";""
"04/05/2023";"1200";"";"";"";"";"";"";"";"";"";"";"";"";"";"";"";"";""
"04/05/2023";"1300";"";"";"";"";"";"";"";"";"";"";"";"";"";"";"";"";""
"04/05/2023";"1400";"";"";"";"";"";"";"";"";"";"";"";"";"";"";"";"";""
"04/05/2023";"1500";"";"";"";"";"";"";"";"";"";"";"";"";"";"";"";"";""
"04/05/2023";"1600";"";"";"";"";"";"";"";"";"";"";"";"";"";"";"";"";""
"04/05/2023";"1700";"";"";"";"";"";"";"";"";"";"";"";"";"";"";"";"";""
"04/05/2023";"1800";"";"";"";"";"";"";"";"";"";"";"";"";"";"";"";"";""
"04/05/2023";"1900";"";"";"";"";"";"";"";"";"";"";"";"";"";"";"";"";""
"04/05/2023";"2000";"";"";"";"";"";"";"";"";"";"";"";"";"";"";"";"";""
"04/05/2023";"2100";"";"";"";"";"";"";"";"";"";"";"";"";"";"";"";"";""
"04/05/2023";"2200";"";"";"";"";"";"";"";"";"";"";"";"";"";"";"";"";""
"04/05/2023";"2300";"";"";"";"";"";"";"";"";"";"";"";"";"";"";"";"";""
"05/05/2023";"0000";"";"";"";"";"";"";"";"";"";"";"";"";"";"";"";"";""
"05/05/2023";"0100";"";"";"";"";"";"";"";"";"";"";"";"";"";"";"";"";""
"05/05/2023";"0200";"";"";"";"";"";"";"";"";"";"";"";"";"";"";"";"";""
"05/05/2023";"0300";"";"";"";"";"";"";"";"";"";"";"";"";"";"";"";"";""
"05/05/2023";"0400";"";"";"";"";"";"";"";"";"";"";"";"";"";"";"";"";""
"05/05/2023";"0500";"";"";"";"";"";"";"";"";"";"";"";"";"";"";"";"";""
"05/05/2023";"0600";"";"";"";"";"";"";"";"";"";"";"";"";"";"";"";"";""
"05/05/2023";"0700";"";"";"";"";"";"";"";"";"";"";"";"";"";"";"";"";""
"05/05/2023";"0800";"";"";"";"";"";"";"";"";"";"";"";"";"";"";"";"";""
"05/05/2023";"0900";"";"";"";"";"";"";"";"";"";"";"";"";"";"";"";"";""
"05/05/2023";"1000";"";"";"";"";"";"";"";"";"";"";"";"";"";"";"";"";""
"05/05/2023";"1100";"";"";"";"";"";"";"";"";"";"";"";"";"";"";"";"";""
"05/05/2023";"1200";"";"";"";"";"";"";"";"";"";"";"";"";"";"";"";"";""
"05/05/2023";"1300";"";"";"";"";"";"";"";"";"";"";"";"";"";"";"";"";""
"05/05/2023";"1400";"";"";"";"";"";"";"";"";"";"";"";"";"";"";"";"";""
"05/05/2023";"1500";"";"";"";"";"";"";"";"";"";"";"";"";"";"";"";"";""
"05/05/2023";"1600";"";"";"";"";"";"";"";"";"";"";"";"";"";"";"";"";""
"05/05/2023";"1700";"";"";"";"";"";"";"";"";"";"";"";"";"";"";"";"";""
"05/05/2023";"1800";"";"";"";"";"";"";"";"";"";"";"";"";"";"";"";"";""
"05/05/2023";"1900";"";"";"";"";"";"";"";"";"";"";"";"";"";"";"";"";""
"05/05/2023";"2000";"";"";"";"";"";"";"";"";"";"";"";"";"";"";"";"";""
"05/05/2023";"2100";"";"";"";"";"";"";"";"";"";"";"";"";"";"";"";"";""
"05/05/2023";"2200";"";"";"";"";"";"";"";"";"";"";"";"";"";"";"";"";""
"05/05/2023";"2300";"";"";"";"";"";"";"";"";"";"";"";"";"";"";"";"";""
"06/05/2023";"0000";"";"";"";"";"";"";"";"";"";"";"";"";"";"";"";"";""
"06/05/2023";"0100";"";"";"";"";"";"";"";"";"";"";"";"";"";"";"";"";""
"06/05/2023";"0200";"";"";"";"";"";"";"";"";"";"";"";"";"";"";"";"";""
"06/05/2023";"0300";"";"";"";"";"";"";"";"";"";"";"";"";"";"";"";"";""
"06/05/2023";"0400";"";"";"";"";"";"";"";"";"";"";"";"";"";"";"";"";""
"06/05/2023";"0500";"";"";"";"";"";"";"";"";"";"";"";"";"";"";"";"";""
"06/05/2023";"0600";"";"";"";"";"";"";"";"";"";"";"";"";"";"";"";"";""
"06/05/2023";"0700";"";"";"";"";"";"";"";"";"";"";"";"";"";"";"";"";""
"06/05/2023";"0800";"";"";"";"";"";"";"";"";"";"";"";"";"";"";"";"";""
"06/05/2023";"0900";"";"";"";"";"";"";"";"";"";"";"";"";"";"";"";"";""
"06/05/2023";"1000";"";"";"";"";"";"";"";"";"";"";"";"";"";"";"";"";""
"06/05/2023";"1100";"";"";"";"";"";"";"";"";"";"";"";"";"";"";"";"";""
"06/05/2023";"1200";"";"";"";"";"";"";"";"";"";"";"";"";"";"";"";"";""
"06/05/2023";"1300";"";"";"";"";"";"";"";"";"";"";"";"";"";"";"";"";""
"06/05/2023";"1400";"";"";"";"";"";"";"";"";"";"";"";"";"";"";"";"";""
"06/05/2023";"1500";"";"";"";"";"";"";"";"";"";"";"";"";"";"";"";"";""
"06/05/2023";"1600";"";"";"";"";"";"";"";"";"";"";"";"";"";"";"";"";""
"06/05/2023";"1700";"";"";"";"";"";"";"";"";"";"";"";"";"";"";"";"";""
"06/05/2023";"1800";"";"";"";"";"";"";"";"";"";"";"";"";"";"";"";"";""
"06/05/2023";"1900";"";"";"";"";"";"";"";"";"";"";"";"";"";"";"";"";""
"06/05/2023";"2000";"";"";"";"";"";"";"";"";"";"";"";"";"";"";"";"";""
"06/05/2023";"2100";"";"";"";"";"";"";"";"";"";"";"";"";"";"";"";"";""
"06/05/2023";"2200";"";"";"";"";"";"";"";"";"";"";"";"";"";"";"";"";""
"06/05/2023";"2300";"";"";"";"";"";"";"";"";"";"";"";"";"";"";"";"";""
"07/05/2023";"0000";"";"";"";"";"";"";"";"";"";"";"";"";"";"";"";"";""
"07/05/2023";"0100";"";"";"";"";"";"";"";"";"";"";"";"";"";"";"";"";""
"07/05/2023";"0200";"";"";"";"";"";"";"";"";"";"";"";"";"";"";"";"";""
"07/05/2023";"0300";"";"";"";"";"";"";"";"";"";"";"";"";"";"";"";"";""
"07/05/2023";"0400";"";"";"";"";"";"";"";"";"";"";"";"";"";"";"";"";""
"07/05/2023";"0500";"";"";"";"";"";"";"";"";"";"";"";"";"";"";"";"";""
"07/05/2023";"0600";"";"";"";"";"";"";"";"";"";"";"";"";"";"";"";"";""
"07/05/2023";"0700";"";"";"";"";"";"";"";"";"";"";"";"";"";"";"";"";""
"07/05/2023";"0800";"";"";"";"";"";"";"";"";"";"";"";"";"";"";"";"";""
"07/05/2023";"0900";"";"";"";"";"";"";"";"";"";"";"";"";"";"";"";"";""
"07/05/2023";"1000";"";"";"";"";"";"";"";"";"";"";"";"";"";"";"";"";""
"07/05/2023";"1100";"";"";"";"";"";"";"";"";"";"";"";"";"";"";"";"";""
"07/05/2023";"1200";"";"";"";"";"";"";"";"";"";"";"";"";"";"";"";"";""
"07/05/2023";"1300";"";"";"";"";"";"";"";"";"";"";"";"";"";"";"";"";""
"07/05/2023";"1400";"";"";"";"";"";"";"";"";"";"";"";"";"";"";"";"";""
"07/05/2023";"1500";"";"";"";"";"";"";"";"";"";"";"";"";"";"";"";"";""
"07/05/2023";"1600";"";"";"";"";"";"";"";"";"";"";"";"";"";"";"";"";""
"07/05/2023";"1700";"";"";"";"";"";"";"";"";"";"";"";"";"";"";"";"";""
"07/05/2023";"1800";"";"";"";"";"";"";"";"";"";"";"";"";"";"";"";"";""
"07/05/2023";"1900";"";"";"";"";"";"";"";"";"";"";"";"";"";"";"";"";""
"07/05/2023";"2000";"";"";"";"";"";"";"";"";"";"";"";"";"";"";"";"";""
"07/05/2023";"2100";"";"";"";"";"";"";"";"";"";"";"";"";"";"";"";"";""
"07/05/2023";"2200";"";"";"";"";"";"";"";"";"";"";"";"";"";"";"";"";""
"07/05/2023";"2300";"";"";"";"";"";"";"";"";"";"";"";"";"";"";"";"";""
"08/05/2023";"0000";"";"";"";"";"";"";"";"";"";"";"";"";"";"";"";"";""
"08/05/2023";"0100";"";"";"";"";"";"";"";"";"";"";"";"";"";"";"";"";""
"08/05/2023";"0200";"";"";"";"";"";"";"";"";"";"";"";"";"";"";"";"";""
"08/05/2023";"0300";"";"";"";"";"";"";"";"";"";"";"";"";"";"";"";"";""
"08/05/2023";"0400";"";"";"";"";"";"";"";"";"";"";"";"";"";"";"";"";""
"08/05/2023";"0500";"";"";"";"";"";"";"";"";"";"";"";"";"";"";"";"";""
"08/05/2023";"0600";"";"";"";"";"";"";"";"";"";"";"";"";"";"";"";"";""
"08/05/2023";"0700";"";"";"";"";"";"";"";"";"";"";"";"";"";"";"";"";""
"08/05/2023";"0800";"";"";"";"";"";"";"";"";"";"";"";"";"";"";"";"";""
"08/05/2023";"0900";"";"";"";"";"";"";"";"";"";"";"";"";"";"";"";"";""
"08/05/2023";"1000";"";"";"";"";"";"";"";"";"";"";"";"";"";"";"";"";""
"08/05/2023";"1100";"";"";"";"";"";"";"";"";"";"";"";"";"";"";"";"";""
"08/05/2023";"1200";"";"";"";"";"";"";"";"";"";"";"";"";"";"";"";"";""
"08/05/2023";"1300";"";"";"";"";"";"";"";"";"";"";"";"";"";"";"";"";""
"08/05/2023";"1400";"";"";"";"";"";"";"";"";"";"";"";"";"";"";"";"";""
"08/05/2023";"1500";"";"";"";"";"";"";"";"";"";"";"";"";"";"";"";"";""
"08/05/2023";"1600";"";"";"";"";"";"";"";"";"";"";"";"";"";"";"";"";""
"08/05/2023";"1700";"";"";"";"";"";"";"";"";"";"";"";"";"";"";"";"";""
"08/05/2023";"1800";"";"";"";"";"";"";"";"";"";"";"";"";"";"";"";"";""
"08/05/2023";"1900";"";"";"";"";"";"";"";"";"";"";"";"";"";"";"";"";""
"08/05/2023";"2000";"";"";"";"";"";"";"";"";"";"";"";"";"";"";"";"";""
"08/05/2023";"2100";"";"";"";"";"";"";"";"";"";"";"";"";"";"";"";"";""
"08/05/2023";"2200";"";"";"";"";"";"";"";"";"";"";"";"";"";"";"";"";""
"08/05/2023";"2300";"";"";"";"";"";"";"";"";"";"";"";"";"";"";"";"";""
"09/05/2023";"0000";"";"";"";"";"";"";"";"";"";"";"";"";"";"";"";"";""
"09/05/2023";"0100";"";"";"";"";"";"";"";"";"";"";"";"";"";"";"";"";""
"09/05/2023";"0200";"";"";"";"";"";"";"";"";"";"";"";"";"";"";"";"";""
"09/05/2023";"0300";"";"";"";"";"";"";"";"";"";"";"";"";"";"";"";"";""
"09/05/2023";"0400";"";"";"";"";"";"";"";"";"";"";"";"";"";"";"";"";""
"09/05/2023";"0500";"";"";"";"";"";"";"";"";"";"";"";"";"";"";"";"";""
"09/05/2023";"0600";"";"";"";"";"";"";"";"";"";"";"";"";"";"";"";"";""
"09/05/2023";"0700";"";"";"";"";"";"";"";"";"";"";"";"";"";"";"";"";""
"09/05/2023";"0800";"";"";"";"";"";"";"";"";"";"";"";"";"";"";"";"";""
"09/05/2023";"0900";"";"";"";"";"";"";"";"";"";"";"";"";"";"";"";"";""
"09/05/2023";"1000";"";"";"";"";"";"";"";"";"";"";"";"";"";"";"";"";""
"09/05/2023";"1100";"";"";"";"";"";"";"";"";"";"";"";"";"";"";"";"";""
"09/05/2023";"1200";"";"";"";"";"";"";"";"";"";"";"";"";"";"";"";"";""
"09/05/2023";"1300";"";"";"";"";"";"";"";"";"";"";"";"";"";"";"";"";""
"09/05/2023";"1400";"";"";"";"";"";"";"";"";"";"";"";"";"";"";"";"";""
"09/05/2023";"1500";"";"";"";"";"";"";"";"";"";"";"";"";"";"";"";"";""
"09/05/2023";"1600";"";"";"";"";"";"";"";"";"";"";"";"";"";"";"";"";""
"09/05/2023";"1700";"";"";"";"";"";"";"";"";"";"";"";"";"";"";"";"";""
"09/05/2023";"1800";"";"";"";"";"";"";"";"";"";"";"";"";"";"";"";"";""
"09/05/2023";"1900";"";"";"";"";"";"";"";"";"";"";"";"";"";"";"";"";""
"09/05/2023";"2000";"";"";"";"";"";"";"";"";"";"";"";"";"";"";"";"";""
"09/05/2023";"2100";"";"";"";"";"";"";"";"";"";"";"";"";"";"";"";"";""
"09/05/2023";"2200";"";"";"";"";"";"";"";"";"";"";"";"";"";"";"";"";""
"09/05/2023";"2300";"";"";"";"";"";"";"";"";"";"";"";"";"";"";"";"";""
"10/05/2023";"0000";"";"";"";"";"";"";"";"";"";"";"";"";"";"";"";"";""
"10/05/2023";"0100";"";"";"";"";"";"";"";"";"";"";"";"";"";"";"";"";""
"10/05/2023";"0200";"";"";"";"";"";"";"";"";"";"";"";"";"";"";"";"";""
"10/05/2023";"0300";"";"";"";"";"";"";"";"";"";"";"";"";"";"";"";"";""
"10/05/2023";"0400";"";"";"";"";"";"";"";"";"";"";"";"";"";"";"";"";""
"10/05/2023";"0500";"";"";"";"";"";"";"";"";"";"";"";"";"";"";"";"";""
"10/05/2023";"0600";"";"";"";"";"";"";"";"";"";"";"";"";"";"";"";"";""
"10/05/2023";"0700";"";"";"";"";"";"";"";"";"";"";"";"";"";"";"";"";""
"10/05/2023";"0800";"";"";"";"";"";"";"";"";"";"";"";"";"";"";"";"";""
"10/05/2023";"0900";"";"";"";"";"";"";"";"";"";"";"";"";"";"";"";"";""
"10/05/2023";"1000";"";"";"";"";"";"";"";"";"";"";"";"";"";"";"";"";""
"10/05/2023";"1100";"";"";"";"";"";"";"";"";"";"";"";"";"";"";"";"";""
"10/05/2023";"1200";"";"";"";"";"";"";"";"";"";"";"";"";"";"";"";"";""
"10/05/2023";"1300";"";"";"";"";"";"";"";"";"";"";"";"";"";"";"";"";""
"10/05/2023";"1400";"";"";"";"";"";"";"";"";"";"";"";"";"";"";"";"";""
"10/05/2023";"1500";"";"";"";"";"";"";"";"";"";"";"";"";"";"";"";"";""
"10/05/2023";"1600";"";"";"";"";"";"";"";"";"";"";"";"";"";"";"";"";""
"10/05/2023";"1700";"";"";"";"";"";"";"";"";"";"";"";"";"";"";"";"";""
"10/05/2023";"1800";"";"";"";"";"";"";"";"";"";"";"";"";"";"";"";"";""
"10/05/2023";"1900";"";"";"";"";"";"";"";"";"";"";"";"";"";"";"";"";""
"10/05/2023";"2000";"";"";"";"";"";"";"";"";"";"";"";"";"";"";"";"";""
"10/05/2023";"2100";"";"";"";"";"";"";"";"";"";"";"";"";"";"";"";"";""
"10/05/2023";"2200";"";"";"";"";"";"";"";"";"";"";"";"";"";"";"";"";""
"10/05/2023";"2300";"";"";"";"";"";"";"";"";"";"";"";"";"";"";"";"";""
"11/05/2023";"0000";"";"";"";"";"";"";"";"";"";"";"";"";"";"";"";"";""
"11/05/2023";"0100";"";"";"";"";"";"";"";"";"";"";"";"";"";"";"";"";""
"11/05/2023";"0200";"";"";"";"";"";"";"";"";"";"";"";"";"";"";"";"";""
"11/05/2023";"0300";"";"";"";"";"";"";"";"";"";"";"";"";"";"";"";"";""
"11/05/2023";"0400";"";"";"";"";"";"";"";"";"";"";"";"";"";"";"";"";""
"11/05/2023";"0500";"";"";"";"";"";"";"";"";"";"";"";"";"";"";"";"";""
"11/05/2023";"0600";"";"";"";"";"";"";"";"";"";"";"";"";"";"";"";"";""
"11/05/2023";"0700";"";"";"";"";"";"";"";"";"";"";"";"";"";"";"";"";""
"11/05/2023";"0800";"";"";"";"";"";"";"";"";"";"";"";"";"";"";"";"";""
"11/05/2023";"0900";"";"";"";"";"";"";"";"";"";"";"";"";"";"";"";"";""
"11/05/2023";"1000";"";"";"";"";"";"";"";"";"";"";"";"";"";"";"";"";""
"11/05/2023";"1100";"";"";"";"";"";"";"";"";"";"";"";"";"";"";"";"";""
"11/05/2023";"1200";"";"";"";"";"";"";"";"";"";"";"";"";"";"";"";"";""
"11/05/2023";"1300";"";"";"";"";"";"";"";"";"";"";"";"";"";"";"";"";""
"11/05/2023";"1400";"";"";"";"";"";"";"";"";"";"";"";"";"";"";"";"";""
"11/05/2023";"1500";"";"";"";"";"";"";"";"";"";"";"";"";"";"";"";"";""
"11/05/2023";"1600";"";"";"";"";"";"";"";"";"";"";"";"";"";"";"";"";""
"11/05/2023";"1700";"";"";"";"";"";"";"";"";"";"";"";"";"";"";"";"";""
"11/05/2023";"1800";"";"";"";"";"";"";"";"";"";"";"";"";"";"";"";"";""
"11/05/2023";"1900";"";"";"";"";"";"";"";"";"";"";"";"";"";"";"";"";""
"11/05/2023";"2000";"";"";"";"";"";"";"";"";"";"";"";"";"";"";"";"";""
"11/05/2023";"2100";"";"";"";"";"";"";"";"";"";"";"";"";"";"";"";"";""
"11/05/2023";"2200";"";"";"";"";"";"";"";"";"";"";"";"";"";"";"";"";""
"11/05/2023";"2300";"";"";"";"";"";"";"";"";"";"";"";"";"";"";"";"";""
"12/05/2023";"0000";"";"";"";"";"";"";"";"";"";"";"";"";"";"";"";"";""
"12/05/2023";"0100";"";"";"";"";"";"";"";"";"";"";"";"";"";"";"";"";""
"12/05/2023";"0200";"";"";"";"";"";"";"";"";"";"";"";"";"";"";"";"";""
"12/05/2023";"0300";"";"";"";"";"";"";"";"";"";"";"";"";"";"";"";"";""
"12/05/2023";"0400";"";"";"";"";"";"";"";"";"";"";"";"";"";"";"";"";""
"12/05/2023";"0500";"";"";"";"";"";"";"";"";"";"";"";"";"";"";"";"";""
"12/05/2023";"0600";"";"";"";"";"";"";"";"";"";"";"";"";"";"";"";"";""
"12/05/2023";"0700";"";"";"";"";"";"";"";"";"";"";"";"";"";"";"";"";""
"12/05/2023";"0800";"";"";"";"";"";"";"";"";"";"";"";"";"";"";"";"";""
"12/05/2023";"0900";"";"";"";"";"";"";"";"";"";"";"";"";"";"";"";"";""
"12/05/2023";"1000";"";"";"";"";"";"";"";"";"";"";"";"";"";"";"";"";""
"12/05/2023";"1100";"";"";"";"";"";"";"";"";"";"";"";"";"";"";"";"";""
"12/05/2023";"1200";"";"";"";"";"";"";"";"";"";"";"";"";"";"";"";"";""
"12/05/2023";"1300";"";"";"";"";"";"";"";"";"";"";"";"";"";"";"";"";""
"12/05/2023";"1400";"";"";"";"";"";"";"";"";"";"";"";"";"";"";"";"";""
"12/05/2023";"1500";"";"";"";"";"";"";"";"";"";"";"";"";"";"";"";"";""
"12/05/2023";"1600";"";"";"";"";"";"";"";"";"";"";"";"";"";"";"";"";""
"12/05/2023";"1700";"";"";"";"";"";"";"";"";"";"";"";"";"";"";"";"";""
"12/05/2023";"1800";"";"";"";"";"";"";"";"";"";"";"";"";"";"";"";"";""
"12/05/2023";"1900";"";"";"";"";"";"";"";"";"";"";"";"";"";"";"";"";""
"12/05/2023";"2000";"";"";"";"";"";"";"";"";"";"";"";"";"";"";"";"";""
"12/05/2023";"2100";"";"";"";"";"";"";"";"";"";"";"";"";"";"";"";"";""
"12/05/2023";"2200";"";"";"";"";"";"";"";"";"";"";"";"";"";"";"";"";""
"12/05/2023";"2300";"";"";"";"";"";"";"";"";"";"";"";"";"";"";"";"";""
"13/05/2023";"0000";"";"";"";"";"";"";"";"";"";"";"";"";"";"";"";"";""
"13/05/2023";"0100";"";"";"";"";"";"";"";"";"";"";"";"";"";"";"";"";""
"13/05/2023";"0200";"";"";"";"";"";"";"";"";"";"";"";"";"";"";"";"";""
"13/05/2023";"0300";"";"";"";"";"";"";"";"";"";"";"";"";"";"";"";"";""
"13/05/2023";"0400";"";"";"";"";"";"";"";"";"";"";"";"";"";"";"";"";""
"13/05/2023";"0500";"";"";"";"";"";"";"";"";"";"";"";"";"";"";"";"";""
"13/05/2023";"0600";"";"";"";"";"";"";"";"";"";"";"";"";"";"";"";"";""
"13/05/2023";"0700";"";"";"";"";"";"";"";"";"";"";"";"";"";"";"";"";""
"13/05/2023";"0800";"";"";"";"";"";"";"";"";"";"";"";"";"";"";"";"";""
"13/05/2023";"0900";"";"";"";"";"";"";"";"";"";"";"";"";"";"";"";"";""
"13/05/2023";"1000";"";"";"";"";"";"";"";"";"";"";"";"";"";"";"";"";""
"13/05/2023";"1100";"";"";"";"";"";"";"";"";"";"";"";"";"";"";"";"";""
"13/05/2023";"1200";"";"";"";"";"";"";"";"";"";"";"";"";"";"";"";"";""
"13/05/2023";"1300";"";"";"";"";"";"";"";"";"";"";"";"";"";"";"";"";""
"13/05/2023";"1400";"";"";"";"";"";"";"";"";"";"";"";"";"";"";"";"";""
"13/05/2023";"1500";"";"";"";"";"";"";"";"";"";"";"";"";"";"";"";"";""
"13/05/2023";"1600";"";"";"";"";"";"";"";"";"";"";"";"";"";"";"";"";""
"13/05/2023";"1700";"";"";"";"";"";"";"";"";"";"";"";"";"";"";"";"";""
"13/05/2023";"1800";"";"";"";"";"";"";"";"";"";"";"";"";"";"";"";"";""
"13/05/2023";"1900";"";"";"";"";"";"";"";"";"";"";"";"";"";"";"";"";""
"13/05/2023";"2000";"";"";"";"";"";"";"";"";"";"";"";"";"";"";"";"";""
"13/05/2023";"2100";"";"";"";"";"";"";"";"";"";"";"";"";"";"";"";"";""
"13/05/2023";"2200";"";"";"";"";"";"";"";"";"";"";"";"";"";"";"";"";""
"13/05/2023";"2300";"";"";"";"";"";"";"";"";"";"";"";"";"";"";"";"";""
"14/05/2023";"0000";"";"";"";"";"";"";"";"";"";"";"";"";"";"";"";"";""
"14/05/2023";"0100";"";"";"";"";"";"";"";"";"";"";"";"";"";"";"";"";""
"14/05/2023";"0200";"";"";"";"";"";"";"";"";"";"";"";"";"";"";"";"";""
"14/05/2023";"0300";"";"";"";"";"";"";"";"";"";"";"";"";"";"";"";"";""
"14/05/2023";"0400";"";"";"";"";"";"";"";"";"";"";"";"";"";"";"";"";""
"14/05/2023";"0500";"";"";"";"";"";"";"";"";"";"";"";"";"";"";"";"";""
"14/05/2023";"0600";"";"";"";"";"";"";"";"";"";"";"";"";"";"";"";"";""
"14/05/2023";"0700";"";"";"";"";"";"";"";"";"";"";"";"";"";"";"";"";""
"14/05/2023";"0800";"";"";"";"";"";"";"";"";"";"";"";"";"";"";"";"";""
"14/05/2023";"0900";"";"";"";"";"";"";"";"";"";"";"";"";"";"";"";"";""
"14/05/2023";"1000";"";"";"";"";"";"";"";"";"";"";"";"";"";"";"";"";""
"14/05/2023";"1100";"";"";"";"";"";"";"";"";"";"";"";"";"";"";"";"";""
"14/05/2023";"1200";"";"";"";"";"";"";"";"";"";"";"";"";"";"";"";"";""
"14/05/2023";"1300";"";"";"";"";"";"";"";"";"";"";"";"";"";"";"";"";""
"14/05/2023";"1400";"";"";"";"";"";"";"";"";"";"";"";"";"";"";"";"";""
"14/05/2023";"1500";"";"";"";"";"";"";"";"";"";"";"";"";"";"";"";"";""
"14/05/2023";"1600";"";"";"";"";"";"";"";"";"";"";"";"";"";"";"";"";""
"14/05/2023";"1700";"";"";"";"";"";"";"";"";"";"";"";"";"";"";"";"";""
"14/05/2023";"1800";"";"";"";"";"";"";"";"";"";"";"";"";"";"";"";"";""
"14/05/2023";"1900";"";"";"";"";"";"";"";"";"";"";"";"";"";"";"";"";""
"14/05/2023";"2000";"";"";"";"";"";"";"";"";"";"";"";"";"";"";"";"";""
"14/05/2023";"2100";"";"";"";"";"";"";"";"";"";"";"";"";"";"";"";"";""
"14/05/2023";"2200";"";"";"";"";"";"";"";"";"";"";"";"";"";"";"";"";""
"14/05/2023";"2300";"";"";"";"";"";"";"";"";"";"";"";"";"";"";"";"";""
"15/05/2023";"0000";"";"";"";"";"";"";"";"";"";"";"";"";"";"";"";"";""
"15/05/2023";"0100";"";"";"";"";"";"";"";"";"";"";"";"";"";"";"";"";""
"15/05/2023";"0200";"";"";"";"";"";"";"";"";"";"";"";"";"";"";"";"";""
"15/05/2023";"0300";"";"";"";"";"";"";"";"";"";"";"";"";"";"";"";"";""
"15/05/2023";"0400";"";"";"";"";"";"";"";"";"";"";"";"";"";"";"";"";""
"15/05/2023";"0500";"";"";"";"";"";"";"";"";"";"";"";"";"";"";"";"";""
"15/05/2023";"0600";"";"";"";"";"";"";"";"";"";"";"";"";"";"";"";"";""
"15/05/2023";"0700";"";"";"";"";"";"";"";"";"";"";"";"";"";"";"";"";""
"15/05/2023";"0800";"";"";"";"";"";"";"";"";"";"";"";"";"";"";"";"";""
"15/05/2023";"0900";"";"";"";"";"";"";"";"";"";"";"";"";"";"";"";"";""
"15/05/2023";"1000";"";"";"";"";"";"";"";"";"";"";"";"";"";"";"";"";""
"15/05/2023";"1100";"";"";"";"";"";"";"";"";"";"";"";"";"";"";"";"";""
"15/05/2023";"1200";"";"";"";"";"";"";"";"";"";"";"";"";"";"";"";"";""
"15/05/2023";"1300";"";"";"";"";"";"";"";"";"";"";"";"";"";"";"";"";""
"15/05/2023";"1400";"";"";"";"";"";"";"";"";"";"";"";"";"";"";"";"";""
"15/05/2023";"1500";"";"";"";"";"";"";"";"";"";"";"";"";"";"";"";"";""
"15/05/2023";"1600";"";"";"";"";"";"";"";"";"";"";"";"";"";"";"";"";""
"15/05/2023";"1700";"";"";"";"";"";"";"";"";"";"";"";"";"";"";"";"";""
"15/05/2023";"1800";"";"";"";"";"";"";"";"";"";"";"";"";"";"";"";"";""
"15/05/2023";"1900";"";"";"";"";"";"";"";"";"";"";"";"";"";"";"";"";""
"15/05/2023";"2000";"";"";"";"";"";"";"";"";"";"";"";"";"";"";"";"";""
"15/05/2023";"2100";"";"";"";"";"";"";"";"";"";"";"";"";"";"";"";"";""
"15/05/2023";"2200";"";"";"";"";"";"";"";"";"";"";"";"";"";"";"";"";""
"15/05/2023";"2300";"";"";"";"";"";"";"";"";"";"";"";"";"";"";"";"";""
"16/05/2023";"0000";"";"";"";"";"";"";"";"";"";"";"";"";"";"";"";"";""
"16/05/2023";"0100";"";"";"";"";"";"";"";"";"";"";"";"";"";"";"";"";""
"16/05/2023";"0200";"";"";"";"";"";"";"";"";"";"";"";"";"";"";"";"";""
"16/05/2023";"0300";"";"";"";"";"";"";"";"";"";"";"";"";"";"";"";"";""
"16/05/2023";"0400";"";"";"";"";"";"";"";"";"";"";"";"";"";"";"";"";""
"16/05/2023";"0500";"";"";"";"";"";"";"";"";"";"";"";"";"";"";"";"";""
"16/05/2023";"0600";"";"";"";"";"";"";"";"";"";"";"";"";"";"";"";"";""
"16/05/2023";"0700";"";"";"";"";"";"";"";"";"";"";"";"";"";"";"";"";""
"16/05/2023";"0800";"";"";"";"";"";"";"";"";"";"";"";"";"";"";"";"";""
"16/05/2023";"0900";"";"";"";"";"";"";"";"";"";"";"";"";"";"";"";"";""
"16/05/2023";"1000";"";"";"";"";"";"";"";"";"";"";"";"";"";"";"";"";""
"16/05/2023";"1100";"";"";"";"";"";"";"";"";"";"";"";"";"";"";"";"";""
"16/05/2023";"1200";"";"";"";"";"";"";"";"";"";"";"";"";"";"";"";"";""
"16/05/2023";"1300";"";"";"";"";"";"";"";"";"";"";"";"";"";"";"";"";""
"16/05/2023";"1400";"";"";"";"";"";"";"";"";"";"";"";"";"";"";"";"";""
"16/05/2023";"1500";"";"";"";"";"";"";"";"";"";"";"";"";"";"";"";"";""
"16/05/2023";"1600";"";"";"";"";"";"";"";"";"";"";"";"";"";"";"";"";""
"16/05/2023";"1700";"";"";"";"";"";"";"";"";"";"";"";"";"";"";"";"";""
"16/05/2023";"1800";"";"";"";"";"";"";"";"";"";"";"";"";"";"";"";"";""
"16/05/2023";"1900";"";"";"";"";"";"";"";"";"";"";"";"";"";"";"";"";""
"16/05/2023";"2000";"";"";"";"";"";"";"";"";"";"";"";"";"";"";"";"";""
"16/05/2023";"2100";"";"";"";"";"";"";"";"";"";"";"";"";"";"";"";"";""
"16/05/2023";"2200";"";"";"";"";"";"";"";"";"";"";"";"";"";"";"";"";""
"16/05/2023";"2300";"";"";"";"";"";"";"";"";"";"";"";"";"";"";"";"";""
"17/05/2023";"0000";"";"";"";"";"";"";"";"";"";"";"";"";"";"";"";"";""
"17/05/2023";"0100";"";"";"";"";"";"";"";"";"";"";"";"";"";"";"";"";""
"17/05/2023";"0200";"";"";"";"";"";"";"";"";"";"";"";"";"";"";"";"";""
"17/05/2023";"0300";"";"";"";"";"";"";"";"";"";"";"";"";"";"";"";"";""
"17/05/2023";"0400";"";"";"";"";"";"";"";"";"";"";"";"";"";"";"";"";""
"17/05/2023";"0500";"";"";"";"";"";"";"";"";"";"";"";"";"";"";"";"";""
"17/05/2023";"0600";"";"";"";"";"";"";"";"";"";"";"";"";"";"";"";"";""
"17/05/2023";"0700";"";"";"";"";"";"";"";"";"";"";"";"";"";"";"";"";""
"17/05/2023";"0800";"";"";"";"";"";"";"";"";"";"";"";"";"";"";"";"";""
"17/05/2023";"0900";"";"";"";"";"";"";"";"";"";"";"";"";"";"";"";"";""
"17/05/2023";"1000";"";"";"";"";"";"";"";"";"";"";"";"";"";"";"";"";""
"17/05/2023";"1100";"";"";"";"";"";"";"";"";"";"";"";"";"";"";"";"";""
"17/05/2023";"1200";"";"";"";"";"";"";"";"";"";"";"";"";"";"";"";"";""
"17/05/2023";"1300";"";"";"";"";"";"";"";"";"";"";"";"";"";"";"";"";""
"17/05/2023";"1400";"";"";"";"";"";"";"";"";"";"";"";"";"";"";"";"";""
"17/05/2023";"1500";"";"";"";"";"";"";"";"";"";"";"";"";"";"";"";"";""
"17/05/2023";"1600";"";"";"";"";"";"";"";"";"";"";"";"";"";"";"";"";""
"17/05/2023";"1700";"";"";"";"";"";"";"";"";"";"";"";"";"";"";"";"";""
"17/05/2023";"1800";"";"";"";"";"";"";"";"";"";"";"";"";"";"";"";"";""
"17/05/2023";"1900";"";"";"";"";"";"";"";"";"";"";"";"";"";"";"";"";""
"17/05/2023";"2000";"";"";"";"";"";"";"";"";"";"";"";"";"";"";"";"";""
"17/05/2023";"2100";"";"";"";"";"";"";"";"";"";"";"";"";"";"";"";"";""
"17/05/2023";"2200";"";"";"";"";"";"";"";"";"";"";"";"";"";"";"";"";""
"17/05/2023";"2300";"";"";"";"";"";"";"";"";"";"";"";"";"";"";"";"";""
"18/05/2023";"0000";"";"";"";"";"";"";"";"";"";"";"";"";"";"";"";"";""
"18/05/2023";"0100";"";"";"";"";"";"";"";"";"";"";"";"";"";"";"";"";""
"18/05/2023";"0200";"";"";"";"";"";"";"";"";"";"";"";"";"";"";"";"";""
"18/05/2023";"0300";"";"";"";"";"";"";"";"";"";"";"";"";"";"";"";"";""
"18/05/2023";"0400";"";"";"";"";"";"";"";"";"";"";"";"";"";"";"";"";""
"18/05/2023";"0500";"";"";"";"";"";"";"";"";"";"";"";"";"";"";"";"";""
"18/05/2023";"0600";"";"";"";"";"";"";"";"";"";"";"";"";"";"";"";"";""
"18/05/2023";"0700";"";"";"";"";"";"";"";"";"";"";"";"";"";"";"";"";""
"18/05/2023";"0800";"";"";"";"";"";"";"";"";"";"";"";"";"";"";"";"";""
"18/05/2023";"0900";"";"";"";"";"";"";"";"";"";"";"";"";"";"";"";"";""
"18/05/2023";"1000";"";"";"";"";"";"";"";"";"";"";"";"";"";"";"";"";""
"18/05/2023";"1100";"";"";"";"";"";"";"";"";"";"";"";"";"";"";"";"";""
"18/05/2023";"1200";"";"";"";"";"";"";"";"";"";"";"";"";"";"";"";"";""
"18/05/2023";"1300";"";"";"";"";"";"";"";"";"";"";"";"";"";"";"";"";""
"18/05/2023";"1400";"";"";"";"";"";"";"";"";"";"";"";"";"";"";"";"";""
"18/05/2023";"1500";"";"";"";"";"";"";"";"";"";"";"";"";"";"";"";"";""
"18/05/2023";"1600";"";"";"";"";"";"";"";"";"";"";"";"";"";"";"";"";""
"18/05/2023";"1700";"";"";"";"";"";"";"";"";"";"";"";"";"";"";"";"";""
"18/05/2023";"1800";"";"";"";"";"";"";"";"";"";"";"";"";"";"";"";"";""
"18/05/2023";"1900";"";"";"";"";"";"";"";"";"";"";"";"";"";"";"";"";""
"18/05/2023";"2000";"";"";"";"";"";"";"";"";"";"";"";"";"";"";"";"";""
"18/05/2023";"2100";"";"";"";"";"";"";"";"";"";"";"";"";"";"";"";"";""
"18/05/2023";"2200";"";"";"";"";"";"";"";"";"";"";"";"";"";"";"";"";""
"18/05/2023";"2300";"";"";"";"";"";"";"";"";"";"";"";"";"";"";"";"";""
"19/05/2023";"0000";"";"";"";"";"";"";"";"";"";"";"";"";"";"";"";"";""
"19/05/2023";"0100";"";"";"";"";"";"";"";"";"";"";"";"";"";"";"";"";""
"19/05/2023";"0200";"";"";"";"";"";"";"";"";"";"";"";"";"";"";"";"";""
"19/05/2023";"0300";"";"";"";"";"";"";"";"";"";"";"";"";"";"";"";"";""
"19/05/2023";"0400";"";"";"";"";"";"";"";"";"";"";"";"";"";"";"";"";""
"19/05/2023";"0500";"";"";"";"";"";"";"";"";"";"";"";"";"";"";"";"";""
"19/05/2023";"0600";"";"";"";"";"";"";"";"";"";"";"";"";"";"";"";"";""
"19/05/2023";"0700";"";"";"";"";"";"";"";"";"";"";"";"";"";"";"";"";""
"19/05/2023";"0800";"";"";"";"";"";"";"";"";"";"";"";"";"";"";"";"";""
"19/05/2023";"0900";"";"";"";"";"";"";"";"";"";"";"";"";"";"";"";"";""
"19/05/2023";"1000";"";"";"";"";"";"";"";"";"";"";"";"";"";"";"";"";""
"19/05/2023";"1100";"";"";"";"";"";"";"";"";"";"";"";"";"";"";"";"";""
"19/05/2023";"1200";"";"";"";"";"";"";"";"";"";"";"";"";"";"";"";"";""
"19/05/2023";"1300";"";"";"";"";"";"";"";"";"";"";"";"";"";"";"";"";""
"19/05/2023";"1400";"";"";"";"";"";"";"";"";"";"";"";"";"";"";"";"";""
"19/05/2023";"1500";"";"";"";"";"";"";"";"";"";"";"";"";"";"";"";"";""
"19/05/2023";"1600";"";"";"";"";"";"";"";"";"";"";"";"";"";"";"";"";""
"19/05/2023";"1700";"";"";"";"";"";"";"";"";"";"";"";"";"";"";"";"";""
"19/05/2023";"1800";"";"";"";"";"";"";"";"";"";"";"";"";"";"";"";"";""
"19/05/2023";"1900";"";"";"";"";"";"";"";"";"";"";"";"";"";"";"";"";""
"19/05/2023";"2000";"";"";"";"";"";"";"";"";"";"";"";"";"";"";"";"";""
"19/05/2023";"2100";"";"";"";"";"";"";"";"";"";"";"";"";"";"";"";"";""
"19/05/2023";"2200";"";"";"";"";"";"";"";"";"";"";"";"";"";"";"";"";""
"19/05/2023";"2300";"";"";"";"";"";"";"";"";"";"";"";"";"";"";"";"";""
"20/05/2023";"0000";"";"";"";"";"";"";"";"";"";"";"";"";"";"";"";"";""
"20/05/2023";"0100";"";"";"";"";"";"";"";"";"";"";"";"";"";"";"";"";""
"20/05/2023";"0200";"";"";"";"";"";"";"";"";"";"";"";"";"";"";"";"";""
"20/05/2023";"0300";"";"";"";"";"";"";"";"";"";"";"";"";"";"";"";"";""
"20/05/2023";"0400";"";"";"";"";"";"";"";"";"";"";"";"";"";"";"";"";""
"20/05/2023";"0500";"";"";"";"";"";"";"";"";"";"";"";"";"";"";"";"";""
"20/05/2023";"0600";"";"";"";"";"";"";"";"";"";"";"";"";"";"";"";"";""
"20/05/2023";"0700";"";"";"";"";"";"";"";"";"";"";"";"";"";"";"";"";""
"20/05/2023";"0800";"";"";"";"";"";"";"";"";"";"";"";"";"";"";"";"";""
"20/05/2023";"0900";"";"";"";"";"";"";"";"";"";"";"";"";"";"";"";"";""
"20/05/2023";"1000";"";"";"";"";"";"";"";"";"";"";"";"";"";"";"";"";""
"20/05/2023";"1100";"";"";"";"";"";"";"";"";"";"";"";"";"";"";"";"";""
"20/05/2023";"1200";"";"";"";"";"";"";"";"";"";"";"";"";"";"";"";"";""
"20/05/2023";"1300";"";"";"";"";"";"";"";"";"";"";"";"";"";"";"";"";""
"20/05/2023";"1400";"";"";"";"";"";"";"";"";"";"";"";"";"";"";"";"";""
"20/05/2023";"1500";"";"";"";"";"";"";"";"";"";"";"";"";"";"";"";"";""
"20/05/2023";"1600";"";"";"";"";"";"";"";"";"";"";"";"";"";"";"";"";""
"20/05/2023";"1700";"";"";"";"";"";"";"";"";"";"";"";"";"";"";"";"";""
"20/05/2023";"1800";"";"";"";"";"";"";"";"";"";"";"";"";"";"";"";"";""
"20/05/2023";"1900";"";"";"";"";"";"";"";"";"";"";"";"";"";"";"";"";""
"20/05/2023";"2000";"";"";"";"";"";"";"";"";"";"";"";"";"";"";"";"";""
"20/05/2023";"2100";"";"";"";"";"";"";"";"";"";"";"";"";"";"";"";"";""
"20/05/2023";"2200";"";"";"";"";"";"";"";"";"";"";"";"";"";"";"";"";""
"20/05/2023";"2300";"";"";"";"";"";"";"";"";"";"";"";"";"";"";"";"";""
"21/05/2023";"0000";"";"";"";"";"";"";"";"";"";"";"";"";"";"";"";"";""
"21/05/2023";"0100";"";"";"";"";"";"";"";"";"";"";"";"";"";"";"";"";""
"21/05/2023";"0200";"";"";"";"";"";"";"";"";"";"";"";"";"";"";"";"";""
"21/05/2023";"0300";"";"";"";"";"";"";"";"";"";"";"";"";"";"";"";"";""
"21/05/2023";"0400";"";"";"";"";"";"";"";"";"";"";"";"";"";"";"";"";""
"21/05/2023";"0500";"";"";"";"";"";"";"";"";"";"";"";"";"";"";"";"";""
"21/05/2023";"0600";"";"";"";"";"";"";"";"";"";"";"";"";"";"";"";"";""
"21/05/2023";"0700";"";"";"";"";"";"";"";"";"";"";"";"";"";"";"";"";""
"21/05/2023";"0800";"";"";"";"";"";"";"";"";"";"";"";"";"";"";"";"";""
"21/05/2023";"0900";"";"";"";"";"";"";"";"";"";"";"";"";"";"";"";"";""
"21/05/2023";"1000";"";"";"";"";"";"";"";"";"";"";"";"";"";"";"";"";""
"21/05/2023";"1100";"";"";"";"";"";"";"";"";"";"";"";"";"";"";"";"";""
"21/05/2023";"1200";"";"";"";"";"";"";"";"";"";"";"";"";"";"";"";"";""
"21/05/2023";"1300";"";"";"";"";"";"";"";"";"";"";"";"";"";"";"";"";""
"21/05/2023";"1400";"";"";"";"";"";"";"";"";"";"";"";"";"";"";"";"";""
"21/05/2023";"1500";"";"";"";"";"";"";"";"";"";"";"";"";"";"";"";"";""
"21/05/2023";"1600";"";"";"";"";"";"";"";"";"";"";"";"";"";"";"";"";""
"21/05/2023";"1700";"";"";"";"";"";"";"";"";"";"";"";"";"";"";"";"";""
"21/05/2023";"1800";"";"";"";"";"";"";"";"";"";"";"";"";"";"";"";"";""
"21/05/2023";"1900";"";"";"";"";"";"";"";"";"";"";"";"";"";"";"";"";""
"21/05/2023";"2000";"";"";"";"";"";"";"";"";"";"";"";"";"";"";"";"";""
"21/05/2023";"2100";"";"";"";"";"";"";"";"";"";"";"";"";"";"";"";"";""
"21/05/2023";"2200";"";"";"";"";"";"";"";"";"";"";"";"";"";"";"";"";""
"21/05/2023";"2300";"";"";"";"";"";"";"";"";"";"";"";"";"";"";"";"";""
"22/05/2023";"0000";"";"";"";"";"";"";"";"";"";"";"";"";"";"";"";"";""
"22/05/2023";"0100";"";"";"";"";"";"";"";"";"";"";"";"";"";"";"";"";""
"22/05/2023";"0200";"";"";"";"";"";"";"";"";"";"";"";"";"";"";"";"";""
"22/05/2023";"0300";"";"";"";"";"";"";"";"";"";"";"";"";"";"";"";"";""
"22/05/2023";"0400";"";"";"";"";"";"";"";"";"";"";"";"";"";"";"";"";""
"22/05/2023";"0500";"";"";"";"";"";"";"";"";"";"";"";"";"";"";"";"";""
"22/05/2023";"0600";"";"";"";"";"";"";"";"";"";"";"";"";"";"";"";"";""
"22/05/2023";"0700";"";"";"";"";"";"";"";"";"";"";"";"";"";"";"";"";""
"22/05/2023";"0800";"";"";"";"";"";"";"";"";"";"";"";"";"";"";"";"";""
"22/05/2023";"0900";"";"";"";"";"";"";"";"";"";"";"";"";"";"";"";"";""
"22/05/2023";"1000";"";"";"";"";"";"";"";"";"";"";"";"";"";"";"";"";""
"22/05/2023";"1100";"";"";"";"";"";"";"";"";"";"";"";"";"";"";"";"";""
"22/05/2023";"1200";"";"";"";"";"";"";"";"";"";"";"";"";"";"";"";"";""
"22/05/2023";"1300";"";"";"";"";"";"";"";"";"";"";"";"";"";"";"";"";""
"22/05/2023";"1400";"";"";"";"";"";"";"";"";"";"";"";"";"";"";"";"";""
"22/05/2023";"1500";"";"";"";"";"";"";"";"";"";"";"";"";"";"";"";"";""
"22/05/2023";"1600";"";"";"";"";"";"";"";"";"";"";"";"";"";"";"";"";""
"22/05/2023";"1700";"";"";"";"";"";"";"";"";"";"";"";"";"";"";"";"";""
"22/05/2023";"1800";"";"";"";"";"";"";"";"";"";"";"";"";"";"";"";"";""
"22/05/2023";"1900";"";"";"";"";"";"";"";"";"";"";"";"";"";"";"";"";""
"22/05/2023";"2000";"";"";"";"";"";"";"";"";"";"";"";"";"";"";"";"";""
"22/05/2023";"2100";"";"";"";"";"";"";"";"";"";"";"";"";"";"";"";"";""
"22/05/2023";"2200";"";"";"";"";"";"";"";"";"";"";"";"";"";"";"";"";""
"22/05/2023";"2300";"";"";"";"";"";"";"";"";"";"";"";"";"";"";"";"";""
"23/05/2023";"0000";"";"";"";"";"";"";"";"";"";"";"";"";"";"";"";"";""
"23/05/2023";"0100";"";"";"";"";"";"";"";"";"";"";"";"";"";"";"";"";""
"23/05/2023";"0200";"";"";"";"";"";"";"";"";"";"";"";"";"";"";"";"";""
"23/05/2023";"0300";"";"";"";"";"";"";"";"";"";"";"";"";"";"";"";"";""
"23/05/2023";"0400";"";"";"";"";"";"";"";"";"";"";"";"";"";"";"";"";""
"23/05/2023";"0500";"";"";"";"";"";"";"";"";"";"";"";"";"";"";"";"";""
"23/05/2023";"0600";"";"";"";"";"";"";"";"";"";"";"";"";"";"";"";"";""
"23/05/2023";"0700";"";"";"";"";"";"";"";"";"";"";"";"";"";"";"";"";""
"23/05/2023";"0800";"";"";"";"";"";"";"";"";"";"";"";"";"";"";"";"";""
"23/05/2023";"0900";"";"";"";"";"";"";"";"";"";"";"";"";"";"";"";"";""
"23/05/2023";"1000";"";"";"";"";"";"";"";"";"";"";"";"";"";"";"";"";""
"23/05/2023";"1100";"";"";"";"";"";"";"";"";"";"";"";"";"";"";"";"";""
"23/05/2023";"1200";"";"";"";"";"";"";"";"";"";"";"";"";"";"";"";"";""
"23/05/2023";"1300";"";"";"";"";"";"";"";"";"";"";"";"";"";"";"";"";""
"23/05/2023";"1400";"";"";"";"";"";"";"";"";"";"";"";"";"";"";"";"";""
"23/05/2023";"1500";"";"";"";"";"";"";"";"";"";"";"";"";"";"";"";"";""
"23/05/2023";"1600";"";"";"";"";"";"";"";"";"";"";"";"";"";"";"";"";""
"23/05/2023";"1700";"";"";"";"";"";"";"";"";"";"";"";"";"";"";"";"";""
"23/05/2023";"1800";"";"";"";"";"";"";"";"";"";"";"";"";"";"";"";"";""
"23/05/2023";"1900";"";"";"";"";"";"";"";"";"";"";"";"";"";"";"";"";""
"23/05/2023";"2000";"";"";"";"";"";"";"";"";"";"";"";"";"";"";"";"";""
"23/05/2023";"2100";"";"";"";"";"";"";"";"";"";"";"";"";"";"";"";"";""
"23/05/2023";"2200";"";"";"";"";"";"";"";"";"";"";"";"";"";"";"";"";""
"23/05/2023";"2300";"";"";"";"";"";"";"";"";"";"";"";"";"";"";"";"";""
"24/05/2023";"0000";"";"";"";"";"";"";"";"";"";"";"";"";"";"";"";"";""
"24/05/2023";"0100";"";"";"";"";"";"";"";"";"";"";"";"";"";"";"";"";""
"24/05/2023";"0200";"";"";"";"";"";"";"";"";"";"";"";"";"";"";"";"";""
"24/05/2023";"0300";"";"";"";"";"";"";"";"";"";"";"";"";"";"";"";"";""
"24/05/2023";"0400";"";"";"";"";"";"";"";"";"";"";"";"";"";"";"";"";""
"24/05/2023";"0500";"";"";"";"";"";"";"";"";"";"";"";"";"";"";"";"";""
"24/05/2023";"0600";"";"";"";"";"";"";"";"";"";"";"";"";"";"";"";"";""
"24/05/2023";"0700";"";"";"";"";"";"";"";"";"";"";"";"";"";"";"";"";""
"24/05/2023";"0800";"";"";"";"";"";"";"";"";"";"";"";"";"";"";"";"";""
"24/05/2023";"0900";"";"";"";"";"";"";"";"";"";"";"";"";"";"";"";"";""
"24/05/2023";"1000";"";"";"";"";"";"";"";"";"";"";"";"";"";"";"";"";""
"24/05/2023";"1100";"";"";"";"";"";"";"";"";"";"";"";"";"";"";"";"";""
"24/05/2023";"1200";"";"";"";"";"";"";"";"";"";"";"";"";"";"";"";"";""
"24/05/2023";"1300";"";"";"";"";"";"";"";"";"";"";"";"";"";"";"";"";""
"24/05/2023";"1400";"";"";"";"";"";"";"";"";"";"";"";"";"";"";"";"";""
"24/05/2023";"1500";"";"";"";"";"";"";"";"";"";"";"";"";"";"";"";"";""
"24/05/2023";"1600";"";"";"";"";"";"";"";"";"";"";"";"";"";"";"";"";""
"24/05/2023";"1700";"";"";"";"";"";"";"";"";"";"";"";"";"";"";"";"";""
"24/05/2023";"1800";"";"";"";"";"";"";"";"";"";"";"";"";"";"";"";"";""
"24/05/2023";"1900";"";"";"";"";"";"";"";"";"";"";"";"";"";"";"";"";""
"24/05/2023";"2000";"";"";"";"";"";"";"";"";"";"";"";"";"";"";"";"";""
"24/05/2023";"2100";"";"";"";"";"";"";"";"";"";"";"";"";"";"";"";"";""
"24/05/2023";"2200";"";"";"";"";"";"";"";"";"";"";"";"";"";"";"";"";""
"24/05/2023";"2300";"";"";"";"";"";"";"";"";"";"";"";"";"";"";"";"";""
"25/05/2023";"0000";"";"";"";"";"";"";"";"";"";"";"";"";"";"";"";"";""
"25/05/2023";"0100";"";"";"";"";"";"";"";"";"";"";"";"";"";"";"";"";""
"25/05/2023";"0200";"";"";"";"";"";"";"";"";"";"";"";"";"";"";"";"";""
"25/05/2023";"0300";"";"";"";"";"";"";"";"";"";"";"";"";"";"";"";"";""
"25/05/2023";"0400";"";"";"";"";"";"";"";"";"";"";"";"";"";"";"";"";""
"25/05/2023";"0500";"";"";"";"";"";"";"";"";"";"";"";"";"";"";"";"";""
"25/05/2023";"0600";"";"";"";"";"";"";"";"";"";"";"";"";"";"";"";"";""
"25/05/2023";"0700";"";"";"";"";"";"";"";"";"";"";"";"";"";"";"";"";""
"25/05/2023";"0800";"";"";"";"";"";"";"";"";"";"";"";"";"";"";"";"";""
"25/05/2023";"0900";"";"";"";"";"";"";"";"";"";"";"";"";"";"";"";"";""
"25/05/2023";"1000";"";"";"";"";"";"";"";"";"";"";"";"";"";"";"";"";""
"25/05/2023";"1100";"";"";"";"";"";"";"";"";"";"";"";"";"";"";"";"";""
"25/05/2023";"1200";"";"";"";"";"";"";"";"";"";"";"";"";"";"";"";"";""
"25/05/2023";"1300";"";"";"";"";"";"";"";"";"";"";"";"";"";"";"";"";""
"25/05/2023";"1400";"";"";"";"";"";"";"";"";"";"";"";"";"";"";"";"";""
"25/05/2023";"1500";"";"";"";"";"";"";"";"";"";"";"";"";"";"";"";"";""
"25/05/2023";"1600";"";"";"";"";"";"";"";"";"";"";"";"";"";"";"";"";""
"25/05/2023";"1700";"";"";"";"";"";"";"";"";"";"";"";"";"";"";"";"";""
"25/05/2023";"1800";"";"";"";"";"";"";"";"";"";"";"";"";"";"";"";"";""
"25/05/2023";"1900";"";"";"";"";"";"";"";"";"";"";"";"";"";"";"";"";""
"25/05/2023";"2000";"";"";"";"";"";"";"";"";"";"";"";"";"";"";"";"";""
"25/05/2023";"2100";"";"";"";"";"";"";"";"";"";"";"";"";"";"";"";"";""
"25/05/2023";"2200";"";"";"";"";"";"";"";"";"";"";"";"";"";"";"";"";""
"25/05/2023";"2300";"";"";"";"";"";"";"";"";"";"";"";"";"";"";"";"";""
"26/05/2023";"0000";"";"";"";"";"";"";"";"";"";"";"";"";"";"";"";"";""
"26/05/2023";"0100";"";"";"";"";"";"";"";"";"";"";"";"";"";"";"";"";""
"26/05/2023";"0200";"";"";"";"";"";"";"";"";"";"";"";"";"";"";"";"";""
"26/05/2023";"0300";"";"";"";"";"";"";"";"";"";"";"";"";"";"";"";"";""
"26/05/2023";"0400";"";"";"";"";"";"";"";"";"";"";"";"";"";"";"";"";""
"26/05/2023";"0500";"";"";"";"";"";"";"";"";"";"";"";"";"";"";"";"";""
"26/05/2023";"0600";"";"";"";"";"";"";"";"";"";"";"";"";"";"";"";"";""
"26/05/2023";"0700";"";"";"";"";"";"";"";"";"";"";"";"";"";"";"";"";""
"26/05/2023";"0800";"";"";"";"";"";"";"";"";"";"";"";"";"";"";"";"";""
"26/05/2023";"0900";"";"";"";"";"";"";"";"";"";"";"";"";"";"";"";"";""
"26/05/2023";"1000";"";"";"";"";"";"";"";"";"";"";"";"";"";"";"";"";""
"26/05/2023";"1100";"";"";"";"";"";"";"";"";"";"";"";"";"";"";"";"";""
"26/05/2023";"1200";"";"";"";"";"";"";"";"";"";"";"";"";"";"";"";"";""
"26/05/2023";"1300";"";"";"";"";"";"";"";"";"";"";"";"";"";"";"";"";""
"26/05/2023";"1400";"";"";"";"";"";"";"";"";"";"";"";"";"";"";"";"";""
"26/05/2023";"1500";"";"";"";"";"";"";"";"";"";"";"";"";"";"";"";"";""
"26/05/2023";"1600";"";"";"";"";"";"";"";"";"";"";"";"";"";"";"";"";""
"26/05/2023";"1700";"";"";"";"";"";"";"";"";"";"";"";"";"";"";"";"";""
"26/05/2023";"1800";"";"";"";"";"";"";"";"";"";"";"";"";"";"";"";"";""
"26/05/2023";"1900";"";"";"";"";"";"";"";"";"";"";"";"";"";"";"";"";""
"26/05/2023";"2000";"";"";"";"";"";"";"";"";"";"";"";"";"";"";"";"";""
"26/05/2023";"2100";"";"";"";"";"";"";"";"";"";"";"";"";"";"";"";"";""
"26/05/2023";"2200";"";"";"";"";"";"";"";"";"";"";"";"";"";"";"";"";""
"26/05/2023";"2300";"";"";"";"";"";"";"";"";"";"";"";"";"";"";"";"";""
"27/05/2023";"0000";"";"";"";"";"";"";"";"";"";"";"";"";"";"";"";"";""
"27/05/2023";"0100";"";"";"";"";"";"";"";"";"";"";"";"";"";"";"";"";""
"27/05/2023";"0200";"";"";"";"";"";"";"";"";"";"";"";"";"";"";"";"";""
"27/05/2023";"0300";"";"";"";"";"";"";"";"";"";"";"";"";"";"";"";"";""
"27/05/2023";"0400";"";"";"";"";"";"";"";"";"";"";"";"";"";"";"";"";""
"27/05/2023";"0500";"";"";"";"";"";"";"";"";"";"";"";"";"";"";"";"";""
"27/05/2023";"0600";"";"";"";"";"";"";"";"";"";"";"";"";"";"";"";"";""
"27/05/2023";"0700";"";"";"";"";"";"";"";"";"";"";"";"";"";"";"";"";""
"27/05/2023";"0800";"";"";"";"";"";"";"";"";"";"";"";"";"";"";"";"";""
"27/05/2023";"0900";"";"";"";"";"";"";"";"";"";"";"";"";"";"";"";"";""
"27/05/2023";"1000";"";"";"";"";"";"";"";"";"";"";"";"";"";"";"";"";""
"27/05/2023";"1100";"";"";"";"";"";"";"";"";"";"";"";"";"";"";"";"";""
"27/05/2023";"1200";"";"";"";"";"";"";"";"";"";"";"";"";"";"";"";"";""
"27/05/2023";"1300";"";"";"";"";"";"";"";"";"";"";"";"";"";"";"";"";""
"27/05/2023";"1400";"";"";"";"";"";"";"";"";"";"";"";"";"";"";"";"";""
"27/05/2023";"1500";"";"";"";"";"";"";"";"";"";"";"";"";"";"";"";"";""
"27/05/2023";"1600";"";"";"";"";"";"";"";"";"";"";"";"";"";"";"";"";""
"27/05/2023";"1700";"";"";"";"";"";"";"";"";"";"";"";"";"";"";"";"";""
"27/05/2023";"1800";"";"";"";"";"";"";"";"";"";"";"";"";"";"";"";"";""
"27/05/2023";"1900";"";"";"";"";"";"";"";"";"";"";"";"";"";"";"";"";""
"27/05/2023";"2000";"";"";"";"";"";"";"";"";"";"";"";"";"";"";"";"";""
"27/05/2023";"2100";"";"";"";"";"";"";"";"";"";"";"";"";"";"";"";"";""
"27/05/2023";"2200";"";"";"";"";"";"";"";"";"";"";"";"";"";"";"";"";""
"27/05/2023";"2300";"";"";"";"";"";"";"";"";"";"";"";"";"";"";"";"";""
"28/05/2023";"0000";"";"";"";"";"";"";"";"";"";"";"";"";"";"";"";"";""
"28/05/2023";"0100";"";"";"";"";"";"";"";"";"";"";"";"";"";"";"";"";""
"28/05/2023";"0200";"";"";"";"";"";"";"";"";"";"";"";"";"";"";"";"";""
"28/05/2023";"0300";"";"";"";"";"";"";"";"";"";"";"";"";"";"";"";"";""
"28/05/2023";"0400";"";"";"";"";"";"";"";"";"";"";"";"";"";"";"";"";""
"28/05/2023";"0500";"";"";"";"";"";"";"";"";"";"";"";"";"";"";"";"";""
"28/05/2023";"0600";"";"";"";"";"";"";"";"";"";"";"";"";"";"";"";"";""
"28/05/2023";"0700";"";"";"";"";"";"";"";"";"";"";"";"";"";"";"";"";""
"28/05/2023";"0800";"";"";"";"";"";"";"";"";"";"";"";"";"";"";"";"";""
"28/05/2023";"0900";"";"";"";"";"";"";"";"";"";"";"";"";"";"";"";"";""
"28/05/2023";"1000";"";"";"";"";"";"";"";"";"";"";"";"";"";"";"";"";""
"28/05/2023";"1100";"";"";"";"";"";"";"";"";"";"";"";"";"";"";"";"";""
"28/05/2023";"1200";"";"";"";"";"";"";"";"";"";"";"";"";"";"";"";"";""
"28/05/2023";"1300";"";"";"";"";"";"";"";"";"";"";"";"";"";"";"";"";""
"28/05/2023";"1400";"";"";"";"";"";"";"";"";"";"";"";"";"";"";"";"";""
"28/05/2023";"1500";"";"";"";"";"";"";"";"";"";"";"";"";"";"";"";"";""
"28/05/2023";"1600";"";"";"";"";"";"";"";"";"";"";"";"";"";"";"";"";""
"28/05/2023";"1700";"";"";"";"";"";"";"";"";"";"";"";"";"";"";"";"";""
"28/05/2023";"1800";"";"";"";"";"";"";"";"";"";"";"";"";"";"";"";"";""
"28/05/2023";"1900";"";"";"";"";"";"";"";"";"";"";"";"";"";"";"";"";""
"28/05/2023";"2000";"";"";"";"";"";"";"";"";"";"";"";"";"";"";"";"";""
"28/05/2023";"2100";"";"";"";"";"";"";"";"";"";"";"";"";"";"";"";"";""
"28/05/2023";"2200";"";"";"";"";"";"";"";"";"";"";"";"";"";"";"";"";""
"28/05/2023";"2300";"";"";"";"";"";"";"";"";"";"";"";"";"";"";"";"";""
"29/05/2023";"0000";"";"";"";"";"";"";"";"";"";"";"";"";"";"";"";"";""
"29/05/2023";"0100";"";"";"";"";"";"";"";"";"";"";"";"";"";"";"";"";""
"29/05/2023";"0200";"";"";"";"";"";"";"";"";"";"";"";"";"";"";"";"";""
"29/05/2023";"0300";"";"";"";"";"";"";"";"";"";"";"";"";"";"";"";"";""
"29/05/2023";"0400";"";"";"";"";"";"";"";"";"";"";"";"";"";"";"";"";""
"29/05/2023";"0500";"";"";"";"";"";"";"";"";"";"";"";"";"";"";"";"";""
"29/05/2023";"0600";"";"";"";"";"";"";"";"";"";"";"";"";"";"";"";"";""
"29/05/2023";"0700";"";"";"";"";"";"";"";"";"";"";"";"";"";"";"";"";""
"29/05/2023";"0800";"";"";"";"";"";"";"";"";"";"";"";"";"";"";"";"";""
"29/05/2023";"0900";"";"";"";"";"";"";"";"";"";"";"";"";"";"";"";"";""
"29/05/2023";"1000";"";"";"";"";"";"";"";"";"";"";"";"";"";"";"";"";""
"29/05/2023";"1100";"";"";"";"";"";"";"";"";"";"";"";"";"";"";"";"";""
"29/05/2023";"1200";"";"";"";"";"";"";"";"";"";"";"";"";"";"";"";"";""
"29/05/2023";"1300";"";"";"";"";"";"";"";"";"";"";"";"";"";"";"";"";""
"29/05/2023";"1400";"";"";"";"";"";"";"";"";"";"";"";"";"";"";"";"";""
"29/05/2023";"1500";"";"";"";"";"";"";"";"";"";"";"";"";"";"";"";"";""
"29/05/2023";"1600";"";"";"";"";"";"";"";"";"";"";"";"";"";"";"";"";""
"29/05/2023";"1700";"";"";"";"";"";"";"";"";"";"";"";"";"";"";"";"";""
"29/05/2023";"1800";"";"";"";"";"";"";"";"";"";"";"";"";"";"";"";"";""
"29/05/2023";"1900";"";"";"";"";"";"";"";"";"";"";"";"";"";"";"";"";""
"29/05/2023";"2000";"";"";"";"";"";"";"";"";"";"";"";"";"";"";"";"";""
"29/05/2023";"2100";"";"";"";"";"";"";"";"";"";"";"";"";"";"";"";"";""
"29/05/2023";"2200";"";"";"";"";"";"";"";"";"";"";"";"";"";"";"";"";""
"29/05/2023";"2300";"";"";"";"";"";"";"";"";"";"";"";"";"";"";"";"";""
"30/05/2023";"0000";"";"";"";"";"";"";"";"";"";"";"";"";"";"";"";"";""
"30/05/2023";"0100";"";"";"";"";"";"";"";"";"";"";"";"";"";"";"";"";""
"30/05/2023";"0200";"";"";"";"";"";"";"";"";"";"";"";"";"";"";"";"";""
"30/05/2023";"0300";"";"";"";"";"";"";"";"";"";"";"";"";"";"";"";"";""
"30/05/2023";"0400";"";"";"";"";"";"";"";"";"";"";"";"";"";"";"";"";""
"30/05/2023";"0500";"";"";"";"";"";"";"";"";"";"";"";"";"";"";"";"";""
"30/05/2023";"0600";"";"";"";"";"";"";"";"";"";"";"";"";"";"";"";"";""
"30/05/2023";"0700";"";"";"";"";"";"";"";"";"";"";"";"";"";"";"";"";""
"30/05/2023";"0800";"";"";"";"";"";"";"";"";"";"";"";"";"";"";"";"";""
"30/05/2023";"0900";"";"";"";"";"";"";"";"";"";"";"";"";"";"";"";"";""
"30/05/2023";"1000";"";"";"";"";"";"";"";"";"";"";"";"";"";"";"";"";""
"30/05/2023";"1100";"";"";"";"";"";"";"";"";"";"";"";"";"";"";"";"";""
"30/05/2023";"1200";"26,1";"";"";"82,0";"";"";"22,8";"";"";"995,4";"";"";"0,2";"283,0";"";"706,60";"0,0"
"30/05/2023";"1300";"";"";"";"";"";"";"";"";"";"";"";"";"";"";"";"";""
"30/05/2023";"1400";"";"";"";"";"";"";"";"";"";"";"";"";"";"";"";"";""
"30/05/2023";"1500";"";"";"";"";"";"";"";"";"";"";"";"";"";"";"";"";""
"30/05/2023";"1600";"";"";"";"";"";"";"";"";"";"";"";"";"";"";"";"";""
"30/05/2023";"1700";"";"";"";"";"";"";"";"";"";"";"";"";"";"";"";"";""
"30/05/2023";"1800";"";"";"";"";"";"";"";"";"";"";"";"";"";"";"";"";""
"30/05/2023";"1900";"";"";"";"";"";"";"";"";"";"";"";"";"";"";"";"";""
"30/05/2023";"2000";"";"";"";"";"";"";"";"";"";"";"";"";"";"";"";"";""
"30/05/2023";"2100";"";"";"";"";"";"";"";"";"";"";"";"";"";"";"";"";""
"30/05/2023";"2200";"";"";"";"";"";"";"";"";"";"";"";"";"";"";"";"";""
"30/05/2023";"2300";"";"";"";"";"";"";"";"";"";"";"";"";"";"";"";"";""
"31/05/2023";"0000";"";"";"";"";"";"";"";"";"";"";"";"";"";"";"";"";""
"31/05/2023";"0100";"";"";"";"";"";"";"";"";"";"";"";"";"";"";"";"";""
"31/05/2023";"0200";"";"";"";"";"";"";"";"";"";"";"";"";"";"";"";"";""
"31/05/2023";"0300";"";"";"";"";"";"";"";"";"";"";"";"";"";"";"";"";""
"31/05/2023";"0400";"";"";"";"";"";"";"";"";"";"";"";"";"";"";"";"";""
"31/05/2023";"0500";"";"";"";"";"";"";"";"";"";"";"";"";"";"";"";"";""
"31/05/2023";"0600";"";"";"";"";"";"";"";"";"";"";"";"";"";"";"";"";""
"31/05/2023";"0700";"";"";"";"";"";"";"";"";"";"";"";"";"";"";"";"";""
"31/05/2023";"0800";"";"";"";"";"";"";"";"";"";"";"";"";"";"";"";"";""
"31/05/2023";"0900";"";"";"";"";"";"";"";"";"";"";"";"";"";"";"";"";""
"31/05/2023";"1000";"";"";"";"";"";"";"";"";"";"";"";"";"";"";"";"";""
"31/05/2023";"1100";"";"";"";"";"";"";"";"";"";"";"";"";"";"";"";"";""
"31/05/2023";"1200";"";"";"";"";"";"";"";"";"";"";"";"";"";"";"";"";""
"31/05/2023";"1300";"";"";"";"";"";"";"";"";"";"";"";"";"";"";"";"";""
"31/05/2023";"1400";"";"";"";"";"";"";"";"";"";"";"";"";"";"";"";"";""
"31/05/2023";"1500";"";"";"";"";"";"";"";"";"";"";"";"";"";"";"";"";""
"31/05/2023";"1600";"";"";"";"";"";"";"";"";"";"";"";"";"";"";"";"";""
"31/05/2023";"1700";"";"";"";"";"";"";"";"";"";"";"";"";"";"";"";"";""
"31/05/2023";"1800";"";"";"";"";"";"";"";"";"";"";"";"";"";"";"";"";""
"31/05/2023";"1900";"";"";"";"";"";"";"";"";"";"";"";"";"";"";"";"";""
"31/05/2023";"2000";"";"";"";"";"";"";"";"";"";"";"";"";"";"";"";"";""
"31/05/2023";"2100";"";"";"";"";"";"";"";"";"";"";"";"";"";"";"";"";""
"31/05/2023";"2200";"";"";"";"";"";"";"";"";"";"";"";"";"";"";"";"";""
"31/05/2023";"2300";"";"";"";"";"";"";"";"";"";"";"";"";"";"";"";"";""
"01/06/2023";"0000";"";"";"";"";"";"";"";"";"";"";"";"";"";"";"";"";""
"01/06/2023";"0100";"";"";"";"";"";"";"";"";"";"";"";"";"";"";"";"";""
"01/06/2023";"0200";"";"";"";"";"";"";"";"";"";"";"";"";"";"";"";"";""
"01/06/2023";"0300";"";"";"";"";"";"";"";"";"";"";"";"";"";"";"";"";""
"01/06/2023";"0400";"";"";"";"";"";"";"";"";"";"";"";"";"";"";"";"";""
"01/06/2023";"0500";"";"";"";"";"";"";"";"";"";"";"";"";"";"";"";"";""
"01/06/2023";"0600";"";"";"";"";"";"";"";"";"";"";"";"";"";"";"";"";""
"01/06/2023";"0700";"";"";"";"";"";"";"";"";"";"";"";"";"";"";"";"";""
"01/06/2023";"0800";"";"";"";"";"";"";"";"";"";"";"";"";"";"";"";"";""
"01/06/2023";"0900";"";"";"";"";"";"";"";"";"";"";"";"";"";"";"";"";""
"01/06/2023";"1000";"";"";"";"";"";"";"";"";"";"";"";"";"";"";"";"";""
"01/06/2023";"1100";"";"";"";"";"";"";"";"";"";"";"";"";"";"";"";"";""
"01/06/2023";"1200";"";"";"";"";"";"";"";"";"";"";"";"";"";"";"";"";""
"01/06/2023";"1300";"";"";"";"";"";"";"";"";"";"";"";"";"";"";"";"";""
"01/06/2023";"1400";"";"";"";"";"";"";"";"";"";"";"";"";"";"";"";"";""
"01/06/2023";"1500";"";"";"";"";"";"";"";"";"";"";"";"";"";"";"";"";""
"01/06/2023";"1600";"";"";"";"";"";"";"";"";"";"";"";"";"";"";"";"";""
"01/06/2023";"1700";"";"";"";"";"";"";"";"";"";"";"";"";"";"";"";"";""
"01/06/2023";"1800";"";"";"";"";"";"";"";"";"";"";"";"";"";"";"";"";""
"01/06/2023";"1900";"";"";"";"";"";"";"";"";"";"";"";"";"";"";"";"";""
"01/06/2023";"2000";"";"";"";"";"";"";"";"";"";"";"";"";"";"";"";"";""
"01/06/2023";"2100";"";"";"";"";"";"";"";"";"";"";"";"";"";"";"";"";""
"01/06/2023";"2200";"";"";"";"";"";"";"";"";"";"";"";"";"";"";"";"";""
"01/06/2023";"2300";"";"";"";"";"";"";"";"";"";"";"";"";"";"";"";"";""
"02/06/2023";"0000";"";"";"";"";"";"";"";"";"";"";"";"";"";"";"";"";""
"02/06/2023";"0100";"";"";"";"";"";"";"";"";"";"";"";"";"";"";"";"";""
"02/06/2023";"0200";"";"";"";"";"";"";"";"";"";"";"";"";"";"";"";"";""
"02/06/2023";"0300";"";"";"";"";"";"";"";"";"";"";"";"";"";"";"";"";""
"02/06/2023";"0400";"";"";"";"";"";"";"";"";"";"";"";"";"";"";"";"";""
"02/06/2023";"0500";"";"";"";"";"";"";"";"";"";"";"";"";"";"";"";"";""
"02/06/2023";"0600";"";"";"";"";"";"";"";"";"";"";"";"";"";"";"";"";""
"02/06/2023";"0700";"";"";"";"";"";"";"";"";"";"";"";"";"";"";"";"";""
"02/06/2023";"0800";"";"";"";"";"";"";"";"";"";"";"";"";"";"";"";"";""
"02/06/2023";"0900";"";"";"";"";"";"";"";"";"";"";"";"";"";"";"";"";""
"02/06/2023";"1000";"";"";"";"";"";"";"";"";"";"";"";"";"";"";"";"";""
"02/06/2023";"1100";"";"";"";"";"";"";"";"";"";"";"";"";"";"";"";"";""
"02/06/2023";"1200";"";"";"";"";"";"";"";"";"";"";"";"";"";"";"";"";""
"02/06/2023";"1300";"";"";"";"";"";"";"";"";"";"";"";"";"";"";"";"";""
"02/06/2023";"1400";"";"";"";"";"";"";"";"";"";"";"";"";"";"";"";"";""
"02/06/2023";"1500";"";"";"";"";"";"";"";"";"";"";"";"";"";"";"";"";""
"02/06/2023";"1600";"";"";"";"";"";"";"";"";"";"";"";"";"";"";"";"";""
"02/06/2023";"1700";"";"";"";"";"";"";"";"";"";"";"";"";"";"";"";"";""
"02/06/2023";"1800";"";"";"";"";"";"";"";"";"";"";"";"";"";"";"";"";""
"02/06/2023";"1900";"";"";"";"";"";"";"";"";"";"";"";"";"";"";"";"";""
"02/06/2023";"2000";"";"";"";"";"";"";"";"";"";"";"";"";"";"";"";"";""
"02/06/2023";"2100";"";"";"";"";"";"";"";"";"";"";"";"";"";"";"";"";""
"02/06/2023";"2200";"";"";"";"";"";"";"";"";"";"";"";"";"";"";"";"";""
"02/06/2023";"2300";"";"";"";"";"";"";"";"";"";"";"";"";"";"";"";"";""
"03/06/2023";"0000";"";"";"";"";"";"";"";"";"";"";"";"";"";"";"";"";""
"03/06/2023";"0100";"";"";"";"";"";"";"";"";"";"";"";"";"";"";"";"";""
"03/06/2023";"0200";"";"";"";"";"";"";"";"";"";"";"";"";"";"";"";"";""
"03/06/2023";"0300";"";"";"";"";"";"";"";"";"";"";"";"";"";"";"";"";""
"03/06/2023";"0400";"";"";"";"";"";"";"";"";"";"";"";"";"";"";"";"";""
"03/06/2023";"0500";"";"";"";"";"";"";"";"";"";"";"";"";"";"";"";"";""
"03/06/2023";"0600";"";"";"";"";"";"";"";"";"";"";"";"";"";"";"";"";""
"03/06/2023";"0700";"";"";"";"";"";"";"";"";"";"";"";"";"";"";"";"";""
"03/06/2023";"0800";"";"";"";"";"";"";"";"";"";"";"";"";"";"";"";"";""
"03/06/2023";"0900";"";"";"";"";"";"";"";"";"";"";"";"";"";"";"";"";""
"03/06/2023";"1000";"";"";"";"";"";"";"";"";"";"";"";"";"";"";"";"";""
"03/06/2023";"1100";"";"";"";"";"";"";"";"";"";"";"";"";"";"";"";"";""
"03/06/2023";"1200";"";"";"";"";"";"";"";"";"";"";"";"";"";"";"";"";""
"03/06/2023";"1300";"";"";"";"";"";"";"";"";"";"";"";"";"";"";"";"";""
"03/06/2023";"1400";"";"";"";"";"";"";"";"";"";"";"";"";"";"";"";"";""
"03/06/2023";"1500";"";"";"";"";"";"";"";"";"";"";"";"";"";"";"";"";""
"03/06/2023";"1600";"";"";"";"";"";"";"";"";"";"";"";"";"";"";"";"";""
"03/06/2023";"1700";"";"";"";"";"";"";"";"";"";"";"";"";"";"";"";"";""
"03/06/2023";"1800";"";"";"";"";"";"";"";"";"";"";"";"";"";"";"";"";""
"03/06/2023";"1900";"";"";"";"";"";"";"";"";"";"";"";"";"";"";"";"";""
"03/06/2023";"2000";"";"";"";"";"";"";"";"";"";"";"";"";"";"";"";"";""
"03/06/2023";"2100";"";"";"";"";"";"";"";"";"";"";"";"";"";"";"";"";""
"03/06/2023";"2200";"";"";"";"";"";"";"";"";"";"";"";"";"";"";"";"";""
"03/06/2023";"2300";"";"";"";"";"";"";"";"";"";"";"";"";"";"";"";"";""
"04/06/2023";"0000";"";"";"";"";"";"";"";"";"";"";"";"";"";"";"";"";""
"04/06/2023";"0100";"";"";"";"";"";"";"";"";"";"";"";"";"";"";"";"";""
"04/06/2023";"0200";"";"";"";"";"";"";"";"";"";"";"";"";"";"";"";"";""
"04/06/2023";"0300";"";"";"";"";"";"";"";"";"";"";"";"";"";"";"";"";""
"04/06/2023";"0400";"";"";"";"";"";"";"";"";"";"";"";"";"";"";"";"";""
"04/06/2023";"0500";"";"";"";"";"";"";"";"";"";"";"";"";"";"";"";"";""
"04/06/2023";"0600";"";"";"";"";"";"";"";"";"";"";"";"";"";"";"";"";""
"04/06/2023";"0700";"";"";"";"";"";"";"";"";"";"";"";"";"";"";"";"";""
"04/06/2023";"0800";"";"";"";"";"";"";"";"";"";"";"";"";"";"";"";"";""
"04/06/2023";"0900";"";"";"";"";"";"";"";"";"";"";"";"";"";"";"";"";""
"04/06/2023";"1000";"";"";"";"";"";"";"";"";"";"";"";"";"";"";"";"";""
"04/06/2023";"1100";"";"";"";"";"";"";"";"";"";"";"";"";"";"";"";"";""
"04/06/2023";"1200";"";"";"";"";"";"";"";"";"";"";"";"";"";"";"";"";""
"04/06/2023";"1300";"";"";"";"";"";"";"";"";"";"";"";"";"";"";"";"";""
"04/06/2023";"1400";"";"";"";"";"";"";"";"";"";"";"";"";"";"";"";"";""
"04/06/2023";"1500";"";"";"";"";"";"";"";"";"";"";"";"";"";"";"";"";""
"04/06/2023";"1600";"";"";"";"";"";"";"";"";"";"";"";"";"";"";"";"";""
"04/06/2023";"1700";"";"";"";"";"";"";"";"";"";"";"";"";"";"";"";"";""
"04/06/2023";"1800";"";"";"";"";"";"";"";"";"";"";"";"";"";"";"";"";""
"04/06/2023";"1900";"";"";"";"";"";"";"";"";"";"";"";"";"";"";"";"";""
"04/06/2023";"2000";"";"";"";"";"";"";"";"";"";"";"";"";"";"";"";"";""
"04/06/2023";"2100";"";"";"";"";"";"";"";"";"";"";"";"";"";"";"";"";""
"04/06/2023";"2200";"";"";"";"";"";"";"";"";"";"";"";"";"";"";"";"";""
"04/06/2023";"2300";"";"";"";"";"";"";"";"";"";"";"";"";"";"";"";"";""
"05/06/2023";"0000";"";"";"";"";"";"";"";"";"";"";"";"";"";"";"";"";""
"05/06/2023";"0100";"";"";"";"";"";"";"";"";"";"";"";"";"";"";"";"";""
"05/06/2023";"0200";"";"";"";"";"";"";"";"";"";"";"";"";"";"";"";"";""
"05/06/2023";"0300";"";"";"";"";"";"";"";"";"";"";"";"";"";"";"";"";""
"05/06/2023";"0400";"";"";"";"";"";"";"";"";"";"";"";"";"";"";"";"";""
"05/06/2023";"0500";"";"";"";"";"";"";"";"";"";"";"";"";"";"";"";"";""
"05/06/2023";"0600";"";"";"";"";"";"";"";"";"";"";"";"";"";"";"";"";""
"05/06/2023";"0700";"";"";"";"";"";"";"";"";"";"";"";"";"";"";"";"";""
"05/06/2023";"0800";"";"";"";"";"";"";"";"";"";"";"";"";"";"";"";"";""
"05/06/2023";"0900";"";"";"";"";"";"";"";"";"";"";"";"";"";"";"";"";""
"05/06/2023";"1000";"";"";"";"";"";"";"";"";"";"";"";"";"";"";"";"";""
"05/06/2023";"1100";"";"";"";"";"";"";"";"";"";"";"";"";"";"";"";"";""
"05/06/2023";"1200";"";"";"";"";"";"";"";"";"";"";"";"";"";"";"";"";""
"05/06/2023";"1300";"";"";"";"";"";"";"";"";"";"";"";"";"";"";"";"";""
"05/06/2023";"1400";"";"";"";"";"";"";"";"";"";"";"";"";"";"";"";"";""
"05/06/2023";"1500";"";"";"";"";"";"";"";"";"";"";"";"";"";"";"";"";""
"05/06/2023";"1600";"";"";"";"";"";"";"";"";"";"";"";"";"";"";"";"";""
"05/06/2023";"1700";"";"";"";"";"";"";"";"";"";"";"";"";"";"";"";"";""
"05/06/2023";"1800";"";"";"";"";"";"";"";"";"";"";"";"";"";"";"";"";""
"05/06/2023";"1900";"";"";"";"";"";"";"";"";"";"";"";"";"";"";"";"";""
"05/06/2023";"2000";"";"";"";"";"";"";"";"";"";"";"";"";"";"";"";"";""
"05/06/2023";"2100";"";"";"";"";"";"";"";"";"";"";"";"";"";"";"";"";""
"05/06/2023";"2200";"";"";"";"";"";"";"";"";"";"";"";"";"";"";"";"";""
"05/06/2023";"2300";"";"";"";"";"";"";"";"";"";"";"";"";"";"";"";"";""
"06/06/2023";"0000";"";"";"";"";"";"";"";"";"";"";"";"";"";"";"";"";""
"06/06/2023";"0100";"";"";"";"";"";"";"";"";"";"";"";"";"";"";"";"";""
"06/06/2023";"0200";"";"";"";"";"";"";"";"";"";"";"";"";"";"";"";"";""
"06/06/2023";"0300";"";"";"";"";"";"";"";"";"";"";"";"";"";"";"";"";""
"06/06/2023";"0400";"";"";"";"";"";"";"";"";"";"";"";"";"";"";"";"";""
"06/06/2023";"0500";"";"";"";"";"";"";"";"";"";"";"";"";"";"";"";"";""
"06/06/2023";"0600";"";"";"";"";"";"";"";"";"";"";"";"";"";"";"";"";""
"06/06/2023";"0700";"";"";"";"";"";"";"";"";"";"";"";"";"";"";"";"";""
"06/06/2023";"0800";"";"";"";"";"";"";"";"";"";"";"";"";"";"";"";"";""
"06/06/2023";"0900";"";"";"";"";"";"";"";"";"";"";"";"";"";"";"";"";""
"06/06/2023";"1000";"";"";"";"";"";"";"";"";"";"";"";"";"";"";"";"";""
"06/06/2023";"1100";"";"";"";"";"";"";"";"";"";"";"";"";"";"";"";"";""
"06/06/2023";"1200";"";"";"";"";"";"";"";"";"";"";"";"";"";"";"";"";""
"06/06/2023";"1300";"";"";"";"";"";"";"";"";"";"";"";"";"";"";"";"";""
"06/06/2023";"1400";"";"";"";"";"";"";"";"";"";"";"";"";"";"";"";"";""
"06/06/2023";"1500";"";"";"";"";"";"";"";"";"";"";"";"";"";"";"";"";""
"06/06/2023";"1600";"";"";"";"";"";"";"";"";"";"";"";"";"";"";"";"";""
"06/06/2023";"1700";"";"";"";"";"";"";"";"";"";"";"";"";"";"";"";"";""
"06/06/2023";"1800";"";"";"";"";"";"";"";"";"";"";"";"";"";"";"";"";""
"06/06/2023";"1900";"";"";"";"";"";"";"";"";"";"";"";"";"";"";"";"";""
"06/06/2023";"2000";"";"";"";"";"";"";"";"";"";"";"";"";"";"";"";"";""
"06/06/2023";"2100";"";"";"";"";"";"";"";"";"";"";"";"";"";"";"";"";""
"06/06/2023";"2200";"";"";"";"";"";"";"";"";"";"";"";"";"";"";"";"";""
"06/06/2023";"2300";"";"";"";"";"";"";"";"";"";"";"";"";"";"";"";"";""
"07/06/2023";"0000";"";"";"";"";"";"";"";"";"";"";"";"";"";"";"";"";""
"07/06/2023";"0100";"";"";"";"";"";"";"";"";"";"";"";"";"";"";"";"";""
"07/06/2023";"0200";"";"";"";"";"";"";"";"";"";"";"";"";"";"";"";"";""
"07/06/2023";"0300";"";"";"";"";"";"";"";"";"";"";"";"";"";"";"";"";""
"07/06/2023";"0400";"";"";"";"";"";"";"";"";"";"";"";"";"";"";"";"";""
"07/06/2023";"0500";"";"";"";"";"";"";"";"";"";"";"";"";"";"";"";"";""
"07/06/2023";"0600";"";"";"";"";"";"";"";"";"";"";"";"";"";"";"";"";""
"07/06/2023";"0700";"";"";"";"";"";"";"";"";"";"";"";"";"";"";"";"";""
"07/06/2023";"0800";"";"";"";"";"";"";"";"";"";"";"";"";"";"";"";"";""
"07/06/2023";"0900";"";"";"";"";"";"";"";"";"";"";"";"";"";"";"";"";""
"07/06/2023";"1000";"";"";"";"";"";"";"";"";"";"";"";"";"";"";"";"";""
"07/06/2023";"1100";"";"";"";"";"";"";"";"";"";"";"";"";"";"";"";"";""
"07/06/2023";"1200";"";"";"";"";"";"";"";"";"";"";"";"";"";"";"";"";""
"07/06/2023";"1300";"";"";"";"";"";"";"";"";"";"";"";"";"";"";"";"";""
"07/06/2023";"1400";"";"";"";"";"";"";"";"";"";"";"";"";"";"";"";"";""
"07/06/2023";"1500";"";"";"";"";"";"";"";"";"";"";"";"";"";"";"";"";""
"07/06/2023";"1600";"";"";"";"";"";"";"";"";"";"";"";"";"";"";"";"";""
"07/06/2023";"1700";"";"";"";"";"";"";"";"";"";"";"";"";"";"";"";"";""
"07/06/2023";"1800";"";"";"";"";"";"";"";"";"";"";"";"";"";"";"";"";""
"07/06/2023";"1900";"";"";"";"";"";"";"";"";"";"";"";"";"";"";"";"";""
"07/06/2023";"2000";"";"";"";"";"";"";"";"";"";"";"";"";"";"";"";"";""
"07/06/2023";"2100";"";"";"";"";"";"";"";"";"";"";"";"";"";"";"";"";""
"07/06/2023";"2200";"";"";"";"";"";"";"";"";"";"";"";"";"";"";"";"";""
"07/06/2023";"2300";"";"";"";"";"";"";"";"";"";"";"";"";"";"";"";"";""
"08/06/2023";"0000";"";"";"";"";"";"";"";"";"";"";"";"";"";"";"";"";""
"08/06/2023";"0100";"";"";"";"";"";"";"";"";"";"";"";"";"";"";"";"";""
"08/06/2023";"0200";"";"";"";"";"";"";"";"";"";"";"";"";"";"";"";"";""
"08/06/2023";"0300";"";"";"";"";"";"";"";"";"";"";"";"";"";"";"";"";""
"08/06/2023";"0400";"";"";"";"";"";"";"";"";"";"";"";"";"";"";"";"";""
"08/06/2023";"0500";"";"";"";"";"";"";"";"";"";"";"";"";"";"";"";"";""
"08/06/2023";"0600";"";"";"";"";"";"";"";"";"";"";"";"";"";"";"";"";""
"08/06/2023";"0700";"";"";"";"";"";"";"";"";"";"";"";"";"";"";"";"";""
"08/06/2023";"0800";"";"";"";"";"";"";"";"";"";"";"";"";"";"";"";"";""
"08/06/2023";"0900";"";"";"";"";"";"";"";"";"";"";"";"";"";"";"";"";""
"08/06/2023";"1000";"";"";"";"";"";"";"";"";"";"";"";"";"";"";"";"";""
"08/06/2023";"1100";"";"";"";"";"";"";"";"";"";"";"";"";"";"";"";"";""
"08/06/2023";"1200";"";"";"";"";"";"";"";"";"";"";"";"";"";"";"";"";""
"08/06/2023";"1300";"";"";"";"";"";"";"";"";"";"";"";"";"";"";"";"";""
"08/06/2023";"1400";"";"";"";"";"";"";"";"";"";"";"";"";"";"";"";"";""
"08/06/2023";"1500";"";"";"";"";"";"";"";"";"";"";"";"";"";"";"";"";""
"08/06/2023";"1600";"";"";"";"";"";"";"";"";"";"";"";"";"";"";"";"";""
"08/06/2023";"1700";"";"";"";"";"";"";"";"";"";"";"";"";"";"";"";"";""
"08/06/2023";"1800";"";"";"";"";"";"";"";"";"";"";"";"";"";"";"";"";""
"08/06/2023";"1900";"";"";"";"";"";"";"";"";"";"";"";"";"";"";"";"";""
"08/06/2023";"2000";"";"";"";"";"";"";"";"";"";"";"";"";"";"";"";"";""
"08/06/2023";"2100";"";"";"";"";"";"";"";"";"";"";"";"";"";"";"";"";""
"08/06/2023";"2200";"";"";"";"";"";"";"";"";"";"";"";"";"";"";"";"";""
"08/06/2023";"2300";"";"";"";"";"";"";"";"";"";"";"";"";"";"";"";"";""
"09/06/2023";"0000";"";"";"";"";"";"";"";"";"";"";"";"";"";"";"";"";""
"09/06/2023";"0100";"";"";"";"";"";"";"";"";"";"";"";"";"";"";"";"";""
"09/06/2023";"0200";"";"";"";"";"";"";"";"";"";"";"";"";"";"";"";"";""
"09/06/2023";"0300";"";"";"";"";"";"";"";"";"";"";"";"";"";"";"";"";""
"09/06/2023";"0400";"";"";"";"";"";"";"";"";"";"";"";"";"";"";"";"";""
"09/06/2023";"0500";"";"";"";"";"";"";"";"";"";"";"";"";"";"";"";"";""
"09/06/2023";"0600";"";"";"";"";"";"";"";"";"";"";"";"";"";"";"";"";""
"09/06/2023";"0700";"";"";"";"";"";"";"";"";"";"";"";"";"";"";"";"";""
"09/06/2023";"0800";"";"";"";"";"";"";"";"";"";"";"";"";"";"";"";"";""
"09/06/2023";"0900";"";"";"";"";"";"";"";"";"";"";"";"";"";"";"";"";""
"09/06/2023";"1000";"";"";"";"";"";"";"";"";"";"";"";"";"";"";"";"";""
"09/06/2023";"1100";"";"";"";"";"";"";"";"";"";"";"";"";"";"";"";"";""
"09/06/2023";"1200";"";"";"";"";"";"";"";"";"";"";"";"";"";"";"";"";""
"09/06/2023";"1300";"";"";"";"";"";"";"";"";"";"";"";"";"";"";"";"";""
"09/06/2023";"1400";"";"";"";"";"";"";"";"";"";"";"";"";"";"";"";"";""
"09/06/2023";"1500";"";"";"";"";"";"";"";"";"";"";"";"";"";"";"";"";""
"09/06/2023";"1600";"";"";"";"";"";"";"";"";"";"";"";"";"";"";"";"";""
"09/06/2023";"1700";"";"";"";"";"";"";"";"";"";"";"";"";"";"";"";"";""
"09/06/2023";"1800";"";"";"";"";"";"";"";"";"";"";"";"";"";"";"";"";""
"09/06/2023";"1900";"";"";"";"";"";"";"";"";"";"";"";"";"";"";"";"";""
"09/06/2023";"2000";"";"";"";"";"";"";"";"";"";"";"";"";"";"";"";"";""
"09/06/2023";"2100";"";"";"";"";"";"";"";"";"";"";"";"";"";"";"";"";""
"09/06/2023";"2200";"";"";"";"";"";"";"";"";"";"";"";"";"";"";"";"";""
"09/06/2023";"2300";"";"";"";"";"";"";"";"";"";"";"";"";"";"";"";"";""
"10/06/2023";"0000";"";"";"";"";"";"";"";"";"";"";"";"";"";"";"";"";""
"10/06/2023";"0100";"";"";"";"";"";"";"";"";"";"";"";"";"";"";"";"";""
"10/06/2023";"0200";"";"";"";"";"";"";"";"";"";"";"";"";"";"";"";"";""
"10/06/2023";"0300";"";"";"";"";"";"";"";"";"";"";"";"";"";"";"";"";""
"10/06/2023";"0400";"";"";"";"";"";"";"";"";"";"";"";"";"";"";"";"";""
"10/06/2023";"0500";"";"";"";"";"";"";"";"";"";"";"";"";"";"";"";"";""
"10/06/2023";"0600";"";"";"";"";"";"";"";"";"";"";"";"";"";"";"";"";""
"10/06/2023";"0700";"";"";"";"";"";"";"";"";"";"";"";"";"";"";"";"";""
"10/06/2023";"0800";"";"";"";"";"";"";"";"";"";"";"";"";"";"";"";"";""
"10/06/2023";"0900";"";"";"";"";"";"";"";"";"";"";"";"";"";"";"";"";""
"10/06/2023";"1000";"";"";"";"";"";"";"";"";"";"";"";"";"";"";"";"";""
"10/06/2023";"1100";"";"";"";"";"";"";"";"";"";"";"";"";"";"";"";"";""
"10/06/2023";"1200";"";"";"";"";"";"";"";"";"";"";"";"";"";"";"";"";""
"10/06/2023";"1300";"";"";"";"";"";"";"";"";"";"";"";"";"";"";"";"";""
"10/06/2023";"1400";"";"";"";"";"";"";"";"";"";"";"";"";"";"";"";"";""
"10/06/2023";"1500";"";"";"";"";"";"";"";"";"";"";"";"";"";"";"";"";""
"10/06/2023";"1600";"";"";"";"";"";"";"";"";"";"";"";"";"";"";"";"";""
"10/06/2023";"1700";"";"";"";"";"";"";"";"";"";"";"";"";"";"";"";"";""
"10/06/2023";"1800";"";"";"";"";"";"";"";"";"";"";"";"";"";"";"";"";""
"10/06/2023";"1900";"";"";"";"";"";"";"";"";"";"";"";"";"";"";"";"";""
"10/06/2023";"2000";"";"";"";"";"";"";"";"";"";"";"";"";"";"";"";"";""
"10/06/2023";"2100";"";"";"";"";"";"";"";"";"";"";"";"";"";"";"";"";""
"10/06/2023";"2200";"";"";"";"";"";"";"";"";"";"";"";"";"";"";"";"";""
"10/06/2023";"2300";"";"";"";"";"";"";"";"";"";"";"";"";"";"";"";"";""
"11/06/2023";"0000";"";"";"";"";"";"";"";"";"";"";"";"";"";"";"";"";""
"11/06/2023";"0100";"";"";"";"";"";"";"";"";"";"";"";"";"";"";"";"";""
"11/06/2023";"0200";"";"";"";"";"";"";"";"";"";"";"";"";"";"";"";"";""
"11/06/2023";"0300";"";"";"";"";"";"";"";"";"";"";"";"";"";"";"";"";""
"11/06/2023";"0400";"";"";"";"";"";"";"";"";"";"";"";"";"";"";"";"";""
"11/06/2023";"0500";"";"";"";"";"";"";"";"";"";"";"";"";"";"";"";"";""
"11/06/2023";"0600";"";"";"";"";"";"";"";"";"";"";"";"";"";"";"";"";""
"11/06/2023";"0700";"";"";"";"";"";"";"";"";"";"";"";"";"";"";"";"";""
"11/06/2023";"0800";"";"";"";"";"";"";"";"";"";"";"";"";"";"";"";"";""
"11/06/2023";"0900";"";"";"";"";"";"";"";"";"";"";"";"";"";"";"";"";""
"11/06/2023";"1000";"";"";"";"";"";"";"";"";"";"";"";"";"";"";"";"";""
"11/06/2023";"1100";"";"";"";"";"";"";"";"";"";"";"";"";"";"";"";"";""
"11/06/2023";"1200";"";"";"";"";"";"";"";"";"";"";"";"";"";"";"";"";""
"11/06/2023";"1300";"";"";"";"";"";"";"";"";"";"";"";"";"";"";"";"";""
"11/06/2023";"1400";"";"";"";"";"";"";"";"";"";"";"";"";"";"";"";"";""
"11/06/2023";"1500";"";"";"";"";"";"";"";"";"";"";"";"";"";"";"";"";""
"11/06/2023";"1600";"";"";"";"";"";"";"";"";"";"";"";"";"";"";"";"";""
"11/06/2023";"1700";"";"";"";"";"";"";"";"";"";"";"";"";"";"";"";"";""
"11/06/2023";"1800";"";"";"";"";"";"";"";"";"";"";"";"";"";"";"";"";""
"11/06/2023";"1900";"";"";"";"";"";"";"";"";"";"";"";"";"";"";"";"";""
"11/06/2023";"2000";"";"";"";"";"";"";"";"";"";"";"";"";"";"";"";"";""
"11/06/2023";"2100";"";"";"";"";"";"";"";"";"";"";"";"";"";"";"";"";""
"11/06/2023";"2200";"";"";"";"";"";"";"";"";"";"";"";"";"";"";"";"";""
"11/06/2023";"2300";"";"";"";"";"";"";"";"";"";"";"";"";"";"";"";"";""
"12/06/2023";"0000";"";"";"";"";"";"";"";"";"";"";"";"";"";"";"";"";""
"12/06/2023";"0100";"";"";"";"";"";"";"";"";"";"";"";"";"";"";"";"";""
"12/06/2023";"0200";"";"";"";"";"";"";"";"";"";"";"";"";"";"";"";"";""
"12/06/2023";"0300";"";"";"";"";"";"";"";"";"";"";"";"";"";"";"";"";""
"12/06/2023";"0400";"";"";"";"";"";"";"";"";"";"";"";"";"";"";"";"";""
"12/06/2023";"0500";"";"";"";"";"";"";"";"";"";"";"";"";"";"";"";"";""
"12/06/2023";"0600";"";"";"";"";"";"";"";"";"";"";"";"";"";"";"";"";""
"12/06/2023";"0700";"";"";"";"";"";"";"";"";"";"";"";"";"";"";"";"";""
"12/06/2023";"0800";"";"";"";"";"";"";"";"";"";"";"";"";"";"";"";"";""
"12/06/2023";"0900";"";"";"";"";"";"";"";"";"";"";"";"";"";"";"";"";""
"12/06/2023";"1000";"";"";"";"";"";"";"";"";"";"";"";"";"";"";"";"";""
"12/06/2023";"1100";"";"";"";"";"";"";"";"";"";"";"";"";"";"";"";"";""
"12/06/2023";"1200";"";"";"";"";"";"";"";"";"";"";"";"";"";"";"";"";""
"12/06/2023";"1300";"";"";"";"";"";"";"";"";"";"";"";"";"";"";"";"";""
"12/06/2023";"1400";"";"";"";"";"";"";"";"";"";"";"";"";"";"";"";"";""
"12/06/2023";"1500";"";"";"";"";"";"";"";"";"";"";"";"";"";"";"";"";""
"12/06/2023";"1600";"";"";"";"";"";"";"";"";"";"";"";"";"";"";"";"";""
"12/06/2023";"1700";"";"";"";"";"";"";"";"";"";"";"";"";"";"";"";"";""
"12/06/2023";"1800";"";"";"";"";"";"";"";"";"";"";"";"";"";"";"";"";""
"12/06/2023";"1900";"";"";"";"";"";"";"";"";"";"";"";"";"";"";"";"";""
"12/06/2023";"2000";"";"";"";"";"";"";"";"";"";"";"";"";"";"";"";"";""
"12/06/2023";"2100";"";"";"";"";"";"";"";"";"";"";"";"";"";"";"";"";""
"12/06/2023";"2200";"";"";"";"";"";"";"";"";"";"";"";"";"";"";"";"";""
"12/06/2023";"2300";"";"";"";"";"";"";"";"";"";"";"";"";"";"";"";"";""
"13/06/2023";"0000";"";"";"";"";"";"";"";"";"";"";"";"";"";"";"";"";""
"13/06/2023";"0100";"";"";"";"";"";"";"";"";"";"";"";"";"";"";"";"";""
"13/06/2023";"0200";"";"";"";"";"";"";"";"";"";"";"";"";"";"";"";"";""
"13/06/2023";"0300";"";"";"";"";"";"";"";"";"";"";"";"";"";"";"";"";""
"13/06/2023";"0400";"";"";"";"";"";"";"";"";"";"";"";"";"";"";"";"";""
"13/06/2023";"0500";"";"";"";"";"";"";"";"";"";"";"";"";"";"";"";"";""
"13/06/2023";"0600";"";"";"";"";"";"";"";"";"";"";"";"";"";"";"";"";""
"13/06/2023";"0700";"";"";"";"";"";"";"";"";"";"";"";"";"";"";"";"";""
"13/06/2023";"0800";"";"";"";"";"";"";"";"";"";"";"";"";"";"";"";"";""
"13/06/2023";"0900";"";"";"";"";"";"";"";"";"";"";"";"";"";"";"";"";""
"13/06/2023";"1000";"";"";"";"";"";"";"";"";"";"";"";"";"";"";"";"";""
"13/06/2023";"1100";"";"";"";"";"";"";"";"";"";"";"";"";"";"";"";"";""
"13/06/2023";"1200";"24,9";"";"";"84,0";"";"";"21,9";"";"";"996,2";"";"";"1,2";"199,0";"";"499,50";"0,0"
"13/06/2023";"1300";"";"";"";"";"";"";"";"";"";"";"";"";"";"";"";"";""
"13/06/2023";"1400";"";"";"";"";"";"";"";"";"";"";"";"";"";"";"";"";""
"13/06/2023";"1500";"";"";"";"";"";"";"";"";"";"";"";"";"";"";"";"";""
"13/06/2023";"1600";"";"";"";"";"";"";"";"";"";"";"";"";"";"";"";"";""
"13/06/2023";"1700";"";"";"";"";"";"";"";"";"";"";"";"";"";"";"";"";""
"13/06/2023";"1800";"";"";"";"";"";"";"";"";"";"";"";"";"";"";"";"";""
"13/06/2023";"1900";"";"";"";"";"";"";"";"";"";"";"";"";"";"";"";"";""
"13/06/2023";"2000";"";"";"";"";"";"";"";"";"";"";"";"";"";"";"";"";""
"13/06/2023";"2100";"";"";"";"";"";"";"";"";"";"";"";"";"";"";"";"";""
"13/06/2023";"2200";"";"";"";"";"";"";"";"";"";"";"";"";"";"";"";"";""
"13/06/2023";"2300";"";"";"";"";"";"";"";"";"";"";"";"";"";"";"";"";""
"14/06/2023";"0000";"";"";"";"";"";"";"";"";"";"";"";"";"";"";"";"";""
"14/06/2023";"0100";"";"";"";"";"";"";"";"";"";"";"";"";"";"";"";"";""
"14/06/2023";"0200";"";"";"";"";"";"";"";"";"";"";"";"";"";"";"";"";""
"14/06/2023";"0300";"";"";"";"";"";"";"";"";"";"";"";"";"";"";"";"";""
"14/06/2023";"0400";"";"";"";"";"";"";"";"";"";"";"";"";"";"";"";"";""
"14/06/2023";"0500";"";"";"";"";"";"";"";"";"";"";"";"";"";"";"";"";""
"14/06/2023";"0600";"";"";"";"";"";"";"";"";"";"";"";"";"";"";"";"";""
"14/06/2023";"0700";"";"";"";"";"";"";"";"";"";"";"";"";"";"";"";"";""
"14/06/2023";"0800";"";"";"";"";"";"";"";"";"";"";"";"";"";"";"";"";""
"14/06/2023";"0900";"";"";"";"";"";"";"";"";"";"";"";"";"";"";"";"";""
"14/06/2023";"1000";"";"";"";"";"";"";"";"";"";"";"";"";"";"";"";"";""
"14/06/2023";"1100";"";"";"";"";"";"";"";"";"";"";"";"";"";"";"";"";""
"14/06/2023";"1200";"";"";"";"";"";"";"";"";"";"";"";"";"";"";"";"";""
"14/06/2023";"1300";"";"";"";"";"";"";"";"";"";"";"";"";"";"";"";"";""
"14/06/2023";"1400";"";"";"";"";"";"";"";"";"";"";"";"";"";"";"";"";""
"14/06/2023";"1500";"";"";"";"";"";"";"";"";"";"";"";"";"";"";"";"";""
"14/06/2023";"1600";"";"";"";"";"";"";"";"";"";"";"";"";"";"";"";"";""
"14/06/2023";"1700";"";"";"";"";"";"";"";"";"";"";"";"";"";"";"";"";""
"14/06/2023";"1800";"";"";"";"";"";"";"";"";"";"";"";"";"";"";"";"";""
"14/06/2023";"1900";"";"";"";"";"";"";"";"";"";"";"";"";"";"";"";"";""
"14/06/2023";"2000";"";"";"";"";"";"";"";"";"";"";"";"";"";"";"";"";""
"14/06/2023";"2100";"";"";"";"";"";"";"";"";"";"";"";"";"";"";"";"";""
"14/06/2023";"2200";"";"";"";"";"";"";"";"";"";"";"";"";"";"";"";"";""
"14/06/2023";"2300";"";"";"";"";"";"";"";"";"";"";"";"";"";"";"";"";""
"15/06/2023";"0000";"";"";"";"";"";"";"";"";"";"";"";"";"";"";"";"";""
"15/06/2023";"0100";"";"";"";"";"";"";"";"";"";"";"";"";"";"";"";"";""
"15/06/2023";"0200";"";"";"";"";"";"";"";"";"";"";"";"";"";"";"";"";""
"15/06/2023";"0300";"";"";"";"";"";"";"";"";"";"";"";"";"";"";"";"";""
"15/06/2023";"0400";"";"";"";"";"";"";"";"";"";"";"";"";"";"";"";"";""
"15/06/2023";"0500";"";"";"";"";"";"";"";"";"";"";"";"";"";"";"";"";""
"15/06/2023";"0600";"";"";"";"";"";"";"";"";"";"";"";"";"";"";"";"";""
"15/06/2023";"0700";"";"";"";"";"";"";"";"";"";"";"";"";"";"";"";"";""
"15/06/2023";"0800";"";"";"";"";"";"";"";"";"";"";"";"";"";"";"";"";""
"15/06/2023";"0900";"";"";"";"";"";"";"";"";"";"";"";"";"";"";"";"";""
"15/06/2023";"1000";"";"";"";"";"";"";"";"";"";"";"";"";"";"";"";"";""
"15/06/2023";"1100";"";"";"";"";"";"";"";"";"";"";"";"";"";"";"";"";""
"15/06/2023";"1200";"";"";"";"";"";"";"";"";"";"";"";"";"";"";"";"";""
"15/06/2023";"1300";"";"";"";"";"";"";"";"";"";"";"";"";"";"";"";"";""
"15/06/2023";"1400";"";"";"";"";"";"";"";"";"";"";"";"";"";"";"";"";""
"15/06/2023";"1500";"";"";"";"";"";"";"";"";"";"";"";"";"";"";"";"";""
"15/06/2023";"1600";"";"";"";"";"";"";"";"";"";"";"";"";"";"";"";"";""
"15/06/2023";"1700";"";"";"";"";"";"";"";"";"";"";"";"";"";"";"";"";""
"15/06/2023";"1800";"";"";"";"";"";"";"";"";"";"";"";"";"";"";"";"";""
"15/06/2023";"1900";"";"";"";"";"";"";"";"";"";"";"";"";"";"";"";"";""
"15/06/2023";"2000";"";"";"";"";"";"";"";"";"";"";"";"";"";"";"";"";""
"15/06/2023";"2100";"";"";"";"";"";"";"";"";"";"";"";"";"";"";"";"";""
"15/06/2023";"2200";"";"";"";"";"";"";"";"";"";"";"";"";"";"";"";"";""
"15/06/2023";"2300";"";"";"";"";"";"";"";"";"";"";"";"";"";"";"";"";""
"16/06/2023";"0000";"";"";"";"";"";"";"";"";"";"";"";"";"";"";"";"";""
"16/06/2023";"0100";"";"";"";"";"";"";"";"";"";"";"";"";"";"";"";"";""
"16/06/2023";"0200";"";"";"";"";"";"";"";"";"";"";"";"";"";"";"";"";""
"16/06/2023";"0300";"";"";"";"";"";"";"";"";"";"";"";"";"";"";"";"";""
"16/06/2023";"0400";"";"";"";"";"";"";"";"";"";"";"";"";"";"";"";"";""
"16/06/2023";"0500";"";"";"";"";"";"";"";"";"";"";"";"";"";"";"";"";""
"16/06/2023";"0600";"";"";"";"";"";"";"";"";"";"";"";"";"";"";"";"";""
"16/06/2023";"0700";"";"";"";"";"";"";"";"";"";"";"";"";"";"";"";"";""
"16/06/2023";"0800";"";"";"";"";"";"";"";"";"";"";"";"";"";"";"";"";""
"16/06/2023";"0900";"";"";"";"";"";"";"";"";"";"";"";"";"";"";"";"";""
"16/06/2023";"1000";"";"";"";"";"";"";"";"";"";"";"";"";"";"";"";"";""
"16/06/2023";"1100";"";"";"";"";"";"";"";"";"";"";"";"";"";"";"";"";""
"16/06/2023";"1200";"";"";"";"";"";"";"";"";"";"";"";"";"";"";"";"";""
"16/06/2023";"1300";"";"";"";"";"";"";"";"";"";"";"";"";"";"";"";"";""
"16/06/2023";"1400";"";"";"";"";"";"";"";"";"";"";"";"";"";"";"";"";""
"16/06/2023";"1500";"";"";"";"";"";"";"";"";"";"";"";"";"";"";"";"";""
"16/06/2023";"1600";"";"";"";"";"";"";"";"";"";"";"";"";"";"";"";"";""
"16/06/2023";"1700";"";"";"";"";"";"";"";"";"";"";"";"";"";"";"";"";""
"16/06/2023";"1800";"";"";"";"";"";"";"";"";"";"";"";"";"";"";"";"";""
"16/06/2023";"1900";"";"";"";"";"";"";"";"";"";"";"";"";"";"";"";"";""
"16/06/2023";"2000";"";"";"";"";"";"";"";"";"";"";"";"";"";"";"";"";""
"16/06/2023";"2100";"";"";"";"";"";"";"";"";"";"";"";"";"";"";"";"";""
"16/06/2023";"2200";"";"";"";"";"";"";"";"";"";"";"";"";"";"";"";"";""
"16/06/2023";"2300";"";"";"";"";"";"";"";"";"";"";"";"";"";"";"";"";""
"17/06/2023";"0000";"";"";"";"";"";"";"";"";"";"";"";"";"";"";"";"";""
"17/06/2023";"0100";"";"";"";"";"";"";"";"";"";"";"";"";"";"";"";"";""
"17/06/2023";"0200";"";"";"";"";"";"";"";"";"";"";"";"";"";"";"";"";""
"17/06/2023";"0300";"";"";"";"";"";"";"";"";"";"";"";"";"";"";"";"";""
"17/06/2023";"0400";"";"";"";"";"";"";"";"";"";"";"";"";"";"";"";"";""
"17/06/2023";"0500";"";"";"";"";"";"";"";"";"";"";"";"";"";"";"";"";""
"17/06/2023";"0600";"";"";"";"";"";"";"";"";"";"";"";"";"";"";"";"";""
"17/06/2023";"0700";"";"";"";"";"";"";"";"";"";"";"";"";"";"";"";"";""
"17/06/2023";"0800";"";"";"";"";"";"";"";"";"";"";"";"";"";"";"";"";""
"17/06/2023";"0900";"";"";"";"";"";"";"";"";"";"";"";"";"";"";"";"";""
"17/06/2023";"1000";"";"";"";"";"";"";"";"";"";"";"";"";"";"";"";"";""
"17/06/2023";"1100";"";"";"";"";"";"";"";"";"";"";"";"";"";"";"";"";""
"17/06/2023";"1200";"";"";"";"";"";"";"";"";"";"";"";"";"";"";"";"";""
"17/06/2023";"1300";"";"";"";"";"";"";"";"";"";"";"";"";"";"";"";"";""
"17/06/2023";"1400";"";"";"";"";"";"";"";"";"";"";"";"";"";"";"";"";""
"17/06/2023";"1500";"";"";"";"";"";"";"";"";"";"";"";"";"";"";"";"";""
"17/06/2023";"1600";"";"";"";"";"";"";"";"";"";"";"";"";"";"";"";"";""
"17/06/2023";"1700";"";"";"";"";"";"";"";"";"";"";"";"";"";"";"";"";""
"17/06/2023";"1800";"";"";"";"";"";"";"";"";"";"";"";"";"";"";"";"";""
"17/06/2023";"1900";"";"";"";"";"";"";"";"";"";"";"";"";"";"";"";"";""
"17/06/2023";"2000";"";"";"";"";"";"";"";"";"";"";"";"";"";"";"";"";""
"17/06/2023";"2100";"";"";"";"";"";"";"";"";"";"";"";"";"";"";"";"";""
"17/06/2023";"2200";"";"";"";"";"";"";"";"";"";"";"";"";"";"";"";"";""
"17/06/2023";"2300";"";"";"";"";"";"";"";"";"";"";"";"";"";"";"";"";""
"18/06/2023";"0000";"";"";"";"";"";"";"";"";"";"";"";"";"";"";"";"";""
"18/06/2023";"0100";"";"";"";"";"";"";"";"";"";"";"";"";"";"";"";"";""
"18/06/2023";"0200";"";"";"";"";"";"";"";"";"";"";"";"";"";"";"";"";""
"18/06/2023";"0300";"";"";"";"";"";"";"";"";"";"";"";"";"";"";"";"";""
"18/06/2023";"0400";"";"";"";"";"";"";"";"";"";"";"";"";"";"";"";"";""
"18/06/2023";"0500";"";"";"";"";"";"";"";"";"";"";"";"";"";"";"";"";""
"18/06/2023";"0600";"";"";"";"";"";"";"";"";"";"";"";"";"";"";"";"";""
"18/06/2023";"0700";"";"";"";"";"";"";"";"";"";"";"";"";"";"";"";"";""
"18/06/2023";"0800";"";"";"";"";"";"";"";"";"";"";"";"";"";"";"";"";""
"18/06/2023";"0900";"";"";"";"";"";"";"";"";"";"";"";"";"";"";"";"";""
"18/06/2023";"1000";"";"";"";"";"";"";"";"";"";"";"";"";"";"";"";"";""
"18/06/2023";"1100";"";"";"";"";"";"";"";"";"";"";"";"";"";"";"";"";""
"18/06/2023";"1200";"";"";"";"";"";"";"";"";"";"";"";"";"";"";"";"";""
"18/06/2023";"1300";"";"";"";"";"";"";"";"";"";"";"";"";"";"";"";"";""
"18/06/2023";"1400";"";"";"";"";"";"";"";"";"";"";"";"";"";"";"";"";""
"18/06/2023";"1500";"";"";"";"";"";"";"";"";"";"";"";"";"";"";"";"";""
"18/06/2023";"1600";"";"";"";"";"";"";"";"";"";"";"";"";"";"";"";"";""
"18/06/2023";"1700";"";"";"";"";"";"";"";"";"";"";"";"";"";"";"";"";""
"18/06/2023";"1800";"";"";"";"";"";"";"";"";"";"";"";"";"";"";"";"";""
"18/06/2023";"1900";"";"";"";"";"";"";"";"";"";"";"";"";"";"";"";"";""
"18/06/2023";"2000";"";"";"";"";"";"";"";"";"";"";"";"";"";"";"";"";""
"18/06/2023";"2100";"";"";"";"";"";"";"";"";"";"";"";"";"";"";"";"";""
"18/06/2023";"2200";"";"";"";"";"";"";"";"";"";"";"";"";"";"";"";"";""
"18/06/2023";"2300";"";"";"";"";"";"";"";"";"";"";"";"";"";"";"";"";""
"19/06/2023";"0000";"";"";"";"";"";"";"";"";"";"";"";"";"";"";"";"";""
"19/06/2023";"0100";"";"";"";"";"";"";"";"";"";"";"";"";"";"";"";"";""
"19/06/2023";"0200";"";"";"";"";"";"";"";"";"";"";"";"";"";"";"";"";""
"19/06/2023";"0300";"";"";"";"";"";"";"";"";"";"";"";"";"";"";"";"";""
"19/06/2023";"0400";"";"";"";"";"";"";"";"";"";"";"";"";"";"";"";"";""
"19/06/2023";"0500";"";"";"";"";"";"";"";"";"";"";"";"";"";"";"";"";""
"19/06/2023";"0600";"";"";"";"";"";"";"";"";"";"";"";"";"";"";"";"";""
"19/06/2023";"0700";"";"";"";"";"";"";"";"";"";"";"";"";"";"";"";"";""
"19/06/2023";"0800";"";"";"";"";"";"";"";"";"";"";"";"";"";"";"";"";""
"19/06/2023";"0900";"";"";"";"";"";"";"";"";"";"";"";"";"";"";"";"";""
"19/06/2023";"1000";"";"";"";"";"";"";"";"";"";"";"";"";"";"";"";"";""
"19/06/2023";"1100";"";"";"";"";"";"";"";"";"";"";"";"";"";"";"";"";""
"19/06/2023";"1200";"";"";"";"";"";"";"";"";"";"";"";"";"";"";"";"";""
"19/06/2023";"1300";"";"";"";"";"";"";"";"";"";"";"";"";"";"";"";"";""
"19/06/2023";"1400";"";"";"";"";"";"";"";"";"";"";"";"";"";"";"";"";""
"19/06/2023";"1500";"";"";"";"";"";"";"";"";"";"";"";"";"";"";"";"";""
"19/06/2023";"1600";"";"";"";"";"";"";"";"";"";"";"";"";"";"";"";"";""
"19/06/2023";"1700";"";"";"";"";"";"";"";"";"";"";"";"";"";"";"";"";""
"19/06/2023";"1800";"";"";"";"";"";"";"";"";"";"";"";"";"";"";"";"";""
"19/06/2023";"1900";"";"";"";"";"";"";"";"";"";"";"";"";"";"";"";"";""
"19/06/2023";"2000";"";"";"";"";"";"";"";"";"";"";"";"";"";"";"";"";""
"19/06/2023";"2100";"";"";"";"";"";"";"";"";"";"";"";"";"";"";"";"";""
"19/06/2023";"2200";"";"";"";"";"";"";"";"";"";"";"";"";"";"";"";"";""
"19/06/2023";"2300";"";"";"";"";"";"";"";"";"";"";"";"";"";"";"";"";""
"20/06/2023";"0000";"";"";"";"";"";"";"";"";"";"";"";"";"";"";"";"";""
"20/06/2023";"0100";"";"";"";"";"";"";"";"";"";"";"";"";"";"";"";"";""
"20/06/2023";"0200";"";"";"";"";"";"";"";"";"";"";"";"";"";"";"";"";""
"20/06/2023";"0300";"";"";"";"";"";"";"";"";"";"";"";"";"";"";"";"";""
"20/06/2023";"0400";"";"";"";"";"";"";"";"";"";"";"";"";"";"";"";"";""
"20/06/2023";"0500";"";"";"";"";"";"";"";"";"";"";"";"";"";"";"";"";""
"20/06/2023";"0600";"";"";"";"";"";"";"";"";"";"";"";"";"";"";"";"";""
"20/06/2023";"0700";"";"";"";"";"";"";"";"";"";"";"";"";"";"";"";"";""
"20/06/2023";"0800";"";"";"";"";"";"";"";"";"";"";"";"";"";"";"";"";""
"20/06/2023";"0900";"";"";"";"";"";"";"";"";"";"";"";"";"";"";"";"";""
"20/06/2023";"1000";"";"";"";"";"";"";"";"";"";"";"";"";"";"";"";"";""
"20/06/2023";"1100";"";"";"";"";"";"";"";"";"";"";"";"";"";"";"";"";""
"20/06/2023";"1200";"";"";"";"";"";"";"";"";"";"";"";"";"";"";"";"";""
"20/06/2023";"1300";"";"";"";"";"";"";"";"";"";"";"";"";"";"";"";"";""
"20/06/2023";"1400";"";"";"";"";"";"";"";"";"";"";"";"";"";"";"";"";""
"20/06/2023";"1500";"";"";"";"";"";"";"";"";"";"";"";"";"";"";"";"";""
"20/06/2023";"1600";"";"";"";"";"";"";"";"";"";"";"";"";"";"";"";"";""
"20/06/2023";"1700";"";"";"";"";"";"";"";"";"";"";"";"";"";"";"";"";""
"20/06/2023";"1800";"";"";"";"";"";"";"";"";"";"";"";"";"";"";"";"";""
"20/06/2023";"1900";"";"";"";"";"";"";"";"";"";"";"";"";"";"";"";"";""
"20/06/2023";"2000";"";"";"";"";"";"";"";"";"";"";"";"";"";"";"";"";""
"20/06/2023";"2100";"";"";"";"";"";"";"";"";"";"";"";"";"";"";"";"";""
"20/06/2023";"2200";"";"";"";"";"";"";"";"";"";"";"";"";"";"";"";"";""
"20/06/2023";"2300";"";"";"";"";"";"";"";"";"";"";"";"";"";"";"";"";""
"21/06/2023";"0000";"";"";"";"";"";"";"";"";"";"";"";"";"";"";"";"";""
"21/06/2023";"0100";"";"";"";"";"";"";"";"";"";"";"";"";"";"";"";"";""
"21/06/2023";"0200";"";"";"";"";"";"";"";"";"";"";"";"";"";"";"";"";""
"21/06/2023";"0300";"";"";"";"";"";"";"";"";"";"";"";"";"";"";"";"";""
"21/06/2023";"0400";"";"";"";"";"";"";"";"";"";"";"";"";"";"";"";"";""
"21/06/2023";"0500";"";"";"";"";"";"";"";"";"";"";"";"";"";"";"";"";""
"21/06/2023";"0600";"";"";"";"";"";"";"";"";"";"";"";"";"";"";"";"";""
"21/06/2023";"0700";"";"";"";"";"";"";"";"";"";"";"";"";"";"";"";"";""
"21/06/2023";"0800";"";"";"";"";"";"";"";"";"";"";"";"";"";"";"";"";""
"21/06/2023";"0900";"";"";"";"";"";"";"";"";"";"";"";"";"";"";"";"";""
"21/06/2023";"1000";"";"";"";"";"";"";"";"";"";"";"";"";"";"";"";"";""
"21/06/2023";"1100";"";"";"";"";"";"";"";"";"";"";"";"";"";"";"";"";""
"21/06/2023";"1200";"";"";"";"";"";"";"";"";"";"";"";"";"";"";"";"";""
"21/06/2023";"1300";"";"";"";"";"";"";"";"";"";"";"";"";"";"";"";"";""
"21/06/2023";"1400";"";"";"";"";"";"";"";"";"";"";"";"";"";"";"";"";""
"21/06/2023";"1500";"";"";"";"";"";"";"";"";"";"";"";"";"";"";"";"";""
"21/06/2023";"1600";"";"";"";"";"";"";"";"";"";"";"";"";"";"";"";"";""
"21/06/2023";"1700";"";"";"";"";"";"";"";"";"";"";"";"";"";"";"";"";""
"21/06/2023";"1800";"";"";"";"";"";"";"";"";"";"";"";"";"";"";"";"";""
"21/06/2023";"1900";"";"";"";"";"";"";"";"";"";"";"";"";"";"";"";"";""
"21/06/2023";"2000";"";"";"";"";"";"";"";"";"";"";"";"";"";"";"";"";""
"21/06/2023";"2100";"";"";"";"";"";"";"";"";"";"";"";"";"";"";"";"";""
"21/06/2023";"2200";"";"";"";"";"";"";"";"";"";"";"";"";"";"";"";"";""
"21/06/2023";"2300";"";"";"";"";"";"";"";"";"";"";"";"";"";"";"";"";""
"22/06/2023";"0000";"";"";"";"";"";"";"";"";"";"";"";"";"";"";"";"";""
"22/06/2023";"0100";"";"";"";"";"";"";"";"";"";"";"";"";"";"";"";"";""
"22/06/2023";"0200";"";"";"";"";"";"";"";"";"";"";"";"";"";"";"";"";""
"22/06/2023";"0300";"";"";"";"";"";"";"";"";"";"";"";"";"";"";"";"";""
"22/06/2023";"0400";"";"";"";"";"";"";"";"";"";"";"";"";"";"";"";"";""
"22/06/2023";"0500";"";"";"";"";"";"";"";"";"";"";"";"";"";"";"";"";""
"22/06/2023";"0600";"";"";"";"";"";"";"";"";"";"";"";"";"";"";"";"";""
"22/06/2023";"0700";"";"";"";"";"";"";"";"";"";"";"";"";"";"";"";"";""
"22/06/2023";"0800";"";"";"";"";"";"";"";"";"";"";"";"";"";"";"";"";""
"22/06/2023";"0900";"";"";"";"";"";"";"";"";"";"";"";"";"";"";"";"";""
"22/06/2023";"1000";"";"";"";"";"";"";"";"";"";"";"";"";"";"";"";"";""
"22/06/2023";"1100";"";"";"";"";"";"";"";"";"";"";"";"";"";"";"";"";""
"22/06/2023";"1200";"";"";"";"";"";"";"";"";"";"";"";"";"";"";"";"";""
"22/06/2023";"1300";"";"";"";"";"";"";"";"";"";"";"";"";"";"";"";"";""
"22/06/2023";"1400";"";"";"";"";"";"";"";"";"";"";"";"";"";"";"";"";""
"22/06/2023";"1500";"";"";"";"";"";"";"";"";"";"";"";"";"";"";"";"";""
"22/06/2023";"1600";"";"";"";"";"";"";"";"";"";"";"";"";"";"";"";"";""
"22/06/2023";"1700";"";"";"";"";"";"";"";"";"";"";"";"";"";"";"";"";""
"22/06/2023";"1800";"";"";"";"";"";"";"";"";"";"";"";"";"";"";"";"";""
"22/06/2023";"1900";"";"";"";"";"";"";"";"";"";"";"";"";"";"";"";"";""
"22/06/2023";"2000";"";"";"";"";"";"";"";"";"";"";"";"";"";"";"";"";""
"22/06/2023";"2100";"";"";"";"";"";"";"";"";"";"";"";"";"";"";"";"";""
"22/06/2023";"2200";"";"";"";"";"";"";"";"";"";"";"";"";"";"";"";"";""
"22/06/2023";"2300";"";"";"";"";"";"";"";"";"";"";"";"";"";"";"";"";""
"23/06/2023";"0000";"";"";"";"";"";"";"";"";"";"";"";"";"";"";"";"";""
"23/06/2023";"0100";"";"";"";"";"";"";"";"";"";"";"";"";"";"";"";"";""
"23/06/2023";"0200";"";"";"";"";"";"";"";"";"";"";"";"";"";"";"";"";""
"23/06/2023";"0300";"";"";"";"";"";"";"";"";"";"";"";"";"";"";"";"";""
"23/06/2023";"0400";"";"";"";"";"";"";"";"";"";"";"";"";"";"";"";"";""
"23/06/2023";"0500";"";"";"";"";"";"";"";"";"";"";"";"";"";"";"";"";""
"23/06/2023";"0600";"";"";"";"";"";"";"";"";"";"";"";"";"";"";"";"";""
"23/06/2023";"0700";"";"";"";"";"";"";"";"";"";"";"";"";"";"";"";"";""
"23/06/2023";"0800";"";"";"";"";"";"";"";"";"";"";"";"";"";"";"";"";""
"23/06/2023";"0900";"";"";"";"";"";"";"";"";"";"";"";"";"";"";"";"";""
"23/06/2023";"1000";"";"";"";"";"";"";"";"";"";"";"";"";"";"";"";"";""
"23/06/2023";"1100";"";"";"";"";"";"";"";"";"";"";"";"";"";"";"";"";""
"23/06/2023";"1200";"";"";"";"";"";"";"";"";"";"";"";"";"";"";"";"";""
"23/06/2023";"1300";"";"";"";"";"";"";"";"";"";"";"";"";"";"";"";"";""
"23/06/2023";"1400";"";"";"";"";"";"";"";"";"";"";"";"";"";"";"";"";""
"23/06/2023";"1500";"";"";"";"";"";"";"";"";"";"";"";"";"";"";"";"";""
"23/06/2023";"1600";"";"";"";"";"";"";"";"";"";"";"";"";"";"";"";"";""
"23/06/2023";"1700";"";"";"";"";"";"";"";"";"";"";"";"";"";"";"";"";""
"23/06/2023";"1800";"";"";"";"";"";"";"";"";"";"";"";"";"";"";"";"";""
"23/06/2023";"1900";"";"";"";"";"";"";"";"";"";"";"";"";"";"";"";"";""
"23/06/2023";"2000";"";"";"";"";"";"";"";"";"";"";"";"";"";"";"";"";""
"23/06/2023";"2100";"";"";"";"";"";"";"";"";"";"";"";"";"";"";"";"";""
"23/06/2023";"2200";"";"";"";"";"";"";"";"";"";"";"";"";"";"";"";"";""
"23/06/2023";"2300";"";"";"";"";"";"";"";"";"";"";"";"";"";"";"";"";""
"24/06/2023";"0000";"";"";"";"";"";"";"";"";"";"";"";"";"";"";"";"";""
"24/06/2023";"0100";"";"";"";"";"";"";"";"";"";"";"";"";"";"";"";"";""
"24/06/2023";"0200";"";"";"";"";"";"";"";"";"";"";"";"";"";"";"";"";""
"24/06/2023";"0300";"";"";"";"";"";"";"";"";"";"";"";"";"";"";"";"";""
"24/06/2023";"0400";"";"";"";"";"";"";"";"";"";"";"";"";"";"";"";"";""
"24/06/2023";"0500";"";"";"";"";"";"";"";"";"";"";"";"";"";"";"";"";""
"24/06/2023";"0600";"";"";"";"";"";"";"";"";"";"";"";"";"";"";"";"";""
"24/06/2023";"0700";"";"";"";"";"";"";"";"";"";"";"";"";"";"";"";"";""
"24/06/2023";"0800";"";"";"";"";"";"";"";"";"";"";"";"";"";"";"";"";""
"24/06/2023";"0900";"";"";"";"";"";"";"";"";"";"";"";"";"";"";"";"";""
"24/06/2023";"1000";"";"";"";"";"";"";"";"";"";"";"";"";"";"";"";"";""
"24/06/2023";"1100";"";"";"";"";"";"";"";"";"";"";"";"";"";"";"";"";""
"24/06/2023";"1200";"";"";"";"";"";"";"";"";"";"";"";"";"";"";"";"";""
"24/06/2023";"1300";"";"";"";"";"";"";"";"";"";"";"";"";"";"";"";"";""
"24/06/2023";"1400";"";"";"";"";"";"";"";"";"";"";"";"";"";"";"";"";""
"24/06/2023";"1500";"";"";"";"";"";"";"";"";"";"";"";"";"";"";"";"";""
"24/06/2023";"1600";"";"";"";"";"";"";"";"";"";"";"";"";"";"";"";"";""
"24/06/2023";"1700";"";"";"";"";"";"";"";"";"";"";"";"";"";"";"";"";""
"24/06/2023";"1800";"";"";"";"";"";"";"";"";"";"";"";"";"";"";"";"";""
"24/06/2023";"1900";"";"";"";"";"";"";"";"";"";"";"";"";"";"";"";"";""
"24/06/2023";"2000";"";"";"";"";"";"";"";"";"";"";"";"";"";"";"";"";""
"24/06/2023";"2100";"";"";"";"";"";"";"";"";"";"";"";"";"";"";"";"";""
"24/06/2023";"2200";"";"";"";"";"";"";"";"";"";"";"";"";"";"";"";"";""
"24/06/2023";"2300";"";"";"";"";"";"";"";"";"";"";"";"";"";"";"";"";""
"25/06/2023";"0000";"";"";"";"";"";"";"";"";"";"";"";"";"";"";"";"";""
"25/06/2023";"0100";"";"";"";"";"";"";"";"";"";"";"";"";"";"";"";"";""
"25/06/2023";"0200";"";"";"";"";"";"";"";"";"";"";"";"";"";"";"";"";""
"25/06/2023";"0300";"";"";"";"";"";"";"";"";"";"";"";"";"";"";"";"";""
"25/06/2023";"0400";"";"";"";"";"";"";"";"";"";"";"";"";"";"";"";"";""
"25/06/2023";"0500";"";"";"";"";"";"";"";"";"";"";"";"";"";"";"";"";""
"25/06/2023";"0600";"";"";"";"";"";"";"";"";"";"";"";"";"";"";"";"";""
"25/06/2023";"0700";"";"";"";"";"";"";"";"";"";"";"";"";"";"";"";"";""
"25/06/2023";"0800";"";"";"";"";"";"";"";"";"";"";"";"";"";"";"";"";""
"25/06/2023";"0900";"";"";"";"";"";"";"";"";"";"";"";"";"";"";"";"";""
"25/06/2023";"1000";"";"";"";"";"";"";"";"";"";"";"";"";"";"";"";"";""
"25/06/2023";"1100";"";"";"";"";"";"";"";"";"";"";"";"";"";"";"";"";""
"25/06/2023";"1200";"";"";"";"";"";"";"";"";"";"";"";"";"";"";"";"";""
"25/06/2023";"1300";"";"";"";"";"";"";"";"";"";"";"";"";"";"";"";"";""
"25/06/2023";"1400";"";"";"";"";"";"";"";"";"";"";"";"";"";"";"";"";""
"25/06/2023";"1500";"";"";"";"";"";"";"";"";"";"";"";"";"";"";"";"";""
"25/06/2023";"1600";"";"";"";"";"";"";"";"";"";"";"";"";"";"";"";"";""
"25/06/2023";"1700";"";"";"";"";"";"";"";"";"";"";"";"";"";"";"";"";""
"25/06/2023";"1800";"";"";"";"";"";"";"";"";"";"";"";"";"";"";"";"";""
"25/06/2023";"1900";"";"";"";"";"";"";"";"";"";"";"";"";"";"";"";"";""
"25/06/2023";"2000";"";"";"";"";"";"";"";"";"";"";"";"";"";"";"";"";""
"25/06/2023";"2100";"";"";"";"";"";"";"";"";"";"";"";"";"";"";"";"";""
"25/06/2023";"2200";"";"";"";"";"";"";"";"";"";"";"";"";"";"";"";"";""
"25/06/2023";"2300";"";"";"";"";"";"";"";"";"";"";"";"";"";"";"";"";""
"26/06/2023";"0000";"";"";"";"";"";"";"";"";"";"";"";"";"";"";"";"";""
"26/06/2023";"0100";"";"";"";"";"";"";"";"";"";"";"";"";"";"";"";"";""
"26/06/2023";"0200";"";"";"";"";"";"";"";"";"";"";"";"";"";"";"";"";""
"26/06/2023";"0300";"";"";"";"";"";"";"";"";"";"";"";"";"";"";"";"";""
"26/06/2023";"0400";"";"";"";"";"";"";"";"";"";"";"";"";"";"";"";"";""
"26/06/2023";"0500";"";"";"";"";"";"";"";"";"";"";"";"";"";"";"";"";""
"26/06/2023";"0600";"";"";"";"";"";"";"";"";"";"";"";"";"";"";"";"";""
"26/06/2023";"0700";"";"";"";"";"";"";"";"";"";"";"";"";"";"";"";"";""
"26/06/2023";"0800";"";"";"";"";"";"";"";"";"";"";"";"";"";"";"";"";""
"26/06/2023";"0900";"";"";"";"";"";"";"";"";"";"";"";"";"";"";"";"";""
"26/06/2023";"1000";"";"";"";"";"";"";"";"";"";"";"";"";"";"";"";"";""
"26/06/2023";"1100";"";"";"";"";"";"";"";"";"";"";"";"";"";"";"";"";""
"26/06/2023";"1200";"25,4";"";"";"80,0";"";"";"21,7";"";"";"995,0";"";"";"1,1";"236,0";"";"591,70";"0,0"
"26/06/2023";"1300";"28,1";"28,1";"25,3";"65,0";"80,0";"65,0";"20,9";"21,8";"20,5";"995,2";"995,3";"995,0";"2,5";"242,0";"5,5";"1611,40";"0,0"
"26/06/2023";"1400";"29,3";"29,6";"28,1";"58,0";"65,0";"56,0";"20,1";"21,0";"19,7";"995,5";"995,5";"995,2";"3,1";"263,0";"7,5";"2232,20";"0,0"
"26/06/2023";"1500";"";"";"";"";"";"";"";"";"";"";"";"";"";"";"";"";""
"26/06/2023";"1600";"";"";"";"";"";"";"";"";"";"";"";"";"";"";"";"";""
"26/06/2023";"1700";"30,2";"";"";"53,0";"";"";"19,7";"";"";"993,4";"";"";"2,5";"234,0";"";"4535,70";"0,2"
"26/06/2023";"1800";"";"";"";"";"";"";"";"";"";"";"";"";"";"";"";"";""
"26/06/2023";"1900";"";"";"";"";"";"";"";"";"";"";"";"";"";"";"";"";""
"26/06/2023";"2000";"";"";"";"";"";"";"";"";"";"";"";"";"";"";"";"";""
"26/06/2023";"2100";"";"";"";"";"";"";"";"";"";"";"";"";"";"";"";"";""
"26/06/2023";"2200";"";"";"";"";"";"";"";"";"";"";"";"";"";"";"";"";""
"26/06/2023";"2300";"";"";"";"";"";"";"";"";"";"";"";"";"";"";"";"";""
"27/06/2023";"0000";"";"";"";"";"";"";"";"";"";"";"";"";"";"";"";"";""
"27/06/2023";"0100";"";"";"";"";"";"";"";"";"";"";"";"";"";"";"";"";""
"27/06/2023";"0200";"";"";"";"";"";"";"";"";"";"";"";"";"";"";"";"";""
"27/06/2023";"0300";"";"";"";"";"";"";"";"";"";"";"";"";"";"";"";"";""
"27/06/2023";"0400";"";"";"";"";"";"";"";"";"";"";"";"";"";"";"";"";""
"27/06/2023";"0500";"";"";"";"";"";"";"";"";"";"";"";"";"";"";"";"";""
"27/06/2023";"0600";"";"";"";"";"";"";"";"";"";"";"";"";"";"";"";"";""
"27/06/2023";"0700";"";"";"";"";"";"";"";"";"";"";"";"";"";"";"";"";""
"27/06/2023";"0800";"";"";"";"";"";"";"";"";"";"";"";"";"";"";"";"";""
"27/06/2023";"0900";"";"";"";"";"";"";"";"";"";"";"";"";"";"";"";"";""
"27/06/2023";"1000";"";"";"";"";"";"";"";"";"";"";"";"";"";"";"";"";""
"27/06/2023";"1100";"";"";"";"";"";"";"";"";"";"";"";"";"";"";"";"";""
"27/06/2023";"1200";"";"";"";"";"";"";"";"";"";"";"";"";"";"";"";"";""
"27/06/2023";"1300";"";"";"";"";"";"";"";"";"";"";"";"";"";"";"";"";""
"27/06/2023";"1400";"";"";"";"";"";"";"";"";"";"";"";"";"";"";"";"";""
"27/06/2023";"1500";"";"";"";"";"";"";"";"";"";"";"";"";"";"";"";"";""
"27/06/2023";"1600";"";"";"";"";"";"";"";"";"";"";"";"";"";"";"";"";""
"27/06/2023";"1700";"";"";"";"";"";"";"";"";"";"";"";"";"";"";"";"";""
"27/06/2023";"1800";"";"";"";"";"";"";"";"";"";"";"";"";"";"";"";"";""
"27/06/2023";"1900";"";"";"";"";"";"";"";"";"";"";"";"";"";"";"";"";""
"27/06/2023";"2000";"";"";"";"";"";"";"";"";"";"";"";"";"";"";"";"";""
"27/06/2023";"2100";"";"";"";"";"";"";"";"";"";"";"";"";"";"";"";"";""
"27/06/2023";"2200";"";"";"";"";"";"";"";"";"";"";"";"";"";"";"";"";""
"27/06/2023";"2300";"";"";"";"";"";"";"";"";"";"";"";"";"";"";"";"";""
"28/06/2023";"0000";"";"";"";"";"";"";"";"";"";"";"";"";"";"";"";"";""
"28/06/2023";"0100";"";"";"";"";"";"";"";"";"";"";"";"";"";"";"";"";""
"28/06/2023";"0200";"";"";"";"";"";"";"";"";"";"";"";"";"";"";"";"";""
"28/06/2023";"0300";"";"";"";"";"";"";"";"";"";"";"";"";"";"";"";"";""
"28/06/2023";"0400";"";"";"";"";"";"";"";"";"";"";"";"";"";"";"";"";""
"28/06/2023";"0500";"";"";"";"";"";"";"";"";"";"";"";"";"";"";"";"";""
"28/06/2023";"0600";"";"";"";"";"";"";"";"";"";"";"";"";"";"";"";"";""
"28/06/2023";"0700";"";"";"";"";"";"";"";"";"";"";"";"";"";"";"";"";""
"28/06/2023";"0800";"";"";"";"";"";"";"";"";"";"";"";"";"";"";"";"";""
"28/06/2023";"0900";"";"";"";"";"";"";"";"";"";"";"";"";"";"";"";"";""
"28/06/2023";"1000";"";"";"";"";"";"";"";"";"";"";"";"";"";"";"";"";""
"28/06/2023";"1100";"";"";"";"";"";"";"";"";"";"";"";"";"";"";"";"";""
"28/06/2023";"1200";"";"";"";"";"";"";"";"";"";"";"";"";"";"";"";"";""
"28/06/2023";"1300";"";"";"";"";"";"";"";"";"";"";"";"";"";"";"";"";""
"28/06/2023";"1400";"";"";"";"";"";"";"";"";"";"";"";"";"";"";"";"";""
"28/06/2023";"1500";"";"";"";"";"";"";"";"";"";"";"";"";"";"";"";"";""
"28/06/2023";"1600";"";"";"";"";"";"";"";"";"";"";"";"";"";"";"";"";""
"28/06/2023";"1700";"";"";"";"";"";"";"";"";"";"";"";"";"";"";"";"";""
"28/06/2023";"1800";"";"";"";"";"";"";"";"";"";"";"";"";"";"";"";"";""
"28/06/2023";"1900";"";"";"";"";"";"";"";"";"";"";"";"";"";"";"";"";""
"28/06/2023";"2000";"";"";"";"";"";"";"";"";"";"";"";"";"";"";"";"";""
"28/06/2023";"2100";"";"";"";"";"";"";"";"";"";"";"";"";"";"";"";"";""
"28/06/2023";"2200";"";"";"";"";"";"";"";"";"";"";"";"";"";"";"";"";""
"28/06/2023";"2300";"";"";"";"";"";"";"";"";"";"";"";"";"";"";"";"";""
"29/06/2023";"0000";"";"";"";"";"";"";"";"";"";"";"";"";"";"";"";"";""
"29/06/2023";"0100";"";"";"";"";"";"";"";"";"";"";"";"";"";"";"";"";""
"29/06/2023";"0200";"";"";"";"";"";"";"";"";"";"";"";"";"";"";"";"";""
"29/06/2023";"0300";"";"";"";"";"";"";"";"";"";"";"";"";"";"";"";"";""
"29/06/2023";"0400";"";"";"";"";"";"";"";"";"";"";"";"";"";"";"";"";""
"29/06/2023";"0500";"";"";"";"";"";"";"";"";"";"";"";"";"";"";"";"";""
"29/06/2023";"0600";"";"";"";"";"";"";"";"";"";"";"";"";"";"";"";"";""
"29/06/2023";"0700";"";"";"";"";"";"";"";"";"";"";"";"";"";"";"";"";""
"29/06/2023";"0800";"";"";"";"";"";"";"";"";"";"";"";"";"";"";"";"";""
"29/06/2023";"0900";"";"";"";"";"";"";"";"";"";"";"";"";"";"";"";"";""
"29/06/2023";"1000";"";"";"";"";"";"";"";"";"";"";"";"";"";"";"";"";""
"29/06/2023";"1100";"";"";"";"";"";"";"";"";"";"";"";"";"";"";"";"";""
"29/06/2023";"1200";"";"";"";"";"";"";"";"";"";"";"";"";"";"";"";"";""
"29/06/2023";"1300";"";"";"";"";"";"";"";"";"";"";"";"";"";"";"";"";""
"29/06/2023";"1400";"";"";"";"";"";"";"";"";"";"";"";"";"";"";"";"";""
"29/06/2023";"1500";"";"";"";"";"";"";"";"";"";"";"";"";"";"";"";"";""
"29/06/2023";"1600";"";"";"";"";"";"";"";"";"";"";"";"";"";"";"";"";""
"29/06/2023";"1700";"";"";"";"";"";"";"";"";"";"";"";"";"";"";"";"";""
"29/06/2023";"1800";"";"";"";"";"";"";"";"";"";"";"";"";"";"";"";"";""
"29/06/2023";"1900";"";"";"";"";"";"";"";"";"";"";"";"";"";"";"";"";""
"29/06/2023";"2000";"";"";"";"";"";"";"";"";"";"";"";"";"";"";"";"";""
"29/06/2023";"2100";"";"";"";"";"";"";"";"";"";"";"";"";"";"";"";"";""
"29/06/2023";"2200";"";"";"";"";"";"";"";"";"";"";"";"";"";"";"";"";""
"29/06/2023";"2300";"";"";"";"";"";"";"";"";"";"";"";"";"";"";"";"";""
"30/06/2023";"0000";"";"";"";"";"";"";"";"";"";"";"";"";"";"";"";"";""
"30/06/2023";"0100";"";"";"";"";"";"";"";"";"";"";"";"";"";"";"";"";""
"30/06/2023";"0200";"";"";"";"";"";"";"";"";"";"";"";"";"";"";"";"";""
"30/06/2023";"0300";"";"";"";"";"";"";"";"";"";"";"";"";"";"";"";"";""
"30/06/2023";"0400";"";"";"";"";"";"";"";"";"";"";"";"";"";"";"";"";""
"30/06/2023";"0500";"";"";"";"";"";"";"";"";"";"";"";"";"";"";"";"";""
"30/06/2023";"0600";"";"";"";"";"";"";"";"";"";"";"";"";"";"";"";"";""
"30/06/2023";"0700";"";"";"";"";"";"";"";"";"";"";"";"";"";"";"";"";""
"30/06/2023";"0800";"";"";"";"";"";"";"";"";"";"";"";"";"";"";"";"";""
"30/06/2023";"0900";"";"";"";"";"";"";"";"";"";"";"";"";"";"";"";"";""
"30/06/2023";"1000";"";"";"";"";"";"";"";"";"";"";"";"";"";"";"";"";""
"30/06/2023";"1100";"";"";"";"";"";"";"";"";"";"";"";"";"";"";"";"";""
"30/06/2023";"1200";"";"";"";"";"";"";"";"";"";"";"";"";"";"";"";"";""
"30/06/2023";"1300";"";"";"";"";"";"";"";"";"";"";"";"";"";"";"";"";""
"30/06/2023";"1400";"";"";"";"";"";"";"";"";"";"";"";"";"";"";"";"";""
"30/06/2023";"1500";"";"";"";"";"";"";"";"";"";"";"";"";"";"";"";"";""
"30/06/2023";"1600";"";"";"";"";"";"";"";"";"";"";"";"";"";"";"";"";""
"30/06/2023";"1700";"";"";"";"";"";"";"";"";"";"";"";"";"";"";"";"";""
"30/06/2023";"1800";"";"";"";"";"";"";"";"";"";"";"";"";"";"";"";"";""
"30/06/2023";"1900";"";"";"";"";"";"";"";"";"";"";"";"";"";"";"";"";""
"30/06/2023";"2000";"";"";"";"";"";"";"";"";"";"";"";"";"";"";"";"";""
"30/06/2023";"2100";"";"";"";"";"";"";"";"";"";"";"";"";"";"";"";"";""
"30/06/2023";"2200";"";"";"";"";"";"";"";"";"";"";"";"";"";"";"";"";""
"30/06/2023";"2300";"";"";"";"";"";"";"";"";"";"";"";"";"";"";"";"";""
"01/07/2023";"0000";"";"";"";"";"";"";"";"";"";"";"";"";"";"";"";"";""
"01/07/2023";"0100";"";"";"";"";"";"";"";"";"";"";"";"";"";"";"";"";""
"01/07/2023";"0200";"";"";"";"";"";"";"";"";"";"";"";"";"";"";"";"";""
"01/07/2023";"0300";"";"";"";"";"";"";"";"";"";"";"";"";"";"";"";"";""
"01/07/2023";"0400";"";"";"";"";"";"";"";"";"";"";"";"";"";"";"";"";""
"01/07/2023";"0500";"";"";"";"";"";"";"";"";"";"";"";"";"";"";"";"";""
"01/07/2023";"0600";"";"";"";"";"";"";"";"";"";"";"";"";"";"";"";"";""
"01/07/2023";"0700";"";"";"";"";"";"";"";"";"";"";"";"";"";"";"";"";""
"01/07/2023";"0800";"";"";"";"";"";"";"";"";"";"";"";"";"";"";"";"";""
"01/07/2023";"0900";"";"";"";"";"";"";"";"";"";"";"";"";"";"";"";"";""
"01/07/2023";"1000";"";"";"";"";"";"";"";"";"";"";"";"";"";"";"";"";""
"01/07/2023";"1100";"";"";"";"";"";"";"";"";"";"";"";"";"";"";"";"";""
"01/07/2023";"1200";"";"";"";"";"";"";"";"";"";"";"";"";"";"";"";"";""
"01/07/2023";"1300";"";"";"";"";"";"";"";"";"";"";"";"";"";"";"";"";""
"01/07/2023";"1400";"";"";"";"";"";"";"";"";"";"";"";"";"";"";"";"";""
"01/07/2023";"1500";"";"";"";"";"";"";"";"";"";"";"";"";"";"";"";"";""
"01/07/2023";"1600";"";"";"";"";"";"";"";"";"";"";"";"";"";"";"";"";""
"01/07/2023";"1700";"";"";"";"";"";"";"";"";"";"";"";"";"";"";"";"";""
"01/07/2023";"1800";"";"";"";"";"";"";"";"";"";"";"";"";"";"";"";"";""
"01/07/2023";"1900";"";"";"";"";"";"";"";"";"";"";"";"";"";"";"";"";""
"01/07/2023";"2000";"";"";"";"";"";"";"";"";"";"";"";"";"";"";"";"";""
"01/07/2023";"2100";"";"";"";"";"";"";"";"";"";"";"";"";"";"";"";"";""
"01/07/2023";"2200";"";"";"";"";"";"";"";"";"";"";"";"";"";"";"";"";""
"01/07/2023";"2300";"";"";"";"";"";"";"";"";"";"";"";"";"";"";"";"";""
"02/07/2023";"0000";"";"";"";"";"";"";"";"";"";"";"";"";"";"";"";"";""
"02/07/2023";"0100";"";"";"";"";"";"";"";"";"";"";"";"";"";"";"";"";""
"02/07/2023";"0200";"";"";"";"";"";"";"";"";"";"";"";"";"";"";"";"";""
"02/07/2023";"0300";"";"";"";"";"";"";"";"";"";"";"";"";"";"";"";"";""
"02/07/2023";"0400";"";"";"";"";"";"";"";"";"";"";"";"";"";"";"";"";""
"02/07/2023";"0500";"";"";"";"";"";"";"";"";"";"";"";"";"";"";"";"";""
"02/07/2023";"0600";"";"";"";"";"";"";"";"";"";"";"";"";"";"";"";"";""
"02/07/2023";"0700";"";"";"";"";"";"";"";"";"";"";"";"";"";"";"";"";""
"02/07/2023";"0800";"";"";"";"";"";"";"";"";"";"";"";"";"";"";"";"";""
"02/07/2023";"0900";"";"";"";"";"";"";"";"";"";"";"";"";"";"";"";"";""
"02/07/2023";"1000";"";"";"";"";"";"";"";"";"";"";"";"";"";"";"";"";""
"02/07/2023";"1100";"";"";"";"";"";"";"";"";"";"";"";"";"";"";"";"";""
"02/07/2023";"1200";"";"";"";"";"";"";"";"";"";"";"";"";"";"";"";"";""
"02/07/2023";"1300";"";"";"";"";"";"";"";"";"";"";"";"";"";"";"";"";""
"02/07/2023";"1400";"";"";"";"";"";"";"";"";"";"";"";"";"";"";"";"";""
"02/07/2023";"1500";"";"";"";"";"";"";"";"";"";"";"";"";"";"";"";"";""
"02/07/2023";"1600";"";"";"";"";"";"";"";"";"";"";"";"";"";"";"";"";""
"02/07/2023";"1700";"";"";"";"";"";"";"";"";"";"";"";"";"";"";"";"";""
"02/07/2023";"1800";"";"";"";"";"";"";"";"";"";"";"";"";"";"";"";"";""
"02/07/2023";"1900";"";"";"";"";"";"";"";"";"";"";"";"";"";"";"";"";""
"02/07/2023";"2000";"";"";"";"";"";"";"";"";"";"";"";"";"";"";"";"";""
"02/07/2023";"2100";"";"";"";"";"";"";"";"";"";"";"";"";"";"";"";"";""
"02/07/2023";"2200";"";"";"";"";"";"";"";"";"";"";"";"";"";"";"";"";""
"02/07/2023";"2300";"";"";"";"";"";"";"";"";"";"";"";"";"";"";"";"";""
"03/07/2023";"0000";"";"";"";"";"";"";"";"";"";"";"";"";"";"";"";"";""
"03/07/2023";"0100";"";"";"";"";"";"";"";"";"";"";"";"";"";"";"";"";""
"03/07/2023";"0200";"";"";"";"";"";"";"";"";"";"";"";"";"";"";"";"";""
"03/07/2023";"0300";"";"";"";"";"";"";"";"";"";"";"";"";"";"";"";"";""
"03/07/2023";"0400";"";"";"";"";"";"";"";"";"";"";"";"";"";"";"";"";""
"03/07/2023";"0500";"";"";"";"";"";"";"";"";"";"";"";"";"";"";"";"";""
"03/07/2023";"0600";"";"";"";"";"";"";"";"";"";"";"";"";"";"";"";"";""
"03/07/2023";"0700";"";"";"";"";"";"";"";"";"";"";"";"";"";"";"";"";""
"03/07/2023";"0800";"";"";"";"";"";"";"";"";"";"";"";"";"";"";"";"";""
"03/07/2023";"0900";"";"";"";"";"";"";"";"";"";"";"";"";"";"";"";"";""
"03/07/2023";"1000";"";"";"";"";"";"";"";"";"";"";"";"";"";"";"";"";""
"03/07/2023";"1100";"";"";"";"";"";"";"";"";"";"";"";"";"";"";"";"";""
"03/07/2023";"1200";"";"";"";"";"";"";"";"";"";"";"";"";"";"";"";"";""
"03/07/2023";"1300";"";"";"";"";"";"";"";"";"";"";"";"";"";"";"";"";""
"03/07/2023";"1400";"";"";"";"";"";"";"";"";"";"";"";"";"";"";"";"";""
"03/07/2023";"1500";"";"";"";"";"";"";"";"";"";"";"";"";"";"";"";"";""
"03/07/2023";"1600";"";"";"";"";"";"";"";"";"";"";"";"";"";"";"";"";""
"03/07/2023";"1700";"";"";"";"";"";"";"";"";"";"";"";"";"";"";"";"";""
"03/07/2023";"1800";"";"";"";"";"";"";"";"";"";"";"";"";"";"";"";"";""
"03/07/2023";"1900";"";"";"";"";"";"";"";"";"";"";"";"";"";"";"";"";""
"03/07/2023";"2000";"";"";"";"";"";"";"";"";"";"";"";"";"";"";"";"";""
"03/07/2023";"2100";"";"";"";"";"";"";"";"";"";"";"";"";"";"";"";"";""
"03/07/2023";"2200";"";"";"";"";"";"";"";"";"";"";"";"";"";"";"";"";""
"03/07/2023";"2300";"";"";"";"";"";"";"";"";"";"";"";"";"";"";"";"";""
"04/07/2023";"0000";"";"";"";"";"";"";"";"";"";"";"";"";"";"";"";"";""
"04/07/2023";"0100";"";"";"";"";"";"";"";"";"";"";"";"";"";"";"";"";""
"04/07/2023";"0200";"";"";"";"";"";"";"";"";"";"";"";"";"";"";"";"";""
"04/07/2023";"0300";"";"";"";"";"";"";"";"";"";"";"";"";"";"";"";"";""
"04/07/2023";"0400";"";"";"";"";"";"";"";"";"";"";"";"";"";"";"";"";""
"04/07/2023";"0500";"";"";"";"";"";"";"";"";"";"";"";"";"";"";"";"";""
"04/07/2023";"0600";"";"";"";"";"";"";"";"";"";"";"";"";"";"";"";"";""
"04/07/2023";"0700";"";"";"";"";"";"";"";"";"";"";"";"";"";"";"";"";""
"04/07/2023";"0800";"";"";"";"";"";"";"";"";"";"";"";"";"";"";"";"";""
"04/07/2023";"0900";"";"";"";"";"";"";"";"";"";"";"";"";"";"";"";"";""
"04/07/2023";"1000";"";"";"";"";"";"";"";"";"";"";"";"";"";"";"";"";""
"04/07/2023";"1100";"";"";"";"";"";"";"";"";"";"";"";"";"";"";"";"";""
"04/07/2023";"1200";"";"";"";"";"";"";"";"";"";"";"";"";"";"";"";"";""
"04/07/2023";"1300";"";"";"";"";"";"";"";"";"";"";"";"";"";"";"";"";""
"04/07/2023";"1400";"";"";"";"";"";"";"";"";"";"";"";"";"";"";"";"";""
"04/07/2023";"1500";"";"";"";"";"";"";"";"";"";"";"";"";"";"";"";"";""
"04/07/2023";"1600";"";"";"";"";"";"";"";"";"";"";"";"";"";"";"";"";""
"04/07/2023";"1700";"";"";"";"";"";"";"";"";"";"";"";"";"";"";"";"";""
"04/07/2023";"1800";"";"";"";"";"";"";"";"";"";"";"";"";"";"";"";"";""
"04/07/2023";"1900";"";"";"";"";"";"";"";"";"";"";"";"";"";"";"";"";""
"04/07/2023";"2000";"";"";"";"";"";"";"";"";"";"";"";"";"";"";"";"";""
"04/07/2023";"2100";"";"";"";"";"";"";"";"";"";"";"";"";"";"";"";"";""
"04/07/2023";"2200";"";"";"";"";"";"";"";"";"";"";"";"";"";"";"";"";""
"04/07/2023";"2300";"";"";"";"";"";"";"";"";"";"";"";"";"";"";"";"";""
"05/07/2023";"0000";"";"";"";"";"";"";"";"";"";"";"";"";"";"";"";"";""
"05/07/2023";"0100";"";"";"";"";"";"";"";"";"";"";"";"";"";"";"";"";""
"05/07/2023";"0200";"";"";"";"";"";"";"";"";"";"";"";"";"";"";"";"";""
"05/07/2023";"0300";"";"";"";"";"";"";"";"";"";"";"";"";"";"";"";"";""
"05/07/2023";"0400";"";"";"";"";"";"";"";"";"";"";"";"";"";"";"";"";""
"05/07/2023";"0500";"";"";"";"";"";"";"";"";"";"";"";"";"";"";"";"";""
"05/07/2023";"0600";"";"";"";"";"";"";"";"";"";"";"";"";"";"";"";"";""
"05/07/2023";"0700";"";"";"";"";"";"";"";"";"";"";"";"";"";"";"";"";""
"05/07/2023";"0800";"";"";"";"";"";"";"";"";"";"";"";"";"";"";"";"";""
"05/07/2023";"0900";"";"";"";"";"";"";"";"";"";"";"";"";"";"";"";"";""
"05/07/2023";"1000";"";"";"";"";"";"";"";"";"";"";"";"";"";"";"";"";""
"05/07/2023";"1100";"";"";"";"";"";"";"";"";"";"";"";"";"";"";"";"";""
"05/07/2023";"1200";"";"";"";"";"";"";"";"";"";"";"";"";"";"";"";"";""
"05/07/2023";"1300";"";"";"";"";"";"";"";"";"";"";"";"";"";"";"";"";""
"05/07/2023";"1400";"";"";"";"";"";"";"";"";"";"";"";"";"";"";"";"";""
"05/07/2023";"1500";"";"";"";"";"";"";"";"";"";"";"";"";"";"";"";"";""
"05/07/2023";"1600";"";"";"";"";"";"";"";"";"";"";"";"";"";"";"";"";""
"05/07/2023";"1700";"";"";"";"";"";"";"";"";"";"";"";"";"";"";"";"";""
"05/07/2023";"1800";"";"";"";"";"";"";"";"";"";"";"";"";"";"";"";"";""
"05/07/2023";"1900";"";"";"";"";"";"";"";"";"";"";"";"";"";"";"";"";""
"05/07/2023";"2000";"";"";"";"";"";"";"";"";"";"";"";"";"";"";"";"";""
"05/07/2023";"2100";"";"";"";"";"";"";"";"";"";"";"";"";"";"";"";"";""
"05/07/2023";"2200";"";"";"";"";"";"";"";"";"";"";"";"";"";"";"";"";""
"05/07/2023";"2300";"";"";"";"";"";"";"";"";"";"";"";"";"";"";"";"";""
"06/07/2023";"0000";"";"";"";"";"";"";"";"";"";"";"";"";"";"";"";"";""
"06/07/2023";"0100";"";"";"";"";"";"";"";"";"";"";"";"";"";"";"";"";""
"06/07/2023";"0200";"";"";"";"";"";"";"";"";"";"";"";"";"";"";"";"";""
"06/07/2023";"0300";"";"";"";"";"";"";"";"";"";"";"";"";"";"";"";"";""
"06/07/2023";"0400";"";"";"";"";"";"";"";"";"";"";"";"";"";"";"";"";""
"06/07/2023";"0500";"";"";"";"";"";"";"";"";"";"";"";"";"";"";"";"";""
"06/07/2023";"0600";"";"";"";"";"";"";"";"";"";"";"";"";"";"";"";"";""
"06/07/2023";"0700";"";"";"";"";"";"";"";"";"";"";"";"";"";"";"";"";""
"06/07/2023";"0800";"";"";"";"";"";"";"";"";"";"";"";"";"";"";"";"";""
"06/07/2023";"0900";"";"";"";"";"";"";"";"";"";"";"";"";"";"";"";"";""
"06/07/2023";"1000";"";"";"";"";"";"";"";"";"";"";"";"";"";"";"";"";""
"06/07/2023";"1100";"";"";"";"";"";"";"";"";"";"";"";"";"";"";"";"";""
"06/07/2023";"1200";"";"";"";"";"";"";"";"";"";"";"";"";"";"";"";"";""
"06/07/2023";"1300";"";"";"";"";"";"";"";"";"";"";"";"";"";"";"";"";""
"06/07/2023";"1400";"";"";"";"";"";"";"";"";"";"";"";"";"";"";"";"";""
"06/07/2023";"1500";"";"";"";"";"";"";"";"";"";"";"";"";"";"";"";"";""
"06/07/2023";"1600";"";"";"";"";"";"";"";"";"";"";"";"";"";"";"";"";""
"06/07/2023";"1700";"";"";"";"";"";"";"";"";"";"";"";"";"";"";"";"";""
"06/07/2023";"1800";"";"";"";"";"";"";"";"";"";"";"";"";"";"";"";"";""
"06/07/2023";"1900";"";"";"";"";"";"";"";"";"";"";"";"";"";"";"";"";""
"06/07/2023";"2000";"";"";"";"";"";"";"";"";"";"";"";"";"";"";"";"";""
"06/07/2023";"2100";"";"";"";"";"";"";"";"";"";"";"";"";"";"";"";"";""
"06/07/2023";"2200";"";"";"";"";"";"";"";"";"";"";"";"";"";"";"";"";""
"06/07/2023";"2300";"";"";"";"";"";"";"";"";"";"";"";"";"";"";"";"";""
"07/07/2023";"0000";"";"";"";"";"";"";"";"";"";"";"";"";"";"";"";"";""
"07/07/2023";"0100";"";"";"";"";"";"";"";"";"";"";"";"";"";"";"";"";""
"07/07/2023";"0200";"";"";"";"";"";"";"";"";"";"";"";"";"";"";"";"";""
"07/07/2023";"0300";"";"";"";"";"";"";"";"";"";"";"";"";"";"";"";"";""
"07/07/2023";"0400";"";"";"";"";"";"";"";"";"";"";"";"";"";"";"";"";""
"07/07/2023";"0500";"";"";"";"";"";"";"";"";"";"";"";"";"";"";"";"";""
"07/07/2023";"0600";"";"";"";"";"";"";"";"";"";"";"";"";"";"";"";"";""
"07/07/2023";"0700";"";"";"";"";"";"";"";"";"";"";"";"";"";"";"";"";""
"07/07/2023";"0800";"";"";"";"";"";"";"";"";"";"";"";"";"";"";"";"";""
"07/07/2023";"0900";"";"";"";"";"";"";"";"";"";"";"";"";"";"";"";"";""
"07/07/2023";"1000";"";"";"";"";"";"";"";"";"";"";"";"";"";"";"";"";""
"07/07/2023";"1100";"";"";"";"";"";"";"";"";"";"";"";"";"";"";"";"";""
"07/07/2023";"1200";"";"";"";"";"";"";"";"";"";"";"";"";"";"";"";"";""
"07/07/2023";"1300";"";"";"";"";"";"";"";"";"";"";"";"";"";"";"";"";""
"07/07/2023";"1400";"";"";"";"";"";"";"";"";"";"";"";"";"";"";"";"";""
"07/07/2023";"1500";"";"";"";"";"";"";"";"";"";"";"";"";"";"";"";"";""
"07/07/2023";"1600";"";"";"";"";"";"";"";"";"";"";"";"";"";"";"";"";""
"07/07/2023";"1700";"";"";"";"";"";"";"";"";"";"";"";"";"";"";"";"";""
"07/07/2023";"1800";"";"";"";"";"";"";"";"";"";"";"";"";"";"";"";"";""
"07/07/2023";"1900";"";"";"";"";"";"";"";"";"";"";"";"";"";"";"";"";""
"07/07/2023";"2000";"";"";"";"";"";"";"";"";"";"";"";"";"";"";"";"";""
"07/07/2023";"2100";"";"";"";"";"";"";"";"";"";"";"";"";"";"";"";"";""
"07/07/2023";"2200";"";"";"";"";"";"";"";"";"";"";"";"";"";"";"";"";""
"07/07/2023";"2300";"";"";"";"";"";"";"";"";"";"";"";"";"";"";"";"";""
"08/07/2023";"0000";"";"";"";"";"";"";"";"";"";"";"";"";"";"";"";"";""
"08/07/2023";"0100";"";"";"";"";"";"";"";"";"";"";"";"";"";"";"";"";""
"08/07/2023";"0200";"";"";"";"";"";"";"";"";"";"";"";"";"";"";"";"";""
"08/07/2023";"0300";"";"";"";"";"";"";"";"";"";"";"";"";"";"";"";"";""
"08/07/2023";"0400";"";"";"";"";"";"";"";"";"";"";"";"";"";"";"";"";""
"08/07/2023";"0500";"";"";"";"";"";"";"";"";"";"";"";"";"";"";"";"";""
"08/07/2023";"0600";"";"";"";"";"";"";"";"";"";"";"";"";"";"";"";"";""
"08/07/2023";"0700";"";"";"";"";"";"";"";"";"";"";"";"";"";"";"";"";""
"08/07/2023";"0800";"";"";"";"";"";"";"";"";"";"";"";"";"";"";"";"";""
"08/07/2023";"0900";"";"";"";"";"";"";"";"";"";"";"";"";"";"";"";"";""
"08/07/2023";"1000";"";"";"";"";"";"";"";"";"";"";"";"";"";"";"";"";""
"08/07/2023";"1100";"";"";"";"";"";"";"";"";"";"";"";"";"";"";"";"";""
"08/07/2023";"1200";"";"";"";"";"";"";"";"";"";"";"";"";"";"";"";"";""
"08/07/2023";"1300";"";"";"";"";"";"";"";"";"";"";"";"";"";"";"";"";""
"08/07/2023";"1400";"";"";"";"";"";"";"";"";"";"";"";"";"";"";"";"";""
"08/07/2023";"1500";"";"";"";"";"";"";"";"";"";"";"";"";"";"";"";"";""
"08/07/2023";"1600";"";"";"";"";"";"";"";"";"";"";"";"";"";"";"";"";""
"08/07/2023";"1700";"";"";"";"";"";"";"";"";"";"";"";"";"";"";"";"";""
"08/07/2023";"1800";"";"";"";"";"";"";"";"";"";"";"";"";"";"";"";"";""
"08/07/2023";"1900";"";"";"";"";"";"";"";"";"";"";"";"";"";"";"";"";""
"08/07/2023";"2000";"";"";"";"";"";"";"";"";"";"";"";"";"";"";"";"";""
"08/07/2023";"2100";"";"";"";"";"";"";"";"";"";"";"";"";"";"";"";"";""
"08/07/2023";"2200";"";"";"";"";"";"";"";"";"";"";"";"";"";"";"";"";""
"08/07/2023";"2300";"";"";"";"";"";"";"";"";"";"";"";"";"";"";"";"";""
"09/07/2023";"0000";"";"";"";"";"";"";"";"";"";"";"";"";"";"";"";"";""
"09/07/2023";"0100";"";"";"";"";"";"";"";"";"";"";"";"";"";"";"";"";""
"09/07/2023";"0200";"";"";"";"";"";"";"";"";"";"";"";"";"";"";"";"";""
"09/07/2023";"0300";"";"";"";"";"";"";"";"";"";"";"";"";"";"";"";"";""
"09/07/2023";"0400";"";"";"";"";"";"";"";"";"";"";"";"";"";"";"";"";""
"09/07/2023";"0500";"";"";"";"";"";"";"";"";"";"";"";"";"";"";"";"";""
"09/07/2023";"0600";"";"";"";"";"";"";"";"";"";"";"";"";"";"";"";"";""
"09/07/2023";"0700";"";"";"";"";"";"";"";"";"";"";"";"";"";"";"";"";""
"09/07/2023";"0800";"";"";"";"";"";"";"";"";"";"";"";"";"";"";"";"";""
"09/07/2023";"0900";"";"";"";"";"";"";"";"";"";"";"";"";"";"";"";"";""
"09/07/2023";"1000";"";"";"";"";"";"";"";"";"";"";"";"";"";"";"";"";""
"09/07/2023";"1100";"";"";"";"";"";"";"";"";"";"";"";"";"";"";"";"";""
"09/07/2023";"1200";"";"";"";"";"";"";"";"";"";"";"";"";"";"";"";"";""
"09/07/2023";"1300";"";"";"";"";"";"";"";"";"";"";"";"";"";"";"";"";""
"09/07/2023";"1400";"";"";"";"";"";"";"";"";"";"";"";"";"";"";"";"";""
"09/07/2023";"1500";"";"";"";"";"";"";"";"";"";"";"";"";"";"";"";"";""
"09/07/2023";"1600";"";"";"";"";"";"";"";"";"";"";"";"";"";"";"";"";""
"09/07/2023";"1700";"";"";"";"";"";"";"";"";"";"";"";"";"";"";"";"";""
"09/07/2023";"1800";"";"";"";"";"";"";"";"";"";"";"";"";"";"";"";"";""
"09/07/2023";"1900";"";"";"";"";"";"";"";"";"";"";"";"";"";"";"";"";""
"09/07/2023";"2000";"";"";"";"";"";"";"";"";"";"";"";"";"";"";"";"";""
"09/07/2023";"2100";"";"";"";"";"";"";"";"";"";"";"";"";"";"";"";"";""
"09/07/2023";"2200";"";"";"";"";"";"";"";"";"";"";"";"";"";"";"";"";""
"09/07/2023";"2300";"";"";"";"";"";"";"";"";"";"";"";"";"";"";"";"";""
"10/07/2023";"0000";"";"";"";"";"";"";"";"";"";"";"";"";"";"";"";"";""
"10/07/2023";"0100";"";"";"";"";"";"";"";"";"";"";"";"";"";"";"";"";""
"10/07/2023";"0200";"";"";"";"";"";"";"";"";"";"";"";"";"";"";"";"";""
"10/07/2023";"0300";"";"";"";"";"";"";"";"";"";"";"";"";"";"";"";"";""
"10/07/2023";"0400";"";"";"";"";"";"";"";"";"";"";"";"";"";"";"";"";""
"10/07/2023";"0500";"";"";"";"";"";"";"";"";"";"";"";"";"";"";"";"";""
"10/07/2023";"0600";"";"";"";"";"";"";"";"";"";"";"";"";"";"";"";"";""
"10/07/2023";"0700";"";"";"";"";"";"";"";"";"";"";"";"";"";"";"";"";""
"10/07/2023";"0800";"";"";"";"";"";"";"";"";"";"";"";"";"";"";"";"";""
"10/07/2023";"0900";"";"";"";"";"";"";"";"";"";"";"";"";"";"";"";"";""
"10/07/2023";"1000";"";"";"";"";"";"";"";"";"";"";"";"";"";"";"";"";""
"10/07/2023";"1100";"";"";"";"";"";"";"";"";"";"";"";"";"";"";"";"";""
"10/07/2023";"1200";"";"";"";"";"";"";"";"";"";"";"";"";"";"";"";"";""
"10/07/2023";"1300";"";"";"";"";"";"";"";"";"";"";"";"";"";"";"";"";""
"10/07/2023";"1400";"";"";"";"";"";"";"";"";"";"";"";"";"";"";"";"";""
"10/07/2023";"1500";"";"";"";"";"";"";"";"";"";"";"";"";"";"";"";"";""
"10/07/2023";"1600";"";"";"";"";"";"";"";"";"";"";"";"";"";"";"";"";""
"10/07/2023";"1700";"";"";"";"";"";"";"";"";"";"";"";"";"";"";"";"";""
"10/07/2023";"1800";"";"";"";"";"";"";"";"";"";"";"";"";"";"";"";"";""
"10/07/2023";"1900";"";"";"";"";"";"";"";"";"";"";"";"";"";"";"";"";""
"10/07/2023";"2000";"";"";"";"";"";"";"";"";"";"";"";"";"";"";"";"";""
"10/07/2023";"2100";"";"";"";"";"";"";"";"";"";"";"";"";"";"";"";"";""
"10/07/2023";"2200";"";"";"";"";"";"";"";"";"";"";"";"";"";"";"";"";""
"10/07/2023";"2300";"";"";"";"";"";"";"";"";"";"";"";"";"";"";"";"";""
"11/07/2023";"0000";"";"";"";"";"";"";"";"";"";"";"";"";"";"";"";"";""
"11/07/2023";"0100";"";"";"";"";"";"";"";"";"";"";"";"";"";"";"";"";""
"11/07/2023";"0200";"";"";"";"";"";"";"";"";"";"";"";"";"";"";"";"";""
"11/07/2023";"0300";"";"";"";"";"";"";"";"";"";"";"";"";"";"";"";"";""
"11/07/2023";"0400";"";"";"";"";"";"";"";"";"";"";"";"";"";"";"";"";""
"11/07/2023";"0500";"";"";"";"";"";"";"";"";"";"";"";"";"";"";"";"";""
"11/07/2023";"0600";"";"";"";"";"";"";"";"";"";"";"";"";"";"";"";"";""
"11/07/2023";"0700";"";"";"";"";"";"";"";"";"";"";"";"";"";"";"";"";""
"11/07/2023";"0800";"";"";"";"";"";"";"";"";"";"";"";"";"";"";"";"";""
"11/07/2023";"0900";"";"";"";"";"";"";"";"";"";"";"";"";"";"";"";"";""
"11/07/2023";"1000";"";"";"";"";"";"";"";"";"";"";"";"";"";"";"";"";""
"11/07/2023";"1100";"";"";"";"";"";"";"";"";"";"";"";"";"";"";"";"";""
"11/07/2023";"1200";"";"";"";"";"";"";"";"";"";"";"";"";"";"";"";"";""
"11/07/2023";"1300";"";"";"";"";"";"";"";"";"";"";"";"";"";"";"";"";""
"11/07/2023";"1400";"";"";"";"";"";"";"";"";"";"";"";"";"";"";"";"";""
"11/07/2023";"1500";"";"";"";"";"";"";"";"";"";"";"";"";"";"";"";"";""
"11/07/2023";"1600";"";"";"";"";"";"";"";"";"";"";"";"";"";"";"";"";""
"11/07/2023";"1700";"";"";"";"";"";"";"";"";"";"";"";"";"";"";"";"";""
"11/07/2023";"1800";"";"";"";"";"";"";"";"";"";"";"";"";"";"";"";"";""
"11/07/2023";"1900";"";"";"";"";"";"";"";"";"";"";"";"";"";"";"";"";""
"11/07/2023";"2000";"";"";"";"";"";"";"";"";"";"";"";"";"";"";"";"";""
"11/07/2023";"2100";"";"";"";"";"";"";"";"";"";"";"";"";"";"";"";"";""
"11/07/2023";"2200";"";"";"";"";"";"";"";"";"";"";"";"";"";"";"";"";""
"11/07/2023";"2300";"";"";"";"";"";"";"";"";"";"";"";"";"";"";"";"";""
"12/07/2023";"0000";"";"";"";"";"";"";"";"";"";"";"";"";"";"";"";"";""
"12/07/2023";"0100";"";"";"";"";"";"";"";"";"";"";"";"";"";"";"";"";""
"12/07/2023";"0200";"";"";"";"";"";"";"";"";"";"";"";"";"";"";"";"";""
"12/07/2023";"0300";"";"";"";"";"";"";"";"";"";"";"";"";"";"";"";"";""
"12/07/2023";"0400";"";"";"";"";"";"";"";"";"";"";"";"";"";"";"";"";""
"12/07/2023";"0500";"";"";"";"";"";"";"";"";"";"";"";"";"";"";"";"";""
"12/07/2023";"0600";"";"";"";"";"";"";"";"";"";"";"";"";"";"";"";"";""
"12/07/2023";"0700";"";"";"";"";"";"";"";"";"";"";"";"";"";"";"";"";""
"12/07/2023";"0800";"";"";"";"";"";"";"";"";"";"";"";"";"";"";"";"";""
"12/07/2023";"0900";"";"";"";"";"";"";"";"";"";"";"";"";"";"";"";"";""
"12/07/2023";"1000";"";"";"";"";"";"";"";"";"";"";"";"";"";"";"";"";""
"12/07/2023";"1100";"";"";"";"";"";"";"";"";"";"";"";"";"";"";"";"";""
"12/07/2023";"1200";"";"";"";"";"";"";"";"";"";"";"";"";"";"";"";"";""
"12/07/2023";"1300";"";"";"";"";"";"";"";"";"";"";"";"";"";"";"";"";""
"12/07/2023";"1400";"";"";"";"";"";"";"";"";"";"";"";"";"";"";"";"";""
"12/07/2023";"1500";"";"";"";"";"";"";"";"";"";"";"";"";"";"";"";"";""
"12/07/2023";"1600";"";"";"";"";"";"";"";"";"";"";"";"";"";"";"";"";""
"12/07/2023";"1700";"";"";"";"";"";"";"";"";"";"";"";"";"";"";"";"";""
"12/07/2023";"1800";"";"";"";"";"";"";"";"";"";"";"";"";"";"";"";"";""
"12/07/2023";"1900";"";"";"";"";"";"";"";"";"";"";"";"";"";"";"";"";""
"12/07/2023";"2000";"";"";"";"";"";"";"";"";"";"";"";"";"";"";"";"";""
"12/07/2023";"2100";"";"";"";"";"";"";"";"";"";"";"";"";"";"";"";"";""
"12/07/2023";"2200";"";"";"";"";"";"";"";"";"";"";"";"";"";"";"";"";""
"12/07/2023";"2300";"";"";"";"";"";"";"";"";"";"";"";"";"";"";"";"";""
"13/07/2023";"0000";"";"";"";"";"";"";"";"";"";"";"";"";"";"";"";"";""
"13/07/2023";"0100";"";"";"";"";"";"";"";"";"";"";"";"";"";"";"";"";""
"13/07/2023";"0200";"";"";"";"";"";"";"";"";"";"";"";"";"";"";"";"";""
"13/07/2023";"0300";"";"";"";"";"";"";"";"";"";"";"";"";"";"";"";"";""
"13/07/2023";"0400";"";"";"";"";"";"";"";"";"";"";"";"";"";"";"";"";""
"13/07/2023";"0500";"";"";"";"";"";"";"";"";"";"";"";"";"";"";"";"";""
"13/07/2023";"0600";"";"";"";"";"";"";"";"";"";"";"";"";"";"";"";"";""
"13/07/2023";"0700";"";"";"";"";"";"";"";"";"";"";"";"";"";"";"";"";""
"13/07/2023";"0800";"";"";"";"";"";"";"";"";"";"";"";"";"";"";"";"";""
"13/07/2023";"0900";"";"";"";"";"";"";"";"";"";"";"";"";"";"";"";"";""
"13/07/2023";"1000";"";"";"";"";"";"";"";"";"";"";"";"";"";"";"";"";""
"13/07/2023";"1100";"";"";"";"";"";"";"";"";"";"";"";"";"";"";"";"";""
"13/07/2023";"1200";"";"";"";"";"";"";"";"";"";"";"";"";"";"";"";"";""
"13/07/2023";"1300";"";"";"";"";"";"";"";"";"";"";"";"";"";"";"";"";""
"13/07/2023";"1400";"";"";"";"";"";"";"";"";"";"";"";"";"";"";"";"";""
"13/07/2023";"1500";"";"";"";"";"";"";"";"";"";"";"";"";"";"";"";"";""
"13/07/2023";"1600";"";"";"";"";"";"";"";"";"";"";"";"";"";"";"";"";""
"13/07/2023";"1700";"";"";"";"";"";"";"";"";"";"";"";"";"";"";"";"";""
"13/07/2023";"1800";"";"";"";"";"";"";"";"";"";"";"";"";"";"";"";"";""
"13/07/2023";"1900";"";"";"";"";"";"";"";"";"";"";"";"";"";"";"";"";""
"13/07/2023";"2000";"";"";"";"";"";"";"";"";"";"";"";"";"";"";"";"";""
"13/07/2023";"2100";"";"";"";"";"";"";"";"";"";"";"";"";"";"";"";"";""
"13/07/2023";"2200";"";"";"";"";"";"";"";"";"";"";"";"";"";"";"";"";""
"13/07/2023";"2300";"";"";"";"";"";"";"";"";"";"";"";"";"";"";"";"";""
"14/07/2023";"0000";"";"";"";"";"";"";"";"";"";"";"";"";"";"";"";"";""
"14/07/2023";"0100";"";"";"";"";"";"";"";"";"";"";"";"";"";"";"";"";""
"14/07/2023";"0200";"";"";"";"";"";"";"";"";"";"";"";"";"";"";"";"";""
"14/07/2023";"0300";"";"";"";"";"";"";"";"";"";"";"";"";"";"";"";"";""
"14/07/2023";"0400";"";"";"";"";"";"";"";"";"";"";"";"";"";"";"";"";""
"14/07/2023";"0500";"";"";"";"";"";"";"";"";"";"";"";"";"";"";"";"";""
"14/07/2023";"0600";"";"";"";"";"";"";"";"";"";"";"";"";"";"";"";"";""
"14/07/2023";"0700";"";"";"";"";"";"";"";"";"";"";"";"";"";"";"";"";""
"14/07/2023";"0800";"";"";"";"";"";"";"";"";"";"";"";"";"";"";"";"";""
"14/07/2023";"0900";"";"";"";"";"";"";"";"";"";"";"";"";"";"";"";"";""
"14/07/2023";"1000";"";"";"";"";"";"";"";"";"";"";"";"";"";"";"";"";""
"14/07/2023";"1100";"";"";"";"";"";"";"";"";"";"";"";"";"";"";"";"";""
"14/07/2023";"1200";"";"";"";"";"";"";"";"";"";"";"";"";"";"";"";"";""
"14/07/2023";"1300";"";"";"";"";"";"";"";"";"";"";"";"";"";"";"";"";""
"14/07/2023";"1400";"";"";"";"";"";"";"";"";"";"";"";"";"";"";"";"";""
"14/07/2023";"1500";"";"";"";"";"";"";"";"";"";"";"";"";"";"";"";"";""
"14/07/2023";"1600";"";"";"";"";"";"";"";"";"";"";"";"";"";"";"";"";""
"14/07/2023";"1700";"";"";"";"";"";"";"";"";"";"";"";"";"";"";"";"";""
"14/07/2023";"1800";"";"";"";"";"";"";"";"";"";"";"";"";"";"";"";"";""
"14/07/2023";"1900";"";"";"";"";"";"";"";"";"";"";"";"";"";"";"";"";""
"14/07/2023";"2000";"";"";"";"";"";"";"";"";"";"";"";"";"";"";"";"";""
"14/07/2023";"2100";"";"";"";"";"";"";"";"";"";"";"";"";"";"";"";"";""
"14/07/2023";"2200";"";"";"";"";"";"";"";"";"";"";"";"";"";"";"";"";""
"14/07/2023";"2300";"";"";"";"";"";"";"";"";"";"";"";"";"";"";"";"";""
"15/07/2023";"0000";"";"";"";"";"";"";"";"";"";"";"";"";"";"";"";"";""
"15/07/2023";"0100";"";"";"";"";"";"";"";"";"";"";"";"";"";"";"";"";""
"15/07/2023";"0200";"";"";"";"";"";"";"";"";"";"";"";"";"";"";"";"";""
"15/07/2023";"0300";"";"";"";"";"";"";"";"";"";"";"";"";"";"";"";"";""
"15/07/2023";"0400";"";"";"";"";"";"";"";"";"";"";"";"";"";"";"";"";""
"15/07/2023";"0500";"";"";"";"";"";"";"";"";"";"";"";"";"";"";"";"";""
"15/07/2023";"0600";"";"";"";"";"";"";"";"";"";"";"";"";"";"";"";"";""
"15/07/2023";"0700";"";"";"";"";"";"";"";"";"";"";"";"";"";"";"";"";""
"15/07/2023";"0800";"";"";"";"";"";"";"";"";"";"";"";"";"";"";"";"";""
"15/07/2023";"0900";"";"";"";"";"";"";"";"";"";"";"";"";"";"";"";"";""
"15/07/2023";"1000";"";"";"";"";"";"";"";"";"";"";"";"";"";"";"";"";""
"15/07/2023";"1100";"";"";"";"";"";"";"";"";"";"";"";"";"";"";"";"";""
"15/07/2023";"1200";"";"";"";"";"";"";"";"";"";"";"";"";"";"";"";"";""
"15/07/2023";"1300";"";"";"";"";"";"";"";"";"";"";"";"";"";"";"";"";""
"15/07/2023";"1400";"";"";"";"";"";"";"";"";"";"";"";"";"";"";"";"";""
"15/07/2023";"1500";"";"";"";"";"";"";"";"";"";"";"";"";"";"";"";"";""
"15/07/2023";"1600";"";"";"";"";"";"";"";"";"";"";"";"";"";"";"";"";""
"15/07/2023";"1700";"";"";"";"";"";"";"";"";"";"";"";"";"";"";"";"";""
"15/07/2023";"1800";"";"";"";"";"";"";"";"";"";"";"";"";"";"";"";"";""
"15/07/2023";"1900";"";"";"";"";"";"";"";"";"";"";"";"";"";"";"";"";""
"15/07/2023";"2000";"";"";"";"";"";"";"";"";"";"";"";"";"";"";"";"";""
"15/07/2023";"2100";"";"";"";"";"";"";"";"";"";"";"";"";"";"";"";"";""
"15/07/2023";"2200";"";"";"";"";"";"";"";"";"";"";"";"";"";"";"";"";""
"15/07/2023";"2300";"";"";"";"";"";"";"";"";"";"";"";"";"";"";"";"";""
"16/07/2023";"0000";"";"";"";"";"";"";"";"";"";"";"";"";"";"";"";"";""
"16/07/2023";"0100";"";"";"";"";"";"";"";"";"";"";"";"";"";"";"";"";""
"16/07/2023";"0200";"";"";"";"";"";"";"";"";"";"";"";"";"";"";"";"";""
"16/07/2023";"0300";"";"";"";"";"";"";"";"";"";"";"";"";"";"";"";"";""
"16/07/2023";"0400";"";"";"";"";"";"";"";"";"";"";"";"";"";"";"";"";""
"16/07/2023";"0500";"";"";"";"";"";"";"";"";"";"";"";"";"";"";"";"";""
"16/07/2023";"0600";"";"";"";"";"";"";"";"";"";"";"";"";"";"";"";"";""
"16/07/2023";"0700";"";"";"";"";"";"";"";"";"";"";"";"";"";"";"";"";""
"16/07/2023";"0800";"";"";"";"";"";"";"";"";"";"";"";"";"";"";"";"";""
"16/07/2023";"0900";"";"";"";"";"";"";"";"";"";"";"";"";"";"";"";"";""
"16/07/2023";"1000";"";"";"";"";"";"";"";"";"";"";"";"";"";"";"";"";""
"16/07/2023";"1100";"";"";"";"";"";"";"";"";"";"";"";"";"";"";"";"";""
"16/07/2023";"1200";"";"";"";"";"";"";"";"";"";"";"";"";"";"";"";"";""
"16/07/2023";"1300";"";"";"";"";"";"";"";"";"";"";"";"";"";"";"";"";""
"16/07/2023";"1400";"26,7";"26,9";"25,0";"77,0";"83,0";"74,0";"22,3";"22,8";"21,0";"996,3";"996,4";"995,8";"3,3";"234,0";"5,6";"1476,30";"0,0"
"16/07/2023";"1500";"26,6";"27,5";"25,8";"75,0";"79,0";"73,0";"21,8";"22,8";"21,3";"995,7";"996,4";"995,7";"1,7";"200,0";"5,2";"1318,50";"0,2"
"16/07/2023";"1600";"27,7";"27,8";"26,6";"69,0";"75,0";"69,0";"21,5";"22,0";"21,1";"995,2";"995,7";"995,2";"1,7";"217,0";"4,4";"1507,90";"0,0"
"16/07/2023";"1700";"30,1";"30,1";"27,6";"59,0";"70,0";"57,0";"21,1";"22,3";"20,8";"994,2";"995,2";"994,2";"2,0";"234,0";"3,7";"2098,20";"0,0"
"16/07/2023";"1800";"30,7";"31,3";"29,6";"56,0";"62,0";"55,0";"21,0";"22,2";"20,6";"993,1";"994,2";"993,1";"2,2";"254,0";"6,0";"2716,40";"0,0"
"16/07/2023";"1900";"31,4";"31,7";"29,8";"56,0";"60,0";"51,0";"21,6";"21,9";"20,2";"992,4";"993,1";"992,4";"2,2";"253,0";"5,0";"1882,80";"0,0"
"16/07/2023";"2000";"31,0";"31,6";"30,4";"54,0";"56,0";"50,0";"20,6";"21,1";"19,6";"991,9";"992,4";"991,8";"2,0";"248,0";"4,9";"1613,30";"0,2"
"16/07/2023";"2100";"29,4";"31,2";"29,4";"62,0";"62,0";"53,0";"21,2";"21,2";"20,0";"992,2";"992,2";"991,8";"1,7";"202,0";"4,6";"721,00";"0,0"
"16/07/2023";"2200";"27,0";"29,4";"27,0";"72,0";"72,0";"62,0";"21,6";"21,9";"21,3";"992,5";"992,5";"992,2";"1,6";"205,0";"3,5";"88,10";"0,0"
"16/07/2023";"2300";"26,2";"27,0";"26,1";"75,0";"76,0";"72,0";"21,5";"21,9";"21,4";"993,1";"993,1";"992,3";"0,4";"283,0";"2,8";"";"0,0"
"17/07/2023";"0000";"24,9";"26,2";"24,8";"74,0";"77,0";"73,0";"20,0";"21,6";"19,8";"993,9";"993,9";"993,1";"0,1";"278,0";"2,1";"";"0,0"
"17/07/2023";"0100";"24,0";"24,9";"24,0";"78,0";"78,0";"74,0";"20,0";"20,4";"19,9";"994,7";"994,7";"993,9";"0,0";"327,0";"1,6";"";"0,6"
"17/07/2023";"0200";"23,2";"24,3";"22,9";"80,0";"81,0";"77,0";"19,5";"20,0";"19,3";"994,6";"995,0";"994,6";"0,0";"323,0";"1,2";"";"0,0"
"17/07/2023";"0300";"22,4";"23,2";"22,2";"86,0";"86,0";"80,0";"20,0";"20,1";"19,4";"994,7";"994,7";"994,6";"1,2";"188,0";"1,6";"";"0,0"
"17/07/2023";"0400";"22,6";"22,6";"22,4";"91,0";"91,0";"86,0";"21,0";"21,0";"20,2";"994,8";"994,8";"994,7";"0,4";"187,0";"1,6";"";"0,0"
"17/07/2023";"0500";"21,7";"22,6";"21,6";"93,0";"93,0";"90,0";"20,4";"21,0";"20,4";"994,3";"994,9";"994,3";"0,6";"202,0";"1,3";"";"0,0"
"17/07/2023";"0600";"21,7";"21,9";"21,6";"94,0";"94,0";"93,0";"20,6";"20,9";"20,4";"994,2";"994,3";"994,2";"0,0";"240,0";"1,4";"";"0,0"
"17/07/2023";"0700";"21,3";"21,9";"21,2";"94,0";"94,0";"94,0";"20,4";"20,9";"20,1";"993,7";"994,2";"993,7";"0,8";"203,0";"1,8";"";"0,0"
"17/07/2023";"0800";"21,2";"21,3";"21,1";"95,0";"95,0";"94,0";"20,3";"20,4";"20,1";"993,7";"993,8";"993,6";"0,2";"280,0";"1,9";"";"0,0"
"17/07/2023";"0900";"21,0";"21,2";"20,9";"96,0";"96,0";"95,0";"20,3";"20,4";"20,1";"994,0";"994,0";"993,7";"0,0";"330,0";"0,9";"";"0,0"
"17/07/2023";"1000";"20,7";"21,2";"20,7";"96,0";"96,0";"96,0";"20,0";"20,5";"20,0";"994,6";"994,6";"994,0";"0,0";"300,0";"0,0";"";"0,0"
"17/07/2023";"1100";"21,5";"21,5";"20,6";"96,0";"96,0";"96,0";"20,8";"20,8";"19,9";"995,3";"995,3";"994,6";"0,0";"264,0";"0,0";"78,90";"0,0"
"17/07/2023";"1200";"24,3";"24,3";"21,6";"88,0";"96,0";"87,0";"22,2";"22,3";"20,8";"995,9";"995,9";"995,3";"0,4";"201,0";"1,3";"750,50";"0,0"
"17/07/2023";"1300";"27,6";"27,8";"24,3";"70,0";"88,0";"69,0";"21,7";"23,1";"21,3";"996,5";"996,6";"995,9";"1,1";"237,0";"2,6";"1469,40";"0,0"
"17/07/2023";"1400";"29,4";"29,7";"27,3";"63,0";"73,0";"62,0";"21,6";"22,5";"21,3";"996,7";"996,7";"996,5";"1,8";"219,0";"3,2";"2202,60";"0,4"
"17/07/2023";"1500";"31,1";"31,1";"29,4";"56,0";"63,0";"55,0";"21,2";"21,9";"20,7";"996,3";"996,7";"996,3";"2,2";"242,0";"4,6";"2761,50";"0,0"
"17/07/2023";"1600";"31,9";"32,4";"30,5";"47,0";"59,0";"47,0";"19,3";"22,0";"19,1";"995,6";"996,3";"995,5";"2,4";"236,0";"5,3";"2517,90";"0,2"
"17/07/2023";"1700";"32,5";"33,2";"31,2";"47,0";"50,0";"44,0";"19,5";"20,3";"18,5";"994,6";"995,6";"994,6";"3,2";"242,0";"6,3";"2753,90";"0,2"
"17/07/2023";"1800";"32,9";"33,2";"31,9";"44,0";"48,0";"42,0";"18,8";"20,1";"18,1";"993,5";"994,6";"993,5";"3,4";"246,0";"6,6";"2602,00";"0,2"
"17/07/2023";"1900";"32,4";"32,9";"32,1";"44,0";"46,0";"42,0";"18,6";"19,5";"17,8";"992,9";"993,5";"992,9";"3,1";"245,0";"6,5";"2098,40";"0,0"
"17/07/2023";"2000";"31,4";"33,0";"31,4";"47,0";"48,0";"42,0";"18,6";"19,2";"18,0";"992,5";"992,9";"992,5";"2,7";"230,0";"6,5";"1487,40";"0,0"
"17/07/2023";"2100";"31,1";"31,5";"30,9";"48,0";"50,0";"46,0";"18,8";"19,5";"18,3";"992,7";"992,8";"992,5";"2,3";"246,0";"5,2";"688,20";"0,0"
"17/07/2023";"2200";"28,9";"31,1";"28,9";"57,0";"57,0";"48,0";"19,6";"19,6";"18,7";"993,4";"993,5";"992,7";"1,1";"236,0";"4,8";"193,80";"0,0"
"17/07/2023";"2300";"27,3";"28,9";"27,1";"65,0";"66,0";"57,0";"20,1";"20,3";"19,4";"994,1";"994,1";"993,3";"0,3";"225,0";"1,8";"";"0,2"
"18/07/2023";"0000";"26,3";"27,4";"26,3";"70,0";"70,0";"64,0";"20,3";"20,3";"19,9";"994,6";"994,8";"994,1";"1,0";"188,0";"1,5";"";"0,0"
"18/07/2023";"0100";"25,5";"26,3";"25,2";"74,0";"74,0";"70,0";"20,6";"20,6";"20,2";"995,5";"995,5";"994,5";"0,5";"260,0";"1,9";"";"0,0"
"18/07/2023";"0200";"24,3";"25,5";"24,1";"82,0";"83,0";"74,0";"21,2";"21,2";"20,5";"995,8";"995,8";"995,5";"0,4";"231,0";"1,5";"";"0,0"
"18/07/2023";"0300";"24,5";"24,7";"24,0";"80,0";"82,0";"79,0";"20,8";"21,2";"20,6";"995,9";"996,1";"995,8";"0,0";"277,0";"2,1";"";"0,0"
"18/07/2023";"0400";"22,9";"24,5";"22,9";"87,0";"87,0";"80,0";"20,7";"20,9";"20,5";"995,8";"996,0";"995,7";"0,6";"184,0";"1,5";"";"0,0"
"18/07/2023";"0500";"22,9";"23,4";"22,9";"88,0";"88,0";"86,0";"20,8";"21,0";"20,6";"995,5";"995,8";"995,5";"0,3";"288,0";"1,5";"";"0,0"
"18/07/2023";"0600";"22,1";"22,9";"22,0";"91,0";"91,0";"88,0";"20,6";"20,9";"20,4";"995,1";"995,5";"995,1";"0,0";"213,0";"1,1";"";"0,0"
"18/07/2023";"0700";"21,7";"22,1";"21,6";"93,0";"93,0";"91,0";"20,5";"20,7";"20,4";"994,7";"995,1";"994,6";"0,5";"204,0";"1,2";"";"0,0"
"18/07/2023";"0800";"21,6";"21,7";"21,4";"95,0";"95,0";"93,0";"20,7";"20,8";"20,4";"994,9";"994,9";"994,7";"0,0";"334,0";"1,5";"";"0,4"
"18/07/2023";"0900";"21,4";"21,8";"21,3";"94,0";"95,0";"94,0";"20,4";"20,9";"20,4";"995,5";"995,5";"994,9";"0,0";"315,0";"1,0";"";"0,0"
"18/07/2023";"1000";"21,1";"21,4";"21,0";"95,0";"95,0";"94,0";"20,3";"20,5";"20,2";"996,2";"996,2";"995,5";"0,0";"248,0";"0,0";"";"0,0"
"18/07/2023";"1100";"21,6";"21,6";"21,0";"96,0";"96,0";"95,0";"20,9";"20,9";"20,2";"996,8";"996,8";"996,2";"0,8";"210,0";"1,6";"65,50";"0,0"
"18/07/2023";"1200";"24,4";"24,9";"21,6";"83,0";"96,0";"83,0";"21,4";"22,3";"20,9";"997,4";"997,4";"996,7";"0,4";"204,0";"1,8";"763,60";"0,0"
"18/07/2023";"1300";"27,5";"27,9";"24,4";"71,0";"85,0";"70,0";"21,7";"22,4";"21,5";"997,8";"997,8";"997,4";"0,9";"237,0";"2,1";"1511,80";"0,6"
"18/07/2023";"1400";"30,6";"30,6";"27,5";"56,0";"71,0";"56,0";"20,8";"22,8";"20,8";"998,0";"998,1";"997,8";"1,9";"265,0";"3,7";"2240,00";"0,0"
"18/07/2023";"1500";"32,0";"32,4";"30,4";"49,0";"58,0";"47,0";"19,9";"21,4";"19,1";"997,7";"998,0";"997,7";"2,5";"233,0";"5,5";"2746,90";"0,0"
"18/07/2023";"1600";"32,8";"33,0";"31,8";"40,0";"51,0";"40,0";"17,6";"20,7";"17,5";"997,0";"997,7";"997,0";"2,9";"258,0";"6,2";"2948,00";"0,0"
"18/07/2023";"1700";"33,8";"34,0";"32,8";"36,0";"44,0";"34,0";"16,4";"19,2";"15,3";"995,8";"997,0";"995,8";"4,0";"256,0";"8,9";"2996,50";"0,0"
"18/07/2023";"1800";"32,8";"34,0";"32,7";"36,0";"39,0";"33,0";"15,9";"17,6";"15,0";"995,0";"995,8";"995,0";"3,7";"248,0";"8,3";"2609,20";"0,2"
"18/07/2023";"1900";"32,2";"33,8";"32,2";"37,0";"39,0";"32,0";"15,7";"17,2";"14,3";"994,3";"995,0";"994,3";"2,9";"248,0";"7,6";"2050,70";"0,0"
"18/07/2023";"2000";"32,5";"33,4";"32,2";"37,0";"38,0";"34,0";"15,9";"16,4";"15,0";"994,0";"994,3";"994,0";"4,0";"264,0";"7,1";"1658,20";"0,0"
"18/07/2023";"2100";"31,4";"32,6";"31,4";"40,0";"41,0";"35,0";"16,2";"16,6";"15,2";"994,3";"994,3";"994,0";"2,3";"252,0";"6,8";"760,60";"0,0"
"18/07/2023";"2200";"29,0";"31,4";"29,0";"50,0";"50,0";"40,0";"17,6";"17,7";"16,2";"994,8";"994,8";"994,3";"1,6";"251,0";"3,9";"148,90";"0,0"
"18/07/2023";"2300";"27,2";"29,0";"27,2";"57,0";"57,0";"50,0";"18,0";"18,0";"17,6";"995,5";"995,5";"994,8";"0,9";"254,0";"2,8";"";"0,0"
"19/07/2023";"0000";"26,0";"27,2";"26,0";"63,0";"63,0";"57,0";"18,3";"18,3";"18,0";"996,2";"996,2";"995,5";"0,8";"241,0";"2,1";"";"0,0"
"19/07/2023";"0100";"24,4";"26,2";"24,4";"74,0";"74,0";"62,0";"19,4";"19,4";"18,2";"997,0";"997,0";"996,2";"0,6";"229,0";"1,8";"";"0,0"
"19/07/2023";"0200";"23,3";"24,4";"23,3";"76,0";"77,0";"74,0";"18,9";"19,6";"18,8";"997,3";"997,4";"997,0";"1,3";"187,0";"1,9";"";"0,0"
"19/07/2023";"0300";"22,5";"23,4";"22,5";"80,0";"80,0";"76,0";"18,9";"19,1";"18,9";"997,5";"997,6";"997,2";"0,0";"223,0";"2,1";"";"0,0"
"19/07/2023";"0400";"21,9";"22,8";"21,7";"86,0";"87,0";"80,0";"19,5";"19,5";"18,9";"997,1";"997,6";"997,1";"0,3";"188,0";"1,7";"";"0,0"
"19/07/2023";"0500";"21,0";"22,0";"21,0";"89,0";"89,0";"86,0";"19,2";"19,6";"19,0";"996,8";"997,1";"996,8";"0,0";"209,0";"0,9";"";"0,0"
"19/07/2023";"0600";"20,8";"21,2";"20,8";"90,0";"91,0";"89,0";"19,1";"19,5";"19,0";"996,5";"996,9";"996,5";"0,0";"298,0";"0,8";"";"0,0"
"19/07/2023";"0700";"20,7";"21,1";"20,5";"91,0";"91,0";"90,0";"19,2";"19,5";"19,0";"996,2";"996,5";"996,2";"0,0";"233,0";"0,7";"";"0,0"
"19/07/2023";"0800";"19,3";"20,8";"19,3";"94,0";"94,0";"91,0";"18,3";"19,3";"18,3";"996,3";"996,3";"996,1";"0,9";"196,0";"2,1";"";"0,0"
"19/07/2023";"0900";"19,8";"19,8";"19,2";"95,0";"95,0";"94,0";"18,9";"19,0";"18,3";"996,8";"996,8";"996,3";"0,8";"208,0";"1,8";"";"0,0"
"19/07/2023";"1000";"19,5";"19,9";"19,4";"95,0";"95,0";"94,0";"18,6";"19,0";"18,5";"997,4";"997,4";"996,8";"0,0";"233,0";"1,7";"";"0,8"
"19/07/2023";"1100";"20,2";"20,2";"19,4";"94,0";"95,0";"94,0";"19,2";"19,2";"18,5";"998,0";"998,0";"997,4";"0,7";"195,0";"1,6";"61,70";"0,0"
"19/07/2023";"1200";"23,0";"23,1";"20,2";"83,0";"94,0";"83,0";"20,1";"20,5";"19,1";"999,0";"999,0";"998,0";"0,8";"197,0";"3,1";"758,30";"0,0"
"19/07/2023";"1300";"27,0";"27,0";"23,0";"65,0";"84,0";"65,0";"19,8";"21,0";"19,6";"999,2";"999,3";"999,0";"1,5";"206,0";"3,1";"1485,60";"0,0"
"19/07/2023";"1400";"30,0";"30,0";"26,8";"54,0";"66,0";"53,0";"19,8";"20,4";"18,7";"999,1";"999,3";"999,0";"1,1";"217,0";"2,9";"2205,40";"0,0"
"19/07/2023";"1500";"31,8";"32,1";"30,1";"43,0";"54,0";"43,0";"17,8";"19,5";"17,3";"998,6";"999,1";"998,6";"2,9";"247,0";"5,4";"2710,20";"0,0"
"19/07/2023";"1600";"33,4";"33,5";"31,8";"35,0";"45,0";"35,0";"16,1";"18,9";"15,8";"997,9";"998,6";"997,9";"3,6";"280,0";"8,6";"3055,40";"0,0"
"19/07/2023";"1700";"32,0";"34,1";"32,0";"34,0";"40,0";"33,0";"14,2";"18,0";"14,2";"997,1";"997,9";"997,1";"3,6";"255,0";"8,2";"2906,00";"0,0"
"19/07/2023";"1800";"33,6";"34,2";"31,9";"32,0";"35,0";"30,0";"14,4";"15,7";"13,6";"996,3";"997,1";"996,3";"3,4";"280,0";"8,7";"2207,00";"0,0"
"19/07/2023";"1900";"33,0";"34,1";"32,5";"33,0";"35,0";"31,0";"14,8";"15,9";"13,8";"995,8";"996,3";"995,8";"3,6";"246,0";"8,7";"2311,90";"0,0"
"19/07/2023";"2000";"32,4";"33,2";"32,4";"35,0";"36,0";"33,0";"14,8";"15,4";"14,3";"995,4";"995,8";"995,4";"3,8";"249,0";"8,4";"1696,80";"0,0"
"19/07/2023";"2100";"31,4";"32,5";"31,4";"40,0";"40,0";"35,0";"16,0";"16,2";"14,9";"995,3";"995,4";"995,3";"2,3";"250,0";"6,3";"909,60";"0,0"
"19/07/2023";"2200";"28,9";"31,3";"28,9";"47,0";"48,0";"40,0";"16,6";"16,7";"15,9";"995,8";"995,8";"995,3";"1,1";"255,0";"4,8";"171,70";"0,0"
"19/07/2023";"2300";"27,0";"28,9";"27,0";"54,0";"54,0";"47,0";"17,0";"17,1";"16,5";"996,2";"996,2";"995,8";"0,8";"222,0";"2,1";"0,10";"0,0"
"20/07/2023";"0000";"25,7";"27,0";"25,5";"62,0";"64,0";"54,0";"17,8";"18,1";"17,0";"996,7";"996,7";"996,2";"0,5";"215,0";"2,0";"";"0,0"
"20/07/2023";"0100";"24,3";"25,7";"24,1";"69,0";"70,0";"62,0";"18,4";"18,5";"17,7";"997,4";"997,4";"996,7";"1,0";"205,0";"1,9";"";"0,0"
"20/07/2023";"0200";"23,2";"24,3";"23,2";"77,0";"77,0";"69,0";"18,9";"18,9";"18,4";"997,7";"997,7";"997,4";"0,8";"186,0";"1,9";"";"0,0"
"20/07/2023";"0300";"22,1";"23,2";"22,1";"79,0";"80,0";"76,0";"18,3";"19,0";"18,3";"997,7";"997,8";"997,7";"0,0";"277,0";"1,1";"";"0,0"
"20/07/2023";"0400";"21,7";"22,1";"21,5";"85,0";"86,0";"79,0";"19,1";"19,1";"18,3";"997,5";"997,7";"997,5";"0,0";"297,0";"0,6";"";"0,0"
"20/07/2023";"0500";"21,1";"21,7";"21,0";"88,0";"88,0";"85,0";"18,9";"19,1";"18,7";"997,1";"997,5";"997,1";"0,0";"298,0";"0,0";"";"0,8"
"20/07/2023";"0600";"19,9";"21,3";"19,9";"92,0";"92,0";"87,0";"18,6";"19,1";"18,3";"996,7";"997,2";"996,7";"0,1";"192,0";"1,8";"";"0,8"
"20/07/2023";"0700";"20,4";"20,4";"19,9";"91,0";"93,0";"91,0";"18,9";"19,1";"18,6";"996,5";"996,8";"996,5";"0,0";"333,0";"0,8";"";"0,2"
"20/07/2023";"0800";"20,0";"20,6";"19,6";"93,0";"93,0";"89,0";"18,8";"19,1";"18,2";"996,4";"996,6";"996,4";"0,0";"181,0";"0,9";"";"0,0"
"20/07/2023";"0900";"19,5";"20,0";"19,2";"95,0";"95,0";"93,0";"18,6";"18,8";"18,3";"996,6";"996,6";"996,4";"0,0";"193,0";"0,0";"";"0,2"
"20/07/2023";"1000";"19,1";"19,5";"18,8";"95,0";"95,0";"95,0";"18,3";"18,6";"17,9";"997,0";"997,0";"996,6";"0,0";"203,0";"0,0";"";"0,0"
"20/07/2023";"1100";"19,9";"19,9";"18,9";"95,0";"95,0";"95,0";"19,0";"19,0";"18,1";"997,5";"997,5";"997,0";"0,8";"215,0";"1,6";"59,20";"0,0"
"20/07/2023";"1200";"22,6";"22,6";"19,9";"84,0";"95,0";"84,0";"19,8";"19,8";"19,0";"998,5";"998,5";"997,5";"1,9";"210,0";"3,7";"735,30";"0,0"
"20/07/2023";"1300";"27,5";"27,5";"22,6";"64,0";"85,0";"64,0";"20,2";"20,8";"19,5";"998,9";"998,9";"998,5";"0,9";"229,0";"3,3";"1598,50";"0,0"
"20/07/2023";"1400";"29,7";"30,1";"27,1";"53,0";"66,0";"51,0";"19,1";"20,3";"18,8";"999,0";"999,1";"998,9";"1,6";"253,0";"2,8";"2312,70";"0,0"
"20/07/2023";"1500";"31,6";"31,6";"29,4";"46,0";"55,0";"44,0";"18,6";"19,6";"17,1";"998,5";"999,0";"998,5";"1,4";"237,0";"3,4";"2792,30";"0,0"
"20/07/2023";"1600";"32,7";"32,8";"31,4";"39,0";"47,0";"39,0";"17,1";"19,1";"16,6";"997,4";"998,5";"997,4";"1,3";"253,0";"5,0";"3047,00";"0,0"
"20/07/2023";"1700";"33,3";"33,8";"32,2";"33,0";"41,0";"31,0";"15,0";"17,6";"14,0";"996,4";"997,4";"996,4";"2,5";"233,0";"5,0";"3083,40";"0,0"
"20/07/2023";"1800";"32,2";"34,1";"32,2";"34,0";"36,0";"30,0";"14,5";"15,7";"13,7";"995,6";"996,4";"995,6";"2,4";"256,0";"6,3";"2522,20";"0,0"
"20/07/2023";"1900";"33,1";"33,8";"32,2";"35,0";"39,0";"31,0";"15,5";"16,9";"14,2";"994,9";"995,6";"994,9";"2,5";"220,0";"6,1";"2110,10";"0,0"
"20/07/2023";"2000";"31,2";"33,5";"31,2";"41,0";"42,0";"33,0";"16,3";"16,6";"14,9";"994,7";"994,9";"994,6";"1,7";"234,0";"5,4";"1266,20";"0,0"
"20/07/2023";"2100";"30,0";"31,2";"30,0";"45,0";"45,0";"41,0";"16,8";"17,2";"16,2";"994,8";"994,8";"994,6";"1,3";"253,0";"3,3";"392,70";"0,0"
"20/07/2023";"2200";"27,9";"30,0";"27,9";"53,0";"53,0";"45,0";"17,5";"17,5";"16,8";"994,9";"994,9";"994,8";"0,4";"223,0";"2,3";"96,40";"0,0"
"20/07/2023";"2300";"26,1";"27,9";"25,7";"64,0";"65,0";"53,0";"18,8";"18,8";"17,6";"995,3";"995,3";"994,9";"0,2";"203,0";"1,2";"";"0,0"
"21/07/2023";"0000";"24,3";"26,2";"24,3";"73,0";"74,0";"64,0";"19,3";"19,7";"18,8";"995,9";"995,9";"995,3";"0,4";"198,0";"1,0";"";"0,0"
"21/07/2023";"0100";"23,0";"24,5";"22,8";"83,0";"83,0";"72,0";"19,9";"19,9";"18,9";"996,4";"996,4";"995,9";"0,2";"191,0";"1,5";"";"0,0"
"21/07/2023";"0200";"22,6";"23,5";"22,5";"83,0";"83,0";"79,0";"19,5";"20,0";"19,4";"996,5";"996,5";"996,4";"0,3";"188,0";"1,3";"";"0,0"
"21/07/2023";"0300";"21,9";"22,6";"21,8";"85,0";"86,0";"83,0";"19,3";"19,6";"19,1";"996,8";"996,8";"996,5";"0,0";"248,0";"1,0";"";"0,0"
"21/07/2023";"0400";"21,1";"22,0";"21,1";"89,0";"89,0";"85,0";"19,3";"19,5";"19,1";"996,5";"996,9";"996,5";"0,0";"309,0";"0,0";"";"0,0"
"21/07/2023";"0500";"20,3";"21,4";"20,2";"91,0";"91,0";"89,0";"18,7";"19,7";"18,6";"996,0";"996,5";"996,0";"0,0";"192,0";"0,0";"";"0,0"
"21/07/2023";"0600";"19,9";"20,5";"19,9";"94,0";"94,0";"91,0";"18,9";"19,3";"18,8";"995,6";"996,0";"995,6";"0,9";"184,0";"1,2";"";"0,0"
"21/07/2023";"0700";"19,6";"20,1";"19,4";"95,0";"95,0";"94,0";"18,8";"19,1";"18,6";"994,8";"995,6";"994,8";"0,3";"189,0";"1,2";"";"0,0"
"21/07/2023";"0800";"19,1";"19,6";"19,1";"95,0";"95,0";"95,0";"18,4";"18,8";"18,4";"994,8";"994,9";"994,8";"1,0";"187,0";"1,7";"";"0,0"
"21/07/2023";"0900";"18,9";"19,1";"18,7";"96,0";"96,0";"95,0";"18,2";"18,4";"18,0";"994,8";"994,8";"994,7";"0,5";"202,0";"1,5";"";"0,0"
"21/07/2023";"1000";"18,9";"19,0";"18,6";"96,0";"96,0";"96,0";"18,3";"18,3";"17,9";"995,2";"995,2";"994,8";"0,2";"231,0";"1,1";"";"0,0"
"21/07/2023";"1100";"19,6";"19,6";"18,8";"96,0";"96,0";"96,0";"19,0";"19,0";"18,1";"996,0";"996,0";"995,2";"0,0";"225,0";"0,7";"60,10";"0,0"
"21/07/2023";"1200";"22,7";"22,7";"19,6";"83,0";"96,0";"83,0";"19,8";"20,4";"18,5";"997,0";"997,0";"996,0";"1,5";"213,0";"5,6";"759,20";"0,2"
"21/07/2023";"1300";"26,5";"26,5";"22,7";"66,0";"83,0";"65,0";"19,5";"20,2";"18,6";"997,4";"997,4";"997,0";"0,9";"204,0";"3,2";"1595,50";"0,0"
"21/07/2023";"1400";"29,9";"30,0";"26,3";"49,0";"66,0";"49,0";"18,0";"19,8";"18,0";"997,3";"997,6";"997,3";"2,2";"237,0";"4,1";"2294,50";"0,0"
"21/07/2023";"1500";"31,6";"31,7";"29,8";"37,0";"49,0";"36,0";"15,4";"18,3";"14,9";"996,8";"997,3";"996,8";"2,8";"241,0";"6,1";"2766,90";"0,0"
"21/07/2023";"1600";"32,6";"32,9";"31,6";"33,0";"39,0";"33,0";"14,4";"16,4";"14,4";"996,2";"996,8";"996,2";"3,4";"254,0";"6,9";"3026,90";"0,0"
"21/07/2023";"1700";"32,0";"33,3";"32,0";"37,0";"37,0";"33,0";"15,4";"16,4";"14,5";"995,4";"996,2";"995,4";"3,3";"252,0";"7,4";"2969,00";"0,0"
"21/07/2023";"1800";"32,8";"34,2";"31,4";"32,0";"39,0";"29,0";"13,8";"16,7";"12,6";"994,4";"995,4";"994,4";"3,9";"255,0";"9,1";"2364,40";"0,0"
"21/07/2023";"1900";"32,9";"33,5";"31,3";"30,0";"34,0";"29,0";"13,3";"14,1";"12,2";"993,9";"994,4";"993,9";"3,2";"262,0";"8,8";"1847,90";"0,0"
"21/07/2023";"2000";"32,5";"33,1";"32,4";"31,0";"32,0";"29,0";"13,3";"13,9";"12,3";"993,6";"993,9";"993,6";"2,5";"236,0";"7,6";"1751,70";"0,0"
"21/07/2023";"2100";"31,2";"32,5";"31,2";"36,0";"37,0";"31,0";"14,6";"14,6";"13,0";"993,7";"993,7";"993,6";"2,5";"258,0";"5,6";"945,60";"0,0"
"21/07/2023";"2200";"28,3";"31,2";"28,3";"46,0";"46,0";"36,0";"15,5";"15,5";"14,1";"993,9";"993,9";"993,6";"1,1";"248,0";"4,4";"170,20";"0,0"
"21/07/2023";"2300";"27,2";"28,3";"27,1";"50,0";"50,0";"46,0";"15,8";"15,8";"15,4";"994,5";"994,5";"993,9";"1,5";"237,0";"2,3";"";"0,0"
"22/07/2023";"0000";"25,0";"27,1";"24,9";"60,0";"60,0";"50,0";"16,6";"16,6";"15,7";"994,8";"994,8";"994,4";"1,2";"216,0";"2,4";"";"0,0"
"22/07/2023";"0100";"24,0";"25,2";"24,0";"64,0";"64,0";"59,0";"16,8";"16,9";"16,6";"995,5";"995,5";"994,8";"1,2";"205,0";"2,4";"";"0,0"
"22/07/2023";"0200";"22,3";"24,0";"22,3";"75,0";"75,0";"64,0";"17,7";"17,8";"16,8";"995,8";"995,9";"995,5";"0,8";"205,0";"2,4";"";"0,0"
"22/07/2023";"0300";"22,0";"22,3";"21,6";"75,0";"78,0";"75,0";"17,4";"17,9";"17,4";"995,9";"996,0";"995,8";"1,1";"211,0";"1,8";"";"0,0"
"22/07/2023";"0400";"21,1";"22,1";"21,1";"80,0";"80,0";"75,0";"17,6";"17,6";"17,3";"995,8";"996,0";"995,8";"1,1";"196,0";"2,0";"";"0,0"
"22/07/2023";"0500";"20,2";"21,1";"20,2";"87,0";"87,0";"80,0";"17,9";"18,0";"17,7";"995,5";"995,8";"995,5";"0,8";"191,0";"1,8";"";"0,2"
"22/07/2023";"0600";"19,9";"20,2";"19,8";"86,0";"88,0";"85,0";"17,4";"17,9";"17,3";"995,2";"995,6";"995,2";"0,0";"224,0";"1,6";"";"0,2"
"22/07/2023";"0700";"19,4";"20,0";"19,4";"87,0";"87,0";"85,0";"17,1";"17,6";"17,1";"995,0";"995,2";"995,0";"0,0";"242,0";"0,4";"";"0,0"
"22/07/2023";"0800";"18,8";"19,6";"18,8";"89,0";"89,0";"87,0";"16,9";"17,4";"16,8";"994,7";"995,0";"994,7";"0,0";"198,0";"0,6";"";"0,0"
"22/07/2023";"0900";"18,0";"19,0";"18,0";"92,0";"92,0";"89,0";"16,7";"17,2";"16,7";"994,7";"994,8";"994,7";"1,4";"200,0";"2,3";"";"0,0"
"22/07/2023";"1000";"18,6";"18,6";"17,7";"89,0";"94,0";"89,0";"16,8";"17,1";"16,6";"995,0";"995,0";"994,6";"1,1";"235,0";"2,8";"";"0,0"
"22/07/2023";"1100";"20,1";"20,1";"18,3";"85,0";"90,0";"84,0";"17,4";"17,4";"16,6";"995,8";"995,8";"995,0";"1,2";"236,0";"2,6";"59,20";"0,0"
"22/07/2023";"1200";"24,3";"24,3";"20,1";"62,0";"85,0";"62,0";"16,6";"17,8";"16,5";"996,5";"996,5";"995,8";"2,6";"253,0";"4,6";"791,80";"0,0"
"22/07/2023";"1300";"27,2";"27,3";"24,3";"44,0";"62,0";"43,0";"13,8";"16,8";"13,5";"997,0";"997,0";"996,5";"3,9";"272,0";"8,4";"1654,80";"0,0"
"22/07/2023";"1400";"29,2";"29,2";"27,2";"41,0";"45,0";"39,0";"14,6";"14,9";"13,0";"997,0";"997,2";"997,0";"3,5";"270,0";"8,9";"2369,10";"0,0"
"22/07/2023";"1500";"30,4";"30,5";"28,9";"35,0";"41,0";"33,0";"13,1";"14,4";"12,3";"996,7";"997,1";"996,7";"4,7";"258,0";"9,3";"2846,90";"0,0"
"22/07/2023";"1600";"31,4";"31,7";"30,4";"31,0";"35,0";"30,0";"12,1";"13,7";"12,0";"996,4";"996,7";"996,4";"4,9";"262,0";"9,4";"3098,00";"0,0"
"22/07/2023";"1700";"32,2";"32,5";"31,4";"31,0";"33,0";"29,0";"12,8";"13,8";"11,9";"995,9";"996,4";"995,8";"3,2";"247,0";"8,8";"3099,10";"0,0"
"22/07/2023";"1800";"31,7";"32,7";"31,7";"30,0";"32,0";"28,0";"12,0";"13,1";"11,4";"994,8";"995,9";"994,8";"3,1";"275,0";"6,9";"2708,90";"0,0"
"22/07/2023";"1900";"31,5";"32,3";"31,3";"32,0";"33,0";"29,0";"12,9";"13,0";"11,8";"994,2";"994,8";"994,2";"2,7";"245,0";"6,9";"1945,20";"0,0"
"22/07/2023";"2000";"31,0";"31,7";"30,9";"33,0";"35,0";"31,0";"12,8";"14,0";"12,1";"993,8";"994,2";"993,8";"2,4";"236,0";"5,1";"1493,00";"0,0"
"22/07/2023";"2100";"29,7";"31,0";"29,6";"37,0";"37,0";"32,0";"13,3";"13,5";"12,4";"994,0";"994,0";"993,8";"2,0";"254,0";"4,5";"802,10";"0,0"
"22/07/2023";"2200";"27,2";"29,7";"27,2";"46,0";"46,0";"37,0";"14,4";"14,4";"13,3";"994,1";"994,2";"994,0";"1,3";"233,0";"3,6";"129,60";"0,0"
"22/07/2023";"2300";"25,2";"27,2";"25,2";"52,0";"52,0";"45,0";"14,7";"14,8";"14,4";"994,7";"994,7";"994,1";"0,6";"227,0";"2,5";"0,10";"0,0"
"23/07/2023";"0000";"24,4";"25,3";"24,0";"55,0";"58,0";"52,0";"14,7";"15,1";"14,7";"995,3";"995,3";"994,7";"1,3";"240,0";"2,2";"";"0,0"
"23/07/2023";"0100";"23,9";"24,6";"23,8";"57,0";"58,0";"54,0";"14,9";"15,1";"14,6";"995,9";"995,9";"995,3";"1,4";"247,0";"2,8";"";"0,0"
"23/07/2023";"0200";"23,1";"23,9";"23,1";"60,0";"60,0";"57,0";"15,0";"15,0";"14,8";"996,3";"996,3";"995,9";"1,6";"250,0";"2,8";"";"0,0"
"23/07/2023";"0300";"21,1";"23,1";"20,7";"72,0";"74,0";"60,0";"15,9";"16,0";"14,9";"996,4";"996,4";"996,3";"1,4";"222,0";"2,9";"";"0,0"
"23/07/2023";"0400";"20,0";"21,3";"20,0";"77,0";"77,0";"71,0";"15,8";"15,9";"15,4";"996,4";"996,6";"996,4";"0,8";"207,0";"2,3";"";"0,0"
"23/07/2023";"0500";"19,1";"20,0";"19,0";"81,0";"81,0";"77,0";"15,8";"15,8";"15,5";"995,9";"996,3";"995,9";"0,2";"208,0";"1,8";"";"0,0"
"23/07/2023";"0600";"18,7";"19,3";"18,7";"82,0";"83,0";"80,0";"15,6";"15,9";"15,5";"995,7";"995,9";"995,6";"0,7";"196,0";"1,8";"";"0,0"
"23/07/2023";"0700";"17,8";"18,8";"17,6";"85,0";"85,0";"82,0";"15,2";"15,7";"14,8";"995,5";"995,7";"995,4";"0,0";"321,0";"1,5";"";"0,0"
"23/07/2023";"0800";"16,8";"18,1";"16,7";"91,0";"91,0";"84,0";"15,3";"15,5";"14,7";"995,8";"995,8";"995,5";"0,1";"194,0";"1,5";"";"1,6"
"23/07/2023";"0900";"16,7";"17,3";"16,7";"92,0";"92,0";"91,0";"15,4";"15,9";"15,3";"996,1";"996,1";"995,8";"0,4";"190,0";"1,1";"";"0,0"
"23/07/2023";"1000";"16,5";"16,7";"16,2";"93,0";"94,0";"92,0";"15,3";"15,6";"15,1";"996,7";"996,7";"996,0";"0,0";"188,0";"1,3";"";"0,0"
"23/07/2023";"1100";"17,6";"17,6";"16,2";"93,0";"94,0";"93,0";"16,5";"16,5";"15,0";"997,4";"997,4";"996,7";"0,4";"246,0";"1,5";"58,50";"0,0"
"23/07/2023";"1200";"22,9";"22,9";"17,6";"68,0";"93,0";"67,0";"16,8";"17,5";"15,6";"997,9";"997,9";"997,4";"0,3";"260,0";"1,6";"792,70";"0,0"
"23/07/2023";"1300";"26,1";"26,1";"22,9";"56,0";"69,0";"55,0";"16,5";"17,5";"16,1";"998,2";"998,2";"997,9";"1,4";"237,0";"2,6";"1674,30";"0,0"
"23/07/2023";"1400";"29,2";"29,4";"25,7";"37,0";"56,0";"36,0";"13,0";"16,5";"12,7";"998,2";"998,2";"998,2";"2,9";"258,0";"5,6";"2394,50";"0,0"
"23/07/2023";"1500";"30,8";"31,1";"29,1";"31,0";"39,0";"31,0";"11,7";"14,3";"11,6";"997,9";"998,2";"997,9";"3,3";"264,0";"5,9";"2849,20";"0,0"
"23/07/2023";"1600";"32,4";"32,9";"30,6";"30,0";"33,0";"29,0";"12,6";"13,5";"11,6";"997,2";"997,9";"997,2";"2,1";"302,0";"6,3";"3054,60";"0,0"
"23/07/2023";"1700";"32,9";"33,0";"31,8";"30,0";"33,0";"29,0";"13,0";"13,7";"12,1";"996,4";"997,2";"996,4";"1,7";"278,0";"5,9";"3023,90";"0,0"
"23/07/2023";"1800";"32,7";"33,4";"32,4";"30,0";"32,0";"28,0";"12,7";"14,0";"11,8";"995,6";"996,4";"995,6";"2,2";"309,0";"8,3";"2569,10";"0,0"
"23/07/2023";"1900";"32,3";"33,5";"32,0";"32,0";"33,0";"28,0";"13,5";"13,8";"12,1";"995,0";"995,6";"995,0";"2,6";"248,0";"6,7";"2206,80";"0,0"
"23/07/2023";"2000";"31,5";"32,4";"31,5";"34,0";"35,0";"31,0";"13,7";"14,1";"12,7";"995,0";"995,0";"994,9";"3,0";"251,0";"6,4";"1558,90";"0,0"
"23/07/2023";"2100";"30,0";"31,5";"30,0";"40,0";"40,0";"34,0";"14,9";"15,1";"13,6";"995,0";"995,0";"994,9";"2,3";"253,0";"5,1";"816,00";"0,0"
"23/07/2023";"2200";"27,6";"30,0";"27,6";"48,0";"48,0";"40,0";"15,7";"15,7";"15,0";"995,3";"995,3";"995,0";"1,3";"242,0";"4,1";"156,00";"0,2"
"23/07/2023";"2300";"26,3";"27,6";"26,3";"54,0";"54,0";"48,0";"16,1";"16,1";"15,7";"995,8";"995,8";"995,3";"1,2";"229,0";"2,4";"";"0,2"
"24/07/2023";"0000";"24,5";"26,3";"24,5";"63,0";"63,0";"54,0";"17,0";"17,1";"16,1";"996,6";"996,6";"995,8";"0,0";"205,0";"1,9";"";"0,0"
"24/07/2023";"0100";"23,1";"24,5";"23,1";"66,0";"66,0";"63,0";"16,5";"17,4";"16,5";"997,3";"997,3";"996,6";"0,8";"195,0";"1,6";"";"0,0"
"24/07/2023";"0200";"22,1";"23,5";"22,1";"74,0";"74,0";"66,0";"17,2";"17,2";"16,5";"998,0";"998,0";"997,3";"1,2";"193,0";"2,2";"";"0,0"
"24/07/2023";"0300";"21,8";"22,5";"21,8";"75,0";"75,0";"72,0";"17,1";"17,3";"17,1";"998,0";"998,0";"998,0";"0,0";"216,0";"1,7";"";"0,0"
"24/07/2023";"0400";"20,5";"21,8";"20,5";"83,0";"83,0";"75,0";"17,5";"17,5";"17,0";"998,1";"998,1";"998,0";"0,0";"186,0";"0,7";"";"0,0"
"24/07/2023";"0500";"20,1";"21,1";"20,1";"85,0";"85,0";"81,0";"17,4";"18,0";"17,3";"997,7";"998,1";"997,7";"0,0";"186,0";"0,5";"";"0,0"
"24/07/2023";"0600";"19,8";"20,4";"19,6";"88,0";"88,0";"85,0";"17,8";"17,9";"17,4";"997,4";"997,7";"997,4";"0,0";"281,0";"0,0";"";"0,0"
"24/07/2023";"0700";"19,3";"19,9";"19,2";"90,0";"90,0";"87,0";"17,6";"17,8";"17,3";"997,2";"997,4";"997,1";"0,0";"240,0";"0,0";"";"0,0"
"24/07/2023";"0800";"18,9";"19,6";"18,9";"90,0";"91,0";"89,0";"17,3";"17,8";"17,2";"997,0";"997,2";"997,0";"0,3";"205,0";"1,2";"";"0,0"
"24/07/2023";"0900";"18,5";"18,9";"18,5";"94,0";"94,0";"90,0";"17,4";"17,6";"17,2";"997,0";"997,1";"996,9";"0,3";"211,0";"2,1";"";"0,0"
"24/07/2023";"1000";"18,5";"18,7";"18,4";"93,0";"95,0";"93,0";"17,4";"17,7";"17,4";"996,9";"997,0";"996,8";"0,5";"216,0";"1,2";"";"0,0"
"24/07/2023";"1100";"19,3";"19,3";"18,2";"94,0";"95,0";"93,0";"18,4";"18,4";"17,2";"997,4";"997,4";"996,9";"0,0";"189,0";"1,0";"58,00";"0,0"
"24/07/2023";"1200";"22,2";"22,2";"19,3";"83,0";"94,0";"83,0";"19,1";"19,1";"18,4";"997,9";"997,9";"997,4";"0,4";"193,0";"1,7";"783,20";"0,0"
"24/07/2023";"1300";"27,0";"27,0";"22,2";"63,0";"83,0";"62,0";"19,3";"19,9";"17,7";"998,1";"998,2";"997,9";"0,8";"216,0";"2,2";"1639,00";"0,0"
"24/07/2023";"1400";"30,5";"30,6";"27,0";"45,0";"63,0";"43,0";"17,2";"19,5";"16,5";"998,3";"998,4";"998,1";"2,5";"219,0";"4,4";"2339,20";"0,0"
"24/07/2023";"1500";"31,9";"32,1";"30,5";"38,0";"45,0";"37,0";"15,7";"17,3";"15,1";"997,8";"998,3";"997,8";"4,1";"250,0";"7,6";"2789,00";"1,0"
"24/07/2023";"1600";"32,5";"32,8";"31,4";"33,0";"38,0";"32,0";"14,0";"15,5";"13,5";"996,9";"997,8";"996,9";"3,9";"253,0";"9,3";"3033,60";"0,2"
"24/07/2023";"1700";"33,1";"33,1";"31,0";"36,0";"39,0";"33,0";"15,8";"16,6";"13,9";"995,7";"996,9";"995,7";"2,5";"247,0";"7,4";"2693,10";"0,0"
"24/07/2023";"1800";"32,4";"33,6";"31,4";"33,0";"36,0";"32,0";"14,2";"15,8";"13,7";"994,7";"995,7";"994,7";"1,6";"240,0";"6,9";"2573,10";"0,0"
"24/07/2023";"1900";"32,9";"33,2";"31,2";"33,0";"37,0";"31,0";"14,4";"15,3";"13,2";"993,9";"994,6";"993,9";"1,5";"283,0";"6,5";"2083,50";"0,0"
"24/07/2023";"2000";"31,5";"32,9";"31,5";"35,0";"36,0";"32,0";"14,1";"14,9";"13,5";"993,8";"994,0";"993,7";"2,4";"244,0";"6,8";"1466,10";"0,2"
"24/07/2023";"2100";"30,2";"31,5";"30,2";"43,0";"43,0";"35,0";"16,1";"16,1";"14,0";"993,8";"993,8";"993,6";"1,3";"250,0";"3,8";"483,90";"0,2"
"24/07/2023";"2200";"28,2";"30,2";"28,2";"48,0";"48,0";"42,0";"16,1";"16,5";"15,7";"994,1";"994,1";"993,8";"0,8";"232,0";"2,5";"124,10";"0,0"
"24/07/2023";"2300";"26,1";"28,2";"26,1";"56,0";"56,0";"48,0";"16,5";"16,9";"16,0";"994,4";"994,4";"994,1";"0,4";"221,0";"1,4";"";"0,4"
"25/07/2023";"0000";"24,7";"26,5";"24,7";"65,0";"65,0";"54,0";"17,6";"17,9";"16,5";"994,9";"994,9";"994,4";"0,8";"194,0";"1,4";"";"0,0"
"25/07/2023";"0100";"23,9";"24,9";"23,9";"69,0";"69,0";"62,0";"17,9";"17,9";"17,0";"995,5";"995,5";"994,9";"0,2";"208,0";"1,4";"";"0,0"
"25/07/2023";"0200";"22,6";"23,9";"22,6";"78,0";"78,0";"69,0";"18,6";"18,7";"17,9";"995,8";"995,8";"995,5";"0,7";"186,0";"1,3";"";"0,0"
"25/07/2023";"0300";"22,3";"22,6";"21,8";"77,0";"81,0";"76,0";"18,0";"18,7";"18,0";"996,0";"996,0";"995,8";"0,6";"195,0";"1,9";"";"0,0"
"25/07/2023";"0400";"20,8";"22,4";"20,8";"85,0";"85,0";"76,0";"18,1";"18,2";"17,7";"995,7";"996,0";"995,7";"0,4";"189,0";"1,5";"";"0,0"
"25/07/2023";"0500";"20,4";"20,9";"20,2";"88,0";"88,0";"85,0";"18,4";"18,4";"18,1";"995,1";"995,7";"995,1";"0,0";"201,0";"1,1";"";"1,4"
"25/07/2023";"0600";"";"";"";"";"";"";"";"";"";"";"";"";"";"";"";"";""
"25/07/2023";"0700";"";"";"";"";"";"";"";"";"";"";"";"";"";"";"";"";""
"25/07/2023";"0800";"";"";"";"";"";"";"";"";"";"";"";"";"";"";"";"";""
"25/07/2023";"0900";"";"";"";"";"";"";"";"";"";"";"";"";"";"";"";"";""
"25/07/2023";"1000";"";"";"";"";"";"";"";"";"";"";"";"";"";"";"";"";""
"25/07/2023";"1100";"";"";"";"";"";"";"";"";"";"";"";"";"";"";"";"";""
"25/07/2023";"1200";"";"";"";"";"";"";"";"";"";"";"";"";"";"";"";"";""
"25/07/2023";"1300";"";"";"";"";"";"";"";"";"";"";"";"";"";"";"";"";""
"25/07/2023";"1400";"";"";"";"";"";"";"";"";"";"";"";"";"";"";"";"";""
"25/07/2023";"1500";"";"";"";"";"";"";"";"";"";"";"";"";"";"";"";"";""
"25/07/2023";"1600";"";"";"";"";"";"";"";"";"";"";"";"";"";"";"";"";""
"25/07/2023";"1700";"";"";"";"";"";"";"";"";"";"";"";"";"";"";"";"";""
"25/07/2023";"1800";"";"";"";"";"";"";"";"";"";"";"";"";"";"";"";"";""
"25/07/2023";"1900";"";"";"";"";"";"";"";"";"";"";"";"";"";"";"";"";""
"25/07/2023";"2000";"";"";"";"";"";"";"";"";"";"";"";"";"";"";"";"";""
"25/07/2023";"2100";"";"";"";"";"";"";"";"";"";"";"";"";"";"";"";"";""
"25/07/2023";"2200";"";"";"";"";"";"";"";"";"";"";"";"";"";"";"";"";""
"25/07/2023";"2300";"";"";"";"";"";"";"";"";"";"";"";"";"";"";"";"";""
"26/07/2023";"0000";"";"";"";"";"";"";"";"";"";"";"";"";"";"";"";"";""
"26/07/2023";"0100";"";"";"";"";"";"";"";"";"";"";"";"";"";"";"";"";""
"26/07/2023";"0200";"";"";"";"";"";"";"";"";"";"";"";"";"";"";"";"";""
"26/07/2023";"0300";"";"";"";"";"";"";"";"";"";"";"";"";"";"";"";"";""
"26/07/2023";"0400";"";"";"";"";"";"";"";"";"";"";"";"";"";"";"";"";""
"26/07/2023";"0500";"";"";"";"";"";"";"";"";"";"";"";"";"";"";"";"";""
"26/07/2023";"0600";"";"";"";"";"";"";"";"";"";"";"";"";"";"";"";"";""
"26/07/2023";"0700";"";"";"";"";"";"";"";"";"";"";"";"";"";"";"";"";""
"26/07/2023";"0800";"";"";"";"";"";"";"";"";"";"";"";"";"";"";"";"";""
"26/07/2023";"0900";"";"";"";"";"";"";"";"";"";"";"";"";"";"";"";"";""
"26/07/2023";"1000";"";"";"";"";"";"";"";"";"";"";"";"";"";"";"";"";""
"26/07/2023";"1100";"";"";"";"";"";"";"";"";"";"";"";"";"";"";"";"";""
"26/07/2023";"1200";"";"";"";"";"";"";"";"";"";"";"";"";"";"";"";"";""
"26/07/2023";"1300";"";"";"";"";"";"";"";"";"";"";"";"";"";"";"";"";""
"26/07/2023";"1400";"";"";"";"";"";"";"";"";"";"";"";"";"";"";"";"";""
"26/07/2023";"1500";"";"";"";"";"";"";"";"";"";"";"";"";"";"";"";"";""
"26/07/2023";"1600";"";"";"";"";"";"";"";"";"";"";"";"";"";"";"";"";""
"26/07/2023";"1700";"";"";"";"";"";"";"";"";"";"";"";"";"";"";"";"";""
"26/07/2023";"1800";"";"";"";"";"";"";"";"";"";"";"";"";"";"";"";"";""
"26/07/2023";"1900";"";"";"";"";"";"";"";"";"";"";"";"";"";"";"";"";""
"26/07/2023";"2000";"";"";"";"";"";"";"";"";"";"";"";"";"";"";"";"";""
"26/07/2023";"2100";"";"";"";"";"";"";"";"";"";"";"";"";"";"";"";"";""
"26/07/2023";"2200";"";"";"";"";"";"";"";"";"";"";"";"";"";"";"";"";""
"26/07/2023";"2300";"";"";"";"";"";"";"";"";"";"";"";"";"";"";"";"";""
"27/07/2023";"0000";"";"";"";"";"";"";"";"";"";"";"";"";"";"";"";"";""
"27/07/2023";"0100";"";"";"";"";"";"";"";"";"";"";"";"";"";"";"";"";""
"27/07/2023";"0200";"";"";"";"";"";"";"";"";"";"";"";"";"";"";"";"";""
"27/07/2023";"0300";"";"";"";"";"";"";"";"";"";"";"";"";"";"";"";"";""
"27/07/2023";"0400";"";"";"";"";"";"";"";"";"";"";"";"";"";"";"";"";""
"27/07/2023";"0500";"";"";"";"";"";"";"";"";"";"";"";"";"";"";"";"";""
"27/07/2023";"0600";"";"";"";"";"";"";"";"";"";"";"";"";"";"";"";"";""
"27/07/2023";"0700";"";"";"";"";"";"";"";"";"";"";"";"";"";"";"";"";""
"27/07/2023";"0800";"";"";"";"";"";"";"";"";"";"";"";"";"";"";"";"";""
"27/07/2023";"0900";"";"";"";"";"";"";"";"";"";"";"";"";"";"";"";"";""
"27/07/2023";"1000";"";"";"";"";"";"";"";"";"";"";"";"";"";"";"";"";""
"27/07/2023";"1100";"";"";"";"";"";"";"";"";"";"";"";"";"";"";"";"";""
"27/07/2023";"1200";"";"";"";"";"";"";"";"";"";"";"";"";"";"";"";"";""
"27/07/2023";"1300";"";"";"";"";"";"";"";"";"";"";"";"";"";"";"";"";""
"27/07/2023";"1400";"";"";"";"";"";"";"";"";"";"";"";"";"";"";"";"";""
"27/07/2023";"1500";"";"";"";"";"";"";"";"";"";"";"";"";"";"";"";"";""
"27/07/2023";"1600";"";"";"";"";"";"";"";"";"";"";"";"";"";"";"";"";""
"27/07/2023";"1700";"";"";"";"";"";"";"";"";"";"";"";"";"";"";"";"";""
"27/07/2023";"1800";"";"";"";"";"";"";"";"";"";"";"";"";"";"";"";"";""
"27/07/2023";"1900";"";"";"";"";"";"";"";"";"";"";"";"";"";"";"";"";""
"27/07/2023";"2000";"";"";"";"";"";"";"";"";"";"";"";"";"";"";"";"";""
"27/07/2023";"2100";"";"";"";"";"";"";"";"";"";"";"";"";"";"";"";"";""
"27/07/2023";"2200";"";"";"";"";"";"";"";"";"";"";"";"";"";"";"";"";""
"27/07/2023";"2300";"";"";"";"";"";"";"";"";"";"";"";"";"";"";"";"";""
"28/07/2023";"0000";"";"";"";"";"";"";"";"";"";"";"";"";"";"";"";"";""
"28/07/2023";"0100";"";"";"";"";"";"";"";"";"";"";"";"";"";"";"";"";""
"28/07/2023";"0200";"";"";"";"";"";"";"";"";"";"";"";"";"";"";"";"";""
"28/07/2023";"0300";"";"";"";"";"";"";"";"";"";"";"";"";"";"";"";"";""
"28/07/2023";"0400";"";"";"";"";"";"";"";"";"";"";"";"";"";"";"";"";""
"28/07/2023";"0500";"";"";"";"";"";"";"";"";"";"";"";"";"";"";"";"";""
"28/07/2023";"0600";"";"";"";"";"";"";"";"";"";"";"";"";"";"";"";"";""
"28/07/2023";"0700";"";"";"";"";"";"";"";"";"";"";"";"";"";"";"";"";""
"28/07/2023";"0800";"";"";"";"";"";"";"";"";"";"";"";"";"";"";"";"";""
"28/07/2023";"0900";"";"";"";"";"";"";"";"";"";"";"";"";"";"";"";"";""
"28/07/2023";"1000";"";"";"";"";"";"";"";"";"";"";"";"";"";"";"";"";""
"28/07/2023";"1100";"";"";"";"";"";"";"";"";"";"";"";"";"";"";"";"";""
"28/07/2023";"1200";"";"";"";"";"";"";"";"";"";"";"";"";"";"";"";"";""
"28/07/2023";"1300";"";"";"";"";"";"";"";"";"";"";"";"";"";"";"";"";""
"28/07/2023";"1400";"";"";"";"";"";"";"";"";"";"";"";"";"";"";"";"";""
"28/07/2023";"1500";"";"";"";"";"";"";"";"";"";"";"";"";"";"";"";"";""
"28/07/2023";"1600";"";"";"";"";"";"";"";"";"";"";"";"";"";"";"";"";""
"28/07/2023";"1700";"";"";"";"";"";"";"";"";"";"";"";"";"";"";"";"";""
"28/07/2023";"1800";"";"";"";"";"";"";"";"";"";"";"";"";"";"";"";"";""
"28/07/2023";"1900";"";"";"";"";"";"";"";"";"";"";"";"";"";"";"";"";""
"28/07/2023";"2000";"";"";"";"";"";"";"";"";"";"";"";"";"";"";"";"";""
"28/07/2023";"2100";"";"";"";"";"";"";"";"";"";"";"";"";"";"";"";"";""
"28/07/2023";"2200";"";"";"";"";"";"";"";"";"";"";"";"";"";"";"";"";""
"28/07/2023";"2300";"";"";"";"";"";"";"";"";"";"";"";"";"";"";"";"";""
"29/07/2023";"0000";"";"";"";"";"";"";"";"";"";"";"";"";"";"";"";"";""
"29/07/2023";"0100";"";"";"";"";"";"";"";"";"";"";"";"";"";"";"";"";""
"29/07/2023";"0200";"";"";"";"";"";"";"";"";"";"";"";"";"";"";"";"";""
"29/07/2023";"0300";"";"";"";"";"";"";"";"";"";"";"";"";"";"";"";"";""
"29/07/2023";"0400";"";"";"";"";"";"";"";"";"";"";"";"";"";"";"";"";""
"29/07/2023";"0500";"";"";"";"";"";"";"";"";"";"";"";"";"";"";"";"";""
"29/07/2023";"0600";"";"";"";"";"";"";"";"";"";"";"";"";"";"";"";"";""
"29/07/2023";"0700";"";"";"";"";"";"";"";"";"";"";"";"";"";"";"";"";""
"29/07/2023";"0800";"";"";"";"";"";"";"";"";"";"";"";"";"";"";"";"";""
"29/07/2023";"0900";"";"";"";"";"";"";"";"";"";"";"";"";"";"";"";"";""
"29/07/2023";"1000";"";"";"";"";"";"";"";"";"";"";"";"";"";"";"";"";""
"29/07/2023";"1100";"";"";"";"";"";"";"";"";"";"";"";"";"";"";"";"";""
"29/07/2023";"1200";"";"";"";"";"";"";"";"";"";"";"";"";"";"";"";"";""
"29/07/2023";"1300";"";"";"";"";"";"";"";"";"";"";"";"";"";"";"";"";""
"29/07/2023";"1400";"";"";"";"";"";"";"";"";"";"";"";"";"";"";"";"";""
"29/07/2023";"1500";"";"";"";"";"";"";"";"";"";"";"";"";"";"";"";"";""
"29/07/2023";"1600";"";"";"";"";"";"";"";"";"";"";"";"";"";"";"";"";""
"29/07/2023";"1700";"";"";"";"";"";"";"";"";"";"";"";"";"";"";"";"";""
"29/07/2023";"1800";"";"";"";"";"";"";"";"";"";"";"";"";"";"";"";"";""
"29/07/2023";"1900";"";"";"";"";"";"";"";"";"";"";"";"";"";"";"";"";""
"29/07/2023";"2000";"";"";"";"";"";"";"";"";"";"";"";"";"";"";"";"";""
"29/07/2023";"2100";"";"";"";"";"";"";"";"";"";"";"";"";"";"";"";"";""
"29/07/2023";"2200";"";"";"";"";"";"";"";"";"";"";"";"";"";"";"";"";""
"29/07/2023";"2300";"";"";"";"";"";"";"";"";"";"";"";"";"";"";"";"";""
"30/07/2023";"0000";"";"";"";"";"";"";"";"";"";"";"";"";"";"";"";"";""
"30/07/2023";"0100";"";"";"";"";"";"";"";"";"";"";"";"";"";"";"";"";""
"30/07/2023";"0200";"";"";"";"";"";"";"";"";"";"";"";"";"";"";"";"";""
"30/07/2023";"0300";"";"";"";"";"";"";"";"";"";"";"";"";"";"";"";"";""
"30/07/2023";"0400";"";"";"";"";"";"";"";"";"";"";"";"";"";"";"";"";""
"30/07/2023";"0500";"";"";"";"";"";"";"";"";"";"";"";"";"";"";"";"";""
"30/07/2023";"0600";"";"";"";"";"";"";"";"";"";"";"";"";"";"";"";"";""
"30/07/2023";"0700";"";"";"";"";"";"";"";"";"";"";"";"";"";"";"";"";""
"30/07/2023";"0800";"";"";"";"";"";"";"";"";"";"";"";"";"";"";"";"";""
"30/07/2023";"0900";"";"";"";"";"";"";"";"";"";"";"";"";"";"";"";"";""
"30/07/2023";"1000";"";"";"";"";"";"";"";"";"";"";"";"";"";"";"";"";""
"30/07/2023";"1100";"";"";"";"";"";"";"";"";"";"";"";"";"";"";"";"";""
"30/07/2023";"1200";"";"";"";"";"";"";"";"";"";"";"";"";"";"";"";"";""
"30/07/2023";"1300";"";"";"";"";"";"";"";"";"";"";"";"";"";"";"";"";""
"30/07/2023";"1400";"";"";"";"";"";"";"";"";"";"";"";"";"";"";"";"";""
"30/07/2023";"1500";"";"";"";"";"";"";"";"";"";"";"";"";"";"";"";"";""
"30/07/2023";"1600";"";"";"";"";"";"";"";"";"";"";"";"";"";"";"";"";""
"30/07/2023";"1700";"";"";"";"";"";"";"";"";"";"";"";"";"";"";"";"";""
"30/07/2023";"1800";"";"";"";"";"";"";"";"";"";"";"";"";"";"";"";"";""
"30/07/2023";"1900";"";"";"";"";"";"";"";"";"";"";"";"";"";"";"";"";""
"30/07/2023";"2000";"";"";"";"";"";"";"";"";"";"";"";"";"";"";"";"";""
"30/07/2023";"2100";"";"";"";"";"";"";"";"";"";"";"";"";"";"";"";"";""
"30/07/2023";"2200";"";"";"";"";"";"";"";"";"";"";"";"";"";"";"";"";""
"30/07/2023";"2300";"";"";"";"";"";"";"";"";"";"";"";"";"";"";"";"";""
"31/07/2023";"0000";"";"";"";"";"";"";"";"";"";"";"";"";"";"";"";"";""
"31/07/2023";"0100";"";"";"";"";"";"";"";"";"";"";"";"";"";"";"";"";""
"31/07/2023";"0200";"";"";"";"";"";"";"";"";"";"";"";"";"";"";"";"";""
"31/07/2023";"0300";"";"";"";"";"";"";"";"";"";"";"";"";"";"";"";"";""
"31/07/2023";"0400";"";"";"";"";"";"";"";"";"";"";"";"";"";"";"";"";""
"31/07/2023";"0500";"";"";"";"";"";"";"";"";"";"";"";"";"";"";"";"";""
"31/07/2023";"0600";"";"";"";"";"";"";"";"";"";"";"";"";"";"";"";"";""
"31/07/2023";"0700";"";"";"";"";"";"";"";"";"";"";"";"";"";"";"";"";""
"31/07/2023";"0800";"";"";"";"";"";"";"";"";"";"";"";"";"";"";"";"";""
"31/07/2023";"0900";"";"";"";"";"";"";"";"";"";"";"";"";"";"";"";"";""
"31/07/2023";"1000";"";"";"";"";"";"";"";"";"";"";"";"";"";"";"";"";""
"31/07/2023";"1100";"";"";"";"";"";"";"";"";"";"";"";"";"";"";"";"";""
"31/07/2023";"1200";"";"";"";"";"";"";"";"";"";"";"";"";"";"";"";"";""
"31/07/2023";"1300";"";"";"";"";"";"";"";"";"";"";"";"";"";"";"";"";""
"31/07/2023";"1400";"";"";"";"";"";"";"";"";"";"";"";"";"";"";"";"";""
"31/07/2023";"1500";"";"";"";"";"";"";"";"";"";"";"";"";"";"";"";"";""
"31/07/2023";"1600";"";"";"";"";"";"";"";"";"";"";"";"";"";"";"";"";""
"31/07/2023";"1700";"";"";"";"";"";"";"";"";"";"";"";"";"";"";"";"";""
"31/07/2023";"1800";"";"";"";"";"";"";"";"";"";"";"";"";"";"";"";"";""
"31/07/2023";"1900";"";"";"";"";"";"";"";"";"";"";"";"";"";"";"";"";""
"31/07/2023";"2000";"";"";"";"";"";"";"";"";"";"";"";"";"";"";"";"";""
"31/07/2023";"2100";"";"";"";"";"";"";"";"";"";"";"";"";"";"";"";"";""
"31/07/2023";"2200";"";"";"";"";"";"";"";"";"";"";"";"";"";"";"";"";""
"31/07/2023";"2300";"";"";"";"";"";"";"";"";"";"";"";"";"";"";"";"";""
"01/08/2023";"0000";"";"";"";"";"";"";"";"";"";"";"";"";"";"";"";"";""
"01/08/2023";"0100";"";"";"";"";"";"";"";"";"";"";"";"";"";"";"";"";""
"01/08/2023";"0200";"";"";"";"";"";"";"";"";"";"";"";"";"";"";"";"";""
"01/08/2023";"0300";"";"";"";"";"";"";"";"";"";"";"";"";"";"";"";"";""
"01/08/2023";"0400";"";"";"";"";"";"";"";"";"";"";"";"";"";"";"";"";""
"01/08/2023";"0500";"";"";"";"";"";"";"";"";"";"";"";"";"";"";"";"";""
"01/08/2023";"0600";"";"";"";"";"";"";"";"";"";"";"";"";"";"";"";"";""
"01/08/2023";"0700";"";"";"";"";"";"";"";"";"";"";"";"";"";"";"";"";""
"01/08/2023";"0800";"";"";"";"";"";"";"";"";"";"";"";"";"";"";"";"";""
"01/08/2023";"0900";"";"";"";"";"";"";"";"";"";"";"";"";"";"";"";"";""
"01/08/2023";"1000";"";"";"";"";"";"";"";"";"";"";"";"";"";"";"";"";""
"01/08/2023";"1100";"";"";"";"";"";"";"";"";"";"";"";"";"";"";"";"";""
"01/08/2023";"1200";"";"";"";"";"";"";"";"";"";"";"";"";"";"";"";"";""
"01/08/2023";"1300";"";"";"";"";"";"";"";"";"";"";"";"";"";"";"";"";""
"01/08/2023";"1400";"";"";"";"";"";"";"";"";"";"";"";"";"";"";"";"";""
"01/08/2023";"1500";"";"";"";"";"";"";"";"";"";"";"";"";"";"";"";"";""
"01/08/2023";"1600";"";"";"";"";"";"";"";"";"";"";"";"";"";"";"";"";""
"01/08/2023";"1700";"";"";"";"";"";"";"";"";"";"";"";"";"";"";"";"";""
"01/08/2023";"1800";"";"";"";"";"";"";"";"";"";"";"";"";"";"";"";"";""
"01/08/2023";"1900";"";"";"";"";"";"";"";"";"";"";"";"";"";"";"";"";""
"01/08/2023";"2000";"";"";"";"";"";"";"";"";"";"";"";"";"";"";"";"";""
"01/08/2023";"2100";"";"";"";"";"";"";"";"";"";"";"";"";"";"";"";"";""
"01/08/2023";"2200";"";"";"";"";"";"";"";"";"";"";"";"";"";"";"";"";""
"01/08/2023";"2300";"";"";"";"";"";"";"";"";"";"";"";"";"";"";"";"";""
"02/08/2023";"0000";"";"";"";"";"";"";"";"";"";"";"";"";"";"";"";"";""
"02/08/2023";"0100";"";"";"";"";"";"";"";"";"";"";"";"";"";"";"";"";""
"02/08/2023";"0200";"";"";"";"";"";"";"";"";"";"";"";"";"";"";"";"";""
"02/08/2023";"0300";"";"";"";"";"";"";"";"";"";"";"";"";"";"";"";"";""
"02/08/2023";"0400";"";"";"";"";"";"";"";"";"";"";"";"";"";"";"";"";""
"02/08/2023";"0500";"";"";"";"";"";"";"";"";"";"";"";"";"";"";"";"";""
"02/08/2023";"0600";"";"";"";"";"";"";"";"";"";"";"";"";"";"";"";"";""
"02/08/2023";"0700";"";"";"";"";"";"";"";"";"";"";"";"";"";"";"";"";""
"02/08/2023";"0800";"";"";"";"";"";"";"";"";"";"";"";"";"";"";"";"";""
"02/08/2023";"0900";"";"";"";"";"";"";"";"";"";"";"";"";"";"";"";"";""
"02/08/2023";"1000";"";"";"";"";"";"";"";"";"";"";"";"";"";"";"";"";""
"02/08/2023";"1100";"";"";"";"";"";"";"";"";"";"";"";"";"";"";"";"";""
"02/08/2023";"1200";"";"";"";"";"";"";"";"";"";"";"";"";"";"";"";"";""
"02/08/2023";"1300";"";"";"";"";"";"";"";"";"";"";"";"";"";"";"";"";""
"02/08/2023";"1400";"";"";"";"";"";"";"";"";"";"";"";"";"";"";"";"";""
"02/08/2023";"1500";"";"";"";"";"";"";"";"";"";"";"";"";"";"";"";"";""
"02/08/2023";"1600";"";"";"";"";"";"";"";"";"";"";"";"";"";"";"";"";""
"02/08/2023";"1700";"";"";"";"";"";"";"";"";"";"";"";"";"";"";"";"";""
"02/08/2023";"1800";"";"";"";"";"";"";"";"";"";"";"";"";"";"";"";"";""
"02/08/2023";"1900";"";"";"";"";"";"";"";"";"";"";"";"";"";"";"";"";""
"02/08/2023";"2000";"";"";"";"";"";"";"";"";"";"";"";"";"";"";"";"";""
"02/08/2023";"2100";"";"";"";"";"";"";"";"";"";"";"";"";"";"";"";"";""
"02/08/2023";"2200";"";"";"";"";"";"";"";"";"";"";"";"";"";"";"";"";""
"02/08/2023";"2300";"";"";"";"";"";"";"";"";"";"";"";"";"";"";"";"";""
"03/08/2023";"0000";"";"";"";"";"";"";"";"";"";"";"";"";"";"";"";"";""
"03/08/2023";"0100";"";"";"";"";"";"";"";"";"";"";"";"";"";"";"";"";""
"03/08/2023";"0200";"";"";"";"";"";"";"";"";"";"";"";"";"";"";"";"";""
"03/08/2023";"0300";"";"";"";"";"";"";"";"";"";"";"";"";"";"";"";"";""
"03/08/2023";"0400";"";"";"";"";"";"";"";"";"";"";"";"";"";"";"";"";""
"03/08/2023";"0500";"";"";"";"";"";"";"";"";"";"";"";"";"";"";"";"";""
"03/08/2023";"0600";"";"";"";"";"";"";"";"";"";"";"";"";"";"";"";"";""
"03/08/2023";"0700";"";"";"";"";"";"";"";"";"";"";"";"";"";"";"";"";""
"03/08/2023";"0800";"";"";"";"";"";"";"";"";"";"";"";"";"";"";"";"";""
"03/08/2023";"0900";"";"";"";"";"";"";"";"";"";"";"";"";"";"";"";"";""
"03/08/2023";"1000";"";"";"";"";"";"";"";"";"";"";"";"";"";"";"";"";""
"03/08/2023";"1100";"";"";"";"";"";"";"";"";"";"";"";"";"";"";"";"";""
"03/08/2023";"1200";"";"";"";"";"";"";"";"";"";"";"";"";"";"";"";"";""
"03/08/2023";"1300";"";"";"";"";"";"";"";"";"";"";"";"";"";"";"";"";""
"03/08/2023";"1400";"";"";"";"";"";"";"";"";"";"";"";"";"";"";"";"";""
"03/08/2023";"1500";"";"";"";"";"";"";"";"";"";"";"";"";"";"";"";"";""
"03/08/2023";"1600";"";"";"";"";"";"";"";"";"";"";"";"";"";"";"";"";""
"03/08/2023";"1700";"";"";"";"";"";"";"";"";"";"";"";"";"";"";"";"";""
"03/08/2023";"1800";"";"";"";"";"";"";"";"";"";"";"";"";"";"";"";"";""
"03/08/2023";"1900";"";"";"";"";"";"";"";"";"";"";"";"";"";"";"";"";""
"03/08/2023";"2000";"";"";"";"";"";"";"";"";"";"";"";"";"";"";"";"";""
"03/08/2023";"2100";"";"";"";"";"";"";"";"";"";"";"";"";"";"";"";"";""
"03/08/2023";"2200";"";"";"";"";"";"";"";"";"";"";"";"";"";"";"";"";""
"03/08/2023";"2300";"";"";"";"";"";"";"";"";"";"";"";"";"";"";"";"";""
"04/08/2023";"0000";"";"";"";"";"";"";"";"";"";"";"";"";"";"";"";"";""
"04/08/2023";"0100";"";"";"";"";"";"";"";"";"";"";"";"";"";"";"";"";""
"04/08/2023";"0200";"";"";"";"";"";"";"";"";"";"";"";"";"";"";"";"";""
"04/08/2023";"0300";"";"";"";"";"";"";"";"";"";"";"";"";"";"";"";"";""
"04/08/2023";"0400";"";"";"";"";"";"";"";"";"";"";"";"";"";"";"";"";""
"04/08/2023";"0500";"";"";"";"";"";"";"";"";"";"";"";"";"";"";"";"";""
"04/08/2023";"0600";"";"";"";"";"";"";"";"";"";"";"";"";"";"";"";"";""
"04/08/2023";"0700";"";"";"";"";"";"";"";"";"";"";"";"";"";"";"";"";""
"04/08/2023";"0800";"";"";"";"";"";"";"";"";"";"";"";"";"";"";"";"";""
"04/08/2023";"0900";"";"";"";"";"";"";"";"";"";"";"";"";"";"";"";"";""
"04/08/2023";"1000";"";"";"";"";"";"";"";"";"";"";"";"";"";"";"";"";""
"04/08/2023";"1100";"";"";"";"";"";"";"";"";"";"";"";"";"";"";"";"";""
"04/08/2023";"1200";"";"";"";"";"";"";"";"";"";"";"";"";"";"";"";"";""
"04/08/2023";"1300";"";"";"";"";"";"";"";"";"";"";"";"";"";"";"";"";""
"04/08/2023";"1400";"";"";"";"";"";"";"";"";"";"";"";"";"";"";"";"";""
"04/08/2023";"1500";"";"";"";"";"";"";"";"";"";"";"";"";"";"";"";"";""
"04/08/2023";"1600";"";"";"";"";"";"";"";"";"";"";"";"";"";"";"";"";""
"04/08/2023";"1700";"";"";"";"";"";"";"";"";"";"";"";"";"";"";"";"";""
"04/08/2023";"1800";"";"";"";"";"";"";"";"";"";"";"";"";"";"";"";"";""
"04/08/2023";"1900";"";"";"";"";"";"";"";"";"";"";"";"";"";"";"";"";""
"04/08/2023";"2000";"";"";"";"";"";"";"";"";"";"";"";"";"";"";"";"";""
"04/08/2023";"2100";"";"";"";"";"";"";"";"";"";"";"";"";"";"";"";"";""
"04/08/2023";"2200";"";"";"";"";"";"";"";"";"";"";"";"";"";"";"";"";""
"04/08/2023";"2300";"";"";"";"";"";"";"";"";"";"";"";"";"";"";"";"";""
"05/08/2023";"0000";"";"";"";"";"";"";"";"";"";"";"";"";"";"";"";"";""
"05/08/2023";"0100";"";"";"";"";"";"";"";"";"";"";"";"";"";"";"";"";""
"05/08/2023";"0200";"";"";"";"";"";"";"";"";"";"";"";"";"";"";"";"";""
"05/08/2023";"0300";"";"";"";"";"";"";"";"";"";"";"";"";"";"";"";"";""
"05/08/2023";"0400";"";"";"";"";"";"";"";"";"";"";"";"";"";"";"";"";""
"05/08/2023";"0500";"";"";"";"";"";"";"";"";"";"";"";"";"";"";"";"";""
"05/08/2023";"0600";"";"";"";"";"";"";"";"";"";"";"";"";"";"";"";"";""
"05/08/2023";"0700";"";"";"";"";"";"";"";"";"";"";"";"";"";"";"";"";""
"05/08/2023";"0800";"";"";"";"";"";"";"";"";"";"";"";"";"";"";"";"";""
"05/08/2023";"0900";"";"";"";"";"";"";"";"";"";"";"";"";"";"";"";"";""
"05/08/2023";"1000";"";"";"";"";"";"";"";"";"";"";"";"";"";"";"";"";""
"05/08/2023";"1100";"";"";"";"";"";"";"";"";"";"";"";"";"";"";"";"";""
"05/08/2023";"1200";"";"";"";"";"";"";"";"";"";"";"";"";"";"";"";"";""
"05/08/2023";"1300";"";"";"";"";"";"";"";"";"";"";"";"";"";"";"";"";""
"05/08/2023";"1400";"";"";"";"";"";"";"";"";"";"";"";"";"";"";"";"";""
"05/08/2023";"1500";"";"";"";"";"";"";"";"";"";"";"";"";"";"";"";"";""
"05/08/2023";"1600";"";"";"";"";"";"";"";"";"";"";"";"";"";"";"";"";""
"05/08/2023";"1700";"";"";"";"";"";"";"";"";"";"";"";"";"";"";"";"";""
"05/08/2023";"1800";"";"";"";"";"";"";"";"";"";"";"";"";"";"";"";"";""
"05/08/2023";"1900";"";"";"";"";"";"";"";"";"";"";"";"";"";"";"";"";""
"05/08/2023";"2000";"";"";"";"";"";"";"";"";"";"";"";"";"";"";"";"";""
"05/08/2023";"2100";"";"";"";"";"";"";"";"";"";"";"";"";"";"";"";"";""
"05/08/2023";"2200";"";"";"";"";"";"";"";"";"";"";"";"";"";"";"";"";""
"05/08/2023";"2300";"";"";"";"";"";"";"";"";"";"";"";"";"";"";"";"";""
"06/08/2023";"0000";"";"";"";"";"";"";"";"";"";"";"";"";"";"";"";"";""
"06/08/2023";"0100";"";"";"";"";"";"";"";"";"";"";"";"";"";"";"";"";""
"06/08/2023";"0200";"";"";"";"";"";"";"";"";"";"";"";"";"";"";"";"";""
"06/08/2023";"0300";"";"";"";"";"";"";"";"";"";"";"";"";"";"";"";"";""
"06/08/2023";"0400";"";"";"";"";"";"";"";"";"";"";"";"";"";"";"";"";""
"06/08/2023";"0500";"";"";"";"";"";"";"";"";"";"";"";"";"";"";"";"";""
"06/08/2023";"0600";"";"";"";"";"";"";"";"";"";"";"";"";"";"";"";"";""
"06/08/2023";"0700";"";"";"";"";"";"";"";"";"";"";"";"";"";"";"";"";""
"06/08/2023";"0800";"";"";"";"";"";"";"";"";"";"";"";"";"";"";"";"";""
"06/08/2023";"0900";"";"";"";"";"";"";"";"";"";"";"";"";"";"";"";"";""
"06/08/2023";"1000";"";"";"";"";"";"";"";"";"";"";"";"";"";"";"";"";""
"06/08/2023";"1100";"";"";"";"";"";"";"";"";"";"";"";"";"";"";"";"";""
"06/08/2023";"1200";"";"";"";"";"";"";"";"";"";"";"";"";"";"";"";"";""
"06/08/2023";"1300";"";"";"";"";"";"";"";"";"";"";"";"";"";"";"";"";""
"06/08/2023";"1400";"";"";"";"";"";"";"";"";"";"";"";"";"";"";"";"";""
"06/08/2023";"1500";"";"";"";"";"";"";"";"";"";"";"";"";"";"";"";"";""
"06/08/2023";"1600";"";"";"";"";"";"";"";"";"";"";"";"";"";"";"";"";""
"06/08/2023";"1700";"";"";"";"";"";"";"";"";"";"";"";"";"";"";"";"";""
"06/08/2023";"1800";"";"";"";"";"";"";"";"";"";"";"";"";"";"";"";"";""
"06/08/2023";"1900";"";"";"";"";"";"";"";"";"";"";"";"";"";"";"";"";""
"06/08/2023";"2000";"";"";"";"";"";"";"";"";"";"";"";"";"";"";"";"";""
"06/08/2023";"2100";"";"";"";"";"";"";"";"";"";"";"";"";"";"";"";"";""
"06/08/2023";"2200";"";"";"";"";"";"";"";"";"";"";"";"";"";"";"";"";""
"06/08/2023";"2300";"";"";"";"";"";"";"";"";"";"";"";"";"";"";"";"";""
"07/08/2023";"0000";"";"";"";"";"";"";"";"";"";"";"";"";"";"";"";"";""
"07/08/2023";"0100";"";"";"";"";"";"";"";"";"";"";"";"";"";"";"";"";""
"07/08/2023";"0200";"";"";"";"";"";"";"";"";"";"";"";"";"";"";"";"";""
"07/08/2023";"0300";"";"";"";"";"";"";"";"";"";"";"";"";"";"";"";"";""
"07/08/2023";"0400";"";"";"";"";"";"";"";"";"";"";"";"";"";"";"";"";""
"07/08/2023";"0500";"";"";"";"";"";"";"";"";"";"";"";"";"";"";"";"";""
"07/08/2023";"0600";"";"";"";"";"";"";"";"";"";"";"";"";"";"";"";"";""
"07/08/2023";"0700";"";"";"";"";"";"";"";"";"";"";"";"";"";"";"";"";""
"07/08/2023";"0800";"";"";"";"";"";"";"";"";"";"";"";"";"";"";"";"";""
"07/08/2023";"0900";"";"";"";"";"";"";"";"";"";"";"";"";"";"";"";"";""
"07/08/2023";"1000";"";"";"";"";"";"";"";"";"";"";"";"";"";"";"";"";""
"07/08/2023";"1100";"";"";"";"";"";"";"";"";"";"";"";"";"";"";"";"";""
"07/08/2023";"1200";"";"";"";"";"";"";"";"";"";"";"";"";"";"";"";"";""
"07/08/2023";"1300";"";"";"";"";"";"";"";"";"";"";"";"";"";"";"";"";""
"07/08/2023";"1400";"";"";"";"";"";"";"";"";"";"";"";"";"";"";"";"";""
"07/08/2023";"1500";"";"";"";"";"";"";"";"";"";"";"";"";"";"";"";"";""
"07/08/2023";"1600";"";"";"";"";"";"";"";"";"";"";"";"";"";"";"";"";""
"07/08/2023";"1700";"";"";"";"";"";"";"";"";"";"";"";"";"";"";"";"";""
"07/08/2023";"1800";"";"";"";"";"";"";"";"";"";"";"";"";"";"";"";"";""
"07/08/2023";"1900";"";"";"";"";"";"";"";"";"";"";"";"";"";"";"";"";""
"07/08/2023";"2000";"";"";"";"";"";"";"";"";"";"";"";"";"";"";"";"";""
"07/08/2023";"2100";"";"";"";"";"";"";"";"";"";"";"";"";"";"";"";"";""
"07/08/2023";"2200";"";"";"";"";"";"";"";"";"";"";"";"";"";"";"";"";""
"07/08/2023";"2300";"";"";"";"";"";"";"";"";"";"";"";"";"";"";"";"";""
"08/08/2023";"0000";"";"";"";"";"";"";"";"";"";"";"";"";"";"";"";"";""
"08/08/2023";"0100";"";"";"";"";"";"";"";"";"";"";"";"";"";"";"";"";""
"08/08/2023";"0200";"";"";"";"";"";"";"";"";"";"";"";"";"";"";"";"";""
"08/08/2023";"0300";"";"";"";"";"";"";"";"";"";"";"";"";"";"";"";"";""
"08/08/2023";"0400";"";"";"";"";"";"";"";"";"";"";"";"";"";"";"";"";""
"08/08/2023";"0500";"";"";"";"";"";"";"";"";"";"";"";"";"";"";"";"";""
"08/08/2023";"0600";"";"";"";"";"";"";"";"";"";"";"";"";"";"";"";"";""
"08/08/2023";"0700";"";"";"";"";"";"";"";"";"";"";"";"";"";"";"";"";""
"08/08/2023";"0800";"";"";"";"";"";"";"";"";"";"";"";"";"";"";"";"";""
"08/08/2023";"0900";"";"";"";"";"";"";"";"";"";"";"";"";"";"";"";"";""
"08/08/2023";"1000";"";"";"";"";"";"";"";"";"";"";"";"";"";"";"";"";""
"08/08/2023";"1100";"";"";"";"";"";"";"";"";"";"";"";"";"";"";"";"";""
"08/08/2023";"1200";"";"";"";"";"";"";"";"";"";"";"";"";"";"";"";"";""
"08/08/2023";"1300";"";"";"";"";"";"";"";"";"";"";"";"";"";"";"";"";""
"08/08/2023";"1400";"";"";"";"";"";"";"";"";"";"";"";"";"";"";"";"";""
"08/08/2023";"1500";"";"";"";"";"";"";"";"";"";"";"";"";"";"";"";"";""
"08/08/2023";"1600";"";"";"";"";"";"";"";"";"";"";"";"";"";"";"";"";""
"08/08/2023";"1700";"";"";"";"";"";"";"";"";"";"";"";"";"";"";"";"";""
"08/08/2023";"1800";"";"";"";"";"";"";"";"";"";"";"";"";"";"";"";"";""
"08/08/2023";"1900";"";"";"";"";"";"";"";"";"";"";"";"";"";"";"";"";""
"08/08/2023";"2000";"";"";"";"";"";"";"";"";"";"";"";"";"";"";"";"";""
"08/08/2023";"2100";"";"";"";"";"";"";"";"";"";"";"";"";"";"";"";"";""
"08/08/2023";"2200";"";"";"";"";"";"";"";"";"";"";"";"";"";"";"";"";""
"08/08/2023";"2300";"";"";"";"";"";"";"";"";"";"";"";"";"";"";"";"";""
"09/08/2023";"0000";"";"";"";"";"";"";"";"";"";"";"";"";"";"";"";"";""
"09/08/2023";"0100";"";"";"";"";"";"";"";"";"";"";"";"";"";"";"";"";""
"09/08/2023";"0200";"";"";"";"";"";"";"";"";"";"";"";"";"";"";"";"";""
"09/08/2023";"0300";"";"";"";"";"";"";"";"";"";"";"";"";"";"";"";"";""
"09/08/2023";"0400";"";"";"";"";"";"";"";"";"";"";"";"";"";"";"";"";""
"09/08/2023";"0500";"";"";"";"";"";"";"";"";"";"";"";"";"";"";"";"";""
"09/08/2023";"0600";"";"";"";"";"";"";"";"";"";"";"";"";"";"";"";"";""
"09/08/2023";"0700";"";"";"";"";"";"";"";"";"";"";"";"";"";"";"";"";""
"09/08/2023";"0800";"";"";"";"";"";"";"";"";"";"";"";"";"";"";"";"";""
"09/08/2023";"0900";"";"";"";"";"";"";"";"";"";"";"";"";"";"";"";"";""
"09/08/2023";"1000";"";"";"";"";"";"";"";"";"";"";"";"";"";"";"";"";""
"09/08/2023";"1100";"";"";"";"";"";"";"";"";"";"";"";"";"";"";"";"";""
"09/08/2023";"1200";"";"";"";"";"";"";"";"";"";"";"";"";"";"";"";"";""
"09/08/2023";"1300";"";"";"";"";"";"";"";"";"";"";"";"";"";"";"";"";""
"09/08/2023";"1400";"";"";"";"";"";"";"";"";"";"";"";"";"";"";"";"";""
"09/08/2023";"1500";"";"";"";"";"";"";"";"";"";"";"";"";"";"";"";"";""
"09/08/2023";"1600";"";"";"";"";"";"";"";"";"";"";"";"";"";"";"";"";""
"09/08/2023";"1700";"";"";"";"";"";"";"";"";"";"";"";"";"";"";"";"";""
"09/08/2023";"1800";"";"";"";"";"";"";"";"";"";"";"";"";"";"";"";"";""
"09/08/2023";"1900";"";"";"";"";"";"";"";"";"";"";"";"";"";"";"";"";""
"09/08/2023";"2000";"";"";"";"";"";"";"";"";"";"";"";"";"";"";"";"";""
"09/08/2023";"2100";"";"";"";"";"";"";"";"";"";"";"";"";"";"";"";"";""
"09/08/2023";"2200";"";"";"";"";"";"";"";"";"";"";"";"";"";"";"";"";""
"09/08/2023";"2300";"";"";"";"";"";"";"";"";"";"";"";"";"";"";"";"";""
"10/08/2023";"0000";"";"";"";"";"";"";"";"";"";"";"";"";"";"";"";"";""
"10/08/2023";"0100";"";"";"";"";"";"";"";"";"";"";"";"";"";"";"";"";""
"10/08/2023";"0200";"";"";"";"";"";"";"";"";"";"";"";"";"";"";"";"";""
"10/08/2023";"0300";"";"";"";"";"";"";"";"";"";"";"";"";"";"";"";"";""
"10/08/2023";"0400";"";"";"";"";"";"";"";"";"";"";"";"";"";"";"";"";""
"10/08/2023";"0500";"";"";"";"";"";"";"";"";"";"";"";"";"";"";"";"";""
"10/08/2023";"0600";"";"";"";"";"";"";"";"";"";"";"";"";"";"";"";"";""
"10/08/2023";"0700";"";"";"";"";"";"";"";"";"";"";"";"";"";"";"";"";""
"10/08/2023";"0800";"";"";"";"";"";"";"";"";"";"";"";"";"";"";"";"";""
"10/08/2023";"0900";"";"";"";"";"";"";"";"";"";"";"";"";"";"";"";"";""
"10/08/2023";"1000";"";"";"";"";"";"";"";"";"";"";"";"";"";"";"";"";""
"10/08/2023";"1100";"";"";"";"";"";"";"";"";"";"";"";"";"";"";"";"";""
"10/08/2023";"1200";"";"";"";"";"";"";"";"";"";"";"";"";"";"";"";"";""
"10/08/2023";"1300";"";"";"";"";"";"";"";"";"";"";"";"";"";"";"";"";""
"10/08/2023";"1400";"";"";"";"";"";"";"";"";"";"";"";"";"";"";"";"";""
"10/08/2023";"1500";"";"";"";"";"";"";"";"";"";"";"";"";"";"";"";"";""
"10/08/2023";"1600";"";"";"";"";"";"";"";"";"";"";"";"";"";"";"";"";""
"10/08/2023";"1700";"";"";"";"";"";"";"";"";"";"";"";"";"";"";"";"";""
"10/08/2023";"1800";"";"";"";"";"";"";"";"";"";"";"";"";"";"";"";"";""
"10/08/2023";"1900";"";"";"";"";"";"";"";"";"";"";"";"";"";"";"";"";""
"10/08/2023";"2000";"";"";"";"";"";"";"";"";"";"";"";"";"";"";"";"";""
"10/08/2023";"2100";"";"";"";"";"";"";"";"";"";"";"";"";"";"";"";"";""
"10/08/2023";"2200";"";"";"";"";"";"";"";"";"";"";"";"";"";"";"";"";""
"10/08/2023";"2300";"";"";"";"";"";"";"";"";"";"";"";"";"";"";"";"";""
"11/08/2023";"0000";"";"";"";"";"";"";"";"";"";"";"";"";"";"";"";"";""
"11/08/2023";"0100";"";"";"";"";"";"";"";"";"";"";"";"";"";"";"";"";""
"11/08/2023";"0200";"";"";"";"";"";"";"";"";"";"";"";"";"";"";"";"";""
"11/08/2023";"0300";"";"";"";"";"";"";"";"";"";"";"";"";"";"";"";"";""
"11/08/2023";"0400";"";"";"";"";"";"";"";"";"";"";"";"";"";"";"";"";""
"11/08/2023";"0500";"";"";"";"";"";"";"";"";"";"";"";"";"";"";"";"";""
"11/08/2023";"0600";"";"";"";"";"";"";"";"";"";"";"";"";"";"";"";"";""
"11/08/2023";"0700";"";"";"";"";"";"";"";"";"";"";"";"";"";"";"";"";""
"11/08/2023";"0800";"";"";"";"";"";"";"";"";"";"";"";"";"";"";"";"";""
"11/08/2023";"0900";"";"";"";"";"";"";"";"";"";"";"";"";"";"";"";"";""
"11/08/2023";"1000";"";"";"";"";"";"";"";"";"";"";"";"";"";"";"";"";""
"11/08/2023";"1100";"";"";"";"";"";"";"";"";"";"";"";"";"";"";"";"";""
"11/08/2023";"1200";"";"";"";"";"";"";"";"";"";"";"";"";"";"";"";"";""
"11/08/2023";"1300";"";"";"";"";"";"";"";"";"";"";"";"";"";"";"";"";""
"11/08/2023";"1400";"";"";"";"";"";"";"";"";"";"";"";"";"";"";"";"";""
"11/08/2023";"1500";"";"";"";"";"";"";"";"";"";"";"";"";"";"";"";"";""
"11/08/2023";"1600";"";"";"";"";"";"";"";"";"";"";"";"";"";"";"";"";""
"11/08/2023";"1700";"";"";"";"";"";"";"";"";"";"";"";"";"";"";"";"";""
"11/08/2023";"1800";"";"";"";"";"";"";"";"";"";"";"";"";"";"";"";"";""
"11/08/2023";"1900";"";"";"";"";"";"";"";"";"";"";"";"";"";"";"";"";""
"11/08/2023";"2000";"";"";"";"";"";"";"";"";"";"";"";"";"";"";"";"";""
"11/08/2023";"2100";"";"";"";"";"";"";"";"";"";"";"";"";"";"";"";"";""
"11/08/2023";"2200";"";"";"";"";"";"";"";"";"";"";"";"";"";"";"";"";""
"11/08/2023";"2300";"";"";"";"";"";"";"";"";"";"";"";"";"";"";"";"";""
"12/08/2023";"0000";"";"";"";"";"";"";"";"";"";"";"";"";"";"";"";"";""
"12/08/2023";"0100";"";"";"";"";"";"";"";"";"";"";"";"";"";"";"";"";""
"12/08/2023";"0200";"";"";"";"";"";"";"";"";"";"";"";"";"";"";"";"";""
"12/08/2023";"0300";"";"";"";"";"";"";"";"";"";"";"";"";"";"";"";"";""
"12/08/2023";"0400";"";"";"";"";"";"";"";"";"";"";"";"";"";"";"";"";""
"12/08/2023";"0500";"";"";"";"";"";"";"";"";"";"";"";"";"";"";"";"";""
"12/08/2023";"0600";"";"";"";"";"";"";"";"";"";"";"";"";"";"";"";"";""
"12/08/2023";"0700";"";"";"";"";"";"";"";"";"";"";"";"";"";"";"";"";""
"12/08/2023";"0800";"";"";"";"";"";"";"";"";"";"";"";"";"";"";"";"";""
"12/08/2023";"0900";"";"";"";"";"";"";"";"";"";"";"";"";"";"";"";"";""
"12/08/2023";"1000";"";"";"";"";"";"";"";"";"";"";"";"";"";"";"";"";""
"12/08/2023";"1100";"";"";"";"";"";"";"";"";"";"";"";"";"";"";"";"";""
"12/08/2023";"1200";"";"";"";"";"";"";"";"";"";"";"";"";"";"";"";"";""
"12/08/2023";"1300";"";"";"";"";"";"";"";"";"";"";"";"";"";"";"";"";""
"12/08/2023";"1400";"";"";"";"";"";"";"";"";"";"";"";"";"";"";"";"";""
"12/08/2023";"1500";"";"";"";"";"";"";"";"";"";"";"";"";"";"";"";"";""
"12/08/2023";"1600";"";"";"";"";"";"";"";"";"";"";"";"";"";"";"";"";""
"12/08/2023";"1700";"";"";"";"";"";"";"";"";"";"";"";"";"";"";"";"";""
"12/08/2023";"1800";"";"";"";"";"";"";"";"";"";"";"";"";"";"";"";"";""
"12/08/2023";"1900";"";"";"";"";"";"";"";"";"";"";"";"";"";"";"";"";""
"12/08/2023";"2000";"";"";"";"";"";"";"";"";"";"";"";"";"";"";"";"";""
"12/08/2023";"2100";"";"";"";"";"";"";"";"";"";"";"";"";"";"";"";"";""
"12/08/2023";"2200";"";"";"";"";"";"";"";"";"";"";"";"";"";"";"";"";""
"12/08/2023";"2300";"";"";"";"";"";"";"";"";"";"";"";"";"";"";"";"";""
"13/08/2023";"0000";"";"";"";"";"";"";"";"";"";"";"";"";"";"";"";"";""
"13/08/2023";"0100";"";"";"";"";"";"";"";"";"";"";"";"";"";"";"";"";""
"13/08/2023";"0200";"";"";"";"";"";"";"";"";"";"";"";"";"";"";"";"";""
"13/08/2023";"0300";"";"";"";"";"";"";"";"";"";"";"";"";"";"";"";"";""
"13/08/2023";"0400";"";"";"";"";"";"";"";"";"";"";"";"";"";"";"";"";""
"13/08/2023";"0500";"";"";"";"";"";"";"";"";"";"";"";"";"";"";"";"";""
"13/08/2023";"0600";"";"";"";"";"";"";"";"";"";"";"";"";"";"";"";"";""
"13/08/2023";"0700";"";"";"";"";"";"";"";"";"";"";"";"";"";"";"";"";""
"13/08/2023";"0800";"";"";"";"";"";"";"";"";"";"";"";"";"";"";"";"";""
"13/08/2023";"0900";"";"";"";"";"";"";"";"";"";"";"";"";"";"";"";"";""
"13/08/2023";"1000";"";"";"";"";"";"";"";"";"";"";"";"";"";"";"";"";""
"13/08/2023";"1100";"";"";"";"";"";"";"";"";"";"";"";"";"";"";"";"";""
"13/08/2023";"1200";"";"";"";"";"";"";"";"";"";"";"";"";"";"";"";"";""
"13/08/2023";"1300";"";"";"";"";"";"";"";"";"";"";"";"";"";"";"";"";""
"13/08/2023";"1400";"";"";"";"";"";"";"";"";"";"";"";"";"";"";"";"";""
"13/08/2023";"1500";"";"";"";"";"";"";"";"";"";"";"";"";"";"";"";"";""
"13/08/2023";"1600";"";"";"";"";"";"";"";"";"";"";"";"";"";"";"";"";""
"13/08/2023";"1700";"";"";"";"";"";"";"";"";"";"";"";"";"";"";"";"";""
"13/08/2023";"1800";"28,1";"28,1";"24,4";"70,0";"89,0";"67,0";"22,0";"22,5";"20,1";"992,1";"993,5";"992,1";"1,0";"233,0";"3,0";"2740,20";"0,0"
"13/08/2023";"1900";"26,9";"28,1";"26,6";"69,0";"72,0";"67,0";"20,7";"22,0";"20,4";"992,0";"992,1";"991,5";"2,2";"232,0";"3,9";"1751,60";"0,0"
"13/08/2023";"2000";"26,6";"26,9";"26,4";"73,0";"73,0";"68,0";"21,3";"21,5";"20,4";"992,4";"992,5";"992,0";"0,8";"199,0";"3,7";"565,90";"0,0"
"13/08/2023";"2100";"25,6";"26,6";"25,6";"78,0";"78,0";"73,0";"21,5";"21,7";"21,1";"992,6";"992,7";"992,3";"1,7";"202,0";"3,3";"357,20";"0,4"
"13/08/2023";"2200";"24,1";"25,9";"24,1";"85,0";"85,0";"77,0";"21,4";"21,7";"21,4";"993,2";"993,2";"992,5";"2,2";"198,0";"5,6";"185,20";"2,6"
"13/08/2023";"2300";"23,0";"24,1";"23,0";"86,0";"86,0";"82,0";"20,5";"21,3";"20,5";"994,5";"994,5";"993,2";"0,5";"192,0";"4,4";"1,70";"0,2"
"14/08/2023";"0000";"22,8";"23,0";"22,7";"88,0";"88,0";"86,0";"20,7";"20,8";"20,4";"994,7";"994,8";"994,5";"0,8";"218,0";"2,5";"";"0,0"
"14/08/2023";"0100";"22,4";"23,0";"22,4";"90,0";"90,0";"87,0";"20,6";"20,8";"20,6";"995,1";"995,1";"994,6";"1,1";"275,0";"2,5";"";"0,0"
"14/08/2023";"0200";"22,4";"22,4";"22,2";"91,0";"91,0";"90,0";"20,8";"20,8";"20,6";"995,5";"995,5";"995,0";"0,8";"307,0";"2,2";"";"0,0"
"14/08/2023";"0300";"22,2";"22,4";"21,9";"92,0";"93,0";"91,0";"20,8";"21,0";"20,6";"994,5";"995,7";"994,5";"1,6";"206,0";"3,0";"";"0,0"
"14/08/2023";"0400";"21,8";"22,2";"21,8";"94,0";"94,0";"92,0";"20,8";"20,9";"20,7";"994,4";"994,8";"994,4";"1,7";"232,0";"3,5";"";"0,0"
"14/08/2023";"0500";"21,6";"21,9";"21,6";"95,0";"95,0";"94,0";"20,7";"20,8";"20,7";"993,7";"994,4";"993,7";"0,4";"203,0";"3,2";"";"0,0"
"14/08/2023";"0600";"21,6";"21,6";"21,4";"96,0";"96,0";"95,0";"20,9";"20,9";"20,6";"993,1";"993,7";"993,1";"0,8";"215,0";"2,2";"";"0,4"
"14/08/2023";"0700";"21,0";"21,6";"21,0";"96,0";"96,0";"95,0";"20,3";"20,9";"20,2";"992,7";"993,1";"992,7";"1,0";"191,0";"2,8";"";"0,0"
"14/08/2023";"0800";"20,9";"21,0";"20,8";"96,0";"96,0";"96,0";"20,2";"20,3";"20,1";"992,5";"992,7";"992,4";"0,9";"191,0";"2,2";"";"0,0"
"14/08/2023";"0900";"20,3";"20,9";"20,3";"96,0";"96,0";"95,0";"19,6";"20,2";"19,6";"992,7";"992,7";"992,5";"0,4";"197,0";"1,7";"";"0,0"
"14/08/2023";"1000";"20,2";"20,4";"20,1";"96,0";"96,0";"96,0";"19,5";"19,7";"19,5";"993,1";"993,1";"992,7";"0,5";"188,0";"1,2";"0,10";"0,0"
"14/08/2023";"1100";"20,9";"20,9";"20,1";"96,0";"96,0";"96,0";"20,3";"20,3";"19,5";"994,0";"994,0";"993,1";"0,9";"206,0";"2,4";"113,90";"0,0"
"14/08/2023";"1200";"23,2";"23,2";"20,9";"87,0";"96,0";"86,0";"20,9";"21,3";"20,3";"994,7";"994,8";"994,0";"2,3";"195,0";"4,5";"865,20";"0,0"
"14/08/2023";"1300";"25,4";"25,4";"22,9";"79,0";"87,0";"79,0";"21,5";"21,6";"20,4";"994,8";"994,9";"994,7";"2,5";"210,0";"5,2";"1151,80";"0,0"
"14/08/2023";"1400";"27,2";"27,4";"25,1";"69,0";"79,0";"69,0";"20,9";"21,8";"20,6";"994,6";"994,8";"994,6";"2,6";"205,0";"5,3";"2434,80";"0,0"
"14/08/2023";"1500";"28,8";"29,1";"27,2";"63,0";"70,0";"63,0";"21,2";"21,9";"20,7";"994,1";"994,6";"994,1";"2,5";"212,0";"5,7";"2971,30";"0,0"
"14/08/2023";"1600";"29,9";"30,2";"28,6";"60,0";"66,0";"57,0";"21,3";"22,3";"20,5";"993,3";"994,1";"993,3";"2,0";"207,0";"5,7";"3020,60";"0,0"
"14/08/2023";"1700";"30,9";"31,3";"29,8";"54,0";"62,0";"51,0";"20,5";"22,0";"19,6";"992,4";"993,3";"992,4";"1,4";"204,0";"4,3";"3179,00";"0,0"
"14/08/2023";"1800";"31,8";"32,0";"31,0";"45,0";"54,0";"45,0";"18,6";"20,8";"18,1";"991,3";"992,3";"991,3";"2,1";"231,0";"5,0";"2889,40";"0,0"
"14/08/2023";"1900";"32,1";"32,2";"31,5";"47,0";"50,0";"40,0";"19,2";"19,9";"16,9";"990,7";"991,3";"990,7";"0,9";"224,0";"5,0";"2335,90";"0,0"
"14/08/2023";"2000";"30,9";"32,5";"30,9";"54,0";"55,0";"40,0";"20,4";"20,9";"16,5";"990,6";"990,7";"990,5";"1,4";"200,0";"4,0";"1562,70";"0,0"
"14/08/2023";"2100";"29,4";"31,1";"29,4";"60,0";"60,0";"42,0";"20,9";"20,9";"16,3";"990,8";"990,9";"990,5";"1,5";"200,0";"3,1";"580,00";"0,0"
"14/08/2023";"2200";"27,9";"29,4";"27,8";"68,0";"68,0";"60,0";"21,4";"21,6";"20,9";"991,6";"991,6";"990,8";"1,7";"212,0";"2,8";"150,20";"0,0"
"14/08/2023";"2300";"26,5";"27,8";"26,5";"73,0";"73,0";"68,0";"21,3";"21,6";"21,3";"992,4";"992,4";"991,6";"1,4";"205,0";"2,8";"0,30";"0,0"
"15/08/2023";"0000";"25,0";"26,5";"25,0";"79,0";"79,0";"73,0";"21,2";"21,4";"21,1";"993,1";"993,1";"992,4";"0,9";"187,0";"2,3";"";"0,0"
"15/08/2023";"0100";"24,2";"25,1";"24,2";"84,0";"84,0";"79,0";"21,3";"21,4";"21,2";"993,4";"993,5";"993,1";"1,1";"192,0";"1,8";"";"0,0"
"15/08/2023";"0200";"23,7";"24,3";"23,5";"86,0";"86,0";"84,0";"21,3";"21,3";"21,0";"993,9";"993,9";"993,4";"1,0";"194,0";"1,8";"";"0,0"
"15/08/2023";"0300";"23,4";"24,0";"23,4";"87,0";"87,0";"84,0";"21,1";"21,4";"20,9";"993,7";"994,0";"993,7";"0,6";"228,0";"1,6";"";"0,0"
"15/08/2023";"0400";"22,7";"23,4";"22,6";"90,0";"90,0";"87,0";"20,9";"21,2";"20,7";"993,5";"993,7";"993,4";"0,1";"193,0";"1,1";"";"0,2"
"15/08/2023";"0500";"22,4";"23,0";"22,4";"90,0";"90,0";"89,0";"20,7";"21,2";"20,6";"992,6";"993,5";"992,6";"0,2";"184,0";"0,9";"";"0,0"
"15/08/2023";"0600";"22,5";"22,6";"22,1";"90,0";"91,0";"90,0";"20,8";"21,0";"20,5";"992,2";"992,6";"992,2";"1,1";"192,0";"1,9";"";"0,0"
"15/08/2023";"0700";"22,4";"23,1";"22,3";"89,0";"90,0";"87,0";"20,6";"21,0";"20,4";"991,7";"992,2";"991,7";"0,7";"189,0";"2,7";"";"0,0"
"15/08/2023";"0800";"21,9";"22,4";"21,8";"91,0";"91,0";"89,0";"20,3";"20,6";"20,2";"991,8";"991,8";"991,7";"0,0";"251,0";"1,9";"";"0,0"
"15/08/2023";"0900";"21,7";"21,9";"21,5";"94,0";"94,0";"91,0";"20,6";"20,6";"20,1";"992,4";"992,4";"991,8";"0,1";"293,0";"0,8";"";"0,0"
"15/08/2023";"1000";"21,3";"21,7";"21,3";"95,0";"95,0";"93,0";"20,4";"20,6";"20,3";"992,8";"992,8";"992,4";"0,0";"214,0";"0,5";"0,10";"0,0"
"15/08/2023";"1100";"23,1";"23,1";"21,2";"91,0";"95,0";"91,0";"21,5";"21,7";"20,3";"993,5";"993,5";"992,8";"0,0";"195,0";"0,6";"165,20";"0,0"
"15/08/2023";"1200";"23,5";"23,9";"23,1";"88,0";"91,0";"85,0";"21,4";"22,1";"21,0";"994,2";"994,2";"993,5";"1,1";"300,0";"1,8";"618,30";"0,0"
"15/08/2023";"1300";"26,7";"27,1";"23,5";"71,0";"89,0";"70,0";"20,9";"22,7";"20,9";"994,6";"994,6";"994,2";"1,0";"229,0";"2,9";"1755,50";"0,0"
"15/08/2023";"1400";"29,3";"29,3";"26,7";"61,0";"73,0";"61,0";"20,9";"22,0";"20,6";"994,4";"994,6";"994,4";"1,8";"221,0";"3,7";"2437,00";"0,0"
"15/08/2023";"1500";"31,2";"31,3";"29,3";"50,0";"62,0";"50,0";"19,5";"21,5";"19,2";"993,7";"994,4";"993,7";"1,3";"221,0";"4,5";"2976,00";"0,0"
"15/08/2023";"1600";"31,3";"31,7";"30,5";"51,0";"53,0";"49,0";"20,1";"20,6";"19,1";"992,6";"993,7";"992,6";"2,1";"228,0";"4,7";"2761,40";"0,0"
"15/08/2023";"1700";"33,3";"33,4";"31,2";"44,0";"52,0";"43,0";"19,5";"20,1";"17,7";"991,5";"992,6";"991,5";"1,5";"292,0";"3,9";"3020,90";"0,0"
"15/08/2023";"1800";"33,3";"33,6";"31,9";"35,0";"46,0";"35,0";"15,9";"19,8";"15,7";"990,4";"991,5";"990,4";"1,9";"244,0";"5,6";"2703,60";"0,0"
"15/08/2023";"1900";"33,4";"34,3";"32,7";"33,0";"39,0";"32,0";"15,1";"17,4";"14,3";"989,8";"990,4";"989,8";"1,0";"247,0";"4,1";"2432,00";"0,0"
"15/08/2023";"2000";"31,9";"34,0";"31,1";"49,0";"51,0";"32,0";"20,0";"20,3";"15,1";"989,8";"989,8";"989,7";"2,3";"239,0";"4,5";"1301,00";"0,0"
"15/08/2023";"2100";"30,6";"32,1";"30,5";"55,0";"55,0";"48,0";"20,4";"20,6";"19,1";"990,1";"990,1";"989,8";"2,2";"202,0";"4,7";"949,60";"0,0"
"15/08/2023";"2200";"28,5";"30,7";"28,5";"62,0";"62,0";"54,0";"20,5";"20,6";"20,0";"990,6";"990,6";"990,1";"2,1";"203,0";"4,1";"212,40";"0,0"
"15/08/2023";"2300";"27,3";"28,5";"27,3";"68,0";"68,0";"62,0";"20,7";"20,8";"20,5";"991,2";"991,2";"990,6";"1,5";"204,0";"3,3";"1,20";"0,2"
"16/08/2023";"0000";"26,0";"27,3";"25,9";"74,0";"74,0";"68,0";"21,0";"21,0";"20,7";"991,6";"991,6";"991,1";"1,0";"194,0";"2,5";"";"0,0"
"16/08/2023";"0100";"25,4";"26,0";"25,4";"76,0";"77,0";"74,0";"20,9";"21,1";"20,9";"992,4";"992,4";"991,6";"0,7";"212,0";"1,8";"";"0,0"
"16/08/2023";"0200";"24,6";"25,4";"24,4";"80,0";"81,0";"76,0";"20,8";"21,2";"20,7";"992,7";"992,7";"992,4";"0,3";"192,0";"1,1";"";"0,0"
"16/08/2023";"0300";"24,0";"24,6";"24,0";"85,0";"85,0";"80,0";"21,3";"21,3";"20,8";"992,6";"992,7";"992,6";"0,9";"317,0";"1,4";"";"0,0"
"16/08/2023";"0400";"23,2";"24,1";"23,1";"87,0";"87,0";"84,0";"20,9";"21,3";"20,6";"992,2";"992,7";"992,2";"0,6";"328,0";"2,3";"";"0,0"
"16/08/2023";"0500";"23,0";"23,2";"22,5";"87,0";"90,0";"87,0";"20,8";"21,0";"20,6";"991,7";"992,2";"991,7";"0,8";"298,0";"2,6";"";"0,2"
"16/08/2023";"0600";"22,4";"23,0";"22,4";"90,0";"90,0";"87,0";"20,8";"21,0";"20,6";"991,2";"991,7";"991,2";"0,3";"287,0";"1,4";"";"0,0"
"16/08/2023";"0700";"22,3";"22,5";"22,0";"92,0";"93,0";"90,0";"20,9";"21,1";"20,6";"991,0";"991,2";"991,0";"0,6";"270,0";"1,3";"";"0,0"
"16/08/2023";"0800";"21,0";"22,3";"20,9";"95,0";"95,0";"92,0";"20,2";"20,9";"19,9";"991,4";"991,4";"991,0";"0,3";"182,0";"1,3";"";"0,0"
"16/08/2023";"0900";"20,9";"21,1";"20,6";"96,0";"96,0";"95,0";"20,2";"20,3";"19,8";"991,7";"991,7";"991,4";"0,0";"218,0";"1,4";"";"0,0"
"16/08/2023";"1000";"20,8";"21,0";"20,7";"96,0";"96,0";"96,0";"20,1";"20,3";"20,0";"992,4";"992,4";"991,7";"0,0";"298,0";"0,0";"";"0,0"
"16/08/2023";"1100";"21,7";"21,7";"20,6";"96,0";"96,0";"96,0";"21,0";"21,0";"19,9";"993,0";"993,0";"992,4";"0,0";"305,0";"0,0";"142,00";"0,0"
"16/08/2023";"1200";"24,0";"24,1";"21,7";"89,0";"96,0";"89,0";"22,0";"22,6";"21,1";"993,9";"993,9";"993,0";"0,2";"196,0";"1,2";"806,00";"0,0"
"16/08/2023";"1300";"26,7";"26,7";"24,0";"74,0";"89,0";"74,0";"21,8";"22,6";"21,3";"994,4";"994,4";"993,9";"1,3";"254,0";"2,5";"1630,90";"0,0"
"16/08/2023";"1400";"29,2";"29,2";"26,7";"65,0";"76,0";"65,0";"22,0";"22,5";"21,6";"994,4";"994,5";"994,4";"1,3";"259,0";"2,9";"2344,00";"0,0"
"16/08/2023";"1500";"30,8";"30,8";"29,2";"57,0";"66,0";"57,0";"21,4";"22,6";"20,9";"994,0";"994,4";"994,0";"0,8";"249,0";"3,7";"2819,50";"0,0"
"16/08/2023";"1600";"32,1";"33,3";"30,8";"47,0";"60,0";"46,0";"19,5";"22,6";"19,2";"993,0";"994,0";"993,0";"1,2";"276,0";"3,6";"3023,60";"0,2"
"16/08/2023";"1700";"32,5";"33,3";"31,9";"44,0";"51,0";"42,0";"18,8";"21,0";"18,3";"991,9";"993,0";"991,9";"0,9";"303,0";"3,3";"2694,20";"0,0"
"16/08/2023";"1800";"32,9";"34,0";"31,6";"40,0";"45,0";"35,0";"17,7";"18,9";"15,7";"990,9";"991,9";"990,9";"2,0";"282,0";"4,9";"2606,40";"0,0"
"16/08/2023";"1900";"32,8";"33,7";"32,6";"43,0";"45,0";"36,0";"18,4";"19,1";"16,4";"990,4";"990,9";"990,4";"2,6";"251,0";"4,9";"2419,90";"0,0"
"16/08/2023";"2000";"31,2";"32,9";"31,2";"48,0";"48,0";"41,0";"18,8";"19,2";"17,6";"990,3";"990,4";"990,2";"1,7";"254,0";"4,4";"1252,40";"0,0"
"16/08/2023";"2100";"30,0";"31,2";"29,9";"56,0";"58,0";"48,0";"20,3";"20,7";"18,6";"990,4";"990,4";"990,2";"0,1";"287,0";"3,3";"272,50";"0,2"
"16/08/2023";"2200";"28,5";"30,1";"28,5";"66,0";"66,0";"53,0";"21,4";"22,4";"19,5";"991,1";"991,1";"990,4";"0,6";"259,0";"2,2";"63,30";"0,4"
"16/08/2023";"2300";"27,8";"28,5";"27,5";"63,0";"68,0";"61,0";"20,0";"21,7";"19,8";"991,8";"991,8";"991,1";"0,2";"316,0";"2,5";"";"2,2"
"17/08/2023";"0000";"26,0";"28,6";"26,0";"71,0";"71,0";"56,0";"20,3";"20,4";"18,8";"992,2";"992,2";"991,8";"0,2";"195,0";"2,0";"";"0,0"
"17/08/2023";"0100";"25,1";"26,0";"25,1";"78,0";"78,0";"69,0";"21,0";"21,0";"19,7";"992,8";"992,8";"992,2";"0,9";"194,0";"1,7";"";"0,0"
"17/08/2023";"0200";"24,4";"25,1";"24,4";"83,0";"83,0";"78,0";"21,3";"21,4";"21,0";"993,0";"993,0";"992,8";"0,8";"207,0";"1,6";"";"1,8"
"17/08/2023";"0300";"23,6";"24,4";"23,5";"83,0";"85,0";"80,0";"20,5";"21,3";"20,3";"992,8";"993,1";"992,8";"0,6";"211,0";"1,7";"";"0,0"
"17/08/2023";"0400";"22,9";"23,6";"22,7";"86,0";"86,0";"83,0";"20,4";"20,5";"20,1";"992,7";"992,9";"992,7";"0,4";"215,0";"1,0";"";"0,0"
"17/08/2023";"0500";"22,5";"22,9";"22,5";"88,0";"88,0";"86,0";"20,4";"20,5";"20,2";"992,3";"992,7";"992,3";"0,5";"211,0";"1,5";"";"0,0"
"17/08/2023";"0600";"21,6";"22,5";"21,6";"90,0";"90,0";"88,0";"20,0";"20,6";"19,9";"991,7";"992,3";"991,7";"0,0";"198,0";"1,2";"";"0,0"
"17/08/2023";"0700";"22,0";"22,1";"21,6";"89,0";"91,0";"88,0";"20,1";"20,3";"19,9";"991,5";"991,7";"991,5";"0,0";"207,0";"0,5";"";"0,0"
"17/08/2023";"0800";"21,2";"22,0";"21,0";"94,0";"94,0";"89,0";"20,3";"20,3";"19,8";"991,5";"991,5";"991,4";"0,0";"191,0";"0,8";"";"0,0"
"17/08/2023";"0900";"21,6";"21,7";"21,1";"93,0";"95,0";"93,0";"20,3";"20,8";"20,1";"992,0";"992,0";"991,5";"0,0";"330,0";"0,9";"";"0,0"
"17/08/2023";"1000";"21,0";"21,8";"21,0";"93,0";"93,0";"91,0";"19,9";"20,4";"19,6";"992,8";"992,8";"992,0";"0,0";"302,0";"1,0";"";"0,0"
"17/08/2023";"1100";"22,1";"22,1";"20,9";"92,0";"94,0";"92,0";"20,8";"20,8";"19,8";"993,5";"993,5";"992,8";"0,1";"209,0";"0,6";"118,10";"0,0"
"17/08/2023";"1200";"23,0";"23,3";"22,1";"88,0";"92,0";"87,0";"20,8";"21,5";"20,7";"994,2";"994,2";"993,5";"0,9";"193,0";"1,6";"598,10";"0,2"
"17/08/2023";"1300";"27,0";"27,2";"23,0";"76,0";"88,0";"74,0";"22,4";"22,5";"20,9";"994,7";"994,7";"994,2";"0,4";"296,0";"1,8";"1432,70";"0,0"
"17/08/2023";"1400";"29,0";"29,4";"26,9";"66,0";"76,0";"66,0";"22,1";"22,9";"21,7";"994,8";"994,9";"994,7";"0,7";"290,0";"2,4";"2156,20";"0,2"
"17/08/2023";"1500";"31,4";"31,6";"28,9";"58,0";"68,0";"55,0";"22,1";"22,8";"21,0";"994,2";"994,8";"994,2";"1,2";"310,0";"4,3";"2636,80";"0,0"
"17/08/2023";"1600";"32,4";"33,2";"31,3";"44,0";"59,0";"43,0";"18,7";"22,2";"18,3";"993,4";"994,2";"993,4";"2,0";"313,0";"6,7";"2953,80";"0,0"
"17/08/2023";"1700";"33,0";"33,8";"32,4";"39,0";"46,0";"36,0";"17,3";"19,9";"16,0";"992,4";"993,4";"992,4";"2,4";"308,0";"5,8";"2994,20";"0,0"
"17/08/2023";"1800";"33,1";"33,5";"32,4";"40,0";"43,0";"38,0";"17,8";"18,7";"16,6";"991,1";"992,4";"991,1";"2,3";"294,0";"5,6";"2563,20";"0,0"
"17/08/2023";"1900";"32,9";"33,5";"32,6";"41,0";"44,0";"38,0";"17,8";"19,4";"17,1";"990,3";"991,1";"990,3";"1,2";"275,0";"4,6";"2096,70";"0,0"
"17/08/2023";"2000";"32,6";"33,4";"32,5";"41,0";"47,0";"39,0";"17,8";"20,4";"16,9";"989,9";"990,3";"989,9";"1,5";"297,0";"3,9";"1334,40";"0,0"
"17/08/2023";"2100";"30,8";"32,6";"30,8";"54,0";"54,0";"40,0";"20,5";"20,5";"17,4";"990,1";"990,1";"989,8";"2,1";"233,0";"3,9";"704,30";"0,0"
"17/08/2023";"2200";"28,8";"30,8";"28,8";"58,0";"59,0";"54,0";"19,8";"20,9";"19,8";"990,5";"990,5";"990,1";"0,5";"229,0";"4,1";"96,50";"0,0"
"17/08/2023";"2300";"27,8";"28,8";"27,8";"64,0";"64,0";"58,0";"20,3";"20,5";"19,7";"990,9";"990,9";"990,5";"0,3";"207,0";"2,0";"";"0,0"
"18/08/2023";"0000";"26,7";"27,8";"26,7";"69,0";"69,0";"62,0";"20,4";"20,8";"19,7";"991,3";"991,3";"990,9";"0,0";"192,0";"1,2";"";"0,0"
"18/08/2023";"0100";"25,8";"26,7";"25,6";"75,0";"77,0";"69,0";"21,0";"21,4";"20,4";"992,0";"992,0";"991,3";"0,3";"221,0";"1,0";"";"0,0"
"18/08/2023";"0200";"25,1";"26,0";"25,0";"80,0";"80,0";"74,0";"21,3";"21,4";"20,6";"992,3";"992,3";"992,0";"0,5";"307,0";"1,1";"";"0,0"
"18/08/2023";"0300";"23,9";"25,2";"23,9";"85,0";"85,0";"80,0";"21,2";"21,6";"21,2";"992,5";"992,5";"992,3";"0,0";"324,0";"1,1";"";"0,0"
"18/08/2023";"0400";"23,8";"24,2";"23,8";"86,0";"87,0";"85,0";"21,3";"21,7";"21,3";"992,3";"992,6";"992,3";"0,1";"200,0";"0,7";"";"0,0"
"18/08/2023";"0500";"23,0";"23,8";"22,9";"90,0";"90,0";"86,0";"21,2";"21,3";"20,8";"991,7";"992,3";"991,7";"0,7";"203,0";"1,5";"";"0,0"
"18/08/2023";"0600";"22,5";"23,0";"22,4";"92,0";"92,0";"90,0";"21,0";"21,3";"20,9";"991,4";"991,7";"991,4";"0,6";"199,0";"2,0";"";"0,0"
"18/08/2023";"0700";"22,3";"22,5";"22,3";"91,0";"92,0";"91,0";"20,8";"21,1";"20,8";"990,9";"991,4";"990,9";"0,8";"211,0";"1,8";"";"0,0"
"18/08/2023";"0800";"22,1";"22,3";"22,0";"94,0";"94,0";"91,0";"21,2";"21,3";"20,7";"991,1";"991,1";"990,9";"0,0";"320,0";"2,2";"";"1,0"
"18/08/2023";"0900";"21,8";"22,3";"21,7";"96,0";"96,0";"94,0";"21,1";"21,4";"20,9";"991,1";"991,2";"991,0";"0,0";"309,0";"2,1";"";"0,0"
"18/08/2023";"1000";"21,3";"21,8";"21,2";"96,0";"96,0";"96,0";"20,6";"21,1";"20,5";"991,4";"991,4";"991,0";"0,0";"254,0";"0,0";"1,10";"0,0"
"18/08/2023";"1100";"22,4";"22,4";"21,0";"96,0";"96,0";"96,0";"21,7";"21,7";"20,4";"991,9";"991,9";"991,4";"0,2";"252,0";"0,9";"144,90";"0,0"
"18/08/2023";"1200";"25,6";"25,8";"22,4";"83,0";"96,0";"83,0";"22,5";"23,0";"21,7";"992,2";"992,2";"991,8";"0,3";"247,0";"1,4";"704,70";"0,0"
"18/08/2023";"1300";"29,2";"29,3";"25,3";"63,0";"85,0";"62,0";"21,5";"23,2";"21,5";"992,5";"992,5";"992,2";"0,5";"308,0";"2,2";"1538,30";"0,0"
"18/08/2023";"1400";"31,7";"31,7";"29,0";"55,0";"64,0";"52,0";"21,5";"22,2";"20,3";"992,2";"992,5";"992,2";"0,9";"316,0";"3,3";"2273,60";"0,2"
"18/08/2023";"1500";"32,3";"32,7";"31,7";"48,0";"54,0";"45,0";"19,8";"21,2";"18,7";"992,0";"992,2";"992,0";"2,1";"326,0";"5,8";"2811,00";"0,0"
"18/08/2023";"1600";"33,2";"33,4";"32,3";"44,0";"48,0";"41,0";"19,3";"20,3";"18,4";"991,2";"992,0";"991,2";"2,1";"310,0";"5,8";"2946,60";"0,0"
"18/08/2023";"1700";"34,2";"34,3";"32,9";"42,0";"45,0";"38,0";"19,3";"19,8";"17,2";"990,1";"991,2";"990,1";"1,2";"310,0";"6,3";"2978,00";"0,0"
"18/08/2023";"1800";"33,4";"34,8";"32,9";"41,0";"45,0";"37,0";"18,2";"20,2";"16,9";"988,9";"990,1";"988,9";"0,9";"254,0";"4,0";"2564,60";"0,0"
"18/08/2023";"1900";"33,7";"34,1";"33,2";"39,0";"44,0";"38,0";"17,9";"19,9";"17,5";"988,0";"988,9";"988,0";"0,8";"320,0";"3,6";"2005,30";"0,0"
"18/08/2023";"2000";"33,0";"34,2";"33,0";"41,0";"44,0";"37,0";"17,9";"19,0";"17,4";"987,7";"988,0";"987,7";"1,6";"297,0";"3,7";"1492,70";"0,0"
"18/08/2023";"2100";"32,4";"33,1";"32,3";"47,0";"47,0";"41,0";"19,6";"19,6";"18,0";"987,7";"987,8";"987,6";"2,2";"299,0";"3,3";"817,80";"0,0"
"18/08/2023";"2200";"30,0";"32,4";"30,0";"57,0";"57,0";"47,0";"20,5";"20,6";"19,4";"988,0";"988,0";"987,7";"1,1";"279,0";"3,8";"222,90";"0,0"
"18/08/2023";"2300";"27,4";"30,0";"27,4";"68,0";"68,0";"57,0";"20,9";"21,2";"20,5";"988,7";"988,7";"988,0";"2,0";"208,0";"4,0";"0,40";"0,0"
"19/08/2023";"0000";"26,3";"27,5";"26,3";"70,0";"70,0";"67,0";"20,5";"21,0";"20,5";"989,5";"989,5";"988,7";"2,1";"198,0";"5,4";"";"0,0"
"19/08/2023";"0100";"25,3";"26,3";"25,2";"74,0";"75,0";"70,0";"20,3";"20,6";"20,2";"989,9";"990,0";"989,5";"2,0";"194,0";"5,4";"";"0,0"
"19/08/2023";"0200";"25,4";"25,9";"25,3";"75,0";"75,0";"72,0";"20,5";"20,6";"20,3";"990,0";"990,1";"989,8";"1,3";"224,0";"3,6";"";"0,0"
"19/08/2023";"0300";"24,6";"25,6";"24,6";"78,0";"78,0";"73,0";"20,5";"20,7";"20,3";"990,1";"990,1";"989,9";"0,0";"323,0";"2,6";"";"0,0"
"19/08/2023";"0400";"24,2";"24,9";"24,1";"82,0";"82,0";"77,0";"21,0";"21,0";"20,1";"990,0";"990,2";"990,0";"0,0";"339,0";"0,6";"";"0,0"
"19/08/2023";"0500";"23,5";"24,2";"23,1";"86,0";"88,0";"82,0";"21,0";"21,2";"20,8";"989,8";"990,0";"989,8";"0,1";"243,0";"1,3";"";"0,0"
"19/08/2023";"0600";"23,0";"23,9";"23,0";"89,0";"90,0";"85,0";"21,1";"21,3";"21,0";"989,3";"989,8";"989,3";"0,0";"216,0";"0,9";"";"0,0"
"19/08/2023";"0700";"22,7";"23,4";"22,7";"91,0";"91,0";"89,0";"21,2";"21,6";"21,2";"989,2";"989,4";"989,2";"0,6";"197,0";"1,6";"";"0,0"
"19/08/2023";"0800";"";"";"";"";"";"";"";"";"";"";"";"";"";"";"";"";""
"19/08/2023";"0900";"";"";"";"";"";"";"";"";"";"";"";"";"";"";"";"";""
"19/08/2023";"1000";"";"";"";"";"";"";"";"";"";"";"";"";"";"";"";"";""
"19/08/2023";"1100";"";"";"";"";"";"";"";"";"";"";"";"";"";"";"";"";""
"19/08/2023";"1200";"";"";"";"";"";"";"";"";"";"";"";"";"";"";"";"";""
"19/08/2023";"1300";"";"";"";"";"";"";"";"";"";"";"";"";"";"";"";"";""
"19/08/2023";"1400";"";"";"";"";"";"";"";"";"";"";"";"";"";"";"";"";""
"19/08/2023";"1500";"";"";"";"";"";"";"";"";"";"";"";"";"";"";"";"";""
"19/08/2023";"1600";"";"";"";"";"";"";"";"";"";"";"";"";"";"";"";"";""
"19/08/2023";"1700";"";"";"";"";"";"";"";"";"";"";"";"";"";"";"";"";""
"19/08/2023";"1800";"";"";"";"";"";"";"";"";"";"";"";"";"";"";"";"";""
"19/08/2023";"1900";"";"";"";"";"";"";"";"";"";"";"";"";"";"";"";"";""
"19/08/2023";"2000";"";"";"";"";"";"";"";"";"";"";"";"";"";"";"";"";""
"19/08/2023";"2100";"";"";"";"";"";"";"";"";"";"";"";"";"";"";"";"";""
"19/08/2023";"2200";"";"";"";"";"";"";"";"";"";"";"";"";"";"";"";"";""
"19/08/2023";"2300";"";"";"";"";"";"";"";"";"";"";"";"";"";"";"";"";""
"20/08/2023";"0000";"";"";"";"";"";"";"";"";"";"";"";"";"";"";"";"";""
"20/08/2023";"0100";"";"";"";"";"";"";"";"";"";"";"";"";"";"";"";"";""
"20/08/2023";"0200";"";"";"";"";"";"";"";"";"";"";"";"";"";"";"";"";""
"20/08/2023";"0300";"";"";"";"";"";"";"";"";"";"";"";"";"";"";"";"";""
"20/08/2023";"0400";"";"";"";"";"";"";"";"";"";"";"";"";"";"";"";"";""
"20/08/2023";"0500";"";"";"";"";"";"";"";"";"";"";"";"";"";"";"";"";""
"20/08/2023";"0600";"";"";"";"";"";"";"";"";"";"";"";"";"";"";"";"";""
"20/08/2023";"0700";"";"";"";"";"";"";"";"";"";"";"";"";"";"";"";"";""
"20/08/2023";"0800";"";"";"";"";"";"";"";"";"";"";"";"";"";"";"";"";""
"20/08/2023";"0900";"";"";"";"";"";"";"";"";"";"";"";"";"";"";"";"";""
"20/08/2023";"1000";"";"";"";"";"";"";"";"";"";"";"";"";"";"";"";"";""
"20/08/2023";"1100";"";"";"";"";"";"";"";"";"";"";"";"";"";"";"";"";""
"20/08/2023";"1200";"";"";"";"";"";"";"";"";"";"";"";"";"";"";"";"";""
"20/08/2023";"1300";"";"";"";"";"";"";"";"";"";"";"";"";"";"";"";"";""
"20/08/2023";"1400";"";"";"";"";"";"";"";"";"";"";"";"";"";"";"";"";""
"20/08/2023";"1500";"";"";"";"";"";"";"";"";"";"";"";"";"";"";"";"";""
"20/08/2023";"1600";"";"";"";"";"";"";"";"";"";"";"";"";"";"";"";"";""
"20/08/2023";"1700";"";"";"";"";"";"";"";"";"";"";"";"";"";"";"";"";""
"20/08/2023";"1800";"";"";"";"";"";"";"";"";"";"";"";"";"";"";"";"";""
"20/08/2023";"1900";"";"";"";"";"";"";"";"";"";"";"";"";"";"";"";"";""
"20/08/2023";"2000";"";"";"";"";"";"";"";"";"";"";"";"";"";"";"";"";""
"20/08/2023";"2100";"";"";"";"";"";"";"";"";"";"";"";"";"";"";"";"";""
"20/08/2023";"2200";"";"";"";"";"";"";"";"";"";"";"";"";"";"";"";"";""
"20/08/2023";"2300";"";"";"";"";"";"";"";"";"";"";"";"";"";"";"";"";""
"21/08/2023";"0000";"";"";"";"";"";"";"";"";"";"";"";"";"";"";"";"";""
"21/08/2023";"0100";"";"";"";"";"";"";"";"";"";"";"";"";"";"";"";"";""
"21/08/2023";"0200";"";"";"";"";"";"";"";"";"";"";"";"";"";"";"";"";""
"21/08/2023";"0300";"";"";"";"";"";"";"";"";"";"";"";"";"";"";"";"";""
"21/08/2023";"0400";"";"";"";"";"";"";"";"";"";"";"";"";"";"";"";"";""
"21/08/2023";"0500";"";"";"";"";"";"";"";"";"";"";"";"";"";"";"";"";""
"21/08/2023";"0600";"";"";"";"";"";"";"";"";"";"";"";"";"";"";"";"";""
"21/08/2023";"0700";"";"";"";"";"";"";"";"";"";"";"";"";"";"";"";"";""
"21/08/2023";"0800";"";"";"";"";"";"";"";"";"";"";"";"";"";"";"";"";""
"21/08/2023";"0900";"";"";"";"";"";"";"";"";"";"";"";"";"";"";"";"";""
"21/08/2023";"1000";"";"";"";"";"";"";"";"";"";"";"";"";"";"";"";"";""
"21/08/2023";"1100";"";"";"";"";"";"";"";"";"";"";"";"";"";"";"";"";""
"21/08/2023";"1200";"";"";"";"";"";"";"";"";"";"";"";"";"";"";"";"";""
"21/08/2023";"1300";"";"";"";"";"";"";"";"";"";"";"";"";"";"";"";"";""
"21/08/2023";"1400";"";"";"";"";"";"";"";"";"";"";"";"";"";"";"";"";""
"21/08/2023";"1500";"";"";"";"";"";"";"";"";"";"";"";"";"";"";"";"";""
"21/08/2023";"1600";"";"";"";"";"";"";"";"";"";"";"";"";"";"";"";"";""
"21/08/2023";"1700";"";"";"";"";"";"";"";"";"";"";"";"";"";"";"";"";""
"21/08/2023";"1800";"";"";"";"";"";"";"";"";"";"";"";"";"";"";"";"";""
"21/08/2023";"1900";"";"";"";"";"";"";"";"";"";"";"";"";"";"";"";"";""
"21/08/2023";"2000";"";"";"";"";"";"";"";"";"";"";"";"";"";"";"";"";""
"21/08/2023";"2100";"";"";"";"";"";"";"";"";"";"";"";"";"";"";"";"";""
"21/08/2023";"2200";"";"";"";"";"";"";"";"";"";"";"";"";"";"";"";"";""
"21/08/2023";"2300";"";"";"";"";"";"";"";"";"";"";"";"";"";"";"";"";""
"22/08/2023";"0000";"";"";"";"";"";"";"";"";"";"";"";"";"";"";"";"";""
"22/08/2023";"0100";"";"";"";"";"";"";"";"";"";"";"";"";"";"";"";"";""
"22/08/2023";"0200";"";"";"";"";"";"";"";"";"";"";"";"";"";"";"";"";""
"22/08/2023";"0300";"";"";"";"";"";"";"";"";"";"";"";"";"";"";"";"";""
"22/08/2023";"0400";"";"";"";"";"";"";"";"";"";"";"";"";"";"";"";"";""
"22/08/2023";"0500";"";"";"";"";"";"";"";"";"";"";"";"";"";"";"";"";""
"22/08/2023";"0600";"";"";"";"";"";"";"";"";"";"";"";"";"";"";"";"";""
"22/08/2023";"0700";"";"";"";"";"";"";"";"";"";"";"";"";"";"";"";"";""
"22/08/2023";"0800";"";"";"";"";"";"";"";"";"";"";"";"";"";"";"";"";""
"22/08/2023";"0900";"";"";"";"";"";"";"";"";"";"";"";"";"";"";"";"";""
"22/08/2023";"1000";"";"";"";"";"";"";"";"";"";"";"";"";"";"";"";"";""
"22/08/2023";"1100";"";"";"";"";"";"";"";"";"";"";"";"";"";"";"";"";""
"22/08/2023";"1200";"";"";"";"";"";"";"";"";"";"";"";"";"";"";"";"";""
"22/08/2023";"1300";"";"";"";"";"";"";"";"";"";"";"";"";"";"";"";"";""
"22/08/2023";"1400";"";"";"";"";"";"";"";"";"";"";"";"";"";"";"";"";""
"22/08/2023";"1500";"";"";"";"";"";"";"";"";"";"";"";"";"";"";"";"";""
"22/08/2023";"1600";"";"";"";"";"";"";"";"";"";"";"";"";"";"";"";"";""
"22/08/2023";"1700";"";"";"";"";"";"";"";"";"";"";"";"";"";"";"";"";""
"22/08/2023";"1800";"";"";"";"";"";"";"";"";"";"";"";"";"";"";"";"";""
"22/08/2023";"1900";"";"";"";"";"";"";"";"";"";"";"";"";"";"";"";"";""
"22/08/2023";"2000";"";"";"";"";"";"";"";"";"";"";"";"";"";"";"";"";""
"22/08/2023";"2100";"";"";"";"";"";"";"";"";"";"";"";"";"";"";"";"";""
"22/08/2023";"2200";"";"";"";"";"";"";"";"";"";"";"";"";"";"";"";"";""
"22/08/2023";"2300";"";"";"";"";"";"";"";"";"";"";"";"";"";"";"";"";""
"23/08/2023";"0000";"";"";"";"";"";"";"";"";"";"";"";"";"";"";"";"";""
"23/08/2023";"0100";"";"";"";"";"";"";"";"";"";"";"";"";"";"";"";"";""
"23/08/2023";"0200";"";"";"";"";"";"";"";"";"";"";"";"";"";"";"";"";""
"23/08/2023";"0300";"";"";"";"";"";"";"";"";"";"";"";"";"";"";"";"";""
"23/08/2023";"0400";"";"";"";"";"";"";"";"";"";"";"";"";"";"";"";"";""
"23/08/2023";"0500";"";"";"";"";"";"";"";"";"";"";"";"";"";"";"";"";""
"23/08/2023";"0600";"";"";"";"";"";"";"";"";"";"";"";"";"";"";"";"";""
"23/08/2023";"0700";"";"";"";"";"";"";"";"";"";"";"";"";"";"";"";"";""
"23/08/2023";"0800";"";"";"";"";"";"";"";"";"";"";"";"";"";"";"";"";""
"23/08/2023";"0900";"";"";"";"";"";"";"";"";"";"";"";"";"";"";"";"";""
"23/08/2023";"1000";"";"";"";"";"";"";"";"";"";"";"";"";"";"";"";"";""
"23/08/2023";"1100";"";"";"";"";"";"";"";"";"";"";"";"";"";"";"";"";""
"23/08/2023";"1200";"";"";"";"";"";"";"";"";"";"";"";"";"";"";"";"";""
"23/08/2023";"1300";"";"";"";"";"";"";"";"";"";"";"";"";"";"";"";"";""
"23/08/2023";"1400";"";"";"";"";"";"";"";"";"";"";"";"";"";"";"";"";""
"23/08/2023";"1500";"";"";"";"";"";"";"";"";"";"";"";"";"";"";"";"";""
"23/08/2023";"1600";"";"";"";"";"";"";"";"";"";"";"";"";"";"";"";"";""
"23/08/2023";"1700";"";"";"";"";"";"";"";"";"";"";"";"";"";"";"";"";""
"23/08/2023";"1800";"";"";"";"";"";"";"";"";"";"";"";"";"";"";"";"";""
"23/08/2023";"1900";"";"";"";"";"";"";"";"";"";"";"";"";"";"";"";"";""
"23/08/2023";"2000";"";"";"";"";"";"";"";"";"";"";"";"";"";"";"";"";""
"23/08/2023";"2100";"";"";"";"";"";"";"";"";"";"";"";"";"";"";"";"";""
"23/08/2023";"2200";"";"";"";"";"";"";"";"";"";"";"";"";"";"";"";"";""
"23/08/2023";"2300";"";"";"";"";"";"";"";"";"";"";"";"";"";"";"";"";""
"24/08/2023";"0000";"";"";"";"";"";"";"";"";"";"";"";"";"";"";"";"";""
"24/08/2023";"0100";"";"";"";"";"";"";"";"";"";"";"";"";"";"";"";"";""
"24/08/2023";"0200";"";"";"";"";"";"";"";"";"";"";"";"";"";"";"";"";""
"24/08/2023";"0300";"";"";"";"";"";"";"";"";"";"";"";"";"";"";"";"";""
"24/08/2023";"0400";"";"";"";"";"";"";"";"";"";"";"";"";"";"";"";"";""
"24/08/2023";"0500";"";"";"";"";"";"";"";"";"";"";"";"";"";"";"";"";""
"24/08/2023";"0600";"";"";"";"";"";"";"";"";"";"";"";"";"";"";"";"";""
"24/08/2023";"0700";"";"";"";"";"";"";"";"";"";"";"";"";"";"";"";"";""
"24/08/2023";"0800";"";"";"";"";"";"";"";"";"";"";"";"";"";"";"";"";""
"24/08/2023";"0900";"";"";"";"";"";"";"";"";"";"";"";"";"";"";"";"";""
"24/08/2023";"1000";"";"";"";"";"";"";"";"";"";"";"";"";"";"";"";"";""
"24/08/2023";"1100";"";"";"";"";"";"";"";"";"";"";"";"";"";"";"";"";""
"24/08/2023";"1200";"";"";"";"";"";"";"";"";"";"";"";"";"";"";"";"";""
"24/08/2023";"1300";"";"";"";"";"";"";"";"";"";"";"";"";"";"";"";"";""
"24/08/2023";"1400";"";"";"";"";"";"";"";"";"";"";"";"";"";"";"";"";""
"24/08/2023";"1500";"";"";"";"";"";"";"";"";"";"";"";"";"";"";"";"";""
"24/08/2023";"1600";"";"";"";"";"";"";"";"";"";"";"";"";"";"";"";"";""
"24/08/2023";"1700";"";"";"";"";"";"";"";"";"";"";"";"";"";"";"";"";""
"24/08/2023";"1800";"";"";"";"";"";"";"";"";"";"";"";"";"";"";"";"";""
"24/08/2023";"1900";"";"";"";"";"";"";"";"";"";"";"";"";"";"";"";"";""
"24/08/2023";"2000";"";"";"";"";"";"";"";"";"";"";"";"";"";"";"";"";""
"24/08/2023";"2100";"";"";"";"";"";"";"";"";"";"";"";"";"";"";"";"";""
"24/08/2023";"2200";"";"";"";"";"";"";"";"";"";"";"";"";"";"";"";"";""
"24/08/2023";"2300";"";"";"";"";"";"";"";"";"";"";"";"";"";"";"";"";""
"25/08/2023";"0000";"";"";"";"";"";"";"";"";"";"";"";"";"";"";"";"";""
"25/08/2023";"0100";"";"";"";"";"";"";"";"";"";"";"";"";"";"";"";"";""
"25/08/2023";"0200";"";"";"";"";"";"";"";"";"";"";"";"";"";"";"";"";""
"25/08/2023";"0300";"";"";"";"";"";"";"";"";"";"";"";"";"";"";"";"";""
"25/08/2023";"0400";"";"";"";"";"";"";"";"";"";"";"";"";"";"";"";"";""
"25/08/2023";"0500";"";"";"";"";"";"";"";"";"";"";"";"";"";"";"";"";""
"25/08/2023";"0600";"";"";"";"";"";"";"";"";"";"";"";"";"";"";"";"";""
"25/08/2023";"0700";"";"";"";"";"";"";"";"";"";"";"";"";"";"";"";"";""
"25/08/2023";"0800";"";"";"";"";"";"";"";"";"";"";"";"";"";"";"";"";""
"25/08/2023";"0900";"";"";"";"";"";"";"";"";"";"";"";"";"";"";"";"";""
"25/08/2023";"1000";"";"";"";"";"";"";"";"";"";"";"";"";"";"";"";"";""
"25/08/2023";"1100";"";"";"";"";"";"";"";"";"";"";"";"";"";"";"";"";""
"25/08/2023";"1200";"";"";"";"";"";"";"";"";"";"";"";"";"";"";"";"";""
"25/08/2023";"1300";"";"";"";"";"";"";"";"";"";"";"";"";"";"";"";"";""
"25/08/2023";"1400";"";"";"";"";"";"";"";"";"";"";"";"";"";"";"";"";""
"25/08/2023";"1500";"";"";"";"";"";"";"";"";"";"";"";"";"";"";"";"";""
"25/08/2023";"1600";"";"";"";"";"";"";"";"";"";"";"";"";"";"";"";"";""
"25/08/2023";"1700";"";"";"";"";"";"";"";"";"";"";"";"";"";"";"";"";""
"25/08/2023";"1800";"";"";"";"";"";"";"";"";"";"";"";"";"";"";"";"";""
"25/08/2023";"1900";"";"";"";"";"";"";"";"";"";"";"";"";"";"";"";"";""
"25/08/2023";"2000";"";"";"";"";"";"";"";"";"";"";"";"";"";"";"";"";""
"25/08/2023";"2100";"";"";"";"";"";"";"";"";"";"";"";"";"";"";"";"";""
"25/08/2023";"2200";"";"";"";"";"";"";"";"";"";"";"";"";"";"";"";"";""
"25/08/2023";"2300";"";"";"";"";"";"";"";"";"";"";"";"";"";"";"";"";""
"26/08/2023";"0000";"";"";"";"";"";"";"";"";"";"";"";"";"";"";"";"";""
"26/08/2023";"0100";"";"";"";"";"";"";"";"";"";"";"";"";"";"";"";"";""
"26/08/2023";"0200";"";"";"";"";"";"";"";"";"";"";"";"";"";"";"";"";""
"26/08/2023";"0300";"";"";"";"";"";"";"";"";"";"";"";"";"";"";"";"";""
"26/08/2023";"0400";"";"";"";"";"";"";"";"";"";"";"";"";"";"";"";"";""
"26/08/2023";"0500";"";"";"";"";"";"";"";"";"";"";"";"";"";"";"";"";""
"26/08/2023";"0600";"";"";"";"";"";"";"";"";"";"";"";"";"";"";"";"";""
"26/08/2023";"0700";"";"";"";"";"";"";"";"";"";"";"";"";"";"";"";"";""
"26/08/2023";"0800";"";"";"";"";"";"";"";"";"";"";"";"";"";"";"";"";""
"26/08/2023";"0900";"";"";"";"";"";"";"";"";"";"";"";"";"";"";"";"";""
"26/08/2023";"1000";"";"";"";"";"";"";"";"";"";"";"";"";"";"";"";"";""
"26/08/2023";"1100";"";"";"";"";"";"";"";"";"";"";"";"";"";"";"";"";""
"26/08/2023";"1200";"";"";"";"";"";"";"";"";"";"";"";"";"";"";"";"";""
"26/08/2023";"1300";"";"";"";"";"";"";"";"";"";"";"";"";"";"";"";"";""
"26/08/2023";"1400";"";"";"";"";"";"";"";"";"";"";"";"";"";"";"";"";""
"26/08/2023";"1500";"";"";"";"";"";"";"";"";"";"";"";"";"";"";"";"";""
"26/08/2023";"1600";"";"";"";"";"";"";"";"";"";"";"";"";"";"";"";"";""
"26/08/2023";"1700";"";"";"";"";"";"";"";"";"";"";"";"";"";"";"";"";""
"26/08/2023";"1800";"";"";"";"";"";"";"";"";"";"";"";"";"";"";"";"";""
"26/08/2023";"1900";"";"";"";"";"";"";"";"";"";"";"";"";"";"";"";"";""
"26/08/2023";"2000";"";"";"";"";"";"";"";"";"";"";"";"";"";"";"";"";""
"26/08/2023";"2100";"";"";"";"";"";"";"";"";"";"";"";"";"";"";"";"";""
"26/08/2023";"2200";"";"";"";"";"";"";"";"";"";"";"";"";"";"";"";"";""
"26/08/2023";"2300";"";"";"";"";"";"";"";"";"";"";"";"";"";"";"";"";""
"27/08/2023";"0000";"";"";"";"";"";"";"";"";"";"";"";"";"";"";"";"";""
"27/08/2023";"0100";"";"";"";"";"";"";"";"";"";"";"";"";"";"";"";"";""
"27/08/2023";"0200";"";"";"";"";"";"";"";"";"";"";"";"";"";"";"";"";""
"27/08/2023";"0300";"";"";"";"";"";"";"";"";"";"";"";"";"";"";"";"";""
"27/08/2023";"0400";"";"";"";"";"";"";"";"";"";"";"";"";"";"";"";"";""
"27/08/2023";"0500";"";"";"";"";"";"";"";"";"";"";"";"";"";"";"";"";""
"27/08/2023";"0600";"";"";"";"";"";"";"";"";"";"";"";"";"";"";"";"";""
"27/08/2023";"0700";"";"";"";"";"";"";"";"";"";"";"";"";"";"";"";"";""
"27/08/2023";"0800";"";"";"";"";"";"";"";"";"";"";"";"";"";"";"";"";""
"27/08/2023";"0900";"";"";"";"";"";"";"";"";"";"";"";"";"";"";"";"";""
"27/08/2023";"1000";"";"";"";"";"";"";"";"";"";"";"";"";"";"";"";"";""
"27/08/2023";"1100";"";"";"";"";"";"";"";"";"";"";"";"";"";"";"";"";""
"27/08/2023";"1200";"";"";"";"";"";"";"";"";"";"";"";"";"";"";"";"";""
"27/08/2023";"1300";"";"";"";"";"";"";"";"";"";"";"";"";"";"";"";"";""
"27/08/2023";"1400";"";"";"";"";"";"";"";"";"";"";"";"";"";"";"";"";""
"27/08/2023";"1500";"";"";"";"";"";"";"";"";"";"";"";"";"";"";"";"";""
"27/08/2023";"1600";"";"";"";"";"";"";"";"";"";"";"";"";"";"";"";"";""
"27/08/2023";"1700";"";"";"";"";"";"";"";"";"";"";"";"";"";"";"";"";""
"27/08/2023";"1800";"";"";"";"";"";"";"";"";"";"";"";"";"";"";"";"";""
"27/08/2023";"1900";"";"";"";"";"";"";"";"";"";"";"";"";"";"";"";"";""
"27/08/2023";"2000";"";"";"";"";"";"";"";"";"";"";"";"";"";"";"";"";""
"27/08/2023";"2100";"";"";"";"";"";"";"";"";"";"";"";"";"";"";"";"";""
"27/08/2023";"2200";"";"";"";"";"";"";"";"";"";"";"";"";"";"";"";"";""
"27/08/2023";"2300";"";"";"";"";"";"";"";"";"";"";"";"";"";"";"";"";""
"28/08/2023";"0000";"";"";"";"";"";"";"";"";"";"";"";"";"";"";"";"";""
"28/08/2023";"0100";"";"";"";"";"";"";"";"";"";"";"";"";"";"";"";"";""
"28/08/2023";"0200";"";"";"";"";"";"";"";"";"";"";"";"";"";"";"";"";""
"28/08/2023";"0300";"";"";"";"";"";"";"";"";"";"";"";"";"";"";"";"";""
"28/08/2023";"0400";"";"";"";"";"";"";"";"";"";"";"";"";"";"";"";"";""
"28/08/2023";"0500";"";"";"";"";"";"";"";"";"";"";"";"";"";"";"";"";""
"28/08/2023";"0600";"";"";"";"";"";"";"";"";"";"";"";"";"";"";"";"";""
"28/08/2023";"0700";"";"";"";"";"";"";"";"";"";"";"";"";"";"";"";"";""
"28/08/2023";"0800";"";"";"";"";"";"";"";"";"";"";"";"";"";"";"";"";""
"28/08/2023";"0900";"";"";"";"";"";"";"";"";"";"";"";"";"";"";"";"";""
"28/08/2023";"1000";"";"";"";"";"";"";"";"";"";"";"";"";"";"";"";"";""
"28/08/2023";"1100";"";"";"";"";"";"";"";"";"";"";"";"";"";"";"";"";""
"28/08/2023";"1200";"";"";"";"";"";"";"";"";"";"";"";"";"";"";"";"";""
"28/08/2023";"1300";"";"";"";"";"";"";"";"";"";"";"";"";"";"";"";"";""
"28/08/2023";"1400";"";"";"";"";"";"";"";"";"";"";"";"";"";"";"";"";""
"28/08/2023";"1500";"";"";"";"";"";"";"";"";"";"";"";"";"";"";"";"";""
"28/08/2023";"1600";"";"";"";"";"";"";"";"";"";"";"";"";"";"";"";"";""
"28/08/2023";"1700";"";"";"";"";"";"";"";"";"";"";"";"";"";"";"";"";""
"28/08/2023";"1800";"";"";"";"";"";"";"";"";"";"";"";"";"";"";"";"";""
"28/08/2023";"1900";"";"";"";"";"";"";"";"";"";"";"";"";"";"";"";"";""
"28/08/2023";"2000";"";"";"";"";"";"";"";"";"";"";"";"";"";"";"";"";""
"28/08/2023";"2100";"";"";"";"";"";"";"";"";"";"";"";"";"";"";"";"";""
"28/08/2023";"2200";"";"";"";"";"";"";"";"";"";"";"";"";"";"";"";"";""
"28/08/2023";"2300";"";"";"";"";"";"";"";"";"";"";"";"";"";"";"";"";""
"29/08/2023";"0000";"";"";"";"";"";"";"";"";"";"";"";"";"";"";"";"";""
"29/08/2023";"0100";"";"";"";"";"";"";"";"";"";"";"";"";"";"";"";"";""
"29/08/2023";"0200";"";"";"";"";"";"";"";"";"";"";"";"";"";"";"";"";""
"29/08/2023";"0300";"";"";"";"";"";"";"";"";"";"";"";"";"";"";"";"";""
"29/08/2023";"0400";"";"";"";"";"";"";"";"";"";"";"";"";"";"";"";"";""
"29/08/2023";"0500";"";"";"";"";"";"";"";"";"";"";"";"";"";"";"";"";""
"29/08/2023";"0600";"";"";"";"";"";"";"";"";"";"";"";"";"";"";"";"";""
"29/08/2023";"0700";"";"";"";"";"";"";"";"";"";"";"";"";"";"";"";"";""
"29/08/2023";"0800";"";"";"";"";"";"";"";"";"";"";"";"";"";"";"";"";""
"29/08/2023";"0900";"";"";"";"";"";"";"";"";"";"";"";"";"";"";"";"";""
"29/08/2023";"1000";"";"";"";"";"";"";"";"";"";"";"";"";"";"";"";"";""
"29/08/2023";"1100";"";"";"";"";"";"";"";"";"";"";"";"";"";"";"";"";""
"29/08/2023";"1200";"";"";"";"";"";"";"";"";"";"";"";"";"";"";"";"";""
"29/08/2023";"1300";"";"";"";"";"";"";"";"";"";"";"";"";"";"";"";"";""
"29/08/2023";"1400";"";"";"";"";"";"";"";"";"";"";"";"";"";"";"";"";""
"29/08/2023";"1500";"";"";"";"";"";"";"";"";"";"";"";"";"";"";"";"";""
"29/08/2023";"1600";"";"";"";"";"";"";"";"";"";"";"";"";"";"";"";"";""
"29/08/2023";"1700";"";"";"";"";"";"";"";"";"";"";"";"";"";"";"";"";""
"29/08/2023";"1800";"";"";"";"";"";"";"";"";"";"";"";"";"";"";"";"";""
"29/08/2023";"1900";"";"";"";"";"";"";"";"";"";"";"";"";"";"";"";"";""
"29/08/2023";"2000";"";"";"";"";"";"";"";"";"";"";"";"";"";"";"";"";""
"29/08/2023";"2100";"";"";"";"";"";"";"";"";"";"";"";"";"";"";"";"";""
"29/08/2023";"2200";"";"";"";"";"";"";"";"";"";"";"";"";"";"";"";"";""
"29/08/2023";"2300";"";"";"";"";"";"";"";"";"";"";"";"";"";"";"";"";""
"30/08/2023";"0000";"";"";"";"";"";"";"";"";"";"";"";"";"";"";"";"";""
"30/08/2023";"0100";"";"";"";"";"";"";"";"";"";"";"";"";"";"";"";"";""
"30/08/2023";"0200";"";"";"";"";"";"";"";"";"";"";"";"";"";"";"";"";""
"30/08/2023";"0300";"";"";"";"";"";"";"";"";"";"";"";"";"";"";"";"";""
"30/08/2023";"0400";"";"";"";"";"";"";"";"";"";"";"";"";"";"";"";"";""
"30/08/2023";"0500";"";"";"";"";"";"";"";"";"";"";"";"";"";"";"";"";""
"30/08/2023";"0600";"";"";"";"";"";"";"";"";"";"";"";"";"";"";"";"";""
"30/08/2023";"0700";"";"";"";"";"";"";"";"";"";"";"";"";"";"";"";"";""
"30/08/2023";"0800";"";"";"";"";"";"";"";"";"";"";"";"";"";"";"";"";""
"30/08/2023";"0900";"";"";"";"";"";"";"";"";"";"";"";"";"";"";"";"";""
"30/08/2023";"1000";"";"";"";"";"";"";"";"";"";"";"";"";"";"";"";"";""
"30/08/2023";"1100";"";"";"";"";"";"";"";"";"";"";"";"";"";"";"";"";""
"30/08/2023";"1200";"";"";"";"";"";"";"";"";"";"";"";"";"";"";"";"";""
"30/08/2023";"1300";"";"";"";"";"";"";"";"";"";"";"";"";"";"";"";"";""
"30/08/2023";"1400";"";"";"";"";"";"";"";"";"";"";"";"";"";"";"";"";""
"30/08/2023";"1500";"";"";"";"";"";"";"";"";"";"";"";"";"";"";"";"";""
"30/08/2023";"1600";"";"";"";"";"";"";"";"";"";"";"";"";"";"";"";"";""
"30/08/2023";"1700";"";"";"";"";"";"";"";"";"";"";"";"";"";"";"";"";""
"30/08/2023";"1800";"";"";"";"";"";"";"";"";"";"";"";"";"";"";"";"";""
"30/08/2023";"1900";"";"";"";"";"";"";"";"";"";"";"";"";"";"";"";"";""
"30/08/2023";"2000";"";"";"";"";"";"";"";"";"";"";"";"";"";"";"";"";""
"30/08/2023";"2100";"";"";"";"";"";"";"";"";"";"";"";"";"";"";"";"";""
"30/08/2023";"2200";"";"";"";"";"";"";"";"";"";"";"";"";"";"";"";"";""
"30/08/2023";"2300";"";"";"";"";"";"";"";"";"";"";"";"";"";"";"";"";""
"31/08/2023";"0000";"";"";"";"";"";"";"";"";"";"";"";"";"";"";"";"";""
"31/08/2023";"0100";"";"";"";"";"";"";"";"";"";"";"";"";"";"";"";"";""
"31/08/2023";"0200";"";"";"";"";"";"";"";"";"";"";"";"";"";"";"";"";""
"31/08/2023";"0300";"";"";"";"";"";"";"";"";"";"";"";"";"";"";"";"";""
"31/08/2023";"0400";"";"";"";"";"";"";"";"";"";"";"";"";"";"";"";"";""
"31/08/2023";"0500";"";"";"";"";"";"";"";"";"";"";"";"";"";"";"";"";""
"31/08/2023";"0600";"";"";"";"";"";"";"";"";"";"";"";"";"";"";"";"";""
"31/08/2023";"0700";"";"";"";"";"";"";"";"";"";"";"";"";"";"";"";"";""
"31/08/2023";"0800";"";"";"";"";"";"";"";"";"";"";"";"";"";"";"";"";""
"31/08/2023";"0900";"";"";"";"";"";"";"";"";"";"";"";"";"";"";"";"";""
"31/08/2023";"1000";"";"";"";"";"";"";"";"";"";"";"";"";"";"";"";"";""
"31/08/2023";"1100";"";"";"";"";"";"";"";"";"";"";"";"";"";"";"";"";""
"31/08/2023";"1200";"";"";"";"";"";"";"";"";"";"";"";"";"";"";"";"";""
"31/08/2023";"1300";"";"";"";"";"";"";"";"";"";"";"";"";"";"";"";"";""
"31/08/2023";"1400";"";"";"";"";"";"";"";"";"";"";"";"";"";"";"";"";""
"31/08/2023";"1500";"";"";"";"";"";"";"";"";"";"";"";"";"";"";"";"";""
"31/08/2023";"1600";"";"";"";"";"";"";"";"";"";"";"";"";"";"";"";"";""
"31/08/2023";"1700";"";"";"";"";"";"";"";"";"";"";"";"";"";"";"";"";""
"31/08/2023";"1800";"";"";"";"";"";"";"";"";"";"";"";"";"";"";"";"";""
"31/08/2023";"1900";"";"";"";"";"";"";"";"";"";"";"";"";"";"";"";"";""
"31/08/2023";"2000";"";"";"";"";"";"";"";"";"";"";"";"";"";"";"";"";""
"31/08/2023";"2100";"";"";"";"";"";"";"";"";"";"";"";"";"";"";"";"";""
"31/08/2023";"2200";"";"";"";"";"";"";"";"";"";"";"";"";"";"";"";"";""
"31/08/2023";"2300";"";"";"";"";"";"";"";"";"";"";"";"";"";"";"";"";""
"01/09/2023";"0000";"";"";"";"";"";"";"";"";"";"";"";"";"";"";"";"";""
"01/09/2023";"0100";"";"";"";"";"";"";"";"";"";"";"";"";"";"";"";"";""
"01/09/2023";"0200";"";"";"";"";"";"";"";"";"";"";"";"";"";"";"";"";""
"01/09/2023";"0300";"";"";"";"";"";"";"";"";"";"";"";"";"";"";"";"";""
"01/09/2023";"0400";"";"";"";"";"";"";"";"";"";"";"";"";"";"";"";"";""
"01/09/2023";"0500";"";"";"";"";"";"";"";"";"";"";"";"";"";"";"";"";""
"01/09/2023";"0600";"";"";"";"";"";"";"";"";"";"";"";"";"";"";"";"";""
"01/09/2023";"0700";"";"";"";"";"";"";"";"";"";"";"";"";"";"";"";"";""
"01/09/2023";"0800";"";"";"";"";"";"";"";"";"";"";"";"";"";"";"";"";""
"01/09/2023";"0900";"";"";"";"";"";"";"";"";"";"";"";"";"";"";"";"";""
"01/09/2023";"1000";"";"";"";"";"";"";"";"";"";"";"";"";"";"";"";"";""
"01/09/2023";"1100";"";"";"";"";"";"";"";"";"";"";"";"";"";"";"";"";""
"01/09/2023";"1200";"";"";"";"";"";"";"";"";"";"";"";"";"";"";"";"";""
"01/09/2023";"1300";"";"";"";"";"";"";"";"";"";"";"";"";"";"";"";"";""
"01/09/2023";"1400";"";"";"";"";"";"";"";"";"";"";"";"";"";"";"";"";""
"01/09/2023";"1500";"";"";"";"";"";"";"";"";"";"";"";"";"";"";"";"";""
"01/09/2023";"1600";"";"";"";"";"";"";"";"";"";"";"";"";"";"";"";"";""
"01/09/2023";"1700";"";"";"";"";"";"";"";"";"";"";"";"";"";"";"";"";""
"01/09/2023";"1800";"";"";"";"";"";"";"";"";"";"";"";"";"";"";"";"";""
"01/09/2023";"1900";"";"";"";"";"";"";"";"";"";"";"";"";"";"";"";"";""
"01/09/2023";"2000";"";"";"";"";"";"";"";"";"";"";"";"";"";"";"";"";""
"01/09/2023";"2100";"";"";"";"";"";"";"";"";"";"";"";"";"";"";"";"";""
"01/09/2023";"2200";"";"";"";"";"";"";"";"";"";"";"";"";"";"";"";"";""
"01/09/2023";"2300";"";"";"";"";"";"";"";"";"";"";"";"";"";"";"";"";""
"02/09/2023";"0000";"";"";"";"";"";"";"";"";"";"";"";"";"";"";"";"";""
"02/09/2023";"0100";"";"";"";"";"";"";"";"";"";"";"";"";"";"";"";"";""
"02/09/2023";"0200";"";"";"";"";"";"";"";"";"";"";"";"";"";"";"";"";""
"02/09/2023";"0300";"";"";"";"";"";"";"";"";"";"";"";"";"";"";"";"";""
"02/09/2023";"0400";"";"";"";"";"";"";"";"";"";"";"";"";"";"";"";"";""
"02/09/2023";"0500";"";"";"";"";"";"";"";"";"";"";"";"";"";"";"";"";""
"02/09/2023";"0600";"";"";"";"";"";"";"";"";"";"";"";"";"";"";"";"";""
"02/09/2023";"0700";"";"";"";"";"";"";"";"";"";"";"";"";"";"";"";"";""
"02/09/2023";"0800";"";"";"";"";"";"";"";"";"";"";"";"";"";"";"";"";""
"02/09/2023";"0900";"";"";"";"";"";"";"";"";"";"";"";"";"";"";"";"";""
"02/09/2023";"1000";"";"";"";"";"";"";"";"";"";"";"";"";"";"";"";"";""
"02/09/2023";"1100";"";"";"";"";"";"";"";"";"";"";"";"";"";"";"";"";""
"02/09/2023";"1200";"";"";"";"";"";"";"";"";"";"";"";"";"";"";"";"";""
"02/09/2023";"1300";"";"";"";"";"";"";"";"";"";"";"";"";"";"";"";"";""
"02/09/2023";"1400";"";"";"";"";"";"";"";"";"";"";"";"";"";"";"";"";""
"02/09/2023";"1500";"";"";"";"";"";"";"";"";"";"";"";"";"";"";"";"";""
"02/09/2023";"1600";"";"";"";"";"";"";"";"";"";"";"";"";"";"";"";"";""
"02/09/2023";"1700";"";"";"";"";"";"";"";"";"";"";"";"";"";"";"";"";""
"02/09/2023";"1800";"";"";"";"";"";"";"";"";"";"";"";"";"";"";"";"";""
"02/09/2023";"1900";"";"";"";"";"";"";"";"";"";"";"";"";"";"";"";"";""
"02/09/2023";"2000";"";"";"";"";"";"";"";"";"";"";"";"";"";"";"";"";""
"02/09/2023";"2100";"";"";"";"";"";"";"";"";"";"";"";"";"";"";"";"";""
"02/09/2023";"2200";"";"";"";"";"";"";"";"";"";"";"";"";"";"";"";"";""
"02/09/2023";"2300";"";"";"";"";"";"";"";"";"";"";"";"";"";"";"";"";""
"03/09/2023";"0000";"";"";"";"";"";"";"";"";"";"";"";"";"";"";"";"";""
"03/09/2023";"0100";"";"";"";"";"";"";"";"";"";"";"";"";"";"";"";"";""
"03/09/2023";"0200";"";"";"";"";"";"";"";"";"";"";"";"";"";"";"";"";""
"03/09/2023";"0300";"";"";"";"";"";"";"";"";"";"";"";"";"";"";"";"";""
"03/09/2023";"0400";"";"";"";"";"";"";"";"";"";"";"";"";"";"";"";"";""
"03/09/2023";"0500";"";"";"";"";"";"";"";"";"";"";"";"";"";"";"";"";""
"03/09/2023";"0600";"";"";"";"";"";"";"";"";"";"";"";"";"";"";"";"";""
"03/09/2023";"0700";"";"";"";"";"";"";"";"";"";"";"";"";"";"";"";"";""
"03/09/2023";"0800";"";"";"";"";"";"";"";"";"";"";"";"";"";"";"";"";""
"03/09/2023";"0900";"";"";"";"";"";"";"";"";"";"";"";"";"";"";"";"";""
"03/09/2023";"1000";"";"";"";"";"";"";"";"";"";"";"";"";"";"";"";"";""
"03/09/2023";"1100";"";"";"";"";"";"";"";"";"";"";"";"";"";"";"";"";""
"03/09/2023";"1200";"";"";"";"";"";"";"";"";"";"";"";"";"";"";"";"";""
"03/09/2023";"1300";"";"";"";"";"";"";"";"";"";"";"";"";"";"";"";"";""
"03/09/2023";"1400";"";"";"";"";"";"";"";"";"";"";"";"";"";"";"";"";""
"03/09/2023";"1500";"";"";"";"";"";"";"";"";"";"";"";"";"";"";"";"";""
"03/09/2023";"1600";"";"";"";"";"";"";"";"";"";"";"";"";"";"";"";"";""
"03/09/2023";"1700";"";"";"";"";"";"";"";"";"";"";"";"";"";"";"";"";""
"03/09/2023";"1800";"";"";"";"";"";"";"";"";"";"";"";"";"";"";"";"";""
"03/09/2023";"1900";"";"";"";"";"";"";"";"";"";"";"";"";"";"";"";"";""
"03/09/2023";"2000";"";"";"";"";"";"";"";"";"";"";"";"";"";"";"";"";""
"03/09/2023";"2100";"";"";"";"";"";"";"";"";"";"";"";"";"";"";"";"";""
"03/09/2023";"2200";"";"";"";"";"";"";"";"";"";"";"";"";"";"";"";"";""
"03/09/2023";"2300";"";"";"";"";"";"";"";"";"";"";"";"";"";"";"";"";""
"04/09/2023";"0000";"";"";"";"";"";"";"";"";"";"";"";"";"";"";"";"";""
"04/09/2023";"0100";"";"";"";"";"";"";"";"";"";"";"";"";"";"";"";"";""
"04/09/2023";"0200";"";"";"";"";"";"";"";"";"";"";"";"";"";"";"";"";""
"04/09/2023";"0300";"";"";"";"";"";"";"";"";"";"";"";"";"";"";"";"";""
"04/09/2023";"0400";"";"";"";"";"";"";"";"";"";"";"";"";"";"";"";"";""
"04/09/2023";"0500";"";"";"";"";"";"";"";"";"";"";"";"";"";"";"";"";""
"04/09/2023";"0600";"";"";"";"";"";"";"";"";"";"";"";"";"";"";"";"";""
"04/09/2023";"0700";"";"";"";"";"";"";"";"";"";"";"";"";"";"";"";"";""
"04/09/2023";"0800";"";"";"";"";"";"";"";"";"";"";"";"";"";"";"";"";""
"04/09/2023";"0900";"";"";"";"";"";"";"";"";"";"";"";"";"";"";"";"";""
"04/09/2023";"1000";"";"";"";"";"";"";"";"";"";"";"";"";"";"";"";"";""
"04/09/2023";"1100";"";"";"";"";"";"";"";"";"";"";"";"";"";"";"";"";""
"04/09/2023";"1200";"";"";"";"";"";"";"";"";"";"";"";"";"";"";"";"";""
"04/09/2023";"1300";"";"";"";"";"";"";"";"";"";"";"";"";"";"";"";"";""
"04/09/2023";"1400";"";"";"";"";"";"";"";"";"";"";"";"";"";"";"";"";""
"04/09/2023";"1500";"";"";"";"";"";"";"";"";"";"";"";"";"";"";"";"";""
"04/09/2023";"1600";"";"";"";"";"";"";"";"";"";"";"";"";"";"";"";"";""
"04/09/2023";"1700";"";"";"";"";"";"";"";"";"";"";"";"";"";"";"";"";""
"04/09/2023";"1800";"";"";"";"";"";"";"";"";"";"";"";"";"";"";"";"";""
"04/09/2023";"1900";"";"";"";"";"";"";"";"";"";"";"";"";"";"";"";"";""
"04/09/2023";"2000";"";"";"";"";"";"";"";"";"";"";"";"";"";"";"";"";""
"04/09/2023";"2100";"";"";"";"";"";"";"";"";"";"";"";"";"";"";"";"";""
"04/09/2023";"2200";"";"";"";"";"";"";"";"";"";"";"";"";"";"";"";"";""
"04/09/2023";"2300";"";"";"";"";"";"";"";"";"";"";"";"";"";"";"";"";""
"05/09/2023";"0000";"";"";"";"";"";"";"";"";"";"";"";"";"";"";"";"";""
"05/09/2023";"0100";"";"";"";"";"";"";"";"";"";"";"";"";"";"";"";"";""
"05/09/2023";"0200";"";"";"";"";"";"";"";"";"";"";"";"";"";"";"";"";""
"05/09/2023";"0300";"";"";"";"";"";"";"";"";"";"";"";"";"";"";"";"";""
"05/09/2023";"0400";"";"";"";"";"";"";"";"";"";"";"";"";"";"";"";"";""
"05/09/2023";"0500";"";"";"";"";"";"";"";"";"";"";"";"";"";"";"";"";""
"05/09/2023";"0600";"";"";"";"";"";"";"";"";"";"";"";"";"";"";"";"";""
"05/09/2023";"0700";"";"";"";"";"";"";"";"";"";"";"";"";"";"";"";"";""
"05/09/2023";"0800";"";"";"";"";"";"";"";"";"";"";"";"";"";"";"";"";""
"05/09/2023";"0900";"";"";"";"";"";"";"";"";"";"";"";"";"";"";"";"";""
"05/09/2023";"1000";"";"";"";"";"";"";"";"";"";"";"";"";"";"";"";"";""
"05/09/2023";"1100";"";"";"";"";"";"";"";"";"";"";"";"";"";"";"";"";""
"05/09/2023";"1200";"";"";"";"";"";"";"";"";"";"";"";"";"";"";"";"";""
"05/09/2023";"1300";"";"";"";"";"";"";"";"";"";"";"";"";"";"";"";"";""
"05/09/2023";"1400";"";"";"";"";"";"";"";"";"";"";"";"";"";"";"";"";""
"05/09/2023";"1500";"";"";"";"";"";"";"";"";"";"";"";"";"";"";"";"";""
"05/09/2023";"1600";"";"";"";"";"";"";"";"";"";"";"";"";"";"";"";"";""
"05/09/2023";"1700";"";"";"";"";"";"";"";"";"";"";"";"";"";"";"";"";""
"05/09/2023";"1800";"";"";"";"";"";"";"";"";"";"";"";"";"";"";"";"";""
"05/09/2023";"1900";"";"";"";"";"";"";"";"";"";"";"";"";"";"";"";"";""
"05/09/2023";"2000";"";"";"";"";"";"";"";"";"";"";"";"";"";"";"";"";""
"05/09/2023";"2100";"";"";"";"";"";"";"";"";"";"";"";"";"";"";"";"";""
"05/09/2023";"2200";"";"";"";"";"";"";"";"";"";"";"";"";"";"";"";"";""
"05/09/2023";"2300";"";"";"";"";"";"";"";"";"";"";"";"";"";"";"";"";""
"06/09/2023";"0000";"";"";"";"";"";"";"";"";"";"";"";"";"";"";"";"";""
"06/09/2023";"0100";"";"";"";"";"";"";"";"";"";"";"";"";"";"";"";"";""
"06/09/2023";"0200";"";"";"";"";"";"";"";"";"";"";"";"";"";"";"";"";""
"06/09/2023";"0300";"";"";"";"";"";"";"";"";"";"";"";"";"";"";"";"";""
"06/09/2023";"0400";"";"";"";"";"";"";"";"";"";"";"";"";"";"";"";"";""
"06/09/2023";"0500";"";"";"";"";"";"";"";"";"";"";"";"";"";"";"";"";""
"06/09/2023";"0600";"";"";"";"";"";"";"";"";"";"";"";"";"";"";"";"";""
"06/09/2023";"0700";"";"";"";"";"";"";"";"";"";"";"";"";"";"";"";"";""
"06/09/2023";"0800";"";"";"";"";"";"";"";"";"";"";"";"";"";"";"";"";""
"06/09/2023";"0900";"";"";"";"";"";"";"";"";"";"";"";"";"";"";"";"";""
"06/09/2023";"1000";"";"";"";"";"";"";"";"";"";"";"";"";"";"";"";"";""
"06/09/2023";"1100";"";"";"";"";"";"";"";"";"";"";"";"";"";"";"";"";""
"06/09/2023";"1200";"";"";"";"";"";"";"";"";"";"";"";"";"";"";"";"";""
"06/09/2023";"1300";"";"";"";"";"";"";"";"";"";"";"";"";"";"";"";"";""
"06/09/2023";"1400";"";"";"";"";"";"";"";"";"";"";"";"";"";"";"";"";""
"06/09/2023";"1500";"";"";"";"";"";"";"";"";"";"";"";"";"";"";"";"";""
"06/09/2023";"1600";"";"";"";"";"";"";"";"";"";"";"";"";"";"";"";"";""
"06/09/2023";"1700";"";"";"";"";"";"";"";"";"";"";"";"";"";"";"";"";""
"06/09/2023";"1800";"";"";"";"";"";"";"";"";"";"";"";"";"";"";"";"";""
"06/09/2023";"1900";"";"";"";"";"";"";"";"";"";"";"";"";"";"";"";"";""
"06/09/2023";"2000";"";"";"";"";"";"";"";"";"";"";"";"";"";"";"";"";""
"06/09/2023";"2100";"";"";"";"";"";"";"";"";"";"";"";"";"";"";"";"";""
"06/09/2023";"2200";"";"";"";"";"";"";"";"";"";"";"";"";"";"";"";"";""
"06/09/2023";"2300";"";"";"";"";"";"";"";"";"";"";"";"";"";"";"";"";""
"07/09/2023";"0000";"";"";"";"";"";"";"";"";"";"";"";"";"";"";"";"";""
"07/09/2023";"0100";"";"";"";"";"";"";"";"";"";"";"";"";"";"";"";"";""
"07/09/2023";"0200";"";"";"";"";"";"";"";"";"";"";"";"";"";"";"";"";""
"07/09/2023";"0300";"";"";"";"";"";"";"";"";"";"";"";"";"";"";"";"";""
"07/09/2023";"0400";"";"";"";"";"";"";"";"";"";"";"";"";"";"";"";"";""
"07/09/2023";"0500";"";"";"";"";"";"";"";"";"";"";"";"";"";"";"";"";""
"07/09/2023";"0600";"";"";"";"";"";"";"";"";"";"";"";"";"";"";"";"";""
"07/09/2023";"0700";"";"";"";"";"";"";"";"";"";"";"";"";"";"";"";"";""
"07/09/2023";"0800";"";"";"";"";"";"";"";"";"";"";"";"";"";"";"";"";""
"07/09/2023";"0900";"";"";"";"";"";"";"";"";"";"";"";"";"";"";"";"";""
"07/09/2023";"1000";"";"";"";"";"";"";"";"";"";"";"";"";"";"";"";"";""
"07/09/2023";"1100";"";"";"";"";"";"";"";"";"";"";"";"";"";"";"";"";""
"07/09/2023";"1200";"";"";"";"";"";"";"";"";"";"";"";"";"";"";"";"";""
"07/09/2023";"1300";"";"";"";"";"";"";"";"";"";"";"";"";"";"";"";"";""
"07/09/2023";"1400";"";"";"";"";"";"";"";"";"";"";"";"";"";"";"";"";""
"07/09/2023";"1500";"";"";"";"";"";"";"";"";"";"";"";"";"";"";"";"";""
"07/09/2023";"1600";"29,8";"";"";"58,0";"";"";"20,7";"";"";"993,2";"";"";"2,6";"240,0";"";"1843,00";"0,0"
"07/09/2023";"1700";"31,2";"31,4";"29,7";"52,0";"62,0";"50,0";"20,1";"21,9";"19,4";"991,9";"993,2";"991,9";"1,5";"267,0";"5,0";"2855,80";"0,0"
"07/09/2023";"1800";"31,2";"31,8";"30,8";"54,0";"57,0";"50,0";"20,9";"21,7";"19,7";"990,8";"991,9";"990,8";"1,8";"234,0";"5,8";"2944,30";"0,0"
"07/09/2023";"1900";"31,7";"32,3";"31,0";"53,0";"57,0";"51,0";"21,0";"22,0";"20,4";"989,8";"990,8";"989,8";"1,4";"231,0";"3,3";"2215,20";"0,0"
"07/09/2023";"2000";"31,0";"32,4";"31,0";"56,0";"57,0";"51,0";"21,1";"22,1";"20,5";"989,3";"989,8";"989,3";"0,8";"251,0";"3,1";"1389,40";"0,0"
"07/09/2023";"2100";"30,8";"31,7";"30,8";"57,0";"57,0";"53,0";"21,3";"21,6";"20,5";"989,4";"989,5";"989,2";"0,8";"268,0";"2,6";"634,10";"0,0"
"07/09/2023";"2200";"28,3";"30,8";"28,3";"70,0";"70,0";"55,0";"22,3";"22,9";"20,5";"989,4";"989,6";"989,2";"0,8";"270,0";"2,3";"143,30";"0,0"
"07/09/2023";"2300";"27,0";"28,3";"26,9";"77,0";"77,0";"70,0";"22,7";"22,7";"22,2";"990,7";"990,7";"989,5";"0,3";"269,0";"2,1";"";"0,0"
"08/09/2023";"0000";"26,2";"27,1";"26,2";"77,0";"78,0";"75,0";"21,9";"22,6";"21,9";"991,8";"991,8";"990,7";"0,5";"329,0";"2,2";"";"0,0"
"08/09/2023";"0100";"25,4";"26,2";"25,4";"79,0";"79,0";"77,0";"21,5";"22,1";"21,5";"992,0";"992,0";"991,7";"0,8";"252,0";"2,2";"";"0,0"
"08/09/2023";"0200";"24,9";"25,4";"24,8";"82,0";"82,0";"79,0";"21,6";"21,7";"21,6";"992,7";"992,7";"992,0";"0,4";"217,0";"2,4";"";"0,0"
"08/09/2023";"0300";"23,8";"24,9";"23,8";"88,0";"88,0";"82,0";"21,8";"21,8";"21,5";"992,6";"992,9";"992,6";"0,9";"291,0";"2,6";"";"0,0"
"08/09/2023";"0400";"23,0";"23,8";"23,0";"91,0";"91,0";"88,0";"21,4";"21,8";"21,4";"992,5";"992,6";"992,4";"0,5";"202,0";"1,8";"";"0,0"
"08/09/2023";"0500";"22,8";"23,1";"22,8";"92,0";"92,0";"91,0";"21,3";"21,7";"21,3";"991,7";"992,5";"991,7";"0,5";"191,0";"1,4";"";"0,0"
"08/09/2023";"0600";"22,4";"22,8";"22,3";"94,0";"94,0";"92,0";"21,3";"21,5";"21,2";"991,3";"991,7";"991,1";"0,7";"207,0";"1,9";"";"0,0"
"08/09/2023";"0700";"22,4";"22,5";"22,2";"94,0";"94,0";"93,0";"21,4";"21,5";"21,1";"991,1";"991,3";"991,0";"0,1";"195,0";"2,1";"";"0,0"
"08/09/2023";"0800";"22,2";"22,7";"22,2";"94,0";"94,0";"93,0";"21,2";"21,6";"21,1";"991,1";"991,2";"991,1";"1,2";"206,0";"2,1";"";"0,0"
"08/09/2023";"0900";"21,8";"22,2";"21,8";"94,0";"94,0";"94,0";"20,8";"21,2";"20,8";"991,6";"991,6";"991,0";"0,8";"211,0";"2,0";"";"0,0"
"08/09/2023";"1000";"21,8";"21,9";"21,7";"94,0";"95,0";"94,0";"20,9";"21,0";"20,8";"992,3";"992,3";"991,6";"1,1";"238,0";"1,9";"1,40";"0,0"
"08/09/2023";"1100";"22,6";"22,6";"21,7";"93,0";"95,0";"93,0";"21,4";"21,5";"20,7";"993,4";"993,4";"992,3";"1,6";"247,0";"3,0";"153,70";"0,0"
"08/09/2023";"1200";"25,7";"25,7";"22,6";"79,0";"93,0";"79,0";"21,8";"22,4";"21,4";"994,3";"994,4";"993,4";"2,6";"284,0";"5,5";"893,10";"0,0"
"08/09/2023";"1300";"27,8";"27,8";"25,6";"70,0";"80,0";"70,0";"21,9";"22,5";"21,1";"994,9";"994,9";"994,3";"2,9";"260,0";"6,9";"1347,50";"0,0"
"08/09/2023";"1400";"29,2";"29,6";"27,7";"64,0";"71,0";"62,0";"21,6";"22,6";"21,0";"995,0";"995,1";"994,9";"3,6";"258,0";"6,8";"2480,30";"0,0"
"08/09/2023";"1500";"30,6";"31,0";"29,0";"56,0";"65,0";"55,0";"20,7";"22,4";"20,7";"994,4";"995,0";"994,4";"3,3";"250,0";"6,5";"3000,80";"0,0"
"08/09/2023";"1600";"32,0";"32,7";"30,4";"53,0";"58,0";"51,0";"21,2";"21,9";"20,5";"993,4";"994,4";"993,4";"2,2";"289,0";"6,0";"3225,00";"0,0"
"08/09/2023";"1700";"32,8";"33,0";"30,9";"51,0";"56,0";"49,0";"21,3";"21,9";"19,9";"992,1";"993,4";"992,1";"2,0";"279,0";"7,6";"2639,70";"0,2"
"08/09/2023";"1800";"29,7";"33,8";"29,7";"58,0";"60,0";"47,0";"20,6";"21,9";"20,0";"991,1";"992,1";"991,1";"1,5";"291,0";"8,2";"1378,40";"5,8"
"08/09/2023";"1900";"28,5";"29,7";"27,0";"62,0";"71,0";"58,0";"20,4";"21,4";"19,3";"990,4";"991,1";"990,4";"1,5";"201,0";"11,0";"634,70";"0,0"
"08/09/2023";"2000";"28,9";"29,2";"28,4";"64,0";"68,0";"59,0";"21,5";"21,9";"20,2";"989,9";"990,4";"989,9";"0,5";"258,0";"2,7";"680,90";"0,0"
"08/09/2023";"2100";"29,9";"30,2";"28,6";"58,0";"68,0";"55,0";"20,8";"22,5";"20,1";"990,3";"990,3";"989,9";"1,5";"225,0";"2,4";"644,30";"0,0"
"08/09/2023";"2200";"26,6";"29,9";"26,6";"73,0";"73,0";"58,0";"21,3";"21,5";"20,6";"990,9";"991,0";"990,2";"2,1";"248,0";"5,0";"112,30";"0,0"
"08/09/2023";"2300";"25,9";"26,7";"25,9";"76,0";"76,0";"72,0";"21,3";"21,4";"21,1";"991,6";"991,6";"990,9";"0,9";"237,0";"4,4";"";"0,0"
"09/09/2023";"0000";"25,5";"26,0";"25,5";"79,0";"79,0";"76,0";"21,5";"21,6";"21,3";"991,9";"991,9";"991,5";"0,2";"219,0";"1,6";"";"0,0"
"09/09/2023";"0100";"24,8";"25,5";"24,8";"83,0";"83,0";"79,0";"21,6";"21,8";"21,5";"992,7";"992,7";"991,9";"0,0";"301,0";"1,9";"";"0,0"
"09/09/2023";"0200";"24,8";"24,8";"24,5";"84,0";"84,0";"83,0";"21,8";"21,8";"21,5";"993,2";"993,3";"992,7";"0,4";"301,0";"1,4";"";"0,0"
"09/09/2023";"0300";"24,1";"24,8";"24,1";"87,0";"87,0";"83,0";"21,7";"22,0";"21,7";"993,2";"993,4";"993,1";"0,8";"237,0";"1,3";"";"0,0"
"09/09/2023";"0400";"23,7";"24,1";"23,7";"88,0";"88,0";"87,0";"21,6";"21,8";"21,6";"992,8";"993,2";"992,8";"0,6";"204,0";"1,5";"";"0,0"
"09/09/2023";"0500";"23,6";"23,6";"23,2";"90,0";"91,0";"88,0";"21,9";"21,9";"21,5";"992,1";"992,8";"992,1";"1,1";"225,0";"2,5";"";"0,0"
"09/09/2023";"0600";"23,0";"23,7";"23,0";"92,0";"92,0";"89,0";"21,6";"21,8";"21,5";"991,7";"992,1";"991,7";"0,3";"201,0";"2,0";"";"0,0"
"09/09/2023";"0700";"22,6";"23,0";"22,6";"94,0";"94,0";"92,0";"21,6";"21,7";"21,4";"991,8";"991,8";"991,5";"0,0";"242,0";"1,4";"";"0,0"
"09/09/2023";"0800";"22,5";"22,7";"22,5";"94,0";"94,0";"93,0";"21,5";"21,7";"21,4";"992,2";"992,2";"991,8";"0,8";"218,0";"1,6";"";"0,0"
"09/09/2023";"0900";"22,6";"22,7";"22,5";"94,0";"94,0";"94,0";"21,6";"21,7";"21,5";"992,5";"992,5";"992,2";"1,0";"216,0";"2,0";"";"0,0"
"09/09/2023";"1000";"22,6";"22,7";"22,6";"93,0";"94,0";"93,0";"21,4";"21,6";"21,4";"993,3";"993,3";"992,5";"1,4";"218,0";"2,1";"2,20";"0,0"
"09/09/2023";"1100";"24,1";"24,1";"22,6";"89,0";"93,0";"89,0";"22,2";"22,2";"21,4";"994,0";"994,0";"993,3";"0,1";"222,0";"2,1";"230,30";"0,0"
"09/09/2023";"1200";"27,5";"27,7";"24,1";"76,0";"89,0";"76,0";"23,0";"23,6";"22,3";"994,5";"994,5";"993,9";"1,4";"267,0";"2,8";"1026,80";"0,0"
"09/09/2023";"1300";"30,9";"31,0";"27,5";"62,0";"78,0";"62,0";"22,7";"23,8";"22,4";"994,7";"994,7";"994,5";"1,0";"304,0";"3,7";"1749,80";"0,0"
"09/09/2023";"1400";"32,1";"32,4";"30,5";"51,0";"63,0";"51,0";"20,7";"23,0";"20,7";"995,0";"995,0";"994,7";"2,2";"297,0";"5,5";"2596,80";"0,0"
"09/09/2023";"1500";"33,6";"34,1";"32,0";"48,0";"54,0";"47,0";"21,1";"22,1";"19,9";"994,6";"995,0";"994,6";"1,6";"310,0";"5,6";"3052,50";"0,0"
"09/09/2023";"1600";"34,0";"35,0";"33,0";"42,0";"51,0";"42,0";"19,5";"22,3";"18,8";"993,9";"994,6";"993,9";"2,3";"287,0";"6,0";"3197,60";"0,0"
"09/09/2023";"1700";"34,0";"34,4";"32,3";"43,0";"50,0";"42,0";"19,7";"21,2";"19,2";"992,6";"993,9";"992,6";"2,3";"285,0";"6,1";"2406,90";"0,0"
"09/09/2023";"1800";"34,8";"35,3";"33,4";"41,0";"44,0";"39,0";"19,4";"20,4";"18,7";"991,3";"992,6";"991,3";"2,0";"301,0";"6,4";"2832,80";"0,0"
"09/09/2023";"1900";"33,9";"35,1";"33,5";"41,0";"43,0";"40,0";"18,8";"20,3";"18,4";"990,4";"991,2";"990,3";"1,2";"316,0";"6,6";"2061,70";"0,0"
"09/09/2023";"2000";"33,0";"34,9";"33,0";"42,0";"42,0";"37,0";"18,4";"19,2";"17,8";"989,7";"990,4";"989,6";"2,1";"260,0";"3,9";"1346,10";"0,0"
"09/09/2023";"2100";"32,9";"33,0";"32,5";"46,0";"47,0";"42,0";"19,7";"19,8";"18,4";"989,9";"989,9";"989,6";"1,2";"252,0";"3,4";"510,40";"0,0"
"09/09/2023";"2200";"27,3";"32,9";"26,1";"71,0";"75,0";"46,0";"21,5";"22,4";"19,0";"990,5";"990,5";"989,9";"1,0";"200,0";"9,7";"98,30";"0,0"
"09/09/2023";"2300";"27,4";"27,7";"27,0";"74,0";"75,0";"68,0";"22,3";"22,5";"20,9";"990,8";"990,8";"990,5";"0,2";"302,0";"2,4";"0,90";"0,0"
"10/09/2023";"0000";"26,8";"27,5";"26,6";"75,0";"77,0";"73,0";"22,0";"22,7";"22,0";"991,7";"991,7";"990,8";"1,3";"245,0";"4,9";"0,60";"0,0"
"10/09/2023";"0100";"26,4";"27,3";"26,1";"78,0";"80,0";"72,0";"22,2";"22,4";"21,7";"992,2";"992,2";"991,7";"1,8";"190,0";"5,5";"";"0,0"
"10/09/2023";"0200";"25,3";"26,4";"25,3";"82,0";"82,0";"78,0";"22,1";"22,3";"22,0";"992,6";"992,7";"992,2";"0,7";"190,0";"3,0";"";"0,0"
"10/09/2023";"0300";"24,9";"25,4";"24,8";"84,0";"84,0";"81,0";"22,0";"22,1";"21,9";"992,6";"992,7";"992,6";"0,9";"205,0";"2,3";"";"0,0"
"10/09/2023";"0400";"24,6";"24,9";"24,6";"85,0";"85,0";"84,0";"22,0";"22,1";"21,9";"992,4";"992,6";"992,4";"0,4";"216,0";"2,2";"";"0,0"
"10/09/2023";"0500";"24,3";"24,9";"24,2";"87,0";"87,0";"84,0";"22,0";"22,2";"21,8";"991,9";"992,4";"991,9";"1,0";"203,0";"2,3";"";"0,0"
"10/09/2023";"0600";"23,9";"24,3";"23,9";"88,0";"88,0";"87,0";"21,8";"22,1";"21,8";"991,6";"992,0";"991,6";"1,2";"190,0";"2,7";"";"0,0"
"10/09/2023";"0700";"23,9";"23,9";"23,8";"89,0";"89,0";"88,0";"22,0";"22,0";"21,8";"991,5";"991,6";"991,5";"0,2";"223,0";"1,9";"";"0,0"
"10/09/2023";"0800";"23,7";"23,9";"23,6";"91,0";"91,0";"89,0";"22,0";"22,1";"21,8";"991,5";"991,6";"991,5";"0,0";"226,0";"1,1";"";"0,0"
"10/09/2023";"0900";"23,5";"23,8";"23,5";"91,0";"91,0";"90,0";"21,8";"22,0";"21,8";"991,7";"991,7";"991,5";"0,0";"224,0";"1,1";"";"0,0"
"10/09/2023";"1000";"23,2";"23,5";"23,2";"92,0";"92,0";"91,0";"21,8";"21,9";"21,7";"992,2";"992,2";"991,7";"0,4";"206,0";"1,1";"4,20";"0,0"
"10/09/2023";"1100";"24,1";"24,1";"23,1";"90,0";"92,0";"90,0";"22,3";"22,4";"21,7";"993,1";"993,1";"992,2";"0,4";"222,0";"1,2";"177,70";"0,0"
"10/09/2023";"1200";"27,0";"27,0";"24,1";"79,0";"90,0";"78,0";"23,0";"23,7";"22,3";"993,7";"993,7";"993,1";"0,5";"223,0";"1,5";"845,20";"0,0"
"10/09/2023";"1300";"30,1";"30,2";"27,0";"63,0";"78,0";"63,0";"22,3";"23,8";"22,1";"994,2";"994,2";"993,7";"1,7";"258,0";"3,3";"1823,70";"0,0"
"10/09/2023";"1400";"32,6";"32,6";"30,1";"53,0";"64,0";"51,0";"21,8";"22,8";"21,1";"994,4";"994,4";"994,2";"1,7";"314,0";"3,7";"2583,80";"0,0"
"10/09/2023";"1500";"33,1";"34,1";"32,4";"45,0";"55,0";"42,0";"19,6";"22,2";"19,0";"994,0";"994,4";"994,0";"2,7";"283,0";"6,5";"3139,40";"0,0"
"10/09/2023";"1600";"34,1";"35,3";"33,2";"43,0";"47,0";"40,0";"19,8";"21,1";"19,1";"993,0";"994,0";"993,0";"3,2";"272,0";"6,5";"3388,00";"0,0"
"10/09/2023";"1700";"34,8";"35,3";"33,2";"43,0";"47,0";"40,0";"20,5";"21,4";"19,2";"992,0";"993,1";"992,0";"1,9";"251,0";"7,1";"2922,80";"0,0"
"10/09/2023";"1800";"34,9";"35,3";"33,8";"39,0";"44,0";"39,0";"19,0";"20,9";"18,6";"990,8";"991,9";"990,8";"2,5";"289,0";"7,2";"2767,90";"0,0"
"10/09/2023";"1900";"34,9";"35,5";"34,0";"38,0";"42,0";"37,0";"18,5";"20,2";"18,3";"989,8";"990,8";"989,8";"2,2";"295,0";"6,4";"2428,60";"0,0"
"10/09/2023";"2000";"34,7";"35,5";"34,5";"37,0";"40,0";"36,0";"18,1";"19,5";"17,8";"989,2";"989,8";"989,1";"2,3";"280,0";"4,8";"1735,90";"0,0"
"10/09/2023";"2100";"33,4";"34,9";"33,4";"43,0";"43,0";"37,0";"19,0";"19,2";"18,0";"989,2";"989,2";"989,0";"2,1";"249,0";"5,6";"831,20";"0,0"
"10/09/2023";"2200";"31,2";"33,4";"31,2";"52,0";"52,0";"43,0";"20,2";"20,2";"19,0";"989,7";"989,7";"989,2";"1,5";"235,0";"3,6";"167,90";"0,0"
"10/09/2023";"2300";"29,9";"31,2";"29,8";"58,0";"59,0";"52,0";"20,6";"20,9";"20,2";"990,4";"990,4";"989,5";"1,2";"306,0";"4,2";"";"0,0"
"11/09/2023";"0000";"28,3";"29,9";"28,3";"65,0";"65,0";"57,0";"21,1";"21,1";"20,6";"991,1";"991,2";"990,4";"0,0";"320,0";"2,6";"";"0,0"
"11/09/2023";"0100";"27,0";"28,3";"27,0";"71,0";"71,0";"65,0";"21,2";"21,2";"20,8";"991,7";"991,7";"991,1";"0,0";"322,0";"1,1";"";"0,0"
"11/09/2023";"0200";"26,4";"27,2";"26,3";"75,0";"75,0";"71,0";"21,6";"21,8";"21,1";"992,2";"992,2";"991,7";"0,3";"193,0";"0,8";"";"0,0"
"11/09/2023";"0300";"26,0";"26,5";"26,0";"76,0";"76,0";"73,0";"21,5";"21,6";"21,3";"992,4";"992,5";"992,2";"1,1";"193,0";"1,5";"";"0,0"
"11/09/2023";"0400";"24,7";"26,0";"24,7";"84,0";"84,0";"76,0";"21,9";"21,9";"21,5";"991,8";"992,4";"991,8";"0,8";"192,0";"2,0";"";"0,0"
"11/09/2023";"0500";"24,4";"24,8";"24,3";"85,0";"85,0";"84,0";"21,7";"21,9";"21,6";"991,4";"991,8";"991,4";"0,5";"214,0";"1,5";"";"0,0"
"11/09/2023";"0600";"24,3";"24,4";"24,2";"85,0";"86,0";"85,0";"21,7";"21,9";"21,7";"991,0";"991,4";"991,0";"0,6";"195,0";"1,2";"";"0,0"
"11/09/2023";"0700";"24,1";"24,3";"23,9";"85,0";"87,0";"85,0";"21,5";"21,7";"21,5";"990,8";"991,1";"990,8";"0,3";"233,0";"1,7";"";"0,0"
"11/09/2023";"0800";"23,6";"24,1";"23,6";"88,0";"88,0";"85,0";"21,5";"21,5";"21,3";"990,6";"990,8";"990,5";"0,2";"189,0";"0,9";"";"0,0"
"11/09/2023";"0900";"23,1";"23,6";"23,1";"91,0";"91,0";"88,0";"21,5";"21,5";"21,4";"990,8";"990,8";"990,6";"0,5";"224,0";"1,3";"";"0,0"
"11/09/2023";"1000";"23,0";"23,2";"23,0";"90,0";"91,0";"90,0";"21,3";"21,5";"21,3";"991,4";"991,4";"990,8";"0,0";"242,0";"1,3";"1,70";"0,0"
"11/09/2023";"1100";"25,4";"25,4";"23,0";"83,0";"91,0";"83,0";"22,4";"22,6";"21,4";"992,2";"992,2";"991,4";"0,0";"257,0";"0,0";"217,70";"0,0"
"11/09/2023";"1200";"28,0";"28,1";"25,0";"70,0";"85,0";"70,0";"22,1";"22,7";"22,0";"992,6";"992,6";"992,2";"0,4";"262,0";"1,2";"924,20";"0,0"
"11/09/2023";"1300";"29,6";"29,7";"28,0";"62,0";"71,0";"58,0";"21,5";"23,0";"20,1";"993,2";"993,2";"992,6";"0,8";"194,0";"2,1";"1431,70";"0,0"
"11/09/2023";"1400";"32,3";"32,5";"29,6";"54,0";"63,0";"53,0";"21,8";"23,0";"21,5";"993,3";"993,5";"993,2";"1,1";"314,0";"2,0";"1707,90";"0,0"
"11/09/2023";"1500";"34,6";"35,1";"32,3";"44,0";"55,0";"44,0";"20,7";"22,3";"20,5";"992,8";"993,3";"992,8";"0,6";"289,0";"3,1";"2714,00";"0,0"
"11/09/2023";"1600";"34,5";"35,3";"33,9";"41,0";"47,0";"38,0";"19,2";"21,3";"18,4";"991,5";"992,8";"991,5";"2,6";"273,0";"7,4";"3083,40";"0,0"
"11/09/2023";"1700";"29,3";"35,7";"29,2";"56,0";"57,0";"39,0";"19,6";"20,3";"18,8";"990,6";"991,5";"990,6";"5,0";"275,0";"14,0";"1894,10";"0,0"
"11/09/2023";"1800";"28,7";"29,3";"28,2";"56,0";"61,0";"55,0";"19,1";"20,3";"19,0";"989,3";"990,6";"989,2";"1,9";"319,0";"9,8";"940,70";"0,0"
"11/09/2023";"1900";"26,9";"29,2";"26,7";"70,0";"70,0";"53,0";"20,9";"20,9";"18,7";"989,2";"989,7";"988,9";"2,0";"312,0";"5,5";"423,50";"0,0"
"11/09/2023";"2000";"24,7";"27,1";"24,7";"79,0";"79,0";"69,0";"20,9";"21,0";"20,6";"989,7";"989,7";"989,1";"2,8";"298,0";"6,7";"256,20";"0,0"
"11/09/2023";"2100";"25,0";"25,1";"24,7";"78,0";"79,0";"77,0";"20,8";"21,0";"20,7";"990,0";"990,1";"989,7";"2,5";"318,0";"5,1";"310,80";"0,0"
"11/09/2023";"2200";"24,3";"25,0";"24,3";"79,0";"79,0";"77,0";"20,4";"20,9";"20,4";"990,4";"990,4";"989,5";"0,2";"317,0";"5,1";"79,60";"0,0"
"11/09/2023";"2300";"24,0";"24,4";"24,0";"81,0";"81,0";"79,0";"20,6";"20,6";"20,4";"992,3";"992,3";"990,4";"0,5";"297,0";"2,1";"";"0,0"
"12/09/2023";"0000";"23,6";"24,0";"23,6";"84,0";"84,0";"81,0";"20,7";"20,8";"20,5";"993,0";"993,0";"992,2";"0,2";"255,0";"1,6";"";"0,0"
"12/09/2023";"0100";"23,7";"23,9";"23,5";"83,0";"84,0";"82,0";"20,8";"20,8";"20,7";"993,5";"993,5";"992,9";"1,0";"320,0";"2,8";"";"0,0"
"12/09/2023";"0200";"22,9";"23,8";"22,9";"88,0";"89,0";"83,0";"20,9";"21,0";"20,7";"993,6";"993,8";"993,5";"0,9";"293,0";"3,1";"";"0,0"
"12/09/2023";"0300";"22,7";"22,9";"22,7";"89,0";"89,0";"88,0";"20,9";"20,9";"20,7";"993,7";"993,8";"993,5";"1,2";"257,0";"2,8";"";"0,0"
"12/09/2023";"0400";"22,5";"22,7";"22,5";"90,0";"90,0";"89,0";"20,8";"21,0";"20,8";"993,1";"993,8";"993,1";"0,1";"203,0";"3,4";"";"0,0"
"12/09/2023";"0500";"22,5";"22,6";"22,4";"90,0";"90,0";"89,0";"20,7";"20,9";"20,6";"992,7";"993,0";"992,7";"0,8";"310,0";"1,8";"";"0,0"
"12/09/2023";"0600";"21,9";"22,5";"21,9";"92,0";"92,0";"90,0";"20,4";"20,8";"20,4";"992,3";"992,7";"992,3";"0,5";"288,0";"2,5";"";"0,0"
"12/09/2023";"0700";"21,6";"21,9";"21,4";"94,0";"94,0";"92,0";"20,6";"20,6";"20,4";"991,9";"992,4";"991,9";"0,2";"282,0";"1,4";"";"0,4"
"12/09/2023";"0800";"21,4";"21,6";"21,3";"95,0";"95,0";"94,0";"20,5";"20,7";"20,5";"992,0";"992,0";"991,9";"0,0";"214,0";"1,1";"";"0,0"
"12/09/2023";"0900";"21,4";"21,4";"21,2";"95,0";"95,0";"95,0";"20,6";"20,6";"20,4";"992,1";"992,1";"992,0";"0,0";"221,0";"0,0";"";"0,0"
"12/09/2023";"1000";"21,2";"21,4";"21,1";"96,0";"96,0";"95,0";"20,5";"20,6";"20,4";"992,7";"992,7";"992,1";"0,0";"298,0";"0,0";"1,30";"0,0"
"12/09/2023";"1100";"";"";"";"";"";"";"";"";"";"";"";"";"";"";"";"";""
"12/09/2023";"1200";"";"";"";"";"";"";"";"";"";"";"";"";"";"";"";"";""
"12/09/2023";"1300";"";"";"";"";"";"";"";"";"";"";"";"";"";"";"";"";""
"12/09/2023";"1400";"";"";"";"";"";"";"";"";"";"";"";"";"";"";"";"";""
"12/09/2023";"1500";"";"";"";"";"";"";"";"";"";"";"";"";"";"";"";"";""
"12/09/2023";"1600";"";"";"";"";"";"";"";"";"";"";"";"";"";"";"";"";""
"12/09/2023";"1700";"";"";"";"";"";"";"";"";"";"";"";"";"";"";"";"";""
"12/09/2023";"1800";"";"";"";"";"";"";"";"";"";"";"";"";"";"";"";"";""
"12/09/2023";"1900";"";"";"";"";"";"";"";"";"";"";"";"";"";"";"";"";""
"12/09/2023";"2000";"";"";"";"";"";"";"";"";"";"";"";"";"";"";"";"";""
"12/09/2023";"2100";"";"";"";"";"";"";"";"";"";"";"";"";"";"";"";"";""
"12/09/2023";"2200";"";"";"";"";"";"";"";"";"";"";"";"";"";"";"";"";""
"12/09/2023";"2300";"";"";"";"";"";"";"";"";"";"";"";"";"";"";"";"";""
"13/09/2023";"0000";"";"";"";"";"";"";"";"";"";"";"";"";"";"";"";"";""
"13/09/2023";"0100";"";"";"";"";"";"";"";"";"";"";"";"";"";"";"";"";""
"13/09/2023";"0200";"";"";"";"";"";"";"";"";"";"";"";"";"";"";"";"";""
"13/09/2023";"0300";"";"";"";"";"";"";"";"";"";"";"";"";"";"";"";"";""
"13/09/2023";"0400";"";"";"";"";"";"";"";"";"";"";"";"";"";"";"";"";""
"13/09/2023";"0500";"";"";"";"";"";"";"";"";"";"";"";"";"";"";"";"";""
"13/09/2023";"0600";"";"";"";"";"";"";"";"";"";"";"";"";"";"";"";"";""
"13/09/2023";"0700";"";"";"";"";"";"";"";"";"";"";"";"";"";"";"";"";""
"13/09/2023";"0800";"";"";"";"";"";"";"";"";"";"";"";"";"";"";"";"";""
"13/09/2023";"0900";"";"";"";"";"";"";"";"";"";"";"";"";"";"";"";"";""
"13/09/2023";"1000";"";"";"";"";"";"";"";"";"";"";"";"";"";"";"";"";""
"13/09/2023";"1100";"";"";"";"";"";"";"";"";"";"";"";"";"";"";"";"";""
"13/09/2023";"1200";"";"";"";"";"";"";"";"";"";"";"";"";"";"";"";"";""
"13/09/2023";"1300";"";"";"";"";"";"";"";"";"";"";"";"";"";"";"";"";""
"13/09/2023";"1400";"";"";"";"";"";"";"";"";"";"";"";"";"";"";"";"";""
"13/09/2023";"1500";"";"";"";"";"";"";"";"";"";"";"";"";"";"";"";"";""
"13/09/2023";"1600";"";"";"";"";"";"";"";"";"";"";"";"";"";"";"";"";""
"13/09/2023";"1700";"";"";"";"";"";"";"";"";"";"";"";"";"";"";"";"";""
"13/09/2023";"1800";"";"";"";"";"";"";"";"";"";"";"";"";"";"";"";"";""
"13/09/2023";"1900";"";"";"";"";"";"";"";"";"";"";"";"";"";"";"";"";""
"13/09/2023";"2000";"";"";"";"";"";"";"";"";"";"";"";"";"";"";"";"";""
"13/09/2023";"2100";"";"";"";"";"";"";"";"";"";"";"";"";"";"";"";"";""
"13/09/2023";"2200";"";"";"";"";"";"";"";"";"";"";"";"";"";"";"";"";""
"13/09/2023";"2300";"";"";"";"";"";"";"";"";"";"";"";"";"";"";"";"";""
"14/09/2023";"0000";"";"";"";"";"";"";"";"";"";"";"";"";"";"";"";"";""
"14/09/2023";"0100";"";"";"";"";"";"";"";"";"";"";"";"";"";"";"";"";""
"14/09/2023";"0200";"";"";"";"";"";"";"";"";"";"";"";"";"";"";"";"";""
"14/09/2023";"0300";"";"";"";"";"";"";"";"";"";"";"";"";"";"";"";"";""
"14/09/2023";"0400";"";"";"";"";"";"";"";"";"";"";"";"";"";"";"";"";""
"14/09/2023";"0500";"";"";"";"";"";"";"";"";"";"";"";"";"";"";"";"";""
"14/09/2023";"0600";"";"";"";"";"";"";"";"";"";"";"";"";"";"";"";"";""
"14/09/2023";"0700";"";"";"";"";"";"";"";"";"";"";"";"";"";"";"";"";""
"14/09/2023";"0800";"";"";"";"";"";"";"";"";"";"";"";"";"";"";"";"";""
"14/09/2023";"0900";"";"";"";"";"";"";"";"";"";"";"";"";"";"";"";"";""
"14/09/2023";"1000";"";"";"";"";"";"";"";"";"";"";"";"";"";"";"";"";""
"14/09/2023";"1100";"";"";"";"";"";"";"";"";"";"";"";"";"";"";"";"";""
"14/09/2023";"1200";"";"";"";"";"";"";"";"";"";"";"";"";"";"";"";"";""
"14/09/2023";"1300";"";"";"";"";"";"";"";"";"";"";"";"";"";"";"";"";""
"14/09/2023";"1400";"";"";"";"";"";"";"";"";"";"";"";"";"";"";"";"";""
"14/09/2023";"1500";"";"";"";"";"";"";"";"";"";"";"";"";"";"";"";"";""
"14/09/2023";"1600";"";"";"";"";"";"";"";"";"";"";"";"";"";"";"";"";""
"14/09/2023";"1700";"";"";"";"";"";"";"";"";"";"";"";"";"";"";"";"";""
"14/09/2023";"1800";"";"";"";"";"";"";"";"";"";"";"";"";"";"";"";"";""
"14/09/2023";"1900";"";"";"";"";"";"";"";"";"";"";"";"";"";"";"";"";""
"14/09/2023";"2000";"";"";"";"";"";"";"";"";"";"";"";"";"";"";"";"";""
"14/09/2023";"2100";"";"";"";"";"";"";"";"";"";"";"";"";"";"";"";"";""
"14/09/2023";"2200";"";"";"";"";"";"";"";"";"";"";"";"";"";"";"";"";""
"14/09/2023";"2300";"";"";"";"";"";"";"";"";"";"";"";"";"";"";"";"";""
"15/09/2023";"0000";"";"";"";"";"";"";"";"";"";"";"";"";"";"";"";"";""
"15/09/2023";"0100";"";"";"";"";"";"";"";"";"";"";"";"";"";"";"";"";""
"15/09/2023";"0200";"";"";"";"";"";"";"";"";"";"";"";"";"";"";"";"";""
"15/09/2023";"0300";"";"";"";"";"";"";"";"";"";"";"";"";"";"";"";"";""
"15/09/2023";"0400";"";"";"";"";"";"";"";"";"";"";"";"";"";"";"";"";""
"15/09/2023";"0500";"";"";"";"";"";"";"";"";"";"";"";"";"";"";"";"";""
"15/09/2023";"0600";"";"";"";"";"";"";"";"";"";"";"";"";"";"";"";"";""
"15/09/2023";"0700";"";"";"";"";"";"";"";"";"";"";"";"";"";"";"";"";""
"15/09/2023";"0800";"";"";"";"";"";"";"";"";"";"";"";"";"";"";"";"";""
"15/09/2023";"0900";"";"";"";"";"";"";"";"";"";"";"";"";"";"";"";"";""
"15/09/2023";"1000";"";"";"";"";"";"";"";"";"";"";"";"";"";"";"";"";""
"15/09/2023";"1100";"";"";"";"";"";"";"";"";"";"";"";"";"";"";"";"";""
"15/09/2023";"1200";"";"";"";"";"";"";"";"";"";"";"";"";"";"";"";"";""
"15/09/2023";"1300";"";"";"";"";"";"";"";"";"";"";"";"";"";"";"";"";""
"15/09/2023";"1400";"";"";"";"";"";"";"";"";"";"";"";"";"";"";"";"";""
"15/09/2023";"1500";"";"";"";"";"";"";"";"";"";"";"";"";"";"";"";"";""
"15/09/2023";"1600";"";"";"";"";"";"";"";"";"";"";"";"";"";"";"";"";""
"15/09/2023";"1700";"";"";"";"";"";"";"";"";"";"";"";"";"";"";"";"";""
"15/09/2023";"1800";"";"";"";"";"";"";"";"";"";"";"";"";"";"";"";"";""
"15/09/2023";"1900";"";"";"";"";"";"";"";"";"";"";"";"";"";"";"";"";""
"15/09/2023";"2000";"";"";"";"";"";"";"";"";"";"";"";"";"";"";"";"";""
"15/09/2023";"2100";"";"";"";"";"";"";"";"";"";"";"";"";"";"";"";"";""
"15/09/2023";"2200";"";"";"";"";"";"";"";"";"";"";"";"";"";"";"";"";""
"15/09/2023";"2300";"";"";"";"";"";"";"";"";"";"";"";"";"";"";"";"";""
"16/09/2023";"0000";"";"";"";"";"";"";"";"";"";"";"";"";"";"";"";"";""
"16/09/2023";"0100";"";"";"";"";"";"";"";"";"";"";"";"";"";"";"";"";""
"16/09/2023";"0200";"";"";"";"";"";"";"";"";"";"";"";"";"";"";"";"";""
"16/09/2023";"0300";"";"";"";"";"";"";"";"";"";"";"";"";"";"";"";"";""
"16/09/2023";"0400";"";"";"";"";"";"";"";"";"";"";"";"";"";"";"";"";""
"16/09/2023";"0500";"";"";"";"";"";"";"";"";"";"";"";"";"";"";"";"";""
"16/09/2023";"0600";"";"";"";"";"";"";"";"";"";"";"";"";"";"";"";"";""
"16/09/2023";"0700";"";"";"";"";"";"";"";"";"";"";"";"";"";"";"";"";""
"16/09/2023";"0800";"";"";"";"";"";"";"";"";"";"";"";"";"";"";"";"";""
"16/09/2023";"0900";"";"";"";"";"";"";"";"";"";"";"";"";"";"";"";"";""
"16/09/2023";"1000";"";"";"";"";"";"";"";"";"";"";"";"";"";"";"";"";""
"16/09/2023";"1100";"";"";"";"";"";"";"";"";"";"";"";"";"";"";"";"";""
"16/09/2023";"1200";"";"";"";"";"";"";"";"";"";"";"";"";"";"";"";"";""
"16/09/2023";"1300";"";"";"";"";"";"";"";"";"";"";"";"";"";"";"";"";""
"16/09/2023";"1400";"";"";"";"";"";"";"";"";"";"";"";"";"";"";"";"";""
"16/09/2023";"1500";"";"";"";"";"";"";"";"";"";"";"";"";"";"";"";"";""
"16/09/2023";"1600";"";"";"";"";"";"";"";"";"";"";"";"";"";"";"";"";""
"16/09/2023";"1700";"";"";"";"";"";"";"";"";"";"";"";"";"";"";"";"";""
"16/09/2023";"1800";"";"";"";"";"";"";"";"";"";"";"";"";"";"";"";"";""
"16/09/2023";"1900";"";"";"";"";"";"";"";"";"";"";"";"";"";"";"";"";""
"16/09/2023";"2000";"";"";"";"";"";"";"";"";"";"";"";"";"";"";"";"";""
"16/09/2023";"2100";"";"";"";"";"";"";"";"";"";"";"";"";"";"";"";"";""
"16/09/2023";"2200";"";"";"";"";"";"";"";"";"";"";"";"";"";"";"";"";""
"16/09/2023";"2300";"";"";"";"";"";"";"";"";"";"";"";"";"";"";"";"";""
"17/09/2023";"0000";"";"";"";"";"";"";"";"";"";"";"";"";"";"";"";"";""
"17/09/2023";"0100";"";"";"";"";"";"";"";"";"";"";"";"";"";"";"";"";""
"17/09/2023";"0200";"";"";"";"";"";"";"";"";"";"";"";"";"";"";"";"";""
"17/09/2023";"0300";"";"";"";"";"";"";"";"";"";"";"";"";"";"";"";"";""
"17/09/2023";"0400";"";"";"";"";"";"";"";"";"";"";"";"";"";"";"";"";""
"17/09/2023";"0500";"";"";"";"";"";"";"";"";"";"";"";"";"";"";"";"";""
"17/09/2023";"0600";"";"";"";"";"";"";"";"";"";"";"";"";"";"";"";"";""
"17/09/2023";"0700";"";"";"";"";"";"";"";"";"";"";"";"";"";"";"";"";""
"17/09/2023";"0800";"";"";"";"";"";"";"";"";"";"";"";"";"";"";"";"";""
"17/09/2023";"0900";"";"";"";"";"";"";"";"";"";"";"";"";"";"";"";"";""
"17/09/2023";"1000";"";"";"";"";"";"";"";"";"";"";"";"";"";"";"";"";""
"17/09/2023";"1100";"";"";"";"";"";"";"";"";"";"";"";"";"";"";"";"";""
"17/09/2023";"1200";"";"";"";"";"";"";"";"";"";"";"";"";"";"";"";"";""
"17/09/2023";"1300";"";"";"";"";"";"";"";"";"";"";"";"";"";"";"";"";""
"17/09/2023";"1400";"";"";"";"";"";"";"";"";"";"";"";"";"";"";"";"";""
"17/09/2023";"1500";"";"";"";"";"";"";"";"";"";"";"";"";"";"";"";"";""
"17/09/2023";"1600";"";"";"";"";"";"";"";"";"";"";"";"";"";"";"";"";""
"17/09/2023";"1700";"";"";"";"";"";"";"";"";"";"";"";"";"";"";"";"";""
"17/09/2023";"1800";"";"";"";"";"";"";"";"";"";"";"";"";"";"";"";"";""
"17/09/2023";"1900";"";"";"";"";"";"";"";"";"";"";"";"";"";"";"";"";""
"17/09/2023";"2000";"";"";"";"";"";"";"";"";"";"";"";"";"";"";"";"";""
"17/09/2023";"2100";"";"";"";"";"";"";"";"";"";"";"";"";"";"";"";"";""
"17/09/2023";"2200";"";"";"";"";"";"";"";"";"";"";"";"";"";"";"";"";""
"17/09/2023";"2300";"";"";"";"";"";"";"";"";"";"";"";"";"";"";"";"";""
"18/09/2023";"0000";"";"";"";"";"";"";"";"";"";"";"";"";"";"";"";"";""
"18/09/2023";"0100";"";"";"";"";"";"";"";"";"";"";"";"";"";"";"";"";""
"18/09/2023";"0200";"";"";"";"";"";"";"";"";"";"";"";"";"";"";"";"";""
"18/09/2023";"0300";"";"";"";"";"";"";"";"";"";"";"";"";"";"";"";"";""
"18/09/2023";"0400";"";"";"";"";"";"";"";"";"";"";"";"";"";"";"";"";""
"18/09/2023";"0500";"";"";"";"";"";"";"";"";"";"";"";"";"";"";"";"";""
"18/09/2023";"0600";"";"";"";"";"";"";"";"";"";"";"";"";"";"";"";"";""
"18/09/2023";"0700";"";"";"";"";"";"";"";"";"";"";"";"";"";"";"";"";""
"18/09/2023";"0800";"";"";"";"";"";"";"";"";"";"";"";"";"";"";"";"";""
"18/09/2023";"0900";"";"";"";"";"";"";"";"";"";"";"";"";"";"";"";"";""
"18/09/2023";"1000";"";"";"";"";"";"";"";"";"";"";"";"";"";"";"";"";""
"18/09/2023";"1100";"";"";"";"";"";"";"";"";"";"";"";"";"";"";"";"";""
"18/09/2023";"1200";"";"";"";"";"";"";"";"";"";"";"";"";"";"";"";"";""
"18/09/2023";"1300";"";"";"";"";"";"";"";"";"";"";"";"";"";"";"";"";""
"18/09/2023";"1400";"";"";"";"";"";"";"";"";"";"";"";"";"";"";"";"";""
"18/09/2023";"1500";"";"";"";"";"";"";"";"";"";"";"";"";"";"";"";"";""
"18/09/2023";"1600";"";"";"";"";"";"";"";"";"";"";"";"";"";"";"";"";""
"18/09/2023";"1700";"";"";"";"";"";"";"";"";"";"";"";"";"";"";"";"";""
"18/09/2023";"1800";"";"";"";"";"";"";"";"";"";"";"";"";"";"";"";"";""
"18/09/2023";"1900";"";"";"";"";"";"";"";"";"";"";"";"";"";"";"";"";""
"18/09/2023";"2000";"";"";"";"";"";"";"";"";"";"";"";"";"";"";"";"";""
"18/09/2023";"2100";"";"";"";"";"";"";"";"";"";"";"";"";"";"";"";"";""
"18/09/2023";"2200";"";"";"";"";"";"";"";"";"";"";"";"";"";"";"";"";""
"18/09/2023";"2300";"";"";"";"";"";"";"";"";"";"";"";"";"";"";"";"";""
"19/09/2023";"0000";"";"";"";"";"";"";"";"";"";"";"";"";"";"";"";"";""
"19/09/2023";"0100";"";"";"";"";"";"";"";"";"";"";"";"";"";"";"";"";""
"19/09/2023";"0200";"";"";"";"";"";"";"";"";"";"";"";"";"";"";"";"";""
"19/09/2023";"0300";"";"";"";"";"";"";"";"";"";"";"";"";"";"";"";"";""
"19/09/2023";"0400";"";"";"";"";"";"";"";"";"";"";"";"";"";"";"";"";""
"19/09/2023";"0500";"";"";"";"";"";"";"";"";"";"";"";"";"";"";"";"";""
"19/09/2023";"0600";"";"";"";"";"";"";"";"";"";"";"";"";"";"";"";"";""
"19/09/2023";"0700";"";"";"";"";"";"";"";"";"";"";"";"";"";"";"";"";""
"19/09/2023";"0800";"";"";"";"";"";"";"";"";"";"";"";"";"";"";"";"";""
"19/09/2023";"0900";"";"";"";"";"";"";"";"";"";"";"";"";"";"";"";"";""
"19/09/2023";"1000";"";"";"";"";"";"";"";"";"";"";"";"";"";"";"";"";""
"19/09/2023";"1100";"";"";"";"";"";"";"";"";"";"";"";"";"";"";"";"";""
"19/09/2023";"1200";"";"";"";"";"";"";"";"";"";"";"";"";"";"";"";"";""
"19/09/2023";"1300";"";"";"";"";"";"";"";"";"";"";"";"";"";"";"";"";""
"19/09/2023";"1400";"";"";"";"";"";"";"";"";"";"";"";"";"";"";"";"";""
"19/09/2023";"1500";"";"";"";"";"";"";"";"";"";"";"";"";"";"";"";"";""
"19/09/2023";"1600";"";"";"";"";"";"";"";"";"";"";"";"";"";"";"";"";""
"19/09/2023";"1700";"";"";"";"";"";"";"";"";"";"";"";"";"";"";"";"";""
"19/09/2023";"1800";"";"";"";"";"";"";"";"";"";"";"";"";"";"";"";"";""
"19/09/2023";"1900";"";"";"";"";"";"";"";"";"";"";"";"";"";"";"";"";""
"19/09/2023";"2000";"";"";"";"";"";"";"";"";"";"";"";"";"";"";"";"";""
"19/09/2023";"2100";"";"";"";"";"";"";"";"";"";"";"";"";"";"";"";"";""
"19/09/2023";"2200";"";"";"";"";"";"";"";"";"";"";"";"";"";"";"";"";""
"19/09/2023";"2300";"";"";"";"";"";"";"";"";"";"";"";"";"";"";"";"";""
"20/09/2023";"0000";"";"";"";"";"";"";"";"";"";"";"";"";"";"";"";"";""
"20/09/2023";"0100";"";"";"";"";"";"";"";"";"";"";"";"";"";"";"";"";""
"20/09/2023";"0200";"";"";"";"";"";"";"";"";"";"";"";"";"";"";"";"";""
"20/09/2023";"0300";"";"";"";"";"";"";"";"";"";"";"";"";"";"";"";"";""
"20/09/2023";"0400";"";"";"";"";"";"";"";"";"";"";"";"";"";"";"";"";""
"20/09/2023";"0500";"";"";"";"";"";"";"";"";"";"";"";"";"";"";"";"";""
"20/09/2023";"0600";"";"";"";"";"";"";"";"";"";"";"";"";"";"";"";"";""
"20/09/2023";"0700";"";"";"";"";"";"";"";"";"";"";"";"";"";"";"";"";""
"20/09/2023";"0800";"";"";"";"";"";"";"";"";"";"";"";"";"";"";"";"";""
"20/09/2023";"0900";"";"";"";"";"";"";"";"";"";"";"";"";"";"";"";"";""
"20/09/2023";"1000";"";"";"";"";"";"";"";"";"";"";"";"";"";"";"";"";""
"20/09/2023";"1100";"";"";"";"";"";"";"";"";"";"";"";"";"";"";"";"";""
"20/09/2023";"1200";"";"";"";"";"";"";"";"";"";"";"";"";"";"";"";"";""
"20/09/2023";"1300";"";"";"";"";"";"";"";"";"";"";"";"";"";"";"";"";""
"20/09/2023";"1400";"";"";"";"";"";"";"";"";"";"";"";"";"";"";"";"";""
"20/09/2023";"1500";"";"";"";"";"";"";"";"";"";"";"";"";"";"";"";"";""
"20/09/2023";"1600";"";"";"";"";"";"";"";"";"";"";"";"";"";"";"";"";""
"20/09/2023";"1700";"";"";"";"";"";"";"";"";"";"";"";"";"";"";"";"";""
"20/09/2023";"1800";"";"";"";"";"";"";"";"";"";"";"";"";"";"";"";"";""
"20/09/2023";"1900";"";"";"";"";"";"";"";"";"";"";"";"";"";"";"";"";""
"20/09/2023";"2000";"";"";"";"";"";"";"";"";"";"";"";"";"";"";"";"";""
"20/09/2023";"2100";"";"";"";"";"";"";"";"";"";"";"";"";"";"";"";"";""
"20/09/2023";"2200";"";"";"";"";"";"";"";"";"";"";"";"";"";"";"";"";""
"20/09/2023";"2300";"";"";"";"";"";"";"";"";"";"";"";"";"";"";"";"";""
"21/09/2023";"0000";"";"";"";"";"";"";"";"";"";"";"";"";"";"";"";"";""
"21/09/2023";"0100";"";"";"";"";"";"";"";"";"";"";"";"";"";"";"";"";""
"21/09/2023";"0200";"";"";"";"";"";"";"";"";"";"";"";"";"";"";"";"";""
"21/09/2023";"0300";"";"";"";"";"";"";"";"";"";"";"";"";"";"";"";"";""
"21/09/2023";"0400";"";"";"";"";"";"";"";"";"";"";"";"";"";"";"";"";""
"21/09/2023";"0500";"";"";"";"";"";"";"";"";"";"";"";"";"";"";"";"";""
"21/09/2023";"0600";"";"";"";"";"";"";"";"";"";"";"";"";"";"";"";"";""
"21/09/2023";"0700";"";"";"";"";"";"";"";"";"";"";"";"";"";"";"";"";""
"21/09/2023";"0800";"";"";"";"";"";"";"";"";"";"";"";"";"";"";"";"";""
"21/09/2023";"0900";"";"";"";"";"";"";"";"";"";"";"";"";"";"";"";"";""
"21/09/2023";"1000";"";"";"";"";"";"";"";"";"";"";"";"";"";"";"";"";""
"21/09/2023";"1100";"";"";"";"";"";"";"";"";"";"";"";"";"";"";"";"";""
"21/09/2023";"1200";"";"";"";"";"";"";"";"";"";"";"";"";"";"";"";"";""
"21/09/2023";"1300";"";"";"";"";"";"";"";"";"";"";"";"";"";"";"";"";""
"21/09/2023";"1400";"";"";"";"";"";"";"";"";"";"";"";"";"";"";"";"";""
"21/09/2023";"1500";"";"";"";"";"";"";"";"";"";"";"";"";"";"";"";"";""
"21/09/2023";"1600";"";"";"";"";"";"";"";"";"";"";"";"";"";"";"";"";""
"21/09/2023";"1700";"";"";"";"";"";"";"";"";"";"";"";"";"";"";"";"";""
"21/09/2023";"1800";"";"";"";"";"";"";"";"";"";"";"";"";"";"";"";"";""
"21/09/2023";"1900";"";"";"";"";"";"";"";"";"";"";"";"";"";"";"";"";""
"21/09/2023";"2000";"";"";"";"";"";"";"";"";"";"";"";"";"";"";"";"";""
"21/09/2023";"2100";"";"";"";"";"";"";"";"";"";"";"";"";"";"";"";"";""
"21/09/2023";"2200";"";"";"";"";"";"";"";"";"";"";"";"";"";"";"";"";""
"21/09/2023";"2300";"";"";"";"";"";"";"";"";"";"";"";"";"";"";"";"";""
"22/09/2023";"0000";"";"";"";"";"";"";"";"";"";"";"";"";"";"";"";"";""
"22/09/2023";"0100";"";"";"";"";"";"";"";"";"";"";"";"";"";"";"";"";""
"22/09/2023";"0200";"";"";"";"";"";"";"";"";"";"";"";"";"";"";"";"";""
"22/09/2023";"0300";"";"";"";"";"";"";"";"";"";"";"";"";"";"";"";"";""
"22/09/2023";"0400";"";"";"";"";"";"";"";"";"";"";"";"";"";"";"";"";""
"22/09/2023";"0500";"";"";"";"";"";"";"";"";"";"";"";"";"";"";"";"";""
"22/09/2023";"0600";"";"";"";"";"";"";"";"";"";"";"";"";"";"";"";"";""
"22/09/2023";"0700";"";"";"";"";"";"";"";"";"";"";"";"";"";"";"";"";""
"22/09/2023";"0800";"";"";"";"";"";"";"";"";"";"";"";"";"";"";"";"";""
"22/09/2023";"0900";"";"";"";"";"";"";"";"";"";"";"";"";"";"";"";"";""
"22/09/2023";"1000";"";"";"";"";"";"";"";"";"";"";"";"";"";"";"";"";""
"22/09/2023";"1100";"";"";"";"";"";"";"";"";"";"";"";"";"";"";"";"";""
"22/09/2023";"1200";"";"";"";"";"";"";"";"";"";"";"";"";"";"";"";"";""
"22/09/2023";"1300";"";"";"";"";"";"";"";"";"";"";"";"";"";"";"";"";""
"22/09/2023";"1400";"";"";"";"";"";"";"";"";"";"";"";"";"";"";"";"";""
"22/09/2023";"1500";"";"";"";"";"";"";"";"";"";"";"";"";"";"";"";"";""
"22/09/2023";"1600";"";"";"";"";"";"";"";"";"";"";"";"";"";"";"";"";""
"22/09/2023";"1700";"";"";"";"";"";"";"";"";"";"";"";"";"";"";"";"";""
"22/09/2023";"1800";"";"";"";"";"";"";"";"";"";"";"";"";"";"";"";"";""
"22/09/2023";"1900";"";"";"";"";"";"";"";"";"";"";"";"";"";"";"";"";""
"22/09/2023";"2000";"";"";"";"";"";"";"";"";"";"";"";"";"";"";"";"";""
"22/09/2023";"2100";"";"";"";"";"";"";"";"";"";"";"";"";"";"";"";"";""
"22/09/2023";"2200";"";"";"";"";"";"";"";"";"";"";"";"";"";"";"";"";""
"22/09/2023";"2300";"";"";"";"";"";"";"";"";"";"";"";"";"";"";"";"";""
"23/09/2023";"0000";"";"";"";"";"";"";"";"";"";"";"";"";"";"";"";"";""
"23/09/2023";"0100";"";"";"";"";"";"";"";"";"";"";"";"";"";"";"";"";""
"23/09/2023";"0200";"";"";"";"";"";"";"";"";"";"";"";"";"";"";"";"";""
"23/09/2023";"0300";"";"";"";"";"";"";"";"";"";"";"";"";"";"";"";"";""
"23/09/2023";"0400";"";"";"";"";"";"";"";"";"";"";"";"";"";"";"";"";""
"23/09/2023";"0500";"";"";"";"";"";"";"";"";"";"";"";"";"";"";"";"";""
"23/09/2023";"0600";"";"";"";"";"";"";"";"";"";"";"";"";"";"";"";"";""
"23/09/2023";"0700";"";"";"";"";"";"";"";"";"";"";"";"";"";"";"";"";""
"23/09/2023";"0800";"";"";"";"";"";"";"";"";"";"";"";"";"";"";"";"";""
"23/09/2023";"0900";"";"";"";"";"";"";"";"";"";"";"";"";"";"";"";"";""
"23/09/2023";"1000";"";"";"";"";"";"";"";"";"";"";"";"";"";"";"";"";""
"23/09/2023";"1100";"";"";"";"";"";"";"";"";"";"";"";"";"";"";"";"";""
"23/09/2023";"1200";"";"";"";"";"";"";"";"";"";"";"";"";"";"";"";"";""
"23/09/2023";"1300";"";"";"";"";"";"";"";"";"";"";"";"";"";"";"";"";""
"23/09/2023";"1400";"";"";"";"";"";"";"";"";"";"";"";"";"";"";"";"";""
"23/09/2023";"1500";"";"";"";"";"";"";"";"";"";"";"";"";"";"";"";"";""
"23/09/2023";"1600";"";"";"";"";"";"";"";"";"";"";"";"";"";"";"";"";""
"23/09/2023";"1700";"";"";"";"";"";"";"";"";"";"";"";"";"";"";"";"";""
"23/09/2023";"1800";"";"";"";"";"";"";"";"";"";"";"";"";"";"";"";"";""
"23/09/2023";"1900";"";"";"";"";"";"";"";"";"";"";"";"";"";"";"";"";""
"23/09/2023";"2000";"";"";"";"";"";"";"";"";"";"";"";"";"";"";"";"";""
"23/09/2023";"2100";"";"";"";"";"";"";"";"";"";"";"";"";"";"";"";"";""
"23/09/2023";"2200";"";"";"";"";"";"";"";"";"";"";"";"";"";"";"";"";""
"23/09/2023";"2300";"";"";"";"";"";"";"";"";"";"";"";"";"";"";"";"";""
"24/09/2023";"0000";"";"";"";"";"";"";"";"";"";"";"";"";"";"";"";"";""
"24/09/2023";"0100";"";"";"";"";"";"";"";"";"";"";"";"";"";"";"";"";""
"24/09/2023";"0200";"";"";"";"";"";"";"";"";"";"";"";"";"";"";"";"";""
"24/09/2023";"0300";"";"";"";"";"";"";"";"";"";"";"";"";"";"";"";"";""
"24/09/2023";"0400";"";"";"";"";"";"";"";"";"";"";"";"";"";"";"";"";""
"24/09/2023";"0500";"";"";"";"";"";"";"";"";"";"";"";"";"";"";"";"";""
"24/09/2023";"0600";"";"";"";"";"";"";"";"";"";"";"";"";"";"";"";"";""
"24/09/2023";"0700";"";"";"";"";"";"";"";"";"";"";"";"";"";"";"";"";""
"24/09/2023";"0800";"";"";"";"";"";"";"";"";"";"";"";"";"";"";"";"";""
"24/09/2023";"0900";"";"";"";"";"";"";"";"";"";"";"";"";"";"";"";"";""
"24/09/2023";"1000";"";"";"";"";"";"";"";"";"";"";"";"";"";"";"";"";""
"24/09/2023";"1100";"";"";"";"";"";"";"";"";"";"";"";"";"";"";"";"";""
"24/09/2023";"1200";"";"";"";"";"";"";"";"";"";"";"";"";"";"";"";"";""
"24/09/2023";"1300";"";"";"";"";"";"";"";"";"";"";"";"";"";"";"";"";""
"24/09/2023";"1400";"";"";"";"";"";"";"";"";"";"";"";"";"";"";"";"";""
"24/09/2023";"1500";"";"";"";"";"";"";"";"";"";"";"";"";"";"";"";"";""
"24/09/2023";"1600";"";"";"";"";"";"";"";"";"";"";"";"";"";"";"";"";""
"24/09/2023";"1700";"";"";"";"";"";"";"";"";"";"";"";"";"";"";"";"";""
"24/09/2023";"1800";"";"";"";"";"";"";"";"";"";"";"";"";"";"";"";"";""
"24/09/2023";"1900";"";"";"";"";"";"";"";"";"";"";"";"";"";"";"";"";""
"24/09/2023";"2000";"";"";"";"";"";"";"";"";"";"";"";"";"";"";"";"";""
"24/09/2023";"2100";"";"";"";"";"";"";"";"";"";"";"";"";"";"";"";"";""
"24/09/2023";"2200";"";"";"";"";"";"";"";"";"";"";"";"";"";"";"";"";""
"24/09/2023";"2300";"";"";"";"";"";"";"";"";"";"";"";"";"";"";"";"";""
"25/09/2023";"0000";"";"";"";"";"";"";"";"";"";"";"";"";"";"";"";"";""
"25/09/2023";"0100";"";"";"";"";"";"";"";"";"";"";"";"";"";"";"";"";""
"25/09/2023";"0200";"";"";"";"";"";"";"";"";"";"";"";"";"";"";"";"";""
"25/09/2023";"0300";"";"";"";"";"";"";"";"";"";"";"";"";"";"";"";"";""
"25/09/2023";"0400";"";"";"";"";"";"";"";"";"";"";"";"";"";"";"";"";""
"25/09/2023";"0500";"";"";"";"";"";"";"";"";"";"";"";"";"";"";"";"";""
"25/09/2023";"0600";"";"";"";"";"";"";"";"";"";"";"";"";"";"";"";"";""
"25/09/2023";"0700";"";"";"";"";"";"";"";"";"";"";"";"";"";"";"";"";""
"25/09/2023";"0800";"";"";"";"";"";"";"";"";"";"";"";"";"";"";"";"";""
"25/09/2023";"0900";"";"";"";"";"";"";"";"";"";"";"";"";"";"";"";"";""
"25/09/2023";"1000";"";"";"";"";"";"";"";"";"";"";"";"";"";"";"";"";""
"25/09/2023";"1100";"";"";"";"";"";"";"";"";"";"";"";"";"";"";"";"";""
"25/09/2023";"1200";"";"";"";"";"";"";"";"";"";"";"";"";"";"";"";"";""
"25/09/2023";"1300";"";"";"";"";"";"";"";"";"";"";"";"";"";"";"";"";""
"25/09/2023";"1400";"";"";"";"";"";"";"";"";"";"";"";"";"";"";"";"";""
"25/09/2023";"1500";"";"";"";"";"";"";"";"";"";"";"";"";"";"";"";"";""
"25/09/2023";"1600";"";"";"";"";"";"";"";"";"";"";"";"";"";"";"";"";""
"25/09/2023";"1700";"";"";"";"";"";"";"";"";"";"";"";"";"";"";"";"";""
"25/09/2023";"1800";"";"";"";"";"";"";"";"";"";"";"";"";"";"";"";"";""
"25/09/2023";"1900";"";"";"";"";"";"";"";"";"";"";"";"";"";"";"";"";""
"25/09/2023";"2000";"";"";"";"";"";"";"";"";"";"";"";"";"";"";"";"";""
"25/09/2023";"2100";"";"";"";"";"";"";"";"";"";"";"";"";"";"";"";"";""
"25/09/2023";"2200";"";"";"";"";"";"";"";"";"";"";"";"";"";"";"";"";""
"25/09/2023";"2300";"";"";"";"";"";"";"";"";"";"";"";"";"";"";"";"";""
"26/09/2023";"0000";"";"";"";"";"";"";"";"";"";"";"";"";"";"";"";"";""
"26/09/2023";"0100";"";"";"";"";"";"";"";"";"";"";"";"";"";"";"";"";""
"26/09/2023";"0200";"";"";"";"";"";"";"";"";"";"";"";"";"";"";"";"";""
"26/09/2023";"0300";"";"";"";"";"";"";"";"";"";"";"";"";"";"";"";"";""
"26/09/2023";"0400";"";"";"";"";"";"";"";"";"";"";"";"";"";"";"";"";""
"26/09/2023";"0500";"";"";"";"";"";"";"";"";"";"";"";"";"";"";"";"";""
"26/09/2023";"0600";"";"";"";"";"";"";"";"";"";"";"";"";"";"";"";"";""
"26/09/2023";"0700";"";"";"";"";"";"";"";"";"";"";"";"";"";"";"";"";""
"26/09/2023";"0800";"";"";"";"";"";"";"";"";"";"";"";"";"";"";"";"";""
"26/09/2023";"0900";"";"";"";"";"";"";"";"";"";"";"";"";"";"";"";"";""
"26/09/2023";"1000";"";"";"";"";"";"";"";"";"";"";"";"";"";"";"";"";""
"26/09/2023";"1100";"";"";"";"";"";"";"";"";"";"";"";"";"";"";"";"";""
"26/09/2023";"1200";"";"";"";"";"";"";"";"";"";"";"";"";"";"";"";"";""
"26/09/2023";"1300";"";"";"";"";"";"";"";"";"";"";"";"";"";"";"";"";""
"26/09/2023";"1400";"";"";"";"";"";"";"";"";"";"";"";"";"";"";"";"";""
"26/09/2023";"1500";"";"";"";"";"";"";"";"";"";"";"";"";"";"";"";"";""
"26/09/2023";"1600";"";"";"";"";"";"";"";"";"";"";"";"";"";"";"";"";""
"26/09/2023";"1700";"";"";"";"";"";"";"";"";"";"";"";"";"";"";"";"";""
"26/09/2023";"1800";"";"";"";"";"";"";"";"";"";"";"";"";"";"";"";"";""
"26/09/2023";"1900";"";"";"";"";"";"";"";"";"";"";"";"";"";"";"";"";""
"26/09/2023";"2000";"";"";"";"";"";"";"";"";"";"";"";"";"";"";"";"";""
"26/09/2023";"2100";"";"";"";"";"";"";"";"";"";"";"";"";"";"";"";"";""
"26/09/2023";"2200";"";"";"";"";"";"";"";"";"";"";"";"";"";"";"";"";""
"26/09/2023";"2300";"";"";"";"";"";"";"";"";"";"";"";"";"";"";"";"";""
"27/09/2023";"0000";"";"";"";"";"";"";"";"";"";"";"";"";"";"";"";"";""
"27/09/2023";"0100";"";"";"";"";"";"";"";"";"";"";"";"";"";"";"";"";""
"27/09/2023";"0200";"";"";"";"";"";"";"";"";"";"";"";"";"";"";"";"";""
"27/09/2023";"0300";"";"";"";"";"";"";"";"";"";"";"";"";"";"";"";"";""
"27/09/2023";"0400";"";"";"";"";"";"";"";"";"";"";"";"";"";"";"";"";""
"27/09/2023";"0500";"";"";"";"";"";"";"";"";"";"";"";"";"";"";"";"";""
"27/09/2023";"0600";"";"";"";"";"";"";"";"";"";"";"";"";"";"";"";"";""
"27/09/2023";"0700";"";"";"";"";"";"";"";"";"";"";"";"";"";"";"";"";""
"27/09/2023";"0800";"";"";"";"";"";"";"";"";"";"";"";"";"";"";"";"";""
"27/09/2023";"0900";"";"";"";"";"";"";"";"";"";"";"";"";"";"";"";"";""
"27/09/2023";"1000";"";"";"";"";"";"";"";"";"";"";"";"";"";"";"";"";""
"27/09/2023";"1100";"";"";"";"";"";"";"";"";"";"";"";"";"";"";"";"";""
"27/09/2023";"1200";"";"";"";"";"";"";"";"";"";"";"";"";"";"";"";"";""
"27/09/2023";"1300";"";"";"";"";"";"";"";"";"";"";"";"";"";"";"";"";""
"27/09/2023";"1400";"";"";"";"";"";"";"";"";"";"";"";"";"";"";"";"";""
"27/09/2023";"1500";"";"";"";"";"";"";"";"";"";"";"";"";"";"";"";"";""
"27/09/2023";"1600";"";"";"";"";"";"";"";"";"";"";"";"";"";"";"";"";""
"27/09/2023";"1700";"";"";"";"";"";"";"";"";"";"";"";"";"";"";"";"";""
"27/09/2023";"1800";"";"";"";"";"";"";"";"";"";"";"";"";"";"";"";"";""
"27/09/2023";"1900";"";"";"";"";"";"";"";"";"";"";"";"";"";"";"";"";""
"27/09/2023";"2000";"";"";"";"";"";"";"";"";"";"";"";"";"";"";"";"";""
"27/09/2023";"2100";"";"";"";"";"";"";"";"";"";"";"";"";"";"";"";"";""
"27/09/2023";"2200";"";"";"";"";"";"";"";"";"";"";"";"";"";"";"";"";""
"27/09/2023";"2300";"";"";"";"";"";"";"";"";"";"";"";"";"";"";"";"";""
"28/09/2023";"0000";"";"";"";"";"";"";"";"";"";"";"";"";"";"";"";"";""
"28/09/2023";"0100";"";"";"";"";"";"";"";"";"";"";"";"";"";"";"";"";""
"28/09/2023";"0200";"";"";"";"";"";"";"";"";"";"";"";"";"";"";"";"";""
"28/09/2023";"0300";"";"";"";"";"";"";"";"";"";"";"";"";"";"";"";"";""
"28/09/2023";"0400";"";"";"";"";"";"";"";"";"";"";"";"";"";"";"";"";""
"28/09/2023";"0500";"";"";"";"";"";"";"";"";"";"";"";"";"";"";"";"";""
"28/09/2023";"0600";"";"";"";"";"";"";"";"";"";"";"";"";"";"";"";"";""
"28/09/2023";"0700";"";"";"";"";"";"";"";"";"";"";"";"";"";"";"";"";""
"28/09/2023";"0800";"";"";"";"";"";"";"";"";"";"";"";"";"";"";"";"";""
"28/09/2023";"0900";"";"";"";"";"";"";"";"";"";"";"";"";"";"";"";"";""
"28/09/2023";"1000";"";"";"";"";"";"";"";"";"";"";"";"";"";"";"";"";""
"28/09/2023";"1100";"";"";"";"";"";"";"";"";"";"";"";"";"";"";"";"";""
"28/09/2023";"1200";"";"";"";"";"";"";"";"";"";"";"";"";"";"";"";"";""
"28/09/2023";"1300";"";"";"";"";"";"";"";"";"";"";"";"";"";"";"";"";""
"28/09/2023";"1400";"";"";"";"";"";"";"";"";"";"";"";"";"";"";"";"";""
"28/09/2023";"1500";"";"";"";"";"";"";"";"";"";"";"";"";"";"";"";"";""
"28/09/2023";"1600";"";"";"";"";"";"";"";"";"";"";"";"";"";"";"";"";""
"28/09/2023";"1700";"";"";"";"";"";"";"";"";"";"";"";"";"";"";"";"";""
"28/09/2023";"1800";"";"";"";"";"";"";"";"";"";"";"";"";"";"";"";"";""
"28/09/2023";"1900";"";"";"";"";"";"";"";"";"";"";"";"";"";"";"";"";""
"28/09/2023";"2000";"";"";"";"";"";"";"";"";"";"";"";"";"";"";"";"";""
"28/09/2023";"2100";"";"";"";"";"";"";"";"";"";"";"";"";"";"";"";"";""
"28/09/2023";"2200";"";"";"";"";"";"";"";"";"";"";"";"";"";"";"";"";""
"28/09/2023";"2300";"";"";"";"";"";"";"";"";"";"";"";"";"";"";"";"";""
"29/09/2023";"0000";"";"";"";"";"";"";"";"";"";"";"";"";"";"";"";"";""
"29/09/2023";"0100";"";"";"";"";"";"";"";"";"";"";"";"";"";"";"";"";""
"29/09/2023";"0200";"";"";"";"";"";"";"";"";"";"";"";"";"";"";"";"";""
"29/09/2023";"0300";"";"";"";"";"";"";"";"";"";"";"";"";"";"";"";"";""
"29/09/2023";"0400";"";"";"";"";"";"";"";"";"";"";"";"";"";"";"";"";""
"29/09/2023";"0500";"";"";"";"";"";"";"";"";"";"";"";"";"";"";"";"";""
"29/09/2023";"0600";"";"";"";"";"";"";"";"";"";"";"";"";"";"";"";"";""
"29/09/2023";"0700";"";"";"";"";"";"";"";"";"";"";"";"";"";"";"";"";""
"29/09/2023";"0800";"";"";"";"";"";"";"";"";"";"";"";"";"";"";"";"";""
"29/09/2023";"0900";"";"";"";"";"";"";"";"";"";"";"";"";"";"";"";"";""
"29/09/2023";"1000";"";"";"";"";"";"";"";"";"";"";"";"";"";"";"";"";""
"29/09/2023";"1100";"";"";"";"";"";"";"";"";"";"";"";"";"";"";"";"";""
"29/09/2023";"1200";"26,4";"";"";"78,0";"";"";"22,4";"";"";"993,0";"";"";"2,1";"244,0";"";"660,50";"0,0"
"29/09/2023";"1300";"28,6";"29,3";"26,4";"66,0";"78,0";"65,0";"21,5";"22,5";"21,4";"993,7";"993,7";"993,0";"1,8";"297,0";"4,5";"1921,90";"0,6"
"29/09/2023";"1400";"31,8";"31,8";"28,6";"58,0";"67,0";"57,0";"22,7";"22,7";"21,0";"993,3";"993,7";"993,3";"1,7";"277,0";"5,1";"2730,10";"0,0"
"29/09/2023";"1500";"32,6";"33,0";"31,1";"49,0";"58,0";"48,0";"20,5";"22,2";"20,0";"992,9";"993,3";"992,9";"3,2";"287,0";"6,2";"3184,40";"0,0"
"29/09/2023";"1600";"32,9";"33,5";"32,1";"49,0";"52,0";"47,0";"20,8";"21,9";"19,5";"992,1";"992,9";"992,1";"2,2";"283,0";"7,3";"3223,00";"0,0"
"29/09/2023";"1700";"34,8";"35,4";"32,8";"43,0";"51,0";"41,0";"20,4";"21,6";"19,5";"991,3";"992,1";"991,3";"2,0";"299,0";"5,5";"3297,90";"0,0"
"29/09/2023";"1800";"33,5";"35,3";"32,8";"43,0";"48,0";"41,0";"19,1";"21,9";"18,2";"990,0";"991,3";"990,0";"1,2";"295,0";"4,8";"1963,60";"0,0"
"29/09/2023";"1900";"33,6";"34,1";"32,6";"45,0";"49,0";"43,0";"20,0";"20,7";"19,1";"989,2";"990,0";"989,2";"2,0";"295,0";"5,3";"1643,20";"0,0"
"29/09/2023";"2000";"33,8";"34,3";"33,3";"41,0";"47,0";"39,0";"18,6";"20,9";"18,1";"988,5";"989,2";"988,5";"0,6";"281,0";"5,3";"1586,80";"0,0"
"29/09/2023";"2100";"30,4";"34,3";"30,3";"61,0";"61,0";"40,0";"22,1";"22,4";"18,4";"988,7";"988,7";"988,3";"0,5";"227,0";"4,3";"750,70";"0,0"
"29/09/2023";"2200";"29,2";"30,5";"29,2";"65,0";"65,0";"59,0";"22,0";"22,2";"21,2";"988,7";"988,9";"988,7";"0,7";"207,0";"2,4";"67,00";"0,0"
"29/09/2023";"2300";"28,7";"29,2";"28,1";"66,0";"68,0";"65,0";"21,6";"22,3";"21,3";"989,2";"989,2";"988,7";"0,4";"247,0";"1,8";"";"0,0"
"30/09/2023";"0000";"27,5";"28,8";"27,2";"74,0";"77,0";"65,0";"22,6";"22,8";"21,3";"990,2";"990,2";"989,1";"0,2";"196,0";"1,7";"";"0,0"
"30/09/2023";"0100";"26,7";"27,6";"26,7";"77,0";"77,0";"72,0";"22,3";"22,5";"21,9";"991,5";"991,5";"990,2";"0,3";"249,0";"1,6";"";"0,0"
"30/09/2023";"0200";"26,6";"27,0";"26,5";"81,0";"81,0";"77,0";"23,0";"23,2";"22,3";"992,1";"992,1";"991,5";"0,0";"296,0";"1,6";"";"0,0"
"30/09/2023";"0300";"25,7";"26,6";"25,7";"83,0";"84,0";"81,0";"22,7";"23,0";"22,7";"992,4";"992,4";"992,1";"0,4";"252,0";"1,2";"";"0,0"
"30/09/2023";"0400";"25,6";"26,4";"25,6";"83,0";"84,0";"77,0";"22,4";"22,9";"22,0";"992,0";"992,4";"992,0";"0,5";"210,0";"1,5";"";"0,0"
"30/09/2023";"0500";"25,4";"25,6";"25,4";"83,0";"84,0";"82,0";"22,3";"22,5";"22,3";"991,3";"992,0";"991,3";"1,1";"224,0";"2,3";"";"0,0"
"30/09/2023";"0600";"25,1";"25,5";"25,1";"84,0";"84,0";"82,0";"22,2";"22,3";"22,1";"991,3";"991,3";"991,1";"0,5";"233,0";"1,9";"";"0,0"
"30/09/2023";"0700";"24,7";"25,1";"24,7";"86,0";"86,0";"84,0";"22,3";"22,4";"22,0";"991,5";"991,5";"991,3";"0,0";"303,0";"1,5";"";"0,0"
"30/09/2023";"0800";"24,3";"24,8";"24,3";"88,0";"89,0";"86,0";"22,3";"22,5";"22,3";"991,0";"991,5";"991,0";"0,0";"304,0";"1,0";"";"0,0"
"30/09/2023";"0900";"23,7";"24,3";"23,7";"90,0";"90,0";"88,0";"22,1";"22,2";"21,9";"991,1";"991,1";"990,9";"0,3";"208,0";"1,0";"";"0,0"
"30/09/2023";"1000";"23,6";"23,8";"23,5";"92,0";"92,0";"90,0";"22,1";"22,2";"22,0";"991,9";"991,9";"991,0";"0,1";"206,0";"1,4";"9,00";"0,0"
"30/09/2023";"1100";"25,6";"25,7";"23,6";"85,0";"92,0";"85,0";"22,9";"23,1";"22,1";"993,0";"993,0";"991,9";"0,7";"227,0";"1,9";"391,80";"0,0"
"30/09/2023";"1200";"27,9";"27,9";"25,6";"74,0";"85,0";"72,0";"22,9";"23,4";"22,3";"994,0";"994,0";"993,0";"0,8";"293,0";"3,3";"795,40";"0,0"
"30/09/2023";"1300";"31,6";"31,6";"27,9";"60,0";"74,0";"59,0";"23,0";"23,1";"21,9";"994,6";"994,6";"994,0";"0,7";"304,0";"3,3";"1522,20";"0,0"
"30/09/2023";"1400";"32,6";"33,4";"31,1";"52,0";"60,0";"48,0";"21,5";"22,6";"20,2";"994,6";"994,8";"994,6";"1,4";"301,0";"5,5";"2547,70";"0,0"
"30/09/2023";"1500";"33,6";"34,2";"32,5";"43,0";"52,0";"42,0";"19,2";"21,7";"19,2";"993,9";"994,6";"993,9";"2,3";"279,0";"6,5";"2862,20";"0,0"
"30/09/2023";"1600";"33,9";"34,5";"33,3";"42,0";"46,0";"40,0";"19,3";"20,7";"18,6";"992,9";"993,9";"992,9";"2,7";"281,0";"6,5";"3110,40";"0,0"
"30/09/2023";"1700";"34,5";"35,3";"33,8";"40,0";"45,0";"38,0";"18,8";"20,3";"18,4";"991,6";"992,9";"991,6";"1,7";"286,0";"6,1";"3066,60";"0,8"
"30/09/2023";"1800";"34,7";"35,3";"33,6";"35,0";"43,0";"34,0";"16,9";"19,9";"16,3";"990,4";"991,6";"990,4";"2,4";"276,0";"5,9";"2424,90";"0,2"
"30/09/2023";"1900";"34,7";"36,5";"34,6";"38,0";"39,0";"32,0";"18,4";"19,0";"16,2";"989,2";"990,4";"989,2";"1,8";"231,0";"5,9";"2429,10";"0,8"
"30/09/2023";"2000";"34,9";"35,0";"33,8";"34,0";"40,0";"33,0";"16,6";"19,3";"16,2";"988,3";"989,2";"988,3";"1,8";"300,0";"5,8";"1414,00";"0,0"
"30/09/2023";"2100";"33,6";"35,0";"33,6";"37,0";"39,0";"33,0";"17,1";"17,6";"16,0";"988,5";"988,6";"988,3";"0,6";"320,0";"4,6";"763,70";"0,0"
"30/09/2023";"2200";"31,1";"33,6";"31,1";"50,0";"51,0";"37,0";"19,5";"19,8";"17,0";"989,1";"989,1";"988,5";"0,5";"221,0";"2,7";"139,20";"0,4"
"30/09/2023";"2300";"30,4";"31,2";"30,2";"54,0";"54,0";"48,0";"20,0";"20,1";"18,9";"990,1";"990,1";"989,1";"1,0";"242,0";"2,1";"";"0,4"
"01/10/2023";"0000";"28,4";"30,4";"28,4";"69,0";"69,0";"54,0";"22,2";"22,3";"20,0";"991,0";"991,0";"990,1";"1,5";"200,0";"2,6";"";"0,0"
"01/10/2023";"0100";"27,5";"28,4";"27,2";"75,0";"75,0";"69,0";"22,6";"22,6";"22,0";"991,6";"991,6";"991,0";"1,2";"207,0";"2,6";"";"0,0"
"01/10/2023";"0200";"";"";"";"";"";"";"";"";"";"";"";"";"";"";"";"";""
"01/10/2023";"0300";"26,2";"26,9";"26,1";"78,0";"78,0";"75,0";"22,0";"22,3";"21,9";"991,8";"992,1";"991,8";"1,0";"212,0";"2,1";"";"0,0"
"01/10/2023";"0400";"25,3";"26,3";"25,3";"82,0";"82,0";"77,0";"21,9";"22,1";"21,9";"991,2";"991,8";"991,2";"0,2";"220,0";"1,5";"";"0,0"
"01/10/2023";"0500";"25,3";"25,5";"25,1";"82,0";"83,0";"81,0";"22,1";"22,1";"21,7";"990,6";"991,2";"990,6";"0,0";"259,0";"1,0";"";"0,0"
"01/10/2023";"0600";"24,5";"25,3";"24,3";"86,0";"87,0";"82,0";"22,0";"22,2";"21,8";"990,2";"990,6";"990,1";"0,0";"300,0";"1,1";"";"0,0"
"01/10/2023";"0700";"23,5";"24,6";"23,5";"90,0";"90,0";"86,0";"21,7";"22,2";"21,7";"990,1";"990,2";"990,0";"1,5";"226,0";"2,4";"";"0,0"
"01/10/2023";"0800";"23,5";"23,9";"23,5";"90,0";"91,0";"89,0";"21,7";"22,2";"21,7";"990,6";"990,6";"990,1";"1,5";"221,0";"2,4";"";"0,0"
"01/10/2023";"0900";"23,5";"23,6";"23,3";"89,0";"90,0";"89,0";"21,6";"21,8";"21,6";"991,3";"991,3";"990,6";"0,6";"208,0";"2,3";"";"0,0"
"01/10/2023";"1000";"23,5";"23,6";"23,4";"89,0";"90,0";"89,0";"21,6";"21,7";"21,5";"991,7";"991,7";"991,3";"0,2";"242,0";"1,5";"8,60";"0,0"
"01/10/2023";"1100";"25,5";"25,5";"23,5";"83,0";"89,0";"83,0";"22,4";"22,4";"21,6";"992,6";"992,6";"991,7";"0,0";"296,0";"0,9";"334,00";"0,0"
"01/10/2023";"1200";"28,0";"28,4";"25,5";"74,0";"84,0";"71,0";"22,9";"23,4";"22,4";"993,2";"993,2";"992,6";"0,4";"213,0";"1,9";"1132,30";"0,0"
"01/10/2023";"1300";"31,5";"32,1";"28,0";"55,0";"75,0";"53,0";"21,4";"23,6";"20,9";"993,5";"993,5";"993,2";"0,8";"289,0";"3,0";"1924,70";"0,0"
"01/10/2023";"1400";"32,3";"33,5";"31,5";"49,0";"55,0";"47,0";"20,4";"21,9";"19,5";"993,4";"993,6";"993,4";"1,2";"263,0";"4,0";"2464,20";"0,0"
"01/10/2023";"1500";"34,1";"34,3";"32,3";"47,0";"50,0";"43,0";"21,3";"21,3";"19,1";"993,0";"993,4";"993,0";"1,2";"293,0";"4,0";"3003,00";"0,0"
"01/10/2023";"1600";"33,7";"35,4";"33,4";"46,0";"48,0";"39,0";"20,5";"21,7";"18,3";"992,0";"993,0";"992,0";"2,3";"300,0";"4,9";"3113,80";"0,0"
"01/10/2023";"1700";"34,0";"34,4";"33,2";"45,0";"48,0";"43,0";"20,4";"21,3";"19,2";"990,8";"992,0";"990,8";"2,6";"285,0";"5,2";"2026,70";"0,6"
"01/10/2023";"1800";"34,1";"35,8";"33,7";"45,0";"46,0";"39,0";"20,3";"21,0";"18,9";"989,7";"990,8";"989,7";"2,4";"274,0";"5,8";"2702,00";"0,2"
"01/10/2023";"1900";"34,2";"35,8";"33,9";"44,0";"45,0";"39,0";"20,0";"21,0";"19,1";"988,7";"989,7";"988,7";"1,7";"291,0";"4,6";"2024,10";"0,0"
"01/10/2023";"2000";"34,0";"34,7";"33,7";"45,0";"46,0";"42,0";"20,3";"21,0";"19,3";"987,9";"988,7";"987,9";"2,1";"264,0";"4,4";"1463,70";"0,0"
"01/10/2023";"2100";"32,5";"34,1";"32,5";"54,0";"54,0";"44,0";"21,9";"21,9";"19,8";"987,5";"987,9";"987,4";"1,7";"270,0";"4,0";"759,10";"0,0"
"01/10/2023";"2200";"30,6";"32,5";"30,6";"60,0";"60,0";"53,0";"22,0";"22,1";"21,7";"987,9";"987,9";"987,5";"1,0";"269,0";"3,2";"112,30";"0,0"
"01/10/2023";"2300";"29,0";"30,6";"29,0";"66,0";"66,0";"60,0";"22,1";"22,2";"21,8";"988,5";"988,6";"987,9";"0,2";"286,0";"2,2";"";"0,0"
"02/10/2023";"0000";"28,2";"29,3";"27,9";"71,0";"72,0";"65,0";"22,3";"22,4";"22,0";"989,4";"989,4";"988,5";"0,6";"190,0";"1,7";"";"0,0"
"02/10/2023";"0100";"27,1";"28,2";"27,1";"76,0";"76,0";"71,0";"22,4";"22,5";"22,2";"990,0";"990,0";"989,4";"0,8";"193,0";"2,0";"";"0,0"
"02/10/2023";"0200";"26,8";"27,2";"26,7";"76,0";"77,0";"75,0";"22,2";"22,4";"22,2";"990,3";"990,4";"990,0";"0,8";"190,0";"1,8";"";"0,0"
"02/10/2023";"0300";"";"";"";"";"";"";"";"";"";"";"";"";"";"";"";"";""
"02/10/2023";"0400";"25,2";"26,2";"25,2";"85,0";"85,0";"80,0";"22,5";"22,5";"22,3";"989,9";"990,4";"989,8";"0,0";"273,0";"1,2";"";"0,0"
"02/10/2023";"0500";"24,9";"25,3";"24,8";"88,0";"88,0";"85,0";"22,8";"22,8";"22,3";"989,6";"989,9";"989,6";"1,0";"303,0";"1,4";"";"0,0"
"02/10/2023";"0600";"24,3";"24,9";"24,3";"91,0";"91,0";"88,0";"22,7";"22,8";"22,5";"989,0";"989,6";"989,0";"0,0";"314,0";"1,5";"";"0,0"
"02/10/2023";"0700";"24,3";"24,4";"23,9";"91,0";"92,0";"90,0";"22,7";"22,9";"22,4";"988,8";"989,1";"988,8";"0,0";"221,0";"1,0";"";"0,0"
"02/10/2023";"0800";"23,7";"24,4";"23,6";"92,0";"92,0";"89,0";"22,4";"22,7";"22,1";"989,1";"989,1";"988,8";"0,0";"225,0";"1,2";"";"0,0"
"02/10/2023";"0900";"23,3";"23,9";"23,2";"94,0";"94,0";"92,0";"22,2";"22,6";"22,1";"989,3";"989,4";"989,1";"0,6";"194,0";"2,4";"";"0,0"
"02/10/2023";"1000";"23,4";"23,6";"23,2";"93,0";"94,0";"93,0";"22,2";"22,6";"22,2";"989,7";"989,7";"989,3";"0,0";"236,0";"1,2";"13,60";"0,0"
"02/10/2023";"1100";"25,3";"25,9";"23,3";"86,0";"93,0";"86,0";"22,9";"23,8";"22,2";"990,7";"990,7";"989,7";"0,5";"227,0";"1,1";"346,00";"0,0"
"02/10/2023";"1200";"28,5";"28,5";"25,3";"70,0";"87,0";"69,0";"22,4";"23,5";"22,1";"991,6";"991,6";"990,7";"1,0";"223,0";"2,1";"1135,50";"0,0"
"02/10/2023";"1300";"31,3";"31,3";"28,1";"60,0";"71,0";"60,0";"22,6";"23,5";"22,0";"991,9";"991,9";"991,6";"1,2";"285,0";"2,9";"2000,10";"0,0"
"02/10/2023";"1400";"33,0";"33,3";"31,1";"50,0";"62,0";"50,0";"21,3";"23,3";"21,3";"992,0";"992,1";"991,9";"1,5";"275,0";"3,1";"2724,70";"0,0"
"02/10/2023";"1500";"33,9";"34,9";"32,7";"45,0";"51,0";"44,0";"20,1";"21,9";"20,0";"991,4";"992,0";"991,4";"1,3";"298,0";"4,3";"3094,00";"0,0"
"02/10/2023";"1600";"35,0";"35,7";"33,6";"39,0";"46,0";"38,0";"19,0";"21,6";"19,0";"990,2";"991,4";"990,2";"2,2";"280,0";"4,7";"3466,80";"0,0"
"02/10/2023";"1700";"35,6";"36,7";"34,1";"39,0";"44,0";"38,0";"19,7";"21,5";"18,6";"989,0";"990,2";"989,0";"2,0";"304,0";"6,3";"2618,90";"0,0"
"02/10/2023";"1800";"36,3";"37,2";"35,2";"38,0";"41,0";"33,0";"19,8";"21,0";"17,3";"987,8";"989,0";"987,7";"1,9";"302,0";"5,3";"2707,50";"0,0"
"02/10/2023";"1900";"35,3";"36,5";"34,7";"41,0";"43,0";"36,0";"20,2";"21,1";"18,7";"987,2";"987,8";"987,2";"2,9";"298,0";"6,0";"2026,70";"0,0"
"02/10/2023";"2000";"34,5";"35,5";"34,4";"43,0";"44,0";"40,0";"20,0";"20,6";"19,4";"986,7";"987,2";"986,3";"2,3";"262,0";"6,0";"1496,00";"0,0"
"02/10/2023";"2100";"30,4";"34,7";"30,4";"58,0";"58,0";"42,0";"21,4";"21,6";"19,9";"986,4";"986,7";"986,4";"1,6";"195,0";"6,3";"701,60";"0,0"
"02/10/2023";"2200";"29,2";"30,4";"29,1";"56,0";"60,0";"56,0";"19,6";"21,3";"19,6";"986,8";"986,8";"986,4";"0,8";"216,0";"3,3";"138,50";"0,0"
"02/10/2023";"2300";"27,9";"29,4";"27,9";"63,0";"63,0";"55,0";"20,3";"20,3";"19,3";"987,7";"987,7";"986,8";"1,3";"199,0";"2,6";"";"0,0"
"03/10/2023";"0000";"27,1";"28,2";"27,1";"68,0";"68,0";"62,0";"20,7";"20,7";"20,2";"988,1";"988,2";"987,7";"1,3";"204,0";"2,5";"";"0,0"
"03/10/2023";"0100";"";"";"";"";"";"";"";"";"";"";"";"";"";"";"";"";""
"03/10/2023";"0200";"26,4";"26,8";"26,3";"74,0";"74,0";"69,0";"21,3";"21,5";"20,7";"989,4";"989,4";"988,6";"1,1";"283,0";"3,0";"";"0,0"
"03/10/2023";"0300";"27,2";"27,2";"26,4";"72,0";"74,0";"71,0";"21,7";"21,7";"21,2";"989,4";"989,5";"989,3";"0,7";"288,0";"2,9";"";"0,0"
"03/10/2023";"0400";"27,7";"27,7";"27,1";"69,0";"73,0";"68,0";"21,4";"21,8";"21,4";"988,8";"989,5";"988,8";"1,5";"293,0";"4,0";"";"0,0"
"03/10/2023";"0500";"26,6";"27,7";"26,4";"72,0";"74,0";"68,0";"21,2";"21,4";"21,1";"988,2";"988,8";"988,2";"0,6";"302,0";"3,6";"";"0,0"
"03/10/2023";"0600";"26,1";"26,8";"26,1";"73,0";"73,0";"71,0";"20,9";"21,1";"20,8";"988,2";"988,3";"988,1";"0,3";"236,0";"2,3";"";"0,0"
"03/10/2023";"0700";"25,7";"26,0";"25,3";"76,0";"78,0";"73,0";"21,2";"21,4";"20,9";"988,2";"988,2";"988,0";"0,2";"309,0";"2,0";"";"0,0"
"03/10/2023";"0800";"24,8";"26,1";"24,6";"84,0";"85,0";"75,0";"21,9";"22,0";"21,1";"988,4";"988,4";"988,2";"1,1";"205,0";"1,7";"";"0,0"
"03/10/2023";"0900";"25,3";"25,3";"24,8";"81,0";"85,0";"81,0";"21,7";"22,3";"21,7";"988,9";"988,9";"988,4";"0,8";"200,0";"1,7";"";"0,0"
"03/10/2023";"1000";"24,4";"25,4";"24,1";"88,0";"88,0";"80,0";"22,3";"22,3";"21,6";"989,4";"989,4";"988,9";"0,6";"261,0";"1,8";"8,80";"0,0"
"03/10/2023";"1100";"26,1";"26,1";"24,3";"77,0";"88,0";"77,0";"21,8";"22,3";"21,7";"990,5";"990,5";"989,4";"1,3";"250,0";"2,0";"285,20";"0,0"
"03/10/2023";"1200";"28,4";"28,7";"26,1";"66,0";"77,0";"66,0";"21,4";"22,5";"21,4";"990,9";"991,0";"990,5";"1,5";"303,0";"3,9";"917,90";"0,0"
"03/10/2023";"1300";"30,6";"30,6";"28,2";"64,0";"68,0";"61,0";"22,9";"23,1";"21,4";"991,9";"991,9";"990,9";"0,9";"320,0";"3,9";"1716,90";"0,0"
"03/10/2023";"1400";"33,2";"33,3";"30,4";"53,0";"64,0";"53,0";"22,4";"23,5";"22,0";"991,8";"991,9";"991,8";"1,7";"308,0";"5,1";"2250,00";"0,0"
"03/10/2023";"1500";"35,4";"35,4";"32,6";"47,0";"54,0";"46,0";"22,2";"22,7";"21,1";"991,6";"991,9";"991,6";"1,5";"313,0";"5,8";"2927,50";"0,0"
"03/10/2023";"1600";"33,1";"35,4";"32,6";"51,0";"54,0";"45,0";"21,5";"22,8";"20,8";"990,6";"991,6";"990,6";"0,9";"305,0";"4,9";"1624,00";"0,0"
"03/10/2023";"1700";"33,7";"34,5";"32,5";"50,0";"54,0";"47,0";"21,9";"23,0";"21,1";"989,2";"990,6";"988,9";"1,8";"311,0";"5,5";"1737,70";"0,0"
"03/10/2023";"1800";"27,7";"33,9";"27,7";"70,0";"70,0";"48,0";"21,6";"22,4";"20,7";"988,2";"989,4";"988,2";"3,2";"232,0";"6,9";"271,10";"0,0"
"03/10/2023";"1900";"25,3";"27,7";"24,8";"87,0";"88,0";"70,0";"23,1";"23,2";"21,5";"988,2";"988,2";"987,5";"0,3";"243,0";"6,9";"37,90";"0,0"
"03/10/2023";"2000";"24,4";"25,3";"24,3";"84,0";"88,0";"83,0";"21,5";"23,0";"21,4";"987,7";"988,5";"987,6";"0,8";"211,0";"5,0";"71,80";"0,0"
"03/10/2023";"2100";"23,9";"24,6";"23,9";"87,0";"87,0";"83,0";"21,6";"21,8";"21,4";"989,3";"989,3";"987,7";"2,3";"231,0";"4,4";"72,40";"0,0"
"03/10/2023";"2200";"23,9";"24,0";"23,8";"87,0";"88,0";"86,0";"21,6";"21,7";"21,5";"989,7";"990,0";"989,2";"2,1";"202,0";"5,0";"7,20";"0,0"
"03/10/2023";"2300";"23,2";"23,9";"23,2";"92,0";"92,0";"87,0";"21,9";"21,9";"21,4";"989,6";"989,7";"989,5";"1,7";"293,0";"4,9";"";"0,0"
"04/10/2023";"0000";"22,9";"23,2";"22,8";"93,0";"93,0";"92,0";"21,7";"21,9";"21,7";"989,9";"990,0";"989,5";"1,1";"207,0";"3,2";"";"0,0"
"04/10/2023";"0100";"22,9";"23,0";"22,9";"92,0";"93,0";"92,0";"21,6";"21,8";"21,6";"990,1";"990,1";"989,9";"0,8";"293,0";"2,6";"";"0,0"
"04/10/2023";"0200";"22,5";"22,9";"22,5";"94,0";"94,0";"92,0";"21,5";"21,7";"21,5";"990,3";"990,4";"990,1";"0,3";"212,0";"1,6";"";"0,0"
"04/10/2023";"0300";"22,5";"22,6";"22,5";"94,0";"94,0";"94,0";"21,5";"21,6";"21,5";"989,6";"990,3";"989,6";"1,5";"226,0";"2,6";"";"0,0"
"04/10/2023";"0400";"22,5";"22,6";"22,4";"93,0";"94,0";"93,0";"21,4";"21,5";"21,2";"989,3";"989,6";"989,3";"0,2";"210,0";"2,2";"";"0,0"
"04/10/2023";"0500";"22,0";"22,5";"22,0";"94,0";"94,0";"93,0";"21,1";"21,3";"21,1";"988,7";"989,3";"988,7";"1,3";"226,0";"2,1";"";"0,0"
"04/10/2023";"0600";"22,0";"22,1";"21,9";"94,0";"94,0";"94,0";"21,0";"21,1";"20,9";"988,3";"988,8";"988,3";"0,0";"276,0";"2,1";"";"0,0"
"04/10/2023";"0700";"21,6";"22,0";"21,6";"95,0";"95,0";"94,0";"20,8";"21,0";"20,7";"988,2";"988,4";"988,2";"0,0";"313,0";"0,6";"";"0,0"
"04/10/2023";"0800";"21,0";"21,7";"21,0";"95,0";"95,0";"95,0";"20,3";"20,9";"20,2";"988,7";"988,7";"988,2";"0,2";"208,0";"1,1";"";"0,0"
"04/10/2023";"0900";"20,8";"21,2";"20,7";"96,0";"96,0";"95,0";"20,1";"20,5";"20,1";"989,5";"989,5";"988,7";"0,0";"226,0";"1,5";"";"0,0"
"04/10/2023";"1000";"21,1";"21,2";"20,7";"96,0";"96,0";"96,0";"20,4";"20,5";"20,1";"990,7";"990,7";"989,5";"0,3";"231,0";"1,0";"10,80";"0,0"
"04/10/2023";"1100";"22,2";"22,2";"21,0";"96,0";"96,0";"96,0";"21,6";"21,6";"20,4";"991,5";"991,5";"990,7";"0,7";"218,0";"1,5";"349,60";"0,0"
"04/10/2023";"1200";"25,7";"25,8";"22,3";"81,0";"96,0";"81,0";"22,2";"22,7";"21,6";"992,2";"992,2";"991,5";"0,7";"228,0";"1,8";"1181,10";"0,0"
"04/10/2023";"1300";"29,4";"29,5";"25,6";"63,0";"82,0";"63,0";"21,6";"23,0";"21,4";"992,7";"992,7";"992,2";"0,5";"242,0";"1,9";"1965,20";"0,0"
"04/10/2023";"1400";"31,4";"31,4";"29,3";"61,0";"65,0";"59,0";"23,0";"23,5";"21,2";"992,1";"992,7";"992,1";"1,4";"271,0";"2,6";"2522,60";"0,0"
"04/10/2023";"1500";"32,5";"33,7";"31,3";"52,0";"64,0";"49,0";"21,4";"23,9";"20,7";"991,7";"992,1";"991,7";"1,6";"301,0";"5,0";"2775,80";"0,0"
"04/10/2023";"1600";"34,2";"34,7";"32,6";"47,0";"54,0";"44,0";"21,3";"23,2";"20,2";"990,9";"991,7";"990,9";"1,6";"318,0";"5,0";"2824,90";"0,0"
"04/10/2023";"1700";"34,8";"35,4";"33,0";"47,0";"50,0";"41,0";"21,8";"22,2";"20,1";"989,9";"990,9";"989,9";"1,9";"308,0";"4,8";"2965,10";"0,0"
"04/10/2023";"1800";"35,5";"35,9";"33,8";"42,0";"49,0";"40,0";"20,4";"22,3";"19,7";"988,9";"989,9";"988,9";"1,0";"286,0";"6,9";"2653,10";"0,0"
"04/10/2023";"1900";"35,7";"35,9";"33,9";"42,0";"49,0";"40,0";"20,8";"22,6";"19,5";"988,2";"988,9";"988,2";"1,0";"310,0";"4,4";"1671,70";"0,0"
"04/10/2023";"2000";"29,0";"35,7";"29,0";"62,0";"62,0";"41,0";"21,0";"21,4";"19,8";"988,1";"988,3";"987,8";"2,5";"241,0";"6,5";"529,00";"0,0"
"04/10/2023";"2100";"26,3";"29,0";"25,9";"72,0";"75,0";"62,0";"20,8";"21,3";"20,2";"988,1";"988,4";"987,8";"2,7";"225,0";"7,1";"153,60";"0,0"
"04/10/2023";"2200";"25,2";"26,3";"24,8";"77,0";"78,0";"72,0";"20,9";"21,1";"20,5";"988,8";"988,8";"988,0";"0,5";"283,0";"4,7";"72,70";"0,0"
"04/10/2023";"2300";"25,9";"26,9";"25,2";"65,0";"77,0";"64,0";"18,7";"21,2";"18,6";"989,0";"989,4";"988,8";"1,7";"252,0";"6,1";"";"0,0"
"05/10/2023";"0000";"25,8";"25,9";"25,4";"69,0";"70,0";"65,0";"19,7";"19,7";"18,7";"989,6";"989,6";"988,9";"1,7";"209,0";"2,7";"";"0,0"
"05/10/2023";"0100";"25,1";"25,8";"25,0";"73,0";"74,0";"69,0";"20,0";"20,1";"19,7";"990,0";"990,0";"989,6";"0,2";"210,0";"2,7";"";"0,0"
"05/10/2023";"0200";"23,8";"25,1";"23,8";"82,0";"82,0";"73,0";"20,5";"20,6";"19,9";"990,6";"990,6";"990,0";"1,2";"287,0";"3,5";"";"0,0"
"05/10/2023";"0300";"23,5";"23,8";"23,3";"84,0";"85,0";"82,0";"20,7";"20,8";"20,5";"990,3";"990,8";"990,3";"0,4";"292,0";"2,8";"";"0,0"
"05/10/2023";"0400";"23,2";"23,8";"23,2";"86,0";"86,0";"84,0";"20,7";"21,0";"20,6";"990,3";"990,3";"990,1";"0,0";"223,0";"1,9";"";"0,0"
"05/10/2023";"0500";"22,7";"23,2";"22,7";"88,0";"88,0";"86,0";"20,6";"20,9";"20,6";"989,9";"990,3";"989,9";"0,6";"187,0";"1,1";"";"0,0"
"05/10/2023";"0600";"22,5";"22,7";"22,2";"90,0";"91,0";"88,0";"20,8";"20,8";"20,5";"989,3";"989,9";"989,3";"0,0";"240,0";"1,1";"";"0,0"
"05/10/2023";"0700";"22,3";"22,7";"22,3";"90,0";"90,0";"89,0";"20,6";"21,0";"20,6";"989,2";"989,3";"989,1";"0,2";"213,0";"1,0";"";"0,0"
"05/10/2023";"0800";"22,3";"22,5";"22,2";"89,0";"91,0";"89,0";"20,5";"20,8";"20,5";"989,3";"989,3";"989,0";"0,5";"199,0";"1,3";"";"0,0"
"05/10/2023";"0900";"22,1";"22,3";"21,9";"91,0";"92,0";"89,0";"20,6";"20,8";"20,4";"990,0";"990,0";"989,3";"0,7";"209,0";"1,6";"";"0,0"
"05/10/2023";"1000";"22,1";"22,2";"21,9";"92,0";"92,0";"91,0";"20,8";"20,8";"20,5";"990,8";"990,8";"990,0";"0,0";"302,0";"1,4";"14,80";"0,0"
"05/10/2023";"1100";"23,5";"23,5";"22,1";"89,0";"92,0";"88,0";"21,5";"21,6";"20,9";"992,2";"992,2";"990,8";"1,0";"239,0";"1,9";"389,90";"0,0"
"05/10/2023";"1200";"27,8";"27,9";"23,5";"70,0";"89,0";"69,0";"21,7";"22,4";"21,6";"993,0";"993,0";"992,2";"0,3";"215,0";"1,9";"1179,10";"0,0"
"05/10/2023";"1300";"29,9";"30,1";"27,8";"62,0";"70,0";"61,0";"21,9";"23,0";"21,7";"993,3";"993,3";"993,0";"1,3";"310,0";"2,3";"2057,20";"0,0"
"05/10/2023";"1400";"32,1";"32,4";"29,8";"57,0";"62,0";"56,0";"22,4";"22,8";"21,0";"993,2";"993,3";"993,1";"2,1";"270,0";"3,5";"2776,20";"0,0"
"05/10/2023";"1500";"33,7";"33,7";"32,1";"51,0";"57,0";"50,0";"22,1";"22,8";"21,5";"992,5";"993,2";"992,5";"2,3";"253,0";"4,3";"3181,00";"0,0"
"05/10/2023";"1600";"32,9";"34,4";"32,9";"51,0";"52,0";"48,0";"21,3";"22,7";"21,1";"991,7";"992,5";"991,7";"2,3";"281,0";"5,8";"3007,20";"0,0"
"05/10/2023";"1700";"34,8";"35,4";"32,8";"42,0";"52,0";"42,0";"20,2";"22,2";"19,9";"990,4";"991,7";"990,4";"2,2";"269,0";"5,0";"2703,90";"0,0"
"05/10/2023";"1800";"35,2";"35,6";"33,8";"44,0";"47,0";"41,0";"21,0";"21,4";"19,9";"989,2";"990,4";"989,2";"2,3";"294,0";"5,2";"2267,00";"0,0"
"05/10/2023";"1900";"31,2";"35,2";"30,4";"58,0";"61,0";"44,0";"22,1";"22,3";"20,0";"988,8";"989,2";"988,7";"1,3";"278,0";"6,4";"864,60";"0,0"
"05/10/2023";"2000";"32,3";"33,2";"31,2";"52,0";"59,0";"48,0";"21,3";"22,5";"20,4";"988,2";"988,8";"988,2";"1,1";"232,0";"3,4";"1066,30";"0,0"
"05/10/2023";"2100";"30,9";"32,3";"30,8";"58,0";"59,0";"52,0";"21,8";"21,9";"21,0";"988,1";"988,4";"988,1";"1,0";"214,0";"3,7";"526,40";"0,0"
"05/10/2023";"2200";"30,3";"31,2";"30,2";"61,0";"62,0";"57,0";"22,0";"22,2";"21,7";"988,5";"988,5";"988,1";"0,9";"207,0";"2,0";"141,80";"0,0"
"05/10/2023";"2300";"28,9";"30,3";"28,9";"69,0";"69,0";"61,0";"22,6";"22,6";"22,0";"988,8";"988,8";"988,4";"1,3";"213,0";"1,8";"";"0,0"
"06/10/2023";"0000";"27,6";"28,9";"27,6";"77,0";"77,0";"69,0";"23,2";"23,2";"22,6";"989,4";"989,4";"988,8";"0,8";"206,0";"1,8";"";"0,0"
"06/10/2023";"0100";"26,4";"27,7";"26,4";"83,0";"83,0";"77,0";"23,2";"23,3";"23,0";"990,0";"990,0";"989,4";"0,2";"193,0";"2,2";"";"0,0"
"06/10/2023";"0200";"25,9";"26,5";"25,9";"85,0";"85,0";"82,0";"23,3";"23,3";"23,2";"990,5";"990,6";"990,0";"1,0";"210,0";"1,7";"";"0,0"
"06/10/2023";"0300";"25,4";"26,0";"25,4";"87,0";"87,0";"85,0";"23,2";"23,4";"23,0";"990,2";"990,5";"990,2";"0,0";"216,0";"1,9";"";"0,0"
"06/10/2023";"0400";"25,2";"25,5";"25,1";"88,0";"89,0";"87,0";"23,1";"23,2";"22,9";"990,0";"990,3";"990,0";"0,7";"241,0";"1,4";"";"0,0"
"06/10/2023";"0500";"25,0";"25,2";"24,8";"85,0";"88,0";"85,0";"22,2";"23,1";"22,2";"989,8";"990,0";"989,6";"0,6";"286,0";"1,2";"";"0,0"
"06/10/2023";"0600";"24,6";"25,1";"24,5";"85,0";"86,0";"83,0";"21,9";"22,2";"21,7";"989,8";"989,8";"989,5";"0,4";"304,0";"2,2";"";"0,0"
"06/10/2023";"0700";"24,2";"24,7";"24,2";"88,0";"88,0";"84,0";"22,0";"22,0";"21,8";"989,5";"989,8";"989,5";"0,1";"231,0";"2,2";"";"0,0"
"06/10/2023";"0800";"23,8";"24,3";"23,8";"90,0";"90,0";"88,0";"22,0";"22,3";"21,9";"990,0";"990,0";"989,4";"0,1";"214,0";"1,4";"";"0,0"
"06/10/2023";"0900";"23,5";"23,9";"23,5";"91,0";"92,0";"90,0";"22,0";"22,3";"22,0";"990,4";"990,5";"989,9";"0,2";"207,0";"1,2";"";"0,0"
"06/10/2023";"1000";"23,1";"23,5";"23,0";"94,0";"94,0";"91,0";"22,1";"22,2";"21,9";"991,3";"991,3";"990,4";"0,9";"208,0";"1,7";"11,30";"0,0"
"06/10/2023";"1100";"24,7";"24,7";"23,1";"89,0";"94,0";"89,0";"22,8";"22,8";"22,1";"992,5";"992,5";"991,3";"0,7";"217,0";"1,7";"266,10";"0,0"
"06/10/2023";"1200";"26,8";"26,8";"24,7";"80,0";"89,0";"79,0";"22,9";"23,1";"22,5";"993,3";"993,3";"992,5";"0,9";"235,0";"2,1";"707,90";"0,0"
"06/10/2023";"1300";"31,0";"31,0";"26,8";"65,0";"80,0";"63,0";"23,6";"23,6";"22,1";"993,7";"993,7";"993,3";"0,7";"310,0";"2,7";"1339,20";"0,0"
"06/10/2023";"1400";"33,5";"33,9";"31,0";"54,0";"65,0";"51,0";"23,0";"23,9";"21,2";"993,5";"993,7";"993,5";"1,5";"314,0";"4,8";"2223,30";"0,2"
"06/10/2023";"1500";"32,7";"33,5";"32,1";"51,0";"57,0";"50,0";"21,2";"23,1";"20,8";"993,0";"993,5";"993,0";"1,8";"317,0";"5,0";"1798,60";"0,0"
"06/10/2023";"1600";"33,7";"34,7";"32,7";"48,0";"53,0";"46,0";"21,0";"22,3";"20,9";"992,5";"993,1";"992,5";"2,2";"297,0";"5,3";"2054,60";"0,0"
"06/10/2023";"1700";"32,9";"34,3";"32,9";"48,0";"50,0";"46,0";"20,3";"21,7";"20,3";"991,5";"992,5";"991,4";"1,9";"314,0";"5,0";"1535,80";"0,0"
"06/10/2023";"1800";"30,9";"32,9";"29,2";"65,0";"70,0";"48,0";"23,6";"23,9";"20,2";"990,5";"991,5";"990,5";"2,6";"255,0";"7,8";"879,70";"0,0"
"06/10/2023";"1900";"32,0";"32,3";"30,9";"56,0";"66,0";"55,0";"22,2";"23,9";"22,0";"990,0";"990,5";"990,0";"3,0";"283,0";"5,5";"1297,70";"0,0"
"06/10/2023";"2000";"31,2";"32,3";"31,2";"60,0";"60,0";"56,0";"22,5";"23,2";"22,3";"989,8";"990,1";"989,7";"2,2";"280,0";"6,2";"1055,50";"0,2"
"06/10/2023";"2100";"28,6";"31,2";"28,6";"61,0";"64,0";"59,0";"20,3";"22,7";"20,3";"990,4";"990,4";"989,8";"2,2";"300,0";"4,6";"260,50";"0,0"
"06/10/2023";"2200";"27,8";"28,6";"27,7";"65,0";"66,0";"61,0";"20,7";"20,8";"20,3";"990,1";"990,4";"990,1";"0,4";"294,0";"4,0";"75,40";"0,0"
"06/10/2023";"2300";"26,8";"27,8";"26,6";"72,0";"73,0";"65,0";"21,3";"21,5";"20,5";"991,1";"991,1";"990,1";"0,9";"232,0";"2,3";"";"0,0"
"07/10/2023";"0000";"26,1";"27,0";"26,0";"76,0";"76,0";"70,0";"21,5";"21,5";"21,0";"991,9";"991,9";"991,1";"0,3";"196,0";"2,1";"";"0,0"
"07/10/2023";"0100";"";"";"";"";"";"";"";"";"";"";"";"";"";"";"";"";""
"07/10/2023";"0200";"";"";"";"";"";"";"";"";"";"";"";"";"";"";"";"";""
"07/10/2023";"0300";"";"";"";"";"";"";"";"";"";"";"";"";"";"";"";"";""
"07/10/2023";"0400";"";"";"";"";"";"";"";"";"";"";"";"";"";"";"";"";""
"07/10/2023";"0500";"";"";"";"";"";"";"";"";"";"";"";"";"";"";"";"";""
"07/10/2023";"0600";"";"";"";"";"";"";"";"";"";"";"";"";"";"";"";"";""
"07/10/2023";"0700";"";"";"";"";"";"";"";"";"";"";"";"";"";"";"";"";""
"07/10/2023";"0800";"";"";"";"";"";"";"";"";"";"";"";"";"";"";"";"";""
"07/10/2023";"0900";"";"";"";"";"";"";"";"";"";"";"";"";"";"";"";"";""
"07/10/2023";"1000";"";"";"";"";"";"";"";"";"";"";"";"";"";"";"";"";""
"07/10/2023";"1100";"";"";"";"";"";"";"";"";"";"";"";"";"";"";"";"";""
"07/10/2023";"1200";"";"";"";"";"";"";"";"";"";"";"";"";"";"";"";"";""
"07/10/2023";"1300";"";"";"";"";"";"";"";"";"";"";"";"";"";"";"";"";""
"07/10/2023";"1400";"";"";"";"";"";"";"";"";"";"";"";"";"";"";"";"";""
"07/10/2023";"1500";"";"";"";"";"";"";"";"";"";"";"";"";"";"";"";"";""
"07/10/2023";"1600";"";"";"";"";"";"";"";"";"";"";"";"";"";"";"";"";""
"07/10/2023";"1700";"";"";"";"";"";"";"";"";"";"";"";"";"";"";"";"";""
"07/10/2023";"1800";"";"";"";"";"";"";"";"";"";"";"";"";"";"";"";"";""
"07/10/2023";"1900";"";"";"";"";"";"";"";"";"";"";"";"";"";"";"";"";""
"07/10/2023";"2000";"";"";"";"";"";"";"";"";"";"";"";"";"";"";"";"";""
"07/10/2023";"2100";"";"";"";"";"";"";"";"";"";"";"";"";"";"";"";"";""
"07/10/2023";"2200";"";"";"";"";"";"";"";"";"";"";"";"";"";"";"";"";""
"07/10/2023";"2300";"";"";"";"";"";"";"";"";"";"";"";"";"";"";"";"";""
"08/10/2023";"0000";"";"";"";"";"";"";"";"";"";"";"";"";"";"";"";"";""
"08/10/2023";"0100";"";"";"";"";"";"";"";"";"";"";"";"";"";"";"";"";""
"08/10/2023";"0200";"";"";"";"";"";"";"";"";"";"";"";"";"";"";"";"";""
"08/10/2023";"0300";"";"";"";"";"";"";"";"";"";"";"";"";"";"";"";"";""
"08/10/2023";"0400";"";"";"";"";"";"";"";"";"";"";"";"";"";"";"";"";""
"08/10/2023";"0500";"";"";"";"";"";"";"";"";"";"";"";"";"";"";"";"";""
"08/10/2023";"0600";"";"";"";"";"";"";"";"";"";"";"";"";"";"";"";"";""
"08/10/2023";"0700";"";"";"";"";"";"";"";"";"";"";"";"";"";"";"";"";""
"08/10/2023";"0800";"";"";"";"";"";"";"";"";"";"";"";"";"";"";"";"";""
"08/10/2023";"0900";"";"";"";"";"";"";"";"";"";"";"";"";"";"";"";"";""
"08/10/2023";"1000";"";"";"";"";"";"";"";"";"";"";"";"";"";"";"";"";""
"08/10/2023";"1100";"";"";"";"";"";"";"";"";"";"";"";"";"";"";"";"";""
"08/10/2023";"1200";"";"";"";"";"";"";"";"";"";"";"";"";"";"";"";"";""
"08/10/2023";"1300";"";"";"";"";"";"";"";"";"";"";"";"";"";"";"";"";""
"08/10/2023";"1400";"";"";"";"";"";"";"";"";"";"";"";"";"";"";"";"";""
"08/10/2023";"1500";"";"";"";"";"";"";"";"";"";"";"";"";"";"";"";"";""
"08/10/2023";"1600";"";"";"";"";"";"";"";"";"";"";"";"";"";"";"";"";""
"08/10/2023";"1700";"";"";"";"";"";"";"";"";"";"";"";"";"";"";"";"";""
"08/10/2023";"1800";"";"";"";"";"";"";"";"";"";"";"";"";"";"";"";"";""
"08/10/2023";"1900";"";"";"";"";"";"";"";"";"";"";"";"";"";"";"";"";""
"08/10/2023";"2000";"";"";"";"";"";"";"";"";"";"";"";"";"";"";"";"";""
"08/10/2023";"2100";"";"";"";"";"";"";"";"";"";"";"";"";"";"";"";"";""
"08/10/2023";"2200";"";"";"";"";"";"";"";"";"";"";"";"";"";"";"";"";""
"08/10/2023";"2300";"";"";"";"";"";"";"";"";"";"";"";"";"";"";"";"";""
"09/10/2023";"0000";"";"";"";"";"";"";"";"";"";"";"";"";"";"";"";"";""
"09/10/2023";"0100";"";"";"";"";"";"";"";"";"";"";"";"";"";"";"";"";""
"09/10/2023";"0200";"";"";"";"";"";"";"";"";"";"";"";"";"";"";"";"";""
"09/10/2023";"0300";"";"";"";"";"";"";"";"";"";"";"";"";"";"";"";"";""
"09/10/2023";"0400";"";"";"";"";"";"";"";"";"";"";"";"";"";"";"";"";""
"09/10/2023";"0500";"";"";"";"";"";"";"";"";"";"";"";"";"";"";"";"";""
"09/10/2023";"0600";"";"";"";"";"";"";"";"";"";"";"";"";"";"";"";"";""
"09/10/2023";"0700";"";"";"";"";"";"";"";"";"";"";"";"";"";"";"";"";""
"09/10/2023";"0800";"";"";"";"";"";"";"";"";"";"";"";"";"";"";"";"";""
"09/10/2023";"0900";"";"";"";"";"";"";"";"";"";"";"";"";"";"";"";"";""
"09/10/2023";"1000";"";"";"";"";"";"";"";"";"";"";"";"";"";"";"";"";""
"09/10/2023";"1100";"";"";"";"";"";"";"";"";"";"";"";"";"";"";"";"";""
"09/10/2023";"1200";"";"";"";"";"";"";"";"";"";"";"";"";"";"";"";"";""
"09/10/2023";"1300";"";"";"";"";"";"";"";"";"";"";"";"";"";"";"";"";""
"09/10/2023";"1400";"";"";"";"";"";"";"";"";"";"";"";"";"";"";"";"";""
"09/10/2023";"1500";"";"";"";"";"";"";"";"";"";"";"";"";"";"";"";"";""
"09/10/2023";"1600";"";"";"";"";"";"";"";"";"";"";"";"";"";"";"";"";""
"09/10/2023";"1700";"";"";"";"";"";"";"";"";"";"";"";"";"";"";"";"";""
"09/10/2023";"1800";"";"";"";"";"";"";"";"";"";"";"";"";"";"";"";"";""
"09/10/2023";"1900";"";"";"";"";"";"";"";"";"";"";"";"";"";"";"";"";""
"09/10/2023";"2000";"";"";"";"";"";"";"";"";"";"";"";"";"";"";"";"";""
"09/10/2023";"2100";"";"";"";"";"";"";"";"";"";"";"";"";"";"";"";"";""
"09/10/2023";"2200";"";"";"";"";"";"";"";"";"";"";"";"";"";"";"";"";""
"09/10/2023";"2300";"";"";"";"";"";"";"";"";"";"";"";"";"";"";"";"";""
"10/10/2023";"0000";"";"";"";"";"";"";"";"";"";"";"";"";"";"";"";"";""
"10/10/2023";"0100";"";"";"";"";"";"";"";"";"";"";"";"";"";"";"";"";""
"10/10/2023";"0200";"";"";"";"";"";"";"";"";"";"";"";"";"";"";"";"";""
"10/10/2023";"0300";"";"";"";"";"";"";"";"";"";"";"";"";"";"";"";"";""
"10/10/2023";"0400";"";"";"";"";"";"";"";"";"";"";"";"";"";"";"";"";""
"10/10/2023";"0500";"";"";"";"";"";"";"";"";"";"";"";"";"";"";"";"";""
"10/10/2023";"0600";"";"";"";"";"";"";"";"";"";"";"";"";"";"";"";"";""
"10/10/2023";"0700";"";"";"";"";"";"";"";"";"";"";"";"";"";"";"";"";""
"10/10/2023";"0800";"";"";"";"";"";"";"";"";"";"";"";"";"";"";"";"";""
"10/10/2023";"0900";"";"";"";"";"";"";"";"";"";"";"";"";"";"";"";"";""
"10/10/2023";"1000";"";"";"";"";"";"";"";"";"";"";"";"";"";"";"";"";""
"10/10/2023";"1100";"";"";"";"";"";"";"";"";"";"";"";"";"";"";"";"";""
"10/10/2023";"1200";"";"";"";"";"";"";"";"";"";"";"";"";"";"";"";"";""
"10/10/2023";"1300";"";"";"";"";"";"";"";"";"";"";"";"";"";"";"";"";""
"10/10/2023";"1400";"";"";"";"";"";"";"";"";"";"";"";"";"";"";"";"";""
"10/10/2023";"1500";"";"";"";"";"";"";"";"";"";"";"";"";"";"";"";"";""
"10/10/2023";"1600";"";"";"";"";"";"";"";"";"";"";"";"";"";"";"";"";""
"10/10/2023";"1700";"";"";"";"";"";"";"";"";"";"";"";"";"";"";"";"";""
"10/10/2023";"1800";"";"";"";"";"";"";"";"";"";"";"";"";"";"";"";"";""
"10/10/2023";"1900";"";"";"";"";"";"";"";"";"";"";"";"";"";"";"";"";""
"10/10/2023";"2000";"";"";"";"";"";"";"";"";"";"";"";"";"";"";"";"";""
"10/10/2023";"2100";"";"";"";"";"";"";"";"";"";"";"";"";"";"";"";"";""
"10/10/2023";"2200";"";"";"";"";"";"";"";"";"";"";"";"";"";"";"";"";""
"10/10/2023";"2300";"";"";"";"";"";"";"";"";"";"";"";"";"";"";"";"";""
"11/10/2023";"0000";"";"";"";"";"";"";"";"";"";"";"";"";"";"";"";"";""
"11/10/2023";"0100";"";"";"";"";"";"";"";"";"";"";"";"";"";"";"";"";""
"11/10/2023";"0200";"";"";"";"";"";"";"";"";"";"";"";"";"";"";"";"";""
"11/10/2023";"0300";"";"";"";"";"";"";"";"";"";"";"";"";"";"";"";"";""
"11/10/2023";"0400";"";"";"";"";"";"";"";"";"";"";"";"";"";"";"";"";""
"11/10/2023";"0500";"";"";"";"";"";"";"";"";"";"";"";"";"";"";"";"";""
"11/10/2023";"0600";"";"";"";"";"";"";"";"";"";"";"";"";"";"";"";"";""
"11/10/2023";"0700";"";"";"";"";"";"";"";"";"";"";"";"";"";"";"";"";""
"11/10/2023";"0800";"";"";"";"";"";"";"";"";"";"";"";"";"";"";"";"";""
"11/10/2023";"0900";"";"";"";"";"";"";"";"";"";"";"";"";"";"";"";"";""
"11/10/2023";"1000";"";"";"";"";"";"";"";"";"";"";"";"";"";"";"";"";""
"11/10/2023";"1100";"";"";"";"";"";"";"";"";"";"";"";"";"";"";"";"";""
"11/10/2023";"1200";"";"";"";"";"";"";"";"";"";"";"";"";"";"";"";"";""
"11/10/2023";"1300";"";"";"";"";"";"";"";"";"";"";"";"";"";"";"";"";""
"11/10/2023";"1400";"";"";"";"";"";"";"";"";"";"";"";"";"";"";"";"";""
"11/10/2023";"1500";"";"";"";"";"";"";"";"";"";"";"";"";"";"";"";"";""
"11/10/2023";"1600";"";"";"";"";"";"";"";"";"";"";"";"";"";"";"";"";""
"11/10/2023";"1700";"";"";"";"";"";"";"";"";"";"";"";"";"";"";"";"";""
"11/10/2023";"1800";"";"";"";"";"";"";"";"";"";"";"";"";"";"";"";"";""
"11/10/2023";"1900";"";"";"";"";"";"";"";"";"";"";"";"";"";"";"";"";""
"11/10/2023";"2000";"";"";"";"";"";"";"";"";"";"";"";"";"";"";"";"";""
"11/10/2023";"2100";"";"";"";"";"";"";"";"";"";"";"";"";"";"";"";"";""
"11/10/2023";"2200";"";"";"";"";"";"";"";"";"";"";"";"";"";"";"";"";""
"11/10/2023";"2300";"";"";"";"";"";"";"";"";"";"";"";"";"";"";"";"";""
"12/10/2023";"0000";"";"";"";"";"";"";"";"";"";"";"";"";"";"";"";"";""
"12/10/2023";"0100";"";"";"";"";"";"";"";"";"";"";"";"";"";"";"";"";""
"12/10/2023";"0200";"";"";"";"";"";"";"";"";"";"";"";"";"";"";"";"";""
"12/10/2023";"0300";"";"";"";"";"";"";"";"";"";"";"";"";"";"";"";"";""
"12/10/2023";"0400";"";"";"";"";"";"";"";"";"";"";"";"";"";"";"";"";""
"12/10/2023";"0500";"";"";"";"";"";"";"";"";"";"";"";"";"";"";"";"";""
"12/10/2023";"0600";"";"";"";"";"";"";"";"";"";"";"";"";"";"";"";"";""
"12/10/2023";"0700";"";"";"";"";"";"";"";"";"";"";"";"";"";"";"";"";""
"12/10/2023";"0800";"";"";"";"";"";"";"";"";"";"";"";"";"";"";"";"";""
"12/10/2023";"0900";"";"";"";"";"";"";"";"";"";"";"";"";"";"";"";"";""
"12/10/2023";"1000";"";"";"";"";"";"";"";"";"";"";"";"";"";"";"";"";""
"12/10/2023";"1100";"";"";"";"";"";"";"";"";"";"";"";"";"";"";"";"";""
"12/10/2023";"1200";"";"";"";"";"";"";"";"";"";"";"";"";"";"";"";"";""
"12/10/2023";"1300";"";"";"";"";"";"";"";"";"";"";"";"";"";"";"";"";""
"12/10/2023";"1400";"";"";"";"";"";"";"";"";"";"";"";"";"";"";"";"";""
"12/10/2023";"1500";"";"";"";"";"";"";"";"";"";"";"";"";"";"";"";"";""
"12/10/2023";"1600";"";"";"";"";"";"";"";"";"";"";"";"";"";"";"";"";""
"12/10/2023";"1700";"";"";"";"";"";"";"";"";"";"";"";"";"";"";"";"";""
"12/10/2023";"1800";"";"";"";"";"";"";"";"";"";"";"";"";"";"";"";"";""
"12/10/2023";"1900";"";"";"";"";"";"";"";"";"";"";"";"";"";"";"";"";""
"12/10/2023";"2000";"";"";"";"";"";"";"";"";"";"";"";"";"";"";"";"";""
"12/10/2023";"2100";"";"";"";"";"";"";"";"";"";"";"";"";"";"";"";"";""
"12/10/2023";"2200";"";"";"";"";"";"";"";"";"";"";"";"";"";"";"";"";""
"12/10/2023";"2300";"";"";"";"";"";"";"";"";"";"";"";"";"";"";"";"";""
"13/10/2023";"0000";"";"";"";"";"";"";"";"";"";"";"";"";"";"";"";"";""
"13/10/2023";"0100";"";"";"";"";"";"";"";"";"";"";"";"";"";"";"";"";""
"13/10/2023";"0200";"";"";"";"";"";"";"";"";"";"";"";"";"";"";"";"";""
"13/10/2023";"0300";"";"";"";"";"";"";"";"";"";"";"";"";"";"";"";"";""
"13/10/2023";"0400";"";"";"";"";"";"";"";"";"";"";"";"";"";"";"";"";""
"13/10/2023";"0500";"";"";"";"";"";"";"";"";"";"";"";"";"";"";"";"";""
"13/10/2023";"0600";"";"";"";"";"";"";"";"";"";"";"";"";"";"";"";"";""
"13/10/2023";"0700";"";"";"";"";"";"";"";"";"";"";"";"";"";"";"";"";""
"13/10/2023";"0800";"";"";"";"";"";"";"";"";"";"";"";"";"";"";"";"";""
"13/10/2023";"0900";"";"";"";"";"";"";"";"";"";"";"";"";"";"";"";"";""
"13/10/2023";"1000";"";"";"";"";"";"";"";"";"";"";"";"";"";"";"";"";""
"13/10/2023";"1100";"";"";"";"";"";"";"";"";"";"";"";"";"";"";"";"";""
"13/10/2023";"1200";"";"";"";"";"";"";"";"";"";"";"";"";"";"";"";"";""
"13/10/2023";"1300";"";"";"";"";"";"";"";"";"";"";"";"";"";"";"";"";""
"13/10/2023";"1400";"";"";"";"";"";"";"";"";"";"";"";"";"";"";"";"";""
"13/10/2023";"1500";"";"";"";"";"";"";"";"";"";"";"";"";"";"";"";"";""
"13/10/2023";"1600";"";"";"";"";"";"";"";"";"";"";"";"";"";"";"";"";""
"13/10/2023";"1700";"";"";"";"";"";"";"";"";"";"";"";"";"";"";"";"";""
"13/10/2023";"1800";"";"";"";"";"";"";"";"";"";"";"";"";"";"";"";"";""
"13/10/2023";"1900";"";"";"";"";"";"";"";"";"";"";"";"";"";"";"";"";""
"13/10/2023";"2000";"";"";"";"";"";"";"";"";"";"";"";"";"";"";"";"";""
"13/10/2023";"2100";"";"";"";"";"";"";"";"";"";"";"";"";"";"";"";"";""
"13/10/2023";"2200";"";"";"";"";"";"";"";"";"";"";"";"";"";"";"";"";""
"13/10/2023";"2300";"";"";"";"";"";"";"";"";"";"";"";"";"";"";"";"";""
"14/10/2023";"0000";"";"";"";"";"";"";"";"";"";"";"";"";"";"";"";"";""
"14/10/2023";"0100";"";"";"";"";"";"";"";"";"";"";"";"";"";"";"";"";""
"14/10/2023";"0200";"";"";"";"";"";"";"";"";"";"";"";"";"";"";"";"";""
"14/10/2023";"0300";"";"";"";"";"";"";"";"";"";"";"";"";"";"";"";"";""
"14/10/2023";"0400";"";"";"";"";"";"";"";"";"";"";"";"";"";"";"";"";""
"14/10/2023";"0500";"";"";"";"";"";"";"";"";"";"";"";"";"";"";"";"";""
"14/10/2023";"0600";"";"";"";"";"";"";"";"";"";"";"";"";"";"";"";"";""
"14/10/2023";"0700";"";"";"";"";"";"";"";"";"";"";"";"";"";"";"";"";""
"14/10/2023";"0800";"";"";"";"";"";"";"";"";"";"";"";"";"";"";"";"";""
"14/10/2023";"0900";"";"";"";"";"";"";"";"";"";"";"";"";"";"";"";"";""
"14/10/2023";"1000";"";"";"";"";"";"";"";"";"";"";"";"";"";"";"";"";""
"14/10/2023";"1100";"";"";"";"";"";"";"";"";"";"";"";"";"";"";"";"";""
"14/10/2023";"1200";"";"";"";"";"";"";"";"";"";"";"";"";"";"";"";"";""
"14/10/2023";"1300";"";"";"";"";"";"";"";"";"";"";"";"";"";"";"";"";""
"14/10/2023";"1400";"";"";"";"";"";"";"";"";"";"";"";"";"";"";"";"";""
"14/10/2023";"1500";"";"";"";"";"";"";"";"";"";"";"";"";"";"";"";"";""
"14/10/2023";"1600";"";"";"";"";"";"";"";"";"";"";"";"";"";"";"";"";""
"14/10/2023";"1700";"";"";"";"";"";"";"";"";"";"";"";"";"";"";"";"";""
"14/10/2023";"1800";"";"";"";"";"";"";"";"";"";"";"";"";"";"";"";"";""
"14/10/2023";"1900";"";"";"";"";"";"";"";"";"";"";"";"";"";"";"";"";""
"14/10/2023";"2000";"";"";"";"";"";"";"";"";"";"";"";"";"";"";"";"";""
"14/10/2023";"2100";"";"";"";"";"";"";"";"";"";"";"";"";"";"";"";"";""
"14/10/2023";"2200";"";"";"";"";"";"";"";"";"";"";"";"";"";"";"";"";""
"14/10/2023";"2300";"";"";"";"";"";"";"";"";"";"";"";"";"";"";"";"";""
"15/10/2023";"0000";"";"";"";"";"";"";"";"";"";"";"";"";"";"";"";"";""
"15/10/2023";"0100";"";"";"";"";"";"";"";"";"";"";"";"";"";"";"";"";""
"15/10/2023";"0200";"";"";"";"";"";"";"";"";"";"";"";"";"";"";"";"";""
"15/10/2023";"0300";"";"";"";"";"";"";"";"";"";"";"";"";"";"";"";"";""
"15/10/2023";"0400";"";"";"";"";"";"";"";"";"";"";"";"";"";"";"";"";""
"15/10/2023";"0500";"";"";"";"";"";"";"";"";"";"";"";"";"";"";"";"";""
"15/10/2023";"0600";"";"";"";"";"";"";"";"";"";"";"";"";"";"";"";"";""
"15/10/2023";"0700";"";"";"";"";"";"";"";"";"";"";"";"";"";"";"";"";""
"15/10/2023";"0800";"";"";"";"";"";"";"";"";"";"";"";"";"";"";"";"";""
"15/10/2023";"0900";"";"";"";"";"";"";"";"";"";"";"";"";"";"";"";"";""
"15/10/2023";"1000";"";"";"";"";"";"";"";"";"";"";"";"";"";"";"";"";""
"15/10/2023";"1100";"";"";"";"";"";"";"";"";"";"";"";"";"";"";"";"";""
"15/10/2023";"1200";"";"";"";"";"";"";"";"";"";"";"";"";"";"";"";"";""
"15/10/2023";"1300";"";"";"";"";"";"";"";"";"";"";"";"";"";"";"";"";""
"15/10/2023";"1400";"";"";"";"";"";"";"";"";"";"";"";"";"";"";"";"";""
"15/10/2023";"1500";"";"";"";"";"";"";"";"";"";"";"";"";"";"";"";"";""
"15/10/2023";"1600";"";"";"";"";"";"";"";"";"";"";"";"";"";"";"";"";""
"15/10/2023";"1700";"";"";"";"";"";"";"";"";"";"";"";"";"";"";"";"";""
"15/10/2023";"1800";"";"";"";"";"";"";"";"";"";"";"";"";"";"";"";"";""
"15/10/2023";"1900";"";"";"";"";"";"";"";"";"";"";"";"";"";"";"";"";""
"15/10/2023";"2000";"";"";"";"";"";"";"";"";"";"";"";"";"";"";"";"";""
"15/10/2023";"2100";"";"";"";"";"";"";"";"";"";"";"";"";"";"";"";"";""
"15/10/2023";"2200";"";"";"";"";"";"";"";"";"";"";"";"";"";"";"";"";""
"15/10/2023";"2300";"";"";"";"";"";"";"";"";"";"";"";"";"";"";"";"";""
"16/10/2023";"0000";"";"";"";"";"";"";"";"";"";"";"";"";"";"";"";"";""
"16/10/2023";"0100";"";"";"";"";"";"";"";"";"";"";"";"";"";"";"";"";""
"16/10/2023";"0200";"";"";"";"";"";"";"";"";"";"";"";"";"";"";"";"";""
"16/10/2023";"0300";"";"";"";"";"";"";"";"";"";"";"";"";"";"";"";"";""
"16/10/2023";"0400";"";"";"";"";"";"";"";"";"";"";"";"";"";"";"";"";""
"16/10/2023";"0500";"";"";"";"";"";"";"";"";"";"";"";"";"";"";"";"";""
"16/10/2023";"0600";"";"";"";"";"";"";"";"";"";"";"";"";"";"";"";"";""
"16/10/2023";"0700";"";"";"";"";"";"";"";"";"";"";"";"";"";"";"";"";""
"16/10/2023";"0800";"";"";"";"";"";"";"";"";"";"";"";"";"";"";"";"";""
"16/10/2023";"0900";"";"";"";"";"";"";"";"";"";"";"";"";"";"";"";"";""
"16/10/2023";"1000";"";"";"";"";"";"";"";"";"";"";"";"";"";"";"";"";""
"16/10/2023";"1100";"";"";"";"";"";"";"";"";"";"";"";"";"";"";"";"";""
"16/10/2023";"1200";"";"";"";"";"";"";"";"";"";"";"";"";"";"";"";"";""
"16/10/2023";"1300";"";"";"";"";"";"";"";"";"";"";"";"";"";"";"";"";""
"16/10/2023";"1400";"";"";"";"";"";"";"";"";"";"";"";"";"";"";"";"";""
"16/10/2023";"1500";"";"";"";"";"";"";"";"";"";"";"";"";"";"";"";"";""
"16/10/2023";"1600";"";"";"";"";"";"";"";"";"";"";"";"";"";"";"";"";""
"16/10/2023";"1700";"";"";"";"";"";"";"";"";"";"";"";"";"";"";"";"";""
"16/10/2023";"1800";"";"";"";"";"";"";"";"";"";"";"";"";"";"";"";"";""
"16/10/2023";"1900";"";"";"";"";"";"";"";"";"";"";"";"";"";"";"";"";""
"16/10/2023";"2000";"";"";"";"";"";"";"";"";"";"";"";"";"";"";"";"";""
"16/10/2023";"2100";"";"";"";"";"";"";"";"";"";"";"";"";"";"";"";"";""
"16/10/2023";"2200";"";"";"";"";"";"";"";"";"";"";"";"";"";"";"";"";""
"16/10/2023";"2300";"";"";"";"";"";"";"";"";"";"";"";"";"";"";"";"";""
"17/10/2023";"0000";"";"";"";"";"";"";"";"";"";"";"";"";"";"";"";"";""
"17/10/2023";"0100";"";"";"";"";"";"";"";"";"";"";"";"";"";"";"";"";""
"17/10/2023";"0200";"";"";"";"";"";"";"";"";"";"";"";"";"";"";"";"";""
"17/10/2023";"0300";"";"";"";"";"";"";"";"";"";"";"";"";"";"";"";"";""
"17/10/2023";"0400";"";"";"";"";"";"";"";"";"";"";"";"";"";"";"";"";""
"17/10/2023";"0500";"";"";"";"";"";"";"";"";"";"";"";"";"";"";"";"";""
"17/10/2023";"0600";"";"";"";"";"";"";"";"";"";"";"";"";"";"";"";"";""
"17/10/2023";"0700";"";"";"";"";"";"";"";"";"";"";"";"";"";"";"";"";""
"17/10/2023";"0800";"";"";"";"";"";"";"";"";"";"";"";"";"";"";"";"";""
"17/10/2023";"0900";"";"";"";"";"";"";"";"";"";"";"";"";"";"";"";"";""
"17/10/2023";"1000";"";"";"";"";"";"";"";"";"";"";"";"";"";"";"";"";""
"17/10/2023";"1100";"";"";"";"";"";"";"";"";"";"";"";"";"";"";"";"";""
"17/10/2023";"1200";"";"";"";"";"";"";"";"";"";"";"";"";"";"";"";"";""
"17/10/2023";"1300";"";"";"";"";"";"";"";"";"";"";"";"";"";"";"";"";""
"17/10/2023";"1400";"";"";"";"";"";"";"";"";"";"";"";"";"";"";"";"";""
"17/10/2023";"1500";"";"";"";"";"";"";"";"";"";"";"";"";"";"";"";"";""
"17/10/2023";"1600";"";"";"";"";"";"";"";"";"";"";"";"";"";"";"";"";""
"17/10/2023";"1700";"";"";"";"";"";"";"";"";"";"";"";"";"";"";"";"";""
"17/10/2023";"1800";"";"";"";"";"";"";"";"";"";"";"";"";"";"";"";"";""
"17/10/2023";"1900";"";"";"";"";"";"";"";"";"";"";"";"";"";"";"";"";""
"17/10/2023";"2000";"";"";"";"";"";"";"";"";"";"";"";"";"";"";"";"";""
"17/10/2023";"2100";"";"";"";"";"";"";"";"";"";"";"";"";"";"";"";"";""
"17/10/2023";"2200";"";"";"";"";"";"";"";"";"";"";"";"";"";"";"";"";""
"17/10/2023";"2300";"";"";"";"";"";"";"";"";"";"";"";"";"";"";"";"";""
"18/10/2023";"0000";"";"";"";"";"";"";"";"";"";"";"";"";"";"";"";"";""
"18/10/2023";"0100";"";"";"";"";"";"";"";"";"";"";"";"";"";"";"";"";""
"18/10/2023";"0200";"";"";"";"";"";"";"";"";"";"";"";"";"";"";"";"";""
"18/10/2023";"0300";"";"";"";"";"";"";"";"";"";"";"";"";"";"";"";"";""
"18/10/2023";"0400";"";"";"";"";"";"";"";"";"";"";"";"";"";"";"";"";""
"18/10/2023";"0500";"";"";"";"";"";"";"";"";"";"";"";"";"";"";"";"";""
"18/10/2023";"0600";"";"";"";"";"";"";"";"";"";"";"";"";"";"";"";"";""
"18/10/2023";"0700";"";"";"";"";"";"";"";"";"";"";"";"";"";"";"";"";""
"18/10/2023";"0800";"";"";"";"";"";"";"";"";"";"";"";"";"";"";"";"";""
"18/10/2023";"0900";"";"";"";"";"";"";"";"";"";"";"";"";"";"";"";"";""
"18/10/2023";"1000";"";"";"";"";"";"";"";"";"";"";"";"";"";"";"";"";""
"18/10/2023";"1100";"";"";"";"";"";"";"";"";"";"";"";"";"";"";"";"";""
"18/10/2023";"1200";"";"";"";"";"";"";"";"";"";"";"";"";"";"";"";"";""
"18/10/2023";"1300";"";"";"";"";"";"";"";"";"";"";"";"";"";"";"";"";""
"18/10/2023";"1400";"";"";"";"";"";"";"";"";"";"";"";"";"";"";"";"";""
"18/10/2023";"1500";"";"";"";"";"";"";"";"";"";"";"";"";"";"";"";"";""
"18/10/2023";"1600";"";"";"";"";"";"";"";"";"";"";"";"";"";"";"";"";""
"18/10/2023";"1700";"";"";"";"";"";"";"";"";"";"";"";"";"";"";"";"";""
"18/10/2023";"1800";"";"";"";"";"";"";"";"";"";"";"";"";"";"";"";"";""
"18/10/2023";"1900";"";"";"";"";"";"";"";"";"";"";"";"";"";"";"";"";""
"18/10/2023";"2000";"";"";"";"";"";"";"";"";"";"";"";"";"";"";"";"";""
"18/10/2023";"2100";"";"";"";"";"";"";"";"";"";"";"";"";"";"";"";"";""
"18/10/2023";"2200";"";"";"";"";"";"";"";"";"";"";"";"";"";"";"";"";""
"18/10/2023";"2300";"";"";"";"";"";"";"";"";"";"";"";"";"";"";"";"";""
"19/10/2023";"0000";"";"";"";"";"";"";"";"";"";"";"";"";"";"";"";"";""
"19/10/2023";"0100";"";"";"";"";"";"";"";"";"";"";"";"";"";"";"";"";""
"19/10/2023";"0200";"";"";"";"";"";"";"";"";"";"";"";"";"";"";"";"";""
"19/10/2023";"0300";"";"";"";"";"";"";"";"";"";"";"";"";"";"";"";"";""
"19/10/2023";"0400";"";"";"";"";"";"";"";"";"";"";"";"";"";"";"";"";""
"19/10/2023";"0500";"";"";"";"";"";"";"";"";"";"";"";"";"";"";"";"";""
"19/10/2023";"0600";"";"";"";"";"";"";"";"";"";"";"";"";"";"";"";"";""
"19/10/2023";"0700";"";"";"";"";"";"";"";"";"";"";"";"";"";"";"";"";""
"19/10/2023";"0800";"";"";"";"";"";"";"";"";"";"";"";"";"";"";"";"";""
"19/10/2023";"0900";"";"";"";"";"";"";"";"";"";"";"";"";"";"";"";"";""
"19/10/2023";"1000";"";"";"";"";"";"";"";"";"";"";"";"";"";"";"";"";""
"19/10/2023";"1100";"";"";"";"";"";"";"";"";"";"";"";"";"";"";"";"";""
"19/10/2023";"1200";"";"";"";"";"";"";"";"";"";"";"";"";"";"";"";"";""
"19/10/2023";"1300";"";"";"";"";"";"";"";"";"";"";"";"";"";"";"";"";""
"19/10/2023";"1400";"";"";"";"";"";"";"";"";"";"";"";"";"";"";"";"";""
"19/10/2023";"1500";"";"";"";"";"";"";"";"";"";"";"";"";"";"";"";"";""
"19/10/2023";"1600";"";"";"";"";"";"";"";"";"";"";"";"";"";"";"";"";""
"19/10/2023";"1700";"";"";"";"";"";"";"";"";"";"";"";"";"";"";"";"";""
"19/10/2023";"1800";"";"";"";"";"";"";"";"";"";"";"";"";"";"";"";"";""
"19/10/2023";"1900";"";"";"";"";"";"";"";"";"";"";"";"";"";"";"";"";""
"19/10/2023";"2000";"";"";"";"";"";"";"";"";"";"";"";"";"";"";"";"";""
"19/10/2023";"2100";"";"";"";"";"";"";"";"";"";"";"";"";"";"";"";"";""
"19/10/2023";"2200";"";"";"";"";"";"";"";"";"";"";"";"";"";"";"";"";""
"19/10/2023";"2300";"";"";"";"";"";"";"";"";"";"";"";"";"";"";"";"";""
"20/10/2023";"0000";"";"";"";"";"";"";"";"";"";"";"";"";"";"";"";"";""
"20/10/2023";"0100";"";"";"";"";"";"";"";"";"";"";"";"";"";"";"";"";""
"20/10/2023";"0200";"";"";"";"";"";"";"";"";"";"";"";"";"";"";"";"";""
"20/10/2023";"0300";"";"";"";"";"";"";"";"";"";"";"";"";"";"";"";"";""
"20/10/2023";"0400";"";"";"";"";"";"";"";"";"";"";"";"";"";"";"";"";""
"20/10/2023";"0500";"";"";"";"";"";"";"";"";"";"";"";"";"";"";"";"";""
"20/10/2023";"0600";"";"";"";"";"";"";"";"";"";"";"";"";"";"";"";"";""
"20/10/2023";"0700";"";"";"";"";"";"";"";"";"";"";"";"";"";"";"";"";""
"20/10/2023";"0800";"";"";"";"";"";"";"";"";"";"";"";"";"";"";"";"";""
"20/10/2023";"0900";"";"";"";"";"";"";"";"";"";"";"";"";"";"";"";"";""
"20/10/2023";"1000";"";"";"";"";"";"";"";"";"";"";"";"";"";"";"";"";""
"20/10/2023";"1100";"";"";"";"";"";"";"";"";"";"";"";"";"";"";"";"";""
"20/10/2023";"1200";"";"";"";"";"";"";"";"";"";"";"";"";"";"";"";"";""
"20/10/2023";"1300";"";"";"";"";"";"";"";"";"";"";"";"";"";"";"";"";""
"20/10/2023";"1400";"";"";"";"";"";"";"";"";"";"";"";"";"";"";"";"";""
"20/10/2023";"1500";"";"";"";"";"";"";"";"";"";"";"";"";"";"";"";"";""
"20/10/2023";"1600";"";"";"";"";"";"";"";"";"";"";"";"";"";"";"";"";""
"20/10/2023";"1700";"";"";"";"";"";"";"";"";"";"";"";"";"";"";"";"";""
"20/10/2023";"1800";"";"";"";"";"";"";"";"";"";"";"";"";"";"";"";"";""
"20/10/2023";"1900";"";"";"";"";"";"";"";"";"";"";"";"";"";"";"";"";""
"20/10/2023";"2000";"";"";"";"";"";"";"";"";"";"";"";"";"";"";"";"";""
"20/10/2023";"2100";"";"";"";"";"";"";"";"";"";"";"";"";"";"";"";"";""
"20/10/2023";"2200";"";"";"";"";"";"";"";"";"";"";"";"";"";"";"";"";""
"20/10/2023";"2300";"";"";"";"";"";"";"";"";"";"";"";"";"";"";"";"";""
"21/10/2023";"0000";"";"";"";"";"";"";"";"";"";"";"";"";"";"";"";"";""
"21/10/2023";"0100";"";"";"";"";"";"";"";"";"";"";"";"";"";"";"";"";""
"21/10/2023";"0200";"";"";"";"";"";"";"";"";"";"";"";"";"";"";"";"";""
"21/10/2023";"0300";"";"";"";"";"";"";"";"";"";"";"";"";"";"";"";"";""
"21/10/2023";"0400";"";"";"";"";"";"";"";"";"";"";"";"";"";"";"";"";""
"21/10/2023";"0500";"";"";"";"";"";"";"";"";"";"";"";"";"";"";"";"";""
"21/10/2023";"0600";"";"";"";"";"";"";"";"";"";"";"";"";"";"";"";"";""
"21/10/2023";"0700";"";"";"";"";"";"";"";"";"";"";"";"";"";"";"";"";""
"21/10/2023";"0800";"";"";"";"";"";"";"";"";"";"";"";"";"";"";"";"";""
"21/10/2023";"0900";"";"";"";"";"";"";"";"";"";"";"";"";"";"";"";"";""
"21/10/2023";"1000";"";"";"";"";"";"";"";"";"";"";"";"";"";"";"";"";""
"21/10/2023";"1100";"";"";"";"";"";"";"";"";"";"";"";"";"";"";"";"";""
"21/10/2023";"1200";"";"";"";"";"";"";"";"";"";"";"";"";"";"";"";"";""
"21/10/2023";"1300";"";"";"";"";"";"";"";"";"";"";"";"";"";"";"";"";""
"21/10/2023";"1400";"";"";"";"";"";"";"";"";"";"";"";"";"";"";"";"";""
"21/10/2023";"1500";"";"";"";"";"";"";"";"";"";"";"";"";"";"";"";"";""
"21/10/2023";"1600";"";"";"";"";"";"";"";"";"";"";"";"";"";"";"";"";""
"21/10/2023";"1700";"";"";"";"";"";"";"";"";"";"";"";"";"";"";"";"";""
"21/10/2023";"1800";"";"";"";"";"";"";"";"";"";"";"";"";"";"";"";"";""
"21/10/2023";"1900";"";"";"";"";"";"";"";"";"";"";"";"";"";"";"";"";""
"21/10/2023";"2000";"";"";"";"";"";"";"";"";"";"";"";"";"";"";"";"";""
"21/10/2023";"2100";"";"";"";"";"";"";"";"";"";"";"";"";"";"";"";"";""
"21/10/2023";"2200";"";"";"";"";"";"";"";"";"";"";"";"";"";"";"";"";""
"21/10/2023";"2300";"";"";"";"";"";"";"";"";"";"";"";"";"";"";"";"";""
"22/10/2023";"0000";"";"";"";"";"";"";"";"";"";"";"";"";"";"";"";"";""
"22/10/2023";"0100";"";"";"";"";"";"";"";"";"";"";"";"";"";"";"";"";""
"22/10/2023";"0200";"";"";"";"";"";"";"";"";"";"";"";"";"";"";"";"";""
"22/10/2023";"0300";"";"";"";"";"";"";"";"";"";"";"";"";"";"";"";"";""
"22/10/2023";"0400";"";"";"";"";"";"";"";"";"";"";"";"";"";"";"";"";""
"22/10/2023";"0500";"";"";"";"";"";"";"";"";"";"";"";"";"";"";"";"";""
"22/10/2023";"0600";"";"";"";"";"";"";"";"";"";"";"";"";"";"";"";"";""
"22/10/2023";"0700";"";"";"";"";"";"";"";"";"";"";"";"";"";"";"";"";""
"22/10/2023";"0800";"";"";"";"";"";"";"";"";"";"";"";"";"";"";"";"";""
"22/10/2023";"0900";"";"";"";"";"";"";"";"";"";"";"";"";"";"";"";"";""
"22/10/2023";"1000";"";"";"";"";"";"";"";"";"";"";"";"";"";"";"";"";""
"22/10/2023";"1100";"";"";"";"";"";"";"";"";"";"";"";"";"";"";"";"";""
"22/10/2023";"1200";"";"";"";"";"";"";"";"";"";"";"";"";"";"";"";"";""
"22/10/2023";"1300";"";"";"";"";"";"";"";"";"";"";"";"";"";"";"";"";""
"22/10/2023";"1400";"";"";"";"";"";"";"";"";"";"";"";"";"";"";"";"";""
"22/10/2023";"1500";"";"";"";"";"";"";"";"";"";"";"";"";"";"";"";"";""
"22/10/2023";"1600";"";"";"";"";"";"";"";"";"";"";"";"";"";"";"";"";""
"22/10/2023";"1700";"";"";"";"";"";"";"";"";"";"";"";"";"";"";"";"";""
"22/10/2023";"1800";"";"";"";"";"";"";"";"";"";"";"";"";"";"";"";"";""
"22/10/2023";"1900";"";"";"";"";"";"";"";"";"";"";"";"";"";"";"";"";""
"22/10/2023";"2000";"";"";"";"";"";"";"";"";"";"";"";"";"";"";"";"";""
"22/10/2023";"2100";"";"";"";"";"";"";"";"";"";"";"";"";"";"";"";"";""
"22/10/2023";"2200";"";"";"";"";"";"";"";"";"";"";"";"";"";"";"";"";""
"22/10/2023";"2300";"";"";"";"";"";"";"";"";"";"";"";"";"";"";"";"";""
"23/10/2023";"0000";"";"";"";"";"";"";"";"";"";"";"";"";"";"";"";"";""
"23/10/2023";"0100";"";"";"";"";"";"";"";"";"";"";"";"";"";"";"";"";""
"23/10/2023";"0200";"";"";"";"";"";"";"";"";"";"";"";"";"";"";"";"";""
"23/10/2023";"0300";"";"";"";"";"";"";"";"";"";"";"";"";"";"";"";"";""
"23/10/2023";"0400";"";"";"";"";"";"";"";"";"";"";"";"";"";"";"";"";""
"23/10/2023";"0500";"";"";"";"";"";"";"";"";"";"";"";"";"";"";"";"";""
"23/10/2023";"0600";"";"";"";"";"";"";"";"";"";"";"";"";"";"";"";"";""
"23/10/2023";"0700";"";"";"";"";"";"";"";"";"";"";"";"";"";"";"";"";""
"23/10/2023";"0800";"";"";"";"";"";"";"";"";"";"";"";"";"";"";"";"";""
"23/10/2023";"0900";"";"";"";"";"";"";"";"";"";"";"";"";"";"";"";"";""
"23/10/2023";"1000";"";"";"";"";"";"";"";"";"";"";"";"";"";"";"";"";""
"23/10/2023";"1100";"";"";"";"";"";"";"";"";"";"";"";"";"";"";"";"";""
"23/10/2023";"1200";"";"";"";"";"";"";"";"";"";"";"";"";"";"";"";"";""
"23/10/2023";"1300";"25,8";"25,9";"24,4";"77,0";"85,0";"77,0";"21,6";"22,1";"21,2";"995,2";"995,2";"994,6";"0,8";"300,0";"2,3";"1244,80";"0,0"
"23/10/2023";"1400";"28,4";"28,6";"25,8";"65,0";"78,0";"65,0";"21,1";"22,1";"20,8";"994,9";"995,3";"994,9";"0,9";"317,0";"3,0";"1605,40";"0,0"
"23/10/2023";"1500";"31,9";"31,9";"27,8";"55,0";"68,0";"54,0";"21,8";"21,9";"20,2";"994,5";"995,0";"994,5";"1,4";"314,0";"5,0";"2508,20";"0,0"
"23/10/2023";"1600";"32,1";"32,9";"31,1";"45,0";"56,0";"44,0";"18,8";"22,0";"18,5";"993,6";"994,5";"993,6";"2,3";"311,0";"6,6";"3254,70";"0,0"
"23/10/2023";"1700";"32,5";"32,9";"31,5";"46,0";"49,0";"41,0";"19,5";"20,1";"17,2";"992,5";"993,6";"992,5";"3,1";"279,0";"7,4";"3189,00";"0,0"
"23/10/2023";"1800";"30,5";"33,3";"30,4";"54,0";"55,0";"44,0";"20,0";"20,8";"19,1";"991,6";"992,5";"991,6";"3,8";"265,0";"7,3";"1783,80";"0,0"
"23/10/2023";"1900";"31,0";"31,7";"30,4";"49,0";"55,0";"48,0";"19,2";"20,5";"19,0";"991,0";"991,7";"991,0";"3,3";"288,0";"7,3";"1846,90";"0,0"
"23/10/2023";"2000";"30,8";"31,5";"30,8";"50,0";"52,0";"48,0";"19,2";"20,0";"18,6";"990,4";"991,0";"990,4";"2,4";"309,0";"7,1";"1527,40";"0,0"
"23/10/2023";"2100";"28,9";"30,8";"28,9";"60,0";"60,0";"50,0";"20,3";"20,3";"19,1";"990,0";"990,4";"990,0";"1,6";"295,0";"6,1";"551,60";"0,0"
"23/10/2023";"2200";"27,2";"28,9";"27,2";"68,0";"68,0";"59,0";"20,7";"20,8";"20,1";"990,1";"990,2";"989,9";"0,7";"304,0";"3,7";"87,40";"0,0"
"23/10/2023";"2300";"25,9";"27,2";"25,8";"76,0";"76,0";"68,0";"21,3";"21,3";"20,7";"990,5";"990,5";"990,0";"0,6";"300,0";"1,9";"";"0,0"
"24/10/2023";"0000";"24,9";"25,9";"24,9";"81,0";"81,0";"76,0";"21,3";"21,4";"21,0";"991,4";"991,4";"990,5";"0,7";"195,0";"1,5";"";"0,0"
"24/10/2023";"0100";"24,5";"24,9";"24,4";"80,0";"83,0";"80,0";"20,8";"21,3";"20,8";"992,5";"992,5";"991,4";"0,5";"198,0";"1,5";"";"0,0"
"24/10/2023";"0200";"23,8";"24,6";"23,8";"87,0";"87,0";"80,0";"21,5";"21,6";"20,7";"993,2";"993,2";"992,5";"1,5";"282,0";"3,1";"";"0,0"
"24/10/2023";"0300";"24,1";"24,1";"23,8";"84,0";"87,0";"84,0";"21,2";"21,6";"21,2";"993,5";"993,5";"993,2";"0,0";"293,0";"3,1";"";"0,0"
"24/10/2023";"0400";"24,3";"24,5";"24,1";"84,0";"85,0";"83,0";"21,3";"21,5";"21,1";"993,1";"993,5";"993,1";"0,8";"313,0";"1,8";"";"0,0"
"24/10/2023";"0500";"23,5";"24,3";"23,5";"87,0";"87,0";"84,0";"21,3";"21,3";"21,1";"992,3";"993,1";"992,3";"0,6";"237,0";"1,8";"";"0,0"
"24/10/2023";"0600";"23,4";"23,5";"23,2";"87,0";"89,0";"87,0";"21,2";"21,3";"21,2";"991,8";"992,3";"991,8";"0,7";"292,0";"1,7";"";"0,0"
"24/10/2023";"0700";"23,3";"23,5";"23,3";"87,0";"87,0";"86,0";"20,9";"21,1";"20,9";"991,4";"991,8";"991,4";"0,4";"313,0";"2,2";"";"0,0"
"24/10/2023";"0800";"23,1";"23,4";"23,1";"89,0";"89,0";"87,0";"21,1";"21,1";"20,9";"991,9";"991,9";"991,4";"0,0";"235,0";"1,6";"";"0,0"
"24/10/2023";"0900";"23,0";"23,1";"23,0";"89,0";"89,0";"89,0";"21,1";"21,2";"21,1";"992,3";"992,3";"991,9";"1,0";"252,0";"1,9";"";"0,0"
"24/10/2023";"1000";"22,5";"23,0";"22,5";"92,0";"92,0";"89,0";"21,1";"21,1";"21,0";"992,6";"992,6";"992,3";"0,1";"206,0";"1,6";"9,80";"0,0"
"24/10/2023";"1100";"24,0";"24,0";"22,5";"87,0";"92,0";"87,0";"21,7";"21,7";"21,2";"993,0";"993,0";"992,6";"0,3";"299,0";"1,2";"292,30";"0,0"
"24/10/2023";"1200";"26,3";"26,5";"24,0";"76,0";"87,0";"75,0";"21,8";"22,3";"21,3";"993,4";"993,4";"993,0";"0,7";"310,0";"2,2";"1048,20";"0,0"
"24/10/2023";"1300";"26,4";"26,9";"26,3";"74,0";"76,0";"72,0";"21,3";"22,0";"21,2";"994,0";"994,0";"993,4";"1,6";"269,0";"3,5";"773,40";"0,0"
"24/10/2023";"1400";"29,1";"29,7";"26,4";"66,0";"75,0";"63,0";"22,2";"22,5";"21,0";"993,9";"994,0";"993,9";"0,9";"259,0";"3,5";"1711,40";"0,0"
"24/10/2023";"1500";"29,8";"31,5";"29,1";"64,0";"66,0";"59,0";"22,2";"23,3";"21,2";"993,4";"993,9";"993,4";"1,2";"224,0";"3,0";"2246,70";"0,0"
"24/10/2023";"1600";"30,3";"31,2";"29,3";"62,0";"66,0";"60,0";"22,3";"23,3";"21,7";"992,4";"993,4";"992,4";"1,4";"222,0";"3,7";"1589,20";"0,0"
"24/10/2023";"1700";"31,8";"31,8";"30,2";"60,0";"62,0";"57,0";"23,1";"23,1";"21,9";"991,4";"992,4";"991,4";"2,0";"265,0";"4,5";"2031,70";"0,0"
"24/10/2023";"1800";"31,4";"31,8";"30,8";"57,0";"62,0";"56,0";"22,0";"23,2";"21,8";"990,5";"991,4";"990,5";"2,2";"266,0";"5,0";"1626,70";"0,0"
"24/10/2023";"1900";"30,6";"31,6";"30,5";"59,0";"62,0";"58,0";"21,7";"22,9";"21,6";"989,9";"990,5";"989,9";"2,3";"262,0";"6,1";"1214,90";"0,0"
"24/10/2023";"2000";"32,4";"32,4";"30,6";"53,0";"60,0";"52,0";"21,6";"22,2";"21,1";"989,2";"990,0";"989,2";"1,3";"274,0";"4,1";"1627,20";"0,0"
"24/10/2023";"2100";"28,7";"32,4";"28,6";"58,0";"58,0";"51,0";"19,6";"22,0";"18,3";"989,0";"989,2";"988,8";"2,3";"200,0";"6,3";"1134,00";"0,0"
"24/10/2023";"2200";"27,2";"28,7";"27,2";"62,0";"62,0";"54,0";"19,3";"19,7";"18,3";"989,2";"989,2";"988,8";"0,9";"204,0";"4,3";"205,80";"0,0"
"24/10/2023";"2300";"25,9";"27,2";"25,9";"69,0";"69,0";"62,0";"19,7";"19,8";"19,3";"989,8";"989,8";"989,2";"0,0";"232,0";"2,1";"";"0,0"
"25/10/2023";"0000";"25,4";"26,1";"25,3";"72,0";"72,0";"67,0";"19,9";"19,9";"19,5";"990,4";"990,4";"989,8";"1,0";"239,0";"1,9";"";"0,0"
"25/10/2023";"0100";"24,3";"25,5";"24,2";"78,0";"78,0";"70,0";"20,2";"20,2";"19,6";"991,0";"991,0";"990,2";"1,2";"213,0";"2,1";"";"0,0"
"25/10/2023";"0200";"23,9";"24,3";"23,9";"81,0";"83,0";"78,0";"20,5";"20,7";"20,2";"991,1";"991,2";"990,9";"0,4";"199,0";"2,4";"";"0,0"
"25/10/2023";"0300";"23,3";"23,9";"23,3";"84,0";"84,0";"81,0";"20,4";"20,8";"20,3";"990,8";"991,1";"990,8";"0,5";"201,0";"1,6";"";"0,0"
"25/10/2023";"0400";"23,0";"23,3";"23,0";"85,0";"86,0";"84,0";"20,4";"20,6";"20,4";"990,5";"990,8";"990,4";"0,0";"247,0";"1,5";"";"0,0"
"25/10/2023";"0500";"23,0";"23,1";"22,8";"87,0";"87,0";"85,0";"20,7";"20,8";"20,4";"990,2";"990,5";"990,2";"0,1";"250,0";"0,7";"";"0,0"
"25/10/2023";"0600";"22,3";"23,0";"22,3";"91,0";"91,0";"86,0";"20,7";"20,9";"20,5";"989,8";"990,2";"989,8";"0,0";"189,0";"0,7";"";"0,0"
"25/10/2023";"0700";"22,4";"22,4";"22,2";"91,0";"91,0";"90,0";"20,8";"20,8";"20,6";"989,6";"989,8";"989,6";"0,2";"201,0";"1,1";"";"0,0"
"25/10/2023";"0800";"22,0";"22,4";"21,9";"93,0";"93,0";"91,0";"20,8";"20,9";"20,6";"989,9";"989,9";"989,5";"0,0";"289,0";"1,4";"";"0,0"
"25/10/2023";"0900";"21,7";"22,3";"21,7";"93,0";"93,0";"92,0";"20,5";"21,1";"20,5";"990,4";"990,4";"989,9";"0,9";"196,0";"1,6";"";"0,0"
"25/10/2023";"1000";"22,2";"22,2";"21,6";"93,0";"94,0";"93,0";"21,0";"21,0";"20,5";"990,9";"990,9";"990,4";"0,4";"250,0";"1,6";"38,50";"0,0"
"25/10/2023";"1100";"25,7";"25,7";"22,2";"79,0";"93,0";"78,0";"21,8";"22,0";"21,0";"991,6";"991,6";"990,9";"0,4";"249,0";"1,6";"580,20";"0,0"
"25/10/2023";"1200";"28,6";"28,6";"25,7";"68,0";"79,0";"67,0";"22,0";"22,4";"21,3";"992,1";"992,1";"991,6";"0,4";"294,0";"2,5";"1186,80";"0,0"
"25/10/2023";"1300";"31,8";"31,8";"28,6";"56,0";"68,0";"55,0";"21,8";"22,7";"21,4";"992,5";"992,5";"992,0";"1,1";"316,0";"3,0";"2219,20";"0,0"
"25/10/2023";"1400";"32,9";"33,2";"31,4";"54,0";"58,0";"52,0";"22,2";"22,8";"21,1";"992,2";"992,5";"992,2";"1,0";"305,0";"3,8";"2635,10";"0,0"
"25/10/2023";"1500";"31,4";"33,5";"31,3";"58,0";"60,0";"51,0";"22,2";"22,8";"21,1";"991,6";"992,2";"991,6";"2,2";"296,0";"4,6";"1978,80";"0,0"
"25/10/2023";"1600";"32,9";"34,0";"31,3";"52,0";"60,0";"50,0";"21,7";"23,2";"21,6";"989,8";"991,6";"989,8";"2,9";"260,0";"6,0";"2453,30";"0,0"
"25/10/2023";"1700";"25,1";"33,0";"25,1";"73,0";"73,0";"52,0";"19,9";"22,4";"19,9";"988,9";"989,9";"988,7";"4,3";"303,0";"10,3";"582,60";"2,4"
"25/10/2023";"1800";"22,6";"25,0";"21,9";"88,0";"90,0";"73,0";"20,6";"21,0";"19,6";"988,4";"989,6";"988,4";"1,2";"316,0";"10,8";"74,90";"0,0"
"25/10/2023";"1900";"22,6";"22,7";"22,2";"91,0";"91,0";"88,0";"21,0";"21,0";"20,3";"986,8";"988,5";"986,8";"0,5";"311,0";"4,1";"111,80";"0,0"
"25/10/2023";"2000";"23,5";"23,6";"22,6";"88,0";"91,0";"88,0";"21,4";"21,5";"20,9";"987,0";"987,2";"986,5";"1,7";"223,0";"3,0";"207,70";"0,0"
"25/10/2023";"2100";"23,9";"24,3";"23,5";"88,0";"89,0";"86,0";"21,8";"22,0";"21,3";"987,0";"987,0";"986,3";"1,6";"212,0";"4,3";"245,40";"0,0"
"25/10/2023";"2200";"23,7";"24,2";"23,7";"86,0";"88,0";"85,0";"21,3";"21,8";"21,2";"987,3";"987,3";"986,8";"1,8";"221,0";"5,1";"79,70";"0,0"
"25/10/2023";"2300";"23,6";"23,8";"23,6";"88,0";"88,0";"86,0";"21,5";"21,5";"21,3";"988,3";"988,3";"987,3";"0,6";"303,0";"5,3";"";"0,0"
"26/10/2023";"0000";"23,0";"23,6";"23,0";"91,0";"91,0";"88,0";"21,4";"21,5";"21,3";"988,9";"989,0";"988,3";"0,1";"318,0";"3,2";"";"0,0"
"26/10/2023";"0100";"22,6";"23,2";"22,6";"92,0";"92,0";"90,0";"21,3";"21,5";"21,2";"989,5";"989,6";"988,9";"0,8";"236,0";"1,9";"";"0,0"
"26/10/2023";"0200";"22,4";"22,6";"22,4";"94,0";"94,0";"92,0";"21,4";"21,4";"21,3";"990,0";"990,0";"989,5";"0,0";"284,0";"1,7";"";"0,0"
"26/10/2023";"0300";"22,3";"22,5";"22,2";"94,0";"94,0";"94,0";"21,4";"21,4";"21,2";"990,4";"990,6";"990,0";"1,0";"228,0";"1,8";"";"0,0"
"26/10/2023";"0400";"22,2";"22,4";"22,2";"95,0";"95,0";"94,0";"21,3";"21,5";"21,3";"989,6";"990,4";"989,6";"1,3";"221,0";"2,2";"";"0,0"
"26/10/2023";"0500";"22,4";"22,4";"22,1";"95,0";"95,0";"95,0";"21,5";"21,5";"21,2";"989,3";"989,7";"989,3";"0,5";"237,0";"2,3";"";"0,0"
"26/10/2023";"0600";"22,2";"22,4";"22,2";"95,0";"95,0";"95,0";"21,4";"21,5";"21,3";"988,3";"989,3";"988,3";"0,0";"271,0";"1,8";"";"0,0"
"26/10/2023";"0700";"22,2";"22,3";"22,1";"95,0";"95,0";"95,0";"21,4";"21,5";"21,2";"988,3";"988,4";"988,2";"0,0";"210,0";"1,9";"";"0,0"
"26/10/2023";"0800";"22,2";"22,4";"22,2";"95,0";"95,0";"95,0";"21,4";"21,5";"21,4";"988,8";"988,8";"988,3";"0,0";"257,0";"0,0";"";"0,0"
"26/10/2023";"0900";"22,2";"22,3";"22,2";"95,0";"95,0";"95,0";"21,4";"21,5";"21,4";"989,1";"989,1";"988,7";"0,2";"218,0";"1,1";"";"0,0"
"26/10/2023";"1000";"22,2";"22,2";"22,0";"95,0";"95,0";"95,0";"21,4";"21,4";"21,2";"989,7";"989,7";"989,1";"0,0";"220,0";"1,9";"10,10";"0,0"
"26/10/2023";"1100";"23,0";"23,0";"22,2";"95,0";"95,0";"95,0";"22,1";"22,1";"21,4";"990,6";"990,6";"989,7";"0,2";"204,0";"1,4";"141,20";"0,0"
"26/10/2023";"1200";"23,7";"23,7";"23,0";"91,0";"95,0";"91,0";"22,1";"22,2";"21,8";"991,3";"991,3";"990,6";"0,4";"267,0";"1,9";"367,90";"0,0"
"26/10/2023";"1300";"25,8";"25,8";"23,7";"82,0";"91,0";"82,0";"22,6";"22,9";"22,0";"991,8";"991,8";"991,3";"0,1";"252,0";"1,6";"886,30";"0,0"
"26/10/2023";"1400";"26,8";"26,9";"25,6";"78,0";"84,0";"77,0";"22,7";"23,1";"22,2";"991,8";"992,0";"991,7";"2,1";"313,0";"4,0";"1705,60";"0,0"
"26/10/2023";"1500";"28,7";"29,2";"26,8";"74,0";"80,0";"71,0";"23,5";"24,0";"22,3";"991,5";"991,9";"991,5";"2,2";"309,0";"4,1";"2366,00";"0,0"
"26/10/2023";"1600";"31,0";"31,2";"28,6";"63,0";"74,0";"62,0";"23,2";"24,3";"22,6";"990,7";"991,5";"990,7";"0,7";"310,0";"4,8";"2129,00";"0,0"
"26/10/2023";"1700";"32,4";"32,8";"30,7";"56,0";"67,0";"54,0";"22,5";"24,2";"21,8";"988,1";"990,7";"988,1";"1,7";"318,0";"6,4";"3204,70";"0,0"
"26/10/2023";"1800";"33,2";"33,6";"31,5";"52,0";"59,0";"51,0";"22,1";"23,4";"21,4";"986,1";"988,1";"986,1";"2,5";"312,0";"6,2";"3240,60";"0,0"
"26/10/2023";"1900";"28,3";"33,7";"28,3";"66,0";"66,0";"47,0";"21,2";"22,6";"19,8";"985,4";"986,1";"985,4";"3,2";"282,0";"7,8";"1716,70";"0,0"
"26/10/2023";"2000";"29,3";"29,4";"27,8";"62,0";"67,0";"61,0";"21,3";"21,5";"20,5";"985,0";"985,4";"984,9";"0,0";"256,0";"7,8";"451,50";"0,0"
"26/10/2023";"2100";"28,3";"29,3";"27,9";"68,0";"72,0";"62,0";"21,9";"22,8";"21,2";"985,4";"985,4";"984,9";"0,3";"309,0";"2,3";"255,00";"0,0"
"26/10/2023";"2200";"26,6";"28,6";"26,6";"76,0";"76,0";"67,0";"22,0";"22,3";"21,7";"986,4";"986,4";"985,4";"1,6";"280,0";"3,6";"128,60";"0,0"
"26/10/2023";"2300";"25,9";"26,7";"25,9";"81,0";"81,0";"76,0";"22,3";"22,4";"22,0";"988,2";"988,2";"986,4";"0,1";"246,0";"3,9";"";"0,0"
"27/10/2023";"0000";"25,0";"26,0";"25,0";"87,0";"87,0";"80,0";"22,6";"22,6";"22,3";"988,6";"988,6";"988,1";"0,0";"219,0";"1,3";"";"0,0"
"27/10/2023";"0100";"24,9";"25,1";"24,9";"87,0";"87,0";"86,0";"22,6";"22,7";"22,5";"989,5";"989,5";"988,6";"0,0";"231,0";"1,9";"";"0,0"
"27/10/2023";"0200";"24,1";"25,1";"24,1";"90,0";"90,0";"85,0";"22,4";"22,6";"22,3";"989,9";"989,9";"989,5";"1,5";"199,0";"2,7";"";"0,0"
"27/10/2023";"0300";"23,7";"24,1";"23,6";"91,0";"91,0";"89,0";"22,2";"22,3";"22,0";"989,8";"990,0";"989,8";"1,4";"209,0";"3,4";"";"0,0"
"27/10/2023";"0400";"23,5";"23,7";"23,5";"92,0";"92,0";"91,0";"22,1";"22,2";"22,0";"989,2";"989,9";"989,2";"0,8";"193,0";"2,4";"";"0,0"
"27/10/2023";"0500";"23,4";"23,6";"23,4";"93,0";"93,0";"92,0";"22,2";"22,2";"22,1";"988,5";"989,2";"988,4";"0,0";"199,0";"2,2";"";"0,0"
"27/10/2023";"0600";"23,2";"23,4";"23,2";"93,0";"93,0";"93,0";"22,1";"22,2";"22,1";"987,8";"988,5";"987,7";"1,0";"215,0";"2,0";"";"0,0"
"27/10/2023";"0700";"23,0";"23,3";"23,0";"93,0";"94,0";"93,0";"21,9";"22,1";"21,8";"987,7";"987,8";"987,6";"0,8";"227,0";"2,9";"";"0,0"
"27/10/2023";"0800";"22,9";"23,1";"22,9";"93,0";"94,0";"93,0";"21,8";"21,9";"21,8";"988,1";"988,1";"987,7";"0,7";"217,0";"2,4";"";"0,0"
"27/10/2023";"0900";"22,8";"22,9";"22,8";"94,0";"94,0";"93,0";"21,7";"21,8";"21,7";"989,0";"989,0";"988,1";"0,2";"203,0";"2,2";"";"0,0"
"27/10/2023";"1000";"22,8";"22,8";"22,7";"94,0";"94,0";"94,0";"21,8";"21,8";"21,7";"989,4";"989,4";"989,0";"0,3";"221,0";"1,4";"17,30";"0,0"
"27/10/2023";"1100";"23,9";"23,9";"22,8";"92,0";"94,0";"92,0";"22,4";"22,5";"21,8";"990,5";"990,5";"989,4";"0,7";"198,0";"2,2";"326,30";"0,0"
"27/10/2023";"1200";"26,2";"26,6";"23,8";"81,0";"92,0";"81,0";"22,7";"23,5";"22,2";"991,4";"991,4";"990,5";"0,9";"221,0";"2,6";"1112,40";"0,0"
"27/10/2023";"1300";"28,5";"28,5";"26,2";"73,0";"82,0";"72,0";"23,2";"23,3";"22,6";"992,0";"992,0";"991,4";"1,7";"240,0";"3,2";"1798,50";"0,0"
"27/10/2023";"1400";"30,5";"30,5";"28,1";"65,0";"73,0";"64,0";"23,1";"23,5";"22,4";"991,8";"992,0";"991,8";"1,6";"275,0";"3,9";"2558,80";"0,0"
"27/10/2023";"1500";"32,5";"32,8";"30,6";"55,0";"65,0";"55,0";"22,3";"23,6";"22,1";"991,3";"991,8";"991,3";"1,5";"317,0";"4,5";"2840,10";"0,0"
"27/10/2023";"1600";"32,5";"33,5";"31,2";"55,0";"61,0";"53,0";"22,3";"23,6";"21,9";"990,1";"991,3";"990,1";"1,1";"313,0";"4,4";"2229,30";"0,0"
"27/10/2023";"1700";"33,0";"34,2";"32,1";"49,0";"56,0";"48,0";"20,8";"23,2";"20,8";"988,7";"990,1";"988,7";"1,8";"313,0";"6,1";"2983,60";"0,0"
"27/10/2023";"1800";"34,0";"34,8";"32,4";"46,0";"53,0";"45,0";"20,8";"22,1";"20,6";"987,3";"988,7";"987,3";"1,5";"316,0";"5,7";"1867,40";"0,0"
"27/10/2023";"1900";"34,4";"35,0";"33,8";"46,0";"48,0";"43,0";"21,1";"21,5";"19,7";"986,2";"987,3";"986,2";"1,5";"315,0";"5,7";"2021,50";"0,0"
"27/10/2023";"2000";"32,9";"35,1";"32,9";"49,0";"51,0";"43,0";"20,9";"21,7";"20,0";"985,2";"986,2";"985,1";"0,9";"312,0";"5,6";"1357,80";"0,0"
"27/10/2023";"2100";"30,7";"32,9";"30,7";"59,0";"59,0";"49,0";"21,8";"22,1";"20,6";"985,6";"985,6";"985,0";"2,1";"305,0";"5,4";"496,90";"0,0"
"27/10/2023";"2200";"29,1";"30,7";"29,1";"65,0";"65,0";"57,0";"21,7";"22,1";"21,2";"986,5";"986,5";"985,6";"1,4";"288,0";"4,4";"128,20";"0,0"
"27/10/2023";"2300";"26,9";"29,1";"26,9";"73,0";"73,0";"65,0";"21,7";"22,0";"21,7";"987,3";"987,3";"986,5";"1,4";"243,0";"3,6";"";"0,0"
"28/10/2023";"0000";"27,0";"27,2";"26,7";"71,0";"74,0";"71,0";"21,3";"21,8";"21,3";"987,5";"987,5";"987,1";"0,5";"293,0";"2,2";"";"0,0"
"28/10/2023";"0100";"26,0";"27,0";"25,8";"75,0";"75,0";"69,0";"21,1";"21,3";"20,7";"988,2";"988,2";"987,5";"0,2";"281,0";"1,9";"";"0,0"
"28/10/2023";"0200";"25,0";"26,3";"25,0";"79,0";"79,0";"73,0";"21,1";"21,3";"20,9";"988,8";"988,8";"988,2";"1,4";"218,0";"2,0";"";"0,0"
"28/10/2023";"0300";"24,5";"25,0";"24,3";"83,0";"83,0";"79,0";"21,4";"21,4";"21,1";"988,4";"988,8";"988,4";"0,6";"227,0";"2,9";"";"0,0"
"28/10/2023";"0400";"24,0";"24,6";"24,0";"84,0";"84,0";"82,0";"21,2";"21,4";"21,2";"987,9";"988,4";"987,9";"0,4";"224,0";"1,5";"";"0,0"
"28/10/2023";"0500";"23,5";"24,0";"23,5";"86,0";"86,0";"84,0";"21,1";"21,3";"21,0";"987,5";"987,9";"987,5";"0,6";"191,0";"1,5";"";"0,0"
"28/10/2023";"0600";"23,2";"23,5";"23,2";"88,0";"88,0";"86,0";"21,1";"21,3";"21,0";"987,6";"987,8";"987,5";"0,6";"212,0";"1,5";"";"0,0"
"28/10/2023";"0700";"22,8";"23,2";"22,7";"90,0";"90,0";"88,0";"21,1";"21,2";"20,9";"987,7";"987,8";"987,6";"0,9";"193,0";"1,4";"";"0,0"
"28/10/2023";"0800";"22,4";"22,8";"22,4";"92,0";"92,0";"90,0";"21,1";"21,2";"20,9";"987,7";"987,8";"987,6";"1,4";"228,0";"1,9";"";"0,0"
"28/10/2023";"0900";"22,2";"22,5";"22,2";"93,0";"93,0";"92,0";"21,1";"21,1";"21,0";"988,1";"988,1";"987,7";"0,7";"220,0";"2,1";"";"0,0"
"28/10/2023";"1000";"22,2";"22,3";"22,0";"95,0";"95,0";"93,0";"21,3";"21,3";"20,9";"989,0";"989,0";"988,1";"0,3";"195,0";"1,8";"18,80";"0,0"
"28/10/2023";"1100";"23,6";"23,6";"22,2";"91,0";"95,0";"91,0";"22,0";"22,0";"21,3";"990,2";"990,2";"989,0";"0,6";"222,0";"1,7";"318,30";"0,0"
"28/10/2023";"1200";"26,3";"26,3";"23,6";"82,0";"91,0";"82,0";"22,9";"23,3";"21,9";"991,0";"991,0";"990,2";"1,6";"222,0";"2,9";"913,30";"0,0"
"28/10/2023";"1300";"31,1";"31,1";"26,2";"61,0";"82,0";"61,0";"22,7";"24,0";"22,5";"991,4";"991,4";"991,0";"2,0";"257,0";"3,3";"1976,70";"0,0"
"28/10/2023";"1400";"32,7";"33,0";"30,9";"49,0";"61,0";"48,0";"20,5";"22,7";"20,1";"991,1";"991,5";"991,1";"1,9";"283,0";"4,2";"2501,00";"0,0"
"28/10/2023";"1500";"33,9";"34,8";"32,6";"44,0";"49,0";"42,0";"20,0";"21,1";"18,9";"990,8";"991,1";"990,8";"2,0";"304,0";"7,5";"2968,20";"0,0"
"28/10/2023";"1600";"35,8";"36,6";"33,4";"36,0";"46,0";"34,0";"18,3";"20,9";"17,1";"989,9";"990,8";"989,9";"2,7";"304,0";"6,5";"3096,00";"0,0"
"28/10/2023";"1700";"35,8";"36,2";"34,7";"36,0";"39,0";"34,0";"18,3";"19,2";"17,2";"988,7";"989,9";"988,7";"1,5";"311,0";"7,2";"2991,60";"0,0"
"28/10/2023";"1800";"36,0";"36,3";"34,5";"36,0";"38,0";"33,0";"18,7";"19,1";"16,5";"987,7";"988,7";"987,7";"1,8";"304,0";"6,1";"2545,70";"0,0"
"28/10/2023";"1900";"35,4";"36,1";"34,7";"35,0";"37,0";"33,0";"17,7";"18,8";"16,8";"987,1";"987,7";"987,0";"1,5";"316,0";"5,1";"1999,50";"0,0"
"28/10/2023";"2000";"34,0";"35,4";"34,0";"40,0";"42,0";"35,0";"18,6";"19,3";"16,7";"986,7";"987,1";"986,7";"1,3";"309,0";"5,9";"1183,90";"0,0"
"28/10/2023";"2100";"32,4";"34,1";"32,4";"47,0";"47,0";"39,0";"19,6";"19,7";"18,0";"986,3";"986,7";"986,3";"1,2";"310,0";"4,2";"579,90";"0,0"
"28/10/2023";"2200";"29,8";"32,4";"29,8";"56,0";"56,0";"47,0";"20,1";"20,1";"19,4";"986,1";"986,2";"986,1";"0,2";"323,0";"4,0";"95,80";"0,0"
"28/10/2023";"2300";"28,7";"29,8";"28,5";"61,0";"61,0";"56,0";"20,3";"20,4";"20,0";"986,7";"986,7";"986,1";"0,8";"314,0";"2,4";"";"0,0"
"29/10/2023";"0000";"27,6";"28,7";"27,6";"65,0";"65,0";"60,0";"20,4";"20,5";"20,3";"987,8";"987,8";"986,7";"1,0";"286,0";"2,3";"";"0,0"
"29/10/2023";"0100";"27,4";"27,8";"27,4";"66,0";"66,0";"64,0";"20,5";"20,6";"20,4";"988,8";"988,8";"987,8";"1,0";"268,0";"1,9";"";"0,0"
"29/10/2023";"0200";"25,8";"27,4";"25,8";"75,0";"75,0";"66,0";"21,0";"21,0";"20,5";"989,3";"989,3";"988,8";"1,0";"228,0";"1,8";"";"0,0"
"29/10/2023";"0300";"25,0";"25,9";"25,0";"78,0";"78,0";"75,0";"21,0";"21,1";"20,8";"989,2";"989,4";"989,2";"1,0";"217,0";"1,9";"";"0,0"
"29/10/2023";"0400";"24,5";"25,1";"24,5";"81,0";"81,0";"78,0";"21,0";"21,1";"20,9";"988,2";"989,2";"988,2";"1,6";"222,0";"2,2";"";"0,0"
"29/10/2023";"0500";"24,5";"25,0";"24,5";"80,0";"81,0";"78,0";"20,9";"21,1";"20,7";"987,5";"988,2";"987,4";"0,7";"229,0";"2,5";"";"0,0"
"29/10/2023";"0600";"23,6";"24,5";"23,6";"85,0";"85,0";"80,0";"21,0";"21,0";"20,8";"987,5";"987,5";"987,4";"0,7";"215,0";"1,4";"";"0,0"
"29/10/2023";"0700";"23,3";"23,7";"23,3";"87,0";"87,0";"85,0";"21,1";"21,3";"20,9";"987,6";"987,6";"987,5";"0,7";"204,0";"1,7";"";"0,0"
"29/10/2023";"0800";"22,9";"23,3";"22,8";"89,0";"89,0";"87,0";"21,0";"21,2";"20,8";"988,0";"988,0";"987,6";"0,6";"218,0";"1,5";"";"0,0"
"29/10/2023";"0900";"22,6";"22,9";"22,4";"91,0";"91,0";"89,0";"21,0";"21,1";"20,8";"988,6";"988,6";"988,0";"0,6";"190,0";"1,4";"";"0,0"
"29/10/2023";"1000";"22,5";"22,6";"22,4";"92,0";"92,0";"91,0";"21,0";"21,0";"20,9";"989,2";"989,2";"988,6";"0,0";"187,0";"1,4";"23,30";"0,0"
"29/10/2023";"1100";"23,7";"23,8";"22,5";"88,0";"92,0";"87,0";"21,5";"21,7";"21,1";"990,4";"990,4";"989,2";"1,0";"187,0";"1,6";"364,50";"0,0"
"29/10/2023";"1200";"28,7";"28,7";"23,7";"69,0";"88,0";"69,0";"22,6";"22,9";"21,6";"991,2";"991,2";"990,4";"0,1";"303,0";"1,6";"1050,70";"0,0"
"29/10/2023";"1300";"31,8";"32,1";"28,7";"52,0";"69,0";"51,0";"20,8";"22,8";"20,6";"991,5";"991,5";"991,2";"1,4";"315,0";"3,4";"1833,50";"0,0"
"29/10/2023";"1400";"34,5";"35,1";"31,8";"38,0";"52,0";"38,0";"18,4";"21,1";"18,4";"991,0";"991,5";"991,0";"2,0";"308,0";"4,6";"2561,00";"0,0"
"29/10/2023";"1500";"35,5";"36,3";"34,4";"35,0";"40,0";"33,0";"17,7";"19,9";"16,8";"990,6";"991,0";"990,6";"2,0";"322,0";"6,6";"2896,00";"0,0"
"29/10/2023";"1600";"36,9";"37,4";"34,6";"32,0";"38,0";"31,0";"17,4";"18,5";"16,1";"989,7";"990,6";"989,7";"1,7";"320,0";"6,6";"2603,10";"0,0"
"29/10/2023";"1700";"37,3";"38,4";"35,8";"33,0";"37,0";"29,0";"18,2";"19,3";"16,1";"988,7";"989,7";"988,7";"2,2";"312,0";"6,6";"2705,70";"0,0"
"29/10/2023";"1800";"35,6";"37,7";"35,3";"34,0";"37,0";"31,0";"17,2";"19,0";"16,5";"987,7";"988,7";"987,7";"1,5";"310,0";"5,2";"2320,40";"0,0"
"29/10/2023";"1900";"36,8";"37,5";"35,5";"32,0";"35,0";"31,0";"17,4";"18,1";"16,4";"986,6";"987,7";"986,6";"2,0";"314,0";"4,7";"1820,00";"0,0"
"29/10/2023";"2000";"35,5";"36,7";"35,3";"35,0";"36,0";"31,0";"17,6";"18,0";"16,5";"985,6";"986,6";"985,6";"0,8";"310,0";"5,0";"1270,10";"0,0"
"29/10/2023";"2100";"34,0";"35,8";"34,0";"40,0";"40,0";"34,0";"18,3";"18,8";"17,1";"985,1";"985,6";"985,1";"0,3";"316,0";"3,4";"638,10";"0,0"
"29/10/2023";"2200";"31,6";"34,0";"31,6";"48,0";"50,0";"40,0";"19,4";"20,8";"18,5";"985,2";"985,2";"985,0";"0,4";"317,0";"2,4";"126,80";"0,0"
"29/10/2023";"2300";"30,9";"31,6";"30,2";"50,0";"53,0";"48,0";"19,4";"20,0";"19,0";"986,8";"986,8";"985,2";"0,3";"311,0";"2,3";"";"0,0"
"30/10/2023";"0000";"28,5";"31,0";"28,4";"66,0";"66,0";"50,0";"21,6";"21,6";"19,3";"988,5";"988,5";"986,8";"0,8";"185,0";"2,3";"";"0,0"
"30/10/2023";"0100";"28,1";"28,8";"28,1";"70,0";"70,0";"63,0";"22,0";"22,0";"20,8";"989,7";"989,7";"988,5";"0,3";"210,0";"2,0";"";"0,0"
"30/10/2023";"0200";"27,6";"28,3";"27,6";"71,0";"73,0";"68,0";"21,8";"22,4";"21,5";"990,2";"990,2";"989,7";"0,5";"253,0";"1,3";"";"0,0"
"30/10/2023";"0300";"26,8";"27,6";"26,5";"76,0";"79,0";"71,0";"22,2";"22,6";"21,7";"990,6";"990,7";"990,2";"0,8";"200,0";"2,6";"";"0,0"
"30/10/2023";"0400";"26,7";"27,0";"26,7";"75,0";"77,0";"73,0";"21,9";"22,3";"21,6";"989,8";"990,6";"989,8";"1,4";"225,0";"2,2";"";"0,0"
"30/10/2023";"0500";"25,8";"26,9";"25,8";"85,0";"85,0";"73,0";"23,1";"23,1";"21,6";"989,1";"989,8";"989,1";"1,4";"266,0";"2,3";"";"0,0"
"30/10/2023";"0600";"26,3";"26,6";"25,8";"82,0";"85,0";"79,0";"23,0";"23,2";"22,6";"988,5";"989,1";"988,5";"0,2";"316,0";"2,1";"";"0,0"
"30/10/2023";"0700";"25,8";"26,4";"25,8";"82,0";"82,0";"78,0";"22,5";"23,0";"22,3";"988,4";"988,5";"988,3";"2,0";"254,0";"3,3";"";"0,0"
"30/10/2023";"0800";"23,0";"25,8";"23,0";"92,0";"92,0";"82,0";"21,6";"22,5";"21,5";"988,5";"988,7";"988,2";"1,5";"197,0";"7,2";"0,10";"0,0"
"30/10/2023";"0900";"23,1";"23,3";"22,8";"92,0";"93,0";"91,0";"21,8";"22,1";"21,4";"990,1";"990,1";"988,5";"1,4";"314,0";"7,5";"";"0,0"
"30/10/2023";"1000";"21,9";"23,3";"21,9";"94,0";"94,0";"90,0";"20,8";"21,9";"20,7";"992,7";"992,8";"990,1";"0,9";"322,0";"6,3";"0,70";"0,0"
"30/10/2023";"1100";"";"";"";"";"";"";"";"";"";"";"";"";"";"";"";"";""
"30/10/2023";"1200";"";"";"";"";"";"";"";"";"";"";"";"";"";"";"";"";""
"30/10/2023";"1300";"";"";"";"";"";"";"";"";"";"";"";"";"";"";"";"";""
"30/10/2023";"1400";"";"";"";"";"";"";"";"";"";"";"";"";"";"";"";"";""
"30/10/2023";"1500";"";"";"";"";"";"";"";"";"";"";"";"";"";"";"";"";""
"30/10/2023";"1600";"";"";"";"";"";"";"";"";"";"";"";"";"";"";"";"";""
"30/10/2023";"1700";"";"";"";"";"";"";"";"";"";"";"";"";"";"";"";"";""
"30/10/2023";"1800";"";"";"";"";"";"";"";"";"";"";"";"";"";"";"";"";""
"30/10/2023";"1900";"";"";"";"";"";"";"";"";"";"";"";"";"";"";"";"";""
"30/10/2023";"2000";"";"";"";"";"";"";"";"";"";"";"";"";"";"";"";"";""
"30/10/2023";"2100";"";"";"";"";"";"";"";"";"";"";"";"";"";"";"";"";""
"30/10/2023";"2200";"";"";"";"";"";"";"";"";"";"";"";"";"";"";"";"";""
"30/10/2023";"2300";"";"";"";"";"";"";"";"";"";"";"";"";"";"";"";"";""
"31/10/2023";"0000";"";"";"";"";"";"";"";"";"";"";"";"";"";"";"";"";""
"31/10/2023";"0100";"";"";"";"";"";"";"";"";"";"";"";"";"";"";"";"";""
"31/10/2023";"0200";"";"";"";"";"";"";"";"";"";"";"";"";"";"";"";"";""
"31/10/2023";"0300";"";"";"";"";"";"";"";"";"";"";"";"";"";"";"";"";""
"31/10/2023";"0400";"";"";"";"";"";"";"";"";"";"";"";"";"";"";"";"";""
"31/10/2023";"0500";"";"";"";"";"";"";"";"";"";"";"";"";"";"";"";"";""
"31/10/2023";"0600";"";"";"";"";"";"";"";"";"";"";"";"";"";"";"";"";""
"31/10/2023";"0700";"";"";"";"";"";"";"";"";"";"";"";"";"";"";"";"";""
"31/10/2023";"0800";"";"";"";"";"";"";"";"";"";"";"";"";"";"";"";"";""
"31/10/2023";"0900";"";"";"";"";"";"";"";"";"";"";"";"";"";"";"";"";""
"31/10/2023";"1000";"";"";"";"";"";"";"";"";"";"";"";"";"";"";"";"";""
"31/10/2023";"1100";"";"";"";"";"";"";"";"";"";"";"";"";"";"";"";"";""
"31/10/2023";"1200";"";"";"";"";"";"";"";"";"";"";"";"";"";"";"";"";""
"31/10/2023";"1300";"";"";"";"";"";"";"";"";"";"";"";"";"";"";"";"";""
"31/10/2023";"1400";"";"";"";"";"";"";"";"";"";"";"";"";"";"";"";"";""
"31/10/2023";"1500";"";"";"";"";"";"";"";"";"";"";"";"";"";"";"";"";""
"31/10/2023";"1600";"";"";"";"";"";"";"";"";"";"";"";"";"";"";"";"";""
"31/10/2023";"1700";"";"";"";"";"";"";"";"";"";"";"";"";"";"";"";"";""
"31/10/2023";"1800";"";"";"";"";"";"";"";"";"";"";"";"";"";"";"";"";""
"31/10/2023";"1900";"";"";"";"";"";"";"";"";"";"";"";"";"";"";"";"";""
"31/10/2023";"2000";"";"";"";"";"";"";"";"";"";"";"";"";"";"";"";"";""
"31/10/2023";"2100";"";"";"";"";"";"";"";"";"";"";"";"";"";"";"";"";""
"31/10/2023";"2200";"";"";"";"";"";"";"";"";"";"";"";"";"";"";"";"";""
"31/10/2023";"2300";"";"";"";"";"";"";"";"";"";"";"";"";"";"";"";"";""
"01/11/2023";"0000";"";"";"";"";"";"";"";"";"";"";"";"";"";"";"";"";""
"01/11/2023";"0100";"";"";"";"";"";"";"";"";"";"";"";"";"";"";"";"";""
"01/11/2023";"0200";"";"";"";"";"";"";"";"";"";"";"";"";"";"";"";"";""
"01/11/2023";"0300";"";"";"";"";"";"";"";"";"";"";"";"";"";"";"";"";""
"01/11/2023";"0400";"";"";"";"";"";"";"";"";"";"";"";"";"";"";"";"";""
"01/11/2023";"0500";"";"";"";"";"";"";"";"";"";"";"";"";"";"";"";"";""
"01/11/2023";"0600";"";"";"";"";"";"";"";"";"";"";"";"";"";"";"";"";""
"01/11/2023";"0700";"";"";"";"";"";"";"";"";"";"";"";"";"";"";"";"";""
"01/11/2023";"0800";"";"";"";"";"";"";"";"";"";"";"";"";"";"";"";"";""
"01/11/2023";"0900";"";"";"";"";"";"";"";"";"";"";"";"";"";"";"";"";""
"01/11/2023";"1000";"";"";"";"";"";"";"";"";"";"";"";"";"";"";"";"";""
"01/11/2023";"1100";"";"";"";"";"";"";"";"";"";"";"";"";"";"";"";"";""
"01/11/2023";"1200";"";"";"";"";"";"";"";"";"";"";"";"";"";"";"";"";""
"01/11/2023";"1300";"";"";"";"";"";"";"";"";"";"";"";"";"";"";"";"";""
"01/11/2023";"1400";"";"";"";"";"";"";"";"";"";"";"";"";"";"";"";"";""
"01/11/2023";"1500";"";"";"";"";"";"";"";"";"";"";"";"";"";"";"";"";""
"01/11/2023";"1600";"";"";"";"";"";"";"";"";"";"";"";"";"";"";"";"";""
"01/11/2023";"1700";"";"";"";"";"";"";"";"";"";"";"";"";"";"";"";"";""
"01/11/2023";"1800";"";"";"";"";"";"";"";"";"";"";"";"";"";"";"";"";""
"01/11/2023";"1900";"";"";"";"";"";"";"";"";"";"";"";"";"";"";"";"";""
"01/11/2023";"2000";"";"";"";"";"";"";"";"";"";"";"";"";"";"";"";"";""
"01/11/2023";"2100";"";"";"";"";"";"";"";"";"";"";"";"";"";"";"";"";""
"01/11/2023";"2200";"";"";"";"";"";"";"";"";"";"";"";"";"";"";"";"";""
"01/11/2023";"2300";"";"";"";"";"";"";"";"";"";"";"";"";"";"";"";"";""
"02/11/2023";"0000";"";"";"";"";"";"";"";"";"";"";"";"";"";"";"";"";""
"02/11/2023";"0100";"";"";"";"";"";"";"";"";"";"";"";"";"";"";"";"";""
"02/11/2023";"0200";"";"";"";"";"";"";"";"";"";"";"";"";"";"";"";"";""
"02/11/2023";"0300";"";"";"";"";"";"";"";"";"";"";"";"";"";"";"";"";""
"02/11/2023";"0400";"";"";"";"";"";"";"";"";"";"";"";"";"";"";"";"";""
"02/11/2023";"0500";"";"";"";"";"";"";"";"";"";"";"";"";"";"";"";"";""
"02/11/2023";"0600";"";"";"";"";"";"";"";"";"";"";"";"";"";"";"";"";""
"02/11/2023";"0700";"";"";"";"";"";"";"";"";"";"";"";"";"";"";"";"";""
"02/11/2023";"0800";"";"";"";"";"";"";"";"";"";"";"";"";"";"";"";"";""
"02/11/2023";"0900";"";"";"";"";"";"";"";"";"";"";"";"";"";"";"";"";""
"02/11/2023";"1000";"";"";"";"";"";"";"";"";"";"";"";"";"";"";"";"";""
"02/11/2023";"1100";"";"";"";"";"";"";"";"";"";"";"";"";"";"";"";"";""
"02/11/2023";"1200";"";"";"";"";"";"";"";"";"";"";"";"";"";"";"";"";""
"02/11/2023";"1300";"";"";"";"";"";"";"";"";"";"";"";"";"";"";"";"";""
"02/11/2023";"1400";"";"";"";"";"";"";"";"";"";"";"";"";"";"";"";"";""
"02/11/2023";"1500";"";"";"";"";"";"";"";"";"";"";"";"";"";"";"";"";""
"02/11/2023";"1600";"";"";"";"";"";"";"";"";"";"";"";"";"";"";"";"";""
"02/11/2023";"1700";"";"";"";"";"";"";"";"";"";"";"";"";"";"";"";"";""
"02/11/2023";"1800";"";"";"";"";"";"";"";"";"";"";"";"";"";"";"";"";""
"02/11/2023";"1900";"";"";"";"";"";"";"";"";"";"";"";"";"";"";"";"";""
"02/11/2023";"2000";"";"";"";"";"";"";"";"";"";"";"";"";"";"";"";"";""
"02/11/2023";"2100";"";"";"";"";"";"";"";"";"";"";"";"";"";"";"";"";""
"02/11/2023";"2200";"";"";"";"";"";"";"";"";"";"";"";"";"";"";"";"";""
"02/11/2023";"2300";"";"";"";"";"";"";"";"";"";"";"";"";"";"";"";"";""
"03/11/2023";"0000";"";"";"";"";"";"";"";"";"";"";"";"";"";"";"";"";""
"03/11/2023";"0100";"";"";"";"";"";"";"";"";"";"";"";"";"";"";"";"";""
"03/11/2023";"0200";"";"";"";"";"";"";"";"";"";"";"";"";"";"";"";"";""
"03/11/2023";"0300";"";"";"";"";"";"";"";"";"";"";"";"";"";"";"";"";""
"03/11/2023";"0400";"";"";"";"";"";"";"";"";"";"";"";"";"";"";"";"";""
"03/11/2023";"0500";"";"";"";"";"";"";"";"";"";"";"";"";"";"";"";"";""
"03/11/2023";"0600";"";"";"";"";"";"";"";"";"";"";"";"";"";"";"";"";""
"03/11/2023";"0700";"";"";"";"";"";"";"";"";"";"";"";"";"";"";"";"";""
"03/11/2023";"0800";"";"";"";"";"";"";"";"";"";"";"";"";"";"";"";"";""
"03/11/2023";"0900";"";"";"";"";"";"";"";"";"";"";"";"";"";"";"";"";""
"03/11/2023";"1000";"";"";"";"";"";"";"";"";"";"";"";"";"";"";"";"";""
"03/11/2023";"1100";"";"";"";"";"";"";"";"";"";"";"";"";"";"";"";"";""
"03/11/2023";"1200";"";"";"";"";"";"";"";"";"";"";"";"";"";"";"";"";""
"03/11/2023";"1300";"";"";"";"";"";"";"";"";"";"";"";"";"";"";"";"";""
"03/11/2023";"1400";"";"";"";"";"";"";"";"";"";"";"";"";"";"";"";"";""
"03/11/2023";"1500";"";"";"";"";"";"";"";"";"";"";"";"";"";"";"";"";""
"03/11/2023";"1600";"";"";"";"";"";"";"";"";"";"";"";"";"";"";"";"";""
"03/11/2023";"1700";"";"";"";"";"";"";"";"";"";"";"";"";"";"";"";"";""
"03/11/2023";"1800";"";"";"";"";"";"";"";"";"";"";"";"";"";"";"";"";""
"03/11/2023";"1900";"";"";"";"";"";"";"";"";"";"";"";"";"";"";"";"";""
"03/11/2023";"2000";"";"";"";"";"";"";"";"";"";"";"";"";"";"";"";"";""
"03/11/2023";"2100";"";"";"";"";"";"";"";"";"";"";"";"";"";"";"";"";""
"03/11/2023";"2200";"";"";"";"";"";"";"";"";"";"";"";"";"";"";"";"";""
"03/11/2023";"2300";"";"";"";"";"";"";"";"";"";"";"";"";"";"";"";"";""
"04/11/2023";"0000";"";"";"";"";"";"";"";"";"";"";"";"";"";"";"";"";""
"04/11/2023";"0100";"";"";"";"";"";"";"";"";"";"";"";"";"";"";"";"";""
"04/11/2023";"0200";"";"";"";"";"";"";"";"";"";"";"";"";"";"";"";"";""
"04/11/2023";"0300";"";"";"";"";"";"";"";"";"";"";"";"";"";"";"";"";""
"04/11/2023";"0400";"";"";"";"";"";"";"";"";"";"";"";"";"";"";"";"";""
"04/11/2023";"0500";"";"";"";"";"";"";"";"";"";"";"";"";"";"";"";"";""
"04/11/2023";"0600";"";"";"";"";"";"";"";"";"";"";"";"";"";"";"";"";""
"04/11/2023";"0700";"";"";"";"";"";"";"";"";"";"";"";"";"";"";"";"";""
"04/11/2023";"0800";"";"";"";"";"";"";"";"";"";"";"";"";"";"";"";"";""
"04/11/2023";"0900";"";"";"";"";"";"";"";"";"";"";"";"";"";"";"";"";""
"04/11/2023";"1000";"";"";"";"";"";"";"";"";"";"";"";"";"";"";"";"";""
"04/11/2023";"1100";"";"";"";"";"";"";"";"";"";"";"";"";"";"";"";"";""
"04/11/2023";"1200";"";"";"";"";"";"";"";"";"";"";"";"";"";"";"";"";""
"04/11/2023";"1300";"";"";"";"";"";"";"";"";"";"";"";"";"";"";"";"";""
"04/11/2023";"1400";"";"";"";"";"";"";"";"";"";"";"";"";"";"";"";"";""
"04/11/2023";"1500";"";"";"";"";"";"";"";"";"";"";"";"";"";"";"";"";""
"04/11/2023";"1600";"";"";"";"";"";"";"";"";"";"";"";"";"";"";"";"";""
"04/11/2023";"1700";"";"";"";"";"";"";"";"";"";"";"";"";"";"";"";"";""
"04/11/2023";"1800";"";"";"";"";"";"";"";"";"";"";"";"";"";"";"";"";""
"04/11/2023";"1900";"";"";"";"";"";"";"";"";"";"";"";"";"";"";"";"";""
"04/11/2023";"2000";"";"";"";"";"";"";"";"";"";"";"";"";"";"";"";"";""
"04/11/2023";"2100";"";"";"";"";"";"";"";"";"";"";"";"";"";"";"";"";""
"04/11/2023";"2200";"";"";"";"";"";"";"";"";"";"";"";"";"";"";"";"";""
"04/11/2023";"2300";"";"";"";"";"";"";"";"";"";"";"";"";"";"";"";"";""
"05/11/2023";"0000";"";"";"";"";"";"";"";"";"";"";"";"";"";"";"";"";""
"05/11/2023";"0100";"";"";"";"";"";"";"";"";"";"";"";"";"";"";"";"";""
"05/11/2023";"0200";"";"";"";"";"";"";"";"";"";"";"";"";"";"";"";"";""
"05/11/2023";"0300";"";"";"";"";"";"";"";"";"";"";"";"";"";"";"";"";""
"05/11/2023";"0400";"";"";"";"";"";"";"";"";"";"";"";"";"";"";"";"";""
"05/11/2023";"0500";"";"";"";"";"";"";"";"";"";"";"";"";"";"";"";"";""
"05/11/2023";"0600";"";"";"";"";"";"";"";"";"";"";"";"";"";"";"";"";""
"05/11/2023";"0700";"";"";"";"";"";"";"";"";"";"";"";"";"";"";"";"";""
"05/11/2023";"0800";"";"";"";"";"";"";"";"";"";"";"";"";"";"";"";"";""
"05/11/2023";"0900";"";"";"";"";"";"";"";"";"";"";"";"";"";"";"";"";""
"05/11/2023";"1000";"";"";"";"";"";"";"";"";"";"";"";"";"";"";"";"";""
"05/11/2023";"1100";"";"";"";"";"";"";"";"";"";"";"";"";"";"";"";"";""
"05/11/2023";"1200";"";"";"";"";"";"";"";"";"";"";"";"";"";"";"";"";""
"05/11/2023";"1300";"";"";"";"";"";"";"";"";"";"";"";"";"";"";"";"";""
"05/11/2023";"1400";"";"";"";"";"";"";"";"";"";"";"";"";"";"";"";"";""
"05/11/2023";"1500";"";"";"";"";"";"";"";"";"";"";"";"";"";"";"";"";""
"05/11/2023";"1600";"";"";"";"";"";"";"";"";"";"";"";"";"";"";"";"";""
"05/11/2023";"1700";"";"";"";"";"";"";"";"";"";"";"";"";"";"";"";"";""
"05/11/2023";"1800";"";"";"";"";"";"";"";"";"";"";"";"";"";"";"";"";""
"05/11/2023";"1900";"";"";"";"";"";"";"";"";"";"";"";"";"";"";"";"";""
"05/11/2023";"2000";"";"";"";"";"";"";"";"";"";"";"";"";"";"";"";"";""
"05/11/2023";"2100";"";"";"";"";"";"";"";"";"";"";"";"";"";"";"";"";""
"05/11/2023";"2200";"";"";"";"";"";"";"";"";"";"";"";"";"";"";"";"";""
"05/11/2023";"2300";"";"";"";"";"";"";"";"";"";"";"";"";"";"";"";"";""
"06/11/2023";"0000";"";"";"";"";"";"";"";"";"";"";"";"";"";"";"";"";""
"06/11/2023";"0100";"";"";"";"";"";"";"";"";"";"";"";"";"";"";"";"";""
"06/11/2023";"0200";"";"";"";"";"";"";"";"";"";"";"";"";"";"";"";"";""
"06/11/2023";"0300";"";"";"";"";"";"";"";"";"";"";"";"";"";"";"";"";""
"06/11/2023";"0400";"";"";"";"";"";"";"";"";"";"";"";"";"";"";"";"";""
"06/11/2023";"0500";"";"";"";"";"";"";"";"";"";"";"";"";"";"";"";"";""
"06/11/2023";"0600";"";"";"";"";"";"";"";"";"";"";"";"";"";"";"";"";""
"06/11/2023";"0700";"";"";"";"";"";"";"";"";"";"";"";"";"";"";"";"";""
"06/11/2023";"0800";"";"";"";"";"";"";"";"";"";"";"";"";"";"";"";"";""
"06/11/2023";"0900";"";"";"";"";"";"";"";"";"";"";"";"";"";"";"";"";""
"06/11/2023";"1000";"";"";"";"";"";"";"";"";"";"";"";"";"";"";"";"";""
"06/11/2023";"1100";"";"";"";"";"";"";"";"";"";"";"";"";"";"";"";"";""
"06/11/2023";"1200";"";"";"";"";"";"";"";"";"";"";"";"";"";"";"";"";""
"06/11/2023";"1300";"";"";"";"";"";"";"";"";"";"";"";"";"";"";"";"";""
"06/11/2023";"1400";"";"";"";"";"";"";"";"";"";"";"";"";"";"";"";"";""
"06/11/2023";"1500";"";"";"";"";"";"";"";"";"";"";"";"";"";"";"";"";""
"06/11/2023";"1600";"";"";"";"";"";"";"";"";"";"";"";"";"";"";"";"";""
"06/11/2023";"1700";"";"";"";"";"";"";"";"";"";"";"";"";"";"";"";"";""
"06/11/2023";"1800";"";"";"";"";"";"";"";"";"";"";"";"";"";"";"";"";""
"06/11/2023";"1900";"";"";"";"";"";"";"";"";"";"";"";"";"";"";"";"";""
"06/11/2023";"2000";"";"";"";"";"";"";"";"";"";"";"";"";"";"";"";"";""
"06/11/2023";"2100";"";"";"";"";"";"";"";"";"";"";"";"";"";"";"";"";""
"06/11/2023";"2200";"";"";"";"";"";"";"";"";"";"";"";"";"";"";"";"";""
"06/11/2023";"2300";"";"";"";"";"";"";"";"";"";"";"";"";"";"";"";"";""
"07/11/2023";"0000";"";"";"";"";"";"";"";"";"";"";"";"";"";"";"";"";""
"07/11/2023";"0100";"";"";"";"";"";"";"";"";"";"";"";"";"";"";"";"";""
"07/11/2023";"0200";"";"";"";"";"";"";"";"";"";"";"";"";"";"";"";"";""
"07/11/2023";"0300";"";"";"";"";"";"";"";"";"";"";"";"";"";"";"";"";""
"07/11/2023";"0400";"";"";"";"";"";"";"";"";"";"";"";"";"";"";"";"";""
"07/11/2023";"0500";"";"";"";"";"";"";"";"";"";"";"";"";"";"";"";"";""
"07/11/2023";"0600";"";"";"";"";"";"";"";"";"";"";"";"";"";"";"";"";""
"07/11/2023";"0700";"";"";"";"";"";"";"";"";"";"";"";"";"";"";"";"";""
"07/11/2023";"0800";"";"";"";"";"";"";"";"";"";"";"";"";"";"";"";"";""
"07/11/2023";"0900";"";"";"";"";"";"";"";"";"";"";"";"";"";"";"";"";""
"07/11/2023";"1000";"";"";"";"";"";"";"";"";"";"";"";"";"";"";"";"";""
"07/11/2023";"1100";"";"";"";"";"";"";"";"";"";"";"";"";"";"";"";"";""
"07/11/2023";"1200";"";"";"";"";"";"";"";"";"";"";"";"";"";"";"";"";""
"07/11/2023";"1300";"";"";"";"";"";"";"";"";"";"";"";"";"";"";"";"";""
"07/11/2023";"1400";"";"";"";"";"";"";"";"";"";"";"";"";"";"";"";"";""
"07/11/2023";"1500";"";"";"";"";"";"";"";"";"";"";"";"";"";"";"";"";""
"07/11/2023";"1600";"";"";"";"";"";"";"";"";"";"";"";"";"";"";"";"";""
"07/11/2023";"1700";"";"";"";"";"";"";"";"";"";"";"";"";"";"";"";"";""
"07/11/2023";"1800";"";"";"";"";"";"";"";"";"";"";"";"";"";"";"";"";""
"07/11/2023";"1900";"";"";"";"";"";"";"";"";"";"";"";"";"";"";"";"";""
"07/11/2023";"2000";"";"";"";"";"";"";"";"";"";"";"";"";"";"";"";"";""
"07/11/2023";"2100";"";"";"";"";"";"";"";"";"";"";"";"";"";"";"";"";""
"07/11/2023";"2200";"";"";"";"";"";"";"";"";"";"";"";"";"";"";"";"";""
"07/11/2023";"2300";"";"";"";"";"";"";"";"";"";"";"";"";"";"";"";"";""
"08/11/2023";"0000";"";"";"";"";"";"";"";"";"";"";"";"";"";"";"";"";""
"08/11/2023";"0100";"";"";"";"";"";"";"";"";"";"";"";"";"";"";"";"";""
"08/11/2023";"0200";"";"";"";"";"";"";"";"";"";"";"";"";"";"";"";"";""
"08/11/2023";"0300";"";"";"";"";"";"";"";"";"";"";"";"";"";"";"";"";""
"08/11/2023";"0400";"";"";"";"";"";"";"";"";"";"";"";"";"";"";"";"";""
"08/11/2023";"0500";"";"";"";"";"";"";"";"";"";"";"";"";"";"";"";"";""
"08/11/2023";"0600";"";"";"";"";"";"";"";"";"";"";"";"";"";"";"";"";""
"08/11/2023";"0700";"";"";"";"";"";"";"";"";"";"";"";"";"";"";"";"";""
"08/11/2023";"0800";"";"";"";"";"";"";"";"";"";"";"";"";"";"";"";"";""
"08/11/2023";"0900";"";"";"";"";"";"";"";"";"";"";"";"";"";"";"";"";""
"08/11/2023";"1000";"";"";"";"";"";"";"";"";"";"";"";"";"";"";"";"";""
"08/11/2023";"1100";"";"";"";"";"";"";"";"";"";"";"";"";"";"";"";"";""
"08/11/2023";"1200";"";"";"";"";"";"";"";"";"";"";"";"";"";"";"";"";""
"08/11/2023";"1300";"";"";"";"";"";"";"";"";"";"";"";"";"";"";"";"";""
"08/11/2023";"1400";"";"";"";"";"";"";"";"";"";"";"";"";"";"";"";"";""
"08/11/2023";"1500";"";"";"";"";"";"";"";"";"";"";"";"";"";"";"";"";""
"08/11/2023";"1600";"";"";"";"";"";"";"";"";"";"";"";"";"";"";"";"";""
"08/11/2023";"1700";"";"";"";"";"";"";"";"";"";"";"";"";"";"";"";"";""
"08/11/2023";"1800";"";"";"";"";"";"";"";"";"";"";"";"";"";"";"";"";""
"08/11/2023";"1900";"";"";"";"";"";"";"";"";"";"";"";"";"";"";"";"";""
"08/11/2023";"2000";"";"";"";"";"";"";"";"";"";"";"";"";"";"";"";"";""
"08/11/2023";"2100";"";"";"";"";"";"";"";"";"";"";"";"";"";"";"";"";""
"08/11/2023";"2200";"";"";"";"";"";"";"";"";"";"";"";"";"";"";"";"";""
"08/11/2023";"2300";"";"";"";"";"";"";"";"";"";"";"";"";"";"";"";"";""
"09/11/2023";"0000";"";"";"";"";"";"";"";"";"";"";"";"";"";"";"";"";""
"09/11/2023";"0100";"";"";"";"";"";"";"";"";"";"";"";"";"";"";"";"";""
"09/11/2023";"0200";"";"";"";"";"";"";"";"";"";"";"";"";"";"";"";"";""
"09/11/2023";"0300";"";"";"";"";"";"";"";"";"";"";"";"";"";"";"";"";""
"09/11/2023";"0400";"";"";"";"";"";"";"";"";"";"";"";"";"";"";"";"";""
"09/11/2023";"0500";"";"";"";"";"";"";"";"";"";"";"";"";"";"";"";"";""
"09/11/2023";"0600";"";"";"";"";"";"";"";"";"";"";"";"";"";"";"";"";""
"09/11/2023";"0700";"";"";"";"";"";"";"";"";"";"";"";"";"";"";"";"";""
"09/11/2023";"0800";"";"";"";"";"";"";"";"";"";"";"";"";"";"";"";"";""
"09/11/2023";"0900";"";"";"";"";"";"";"";"";"";"";"";"";"";"";"";"";""
"09/11/2023";"1000";"";"";"";"";"";"";"";"";"";"";"";"";"";"";"";"";""
"09/11/2023";"1100";"";"";"";"";"";"";"";"";"";"";"";"";"";"";"";"";""
"09/11/2023";"1200";"";"";"";"";"";"";"";"";"";"";"";"";"";"";"";"";""
"09/11/2023";"1300";"";"";"";"";"";"";"";"";"";"";"";"";"";"";"";"";""
"09/11/2023";"1400";"";"";"";"";"";"";"";"";"";"";"";"";"";"";"";"";""
"09/11/2023";"1500";"";"";"";"";"";"";"";"";"";"";"";"";"";"";"";"";""
"09/11/2023";"1600";"";"";"";"";"";"";"";"";"";"";"";"";"";"";"";"";""
"09/11/2023";"1700";"";"";"";"";"";"";"";"";"";"";"";"";"";"";"";"";""
"09/11/2023";"1800";"";"";"";"";"";"";"";"";"";"";"";"";"";"";"";"";""
"09/11/2023";"1900";"";"";"";"";"";"";"";"";"";"";"";"";"";"";"";"";""
"09/11/2023";"2000";"";"";"";"";"";"";"";"";"";"";"";"";"";"";"";"";""
"09/11/2023";"2100";"";"";"";"";"";"";"";"";"";"";"";"";"";"";"";"";""
"09/11/2023";"2200";"";"";"";"";"";"";"";"";"";"";"";"";"";"";"";"";""
"09/11/2023";"2300";"";"";"";"";"";"";"";"";"";"";"";"";"";"";"";"";""
"10/11/2023";"0000";"";"";"";"";"";"";"";"";"";"";"";"";"";"";"";"";""
"10/11/2023";"0100";"";"";"";"";"";"";"";"";"";"";"";"";"";"";"";"";""
"10/11/2023";"0200";"";"";"";"";"";"";"";"";"";"";"";"";"";"";"";"";""
"10/11/2023";"0300";"";"";"";"";"";"";"";"";"";"";"";"";"";"";"";"";""
"10/11/2023";"0400";"";"";"";"";"";"";"";"";"";"";"";"";"";"";"";"";""
"10/11/2023";"0500";"";"";"";"";"";"";"";"";"";"";"";"";"";"";"";"";""
"10/11/2023";"0600";"";"";"";"";"";"";"";"";"";"";"";"";"";"";"";"";""
"10/11/2023";"0700";"";"";"";"";"";"";"";"";"";"";"";"";"";"";"";"";""
"10/11/2023";"0800";"";"";"";"";"";"";"";"";"";"";"";"";"";"";"";"";""
"10/11/2023";"0900";"";"";"";"";"";"";"";"";"";"";"";"";"";"";"";"";""
"10/11/2023";"1000";"";"";"";"";"";"";"";"";"";"";"";"";"";"";"";"";""
"10/11/2023";"1100";"";"";"";"";"";"";"";"";"";"";"";"";"";"";"";"";""
"10/11/2023";"1200";"";"";"";"";"";"";"";"";"";"";"";"";"";"";"";"";""
"10/11/2023";"1300";"";"";"";"";"";"";"";"";"";"";"";"";"";"";"";"";""
"10/11/2023";"1400";"";"";"";"";"";"";"";"";"";"";"";"";"";"";"";"";""
"10/11/2023";"1500";"";"";"";"";"";"";"";"";"";"";"";"";"";"";"";"";""
"10/11/2023";"1600";"";"";"";"";"";"";"";"";"";"";"";"";"";"";"";"";""
"10/11/2023";"1700";"";"";"";"";"";"";"";"";"";"";"";"";"";"";"";"";""
"10/11/2023";"1800";"";"";"";"";"";"";"";"";"";"";"";"";"";"";"";"";""
"10/11/2023";"1900";"";"";"";"";"";"";"";"";"";"";"";"";"";"";"";"";""
"10/11/2023";"2000";"";"";"";"";"";"";"";"";"";"";"";"";"";"";"";"";""
"10/11/2023";"2100";"";"";"";"";"";"";"";"";"";"";"";"";"";"";"";"";""
"10/11/2023";"2200";"";"";"";"";"";"";"";"";"";"";"";"";"";"";"";"";""
"10/11/2023";"2300";"";"";"";"";"";"";"";"";"";"";"";"";"";"";"";"";""
"11/11/2023";"0000";"";"";"";"";"";"";"";"";"";"";"";"";"";"";"";"";""
"11/11/2023";"0100";"";"";"";"";"";"";"";"";"";"";"";"";"";"";"";"";""
"11/11/2023";"0200";"";"";"";"";"";"";"";"";"";"";"";"";"";"";"";"";""
"11/11/2023";"0300";"";"";"";"";"";"";"";"";"";"";"";"";"";"";"";"";""
"11/11/2023";"0400";"";"";"";"";"";"";"";"";"";"";"";"";"";"";"";"";""
"11/11/2023";"0500";"";"";"";"";"";"";"";"";"";"";"";"";"";"";"";"";""
"11/11/2023";"0600";"";"";"";"";"";"";"";"";"";"";"";"";"";"";"";"";""
"11/11/2023";"0700";"";"";"";"";"";"";"";"";"";"";"";"";"";"";"";"";""
"11/11/2023";"0800";"";"";"";"";"";"";"";"";"";"";"";"";"";"";"";"";""
"11/11/2023";"0900";"";"";"";"";"";"";"";"";"";"";"";"";"";"";"";"";""
"11/11/2023";"1000";"";"";"";"";"";"";"";"";"";"";"";"";"";"";"";"";""
"11/11/2023";"1100";"";"";"";"";"";"";"";"";"";"";"";"";"";"";"";"";""
"11/11/2023";"1200";"27,3";"27,3";"24,4";"81,0";"96,0";"81,0";"23,7";"24,3";"23,4";"992,5";"992,5";"992,0";"0,2";"243,0";"";"1247,90";"0,0"
"11/11/2023";"1300";"30,3";"30,3";"27,2";"68,0";"81,0";"66,0";"23,7";"24,8";"22,6";"992,8";"992,8";"992,5";"0,7";"276,0";"2,2";"2265,80";"0,0"
"11/11/2023";"1400";"31,8";"31,8";"30,3";"58,0";"68,0";"58,0";"22,5";"23,9";"22,4";"992,6";"992,8";"992,6";"1,1";"272,0";"3,0";"2852,40";"0,0"
"11/11/2023";"1500";"32,7";"33,6";"31,9";"52,0";"60,0";"50,0";"21,6";"24,1";"21,3";"991,8";"992,6";"991,8";"2,4";"299,0";"4,8";"3183,20";"0,0"
"11/11/2023";"1600";"32,8";"34,3";"32,7";"57,0";"57,0";"49,0";"23,0";"23,6";"21,4";"990,6";"991,8";"990,6";"0,8";"314,0";"6,3";"3183,90";"0,0"
"11/11/2023";"1700";"28,6";"34,0";"28,2";"71,0";"71,0";"50,0";"22,7";"23,2";"21,0";"989,2";"990,6";"989,2";"2,3";"268,0";"5,8";"2067,50";"0,0"
"11/11/2023";"1800";"31,8";"33,1";"28,6";"58,0";"71,0";"57,0";"22,6";"23,7";"22,2";"988,1";"989,2";"988,0";"2,9";"288,0";"4,8";"2724,00";"0,0"
"11/11/2023";"1900";"30,0";"31,8";"29,8";"63,0";"66,0";"58,0";"22,3";"23,6";"22,0";"987,2";"988,1";"987,2";"2,7";"242,0";"6,3";"2039,20";"0,0"
"11/11/2023";"2000";"28,4";"30,3";"28,4";"67,0";"68,0";"61,0";"21,6";"22,5";"21,6";"986,7";"987,2";"986,6";"2,5";"262,0";"5,3";"1039,60";"0,0"
"11/11/2023";"2100";"29,2";"29,6";"28,4";"66,0";"68,0";"63,0";"22,3";"22,6";"21,8";"986,8";"986,9";"986,7";"1,4";"213,0";"5,3";"770,00";"0,0"
"11/11/2023";"2200";"27,4";"29,2";"27,4";"76,0";"76,0";"67,0";"22,8";"22,9";"22,3";"987,1";"987,4";"986,6";"1,4";"270,0";"2,6";"120,60";"0,0"
"11/11/2023";"2300";"23,0";"27,4";"22,8";"91,0";"91,0";"76,0";"21,4";"23,5";"20,9";"989,2";"989,6";"986,9";"3,6";"319,0";"10,1";"1,50";"1,6"
"12/11/2023";"0000";"23,3";"23,5";"22,8";"91,0";"93,0";"91,0";"21,7";"22,2";"21,4";"989,5";"989,7";"988,9";"2,2";"296,0";"10,1";"0,50";"0,0"
"12/11/2023";"0100";"23,2";"23,3";"23,1";"91,0";"92,0";"91,0";"21,7";"21,8";"21,6";"989,9";"989,9";"989,5";"1,7";"212,0";"3,4";"0,10";"0,0"
"12/11/2023";"0200";"23,4";"23,7";"23,2";"91,0";"91,0";"88,0";"21,9";"21,9";"21,5";"989,8";"990,2";"989,8";"0,0";"290,0";"4,0";"1,40";"0,0"
"12/11/2023";"0300";"23,0";"23,5";"23,0";"93,0";"93,0";"91,0";"21,8";"22,0";"21,7";"989,8";"989,8";"989,6";"0,0";"318,0";"1,2";"";"0,0"
"12/11/2023";"0400";"23,2";"23,2";"23,0";"94,0";"94,0";"93,0";"22,2";"22,2";"21,8";"989,6";"990,0";"989,6";"0,0";"219,0";"0,7";"";"0,0"
"12/11/2023";"0500";"22,8";"23,2";"22,8";"95,0";"95,0";"94,0";"21,9";"22,3";"21,9";"989,2";"989,6";"989,2";"0,0";"247,0";"1,7";"";"0,0"
"12/11/2023";"0600";"22,9";"22,9";"22,8";"95,0";"95,0";"95,0";"22,1";"22,1";"21,9";"988,8";"989,2";"988,7";"0,0";"325,0";"0,0";"";"0,0"
"12/11/2023";"0700";"22,9";"23,0";"22,8";"96,0";"96,0";"95,0";"22,1";"22,1";"22,0";"988,5";"988,8";"988,5";"0,0";"309,0";"0,0";"";"0,0"
"12/11/2023";"0800";"22,6";"22,9";"22,5";"96,0";"96,0";"96,0";"21,8";"22,1";"21,8";"988,6";"988,6";"988,3";"0,0";"237,0";"0,8";"";"0,0"
"12/11/2023";"0900";"22,6";"22,6";"22,4";"96,0";"96,0";"96,0";"21,9";"21,9";"21,7";"989,3";"989,3";"988,6";"0,0";"268,0";"0,0";"";"0,0"
"12/11/2023";"1000";"22,5";"22,6";"22,3";"96,0";"96,0";"96,0";"21,9";"21,9";"21,6";"989,9";"989,9";"989,3";"0,0";"189,0";"0,9";"26,10";"0,0"
"12/11/2023";"1100";"23,4";"23,4";"22,5";"96,0";"96,0";"96,0";"22,7";"22,7";"21,9";"991,4";"991,4";"989,9";"0,5";"217,0";"1,6";"243,20";"0,0"
"12/11/2023";"1200";"26,2";"26,2";"23,4";"85,0";"96,0";"84,0";"23,5";"23,9";"22,7";"992,6";"992,6";"991,4";"1,3";"251,0";"2,3";"899,60";"0,0"
"12/11/2023";"1300";"27,5";"27,7";"26,2";"76,0";"86,0";"76,0";"22,9";"23,9";"22,8";"993,3";"993,3";"992,6";"1,6";"273,0";"3,6";"1550,70";"0,0"
"12/11/2023";"1400";"28,2";"28,2";"27,2";"73,0";"79,0";"73,0";"23,0";"23,5";"22,5";"993,2";"993,4";"993,2";"2,4";"260,0";"4,1";"1427,10";"0,0"
"12/11/2023";"1500";"29,6";"30,3";"28,1";"67,0";"74,0";"67,0";"22,9";"24,2";"22,6";"992,3";"993,2";"992,3";"1,4";"316,0";"4,8";"2128,30";"0,0"
"12/11/2023";"1600";"31,0";"31,5";"29,2";"64,0";"72,0";"64,0";"23,5";"24,8";"22,8";"991,0";"992,3";"991,0";"1,1";"315,0";"4,0";"2180,00";"0,0"
"12/11/2023";"1700";"31,9";"32,4";"30,7";"58,0";"68,0";"57,0";"22,7";"24,5";"22,6";"989,8";"991,0";"989,8";"2,3";"295,0";"5,8";"2669,50";"0,0"
"12/11/2023";"1800";"31,8";"32,8";"31,2";"57,0";"62,0";"56,0";"22,3";"24,3";"21,9";"988,8";"989,8";"988,8";"1,8";"315,0";"5,7";"2228,70";"0,0"
"12/11/2023";"1900";"31,5";"32,7";"31,3";"59,0";"61,0";"53,0";"22,5";"23,4";"21,3";"988,1";"988,8";"988,0";"2,7";"280,0";"5,7";"1988,40";"0,0"
"12/11/2023";"2000";"31,0";"31,5";"31,0";"59,0";"62,0";"56,0";"21,9";"23,0";"21,4";"987,6";"988,2";"987,5";"1,2";"302,0";"5,4";"1034,40";"0,0"
"12/11/2023";"2100";"29,9";"31,0";"29,9";"66,0";"66,0";"58,0";"22,9";"23,0";"21,5";"987,8";"988,0";"987,6";"0,3";"292,0";"3,4";"423,70";"0,0"
"12/11/2023";"2200";"28,3";"30,0";"28,3";"75,0";"75,0";"63,0";"23,5";"23,6";"22,1";"987,9";"988,1";"987,8";"0,2";"213,0";"0,9";"91,90";"0,0"
"12/11/2023";"2300";"27,2";"28,3";"27,2";"79,0";"79,0";"75,0";"23,3";"23,8";"23,2";"988,5";"988,5";"987,8";"0,6";"222,0";"1,2";"";"0,0"
"13/11/2023";"0000";"26,4";"27,2";"26,4";"83,0";"83,0";"79,0";"23,3";"23,5";"23,0";"989,3";"989,3";"988,5";"1,0";"201,0";"1,8";"";"0,0"
"13/11/2023";"0100";"26,2";"26,4";"26,2";"85,0";"85,0";"83,0";"23,4";"23,5";"23,3";"990,3";"990,3";"989,3";"0,3";"191,0";"1,9";"";"0,0"
"13/11/2023";"0200";"25,5";"26,2";"25,5";"89,0";"89,0";"85,0";"23,5";"23,6";"23,3";"990,7";"990,8";"990,3";"0,6";"212,0";"1,3";"";"0,6"
"13/11/2023";"0300";"25,2";"25,5";"25,0";"91,0";"91,0";"89,0";"23,6";"23,6";"23,3";"990,3";"990,8";"990,3";"0,9";"211,0";"2,0";"";"0,0"
"13/11/2023";"0400";"24,7";"25,2";"24,7";"93,0";"93,0";"91,0";"23,5";"23,6";"23,3";"990,2";"990,3";"990,2";"0,3";"187,0";"1,5";"";"0,0"
"13/11/2023";"0500";"24,4";"24,7";"24,4";"94,0";"94,0";"93,0";"23,4";"23,5";"23,3";"989,6";"990,2";"989,6";"0,7";"219,0";"1,4";"";"0,0"
"13/11/2023";"0600";"24,2";"24,5";"24,2";"94,0";"94,0";"94,0";"23,3";"23,5";"23,1";"989,2";"989,6";"989,2";"0,7";"205,0";"2,2";"";"0,0"
"13/11/2023";"0700";"23,8";"24,2";"23,8";"96,0";"96,0";"94,0";"23,0";"23,3";"23,0";"988,8";"989,2";"988,8";"0,5";"193,0";"1,9";"";"0,0"
"13/11/2023";"0800";"23,7";"23,8";"23,7";"96,0";"96,0";"96,0";"23,0";"23,0";"23,0";"989,0";"989,0";"988,8";"0,2";"192,0";"1,2";"";"0,0"
"13/11/2023";"0900";"23,6";"23,7";"23,5";"96,0";"96,0";"96,0";"22,9";"23,0";"22,8";"989,5";"989,5";"989,0";"0,0";"242,0";"1,4";"";"0,2"
"13/11/2023";"1000";"23,6";"23,7";"23,6";"96,0";"96,0";"96,0";"22,8";"23,0";"22,8";"990,2";"990,2";"989,5";"0,1";"203,0";"1,4";"25,80";"0,0"
"13/11/2023";"1100";"24,3";"24,3";"23,5";"96,0";"96,0";"96,0";"23,6";"23,6";"22,8";"991,2";"991,2";"990,2";"0,5";"195,0";"1,7";"288,60";"0,0"
"13/11/2023";"1200";"25,3";"25,4";"24,2";"96,0";"96,0";"96,0";"24,6";"24,6";"23,5";"992,2";"992,2";"991,2";"0,5";"208,0";"1,8";"832,30";"0,0"
"13/11/2023";"1300";"28,8";"28,8";"25,3";"77,0";"96,0";"77,0";"24,4";"26,3";"24,4";"992,8";"992,8";"992,2";"1,0";"217,0";"2,2";"2075,60";"0,0"
"13/11/2023";"1400";"30,8";"31,1";"28,8";"67,0";"78,0";"63,0";"23,9";"24,7";"22,6";"993,0";"993,1";"992,8";"1,0";"249,0";"3,4";"2229,00";"0,0"
"13/11/2023";"1500";"30,5";"31,4";"30,3";"65,0";"69,0";"64,0";"23,2";"24,5";"22,8";"992,3";"993,0";"992,3";"1,3";"195,0";"3,4";"1934,30";"0,0"
"13/11/2023";"1600";"31,9";"32,7";"30,5";"54,0";"67,0";"49,0";"21,6";"23,9";"19,7";"991,6";"992,3";"991,6";"2,6";"311,0";"4,9";"2514,70";"0,0"
"13/11/2023";"1700";"34,6";"34,6";"31,8";"51,0";"58,0";"50,0";"22,9";"23,4";"21,4";"990,2";"991,6";"990,2";"1,1";"311,0";"4,6";"3256,60";"0,0"
"13/11/2023";"1800";"33,2";"34,6";"32,5";"53,0";"57,0";"48,0";"22,2";"23,3";"21,6";"989,1";"990,2";"989,1";"0,8";"314,0";"5,0";"2026,20";"0,0"
"13/11/2023";"1900";"32,7";"33,2";"31,6";"54,0";"59,0";"52,0";"22,2";"23,6";"21,1";"988,0";"989,1";"988,0";"2,0";"263,0";"4,6";"1888,20";"0,0"
"13/11/2023";"2000";"30,6";"32,8";"30,6";"64,0";"64,0";"53,0";"23,1";"23,1";"21,3";"987,7";"988,0";"987,3";"1,0";"248,0";"4,0";"461,30";"0,0"
"13/11/2023";"2100";"29,7";"30,6";"29,7";"69,0";"70,0";"62,0";"23,4";"23,8";"22,7";"987,3";"987,7";"987,3";"0,4";"213,0";"2,1";"178,10";"0,0"
"13/11/2023";"2200";"29,0";"29,8";"28,9";"69,0";"74,0";"68,0";"22,7";"24,3";"22,6";"988,1";"988,1";"987,2";"1,1";"293,0";"3,5";"56,30";"0,0"
"13/11/2023";"2300";"27,7";"28,9";"27,7";"73,0";"74,0";"69,0";"22,4";"22,8";"22,3";"989,3";"989,3";"988,1";"1,2";"214,0";"3,4";"";"0,0"
"14/11/2023";"0000";"25,4";"27,7";"25,4";"83,0";"83,0";"73,0";"22,3";"23,0";"22,3";"990,5";"990,5";"989,3";"1,4";"192,0";"3,8";"";"0,0"
"14/11/2023";"0100";"24,4";"25,4";"24,4";"87,0";"87,0";"83,0";"22,2";"22,4";"21,8";"990,8";"990,8";"990,4";"0,5";"200,0";"3,6";"";"0,0"
"14/11/2023";"0200";"23,7";"24,4";"23,7";"88,0";"89,0";"87,0";"21,6";"22,2";"21,6";"991,3";"991,3";"990,8";"1,2";"193,0";"2,7";"";"0,0"
"14/11/2023";"0300";"23,6";"23,7";"23,6";"89,0";"89,0";"88,0";"21,6";"21,8";"21,6";"990,9";"991,3";"990,9";"0,0";"201,0";"2,1";"";"0,0"
"14/11/2023";"0400";"23,6";"23,7";"23,5";"88,0";"89,0";"88,0";"21,5";"21,7";"21,5";"990,2";"990,9";"990,2";"0,6";"201,0";"1,1";"";"0,0"
"14/11/2023";"0500";"22,9";"23,6";"22,9";"91,0";"91,0";"88,0";"21,4";"21,5";"21,3";"989,6";"990,2";"989,6";"0,0";"192,0";"1,8";"";"0,0"
"14/11/2023";"0600";"22,5";"22,9";"22,4";"94,0";"94,0";"91,0";"21,4";"21,4";"21,3";"989,0";"989,6";"989,0";"0,4";"188,0";"2,0";"";"0,0"
"14/11/2023";"0700";"22,5";"22,5";"22,2";"95,0";"95,0";"94,0";"21,6";"21,6";"21,3";"988,9";"989,0";"988,7";"0,0";"235,0";"1,9";"";"0,0"
"14/11/2023";"0800";"22,2";"22,5";"22,1";"95,0";"95,0";"94,0";"21,3";"21,5";"21,2";"988,7";"988,9";"988,7";"0,1";"244,0";"1,2";"";"0,0"
"14/11/2023";"0900";"22,0";"22,5";"22,0";"94,0";"95,0";"94,0";"21,0";"21,6";"21,0";"989,3";"989,3";"988,6";"0,5";"188,0";"1,9";"";"0,0"
"14/11/2023";"1000";"22,3";"22,3";"21,9";"95,0";"95,0";"94,0";"21,4";"21,4";"21,0";"989,9";"989,9";"989,3";"0,0";"216,0";"1,6";"45,00";"0,0"
"14/11/2023";"1100";"23,9";"23,9";"22,3";"90,0";"95,0";"89,0";"22,1";"22,3";"21,4";"990,7";"990,7";"989,8";"0,6";"202,0";"1,6";"460,60";"0,0"
"14/11/2023";"1200";"27,7";"27,7";"23,9";"78,0";"90,0";"77,0";"23,4";"23,4";"22,2";"991,3";"991,3";"990,6";"0,1";"306,0";"1,7";"1135,70";"0,0"
"14/11/2023";"1300";"30,9";"31,1";"27,7";"62,0";"78,0";"61,0";"22,7";"23,7";"22,2";"991,6";"991,6";"991,3";"0,9";"324,0";"2,6";"1917,60";"0,0"
"14/11/2023";"1400";"32,2";"33,0";"30,7";"57,0";"65,0";"55,0";"22,7";"23,8";"22,0";"991,6";"991,7";"991,4";"1,2";"316,0";"3,3";"2614,30";"0,0"
"14/11/2023";"1500";"33,9";"34,5";"32,2";"47,0";"60,0";"46,0";"21,0";"23,9";"20,8";"990,9";"991,6";"990,9";"2,3";"323,0";"6,1";"3076,60";"0,0"
"14/11/2023";"1600";"32,9";"34,7";"32,9";"52,0";"53,0";"45,0";"21,9";"22,8";"20,6";"990,1";"990,9";"990,1";"1,3";"319,0";"6,1";"2472,30";"0,0"
"14/11/2023";"1700";"35,3";"35,5";"32,8";"46,0";"54,0";"45,0";"22,1";"23,0";"20,8";"989,0";"990,1";"989,0";"1,4";"319,0";"4,6";"2579,90";"0,0"
"14/11/2023";"1800";"35,1";"35,3";"34,0";"44,0";"51,0";"40,0";"21,0";"22,4";"19,3";"988,0";"989,0";"988,0";"1,1";"319,0";"4,6";"2552,60";"0,0"
"14/11/2023";"1900";"34,5";"35,4";"34,4";"43,0";"48,0";"40,0";"19,9";"21,9";"19,1";"986,7";"988,0";"986,7";"1,5";"302,0";"5,0";"2271,10";"0,0"
"14/11/2023";"2000";"34,1";"34,7";"33,8";"45,0";"47,0";"42,0";"20,6";"21,3";"19,4";"986,2";"986,7";"986,2";"1,1";"296,0";"4,4";"1338,40";"0,0"
"14/11/2023";"2100";"32,7";"34,2";"32,7";"50,0";"52,0";"43,0";"21,0";"21,4";"19,7";"986,4";"986,4";"986,0";"1,0";"275,0";"3,8";"700,30";"0,0"
"14/11/2023";"2200";"30,3";"32,7";"30,2";"61,0";"62,0";"50,0";"22,0";"22,3";"20,7";"986,8";"986,8";"986,4";"0,3";"296,0";"2,4";"116,70";"0,0"
"14/11/2023";"2300";"28,7";"30,3";"28,7";"68,0";"69,0";"61,0";"22,2";"22,7";"22,0";"987,7";"987,7";"986,8";"0,0";"317,0";"1,2";"";"0,0"
"15/11/2023";"0000";"27,1";"29,0";"27,0";"78,0";"79,0";"68,0";"23,0";"23,1";"22,1";"988,5";"988,5";"987,7";"0,8";"185,0";"2,6";"";"0,0"
"15/11/2023";"0100";"27,0";"27,9";"27,0";"81,0";"81,0";"74,0";"23,4";"23,4";"22,9";"989,6";"989,6";"988,5";"0,9";"195,0";"1,7";"";"0,0"
"15/11/2023";"0200";"26,8";"27,0";"26,7";"82,0";"83,0";"81,0";"23,4";"23,6";"23,4";"989,4";"989,6";"989,4";"0,7";"229,0";"1,9";"";"0,0"
"15/11/2023";"0300";"26,4";"26,8";"26,2";"84,0";"84,0";"81,0";"23,5";"23,6";"23,2";"989,5";"989,6";"989,3";"0,0";"276,0";"1,1";"";"0,0"
"15/11/2023";"0400";"25,7";"26,4";"25,7";"87,0";"88,0";"84,0";"23,4";"23,7";"23,4";"989,0";"989,5";"988,9";"0,5";"272,0";"2,1";"";"0,0"
"15/11/2023";"0500";"24,9";"25,7";"24,9";"90,0";"91,0";"87,0";"23,2";"23,5";"23,1";"988,6";"989,2";"988,5";"1,0";"197,0";"2,5";"";"0,0"
"15/11/2023";"0600";"24,5";"25,0";"24,5";"90,0";"91,0";"89,0";"22,7";"23,3";"22,6";"987,9";"988,6";"987,8";"1,3";"205,0";"2,6";"";"0,0"
"15/11/2023";"0700";"24,1";"24,5";"24,1";"92,0";"92,0";"90,0";"22,6";"22,8";"22,6";"988,0";"988,3";"987,8";"0,2";"326,0";"2,2";"";"0,0"
"15/11/2023";"0800";"23,6";"24,1";"23,5";"93,0";"93,0";"92,0";"22,4";"22,7";"22,4";"988,6";"988,6";"987,9";"0,2";"220,0";"1,7";"";"0,0"
"15/11/2023";"0900";"23,4";"23,6";"23,2";"92,0";"94,0";"92,0";"22,0";"22,5";"21,9";"989,5";"989,5";"988,6";"0,0";"204,0";"1,6";"";"0,0"
"15/11/2023";"1000";"23,6";"23,8";"23,4";"91,0";"92,0";"89,0";"22,0";"22,0";"21,7";"990,9";"990,9";"989,5";"0,0";"206,0";"1,9";"7,90";"0,0"
"15/11/2023";"1100";"24,6";"24,6";"23,6";"89,0";"92,0";"89,0";"22,7";"22,7";"22,0";"991,7";"991,7";"990,9";"1,7";"307,0";"3,8";"209,90";"0,0"
"15/11/2023";"1200";"25,8";"26,3";"24,6";"84,0";"90,0";"84,0";"23,0";"23,7";"22,8";"993,0";"993,1";"991,7";"2,5";"280,0";"4,8";"657,20";"0,0"
"15/11/2023";"1300";"28,0";"28,3";"25,7";"77,0";"85,0";"76,0";"23,7";"24,3";"22,8";"992,5";"993,0";"992,5";"2,3";"313,0";"4,8";"1249,70";"0,0"
"15/11/2023";"1400";"30,8";"30,8";"27,9";"69,0";"79,0";"69,0";"24,4";"24,7";"23,1";"992,7";"992,7";"992,4";"0,9";"253,0";"4,0";"2198,10";"0,0"
"15/11/2023";"1500";"31,3";"31,7";"30,0";"65,0";"69,0";"63,0";"23,9";"24,9";"22,8";"992,1";"992,7";"992,1";"0,8";"275,0";"3,2";"2563,50";"0,0"
"15/11/2023";"1600";"32,2";"32,6";"30,7";"63,0";"67,0";"59,0";"24,2";"24,6";"22,7";"991,2";"992,1";"991,2";"1,6";"291,0";"4,8";"2630,90";"0,0"
"15/11/2023";"1700";"24,5";"33,0";"24,0";"86,0";"86,0";"60,0";"22,1";"24,8";"21,2";"990,4";"991,4";"990,4";"2,7";"283,0";"6,3";"632,40";"0,0"
"15/11/2023";"1800";"25,7";"26,0";"24,5";"85,0";"90,0";"84,0";"23,1";"23,9";"22,1";"989,8";"990,5";"989,8";"1,2";"196,0";"5,7";"337,60";"0,0"
"15/11/2023";"1900";"25,3";"25,7";"24,8";"84,0";"86,0";"80,0";"22,3";"23,1";"21,6";"989,0";"990,0";"989,0";"1,0";"208,0";"5,9";"385,10";"0,0"
"15/11/2023";"2000";"25,9";"26,2";"25,3";"84,0";"84,0";"82,0";"22,9";"23,2";"22,1";"988,8";"989,1";"988,7";"1,0";"227,0";"2,9";"489,10";"0,0"
"15/11/2023";"2100";"25,9";"26,1";"25,8";"84,0";"85,0";"82,0";"23,0";"23,1";"22,6";"988,7";"988,9";"988,7";"0,3";"211,0";"3,2";"332,80";"0,0"
"15/11/2023";"2200";"25,1";"25,9";"25,1";"87,0";"87,0";"84,0";"22,9";"23,2";"22,8";"988,7";"988,8";"988,7";"0,9";"194,0";"2,2";"74,90";"0,0"
"15/11/2023";"2300";"24,5";"25,1";"24,5";"90,0";"90,0";"87,0";"22,7";"22,9";"22,7";"988,8";"988,9";"988,7";"0,9";"200,0";"1,9";"";"0,0"
"16/11/2023";"0000";"24,2";"24,6";"24,2";"90,0";"90,0";"89,0";"22,5";"22,8";"22,5";"989,0";"989,0";"988,7";"0,6";"210,0";"2,2";"";"0,0"
"16/11/2023";"0100";"";"";"";"";"";"";"";"";"";"";"";"";"";"";"";"";""
"16/11/2023";"0200";"23,7";"24,0";"23,6";"94,0";"94,0";"92,0";"22,6";"22,7";"22,5";"990,1";"990,1";"989,8";"0,4";"188,0";"1,2";"";"0,0"
"16/11/2023";"0300";"23,3";"23,8";"23,3";"94,0";"94,0";"93,0";"22,4";"22,7";"22,3";"989,9";"990,1";"989,9";"0,4";"200,0";"1,8";"";"0,0"
"16/11/2023";"0400";"23,2";"23,4";"23,1";"95,0";"95,0";"94,0";"22,3";"22,5";"22,3";"989,8";"989,9";"989,7";"0,0";"196,0";"1,2";"";"0,0"
"16/11/2023";"0500";"23,0";"23,2";"22,8";"95,0";"95,0";"95,0";"22,1";"22,3";"21,9";"989,4";"989,8";"989,4";"0,0";"281,0";"0,0";"";"0,0"
"16/11/2023";"0600";"22,5";"23,1";"22,4";"96,0";"96,0";"95,0";"21,7";"22,3";"21,7";"989,1";"989,4";"989,1";"0,0";"192,0";"0,0";"";"0,0"
"16/11/2023";"0700";"22,7";"22,8";"22,5";"96,0";"96,0";"96,0";"22,0";"22,1";"21,8";"989,3";"989,3";"989,1";"0,0";"203,0";"0,7";"";"0,0"
"16/11/2023";"0800";"22,4";"22,8";"22,3";"96,0";"96,0";"96,0";"21,8";"22,1";"21,6";"989,8";"989,8";"989,2";"0,0";"225,0";"0,0";"";"0,0"
"16/11/2023";"0900";"22,5";"22,6";"22,3";"96,0";"96,0";"96,0";"21,9";"21,9";"21,7";"990,1";"990,1";"989,7";"0,0";"248,0";"0,6";"";"0,0"
"16/11/2023";"1000";"22,4";"22,5";"22,2";"96,0";"96,0";"96,0";"21,7";"21,8";"21,5";"990,9";"990,9";"990,1";"0,0";"190,0";"0,4";"25,70";"0,0"
"16/11/2023";"1100";"24,4";"24,4";"22,4";"96,0";"96,0";"96,0";"23,6";"23,6";"21,7";"991,3";"991,3";"990,9";"0,0";"216,0";"1,1";"377,60";"0,0"
"16/11/2023";"1200";"26,4";"26,4";"24,4";"85,0";"96,0";"84,0";"23,7";"24,3";"23,0";"992,0";"992,0";"991,3";"0,5";"225,0";"1,9";"1067,90";"0,0"
"16/11/2023";"1300";"29,1";"29,1";"26,4";"74,0";"86,0";"73,0";"24,1";"24,6";"23,5";"992,3";"992,4";"992,0";"1,6";"247,0";"2,7";"1789,00";"0,0"
"16/11/2023";"1400";"30,8";"31,1";"29,0";"65,0";"74,0";"65,0";"23,5";"24,8";"23,5";"992,3";"992,4";"992,2";"1,7";"243,0";"4,0";"2409,80";"0,0"
"16/11/2023";"1500";"32,5";"32,5";"30,7";"57,0";"67,0";"56,0";"23,0";"24,2";"22,6";"991,8";"992,3";"991,8";"1,5";"262,0";"4,0";"2802,10";"0,0"
"16/11/2023";"1600";"32,2";"33,2";"32,1";"58,0";"60,0";"55,0";"22,9";"23,7";"22,3";"990,8";"991,8";"990,8";"2,1";"267,0";"4,8";"2657,90";"0,0"
"16/11/2023";"1700";"31,8";"33,8";"31,5";"61,0";"61,0";"53,0";"23,2";"23,8";"21,9";"989,8";"990,9";"989,8";"1,2";"267,0";"3,9";"1728,20";"0,0"
"16/11/2023";"1800";"33,3";"33,8";"31,8";"54,0";"61,0";"51,0";"22,6";"23,9";"21,5";"988,5";"989,8";"988,4";"2,0";"279,0";"4,8";"2591,30";"0,0"
"16/11/2023";"1900";"31,8";"33,7";"31,8";"60,0";"60,0";"52,0";"23,1";"23,3";"22,0";"987,6";"988,5";"987,6";"1,9";"301,0";"5,1";"1814,50";"0,0"
"16/11/2023";"2000";"28,2";"31,8";"28,2";"71,0";"72,0";"58,0";"22,5";"23,8";"22,3";"987,6";"988,0";"987,6";"2,9";"204,0";"7,3";"654,00";"0,0"
"16/11/2023";"2100";"25,8";"28,1";"25,7";"77,0";"78,0";"71,0";"21,4";"22,1";"21,3";"987,7";"987,8";"987,5";"1,8";"202,0";"7,3";"335,90";"0,0"
"16/11/2023";"2200";"25,1";"25,8";"25,1";"80,0";"80,0";"75,0";"21,4";"21,5";"21,0";"988,2";"988,2";"987,7";"1,6";"221,0";"3,5";"152,80";"0,0"
"16/11/2023";"2300";"24,9";"25,2";"24,9";"80,0";"80,0";"78,0";"21,1";"21,4";"20,9";"989,1";"989,1";"988,2";"0,8";"216,0";"2,5";"0,90";"0,0"
"17/11/2023";"0000";"24,2";"24,9";"24,2";"84,0";"84,0";"79,0";"21,3";"21,5";"21,0";"989,3";"989,3";"988,9";"2,3";"228,0";"3,2";"";"0,0"
"17/11/2023";"0100";"23,4";"24,2";"23,4";"86,0";"86,0";"83,0";"21,0";"21,3";"20,9";"989,7";"989,7";"989,2";"0,3";"295,0";"3,8";"";"0,0"
"17/11/2023";"0200";"23,4";"23,6";"23,3";"86,0";"87,0";"84,0";"20,9";"21,0";"20,7";"990,1";"990,1";"989,7";"0,5";"243,0";"2,4";"";"0,0"
"17/11/2023";"0300";"23,1";"23,4";"23,0";"87,0";"88,0";"86,0";"20,8";"21,0";"20,8";"989,6";"990,1";"989,6";"0,1";"324,0";"2,5";"";"0,0"
"17/11/2023";"0400";"22,8";"23,1";"22,8";"89,0";"89,0";"87,0";"20,9";"21,1";"20,8";"989,1";"989,6";"989,0";"0,0";"317,0";"1,2";"";"0,0"
"17/11/2023";"0500";"22,6";"22,9";"22,6";"90,0";"90,0";"89,0";"21,0";"21,1";"20,8";"988,4";"989,1";"988,4";"0,0";"244,0";"1,3";"";"0,0"
"17/11/2023";"0600";"22,4";"22,7";"22,4";"92,0";"92,0";"90,0";"21,0";"21,1";"20,9";"988,3";"988,4";"988,2";"0,4";"194,0";"1,4";"";"0,0"
"17/11/2023";"0700";"22,5";"22,5";"22,2";"94,0";"94,0";"92,0";"21,5";"21,5";"20,9";"988,5";"988,5";"988,3";"0,7";"233,0";"1,3";"";"0,0"
"17/11/2023";"0800";"22,6";"22,7";"22,5";"92,0";"94,0";"92,0";"21,3";"21,5";"21,3";"989,2";"989,2";"988,5";"1,0";"222,0";"1,7";"";"0,0"
"17/11/2023";"0900";"22,5";"22,7";"22,5";"92,0";"92,0";"92,0";"21,2";"21,3";"21,1";"989,8";"989,8";"989,2";"1,1";"226,0";"2,2";"";"0,0"
"17/11/2023";"1000";"22,7";"22,9";"22,5";"91,0";"93,0";"90,0";"21,1";"21,5";"21,1";"990,8";"991,2";"989,8";"1,9";"263,0";"4,1";"3,00";"0,0"
"17/11/2023";"1100";"22,9";"23,0";"22,4";"90,0";"93,0";"90,0";"21,3";"21,6";"21,0";"992,1";"992,1";"990,8";"1,3";"217,0";"4,1";"87,70";"0,0"
"17/11/2023";"1200";"23,9";"24,0";"22,7";"90,0";"92,0";"88,0";"22,2";"22,2";"21,1";"993,2";"993,3";"992,2";"0,3";"228,0";"4,2";"344,50";"0,0"
"17/11/2023";"1300";"25,8";"25,8";"23,9";"84,0";"90,0";"83,0";"22,8";"23,0";"21,8";"992,8";"993,3";"992,6";"1,4";"229,0";"2,6";"1168,70";"0,0"
"17/11/2023";"1400";"28,1";"28,1";"25,8";"75,0";"84,0";"70,0";"23,2";"23,7";"22,0";"992,9";"993,2";"992,8";"1,7";"302,0";"3,1";"2082,10";"0,0"
"17/11/2023";"1500";"29,4";"29,5";"28,0";"66,0";"75,0";"65,0";"22,3";"23,3";"22,0";"992,3";"993,0";"992,3";"4,4";"314,0";"7,6";"2096,80";"0,0"
"17/11/2023";"1600";"29,6";"29,9";"28,7";"60,0";"69,0";"59,0";"21,1";"22,5";"20,9";"991,1";"992,3";"991,1";"1,7";"261,0";"7,6";"2589,20";"0,0"
"17/11/2023";"1700";"32,0";"32,0";"29,6";"51,0";"62,0";"51,0";"20,6";"22,1";"20,1";"989,4";"991,1";"989,4";"0,3";"231,0";"3,4";"2892,10";"0,0"
"17/11/2023";"1800";"31,0";"32,1";"30,5";"61,0";"62,0";"50,0";"22,6";"22,6";"20,2";"989,1";"989,5";"989,1";"1,6";"316,0";"3,7";"1596,80";"0,0"
"17/11/2023";"1900";"31,4";"32,8";"30,8";"54,0";"63,0";"50,0";"21,0";"23,0";"20,2";"989,1";"989,1";"988,5";"1,0";"283,0";"3,4";"1808,80";"0,0"
"17/11/2023";"2000";"31,0";"31,6";"30,8";"56,0";"59,0";"51,0";"21,2";"22,1";"20,0";"988,7";"989,1";"988,6";"0,1";"263,0";"2,5";"729,00";"0,0"
"17/11/2023";"2100";"24,4";"31,0";"24,4";"81,0";"81,0";"56,0";"20,9";"22,0";"20,2";"990,3";"990,6";"988,7";"5,1";"252,0";"12,3";"151,30";"0,0"
"17/11/2023";"2200";"23,8";"24,4";"23,8";"81,0";"83,0";"81,0";"20,5";"21,1";"20,4";"990,6";"990,8";"990,2";"4,0";"257,0";"10,6";"53,40";"0,0"
"17/11/2023";"2300";"";"";"";"";"";"";"";"";"";"";"";"";"";"";"";"";""
"18/11/2023";"0000";"";"";"";"";"";"";"";"";"";"";"";"";"";"";"";"";""
"18/11/2023";"0100";"22,5";"22,8";"22,4";"93,0";"93,0";"91,0";"21,3";"21,4";"21,2";"991,2";"991,4";"990,5";"1,4";"294,0";"3,3";"";"0,0"
"18/11/2023";"0200";"22,4";"22,5";"22,3";"93,0";"94,0";"93,0";"21,3";"21,4";"21,2";"991,5";"991,5";"991,1";"1,2";"235,0";"2,7";"";"0,0"
"18/11/2023";"0300";"22,4";"22,5";"22,4";"94,0";"94,0";"93,0";"21,3";"21,5";"21,3";"991,5";"992,1";"991,5";"1,2";"277,0";"2,2";"";"0,0"
"18/11/2023";"0400";"22,2";"22,4";"22,1";"94,0";"94,0";"94,0";"21,2";"21,4";"21,2";"990,9";"991,5";"990,8";"0,0";"240,0";"2,0";"";"0,0"
"18/11/2023";"0500";"21,8";"22,2";"21,8";"94,0";"94,0";"94,0";"20,9";"21,2";"20,9";"990,0";"991,0";"989,9";"0,9";"233,0";"2,0";"";"0,0"
"18/11/2023";"0600";"21,7";"21,9";"21,7";"95,0";"95,0";"94,0";"20,8";"21,1";"20,8";"989,5";"990,0";"989,5";"0,4";"254,0";"2,1";"";"0,0"
"18/11/2023";"0700";"21,5";"21,7";"21,5";"95,0";"95,0";"95,0";"20,7";"20,8";"20,7";"989,3";"989,6";"989,3";"1,2";"252,0";"2,3";"";"0,0"
"18/11/2023";"0800";"21,6";"21,6";"21,4";"96,0";"96,0";"95,0";"20,9";"20,9";"20,7";"989,7";"989,7";"989,3";"1,9";"230,0";"3,5";"";"0,0"
"18/11/2023";"0900";"21,6";"21,6";"21,6";"96,0";"96,0";"96,0";"20,9";"20,9";"20,9";"990,2";"990,2";"989,7";"1,7";"246,0";"3,8";"";"0,0"
"18/11/2023";"1000";"21,8";"21,8";"21,6";"95,0";"96,0";"95,0";"21,0";"21,0";"20,9";"991,0";"991,0";"990,2";"1,3";"247,0";"3,4";"30,80";"0,0"
"18/11/2023";"1100";"22,6";"22,6";"21,8";"91,0";"95,0";"91,0";"21,1";"21,1";"20,9";"992,0";"992,0";"991,0";"1,9";"248,0";"5,0";"354,10";"0,0"
"18/11/2023";"1200";"24,6";"24,7";"22,6";"80,0";"91,0";"80,0";"20,9";"21,5";"20,8";"992,9";"992,9";"992,0";"1,9";"232,0";"3,6";"1150,50";"0,0"
"18/11/2023";"1300";"27,4";"27,6";"24,6";"67,0";"81,0";"65,0";"20,8";"21,6";"20,3";"993,2";"993,3";"992,9";"1,8";"263,0";"4,0";"1937,00";"0,0"
"18/11/2023";"1400";"29,4";"29,7";"27,5";"63,0";"68,0";"61,0";"21,6";"22,0";"20,6";"993,0";"993,2";"993,0";"1,3";"299,0";"4,0";"2539,40";"0,0"
"18/11/2023";"1500";"30,8";"31,5";"29,5";"59,0";"64,0";"57,0";"21,9";"22,9";"20,9";"992,2";"993,0";"992,2";"1,3";"314,0";"3,4";"2878,40";"0,0"
"18/11/2023";"1600";"32,4";"32,4";"30,7";"59,0";"63,0";"55,0";"23,3";"23,5";"21,7";"991,3";"992,2";"991,3";"1,0";"318,0";"3,4";"2963,70";"0,0"
"18/11/2023";"1700";"32,5";"33,4";"31,9";"59,0";"61,0";"55,0";"23,4";"24,0";"22,3";"990,2";"991,3";"990,2";"0,7";"253,0";"3,3";"2860,10";"0,0"
"18/11/2023";"1800";"32,7";"34,0";"32,4";"56,0";"60,0";"52,0";"22,8";"24,1";"22,1";"989,1";"990,2";"989,1";"1,1";"294,0";"4,6";"2648,40";"0,0"
"18/11/2023";"1900";"31,9";"32,7";"31,4";"58,0";"62,0";"53,0";"22,7";"23,5";"21,5";"988,5";"989,1";"988,5";"4,1";"312,0";"7,7";"1271,40";"0,0"
"18/11/2023";"2000";"31,6";"32,7";"31,4";"59,0";"61,0";"56,0";"22,5";"23,3";"21,8";"988,3";"988,5";"988,0";"1,2";"285,0";"7,7";"1697,90";"0,0"
"18/11/2023";"2100";"31,0";"31,9";"31,0";"61,0";"63,0";"58,0";"22,7";"23,1";"22,4";"988,3";"988,4";"988,0";"1,1";"264,0";"2,6";"905,40";"0,0"
"18/11/2023";"2200";"28,2";"31,0";"28,2";"76,0";"76,0";"61,0";"23,6";"23,6";"22,7";"989,2";"989,2";"988,3";"1,1";"221,0";"2,1";"208,00";"0,0"
"18/11/2023";"2300";"27,2";"28,2";"27,2";"82,0";"82,0";"76,0";"23,8";"23,8";"23,6";"989,9";"989,9";"989,2";"1,2";"223,0";"2,5";"";"0,0"
"19/11/2023";"0000";"26,5";"27,2";"26,4";"84,0";"84,0";"82,0";"23,5";"23,9";"23,5";"990,6";"990,7";"989,9";"0,4";"267,0";"2,8";"";"0,0"
"19/11/2023";"0100";"25,7";"26,6";"25,7";"88,0";"88,0";"83,0";"23,5";"23,6";"23,2";"991,2";"991,2";"990,5";"0,6";"221,0";"2,0";"";"0,0"
"19/11/2023";"0200";"25,9";"26,0";"25,7";"85,0";"88,0";"84,0";"23,1";"23,7";"23,0";"991,7";"991,8";"991,2";"1,0";"263,0";"3,2";"";"0,0"
"19/11/2023";"0300";"";"";"";"";"";"";"";"";"";"";"";"";"";"";"";"";""
"19/11/2023";"0400";"";"";"";"";"";"";"";"";"";"";"";"";"";"";"";"";""
"19/11/2023";"0500";"";"";"";"";"";"";"";"";"";"";"";"";"";"";"";"";""
"19/11/2023";"0600";"";"";"";"";"";"";"";"";"";"";"";"";"";"";"";"";""
"19/11/2023";"0700";"";"";"";"";"";"";"";"";"";"";"";"";"";"";"";"";""
"19/11/2023";"0800";"";"";"";"";"";"";"";"";"";"";"";"";"";"";"";"";""
"19/11/2023";"0900";"";"";"";"";"";"";"";"";"";"";"";"";"";"";"";"";""
"19/11/2023";"1000";"";"";"";"";"";"";"";"";"";"";"";"";"";"";"";"";""
"19/11/2023";"1100";"";"";"";"";"";"";"";"";"";"";"";"";"";"";"";"";""
"19/11/2023";"1200";"";"";"";"";"";"";"";"";"";"";"";"";"";"";"";"";""
"19/11/2023";"1300";"";"";"";"";"";"";"";"";"";"";"";"";"";"";"";"";""
"19/11/2023";"1400";"";"";"";"";"";"";"";"";"";"";"";"";"";"";"";"";""
"19/11/2023";"1500";"";"";"";"";"";"";"";"";"";"";"";"";"";"";"";"";""
"19/11/2023";"1600";"";"";"";"";"";"";"";"";"";"";"";"";"";"";"";"";""
"19/11/2023";"1700";"";"";"";"";"";"";"";"";"";"";"";"";"";"";"";"";""
"19/11/2023";"1800";"";"";"";"";"";"";"";"";"";"";"";"";"";"";"";"";""
"19/11/2023";"1900";"";"";"";"";"";"";"";"";"";"";"";"";"";"";"";"";""
"19/11/2023";"2000";"";"";"";"";"";"";"";"";"";"";"";"";"";"";"";"";""
"19/11/2023";"2100";"";"";"";"";"";"";"";"";"";"";"";"";"";"";"";"";""
"19/11/2023";"2200";"";"";"";"";"";"";"";"";"";"";"";"";"";"";"";"";""
"19/11/2023";"2300";"";"";"";"";"";"";"";"";"";"";"";"";"";"";"";"";""
"20/11/2023";"0000";"";"";"";"";"";"";"";"";"";"";"";"";"";"";"";"";""
"20/11/2023";"0100";"";"";"";"";"";"";"";"";"";"";"";"";"";"";"";"";""
"20/11/2023";"0200";"";"";"";"";"";"";"";"";"";"";"";"";"";"";"";"";""
"20/11/2023";"0300";"";"";"";"";"";"";"";"";"";"";"";"";"";"";"";"";""
"20/11/2023";"0400";"";"";"";"";"";"";"";"";"";"";"";"";"";"";"";"";""
"20/11/2023";"0500";"";"";"";"";"";"";"";"";"";"";"";"";"";"";"";"";""
"20/11/2023";"0600";"";"";"";"";"";"";"";"";"";"";"";"";"";"";"";"";""
"20/11/2023";"0700";"";"";"";"";"";"";"";"";"";"";"";"";"";"";"";"";""
"20/11/2023";"0800";"";"";"";"";"";"";"";"";"";"";"";"";"";"";"";"";""
"20/11/2023";"0900";"";"";"";"";"";"";"";"";"";"";"";"";"";"";"";"";""
"20/11/2023";"1000";"";"";"";"";"";"";"";"";"";"";"";"";"";"";"";"";""
"20/11/2023";"1100";"";"";"";"";"";"";"";"";"";"";"";"";"";"";"";"";""
"20/11/2023";"1200";"";"";"";"";"";"";"";"";"";"";"";"";"";"";"";"";""
"20/11/2023";"1300";"";"";"";"";"";"";"";"";"";"";"";"";"";"";"";"";""
"20/11/2023";"1400";"";"";"";"";"";"";"";"";"";"";"";"";"";"";"";"";""
"20/11/2023";"1500";"";"";"";"";"";"";"";"";"";"";"";"";"";"";"";"";""
"20/11/2023";"1600";"";"";"";"";"";"";"";"";"";"";"";"";"";"";"";"";""
"20/11/2023";"1700";"";"";"";"";"";"";"";"";"";"";"";"";"";"";"";"";""
"20/11/2023";"1800";"";"";"";"";"";"";"";"";"";"";"";"";"";"";"";"";""
"20/11/2023";"1900";"";"";"";"";"";"";"";"";"";"";"";"";"";"";"";"";""
"20/11/2023";"2000";"";"";"";"";"";"";"";"";"";"";"";"";"";"";"";"";""
"20/11/2023";"2100";"";"";"";"";"";"";"";"";"";"";"";"";"";"";"";"";""
"20/11/2023";"2200";"";"";"";"";"";"";"";"";"";"";"";"";"";"";"";"";""
"20/11/2023";"2300";"";"";"";"";"";"";"";"";"";"";"";"";"";"";"";"";""
"21/11/2023";"0000";"";"";"";"";"";"";"";"";"";"";"";"";"";"";"";"";""
"21/11/2023";"0100";"";"";"";"";"";"";"";"";"";"";"";"";"";"";"";"";""
"21/11/2023";"0200";"";"";"";"";"";"";"";"";"";"";"";"";"";"";"";"";""
"21/11/2023";"0300";"";"";"";"";"";"";"";"";"";"";"";"";"";"";"";"";""
"21/11/2023";"0400";"";"";"";"";"";"";"";"";"";"";"";"";"";"";"";"";""
"21/11/2023";"0500";"";"";"";"";"";"";"";"";"";"";"";"";"";"";"";"";""
"21/11/2023";"0600";"";"";"";"";"";"";"";"";"";"";"";"";"";"";"";"";""
"21/11/2023";"0700";"";"";"";"";"";"";"";"";"";"";"";"";"";"";"";"";""
"21/11/2023";"0800";"";"";"";"";"";"";"";"";"";"";"";"";"";"";"";"";""
"21/11/2023";"0900";"";"";"";"";"";"";"";"";"";"";"";"";"";"";"";"";""
"21/11/2023";"1000";"";"";"";"";"";"";"";"";"";"";"";"";"";"";"";"";""
"21/11/2023";"1100";"";"";"";"";"";"";"";"";"";"";"";"";"";"";"";"";""
"21/11/2023";"1200";"";"";"";"";"";"";"";"";"";"";"";"";"";"";"";"";""
"21/11/2023";"1300";"";"";"";"";"";"";"";"";"";"";"";"";"";"";"";"";""
"21/11/2023";"1400";"";"";"";"";"";"";"";"";"";"";"";"";"";"";"";"";""
"21/11/2023";"1500";"";"";"";"";"";"";"";"";"";"";"";"";"";"";"";"";""
"21/11/2023";"1600";"";"";"";"";"";"";"";"";"";"";"";"";"";"";"";"";""
"21/11/2023";"1700";"";"";"";"";"";"";"";"";"";"";"";"";"";"";"";"";""
"21/11/2023";"1800";"";"";"";"";"";"";"";"";"";"";"";"";"";"";"";"";""
"21/11/2023";"1900";"";"";"";"";"";"";"";"";"";"";"";"";"";"";"";"";""
"21/11/2023";"2000";"";"";"";"";"";"";"";"";"";"";"";"";"";"";"";"";""
"21/11/2023";"2100";"";"";"";"";"";"";"";"";"";"";"";"";"";"";"";"";""
"21/11/2023";"2200";"";"";"";"";"";"";"";"";"";"";"";"";"";"";"";"";""
"21/11/2023";"2300";"";"";"";"";"";"";"";"";"";"";"";"";"";"";"";"";""
"22/11/2023";"0000";"";"";"";"";"";"";"";"";"";"";"";"";"";"";"";"";""
"22/11/2023";"0100";"";"";"";"";"";"";"";"";"";"";"";"";"";"";"";"";""
"22/11/2023";"0200";"";"";"";"";"";"";"";"";"";"";"";"";"";"";"";"";""
"22/11/2023";"0300";"";"";"";"";"";"";"";"";"";"";"";"";"";"";"";"";""
"22/11/2023";"0400";"";"";"";"";"";"";"";"";"";"";"";"";"";"";"";"";""
"22/11/2023";"0500";"";"";"";"";"";"";"";"";"";"";"";"";"";"";"";"";""
"22/11/2023";"0600";"";"";"";"";"";"";"";"";"";"";"";"";"";"";"";"";""
"22/11/2023";"0700";"";"";"";"";"";"";"";"";"";"";"";"";"";"";"";"";""
"22/11/2023";"0800";"";"";"";"";"";"";"";"";"";"";"";"";"";"";"";"";""
"22/11/2023";"0900";"";"";"";"";"";"";"";"";"";"";"";"";"";"";"";"";""
"22/11/2023";"1000";"";"";"";"";"";"";"";"";"";"";"";"";"";"";"";"";""
"22/11/2023";"1100";"";"";"";"";"";"";"";"";"";"";"";"";"";"";"";"";""
"22/11/2023";"1200";"";"";"";"";"";"";"";"";"";"";"";"";"";"";"";"";""
"22/11/2023";"1300";"";"";"";"";"";"";"";"";"";"";"";"";"";"";"";"";""
"22/11/2023";"1400";"";"";"";"";"";"";"";"";"";"";"";"";"";"";"";"";""
"22/11/2023";"1500";"";"";"";"";"";"";"";"";"";"";"";"";"";"";"";"";""
"22/11/2023";"1600";"";"";"";"";"";"";"";"";"";"";"";"";"";"";"";"";""
"22/11/2023";"1700";"";"";"";"";"";"";"";"";"";"";"";"";"";"";"";"";""
"22/11/2023";"1800";"";"";"";"";"";"";"";"";"";"";"";"";"";"";"";"";""
"22/11/2023";"1900";"";"";"";"";"";"";"";"";"";"";"";"";"";"";"";"";""
"22/11/2023";"2000";"";"";"";"";"";"";"";"";"";"";"";"";"";"";"";"";""
"22/11/2023";"2100";"";"";"";"";"";"";"";"";"";"";"";"";"";"";"";"";""
"22/11/2023";"2200";"";"";"";"";"";"";"";"";"";"";"";"";"";"";"";"";""
"22/11/2023";"2300";"";"";"";"";"";"";"";"";"";"";"";"";"";"";"";"";""
"23/11/2023";"0000";"";"";"";"";"";"";"";"";"";"";"";"";"";"";"";"";""
"23/11/2023";"0100";"";"";"";"";"";"";"";"";"";"";"";"";"";"";"";"";""
"23/11/2023";"0200";"";"";"";"";"";"";"";"";"";"";"";"";"";"";"";"";""
"23/11/2023";"0300";"";"";"";"";"";"";"";"";"";"";"";"";"";"";"";"";""
"23/11/2023";"0400";"";"";"";"";"";"";"";"";"";"";"";"";"";"";"";"";""
"23/11/2023";"0500";"";"";"";"";"";"";"";"";"";"";"";"";"";"";"";"";""
"23/11/2023";"0600";"";"";"";"";"";"";"";"";"";"";"";"";"";"";"";"";""
"23/11/2023";"0700";"";"";"";"";"";"";"";"";"";"";"";"";"";"";"";"";""
"23/11/2023";"0800";"";"";"";"";"";"";"";"";"";"";"";"";"";"";"";"";""
"23/11/2023";"0900";"";"";"";"";"";"";"";"";"";"";"";"";"";"";"";"";""
"23/11/2023";"1000";"";"";"";"";"";"";"";"";"";"";"";"";"";"";"";"";""
"23/11/2023";"1100";"";"";"";"";"";"";"";"";"";"";"";"";"";"";"";"";""
"23/11/2023";"1200";"";"";"";"";"";"";"";"";"";"";"";"";"";"";"";"";""
"23/11/2023";"1300";"";"";"";"";"";"";"";"";"";"";"";"";"";"";"";"";""
"23/11/2023";"1400";"24,3";"";"";"80,0";"";"";"20,6";"";"";"995,0";"";"";"";"";"";"45,00";"0,0"
"23/11/2023";"1500";"24,8";"25,0";"24,2";"86,0";"90,0";"86,0";"22,4";"22,9";"22,2";"994,7";"995,1";"994,7";"0,5";"303,0";"";"798,20";"20,4"
"23/11/2023";"1600";"";"";"";"";"";"";"";"";"";"";"";"";"";"";"";"";""
"23/11/2023";"1700";"";"";"";"";"";"";"";"";"";"";"";"";"";"";"";"";""
"23/11/2023";"1800";"";"";"";"";"";"";"";"";"";"";"";"";"";"";"";"";""
"23/11/2023";"1900";"28,1";"";"";"73,0";"";"";"22,8";"";"";"990,9";"";"";"1,3";"308,0";"";"1544,90";"0,0"
"23/11/2023";"2000";"26,2";"28,2";"26,2";"82,0";"82,0";"72,0";"22,8";"23,5";"22,4";"990,9";"990,9";"990,6";"1,4";"306,0";"4,7";"574,00";"2,0"
"23/11/2023";"2100";"25,7";"26,2";"25,7";"83,0";"84,0";"80,0";"22,7";"23,1";"22,4";"991,0";"991,2";"990,9";"0,1";"308,0";"3,7";"332,00";"0,0"
"23/11/2023";"2200";"24,6";"25,7";"24,6";"90,0";"90,0";"84,0";"22,7";"22,8";"22,5";"991,5";"991,5";"991,0";"0,2";"302,0";"2,2";"57,80";"0,0"
"23/11/2023";"2300";"24,1";"24,6";"24,1";"89,0";"90,0";"88,0";"22,1";"22,8";"22,0";"992,1";"992,1";"991,5";"0,8";"319,0";"3,6";"0,20";"0,0"
"24/11/2023";"0000";"23,6";"24,1";"23,6";"89,0";"89,0";"87,0";"21,6";"22,1";"21,6";"992,2";"992,2";"991,9";"1,0";"311,0";"3,1";"";"0,0"
"24/11/2023";"0100";"23,6";"23,6";"23,4";"89,0";"89,0";"89,0";"21,7";"21,7";"21,5";"993,0";"993,0";"992,2";"1,0";"279,0";"2,4";"0,10";"0,0"
"24/11/2023";"0200";"23,3";"23,6";"23,2";"93,0";"93,0";"89,0";"22,0";"22,0";"21,7";"994,0";"994,0";"993,0";"1,5";"220,0";"2,8";"";"0,0"
"24/11/2023";"0300";"23,2";"23,3";"23,2";"94,0";"94,0";"93,0";"22,1";"22,2";"22,0";"994,2";"994,3";"994,0";"1,5";"219,0";"3,7";"";"0,0"
"24/11/2023";"0400";"23,0";"23,2";"23,0";"94,0";"94,0";"94,0";"22,0";"22,2";"22,0";"993,9";"994,3";"993,9";"1,7";"250,0";"4,1";"";"0,0"
"24/11/2023";"0500";"22,7";"23,0";"22,6";"94,0";"94,0";"93,0";"21,6";"22,0";"21,5";"993,3";"993,9";"993,3";"0,3";"299,0";"3,4";"";"0,0"
"24/11/2023";"0600";"22,4";"22,7";"22,3";"94,0";"94,0";"93,0";"21,4";"21,6";"21,3";"993,1";"993,3";"993,1";"0,2";"297,0";"2,8";"";"0,0"
"24/11/2023";"0700";"22,1";"22,4";"22,1";"95,0";"95,0";"94,0";"21,2";"21,4";"21,2";"993,1";"993,3";"993,1";"0,0";"259,0";"1,1";"";"0,0"
"24/11/2023";"0800";"21,9";"22,1";"21,9";"96,0";"96,0";"95,0";"21,2";"21,3";"21,2";"993,0";"993,1";"992,9";"0,4";"208,0";"1,5";"";"0,0"
"24/11/2023";"0900";"21,8";"21,9";"21,7";"97,0";"97,0";"96,0";"21,3";"21,3";"21,1";"993,1";"993,1";"992,9";"1,0";"230,0";"2,0";"";"0,0"
"24/11/2023";"1000";"21,8";"21,8";"21,7";"97,0";"97,0";"97,0";"21,2";"21,3";"21,2";"993,5";"993,5";"993,1";"2,2";"235,0";"3,9";"19,20";"0,0"
"24/11/2023";"1100";"22,5";"22,5";"21,8";"96,0";"97,0";"96,0";"21,9";"21,9";"21,2";"994,4";"994,4";"993,5";"1,5";"236,0";"3,9";"300,10";"0,0"
"24/11/2023";"1200";"24,3";"24,3";"22,5";"86,0";"96,0";"86,0";"21,7";"22,2";"21,4";"994,6";"994,7";"994,3";"1,6";"235,0";"3,6";"844,80";"0,0"
"24/11/2023";"1300";"26,3";"26,5";"24,2";"76,0";"86,0";"75,0";"21,7";"22,3";"21,2";"994,9";"994,9";"994,6";"1,7";"278,0";"3,4";"1627,90";"0,0"
"24/11/2023";"1400";"27,4";"27,6";"26,3";"70,0";"77,0";"69,0";"21,5";"22,3";"21,2";"995,0";"995,1";"994,9";"2,1";"263,0";"3,8";"1599,00";"0,0"
"24/11/2023";"1500";"28,2";"28,5";"27,4";"70,0";"72,0";"67,0";"22,1";"22,5";"21,4";"994,3";"995,0";"994,3";"1,9";"271,0";"4,8";"2051,60";"0,0"
"24/11/2023";"1600";"28,0";"28,4";"27,8";"71,0";"73,0";"67,0";"22,3";"22,7";"21,5";"993,6";"994,3";"993,6";"2,1";"230,0";"4,4";"1588,40";"0,0"
"24/11/2023";"1700";"28,3";"28,8";"28,0";"73,0";"73,0";"68,0";"22,9";"23,1";"22,1";"992,7";"993,6";"992,7";"2,4";"220,0";"4,0";"1800,40";"0,0"
"24/11/2023";"1800";"28,5";"28,5";"27,9";"73,0";"74,0";"71,0";"23,1";"23,1";"22,3";"992,1";"992,7";"992,1";"2,2";"240,0";"4,8";"1152,90";"0,0"
"24/11/2023";"1900";"29,2";"29,8";"28,5";"71,0";"74,0";"67,0";"23,3";"23,6";"22,7";"991,2";"992,1";"991,2";"2,9";"225,0";"5,3";"1812,00";"0,0"
"24/11/2023";"2000";"29,2";"30,0";"29,1";"66,0";"71,0";"66,0";"22,2";"23,8";"22,2";"990,7";"991,2";"990,6";"2,4";"252,0";"5,9";"1494,30";"0,0"
"24/11/2023";"2100";"28,3";"29,2";"28,3";"70,0";"70,0";"66,0";"22,3";"22,6";"21,9";"990,8";"990,9";"990,6";"1,9";"278,0";"4,7";"591,80";"0,0"
"24/11/2023";"2200";"26,8";"28,3";"26,8";"77,0";"78,0";"69,0";"22,5";"22,8";"22,1";"991,3";"991,3";"990,7";"0,1";"304,0";"4,2";"133,40";"0,0"
"24/11/2023";"2300";"25,4";"26,8";"25,4";"86,0";"86,0";"77,0";"22,9";"23,0";"22,3";"992,2";"992,2";"991,3";"0,8";"292,0";"2,2";"";"0,0"
"25/11/2023";"0000";"24,4";"25,4";"24,3";"89,0";"90,0";"86,0";"22,4";"23,0";"22,4";"993,4";"993,4";"992,2";"0,4";"281,0";"2,2";"";"0,0"
"25/11/2023";"0100";"24,0";"24,5";"24,0";"91,0";"91,0";"88,0";"22,4";"22,5";"22,2";"993,9";"993,9";"993,4";"0,1";"304,0";"2,3";"";"0,0"
"25/11/2023";"0200";"23,9";"24,0";"23,6";"92,0";"93,0";"91,0";"22,5";"22,5";"22,4";"994,2";"994,3";"993,9";"0,4";"225,0";"1,4";"";"0,0"
"25/11/2023";"0300";"21,5";"24,1";"21,3";"97,0";"97,0";"90,0";"21,0";"22,6";"20,2";"995,3";"995,5";"994,2";"0,1";"237,0";"10,3";"0,90";"41,2"
"25/11/2023";"0400";"21,1";"21,6";"21,1";"98,0";"98,0";"97,0";"20,7";"21,0";"20,7";"994,1";"995,3";"994,1";"0,6";"236,0";"2,8";"";"5,2"
"25/11/2023";"0500";"21,2";"21,3";"21,1";"98,0";"98,0";"98,0";"20,9";"20,9";"20,7";"992,9";"994,1";"992,9";"1,7";"267,0";"3,1";"";"3,2"
"25/11/2023";"0600";"21,3";"21,3";"21,2";"98,0";"98,0";"98,0";"21,0";"21,0";"20,8";"992,4";"992,9";"992,4";"0,0";"252,0";"3,4";"";"0,8"
"25/11/2023";"0700";"21,3";"21,4";"21,3";"98,0";"98,0";"98,0";"21,0";"21,1";"21,0";"992,3";"992,6";"992,3";"0,9";"192,0";"1,8";"0,20";"0,2"
"25/11/2023";"0800";"21,3";"21,4";"21,3";"98,0";"98,0";"98,0";"21,0";"21,1";"21,0";"992,2";"992,3";"992,1";"0,8";"221,0";"2,2";"";"0,0"
"25/11/2023";"0900";"21,4";"21,4";"21,3";"98,0";"98,0";"98,0";"21,1";"21,1";"21,0";"992,4";"992,4";"992,1";"1,5";"195,0";"2,8";"";"0,0"
"25/11/2023";"1000";"21,6";"21,6";"21,4";"98,0";"98,0";"98,0";"21,4";"21,4";"21,1";"992,9";"992,9";"992,4";"0,9";"189,0";"2,8";"30,80";"0,0"
"25/11/2023";"1100";"22,5";"22,5";"21,6";"98,0";"98,0";"98,0";"22,2";"22,2";"21,4";"993,9";"993,9";"992,9";"1,9";"193,0";"3,3";"410,70";"0,2"
"25/11/2023";"1200";"24,1";"24,3";"22,5";"89,0";"98,0";"89,0";"22,1";"23,2";"22,1";"994,3";"994,3";"993,9";"1,7";"200,0";"3,3";"1064,00";"0,0"
"25/11/2023";"1300";"25,4";"25,7";"24,0";"83,0";"90,0";"82,0";"22,3";"23,0";"21,9";"994,8";"994,8";"994,3";"1,9";"199,0";"4,4";"1366,80";"0,0"
"25/11/2023";"1400";"26,6";"26,6";"25,2";"81,0";"86,0";"79,0";"23,1";"23,3";"22,0";"994,8";"994,9";"994,8";"1,8";"206,0";"4,3";"1774,90";"0,0"
"25/11/2023";"1500";"27,8";"28,0";"26,5";"77,0";"81,0";"73,0";"23,5";"23,6";"22,3";"994,1";"994,8";"994,1";"1,6";"210,0";"3,5";"2275,20";"0,0"
"25/11/2023";"1600";"27,5";"28,7";"27,5";"75,0";"77,0";"72,0";"22,7";"23,9";"22,5";"993,4";"994,1";"993,4";"1,9";"209,0";"4,0";"1831,40";"0,0"
"25/11/2023";"1700";"28,2";"28,2";"27,5";"74,0";"77,0";"72,0";"23,0";"23,4";"22,5";"992,5";"993,4";"992,5";"1,3";"197,0";"3,8";"1262,00";"0,0"
"25/11/2023";"1800";"28,0";"28,7";"27,8";"74,0";"76,0";"70,0";"23,0";"23,4";"22,4";"991,4";"992,5";"991,4";"1,2";"205,0";"3,0";"1238,90";"0,0"
"25/11/2023";"1900";"28,1";"28,6";"27,8";"75,0";"77,0";"73,0";"23,3";"23,8";"22,8";"990,3";"991,4";"990,3";"1,6";"251,0";"3,3";"1127,90";"0,0"
"25/11/2023";"2000";"27,0";"28,1";"27,0";"81,0";"82,0";"75,0";"23,4";"23,8";"23,2";"990,3";"990,5";"990,3";"1,5";"249,0";"3,8";"536,50";"0,0"
"25/11/2023";"2100";"27,1";"27,2";"27,0";"82,0";"83,0";"81,0";"23,7";"24,1";"23,5";"990,6";"990,6";"990,3";"0,3";"240,0";"2,8";"394,40";"0,0"
"25/11/2023";"2200";"26,0";"27,1";"26,0";"88,0";"88,0";"81,0";"23,8";"23,8";"23,4";"990,7";"991,0";"990,6";"0,0";"274,0";"1,7";"94,30";"0,0"
"25/11/2023";"2300";"25,3";"26,0";"25,3";"92,0";"92,0";"88,0";"23,9";"24,0";"23,8";"991,0";"991,0";"990,7";"0,0";"270,0";"0,0";"";"0,0"
"26/11/2023";"0000";"25,1";"25,3";"25,1";"93,0";"93,0";"92,0";"23,9";"24,0";"23,9";"992,1";"992,1";"991,0";"0,1";"305,0";"1,5";"";"0,0"
"26/11/2023";"0100";"24,9";"25,2";"24,9";"95,0";"95,0";"93,0";"23,9";"24,1";"23,9";"992,8";"992,8";"992,1";"0,8";"309,0";"1,7";"";"0,0"
"26/11/2023";"0200";"24,6";"24,9";"24,6";"94,0";"95,0";"94,0";"23,6";"23,9";"23,6";"993,5";"993,5";"992,8";"0,7";"238,0";"1,8";"";"0,0"
"26/11/2023";"0300";"24,1";"24,6";"24,1";"93,0";"94,0";"93,0";"23,0";"23,6";"23,0";"993,4";"993,5";"993,4";"1,3";"233,0";"2,5";"";"0,0"
"26/11/2023";"0400";"23,6";"24,1";"23,6";"95,0";"95,0";"93,0";"22,8";"23,0";"22,7";"993,1";"993,5";"993,1";"0,0";"291,0";"2,5";"";"0,0"
"26/11/2023";"0500";"23,5";"23,7";"23,5";"96,0";"96,0";"95,0";"22,8";"23,0";"22,7";"992,8";"993,1";"992,6";"0,0";"252,0";"1,2";"";"0,0"
"26/11/2023";"0600";"19,7";"23,8";"19,6";"96,0";"97,0";"81,0";"19,0";"23,2";"18,5";"993,6";"994,2";"992,8";"3,5";"299,0";"13,9";"1,20";"8,4"
"26/11/2023";"0700";"20,1";"20,4";"19,6";"95,0";"96,0";"93,0";"19,3";"19,3";"18,9";"992,9";"993,6";"992,3";"0,9";"299,0";"11,8";"0,40";"3,6"
"26/11/2023";"0800";"20,0";"20,2";"19,9";"95,0";"95,0";"94,0";"19,2";"19,4";"19,1";"992,2";"992,9";"992,2";"0,1";"209,0";"2,9";"";"1,4"
"26/11/2023";"0900";"20,0";"20,2";"19,9";"97,0";"97,0";"95,0";"19,5";"19,6";"19,1";"991,6";"992,2";"991,6";"2,1";"268,0";"3,2";"";"0,2"
"26/11/2023";"1000";"20,3";"20,3";"20,0";"97,0";"97,0";"97,0";"19,8";"19,8";"19,5";"991,2";"991,6";"991,2";"1,5";"236,0";"3,2";"28,30";"0,0"
"26/11/2023";"1100";"21,2";"21,2";"20,3";"96,0";"97,0";"96,0";"20,4";"20,4";"19,8";"992,7";"992,7";"991,2";"0,0";"194,0";"2,9";"241,80";"0,0"
"26/11/2023";"1200";"23,1";"23,1";"21,2";"87,0";"96,0";"86,0";"20,8";"21,2";"20,4";"993,7";"993,7";"992,7";"1,5";"246,0";"2,9";"773,10";"0,0"
"26/11/2023";"1300";"25,1";"25,7";"23,1";"77,0";"87,0";"74,0";"20,8";"22,3";"20,0";"994,0";"994,0";"993,7";"1,8";"203,0";"4,3";"2032,90";"0,0"
"26/11/2023";"1400";"27,9";"28,3";"24,8";"66,0";"80,0";"62,0";"20,9";"22,0";"20,1";"994,4";"994,4";"994,0";"1,6";"263,0";"3,4";"2524,00";"0,0"
"26/11/2023";"1500";"28,7";"30,1";"27,6";"57,0";"67,0";"56,0";"19,3";"21,1";"18,8";"994,2";"994,5";"994,2";"1,4";"259,0";"4,1";"3349,60";"0,2"
"26/11/2023";"1600";"31,1";"31,4";"28,7";"49,0";"61,0";"49,0";"19,3";"21,4";"18,9";"993,3";"994,2";"993,3";"0,7";"304,0";"4,1";"3750,60";"0,0"
"26/11/2023";"1700";"30,6";"32,4";"30,6";"50,0";"54,0";"45,0";"18,9";"21,1";"18,2";"991,8";"993,3";"991,8";"1,2";"297,0";"4,1";"3179,30";"0,0"
"26/11/2023";"1800";"31,8";"32,0";"30,4";"51,0";"57,0";"47,0";"20,4";"21,1";"19,0";"990,6";"991,8";"990,6";"1,2";"303,0";"3,6";"2680,30";"0,0"
"26/11/2023";"1900";"30,5";"32,5";"30,2";"56,0";"58,0";"48,0";"20,6";"22,2";"20,1";"989,7";"990,6";"989,7";"1,9";"291,0";"5,3";"2379,10";"0,0"
"26/11/2023";"2000";"29,8";"31,6";"29,8";"63,0";"64,0";"55,0";"22,0";"22,5";"20,8";"988,9";"989,7";"988,9";"2,0";"285,0";"6,2";"1228,70";"0,0"
"26/11/2023";"2100";"28,0";"30,1";"28,0";"72,0";"72,0";"62,0";"22,4";"22,5";"21,8";"989,6";"989,6";"988,9";"1,0";"256,0";"4,8";"423,70";"0,0"
"26/11/2023";"2200";"26,3";"28,0";"26,3";"80,0";"80,0";"72,0";"22,6";"22,9";"22,3";"989,9";"990,0";"989,6";"0,3";"301,0";"2,2";"75,20";"0,0"
"26/11/2023";"2300";"";"";"";"";"";"";"";"";"";"";"";"";"";"";"";"";""
"27/11/2023";"0000";"24,5";"25,9";"24,5";"86,0";"87,0";"79,0";"22,0";"22,5";"22,0";"992,2";"992,2";"991,6";"2,4";"318,0";"4,4";"";"0,0"
"27/11/2023";"0100";"23,3";"24,5";"23,3";"90,0";"90,0";"86,0";"21,7";"22,0";"21,6";"993,0";"993,1";"992,2";"1,6";"325,0";"4,4";"";"0,0"
"27/11/2023";"0200";"22,4";"23,4";"22,4";"92,0";"92,0";"89,0";"21,1";"21,7";"21,1";"993,9";"993,9";"992,9";"0,0";"313,0";"4,5";"";"0,0"
"27/11/2023";"0300";"22,1";"22,4";"22,1";"93,0";"94,0";"92,0";"21,0";"21,3";"21,0";"994,0";"994,0";"993,8";"0,1";"228,0";"1,7";"";"0,0"
"27/11/2023";"0400";"22,3";"22,3";"22,0";"95,0";"96,0";"93,0";"21,6";"21,6";"21,0";"993,9";"994,2";"993,9";"0,4";"213,0";"1,8";"";"0,0"
"27/11/2023";"0500";"22,2";"22,3";"22,1";"95,0";"95,0";"95,0";"21,4";"21,6";"21,3";"993,0";"993,9";"993,0";"0,8";"211,0";"1,7";"";"0,0"
"27/11/2023";"0600";"22,0";"22,2";"22,0";"96,0";"96,0";"95,0";"21,4";"21,4";"21,3";"992,3";"993,0";"992,3";"1,3";"227,0";"2,4";"";"0,0"
"27/11/2023";"0700";"22,4";"22,4";"22,0";"96,0";"97,0";"96,0";"21,8";"21,8";"21,4";"992,6";"992,7";"992,1";"1,3";"310,0";"3,3";"";"0,0"
"27/11/2023";"0800";"22,0";"22,4";"22,0";"96,0";"96,0";"95,0";"21,4";"21,8";"21,3";"992,5";"992,6";"992,1";"1,4";"211,0";"3,3";"";"0,0"
"27/11/2023";"0900";"22,1";"22,1";"22,0";"96,0";"97,0";"96,0";"21,5";"21,5";"21,4";"993,0";"993,1";"992,5";"0,6";"188,0";"2,4";"";"0,0"
"27/11/2023";"1000";"21,8";"22,1";"21,7";"97,0";"97,0";"96,0";"21,3";"21,5";"21,1";"993,8";"993,8";"993,0";"0,0";"205,0";"1,6";"23,00";"0,0"
"27/11/2023";"1100";"23,0";"23,0";"21,8";"96,0";"97,0";"96,0";"22,3";"22,3";"21,3";"994,6";"994,6";"993,8";"0,1";"266,0";"1,0";"236,80";"0,0"
"27/11/2023";"1200";"25,0";"25,1";"23,0";"83,0";"96,0";"83,0";"22,0";"22,8";"21,8";"995,3";"995,3";"994,6";"0,1";"267,0";"1,5";"865,70";"0,0"
"27/11/2023";"1300";"27,3";"27,3";"25,0";"74,0";"84,0";"74,0";"22,2";"23,0";"21,7";"995,7";"995,7";"995,3";"0,1";"268,0";"2,2";"1481,20";"0,0"
"27/11/2023";"1400";"29,1";"29,1";"27,0";"67,0";"76,0";"65,0";"22,3";"23,5";"21,2";"995,7";"995,8";"995,6";"1,0";"289,0";"2,5";"2130,80";"0,0"
"27/11/2023";"1500";"30,3";"31,1";"29,1";"59,0";"67,0";"54,0";"21,5";"22,6";"20,7";"995,4";"995,8";"995,4";"0,3";"245,0";"3,2";"2870,50";"0,0"
"27/11/2023";"1600";"30,1";"31,2";"29,9";"59,0";"63,0";"56,0";"21,2";"22,6";"21,0";"994,8";"995,4";"994,8";"0,7";"323,0";"3,1";"2033,00";"0,0"
"27/11/2023";"1700";"30,3";"31,7";"30,0";"63,0";"64,0";"56,0";"22,6";"22,8";"21,0";"993,4";"994,8";"993,4";"0,7";"228,0";"3,1";"2229,80";"0,0"
"27/11/2023";"1800";"31,4";"33,3";"30,2";"54,0";"63,0";"50,0";"20,9";"23,1";"20,7";"991,9";"993,4";"991,9";"1,6";"251,0";"3,7";"2265,70";"0,0"
"27/11/2023";"1900";"30,7";"32,8";"30,7";"61,0";"61,0";"48,0";"22,3";"22,7";"20,3";"991,1";"991,9";"991,1";"1,0";"318,0";"4,3";"1969,00";"0,0"
"27/11/2023";"2000";"26,7";"30,7";"26,7";"79,0";"79,0";"61,0";"22,7";"23,8";"22,5";"991,1";"991,1";"990,5";"2,5";"199,0";"5,8";"719,50";"0,0"
"27/11/2023";"2100";"22,6";"26,6";"22,2";"97,0";"97,0";"79,0";"22,1";"23,0";"21,6";"991,6";"991,9";"991,1";"1,6";"260,0";"7,3";"61,60";"32,6"
"27/11/2023";"2200";"22,1";"22,9";"21,5";"98,0";"98,0";"97,0";"21,7";"22,4";"21,1";"992,0";"992,1";"991,5";"1,7";"237,0";"6,2";"12,80";"21,4"
"27/11/2023";"2300";"22,9";"23,1";"22,1";"98,0";"98,0";"98,0";"22,5";"22,7";"21,8";"992,8";"992,8";"992,0";"0,0";"319,0";"3,2";"0,40";"1,4"
"28/11/2023";"0000";"22,7";"22,9";"22,5";"98,0";"98,0";"98,0";"22,4";"22,5";"22,2";"993,1";"993,1";"992,8";"0,3";"195,0";"1,6";"";"0,4"
"28/11/2023";"0100";"23,0";"23,0";"22,7";"98,0";"98,0";"98,0";"22,8";"22,8";"22,4";"994,1";"994,1";"993,1";"0,2";"284,0";"1,8";"";"0,2"
"28/11/2023";"0200";"22,6";"23,0";"22,5";"98,0";"98,0";"98,0";"22,4";"22,7";"22,3";"994,0";"994,1";"993,9";"0,0";"253,0";"1,6";"";"0,0"
"28/11/2023";"0300";"22,5";"22,6";"22,4";"98,0";"98,0";"98,0";"22,3";"22,4";"22,1";"994,1";"994,2";"994,0";"0,0";"186,0";"1,1";"";"0,0"
"28/11/2023";"0400";"22,4";"22,5";"22,4";"99,0";"99,0";"98,0";"22,2";"22,3";"22,2";"993,7";"994,1";"993,7";"0,0";"301,0";"1,3";"";"0,0"
"28/11/2023";"0500";"22,1";"22,4";"22,1";"99,0";"99,0";"99,0";"21,9";"22,2";"21,9";"993,2";"993,7";"993,2";"0,0";"193,0";"1,0";"";"0,0"
"28/11/2023";"0600";"21,9";"22,2";"21,9";"99,0";"99,0";"99,0";"21,7";"21,9";"21,7";"992,2";"993,2";"992,2";"0,5";"235,0";"1,3";"";"0,0"
"28/11/2023";"0700";"21,8";"21,9";"21,8";"99,0";"99,0";"99,0";"21,6";"21,7";"21,6";"992,5";"992,5";"992,2";"0,0";"266,0";"2,0";"";"0,0"
"28/11/2023";"0800";"21,8";"21,9";"21,8";"99,0";"99,0";"99,0";"21,6";"21,7";"21,6";"992,9";"992,9";"992,5";"0,0";"308,0";"0,8";"";"0,0"
"28/11/2023";"0900";"21,7";"21,9";"21,7";"99,0";"99,0";"99,0";"21,5";"21,7";"21,5";"993,4";"993,4";"992,9";"0,0";"316,0";"0,0";"";"0,0"
"28/11/2023";"1000";"21,8";"21,8";"21,6";"99,0";"99,0";"99,0";"21,7";"21,7";"21,5";"993,9";"993,9";"993,4";"0,0";"310,0";"1,0";"14,40";"0,0"
"28/11/2023";"1100";"22,9";"23,0";"21,8";"99,0";"99,0";"99,0";"22,7";"22,8";"21,7";"994,7";"994,7";"993,9";"0,6";"299,0";"2,1";"359,10";"0,0"
"28/11/2023";"1200";"26,1";"26,2";"22,9";"83,0";"99,0";"83,0";"23,0";"24,6";"22,8";"995,2";"995,2";"994,7";"1,3";"307,0";"3,8";"1197,30";"0,0"
"28/11/2023";"1300";"27,1";"27,5";"25,9";"80,0";"83,0";"77,0";"23,3";"23,8";"21,9";"995,5";"995,5";"995,1";"0,7";"316,0";"4,0";"1729,10";"0,0"
"28/11/2023";"1400";"28,7";"28,8";"27,0";"76,0";"82,0";"76,0";"24,0";"24,3";"23,0";"995,5";"995,5";"995,4";"0,4";"300,0";"3,5";"1439,40";"0,0"
"28/11/2023";"1500";"29,0";"29,9";"28,1";"75,0";"79,0";"71,0";"24,1";"24,7";"23,3";"994,8";"995,5";"994,8";"1,7";"310,0";"4,1";"2213,70";"0,0"
"28/11/2023";"1600";"31,2";"31,4";"28,7";"63,0";"77,0";"63,0";"23,3";"24,8";"22,8";"994,0";"994,8";"994,0";"1,3";"315,0";"5,0";"2187,00";"0,0"
"28/11/2023";"1700";"31,4";"32,9";"30,7";"61,0";"68,0";"58,0";"22,9";"24,8";"22,4";"992,9";"994,0";"992,9";"0,8";"312,0";"5,3";"2837,50";"0,0"
"28/11/2023";"1800";"32,3";"32,3";"29,8";"58,0";"67,0";"55,0";"22,9";"23,6";"21,8";"991,6";"992,9";"991,6";"1,4";"291,0";"5,3";"2247,30";"0,0"
"28/11/2023";"1900";"27,2";"32,6";"26,8";"82,0";"82,0";"53,0";"23,8";"23,8";"21,4";"990,0";"991,6";"990,0";"1,3";"199,0";"4,3";"619,40";"0,0"
"28/11/2023";"2000";"30,0";"30,5";"27,1";"67,0";"82,0";"65,0";"23,2";"24,2";"22,9";"989,2";"990,0";"989,2";"1,9";"248,0";"3,7";"1766,00";"0,0"
"28/11/2023";"2100";"22,3";"30,2";"22,2";"90,0";"91,0";"63,0";"20,6";"24,3";"20,2";"989,4";"989,9";"989,2";"2,1";"301,0";"9,0";"573,70";"3,8"
"28/11/2023";"2200";"22,5";"22,7";"22,3";"94,0";"94,0";"90,0";"21,5";"21,7";"20,6";"989,4";"989,5";"989,2";"0,5";"290,0";"4,1";"77,20";"0,0"
"28/11/2023";"2300";"22,1";"22,5";"22,1";"94,0";"95,0";"94,0";"21,0";"21,6";"21,0";"989,6";"989,6";"989,3";"0,6";"191,0";"2,6";"0,40";"0,0"
"29/11/2023";"0000";"22,0";"22,2";"22,0";"94,0";"95,0";"94,0";"21,1";"21,2";"21,0";"990,7";"990,7";"989,6";"1,4";"190,0";"2,6";"";"0,0"
"29/11/2023";"0100";"22,0";"22,1";"21,9";"96,0";"96,0";"94,0";"21,3";"21,3";"21,1";"992,1";"992,1";"990,7";"0,9";"283,0";"3,3";"";"0,0"
"29/11/2023";"0200";"21,7";"22,0";"21,7";"97,0";"97,0";"96,0";"21,2";"21,4";"21,0";"992,2";"992,2";"992,0";"0,1";"295,0";"2,5";"";"0,0"
"29/11/2023";"0300";"21,6";"21,9";"21,5";"97,0";"97,0";"97,0";"21,2";"21,4";"21,1";"992,5";"992,6";"992,2";"0,0";"253,0";"1,7";"";"0,0"
"29/11/2023";"0400";"21,5";"21,7";"21,5";"98,0";"98,0";"97,0";"21,1";"21,3";"21,1";"992,2";"992,5";"992,2";"0,0";"211,0";"1,4";"";"0,0"
"29/11/2023";"0500";"21,3";"21,5";"21,3";"98,0";"98,0";"98,0";"20,9";"21,2";"20,9";"991,5";"992,2";"991,5";"0,5";"201,0";"1,6";"";"0,0"
"29/11/2023";"0600";"21,2";"21,4";"21,0";"98,0";"98,0";"98,0";"20,9";"21,1";"20,7";"990,8";"991,5";"990,8";"0,0";"254,0";"1,6";"";"0,2"
"29/11/2023";"0700";"21,2";"21,3";"21,0";"99,0";"99,0";"98,0";"21,0";"21,0";"20,7";"990,8";"991,0";"990,7";"0,0";"271,0";"0,0";"";"0,0"
"29/11/2023";"0800";"21,1";"21,2";"21,1";"99,0";"99,0";"99,0";"20,9";"21,0";"20,9";"990,8";"991,0";"990,8";"0,6";"218,0";"1,5";"";"0,0"
"29/11/2023";"0900";"21,0";"21,1";"21,0";"99,0";"99,0";"99,0";"20,8";"20,9";"20,8";"990,7";"990,8";"990,7";"0,2";"202,0";"1,9";"";"0,0"
"29/11/2023";"1000";"21,2";"21,2";"20,9";"99,0";"99,0";"99,0";"21,0";"21,0";"20,7";"991,4";"991,4";"990,7";"0,0";"204,0";"1,6";"39,70";"0,0"
"29/11/2023";"1100";"23,6";"23,6";"21,2";"98,0";"99,0";"98,0";"23,2";"23,2";"21,0";"992,2";"992,2";"991,4";"0,1";"228,0";"1,3";"536,70";"0,0"
"29/11/2023";"1200";"26,9";"27,0";"23,6";"78,0";"98,0";"77,0";"22,6";"23,7";"22,1";"992,4";"992,4";"992,2";"0,3";"241,0";"1,6";"1357,90";"0,0"
"29/11/2023";"1300";"28,7";"29,0";"26,8";"74,0";"82,0";"70,0";"23,6";"24,2";"22,8";"992,9";"992,9";"992,4";"0,6";"317,0";"2,3";"2151,90";"0,0"
"29/11/2023";"1400";"31,6";"31,7";"28,8";"63,0";"75,0";"63,0";"23,7";"24,7";"22,8";"992,9";"993,0";"992,9";"0,5";"308,0";"3,7";"2785,80";"0,0"
"29/11/2023";"1500";"32,4";"32,9";"30,9";"59,0";"68,0";"56,0";"23,3";"25,2";"22,7";"992,3";"992,9";"992,3";"1,0";"314,0";"3,9";"3210,80";"0,0"
"29/11/2023";"1600";"30,9";"33,2";"30,8";"66,0";"67,0";"53,0";"23,7";"24,3";"21,8";"991,1";"992,3";"991,1";"0,8";"312,0";"3,9";"2600,40";"0,0"
"29/11/2023";"1700";"30,2";"33,8";"30,2";"57,0";"68,0";"50,0";"20,7";"24,3";"20,7";"990,9";"991,2";"990,5";"1,6";"319,0";"7,1";"2523,60";"0,0"
"29/11/2023";"1800";"25,7";"30,1";"24,6";"85,0";"85,0";"57,0";"23,0";"23,0";"19,9";"990,4";"990,8";"990,0";"0,5";"320,0";"10,3";"914,20";"0,6"
"29/11/2023";"1900";"24,0";"25,7";"23,9";"87,0";"88,0";"81,0";"21,6";"22,8";"21,5";"989,3";"990,5";"989,3";"0,5";"312,0";"9,9";"509,50";"0,2"
"29/11/2023";"2000";"24,1";"24,1";"23,8";"92,0";"92,0";"87,0";"22,7";"22,7";"21,6";"988,5";"989,3";"988,5";"1,7";"309,0";"3,5";"495,10";"0,4"
"29/11/2023";"2100";"23,9";"24,3";"23,9";"91,0";"92,0";"89,0";"22,3";"22,7";"22,2";"988,5";"988,7";"988,3";"1,1";"293,0";"3,1";"390,50";"0,0"
"29/11/2023";"2200";"23,4";"23,9";"23,4";"93,0";"93,0";"90,0";"22,2";"22,5";"22,1";"988,8";"989,0";"988,4";"0,6";"328,0";"2,5";"127,30";"0,0"
"29/11/2023";"2300";"";"";"";"";"";"";"";"";"";"";"";"";"";"";"";"";""
"30/11/2023";"0000";"22,5";"22,8";"22,3";"97,0";"97,0";"96,0";"22,0";"22,1";"21,8";"990,4";"990,4";"989,3";"0,7";"312,0";"2,4";"";"0,0"
"30/11/2023";"0100";"22,1";"22,5";"22,0";"98,0";"98,0";"97,0";"21,8";"22,0";"21,6";"991,0";"991,2";"990,4";"0,0";"258,0";"1,8";"";"0,0"
"30/11/2023";"0200";"";"";"";"";"";"";"";"";"";"";"";"";"";"";"";"";""
"30/11/2023";"0300";"21,6";"22,1";"21,6";"98,0";"98,0";"98,0";"21,3";"21,8";"21,3";"992,0";"992,1";"991,8";"0,0";"193,0";"1,5";"";"0,0"
"30/11/2023";"0400";"21,8";"21,8";"21,5";"99,0";"99,0";"98,0";"21,6";"21,6";"21,3";"991,9";"992,2";"991,9";"0,3";"204,0";"1,3";"";"0,0"
"30/11/2023";"0500";"21,9";"21,9";"21,7";"99,0";"99,0";"99,0";"21,7";"21,7";"21,5";"991,1";"991,9";"991,1";"0,0";"186,0";"1,9";"";"0,0"
"30/11/2023";"0600";"22,1";"22,1";"21,9";"99,0";"99,0";"99,0";"21,9";"21,9";"21,7";"990,5";"991,1";"990,5";"0,1";"319,0";"1,3";"";"0,0"
"30/11/2023";"0700";"21,7";"22,1";"21,7";"99,0";"99,0";"99,0";"21,6";"21,9";"21,5";"990,5";"990,6";"990,4";"0,1";"237,0";"1,8";"";"0,0"
"30/11/2023";"0800";"21,5";"21,7";"21,5";"99,0";"99,0";"99,0";"21,3";"21,6";"21,3";"990,7";"990,7";"990,5";"0,0";"207,0";"1,1";"";"0,0"
"30/11/2023";"0900";"21,5";"21,6";"21,3";"99,0";"99,0";"99,0";"21,4";"21,4";"21,2";"991,2";"991,2";"990,7";"0,2";"208,0";"1,0";"";"0,0"
"30/11/2023";"1000";"22,0";"22,0";"21,5";"99,0";"99,0";"99,0";"21,8";"21,8";"21,4";"991,7";"991,7";"991,2";"0,0";"264,0";"1,0";"21,20";"0,0"
"30/11/2023";"1100";"23,2";"23,2";"22,0";"99,0";"99,0";"99,0";"23,0";"23,0";"21,8";"992,4";"992,4";"991,7";"0,0";"250,0";"0,9";"275,40";"0,0"
"30/11/2023";"1200";"24,6";"24,6";"23,2";"98,0";"99,0";"98,0";"24,3";"24,3";"23,0";"993,2";"993,2";"992,4";"0,9";"222,0";"2,3";"596,10";"0,0"
"30/11/2023";"1300";"26,6";"26,7";"24,6";"81,0";"98,0";"81,0";"23,2";"24,8";"23,0";"993,9";"993,9";"993,2";"1,4";"264,0";"2,3";"1130,00";"0,0"
"30/11/2023";"1400";"30,5";"30,5";"26,6";"68,0";"82,0";"67,0";"24,0";"25,1";"22,8";"993,6";"993,9";"993,6";"0,7";"297,0";"3,2";"2299,60";"0,0"
"30/11/2023";"1500";"31,1";"31,9";"29,5";"63,0";"72,0";"61,0";"23,3";"25,1";"22,4";"992,9";"993,6";"992,9";"2,3";"285,0";"5,6";"3374,40";"0,0"
"30/11/2023";"1600";"32,1";"32,8";"30,7";"65,0";"69,0";"58,0";"24,6";"25,8";"22,7";"991,8";"992,9";"991,8";"1,1";"314,0";"7,1";"2862,70";"0,2"
"30/11/2023";"1700";"24,3";"32,1";"23,4";"84,0";"92,0";"60,0";"21,4";"23,7";"20,4";"991,0";"991,8";"991,0";"2,9";"222,0";"9,4";"553,30";"7,8"
"30/11/2023";"1800";"25,5";"25,9";"24,2";"82,0";"87,0";"80,0";"22,2";"22,9";"21,3";"990,1";"991,0";"989,2";"2,5";"200,0";"5,1";"1048,40";"0,0"
"30/11/2023";"1900";"23,6";"25,5";"23,6";"88,0";"88,0";"79,0";"21,4";"22,6";"20,8";"989,3";"990,3";"989,3";"1,7";"201,0";"7,6";"255,40";"0,0"
"30/11/2023";"2000";"23,7";"23,8";"23,5";"90,0";"91,0";"88,0";"22,0";"22,1";"21,4";"989,3";"989,7";"989,3";"1,2";"281,0";"3,6";"125,20";"0,0"
"30/11/2023";"2100";"23,7";"24,0";"23,7";"93,0";"93,0";"90,0";"22,4";"22,5";"22,1";"989,0";"989,3";"988,7";"1,6";"257,0";"2,8";"190,70";"0,0"
"30/11/2023";"2200";"23,2";"23,7";"23,2";"93,0";"94,0";"93,0";"22,1";"22,7";"22,1";"989,5";"989,5";"988,9";"1,4";"221,0";"2,8";"113,80";"0,0"
"30/11/2023";"2300";"22,6";"23,2";"22,6";"97,0";"97,0";"93,0";"22,1";"22,1";"22,1";"990,0";"990,0";"989,5";"0,8";"195,0";"3,0";"0,70";"0,0"
"01/12/2023";"0000";"22,6";"22,7";"22,5";"97,0";"97,0";"97,0";"22,1";"22,2";"22,0";"990,9";"990,9";"990,0";"0,6";"228,0";"1,8";"";"0,0"
"01/12/2023";"0100";"22,7";"22,7";"22,5";"98,0";"98,0";"97,0";"22,3";"22,3";"22,1";"991,8";"991,8";"990,9";"1,3";"193,0";"2,4";"";"0,2"
"01/12/2023";"0200";"22,6";"22,7";"22,5";"98,0";"98,0";"98,0";"22,2";"22,3";"22,2";"992,9";"992,9";"991,8";"0,2";"298,0";"4,3";"";"0,0"
"01/12/2023";"0300";"22,3";"22,6";"22,2";"98,0";"98,0";"98,0";"22,0";"22,2";"21,9";"993,3";"993,4";"992,9";"0,3";"285,0";"2,3";"";"0,0"
"01/12/2023";"0400";"22,1";"22,3";"22,1";"98,0";"98,0";"98,0";"21,8";"21,9";"21,8";"993,0";"993,3";"993,0";"1,2";"273,0";"1,9";"";"0,0"
"01/12/2023";"0500";"22,0";"22,1";"22,0";"99,0";"99,0";"98,0";"21,7";"21,9";"21,7";"992,4";"993,0";"992,4";"0,4";"257,0";"1,8";"";"0,0"
"01/12/2023";"0600";"21,9";"22,0";"21,9";"99,0";"99,0";"99,0";"21,7";"21,8";"21,7";"991,8";"992,4";"991,7";"0,3";"218,0";"1,4";"";"0,0"
"01/12/2023";"0700";"21,8";"21,9";"21,8";"99,0";"99,0";"99,0";"21,6";"21,7";"21,5";"991,7";"991,9";"991,7";"0,6";"211,0";"1,7";"";"0,0"
"01/12/2023";"0800";"21,6";"21,8";"21,5";"99,0";"99,0";"99,0";"21,4";"21,6";"21,3";"991,9";"991,9";"991,7";"0,0";"309,0";"1,6";"";"0,0"
"01/12/2023";"0900";"21,3";"21,6";"21,3";"99,0";"99,0";"99,0";"21,1";"21,4";"21,1";"991,8";"991,9";"991,8";"0,0";"252,0";"0,9";"";"0,0"
"01/12/2023";"1000";"21,6";"21,6";"21,2";"99,0";"99,0";"99,0";"21,4";"21,4";"21,0";"992,4";"992,4";"991,8";"0,4";"210,0";"1,5";"39,80";"0,0"
"01/12/2023";"1100";"23,6";"23,6";"21,6";"99,0";"99,0";"99,0";"23,4";"23,4";"21,4";"993,3";"993,3";"992,4";"0,8";"220,0";"2,6";"430,00";"0,0"
"01/12/2023";"1200";"26,1";"26,1";"23,5";"85,0";"99,0";"84,0";"23,4";"23,5";"22,7";"994,1";"994,1";"993,3";"1,3";"198,0";"2,5";"1213,10";"0,0"
"01/12/2023";"1300";"28,3";"29,0";"25,9";"72,0";"85,0";"70,0";"22,7";"23,7";"22,4";"994,1";"994,2";"994,0";"0,3";"225,0";"2,1";"2124,80";"0,0"
"01/12/2023";"1400";"30,3";"30,3";"28,2";"71,0";"75,0";"67,0";"24,6";"24,6";"22,7";"994,0";"994,2";"994,0";"0,6";"282,0";"2,9";"2359,60";"0,0"
"01/12/2023";"1500";"31,3";"31,5";"30,0";"64,0";"71,0";"63,0";"23,5";"24,4";"22,3";"993,2";"994,0";"993,2";"1,2";"279,0";"3,3";"3310,90";"0,0"
"01/12/2023";"1600";"31,6";"33,0";"30,9";"58,0";"65,0";"56,0";"22,4";"24,2";"21,9";"992,0";"993,2";"992,0";"1,6";"275,0";"3,9";"3430,60";"0,0"
"01/12/2023";"1700";"29,6";"32,4";"29,5";"67,0";"70,0";"58,0";"22,8";"24,0";"22,1";"990,3";"992,0";"990,3";"2,2";"270,0";"8,5";"2251,60";"0,0"
"01/12/2023";"1800";"23,4";"32,4";"23,4";"94,0";"94,0";"59,0";"22,4";"24,6";"20,7";"990,3";"990,8";"990,1";"2,5";"252,0";"13,4";"984,20";"4,6"
"01/12/2023";"1900";"23,0";"23,8";"22,9";"95,0";"95,0";"94,0";"22,1";"22,9";"22,0";"990,2";"990,6";"990,2";"1,7";"237,0";"5,6";"105,40";"0,4"
"01/12/2023";"2000";"22,9";"23,0";"22,8";"96,0";"96,0";"95,0";"22,3";"22,3";"22,0";"989,8";"990,2";"989,6";"1,4";"237,0";"4,2";"92,70";"0,6"
"01/12/2023";"2100";"23,0";"23,0";"22,9";"97,0";"97,0";"96,0";"22,4";"22,5";"22,2";"989,8";"989,9";"989,6";"0,6";"208,0";"2,9";"111,40";"0,2"
"01/12/2023";"2200";"22,9";"23,1";"22,9";"98,0";"98,0";"97,0";"22,5";"22,6";"22,4";"990,3";"990,3";"989,6";"1,3";"211,0";"2,6";"54,40";"0,0"
"01/12/2023";"2300";"22,6";"22,9";"22,6";"98,0";"98,0";"98,0";"22,3";"22,5";"22,2";"990,4";"990,4";"990,3";"1,0";"234,0";"2,6";"0,10";"0,0"
"02/12/2023";"0000";"22,6";"22,6";"22,5";"98,0";"98,0";"98,0";"22,3";"22,3";"22,2";"991,9";"991,9";"990,4";"0,4";"277,0";"1,8";"";"0,0"
"02/12/2023";"0100";"22,4";"22,6";"22,4";"98,0";"98,0";"98,0";"22,1";"22,3";"22,1";"992,2";"992,3";"991,9";"0,7";"247,0";"1,4";"";"0,0"
"02/12/2023";"0200";"22,0";"22,4";"22,0";"99,0";"99,0";"98,0";"21,8";"22,1";"21,8";"992,6";"992,6";"992,2";"0,0";"238,0";"1,3";"";"0,0"
"02/12/2023";"0300";"21,9";"22,1";"21,9";"99,0";"99,0";"99,0";"21,7";"21,9";"21,7";"992,5";"992,7";"992,5";"0,8";"226,0";"1,6";"";"0,0"
"02/12/2023";"0400";"21,7";"21,9";"21,7";"99,0";"99,0";"99,0";"21,5";"21,7";"21,5";"991,9";"992,5";"991,9";"0,0";"211,0";"1,3";"";"0,0"
"02/12/2023";"0500";"21,5";"21,7";"21,5";"99,0";"99,0";"99,0";"21,3";"21,5";"21,3";"991,4";"991,9";"991,3";"0,9";"220,0";"1,7";"";"0,0"
"02/12/2023";"0600";"21,4";"21,5";"21,4";"99,0";"99,0";"99,0";"21,2";"21,3";"21,2";"991,1";"991,4";"991,0";"0,0";"213,0";"2,0";"";"0,0"
"02/12/2023";"0700";"21,4";"21,4";"21,3";"99,0";"99,0";"99,0";"21,2";"21,3";"21,2";"990,9";"991,1";"990,9";"0,8";"225,0";"2,0";"";"0,0"
"02/12/2023";"0800";"21,3";"21,4";"21,2";"99,0";"99,0";"99,0";"21,1";"21,3";"21,1";"991,2";"991,2";"990,9";"0,0";"211,0";"1,6";"";"0,0"
"02/12/2023";"0900";"21,1";"21,3";"21,1";"99,0";"99,0";"99,0";"21,0";"21,1";"21,0";"991,4";"991,4";"991,2";"0,1";"193,0";"1,6";"";"0,0"
"02/12/2023";"1000";"21,3";"21,3";"21,1";"99,0";"99,0";"99,0";"21,2";"21,2";"21,0";"992,4";"992,4";"991,4";"0,0";"221,0";"1,2";"24,80";"0,0"
"02/12/2023";"1100";"22,9";"22,9";"21,3";"99,0";"99,0";"99,0";"22,7";"22,7";"21,2";"993,1";"993,1";"992,5";"0,2";"224,0";"1,4";"451,70";"0,2"
"02/12/2023";"1200";"24,8";"24,8";"22,8";"89,0";"99,0";"89,0";"23,0";"23,7";"22,6";"994,0";"994,0";"993,1";"1,4";"196,0";"2,4";"1148,40";"0,0"
"02/12/2023";"1300";"26,7";"26,7";"24,8";"84,0";"89,0";"83,0";"23,7";"23,7";"22,6";"994,5";"994,6";"994,0";"1,6";"248,0";"3,0";"1404,50";"0,0"
"02/12/2023";"1400";"27,7";"28,5";"26,7";"78,0";"84,0";"74,0";"23,5";"24,2";"22,8";"994,5";"994,5";"994,2";"1,5";"274,0";"3,3";"2296,40";"0,0"
"02/12/2023";"1500";"24,1";"27,7";"23,9";"96,0";"96,0";"78,0";"23,5";"23,8";"22,6";"994,1";"994,5";"994,1";"1,5";"316,0";"6,6";"265,90";"6,6"
"02/12/2023";"1600";"23,6";"24,2";"23,5";"97,0";"97,0";"96,0";"23,1";"23,5";"23,1";"993,2";"994,1";"993,1";"1,3";"277,0";"3,5";"194,20";"1,0"
"02/12/2023";"1700";"23,5";"23,7";"23,4";"98,0";"98,0";"97,0";"23,0";"23,3";"23,0";"992,2";"993,3";"992,2";"0,5";"281,0";"2,5";"125,30";"0,2"
"02/12/2023";"1800";"23,0";"23,5";"23,0";"98,0";"98,0";"98,0";"22,7";"23,1";"22,7";"991,6";"992,2";"991,6";"1,2";"290,0";"3,0";"120,60";"0,8"
"02/12/2023";"1900";"23,0";"23,1";"22,8";"98,0";"98,0";"98,0";"22,6";"22,7";"22,4";"990,1";"991,6";"990,1";"1,8";"209,0";"3,2";"194,90";"1,2"
"02/12/2023";"2000";"23,1";"23,2";"23,0";"98,0";"98,0";"98,0";"22,7";"22,8";"22,6";"989,4";"990,2";"989,4";"1,5";"205,0";"3,2";"274,60";"0,2"
"02/12/2023";"2100";"23,3";"23,4";"23,1";"97,0";"98,0";"97,0";"22,7";"22,9";"22,7";"989,7";"989,7";"989,2";"0,3";"284,0";"3,0";"304,30";"0,0"
"02/12/2023";"2200";"22,9";"23,3";"22,9";"97,0";"97,0";"96,0";"22,4";"22,7";"22,4";"989,6";"989,9";"989,6";"0,3";"258,0";"1,3";"98,50";"0,0"
"02/12/2023";"2300";"22,7";"22,9";"22,7";"98,0";"98,0";"97,0";"22,4";"22,4";"22,4";"990,6";"990,6";"989,6";"0,0";"304,0";"1,5";"0,40";"0,0"
"03/12/2023";"0000";"";"";"";"";"";"";"";"";"";"";"";"";"";"";"";"";""
"03/12/2023";"0100";"22,6";"22,7";"22,6";"99,0";"99,0";"99,0";"22,4";"22,5";"22,4";"992,0";"992,0";"991,5";"0,2";"202,0";"1,2";"";"0,0"
"03/12/2023";"0200";"22,6";"22,7";"22,6";"99,0";"99,0";"99,0";"22,4";"22,5";"22,4";"992,6";"992,6";"992,0";"0,2";"198,0";"1,6";"";"0,0"
"03/12/2023";"0300";"22,5";"22,6";"22,5";"99,0";"99,0";"99,0";"22,3";"22,4";"22,3";"992,9";"993,0";"992,6";"0,1";"308,0";"1,3";"";"0,0"
"03/12/2023";"0400";"22,4";"22,5";"22,4";"99,0";"99,0";"99,0";"22,3";"22,4";"22,3";"992,3";"992,9";"992,3";"0,9";"288,0";"1,7";"";"0,0"
"03/12/2023";"0500";"22,2";"22,4";"22,2";"99,0";"99,0";"99,0";"22,1";"22,3";"22,1";"991,7";"992,3";"991,7";"0,4";"247,0";"2,1";"";"0,0"
"03/12/2023";"0600";"22,2";"22,2";"22,2";"99,0";"99,0";"99,0";"22,1";"22,1";"22,1";"991,3";"991,7";"991,2";"0,1";"298,0";"1,2";"";"0,0"
"03/12/2023";"0700";"22,1";"22,2";"22,1";"99,0";"99,0";"99,0";"22,0";"22,1";"22,0";"991,1";"991,3";"991,0";"0,6";"213,0";"1,3";"";"0,0"
"03/12/2023";"0800";"22,0";"22,1";"21,9";"99,0";"99,0";"99,0";"21,9";"22,0";"21,8";"990,9";"991,2";"990,8";"0,5";"191,0";"1,5";"";"0,0"
"03/12/2023";"0900";"21,8";"22,0";"21,8";"99,0";"99,0";"99,0";"21,7";"21,9";"21,7";"990,8";"990,9";"990,7";"0,2";"192,0";"1,9";"";"0,2"
"03/12/2023";"1000";"21,8";"21,8";"21,7";"99,0";"99,0";"99,0";"21,7";"21,7";"21,6";"991,7";"991,7";"990,8";"0,6";"217,0";"1,6";"25,20";"0,0"
"03/12/2023";"1100";"22,8";"22,8";"21,8";"99,0";"99,0";"99,0";"22,7";"22,7";"21,7";"992,4";"992,4";"991,7";"1,5";"228,0";"3,5";"359,90";"0,0"
"03/12/2023";"1200";"23,6";"23,7";"22,6";"99,0";"99,0";"99,0";"23,5";"23,6";"22,5";"993,0";"993,0";"992,4";"1,1";"202,0";"3,0";"603,00";"0,0"
"03/12/2023";"1300";"26,3";"26,7";"23,6";"89,0";"99,0";"89,0";"24,5";"25,9";"23,5";"993,3";"993,3";"993,0";"0,2";"244,0";"2,3";"1354,20";"0,0"
"03/12/2023";"1400";"28,8";"29,0";"26,4";"76,0";"90,0";"76,0";"24,2";"25,3";"23,5";"993,5";"993,6";"993,3";"1,0";"205,0";"2,4";"2576,20";"0,0"
"03/12/2023";"1500";"30,3";"30,4";"28,6";"67,0";"79,0";"65,0";"23,5";"25,5";"22,7";"993,3";"993,5";"993,3";"0,8";"307,0";"3,0";"2583,30";"0,0"
"03/12/2023";"1600";"30,6";"32,6";"29,9";"66,0";"71,0";"60,0";"23,4";"25,2";"22,8";"991,9";"993,3";"991,9";"1,6";"290,0";"2,9";"3062,40";"0,2"
"03/12/2023";"1700";"26,6";"32,1";"26,6";"77,0";"80,0";"59,0";"22,1";"25,6";"22,1";"990,7";"991,9";"990,5";"1,5";"319,0";"5,6";"1836,60";"3,4"
"03/12/2023";"1800";"24,5";"26,5";"23,1";"88,0";"93,0";"76,0";"22,5";"23,1";"21,0";"989,5";"990,7";"989,4";"0,3";"227,0";"5,6";"754,30";"11,0"
"03/12/2023";"1900";"22,7";"24,5";"22,7";"93,0";"93,0";"87,0";"21,5";"22,7";"21,3";"989,3";"989,8";"989,0";"2,5";"207,0";"5,8";"219,30";"0,0"
"03/12/2023";"2000";"22,6";"22,8";"22,5";"93,0";"94,0";"92,0";"21,4";"21,6";"21,2";"988,9";"989,6";"988,8";"1,9";"231,0";"5,0";"81,90";"0,0"
"03/12/2023";"2100";"";"";"";"";"";"";"";"";"";"";"";"";"";"";"";"";""
"03/12/2023";"2200";"22,7";"22,7";"22,5";"97,0";"97,0";"94,0";"22,2";"22,2";"21,7";"991,0";"991,0";"989,7";"0,0";"280,0";"2,4";"52,20";"0,0"
"03/12/2023";"2300";"22,9";"22,9";"22,5";"97,0";"98,0";"97,0";"22,4";"22,4";"22,0";"992,5";"992,5";"991,0";"1,1";"317,0";"4,3";"0,50";"0,0"
"04/12/2023";"0000";"22,4";"22,9";"22,4";"95,0";"97,0";"95,0";"21,5";"22,4";"21,5";"993,6";"993,7";"992,5";"1,5";"319,0";"5,8";"";"0,0"
"04/12/2023";"0100";"21,6";"22,4";"21,6";"97,0";"97,0";"95,0";"21,1";"21,4";"21,1";"993,3";"993,7";"993,1";"1,3";"318,0";"6,3";"0,10";"2,8"
"04/12/2023";"0200";"21,6";"21,6";"21,5";"98,0";"98,0";"97,0";"21,2";"21,3";"21,1";"993,1";"993,3";"993,1";"0,3";"301,0";"3,2";"";"0,4"
"04/12/2023";"0300";"21,4";"21,7";"21,4";"98,0";"98,0";"98,0";"21,1";"21,3";"21,1";"993,2";"993,2";"993,1";"0,6";"206,0";"2,0";"";"0,0"
"04/12/2023";"0400";"21,4";"21,5";"21,4";"98,0";"98,0";"98,0";"21,2";"21,2";"21,1";"992,5";"993,3";"992,5";"0,1";"254,0";"2,0";"";"0,0"
"04/12/2023";"0500";"21,4";"21,5";"21,4";"99,0";"99,0";"98,0";"21,2";"21,2";"21,1";"991,9";"992,5";"991,9";"0,0";"262,0";"0,9";"";"0,0"
"04/12/2023";"0600";"21,4";"21,4";"21,4";"99,0";"99,0";"99,0";"21,2";"21,3";"21,2";"991,8";"992,1";"991,8";"0,1";"195,0";"2,3";"";"0,0"
"04/12/2023";"0700";"21,3";"21,4";"21,3";"99,0";"99,0";"99,0";"21,1";"21,2";"21,1";"991,9";"992,0";"991,7";"0,5";"199,0";"2,3";"";"0,0"
"04/12/2023";"0800";"21,1";"21,3";"21,1";"99,0";"99,0";"99,0";"21,0";"21,2";"21,0";"992,0";"992,1";"991,9";"0,0";"287,0";"1,7";"";"0,0"
"04/12/2023";"0900";"21,4";"21,4";"21,0";"99,0";"99,0";"99,0";"21,3";"21,3";"20,9";"992,5";"992,5";"991,9";"0,0";"320,0";"1,0";"";"0,0"
"04/12/2023";"1000";"21,4";"21,5";"21,3";"99,0";"99,0";"99,0";"21,3";"21,4";"21,2";"993,0";"993,0";"992,5";"0,7";"306,0";"2,3";"8,10";"0,0"
"04/12/2023";"1100";"21,7";"21,7";"21,4";"99,0";"99,0";"99,0";"21,6";"21,6";"21,3";"994,1";"994,1";"993,0";"0,1";"216,0";"1,7";"112,60";"0,0"
"04/12/2023";"1200";"22,6";"22,6";"21,6";"99,0";"99,0";"99,0";"22,4";"22,4";"21,5";"994,6";"994,6";"994,1";"0,1";"241,0";"1,5";"367,10";"0,0"
"04/12/2023";"1300";"24,5";"24,5";"22,6";"88,0";"99,0";"86,0";"22,4";"23,3";"21,6";"994,9";"994,9";"994,6";"0,6";"263,0";"1,9";"1029,30";"0,0"
"04/12/2023";"1400";"25,9";"25,9";"24,0";"83,0";"88,0";"83,0";"22,8";"22,8";"21,6";"994,6";"995,0";"994,6";"1,3";"220,0";"2,5";"1108,90";"0,0"
"04/12/2023";"1500";"27,5";"27,9";"25,6";"75,0";"83,0";"74,0";"22,5";"23,8";"22,0";"994,2";"994,6";"994,2";"1,9";"243,0";"4,4";"2755,60";"0,0"
"04/12/2023";"1600";"29,2";"29,3";"27,5";"71,0";"78,0";"71,0";"23,4";"24,4";"22,4";"993,3";"994,2";"993,3";"2,2";"251,0";"5,4";"3145,20";"0,0"
"04/12/2023";"1700";"29,9";"30,0";"28,0";"70,0";"74,0";"64,0";"23,7";"23,9";"21,9";"992,3";"993,3";"992,3";"1,2";"288,0";"5,0";"2852,90";"0,0"
"04/12/2023";"1800";"29,9";"31,0";"29,6";"65,0";"69,0";"61,0";"22,7";"23,8";"21,8";"991,4";"992,3";"991,4";"1,3";"268,0";"3,9";"2650,40";"0,0"
"04/12/2023";"1900";"29,5";"31,0";"29,3";"68,0";"69,0";"61,0";"23,0";"23,9";"22,0";"990,3";"991,4";"990,3";"2,7";"309,0";"4,7";"2018,60";"0,0"
"04/12/2023";"2000";"30,4";"30,4";"28,6";"65,0";"73,0";"63,0";"23,0";"23,9";"22,1";"989,8";"990,3";"989,8";"0,6";"304,0";"4,5";"1702,40";"0,0"
"04/12/2023";"2100";"29,4";"30,8";"29,1";"70,0";"73,0";"60,0";"23,4";"23,9";"21,7";"989,4";"989,8";"989,4";"0,9";"313,0";"3,8";"782,00";"0,0"
"04/12/2023";"2200";"26,8";"29,4";"26,8";"82,0";"82,0";"68,0";"23,4";"23,8";"22,5";"989,3";"989,5";"989,3";"0,0";"281,0";"2,9";"186,90";"0,0"
"04/12/2023";"2300";"25,1";"26,8";"25,1";"87,0";"88,0";"82,0";"22,8";"23,8";"22,8";"990,3";"990,3";"989,3";"0,0";"329,0";"0,7";"0,50";"0,0"
"05/12/2023";"0000";"24,7";"25,5";"24,7";"94,0";"94,0";"87,0";"23,7";"24,1";"22,8";"991,9";"991,9";"990,3";"0,5";"281,0";"3,7";"";"0,0"
"05/12/2023";"0100";"23,8";"24,7";"23,8";"96,0";"96,0";"93,0";"23,0";"23,7";"23,0";"992,7";"992,7";"991,9";"0,1";"233,0";"1,5";"";"0,0"
"05/12/2023";"0200";"23,6";"23,8";"23,3";"96,0";"97,0";"96,0";"23,0";"23,1";"22,7";"993,6";"993,6";"992,7";"0,1";"293,0";"1,2";"";"0,0"
"05/12/2023";"0300";"23,2";"23,7";"23,2";"98,0";"98,0";"96,0";"22,8";"23,1";"22,8";"993,8";"993,9";"993,6";"0,0";"279,0";"1,2";"";"0,0"
"05/12/2023";"0400";"23,1";"23,3";"23,0";"98,0";"98,0";"98,0";"22,8";"22,9";"22,7";"993,7";"993,9";"993,7";"0,7";"195,0";"1,5";"";"0,0"
"05/12/2023";"0500";"22,9";"23,2";"22,9";"99,0";"99,0";"98,0";"22,7";"23,0";"22,6";"993,2";"993,8";"993,2";"0,3";"197,0";"1,8";"";"0,0"
"05/12/2023";"0600";"22,8";"22,9";"22,7";"99,0";"99,0";"99,0";"22,6";"22,7";"22,5";"992,3";"993,2";"992,3";"0,1";"203,0";"1,3";"";"0,0"
"05/12/2023";"0700";"22,6";"22,9";"22,6";"99,0";"99,0";"99,0";"22,4";"22,6";"22,3";"992,0";"992,3";"991,9";"0,0";"222,0";"1,6";"";"0,0"
"05/12/2023";"0800";"22,3";"22,6";"22,3";"99,0";"99,0";"99,0";"22,1";"22,4";"22,1";"991,9";"992,0";"991,8";"0,2";"207,0";"2,0";"";"0,0"
"05/12/2023";"0900";"22,3";"22,4";"22,2";"99,0";"99,0";"99,0";"22,2";"22,2";"22,1";"992,1";"992,1";"991,9";"0,9";"218,0";"1,7";"";"0,0"
"05/12/2023";"1000";"22,4";"22,4";"22,1";"99,0";"99,0";"99,0";"22,3";"22,3";"21,9";"992,8";"992,8";"992,1";"0,3";"229,0";"1,7";"19,80";"0,0"
"05/12/2023";"1100";"23,3";"23,3";"22,4";"99,0";"99,0";"99,0";"23,1";"23,1";"22,3";"994,2";"994,2";"992,8";"1,7";"287,0";"4,2";"188,00";"0,0"
"05/12/2023";"1200";"24,7";"24,7";"23,3";"93,0";"99,0";"93,0";"23,6";"23,6";"23,1";"995,0";"995,1";"994,2";"1,5";"289,0";"5,2";"444,40";"0,0"
"05/12/2023";"1300";"26,6";"26,6";"24,7";"75,0";"93,0";"73,0";"21,8";"23,8";"21,3";"995,4";"995,4";"995,0";"1,9";"267,0";"5,2";"1437,00";"0,0"
"05/12/2023";"1400";"27,9";"27,9";"26,6";"77,0";"79,0";"70,0";"23,5";"23,6";"20,9";"995,2";"995,5";"995,2";"2,4";"242,0";"5,1";"1719,30";"0,0"
"05/12/2023";"1500";"28,2";"28,6";"27,5";"76,0";"78,0";"71,0";"23,5";"23,9";"22,5";"994,7";"995,2";"994,7";"2,1";"267,0";"5,0";"1857,50";"0,0"
"05/12/2023";"1600";"28,9";"29,5";"28,0";"68,0";"76,0";"65,0";"22,4";"23,5";"21,6";"993,9";"994,7";"993,9";"1,9";"290,0";"5,5";"2039,10";"0,0"
"05/12/2023";"1700";"30,2";"30,2";"28,1";"69,0";"74,0";"66,0";"23,9";"23,9";"22,2";"992,0";"993,9";"992,0";"1,8";"252,0";"4,0";"2041,80";"0,0"
"05/12/2023";"1800";"30,9";"31,2";"29,0";"61,0";"72,0";"61,0";"22,6";"23,8";"22,4";"990,8";"992,0";"990,8";"2,2";"263,0";"4,4";"2273,30";"0,0"
"05/12/2023";"1900";"21,3";"31,5";"21,2";"97,0";"97,0";"59,0";"20,7";"23,3";"20,6";"992,1";"992,2";"990,4";"5,2";"295,0";"13,3";"1327,20";"18,6"
"05/12/2023";"2000";"21,8";"21,9";"21,2";"99,0";"99,0";"97,0";"21,6";"21,6";"20,7";"991,5";"992,1";"991,5";"2,1";"252,0";"13,3";"82,90";"9,0"
"05/12/2023";"2100";"21,8";"22,0";"21,8";"99,0";"99,0";"99,0";"21,7";"21,8";"21,6";"990,9";"991,5";"990,9";"1,6";"233,0";"3,9";"61,10";"3,2"
"05/12/2023";"2200";"21,9";"21,9";"21,8";"99,0";"99,0";"99,0";"21,7";"21,8";"21,7";"990,8";"990,9";"990,6";"1,5";"261,0";"3,4";"44,10";"0,2"
"05/12/2023";"2300";"21,6";"21,9";"21,6";"99,0";"99,0";"99,0";"21,5";"21,7";"21,4";"991,0";"991,0";"990,8";"0,0";"216,0";"2,4";"0,10";"0,0"
"06/12/2023";"0000";"21,7";"21,7";"21,6";"99,0";"99,0";"99,0";"21,5";"21,6";"21,5";"991,1";"991,1";"990,9";"1,0";"215,0";"1,9";"";"0,2"
"06/12/2023";"0100";"21,5";"21,7";"21,5";"99,0";"99,0";"99,0";"21,4";"21,5";"21,4";"991,4";"991,4";"991,1";"1,3";"241,0";"2,7";"";"0,0"
"06/12/2023";"0200";"21,3";"21,6";"21,3";"99,0";"99,0";"99,0";"21,1";"21,4";"21,1";"991,6";"991,6";"991,4";"0,1";"219,0";"2,7";"";"0,0"
"06/12/2023";"0300";"21,0";"21,3";"21,0";"99,0";"99,0";"99,0";"20,9";"21,1";"20,9";"992,1";"992,1";"991,6";"0,0";"269,0";"1,3";"";"0,0"
"06/12/2023";"0400";"21,0";"21,2";"20,9";"99,0";"99,0";"99,0";"20,9";"21,1";"20,8";"992,0";"992,1";"991,9";"0,0";"207,0";"0,9";"";"0,0"
"06/12/2023";"0500";"21,1";"21,1";"20,9";"99,0";"100,0";"99,0";"21,0";"21,0";"20,9";"991,5";"992,0";"991,5";"0,2";"296,0";"1,6";"";"0,0"
"06/12/2023";"0600";"21,0";"21,1";"20,9";"100,0";"100,0";"99,0";"21,0";"21,0";"20,9";"991,0";"991,5";"991,0";"0,2";"272,0";"1,3";"0,10";"0,0"
"06/12/2023";"0700";"21,0";"21,1";"20,9";"100,0";"100,0";"100,0";"21,0";"21,1";"20,8";"991,3";"991,3";"990,9";"0,4";"198,0";"1,6";"0,10";"0,0"
"06/12/2023";"0800";"20,7";"21,0";"20,7";"100,0";"100,0";"100,0";"20,7";"20,9";"20,7";"991,6";"991,6";"991,2";"0,2";"195,0";"1,6";"";"0,0"
"06/12/2023";"0900";"20,7";"20,8";"20,7";"100,0";"100,0";"100,0";"20,7";"20,8";"20,6";"992,1";"992,1";"991,6";"0,0";"263,0";"1,6";"";"0,0"
"06/12/2023";"1000";"20,8";"20,9";"20,7";"100,0";"100,0";"100,0";"20,8";"20,8";"20,7";"992,7";"992,7";"992,1";"0,4";"206,0";"1,6";"24,50";"0,0"
"06/12/2023";"1100";"21,3";"21,4";"20,8";"100,0";"100,0";"100,0";"21,3";"21,4";"20,9";"993,4";"993,4";"992,7";"0,9";"238,0";"2,1";"233,10";"0,2"
"06/12/2023";"1200";"23,4";"23,5";"21,2";"100,0";"100,0";"100,0";"23,3";"23,4";"21,2";"994,0";"994,0";"993,4";"0,2";"265,0";"2,4";"955,80";"0,0"
"06/12/2023";"1300";"26,6";"26,8";"23,1";"78,0";"100,0";"75,0";"22,4";"25,1";"21,8";"994,2";"994,3";"994,0";"0,6";"306,0";"2,2";"2127,20";"0,0"
"06/12/2023";"1400";"28,6";"28,9";"26,6";"70,0";"81,0";"68,0";"22,7";"23,6";"22,0";"993,9";"994,2";"993,9";"1,5";"251,0";"3,6";"2902,50";"0,0"
"06/12/2023";"1500";"29,6";"30,2";"28,5";"65,0";"72,0";"61,0";"22,2";"23,8";"21,4";"993,2";"993,9";"993,2";"1,2";"293,0";"4,2";"3392,50";"0,0"
"06/12/2023";"1600";"30,9";"32,0";"29,6";"60,0";"66,0";"57,0";"22,2";"24,3";"21,5";"992,4";"993,2";"992,4";"1,7";"244,0";"5,5";"3608,80";"0,0"
"06/12/2023";"1700";"31,5";"31,9";"30,6";"56,0";"66,0";"55,0";"21,6";"23,8";"21,4";"991,3";"992,4";"991,3";"1,4";"236,0";"4,9";"3171,00";"0,0"
"06/12/2023";"1800";"32,1";"33,4";"31,3";"52,0";"60,0";"50,0";"21,1";"23,0";"21,0";"990,4";"991,3";"990,4";"1,6";"245,0";"5,0";"3114,80";"0,0"
"06/12/2023";"1900";"32,6";"33,5";"32,1";"51,0";"57,0";"48,0";"21,2";"22,9";"20,4";"989,3";"990,4";"989,3";"1,9";"249,0";"5,0";"2743,50";"0,0"
"06/12/2023";"2000";"32,2";"33,0";"31,9";"52,0";"53,0";"48,0";"21,0";"22,0";"19,9";"988,2";"989,3";"988,2";"1,9";"237,0";"4,2";"1974,20";"0,0"
"06/12/2023";"2100";"32,0";"32,4";"31,7";"51,0";"55,0";"49,0";"20,5";"21,6";"20,0";"987,5";"988,2";"987,5";"0,6";"229,0";"3,5";"1092,10";"0,0"
"06/12/2023";"2200";"28,6";"32,0";"28,6";"67,0";"68,0";"50,0";"21,8";"22,7";"20,1";"988,1";"988,1";"987,5";"0,5";"262,0";"2,8";"285,50";"0,0"
"06/12/2023";"2300";"26,2";"28,6";"26,2";"75,0";"76,0";"66,0";"21,4";"22,7";"21,1";"989,4";"989,4";"988,1";"0,4";"241,0";"1,5";"0,70";"0,0"
"07/12/2023";"0000";"25,7";"26,4";"25,7";"80,0";"82,0";"74,0";"22,0";"22,5";"21,3";"990,1";"990,1";"989,4";"0,7";"218,0";"1,3";"";"0,0"
"07/12/2023";"0100";"24,8";"25,7";"24,8";"87,0";"87,0";"79,0";"22,5";"22,6";"21,7";"991,0";"991,0";"990,1";"0,1";"188,0";"1,3";"";"0,0"
"07/12/2023";"0200";"24,5";"25,2";"24,4";"90,0";"90,0";"86,0";"22,8";"23,0";"22,5";"991,6";"991,7";"991,0";"0,5";"195,0";"2,2";"";"0,0"
"07/12/2023";"0300";"24,4";"25,1";"24,4";"91,0";"92,0";"87,0";"22,9";"23,1";"22,6";"991,3";"991,6";"991,3";"0,0";"260,0";"1,2";"";"0,0"
"07/12/2023";"0400";"24,4";"24,6";"24,1";"88,0";"92,0";"88,0";"22,3";"23,2";"22,3";"991,0";"991,5";"991,0";"0,1";"207,0";"3,9";"";"0,0"
"07/12/2023";"0500";"23,6";"24,5";"23,6";"94,0";"94,0";"88,0";"22,6";"22,7";"22,1";"990,4";"991,0";"990,4";"0,0";"268,0";"0,9";"";"0,0"
"07/12/2023";"0600";"23,1";"23,6";"23,1";"96,0";"96,0";"94,0";"22,5";"22,7";"22,4";"990,1";"990,5";"990,1";"0,0";"202,0";"0,0";"";"0,0"
"07/12/2023";"0700";"23,0";"23,3";"23,0";"98,0";"98,0";"96,0";"22,6";"22,7";"22,5";"990,2";"990,3";"990,1";"0,0";"220,0";"1,4";"";"0,0"
"07/12/2023";"0800";"22,9";"23,0";"22,7";"98,0";"98,0";"98,0";"22,6";"22,6";"22,4";"990,1";"990,4";"990,1";"0,5";"219,0";"1,7";"";"0,0"
"07/12/2023";"0900";"22,6";"22,9";"22,6";"98,0";"98,0";"98,0";"22,3";"22,6";"22,3";"990,2";"990,2";"989,8";"0,0";"206,0";"1,7";"";"0,0"
"07/12/2023";"1000";"22,9";"22,9";"22,4";"98,0";"99,0";"98,0";"22,6";"22,6";"22,2";"991,3";"991,3";"990,2";"0,9";"220,0";"1,8";"10,00";"0,0"
"07/12/2023";"1100";"25,4";"25,4";"22,9";"88,0";"99,0";"88,0";"23,4";"24,1";"22,6";"992,3";"992,3";"991,3";"0,9";"211,0";"2,1";"436,50";"0,0"
"07/12/2023";"1200";"27,7";"28,2";"25,4";"76,0";"89,0";"73,0";"23,2";"23,8";"22,6";"993,0";"993,0";"992,3";"1,3";"228,0";"2,7";"1208,30";"0,0"
"07/12/2023";"1300";"23,9";"29,1";"23,9";"92,0";"92,0";"72,0";"22,6";"24,0";"22,4";"994,3";"994,3";"993,0";"4,5";"274,0";"9,4";"994,30";"1,6"
"07/12/2023";"1400";"25,5";"25,5";"23,4";"92,0";"97,0";"92,0";"24,0";"24,4";"22,6";"993,4";"994,3";"993,4";"0,7";"273,0";"8,8";"764,40";"4,2"
"07/12/2023";"1500";"29,2";"29,7";"25,5";"74,0";"93,0";"73,0";"24,1";"25,1";"23,8";"992,3";"993,3";"992,3";"1,9";"278,0";"5,3";"3774,80";"0,0"
"07/12/2023";"1600";"28,7";"29,4";"28,3";"73,0";"77,0";"71,0";"23,4";"24,2";"22,7";"991,5";"992,3";"991,5";"0,6";"323,0";"4,7";"1346,20";"0,0"
"07/12/2023";"1700";"29,8";"29,9";"28,7";"69,0";"75,0";"68,0";"23,5";"24,2";"23,0";"990,5";"991,5";"990,5";"0,5";"315,0";"3,5";"1641,30";"0,0"
"07/12/2023";"1800";"30,6";"30,7";"29,8";"69,0";"73,0";"66,0";"24,2";"24,8";"22,9";"989,4";"990,5";"989,4";"0,6";"316,0";"2,8";"1962,90";"0,0"
"07/12/2023";"1900";"30,5";"30,8";"30,2";"69,0";"71,0";"64,0";"24,2";"24,5";"23,1";"988,2";"989,3";"988,2";"1,0";"321,0";"3,4";"1709,40";"0,0"
"07/12/2023";"2000";"29,5";"31,2";"29,4";"71,0";"72,0";"64,0";"23,7";"24,7";"22,8";"988,0";"988,3";"987,8";"0,3";"310,0";"3,4";"1060,00";"0,0"
"07/12/2023";"2100";"29,1";"29,6";"29,1";"71,0";"74,0";"69,0";"23,4";"24,3";"23,0";"989,0";"989,0";"987,9";"0,0";"294,0";"1,9";"507,70";"0,0"
"07/12/2023";"2200";"26,9";"29,1";"26,9";"86,0";"86,0";"71,0";"24,3";"24,5";"23,6";"988,8";"989,1";"988,5";"2,1";"320,0";"3,5";"132,80";"0,0"
"07/12/2023";"2300";"26,0";"26,9";"26,0";"88,0";"89,0";"86,0";"23,8";"24,4";"23,8";"991,3";"991,3";"988,8";"1,8";"318,0";"3,5";"0,10";"0,0"
"08/12/2023";"0000";"22,7";"26,1";"22,5";"98,0";"98,0";"83,0";"22,4";"23,9";"21,6";"993,8";"994,0";"991,3";"1,0";"208,0";"9,6";"0,80";"20,2"
"08/12/2023";"0100";"22,6";"22,8";"22,5";"99,0";"99,0";"98,0";"22,3";"22,5";"22,3";"994,1";"994,1";"993,5";"1,5";"228,0";"3,5";"";"1,0"
"08/12/2023";"0200";"22,4";"22,7";"22,4";"98,0";"99,0";"98,0";"22,1";"22,4";"22,1";"993,5";"994,2";"993,5";"1,0";"202,0";"3,9";"";"1,6"
"08/12/2023";"0300";"22,3";"22,4";"22,3";"99,0";"99,0";"98,0";"22,1";"22,1";"22,0";"992,8";"993,5";"992,8";"0,8";"263,0";"2,1";"";"0,2"
"08/12/2023";"0400";"22,3";"22,4";"22,3";"99,0";"99,0";"99,0";"22,1";"22,2";"22,0";"993,2";"993,2";"992,5";"0,0";"309,0";"1,9";"";"0,2"
"08/12/2023";"0500";"22,2";"22,4";"22,2";"99,0";"99,0";"99,0";"22,0";"22,2";"22,0";"991,8";"993,2";"991,8";"0,9";"313,0";"2,2";"";"0,0"
"08/12/2023";"0600";"22,1";"22,2";"22,0";"99,0";"99,0";"99,0";"22,0";"22,0";"21,9";"990,9";"991,8";"990,9";"1,2";"293,0";"3,2";"";"0,0"
"08/12/2023";"0700";"22,0";"22,1";"21,9";"99,0";"99,0";"99,0";"21,9";"22,0";"21,8";"991,0";"991,0";"990,8";"0,6";"293,0";"2,2";"";"0,0"
"08/12/2023";"0800";"21,9";"22,1";"21,9";"99,0";"99,0";"99,0";"21,8";"22,0";"21,8";"991,8";"991,8";"990,9";"0,2";"224,0";"1,8";"";"0,0"
"08/12/2023";"0900";"21,9";"22,1";"21,8";"99,0";"99,0";"99,0";"21,8";"22,0";"21,7";"992,5";"992,5";"991,8";"1,3";"219,0";"2,5";"";"0,0"
"08/12/2023";"1000";"21,9";"21,9";"21,8";"100,0";"100,0";"99,0";"21,8";"21,8";"21,7";"993,2";"993,2";"992,5";"0,8";"196,0";"2,5";"13,90";"0,0"
"08/12/2023";"1100";"22,1";"22,1";"21,9";"99,0";"100,0";"99,0";"22,0";"22,0";"21,8";"994,4";"994,4";"993,2";"1,3";"207,0";"2,8";"157,90";"0,0"
"08/12/2023";"1200";"25,0";"25,4";"22,1";"88,0";"99,0";"87,0";"22,8";"24,3";"22,0";"994,9";"995,0";"994,4";"1,4";"228,0";"3,1";"1113,40";"0,0"
"08/12/2023";"1300";"26,4";"26,7";"25,0";"78,0";"89,0";"77,0";"22,2";"23,4";"21,8";"995,3";"995,4";"994,9";"2,2";"244,0";"4,3";"2301,50";"0,0"
"08/12/2023";"1400";"28,4";"28,4";"26,3";"73,0";"79,0";"71,0";"23,1";"23,3";"21,7";"995,1";"995,3";"995,1";"1,1";"237,0";"3,9";"2900,60";"0,0"
"08/12/2023";"1500";"29,4";"29,7";"28,1";"69,0";"74,0";"66,0";"23,2";"23,8";"22,3";"994,7";"995,2";"994,7";"1,4";"222,0";"3,3";"3393,90";"0,2"
"08/12/2023";"1600";"30,8";"30,8";"29,4";"67,0";"71,0";"66,0";"23,9";"24,5";"23,2";"993,7";"994,7";"993,7";"1,5";"308,0";"3,6";"3204,10";"0,0"
"08/12/2023";"1700";"29,7";"31,7";"29,6";"69,0";"70,0";"60,0";"23,4";"24,3";"22,1";"992,4";"993,7";"992,4";"0,9";"300,0";"4,4";"2379,50";"0,0"
"08/12/2023";"1800";"31,7";"31,8";"29,7";"61,0";"72,0";"60,0";"23,3";"24,4";"22,5";"991,0";"992,4";"991,0";"1,2";"250,0";"3,1";"2442,50";"0,0"
"08/12/2023";"1900";"27,3";"32,6";"27,3";"74,0";"74,0";"57,0";"22,3";"24,2";"21,6";"989,8";"991,0";"989,8";"1,5";"318,0";"6,6";"2419,60";"0,4"
"08/12/2023";"2000";"24,3";"27,3";"24,3";"93,0";"93,0";"74,0";"23,1";"23,2";"22,3";"990,0";"990,1";"989,6";"2,5";"224,0";"6,6";"138,20";"0,2"
"08/12/2023";"2100";"24,4";"24,4";"24,2";"96,0";"96,0";"93,0";"23,7";"23,7";"23,1";"990,1";"990,1";"989,6";"1,2";"324,0";"4,3";"31,90";"0,0"
"08/12/2023";"2200";"23,4";"24,4";"23,4";"95,0";"96,0";"95,0";"22,5";"23,6";"22,5";"991,0";"991,0";"990,0";"1,2";"237,0";"5,3";"2,60";"0,2"
"08/12/2023";"2300";"23,3";"23,4";"23,1";"95,0";"96,0";"95,0";"22,4";"22,6";"22,3";"991,5";"991,6";"991,0";"1,1";"194,0";"3,2";"";"0,0"
"09/12/2023";"0000";"23,2";"23,4";"23,2";"97,0";"97,0";"95,0";"22,7";"22,7";"22,5";"992,1";"992,1";"991,5";"0,6";"266,0";"3,0";"";"0,0"
"09/12/2023";"0100";"23,1";"23,3";"23,1";"98,0";"98,0";"97,0";"22,8";"22,9";"22,8";"992,2";"992,2";"992,0";"0,4";"218,0";"1,8";"";"0,0"
"09/12/2023";"0200";"23,0";"23,2";"23,0";"98,0";"98,0";"98,0";"22,7";"22,9";"22,7";"993,4";"993,4";"992,2";"0,0";"267,0";"2,1";"";"0,0"
"09/12/2023";"0300";"23,0";"23,1";"22,9";"98,0";"98,0";"98,0";"22,7";"22,8";"22,7";"993,4";"993,4";"993,2";"0,0";"188,0";"0,5";"";"0,0"
"09/12/2023";"0400";"23,0";"23,1";"23,0";"99,0";"99,0";"98,0";"22,8";"22,9";"22,7";"993,2";"993,4";"993,2";"0,0";"259,0";"1,6";"";"0,0"
"09/12/2023";"0500";"23,0";"23,0";"22,9";"99,0";"99,0";"99,0";"22,8";"22,8";"22,8";"992,7";"993,2";"992,7";"0,0";"281,0";"1,0";"";"0,0"
"09/12/2023";"0600";"22,9";"23,0";"22,9";"99,0";"99,0";"99,0";"22,8";"22,8";"22,8";"991,6";"992,7";"991,6";"0,0";"245,0";"0,0";"";"0,0"
"09/12/2023";"0700";"22,9";"22,9";"22,8";"99,0";"99,0";"99,0";"22,8";"22,8";"22,7";"991,4";"991,6";"991,3";"0,0";"309,0";"0,7";"";"0,0"
"09/12/2023";"0800";"22,7";"22,9";"22,7";"99,0";"99,0";"99,0";"22,6";"22,8";"22,6";"991,1";"991,4";"991,1";"0,9";"187,0";"1,7";"";"0,0"
"09/12/2023";"0900";"22,7";"22,7";"22,6";"99,0";"99,0";"99,0";"22,6";"22,6";"22,5";"991,3";"991,3";"991,0";"0,0";"314,0";"1,6";"";"0,0"
"09/12/2023";"1000";"22,7";"22,7";"22,4";"100,0";"100,0";"99,0";"22,6";"22,6";"22,4";"991,8";"991,8";"991,3";"0,0";"327,0";"0,4";"26,70";"0,0"
"09/12/2023";"1100";"23,4";"23,4";"22,7";"99,0";"100,0";"99,0";"23,3";"23,3";"22,7";"993,0";"993,0";"991,8";"0,1";"309,0";"1,2";"235,90";"0,0"
"09/12/2023";"1200";"25,1";"25,1";"23,4";"97,0";"99,0";"97,0";"24,5";"24,8";"23,4";"993,8";"993,8";"993,0";"1,3";"272,0";"2,3";"919,20";"0,0"
"09/12/2023";"1300";"28,8";"29,3";"24,9";"73,0";"97,0";"73,0";"23,5";"25,0";"23,5";"994,0";"994,1";"993,8";"0,5";"268,0";"2,3";"2036,20";"0,0"
"09/12/2023";"1400";"28,7";"29,2";"28,0";"76,0";"81,0";"73,0";"24,0";"25,1";"23,5";"993,7";"994,1";"993,7";"1,7";"279,0";"3,0";"2366,70";"0,0"
"09/12/2023";"1500";"31,0";"31,2";"28,7";"68,0";"77,0";"66,0";"24,4";"25,5";"23,6";"993,3";"993,8";"993,3";"0,6";"248,0";"4,0";"2488,40";"0,0"
"09/12/2023";"1600";"28,4";"32,4";"28,1";"76,0";"76,0";"61,0";"23,7";"24,7";"22,7";"992,2";"993,3";"992,2";"2,6";"303,0";"5,7";"2449,60";"0,0"
"09/12/2023";"1700";"29,3";"29,3";"28,1";"73,0";"78,0";"70,0";"23,8";"24,2";"22,8";"990,7";"992,2";"990,7";"2,0";"307,0";"4,9";"1244,40";"0,0"
"09/12/2023";"1800";"31,8";"32,0";"28,9";"63,0";"74,0";"63,0";"24,0";"25,2";"22,9";"990,1";"990,7";"989,9";"1,1";"314,0";"4,0";"1949,00";"0,0"
"09/12/2023";"1900";"27,0";"31,8";"26,2";"78,0";"83,0";"60,0";"22,9";"23,9";"21,0";"989,2";"990,2";"989,1";"0,4";"304,0";"8,7";"1273,10";"0,2"
"09/12/2023";"2000";"25,7";"27,0";"25,6";"82,0";"83,0";"77,0";"22,4";"23,1";"22,4";"989,1";"989,4";"989,1";"1,5";"199,0";"3,4";"348,30";"0,0"
"09/12/2023";"2100";"25,5";"25,8";"25,4";"84,0";"84,0";"80,0";"22,7";"22,7";"21,9";"988,9";"989,2";"988,5";"0,6";"212,0";"3,4";"306,00";"0,0"
"09/12/2023";"2200";"25,0";"25,6";"25,0";"90,0";"90,0";"83,0";"23,2";"23,2";"22,5";"989,4";"989,4";"988,9";"0,0";"211,0";"2,4";"119,50";"0,0"
"09/12/2023";"2300";"24,5";"25,0";"24,4";"93,0";"94,0";"90,0";"23,3";"23,5";"23,2";"990,2";"990,2";"989,4";"0,0";"326,0";"0,0";"1,20";"0,0"
"10/12/2023";"0000";"24,4";"24,6";"24,3";"94,0";"95,0";"93,0";"23,4";"23,5";"23,3";"991,7";"991,7";"990,2";"0,0";"290,0";"0,0";"";"0,0"
"10/12/2023";"0100";"24,3";"24,5";"24,2";"95,0";"95,0";"93,0";"23,3";"23,5";"23,2";"992,3";"992,3";"991,7";"0,2";"330,0";"2,5";"";"0,0"
"10/12/2023";"0200";"24,1";"24,3";"23,9";"95,0";"96,0";"95,0";"23,3";"23,4";"23,1";"992,0";"992,4";"992,0";"0,7";"321,0";"2,8";"";"0,0"
"10/12/2023";"0300";"24,0";"24,1";"23,9";"95,0";"95,0";"95,0";"23,2";"23,3";"23,1";"991,6";"992,2";"991,6";"1,3";"298,0";"2,8";"";"0,0"
"10/12/2023";"0400";"23,6";"24,0";"23,6";"95,0";"96,0";"95,0";"22,8";"23,2";"22,8";"991,3";"991,8";"991,3";"0,4";"327,0";"2,8";"";"0,0"
"10/12/2023";"0500";"23,1";"23,6";"23,1";"95,0";"96,0";"95,0";"22,4";"22,8";"22,3";"990,6";"991,3";"990,6";"0,2";"323,0";"2,4";"";"0,0"
"10/12/2023";"0600";"23,1";"23,3";"23,1";"96,0";"96,0";"95,0";"22,5";"22,5";"22,4";"990,5";"990,6";"990,5";"1,3";"294,0";"2,8";"";"0,0"
"10/12/2023";"0700";"23,0";"23,1";"23,0";"94,0";"96,0";"94,0";"22,1";"22,5";"22,0";"990,3";"990,5";"990,3";"1,1";"312,0";"2,3";"";"0,0"
"10/12/2023";"0800";"22,8";"23,0";"22,8";"96,0";"96,0";"94,0";"22,1";"22,2";"22,0";"990,7";"990,7";"990,3";"0,0";"314,0";"2,1";"";"0,0"
"10/12/2023";"0900";"22,8";"23,0";"22,8";"96,0";"96,0";"95,0";"22,1";"22,2";"22,0";"990,9";"991,0";"990,7";"0,0";"220,0";"1,5";"";"0,0"
"10/12/2023";"1000";"22,5";"22,8";"22,4";"97,0";"97,0";"96,0";"22,1";"22,1";"21,9";"991,4";"991,4";"990,8";"0,0";"299,0";"1,0";"18,30";"0,0"
"10/12/2023";"1100";"24,0";"24,0";"22,5";"93,0";"98,0";"93,0";"22,8";"22,9";"22,1";"991,8";"991,8";"991,4";"1,7";"310,0";"2,6";"378,10";"0,0"
"10/12/2023";"1200";"26,3";"26,3";"24,0";"82,0";"93,0";"82,0";"23,0";"23,4";"22,8";"992,6";"992,6";"991,8";"1,3";"289,0";"3,8";"1392,80";"0,0"
"10/12/2023";"1300";"28,4";"28,8";"26,3";"76,0";"83,0";"73,0";"23,7";"24,3";"22,9";"993,0";"993,0";"992,6";"1,3";"286,0";"3,0";"2091,20";"0,0"
"10/12/2023";"1400";"29,5";"30,2";"28,4";"71,0";"77,0";"69,0";"23,6";"24,6";"22,9";"992,5";"993,0";"992,5";"2,3";"284,0";"4,6";"2848,40";"0,0"
"10/12/2023";"1500";"31,1";"31,3";"29,5";"66,0";"74,0";"63,0";"24,1";"24,7";"22,8";"992,0";"992,5";"992,0";"1,6";"258,0";"4,6";"2929,30";"0,0"
"10/12/2023";"1600";"31,6";"32,5";"30,4";"64,0";"69,0";"60,0";"23,9";"25,2";"23,0";"991,1";"992,0";"991,1";"1,5";"312,0";"3,9";"2754,60";"0,0"
"10/12/2023";"1700";"30,5";"33,4";"30,4";"66,0";"67,0";"58,0";"23,5";"24,7";"22,8";"989,9";"991,1";"989,9";"1,5";"287,0";"4,2";"2167,20";"0,0"
"10/12/2023";"1800";"31,7";"32,0";"30,3";"67,0";"72,0";"65,0";"24,8";"25,4";"23,2";"988,5";"989,9";"988,5";"3,0";"272,0";"5,1";"2046,70";"0,0"
"10/12/2023";"1900";"31,9";"32,6";"31,3";"62,0";"69,0";"58,0";"23,8";"25,4";"23,2";"986,9";"988,5";"986,9";"2,5";"240,0";"5,1";"2802,20";"0,0"
"10/12/2023";"2000";"24,8";"32,1";"24,8";"87,0";"87,0";"61,0";"22,5";"24,7";"22,4";"987,4";"987,4";"986,8";"1,3";"303,0";"8,2";"1277,70";"2,2"
"10/12/2023";"2100";"24,7";"24,8";"24,0";"93,0";"93,0";"87,0";"23,5";"23,5";"22,2";"986,6";"987,4";"986,3";"0,0";"292,0";"5,4";"451,50";"4,4"
"10/12/2023";"2200";"24,6";"25,9";"24,6";"93,0";"93,0";"88,0";"23,4";"24,0";"23,2";"987,7";"987,7";"986,6";"0,0";"319,0";"0,9";"234,10";"0,2"
"10/12/2023";"2300";"24,7";"25,1";"24,6";"94,0";"96,0";"93,0";"23,6";"24,4";"23,5";"988,1";"988,2";"987,3";"1,1";"290,0";"3,2";"2,50";"0,0"
"11/12/2023";"0000";"";"";"";"";"";"";"";"";"";"";"";"";"";"";"";"";""
"11/12/2023";"0100";"24,1";"24,3";"24,0";"96,0";"96,0";"95,0";"23,4";"23,6";"23,4";"990,0";"990,0";"988,8";"0,6";"195,0";"2,1";"";"0,0"
"11/12/2023";"0200";"24,0";"24,1";"23,9";"97,0";"97,0";"96,0";"23,5";"23,6";"23,4";"990,2";"990,2";"990,0";"0,0";"314,0";"1,5";"";"0,0"
"11/12/2023";"0300";"23,8";"24,0";"23,8";"98,0";"98,0";"97,0";"23,5";"23,6";"23,4";"990,6";"990,6";"990,2";"1,3";"197,0";"2,3";"";"0,0"
"11/12/2023";"0400";"23,5";"23,8";"23,4";"98,0";"98,0";"98,0";"23,2";"23,5";"23,2";"990,5";"990,7";"990,4";"0,0";"306,0";"2,8";"";"0,0"
"11/12/2023";"0500";"23,6";"23,6";"23,4";"99,0";"99,0";"98,0";"23,3";"23,3";"23,2";"989,9";"990,5";"989,9";"0,0";"305,0";"1,3";"";"0,0"
"11/12/2023";"0600";"23,5";"23,7";"23,5";"99,0";"99,0";"99,0";"23,3";"23,4";"23,3";"989,7";"989,9";"989,7";"0,0";"327,0";"1,5";"";"0,0"
"11/12/2023";"0700";"23,1";"23,5";"23,1";"99,0";"99,0";"99,0";"22,9";"23,3";"22,9";"989,4";"989,8";"989,4";"0,2";"324,0";"1,7";"";"0,0"
"11/12/2023";"0800";"22,9";"23,1";"22,9";"99,0";"99,0";"99,0";"22,7";"22,9";"22,7";"989,4";"989,5";"989,3";"0,9";"300,0";"2,0";"";"0,0"
"11/12/2023";"0900";"22,7";"23,0";"22,6";"99,0";"99,0";"99,0";"22,5";"22,8";"22,4";"989,1";"989,5";"989,0";"0,8";"217,0";"1,9";"";"0,0"
"11/12/2023";"1000";"22,7";"22,7";"22,6";"99,0";"99,0";"99,0";"22,6";"22,6";"22,4";"990,0";"990,0";"989,1";"0,7";"194,0";"1,7";"17,00";"0,0"
"11/12/2023";"1100";"23,6";"23,6";"22,7";"99,0";"99,0";"99,0";"23,4";"23,5";"22,6";"990,8";"990,8";"989,9";"0,7";"296,0";"1,9";"312,20";"0,0"
"11/12/2023";"1200";"25,3";"25,3";"23,5";"95,0";"99,0";"95,0";"24,4";"24,5";"23,4";"991,5";"991,5";"990,8";"0,7";"287,0";"2,8";"869,50";"0,0"
"11/12/2023";"1300";"26,8";"27,0";"25,0";"87,0";"95,0";"87,0";"24,4";"25,0";"23,6";"991,7";"991,7";"991,5";"0,7";"218,0";"2,3";"1059,60";"0,0"
"11/12/2023";"1400";"28,4";"28,7";"26,8";"80,0";"88,0";"79,0";"24,6";"25,6";"24,4";"992,3";"992,3";"991,7";"0,5";"303,0";"3,2";"1824,70";"0,0"
"11/12/2023";"1500";"29,7";"30,1";"28,4";"76,0";"81,0";"75,0";"25,0";"25,7";"24,1";"991,6";"992,3";"991,6";"1,2";"277,0";"3,1";"2184,10";"0,0"
"11/12/2023";"1600";"24,1";"30,3";"24,1";"86,0";"86,0";"69,0";"21,6";"25,2";"21,3";"990,6";"991,6";"990,6";"4,6";"207,0";"10,6";"1521,30";"0,2"
"11/12/2023";"1700";"24,9";"24,9";"23,8";"86,0";"90,0";"84,0";"22,3";"22,5";"21,7";"989,4";"990,6";"989,3";"2,3";"239,0";"8,8";"691,60";"0,0"
"11/12/2023";"1800";"26,1";"26,3";"24,5";"84,0";"88,0";"80,0";"23,1";"23,2";"22,1";"988,4";"989,4";"988,4";"2,7";"232,0";"5,6";"1321,00";"0,0"
"11/12/2023";"1900";"28,1";"28,1";"25,9";"77,0";"85,0";"76,0";"23,8";"23,8";"22,6";"987,7";"988,4";"987,7";"2,1";"249,0";"4,8";"1476,50";"0,0"
"11/12/2023";"2000";"27,4";"30,2";"27,4";"75,0";"77,0";"67,0";"22,6";"24,0";"22,1";"988,0";"988,1";"987,5";"1,6";"321,0";"5,6";"1788,30";"0,0"
"11/12/2023";"2100";"25,4";"27,4";"25,4";"86,0";"86,0";"75,0";"22,9";"22,9";"22,0";"988,2";"988,2";"987,7";"0,8";"309,0";"4,3";"310,00";"0,0"
"11/12/2023";"2200";"24,3";"25,4";"24,3";"91,0";"91,0";"86,0";"22,8";"22,9";"22,6";"989,6";"989,6";"988,2";"0,2";"306,0";"2,9";"46,70";"0,0"
"11/12/2023";"2300";"24,2";"24,4";"24,2";"91,0";"92,0";"91,0";"22,7";"23,0";"22,6";"990,8";"990,9";"989,6";"1,5";"319,0";"4,8";"0,20";"0,0"
"12/12/2023";"0000";"23,6";"24,2";"23,6";"93,0";"94,0";"91,0";"22,5";"22,8";"22,5";"991,9";"991,9";"990,8";"2,3";"303,0";"5,3";"";"0,0"
"12/12/2023";"0100";"";"";"";"";"";"";"";"";"";"";"";"";"";"";"";"";""
"12/12/2023";"0200";"22,3";"22,3";"22,2";"98,0";"98,0";"97,0";"22,0";"22,0";"21,8";"992,8";"992,9";"992,3";"0,4";"304,0";"6,2";"";"0,0"
"12/12/2023";"0300";"22,1";"22,3";"22,1";"99,0";"99,0";"98,0";"21,9";"22,1";"21,9";"992,7";"992,8";"992,6";"0,3";"286,0";"2,4";"";"0,0"
"12/12/2023";"0400";"22,0";"22,1";"22,0";"98,0";"99,0";"98,0";"21,7";"21,9";"21,7";"992,2";"992,7";"992,2";"0,1";"284,0";"1,5";"";"0,0"
"12/12/2023";"0500";"22,0";"22,0";"21,9";"99,0";"99,0";"98,0";"21,7";"21,8";"21,7";"991,8";"992,2";"991,8";"0,8";"238,0";"1,5";"";"0,2"
"12/12/2023";"0600";"22,0";"22,0";"21,9";"99,0";"99,0";"99,0";"21,8";"21,8";"21,7";"991,0";"991,8";"991,0";"1,2";"302,0";"2,2";"";"0,0"
"12/12/2023";"0700";"21,9";"22,0";"21,8";"99,0";"99,0";"99,0";"21,7";"21,8";"21,7";"990,7";"991,0";"990,7";"1,4";"298,0";"3,0";"";"0,0"
"12/12/2023";"0800";"21,8";"21,9";"21,8";"99,0";"99,0";"99,0";"21,7";"21,7";"21,6";"990,9";"990,9";"990,7";"1,2";"217,0";"2,3";"";"0,0"
"12/12/2023";"0900";"21,8";"21,8";"21,7";"99,0";"99,0";"99,0";"21,7";"21,7";"21,7";"991,3";"991,3";"990,9";"0,1";"214,0";"2,0";"";"0,0"
"12/12/2023";"1000";"21,8";"21,8";"21,7";"99,0";"99,0";"99,0";"21,7";"21,7";"21,6";"992,2";"992,2";"991,3";"1,2";"252,0";"2,0";"9,00";"0,0"
"12/12/2023";"1100";"22,3";"22,3";"21,8";"99,0";"99,0";"99,0";"22,2";"22,2";"21,7";"993,0";"993,0";"992,2";"1,8";"244,0";"3,2";"227,30";"0,0"
"12/12/2023";"1200";"24,6";"24,7";"22,2";"90,0";"99,0";"90,0";"22,8";"24,0";"22,1";"993,3";"993,4";"993,0";"1,5";"252,0";"3,2";"983,60";"0,0"
"12/12/2023";"1300";"27,2";"27,2";"24,6";"77,0";"90,0";"76,0";"22,8";"23,1";"22,0";"993,5";"993,5";"993,3";"2,0";"260,0";"4,5";"2166,00";"0,0"
"12/12/2023";"1400";"28,9";"28,9";"27,2";"70,0";"77,0";"67,0";"23,0";"23,0";"21,8";"993,3";"993,5";"993,3";"2,0";"279,0";"5,4";"2905,40";"0,0"
"12/12/2023";"1500";"30,2";"30,6";"28,9";"65,0";"71,0";"62,0";"22,9";"23,7";"21,9";"992,8";"993,3";"992,8";"2,6";"284,0";"5,9";"3222,70";"0,0"
"12/12/2023";"1600";"30,8";"31,2";"29,4";"64,0";"69,0";"61,0";"23,2";"24,0";"22,1";"992,0";"992,8";"992,0";"2,5";"265,0";"5,9";"2904,00";"0,0"
"12/12/2023";"1700";"30,3";"31,9";"30,2";"63,0";"65,0";"56,0";"22,3";"23,3";"21,2";"991,1";"992,0";"991,1";"2,1";"303,0";"6,4";"2811,30";"0,0"
"12/12/2023";"1800";"32,3";"33,4";"29,9";"57,0";"66,0";"54,0";"22,7";"24,3";"22,0";"990,0";"991,1";"990,0";"1,2";"306,0";"5,6";"2683,40";"0,0"
"12/12/2023";"1900";"30,9";"32,5";"30,1";"59,0";"64,0";"56,0";"22,1";"23,2";"21,6";"988,8";"990,0";"988,8";"2,4";"277,0";"5,2";"1156,40";"0,0"
"12/12/2023";"2000";"31,7";"32,5";"30,8";"57,0";"61,0";"53,0";"22,1";"22,9";"21,2";"987,9";"988,8";"987,9";"1,5";"283,0";"4,7";"1918,00";"0,0"
"12/12/2023";"2100";"31,0";"32,0";"29,5";"61,0";"67,0";"56,0";"22,5";"22,8";"21,6";"987,7";"987,9";"987,7";"0,9";"321,0";"4,6";"580,50";"0,0"
"12/12/2023";"2200";"28,1";"31,2";"28,1";"73,0";"73,0";"57,0";"22,8";"23,2";"21,5";"988,3";"988,3";"987,7";"0,4";"301,0";"3,7";"284,10";"0,0"
"12/12/2023";"2300";"26,6";"28,2";"26,6";"80,0";"80,0";"71,0";"22,9";"23,4";"22,4";"989,0";"989,0";"988,3";"0,8";"228,0";"2,8";"0,90";"0,0"
"13/12/2023";"0000";"26,0";"26,6";"26,0";"83,0";"83,0";"80,0";"22,8";"23,0";"22,8";"989,8";"989,8";"989,0";"1,0";"290,0";"2,5";"";"0,0"
"13/12/2023";"0100";"25,0";"26,0";"25,0";"90,0";"90,0";"83,0";"23,2";"23,3";"22,8";"990,9";"990,9";"989,8";"0,0";"246,0";"2,3";"";"0,0"
"13/12/2023";"0200";"24,7";"25,0";"24,7";"90,0";"91,0";"89,0";"23,0";"23,3";"22,9";"991,6";"991,6";"990,9";"0,6";"218,0";"1,2";"";"0,0"
"13/12/2023";"0300";"23,9";"24,7";"23,9";"93,0";"93,0";"90,0";"22,7";"23,3";"22,7";"991,3";"991,8";"991,3";"0,0";"193,0";"1,2";"";"0,0"
"13/12/2023";"0400";"23,6";"23,9";"23,5";"96,0";"96,0";"93,0";"23,0";"23,1";"22,7";"990,9";"991,3";"990,9";"0,5";"208,0";"1,3";"";"0,0"
"13/12/2023";"0500";"23,3";"23,6";"23,3";"98,0";"98,0";"96,0";"22,9";"23,1";"22,9";"990,9";"991,0";"990,9";"0,0";"298,0";"1,4";"";"0,0"
"13/12/2023";"0600";"23,6";"23,7";"23,3";"98,0";"98,0";"98,0";"23,2";"23,3";"22,9";"990,2";"990,9";"990,2";"0,0";"217,0";"0,0";"";"0,0"
"13/12/2023";"0700";"23,0";"23,6";"23,0";"98,0";"98,0";"98,0";"22,8";"23,2";"22,8";"989,6";"990,2";"989,6";"0,0";"209,0";"0,0";"";"0,0"
"13/12/2023";"0800";"23,1";"23,1";"22,9";"99,0";"99,0";"98,0";"22,9";"22,9";"22,6";"989,6";"989,7";"989,5";"0,0";"227,0";"0,0";"";"0,0"
"13/12/2023";"0900";"23,0";"23,2";"23,0";"99,0";"99,0";"99,0";"22,9";"23,0";"22,8";"989,8";"989,8";"989,5";"0,1";"229,0";"2,2";"";"0,0"
"13/12/2023";"1000";"23,2";"23,4";"22,9";"96,0";"99,0";"96,0";"22,5";"23,1";"22,5";"990,6";"990,6";"989,8";"2,2";"232,0";"4,6";"9,50";"0,0"
"13/12/2023";"1100";"23,7";"23,7";"23,1";"95,0";"97,0";"95,0";"22,9";"22,9";"22,4";"991,3";"991,3";"990,6";"0,0";"259,0";"3,8";"130,70";"0,0"
"13/12/2023";"1200";"26,4";"26,4";"23,7";"84,0";"95,0";"84,0";"23,5";"23,6";"22,9";"991,8";"991,8";"991,3";"1,7";"236,0";"3,8";"1043,80";"0,0"
"13/12/2023";"1300";"29,4";"29,7";"26,4";"71,0";"85,0";"69,0";"23,6";"24,4";"22,9";"991,9";"991,9";"991,8";"0,5";"285,0";"3,0";"2170,50";"0,0"
"13/12/2023";"1400";"30,6";"31,9";"29,3";"65,0";"72,0";"61,0";"23,3";"24,7";"22,9";"991,8";"992,0";"991,8";"1,7";"274,0";"3,8";"2507,70";"0,0"
"13/12/2023";"1500";"31,4";"31,4";"29,3";"66,0";"73,0";"63,0";"24,2";"25,1";"22,5";"991,2";"991,8";"991,2";"1,1";"243,0";"3,5";"1890,70";"0,0"
"13/12/2023";"1600";"25,7";"31,4";"23,4";"87,0";"90,0";"63,0";"23,3";"24,4";"20,6";"990,2";"991,2";"990,2";"1,9";"274,0";"9,4";"1098,10";"7,0"
"13/12/2023";"1700";"29,3";"30,8";"25,7";"75,0";"88,0";"68,0";"24,4";"26,0";"22,0";"988,5";"990,2";"988,5";"2,3";"285,0";"4,5";"3325,80";"0,4"
"13/12/2023";"1800";"24,2";"29,3";"23,8";"98,0";"98,0";"75,0";"23,8";"25,0";"22,7";"988,5";"989,3";"988,4";"2,3";"246,0";"5,9";"268,80";"16,4"
"13/12/2023";"1900";"25,1";"25,1";"24,1";"98,0";"98,0";"98,0";"24,7";"24,8";"23,8";"987,1";"988,6";"987,1";"1,3";"305,0";"4,5";"366,30";"0,4"
"13/12/2023";"2000";"25,9";"26,1";"25,1";"90,0";"98,0";"90,0";"24,1";"25,0";"24,1";"986,0";"987,1";"986,0";"1,3";"209,0";"2,5";"655,20";"0,0"
"13/12/2023";"2100";"26,4";"26,6";"25,9";"89,0";"91,0";"86,0";"24,6";"24,6";"24,0";"986,2";"986,3";"986,0";"0,9";"217,0";"2,4";"484,10";"0,0"
"13/12/2023";"2200";"25,6";"26,6";"25,6";"93,0";"93,0";"88,0";"24,4";"24,7";"24,3";"986,3";"986,3";"986,1";"0,3";"255,0";"2,0";"213,60";"0,0"
"13/12/2023";"2300";"25,1";"25,6";"25,0";"97,0";"97,0";"93,0";"24,6";"24,6";"24,3";"987,5";"987,5";"986,2";"0,1";"311,0";"1,6";"2,80";"0,0"
"14/12/2023";"0000";"24,8";"25,3";"24,7";"96,0";"97,0";"94,0";"24,1";"24,8";"23,9";"987,9";"988,0";"987,5";"0,7";"285,0";"5,9";"";"0,0"
"14/12/2023";"0100";"24,4";"25,0";"24,4";"96,0";"97,0";"95,0";"23,8";"24,3";"23,8";"987,9";"987,9";"987,7";"0,3";"194,0";"2,4";"";"0,0"
"14/12/2023";"0200";"24,3";"24,4";"24,2";"97,0";"97,0";"96,0";"23,8";"23,9";"23,7";"988,7";"988,7";"987,9";"0,1";"220,0";"1,8";"";"0,0"
"14/12/2023";"0300";"24,2";"24,4";"24,2";"98,0";"98,0";"97,0";"23,8";"24,0";"23,8";"989,3";"989,3";"988,7";"1,0";"291,0";"1,8";"";"0,0"
"14/12/2023";"0400";"24,0";"24,2";"24,0";"99,0";"99,0";"98,0";"23,8";"23,9";"23,7";"989,2";"989,3";"989,2";"0,0";"196,0";"1,8";"";"0,0"
"14/12/2023";"0500";"24,3";"24,4";"24,0";"99,0";"99,0";"99,0";"24,1";"24,1";"23,9";"988,6";"989,2";"988,6";"0,2";"301,0";"1,2";"";"0,0"
"14/12/2023";"0600";"24,2";"24,3";"24,1";"99,0";"99,0";"99,0";"24,0";"24,1";"23,9";"987,8";"988,6";"987,8";"0,5";"306,0";"1,4";"";"0,0"
"14/12/2023";"0700";"23,9";"24,2";"23,9";"99,0";"99,0";"99,0";"23,7";"24,0";"23,7";"987,6";"987,8";"987,6";"0,1";"192,0";"1,5";"";"0,0"
"14/12/2023";"0800";"23,4";"23,9";"23,4";"99,0";"99,0";"99,0";"23,3";"23,7";"23,3";"987,7";"987,7";"987,5";"0,3";"292,0";"0,9";"";"0,0"
"14/12/2023";"0900";"23,5";"23,6";"23,4";"99,0";"99,0";"99,0";"23,5";"23,5";"23,4";"988,2";"988,2";"987,7";"0,0";"222,0";"1,5";"";"0,0"
"14/12/2023";"1000";"21,5";"23,7";"21,5";"99,0";"100,0";"99,0";"21,4";"23,6";"21,3";"989,1";"989,1";"988,2";"0,4";"308,0";"7,4";"2,60";"4,4"
"14/12/2023";"1100";"21,6";"21,8";"21,5";"99,0";"99,0";"99,0";"21,5";"21,6";"21,4";"990,4";"990,7";"989,0";"1,8";"202,0";"4,0";"5,50";"3,6"
"14/12/2023";"1200";"21,8";"21,9";"21,6";"99,0";"99,0";"99,0";"21,7";"21,8";"21,5";"990,7";"990,7";"990,3";"1,0";"201,0";"5,2";"17,90";"5,0"
"14/12/2023";"1300";"22,4";"22,4";"21,8";"99,0";"99,0";"99,0";"22,2";"22,2";"21,7";"991,0";"991,1";"990,7";"0,3";"211,0";"2,3";"203,80";"2,6"
"14/12/2023";"1400";"24,2";"24,2";"22,3";"98,0";"99,0";"98,0";"23,8";"23,8";"22,2";"991,2";"991,3";"991,0";"0,4";"281,0";"2,5";"963,30";"0,0"
"14/12/2023";"1500";"27,3";"27,3";"24,0";"82,0";"98,0";"82,0";"24,0";"24,4";"22,9";"990,3";"991,2";"990,3";"0,9";"227,0";"2,2";"1992,00";"0,0"
"14/12/2023";"1600";"28,6";"28,9";"27,1";"79,0";"85,0";"76,0";"24,7";"25,0";"23,8";"989,2";"990,3";"989,2";"0,9";"227,0";"2,9";"2714,10";"0,0"
"14/12/2023";"1700";"";"";"";"";"";"";"";"";"";"";"";"";"";"";"";"";""
"14/12/2023";"1800";"29,4";"29,9";"29,2";"74,0";"78,0";"72,0";"24,4";"25,3";"24,0";"986,3";"987,7";"986,3";"0,9";"219,0";"2,6";"1704,90";"0,0"
"14/12/2023";"1900";"29,9";"30,1";"29,3";"74,0";"77,0";"71,0";"24,7";"25,3";"24,0";"985,6";"986,3";"985,6";"0,7";"243,0";"2,9";"1495,70";"0,0"
"14/12/2023";"2000";"29,9";"30,0";"29,6";"72,0";"75,0";"71,0";"24,3";"25,0";"23,8";"984,9";"985,7";"984,9";"1,1";"213,0";"2,8";"1310,70";"0,0"
"14/12/2023";"2100";"25,5";"30,4";"25,5";"85,0";"85,0";"70,0";"22,7";"24,7";"22,1";"985,9";"986,0";"984,9";"1,8";"311,0";"6,5";"653,40";"0,0"
"14/12/2023";"2200";"24,0";"25,4";"24,0";"96,0";"96,0";"85,0";"23,3";"23,5";"22,8";"986,6";"986,8";"985,9";"0,3";"272,0";"6,1";"92,40";"1,6"
"14/12/2023";"2300";"23,7";"24,0";"23,7";"97,0";"97,0";"96,0";"23,1";"23,3";"23,1";"987,8";"987,8";"986,6";"0,8";"207,0";"2,0";"1,10";"0,0"
"15/12/2023";"0000";"23,6";"23,7";"23,5";"98,0";"98,0";"97,0";"23,2";"23,2";"23,0";"987,9";"988,2";"987,7";"0,0";"245,0";"1,4";"";"0,0"
"15/12/2023";"0100";"23,4";"23,7";"23,4";"98,0";"98,0";"98,0";"23,1";"23,3";"23,1";"988,7";"989,0";"987,8";"0,2";"279,0";"1,5";"";"0,0"
"15/12/2023";"0200";"23,3";"23,4";"23,2";"99,0";"99,0";"98,0";"23,1";"23,2";"23,0";"989,4";"989,5";"988,6";"1,5";"213,0";"2,7";"";"0,0"
"15/12/2023";"0300";"23,1";"23,3";"23,1";"99,0";"99,0";"99,0";"22,9";"23,1";"22,9";"989,4";"989,6";"989,2";"0,9";"206,0";"2,7";"";"0,0"
"15/12/2023";"0400";"22,9";"23,1";"22,9";"99,0";"99,0";"99,0";"22,8";"22,9";"22,7";"989,6";"989,8";"989,4";"0,0";"301,0";"1,7";"";"0,0"
"15/12/2023";"0500";"22,9";"23,0";"22,8";"99,0";"99,0";"99,0";"22,7";"22,8";"22,7";"989,6";"989,7";"989,4";"0,0";"284,0";"1,7";"";"0,0"
"15/12/2023";"0600";"23,2";"23,3";"22,9";"99,0";"99,0";"99,0";"23,1";"23,2";"22,8";"989,4";"989,6";"989,2";"0,1";"330,0";"2,6";"0,20";"0,0"
"15/12/2023";"0700";"22,5";"23,3";"22,5";"99,0";"99,0";"99,0";"22,4";"23,1";"22,4";"989,0";"989,7";"989,0";"1,3";"314,0";"3,9";"0,10";"8,6"
"15/12/2023";"0800";"22,1";"22,6";"22,0";"99,0";"99,0";"99,0";"22,0";"22,5";"21,9";"989,1";"989,2";"988,9";"1,0";"300,0";"2,8";"";"0,2"
"15/12/2023";"0900";"22,2";"22,2";"22,0";"100,0";"100,0";"99,0";"22,1";"22,1";"21,9";"989,8";"989,9";"989,1";"0,0";"330,0";"1,8";"";"0,0"
"15/12/2023";"1000";"22,2";"22,3";"22,1";"100,0";"100,0";"100,0";"22,1";"22,2";"22,1";"990,0";"990,1";"989,8";"0,0";"233,0";"0,8";"3,00";"1,0"
"15/12/2023";"1100";"22,7";"22,8";"22,2";"100,0";"100,0";"100,0";"22,6";"22,7";"22,1";"990,6";"990,6";"990,0";"0,9";"190,0";"1,8";"192,90";"0,2"
"15/12/2023";"1200";"23,9";"24,0";"22,7";"99,0";"100,0";"99,0";"23,8";"23,8";"22,6";"991,4";"991,4";"990,6";"1,3";"221,0";"2,6";"570,40";"0,0"
"15/12/2023";"1300";"25,0";"25,0";"23,9";"92,0";"99,0";"92,0";"23,6";"24,0";"23,4";"991,7";"991,8";"991,4";"1,2";"223,0";"3,1";"694,80";"0,0"
"15/12/2023";"1400";"27,0";"27,0";"25,0";"81,0";"92,0";"81,0";"23,5";"23,9";"23,0";"991,6";"991,7";"991,5";"1,9";"262,0";"3,6";"1484,60";"0,0"
"15/12/2023";"1500";"28,1";"28,5";"27,0";"76,0";"82,0";"75,0";"23,5";"24,3";"23,2";"991,3";"991,7";"991,3";"1,9";"231,0";"5,1";"2328,90";"0,0"
"15/12/2023";"1600";"29,7";"29,8";"27,8";"73,0";"79,0";"71,0";"24,3";"24,7";"23,1";"990,7";"991,3";"990,7";"1,0";"256,0";"3,6";"2602,30";"0,0"
"15/12/2023";"1700";"29,3";"29,9";"28,7";"72,0";"78,0";"70,0";"23,8";"24,9";"23,2";"990,0";"990,7";"990,0";"1,7";"273,0";"3,8";"1905,80";"0,0"
"15/12/2023";"1800";"29,4";"30,5";"29,2";"72,0";"74,0";"69,0";"23,8";"24,8";"23,3";"989,0";"990,0";"989,0";"2,4";"271,0";"4,0";"1806,20";"0,0"
"15/12/2023";"1900";"29,8";"30,0";"27,7";"71,0";"82,0";"70,0";"23,9";"24,7";"23,5";"987,5";"989,0";"987,5";"1,1";"224,0";"4,8";"1604,40";"0,0"
"15/12/2023";"2000";"27,6";"31,2";"27,6";"80,0";"80,0";"65,0";"23,8";"24,8";"23,0";"987,1";"987,5";"986,5";"2,6";"309,0";"5,6";"1197,40";"0,6"
"15/12/2023";"2100";"25,0";"27,6";"25,0";"93,0";"94,0";"80,0";"23,9";"24,4";"23,7";"987,2";"987,2";"986,7";"1,2";"201,0";"5,2";"62,00";"2,0"
"15/12/2023";"2200";"23,9";"25,2";"23,9";"94,0";"96,0";"93,0";"22,9";"24,3";"22,9";"988,1";"988,4";"987,2";"0,7";"290,0";"4,7";"26,50";"0,2"
"15/12/2023";"2300";"22,5";"24,0";"22,2";"98,0";"98,0";"94,0";"22,2";"23,0";"21,4";"988,5";"988,9";"988,1";"1,4";"191,0";"8,8";"0,80";"14,6"
"16/12/2023";"0000";"22,5";"22,6";"22,4";"99,0";"99,0";"98,0";"22,3";"22,4";"22,2";"988,9";"988,9";"988,5";"0,8";"261,0";"2,8";"";"0,0"
"16/12/2023";"0100";"22,5";"22,6";"22,4";"99,0";"99,0";"99,0";"22,4";"22,4";"22,2";"990,0";"990,0";"988,9";"0,1";"311,0";"2,2";"";"0,0"
"16/12/2023";"0200";"23,1";"23,1";"22,4";"99,0";"99,0";"99,0";"22,9";"22,9";"22,3";"990,7";"990,8";"990,0";"0,0";"349,0";"0,9";"";"0,0"
"16/12/2023";"0300";"22,8";"23,1";"22,8";"99,0";"99,0";"99,0";"22,7";"22,9";"22,7";"990,6";"990,7";"990,5";"0,0";"305,0";"0,7";"";"0,0"
"16/12/2023";"0400";"22,9";"23,0";"22,8";"100,0";"100,0";"99,0";"22,8";"22,9";"22,7";"990,4";"990,9";"990,4";"0,3";"295,0";"1,5";"";"0,2"
"16/12/2023";"0500";"22,7";"22,9";"22,7";"100,0";"100,0";"100,0";"22,6";"22,8";"22,6";"989,8";"990,4";"989,8";"0,3";"215,0";"1,3";"";"0,0"
"16/12/2023";"0600";"22,7";"22,7";"22,5";"100,0";"100,0";"100,0";"22,6";"22,6";"22,5";"989,6";"989,8";"989,5";"0,0";"233,0";"1,5";"";"0,0"
"16/12/2023";"0700";"22,6";"22,7";"22,6";"100,0";"100,0";"100,0";"22,6";"22,7";"22,6";"989,8";"989,8";"989,6";"0,5";"207,0";"1,7";"";"0,0"
"16/12/2023";"0800";"22,7";"22,7";"22,6";"100,0";"100,0";"100,0";"22,7";"22,7";"22,6";"989,8";"989,9";"989,7";"0,3";"202,0";"1,6";"";"0,0"
"16/12/2023";"0900";"22,7";"22,7";"22,6";"100,0";"100,0";"100,0";"22,7";"22,7";"22,6";"990,0";"990,0";"989,7";"0,6";"233,0";"1,9";"";"0,0"
"16/12/2023";"1000";"22,8";"22,8";"22,7";"100,0";"100,0";"100,0";"22,7";"22,7";"22,7";"990,6";"990,6";"989,9";"0,7";"207,0";"1,7";"12,80";"0,0"
"16/12/2023";"1100";"24,2";"24,2";"22,8";"100,0";"100,0";"100,0";"24,2";"24,2";"22,7";"991,0";"991,0";"990,6";"0,0";"231,0";"2,0";"382,50";"0,0"
"16/12/2023";"1200";"26,9";"27,1";"24,2";"82,0";"100,0";"82,0";"23,5";"25,3";"23,4";"992,0";"992,0";"991,0";"0,6";"219,0";"1,9";"1287,30";"0,0"
"16/12/2023";"1300";"28,8";"28,8";"26,8";"75,0";"83,0";"75,0";"23,9";"24,6";"23,5";"992,5";"992,6";"992,0";"1,3";"229,0";"2,8";"2084,00";"0,0"
"16/12/2023";"1400";"30,1";"30,7";"28,8";"72,0";"77,0";"70,0";"24,5";"25,5";"23,2";"992,2";"992,5";"992,2";"2,4";"273,0";"4,4";"2720,40";"0,2"
"16/12/2023";"1500";"30,4";"31,2";"30,0";"69,0";"74,0";"67,0";"24,2";"25,4";"23,9";"991,6";"992,2";"991,6";"2,7";"231,0";"5,0";"2747,50";"0,0"
"16/12/2023";"1600";"31,7";"32,1";"30,1";"62,0";"73,0";"61,0";"23,4";"25,2";"23,4";"990,4";"991,6";"990,3";"3,6";"255,0";"6,8";"2747,10";"0,0"
"16/12/2023";"1700";"33,2";"33,3";"30,8";"62,0";"65,0";"58,0";"24,9";"25,1";"22,7";"989,7";"990,4";"989,7";"1,8";"310,0";"6,8";"2985,90";"0,0"
"16/12/2023";"1800";"26,0";"33,2";"24,5";"93,0";"95,0";"61,0";"24,8";"24,9";"21,9";"988,9";"989,9";"988,9";"2,7";"296,0";"8,0";"707,80";"5,6"
"16/12/2023";"1900";"27,1";"27,4";"26,0";"89,0";"93,0";"88,0";"25,2";"25,5";"24,6";"988,6";"989,0";"988,3";"3,1";"302,0";"4,9";"893,20";"0,2"
"16/12/2023";"2000";"24,1";"27,4";"23,9";"93,0";"95,0";"88,0";"23,0";"26,2";"22,2";"988,5";"988,9";"988,1";"0,7";"232,0";"9,4";"550,50";"1,6"
"16/12/2023";"2100";"23,7";"24,5";"23,7";"96,0";"96,0";"92,0";"23,0";"23,4";"22,8";"988,3";"988,8";"988,3";"3,0";"308,0";"4,5";"326,60";"0,0"
"16/12/2023";"2200";"23,8";"24,0";"23,7";"95,0";"96,0";"94,0";"23,0";"23,1";"22,9";"988,3";"988,6";"988,1";"1,3";"302,0";"5,0";"127,60";"0,0"
"16/12/2023";"2300";"23,3";"23,8";"23,2";"98,0";"98,0";"95,0";"22,9";"23,0";"22,8";"989,8";"989,8";"988,2";"0,0";"328,0";"2,8";"2,70";"0,0"
"17/12/2023";"0000";"23,2";"23,4";"23,2";"98,0";"98,0";"98,0";"22,9";"23,0";"22,8";"990,4";"990,4";"989,8";"0,9";"224,0";"2,0";"";"0,0"
"17/12/2023";"0100";"23,0";"23,2";"22,8";"99,0";"99,0";"98,0";"22,8";"22,9";"22,6";"991,1";"991,1";"990,2";"0,9";"215,0";"2,1";"";"0,0"
"17/12/2023";"0200";"23,0";"23,1";"22,9";"99,0";"99,0";"99,0";"22,8";"22,9";"22,7";"991,6";"991,6";"991,1";"0,4";"246,0";"2,1";"";"0,0"
"17/12/2023";"0300";"22,8";"23,0";"22,7";"99,0";"99,0";"98,0";"22,7";"22,7";"22,5";"991,6";"991,6";"991,5";"0,7";"295,0";"1,6";"";"0,0"
"17/12/2023";"0400";"22,9";"22,9";"22,8";"99,0";"99,0";"99,0";"22,8";"22,8";"22,6";"991,1";"991,6";"991,1";"0,0";"281,0";"1,6";"";"0,0"
"17/12/2023";"0500";"22,8";"22,9";"22,8";"99,0";"99,0";"99,0";"22,7";"22,8";"22,7";"990,3";"991,1";"990,3";"0,7";"264,0";"1,3";"";"0,0"
"17/12/2023";"0600";"22,7";"22,8";"22,7";"100,0";"100,0";"99,0";"22,7";"22,7";"22,6";"990,1";"990,3";"989,9";"0,0";"326,0";"1,3";"";"0,0"
"17/12/2023";"0700";"22,7";"22,8";"22,7";"100,0";"100,0";"100,0";"22,7";"22,7";"22,7";"990,0";"990,2";"989,8";"0,0";"256,0";"1,1";"";"0,0"
"17/12/2023";"0800";"22,5";"22,7";"22,4";"100,0";"100,0";"100,0";"22,4";"22,7";"22,4";"990,3";"990,3";"990,0";"0,0";"197,0";"0,0";"";"0,0"
"17/12/2023";"0900";"22,5";"22,6";"22,4";"100,0";"100,0";"100,0";"22,5";"22,6";"22,3";"990,7";"990,7";"990,2";"0,0";"258,0";"0,0";"";"0,0"
"17/12/2023";"1000";"22,7";"22,7";"22,4";"100,0";"100,0";"100,0";"22,7";"22,7";"22,4";"991,8";"991,8";"990,7";"0,0";"197,0";"0,8";"6,00";"0,0"
"17/12/2023";"1100";"23,0";"23,0";"22,7";"100,0";"100,0";"100,0";"22,9";"22,9";"22,7";"992,5";"992,5";"991,8";"0,5";"189,0";"1,6";"91,30";"0,0"
"17/12/2023";"1200";"24,8";"24,8";"23,0";"99,0";"100,0";"99,0";"24,6";"24,6";"22,9";"993,2";"993,2";"992,5";"0,8";"273,0";"1,7";"661,80";"0,0"
"17/12/2023";"1300";"26,9";"26,9";"24,8";"84,0";"99,0";"84,0";"24,0";"24,8";"23,5";"993,5";"993,5";"993,2";"1,3";"236,0";"2,9";"1363,80";"0,0"
"17/12/2023";"1400";"27,9";"28,5";"26,5";"81,0";"85,0";"80,0";"24,3";"25,0";"23,4";"993,2";"993,6";"993,1";"1,2";"268,0";"4,0";"1891,50";"0,0"
"17/12/2023";"1500";"28,4";"29,7";"27,4";"79,0";"84,0";"74,0";"24,4";"25,5";"24,0";"992,7";"993,2";"992,7";"1,0";"293,0";"2,9";"1894,40";"0,0"
"17/12/2023";"1600";"29,7";"30,7";"28,4";"75,0";"80,0";"72,0";"24,9";"26,0";"23,9";"992,0";"992,7";"992,0";"1,7";"285,0";"4,3";"2032,80";"0,2"
"17/12/2023";"1700";"29,1";"31,3";"29,0";"78,0";"78,0";"67,0";"24,9";"25,6";"24,1";"990,9";"992,0";"990,9";"1,7";"258,0";"4,3";"2383,60";"0,0"
"17/12/2023";"1800";"23,9";"29,1";"23,9";"86,0";"86,0";"77,0";"21,4";"25,6";"21,4";"990,3";"990,9";"989,9";"1,9";"305,0";"5,6";"542,20";"4,0"
"17/12/2023";"1900";"23,9";"24,0";"22,9";"94,0";"97,0";"86,0";"23,0";"23,3";"21,4";"990,2";"990,4";"989,3";"3,6";"266,0";"8,9";"344,60";"13,6"
"17/12/2023";"2000";"22,6";"23,9";"22,6";"97,0";"97,0";"92,0";"22,2";"22,8";"21,9";"989,4";"990,2";"989,4";"1,8";"199,0";"8,4";"25,90";"1,8"
"17/12/2023";"2100";"23,0";"23,0";"22,6";"98,0";"98,0";"97,0";"22,6";"22,7";"22,2";"989,2";"989,6";"989,2";"0,5";"212,0";"3,0";"71,60";"0,0"
"17/12/2023";"2200";"23,2";"23,3";"23,0";"97,0";"98,0";"97,0";"22,7";"22,9";"22,6";"989,6";"989,6";"988,8";"0,3";"216,0";"2,3";"169,40";"0,0"
"17/12/2023";"2300";"23,1";"23,2";"23,0";"98,0";"98,0";"97,0";"22,8";"22,8";"22,7";"990,4";"990,5";"989,6";"2,0";"266,0";"4,2";"3,10";"0,0"
"18/12/2023";"0000";"22,9";"23,1";"22,9";"99,0";"99,0";"98,0";"22,6";"22,8";"22,6";"990,9";"991,0";"990,4";"1,1";"198,0";"3,9";"";"0,0"
"18/12/2023";"0100";"22,9";"23,0";"22,9";"99,0";"99,0";"99,0";"22,7";"22,8";"22,6";"991,9";"991,9";"990,8";"0,1";"277,0";"3,1";"";"0,0"
"18/12/2023";"0200";"22,7";"22,9";"22,6";"99,0";"99,0";"99,0";"22,6";"22,7";"22,5";"991,6";"992,0";"991,6";"1,6";"317,0";"2,6";"";"0,0"
"18/12/2023";"0300";"22,7";"22,7";"22,6";"100,0";"100,0";"99,0";"22,6";"22,6";"22,5";"991,7";"991,8";"991,6";"1,7";"312,0";"3,2";"";"0,0"
"18/12/2023";"0400";"22,6";"22,7";"22,6";"100,0";"100,0";"100,0";"22,5";"22,6";"22,5";"991,2";"991,8";"991,1";"0,0";"322,0";"3,2";"";"0,0"
"18/12/2023";"0500";"22,4";"22,6";"22,4";"100,0";"100,0";"100,0";"22,4";"22,5";"22,4";"989,7";"991,2";"989,6";"1,0";"191,0";"2,1";"";"0,0"
"18/12/2023";"0600";"22,3";"22,4";"22,3";"100,0";"100,0";"100,0";"22,2";"22,4";"22,2";"989,4";"989,8";"989,2";"0,5";"217,0";"2,3";"";"0,0"
"18/12/2023";"0700";"22,3";"22,4";"22,2";"100,0";"100,0";"100,0";"22,2";"22,4";"22,2";"989,2";"989,5";"989,2";"0,0";"295,0";"1,5";"";"0,0"
"18/12/2023";"0800";"22,2";"22,3";"22,2";"100,0";"100,0";"100,0";"22,2";"22,3";"22,2";"989,1";"989,3";"989,1";"0,1";"320,0";"2,2";"";"0,0"
"18/12/2023";"0900";"22,2";"22,3";"22,1";"100,0";"100,0";"100,0";"22,2";"22,3";"22,1";"989,7";"989,7";"989,1";"0,2";"207,0";"1,5";"0,10";"0,0"
"18/12/2023";"1000";"22,2";"22,3";"22,1";"100,0";"100,0";"100,0";"22,2";"22,3";"22,1";"990,2";"990,2";"989,7";"0,0";"245,0";"1,8";"17,60";"0,2"
"18/12/2023";"1100";"23,0";"23,0";"22,2";"100,0";"100,0";"100,0";"23,0";"23,0";"22,2";"991,5";"991,5";"990,2";"0,0";"276,0";"1,2";"262,40";"0,0"
"18/12/2023";"1200";"24,1";"24,1";"22,6";"100,0";"100,0";"100,0";"24,1";"24,1";"22,6";"992,6";"992,7";"991,5";"0,4";"244,0";"1,8";"548,60";"0,0"
"18/12/2023";"1300";"26,7";"27,0";"24,1";"83,0";"100,0";"82,0";"23,6";"24,7";"23,2";"993,0";"993,1";"992,6";"0,3";"244,0";"2,2";"1708,00";"0,0"
"18/12/2023";"1400";"28,4";"28,7";"26,4";"78,0";"85,0";"78,0";"24,3";"24,8";"23,4";"993,3";"993,4";"993,0";"0,0";"250,0";"2,5";"2136,70";"0,0"
"18/12/2023";"1500";"30,4";"30,4";"28,0";"70,0";"81,0";"69,0";"24,2";"25,2";"23,3";"992,2";"993,3";"992,2";"0,0";"247,0";"1,3";"2955,30";"0,0"
"18/12/2023";"1600";"31,5";"31,6";"29,7";"64,0";"75,0";"62,0";"23,8";"25,5";"22,6";"991,3";"992,2";"991,3";"1,2";"291,0";"3,4";"3543,00";"0,0"
"18/12/2023";"1700";"32,1";"32,1";"30,1";"63,0";"70,0";"61,0";"24,3";"25,3";"23,3";"990,0";"991,3";"990,0";"1,5";"287,0";"3,9";"3265,60";"0,0"
"18/12/2023";"1800";"32,6";"32,8";"31,6";"62,0";"65,0";"58,0";"24,4";"24,7";"22,8";"988,8";"990,0";"988,8";"2,2";"276,0";"4,5";"3310,00";"0,0"
"18/12/2023";"1900";"31,2";"33,0";"30,7";"57,0";"66,0";"55,0";"21,7";"24,6";"21,4";"987,8";"988,8";"987,7";"2,5";"314,0";"6,5";"2189,20";"0,0"
"18/12/2023";"2000";"29,5";"31,3";"28,6";"70,0";"72,0";"57,0";"23,4";"23,6";"21,2";"987,1";"987,8";"987,1";"1,0";"316,0";"6,5";"815,90";"0,0"
"18/12/2023";"2100";"29,4";"31,2";"29,4";"64,0";"70,0";"60,0";"21,8";"23,5";"21,6";"987,3";"987,4";"987,1";"1,8";"280,0";"3,6";"1097,30";"0,0"
"18/12/2023";"2200";"27,2";"29,4";"27,2";"82,0";"83,0";"64,0";"23,9";"24,0";"21,8";"987,5";"987,5";"987,2";"1,1";"238,0";"3,6";"323,30";"0,0"
"18/12/2023";"2300";"25,8";"27,2";"25,7";"87,0";"87,0";"80,0";"23,3";"23,9";"23,2";"988,2";"988,2";"987,5";"0,7";"233,0";"2,2";"10,70";"0,0"
"19/12/2023";"0000";"24,9";"25,8";"24,8";"91,0";"92,0";"86,0";"23,4";"23,5";"23,2";"989,0";"989,0";"988,2";"0,8";"193,0";"1,6";"";"0,0"
"19/12/2023";"0100";"24,2";"24,9";"24,2";"96,0";"96,0";"91,0";"23,4";"23,5";"23,2";"989,5";"989,5";"989,0";"0,0";"245,0";"1,4";"";"0,0"
"19/12/2023";"0200";"24,1";"24,3";"24,1";"97,0";"97,0";"96,0";"23,5";"23,7";"23,4";"990,0";"990,1";"989,5";"0,5";"192,0";"1,6";"";"0,0"
"19/12/2023";"0300";"23,8";"24,1";"23,7";"98,0";"98,0";"97,0";"23,5";"23,6";"23,2";"990,2";"990,3";"990,0";"0,4";"230,0";"1,1";"";"0,0"
"19/12/2023";"0400";"23,7";"23,9";"23,6";"99,0";"99,0";"98,0";"23,4";"23,5";"23,3";"989,9";"990,2";"989,9";"0,3";"232,0";"1,3";"";"0,0"
"19/12/2023";"0500";"23,3";"23,7";"23,2";"99,0";"99,0";"98,0";"23,1";"23,5";"23,0";"989,1";"989,9";"989,1";"0,4";"221,0";"1,2";"";"0,0"
"19/12/2023";"0600";"23,0";"23,3";"23,0";"99,0";"99,0";"99,0";"22,9";"23,0";"22,8";"989,0";"989,1";"988,8";"0,0";"227,0";"1,9";"";"0,0"
"19/12/2023";"0700";"22,8";"23,0";"22,6";"99,0";"99,0";"99,0";"22,7";"22,9";"22,5";"989,0";"989,1";"988,9";"0,0";"223,0";"1,0";"";"0,0"
"19/12/2023";"0800";"22,6";"22,9";"22,4";"100,0";"100,0";"99,0";"22,5";"22,8";"22,3";"989,1";"989,1";"988,8";"0,1";"291,0";"0,6";"";"0,0"
"19/12/2023";"0900";"22,4";"22,7";"22,3";"100,0";"100,0";"100,0";"22,4";"22,6";"22,2";"989,5";"989,5";"989,0";"0,0";"215,0";"1,1";"";"0,0"
"19/12/2023";"1000";"22,5";"22,5";"22,2";"100,0";"100,0";"100,0";"22,4";"22,4";"22,1";"990,1";"990,1";"989,4";"0,0";"231,0";"1,5";"16,30";"0,0"
"19/12/2023";"1100";"23,9";"23,9";"22,4";"100,0";"100,0";"100,0";"23,9";"23,9";"22,4";"991,1";"991,1";"990,1";"1,2";"215,0";"2,4";"393,70";"0,0"
"19/12/2023";"1200";"26,3";"26,3";"23,9";"90,0";"100,0";"90,0";"24,5";"25,0";"23,9";"991,6";"991,6";"991,1";"0,4";"307,0";"2,3";"814,40";"0,0"
"19/12/2023";"1300";"28,8";"28,8";"26,3";"78,0";"90,0";"78,0";"24,6";"24,9";"24,0";"991,3";"991,7";"991,3";"2,2";"304,0";"3,7";"1934,40";"0,0"
"19/12/2023";"1400";"30,6";"30,6";"28,8";"71,0";"78,0";"69,0";"24,6";"25,1";"23,9";"991,2";"991,4";"991,2";"1,3";"260,0";"3,8";"2774,30";"0,0"
"19/12/2023";"1500";"32,4";"32,4";"30,4";"61,0";"73,0";"58,0";"23,8";"25,2";"23,0";"990,5";"991,2";"990,5";"1,2";"290,0";"3,3";"3072,10";"0,0"
"19/12/2023";"1600";"32,5";"33,4";"30,9";"55,0";"67,0";"55,0";"22,4";"25,0";"22,4";"989,6";"990,5";"989,6";"1,4";"264,0";"3,2";"2925,10";"0,0"
"19/12/2023";"1700";"33,1";"33,9";"32,4";"50,0";"60,0";"47,0";"21,2";"24,3";"20,6";"988,6";"989,6";"988,6";"1,1";"279,0";"3,2";"3636,50";"0,0"
"19/12/2023";"1800";"34,0";"34,7";"33,0";"53,0";"55,0";"49,0";"23,2";"24,0";"22,0";"987,6";"988,6";"987,6";"1,3";"273,0";"5,0";"3417,00";"0,0"
"19/12/2023";"1900";"34,4";"34,4";"33,5";"49,0";"56,0";"49,0";"22,1";"23,8";"21,8";"986,5";"987,6";"986,5";"1,3";"232,0";"3,4";"2769,00";"0,0"
"19/12/2023";"2000";"33,5";"34,6";"32,9";"54,0";"56,0";"46,0";"22,8";"23,6";"21,1";"985,5";"986,5";"985,5";"1,3";"230,0";"3,3";"1795,90";"0,0"
"19/12/2023";"2100";"33,0";"34,1";"32,8";"55,0";"57,0";"50,0";"22,7";"23,3";"22,1";"985,7";"985,7";"985,4";"1,6";"252,0";"3,3";"1171,10";"0,0"
"19/12/2023";"2200";"30,5";"33,0";"30,5";"66,0";"66,0";"54,0";"23,5";"23,6";"22,5";"986,1";"986,1";"985,7";"1,2";"242,0";"2,6";"333,50";"0,0"
"19/12/2023";"2300";"28,4";"30,5";"28,4";"76,0";"76,0";"66,0";"23,7";"23,7";"23,0";"987,1";"987,1";"986,1";"0,5";"235,0";"2,1";"7,60";"0,0"
"20/12/2023";"0000";"27,1";"28,5";"27,0";"85,0";"85,0";"75,0";"24,4";"24,4";"23,5";"987,8";"987,8";"987,1";"0,4";"192,0";"1,4";"";"0,0"
"20/12/2023";"0100";"26,3";"27,4";"26,3";"90,0";"90,0";"84,0";"24,5";"24,6";"24,1";"989,0";"989,0";"987,7";"0,1";"293,0";"2,5";"";"0,0"
"20/12/2023";"0200";"26,5";"26,5";"25,8";"88,0";"92,0";"88,0";"24,4";"24,7";"24,3";"989,3";"989,3";"988,9";"0,7";"275,0";"1,9";"";"0,0"
"20/12/2023";"0300";"25,7";"26,5";"25,3";"92,0";"94,0";"88,0";"24,3";"24,4";"24,2";"989,1";"989,4";"989,1";"1,4";"205,0";"2,6";"";"0,0"
"20/12/2023";"0400";"25,2";"25,8";"25,1";"95,0";"95,0";"91,0";"24,3";"24,3";"23,9";"988,7";"989,2";"988,7";"0,7";"306,0";"2,8";"";"0,0"
"20/12/2023";"0500";"24,8";"25,2";"24,7";"97,0";"97,0";"95,0";"24,2";"24,5";"24,0";"988,3";"988,7";"988,3";"0,8";"186,0";"2,4";"";"0,0"
"20/12/2023";"0600";"24,8";"24,8";"24,5";"97,0";"98,0";"96,0";"24,4";"24,4";"24,0";"988,4";"988,5";"987,9";"0,7";"230,0";"1,4";"";"0,0"
"20/12/2023";"0700";"24,9";"25,2";"24,8";"92,0";"97,0";"89,0";"23,4";"24,4";"23,1";"988,1";"988,5";"988,0";"0,5";"311,0";"2,1";"";"0,0"
"20/12/2023";"0800";"24,7";"25,1";"24,6";"95,0";"95,0";"90,0";"23,7";"23,7";"23,3";"988,7";"988,7";"987,8";"0,4";"305,0";"3,5";"";"0,0"
"20/12/2023";"0900";"23,4";"24,7";"23,4";"97,0";"97,0";"94,0";"22,9";"23,8";"22,8";"989,4";"989,5";"988,7";"2,9";"288,0";"5,8";"";"9,6"
"20/12/2023";"1000";"23,3";"23,4";"23,2";"99,0";"99,0";"97,0";"23,1";"23,1";"22,9";"989,8";"989,8";"989,1";"0,7";"301,0";"6,7";"6,10";"9,2"
"20/12/2023";"1100";"23,5";"23,6";"23,3";"99,0";"99,0";"99,0";"23,3";"23,4";"23,1";"990,3";"990,3";"989,7";"0,3";"304,0";"2,8";"85,90";"0,2"
"20/12/2023";"1200";"24,2";"24,2";"23,5";"99,0";"99,0";"98,0";"24,0";"24,0";"23,3";"991,7";"991,7";"990,3";"0,2";"293,0";"2,0";"323,00";"1,4"
"20/12/2023";"1300";"24,4";"24,9";"24,0";"93,0";"99,0";"93,0";"23,2";"24,2";"23,1";"991,5";"991,9";"991,5";"2,3";"300,0";"5,6";"528,00";"0,0"
"20/12/2023";"1400";"26,6";"26,6";"24,4";"84,0";"93,0";"84,0";"23,8";"23,9";"23,0";"991,2";"991,5";"991,2";"0,6";"292,0";"5,6";"1297,20";"0,0"
"20/12/2023";"1500";"29,1";"29,3";"26,6";"73,0";"85,0";"72,0";"23,8";"24,9";"22,9";"990,7";"991,2";"990,7";"1,3";"311,0";"3,4";"2804,60";"0,0"
"20/12/2023";"1600";"30,2";"31,1";"29,1";"71,0";"76,0";"67,0";"24,4";"25,4";"23,3";"990,2";"990,9";"990,2";"1,1";"321,0";"3,4";"2797,70";"0,0"
"20/12/2023";"1700";"29,2";"31,5";"29,1";"75,0";"75,0";"65,0";"24,3";"25,3";"23,3";"990,0";"990,2";"989,7";"1,1";"263,0";"4,3";"2098,10";"0,0"
"20/12/2023";"1800";"30,3";"30,3";"28,8";"74,0";"78,0";"74,0";"25,1";"25,2";"24,1";"988,5";"990,0";"988,5";"2,6";"292,0";"4,9";"1466,70";"0,0"
"20/12/2023";"1900";"29,6";"30,4";"28,9";"75,0";"78,0";"73,0";"24,7";"25,2";"24,1";"986,9";"988,5";"986,9";"1,5";"260,0";"4,3";"1161,60";"0,0"
"20/12/2023";"2000";"24,3";"29,8";"24,3";"85,0";"85,0";"74,0";"21,7";"25,3";"21,4";"987,7";"987,7";"986,5";"2,1";"320,0";"6,1";"1039,90";"0,0"
"20/12/2023";"2100";"21,9";"24,2";"21,9";"99,0";"99,0";"86,0";"21,7";"22,0";"21,4";"988,2";"988,6";"987,7";"1,1";"198,0";"7,3";"27,20";"50,0"
"20/12/2023";"2200";"22,2";"22,3";"21,9";"100,0";"100,0";"99,0";"22,2";"22,2";"21,7";"988,8";"988,8";"988,2";"0,8";"293,0";"2,8";"5,50";"3,2"
"20/12/2023";"2300";"22,2";"22,3";"22,1";"100,0";"100,0";"100,0";"22,2";"22,2";"22,1";"989,4";"989,4";"988,8";"0,3";"280,0";"2,5";"0,20";"4,8"
"21/12/2023";"0000";"22,3";"22,3";"22,1";"100,0";"100,0";"100,0";"22,2";"22,2";"22,1";"990,2";"990,2";"989,4";"0,6";"287,0";"2,3";"";"2,2"
"21/12/2023";"0100";"22,5";"22,5";"22,3";"100,0";"100,0";"100,0";"22,4";"22,5";"22,2";"990,1";"990,3";"990,1";"1,0";"286,0";"3,0";"0,10";"0,4"
"21/12/2023";"0200";"22,6";"22,6";"22,4";"100,0";"100,0";"100,0";"22,6";"22,6";"22,4";"991,2";"991,2";"990,1";"0,3";"300,0";"2,3";"0,10";"0,0"
"21/12/2023";"0300";"22,5";"22,6";"22,4";"100,0";"100,0";"100,0";"22,5";"22,6";"22,4";"991,4";"991,5";"991,3";"0,2";"298,0";"2,8";"";"0,0"
"21/12/2023";"0400";"22,6";"22,7";"22,4";"100,0";"100,0";"100,0";"22,6";"22,7";"22,4";"991,0";"991,4";"991,0";"0,8";"274,0";"1,9";"";"0,0"
"21/12/2023";"0500";"22,7";"22,7";"22,6";"100,0";"100,0";"100,0";"22,7";"22,7";"22,6";"990,6";"991,0";"990,6";"0,1";"329,0";"1,9";"";"0,0"
"21/12/2023";"0600";"22,5";"22,8";"22,5";"100,0";"100,0";"100,0";"22,5";"22,8";"22,5";"989,6";"990,6";"989,6";"0,2";"292,0";"2,3";"";"0,0"
"21/12/2023";"0700";"22,4";"22,6";"22,3";"100,0";"100,0";"100,0";"22,4";"22,6";"22,3";"989,2";"989,6";"989,0";"0,4";"224,0";"2,1";"";"0,0"
"21/12/2023";"0800";"22,6";"22,6";"22,4";"100,0";"100,0";"100,0";"22,6";"22,6";"22,4";"989,5";"989,6";"989,2";"0,0";"293,0";"1,2";"";"0,0"
"21/12/2023";"0900";"22,6";"22,7";"22,6";"100,0";"100,0";"100,0";"22,6";"22,7";"22,6";"989,9";"989,9";"989,5";"0,4";"239,0";"1,9";"";"0,0"
"21/12/2023";"1000";"22,7";"22,7";"22,6";"100,0";"100,0";"100,0";"22,7";"22,7";"22,6";"990,4";"990,4";"989,8";"1,0";"247,0";"2,0";"7,70";"0,2"
"21/12/2023";"1100";"23,2";"23,2";"22,6";"100,0";"100,0";"100,0";"23,2";"23,2";"22,7";"991,6";"991,6";"990,4";"2,4";"260,0";"3,9";"235,20";"0,0"
"21/12/2023";"1200";"24,5";"24,5";"23,2";"95,0";"100,0";"95,0";"23,5";"23,9";"23,3";"992,6";"992,6";"991,6";"2,4";"279,0";"4,7";"685,30";"0,0"
"21/12/2023";"1300";"26,9";"27,8";"24,5";"79,0";"95,0";"79,0";"23,0";"24,7";"23,0";"992,9";"992,9";"992,4";"1,4";"297,0";"4,7";"1595,80";"0,0"
"21/12/2023";"1400";"27,8";"28,1";"26,8";"80,0";"82,0";"77,0";"24,0";"24,3";"23,0";"992,9";"993,0";"992,8";"2,4";"301,0";"5,1";"1915,70";"0,0"
"21/12/2023";"1500";"28,4";"29,3";"27,5";"73,0";"80,0";"70,0";"23,2";"24,5";"22,7";"992,9";"993,1";"992,9";"2,3";"316,0";"8,0";"2100,00";"0,0"
"21/12/2023";"1600";"28,0";"29,1";"27,9";"76,0";"78,0";"71,0";"23,4";"23,9";"22,7";"992,4";"993,0";"992,4";"1,7";"295,0";"6,6";"1262,00";"0,0"
"21/12/2023";"1700";"30,0";"30,0";"28,0";"71,0";"77,0";"68,0";"24,0";"24,6";"22,8";"991,0";"992,4";"991,0";"1,5";"311,0";"4,5";"1804,60";"0,0"
"21/12/2023";"1800";"27,1";"30,5";"27,1";"83,0";"83,0";"66,0";"24,0";"24,2";"22,7";"989,9";"991,0";"989,9";"2,2";"316,0";"5,5";"1415,30";"0,0"
"21/12/2023";"1900";"26,8";"27,5";"26,4";"87,0";"87,0";"79,0";"24,4";"24,5";"23,5";"989,3";"989,9";"989,3";"1,0";"277,0";"4,3";"628,10";"0,0"
"21/12/2023";"2000";"23,4";"26,8";"22,9";"97,0";"97,0";"84,0";"22,9";"24,5";"21,5";"988,8";"989,5";"988,8";"1,4";"199,0";"7,1";"204,10";"4,4"
"21/12/2023";"2100";"24,1";"24,1";"23,4";"98,0";"98,0";"97,0";"23,7";"23,7";"22,9";"989,0";"989,0";"988,6";"0,8";"297,0";"2,2";"215,60";"0,4"
"21/12/2023";"2200";"23,7";"24,1";"23,7";"98,0";"98,0";"98,0";"23,3";"23,7";"23,3";"989,3";"989,3";"989,0";"0,4";"321,0";"2,2";"91,20";"0,0"
"21/12/2023";"2300";"23,0";"23,7";"23,0";"98,0";"98,0";"97,0";"22,7";"23,3";"22,6";"990,0";"990,0";"989,3";"0,0";"265,0";"1,9";"5,30";"0,0"
"22/12/2023";"0000";"";"";"";"";"";"";"";"";"";"";"";"";"";"";"";"";""
"22/12/2023";"0100";"23,4";"23,4";"23,0";"99,0";"99,0";"99,0";"23,3";"23,3";"22,8";"992,4";"992,4";"991,5";"0,3";"266,0";"1,1";"";"0,0"
"22/12/2023";"0200";"23,4";"23,4";"23,3";"99,0";"99,0";"99,0";"23,2";"23,3";"23,2";"992,9";"992,9";"992,4";"0,0";"193,0";"1,1";"";"0,0"
"22/12/2023";"0300";"23,0";"23,4";"23,0";"99,0";"99,0";"99,0";"22,9";"23,2";"22,9";"993,1";"993,1";"992,8";"0,2";"202,0";"1,3";"";"0,0"
"22/12/2023";"0400";"23,2";"23,2";"22,9";"99,0";"100,0";"99,0";"23,1";"23,1";"22,8";"992,9";"993,1";"992,8";"0,5";"253,0";"1,4";"";"0,0"
"22/12/2023";"0500";"23,1";"23,2";"23,1";"99,0";"100,0";"99,0";"23,0";"23,1";"23,0";"992,1";"992,8";"992,1";"0,3";"245,0";"1,5";"";"0,0"
"22/12/2023";"0600";"23,1";"23,2";"23,0";"100,0";"100,0";"99,0";"23,0";"23,1";"23,0";"991,0";"992,1";"991,0";"0,3";"244,0";"1,5";"";"0,0"
"22/12/2023";"0700";"23,0";"23,1";"23,0";"100,0";"100,0";"100,0";"22,9";"23,1";"22,9";"990,8";"991,0";"990,8";"0,7";"234,0";"1,4";"";"0,0"
"22/12/2023";"0800";"23,0";"23,1";"23,0";"100,0";"100,0";"100,0";"22,9";"23,0";"22,9";"991,1";"991,1";"990,8";"0,5";"230,0";"1,7";"";"0,2"
"22/12/2023";"0900";"22,6";"23,1";"22,6";"100,0";"100,0";"100,0";"22,5";"23,1";"22,5";"992,2";"992,2";"991,1";"2,3";"310,0";"6,6";"0,30";"4,4"
"22/12/2023";"1000";"22,0";"22,6";"22,0";"100,0";"100,0";"100,0";"22,0";"22,5";"22,0";"992,6";"992,6";"992,2";"0,3";"255,0";"6,2";"0,70";"21,8"
"22/12/2023";"1100";"22,4";"22,4";"22,0";"100,0";"100,0";"100,0";"22,4";"22,4";"22,0";"993,1";"993,1";"992,6";"0,9";"255,0";"2,5";"26,10";"4,4"
"22/12/2023";"1200";"23,2";"23,2";"22,4";"100,0";"100,0";"100,0";"23,1";"23,1";"22,3";"994,2";"994,2";"993,1";"0,0";"249,0";"2,2";"308,50";"0,2"
"22/12/2023";"1300";"24,1";"24,1";"23,2";"98,0";"100,0";"98,0";"23,7";"23,8";"23,1";"994,8";"994,8";"994,2";"1,2";"229,0";"3,7";"580,70";"0,0"
"22/12/2023";"1400";"25,4";"25,4";"24,0";"89,0";"98,0";"89,0";"23,5";"23,7";"23,0";"994,9";"995,0";"994,8";"2,2";"252,0";"3,4";"972,20";"0,0"
"22/12/2023";"1500";"26,9";"27,1";"25,4";"81,0";"89,0";"81,0";"23,4";"24,0";"22,6";"994,6";"994,9";"994,6";"1,4";"258,0";"3,5";"1724,90";"0,0"
"22/12/2023";"1600";"28,5";"28,6";"26,9";"77,0";"84,0";"76,0";"24,1";"24,8";"23,3";"993,8";"994,6";"993,8";"1,6";"256,0";"3,3";"2034,00";"0,0"
"22/12/2023";"1700";"29,5";"30,4";"28,2";"74,0";"78,0";"69,0";"24,3";"25,0";"22,9";"992,0";"993,8";"992,0";"2,1";"283,0";"4,7";"2675,50";"0,0"
"22/12/2023";"1800";"26,5";"30,4";"26,3";"84,0";"84,0";"68,0";"23,6";"24,7";"22,5";"991,3";"992,0";"991,3";"3,4";"301,0";"8,7";"2053,30";"0,0"
"22/12/2023";"1900";"28,7";"29,4";"26,5";"72,0";"84,0";"71,0";"23,1";"24,6";"23,1";"990,0";"991,2";"990,0";"3,0";"294,0";"8,4";"2305,20";"0,0"
"22/12/2023";"2000";"26,8";"29,3";"26,7";"82,0";"82,0";"72,0";"23,5";"23,8";"22,7";"990,3";"990,5";"990,0";"1,8";"312,0";"8,4";"1251,80";"0,0"
"22/12/2023";"2100";"25,8";"26,8";"25,8";"85,0";"86,0";"79,0";"23,1";"23,4";"22,5";"990,9";"990,9";"990,3";"1,5";"320,0";"4,8";"287,30";"0,0"
"22/12/2023";"2200";"24,9";"25,8";"24,9";"88,0";"88,0";"85,0";"22,7";"23,3";"22,7";"990,8";"991,1";"990,7";"0,9";"307,0";"4,4";"104,20";"0,0"
"22/12/2023";"2300";"23,5";"24,9";"23,4";"93,0";"93,0";"88,0";"22,3";"22,7";"22,2";"991,5";"991,5";"990,8";"0,1";"296,0";"4,3";"4,90";"0,0"
"23/12/2023";"0000";"22,9";"23,5";"22,9";"95,0";"95,0";"93,0";"22,1";"22,3";"22,0";"992,2";"992,2";"991,5";"0,2";"198,0";"1,5";"";"0,0"
"23/12/2023";"0100";"22,5";"23,0";"22,5";"97,0";"97,0";"95,0";"22,1";"22,5";"22,0";"993,1";"993,2";"992,2";"0,0";"309,0";"0,8";"";"0,0"
"23/12/2023";"0200";"22,5";"22,7";"22,4";"99,0";"99,0";"97,0";"22,3";"22,4";"22,0";"993,3";"993,3";"993,1";"0,1";"319,0";"1,1";"";"0,0"
"23/12/2023";"0300";"22,6";"22,7";"22,4";"99,0";"99,0";"99,0";"22,5";"22,5";"22,2";"993,4";"993,5";"993,3";"0,8";"228,0";"1,3";"";"0,0"
"23/12/2023";"0400";"22,8";"22,9";"22,6";"98,0";"99,0";"98,0";"22,6";"22,7";"22,5";"992,8";"993,4";"992,8";"0,7";"219,0";"2,2";"";"0,0"
"23/12/2023";"0500";"22,6";"22,8";"22,6";"99,0";"99,0";"98,0";"22,4";"22,6";"22,3";"992,4";"992,8";"992,3";"0,6";"200,0";"1,8";"";"0,0"
"23/12/2023";"0600";"22,5";"22,6";"22,4";"99,0";"99,0";"99,0";"22,3";"22,3";"22,2";"991,9";"992,4";"991,9";"0,2";"274,0";"1,4";"";"0,0"
"23/12/2023";"0700";"22,4";"22,5";"22,4";"99,0";"99,0";"99,0";"22,3";"22,4";"22,3";"992,0";"992,1";"991,9";"0,2";"214,0";"1,4";"";"0,0"
"23/12/2023";"0800";"22,4";"22,4";"22,4";"100,0";"100,0";"99,0";"22,3";"22,3";"22,3";"991,8";"992,0";"991,8";"0,9";"241,0";"1,6";"";"0,0"
"23/12/2023";"0900";"22,4";"22,4";"22,3";"100,0";"100,0";"100,0";"22,3";"22,3";"22,3";"992,4";"992,4";"991,8";"0,0";"215,0";"2,5";"";"0,0"
"23/12/2023";"1000";"22,3";"22,4";"22,3";"100,0";"100,0";"100,0";"22,3";"22,3";"22,2";"993,0";"993,0";"992,4";"0,0";"208,0";"1,0";"11,30";"0,0"
"23/12/2023";"1100";"23,5";"23,5";"22,3";"100,0";"100,0";"100,0";"23,4";"23,5";"22,3";"993,9";"993,9";"993,0";"0,2";"210,0";"1,2";"299,10";"0,0"
"23/12/2023";"1200";"25,1";"25,1";"23,5";"90,0";"100,0";"90,0";"23,3";"23,9";"23,3";"994,5";"994,5";"993,9";"0,5";"218,0";"1,5";"703,70";"0,0"
"23/12/2023";"1300";"27,0";"27,1";"25,1";"83,0";"90,0";"81,0";"23,8";"24,2";"23,0";"995,0";"995,0";"994,5";"0,5";"227,0";"1,7";"1183,40";"0,0"
"23/12/2023";"1400";"29,8";"29,8";"26,9";"74,0";"83,0";"74,0";"24,6";"25,3";"23,3";"994,8";"995,0";"994,7";"0,4";"229,0";"2,0";"2304,10";"0,0"
"23/12/2023";"1500";"30,6";"31,3";"29,5";"72,0";"75,0";"66,0";"24,9";"25,4";"23,2";"994,5";"994,8";"994,5";"0,0";"217,0";"3,2";"2682,00";"0,2"
"23/12/2023";"1600";"30,6";"31,5";"30,3";"70,0";"73,0";"67,0";"24,4";"25,4";"23,7";"993,8";"994,5";"993,8";"0,0";"201,0";"2,8";"2365,90";"0,0"
"23/12/2023";"1700";"31,1";"31,1";"30,4";"70,0";"71,0";"65,0";"24,9";"24,9";"23,6";"992,7";"993,8";"992,7";"0,0";"234,0";"1,7";"1887,40";"0,0"
"23/12/2023";"1800";"27,7";"31,4";"27,1";"73,0";"83,0";"54,0";"22,5";"24,8";"20,4";"990,8";"992,7";"990,8";"0,1";"319,0";"2,6";"1470,20";"0,2"
"23/12/2023";"1900";"28,9";"31,1";"27,7";"68,0";"75,0";"58,0";"22,4";"24,0";"21,5";"989,9";"990,8";"989,9";"3,2";"305,0";"7,9";"1867,60";"0,0"
"23/12/2023";"2000";"26,7";"28,9";"26,7";"79,0";"79,0";"67,0";"22,7";"23,0";"21,8";"990,2";"990,2";"989,4";"1,3";"269,0";"7,9";"1032,80";"0,0"
"23/12/2023";"2100";"25,0";"26,7";"25,0";"88,0";"88,0";"78,0";"22,8";"23,1";"22,4";"990,6";"990,6";"989,9";"1,6";"296,0";"4,9";"148,90";"0,0"
"23/12/2023";"2200";"24,7";"25,0";"24,6";"92,0";"93,0";"88,0";"23,2";"23,5";"22,7";"991,1";"991,3";"990,6";"0,0";"252,0";"2,7";"73,20";"0,2"
"23/12/2023";"2300";"24,2";"24,7";"24,2";"95,0";"96,0";"91,0";"23,4";"23,5";"23,2";"991,9";"991,9";"991,1";"2,0";"216,0";"3,5";"3,80";"0,0"
"24/12/2023";"0000";"24,1";"24,2";"24,1";"96,0";"96,0";"95,0";"23,4";"23,5";"23,3";"992,7";"992,7";"991,9";"2,0";"230,0";"4,0";"";"0,0"
"24/12/2023";"0100";"23,8";"24,1";"23,8";"97,0";"97,0";"96,0";"23,2";"23,4";"23,2";"993,1";"993,1";"992,7";"1,6";"246,0";"3,7";"";"0,2"
"24/12/2023";"0200";"23,3";"23,8";"23,3";"96,0";"98,0";"96,0";"22,7";"23,2";"22,7";"993,1";"993,1";"992,9";"3,5";"233,0";"7,8";"";"0,0"
"24/12/2023";"0300";"23,3";"23,4";"23,3";"96,0";"97,0";"96,0";"22,7";"22,8";"22,6";"992,8";"993,5";"992,8";"3,1";"242,0";"7,8";"";"0,0"
"24/12/2023";"0400";"23,4";"23,5";"23,3";"93,0";"96,0";"93,0";"22,2";"22,7";"22,2";"992,5";"992,9";"992,4";"3,0";"255,0";"6,8";"";"0,0"
"24/12/2023";"0500";"22,8";"23,4";"22,8";"96,0";"96,0";"93,0";"22,1";"22,2";"22,0";"992,5";"992,7";"992,5";"1,6";"251,0";"5,5";"";"1,4"
"24/12/2023";"0600";"22,6";"22,8";"22,6";"98,0";"98,0";"96,0";"22,3";"22,3";"22,1";"991,8";"992,5";"991,8";"1,4";"220,0";"3,3";"";"1,4"
"24/12/2023";"0700";"22,7";"22,7";"22,6";"98,0";"98,0";"98,0";"22,4";"22,4";"22,3";"992,3";"992,3";"991,7";"0,7";"254,0";"2,6";"";"0,4"
"24/12/2023";"0800";"22,5";"22,7";"22,5";"98,0";"98,0";"98,0";"22,3";"22,4";"22,2";"992,4";"992,4";"992,3";"1,2";"257,0";"2,2";"";"0,4"
"24/12/2023";"0900";"22,4";"22,5";"22,3";"99,0";"99,0";"98,0";"22,1";"22,2";"22,1";"992,7";"992,7";"992,4";"1,4";"218,0";"3,0";"";"0,0"
"24/12/2023";"1000";"22,4";"22,4";"22,3";"98,0";"99,0";"98,0";"22,1";"22,2";"22,1";"993,3";"993,3";"992,7";"1,8";"228,0";"3,9";"5,40";"0,0"
"24/12/2023";"1100";"23,5";"23,6";"22,4";"96,0";"98,0";"96,0";"22,8";"22,9";"22,1";"994,3";"994,3";"993,4";"2,1";"230,0";"3,6";"367,40";"0,0"
"24/12/2023";"1200";"24,2";"24,4";"23,5";"89,0";"96,0";"89,0";"22,4";"23,2";"22,3";"994,7";"994,7";"994,3";"2,5";"239,0";"5,8";"736,20";"0,0"
"24/12/2023";"1300";"25,7";"25,7";"24,2";"83,0";"90,0";"83,0";"22,6";"22,9";"22,4";"995,2";"995,3";"994,7";"2,5";"232,0";"5,8";"866,00";"0,0"
"24/12/2023";"1400";"27,7";"27,7";"25,7";"73,0";"84,0";"73,0";"22,3";"23,4";"22,1";"994,9";"995,3";"994,9";"2,6";"254,0";"4,8";"1615,60";"0,0"
"24/12/2023";"1500";"29,6";"30,0";"27,7";"66,0";"74,0";"63,0";"22,5";"23,4";"22,1";"994,1";"994,9";"994,1";"2,0";"245,0";"5,5";"3152,00";"0,0"
"24/12/2023";"1600";"31,3";"32,6";"29,5";"60,0";"68,0";"55,0";"22,5";"24,5";"21,8";"993,3";"994,1";"993,3";"2,8";"245,0";"4,9";"3857,70";"0,0"
"24/12/2023";"1700";"31,8";"32,4";"31,2";"58,0";"61,0";"54,0";"22,5";"23,5";"21,3";"992,3";"993,3";"992,3";"1,6";"301,0";"5,2";"3667,20";"0,0"
"24/12/2023";"1800";"32,2";"32,7";"31,4";"58,0";"61,0";"53,0";"23,0";"23,6";"21,5";"991,2";"992,3";"991,2";"1,8";"280,0";"6,0";"3303,70";"0,0"
"24/12/2023";"1900";"32,1";"32,6";"31,3";"57,0";"61,0";"53,0";"22,6";"23,8";"21,2";"990,0";"991,2";"990,0";"2,1";"256,0";"4,4";"2760,00";"0,0"
"24/12/2023";"2000";"32,3";"33,0";"31,7";"54,0";"57,0";"51,0";"21,8";"23,0";"21,0";"989,3";"990,0";"989,3";"1,1";"302,0";"5,4";"2048,70";"0,0"
"24/12/2023";"2100";"31,7";"32,3";"31,4";"56,0";"58,0";"52,0";"21,8";"22,6";"20,4";"989,1";"989,3";"989,0";"0,8";"304,0";"3,5";"1171,20";"0,0"
"24/12/2023";"2200";"28,9";"31,8";"28,9";"69,0";"70,0";"54,0";"22,7";"23,0";"21,3";"989,8";"989,8";"989,1";"0,6";"322,0";"3,2";"373,30";"0,0"
"24/12/2023";"2300";"25,8";"28,9";"25,8";"82,0";"84,0";"68,0";"22,6";"23,5";"22,0";"991,0";"991,0";"989,8";"0,1";"288,0";"2,1";"5,60";"0,0"
"25/12/2023";"0000";"25,7";"26,0";"25,2";"83,0";"86,0";"78,0";"22,6";"22,9";"21,5";"991,7";"991,7";"991,0";"0,5";"219,0";"1,0";"";"0,0"
"25/12/2023";"0100";"25,3";"26,1";"25,1";"88,0";"91,0";"82,0";"23,1";"23,5";"22,5";"992,2";"992,2";"991,7";"0,3";"222,0";"1,5";"0,20";"0,0"
"25/12/2023";"0200";"";"";"";"";"";"";"";"";"";"";"";"";"";"";"";"";""
"25/12/2023";"0300";"25,0";"25,6";"25,0";"83,0";"88,0";"82,0";"21,9";"23,0";"21,9";"993,2";"993,2";"992,6";"3,7";"237,0";"7,2";"";"0,0"
"25/12/2023";"0400";"24,0";"25,0";"24,0";"90,0";"90,0";"83,0";"22,2";"22,2";"21,9";"992,7";"993,5";"992,7";"0,5";"228,0";"6,5";"";"0,0"
"25/12/2023";"0500";"23,9";"24,0";"23,8";"92,0";"93,0";"90,0";"22,6";"22,7";"22,2";"991,8";"992,7";"991,8";"0,2";"243,0";"1,5";"";"0,0"
"25/12/2023";"0600";"23,7";"24,0";"23,7";"95,0";"95,0";"92,0";"22,8";"22,8";"22,6";"991,7";"991,8";"991,5";"0,6";"255,0";"2,1";"";"0,0"
"25/12/2023";"0700";"23,5";"23,9";"23,5";"94,0";"95,0";"93,0";"22,6";"22,9";"22,6";"992,0";"992,0";"991,6";"0,4";"319,0";"2,3";"";"0,0"
"25/12/2023";"0800";"23,3";"23,5";"23,2";"96,0";"96,0";"94,0";"22,6";"22,6";"22,5";"991,7";"992,0";"991,5";"0,3";"333,0";"1,7";"";"0,0"
"25/12/2023";"0900";"21,4";"23,6";"21,4";"95,0";"96,0";"89,0";"20,5";"22,9";"20,5";"993,5";"993,5";"991,7";"4,5";"287,0";"11,5";"";"0,4"
"25/12/2023";"1000";"20,5";"21,5";"20,5";"97,0";"97,0";"95,0";"20,0";"20,8";"20,0";"994,9";"994,9";"993,5";"2,5";"267,0";"9,8";"0,50";"4,8"
"25/12/2023";"1100";"20,4";"20,5";"20,2";"99,0";"99,0";"97,0";"20,3";"20,3";"19,9";"995,0";"995,3";"994,9";"0,7";"318,0";"4,8";"10,80";"13,8"
"25/12/2023";"1200";"21,0";"21,1";"20,4";"100,0";"100,0";"99,0";"20,9";"21,0";"20,2";"995,6";"995,6";"995,0";"1,7";"324,0";"3,8";"158,40";"3,4"
"25/12/2023";"1300";"22,6";"22,6";"20,9";"94,0";"100,0";"94,0";"21,6";"21,7";"20,8";"996,2";"996,2";"995,6";"2,3";"309,0";"4,6";"896,60";"0,4"
"25/12/2023";"1400";"24,2";"24,2";"22,5";"86,0";"94,0";"85,0";"21,7";"21,8";"21,1";"995,8";"996,3";"995,8";"2,0";"256,0";"4,6";"1537,90";"0,0"
"25/12/2023";"1500";"25,7";"26,5";"24,2";"81,0";"87,0";"78,0";"22,1";"23,1";"21,2";"996,0";"996,1";"995,8";"1,8";"320,0";"5,0";"1849,80";"0,0"
"25/12/2023";"1600";"26,2";"26,4";"25,4";"76,0";"81,0";"73,0";"21,6";"22,6";"20,9";"995,4";"996,0";"995,4";"1,9";"302,0";"5,0";"1761,80";"0,0"
"25/12/2023";"1700";"26,6";"26,7";"25,8";"75,0";"77,0";"73,0";"21,8";"22,2";"20,8";"994,2";"995,4";"994,2";"2,0";"296,0";"5,1";"1929,50";"0,0"
"25/12/2023";"1800";"27,5";"28,3";"26,6";"74,0";"76,0";"68,0";"22,4";"22,5";"21,2";"992,9";"994,2";"992,9";"2,1";"310,0";"5,8";"2374,10";"0,0"
"25/12/2023";"1900";"27,0";"27,8";"27,0";"74,0";"75,0";"71,0";"22,0";"22,8";"21,6";"991,5";"992,9";"991,5";"2,8";"307,0";"5,5";"1510,00";"0,0"
"25/12/2023";"2000";"28,0";"28,0";"27,0";"74,0";"76,0";"73,0";"23,0";"23,2";"21,9";"991,3";"991,5";"991,2";"2,2";"300,0";"5,3";"1375,70";"0,0"
"25/12/2023";"2100";"27,2";"28,6";"27,1";"78,0";"79,0";"71,0";"22,9";"23,7";"22,5";"990,7";"991,3";"990,7";"2,3";"318,0";"5,2";"1083,60";"0,0"
"25/12/2023";"2200";"25,4";"27,2";"25,4";"85,0";"85,0";"77,0";"22,8";"22,9";"22,4";"990,8";"991,0";"990,7";"0,6";"305,0";"4,2";"314,70";"0,0"
"25/12/2023";"2300";"23,4";"25,4";"23,4";"94,0";"94,0";"86,0";"22,4";"22,8";"22,3";"991,8";"991,8";"990,7";"0,1";"322,0";"1,5";"5,80";"0,0"
"26/12/2023";"0000";"";"";"";"";"";"";"";"";"";"";"";"";"";"";"";"";""
"26/12/2023";"0100";"23,1";"23,3";"23,1";"97,0";"97,0";"97,0";"22,6";"22,8";"22,5";"993,7";"993,7";"992,4";"0,9";"202,0";"1,8";"";"0,0"
"26/12/2023";"0200";"22,9";"23,1";"22,8";"98,0";"98,0";"97,0";"22,6";"22,7";"22,5";"994,6";"994,6";"993,7";"0,1";"244,0";"1,8";"";"0,0"
"26/12/2023";"0300";"";"";"";"";"";"";"";"";"";"";"";"";"";"";"";"";""
"26/12/2023";"0400";"22,6";"23,0";"22,6";"99,0";"99,0";"99,0";"22,5";"22,8";"22,5";"994,0";"994,5";"994,0";"0,4";"232,0";"2,4";"";"0,0"
"26/12/2023";"0500";"23,1";"23,1";"22,6";"99,0";"100,0";"99,0";"23,0";"23,0";"22,5";"994,5";"994,7";"994,0";"3,5";"259,0";"9,9";"0,20";"0,0"
"26/12/2023";"0600";"21,6";"23,2";"21,6";"99,0";"99,0";"97,0";"21,4";"23,0";"21,1";"993,7";"994,6";"993,7";"0,8";"189,0";"9,9";"0,60";"3,2"
"26/12/2023";"0700";"21,6";"21,7";"21,6";"99,0";"99,0";"99,0";"21,5";"21,5";"21,4";"993,4";"993,8";"993,4";"1,3";"189,0";"2,9";"";"1,8"
"26/12/2023";"0800";"21,6";"21,7";"21,6";"100,0";"100,0";"99,0";"21,5";"21,6";"21,5";"993,1";"993,4";"993,0";"0,8";"189,0";"2,3";"";"0,6"
"26/12/2023";"0900";"21,6";"21,6";"21,6";"100,0";"100,0";"100,0";"21,6";"21,6";"21,5";"993,5";"993,5";"993,0";"0,0";"207,0";"1,4";"";"0,4"
"26/12/2023";"1000";"21,7";"21,7";"21,6";"100,0";"100,0";"100,0";"21,7";"21,7";"21,6";"994,5";"994,5";"993,5";"0,2";"233,0";"1,6";"1,20";"0,0"
"26/12/2023";"1100";"22,1";"22,1";"21,7";"100,0";"100,0";"100,0";"22,0";"22,0";"21,7";"994,6";"994,8";"994,5";"0,7";"207,0";"1,7";"94,80";"0,2"
"26/12/2023";"1200";"23,0";"23,0";"22,1";"99,0";"100,0";"99,0";"22,9";"22,9";"22,0";"995,3";"995,3";"994,6";"0,6";"218,0";"2,0";"341,00";"0,0"
"26/12/2023";"1300";"25,7";"25,8";"23,0";"85,0";"99,0";"84,0";"22,9";"23,7";"22,8";"995,1";"995,3";"995,0";"2,3";"231,0";"3,8";"1423,10";"0,0"
"26/12/2023";"1400";"28,1";"28,4";"25,6";"76,0";"85,0";"75,0";"23,5";"24,2";"22,5";"994,9";"995,1";"994,9";"2,3";"264,0";"4,8";"2407,20";"0,0"
"26/12/2023";"1500";"29,8";"30,5";"28,2";"65,0";"77,0";"62,0";"22,4";"24,6";"22,0";"994,5";"994,9";"994,5";"0,6";"291,0";"4,8";"2872,00";"0,2"
"26/12/2023";"1600";"29,3";"30,4";"28,9";"71,0";"74,0";"65,0";"23,5";"24,4";"22,8";"994,5";"994,7";"994,5";"2,4";"241,0";"4,1";"1647,20";"0,0"
"26/12/2023";"1700";"29,0";"29,4";"28,7";"73,0";"74,0";"69,0";"23,7";"24,0";"22,7";"993,9";"994,5";"993,9";"1,5";"239,0";"4,8";"1707,80";"0,0"
"26/12/2023";"1800";"29,6";"29,7";"29,0";"63,0";"74,0";"62,0";"21,8";"23,9";"21,7";"993,1";"993,9";"993,1";"0,7";"276,0";"3,1";"1482,50";"0,0"
"26/12/2023";"1900";"28,5";"29,7";"28,5";"70,0";"72,0";"63,0";"22,4";"23,1";"21,7";"992,1";"993,2";"992,1";"1,0";"247,0";"2,3";"768,70";"0,0"
"26/12/2023";"2000";"27,5";"28,5";"27,5";"78,0";"79,0";"70,0";"23,4";"23,6";"22,4";"991,3";"992,1";"991,3";"1,2";"267,0";"2,6";"351,70";"0,0"
"26/12/2023";"2100";"26,9";"27,5";"26,9";"78,0";"82,0";"77,0";"22,8";"24,0";"22,8";"990,3";"991,3";"990,3";"0,4";"309,0";"2,1";"213,50";"0,0"
"26/12/2023";"2200";"25,2";"26,9";"25,2";"91,0";"91,0";"78,0";"23,7";"24,0";"22,7";"990,4";"990,5";"990,1";"0,0";"268,0";"1,2";"80,90";"0,0"
"26/12/2023";"2300";"24,2";"25,3";"24,2";"95,0";"95,0";"91,0";"23,3";"23,9";"23,3";"991,2";"991,2";"990,4";"0,5";"201,0";"1,4";"6,30";"0,0"
"27/12/2023";"0000";"";"";"";"";"";"";"";"";"";"";"";"";"";"";"";"";""
"27/12/2023";"0100";"23,5";"24,1";"23,5";"97,0";"97,0";"96,0";"22,9";"23,5";"22,9";"993,3";"993,3";"992,1";"0,2";"194,0";"1,7";"";"0,0"
"27/12/2023";"0200";"23,3";"23,6";"23,3";"98,0";"98,0";"96,0";"23,0";"23,1";"22,8";"993,7";"993,7";"993,3";"0,8";"206,0";"2,0";"";"0,0"
"27/12/2023";"0300";"22,9";"23,3";"22,9";"98,0";"98,0";"98,0";"22,6";"23,0";"22,5";"994,1";"994,1";"993,7";"1,0";"192,0";"1,8";"";"0,0"
"27/12/2023";"0400";"22,7";"22,9";"22,6";"98,0";"98,0";"98,0";"22,4";"22,5";"22,3";"993,8";"994,3";"993,8";"0,1";"262,0";"1,8";"";"0,0"
"27/12/2023";"0500";"22,7";"23,0";"22,7";"98,0";"98,0";"98,0";"22,4";"22,6";"22,3";"993,2";"993,9";"993,2";"0,6";"192,0";"1,4";"";"0,0"
"27/12/2023";"0600";"22,4";"22,7";"22,4";"99,0";"99,0";"98,0";"22,2";"22,4";"22,2";"992,9";"993,2";"992,9";"0,4";"193,0";"1,4";"";"0,0"
"27/12/2023";"0700";"22,5";"22,6";"22,4";"99,0";"99,0";"99,0";"22,3";"22,4";"22,2";"992,8";"992,9";"992,7";"0,4";"223,0";"2,1";"";"0,0"
"27/12/2023";"0800";"22,5";"22,5";"22,3";"99,0";"99,0";"99,0";"22,4";"22,4";"22,2";"992,5";"992,9";"992,5";"1,3";"210,0";"2,3";"";"0,0"
"27/12/2023";"0900";"22,7";"22,7";"22,4";"99,0";"99,0";"99,0";"22,5";"22,5";"22,3";"993,0";"993,1";"992,5";"0,3";"212,0";"2,4";"";"0,0"
"27/12/2023";"1000";"22,5";"22,7";"22,5";"98,0";"99,0";"98,0";"22,2";"22,5";"22,1";"993,3";"993,5";"993,0";"1,8";"190,0";"2,7";"8,00";"0,8"
"27/12/2023";"1100";"23,6";"23,6";"22,5";"95,0";"98,0";"95,0";"22,7";"22,9";"22,2";"994,0";"994,0";"993,3";"0,8";"211,0";"2,7";"260,20";"0,0"
"27/12/2023";"1200";"26,7";"26,7";"23,6";"86,0";"95,0";"86,0";"24,3";"24,3";"22,7";"994,8";"994,8";"994,0";"0,8";"208,0";"2,1";"898,50";"0,0"
"27/12/2023";"1300";"28,6";"28,6";"26,8";"76,0";"86,0";"76,0";"24,0";"24,6";"23,3";"995,1";"995,1";"994,8";"1,4";"213,0";"2,9";"1790,90";"0,0"
"27/12/2023";"1400";"30,2";"30,5";"28,6";"67,0";"77,0";"66,0";"23,5";"25,1";"23,3";"995,0";"995,1";"995,0";"2,5";"195,0";"5,5";"2623,50";"0,2"
"27/12/2023";"1500";"30,3";"31,8";"30,2";"64,0";"69,0";"61,0";"22,8";"24,4";"22,3";"994,3";"995,0";"994,3";"2,6";"217,0";"5,7";"2880,90";"0,0"
"27/12/2023";"1600";"31,6";"32,6";"30,3";"65,0";"67,0";"59,0";"24,3";"24,8";"22,8";"993,5";"994,3";"993,5";"2,4";"229,0";"5,3";"3190,10";"0,0"
"27/12/2023";"1700";"32,3";"32,9";"31,1";"63,0";"66,0";"58,0";"24,3";"24,5";"22,7";"992,3";"993,5";"992,3";"2,2";"234,0";"6,3";"3363,20";"0,0"
"27/12/2023";"1800";"32,2";"34,0";"31,5";"59,0";"64,0";"53,0";"23,1";"24,6";"22,8";"991,0";"992,3";"991,0";"1,7";"223,0";"5,2";"3003,80";"0,0"
"27/12/2023";"1900";"26,9";"33,8";"26,9";"79,0";"79,0";"54,0";"22,9";"24,0";"21,8";"990,0";"991,0";"990,0";"2,3";"315,0";"8,0";"1829,50";"0,0"
"27/12/2023";"2000";"25,7";"26,8";"25,6";"85,0";"89,0";"79,0";"23,1";"24,0";"22,9";"989,7";"990,4";"989,3";"1,8";"259,0";"6,4";"243,40";"0,2"
"27/12/2023";"2100";"25,3";"25,7";"25,3";"86,0";"88,0";"85,0";"22,8";"23,4";"22,7";"989,3";"989,8";"989,1";"1,4";"259,0";"3,5";"256,50";"0,0"
"27/12/2023";"2200";"24,9";"25,3";"24,9";"89,0";"89,0";"86,0";"23,0";"23,0";"22,7";"990,5";"990,5";"989,2";"0,5";"242,0";"2,9";"162,50";"0,0"
"27/12/2023";"2300";"24,3";"24,9";"24,2";"94,0";"94,0";"89,0";"23,3";"23,5";"23,0";"991,6";"991,6";"990,5";"1,0";"278,0";"2,0";"3,40";"0,0"
"28/12/2023";"0000";"24,0";"24,3";"23,9";"94,0";"95,0";"94,0";"23,1";"23,3";"22,9";"992,1";"992,1";"991,6";"0,9";"297,0";"1,8";"";"0,0"
"28/12/2023";"0100";"23,0";"25,1";"23,0";"94,0";"96,0";"84,0";"22,0";"23,5";"21,5";"992,7";"993,0";"992,1";"2,1";"243,0";"10,2";"";"0,2"
"28/12/2023";"0200";"23,1";"23,3";"22,9";"95,0";"96,0";"94,0";"22,3";"22,5";"22,0";"993,2";"993,2";"992,6";"0,7";"272,0";"4,9";"";"0,2"
"28/12/2023";"0300";"23,3";"23,3";"23,0";"95,0";"98,0";"95,0";"22,4";"22,8";"22,4";"994,3";"994,5";"993,2";"2,4";"256,0";"5,7";"";"0,2"
"28/12/2023";"0400";"22,8";"23,3";"22,8";"96,0";"96,0";"93,0";"22,1";"22,3";"22,1";"993,4";"994,3";"993,3";"2,1";"227,0";"5,7";"";"0,0"
"28/12/2023";"0500";"22,6";"22,8";"22,6";"96,0";"96,0";"96,0";"22,0";"22,1";"22,0";"992,7";"993,4";"992,6";"0,4";"293,0";"4,3";"";"0,0"
"28/12/2023";"0600";"22,4";"22,6";"22,4";"98,0";"98,0";"96,0";"22,1";"22,1";"21,9";"992,0";"992,7";"991,9";"1,1";"252,0";"1,9";"";"0,2"
"28/12/2023";"0700";"22,4";"22,4";"22,3";"99,0";"99,0";"98,0";"22,2";"22,2";"22,1";"992,5";"992,5";"992,0";"0,4";"329,0";"1,9";"";"0,0"
"28/12/2023";"0800";"22,3";"22,4";"22,3";"99,0";"99,0";"99,0";"22,2";"22,2";"22,2";"991,3";"992,5";"991,3";"1,6";"300,0";"2,4";"";"0,0"
"28/12/2023";"0900";"22,2";"22,3";"22,2";"100,0";"100,0";"99,0";"22,1";"22,2";"22,1";"991,0";"991,3";"990,9";"0,2";"209,0";"2,3";"";"0,0"
"28/12/2023";"1000";"22,2";"22,2";"22,2";"100,0";"100,0";"100,0";"22,1";"22,2";"22,1";"991,5";"991,5";"990,8";"0,8";"216,0";"1,7";"2,90";"0,0"
"28/12/2023";"1100";"22,7";"22,8";"22,2";"100,0";"100,0";"100,0";"22,7";"22,7";"22,2";"992,9";"992,9";"991,5";"1,1";"185,0";"1,8";"92,50";"0,0"
"28/12/2023";"1200";"24,0";"24,1";"22,7";"99,0";"100,0";"99,0";"23,8";"23,9";"22,7";"994,3";"994,3";"992,9";"1,2";"278,0";"2,8";"473,90";"0,0"
"28/12/2023";"1300";"26,7";"26,8";"24,0";"85,0";"99,0";"80,0";"24,0";"24,1";"22,6";"994,9";"994,9";"994,3";"1,3";"300,0";"2,7";"1575,30";"0,0"
"28/12/2023";"1400";"28,6";"28,8";"26,6";"79,0";"85,0";"69,0";"24,5";"24,5";"22,7";"994,9";"994,9";"994,7";"0,8";"300,0";"2,7";"2441,90";"0,0"
"28/12/2023";"1500";"29,9";"30,3";"28,3";"70,0";"79,0";"66,0";"23,8";"24,4";"22,3";"994,5";"994,9";"994,4";"1,2";"289,0";"3,8";"2968,90";"0,2"
"28/12/2023";"1600";"31,0";"31,5";"29,4";"62,0";"71,0";"60,0";"22,9";"24,5";"22,2";"993,8";"994,5";"993,8";"1,7";"296,0";"4,3";"3433,70";"0,0"
"28/12/2023";"1700";"31,6";"32,0";"30,8";"62,0";"67,0";"59,0";"23,6";"24,4";"22,6";"992,8";"993,8";"992,8";"1,5";"310,0";"5,1";"3531,70";"0,0"
"28/12/2023";"1800";"32,4";"32,8";"30,8";"57,0";"67,0";"53,0";"22,8";"24,5";"21,9";"991,4";"992,8";"991,4";"0,6";"291,0";"5,0";"2720,90";"0,0"
"28/12/2023";"1900";"31,8";"33,6";"31,7";"58,0";"58,0";"50,0";"22,6";"23,2";"21,3";"990,3";"991,4";"990,3";"1,2";"293,0";"5,4";"2484,20";"0,0"
"28/12/2023";"2000";"31,9";"33,2";"31,2";"53,0";"62,0";"53,0";"21,3";"24,1";"21,3";"989,3";"990,3";"989,3";"1,2";"320,0";"3,6";"1835,90";"0,0"
"28/12/2023";"2100";"31,7";"33,4";"31,7";"56,0";"59,0";"52,0";"21,8";"23,3";"21,3";"988,7";"989,3";"988,6";"1,1";"323,0";"3,9";"1238,10";"0,0"
"28/12/2023";"2200";"29,1";"31,9";"29,1";"72,0";"72,0";"56,0";"23,4";"23,8";"21,8";"989,3";"989,3";"988,7";"0,5";"306,0";"3,3";"401,60";"0,0"
"28/12/2023";"2300";"26,7";"29,1";"26,4";"81,0";"83,0";"69,0";"23,3";"23,8";"22,8";"989,9";"989,9";"989,3";"0,1";"312,0";"2,2";"6,50";"0,0"
"29/12/2023";"0000";"26,0";"26,8";"25,6";"86,0";"87,0";"81,0";"23,5";"23,5";"23,1";"991,2";"991,2";"989,9";"1,1";"314,0";"2,7";"";"0,0"
"29/12/2023";"0100";"25,5";"26,3";"25,3";"86,0";"86,0";"83,0";"22,9";"23,6";"22,8";"992,3";"992,3";"991,2";"1,3";"313,0";"3,7";"";"0,0"
"29/12/2023";"0200";"24,3";"25,5";"24,3";"92,0";"92,0";"86,0";"22,8";"22,9";"22,7";"993,1";"993,1";"992,3";"0,1";"338,0";"2,1";"";"0,0"
"29/12/2023";"0300";"24,1";"24,5";"24,0";"94,0";"94,0";"91,0";"23,1";"23,1";"22,7";"993,2";"993,4";"993,2";"0,5";"231,0";"1,8";"";"0,0"
"29/12/2023";"0400";"23,5";"24,1";"23,4";"97,0";"97,0";"94,0";"23,0";"23,3";"22,8";"992,8";"993,2";"992,8";"0,0";"206,0";"1,2";"";"0,0"
"29/12/2023";"0500";"23,4";"23,6";"23,3";"98,0";"98,0";"97,0";"23,1";"23,3";"22,9";"992,7";"992,8";"992,6";"0,7";"279,0";"1,3";"";"0,0"
"29/12/2023";"0600";"23,0";"23,4";"22,8";"99,0";"99,0";"98,0";"22,8";"23,1";"22,5";"992,0";"992,7";"992,0";"0,2";"289,0";"1,3";"";"0,0"
"29/12/2023";"0700";"23,1";"23,1";"22,9";"99,0";"99,0";"99,0";"22,9";"22,9";"22,8";"991,8";"992,1";"991,8";"0,8";"208,0";"1,7";"";"0,0"
"29/12/2023";"0800";"23,1";"23,2";"22,9";"99,0";"99,0";"99,0";"23,0";"23,0";"22,8";"991,9";"992,0";"991,7";"0,4";"203,0";"1,7";"";"0,0"
"29/12/2023";"0900";"22,6";"23,1";"22,5";"99,0";"100,0";"99,0";"22,5";"23,0";"22,5";"992,0";"992,0";"991,8";"0,0";"197,0";"1,2";"";"0,0"
"29/12/2023";"1000";"22,6";"22,8";"22,5";"100,0";"100,0";"99,0";"22,5";"22,8";"22,4";"993,0";"993,0";"991,9";"1,4";"262,0";"2,2";"7,60";"0,0"
"29/12/2023";"1100";"23,7";"23,7";"22,6";"100,0";"100,0";"100,0";"23,7";"23,7";"22,5";"993,8";"993,8";"993,0";"1,4";"245,0";"2,2";"222,30";"0,0"
"29/12/2023";"1200";"25,7";"25,7";"23,7";"91,0";"100,0";"91,0";"24,1";"24,4";"23,7";"994,6";"994,6";"993,8";"1,0";"279,0";"2,4";"766,80";"0,0"
"29/12/2023";"1300";"28,1";"28,1";"25,7";"81,0";"91,0";"79,0";"24,4";"24,6";"23,7";"994,9";"994,9";"994,6";"1,2";"229,0";"3,2";"1575,40";"0,0"
"29/12/2023";"1400";"28,9";"29,0";"27,9";"79,0";"82,0";"77,0";"24,8";"25,0";"24,0";"994,8";"995,0";"994,7";"2,0";"269,0";"4,4";"1928,70";"0,0"
"29/12/2023";"1500";"29,9";"30,2";"28,6";"77,0";"79,0";"72,0";"25,3";"25,5";"24,2";"994,3";"994,9";"994,3";"2,2";"278,0";"4,3";"2063,10";"0,0"
"29/12/2023";"1600";"30,7";"31,2";"28,9";"70,0";"78,0";"68,0";"24,5";"25,6";"23,9";"993,1";"994,3";"993,1";"1,9";"254,0";"4,7";"2073,40";"0,0"
"29/12/2023";"1700";"29,5";"31,8";"29,4";"75,0";"76,0";"67,0";"24,6";"25,9";"24,0";"992,5";"993,1";"992,5";"1,3";"241,0";"5,4";"1748,00";"0,0"
"29/12/2023";"1800";"22,2";"29,5";"21,1";"99,0";"99,0";"75,0";"22,0";"24,9";"19,7";"991,5";"992,9";"991,5";"1,4";"197,0";"13,1";"209,30";"26,4"
"29/12/2023";"1900";"24,8";"24,8";"22,2";"98,0";"99,0";"98,0";"24,6";"24,6";"22,0";"992,2";"992,2";"991,1";"0,7";"220,0";"3,0";"539,90";"1,0"
"29/12/2023";"2000";"25,1";"25,5";"24,9";"93,0";"98,0";"93,0";"24,0";"24,9";"23,9";"992,2";"992,4";"991,9";"0,7";"302,0";"3,7";"449,40";"0,0"
"29/12/2023";"2100";"23,7";"25,2";"23,6";"97,0";"97,0";"91,0";"23,3";"24,0";"22,8";"992,9";"992,9";"992,2";"0,8";"315,0";"5,5";"245,80";"0,0"
"29/12/2023";"2200";"23,3";"23,8";"23,3";"97,0";"97,0";"97,0";"22,9";"23,3";"22,9";"993,7";"993,7";"992,9";"1,7";"305,0";"2,8";"76,70";"0,0"
"29/12/2023";"2300";"22,8";"23,3";"22,8";"98,0";"98,0";"97,0";"22,5";"22,8";"22,5";"993,5";"993,7";"993,2";"1,1";"258,0";"3,5";"2,20";"0,0"
"30/12/2023";"0000";"22,8";"22,8";"22,8";"99,0";"99,0";"98,0";"22,6";"22,6";"22,5";"994,2";"994,2";"993,5";"1,4";"261,0";"3,4";"";"0,0"
"30/12/2023";"0100";"";"";"";"";"";"";"";"";"";"";"";"";"";"";"";"";""
"30/12/2023";"0200";"";"";"";"";"";"";"";"";"";"";"";"";"";"";"";"";""
"30/12/2023";"0300";"22,4";"22,7";"22,4";"100,0";"100,0";"99,0";"22,3";"22,6";"22,3";"995,1";"995,5";"995,1";"0,0";"304,0";"1,7";"";"0,0"
"30/12/2023";"0400";"22,5";"22,5";"22,2";"100,0";"100,0";"100,0";"22,4";"22,4";"22,2";"994,6";"995,1";"994,5";"0,1";"315,0";"1,0";"";"0,0"
"30/12/2023";"0500";"22,3";"22,5";"22,3";"100,0";"100,0";"100,0";"22,3";"22,4";"22,3";"993,6";"994,6";"993,6";"0,4";"324,0";"1,8";"";"0,0"
"30/12/2023";"0600";"22,3";"22,4";"22,3";"100,0";"100,0";"100,0";"22,2";"22,3";"22,2";"993,4";"993,7";"993,4";"0,6";"286,0";"1,4";"";"0,0"
"30/12/2023";"0700";"22,2";"22,3";"22,2";"100,0";"100,0";"100,0";"22,2";"22,3";"22,2";"993,5";"993,5";"993,3";"0,6";"258,0";"1,3";"";"0,2"
"30/12/2023";"0800";"22,2";"22,3";"22,2";"100,0";"100,0";"100,0";"22,2";"22,3";"22,2";"993,7";"993,8";"993,5";"0,9";"252,0";"1,5";"";"0,0"
"30/12/2023";"0900";"22,1";"22,2";"22,1";"100,0";"100,0";"100,0";"22,1";"22,2";"22,1";"993,9";"993,9";"993,7";"1,0";"239,0";"2,1";"";"0,0"
"30/12/2023";"1000";"22,2";"22,2";"22,1";"100,0";"100,0";"100,0";"22,2";"22,2";"22,1";"995,0";"995,0";"993,9";"1,2";"250,0";"2,2";"4,60";"0,0"
"30/12/2023";"1100";"22,8";"22,8";"22,2";"100,0";"100,0";"100,0";"22,7";"22,8";"22,2";"996,0";"996,0";"995,0";"1,2";"233,0";"3,2";"180,80";"0,0"
"30/12/2023";"1200";"23,3";"23,3";"22,8";"99,0";"100,0";"99,0";"23,1";"23,1";"22,7";"996,6";"996,7";"996,0";"1,8";"226,0";"3,9";"381,00";"0,0"
"30/12/2023";"1300";"24,1";"24,1";"23,2";"94,0";"99,0";"94,0";"23,0";"23,1";"22,9";"997,4";"997,4";"996,6";"1,7";"242,0";"4,0";"492,30";"0,0"
"30/12/2023";"1400";"25,1";"25,1";"24,1";"88,0";"94,0";"88,0";"23,0";"23,2";"22,7";"997,9";"997,9";"997,4";"1,8";"247,0";"4,7";"962,70";"0,0"
"30/12/2023";"1500";"27,3";"27,5";"25,1";"80,0";"89,0";"78,0";"23,6";"24,1";"22,7";"997,4";"997,9";"997,4";"1,2";"305,0";"4,0";"1730,10";"0,0"
"30/12/2023";"1600";"28,6";"29,1";"26,7";"75,0";"82,0";"71,0";"23,8";"24,3";"22,5";"996,5";"997,4";"996,5";"0,5";"257,0";"3,5";"2148,70";"0,0"
"30/12/2023";"1700";"29,3";"29,3";"27,2";"76,0";"81,0";"74,0";"24,5";"25,0";"23,0";"995,1";"996,5";"995,1";"1,8";"289,0";"3,2";"1568,10";"0,2"
"30/12/2023";"1800";"30,6";"31,0";"28,4";"65,0";"78,0";"63,0";"23,2";"24,6";"23,0";"993,4";"995,1";"993,4";"1,4";"280,0";"3,8";"3546,10";"0,0"
"30/12/2023";"1900";"27,2";"31,1";"27,2";"76,0";"76,0";"63,0";"22,7";"24,2";"22,7";"992,9";"993,4";"992,7";"1,2";"304,0";"5,6";"1640,20";"0,0"
"30/12/2023";"2000";"23,0";"27,2";"22,9";"95,0";"95,0";"77,0";"22,1";"22,6";"21,6";"992,8";"992,9";"992,6";"2,3";"233,0";"8,6";"48,40";"0,0"
"30/12/2023";"2100";"23,3";"23,3";"23,0";"98,0";"98,0";"95,0";"22,9";"22,9";"22,1";"991,8";"992,8";"991,8";"1,3";"244,0";"3,6";"115,00";"0,4"
"30/12/2023";"2200";"23,5";"23,5";"23,3";"98,0";"98,0";"98,0";"23,1";"23,2";"22,9";"992,3";"992,3";"991,8";"1,1";"285,0";"3,1";"98,10";"0,4"
"30/12/2023";"2300";"22,9";"23,5";"22,9";"98,0";"98,0";"96,0";"22,5";"23,0";"22,5";"992,9";"992,9";"992,3";"0,6";"290,0";"3,3";"6,90";"0,0"
"31/12/2023";"0000";"22,7";"22,9";"22,6";"99,0";"99,0";"98,0";"22,5";"22,6";"22,4";"993,3";"993,3";"992,9";"0,7";"283,0";"2,0";"";"0,0"
"31/12/2023";"0100";"22,6";"22,8";"22,6";"99,0";"99,0";"99,0";"22,4";"22,6";"22,4";"994,3";"994,3";"993,3";"0,1";"188,0";"1,9";"";"0,0"
"31/12/2023";"0200";"22,6";"22,6";"22,5";"99,0";"99,0";"99,0";"22,5";"22,5";"22,4";"994,8";"994,8";"994,3";"0,4";"208,0";"1,4";"";"0,0"
"31/12/2023";"0300";"22,6";"22,6";"22,5";"100,0";"100,0";"99,0";"22,5";"22,6";"22,5";"995,1";"995,1";"994,8";"0,0";"307,0";"1,4";"";"0,0"
"31/12/2023";"0400";"22,5";"22,6";"22,4";"100,0";"100,0";"100,0";"22,4";"22,5";"22,4";"994,7";"995,1";"994,7";"0,2";"258,0";"1,7";"";"0,0"
"31/12/2023";"0500";"22,5";"22,6";"22,4";"100,0";"100,0";"100,0";"22,4";"22,5";"22,4";"993,9";"994,7";"993,9";"0,0";"323,0";"1,4";"";"0,0"
"31/12/2023";"0600";"22,3";"22,5";"22,3";"100,0";"100,0";"100,0";"22,3";"22,5";"22,3";"993,7";"993,9";"993,7";"0,0";"250,0";"0,9";"";"0,0"
"31/12/2023";"0700";"22,1";"22,3";"22,1";"100,0";"100,0";"100,0";"22,1";"22,3";"22,1";"993,1";"993,7";"993,1";"0,0";"253,0";"1,0";"";"0,0"
"31/12/2023";"0800";"22,1";"22,1";"22,1";"100,0";"100,0";"100,0";"22,1";"22,1";"22,1";"992,9";"993,1";"992,8";"0,0";"248,0";"1,3";"";"0,0"
"31/12/2023";"0900";"22,1";"22,1";"22,0";"100,0";"100,0";"100,0";"22,1";"22,1";"22,0";"993,0";"993,0";"992,8";"0,1";"309,0";"1,2";"";"0,0"
"31/12/2023";"1000";"22,3";"22,3";"22,1";"100,0";"100,0";"100,0";"22,3";"22,3";"22,1";"993,6";"993,6";"993,0";"0,0";"311,0";"1,0";"4,50";"0,0"
"31/12/2023";"1100";"22,6";"22,6";"22,3";"100,0";"100,0";"100,0";"22,6";"22,6";"22,3";"994,6";"994,7";"993,6";"0,1";"325,0";"1,0";"132,40";"0,0"
"31/12/2023";"1200";"23,9";"24,0";"22,5";"100,0";"100,0";"100,0";"23,9";"23,9";"22,5";"995,5";"995,5";"994,6";"0,4";"311,0";"1,9";"609,60";"0,0"
"31/12/2023";"1300";"26,5";"26,6";"23,9";"85,0";"100,0";"85,0";"23,9";"25,4";"23,7";"996,1";"996,1";"995,5";"0,3";"316,0";"2,3";"1346,50";"0,0"
"31/12/2023";"1400";"27,8";"28,0";"26,4";"78,0";"86,0";"77,0";"23,7";"24,3";"23,0";"996,4";"996,4";"996,1";"0,5";"294,0";"2,1";"1787,40";"0,0"
"31/12/2023";"1500";"29,5";"29,9";"27,8";"70,0";"79,0";"69,0";"23,4";"24,4";"22,7";"995,7";"996,4";"995,7";"1,0";"305,0";"3,0";"2585,90";"0,0"
"31/12/2023";"1600";"30,2";"30,6";"29,2";"67,0";"72,0";"65,0";"23,4";"24,0";"22,1";"994,9";"995,7";"994,9";"1,0";"239,0";"3,3";"2939,80";"0,2"
"31/12/2023";"1700";"31,9";"32,3";"30,1";"61,0";"69,0";"59,0";"23,3";"25,0";"22,1";"993,7";"994,9";"993,7";"1,3";"302,0";"4,0";"2510,10";"0,0"
"31/12/2023";"1800";"32,4";"32,9";"30,9";"60,0";"66,0";"54,0";"23,6";"24,5";"22,0";"991,8";"993,7";"991,8";"2,0";"311,0";"4,8";"3011,00";"0,0"
"31/12/2023";"1900";"29,9";"34,2";"29,9";"67,0";"67,0";"52,0";"23,0";"24,6";"22,2";"990,7";"991,8";"990,7";"1,4";"321,0";"5,8";"2245,60";"0,0"
"31/12/2023";"2000";"29,2";"29,9";"29,2";"73,0";"74,0";"66,0";"23,9";"24,3";"22,8";"990,3";"990,7";"990,1";"1,0";"314,0";"4,1";"520,10";"0,0"
"31/12/2023";"2100";"27,0";"29,2";"27,0";"80,0";"80,0";"72,0";"23,3";"24,3";"22,5";"990,1";"990,3";"989,9";"0,1";"298,0";"3,8";"389,30";"0,0"
"31/12/2023";"2200";"26,1";"27,0";"26,1";"83,0";"83,0";"78,0";"23,1";"23,4";"22,4";"991,0";"991,0";"990,0";"0,5";"222,0";"2,3";"174,10";"0,0"
"31/12/2023";"2300";"25,3";"26,1";"25,2";"87,0";"87,0";"83,0";"22,9";"23,1";"22,8";"991,5";"991,6";"991,0";"0,5";"219,0";"2,0";"5,80";"0,0"