"Data";"Hora (UTC)";"Temp. Ins. (C)";"Temp. Max. (C)";"Temp. Min. (C)";"Umi. Ins. (%)";"Umi. Max. (%)";"Umi. Min. (%)";"Pto Orvalho Ins. (C)";"Pto Orvalho Max. (C)";"Pto Orvalho Min. (C)";"Pressao Ins. (hPa)";"Pressao Max. (hPa)";"Pressao Min. (hPa)";"Vel. Vento (m/s)";"Dir. Vento (m/s)";"Raj. Vento (m/s)";"Radiacao (KJ/m²)";"Chuva (mm)"
"01/01/2024";"0000";"24,7";"24,7";"24,5";"93,0";"93,0";"92,0";"23,4";"23,4";"23,1";"1006,3";"1006,3";"1005,5";"0,0";"326,0";"2,6";"";""
"01/01/2024";"0100";"24,8";"24,8";"24,6";"92,0";"93,0";"92,0";"23,4";"23,5";"23,1";"1006,7";"1006,7";"1006,3";"0,6";"244,0";"2,4";"";""
"01/01/2024";"0200";"";"";"";"";"";"";"";"";"";"";"";"";"";"";"";"";""
"01/01/2024";"0300";"24,4";"24,6";"24,3";"93,0";"93,0";"92,0";"23,2";"23,3";"23,1";"1007,2";"1007,2";"1006,8";"0,0";"315,0";"1,9";"";""
"01/01/2024";"0400";"24,2";"24,4";"24,1";"93,0";"93,0";"93,0";"23,0";"23,2";"22,9";"1006,7";"1007,2";"1006,7";"0,0";"289,0";"1,1";"";""
"01/01/2024";"0500";"24,1";"24,3";"24,0";"93,0";"93,0";"93,0";"22,9";"23,1";"22,8";"1005,7";"1006,7";"1005,7";"0,0";"315,0";"0,7";"";""
"01/01/2024";"0600";"23,8";"24,1";"23,8";"93,0";"93,0";"93,0";"22,7";"22,9";"22,7";"1005,0";"1005,7";"1005,0";"0,1";"322,0";"0,8";"";""
"01/01/2024";"0700";"23,6";"23,8";"23,6";"94,0";"94,0";"93,0";"22,5";"22,7";"22,5";"1005,2";"1005,4";"1005,0";"0,0";"321,0";"1,3";"";""
"01/01/2024";"0800";"23,7";"23,7";"23,6";"94,0";"94,0";"94,0";"22,7";"22,7";"22,5";"1005,2";"1005,2";"1005,1";"0,0";"323,0";"0,0";"";""
"01/01/2024";"0900";"23,8";"23,8";"23,6";"94,0";"94,0";"94,0";"22,8";"22,8";"22,6";"1005,5";"1005,6";"1005,2";"0,0";"311,0";"0,0";"";""
"01/01/2024";"1000";"23,8";"23,9";"23,8";"94,0";"94,0";"94,0";"22,8";"22,9";"22,7";"1005,9";"1005,9";"1005,5";"0,0";"325,0";"0,4";"4,80";""
"01/01/2024";"1100";"24,4";"24,4";"23,8";"94,0";"94,0";"94,0";"23,3";"23,3";"22,8";"1006,8";"1006,8";"1005,9";"1,6";"294,0";"2,9";"233,00";""
"01/01/2024";"1200";"26,1";"26,1";"24,3";"91,0";"94,0";"90,0";"24,5";"24,5";"23,2";"1007,6";"1007,6";"1006,8";"1,0";"297,0";"3,0";"782,90";""
"01/01/2024";"1300";"27,8";"29,0";"26,2";"81,0";"91,0";"80,0";"24,2";"25,8";"24,2";"1007,9";"1007,9";"1007,6";"0,9";"210,0";"2,7";"1294,20";""
"01/01/2024";"1400";"29,1";"30,0";"27,7";"82,0";"84,0";"76,0";"25,6";"26,1";"24,6";"1008,1";"1008,1";"1007,9";"1,3";"226,0";"3,2";"1528,30";""
"01/01/2024";"1500";"29,3";"29,9";"28,8";"75,0";"82,0";"73,0";"24,4";"25,8";"24,0";"1007,4";"1008,1";"1007,4";"1,2";"246,0";"3,6";"1449,80";""
"01/01/2024";"1600";"30,6";"31,2";"29,3";"66,0";"76,0";"65,0";"23,6";"25,5";"23,3";"1006,8";"1007,4";"1006,8";"2,1";"277,0";"4,1";"1847,70";""
"01/01/2024";"1700";"30,9";"31,3";"30,2";"67,0";"71,0";"65,0";"24,0";"25,1";"23,3";"1005,8";"1006,8";"1005,8";"1,5";"285,0";"4,1";"1836,00";""
"01/01/2024";"1800";"31,3";"31,6";"30,3";"64,0";"71,0";"64,0";"23,7";"24,9";"23,6";"1004,5";"1005,8";"1004,5";"2,8";"289,0";"5,7";"1661,80";""
"01/01/2024";"1900";"31,5";"32,7";"30,8";"60,0";"68,0";"59,0";"22,8";"25,0";"22,5";"1003,5";"1004,5";"1003,5";"1,9";"271,0";"5,7";"1956,00";""
"01/01/2024";"2000";"30,0";"31,5";"30,0";"64,0";"67,0";"60,0";"22,4";"23,7";"22,1";"1003,0";"1003,5";"1003,0";"1,8";"271,0";"5,3";"955,00";""
"01/01/2024";"2100";"29,7";"30,3";"29,7";"68,0";"69,0";"64,0";"23,2";"23,7";"22,5";"1003,0";"1003,1";"1002,9";"1,8";"268,0";"4,7";"883,70";""
"01/01/2024";"2200";"28,6";"29,8";"28,6";"74,0";"74,0";"67,0";"23,5";"23,6";"23,1";"1003,5";"1003,5";"1003,0";"0,4";"279,0";"4,3";"221,20";""
"01/01/2024";"2300";"27,6";"28,6";"27,6";"79,0";"79,0";"74,0";"23,6";"23,8";"23,4";"1004,3";"1004,3";"1003,5";"0,2";"281,0";"1,5";"1,70";""
"02/01/2024";"0000";"27,0";"27,8";"27,0";"83,0";"83,0";"77,0";"23,8";"23,9";"23,2";"1004,9";"1004,9";"1004,3";"0,5";"301,0";"1,6";"";""
"02/01/2024";"0100";"26,9";"27,1";"26,7";"82,0";"84,0";"81,0";"23,5";"24,0";"23,4";"1005,9";"1005,9";"1004,9";"0,1";"282,0";"1,4";"";""
"02/01/2024";"0200";"26,4";"27,0";"26,4";"85,0";"85,0";"81,0";"23,7";"23,8";"23,4";"1006,7";"1006,7";"1005,9";"0,0";"303,0";"1,4";"";""
"02/01/2024";"0300";"26,4";"26,4";"26,2";"87,0";"87,0";"85,0";"24,1";"24,1";"23,7";"1006,5";"1006,7";"1006,5";"0,0";"201,0";"0,9";"";""
"02/01/2024";"0400";"26,7";"26,9";"26,3";"88,0";"88,0";"87,0";"24,6";"24,8";"24,0";"1005,7";"1006,5";"1005,7";"0,1";"213,0";"1,3";"";""
"02/01/2024";"0500";"26,4";"26,8";"26,4";"89,0";"90,0";"88,0";"24,5";"24,8";"24,5";"1004,7";"1005,8";"1004,7";"0,0";"202,0";"1,5";"";""
"02/01/2024";"0600";"26,0";"26,4";"25,9";"91,0";"91,0";"89,0";"24,4";"24,5";"24,2";"1004,2";"1004,7";"1004,2";"0,0";"235,0";"0,0";"";""
"02/01/2024";"0700";"26,4";"26,5";"25,8";"91,0";"92,0";"91,0";"24,8";"25,0";"24,3";"1004,0";"1004,2";"1004,0";"0,0";"238,0";"0,0";"";""
"02/01/2024";"0800";"26,4";"26,6";"26,3";"90,0";"91,0";"90,0";"24,6";"25,0";"24,5";"1004,1";"1004,1";"1004,0";"0,0";"228,0";"0,0";"";""
"02/01/2024";"0900";"26,2";"26,4";"25,9";"91,0";"91,0";"89,0";"24,6";"24,6";"24,1";"1004,2";"1004,3";"1004,0";"0,0";"244,0";"0,0";"";""
"02/01/2024";"1000";"26,1";"26,4";"26,0";"91,0";"91,0";"90,0";"24,5";"24,7";"24,3";"1004,9";"1005,0";"1004,2";"0,0";"239,0";"0,0";"2,40";""
"02/01/2024";"1100";"26,5";"26,6";"26,1";"87,0";"91,0";"87,0";"24,2";"24,6";"24,2";"1005,9";"1005,9";"1005,0";"1,8";"229,0";"3,0";"170,50";""
"02/01/2024";"1200";"27,5";"27,5";"26,5";"85,0";"88,0";"84,0";"24,8";"24,8";"24,1";"1007,2";"1007,2";"1005,9";"0,6";"219,0";"2,8";"506,20";""
"02/01/2024";"1300";"28,0";"28,1";"27,3";"83,0";"85,0";"82,0";"24,8";"25,0";"24,4";"1008,0";"1008,0";"1007,2";"1,7";"265,0";"5,2";"813,80";""
"02/01/2024";"1400";"29,1";"29,2";"27,7";"76,0";"84,0";"75,0";"24,4";"25,3";"24,0";"1008,0";"1008,2";"1008,0";"3,2";"271,0";"7,0";"1523,90";""
"02/01/2024";"1500";"27,8";"29,7";"27,8";"78,0";"79,0";"72,0";"23,6";"24,8";"23,6";"1007,8";"1008,1";"1007,8";"2,1";"274,0";"6,9";"1387,00";""
"02/01/2024";"1600";"29,2";"30,1";"27,8";"74,0";"79,0";"70,0";"24,0";"24,9";"23,3";"1006,9";"1007,8";"1006,9";"2,2";"276,0";"7,1";"1938,10";""
"02/01/2024";"1700";"29,4";"30,3";"28,8";"71,0";"74,0";"68,0";"23,6";"24,5";"23,3";"1006,2";"1007,0";"1006,1";"2,6";"280,0";"5,3";"1635,90";""
"02/01/2024";"1800";"29,1";"29,4";"28,6";"73,0";"76,0";"71,0";"23,9";"24,5";"23,5";"1005,3";"1006,2";"1005,3";"2,1";"266,0";"6,4";"1418,90";""
"02/01/2024";"1900";"29,1";"29,6";"29,0";"72,0";"74,0";"70,0";"23,7";"24,2";"23,2";"1003,9";"1005,3";"1003,9";"1,1";"268,0";"5,3";"1080,60";""
"02/01/2024";"2000";"28,4";"29,1";"28,4";"77,0";"77,0";"72,0";"23,9";"24,1";"23,3";"1003,2";"1003,9";"1003,2";"0,3";"259,0";"4,8";"637,10";""
"02/01/2024";"2100";"27,9";"28,5";"27,8";"79,0";"79,0";"75,0";"23,8";"24,1";"23,3";"1003,2";"1003,3";"1003,1";"0,5";"272,0";"1,8";"313,00";""
"02/01/2024";"2200";"27,1";"27,9";"27,1";"82,0";"82,0";"78,0";"23,8";"23,9";"23,6";"1003,6";"1003,6";"1003,2";"0,0";"303,0";"1,8";"99,60";""
"02/01/2024";"2300";"26,5";"27,1";"26,4";"85,0";"86,0";"82,0";"23,8";"24,0";"23,7";"1004,2";"1004,2";"1003,6";"0,0";"274,0";"0,0";"1,10";""
"03/01/2024";"0000";"";"";"";"";"";"";"";"";"";"";"";"";"";"";"";"";""
"03/01/2024";"0100";"";"";"";"";"";"";"";"";"";"";"";"";"";"";"";"";""
"03/01/2024";"0200";"25,6";"25,8";"25,6";"90,0";"90,0";"88,0";"23,8";"23,9";"23,6";"1004,7";"1004,8";"1004,7";"0,7";"284,0";"2,2";"";""
"03/01/2024";"0300";"25,3";"25,6";"25,3";"91,0";"91,0";"90,0";"23,7";"23,8";"23,7";"1005,0";"1005,0";"1004,7";"0,0";"277,0";"2,1";"";""
"03/01/2024";"0400";"25,2";"25,3";"25,2";"91,0";"91,0";"91,0";"23,7";"23,8";"23,7";"1005,2";"1005,2";"1005,0";"0,0";"287,0";"1,0";"";""
"03/01/2024";"0500";"25,6";"25,8";"25,2";"91,0";"92,0";"91,0";"24,1";"24,4";"23,7";"1005,0";"1005,2";"1005,0";"1,5";"237,0";"2,4";"";""
"03/01/2024";"0600";"25,5";"25,7";"25,5";"91,0";"91,0";"91,0";"24,0";"24,1";"23,9";"1004,8";"1005,1";"1004,8";"1,0";"232,0";"2,5";"";""
"03/01/2024";"0700";"25,4";"25,5";"25,3";"91,0";"91,0";"91,0";"23,8";"24,0";"23,7";"1004,4";"1004,9";"1004,4";"0,0";"252,0";"3,2";"";""
"03/01/2024";"0800";"25,0";"25,4";"25,0";"92,0";"92,0";"91,0";"23,6";"23,8";"23,6";"1004,2";"1004,4";"1004,1";"0,8";"297,0";"1,5";"";""
"03/01/2024";"0900";"25,1";"25,1";"25,0";"92,0";"92,0";"92,0";"23,7";"23,7";"23,6";"1004,9";"1004,9";"1004,2";"0,0";"275,0";"2,0";"";""
"03/01/2024";"1000";"25,1";"25,1";"25,1";"92,0";"92,0";"92,0";"23,7";"23,7";"23,7";"1005,6";"1005,6";"1004,9";"0,7";"287,0";"1,7";"2,80";""
"03/01/2024";"1100";"26,1";"26,1";"25,1";"91,0";"92,0";"91,0";"24,4";"24,4";"23,7";"1006,7";"1006,8";"1005,6";"0,0";"258,0";"1,5";"142,80";""
"03/01/2024";"1200";"26,8";"26,9";"26,0";"89,0";"91,0";"89,0";"24,8";"24,9";"24,3";"1007,5";"1007,5";"1006,7";"0,0";"296,0";"0,0";"391,00";""
"03/01/2024";"1300";"29,9";"30,4";"26,8";"72,0";"89,0";"72,0";"24,2";"25,8";"24,1";"1007,9";"1008,1";"1007,5";"1,1";"213,0";"3,8";"1496,50";""
"03/01/2024";"1400";"30,4";"30,7";"29,1";"68,0";"76,0";"68,0";"23,8";"24,8";"23,7";"1007,8";"1008,0";"1007,8";"1,9";"281,0";"5,3";"1886,30";""
"03/01/2024";"1500";"30,1";"30,8";"29,8";"69,0";"72,0";"68,0";"23,7";"24,8";"23,5";"1007,2";"1007,9";"1007,1";"2,6";"292,0";"6,3";"1851,90";""
"03/01/2024";"1600";"31,3";"31,3";"30,1";"69,0";"72,0";"66,0";"24,9";"25,4";"23,5";"1006,0";"1007,2";"1006,0";"1,1";"237,0";"5,4";"1990,20";""
"03/01/2024";"1700";"32,7";"32,7";"31,1";"61,0";"69,0";"59,0";"24,2";"25,1";"23,3";"1005,1";"1006,0";"1005,1";"2,1";"300,0";"4,7";"2381,10";""
"03/01/2024";"1800";"28,7";"33,4";"28,7";"74,0";"74,0";"58,0";"23,6";"24,9";"22,1";"1004,4";"1005,1";"1004,4";"2,8";"302,0";"10,3";"1485,70";""
"03/01/2024";"1900";"31,1";"31,2";"27,9";"66,0";"78,0";"65,0";"24,0";"24,7";"23,2";"1003,2";"1004,4";"1003,2";"2,4";"301,0";"7,5";"1434,50";""
"03/01/2024";"2000";"30,6";"31,8";"30,6";"65,0";"67,0";"61,0";"23,3";"24,2";"22,8";"1002,8";"1003,2";"1002,8";"1,9";"297,0";"6,2";"1220,40";""
"03/01/2024";"2100";"30,4";"30,6";"30,1";"71,0";"71,0";"65,0";"24,5";"24,6";"23,2";"1002,8";"1002,8";"1002,5";"0,9";"306,0";"5,1";"403,80";""
"03/01/2024";"2200";"29,0";"30,4";"29,0";"72,0";"75,0";"71,0";"23,5";"24,8";"23,5";"1003,2";"1003,2";"1002,8";"1,7";"307,0";"5,2";"165,20";""
"03/01/2024";"2300";"";"";"";"";"";"";"";"";"";"";"";"";"";"";"";"";""
"04/01/2024";"0000";"";"";"";"";"";"";"";"";"";"";"";"";"";"";"";"";""
"04/01/2024";"0100";"27,1";"27,3";"27,0";"85,0";"85,0";"83,0";"24,2";"24,3";"24,1";"1005,5";"1005,5";"1004,5";"0,7";"286,0";"2,2";"";""
"04/01/2024";"0200";"27,2";"27,3";"27,0";"82,0";"85,0";"81,0";"23,9";"24,3";"23,8";"1005,6";"1005,7";"1005,5";"1,1";"301,0";"2,3";"";""
"04/01/2024";"0300";"27,1";"27,2";"26,9";"82,0";"84,0";"82,0";"23,8";"24,0";"23,8";"1005,7";"1005,8";"1005,6";"1,2";"286,0";"2,9";"";""
"04/01/2024";"0400";"27,0";"27,2";"27,0";"84,0";"84,0";"82,0";"24,1";"24,1";"23,7";"1005,4";"1005,7";"1005,4";"0,0";"252,0";"3,3";"";""
"04/01/2024";"0500";"26,9";"27,0";"26,9";"85,0";"85,0";"84,0";"24,1";"24,3";"24,1";"1004,6";"1005,4";"1004,6";"0,0";"302,0";"2,1";"";""
"04/01/2024";"0600";"26,4";"26,9";"26,4";"87,0";"87,0";"85,0";"24,1";"24,2";"24,0";"1004,1";"1004,6";"1004,0";"0,0";"222,0";"0,0";"";""
"04/01/2024";"0700";"26,3";"26,6";"26,3";"89,0";"89,0";"87,0";"24,3";"24,4";"24,1";"1003,8";"1004,1";"1003,7";"0,2";"300,0";"1,8";"";""
"04/01/2024";"0800";"25,9";"26,3";"25,9";"89,0";"89,0";"89,0";"24,0";"24,3";"24,0";"1004,1";"1004,1";"1003,7";"0,5";"266,0";"1,9";"";""
"04/01/2024";"0900";"25,7";"25,9";"25,7";"90,0";"90,0";"89,0";"23,9";"24,0";"23,9";"1004,5";"1004,5";"1004,0";"0,0";"265,0";"1,9";"";""
"04/01/2024";"1000";"25,9";"25,9";"25,7";"89,0";"90,0";"89,0";"23,9";"24,0";"23,9";"1005,4";"1005,4";"1004,5";"0,0";"282,0";"0,0";"1,80";""
"04/01/2024";"1100";"26,5";"26,5";"25,9";"88,0";"89,0";"88,0";"24,2";"24,3";"23,9";"1006,1";"1006,1";"1005,4";"0,0";"272,0";"0,0";"107,50";""
"04/01/2024";"1200";"28,2";"28,4";"26,4";"78,0";"88,0";"78,0";"24,1";"24,9";"24,1";"1006,7";"1006,7";"1006,1";"1,6";"278,0";"3,2";"790,20";""
"04/01/2024";"1300";"29,5";"29,5";"28,2";"71,0";"81,0";"70,0";"23,7";"25,3";"23,1";"1007,1";"1007,2";"1006,7";"1,6";"283,0";"6,0";"1280,80";""
"04/01/2024";"1400";"29,8";"30,2";"29,3";"66,0";"72,0";"65,0";"22,8";"23,7";"22,4";"1007,1";"1007,3";"1007,1";"2,5";"290,0";"5,5";"1409,20";""
"04/01/2024";"1500";"31,0";"31,0";"29,7";"64,0";"67,0";"62,0";"23,5";"23,8";"22,4";"1007,0";"1007,1";"1006,9";"2,1";"283,0";"5,1";"1900,80";""
"04/01/2024";"1600";"31,3";"31,5";"30,4";"64,0";"67,0";"62,0";"23,7";"24,5";"22,7";"1006,3";"1007,0";"1006,3";"1,0";"233,0";"4,8";"1781,30";""
"04/01/2024";"1700";"31,8";"31,8";"30,7";"62,0";"66,0";"60,0";"23,7";"24,1";"22,6";"1005,5";"1006,3";"1005,5";"1,0";"252,0";"4,3";"1965,10";""
"04/01/2024";"1800";"32,6";"33,1";"31,8";"57,0";"64,0";"54,0";"23,1";"24,4";"22,1";"1004,5";"1005,5";"1004,5";"2,1";"260,0";"6,2";"2622,30";""
"04/01/2024";"1900";"32,4";"33,1";"31,8";"53,0";"59,0";"53,0";"21,6";"23,5";"21,6";"1003,6";"1004,5";"1003,6";"1,5";"291,0";"6,2";"2037,20";""
"04/01/2024";"2000";"33,1";"33,2";"32,1";"54,0";"57,0";"51,0";"22,4";"23,1";"21,6";"1003,2";"1003,6";"1003,2";"1,2";"260,0";"4,4";"1564,80";""
"04/01/2024";"2100";"32,2";"33,2";"32,1";"55,0";"58,0";"53,0";"22,1";"23,1";"21,5";"1003,3";"1003,3";"1003,1";"0,7";"263,0";"5,1";"913,20";""
"04/01/2024";"2200";"30,5";"32,1";"30,5";"64,0";"64,0";"55,0";"23,0";"23,0";"22,0";"1003,9";"1003,9";"1003,3";"0,2";"284,0";"3,0";"118,50";""
"04/01/2024";"2300";"29,1";"30,5";"29,0";"70,0";"70,0";"64,0";"23,0";"23,1";"22,6";"1004,6";"1004,6";"1003,9";"0,0";"278,0";"1,2";"1,00";""
"05/01/2024";"0000";"28,7";"29,1";"28,5";"74,0";"75,0";"69,0";"23,6";"23,8";"22,9";"1005,8";"1005,8";"1004,6";"0,0";"202,0";"0,0";"";""
"05/01/2024";"0100";"28,7";"29,0";"28,7";"78,0";"78,0";"74,0";"24,5";"24,7";"23,7";"1006,4";"1006,4";"1005,8";"0,0";"225,0";"0,0";"";""
"05/01/2024";"0200";"27,8";"28,7";"27,8";"82,0";"82,0";"78,0";"24,5";"24,6";"24,3";"1006,4";"1006,5";"1006,4";"0,0";"280,0";"0,0";"";""
"05/01/2024";"0300";"27,6";"27,7";"27,5";"84,0";"86,0";"82,0";"24,7";"25,0";"24,3";"1006,4";"1006,4";"1006,3";"0,0";"213,0";"0,0";"";""
"05/01/2024";"0400";"27,9";"28,1";"27,5";"80,0";"84,0";"79,0";"24,1";"24,5";"24,1";"1006,5";"1006,5";"1006,4";"1,0";"243,0";"2,3";"";""
"05/01/2024";"0500";"27,7";"28,1";"27,7";"83,0";"83,0";"79,0";"24,5";"24,7";"23,9";"1005,5";"1006,5";"1005,5";"1,5";"270,0";"4,1";"";""
"05/01/2024";"0600";"27,0";"27,7";"27,0";"86,0";"86,0";"83,0";"24,5";"24,6";"24,2";"1005,2";"1005,5";"1005,1";"2,1";"274,0";"4,0";"";""
"05/01/2024";"0700";"27,3";"27,4";"27,0";"85,0";"88,0";"85,0";"24,7";"25,2";"24,5";"1004,5";"1005,2";"1004,5";"2,2";"247,0";"6,4";"";""
"05/01/2024";"0800";"26,3";"27,3";"26,3";"89,0";"89,0";"85,0";"24,2";"24,8";"24,0";"1004,7";"1004,7";"1004,4";"2,0";"242,0";"9,5";"";""
"05/01/2024";"0900";"25,0";"26,3";"25,0";"89,0";"90,0";"87,0";"23,0";"24,3";"23,0";"1005,7";"1005,7";"1004,7";"2,4";"263,0";"8,9";"0,20";""
"05/01/2024";"1000";"24,4";"25,1";"24,4";"91,0";"92,0";"87,0";"22,9";"23,3";"22,7";"1006,5";"1006,5";"1005,7";"3,5";"228,0";"8,6";"0,20";""
"05/01/2024";"1100";"24,4";"24,5";"24,2";"92,0";"92,0";"91,0";"23,0";"23,1";"22,8";"1007,9";"1007,9";"1006,5";"2,1";"229,0";"6,4";"2,60";""
"05/01/2024";"1200";"24,0";"24,4";"23,8";"93,0";"93,0";"92,0";"22,8";"23,0";"22,6";"1009,1";"1009,1";"1007,9";"0,5";"257,0";"5,9";"8,70";""
"05/01/2024";"1300";"23,8";"24,1";"23,8";"93,0";"93,0";"93,0";"22,7";"22,9";"22,6";"1008,9";"1009,3";"1008,9";"1,4";"227,0";"3,9";"29,70";""
"05/01/2024";"1400";"24,3";"24,3";"23,8";"93,0";"93,0";"92,0";"23,1";"23,1";"22,7";"1008,8";"1009,2";"1008,7";"1,0";"228,0";"4,0";"335,20";""
"05/01/2024";"1500";"24,8";"25,1";"24,1";"89,0";"93,0";"89,0";"22,9";"23,5";"22,7";"1008,8";"1008,9";"1008,6";"0,6";"285,0";"2,8";"668,70";""
"05/01/2024";"1600";"25,3";"25,6";"24,8";"88,0";"90,0";"88,0";"23,3";"23,6";"22,9";"1008,4";"1008,8";"1008,4";"1,0";"262,0";"2,2";"579,80";""
"05/01/2024";"1700";"25,1";"25,5";"25,0";"90,0";"90,0";"88,0";"23,4";"23,7";"23,1";"1007,8";"1008,4";"1007,8";"0,3";"248,0";"3,1";"436,40";""
"05/01/2024";"1800";"25,2";"25,3";"24,9";"90,0";"91,0";"89,0";"23,5";"23,7";"23,1";"1006,7";"1007,8";"1006,7";"0,3";"269,0";"1,7";"483,10";""
"05/01/2024";"1900";"26,0";"26,0";"25,2";"87,0";"90,0";"87,0";"23,7";"24,2";"23,3";"1005,3";"1006,7";"1005,3";"0,4";"224,0";"2,2";"771,10";""
"05/01/2024";"2000";"25,3";"26,2";"25,3";"85,0";"88,0";"84,0";"22,6";"23,9";"22,6";"1004,2";"1005,3";"1004,2";"0,7";"214,0";"2,5";"315,80";""
"05/01/2024";"2100";"25,5";"25,6";"25,3";"87,0";"88,0";"85,0";"23,2";"23,5";"22,6";"1004,4";"1004,4";"1004,0";"0,1";"255,0";"2,5";"148,40";""
"05/01/2024";"2200";"25,0";"25,5";"24,9";"91,0";"91,0";"87,0";"23,4";"23,7";"23,0";"1005,2";"1005,3";"1004,4";"1,0";"292,0";"2,2";"73,40";""
"05/01/2024";"2300";"24,9";"25,0";"24,8";"92,0";"92,0";"91,0";"23,4";"23,5";"23,3";"1006,2";"1006,2";"1005,1";"0,0";"299,0";"2,2";"0,40";""
"06/01/2024";"0000";"24,6";"24,9";"24,6";"92,0";"92,0";"92,0";"23,2";"23,5";"23,2";"1006,8";"1006,9";"1006,2";"0,0";"292,0";"0,0";"";""
"06/01/2024";"0100";"24,7";"24,7";"24,6";"93,0";"93,0";"92,0";"23,4";"23,4";"23,2";"1007,5";"1007,5";"1006,8";"0,0";"290,0";"0,0";"";""
"06/01/2024";"0200";"24,7";"24,8";"24,6";"93,0";"93,0";"93,0";"23,4";"23,5";"23,3";"1007,4";"1007,7";"1007,3";"0,0";"294,0";"0,0";"";""
"06/01/2024";"0300";"24,5";"24,7";"24,4";"93,0";"93,0";"93,0";"23,3";"23,4";"23,2";"1007,3";"1007,5";"1007,3";"0,0";"311,0";"0,0";"";""
"06/01/2024";"0400";"24,2";"24,5";"24,2";"93,0";"93,0";"93,0";"23,1";"23,3";"23,1";"1006,7";"1007,4";"1006,7";"0,0";"303,0";"0,0";"";""
"06/01/2024";"0500";"24,2";"24,2";"24,0";"94,0";"94,0";"93,0";"23,1";"23,1";"22,9";"1005,7";"1006,7";"1005,7";"0,0";"314,0";"0,0";"";""
"06/01/2024";"0600";"24,0";"24,2";"24,0";"94,0";"94,0";"94,0";"23,0";"23,1";"22,9";"1005,3";"1005,7";"1005,3";"0,0";"292,0";"0,0";"";""
"06/01/2024";"0700";"24,1";"24,1";"23,9";"94,0";"94,0";"94,0";"22,9";"23,0";"22,8";"1005,6";"1005,6";"1005,3";"0,4";"280,0";"2,1";"";""
"06/01/2024";"0800";"24,2";"24,3";"24,1";"94,0";"94,0";"93,0";"23,1";"23,2";"23,0";"1006,0";"1006,0";"1005,6";"0,7";"278,0";"1,9";"";""
"06/01/2024";"0900";"24,2";"24,3";"24,2";"94,0";"94,0";"94,0";"23,2";"23,2";"23,1";"1006,8";"1006,8";"1006,0";"0,6";"290,0";"2,3";"";""
"06/01/2024";"1000";"24,3";"24,3";"24,2";"94,0";"94,0";"94,0";"23,3";"23,3";"23,1";"1007,5";"1007,5";"1006,8";"1,0";"294,0";"2,3";"1,20";""
"06/01/2024";"1100";"24,5";"24,5";"24,3";"94,0";"94,0";"94,0";"23,5";"23,5";"23,2";"1008,4";"1008,4";"1007,5";"1,5";"292,0";"3,0";"120,10";""
"06/01/2024";"1200";"25,0";"25,0";"24,5";"91,0";"94,0";"91,0";"23,4";"23,6";"23,3";"1009,2";"1009,2";"1008,4";"3,3";"290,0";"5,9";"405,40";""
"06/01/2024";"1300";"24,9";"25,2";"24,9";"89,0";"91,0";"88,0";"23,0";"23,4";"22,8";"1009,8";"1009,8";"1009,2";"2,6";"294,0";"7,7";"531,80";""
"06/01/2024";"1400";"25,8";"25,9";"24,9";"82,0";"89,0";"82,0";"22,6";"23,3";"22,6";"1009,6";"1009,9";"1009,6";"3,3";"289,0";"7,2";"985,30";""
"06/01/2024";"1500";"26,9";"26,9";"25,7";"80,0";"83,0";"79,0";"23,1";"23,1";"22,3";"1008,8";"1009,6";"1008,8";"2,7";"285,0";"7,5";"1170,20";""
"06/01/2024";"1600";"27,1";"27,3";"26,8";"77,0";"80,0";"76,0";"22,8";"23,4";"22,5";"1008,1";"1008,8";"1008,1";"3,1";"286,0";"7,6";"1498,30";""
"06/01/2024";"1700";"26,8";"27,2";"26,7";"78,0";"80,0";"77,0";"22,6";"23,3";"22,5";"1007,2";"1008,2";"1007,2";"2,7";"287,0";"7,4";"1043,50";""
"06/01/2024";"1800";"26,8";"26,9";"26,5";"81,0";"81,0";"76,0";"23,2";"23,2";"22,0";"1006,0";"1007,2";"1006,0";"1,4";"293,0";"5,2";"760,10";""
"06/01/2024";"1900";"26,9";"27,1";"26,5";"81,0";"82,0";"80,0";"23,5";"23,6";"22,9";"1005,1";"1006,0";"1005,1";"1,0";"275,0";"4,9";"725,30";""
"06/01/2024";"2000";"26,9";"27,1";"26,8";"81,0";"83,0";"80,0";"23,4";"23,7";"23,2";"1004,4";"1005,1";"1004,4";"1,8";"291,0";"4,2";"585,70";""
"06/01/2024";"2100";"26,8";"27,0";"26,7";"82,0";"82,0";"80,0";"23,4";"23,5";"23,0";"1004,5";"1004,6";"1004,4";"1,3";"269,0";"4,4";"427,50";""
"06/01/2024";"2200";"26,3";"26,8";"26,2";"85,0";"85,0";"81,0";"23,5";"23,5";"23,1";"1004,8";"1004,8";"1004,4";"0,3";"263,0";"3,9";"137,90";""
"06/01/2024";"2300";"25,5";"26,3";"25,5";"89,0";"89,0";"85,0";"23,6";"23,7";"23,4";"1005,3";"1005,3";"1004,8";"1,1";"296,0";"2,2";"0,40";""
"07/01/2024";"0000";"24,8";"25,5";"24,8";"90,0";"90,0";"89,0";"23,1";"23,6";"23,1";"1006,0";"1006,0";"1005,3";"0,1";"306,0";"2,2";"";""
"07/01/2024";"0100";"";"";"";"";"";"";"";"";"";"";"";"";"";"";"";"";""
"07/01/2024";"0200";"24,1";"24,5";"24,1";"92,0";"92,0";"91,0";"22,7";"22,9";"22,7";"1007,1";"1007,1";"1006,6";"0,8";"289,0";"1,4";"";""
"07/01/2024";"0300";"24,1";"24,2";"24,1";"92,0";"92,0";"92,0";"22,7";"22,8";"22,7";"1007,5";"1007,6";"1007,1";"0,4";"302,0";"1,7";"";""
"07/01/2024";"0400";"24,2";"24,2";"24,1";"92,0";"92,0";"92,0";"22,8";"22,9";"22,7";"1006,8";"1007,5";"1006,8";"0,0";"290,0";"0,9";"";""
"07/01/2024";"0500";"24,3";"24,3";"24,2";"92,0";"93,0";"92,0";"23,0";"23,0";"22,9";"1005,9";"1006,8";"1005,9";"0,1";"275,0";"1,4";"";""
"07/01/2024";"0600";"24,6";"24,6";"24,3";"92,0";"92,0";"92,0";"23,2";"23,2";"22,9";"1005,4";"1005,9";"1005,4";"0,1";"270,0";"1,5";"";""
"07/01/2024";"0700";"24,7";"24,7";"24,6";"92,0";"92,0";"92,0";"23,4";"23,4";"23,2";"1005,4";"1005,4";"1005,3";"0,0";"271,0";"1,9";"";""
"07/01/2024";"0800";"24,4";"24,8";"24,4";"92,0";"92,0";"92,0";"23,1";"23,4";"23,0";"1005,7";"1005,7";"1005,4";"0,0";"282,0";"0,0";"";""
"07/01/2024";"0900";"24,0";"24,4";"23,9";"93,0";"93,0";"92,0";"22,7";"23,0";"22,7";"1006,2";"1006,2";"1005,7";"0,7";"275,0";"2,7";"";""
"07/01/2024";"1000";"23,8";"24,0";"23,8";"93,0";"93,0";"93,0";"22,6";"22,7";"22,6";"1006,8";"1006,8";"1006,2";"0,6";"288,0";"2,2";"2,90";""
"07/01/2024";"1100";"24,4";"24,4";"23,8";"92,0";"93,0";"92,0";"23,0";"23,1";"22,6";"1007,6";"1007,6";"1006,8";"0,9";"270,0";"2,5";"189,50";""
"07/01/2024";"1200";"25,7";"25,7";"24,4";"87,0";"92,0";"87,0";"23,4";"23,7";"23,0";"1008,4";"1008,4";"1007,6";"1,1";"248,0";"2,5";"524,10";""
"07/01/2024";"1300";"27,1";"27,5";"25,7";"79,0";"87,0";"76,0";"23,2";"24,1";"22,6";"1008,8";"1008,8";"1008,4";"0,3";"296,0";"2,8";"1169,30";""
"07/01/2024";"1400";"28,9";"29,3";"27,2";"70,0";"79,0";"69,0";"23,0";"23,6";"22,5";"1008,7";"1008,8";"1008,7";"2,2";"265,0";"5,0";"1989,30";""
"07/01/2024";"1500";"29,4";"29,9";"28,3";"67,0";"72,0";"67,0";"22,7";"23,8";"22,1";"1008,2";"1008,7";"1008,2";"2,2";"258,0";"6,4";"2852,60";""
"07/01/2024";"1600";"30,0";"30,4";"29,1";"66,0";"71,0";"65,0";"22,9";"24,3";"22,3";"1007,4";"1008,2";"1007,4";"2,0";"255,0";"5,1";"2741,90";""
"07/01/2024";"1700";"30,6";"31,0";"29,6";"66,0";"71,0";"64,0";"23,4";"24,7";"22,7";"1006,4";"1007,4";"1006,4";"1,9";"266,0";"5,9";"2375,20";""
"07/01/2024";"1800";"30,9";"31,6";"30,2";"65,0";"68,0";"61,0";"23,5";"24,7";"22,8";"1005,3";"1006,4";"1005,3";"1,8";"258,0";"4,9";"2331,10";""
"07/01/2024";"1900";"31,2";"31,9";"30,8";"62,0";"66,0";"60,0";"23,0";"24,0";"22,6";"1004,6";"1005,3";"1004,6";"2,0";"281,0";"4,9";"1991,60";""
"07/01/2024";"2000";"31,6";"32,3";"30,8";"60,0";"64,0";"58,0";"23,0";"23,7";"22,6";"1004,0";"1004,6";"1004,0";"1,6";"259,0";"5,3";"1515,30";""
"07/01/2024";"2100";"31,4";"32,0";"31,0";"62,0";"63,0";"58,0";"23,2";"23,5";"22,7";"1003,6";"1004,0";"1003,6";"1,6";"279,0";"4,9";"984,00";""
"07/01/2024";"2200";"29,5";"31,4";"29,5";"68,0";"68,0";"62,0";"23,0";"23,3";"22,8";"1003,8";"1003,8";"1003,6";"0,9";"281,0";"4,9";"119,10";""
"07/01/2024";"2300";"28,2";"29,5";"28,2";"75,0";"75,0";"68,0";"23,4";"23,4";"23,0";"1004,1";"1004,1";"1003,8";"1,0";"291,0";"2,3";"2,20";""
"08/01/2024";"0000";"";"";"";"";"";"";"";"";"";"";"";"";"";"";"";"";""
"08/01/2024";"0100";"27,3";"27,7";"27,2";"82,0";"82,0";"78,0";"23,9";"23,9";"23,5";"1005,4";"1005,4";"1004,7";"1,2";"288,0";"2,5";"";""
"08/01/2024";"0200";"27,1";"27,3";"26,9";"80,0";"83,0";"79,0";"23,3";"23,8";"23,2";"1005,9";"1005,9";"1005,4";"1,1";"287,0";"2,9";"";""
"08/01/2024";"0300";"27,2";"27,2";"27,0";"79,0";"80,0";"79,0";"23,1";"23,3";"23,1";"1005,9";"1006,1";"1005,8";"0,8";"273,0";"2,9";"";""
"08/01/2024";"0400";"26,5";"27,2";"26,5";"82,0";"82,0";"79,0";"23,2";"23,2";"23,1";"1005,2";"1005,9";"1005,2";"0,4";"286,0";"2,9";"";""
"08/01/2024";"0500";"25,9";"26,5";"25,9";"85,0";"86,0";"82,0";"23,3";"23,3";"23,2";"1004,8";"1005,2";"1004,8";"1,1";"289,0";"2,0";"";""
"08/01/2024";"0600";"26,1";"26,3";"26,0";"85,0";"85,0";"84,0";"23,4";"23,4";"23,3";"1004,2";"1004,8";"1004,2";"1,4";"301,0";"2,4";"";""
"08/01/2024";"0700";"25,5";"26,1";"25,5";"90,0";"90,0";"85,0";"23,7";"23,7";"23,4";"1004,0";"1004,2";"1003,9";"1,9";"299,0";"3,1";"";""
"08/01/2024";"0800";"25,5";"25,8";"25,5";"91,0";"91,0";"90,0";"23,9";"24,0";"23,7";"1003,7";"1004,0";"1003,6";"1,3";"300,0";"3,1";"";""
"08/01/2024";"0900";"25,2";"25,5";"25,2";"91,0";"92,0";"91,0";"23,7";"23,9";"23,7";"1003,9";"1003,9";"1003,6";"1,7";"299,0";"3,0";"";""
"08/01/2024";"1000";"25,0";"25,2";"25,0";"91,0";"91,0";"91,0";"23,5";"23,7";"23,5";"1004,5";"1004,5";"1003,9";"1,7";"301,0";"3,2";"2,20";""
"08/01/2024";"1100";"25,7";"25,7";"25,0";"88,0";"91,0";"88,0";"23,6";"23,7";"23,5";"1005,7";"1005,7";"1004,5";"1,7";"297,0";"3,6";"98,40";""
"08/01/2024";"1200";"27,9";"28,0";"25,7";"80,0";"88,0";"80,0";"24,1";"24,5";"23,6";"1006,2";"1006,3";"1005,7";"2,2";"289,0";"5,0";"645,90";""
"08/01/2024";"1300";"29,0";"29,4";"27,9";"72,0";"80,0";"71,0";"23,5";"24,5";"23,3";"1006,8";"1006,8";"1006,2";"2,2";"286,0";"5,0";"1323,70";""
"08/01/2024";"1400";"30,1";"31,0";"29,0";"65,0";"72,0";"63,0";"22,8";"23,9";"22,4";"1006,9";"1007,0";"1006,8";"3,1";"291,0";"7,2";"1832,80";""
"08/01/2024";"1500";"30,3";"31,1";"29,8";"66,0";"69,0";"64,0";"23,3";"24,4";"22,7";"1006,6";"1006,9";"1006,6";"1,7";"287,0";"5,7";"1462,70";""
"08/01/2024";"1600";"31,5";"32,2";"30,3";"60,0";"68,0";"57,0";"22,6";"24,2";"21,9";"1005,8";"1006,6";"1005,8";"2,8";"277,0";"7,4";"2723,40";""
"08/01/2024";"1700";"31,9";"32,2";"31,2";"58,0";"60,0";"56,0";"22,6";"23,1";"21,9";"1004,7";"1005,8";"1004,7";"2,6";"264,0";"7,5";"3023,60";""
"08/01/2024";"1800";"32,2";"32,7";"31,6";"58,0";"61,0";"54,0";"22,9";"23,7";"21,6";"1003,7";"1004,7";"1003,7";"2,1";"262,0";"6,7";"2735,40";""
"08/01/2024";"1900";"32,2";"32,7";"31,4";"57,0";"62,0";"55,0";"22,6";"23,6";"21,9";"1002,9";"1003,7";"1002,9";"1,9";"287,0";"6,1";"2053,70";""
"08/01/2024";"2000";"31,5";"32,4";"31,5";"58,0";"60,0";"56,0";"22,1";"23,4";"22,0";"1002,9";"1002,9";"1002,5";"1,9";"278,0";"6,1";"1481,00";""
"08/01/2024";"2100";"29,5";"31,8";"29,5";"70,0";"70,0";"57,0";"23,4";"23,6";"22,0";"1002,9";"1003,1";"1002,9";"0,9";"231,0";"4,3";"515,60";""
"08/01/2024";"2200";"28,5";"29,6";"28,3";"75,0";"77,0";"70,0";"23,7";"24,1";"23,3";"1003,5";"1003,5";"1002,9";"0,4";"290,0";"2,6";"83,30";""
"08/01/2024";"2300";"27,2";"28,6";"27,2";"82,0";"82,0";"75,0";"23,8";"23,9";"23,6";"1003,5";"1003,7";"1003,4";"1,4";"303,0";"2,6";"1,20";""
"09/01/2024";"0000";"27,0";"27,2";"27,0";"84,0";"84,0";"82,0";"24,1";"24,1";"23,9";"1004,1";"1004,1";"1003,4";"0,0";"297,0";"3,1";"";""
"09/01/2024";"0100";"26,6";"27,1";"26,6";"86,0";"86,0";"84,0";"24,1";"24,1";"24,0";"1005,3";"1005,3";"1004,1";"0,2";"319,0";"1,4";"";""
"09/01/2024";"0200";"26,4";"26,6";"26,4";"86,0";"86,0";"85,0";"23,8";"24,1";"23,8";"1006,0";"1006,0";"1005,3";"0,8";"339,0";"2,0";"";""
"09/01/2024";"0300";"26,4";"26,5";"26,1";"85,0";"87,0";"85,0";"23,7";"23,9";"23,7";"1006,0";"1006,0";"1005,9";"0,5";"314,0";"2,8";"";""
"09/01/2024";"0400";"26,0";"26,4";"26,0";"87,0";"87,0";"85,0";"23,7";"23,8";"23,6";"1005,7";"1006,0";"1005,6";"0,8";"313,0";"2,3";"";""
"09/01/2024";"0500";"25,7";"26,0";"25,7";"89,0";"89,0";"87,0";"23,6";"23,7";"23,6";"1004,8";"1005,7";"1004,8";"0,9";"310,0";"1,9";"";""
"09/01/2024";"0600";"25,5";"25,7";"25,5";"90,0";"90,0";"89,0";"23,6";"23,7";"23,6";"1004,8";"1004,8";"1004,5";"2,4";"295,0";"4,1";"";""
"09/01/2024";"0700";"24,1";"25,6";"24,0";"93,0";"93,0";"88,0";"22,9";"23,7";"22,4";"1004,3";"1005,6";"1004,3";"0,4";"245,0";"9,0";"0,20";""
"09/01/2024";"0800";"24,0";"24,2";"24,0";"94,0";"94,0";"93,0";"22,9";"23,1";"22,8";"1004,4";"1004,4";"1004,1";"0,0";"272,0";"2,4";"";""
"09/01/2024";"0900";"24,3";"24,4";"24,0";"94,0";"94,0";"93,0";"23,2";"23,3";"22,9";"1004,9";"1004,9";"1004,3";"0,8";"324,0";"2,3";"";""
"09/01/2024";"1000";"24,4";"24,4";"24,2";"93,0";"94,0";"93,0";"23,3";"23,3";"23,1";"1005,6";"1005,6";"1004,9";"0,5";"307,0";"2,3";"1,70";""
"09/01/2024";"1100";"24,7";"24,7";"24,4";"93,0";"94,0";"93,0";"23,5";"23,6";"23,3";"1007,0";"1007,0";"1005,6";"0,1";"300,0";"1,7";"82,30";""
"09/01/2024";"1200";"23,4";"24,8";"22,9";"94,0";"94,0";"92,0";"22,5";"23,7";"21,7";"1007,9";"1008,3";"1007,0";"0,5";"290,0";"8,8";"23,80";""
"09/01/2024";"1300";"23,8";"23,9";"23,4";"94,0";"94,0";"94,0";"22,8";"22,9";"22,4";"1008,2";"1008,2";"1007,9";"1,0";"290,0";"2,4";"56,70";""
"09/01/2024";"1400";"24,3";"24,3";"23,8";"94,0";"94,0";"94,0";"23,3";"23,4";"22,8";"1008,1";"1008,4";"1008,1";"0,3";"327,0";"2,2";"220,70";""
"09/01/2024";"1500";"25,8";"25,8";"24,3";"93,0";"94,0";"93,0";"24,6";"24,6";"23,4";"1007,9";"1008,1";"1007,8";"0,0";"295,0";"2,2";"716,60";""
"09/01/2024";"1600";"26,8";"27,1";"25,7";"87,0";"93,0";"87,0";"24,4";"25,3";"24,3";"1006,8";"1007,9";"1006,8";"0,2";"212,0";"1,8";"1211,20";""
"09/01/2024";"1700";"28,4";"28,5";"26,8";"81,0";"88,0";"81,0";"24,8";"25,2";"24,2";"1005,1";"1006,8";"1005,1";"1,7";"241,0";"2,7";"2027,70";""
"09/01/2024";"1800";"30,5";"30,7";"28,2";"70,0";"82,0";"70,0";"24,5";"25,6";"24,1";"1003,3";"1005,1";"1003,3";"0,7";"250,0";"3,1";"1991,60";""
"09/01/2024";"1900";"30,9";"30,9";"29,3";"72,0";"77,0";"69,0";"25,4";"25,7";"24,3";"1002,3";"1003,3";"1002,3";"0,4";"236,0";"2,6";"1499,90";""
"09/01/2024";"2000";"28,8";"31,0";"28,5";"73,0";"76,0";"66,0";"23,5";"25,3";"23,0";"1002,3";"1002,6";"1001,7";"2,0";"308,0";"9,3";"1169,20";""
"09/01/2024";"2100";"27,9";"28,8";"27,5";"82,0";"82,0";"73,0";"24,4";"24,4";"23,3";"1002,5";"1002,5";"1002,2";"1,0";"327,0";"4,7";"538,60";""
"09/01/2024";"2200";"27,0";"27,9";"27,0";"84,0";"84,0";"80,0";"24,1";"24,4";"23,8";"1003,3";"1003,3";"1002,4";"0,5";"313,0";"2,6";"160,00";""
"09/01/2024";"2300";"26,4";"27,1";"26,4";"88,0";"88,0";"84,0";"24,1";"24,2";"24,0";"1004,0";"1004,0";"1003,3";"0,4";"297,0";"2,4";"0,70";""
"10/01/2024";"0000";"25,9";"26,4";"25,8";"90,0";"90,0";"88,0";"24,0";"24,2";"24,0";"1005,1";"1005,1";"1004,0";"0,7";"324,0";"2,1";"";""
"10/01/2024";"0100";"25,7";"25,9";"25,7";"90,0";"90,0";"90,0";"23,9";"24,0";"23,9";"1005,8";"1005,8";"1005,1";"0,7";"310,0";"1,9";"";""
"10/01/2024";"0200";"25,7";"25,8";"25,7";"89,0";"90,0";"89,0";"23,8";"24,0";"23,8";"1006,1";"1006,2";"1005,8";"0,5";"307,0";"2,8";"";""
"10/01/2024";"0300";"25,7";"25,7";"25,6";"89,0";"90,0";"89,0";"23,7";"23,8";"23,7";"1006,7";"1006,7";"1006,1";"0,9";"320,0";"3,0";"";""
"10/01/2024";"0400";"25,4";"25,7";"25,4";"90,0";"90,0";"89,0";"23,6";"23,8";"23,5";"1006,8";"1006,9";"1006,4";"1,8";"278,0";"5,5";"";""
"10/01/2024";"0500";"23,5";"25,4";"23,2";"94,0";"94,0";"89,0";"22,5";"23,5";"22,0";"1006,0";"1007,1";"1005,9";"0,4";"313,0";"8,1";"0,70";""
"10/01/2024";"0600";"24,4";"24,4";"23,6";"94,0";"94,0";"94,0";"23,3";"23,3";"22,5";"1005,0";"1006,0";"1005,0";"0,0";"292,0";"1,3";"";""
"10/01/2024";"0700";"24,5";"24,6";"24,3";"93,0";"94,0";"93,0";"23,3";"23,5";"23,1";"1004,7";"1005,1";"1004,7";"0,6";"237,0";"2,7";"";""
"10/01/2024";"0800";"24,2";"24,5";"24,2";"93,0";"93,0";"93,0";"23,0";"23,3";"23,0";"1004,9";"1004,9";"1004,7";"0,4";"256,0";"2,2";"";""
"10/01/2024";"0900";"24,1";"24,3";"24,1";"93,0";"93,0";"93,0";"22,9";"23,1";"22,9";"1005,5";"1005,5";"1004,9";"0,0";"211,0";"1,7";"";""
"10/01/2024";"1000";"24,2";"24,4";"24,0";"93,0";"94,0";"93,0";"23,0";"23,4";"22,8";"1006,6";"1006,6";"1005,5";"0,0";"242,0";"1,9";"0,60";""
"10/01/2024";"1100";"24,3";"24,4";"24,1";"93,0";"93,0";"93,0";"23,1";"23,2";"22,9";"1007,4";"1007,4";"1006,6";"0,1";"231,0";"2,2";"42,60";""
"10/01/2024";"1200";"25,0";"25,2";"24,3";"92,0";"93,0";"92,0";"23,7";"23,9";"23,1";"1007,8";"1007,8";"1007,4";"0,0";"234,0";"1,6";"234,50";""
"10/01/2024";"1300";"26,2";"26,2";"25,0";"89,0";"92,0";"89,0";"24,1";"24,5";"23,7";"1008,1";"1008,2";"1007,8";"0,4";"225,0";"1,7";"680,20";""
"10/01/2024";"1400";"27,6";"27,7";"26,0";"80,0";"89,0";"80,0";"23,8";"24,3";"23,1";"1008,1";"1008,2";"1008,1";"2,0";"233,0";"3,2";"2151,40";""
"10/01/2024";"1500";"28,6";"28,8";"27,3";"76,0";"83,0";"76,0";"24,0";"24,5";"23,5";"1007,9";"1008,2";"1007,9";"1,9";"243,0";"3,7";"2538,30";""
"10/01/2024";"1600";"28,6";"29,3";"28,2";"77,0";"78,0";"74,0";"24,1";"24,7";"23,6";"1007,3";"1007,9";"1007,3";"1,9";"237,0";"3,8";"2301,50";""
"10/01/2024";"1700";"30,3";"30,3";"28,7";"75,0";"79,0";"73,0";"25,4";"25,4";"23,9";"1006,2";"1007,3";"1006,2";"2,0";"234,0";"3,5";"2294,60";""
"10/01/2024";"1800";"30,3";"31,8";"30,0";"69,0";"75,0";"61,0";"23,9";"25,5";"22,9";"1005,0";"1006,2";"1005,0";"1,9";"235,0";"3,5";"2937,70";""
"10/01/2024";"1900";"31,8";"32,6";"30,3";"63,0";"69,0";"61,0";"23,9";"25,4";"23,4";"1003,9";"1005,0";"1003,9";"0,8";"228,0";"3,5";"2187,70";""
"10/01/2024";"2000";"31,6";"32,3";"31,1";"64,0";"68,0";"62,0";"24,0";"25,0";"23,4";"1003,2";"1003,9";"1003,2";"1,0";"228,0";"3,6";"1676,40";""
"10/01/2024";"2100";"30,8";"32,3";"30,8";"67,0";"68,0";"63,0";"23,9";"24,6";"23,4";"1003,2";"1003,2";"1003,0";"0,5";"203,0";"3,0";"951,10";""
"10/01/2024";"2200";"29,0";"30,9";"29,0";"71,0";"71,0";"64,0";"23,2";"23,9";"22,8";"1003,3";"1003,3";"1003,1";"0,2";"304,0";"2,3";"124,30";""
"10/01/2024";"2300";"27,3";"29,0";"27,3";"80,0";"81,0";"71,0";"23,6";"23,9";"23,2";"1003,4";"1003,5";"1003,3";"0,8";"305,0";"2,3";"2,30";""
"11/01/2024";"0000";"26,5";"27,3";"26,5";"83,0";"83,0";"79,0";"23,3";"23,6";"23,1";"1004,2";"1004,2";"1003,4";"0,3";"288,0";"1,3";"";""
"11/01/2024";"0100";"";"";"";"";"";"";"";"";"";"";"";"";"";"";"";"";""
"11/01/2024";"0200";"27,1";"27,1";"26,3";"86,0";"87,0";"83,0";"24,5";"24,6";"23,4";"1005,9";"1005,9";"1005,1";"0,8";"232,0";"1,5";"";""
"11/01/2024";"0300";"26,4";"27,3";"26,4";"88,0";"88,0";"86,0";"24,2";"24,8";"24,2";"1006,1";"1006,2";"1005,9";"0,0";"277,0";"1,5";"";""
"11/01/2024";"0400";"27,1";"27,1";"26,4";"87,0";"89,0";"85,0";"24,7";"24,7";"24,2";"1005,9";"1006,2";"1005,9";"2,5";"234,0";"3,8";"";""
"11/01/2024";"0500";"26,2";"27,1";"26,2";"90,0";"90,0";"87,0";"24,5";"24,7";"24,4";"1005,3";"1005,9";"1005,3";"2,1";"274,0";"3,8";"";""
"11/01/2024";"0600";"26,0";"26,2";"25,9";"91,0";"91,0";"90,0";"24,4";"24,5";"24,3";"1004,6";"1005,3";"1004,6";"1,4";"267,0";"3,5";"";""
"11/01/2024";"0700";"25,6";"26,0";"25,6";"92,0";"92,0";"91,0";"24,2";"24,5";"24,2";"1004,7";"1004,7";"1004,5";"2,0";"275,0";"3,8";"";""
"11/01/2024";"0800";"25,8";"26,0";"25,6";"90,0";"92,0";"90,0";"24,0";"24,6";"23,9";"1004,6";"1004,9";"1004,6";"3,2";"234,0";"5,0";"";""
"11/01/2024";"0900";"25,3";"25,8";"25,2";"91,0";"91,0";"90,0";"23,7";"24,1";"23,6";"1004,9";"1004,9";"1004,5";"2,7";"232,0";"4,9";"";""
"11/01/2024";"1000";"25,3";"25,4";"25,2";"92,0";"92,0";"91,0";"24,0";"24,1";"23,7";"1005,6";"1005,6";"1004,9";"1,6";"242,0";"4,4";"0,80";""
"11/01/2024";"1100";"24,4";"25,5";"24,4";"92,0";"93,0";"92,0";"23,0";"24,1";"23,0";"1007,9";"1007,9";"1005,6";"2,7";"279,0";"6,5";"19,00";""
"11/01/2024";"1200";"24,7";"24,8";"23,3";"91,0";"92,0";"90,0";"23,0";"23,2";"21,8";"1008,4";"1008,4";"1007,9";"0,5";"310,0";"6,9";"740,20";""
"11/01/2024";"1300";"26,0";"26,0";"24,7";"87,0";"91,0";"86,0";"23,6";"23,8";"23,0";"1009,2";"1009,2";"1008,4";"1,0";"301,0";"3,2";"1023,40";""
"11/01/2024";"1400";"28,1";"28,2";"26,0";"76,0";"87,0";"76,0";"23,5";"24,6";"23,2";"1009,1";"1009,2";"1009,0";"2,3";"326,0";"4,5";"2131,40";""
"11/01/2024";"1500";"27,9";"28,9";"27,7";"70,0";"78,0";"70,0";"22,0";"24,1";"22,0";"1008,6";"1009,2";"1008,6";"2,0";"311,0";"5,0";"2211,50";""
"11/01/2024";"1600";"29,1";"29,3";"27,9";"70,0";"74,0";"68,0";"23,1";"23,7";"22,1";"1008,2";"1008,6";"1008,2";"1,7";"300,0";"4,9";"1955,20";""
"11/01/2024";"1700";"28,7";"29,6";"28,5";"69,0";"72,0";"68,0";"22,4";"23,7";"22,4";"1006,9";"1008,2";"1006,9";"1,5";"315,0";"3,8";"1729,10";""
"11/01/2024";"1800";"30,5";"30,5";"28,3";"65,0";"72,0";"65,0";"23,1";"23,6";"22,2";"1005,6";"1006,9";"1005,6";"1,3";"309,0";"4,0";"1764,00";""
"11/01/2024";"1900";"29,2";"30,5";"29,2";"69,0";"70,0";"63,0";"22,9";"23,7";"22,3";"1004,7";"1005,6";"1004,7";"1,8";"291,0";"3,8";"1648,20";""
"11/01/2024";"2000";"30,6";"30,8";"29,2";"62,0";"70,0";"61,0";"22,4";"23,5";"21,9";"1004,0";"1004,7";"1004,0";"1,0";"291,0";"3,2";"1259,40";""
"11/01/2024";"2100";"29,3";"30,6";"29,3";"67,0";"67,0";"62,0";"22,6";"23,3";"22,1";"1003,7";"1004,0";"1003,7";"1,0";"304,0";"2,8";"790,40";""
"11/01/2024";"2200";"28,3";"29,6";"28,3";"73,0";"73,0";"67,0";"23,0";"23,3";"22,5";"1004,1";"1004,1";"1003,7";"0,4";"299,0";"3,0";"224,70";""
"11/01/2024";"2300";"";"";"";"";"";"";"";"";"";"";"";"";"";"";"";"";""
"12/01/2024";"0000";"26,3";"27,0";"26,3";"85,0";"85,0";"81,0";"23,5";"23,6";"23,4";"1005,3";"1005,3";"1004,6";"0,8";"302,0";"1,8";"";""
"12/01/2024";"0100";"";"";"";"";"";"";"";"";"";"";"";"";"";"";"";"";""
"12/01/2024";"0200";"25,8";"26,3";"25,8";"87,0";"87,0";"84,0";"23,4";"23,4";"23,3";"1007,0";"1007,0";"1006,6";"0,6";"316,0";"2,6";"";""
"12/01/2024";"0300";"26,1";"26,1";"25,7";"85,0";"87,0";"84,0";"23,3";"23,5";"23,2";"1007,0";"1007,0";"1006,7";"0,6";"325,0";"2,3";"";""
"12/01/2024";"0400";"25,3";"26,1";"25,3";"88,0";"88,0";"85,0";"23,3";"23,3";"23,2";"1006,3";"1007,0";"1006,3";"0,5";"333,0";"2,2";"";""
"12/01/2024";"0500";"25,7";"26,0";"25,4";"86,0";"89,0";"85,0";"23,2";"23,4";"23,2";"1005,7";"1006,4";"1005,7";"0,0";"314,0";"2,7";"";""
"12/01/2024";"0600";"25,3";"25,7";"25,2";"88,0";"88,0";"86,0";"23,2";"23,2";"23,1";"1005,0";"1005,7";"1005,0";"0,0";"322,0";"0,0";"";""
"12/01/2024";"0700";"25,0";"25,3";"24,9";"90,0";"90,0";"88,0";"23,3";"23,3";"23,0";"1004,7";"1005,1";"1004,7";"0,0";"326,0";"0,0";"";""
"12/01/2024";"0800";"24,9";"25,2";"24,9";"90,0";"90,0";"89,0";"23,1";"23,4";"23,1";"1004,7";"1004,8";"1004,6";"0,0";"318,0";"0,0";"";""
"12/01/2024";"0900";"24,9";"24,9";"24,8";"90,0";"90,0";"90,0";"23,1";"23,2";"23,1";"1004,9";"1004,9";"1004,5";"0,0";"302,0";"0,0";"";""
"12/01/2024";"1000";"25,1";"25,2";"24,9";"90,0";"91,0";"90,0";"23,4";"23,5";"23,1";"1005,2";"1005,3";"1004,9";"0,0";"310,0";"0,0";"0,90";""
"12/01/2024";"1100";"25,3";"25,3";"24,9";"90,0";"91,0";"90,0";"23,6";"23,6";"23,1";"1006,4";"1006,4";"1005,2";"0,0";"317,0";"0,0";"112,90";""
"12/01/2024";"1200";"25,8";"25,8";"25,3";"87,0";"90,0";"87,0";"23,5";"23,7";"23,2";"1007,3";"1007,3";"1006,4";"0,0";"295,0";"0,0";"180,00";""
"12/01/2024";"1300";"26,9";"27,1";"25,7";"82,0";"87,0";"81,0";"23,6";"24,1";"23,1";"1007,7";"1007,7";"1007,3";"0,0";"339,0";"0,0";"585,50";""
"12/01/2024";"1400";"29,5";"29,5";"26,9";"72,0";"84,0";"72,0";"23,9";"24,5";"22,9";"1007,7";"1007,9";"1007,7";"0,9";"304,0";"2,7";"1560,30";""
"12/01/2024";"1500";"27,3";"29,6";"27,1";"84,0";"84,0";"70,0";"24,2";"24,3";"23,3";"1007,1";"1007,7";"1007,0";"0,8";"286,0";"4,8";"707,20";""
"12/01/2024";"1600";"25,3";"27,3";"25,3";"89,0";"89,0";"83,0";"23,3";"24,2";"23,1";"1006,6";"1007,1";"1006,6";"0,9";"274,0";"4,8";"87,00";""
"12/01/2024";"1700";"25,3";"25,4";"25,1";"90,0";"91,0";"89,0";"23,6";"23,7";"23,3";"1005,8";"1006,6";"1005,7";"1,1";"268,0";"3,4";"145,60";""
"12/01/2024";"1800";"26,5";"26,5";"25,2";"91,0";"91,0";"90,0";"24,9";"24,9";"23,4";"1004,6";"1005,8";"1004,5";"0,1";"274,0";"2,4";"446,80";""
"12/01/2024";"1900";"26,4";"26,6";"26,1";"89,0";"91,0";"88,0";"24,4";"24,9";"24,0";"1003,9";"1004,6";"1003,9";"0,6";"220,0";"2,0";"278,40";""
"12/01/2024";"2000";"26,2";"26,6";"26,1";"90,0";"90,0";"88,0";"24,4";"24,6";"24,3";"1003,3";"1003,9";"1003,3";"1,1";"227,0";"3,5";"123,40";""
"12/01/2024";"2100";"26,3";"26,4";"26,1";"90,0";"90,0";"88,0";"24,6";"24,6";"24,2";"1004,2";"1004,2";"1003,3";"0,1";"256,0";"2,4";"96,70";""
"12/01/2024";"2200";"25,9";"26,3";"25,9";"91,0";"91,0";"90,0";"24,2";"24,6";"24,2";"1004,6";"1004,6";"1004,2";"0,9";"247,0";"4,6";"27,50";""
"12/01/2024";"2300";"";"";"";"";"";"";"";"";"";"";"";"";"";"";"";"";""
"13/01/2024";"0000";"25,2";"25,4";"25,1";"91,0";"92,0";"91,0";"23,7";"23,8";"23,6";"1005,6";"1005,6";"1005,1";"0,3";"277,0";"2,1";"";""
"13/01/2024";"0100";"";"";"";"";"";"";"";"";"";"";"";"";"";"";"";"";""
"13/01/2024";"0200";"25,2";"25,2";"25,0";"90,0";"92,0";"90,0";"23,5";"23,6";"23,4";"1007,3";"1007,3";"1006,5";"0,0";"329,0";"1,7";"";""
"13/01/2024";"0300";"24,7";"25,2";"24,7";"92,0";"92,0";"90,0";"23,3";"23,5";"23,3";"1007,4";"1007,5";"1007,2";"0,0";"291,0";"0,0";"";""
"13/01/2024";"0400";"24,9";"24,9";"24,7";"92,0";"92,0";"92,0";"23,5";"23,5";"23,3";"1007,2";"1007,4";"1007,2";"0,0";"303,0";"0,0";"";""
"13/01/2024";"0500";"24,9";"25,1";"24,9";"92,0";"92,0";"92,0";"23,5";"23,7";"23,5";"1006,3";"1007,3";"1006,3";"0,0";"286,0";"0,0";"";""
"13/01/2024";"0600";"24,8";"24,9";"24,7";"92,0";"92,0";"92,0";"23,5";"23,5";"23,4";"1005,7";"1006,3";"1005,7";"0,0";"301,0";"0,0";"";""
"13/01/2024";"0700";"24,7";"24,8";"24,5";"93,0";"93,0";"92,0";"23,5";"23,5";"23,3";"1005,2";"1005,7";"1005,2";"0,0";"282,0";"0,0";"";""
"13/01/2024";"0800";"24,7";"24,8";"24,6";"92,0";"93,0";"91,0";"23,2";"23,5";"23,2";"1005,3";"1005,3";"1005,1";"0,2";"261,0";"3,1";"";""
"13/01/2024";"0900";"24,5";"24,8";"24,5";"92,0";"93,0";"92,0";"23,2";"23,4";"23,2";"1005,5";"1005,5";"1005,3";"0,0";"273,0";"1,8";"";""
"13/01/2024";"1000";"24,4";"24,5";"24,3";"92,0";"92,0";"92,0";"23,1";"23,2";"23,0";"1006,3";"1006,3";"1005,5";"0,1";"264,0";"1,6";"1,10";""
"13/01/2024";"1100";"24,8";"24,8";"24,3";"92,0";"92,0";"91,0";"23,3";"23,3";"23,0";"1007,0";"1007,0";"1006,3";"0,2";"304,0";"1,6";"136,00";""
"13/01/2024";"1200";"25,9";"26,0";"24,7";"86,0";"92,0";"86,0";"23,3";"24,0";"23,1";"1007,7";"1007,7";"1007,0";"0,2";"264,0";"2,0";"689,50";""
"13/01/2024";"1300";"26,3";"26,3";"25,8";"86,0";"87,0";"85,0";"23,7";"23,8";"23,0";"1008,2";"1008,2";"1007,7";"1,2";"280,0";"2,6";"610,40";""
"13/01/2024";"1400";"27,0";"27,7";"26,2";"80,0";"86,0";"80,0";"23,3";"24,4";"23,3";"1007,9";"1008,2";"1007,9";"0,7";"280,0";"3,2";"1089,10";""
"13/01/2024";"1500";"28,9";"28,9";"27,0";"77,0";"82,0";"75,0";"24,4";"24,6";"23,5";"1007,7";"1007,9";"1007,7";"1,4";"306,0";"3,1";"1525,10";""
"13/01/2024";"1600";"30,6";"31,3";"28,4";"69,0";"78,0";"68,0";"24,4";"25,6";"23,6";"1007,0";"1007,7";"1007,0";"1,2";"214,0";"3,1";"2673,20";""
"13/01/2024";"1700";"30,4";"30,9";"29,5";"71,0";"75,0";"69,0";"24,5";"25,3";"23,5";"1005,6";"1007,0";"1005,6";"1,8";"221,0";"3,8";"2994,40";""
"13/01/2024";"1800";"31,8";"31,8";"30,2";"65,0";"72,0";"63,0";"24,3";"25,2";"23,6";"1003,6";"1005,6";"1003,6";"1,2";"232,0";"3,5";"2757,20";""
"13/01/2024";"1900";"32,3";"32,7";"31,0";"57,0";"67,0";"53,0";"22,7";"24,7";"21,7";"1002,4";"1003,6";"1002,4";"1,1";"254,0";"3,8";"2137,10";""
"13/01/2024";"2000";"32,1";"33,1";"32,1";"62,0";"65,0";"57,0";"23,8";"24,9";"22,9";"1002,4";"1002,5";"1002,3";"1,2";"217,0";"3,3";"1826,20";""
"13/01/2024";"2100";"29,6";"32,1";"29,6";"73,0";"73,0";"62,0";"24,2";"24,7";"23,4";"1003,2";"1003,2";"1002,4";"1,4";"284,0";"3,3";"639,00";""
"13/01/2024";"2200";"26,2";"29,6";"26,2";"84,0";"84,0";"70,0";"23,4";"24,2";"22,7";"1004,7";"1004,8";"1003,2";"3,2";"303,0";"6,7";"70,60";""
"13/01/2024";"2300";"";"";"";"";"";"";"";"";"";"";"";"";"";"";"";"";""
"14/01/2024";"0000";"";"";"";"";"";"";"";"";"";"";"";"";"";"";"";"";""
"14/01/2024";"0100";"";"";"";"";"";"";"";"";"";"";"";"";"";"";"";"";""
"14/01/2024";"0200";"25,2";"25,3";"25,1";"90,0";"90,0";"90,0";"23,4";"23,6";"23,4";"1007,5";"1007,5";"1007,1";"0,5";"314,0";"1,4";"";""
"14/01/2024";"0300";"25,7";"25,7";"25,1";"90,0";"91,0";"90,0";"23,9";"23,9";"23,4";"1007,9";"1008,0";"1007,5";"0,0";"244,0";"1,8";"";""
"14/01/2024";"0400";"25,2";"25,7";"25,2";"92,0";"92,0";"90,0";"23,8";"23,9";"23,5";"1007,6";"1008,0";"1007,6";"1,2";"299,0";"2,5";"";""
"14/01/2024";"0500";"24,9";"25,3";"24,6";"92,0";"92,0";"92,0";"23,5";"23,9";"23,2";"1007,3";"1007,6";"1007,3";"0,5";"297,0";"4,7";"";""
"14/01/2024";"0600";"24,8";"25,0";"24,7";"93,0";"93,0";"92,0";"23,5";"23,7";"23,4";"1006,7";"1007,3";"1006,7";"0,2";"259,0";"1,5";"";""
"14/01/2024";"0700";"24,7";"24,8";"24,6";"92,0";"93,0";"92,0";"23,4";"23,5";"23,2";"1006,6";"1006,8";"1006,4";"0,0";"270,0";"1,0";"";""
"14/01/2024";"0800";"24,6";"24,8";"24,6";"92,0";"93,0";"92,0";"23,3";"23,4";"23,2";"1006,6";"1006,6";"1006,4";"0,0";"258,0";"0,8";"";""
"14/01/2024";"0900";"24,7";"24,8";"24,6";"92,0";"92,0";"92,0";"23,3";"23,4";"23,2";"1006,8";"1006,9";"1006,6";"0,0";"233,0";"1,1";"";""
"14/01/2024";"1000";"24,5";"24,8";"24,5";"92,0";"92,0";"92,0";"23,2";"23,4";"23,1";"1007,3";"1007,3";"1006,8";"0,0";"346,0";"0,8";"0,20";""
"14/01/2024";"1100";"25,2";"25,3";"24,5";"92,0";"93,0";"92,0";"23,8";"23,9";"23,2";"1008,7";"1008,7";"1007,3";"1,0";"243,0";"2,4";"20,50";""
"14/01/2024";"1200";"25,0";"25,4";"25,0";"91,0";"92,0";"90,0";"23,4";"23,9";"23,4";"1009,6";"1009,6";"1008,7";"0,1";"271,0";"3,3";"122,70";""
"14/01/2024";"1300";"25,0";"25,2";"24,5";"92,0";"93,0";"91,0";"23,7";"23,7";"23,1";"1010,7";"1010,7";"1009,6";"0,8";"227,0";"3,0";"111,50";""
"14/01/2024";"1400";"24,9";"25,0";"24,6";"93,0";"93,0";"92,0";"23,7";"23,7";"23,2";"1010,8";"1010,9";"1010,7";"1,0";"248,0";"4,2";"181,70";""
"14/01/2024";"1500";"24,1";"25,0";"24,0";"93,0";"94,0";"93,0";"23,0";"23,8";"22,8";"1010,8";"1011,1";"1010,8";"0,2";"220,0";"3,9";"93,90";""
"14/01/2024";"1600";"24,6";"24,7";"24,1";"93,0";"93,0";"93,0";"23,3";"23,4";"23,0";"1010,2";"1010,8";"1010,2";"0,1";"260,0";"2,0";"159,30";""
"14/01/2024";"1700";"24,5";"24,7";"24,4";"93,0";"93,0";"92,0";"23,2";"23,5";"23,0";"1009,7";"1010,2";"1009,7";"1,0";"278,0";"2,8";"286,50";""
"14/01/2024";"1800";"24,4";"24,6";"24,3";"93,0";"94,0";"93,0";"23,2";"23,5";"23,1";"1008,5";"1009,7";"1008,5";"1,0";"266,0";"3,1";"381,20";""
"14/01/2024";"1900";"25,2";"25,2";"24,4";"91,0";"93,0";"91,0";"23,6";"23,8";"23,2";"1007,0";"1008,5";"1007,0";"0,8";"264,0";"3,1";"745,90";""
"14/01/2024";"2000";"25,5";"25,6";"24,9";"87,0";"91,0";"87,0";"23,2";"23,6";"23,1";"1006,1";"1007,0";"1006,1";"1,0";"263,0";"2,5";"651,70";""
"14/01/2024";"2100";"25,4";"25,7";"25,4";"88,0";"88,0";"87,0";"23,3";"23,4";"23,1";"1006,1";"1006,2";"1006,1";"0,4";"339,0";"2,4";"266,90";""
"14/01/2024";"2200";"25,1";"25,4";"25,1";"90,0";"90,0";"88,0";"23,3";"23,4";"23,2";"1006,5";"1006,5";"1006,1";"0,5";"328,0";"2,5";"144,40";""
"14/01/2024";"2300";"24,8";"25,1";"24,8";"90,0";"90,0";"89,0";"23,2";"23,3";"23,2";"1006,5";"1006,8";"1006,5";"0,4";"337,0";"2,3";"2,70";""
"15/01/2024";"0000";"24,6";"24,9";"24,6";"92,0";"92,0";"90,0";"23,2";"23,3";"23,2";"1007,0";"1007,0";"1006,5";"0,0";"309,0";"1,6";"";""
"15/01/2024";"0100";"";"";"";"";"";"";"";"";"";"";"";"";"";"";"";"";""
"15/01/2024";"0200";"24,2";"24,4";"24,2";"93,0";"93,0";"92,0";"23,0";"23,1";"23,0";"1007,9";"1008,0";"1007,7";"0,0";"277,0";"0,0";"";""
"15/01/2024";"0300";"24,0";"24,3";"24,0";"93,0";"93,0";"93,0";"22,8";"23,1";"22,8";"1008,4";"1008,4";"1007,8";"0,0";"312,0";"0,0";"";""
"15/01/2024";"0400";"23,7";"24,0";"23,7";"94,0";"94,0";"93,0";"22,7";"22,8";"22,6";"1007,9";"1008,6";"1007,9";"0,4";"311,0";"1,8";"";""
"15/01/2024";"0500";"23,5";"23,7";"23,5";"94,0";"94,0";"94,0";"22,5";"22,7";"22,5";"1006,9";"1007,9";"1006,9";"0,3";"327,0";"1,4";"";""
"15/01/2024";"0600";"23,4";"23,5";"23,4";"94,0";"94,0";"94,0";"22,4";"22,5";"22,4";"1006,2";"1006,9";"1006,2";"0,0";"293,0";"1,4";"";""
"15/01/2024";"0700";"23,4";"23,4";"23,3";"94,0";"94,0";"94,0";"22,4";"22,5";"22,3";"1006,4";"1006,4";"1006,2";"0,1";"311,0";"1,1";"";""
"15/01/2024";"0800";"23,3";"23,5";"23,3";"94,0";"94,0";"94,0";"22,4";"22,5";"22,4";"1006,3";"1006,4";"1006,1";"0,0";"311,0";"1,1";"";""
"15/01/2024";"0900";"23,4";"23,4";"23,3";"94,0";"94,0";"94,0";"22,5";"22,5";"22,3";"1006,8";"1006,8";"1006,2";"0,0";"279,0";"0,0";"";""
"15/01/2024";"1000";"23,6";"23,7";"23,4";"94,0";"94,0";"94,0";"22,6";"22,7";"22,4";"1007,5";"1007,5";"1006,7";"0,0";"324,0";"0,0";"1,80";""
"15/01/2024";"1100";"24,5";"24,5";"23,6";"94,0";"94,0";"94,0";"23,5";"23,5";"22,7";"1008,5";"1008,5";"1007,5";"0,0";"305,0";"0,0";"101,30";""
"15/01/2024";"1200";"25,8";"25,8";"24,5";"92,0";"94,0";"92,0";"24,5";"24,5";"23,5";"1009,6";"1009,6";"1008,5";"0,3";"287,0";"2,0";"493,90";""
"15/01/2024";"1300";"26,8";"26,9";"25,8";"86,0";"92,0";"85,0";"24,2";"24,9";"24,0";"1010,2";"1010,2";"1009,6";"0,6";"293,0";"2,9";"879,60";""
"15/01/2024";"1400";"27,9";"28,3";"26,7";"78,0";"86,0";"78,0";"23,8";"24,9";"23,8";"1010,3";"1010,4";"1010,1";"0,4";"291,0";"2,7";"1053,10";""
"15/01/2024";"1500";"29,0";"30,5";"27,9";"72,0";"80,0";"69,0";"23,5";"25,2";"23,3";"1009,2";"1010,3";"1009,2";"0,7";"229,0";"3,3";"2300,60";""
"15/01/2024";"1600";"25,3";"31,7";"25,3";"83,0";"83,0";"65,0";"22,2";"26,5";"21,8";"1009,3";"1009,4";"1008,8";"4,4";"286,0";"9,5";"2260,80";""
"15/01/2024";"1700";"24,7";"25,3";"24,6";"90,0";"91,0";"83,0";"23,0";"23,2";"22,4";"1008,0";"1009,3";"1008,0";"1,1";"268,0";"8,9";"366,20";""
"15/01/2024";"1800";"25,1";"25,2";"24,7";"90,0";"91,0";"90,0";"23,4";"23,5";"22,9";"1007,1";"1008,0";"1007,0";"0,7";"308,0";"3,2";"362,40";""
"15/01/2024";"1900";"26,7";"26,7";"25,1";"85,0";"90,0";"85,0";"24,1";"24,1";"23,4";"1005,9";"1007,1";"1005,9";"1,4";"295,0";"3,2";"1195,30";""
"15/01/2024";"2000";"27,3";"27,3";"26,4";"79,0";"85,0";"79,0";"23,4";"23,9";"23,2";"1004,7";"1005,9";"1004,7";"2,2";"298,0";"5,1";"959,30";""
"15/01/2024";"2100";"27,1";"27,4";"27,0";"80,0";"81,0";"78,0";"23,5";"23,7";"22,9";"1004,4";"1004,7";"1004,4";"0,7";"301,0";"5,1";"491,40";""
"15/01/2024";"2200";"26,4";"27,2";"26,4";"84,0";"84,0";"80,0";"23,6";"23,7";"23,3";"1004,9";"1004,9";"1004,2";"0,1";"272,0";"2,2";"108,10";""
"15/01/2024";"2300";"25,6";"26,4";"25,6";"89,0";"89,0";"84,0";"23,6";"23,7";"23,5";"1005,5";"1005,5";"1004,9";"0,0";"293,0";"1,0";"2,50";""
"16/01/2024";"0000";"25,0";"25,6";"25,0";"91,0";"91,0";"89,0";"23,5";"23,6";"23,4";"1006,1";"1006,1";"1005,5";"0,0";"326,0";"0,0";"";""
"16/01/2024";"0100";"";"";"";"";"";"";"";"";"";"";"";"";"";"";"";"";""
"16/01/2024";"0200";"";"";"";"";"";"";"";"";"";"";"";"";"";"";"";"";""
"16/01/2024";"0300";"24,7";"25,0";"24,7";"92,0";"92,0";"91,0";"23,3";"23,4";"23,3";"1007,0";"1007,0";"1006,8";"0,0";"297,0";"0,0";"";""
"16/01/2024";"0400";"24,7";"24,8";"24,6";"93,0";"93,0";"92,0";"23,4";"23,5";"23,3";"1006,9";"1007,0";"1006,9";"0,0";"326,0";"0,0";"";""
"16/01/2024";"0500";"24,7";"24,9";"24,7";"92,0";"93,0";"92,0";"23,3";"23,7";"23,3";"1006,1";"1006,9";"1006,1";"0,0";"331,0";"0,0";"";""
"16/01/2024";"0600";"24,5";"24,7";"24,5";"93,0";"93,0";"92,0";"23,3";"23,4";"23,3";"1005,5";"1006,1";"1005,5";"0,0";"339,0";"0,0";"";""
"16/01/2024";"0700";"24,7";"24,8";"24,5";"93,0";"93,0";"92,0";"23,4";"23,6";"23,3";"1005,4";"1005,5";"1005,3";"0,0";"312,0";"0,0";"";""
"16/01/2024";"0800";"24,4";"24,7";"24,4";"93,0";"93,0";"93,0";"23,2";"23,4";"23,2";"1005,4";"1005,5";"1005,4";"0,0";"301,0";"0,0";"";""
"16/01/2024";"0900";"24,6";"24,6";"24,4";"94,0";"94,0";"93,0";"23,4";"23,5";"23,2";"1005,8";"1005,9";"1005,4";"1,0";"272,0";"4,1";"";""
"16/01/2024";"1000";"24,5";"24,6";"24,5";"93,0";"94,0";"93,0";"23,4";"23,4";"23,3";"1006,4";"1006,4";"1005,8";"0,0";"281,0";"2,2";"2,40";""
"16/01/2024";"1100";"25,8";"25,8";"24,5";"92,0";"94,0";"92,0";"24,5";"24,5";"23,4";"1007,6";"1007,6";"1006,4";"0,0";"286,0";"1,9";"342,60";""
"16/01/2024";"1200";"27,6";"27,6";"25,8";"85,0";"93,0";"84,0";"24,8";"25,2";"24,1";"1008,4";"1008,4";"1007,6";"0,0";"252,0";"0,2";"882,50";""
"16/01/2024";"1300";"28,0";"28,4";"26,9";"77,0";"85,0";"77,0";"23,7";"24,9";"23,6";"1008,7";"1008,7";"1008,3";"2,2";"273,0";"4,5";"1227,20";""
"16/01/2024";"1400";"29,9";"30,4";"27,9";"69,0";"78,0";"66,0";"23,6";"24,2";"22,8";"1008,4";"1008,8";"1008,4";"2,8";"269,0";"7,9";"2144,90";""
"16/01/2024";"1500";"30,2";"30,3";"29,0";"62,0";"70,0";"62,0";"22,2";"23,8";"22,2";"1007,8";"1008,5";"1007,8";"3,7";"283,0";"7,8";"2610,40";""
"16/01/2024";"1600";"30,9";"31,0";"29,9";"62,0";"66,0";"60,0";"22,7";"23,6";"22,0";"1007,1";"1007,8";"1007,1";"3,1";"285,0";"7,8";"2635,90";""
"16/01/2024";"1700";"31,5";"32,6";"30,8";"61,0";"63,0";"58,0";"23,2";"23,9";"22,3";"1006,1";"1007,2";"1006,1";"1,9";"265,0";"7,7";"2935,80";""
"16/01/2024";"1800";"31,0";"32,2";"31,0";"63,0";"63,0";"58,0";"23,2";"23,8";"22,2";"1004,9";"1006,1";"1004,9";"2,3";"267,0";"6,3";"2470,10";""
"16/01/2024";"1900";"31,8";"32,7";"31,0";"61,0";"64,0";"57,0";"23,3";"24,0";"22,5";"1003,7";"1004,8";"1003,7";"2,4";"268,0";"6,6";"2253,40";""
"16/01/2024";"2000";"31,8";"32,2";"30,6";"59,0";"64,0";"56,0";"22,9";"23,5";"22,0";"1003,0";"1003,7";"1003,0";"2,0";"285,0";"6,4";"1230,10";""
"16/01/2024";"2100";"31,2";"31,9";"31,2";"59,0";"60,0";"57,0";"22,2";"23,0";"22,1";"1002,6";"1003,0";"1002,6";"2,6";"281,0";"6,0";"1073,00";""
"16/01/2024";"2200";"29,7";"31,2";"29,7";"66,0";"66,0";"59,0";"22,7";"22,9";"22,0";"1003,0";"1003,0";"1002,5";"1,2";"286,0";"5,7";"172,30";""
"16/01/2024";"2300";"28,8";"29,7";"28,8";"71,0";"71,0";"66,0";"23,1";"23,1";"22,6";"1004,0";"1004,0";"1003,0";"1,1";"277,0";"3,2";"2,80";""
"17/01/2024";"0000";"";"";"";"";"";"";"";"";"";"";"";"";"";"";"";"";""
"17/01/2024";"0100";"";"";"";"";"";"";"";"";"";"";"";"";"";"";"";"";""
"17/01/2024";"0200";"26,5";"27,4";"26,5";"88,0";"88,0";"84,0";"24,3";"24,5";"24,2";"1005,9";"1005,9";"1005,7";"0,0";"317,0";"1,0";"";""
"17/01/2024";"0300";"25,9";"26,5";"25,9";"89,0";"89,0";"88,0";"24,0";"24,3";"24,0";"1006,1";"1006,3";"1005,9";"0,0";"322,0";"0,0";"";""
"17/01/2024";"0400";"25,5";"25,9";"25,5";"90,0";"90,0";"89,0";"23,8";"24,1";"23,8";"1006,1";"1006,2";"1006,1";"0,0";"320,0";"0,0";"";""
"17/01/2024";"0500";"25,6";"25,6";"25,4";"90,0";"90,0";"90,0";"23,8";"23,9";"23,7";"1005,1";"1006,1";"1005,1";"1,3";"300,0";"2,3";"";""
"17/01/2024";"0600";"25,4";"25,7";"25,4";"90,0";"91,0";"90,0";"23,7";"23,9";"23,7";"1004,7";"1005,1";"1004,7";"0,6";"300,0";"2,3";"";""
"17/01/2024";"0700";"25,1";"25,5";"25,1";"91,0";"91,0";"89,0";"23,5";"23,7";"23,5";"1004,5";"1004,7";"1004,5";"0,0";"306,0";"2,0";"";""
"17/01/2024";"0800";"24,9";"25,1";"24,9";"91,0";"91,0";"90,0";"23,3";"23,5";"23,3";"1004,8";"1004,8";"1004,5";"0,0";"308,0";"0,0";"";""
"17/01/2024";"0900";"24,8";"24,9";"24,8";"90,0";"91,0";"90,0";"23,1";"23,3";"23,1";"1005,2";"1005,2";"1004,8";"0,0";"308,0";"0,0";"";""
"17/01/2024";"1000";"24,6";"24,8";"24,6";"91,0";"91,0";"90,0";"23,1";"23,1";"23,0";"1006,0";"1006,0";"1005,2";"0,0";"304,0";"0,0";"2,20";""
"17/01/2024";"1100";"25,6";"25,6";"24,5";"88,0";"91,0";"88,0";"23,5";"23,5";"23,1";"1007,3";"1007,3";"1006,0";"1,7";"299,0";"3,3";"197,60";""
"17/01/2024";"1200";"27,5";"27,8";"25,6";"78,0";"88,0";"78,0";"23,4";"24,2";"23,4";"1008,2";"1008,2";"1007,3";"2,0";"295,0";"4,9";"874,20";""
"17/01/2024";"1300";"29,2";"29,6";"27,5";"72,0";"79,0";"71,0";"23,6";"24,4";"23,4";"1008,5";"1008,6";"1008,1";"2,2";"300,0";"5,4";"1456,00";""
"17/01/2024";"1400";"31,7";"31,7";"29,2";"63,0";"72,0";"63,0";"23,7";"24,4";"23,0";"1008,4";"1008,6";"1008,3";"1,6";"281,0";"6,7";"1984,00";""
"17/01/2024";"1500";"31,8";"32,1";"30,8";"59,0";"65,0";"59,0";"22,8";"24,4";"22,6";"1008,1";"1008,4";"1008,1";"2,4";"264,0";"8,3";"2774,20";""
"17/01/2024";"1600";"31,5";"32,6";"31,0";"58,0";"63,0";"56,0";"22,2";"23,7";"22,1";"1007,6";"1008,1";"1007,6";"3,8";"288,0";"10,5";"2832,80";""
"17/01/2024";"1700";"32,2";"32,3";"30,7";"58,0";"65,0";"57,0";"22,9";"23,7";"22,3";"1006,6";"1007,6";"1006,6";"3,4";"277,0";"8,4";"2431,20";""
"17/01/2024";"1800";"32,4";"33,4";"32,0";"54,0";"59,0";"52,0";"21,9";"23,4";"21,7";"1005,2";"1006,6";"1005,2";"2,9";"279,0";"7,6";"2741,70";""
"17/01/2024";"1900";"32,7";"33,3";"32,3";"54,0";"58,0";"52,0";"22,2";"23,4";"21,7";"1003,9";"1005,2";"1003,9";"3,3";"291,0";"7,0";"2300,20";""
"17/01/2024";"2000";"32,2";"33,1";"32,2";"53,0";"55,0";"51,0";"21,4";"22,5";"21,3";"1003,4";"1003,9";"1003,4";"3,9";"287,0";"8,1";"1746,00";""
"17/01/2024";"2100";"32,2";"32,7";"32,1";"55,0";"57,0";"53,0";"22,1";"23,0";"21,6";"1003,4";"1003,4";"1003,3";"1,9";"273,0";"8,1";"1093,20";""
"17/01/2024";"2200";"30,5";"32,2";"30,5";"64,0";"64,0";"55,0";"22,8";"22,8";"21,9";"1003,7";"1003,7";"1003,1";"1,2";"270,0";"5,7";"175,50";""
"17/01/2024";"2300";"29,5";"30,5";"29,4";"68,0";"68,0";"63,0";"22,9";"23,0";"22,7";"1004,3";"1004,3";"1003,7";"0,8";"276,0";"3,0";"4,70";""
"18/01/2024";"0000";"28,4";"29,5";"28,4";"77,0";"77,0";"67,0";"23,9";"24,0";"22,7";"1005,0";"1005,0";"1004,3";"0,3";"241,0";"2,7";"";""
"18/01/2024";"0100";"27,3";"28,4";"27,2";"83,0";"83,0";"77,0";"24,2";"24,2";"23,5";"1005,8";"1005,8";"1005,0";"0,1";"206,0";"2,0";"";""
"18/01/2024";"0200";"26,8";"27,4";"26,8";"85,0";"85,0";"83,0";"24,0";"24,3";"24,0";"1006,2";"1006,2";"1005,7";"0,3";"215,0";"1,7";"";""
"18/01/2024";"0300";"";"";"";"";"";"";"";"";"";"";"";"";"";"";"";"";""
"18/01/2024";"0400";"26,3";"26,5";"26,1";"87,0";"88,0";"86,0";"24,1";"24,3";"23,8";"1006,4";"1006,7";"1006,4";"0,0";"221,0";"0,0";"";""
"18/01/2024";"0500";"25,9";"26,3";"25,8";"90,0";"90,0";"87,0";"24,1";"24,2";"24,0";"1005,7";"1006,4";"1005,7";"0,0";"198,0";"0,0";"";""
"18/01/2024";"0600";"25,9";"26,1";"25,8";"88,0";"90,0";"87,0";"23,6";"24,2";"23,6";"1005,1";"1005,7";"1005,1";"0,2";"217,0";"1,8";"";""
"18/01/2024";"0700";"25,7";"26,0";"25,7";"88,0";"88,0";"87,0";"23,5";"23,7";"23,4";"1005,0";"1005,2";"1005,0";"0,0";"255,0";"1,4";"";""
"18/01/2024";"0800";"25,2";"25,7";"25,1";"91,0";"91,0";"88,0";"23,6";"23,6";"23,4";"1005,2";"1005,2";"1004,9";"0,0";"298,0";"0,0";"";""
"18/01/2024";"0900";"25,0";"25,2";"25,0";"91,0";"91,0";"90,0";"23,5";"23,7";"23,4";"1005,6";"1005,6";"1005,1";"0,0";"288,0";"0,9";"";""
"18/01/2024";"1000";"25,4";"25,4";"25,0";"92,0";"92,0";"91,0";"23,9";"24,0";"23,5";"1006,4";"1006,4";"1005,6";"0,1";"248,0";"1,5";"2,50";""
"18/01/2024";"1100";"26,9";"26,9";"25,4";"86,0";"92,0";"86,0";"24,3";"24,5";"23,8";"1007,6";"1007,6";"1006,4";"0,7";"218,0";"2,1";"202,70";""
"18/01/2024";"1200";"28,8";"28,8";"26,8";"77,0";"86,0";"76,0";"24,3";"24,7";"24,0";"1008,2";"1008,2";"1007,6";"0,1";"253,0";"2,5";"840,50";""
"18/01/2024";"1300";"30,1";"30,3";"28,4";"69,0";"78,0";"69,0";"23,8";"25,2";"23,8";"1008,5";"1008,6";"1008,2";"1,4";"259,0";"4,0";"1556,20";""
"18/01/2024";"1400";"31,0";"31,4";"30,0";"65,0";"70,0";"64,0";"23,6";"24,5";"23,3";"1008,5";"1008,7";"1008,4";"2,0";"290,0";"5,9";"1983,70";""
"18/01/2024";"1500";"32,2";"32,4";"31,0";"58,0";"66,0";"58,0";"23,0";"23,9";"22,9";"1008,0";"1008,5";"1008,0";"2,7";"270,0";"7,0";"2888,40";""
"18/01/2024";"1600";"33,1";"33,2";"32,0";"58,0";"61,0";"55,0";"23,7";"23,8";"22,2";"1007,2";"1008,0";"1007,2";"2,2";"271,0";"6,8";"3093,50";""
"18/01/2024";"1700";"33,3";"33,7";"32,6";"53,0";"58,0";"52,0";"22,5";"24,1";"21,9";"1006,0";"1007,2";"1006,0";"2,3";"272,0";"6,9";"3063,20";""
"18/01/2024";"1800";"33,4";"33,8";"32,7";"52,0";"57,0";"51,0";"22,2";"23,7";"21,6";"1004,6";"1006,0";"1004,6";"3,0";"295,0";"7,3";"2801,40";""
"18/01/2024";"1900";"33,6";"34,3";"33,1";"50,0";"52,0";"47,0";"21,7";"22,6";"20,8";"1003,8";"1004,6";"1003,8";"2,6";"267,0";"6,8";"2408,20";""
"18/01/2024";"2000";"33,1";"33,9";"33,1";"48,0";"51,0";"46,0";"20,8";"22,3";"20,2";"1003,5";"1003,8";"1003,4";"2,9";"278,0";"6,9";"1826,40";""
"18/01/2024";"2100";"32,7";"33,3";"32,5";"52,0";"53,0";"47,0";"21,4";"21,8";"20,4";"1003,5";"1003,6";"1003,4";"1,8";"276,0";"6,9";"1086,80";""
"18/01/2024";"2200";"30,7";"32,7";"30,7";"59,0";"59,0";"51,0";"21,7";"21,8";"20,8";"1003,6";"1003,6";"1003,4";"0,9";"284,0";"5,8";"162,00";""
"18/01/2024";"2300";"29,0";"30,7";"29,0";"68,0";"68,0";"59,0";"22,4";"22,5";"21,6";"1003,6";"1003,6";"1003,5";"1,1";"285,0";"2,2";"4,30";""
"19/01/2024";"0000";"28,0";"29,0";"28,0";"74,0";"74,0";"68,0";"22,9";"22,9";"22,3";"1004,6";"1004,6";"1003,6";"1,0";"287,0";"2,1";"";""
"19/01/2024";"0100";"28,6";"28,6";"27,7";"70,0";"75,0";"69,0";"22,5";"23,1";"22,4";"1005,2";"1005,2";"1004,6";"1,1";"283,0";"2,3";"";""
"19/01/2024";"0200";"27,8";"28,6";"27,2";"75,0";"79,0";"69,0";"22,8";"23,1";"22,4";"1006,0";"1006,0";"1005,2";"1,1";"289,0";"2,2";"";""
"19/01/2024";"0300";"27,2";"28,0";"27,2";"78,0";"78,0";"72,0";"23,1";"23,1";"22,5";"1006,3";"1006,3";"1006,0";"1,3";"294,0";"2,5";"";""
"19/01/2024";"0400";"26,5";"27,2";"26,5";"82,0";"82,0";"78,0";"23,3";"23,3";"23,0";"1005,9";"1006,3";"1005,9";"1,2";"305,0";"2,6";"";""
"19/01/2024";"0500";"26,6";"26,6";"26,1";"84,0";"86,0";"82,0";"23,7";"23,7";"23,3";"1005,4";"1005,9";"1005,4";"1,4";"290,0";"2,6";"";""
"19/01/2024";"0600";"26,6";"26,6";"26,1";"83,0";"87,0";"83,0";"23,5";"23,9";"23,5";"1004,7";"1005,4";"1004,7";"0,8";"286,0";"2,6";"";""
"19/01/2024";"0700";"25,9";"26,7";"25,8";"84,0";"86,0";"83,0";"23,1";"23,5";"23,1";"1004,7";"1004,8";"1004,5";"1,2";"281,0";"2,2";"";""
"19/01/2024";"0800";"25,5";"26,0";"25,5";"89,0";"89,0";"84,0";"23,5";"23,5";"23,1";"1005,0";"1005,0";"1004,6";"1,3";"305,0";"2,3";"";""
"19/01/2024";"0900";"25,6";"25,7";"25,4";"87,0";"90,0";"87,0";"23,3";"23,7";"23,3";"1006,0";"1006,0";"1005,0";"1,8";"308,0";"4,9";"";""
"19/01/2024";"1000";"25,1";"25,6";"25,1";"87,0";"87,0";"86,0";"22,7";"23,2";"22,7";"1006,9";"1006,9";"1005,9";"1,7";"307,0";"4,9";"1,20";""
"19/01/2024";"1100";"25,3";"25,3";"24,9";"88,0";"88,0";"87,0";"23,1";"23,1";"22,7";"1008,1";"1008,1";"1006,9";"1,2";"302,0";"4,0";"120,00";""
"19/01/2024";"1200";"26,3";"26,3";"25,3";"84,0";"88,0";"84,0";"23,4";"23,6";"23,1";"1009,2";"1009,2";"1008,1";"1,6";"301,0";"2,9";"374,40";""
"19/01/2024";"1300";"27,8";"27,8";"26,3";"78,0";"85,0";"77,0";"23,5";"23,9";"22,9";"1009,3";"1009,3";"1009,2";"1,8";"303,0";"6,0";"940,10";""
"19/01/2024";"1400";"29,5";"30,2";"27,7";"65,0";"78,0";"64,0";"22,1";"23,6";"22,0";"1009,0";"1009,4";"1009,0";"3,7";"285,0";"8,4";"1817,00";""
"19/01/2024";"1500";"30,7";"31,5";"29,5";"62,0";"66,0";"61,0";"22,7";"23,5";"21,8";"1008,6";"1009,1";"1008,6";"1,9";"278,0";"8,4";"2653,30";""
"19/01/2024";"1600";"31,3";"32,1";"30,2";"61,0";"67,0";"61,0";"23,0";"24,5";"22,6";"1007,8";"1008,6";"1007,8";"1,1";"236,0";"5,7";"2623,60";""
"19/01/2024";"1700";"31,7";"32,8";"31,0";"57,0";"65,0";"54,0";"22,2";"24,4";"21,9";"1006,7";"1007,8";"1006,7";"1,9";"263,0";"5,4";"2981,50";""
"19/01/2024";"1800";"32,6";"33,3";"31,7";"57,0";"61,0";"54,0";"22,8";"23,7";"22,2";"1005,3";"1006,7";"1005,3";"1,9";"265,0";"5,0";"2742,70";""
"19/01/2024";"1900";"32,7";"33,5";"32,4";"55,0";"58,0";"52,0";"22,3";"23,7";"21,6";"1004,1";"1005,3";"1004,1";"1,9";"281,0";"4,4";"2243,90";""
"19/01/2024";"2000";"32,7";"33,3";"32,6";"55,0";"57,0";"52,0";"22,6";"23,2";"21,6";"1003,2";"1004,1";"1003,1";"1,7";"259,0";"4,9";"1747,90";""
"19/01/2024";"2100";"32,0";"33,1";"32,0";"59,0";"60,0";"55,0";"23,0";"23,7";"22,2";"1003,1";"1003,2";"1003,0";"1,6";"271,0";"4,8";"1030,70";""
"19/01/2024";"2200";"30,5";"32,1";"30,5";"62,0";"62,0";"58,0";"22,4";"23,2";"22,3";"1003,5";"1003,5";"1003,0";"1,1";"274,0";"4,2";"181,50";""
"19/01/2024";"2300";"29,3";"30,5";"29,3";"69,0";"69,0";"62,0";"23,0";"23,0";"22,3";"1004,1";"1004,1";"1003,5";"0,9";"289,0";"2,9";"4,50";""
"20/01/2024";"0000";"28,3";"29,3";"28,2";"75,0";"76,0";"69,0";"23,4";"23,7";"22,9";"1004,8";"1004,8";"1004,1";"1,1";"302,0";"1,8";"";""
"20/01/2024";"0100";"27,8";"28,3";"27,8";"79,0";"79,0";"75,0";"23,7";"23,8";"23,4";"1005,9";"1005,9";"1004,8";"0,8";"307,0";"2,3";"";""
"20/01/2024";"0200";"27,4";"27,8";"27,3";"81,0";"81,0";"79,0";"23,8";"23,8";"23,7";"1006,6";"1006,6";"1005,9";"0,7";"308,0";"2,3";"";""
"20/01/2024";"0300";"26,9";"27,4";"26,9";"84,0";"84,0";"80,0";"23,9";"23,9";"23,7";"1006,6";"1006,8";"1006,6";"1,1";"303,0";"2,0";"";""
"20/01/2024";"0400";"26,6";"27,0";"26,6";"85,0";"85,0";"83,0";"23,8";"23,9";"23,8";"1006,4";"1006,6";"1006,4";"0,8";"302,0";"2,1";"";""
"20/01/2024";"0500";"26,3";"26,6";"26,3";"86,0";"86,0";"85,0";"23,9";"24,0";"23,8";"1005,7";"1006,4";"1005,6";"1,0";"305,0";"2,1";"";""
"20/01/2024";"0600";"26,1";"26,3";"26,0";"87,0";"87,0";"86,0";"23,7";"23,9";"23,7";"1005,3";"1005,7";"1005,3";"0,9";"302,0";"2,0";"";""
"20/01/2024";"0700";"25,8";"26,1";"25,8";"88,0";"88,0";"87,0";"23,6";"23,7";"23,5";"1004,9";"1005,3";"1004,8";"1,2";"303,0";"2,0";"";""
"20/01/2024";"0800";"25,6";"25,8";"25,6";"87,0";"88,0";"87,0";"23,4";"23,6";"23,4";"1004,6";"1004,9";"1004,6";"0,0";"304,0";"2,7";"";""
"20/01/2024";"0900";"25,5";"25,6";"25,5";"88,0";"89,0";"87,0";"23,4";"23,4";"23,3";"1005,2";"1005,2";"1004,6";"0,1";"293,0";"2,4";"";""
"20/01/2024";"1000";"25,2";"25,6";"25,2";"90,0";"90,0";"88,0";"23,4";"23,5";"23,3";"1005,9";"1006,0";"1005,2";"0,0";"293,0";"2,4";"1,20";""
"20/01/2024";"1100";"25,9";"25,9";"25,2";"88,0";"90,0";"88,0";"23,7";"23,7";"23,4";"1007,2";"1007,2";"1005,9";"0,0";"300,0";"1,9";"136,70";""
"20/01/2024";"1200";"28,0";"28,0";"25,9";"76,0";"88,0";"75,0";"23,5";"24,0";"23,2";"1008,0";"1008,0";"1007,2";"2,5";"296,0";"4,3";"829,70";""
"20/01/2024";"1300";"29,5";"29,8";"27,9";"68,0";"76,0";"68,0";"23,0";"23,9";"22,7";"1008,2";"1008,3";"1008,0";"2,2";"303,0";"7,0";"1487,10";""
"20/01/2024";"1400";"30,5";"30,7";"29,1";"65,0";"71,0";"65,0";"23,2";"23,9";"22,8";"1008,1";"1008,4";"1008,1";"2,2";"288,0";"6,0";"1576,40";""
"20/01/2024";"1500";"30,9";"32,1";"30,4";"63,0";"66,0";"59,0";"23,1";"24,2";"22,4";"1007,6";"1008,1";"1007,6";"2,9";"295,0";"7,5";"2513,00";""
"20/01/2024";"1600";"31,7";"31,9";"30,9";"61,0";"64,0";"58,0";"23,3";"23,5";"22,4";"1007,2";"1007,6";"1007,2";"2,9";"273,0";"7,3";"2795,20";""
"20/01/2024";"1700";"32,5";"32,9";"31,5";"57,0";"63,0";"54,0";"22,9";"24,0";"22,2";"1005,7";"1007,2";"1005,7";"2,5";"275,0";"7,2";"3000,30";""
"20/01/2024";"1800";"33,0";"33,2";"32,2";"53,0";"58,0";"53,0";"22,2";"23,2";"21,9";"1004,7";"1005,8";"1004,7";"3,0";"272,0";"6,9";"2822,30";""
"20/01/2024";"1900";"33,3";"33,5";"32,8";"53,0";"55,0";"51,0";"22,3";"22,8";"21,7";"1003,6";"1004,7";"1003,6";"2,4";"274,0";"6,9";"2417,40";""
"20/01/2024";"2000";"33,2";"33,6";"33,0";"53,0";"55,0";"50,0";"22,4";"22,9";"21,5";"1002,7";"1003,6";"1002,7";"1,9";"267,0";"6,1";"1809,10";""
"20/01/2024";"2100";"32,2";"33,3";"32,2";"58,0";"58,0";"53,0";"22,9";"23,2";"22,3";"1002,7";"1002,8";"1002,6";"2,0";"264,0";"5,3";"1070,30";""
"20/01/2024";"2200";"30,5";"32,3";"30,5";"65,0";"65,0";"57,0";"23,3";"23,3";"22,5";"1003,4";"1003,4";"1002,7";"1,1";"296,0";"4,5";"168,20";""
"20/01/2024";"2300";"29,2";"30,5";"29,2";"71,0";"71,0";"65,0";"23,4";"23,5";"23,3";"1004,3";"1004,3";"1003,4";"1,2";"303,0";"4,1";"5,30";""
"21/01/2024";"0000";"";"";"";"";"";"";"";"";"";"";"";"";"";"";"";"";""
"21/01/2024";"0100";"27,7";"28,5";"27,6";"79,0";"79,0";"73,0";"23,7";"23,7";"23,2";"1005,9";"1006,0";"1005,4";"1,2";"302,0";"1,8";"";""
"21/01/2024";"0200";"27,6";"27,8";"27,2";"77,0";"80,0";"76,0";"23,2";"23,7";"23,1";"1006,2";"1006,4";"1005,9";"1,2";"296,0";"1,9";"";""
"21/01/2024";"0300";"26,9";"27,6";"26,8";"80,0";"82,0";"77,0";"23,1";"23,6";"23,1";"1006,4";"1006,6";"1006,2";"1,2";"300,0";"1,9";"";""
"21/01/2024";"0400";"26,8";"27,0";"26,5";"81,0";"82,0";"80,0";"23,2";"23,4";"23,1";"1005,6";"1006,5";"1005,6";"1,4";"296,0";"2,7";"";""
"21/01/2024";"0500";"26,2";"26,9";"26,2";"84,0";"84,0";"80,0";"23,2";"23,4";"23,2";"1005,2";"1005,6";"1005,1";"1,1";"303,0";"2,7";"";""
"21/01/2024";"0600";"26,0";"26,2";"25,9";"85,0";"85,0";"84,0";"23,3";"23,3";"23,2";"1004,6";"1005,2";"1004,6";"1,1";"305,0";"1,8";"";""
"21/01/2024";"0700";"25,7";"26,0";"25,7";"86,0";"86,0";"85,0";"23,2";"23,4";"23,2";"1004,3";"1004,6";"1004,3";"1,1";"304,0";"1,9";"";""
"21/01/2024";"0800";"25,5";"25,7";"25,5";"86,0";"86,0";"86,0";"23,1";"23,2";"23,0";"1004,7";"1004,7";"1004,3";"0,9";"303,0";"1,6";"";""
"21/01/2024";"0900";"25,2";"25,5";"25,2";"88,0";"88,0";"86,0";"23,0";"23,1";"23,0";"1005,5";"1005,5";"1004,7";"0,7";"306,0";"1,7";"";""
"21/01/2024";"1000";"25,3";"25,4";"25,2";"88,0";"88,0";"86,0";"23,1";"23,1";"22,8";"1006,6";"1006,6";"1005,5";"0,1";"341,0";"1,2";"1,40";""
"21/01/2024";"1100";"25,8";"25,9";"25,3";"88,0";"88,0";"86,0";"23,6";"23,7";"23,1";"1007,9";"1007,9";"1006,6";"0,8";"306,0";"1,7";"63,50";""
"21/01/2024";"1200";"27,5";"27,5";"25,8";"80,0";"88,0";"80,0";"23,8";"24,0";"23,4";"1008,7";"1008,7";"1007,9";"0,2";"296,0";"3,1";"450,10";""
"21/01/2024";"1300";"26,3";"28,3";"26,3";"81,0";"81,0";"73,0";"22,8";"24,5";"22,2";"1009,5";"1009,5";"1008,7";"2,6";"288,0";"4,6";"1030,50";""
"21/01/2024";"1400";"27,6";"27,9";"25,3";"83,0";"89,0";"81,0";"24,4";"25,5";"22,9";"1008,6";"1009,5";"1008,6";"1,1";"303,0";"4,6";"1104,90";""
"21/01/2024";"1500";"29,5";"30,9";"27,5";"71,0";"84,0";"67,0";"23,8";"25,5";"23,6";"1008,2";"1008,7";"1008,2";"1,2";"243,0";"3,2";"2626,00";""
"21/01/2024";"1600";"31,7";"31,7";"29,4";"66,0";"75,0";"65,0";"24,5";"25,1";"23,8";"1007,4";"1008,2";"1007,4";"1,0";"273,0";"4,2";"3029,10";""
"21/01/2024";"1700";"33,8";"33,8";"31,0";"57,0";"68,0";"55,0";"24,2";"25,0";"22,7";"1005,9";"1007,4";"1005,9";"1,5";"306,0";"4,7";"2471,70";""
"21/01/2024";"1800";"28,0";"33,9";"27,4";"73,0";"75,0";"54,0";"22,8";"24,4";"20,7";"1005,3";"1005,9";"1005,3";"2,5";"225,0";"7,1";"1808,40";""
"21/01/2024";"1900";"28,6";"28,7";"26,9";"72,0";"77,0";"71,0";"23,1";"23,4";"21,7";"1004,6";"1005,3";"1004,6";"1,3";"266,0";"6,3";"1187,50";""
"21/01/2024";"2000";"28,3";"29,4";"28,3";"72,0";"74,0";"71,0";"22,7";"24,2";"22,5";"1004,5";"1004,7";"1004,3";"1,0";"313,0";"5,9";"812,10";""
"21/01/2024";"2100";"28,6";"28,6";"27,7";"75,0";"78,0";"72,0";"23,7";"24,0";"22,7";"1004,2";"1004,8";"1004,2";"1,8";"298,0";"4,1";"711,60";""
"21/01/2024";"2200";"27,5";"29,2";"27,5";"78,0";"78,0";"72,0";"23,2";"24,2";"23,2";"1004,6";"1004,6";"1004,1";"1,3";"334,0";"3,7";"305,10";""
"21/01/2024";"2300";"26,6";"27,5";"26,6";"83,0";"83,0";"78,0";"23,4";"23,6";"23,2";"1005,3";"1005,3";"1004,6";"0,0";"221,0";"3,3";"4,90";""
"22/01/2024";"0000";"26,7";"26,8";"26,5";"83,0";"84,0";"82,0";"23,6";"23,8";"23,3";"1006,1";"1006,1";"1005,3";"0,2";"329,0";"1,0";"";""
"22/01/2024";"0100";"26,2";"26,7";"26,2";"84,0";"85,0";"83,0";"23,4";"23,6";"23,3";"1006,1";"1006,3";"1006,0";"0,0";"299,0";"1,4";"";""
"22/01/2024";"0200";"26,2";"26,3";"26,2";"84,0";"85,0";"83,0";"23,2";"23,5";"23,1";"1006,9";"1006,9";"1006,1";"0,5";"323,0";"1,9";"";""
"22/01/2024";"0300";"25,8";"26,2";"25,8";"86,0";"86,0";"84,0";"23,4";"23,4";"23,2";"1007,3";"1007,3";"1006,9";"0,0";"321,0";"1,6";"";""
"22/01/2024";"0400";"25,7";"25,8";"25,6";"87,0";"88,0";"86,0";"23,4";"23,5";"23,4";"1007,3";"1007,4";"1007,3";"0,0";"313,0";"0,0";"";""
"22/01/2024";"0500";"25,7";"25,7";"25,6";"87,0";"87,0";"86,0";"23,3";"23,4";"23,2";"1006,9";"1007,3";"1006,9";"0,0";"328,0";"0,0";"";""
"22/01/2024";"0600";"25,6";"25,7";"25,6";"87,0";"88,0";"86,0";"23,2";"23,6";"23,2";"1006,3";"1006,9";"1006,3";"0,0";"324,0";"0,0";"";""
"22/01/2024";"0700";"25,2";"25,6";"25,2";"89,0";"89,0";"87,0";"23,3";"23,4";"23,2";"1006,2";"1006,3";"1006,1";"0,0";"309,0";"0,0";"";""
"22/01/2024";"0800";"25,0";"25,4";"25,0";"90,0";"90,0";"89,0";"23,2";"23,5";"23,2";"1006,5";"1006,5";"1006,2";"0,0";"310,0";"0,0";"";""
"22/01/2024";"0900";"24,9";"25,0";"24,8";"89,0";"91,0";"89,0";"23,0";"23,2";"23,0";"1006,7";"1006,7";"1006,5";"0,0";"340,0";"0,0";"";""
"22/01/2024";"1000";"24,8";"25,0";"24,8";"89,0";"90,0";"89,0";"22,9";"23,1";"22,9";"1007,3";"1007,3";"1006,7";"0,0";"297,0";"0,0";"0,80";""
"22/01/2024";"1100";"25,9";"25,9";"24,7";"88,0";"90,0";"88,0";"23,8";"23,8";"22,9";"1008,3";"1008,3";"1007,3";"0,1";"281,0";"3,0";"122,50";""
"22/01/2024";"1200";"27,7";"27,9";"25,8";"79,0";"88,0";"78,0";"23,7";"24,4";"23,2";"1009,0";"1009,0";"1008,3";"0,5";"305,0";"2,0";"699,60";""
"22/01/2024";"1300";"28,4";"28,4";"27,5";"79,0";"82,0";"78,0";"24,4";"24,6";"23,4";"1009,6";"1009,7";"1009,0";"1,1";"301,0";"3,0";"766,10";""
"22/01/2024";"1400";"30,8";"31,1";"28,4";"64,0";"79,0";"63,0";"23,1";"25,2";"22,8";"1009,2";"1009,6";"1009,2";"2,6";"295,0";"5,9";"2007,70";""
"22/01/2024";"1500";"31,2";"31,9";"30,3";"65,0";"68,0";"61,0";"23,9";"24,2";"23,0";"1008,5";"1009,2";"1008,5";"1,8";"307,0";"5,8";"2189,10";""
"22/01/2024";"1600";"32,3";"32,6";"31,1";"61,0";"66,0";"60,0";"23,7";"25,0";"23,2";"1007,8";"1008,5";"1007,8";"2,0";"302,0";"5,6";"2372,90";""
"22/01/2024";"1700";"31,8";"33,0";"31,0";"60,0";"66,0";"57,0";"23,2";"24,4";"22,8";"1006,3";"1007,8";"1006,3";"1,6";"305,0";"5,3";"2157,00";""
"22/01/2024";"1800";"32,8";"33,8";"31,8";"59,0";"61,0";"54,0";"23,7";"24,2";"22,5";"1005,1";"1006,3";"1005,1";"1,2";"241,0";"4,5";"2086,60";""
"22/01/2024";"1900";"32,8";"33,8";"32,1";"58,0";"62,0";"55,0";"23,5";"25,1";"22,6";"1004,0";"1005,1";"1004,0";"2,4";"297,0";"5,6";"2195,00";""
"22/01/2024";"2000";"33,1";"33,4";"32,6";"55,0";"58,0";"52,0";"22,9";"23,5";"22,0";"1003,4";"1004,0";"1003,4";"1,0";"287,0";"4,9";"1847,70";""
"22/01/2024";"2100";"30,4";"33,7";"30,4";"69,0";"69,0";"55,0";"24,1";"24,1";"22,7";"1003,7";"1003,7";"1003,3";"1,7";"343,0";"4,0";"697,10";""
"22/01/2024";"2200";"27,2";"30,4";"27,1";"88,0";"88,0";"69,0";"25,0";"25,0";"24,1";"1004,6";"1004,6";"1003,7";"1,0";"338,0";"7,1";"144,00";""
"22/01/2024";"2300";"26,6";"27,2";"26,6";"89,0";"90,0";"88,0";"24,7";"25,1";"24,7";"1004,9";"1004,9";"1004,4";"1,1";"329,0";"3,0";"5,00";""
"23/01/2024";"0000";"26,4";"26,6";"26,4";"90,0";"90,0";"89,0";"24,7";"24,8";"24,6";"1005,8";"1005,8";"1004,9";"0,4";"307,0";"2,8";"";""
"23/01/2024";"0100";"26,4";"26,5";"26,4";"90,0";"91,0";"90,0";"24,6";"24,8";"24,5";"1007,1";"1007,1";"1005,8";"0,0";"299,0";"1,4";"";""
"23/01/2024";"0200";"26,4";"26,4";"26,3";"90,0";"90,0";"89,0";"24,6";"24,7";"24,5";"1007,5";"1007,5";"1007,0";"0,7";"323,0";"2,3";"";""
"23/01/2024";"0300";"26,2";"26,4";"26,2";"90,0";"90,0";"89,0";"24,5";"24,6";"24,5";"1007,5";"1007,6";"1007,4";"0,7";"313,0";"2,3";"";""
"23/01/2024";"0400";"26,2";"26,3";"26,2";"90,0";"90,0";"89,0";"24,3";"24,5";"24,3";"1007,4";"1007,5";"1007,3";"0,7";"320,0";"2,7";"";""
"23/01/2024";"0500";"25,8";"26,2";"25,8";"90,0";"90,0";"89,0";"24,1";"24,4";"24,1";"1007,2";"1007,4";"1007,2";"0,5";"336,0";"2,7";"";""
"23/01/2024";"0600";"25,8";"25,9";"25,7";"91,0";"91,0";"90,0";"24,2";"24,3";"24,1";"1006,5";"1007,2";"1006,5";"0,2";"323,0";"1,5";"";""
"23/01/2024";"0700";"25,4";"25,8";"25,4";"91,0";"91,0";"91,0";"23,9";"24,2";"23,9";"1005,9";"1006,5";"1005,9";"0,0";"310,0";"1,7";"";""
"23/01/2024";"0800";"25,5";"25,5";"25,4";"92,0";"92,0";"91,0";"24,1";"24,1";"23,9";"1006,1";"1006,1";"1005,7";"0,0";"296,0";"0,0";"";""
"23/01/2024";"0900";"25,3";"25,6";"25,3";"92,0";"92,0";"92,0";"24,0";"24,2";"24,0";"1006,3";"1006,3";"1006,1";"0,7";"308,0";"2,2";"";""
"23/01/2024";"1000";"25,3";"25,4";"25,2";"92,0";"92,0";"92,0";"23,9";"24,0";"23,9";"1007,1";"1007,1";"1006,0";"1,1";"304,0";"2,4";"0,10";""
"23/01/2024";"1100";"25,6";"25,6";"25,3";"91,0";"92,0";"91,0";"24,1";"24,1";"23,8";"1008,0";"1008,0";"1007,1";"0,9";"305,0";"2,4";"81,60";""
"23/01/2024";"1200";"25,9";"26,0";"25,6";"89,0";"91,0";"89,0";"24,0";"24,2";"23,9";"1008,9";"1008,9";"1008,0";"1,8";"309,0";"3,9";"251,50";""
"23/01/2024";"1300";"26,6";"26,9";"25,9";"84,0";"89,0";"84,0";"23,7";"24,5";"23,7";"1009,8";"1009,8";"1008,9";"2,7";"293,0";"5,4";"569,40";""
"23/01/2024";"1400";"28,0";"28,2";"26,6";"78,0";"85,0";"78,0";"23,7";"24,5";"23,6";"1009,4";"1009,8";"1009,4";"2,7";"302,0";"6,7";"1204,30";""
"23/01/2024";"1500";"28,2";"29,1";"28,0";"76,0";"78,0";"73,0";"23,6";"24,2";"23,3";"1009,5";"1009,5";"1009,3";"2,2";"304,0";"6,7";"1383,20";""
"23/01/2024";"1600";"27,8";"28,7";"27,8";"75,0";"77,0";"73,0";"22,9";"23,8";"22,9";"1008,9";"1009,5";"1008,9";"2,8";"296,0";"7,1";"918,40";""
"23/01/2024";"1700";"29,0";"29,1";"27,7";"71,0";"77,0";"71,0";"23,2";"23,9";"23,0";"1007,8";"1009,0";"1007,8";"2,7";"303,0";"6,3";"1226,70";""
"23/01/2024";"1800";"27,7";"29,0";"27,6";"77,0";"78,0";"71,0";"23,4";"23,5";"22,9";"1007,1";"1007,8";"1007,0";"1,5";"312,0";"6,5";"704,60";""
"23/01/2024";"1900";"28,2";"28,2";"27,5";"77,0";"79,0";"75,0";"23,8";"24,0";"23,0";"1005,6";"1007,1";"1005,6";"1,7";"315,0";"4,9";"869,60";""
"23/01/2024";"2000";"28,3";"28,7";"28,1";"73,0";"78,0";"73,0";"23,0";"24,2";"23,0";"1004,6";"1005,6";"1004,6";"2,7";"332,0";"5,6";"1321,60";""
"23/01/2024";"2100";"27,4";"28,8";"27,3";"79,0";"79,0";"72,0";"23,4";"23,8";"22,7";"1004,6";"1004,6";"1004,4";"1,5";"343,0";"5,6";"719,50";""
"23/01/2024";"2200";"27,0";"27,8";"26,9";"81,0";"81,0";"76,0";"23,3";"23,6";"23,0";"1005,1";"1005,1";"1004,6";"0,8";"281,0";"2,3";"136,70";""
"23/01/2024";"2300";"26,4";"27,0";"26,3";"84,0";"84,0";"81,0";"23,4";"23,4";"23,3";"1005,7";"1005,7";"1005,1";"0,4";"278,0";"2,1";"5,20";""
"24/01/2024";"0000";"26,3";"26,4";"26,2";"85,0";"85,0";"83,0";"23,6";"23,6";"23,3";"1006,3";"1006,3";"1005,7";"0,0";"299,0";"1,6";"";""
"24/01/2024";"0100";"25,9";"26,3";"25,8";"88,0";"88,0";"85,0";"23,7";"23,8";"23,5";"1006,8";"1006,8";"1006,3";"0,1";"322,0";"2,4";"";""
"24/01/2024";"0200";"25,6";"25,9";"25,5";"89,0";"90,0";"88,0";"23,6";"23,8";"23,6";"1007,0";"1007,0";"1006,8";"1,4";"340,0";"2,7";"";""
"24/01/2024";"0300";"25,4";"25,7";"25,4";"90,0";"90,0";"89,0";"23,6";"23,7";"23,6";"1007,0";"1007,2";"1007,0";"1,4";"325,0";"3,6";"";""
"24/01/2024";"0400";"25,4";"25,5";"25,4";"89,0";"90,0";"89,0";"23,5";"23,6";"23,4";"1007,0";"1007,1";"1006,9";"0,1";"306,0";"3,6";"";""
"24/01/2024";"0500";"25,3";"25,4";"25,3";"89,0";"89,0";"88,0";"23,3";"23,4";"23,3";"1006,5";"1007,0";"1006,5";"0,3";"332,0";"1,3";"";""
"24/01/2024";"0600";"25,4";"25,5";"25,3";"88,0";"89,0";"88,0";"23,4";"23,4";"23,2";"1005,8";"1006,5";"1005,8";"0,3";"334,0";"1,5";"";""
"24/01/2024";"0700";"25,1";"25,5";"25,1";"90,0";"90,0";"88,0";"23,3";"23,4";"23,1";"1005,4";"1005,8";"1005,3";"0,1";"310,0";"1,8";"";""
"24/01/2024";"0800";"24,9";"25,1";"24,9";"90,0";"90,0";"89,0";"23,2";"23,3";"23,2";"1005,5";"1005,6";"1005,4";"0,0";"319,0";"1,5";"";""
"24/01/2024";"0900";"24,7";"24,9";"24,6";"91,0";"91,0";"90,0";"23,2";"23,2";"23,1";"1005,6";"1005,6";"1005,3";"0,0";"304,0";"0,9";"";""
"24/01/2024";"1000";"24,7";"24,7";"24,6";"92,0";"92,0";"91,0";"23,2";"23,2";"23,1";"1006,2";"1006,2";"1005,6";"0,0";"306,0";"0,0";"0,60";""
"24/01/2024";"1100";"25,0";"25,0";"24,6";"92,0";"92,0";"92,0";"23,6";"23,6";"23,2";"1007,2";"1007,2";"1006,2";"0,0";"280,0";"0,0";"101,10";""
"24/01/2024";"1200";"25,9";"26,1";"25,0";"87,0";"92,0";"87,0";"23,6";"24,1";"23,5";"1008,0";"1008,0";"1007,2";"0,0";"243,0";"0,0";"337,30";""
"24/01/2024";"1300";"27,2";"27,6";"25,9";"81,0";"88,0";"80,0";"23,7";"24,5";"23,3";"1008,6";"1008,6";"1008,0";"1,4";"281,0";"2,8";"787,10";""
"24/01/2024";"1400";"28,0";"28,1";"27,2";"78,0";"82,0";"78,0";"23,8";"24,2";"23,5";"1008,8";"1008,8";"1008,6";"1,2";"280,0";"3,1";"620,40";""
"24/01/2024";"1500";"28,8";"29,1";"27,8";"75,0";"78,0";"73,0";"23,9";"24,4";"23,2";"1008,3";"1008,8";"1008,3";"1,6";"271,0";"3,4";"1149,50";""
"24/01/2024";"1600";"29,5";"29,6";"28,7";"72,0";"75,0";"71,0";"24,0";"24,2";"23,3";"1007,7";"1008,3";"1007,7";"1,4";"296,0";"4,2";"1546,00";""
"24/01/2024";"1700";"29,9";"29,9";"29,2";"73,0";"74,0";"70,0";"24,6";"24,6";"23,4";"1006,6";"1007,7";"1006,6";"0,5";"304,0";"3,9";"1232,80";""
"24/01/2024";"1800";"30,0";"31,6";"29,8";"70,0";"73,0";"61,0";"23,9";"24,8";"22,8";"1005,1";"1006,6";"1005,1";"1,4";"332,0";"4,2";"1891,50";""
"24/01/2024";"1900";"31,6";"32,2";"30,0";"62,0";"70,0";"59,0";"23,4";"24,4";"22,4";"1003,9";"1005,1";"1003,9";"0,8";"296,0";"3,4";"2193,70";""
"24/01/2024";"2000";"31,3";"32,2";"30,4";"62,0";"66,0";"60,0";"23,3";"24,1";"22,6";"1003,4";"1003,9";"1003,4";"1,6";"293,0";"6,5";"1864,30";""
"24/01/2024";"2100";"31,2";"31,8";"31,2";"65,0";"65,0";"62,0";"23,8";"24,3";"23,3";"1003,5";"1003,5";"1003,2";"1,9";"276,0";"3,7";"1261,70";""
"24/01/2024";"2200";"29,5";"31,4";"29,5";"70,0";"71,0";"63,0";"23,5";"23,9";"23,1";"1004,0";"1004,0";"1003,5";"0,7";"282,0";"3,4";"199,70";""
"24/01/2024";"2300";"28,1";"29,5";"28,1";"79,0";"79,0";"70,0";"24,1";"24,2";"23,5";"1004,6";"1004,6";"1004,0";"0,0";"315,0";"1,4";"4,80";""
"25/01/2024";"0000";"";"";"";"";"";"";"";"";"";"";"";"";"";"";"";"";""
"25/01/2024";"0100";"27,2";"27,6";"27,2";"86,0";"86,0";"84,0";"24,7";"24,8";"24,6";"1006,3";"1006,3";"1005,8";"0,3";"303,0";"0,9";"";""
"25/01/2024";"0200";"";"";"";"";"";"";"";"";"";"";"";"";"";"";"";"";""
"25/01/2024";"0300";"27,1";"27,5";"27,1";"88,0";"88,0";"85,0";"25,0";"25,0";"24,8";"1006,7";"1006,7";"1006,6";"0,0";"303,0";"1,3";"";""
"25/01/2024";"0400";"26,9";"27,3";"26,9";"89,0";"89,0";"87,0";"24,9";"25,1";"24,8";"1006,4";"1006,8";"1006,4";"0,2";"319,0";"1,8";"";""
"25/01/2024";"0500";"25,9";"26,9";"25,9";"92,0";"92,0";"89,0";"24,4";"25,0";"24,4";"1006,0";"1006,4";"1006,0";"1,8";"292,0";"4,9";"";""
"25/01/2024";"0600";"25,6";"26,0";"25,3";"91,0";"92,0";"90,0";"24,1";"24,5";"23,6";"1004,8";"1006,0";"1004,8";"0,4";"253,0";"4,9";"";""
"25/01/2024";"0700";"25,8";"25,9";"25,5";"92,0";"92,0";"91,0";"24,5";"24,5";"23,9";"1004,5";"1004,8";"1004,5";"0,0";"313,0";"1,2";"";""
"25/01/2024";"0800";"25,8";"26,0";"25,7";"93,0";"93,0";"92,0";"24,6";"24,7";"24,5";"1004,2";"1004,5";"1004,2";"0,0";"302,0";"0,0";"";""
"25/01/2024";"0900";"25,8";"25,9";"25,7";"93,0";"93,0";"93,0";"24,6";"24,7";"24,5";"1004,5";"1004,5";"1004,2";"0,0";"316,0";"1,2";"";""
"25/01/2024";"1000";"25,6";"25,9";"25,5";"93,0";"93,0";"93,0";"24,4";"24,7";"24,3";"1005,1";"1005,1";"1004,5";"0,6";"298,0";"1,2";"1,20";""
"25/01/2024";"1100";"25,9";"26,0";"25,6";"93,0";"93,0";"93,0";"24,7";"24,8";"24,4";"1005,9";"1005,9";"1005,1";"0,2";"304,0";"1,2";"119,50";""
"25/01/2024";"1200";"27,6";"27,6";"25,8";"88,0";"93,0";"87,0";"25,4";"25,5";"24,6";"1006,9";"1006,9";"1005,9";"0,9";"302,0";"2,2";"543,20";""
"25/01/2024";"1300";"28,2";"28,8";"27,5";"79,0";"88,0";"78,0";"24,3";"25,5";"24,2";"1007,4";"1007,4";"1006,9";"1,8";"271,0";"4,3";"1162,60";""
"25/01/2024";"1400";"28,9";"28,9";"28,1";"77,0";"81,0";"75,0";"24,5";"25,0";"23,7";"1007,5";"1007,5";"1007,4";"2,3";"273,0";"4,6";"1185,30";""
"25/01/2024";"1500";"30,0";"30,4";"28,6";"69,0";"78,0";"67,0";"23,6";"24,6";"23,2";"1007,0";"1007,5";"1007,0";"2,6";"277,0";"6,2";"1751,30";""
"25/01/2024";"1600";"29,3";"30,3";"29,2";"73,0";"74,0";"66,0";"24,0";"24,2";"23,0";"1006,7";"1007,0";"1006,7";"1,4";"236,0";"5,9";"1612,10";""
"25/01/2024";"1700";"28,6";"29,3";"28,2";"79,0";"82,0";"72,0";"24,5";"25,2";"23,6";"1005,9";"1006,7";"1005,9";"2,1";"217,0";"5,6";"1621,50";""
"25/01/2024";"1800";"27,6";"28,7";"27,6";"79,0";"82,0";"78,0";"23,5";"25,1";"23,5";"1005,3";"1005,9";"1005,2";"2,6";"240,0";"7,0";"1256,90";""
"25/01/2024";"1900";"25,7";"27,5";"25,3";"91,0";"91,0";"79,0";"24,2";"24,3";"23,4";"1004,7";"1005,3";"1004,7";"0,7";"266,0";"7,3";"620,70";""
"25/01/2024";"2000";"25,6";"26,3";"25,5";"91,0";"92,0";"90,0";"24,0";"24,9";"23,9";"1004,5";"1004,7";"1004,5";"1,6";"264,0";"3,5";"404,80";""
"25/01/2024";"2100";"26,0";"26,1";"25,6";"90,0";"92,0";"90,0";"24,3";"24,4";"24,0";"1004,7";"1004,7";"1004,3";"0,7";"277,0";"3,9";"485,50";""
"25/01/2024";"2200";"25,5";"26,1";"25,5";"91,0";"91,0";"89,0";"23,9";"24,4";"23,9";"1005,1";"1005,1";"1004,7";"1,1";"291,0";"2,5";"103,50";""
"25/01/2024";"2300";"";"";"";"";"";"";"";"";"";"";"";"";"";"";"";"";""
"26/01/2024";"0000";"25,3";"25,5";"25,3";"92,0";"92,0";"91,0";"23,9";"24,1";"23,8";"1006,4";"1006,4";"1005,4";"1,9";"290,0";"4,8";"";""
"26/01/2024";"0100";"";"";"";"";"";"";"";"";"";"";"";"";"";"";"";"";""
"26/01/2024";"0200";"25,0";"25,4";"25,0";"90,0";"92,0";"90,0";"23,2";"23,9";"23,2";"1007,4";"1007,4";"1007,0";"0,9";"298,0";"3,0";"";""
"26/01/2024";"0300";"25,0";"25,0";"24,9";"91,0";"91,0";"90,0";"23,4";"23,4";"23,2";"1007,4";"1007,6";"1007,4";"0,0";"310,0";"2,0";"";""
"26/01/2024";"0400";"24,8";"25,0";"24,8";"91,0";"91,0";"91,0";"23,3";"23,5";"23,2";"1007,4";"1007,5";"1007,4";"0,5";"300,0";"1,4";"";""
"26/01/2024";"0500";"24,8";"25,0";"24,8";"92,0";"92,0";"91,0";"23,4";"23,6";"23,3";"1006,9";"1007,4";"1006,9";"0,1";"313,0";"1,8";"";""
"26/01/2024";"0600";"24,7";"25,0";"24,6";"91,0";"92,0";"91,0";"23,1";"23,6";"23,0";"1006,0";"1006,9";"1006,0";"1,1";"335,0";"2,8";"";""
"26/01/2024";"0700";"24,5";"24,7";"24,5";"91,0";"91,0";"90,0";"23,0";"23,0";"22,8";"1005,5";"1006,0";"1005,5";"0,1";"307,0";"3,2";"";""
"26/01/2024";"0800";"24,5";"25,0";"24,5";"91,0";"91,0";"89,0";"23,0";"23,2";"22,9";"1005,6";"1005,6";"1005,3";"0,2";"311,0";"1,0";"0,20";""
"26/01/2024";"0900";"24,5";"24,6";"24,4";"92,0";"92,0";"91,0";"23,2";"23,2";"22,9";"1006,2";"1006,2";"1005,6";"0,0";"219,0";"2,1";"";""
"26/01/2024";"1000";"24,5";"24,8";"24,5";"92,0";"92,0";"92,0";"23,1";"23,4";"23,1";"1006,6";"1006,6";"1006,2";"0,0";"306,0";"0,0";"0,80";""
"26/01/2024";"1100";"25,3";"25,4";"24,5";"92,0";"92,0";"92,0";"23,8";"24,0";"23,1";"1007,3";"1007,3";"1006,6";"0,0";"226,0";"1,9";"104,10";""
"26/01/2024";"1200";"27,2";"27,2";"25,3";"86,0";"92,0";"85,0";"24,6";"24,6";"23,9";"1008,1";"1008,1";"1007,3";"0,0";"266,0";"0,0";"455,70";""
"26/01/2024";"1300";"27,6";"28,2";"27,1";"82,0";"86,0";"80,0";"24,3";"24,9";"24,0";"1008,8";"1008,8";"1008,1";"1,1";"230,0";"2,7";"1116,50";""
"26/01/2024";"1400";"28,3";"28,6";"27,6";"81,0";"83,0";"79,0";"24,7";"25,0";"24,1";"1008,8";"1008,9";"1008,7";"0,8";"211,0";"2,2";"1167,70";""
"26/01/2024";"1500";"29,6";"30,2";"28,2";"72,0";"82,0";"70,0";"24,1";"25,5";"23,5";"1008,4";"1008,8";"1008,4";"1,5";"286,0";"4,0";"1472,30";""
"26/01/2024";"1600";"30,1";"30,2";"29,3";"67,0";"75,0";"67,0";"23,3";"24,7";"23,0";"1007,8";"1008,4";"1007,8";"1,4";"274,0";"3,1";"1450,50";""
"26/01/2024";"1700";"31,1";"31,1";"29,9";"69,0";"72,0";"65,0";"24,8";"25,0";"23,0";"1006,6";"1007,8";"1006,6";"1,6";"252,0";"4,0";"1745,80";""
"26/01/2024";"1800";"30,3";"31,8";"29,7";"68,0";"72,0";"61,0";"23,7";"24,8";"22,6";"1005,2";"1006,6";"1005,2";"0,5";"236,0";"4,3";"2544,70";""
"26/01/2024";"1900";"28,5";"31,7";"26,7";"83,0";"86,0";"64,0";"25,4";"25,6";"22,6";"1004,2";"1005,2";"1004,2";"0,8";"262,0";"6,8";"1221,50";""
"26/01/2024";"2000";"29,4";"29,5";"28,5";"77,0";"84,0";"77,0";"24,9";"26,1";"24,8";"1003,7";"1004,3";"1003,7";"0,7";"268,0";"3,5";"997,10";""
"26/01/2024";"2100";"27,0";"29,7";"27,0";"81,0";"81,0";"74,0";"23,6";"25,1";"23,4";"1004,1";"1004,1";"1003,7";"2,5";"341,0";"5,2";"412,80";""
"26/01/2024";"2200";"26,3";"27,0";"26,2";"84,0";"84,0";"80,0";"23,4";"23,7";"23,0";"1004,8";"1004,8";"1004,0";"0,8";"328,0";"5,2";"152,10";""
"26/01/2024";"2300";"24,2";"26,4";"24,1";"92,0";"92,0";"84,0";"22,8";"23,5";"22,7";"1005,6";"1005,7";"1004,8";"1,4";"314,0";"8,2";"3,60";""
"27/01/2024";"0000";"";"";"";"";"";"";"";"";"";"";"";"";"";"";"";"";""
"27/01/2024";"0100";"25,0";"25,0";"24,9";"92,0";"92,0";"89,0";"23,7";"23,7";"23,0";"1006,9";"1006,9";"1006,1";"0,4";"329,0";"1,7";"";""
"27/01/2024";"0200";"25,0";"25,1";"24,9";"92,0";"92,0";"92,0";"23,6";"23,7";"23,5";"1007,3";"1007,3";"1006,9";"0,1";"327,0";"1,6";"0,10";""
"27/01/2024";"0300";"25,3";"25,3";"25,0";"92,0";"93,0";"92,0";"23,9";"24,1";"23,7";"1007,6";"1007,6";"1007,3";"0,1";"306,0";"1,2";"";""
"27/01/2024";"0400";"25,1";"25,6";"25,1";"93,0";"93,0";"91,0";"23,8";"24,0";"23,7";"1007,2";"1007,6";"1007,2";"0,0";"293,0";"1,7";"";""
"27/01/2024";"0500";"25,4";"25,4";"25,1";"93,0";"93,0";"93,0";"24,2";"24,2";"23,8";"1006,9";"1007,2";"1006,9";"0,0";"284,0";"0,3";"";""
"27/01/2024";"0600";"25,5";"25,6";"25,4";"93,0";"93,0";"93,0";"24,3";"24,4";"24,2";"1006,3";"1006,9";"1006,3";"0,0";"285,0";"0,9";"";""
"27/01/2024";"0700";"25,6";"25,8";"25,5";"93,0";"93,0";"93,0";"24,3";"24,6";"24,2";"1005,7";"1006,3";"1005,6";"0,0";"275,0";"1,8";"0,10";""
"27/01/2024";"0800";"25,8";"25,9";"25,6";"93,0";"93,0";"93,0";"24,6";"24,7";"24,4";"1005,6";"1005,7";"1005,5";"0,0";"282,0";"1,1";"";""
"27/01/2024";"0900";"25,4";"25,8";"25,4";"93,0";"93,0";"93,0";"24,2";"24,6";"24,2";"1005,8";"1005,9";"1005,6";"0,5";"288,0";"2,2";"";""
"27/01/2024";"1000";"24,9";"25,4";"24,7";"94,0";"94,0";"93,0";"23,8";"24,3";"23,6";"1006,4";"1006,4";"1005,7";"0,1";"293,0";"5,0";"0,50";""
"27/01/2024";"1100";"25,1";"25,2";"24,8";"94,0";"94,0";"94,0";"24,0";"24,2";"23,8";"1007,5";"1007,5";"1006,4";"1,4";"281,0";"3,7";"40,30";""
"27/01/2024";"1200";"24,8";"25,1";"24,7";"93,0";"94,0";"93,0";"23,6";"24,0";"23,6";"1008,5";"1008,5";"1007,5";"2,4";"291,0";"5,2";"59,10";""
"27/01/2024";"1300";"24,9";"24,9";"24,8";"93,0";"93,0";"92,0";"23,7";"23,7";"23,5";"1009,9";"1009,9";"1008,5";"0,1";"290,0";"5,2";"69,90";""
"27/01/2024";"1400";"25,4";"25,5";"24,8";"93,0";"93,0";"93,0";"24,1";"24,2";"23,6";"1010,2";"1010,2";"1009,9";"0,0";"298,0";"0,8";"227,40";""
"27/01/2024";"1500";"26,0";"26,0";"25,3";"92,0";"93,0";"91,0";"24,6";"24,6";"23,9";"1009,8";"1010,2";"1009,8";"0,0";"306,0";"0,0";"318,70";""
"27/01/2024";"1600";"25,9";"26,0";"25,5";"90,0";"92,0";"90,0";"24,2";"24,4";"24,1";"1009,0";"1009,9";"1009,0";"0,0";"295,0";"2,1";"515,50";""
"27/01/2024";"1700";"27,0";"27,3";"25,9";"85,0";"91,0";"84,0";"24,2";"24,8";"24,1";"1008,0";"1009,0";"1008,0";"0,2";"305,0";"2,6";"811,10";""
"27/01/2024";"1800";"28,0";"28,0";"27,0";"83,0";"85,0";"82,0";"24,8";"24,8";"23,9";"1007,0";"1008,0";"1007,0";"0,1";"233,0";"1,8";"814,30";""
"27/01/2024";"1900";"27,0";"28,0";"26,9";"86,0";"86,0";"81,0";"24,4";"24,8";"24,1";"1006,0";"1007,0";"1006,0";"0,9";"231,0";"3,7";"823,90";""
"27/01/2024";"2000";"27,1";"27,4";"26,9";"83,0";"86,0";"83,0";"24,0";"24,5";"24,0";"1005,1";"1006,0";"1005,1";"1,6";"232,0";"3,1";"833,60";""
"27/01/2024";"2100";"27,1";"27,3";"27,0";"84,0";"85,0";"83,0";"24,2";"24,4";"23,9";"1005,0";"1005,1";"1004,9";"0,7";"243,0";"3,1";"551,90";""
"27/01/2024";"2200";"26,9";"27,3";"26,9";"85,0";"85,0";"84,0";"24,1";"24,4";"24,0";"1005,5";"1005,5";"1005,0";"0,1";"272,0";"2,4";"232,20";""
"27/01/2024";"2300";"24,8";"27,0";"24,8";"90,0";"90,0";"85,0";"23,1";"24,5";"22,9";"1006,1";"1006,1";"1005,4";"2,0";"277,0";"6,9";"5,10";""
"28/01/2024";"0000";"24,6";"24,8";"24,4";"92,0";"92,0";"90,0";"23,2";"23,4";"22,9";"1006,6";"1006,6";"1005,9";"0,1";"242,0";"4,1";"";""
"28/01/2024";"0100";"24,7";"24,7";"24,4";"92,0";"92,0";"91,0";"23,3";"23,3";"22,8";"1007,6";"1007,6";"1006,6";"0,0";"311,0";"1,8";"0,10";""
"28/01/2024";"0200";"24,6";"24,7";"24,5";"92,0";"92,0";"92,0";"23,3";"23,3";"23,1";"1007,9";"1007,9";"1007,6";"1,2";"294,0";"2,0";"";""
"28/01/2024";"0300";"24,7";"24,7";"24,6";"92,0";"92,0";"92,0";"23,3";"23,3";"23,2";"1008,0";"1008,0";"1007,9";"1,2";"286,0";"2,5";"";""
"28/01/2024";"0400";"24,8";"24,8";"24,7";"93,0";"93,0";"92,0";"23,6";"23,6";"23,3";"1007,6";"1008,0";"1007,6";"0,0";"263,0";"2,6";"";""
"28/01/2024";"0500";"24,9";"25,0";"24,8";"93,0";"93,0";"93,0";"23,7";"23,8";"23,6";"1007,2";"1007,6";"1007,2";"0,0";"301,0";"0,0";"";""
"28/01/2024";"0600";"24,9";"25,0";"24,8";"93,0";"93,0";"93,0";"23,8";"23,8";"23,6";"1006,4";"1007,1";"1006,4";"0,0";"308,0";"0,0";"";""
"28/01/2024";"0700";"24,8";"24,9";"24,8";"94,0";"94,0";"93,0";"23,7";"23,8";"23,6";"1006,2";"1006,4";"1006,2";"0,0";"303,0";"1,4";"";""
"28/01/2024";"0800";"24,9";"24,9";"24,8";"94,0";"94,0";"94,0";"23,8";"23,8";"23,7";"1006,2";"1006,3";"1006,1";"0,0";"313,0";"1,1";"";""
"28/01/2024";"0900";"24,9";"24,9";"24,8";"94,0";"94,0";"94,0";"23,8";"23,9";"23,7";"1006,5";"1006,5";"1006,2";"0,0";"287,0";"0,8";"";""
"28/01/2024";"1000";"24,6";"24,9";"24,6";"94,0";"94,0";"94,0";"23,5";"23,8";"23,5";"1007,0";"1007,0";"1006,5";"0,0";"306,0";"0,0";"0,90";""
"28/01/2024";"1100";"24,9";"24,9";"24,6";"94,0";"94,0";"94,0";"23,8";"23,8";"23,5";"1007,6";"1007,6";"1007,0";"1,0";"301,0";"2,2";"98,90";""
"28/01/2024";"1200";"27,3";"27,4";"24,9";"85,0";"94,0";"85,0";"24,5";"25,2";"23,8";"1008,7";"1008,7";"1007,6";"0,8";"256,0";"4,0";"892,90";""
"28/01/2024";"1300";"28,0";"28,5";"27,2";"80,0";"86,0";"78,0";"24,2";"25,1";"23,8";"1009,4";"1009,4";"1008,7";"2,4";"287,0";"5,2";"1459,50";""
"28/01/2024";"1400";"29,7";"30,1";"28,0";"70,0";"80,0";"69,0";"23,6";"24,7";"23,3";"1009,4";"1009,5";"1009,4";"3,6";"284,0";"7,4";"2251,30";""
"28/01/2024";"1500";"30,5";"30,7";"29,6";"70,0";"71,0";"67,0";"24,5";"24,5";"23,1";"1009,0";"1009,5";"1009,0";"2,7";"279,0";"7,9";"2324,50";""
"28/01/2024";"1600";"29,5";"30,6";"29,3";"74,0";"74,0";"68,0";"24,2";"24,5";"23,5";"1008,5";"1009,0";"1008,5";"2,0";"289,0";"5,9";"1314,90";""
"28/01/2024";"1700";"30,5";"31,1";"29,5";"69,0";"75,0";"65,0";"24,1";"25,0";"23,1";"1007,5";"1008,5";"1007,5";"1,6";"282,0";"4,7";"1351,80";""
"28/01/2024";"1800";"31,2";"31,6";"30,4";"66,0";"69,0";"63,0";"24,1";"24,6";"23,4";"1006,4";"1007,5";"1006,4";"2,0";"272,0";"5,7";"1754,70";""
"28/01/2024";"1900";"31,6";"32,4";"30,7";"63,0";"66,0";"59,0";"23,7";"24,0";"22,7";"1005,6";"1006,4";"1005,5";"2,5";"283,0";"5,7";"1985,30";""
"28/01/2024";"2000";"30,9";"31,6";"29,7";"64,0";"71,0";"63,0";"23,3";"24,8";"23,0";"1005,2";"1005,6";"1005,2";"2,1";"265,0";"5,7";"1134,20";""
"28/01/2024";"2100";"30,0";"31,2";"29,9";"70,0";"71,0";"63,0";"24,0";"24,3";"22,6";"1005,0";"1005,2";"1004,8";"1,6";"295,0";"5,6";"1061,30";""
"28/01/2024";"2200";"28,7";"30,0";"28,7";"75,0";"75,0";"70,0";"23,7";"24,1";"23,6";"1005,7";"1005,7";"1005,0";"1,1";"288,0";"3,1";"145,90";""
"28/01/2024";"2300";"27,5";"28,7";"27,5";"81,0";"81,0";"75,0";"24,0";"24,0";"23,6";"1006,3";"1006,3";"1005,7";"0,6";"297,0";"2,1";"2,00";""
"29/01/2024";"0000";"26,8";"27,5";"26,8";"84,0";"84,0";"81,0";"24,0";"24,1";"24,0";"1007,1";"1007,1";"1006,3";"0,0";"288,0";"1,4";"";""
"29/01/2024";"0100";"26,8";"26,9";"26,7";"85,0";"85,0";"84,0";"24,1";"24,1";"23,8";"1008,1";"1008,1";"1007,1";"0,0";"193,0";"1,0";"";""
"29/01/2024";"0200";"27,4";"27,4";"26,8";"86,0";"87,0";"85,0";"24,8";"24,8";"24,1";"1008,9";"1008,9";"1008,1";"0,3";"243,0";"2,3";"";""
"29/01/2024";"0300";"27,1";"27,4";"27,1";"87,0";"87,0";"86,0";"24,9";"24,9";"24,8";"1009,0";"1009,0";"1008,9";"0,1";"236,0";"2,1";"";""
"29/01/2024";"0400";"26,7";"27,1";"26,7";"88,0";"88,0";"87,0";"24,6";"24,9";"24,5";"1008,7";"1009,0";"1008,7";"1,4";"234,0";"2,8";"";""
"29/01/2024";"0500";"26,1";"26,7";"26,1";"89,0";"89,0";"88,0";"24,2";"24,6";"24,2";"1007,9";"1008,7";"1007,9";"0,3";"225,0";"3,1";"";""
"29/01/2024";"0600";"26,0";"26,2";"26,0";"91,0";"91,0";"89,0";"24,3";"24,4";"24,3";"1007,2";"1007,9";"1007,2";"0,7";"216,0";"2,1";"";""
"29/01/2024";"0700";"26,0";"26,0";"25,9";"91,0";"91,0";"91,0";"24,5";"24,5";"24,3";"1006,7";"1007,2";"1006,7";"0,1";"244,0";"1,8";"";""
"29/01/2024";"0800";"25,9";"26,1";"25,9";"92,0";"92,0";"91,0";"24,4";"24,5";"24,4";"1006,7";"1006,7";"1006,5";"0,4";"210,0";"1,8";"";""
"29/01/2024";"0900";"25,7";"26,0";"25,7";"92,0";"92,0";"92,0";"24,4";"24,5";"24,3";"1006,9";"1006,9";"1006,6";"0,1";"228,0";"2,1";"";""
"29/01/2024";"1000";"25,6";"25,8";"25,6";"92,0";"92,0";"92,0";"24,2";"24,4";"24,2";"1007,3";"1007,3";"1006,9";"0,1";"210,0";"1,8";"0,30";""
"29/01/2024";"1100";"26,0";"26,0";"25,6";"91,0";"92,0";"91,0";"24,5";"24,5";"24,2";"1008,0";"1008,0";"1007,3";"0,1";"264,0";"1,4";"117,40";""
"29/01/2024";"1200";"27,7";"27,7";"26,0";"89,0";"91,0";"89,0";"25,7";"25,7";"24,5";"1009,0";"1009,0";"1008,0";"0,5";"228,0";"2,6";"446,10";""
"29/01/2024";"1300";"30,0";"30,3";"27,7";"77,0";"89,0";"77,0";"25,5";"26,1";"25,0";"1009,4";"1009,4";"1009,0";"0,5";"245,0";"3,9";"1675,90";""
"29/01/2024";"1400";"30,7";"31,0";"29,2";"72,0";"79,0";"72,0";"25,2";"26,1";"24,8";"1009,2";"1009,4";"1009,2";"0,8";"230,0";"3,0";"1718,80";""
"29/01/2024";"1500";"32,0";"32,0";"30,3";"62,0";"76,0";"60,0";"23,7";"26,4";"23,1";"1008,7";"1009,2";"1008,7";"1,6";"253,0";"4,7";"2598,10";""
"29/01/2024";"1600";"32,3";"32,9";"31,9";"57,0";"64,0";"56,0";"22,8";"24,5";"22,6";"1007,8";"1008,7";"1007,8";"3,6";"293,0";"6,5";"2857,60";""
"29/01/2024";"1700";"33,9";"33,9";"32,2";"56,0";"61,0";"54,0";"23,8";"24,2";"22,1";"1006,9";"1007,8";"1006,9";"2,0";"269,0";"7,2";"3168,90";""
"29/01/2024";"1800";"33,4";"34,0";"33,2";"51,0";"56,0";"50,0";"21,7";"23,6";"21,5";"1005,7";"1006,9";"1005,7";"2,3";"249,0";"6,6";"2958,10";""
"29/01/2024";"1900";"33,6";"33,8";"33,0";"50,0";"54,0";"49,0";"21,9";"22,6";"21,0";"1005,0";"1005,7";"1005,0";"2,4";"271,0";"6,6";"2347,10";""
"29/01/2024";"2000";"33,5";"34,0";"33,2";"51,0";"53,0";"49,0";"22,1";"22,7";"21,5";"1004,2";"1005,0";"1004,2";"2,2";"282,0";"6,1";"1941,20";""
"29/01/2024";"2100";"32,6";"33,5";"32,6";"57,0";"57,0";"51,0";"23,1";"23,1";"21,8";"1004,2";"1004,3";"1004,1";"1,5";"261,0";"5,5";"1216,60";""
"29/01/2024";"2200";"30,7";"32,6";"30,7";"64,0";"64,0";"57,0";"23,2";"23,3";"22,6";"1004,5";"1004,5";"1004,1";"0,7";"279,0";"4,6";"189,80";""
"29/01/2024";"2300";"29,2";"30,7";"29,2";"72,0";"72,0";"64,0";"23,6";"23,9";"23,2";"1005,2";"1005,2";"1004,5";"0,2";"238,0";"1,9";"4,80";""
"30/01/2024";"0000";"28,6";"29,3";"28,6";"78,0";"78,0";"72,0";"24,4";"24,6";"23,7";"1005,7";"1005,7";"1005,2";"0,4";"277,0";"4,1";"";""
"30/01/2024";"0100";"27,9";"28,6";"27,9";"83,0";"83,0";"78,0";"24,7";"24,8";"24,5";"1006,4";"1006,4";"1005,7";"0,0";"292,0";"1,5";"";""
"30/01/2024";"0200";"27,8";"27,9";"27,8";"84,0";"85,0";"83,0";"24,9";"25,0";"24,7";"1007,1";"1007,1";"1006,4";"0,3";"254,0";"2,1";"";""
"30/01/2024";"0300";"27,3";"27,8";"27,3";"87,0";"87,0";"84,0";"24,9";"25,0";"24,8";"1007,3";"1007,3";"1007,0";"0,3";"202,0";"2,0";"";""
"30/01/2024";"0400";"27,4";"27,4";"27,3";"87,0";"87,0";"87,0";"25,0";"25,0";"24,8";"1007,0";"1007,3";"1007,0";"0,3";"230,0";"3,1";"";""
"30/01/2024";"0500";"27,2";"27,4";"27,2";"86,0";"87,0";"86,0";"24,6";"24,9";"24,6";"1006,1";"1007,0";"1006,1";"0,3";"249,0";"3,3";"";""
"30/01/2024";"0600";"27,0";"27,2";"26,9";"87,0";"87,0";"86,0";"24,5";"24,6";"24,4";"1005,7";"1006,1";"1005,7";"0,5";"228,0";"2,1";"";""
"30/01/2024";"0700";"26,7";"27,0";"26,7";"88,0";"88,0";"87,0";"24,6";"24,6";"24,3";"1005,4";"1005,7";"1005,4";"0,6";"224,0";"3,1";"";""
"30/01/2024";"0800";"26,4";"26,8";"26,4";"90,0";"90,0";"88,0";"24,6";"24,8";"24,6";"1005,5";"1005,5";"1005,4";"0,1";"262,0";"3,0";"";""
"30/01/2024";"0900";"25,8";"26,5";"25,8";"91,0";"91,0";"90,0";"24,3";"24,7";"24,2";"1006,0";"1006,0";"1005,5";"0,0";"299,0";"2,3";"";""
"30/01/2024";"1000";"25,5";"25,8";"25,4";"92,0";"92,0";"91,0";"24,1";"24,3";"24,1";"1006,5";"1006,5";"1006,0";"0,0";"284,0";"1,3";"0,50";""
"30/01/2024";"1100";"26,0";"26,0";"25,4";"92,0";"93,0";"92,0";"24,6";"24,6";"24,1";"1007,3";"1007,3";"1006,5";"0,9";"292,0";"1,6";"130,70";""
"30/01/2024";"1200";"27,1";"27,1";"26,0";"87,0";"92,0";"86,0";"24,7";"25,0";"24,6";"1008,0";"1008,0";"1007,3";"1,1";"276,0";"2,9";"455,90";""
"30/01/2024";"1300";"29,2";"29,2";"27,1";"74,0";"87,0";"74,0";"24,0";"25,2";"23,8";"1008,8";"1008,8";"1008,0";"1,2";"253,0";"4,2";"1175,10";""
"30/01/2024";"1400";"30,0";"30,2";"29,1";"71,0";"74,0";"70,0";"24,1";"24,5";"23,5";"1008,9";"1009,1";"1008,8";"2,2";"281,0";"4,5";"1647,30";""
"30/01/2024";"1500";"30,7";"30,8";"29,9";"70,0";"72,0";"68,0";"24,5";"24,8";"23,7";"1008,4";"1008,9";"1008,4";"1,9";"273,0";"4,3";"1802,80";""
"30/01/2024";"1600";"31,0";"31,7";"30,5";"69,0";"71,0";"64,0";"24,7";"25,0";"23,8";"1007,7";"1008,4";"1007,7";"2,0";"273,0";"6,3";"1801,80";""
"30/01/2024";"1700";"31,8";"32,5";"31,1";"64,0";"70,0";"63,0";"24,0";"25,2";"23,9";"1006,3";"1007,7";"1006,3";"2,2";"256,0";"5,9";"2066,70";""
"30/01/2024";"1800";"32,4";"33,3";"31,7";"65,0";"66,0";"59,0";"25,0";"25,6";"23,6";"1005,1";"1006,3";"1005,0";"1,9";"270,0";"5,9";"2041,90";""
"30/01/2024";"1900";"33,0";"33,5";"32,0";"59,0";"66,0";"59,0";"24,0";"25,4";"23,7";"1003,9";"1005,1";"1003,9";"1,0";"229,0";"3,8";"2124,90";""
"30/01/2024";"2000";"27,1";"33,4";"27,0";"82,0";"83,0";"57,0";"23,7";"24,7";"22,5";"1003,9";"1004,0";"1003,6";"2,1";"276,0";"9,4";"1267,00";""
"30/01/2024";"2100";"28,1";"28,5";"27,0";"80,0";"82,0";"77,0";"24,3";"24,7";"23,5";"1004,0";"1004,0";"1003,5";"2,0";"286,0";"5,6";"478,50";""
"30/01/2024";"2200";"27,8";"28,1";"27,8";"80,0";"81,0";"79,0";"24,1";"24,3";"24,0";"1004,7";"1004,7";"1004,0";"2,3";"281,0";"5,1";"188,50";""
"30/01/2024";"2300";"27,2";"27,8";"27,1";"83,0";"83,0";"80,0";"24,1";"24,1";"24,0";"1004,5";"1005,0";"1004,5";"1,5";"275,0";"4,8";"12,70";""
"31/01/2024";"0000";"27,1";"27,2";"27,0";"85,0";"85,0";"82,0";"24,4";"24,4";"24,0";"1005,3";"1005,3";"1004,5";"0,3";"308,0";"3,5";"";""
"31/01/2024";"0100";"26,4";"27,2";"26,4";"87,0";"88,0";"85,0";"24,0";"24,6";"24,0";"1006,4";"1006,4";"1005,3";"2,3";"293,0";"4,6";"";""
"31/01/2024";"0200";"26,1";"26,4";"26,0";"88,0";"89,0";"87,0";"24,0";"24,1";"24,0";"1007,2";"1007,2";"1006,4";"1,0";"305,0";"4,6";"";""
"31/01/2024";"0300";"25,7";"26,1";"25,7";"90,0";"90,0";"88,0";"23,9";"24,0";"23,9";"1007,1";"1007,2";"1007,0";"1,6";"298,0";"2,6";"";""
"31/01/2024";"0400";"25,4";"25,7";"25,4";"90,0";"90,0";"90,0";"23,7";"23,9";"23,7";"1007,2";"1007,2";"1007,0";"0,8";"310,0";"2,6";"";""
"31/01/2024";"0500";"25,2";"25,4";"25,2";"90,0";"91,0";"90,0";"23,4";"23,7";"23,4";"1006,6";"1007,2";"1006,6";"1,4";"301,0";"2,9";"";""
"31/01/2024";"0600";"25,2";"25,2";"25,1";"90,0";"90,0";"89,0";"23,4";"23,4";"23,3";"1005,6";"1006,5";"1005,6";"0,7";"288,0";"2,6";"";""
"31/01/2024";"0700";"25,1";"25,3";"25,1";"91,0";"91,0";"90,0";"23,5";"23,6";"23,4";"1005,2";"1005,6";"1005,1";"0,0";"307,0";"1,8";"";""
"31/01/2024";"0800";"25,3";"25,3";"25,1";"91,0";"91,0";"90,0";"23,7";"23,7";"23,5";"1005,1";"1005,2";"1005,0";"0,5";"300,0";"1,5";"";""
"31/01/2024";"0900";"25,3";"25,3";"25,2";"91,0";"91,0";"91,0";"23,7";"23,7";"23,7";"1005,1";"1005,2";"1005,0";"0,8";"293,0";"2,1";"";""
"31/01/2024";"1000";"25,1";"25,3";"25,1";"92,0";"92,0";"91,0";"23,7";"23,7";"23,6";"1005,3";"1005,4";"1005,0";"0,6";"294,0";"2,2";"0,30";""
"31/01/2024";"1100";"25,8";"25,8";"25,1";"90,0";"92,0";"90,0";"24,1";"24,1";"23,7";"1006,2";"1006,2";"1005,3";"0,7";"259,0";"2,4";"93,70";""
"31/01/2024";"1200";"27,0";"27,1";"25,8";"87,0";"90,0";"86,0";"24,7";"24,9";"24,1";"1007,1";"1007,1";"1006,2";"1,4";"303,0";"2,9";"508,20";""
"31/01/2024";"1300";"28,2";"28,6";"27,0";"81,0";"87,0";"80,0";"24,6";"25,6";"24,4";"1007,6";"1007,6";"1007,1";"2,4";"292,0";"4,0";"1216,10";""
"31/01/2024";"1400";"29,5";"30,0";"28,2";"74,0";"82,0";"72,0";"24,4";"25,6";"24,3";"1007,8";"1008,0";"1007,6";"1,6";"279,0";"4,7";"1460,90";""
"31/01/2024";"1500";"30,9";"31,1";"29,5";"69,0";"75,0";"68,0";"24,6";"25,0";"24,0";"1007,2";"1007,8";"1007,2";"1,6";"282,0";"5,7";"2165,20";""
"31/01/2024";"1600";"31,8";"32,0";"30,4";"63,0";"71,0";"60,0";"23,9";"25,3";"22,8";"1006,8";"1007,2";"1006,8";"3,2";"294,0";"6,9";"2669,60";""
"31/01/2024";"1700";"32,0";"33,2";"31,6";"61,0";"64,0";"57,0";"23,6";"24,3";"22,8";"1005,6";"1006,8";"1005,6";"2,1";"281,0";"6,5";"2577,50";""
"31/01/2024";"1800";"32,8";"33,4";"32,0";"57,0";"64,0";"53,0";"23,2";"24,8";"22,2";"1004,1";"1005,6";"1004,1";"2,4";"255,0";"6,7";"3003,60";""
"31/01/2024";"1900";"33,3";"33,6";"32,5";"57,0";"60,0";"53,0";"23,5";"24,5";"22,5";"1002,4";"1004,1";"1002,4";"2,7";"294,0";"5,9";"2357,80";""
"31/01/2024";"2000";"32,6";"33,6";"32,5";"57,0";"58,0";"53,0";"23,0";"24,3";"22,2";"1002,0";"1002,4";"1002,0";"1,7";"260,0";"6,2";"1881,40";""
"31/01/2024";"2100";"32,3";"33,0";"32,2";"58,0";"60,0";"57,0";"23,0";"24,1";"22,9";"1001,6";"1002,0";"1001,6";"1,8";"259,0";"5,6";"1174,50";""
"31/01/2024";"2200";"30,4";"32,3";"30,4";"68,0";"68,0";"58,0";"23,8";"23,8";"22,8";"1002,5";"1002,5";"1001,5";"0,2";"221,0";"4,0";"264,80";""
"31/01/2024";"2300";"";"";"";"";"";"";"";"";"";"";"";"";"";"";"";"";""
"01/02/2024";"0000";"";"";"";"";"";"";"";"";"";"";"";"";"";"";"";"";""
"01/02/2024";"0100";"";"";"";"";"";"";"";"";"";"";"";"";"";"";"";"";""
"01/02/2024";"0200";"";"";"";"";"";"";"";"";"";"";"";"";"";"";"";"";""
"01/02/2024";"0300";"28,3";"28,5";"28,1";"86,0";"86,0";"84,0";"25,8";"25,8";"25,1";"1006,4";"1006,5";"1006,2";"0,0";"247,0";"1,2";"";""
"01/02/2024";"0400";"28,1";"28,5";"28,1";"87,0";"87,0";"86,0";"25,8";"25,9";"25,7";"1005,8";"1006,4";"1005,8";"0,4";"197,0";"1,8";"";""
"01/02/2024";"0500";"27,8";"28,1";"27,8";"88,0";"88,0";"87,0";"25,7";"25,9";"25,7";"1004,8";"1005,8";"1004,8";"0,0";"216,0";"1,6";"";""
"01/02/2024";"0600";"27,5";"27,8";"27,4";"89,0";"89,0";"88,0";"25,5";"25,8";"25,4";"1004,2";"1004,8";"1004,2";"0,0";"318,0";"1,7";"";""
"01/02/2024";"0700";"27,3";"27,5";"27,3";"90,0";"90,0";"89,0";"25,5";"25,6";"25,5";"1004,4";"1004,4";"1004,2";"0,0";"262,0";"0,0";"";""
"01/02/2024";"0800";"25,8";"27,5";"25,8";"89,0";"90,0";"87,0";"23,8";"25,7";"23,7";"1004,8";"1005,0";"1004,4";"2,1";"292,0";"5,5";"0,50";""
"01/02/2024";"0900";"23,4";"25,9";"23,4";"91,0";"92,0";"87,0";"21,9";"24,1";"21,9";"1005,8";"1005,8";"1004,7";"4,4";"292,0";"10,8";"1,70";""
"01/02/2024";"1000";"22,8";"23,4";"22,8";"92,0";"92,0";"91,0";"21,5";"21,8";"21,4";"1006,2";"1006,3";"1005,8";"2,2";"295,0";"10,8";"0,30";""
"01/02/2024";"1100";"23,4";"23,4";"22,9";"93,0";"93,0";"92,0";"22,2";"22,2";"21,5";"1007,5";"1007,5";"1006,2";"0,0";"290,0";"4,4";"17,70";""
"01/02/2024";"1200";"23,7";"23,7";"23,3";"93,0";"93,0";"93,0";"22,5";"22,5";"22,1";"1008,1";"1008,1";"1007,3";"0,2";"261,0";"1,6";"68,50";""
"01/02/2024";"1300";"24,4";"24,4";"23,6";"93,0";"93,0";"93,0";"23,3";"23,3";"22,5";"1008,5";"1008,6";"1008,1";"0,3";"304,0";"1,5";"163,70";""
"01/02/2024";"1400";"25,1";"25,1";"24,2";"93,0";"94,0";"93,0";"23,9";"23,9";"23,1";"1008,7";"1008,9";"1008,5";"0,0";"284,0";"2,1";"248,40";""
"01/02/2024";"1500";"25,2";"25,3";"25,0";"92,0";"93,0";"92,0";"23,8";"24,0";"23,7";"1008,1";"1008,7";"1008,1";"0,0";"284,0";"0,6";"247,10";""
"01/02/2024";"1600";"25,5";"25,6";"25,2";"92,0";"93,0";"91,0";"24,0";"24,2";"23,8";"1008,2";"1008,3";"1008,0";"0,0";"336,0";"1,0";"309,40";""
"01/02/2024";"1700";"25,9";"25,9";"25,5";"90,0";"92,0";"90,0";"24,2";"24,3";"24,0";"1007,1";"1008,2";"1007,1";"0,3";"270,0";"1,9";"605,00";""
"01/02/2024";"1800";"26,7";"26,9";"25,8";"86,0";"90,0";"85,0";"24,2";"24,9";"23,8";"1006,4";"1007,1";"1006,4";"0,9";"332,0";"2,5";"1153,30";""
"01/02/2024";"1900";"27,0";"27,2";"26,6";"84,0";"86,0";"84,0";"24,1";"24,5";"23,8";"1005,8";"1006,4";"1005,8";"1,0";"277,0";"3,0";"890,10";""
"01/02/2024";"2000";"27,0";"27,2";"26,7";"85,0";"85,0";"84,0";"24,3";"24,4";"23,9";"1005,2";"1005,8";"1005,2";"1,5";"278,0";"3,2";"593,20";""
"01/02/2024";"2100";"27,0";"27,1";"26,8";"85,0";"86,0";"84,0";"24,2";"24,4";"23,9";"1005,5";"1005,5";"1005,2";"0,5";"266,0";"3,5";"504,40";""
"01/02/2024";"2200";"26,5";"27,0";"26,5";"86,0";"86,0";"84,0";"24,0";"24,2";"23,9";"1006,0";"1006,0";"1005,5";"0,7";"271,0";"2,5";"195,00";""
"01/02/2024";"2300";"26,2";"26,5";"26,2";"87,0";"87,0";"86,0";"23,9";"24,1";"23,9";"1006,5";"1006,5";"1006,0";"0,3";"294,0";"2,6";"5,70";""
"02/02/2024";"0000";"25,7";"26,2";"25,7";"90,0";"90,0";"87,0";"23,9";"24,1";"23,9";"1007,1";"1007,1";"1006,5";"1,4";"334,0";"3,4";"";""
"02/02/2024";"0100";"25,6";"25,8";"25,6";"90,0";"90,0";"89,0";"23,9";"23,9";"23,8";"1007,8";"1007,8";"1007,1";"1,1";"334,0";"3,2";"";""
"02/02/2024";"0200";"25,5";"25,6";"25,5";"91,0";"91,0";"90,0";"23,9";"24,0";"23,9";"1008,2";"1008,2";"1007,8";"0,1";"303,0";"2,4";"";""
"02/02/2024";"0300";"25,4";"25,5";"25,3";"91,0";"92,0";"91,0";"23,8";"23,9";"23,8";"1007,8";"1008,4";"1007,8";"0,2";"299,0";"2,1";"";""
"02/02/2024";"0400";"25,1";"25,4";"25,1";"92,0";"92,0";"91,0";"23,8";"23,8";"23,8";"1006,9";"1007,8";"1006,9";"0,1";"306,0";"1,8";"";""
"02/02/2024";"0500";"25,0";"25,1";"24,9";"93,0";"93,0";"92,0";"23,8";"23,8";"23,7";"1006,1";"1006,9";"1006,1";"0,0";"295,0";"2,0";"";""
"02/02/2024";"0600";"24,8";"25,0";"24,8";"93,0";"93,0";"93,0";"23,5";"23,8";"23,5";"1005,5";"1006,1";"1005,4";"0,6";"333,0";"2,0";"";""
"02/02/2024";"0700";"24,7";"24,8";"24,7";"93,0";"93,0";"93,0";"23,4";"23,5";"23,4";"1004,9";"1005,5";"1004,9";"0,0";"301,0";"2,4";"";""
"02/02/2024";"0800";"24,6";"25,0";"24,6";"93,0";"93,0";"92,0";"23,3";"23,7";"23,3";"1005,0";"1005,1";"1004,9";"0,0";"298,0";"0,9";"";""
"02/02/2024";"0900";"25,0";"25,1";"24,5";"93,0";"93,0";"93,0";"23,8";"23,9";"23,3";"1005,2";"1005,3";"1004,9";"0,0";"276,0";"1,4";"";""
"02/02/2024";"1000";"25,0";"25,1";"25,0";"93,0";"93,0";"93,0";"23,9";"24,0";"23,8";"1005,9";"1005,9";"1005,2";"0,5";"233,0";"1,9";"0,50";""
"02/02/2024";"1100";"25,3";"25,3";"25,0";"93,0";"93,0";"93,0";"24,1";"24,2";"23,8";"1007,4";"1007,4";"1005,9";"0,9";"240,0";"3,6";"78,00";""
"02/02/2024";"1200";"26,0";"26,1";"25,3";"90,0";"93,0";"90,0";"24,3";"24,5";"24,0";"1008,4";"1008,5";"1007,4";"0,4";"254,0";"3,6";"438,20";""
"02/02/2024";"1300";"26,8";"26,9";"26,0";"86,0";"90,0";"86,0";"24,3";"24,6";"24,1";"1008,7";"1008,7";"1008,4";"0,6";"248,0";"2,4";"565,40";""
"02/02/2024";"1400";"27,4";"27,5";"26,5";"83,0";"87,0";"82,0";"24,2";"24,6";"23,9";"1009,3";"1009,3";"1008,7";"0,3";"240,0";"2,6";"688,90";""
"02/02/2024";"1500";"28,1";"28,8";"27,1";"80,0";"84,0";"78,0";"24,4";"25,0";"23,8";"1008,9";"1009,3";"1008,9";"1,1";"215,0";"3,0";"1131,00";""
"02/02/2024";"1600";"29,8";"30,5";"27,8";"74,0";"81,0";"70,0";"24,6";"25,5";"23,6";"1008,0";"1008,9";"1008,0";"1,0";"216,0";"3,5";"2431,50";""
"02/02/2024";"1700";"30,7";"30,9";"29,4";"70,0";"75,0";"69,0";"24,6";"25,4";"23,7";"1006,7";"1008,0";"1006,7";"1,2";"228,0";"3,4";"2735,30";""
"02/02/2024";"1800";"29,7";"31,4";"29,7";"69,0";"72,0";"62,0";"23,5";"24,9";"22,8";"1005,5";"1006,7";"1005,5";"1,6";"235,0";"3,0";"2960,30";""
"02/02/2024";"1900";"28,0";"31,7";"28,0";"79,0";"79,0";"65,0";"24,0";"25,6";"23,1";"1005,0";"1005,5";"1004,9";"1,8";"236,0";"5,4";"2009,20";""
"02/02/2024";"2000";"27,4";"28,0";"26,9";"85,0";"85,0";"79,0";"24,5";"24,6";"23,8";"1004,6";"1005,1";"1004,6";"0,6";"243,0";"6,9";"1015,50";""
"02/02/2024";"2100";"28,0";"28,0";"27,2";"82,0";"85,0";"80,0";"24,5";"24,9";"23,9";"1004,8";"1004,8";"1004,4";"0,8";"262,0";"3,9";"863,30";""
"02/02/2024";"2200";"26,9";"28,0";"26,9";"83,0";"83,0";"78,0";"23,7";"24,2";"23,4";"1005,5";"1005,6";"1004,8";"0,6";"275,0";"3,3";"309,70";""
"02/02/2024";"2300";"";"";"";"";"";"";"";"";"";"";"";"";"";"";"";"";""
"03/02/2024";"0000";"24,8";"26,4";"24,8";"91,0";"91,0";"88,0";"23,3";"24,5";"23,2";"1006,9";"1006,9";"1005,7";"1,5";"267,0";"6,2";"0,20";""
"03/02/2024";"0100";"24,2";"24,8";"24,2";"93,0";"93,0";"91,0";"23,0";"23,2";"22,9";"1007,3";"1007,3";"1006,9";"1,4";"284,0";"4,5";"";""
"03/02/2024";"0200";"24,2";"24,3";"24,1";"92,0";"93,0";"92,0";"22,9";"23,0";"22,9";"1007,1";"1007,4";"1007,0";"0,2";"273,0";"3,1";"";""
"03/02/2024";"0300";"24,4";"24,5";"24,2";"93,0";"93,0";"92,0";"23,2";"23,2";"22,9";"1006,6";"1007,1";"1006,5";"1,1";"290,0";"2,0";"";""
"03/02/2024";"0400";"24,4";"24,5";"24,3";"93,0";"93,0";"93,0";"23,3";"23,3";"23,1";"1006,0";"1006,6";"1005,9";"0,0";"290,0";"2,3";"";""
"03/02/2024";"0500";"24,4";"24,5";"24,4";"94,0";"94,0";"93,0";"23,3";"23,3";"23,2";"1005,4";"1006,0";"1005,4";"0,1";"257,0";"1,1";"";""
"03/02/2024";"0600";"24,5";"24,6";"24,4";"93,0";"94,0";"93,0";"23,3";"23,5";"23,3";"1004,8";"1005,4";"1004,8";"0,0";"289,0";"1,4";"";""
"03/02/2024";"0700";"24,4";"24,6";"24,4";"93,0";"93,0";"93,0";"23,2";"23,4";"23,2";"1004,3";"1004,8";"1004,3";"0,1";"285,0";"1,5";"";""
"03/02/2024";"0800";"24,3";"24,4";"24,3";"93,0";"93,0";"93,0";"23,2";"23,2";"23,2";"1004,4";"1004,4";"1004,3";"0,0";"297,0";"2,9";"";""
"03/02/2024";"0900";"24,3";"24,3";"24,3";"94,0";"94,0";"93,0";"23,2";"23,2";"23,2";"1005,0";"1005,0";"1004,4";"0,0";"292,0";"0,0";"";""
"03/02/2024";"1000";"24,3";"24,3";"24,3";"94,0";"94,0";"94,0";"23,2";"23,3";"23,2";"1005,4";"1005,4";"1005,0";"0,5";"274,0";"2,4";"0,70";""
"03/02/2024";"1100";"24,8";"24,8";"24,3";"93,0";"94,0";"93,0";"23,5";"23,5";"23,1";"1006,2";"1006,2";"1005,4";"1,3";"275,0";"4,4";"126,20";""
"03/02/2024";"1200";"26,1";"26,2";"24,8";"88,0";"93,0";"88,0";"24,0";"24,4";"23,5";"1007,0";"1007,0";"1006,2";"1,4";"265,0";"3,4";"577,90";""
"03/02/2024";"1300";"27,9";"27,9";"26,0";"79,0";"88,0";"78,0";"23,9";"24,6";"23,5";"1007,6";"1007,6";"1007,0";"1,5";"260,0";"5,5";"1478,40";""
"03/02/2024";"1400";"28,9";"29,8";"27,9";"73,0";"79,0";"70,0";"23,6";"24,6";"23,2";"1007,7";"1007,8";"1007,5";"1,5";"267,0";"4,1";"1944,90";""
"03/02/2024";"1500";"29,4";"29,6";"28,7";"74,0";"75,0";"69,0";"24,1";"24,6";"23,2";"1007,4";"1007,7";"1007,4";"2,0";"273,0";"4,5";"1631,10";""
"03/02/2024";"1600";"30,8";"31,1";"29,0";"67,0";"74,0";"66,0";"23,9";"24,7";"23,4";"1006,7";"1007,4";"1006,7";"1,9";"269,0";"5,1";"2138,10";""
"03/02/2024";"1700";"31,1";"31,9";"29,8";"65,0";"72,0";"63,0";"23,8";"25,2";"22,8";"1005,7";"1006,7";"1005,7";"1,1";"242,0";"5,4";"2831,20";""
"03/02/2024";"1800";"31,6";"32,1";"30,9";"62,0";"67,0";"59,0";"23,4";"24,5";"22,5";"1004,5";"1005,7";"1004,5";"3,2";"277,0";"6,3";"2869,40";""
"03/02/2024";"1900";"32,0";"32,4";"31,4";"59,0";"63,0";"59,0";"22,9";"23,9";"22,8";"1003,3";"1004,5";"1003,3";"2,0";"267,0";"7,1";"2499,50";""
"03/02/2024";"2000";"32,0";"32,3";"31,5";"61,0";"62,0";"59,0";"23,7";"23,8";"22,7";"1002,6";"1003,3";"1002,6";"2,0";"261,0";"5,8";"1924,40";""
"03/02/2024";"2100";"31,5";"32,2";"31,5";"61,0";"62,0";"58,0";"23,0";"23,5";"22,7";"1002,7";"1002,7";"1002,4";"2,2";"277,0";"5,7";"1181,30";""
"03/02/2024";"2200";"29,5";"31,6";"29,5";"70,0";"70,0";"60,0";"23,5";"23,5";"22,8";"1003,0";"1003,0";"1002,6";"1,2";"295,0";"4,5";"167,00";""
"03/02/2024";"2300";"";"";"";"";"";"";"";"";"";"";"";"";"";"";"";"";""
"04/02/2024";"0000";"";"";"";"";"";"";"";"";"";"";"";"";"";"";"";"";""
"04/02/2024";"0100";"27,9";"28,0";"27,5";"76,0";"80,0";"76,0";"23,4";"23,9";"23,4";"1004,3";"1004,3";"1003,6";"1,0";"282,0";"2,5";"";""
"04/02/2024";"0200";"27,8";"28,0";"27,7";"77,0";"77,0";"75,0";"23,3";"23,4";"23,2";"1005,0";"1005,0";"1004,3";"0,9";"279,0";"2,9";"";""
"04/02/2024";"0300";"27,2";"27,8";"27,1";"80,0";"80,0";"77,0";"23,4";"23,5";"23,2";"1005,3";"1005,5";"1005,0";"0,9";"290,0";"2,5";"";""
"04/02/2024";"0400";"26,2";"27,2";"26,2";"86,0";"86,0";"80,0";"23,7";"23,7";"23,3";"1004,9";"1005,3";"1004,9";"1,2";"298,0";"2,1";"";""
"04/02/2024";"0500";"26,0";"26,4";"25,9";"88,0";"88,0";"86,0";"24,0";"24,0";"23,7";"1004,4";"1004,9";"1004,4";"0,0";"284,0";"2,1";"";""
"04/02/2024";"0600";"25,6";"26,0";"25,6";"89,0";"89,0";"88,0";"23,7";"23,9";"23,7";"1004,0";"1004,4";"1003,9";"0,0";"292,0";"0,0";"";""
"04/02/2024";"0700";"25,9";"26,2";"25,6";"88,0";"89,0";"87,0";"23,8";"23,9";"23,8";"1003,4";"1004,0";"1003,4";"1,3";"295,0";"2,8";"";""
"04/02/2024";"0800";"25,7";"25,9";"25,7";"90,0";"90,0";"88,0";"23,9";"24,0";"23,8";"1003,6";"1003,6";"1003,3";"0,7";"300,0";"2,3";"";""
"04/02/2024";"0900";"25,7";"25,7";"25,4";"91,0";"91,0";"90,0";"24,1";"24,2";"23,7";"1003,9";"1004,0";"1003,6";"0,4";"278,0";"1,5";"";""
"04/02/2024";"1000";"26,0";"26,0";"25,7";"88,0";"91,0";"88,0";"23,8";"24,2";"23,8";"1004,6";"1004,6";"1003,8";"0,6";"276,0";"1,9";"0,70";""
"04/02/2024";"1100";"26,6";"26,6";"25,9";"84,0";"88,0";"84,0";"23,8";"23,9";"23,7";"1005,4";"1005,5";"1004,6";"0,0";"275,0";"1,9";"111,00";""
"04/02/2024";"1200";"28,9";"29,2";"26,6";"75,0";"84,0";"74,0";"24,0";"24,7";"23,7";"1005,8";"1005,8";"1005,4";"0,8";"269,0";"4,4";"865,70";""
"04/02/2024";"1300";"30,6";"30,8";"28,9";"70,0";"75,0";"68,0";"24,5";"24,9";"23,5";"1006,3";"1006,3";"1005,8";"1,2";"255,0";"4,8";"1620,70";""
"04/02/2024";"1400";"31,4";"31,8";"30,2";"67,0";"70,0";"63,0";"24,5";"24,8";"23,5";"1006,2";"1006,5";"1006,2";"1,9";"269,0";"5,7";"2357,40";""
"04/02/2024";"1500";"31,8";"32,8";"31,2";"64,0";"67,0";"59,0";"24,2";"24,7";"23,2";"1006,0";"1006,2";"1005,8";"1,6";"270,0";"5,6";"2593,90";""
"04/02/2024";"1600";"33,1";"33,4";"31,3";"59,0";"67,0";"59,0";"24,2";"25,4";"23,4";"1005,4";"1006,0";"1005,4";"1,6";"253,0";"4,6";"2346,90";""
"04/02/2024";"1700";"33,9";"34,1";"32,6";"56,0";"63,0";"56,0";"23,8";"25,3";"23,5";"1004,3";"1005,4";"1004,3";"1,9";"270,0";"6,1";"2918,50";""
"04/02/2024";"1800";"34,0";"34,7";"33,1";"54,0";"61,0";"52,0";"23,3";"25,4";"22,8";"1003,3";"1004,3";"1003,3";"2,0";"265,0";"6,1";"2722,40";""
"04/02/2024";"1900";"33,6";"34,9";"33,5";"55,0";"57,0";"50,0";"23,2";"24,1";"22,2";"1002,1";"1003,3";"1002,1";"1,6";"256,0";"5,1";"2588,80";""
"04/02/2024";"2000";"33,4";"34,5";"33,4";"56,0";"56,0";"52,0";"23,2";"24,1";"22,7";"1001,5";"1002,2";"1001,4";"2,3";"282,0";"5,6";"1897,90";""
"04/02/2024";"2100";"32,8";"33,8";"32,8";"58,0";"58,0";"53,0";"23,3";"24,0";"22,5";"1001,3";"1001,5";"1001,3";"1,1";"256,0";"5,6";"1053,80";""
"04/02/2024";"2200";"31,0";"32,8";"31,0";"67,0";"67,0";"58,0";"24,1";"24,1";"23,2";"1002,1";"1002,1";"1001,3";"0,4";"288,0";"3,5";"182,40";""
"04/02/2024";"2300";"29,6";"31,0";"29,6";"74,0";"75,0";"67,0";"24,4";"24,6";"23,8";"1003,2";"1003,2";"1002,1";"1,1";"294,0";"1,9";"6,30";""
"05/02/2024";"0000";"28,3";"29,7";"28,3";"74,0";"77,0";"73,0";"23,3";"24,9";"23,2";"1004,0";"1004,0";"1003,2";"0,8";"240,0";"3,3";"";""
"05/02/2024";"0100";"27,8";"28,4";"27,7";"80,0";"80,0";"74,0";"23,9";"24,0";"23,1";"1004,8";"1004,8";"1004,0";"0,0";"233,0";"2,8";"";""
"05/02/2024";"0200";"28,0";"28,0";"27,6";"75,0";"81,0";"75,0";"23,2";"24,2";"23,2";"1005,4";"1005,5";"1004,8";"0,4";"243,0";"3,3";"";""
"05/02/2024";"0300";"28,0";"28,3";"27,9";"75,0";"76,0";"74,0";"23,2";"23,6";"23,0";"1006,1";"1006,1";"1005,4";"0,8";"227,0";"3,8";"";""
"05/02/2024";"0400";"27,0";"28,0";"27,0";"78,0";"78,0";"74,0";"22,7";"23,2";"22,6";"1005,9";"1006,2";"1005,9";"0,6";"207,0";"3,6";"";""
"05/02/2024";"0500";"26,6";"27,0";"26,5";"82,0";"82,0";"78,0";"23,3";"23,4";"22,7";"1005,4";"1005,9";"1005,3";"0,8";"233,0";"2,9";"";""
"05/02/2024";"0600";"26,1";"26,6";"26,1";"82,0";"83,0";"82,0";"22,8";"23,4";"22,8";"1004,8";"1005,4";"1004,7";"0,3";"303,0";"3,3";"";""
"05/02/2024";"0700";"25,7";"26,2";"25,7";"84,0";"84,0";"81,0";"22,7";"23,0";"22,6";"1004,7";"1004,9";"1004,7";"0,9";"198,0";"2,3";"";""
"05/02/2024";"0800";"25,7";"25,8";"25,6";"82,0";"84,0";"82,0";"22,4";"22,8";"22,3";"1004,3";"1004,7";"1004,3";"0,5";"232,0";"3,9";"";""
"05/02/2024";"0900";"25,4";"25,7";"25,3";"84,0";"84,0";"82,0";"22,5";"22,5";"22,3";"1004,4";"1004,4";"1004,2";"0,9";"233,0";"3,9";"";""
"05/02/2024";"1000";"25,4";"25,5";"25,3";"86,0";"86,0";"84,0";"22,9";"22,9";"22,4";"1005,0";"1005,0";"1004,3";"0,4";"229,0";"2,7";"1,50";""
"05/02/2024";"1100";"25,8";"25,8";"25,3";"85,0";"86,0";"84,0";"23,0";"23,0";"22,7";"1005,4";"1005,4";"1005,0";"0,6";"233,0";"3,8";"141,00";""
"05/02/2024";"1200";"26,6";"26,6";"25,8";"83,0";"85,0";"83,0";"23,4";"23,6";"23,0";"1006,6";"1006,6";"1005,4";"0,1";"272,0";"2,1";"457,00";""
"05/02/2024";"1300";"27,6";"28,2";"26,6";"80,0";"83,0";"77,0";"23,8";"24,5";"23,2";"1006,8";"1006,9";"1006,6";"0,2";"257,0";"2,5";"963,00";""
"05/02/2024";"1400";"29,2";"29,4";"27,4";"73,0";"81,0";"73,0";"23,9";"24,5";"23,5";"1006,6";"1006,8";"1006,6";"1,1";"228,0";"3,7";"1674,70";""
"05/02/2024";"1500";"29,8";"30,1";"29,0";"74,0";"76,0";"72,0";"24,7";"25,1";"23,8";"1006,4";"1006,7";"1006,4";"0,5";"245,0";"3,7";"1637,70";""
"05/02/2024";"1600";"29,1";"29,8";"28,8";"75,0";"78,0";"73,0";"24,2";"25,0";"23,9";"1005,8";"1006,4";"1005,8";"0,9";"223,0";"4,1";"1167,50";""
"05/02/2024";"1700";"30,2";"30,2";"29,1";"72,0";"77,0";"71,0";"24,5";"25,1";"24,0";"1005,1";"1005,8";"1005,1";"1,1";"292,0";"3,7";"1104,40";""
"05/02/2024";"1800";"30,5";"30,7";"30,0";"69,0";"73,0";"68,0";"24,2";"24,9";"23,9";"1004,1";"1005,1";"1004,1";"1,2";"262,0";"3,5";"1184,70";""
"05/02/2024";"1900";"30,9";"30,9";"30,4";"69,0";"71,0";"68,0";"24,6";"24,7";"23,9";"1003,0";"1004,1";"1003,0";"1,2";"306,0";"3,7";"1049,60";""
"05/02/2024";"2000";"31,1";"31,2";"30,6";"70,0";"71,0";"67,0";"24,9";"25,2";"24,2";"1002,0";"1003,0";"1002,0";"0,6";"300,0";"2,6";"839,40";""
"05/02/2024";"2100";"29,9";"31,1";"29,9";"77,0";"77,0";"69,0";"25,5";"25,5";"24,5";"1001,3";"1002,0";"1001,3";"0,8";"333,0";"2,1";"448,80";""
"05/02/2024";"2200";"29,5";"30,0";"29,5";"79,0";"79,0";"76,0";"25,4";"25,7";"25,1";"1001,6";"1001,6";"1001,1";"0,1";"311,0";"2,2";"190,90";""
"05/02/2024";"2300";"";"";"";"";"";"";"";"";"";"";"";"";"";"";"";"";""
"06/02/2024";"0000";"28,1";"28,4";"28,0";"84,0";"85,0";"84,0";"25,2";"25,5";"25,1";"1003,2";"1003,2";"1002,0";"0,2";"293,0";"1,7";"";""
"06/02/2024";"0100";"";"";"";"";"";"";"";"";"";"";"";"";"";"";"";"";""
"06/02/2024";"0200";"27,2";"27,9";"27,2";"88,0";"88,0";"87,0";"25,1";"25,6";"25,1";"1005,4";"1005,4";"1004,5";"0,0";"223,0";"1,3";"";""
"06/02/2024";"0300";"27,9";"27,9";"27,2";"88,0";"90,0";"88,0";"25,7";"25,9";"25,1";"1005,8";"1005,9";"1005,4";"0,0";"274,0";"0,0";"";""
"06/02/2024";"0400";"27,3";"28,0";"27,2";"88,0";"89,0";"87,0";"25,1";"25,7";"25,0";"1005,4";"1005,8";"1005,4";"0,0";"332,0";"0,7";"";""
"06/02/2024";"0500";"26,5";"27,5";"26,5";"90,0";"90,0";"86,0";"24,7";"25,1";"24,6";"1004,9";"1005,4";"1004,9";"0,0";"257,0";"0,0";"";""
"06/02/2024";"0600";"27,5";"27,5";"26,5";"91,0";"91,0";"89,0";"25,9";"25,9";"24,6";"1004,3";"1004,9";"1004,2";"1,0";"231,0";"3,1";"";""
"06/02/2024";"0700";"27,0";"27,5";"26,9";"90,0";"91,0";"90,0";"25,2";"25,9";"25,1";"1004,4";"1004,4";"1004,2";"0,0";"260,0";"3,1";"";""
"06/02/2024";"0800";"26,8";"27,2";"26,8";"86,0";"91,0";"86,0";"24,3";"25,6";"24,3";"1004,8";"1004,8";"1004,4";"0,5";"271,0";"3,1";"";""
"06/02/2024";"0900";"26,0";"26,8";"26,0";"87,0";"87,0";"85,0";"23,7";"24,4";"23,6";"1005,2";"1005,2";"1004,5";"0,6";"262,0";"3,1";"";""
"06/02/2024";"1000";"25,5";"26,0";"25,5";"88,0";"88,0";"86,0";"23,4";"23,7";"23,2";"1005,7";"1005,7";"1005,2";"0,3";"220,0";"3,4";"0,10";""
"06/02/2024";"1100";"25,0";"25,6";"25,0";"89,0";"89,0";"87,0";"23,1";"23,5";"23,0";"1006,6";"1007,2";"1005,7";"2,5";"299,0";"7,8";"79,40";""
"06/02/2024";"1200";"25,9";"25,9";"25,0";"87,0";"89,0";"86,0";"23,6";"23,6";"23,0";"1007,4";"1007,4";"1006,6";"0,9";"300,0";"4,2";"389,40";""
"06/02/2024";"1300";"28,2";"28,5";"25,8";"79,0";"87,0";"79,0";"24,2";"25,1";"23,3";"1007,7";"1007,7";"1007,4";"0,6";"247,0";"3,0";"1053,00";""
"06/02/2024";"1400";"30,0";"30,2";"28,2";"69,0";"80,0";"67,0";"23,8";"24,9";"23,1";"1007,7";"1007,8";"1007,6";"1,5";"248,0";"5,8";"1623,20";""
"06/02/2024";"1500";"30,6";"30,7";"29,9";"70,0";"71,0";"67,0";"24,4";"24,6";"23,6";"1007,6";"1007,8";"1007,6";"1,2";"256,0";"6,6";"1676,70";""
"06/02/2024";"1600";"31,4";"32,6";"30,5";"65,0";"70,0";"61,0";"24,0";"24,9";"23,4";"1007,2";"1007,6";"1007,2";"2,3";"268,0";"6,8";"2284,10";""
"06/02/2024";"1700";"32,6";"33,1";"31,3";"61,0";"67,0";"59,0";"24,2";"25,0";"23,5";"1006,2";"1007,2";"1006,2";"2,5";"260,0";"6,8";"3052,60";""
"06/02/2024";"1800";"33,7";"33,7";"32,2";"64,0";"65,0";"59,0";"26,0";"26,0";"23,5";"1004,8";"1006,2";"1004,8";"1,4";"258,0";"6,1";"2712,30";""
"06/02/2024";"1900";"32,0";"33,9";"31,9";"65,0";"65,0";"58,0";"24,6";"25,4";"23,7";"1003,7";"1004,8";"1003,7";"2,1";"269,0";"4,7";"2084,40";""
"06/02/2024";"2000";"32,7";"33,3";"31,9";"57,0";"67,0";"55,0";"23,2";"25,3";"22,8";"1002,8";"1003,7";"1002,5";"2,1";"271,0";"5,2";"1616,70";""
"06/02/2024";"2100";"28,8";"33,3";"28,8";"73,0";"73,0";"57,0";"23,5";"24,4";"23,1";"1002,7";"1002,9";"1002,4";"3,4";"284,0";"11,7";"1130,10";""
"06/02/2024";"2200";"28,2";"29,3";"28,0";"73,0";"77,0";"71,0";"22,8";"24,0";"22,7";"1003,3";"1003,4";"1002,7";"1,4";"292,0";"7,0";"243,30";""
"06/02/2024";"2300";"27,2";"28,2";"27,0";"80,0";"81,0";"72,0";"23,4";"23,6";"22,6";"1004,2";"1004,2";"1003,3";"0,5";"309,0";"3,0";"2,60";""
"07/02/2024";"0000";"26,9";"27,3";"26,8";"83,0";"84,0";"80,0";"23,8";"23,9";"23,4";"1005,3";"1005,3";"1004,2";"1,3";"288,0";"2,3";"";""
"07/02/2024";"0100";"27,0";"27,1";"26,9";"84,0";"84,0";"83,0";"24,0";"24,0";"23,8";"1006,2";"1006,2";"1005,3";"0,9";"298,0";"2,3";"";""
"07/02/2024";"0200";"26,5";"27,1";"26,5";"87,0";"87,0";"82,0";"24,2";"24,3";"23,8";"1006,5";"1006,5";"1006,2";"1,1";"303,0";"1,8";"";""
"07/02/2024";"0300";"26,4";"26,5";"26,3";"87,0";"88,0";"87,0";"24,1";"24,3";"24,1";"1006,4";"1006,6";"1006,4";"0,0";"287,0";"1,8";"";""
"07/02/2024";"0400";"26,2";"26,5";"26,1";"88,0";"88,0";"86,0";"24,0";"24,1";"23,9";"1006,4";"1006,6";"1006,3";"0,0";"265,0";"1,2";"";""
"07/02/2024";"0500";"25,7";"26,2";"25,7";"90,0";"90,0";"88,0";"23,9";"24,0";"23,9";"1005,6";"1006,4";"1005,5";"0,2";"319,0";"1,1";"";""
"07/02/2024";"0600";"25,4";"25,7";"25,4";"90,0";"91,0";"90,0";"23,7";"23,9";"23,6";"1005,1";"1005,6";"1005,1";"0,3";"311,0";"1,4";"";""
"07/02/2024";"0700";"25,2";"25,4";"25,1";"91,0";"91,0";"90,0";"23,6";"23,7";"23,5";"1005,0";"1005,2";"1005,0";"0,1";"320,0";"1,4";"";""
"07/02/2024";"0800";"25,2";"25,3";"25,2";"92,0";"92,0";"91,0";"23,7";"23,8";"23,6";"1005,2";"1005,2";"1004,9";"0,8";"308,0";"2,1";"";""
"07/02/2024";"0900";"25,0";"25,2";"24,9";"92,0";"92,0";"91,0";"23,7";"23,7";"23,4";"1005,3";"1005,4";"1005,2";"1,4";"297,0";"2,3";"";""
"07/02/2024";"1000";"25,3";"25,3";"25,0";"92,0";"92,0";"92,0";"23,9";"23,9";"23,6";"1006,1";"1006,2";"1005,3";"1,1";"302,0";"2,7";"0,50";""
"07/02/2024";"1100";"25,9";"25,9";"25,2";"92,0";"93,0";"92,0";"24,6";"24,6";"23,9";"1006,5";"1006,6";"1006,1";"1,1";"299,0";"2,1";"132,70";""
"07/02/2024";"1200";"28,5";"28,5";"25,9";"80,0";"92,0";"80,0";"24,8";"25,7";"24,5";"1007,5";"1007,5";"1006,5";"1,0";"244,0";"2,7";"809,20";""
"07/02/2024";"1300";"29,4";"29,4";"28,5";"75,0";"81,0";"75,0";"24,4";"25,1";"24,2";"1008,2";"1008,2";"1007,4";"1,6";"263,0";"4,1";"1211,90";""
"07/02/2024";"1400";"31,8";"31,8";"29,3";"68,0";"76,0";"68,0";"25,1";"25,6";"24,2";"1008,6";"1008,6";"1008,1";"1,4";"264,0";"4,7";"2038,30";""
"07/02/2024";"1500";"28,0";"31,8";"27,9";"83,0";"83,0";"66,0";"24,8";"25,1";"23,8";"1008,4";"1008,6";"1008,4";"1,5";"256,0";"4,7";"959,40";""
"07/02/2024";"1600";"30,4";"30,5";"28,0";"72,0";"84,0";"72,0";"24,7";"26,2";"24,6";"1007,7";"1008,4";"1007,6";"1,6";"241,0";"4,7";"1527,70";""
"07/02/2024";"1700";"27,5";"31,4";"27,3";"81,0";"84,0";"67,0";"24,0";"26,2";"23,4";"1007,4";"1007,7";"1007,2";"1,7";"237,0";"7,7";"1532,70";""
"07/02/2024";"1800";"28,7";"29,0";"25,6";"80,0";"90,0";"80,0";"25,0";"26,4";"23,2";"1005,7";"1007,4";"1005,7";"0,8";"224,0";"5,9";"1551,80";""
"07/02/2024";"1900";"31,0";"31,2";"28,7";"73,0";"82,0";"71,0";"25,7";"26,1";"24,2";"1004,2";"1005,6";"1004,2";"0,5";"247,0";"4,1";"2185,70";""
"07/02/2024";"2000";"30,8";"31,0";"29,2";"71,0";"78,0";"71,0";"25,0";"25,7";"24,5";"1003,3";"1004,2";"1003,3";"1,0";"235,0";"3,9";"1587,80";""
"07/02/2024";"2100";"29,4";"31,1";"29,3";"79,0";"79,0";"69,0";"25,4";"25,7";"24,2";"1002,7";"1003,3";"1002,7";"0,8";"209,0";"3,2";"785,30";""
"07/02/2024";"2200";"29,2";"29,4";"29,0";"81,0";"82,0";"79,0";"25,5";"25,8";"25,3";"1004,1";"1004,1";"1002,7";"0,1";"226,0";"2,3";"201,40";""
"07/02/2024";"2300";"";"";"";"";"";"";"";"";"";"";"";"";"";"";"";"";""
"08/02/2024";"0000";"27,4";"28,6";"27,4";"82,0";"84,0";"81,0";"24,2";"25,4";"24,2";"1005,9";"1006,0";"1005,0";"0,4";"339,0";"2,4";"";""
"08/02/2024";"0100";"27,0";"27,5";"27,0";"87,0";"87,0";"82,0";"24,7";"24,8";"24,0";"1006,7";"1006,7";"1005,9";"0,0";"307,0";"1,5";"";""
"08/02/2024";"0200";"";"";"";"";"";"";"";"";"";"";"";"";"";"";"";"";""
"08/02/2024";"0300";"26,4";"26,6";"26,3";"91,0";"91,0";"90,0";"24,8";"24,8";"24,6";"1007,4";"1007,5";"1007,3";"0,0";"289,0";"1,2";"";""
"08/02/2024";"0400";"26,0";"26,5";"26,0";"92,0";"92,0";"91,0";"24,6";"24,8";"24,5";"1006,7";"1007,4";"1006,7";"0,2";"327,0";"1,2";"";""
"08/02/2024";"0500";"25,7";"26,1";"25,6";"92,0";"92,0";"92,0";"24,4";"24,6";"24,3";"1006,0";"1006,8";"1006,0";"0,5";"335,0";"1,1";"";""
"08/02/2024";"0600";"25,4";"25,8";"25,4";"91,0";"92,0";"91,0";"23,9";"24,4";"23,9";"1005,6";"1006,0";"1005,6";"0,4";"320,0";"1,8";"";""
"08/02/2024";"0700";"25,5";"25,6";"25,4";"92,0";"92,0";"91,0";"24,0";"24,1";"23,9";"1005,2";"1005,6";"1005,1";"0,3";"305,0";"1,2";"";""
"08/02/2024";"0800";"25,2";"25,4";"25,2";"92,0";"92,0";"92,0";"23,8";"24,0";"23,8";"1004,9";"1005,2";"1004,8";"0,8";"301,0";"1,4";"";""
"08/02/2024";"0900";"25,1";"25,2";"25,1";"92,0";"92,0";"92,0";"23,8";"23,9";"23,7";"1005,0";"1005,1";"1004,9";"0,5";"315,0";"1,4";"";""
"08/02/2024";"1000";"25,1";"25,2";"25,1";"93,0";"93,0";"92,0";"23,9";"23,9";"23,8";"1005,4";"1005,4";"1005,0";"0,2";"308,0";"1,2";"0,90";""
"08/02/2024";"1100";"26,1";"26,1";"25,1";"91,0";"93,0";"91,0";"24,4";"24,7";"23,8";"1006,3";"1006,3";"1005,4";"0,5";"338,0";"1,3";"179,60";""
"08/02/2024";"1200";"27,6";"27,6";"26,1";"88,0";"91,0";"87,0";"25,4";"25,5";"24,5";"1007,3";"1007,3";"1006,3";"0,4";"320,0";"1,9";"595,80";""
"08/02/2024";"1300";"29,2";"29,2";"27,6";"81,0";"88,0";"79,0";"25,6";"26,1";"25,1";"1007,9";"1007,9";"1007,3";"1,3";"300,0";"4,0";"1386,40";""
"08/02/2024";"1400";"30,0";"30,4";"29,1";"75,0";"81,0";"74,0";"25,0";"26,1";"24,8";"1008,0";"1008,1";"1007,8";"0,9";"253,0";"4,1";"1637,30";""
"08/02/2024";"1500";"31,2";"31,6";"28,8";"70,0";"84,0";"70,0";"25,1";"26,6";"24,8";"1007,5";"1008,0";"1007,5";"1,5";"240,0";"5,1";"2098,40";""
"08/02/2024";"1600";"32,7";"32,7";"30,3";"66,0";"74,0";"65,0";"25,5";"26,0";"24,5";"1006,6";"1007,5";"1006,6";"1,6";"268,0";"5,0";"2184,60";""
"08/02/2024";"1700";"32,9";"33,2";"32,3";"60,0";"66,0";"58,0";"24,0";"25,3";"23,7";"1005,3";"1006,6";"1005,3";"2,2";"257,0";"5,9";"2997,60";""
"08/02/2024";"1800";"33,7";"34,0";"32,6";"57,0";"63,0";"57,0";"24,1";"25,6";"23,6";"1003,5";"1005,3";"1003,5";"1,7";"266,0";"7,1";"2998,90";""
"08/02/2024";"1900";"33,3";"34,0";"33,0";"59,0";"61,0";"55,0";"24,1";"25,0";"23,4";"1002,2";"1003,5";"1002,2";"2,2";"262,0";"6,4";"2564,00";""
"08/02/2024";"2000";"32,7";"33,8";"32,6";"58,0";"60,0";"52,0";"23,3";"24,5";"22,3";"1001,9";"1002,3";"1001,8";"2,1";"268,0";"6,0";"1748,20";""
"08/02/2024";"2100";"32,1";"33,2";"32,1";"61,0";"61,0";"56,0";"23,7";"24,1";"23,1";"1001,8";"1001,9";"1001,4";"1,8";"269,0";"5,0";"1016,90";""
"08/02/2024";"2200";"30,5";"32,1";"30,5";"67,0";"67,0";"61,0";"23,8";"24,4";"23,5";"1002,4";"1002,4";"1001,8";"1,3";"298,0";"4,3";"154,80";""
"08/02/2024";"2300";"29,4";"30,5";"29,3";"74,0";"74,0";"67,0";"24,2";"24,3";"23,5";"1003,6";"1003,6";"1002,4";"0,0";"307,0";"2,2";"4,50";""
"09/02/2024";"0000";"28,5";"29,4";"28,4";"78,0";"78,0";"73,0";"24,2";"24,4";"24,0";"1004,7";"1004,7";"1003,5";"0,9";"296,0";"1,4";"";""
"09/02/2024";"0100";"28,6";"28,9";"28,4";"82,0";"82,0";"77,0";"25,2";"25,3";"24,1";"1005,7";"1005,7";"1004,7";"0,0";"236,0";"1,9";"";""
"09/02/2024";"0200";"";"";"";"";"";"";"";"";"";"";"";"";"";"";"";"";""
"09/02/2024";"0300";"27,8";"28,1";"27,7";"86,0";"87,0";"85,0";"25,2";"25,5";"25,2";"1006,4";"1006,4";"1006,2";"0,2";"194,0";"1,4";"";""
"09/02/2024";"0400";"";"";"";"";"";"";"";"";"";"";"";"";"";"";"";"";""
"09/02/2024";"0500";"27,8";"27,9";"27,6";"86,0";"87,0";"86,0";"25,2";"25,4";"25,2";"1005,8";"1006,3";"1005,8";"0,2";"228,0";"1,3";"";""
"09/02/2024";"0600";"26,9";"27,9";"26,9";"89,0";"89,0";"86,0";"25,0";"25,5";"25,0";"1005,7";"1005,8";"1005,6";"0,0";"339,0";"1,5";"";""
"09/02/2024";"0700";"27,0";"27,0";"26,8";"88,0";"89,0";"88,0";"24,9";"25,0";"24,8";"1005,0";"1005,7";"1005,0";"0,0";"277,0";"0,0";"";""
"09/02/2024";"0800";"26,7";"27,1";"26,7";"89,0";"89,0";"88,0";"24,8";"24,9";"24,7";"1005,5";"1005,5";"1005,0";"0,0";"311,0";"0,0";"";""
"09/02/2024";"0900";"27,0";"27,0";"26,7";"89,0";"90,0";"89,0";"25,1";"25,2";"24,8";"1005,4";"1005,6";"1005,3";"0,1";"233,0";"2,4";"";""
"09/02/2024";"1000";"24,4";"27,0";"24,4";"90,0";"90,0";"86,0";"22,6";"25,1";"22,6";"1007,0";"1007,1";"1005,4";"3,0";"299,0";"8,6";"0,10";""
"09/02/2024";"1100";"25,1";"25,1";"24,2";"91,0";"92,0";"90,0";"23,6";"23,6";"22,6";"1007,0";"1007,0";"1006,8";"0,0";"246,0";"6,3";"123,30";""
"09/02/2024";"1200";"27,1";"27,1";"25,1";"87,0";"91,0";"87,0";"24,7";"24,8";"23,5";"1008,2";"1008,2";"1007,0";"0,1";"209,0";"1,4";"535,40";""
"09/02/2024";"1300";"28,2";"28,3";"27,1";"84,0";"88,0";"82,0";"25,2";"25,6";"24,4";"1009,2";"1009,2";"1008,2";"1,3";"223,0";"4,4";"918,60";""
"09/02/2024";"1400";"28,7";"28,7";"27,9";"79,0";"84,0";"79,0";"24,7";"25,3";"24,6";"1009,1";"1009,3";"1009,1";"1,6";"258,0";"4,7";"920,10";""
"09/02/2024";"1500";"30,2";"30,3";"28,5";"70,0";"79,0";"69,0";"24,1";"25,1";"23,8";"1008,7";"1009,2";"1008,6";"3,8";"286,0";"8,2";"2640,00";""
"09/02/2024";"1600";"30,6";"31,5";"30,1";"65,0";"70,0";"62,0";"23,2";"24,5";"22,7";"1008,0";"1008,7";"1008,0";"3,2";"273,0";"7,1";"3250,50";""
"09/02/2024";"1700";"31,2";"31,3";"30,5";"64,0";"67,0";"63,0";"23,7";"24,2";"23,2";"1006,7";"1008,1";"1006,7";"2,2";"292,0";"6,8";"2213,00";""
"09/02/2024";"1800";"32,0";"32,2";"31,2";"63,0";"66,0";"61,0";"24,1";"24,3";"23,1";"1005,7";"1006,7";"1005,7";"2,8";"297,0";"6,0";"2440,60";""
"09/02/2024";"1900";"32,1";"32,2";"31,3";"64,0";"67,0";"61,0";"24,5";"24,7";"23,2";"1004,5";"1005,7";"1004,5";"2,2";"303,0";"5,5";"1992,60";""
"09/02/2024";"2000";"32,3";"32,7";"31,6";"62,0";"66,0";"62,0";"24,1";"25,2";"23,7";"1003,0";"1004,5";"1003,0";"1,8";"301,0";"5,2";"1965,00";""
"09/02/2024";"2100";"31,4";"32,4";"31,3";"68,0";"68,0";"62,0";"24,9";"25,0";"24,1";"1002,7";"1003,0";"1002,6";"0,8";"304,0";"4,5";"794,10";""
"09/02/2024";"2200";"30,3";"31,6";"30,3";"73,0";"74,0";"67,0";"24,9";"25,2";"24,4";"1003,3";"1003,3";"1002,7";"0,0";"318,0";"2,7";"210,80";""
"09/02/2024";"2300";"29,1";"30,3";"29,1";"81,0";"81,0";"73,0";"25,6";"25,7";"24,5";"1003,3";"1003,5";"1003,3";"0,0";"304,0";"1,1";"6,00";""
"10/02/2024";"0000";"28,3";"29,1";"28,3";"86,0";"86,0";"81,0";"25,7";"25,8";"25,6";"1004,0";"1004,0";"1003,3";"0,0";"299,0";"0,0";"";""
"10/02/2024";"0100";"";"";"";"";"";"";"";"";"";"";"";"";"";"";"";"";""
"10/02/2024";"0200";"27,8";"28,4";"27,8";"87,0";"87,0";"83,0";"25,4";"25,5";"25,1";"1005,9";"1006,0";"1005,3";"0,0";"314,0";"1,4";"";""
"10/02/2024";"0300";"27,5";"27,9";"27,5";"89,0";"89,0";"87,0";"25,5";"25,5";"25,4";"1005,8";"1005,9";"1005,7";"0,0";"297,0";"0,6";"";""
"10/02/2024";"0400";"27,5";"27,6";"27,3";"87,0";"89,0";"87,0";"25,2";"25,5";"25,1";"1005,7";"1005,9";"1005,7";"0,0";"223,0";"0,0";"";""
"10/02/2024";"0500";"27,8";"28,0";"27,4";"89,0";"90,0";"86,0";"25,9";"26,0";"25,1";"1005,4";"1005,8";"1005,4";"0,0";"261,0";"0,8";"";""
"10/02/2024";"0600";"27,8";"27,8";"27,4";"87,0";"89,0";"86,0";"25,3";"25,9";"24,9";"1005,3";"1005,5";"1005,3";"1,3";"233,0";"2,5";"";""
"10/02/2024";"0700";"27,4";"27,8";"27,4";"87,0";"87,0";"86,0";"25,1";"25,3";"25,0";"1005,1";"1005,3";"1005,1";"1,7";"239,0";"3,1";"";""
"10/02/2024";"0800";"27,0";"27,4";"27,0";"88,0";"88,0";"87,0";"24,8";"25,1";"24,8";"1005,1";"1005,2";"1005,1";"1,4";"225,0";"3,8";"";""
"10/02/2024";"0900";"26,7";"27,0";"26,7";"89,0";"89,0";"88,0";"24,8";"24,9";"24,8";"1005,1";"1005,1";"1004,9";"0,4";"233,0";"3,2";"";""
"10/02/2024";"1000";"26,7";"26,8";"26,6";"89,0";"90,0";"89,0";"24,6";"25,0";"24,6";"1005,8";"1005,8";"1005,1";"0,4";"247,0";"2,4";"0,20";""
"10/02/2024";"1100";"26,8";"26,9";"26,7";"88,0";"89,0";"87,0";"24,6";"24,7";"24,5";"1006,4";"1006,4";"1005,8";"0,7";"284,0";"2,0";"126,30";""
"10/02/2024";"1200";"28,4";"28,6";"26,8";"79,0";"88,0";"79,0";"24,5";"25,2";"24,2";"1007,7";"1007,7";"1006,4";"1,2";"286,0";"4,0";"904,40";""
"10/02/2024";"1300";"29,2";"29,8";"28,3";"75,0";"80,0";"74,0";"24,4";"25,3";"24,3";"1008,0";"1008,0";"1007,7";"1,1";"273,0";"4,0";"1242,90";""
"10/02/2024";"1400";"31,3";"31,4";"29,2";"69,0";"76,0";"68,0";"25,0";"25,2";"24,1";"1007,8";"1008,0";"1007,8";"1,6";"280,0";"4,9";"2297,70";""
"10/02/2024";"1500";"31,9";"32,2";"30,4";"65,0";"71,0";"65,0";"24,5";"25,3";"23,9";"1007,4";"1007,8";"1007,3";"2,0";"265,0";"6,7";"2707,70";""
"10/02/2024";"1600";"33,2";"33,2";"31,4";"64,0";"67,0";"59,0";"25,4";"25,4";"23,8";"1006,8";"1007,4";"1006,8";"2,3";"273,0";"6,2";"2912,00";""
"10/02/2024";"1700";"30,3";"33,4";"30,3";"68,0";"68,0";"59,0";"23,7";"25,6";"23,3";"1005,8";"1006,8";"1005,8";"1,5";"259,0";"5,9";"2244,00";""
"10/02/2024";"1800";"31,1";"32,7";"30,1";"72,0";"75,0";"68,0";"25,6";"26,4";"24,2";"1004,3";"1005,8";"1004,3";"1,1";"229,0";"4,6";"1991,90";""
"10/02/2024";"1900";"26,2";"31,4";"25,7";"87,0";"87,0";"65,0";"23,9";"26,2";"22,4";"1003,6";"1004,6";"1003,6";"2,8";"337,0";"7,6";"584,20";""
"10/02/2024";"2000";"27,8";"27,9";"26,2";"82,0";"89,0";"81,0";"24,4";"25,3";"23,9";"1002,3";"1003,6";"1002,3";"1,4";"311,0";"6,4";"1287,60";""
"10/02/2024";"2100";"29,8";"30,0";"27,8";"76,0";"82,0";"73,0";"25,1";"25,4";"24,4";"1002,3";"1002,4";"1002,0";"1,3";"303,0";"3,1";"1023,60";""
"10/02/2024";"2200";"29,2";"29,9";"29,2";"81,0";"81,0";"75,0";"25,7";"25,7";"24,7";"1003,0";"1003,0";"1002,3";"0,0";"215,0";"3,1";"224,10";""
"10/02/2024";"2300";"";"";"";"";"";"";"";"";"";"";"";"";"";"";"";"";""
"11/02/2024";"0000";"28,1";"28,3";"27,9";"87,0";"87,0";"84,0";"25,7";"25,7";"25,2";"1003,8";"1003,8";"1003,0";"0,0";"258,0";"1,4";"";""
"11/02/2024";"0100";"28,1";"28,4";"27,9";"86,0";"88,0";"84,0";"25,5";"25,8";"25,4";"1004,9";"1004,9";"1003,8";"0,1";"205,0";"1,7";"";""
"11/02/2024";"0200";"";"";"";"";"";"";"";"";"";"";"";"";"";"";"";"";""
"11/02/2024";"0300";"27,7";"27,9";"27,6";"85,0";"87,0";"85,0";"24,9";"25,5";"24,9";"1005,8";"1005,8";"1005,5";"0,0";"265,0";"1,1";"";""
"11/02/2024";"0400";"27,5";"27,8";"27,4";"86,0";"87,0";"85,0";"25,0";"25,2";"24,9";"1005,5";"1005,8";"1005,4";"0,0";"302,0";"0,0";"";""
"11/02/2024";"0500";"27,1";"27,6";"27,1";"87,0";"87,0";"86,0";"24,7";"25,1";"24,7";"1005,2";"1005,6";"1005,2";"0,1";"256,0";"1,1";"";""
"11/02/2024";"0600";"26,9";"27,6";"26,9";"84,0";"87,0";"83,0";"23,9";"25,0";"23,9";"1004,8";"1005,2";"1004,7";"0,9";"255,0";"4,5";"";""
"11/02/2024";"0700";"26,6";"26,9";"26,6";"85,0";"85,0";"84,0";"23,9";"24,0";"23,9";"1004,5";"1005,0";"1004,4";"1,3";"253,0";"5,1";"";""
"11/02/2024";"0800";"25,5";"26,6";"25,4";"89,0";"89,0";"85,0";"23,5";"23,9";"23,4";"1004,0";"1004,5";"1004,0";"0,6";"267,0";"4,6";"";""
"11/02/2024";"0900";"25,1";"25,5";"25,1";"90,0";"90,0";"89,0";"23,3";"23,5";"23,2";"1004,1";"1004,1";"1003,8";"1,3";"281,0";"3,4";"";""
"11/02/2024";"1000";"25,3";"25,4";"25,1";"91,0";"91,0";"90,0";"23,7";"23,7";"23,3";"1004,8";"1004,8";"1004,1";"1,2";"285,0";"3,3";"0,10";""
"11/02/2024";"1100";"25,6";"25,6";"25,3";"90,0";"91,0";"90,0";"23,9";"23,9";"23,6";"1005,9";"1005,9";"1004,8";"0,3";"266,0";"2,7";"89,00";""
"11/02/2024";"1200";"26,4";"26,7";"25,5";"84,0";"90,0";"84,0";"23,5";"24,0";"23,5";"1006,8";"1006,8";"1005,9";"1,1";"278,0";"4,0";"513,20";""
"11/02/2024";"1300";"27,8";"28,5";"26,4";"77,0";"85,0";"76,0";"23,3";"24,4";"23,2";"1007,6";"1007,6";"1006,8";"1,8";"261,0";"5,0";"1359,80";""
"11/02/2024";"1400";"29,0";"29,0";"27,8";"76,0";"78,0";"76,0";"24,4";"24,7";"23,3";"1007,9";"1007,9";"1007,6";"1,1";"269,0";"5,2";"1094,90";""
"11/02/2024";"1500";"28,9";"29,5";"28,7";"74,0";"77,0";"72,0";"23,8";"24,4";"23,5";"1007,8";"1008,0";"1007,8";"1,7";"265,0";"4,9";"1430,10";""
"11/02/2024";"1600";"30,4";"30,4";"28,9";"70,0";"75,0";"70,0";"24,2";"24,7";"23,6";"1007,0";"1007,8";"1007,0";"2,0";"272,0";"5,0";"1702,30";""
"11/02/2024";"1700";"31,2";"31,2";"29,9";"68,0";"73,0";"67,0";"24,7";"24,9";"23,8";"1005,8";"1007,0";"1005,8";"2,1";"285,0";"5,9";"1902,70";""
"11/02/2024";"1800";"30,5";"31,2";"30,2";"69,0";"70,0";"65,0";"24,2";"24,6";"23,5";"1004,3";"1005,8";"1004,3";"1,5";"279,0";"5,7";"1462,80";""
"11/02/2024";"1900";"30,7";"31,5";"30,3";"66,0";"72,0";"65,0";"23,6";"25,2";"23,6";"1003,1";"1004,3";"1003,1";"1,4";"270,0";"4,0";"1372,70";""
"11/02/2024";"2000";"26,0";"32,0";"26,0";"83,0";"83,0";"62,0";"22,9";"24,8";"21,8";"1002,9";"1003,2";"1002,6";"1,7";"258,0";"9,8";"1052,00";""
"11/02/2024";"2100";"26,8";"26,9";"25,7";"89,0";"89,0";"83,0";"24,8";"24,9";"22,9";"1002,8";"1003,2";"1002,8";"1,6";"300,0";"4,4";"435,50";""
"11/02/2024";"2200";"26,7";"27,0";"26,6";"89,0";"89,0";"88,0";"24,7";"25,1";"24,6";"1003,2";"1003,2";"1002,5";"0,5";"275,0";"2,9";"165,60";""
"11/02/2024";"2300";"";"";"";"";"";"";"";"";"";"";"";"";"";"";"";"";""
"12/02/2024";"0000";"26,1";"26,3";"26,1";"91,0";"91,0";"90,0";"24,5";"24,6";"24,3";"1004,7";"1004,7";"1004,1";"0,0";"289,0";"1,0";"";""
"12/02/2024";"0100";"";"";"";"";"";"";"";"";"";"";"";"";"";"";"";"";""
"12/02/2024";"0200";"";"";"";"";"";"";"";"";"";"";"";"";"";"";"";"";""
"12/02/2024";"0300";"25,9";"26,0";"25,7";"90,0";"91,0";"90,0";"24,2";"24,4";"23,9";"1006,5";"1007,1";"1006,5";"0,7";"305,0";"1,9";"";""
"12/02/2024";"0400";"25,9";"26,0";"25,7";"88,0";"90,0";"88,0";"23,8";"24,2";"23,8";"1006,2";"1006,5";"1006,1";"0,7";"281,0";"2,3";"";""
"12/02/2024";"0500";"24,0";"25,9";"24,0";"90,0";"90,0";"87,0";"22,3";"24,1";"22,1";"1007,0";"1007,2";"1006,2";"3,8";"276,0";"13,5";"0,80";""
"12/02/2024";"0600";"24,2";"24,3";"23,9";"93,0";"94,0";"90,0";"23,0";"23,2";"22,5";"1006,4";"1007,0";"1006,3";"3,9";"284,0";"13,5";"0,40";""
"12/02/2024";"0700";"23,6";"24,2";"23,5";"93,0";"93,0";"91,0";"22,3";"23,0";"22,2";"1005,7";"1006,4";"1005,7";"2,2";"304,0";"9,8";"0,40";""
"12/02/2024";"0800";"23,6";"23,6";"23,5";"93,0";"93,0";"93,0";"22,4";"22,4";"22,3";"1005,4";"1005,7";"1005,4";"1,8";"303,0";"4,9";"";""
"12/02/2024";"0900";"23,7";"23,7";"23,6";"93,0";"93,0";"92,0";"22,5";"22,5";"22,3";"1005,5";"1005,5";"1005,4";"0,2";"310,0";"4,1";"";""
"12/02/2024";"1000";"23,7";"23,9";"23,7";"93,0";"93,0";"93,0";"22,6";"22,7";"22,5";"1006,2";"1006,2";"1005,5";"0,1";"329,0";"1,3";"0,40";""
"12/02/2024";"1100";"24,1";"24,1";"23,7";"93,0";"93,0";"93,0";"22,9";"23,0";"22,6";"1006,6";"1006,6";"1006,2";"0,0";"302,0";"1,2";"105,90";""
"12/02/2024";"1200";"25,2";"25,2";"24,1";"90,0";"93,0";"90,0";"23,5";"23,5";"22,9";"1007,6";"1007,6";"1006,6";"0,2";"312,0";"1,5";"486,00";""
"12/02/2024";"1300";"26,9";"26,9";"25,2";"86,0";"91,0";"86,0";"24,3";"24,3";"23,4";"1007,9";"1008,0";"1007,6";"0,9";"285,0";"2,2";"976,70";""
"12/02/2024";"1400";"28,5";"28,7";"26,9";"77,0";"86,0";"77,0";"24,1";"24,8";"23,9";"1008,0";"1008,1";"1007,9";"1,8";"287,0";"4,5";"1532,90";""
"12/02/2024";"1500";"30,3";"30,4";"28,4";"70,0";"78,0";"70,0";"24,1";"24,7";"23,4";"1007,6";"1008,0";"1007,5";"2,0";"275,0";"5,6";"2390,10";""
"12/02/2024";"1600";"30,7";"31,2";"29,7";"68,0";"72,0";"65,0";"24,0";"24,9";"23,2";"1006,6";"1007,6";"1006,6";"3,2";"294,0";"7,1";"3025,70";""
"12/02/2024";"1700";"30,8";"31,9";"30,5";"63,0";"69,0";"62,0";"23,0";"24,7";"22,9";"1005,4";"1006,6";"1005,4";"2,5";"273,0";"7,1";"2807,10";""
"12/02/2024";"1800";"32,1";"32,4";"30,4";"59,0";"68,0";"58,0";"23,1";"24,3";"22,5";"1003,9";"1005,4";"1003,9";"2,7";"281,0";"5,9";"2682,90";""
"12/02/2024";"1900";"31,8";"33,0";"31,3";"62,0";"62,0";"57,0";"23,6";"24,2";"22,8";"1003,1";"1003,9";"1003,1";"2,5";"286,0";"7,1";"2760,10";""
"12/02/2024";"2000";"31,8";"32,7";"31,1";"62,0";"64,0";"58,0";"23,7";"24,5";"23,0";"1002,4";"1003,1";"1002,4";"2,5";"280,0";"6,1";"1917,90";""
"12/02/2024";"2100";"28,7";"31,9";"28,7";"77,0";"77,0";"62,0";"24,3";"24,7";"23,4";"1003,0";"1003,0";"1002,4";"0,8";"248,0";"5,0";"394,50";""
"12/02/2024";"2200";"27,6";"28,7";"27,5";"83,0";"83,0";"77,0";"24,4";"24,6";"24,1";"1003,9";"1003,9";"1003,0";"0,5";"228,0";"3,3";"72,20";""
"12/02/2024";"2300";"27,3";"27,6";"27,2";"84,0";"84,0";"82,0";"24,3";"24,5";"24,1";"1004,6";"1004,6";"1003,8";"0,1";"266,0";"2,0";"2,10";""
"13/02/2024";"0000";"27,3";"27,3";"27,1";"85,0";"85,0";"84,0";"24,5";"24,6";"24,2";"1005,6";"1005,6";"1004,6";"0,4";"285,0";"1,3";"";""
"13/02/2024";"0100";"";"";"";"";"";"";"";"";"";"";"";"";"";"";"";"";""
"13/02/2024";"0200";"26,4";"26,7";"26,3";"86,0";"86,0";"84,0";"23,8";"23,9";"23,5";"1007,2";"1007,2";"1007,0";"0,0";"299,0";"1,9";"";""
"13/02/2024";"0300";"26,5";"26,6";"25,9";"89,0";"89,0";"86,0";"24,5";"24,5";"23,3";"1007,1";"1007,2";"1007,0";"0,3";"295,0";"1,6";"";""
"13/02/2024";"0400";"26,2";"26,5";"26,1";"89,0";"89,0";"88,0";"24,1";"24,6";"24,1";"1007,4";"1007,5";"1007,1";"0,5";"308,0";"1,6";"";""
"13/02/2024";"0500";"26,2";"26,2";"26,1";"89,0";"89,0";"88,0";"24,3";"24,3";"24,0";"1006,5";"1007,4";"1006,5";"0,0";"203,0";"1,4";"";""
"13/02/2024";"0600";"25,9";"26,4";"25,9";"90,0";"90,0";"89,0";"24,2";"24,6";"24,2";"1005,8";"1006,5";"1005,8";"0,1";"337,0";"2,3";"";""
"13/02/2024";"0700";"25,6";"26,0";"25,5";"91,0";"91,0";"90,0";"24,1";"24,2";"24,0";"1005,8";"1005,8";"1005,5";"0,3";"329,0";"1,6";"";""
"13/02/2024";"0800";"25,5";"26,0";"25,5";"89,0";"91,0";"87,0";"23,5";"24,4";"23,4";"1006,2";"1006,2";"1005,8";"1,0";"273,0";"3,3";"";""
"13/02/2024";"0900";"24,8";"25,5";"24,7";"92,0";"92,0";"89,0";"23,4";"23,5";"23,2";"1006,7";"1006,7";"1005,9";"0,9";"292,0";"3,4";"";""
"13/02/2024";"1000";"24,3";"24,9";"24,2";"93,0";"93,0";"92,0";"23,0";"23,5";"23,0";"1007,9";"1007,9";"1006,7";"0,9";"264,0";"2,7";"";""
"13/02/2024";"1100";"23,9";"24,3";"23,9";"93,0";"93,0";"93,0";"22,8";"23,0";"22,8";"1009,0";"1009,0";"1007,9";"1,7";"282,0";"6,4";"8,20";""
"13/02/2024";"1200";"24,0";"24,0";"23,9";"93,0";"94,0";"93,0";"22,9";"22,9";"22,8";"1009,8";"1009,8";"1009,0";"1,0";"265,0";"4,1";"34,90";""
"13/02/2024";"1300";"24,5";"24,5";"24,0";"93,0";"93,0";"93,0";"23,2";"23,3";"22,9";"1010,2";"1010,3";"1009,8";"0,2";"264,0";"4,1";"170,60";""
"13/02/2024";"1400";"25,9";"26,0";"24,5";"90,0";"93,0";"90,0";"24,2";"24,2";"23,2";"1010,0";"1010,2";"1010,0";"0,6";"238,0";"3,3";"763,50";""
"13/02/2024";"1500";"28,0";"28,2";"25,8";"80,0";"90,0";"78,0";"24,2";"24,9";"23,5";"1009,6";"1010,0";"1009,6";"0,9";"239,0";"3,1";"1762,20";""
"13/02/2024";"1600";"27,7";"28,2";"27,7";"78,0";"80,0";"76,0";"23,4";"24,2";"23,3";"1008,9";"1009,6";"1008,9";"1,4";"249,0";"3,2";"1596,20";""
"13/02/2024";"1700";"28,3";"28,5";"27,4";"75,0";"80,0";"75,0";"23,4";"24,2";"23,1";"1007,7";"1008,9";"1007,7";"1,0";"207,0";"3,2";"1532,50";""
"13/02/2024";"1800";"28,8";"29,4";"28,1";"75,0";"78,0";"73,0";"23,9";"24,9";"23,3";"1006,5";"1007,7";"1006,5";"1,4";"219,0";"2,8";"2000,50";""
"13/02/2024";"1900";"28,6";"29,1";"28,2";"75,0";"77,0";"72,0";"23,7";"24,2";"23,0";"1005,4";"1006,5";"1005,4";"0,7";"212,0";"2,8";"1619,90";""
"13/02/2024";"2000";"29,0";"29,7";"28,6";"73,0";"75,0";"71,0";"23,7";"24,4";"23,5";"1005,1";"1005,4";"1005,0";"0,9";"210,0";"2,8";"1446,70";""
"13/02/2024";"2100";"30,1";"30,6";"28,8";"71,0";"77,0";"69,0";"24,2";"24,9";"23,7";"1005,0";"1005,1";"1004,9";"0,5";"216,0";"2,8";"1102,60";""
"13/02/2024";"2200";"28,7";"30,5";"28,7";"76,0";"76,0";"69,0";"24,0";"24,5";"23,7";"1005,4";"1005,4";"1004,9";"0,5";"276,0";"2,8";"342,80";""
"13/02/2024";"2300";"26,6";"28,7";"26,6";"84,0";"84,0";"76,0";"23,6";"24,2";"23,3";"1006,4";"1006,4";"1005,4";"2,1";"298,0";"4,5";"3,40";""
"14/02/2024";"0000";"24,8";"26,6";"24,8";"89,0";"90,0";"84,0";"22,9";"23,6";"22,9";"1007,5";"1007,5";"1006,4";"1,3";"270,0";"8,7";"";""
"14/02/2024";"0100";"25,0";"25,0";"24,7";"91,0";"91,0";"89,0";"23,4";"23,5";"22,9";"1008,6";"1008,6";"1007,5";"2,3";"294,0";"4,7";"";""
"14/02/2024";"0200";"";"";"";"";"";"";"";"";"";"";"";"";"";"";"";"";""
"14/02/2024";"0300";"";"";"";"";"";"";"";"";"";"";"";"";"";"";"";"";""
"14/02/2024";"0400";"24,4";"24,7";"24,4";"92,0";"92,0";"91,0";"23,0";"23,2";"23,0";"1008,9";"1009,3";"1008,9";"0,4";"292,0";"3,0";"";""
"14/02/2024";"0500";"24,5";"24,5";"24,4";"93,0";"93,0";"92,0";"23,2";"23,2";"23,0";"1008,4";"1008,9";"1008,4";"0,0";"278,0";"1,6";"";""
"14/02/2024";"0600";"24,5";"24,6";"24,4";"92,0";"93,0";"92,0";"23,1";"23,3";"23,1";"1007,7";"1008,4";"1007,7";"1,1";"277,0";"2,4";"";""
"14/02/2024";"0700";"24,5";"24,6";"24,4";"93,0";"93,0";"92,0";"23,3";"23,4";"23,1";"1007,7";"1007,7";"1007,6";"0,0";"249,0";"2,6";"";""
"14/02/2024";"0800";"24,6";"24,6";"24,5";"92,0";"93,0";"92,0";"23,3";"23,3";"23,2";"1007,7";"1007,7";"1007,5";"0,5";"270,0";"2,1";"";""
"14/02/2024";"0900";"24,4";"24,6";"24,4";"92,0";"93,0";"92,0";"23,1";"23,3";"23,1";"1007,6";"1007,7";"1007,5";"0,3";"267,0";"2,2";"";""
"14/02/2024";"1000";"24,3";"24,5";"24,3";"93,0";"93,0";"92,0";"23,1";"23,2";"23,1";"1007,7";"1007,7";"1007,5";"0,6";"281,0";"2,1";"0,30";""
"14/02/2024";"1100";"24,8";"24,8";"24,3";"90,0";"93,0";"90,0";"23,1";"23,3";"23,1";"1008,6";"1008,6";"1007,7";"0,0";"273,0";"2,3";"145,40";""
"14/02/2024";"1200";"26,0";"26,0";"24,8";"86,0";"90,0";"86,0";"23,5";"23,7";"23,2";"1009,2";"1009,2";"1008,7";"0,9";"269,0";"2,6";"470,10";""
"14/02/2024";"1300";"27,6";"28,2";"26,0";"78,0";"87,0";"78,0";"23,3";"24,4";"23,3";"1009,5";"1009,5";"1009,2";"1,8";"265,0";"4,9";"1257,20";""
"14/02/2024";"1400";"28,4";"29,2";"27,1";"73,0";"81,0";"71,0";"23,2";"23,9";"22,6";"1009,7";"1009,7";"1009,5";"1,8";"253,0";"6,8";"1825,30";""
"14/02/2024";"1500";"29,3";"29,3";"28,2";"71,0";"75,0";"70,0";"23,5";"24,0";"22,9";"1009,6";"1009,8";"1009,6";"1,3";"233,0";"5,5";"1585,20";""
"14/02/2024";"1600";"30,9";"31,1";"29,2";"67,0";"73,0";"66,0";"24,0";"25,3";"22,9";"1008,6";"1009,6";"1008,6";"1,0";"223,0";"4,3";"2644,20";""
"14/02/2024";"1700";"30,4";"31,0";"29,8";"63,0";"71,0";"62,0";"22,5";"24,7";"22,4";"1007,8";"1008,6";"1007,8";"2,5";"281,0";"6,1";"2003,10";""
"14/02/2024";"1800";"31,1";"32,0";"30,4";"62,0";"65,0";"57,0";"22,8";"24,0";"22,3";"1006,9";"1007,8";"1006,9";"1,6";"273,0";"5,9";"2616,20";""
"14/02/2024";"1900";"29,5";"31,4";"29,5";"70,0";"70,0";"61,0";"23,4";"23,9";"22,5";"1006,6";"1007,0";"1006,6";"2,4";"271,0";"5,5";"1253,90";""
"14/02/2024";"2000";"29,7";"29,8";"29,0";"70,0";"73,0";"69,0";"23,7";"24,3";"23,1";"1005,6";"1006,6";"1005,6";"0,9";"267,0";"5,5";"787,60";""
"14/02/2024";"2100";"30,4";"30,5";"29,6";"66,0";"71,0";"66,0";"23,3";"24,3";"23,3";"1005,1";"1005,6";"1005,1";"1,1";"276,0";"2,6";"967,80";""
"14/02/2024";"2200";"29,3";"30,5";"29,3";"72,0";"72,0";"66,0";"23,9";"23,9";"23,1";"1005,3";"1005,3";"1005,0";"0,3";"273,0";"2,8";"298,40";""
"14/02/2024";"2300";"27,5";"29,3";"27,5";"80,0";"80,0";"72,0";"23,8";"23,9";"23,6";"1005,9";"1005,9";"1005,3";"0,1";"295,0";"1,2";"5,90";""
"15/02/2024";"0000";"27,2";"27,5";"27,0";"84,0";"84,0";"80,0";"24,1";"24,2";"23,8";"1006,7";"1006,7";"1005,9";"0,0";"270,0";"1,1";"";""
"15/02/2024";"0100";"26,5";"27,2";"26,5";"86,0";"86,0";"83,0";"23,9";"24,3";"23,9";"1007,4";"1007,4";"1006,7";"0,0";"320,0";"0,0";"";""
"15/02/2024";"0200";"26,6";"26,6";"26,4";"86,0";"87,0";"85,0";"24,0";"24,1";"23,8";"1008,1";"1008,1";"1007,4";"0,0";"305,0";"0,0";"";""
"15/02/2024";"0300";"26,2";"27,8";"26,2";"78,0";"86,0";"77,0";"22,1";"24,4";"22,1";"1008,6";"1008,6";"1008,1";"1,5";"223,0";"6,0";"0,20";""
"15/02/2024";"0400";"25,8";"26,2";"25,8";"80,0";"80,0";"78,0";"22,1";"22,2";"21,9";"1007,6";"1008,6";"1007,6";"0,2";"291,0";"4,5";"";""
"15/02/2024";"0500";"25,2";"25,8";"25,2";"85,0";"85,0";"80,0";"22,5";"22,5";"22,1";"1007,0";"1007,6";"1007,0";"1,3";"307,0";"2,1";"";""
"15/02/2024";"0600";"25,0";"25,2";"25,0";"85,0";"86,0";"85,0";"22,3";"22,7";"22,3";"1006,3";"1007,0";"1006,3";"1,2";"302,0";"1,9";"";""
"15/02/2024";"0700";"24,7";"25,0";"24,6";"88,0";"88,0";"85,0";"22,6";"22,7";"22,4";"1006,2";"1006,3";"1006,0";"1,2";"305,0";"2,9";"";""
"15/02/2024";"0800";"24,5";"24,7";"24,5";"89,0";"89,0";"88,0";"22,7";"22,7";"22,5";"1006,4";"1006,4";"1006,2";"0,1";"251,0";"2,0";"";""
"15/02/2024";"0900";"24,5";"24,6";"24,4";"90,0";"90,0";"89,0";"22,7";"22,7";"22,7";"1006,9";"1006,9";"1006,4";"1,0";"302,0";"2,6";"";""
"15/02/2024";"1000";"24,7";"24,7";"24,4";"91,0";"91,0";"90,0";"23,2";"23,2";"22,7";"1007,9";"1007,9";"1006,9";"0,8";"302,0";"2,0";"0,40";""
"15/02/2024";"1100";"25,4";"25,4";"24,7";"91,0";"91,0";"91,0";"23,8";"23,8";"23,2";"1008,5";"1008,5";"1007,9";"0,3";"313,0";"1,6";"106,60";""
"15/02/2024";"1200";"26,9";"26,9";"25,4";"87,0";"91,0";"87,0";"24,5";"24,7";"23,8";"1009,1";"1009,1";"1008,5";"0,9";"278,0";"2,2";"473,40";""
"15/02/2024";"1300";"29,9";"29,9";"26,8";"75,0";"87,0";"75,0";"25,0";"25,0";"24,2";"1009,7";"1009,7";"1009,1";"1,2";"283,0";"4,1";"1264,70";""
"15/02/2024";"1400";"27,1";"29,9";"26,9";"87,0";"87,0";"73,0";"24,7";"24,8";"23,7";"1010,0";"1010,1";"1009,7";"2,4";"291,0";"5,5";"840,30";""
"15/02/2024";"1500";"29,3";"30,1";"27,1";"71,0";"87,0";"71,0";"23,6";"25,8";"23,6";"1009,5";"1010,1";"1009,5";"3,1";"290,0";"7,8";"2353,30";""
"15/02/2024";"1600";"30,2";"30,3";"28,8";"70,0";"75,0";"69,0";"24,2";"24,9";"23,0";"1008,8";"1009,6";"1008,8";"2,6";"272,0";"8,6";"3034,20";""
"15/02/2024";"1700";"30,9";"30,9";"29,7";"65,0";"71,0";"65,0";"23,6";"24,8";"23,0";"1007,5";"1008,8";"1007,5";"3,3";"285,0";"8,7";"3126,80";""
"15/02/2024";"1800";"31,7";"31,7";"30,3";"66,0";"67,0";"62,0";"24,5";"24,5";"22,9";"1006,4";"1007,5";"1006,4";"2,5";"284,0";"8,6";"2791,20";""
"15/02/2024";"1900";"31,6";"31,8";"30,9";"59,0";"65,0";"59,0";"22,7";"23,8";"22,4";"1005,1";"1006,4";"1005,1";"3,0";"271,0";"6,8";"2444,70";""
"15/02/2024";"2000";"31,0";"32,0";"30,9";"62,0";"62,0";"58,0";"22,8";"23,4";"22,2";"1004,7";"1005,1";"1004,7";"2,6";"284,0";"6,8";"1728,00";""
"15/02/2024";"2100";"30,8";"31,6";"30,8";"62,0";"63,0";"60,0";"22,6";"23,4";"22,6";"1004,8";"1005,0";"1004,7";"2,1";"276,0";"5,8";"1093,20";""
"15/02/2024";"2200";"29,3";"30,8";"29,3";"70,0";"70,0";"62,0";"23,1";"23,2";"22,5";"1005,4";"1005,4";"1004,8";"1,5";"292,0";"5,1";"224,80";""
"15/02/2024";"2300";"28,6";"29,3";"28,5";"72,0";"74,0";"69,0";"23,2";"23,5";"23,1";"1006,3";"1006,3";"1005,4";"1,1";"281,0";"2,8";"4,40";""
"16/02/2024";"0000";"27,5";"28,7";"27,5";"80,0";"80,0";"72,0";"23,9";"23,9";"23,1";"1007,0";"1007,1";"1006,3";"0,9";"297,0";"2,3";"";""
"16/02/2024";"0100";"27,4";"27,6";"27,2";"82,0";"82,0";"80,0";"23,9";"24,0";"23,8";"1007,5";"1007,5";"1006,9";"0,2";"266,0";"1,9";"";""
"16/02/2024";"0200";"27,5";"27,6";"26,8";"81,0";"85,0";"80,0";"23,9";"24,2";"23,8";"1008,3";"1008,3";"1007,5";"0,6";"274,0";"3,9";"";""
"16/02/2024";"0300";"26,6";"27,5";"26,6";"87,0";"87,0";"81,0";"24,2";"24,2";"23,9";"1008,6";"1008,6";"1008,3";"0,8";"299,0";"1,9";"";""
"16/02/2024";"0400";"26,3";"26,6";"26,3";"89,0";"89,0";"87,0";"24,2";"24,3";"24,2";"1008,4";"1008,6";"1008,3";"0,0";"306,0";"1,9";"";""
"16/02/2024";"0500";"25,9";"26,3";"25,9";"89,0";"89,0";"88,0";"24,0";"24,3";"23,9";"1007,6";"1008,4";"1007,6";"0,1";"311,0";"1,7";"";""
"16/02/2024";"0600";"25,7";"26,0";"25,7";"90,0";"90,0";"89,0";"23,9";"24,1";"23,9";"1007,2";"1007,6";"1007,2";"0,5";"297,0";"1,3";"";""
"16/02/2024";"0700";"25,7";"25,8";"25,6";"90,0";"90,0";"90,0";"23,9";"24,0";"23,8";"1007,3";"1007,3";"1006,7";"1,3";"294,0";"2,3";"";""
"16/02/2024";"0800";"24,8";"25,7";"24,7";"92,0";"92,0";"90,0";"23,4";"24,0";"23,2";"1007,3";"1007,5";"1007,2";"0,3";"260,0";"6,9";"";""
"16/02/2024";"0900";"24,9";"25,0";"24,7";"93,0";"93,0";"92,0";"23,7";"23,8";"23,4";"1007,8";"1007,8";"1007,3";"0,3";"259,0";"1,8";"";""
"16/02/2024";"1000";"25,0";"25,1";"24,9";"93,0";"93,0";"93,0";"23,8";"23,9";"23,6";"1008,2";"1008,3";"1007,8";"0,9";"303,0";"2,7";"0,10";""
"16/02/2024";"1100";"24,9";"25,1";"24,8";"92,0";"93,0";"92,0";"23,6";"23,8";"23,5";"1008,4";"1008,4";"1008,2";"0,0";"206,0";"2,9";"64,90";""
"16/02/2024";"1200";"26,0";"26,0";"24,9";"89,0";"92,0";"89,0";"24,1";"24,3";"23,6";"1009,2";"1009,2";"1008,4";"0,1";"259,0";"1,0";"357,50";""
"16/02/2024";"1300";"28,1";"28,1";"26,0";"82,0";"90,0";"81,0";"24,7";"24,9";"24,0";"1009,5";"1009,6";"1009,2";"0,6";"256,0";"2,4";"950,20";""
"16/02/2024";"1400";"29,8";"30,1";"27,9";"70,0";"82,0";"70,0";"23,8";"25,3";"23,7";"1009,4";"1009,5";"1009,4";"1,5";"228,0";"4,3";"2168,00";""
"16/02/2024";"1500";"30,3";"30,5";"29,6";"65,0";"72,0";"63,0";"23,0";"24,3";"22,4";"1008,9";"1009,4";"1008,9";"2,0";"260,0";"4,8";"2662,00";""
"16/02/2024";"1600";"30,4";"31,2";"30,3";"62,0";"67,0";"59,0";"22,3";"24,0";"21,8";"1007,8";"1008,9";"1007,8";"2,3";"271,0";"7,7";"2687,30";""
"16/02/2024";"1700";"31,1";"31,1";"30,1";"60,0";"65,0";"58,0";"22,6";"23,5";"21,7";"1006,9";"1007,8";"1006,9";"1,7";"260,0";"6,2";"2065,90";""
"16/02/2024";"1800";"32,5";"32,5";"30,7";"60,0";"64,0";"57,0";"23,7";"23,8";"22,0";"1005,9";"1006,9";"1005,9";"1,3";"286,0";"6,2";"2392,60";""
"16/02/2024";"1900";"32,2";"33,1";"31,8";"59,0";"62,0";"56,0";"23,2";"24,2";"22,7";"1005,0";"1005,9";"1005,0";"2,0";"272,0";"5,4";"2526,10";""
"16/02/2024";"2000";"32,4";"32,8";"31,9";"59,0";"63,0";"58,0";"23,4";"24,5";"23,0";"1004,0";"1005,0";"1004,0";"1,6";"285,0";"4,9";"1833,50";""
"16/02/2024";"2100";"31,9";"32,5";"31,8";"62,0";"63,0";"58,0";"23,7";"24,1";"23,0";"1003,5";"1004,0";"1003,5";"1,2";"280,0";"3,7";"1117,20";""
"16/02/2024";"2200";"30,2";"31,9";"30,2";"71,0";"71,0";"62,0";"24,2";"24,2";"23,5";"1003,7";"1003,7";"1003,4";"0,6";"293,0";"2,9";"199,30";""
"16/02/2024";"2300";"29,3";"30,2";"29,3";"73,0";"74,0";"70,0";"23,9";"24,2";"23,9";"1004,4";"1004,4";"1003,7";"0,6";"284,0";"2,0";"5,50";""
"17/02/2024";"0000";"28,1";"29,3";"28,1";"79,0";"80,0";"73,0";"24,1";"24,5";"23,8";"1005,2";"1005,2";"1004,4";"1,0";"305,0";"3,0";"";""
"17/02/2024";"0100";"";"";"";"";"";"";"";"";"";"";"";"";"";"";"";"";""
"17/02/2024";"0200";"27,0";"27,4";"26,9";"83,0";"84,0";"81,0";"23,9";"24,0";"23,8";"1007,0";"1007,0";"1006,2";"0,6";"303,0";"1,8";"";""
"17/02/2024";"0300";"26,6";"27,0";"26,6";"86,0";"86,0";"83,0";"24,0";"24,1";"23,8";"1007,3";"1007,3";"1006,9";"1,0";"303,0";"2,1";"";""
"17/02/2024";"0400";"26,5";"26,7";"26,5";"87,0";"87,0";"85,0";"24,1";"24,1";"24,0";"1006,9";"1007,3";"1006,9";"1,1";"298,0";"2,0";"";""
"17/02/2024";"0500";"26,3";"26,5";"26,2";"88,0";"88,0";"87,0";"24,2";"24,3";"24,1";"1006,2";"1006,9";"1006,2";"1,2";"300,0";"2,0";"";""
"17/02/2024";"0600";"26,0";"26,3";"26,0";"90,0";"90,0";"88,0";"24,2";"24,2";"24,1";"1005,8";"1006,2";"1005,8";"1,1";"297,0";"2,0";"";""
"17/02/2024";"0700";"25,9";"26,0";"25,8";"90,0";"91,0";"90,0";"24,1";"24,2";"24,1";"1005,5";"1005,8";"1005,5";"1,5";"295,0";"2,4";"";""
"17/02/2024";"0800";"25,6";"25,9";"25,6";"91,0";"91,0";"90,0";"23,9";"24,1";"23,9";"1005,6";"1005,7";"1005,5";"1,1";"302,0";"2,4";"";""
"17/02/2024";"0900";"25,6";"25,6";"25,5";"91,0";"91,0";"91,0";"24,0";"24,0";"23,9";"1005,9";"1006,0";"1005,6";"0,1";"298,0";"1,5";"";""
"17/02/2024";"1000";"25,3";"25,6";"25,2";"91,0";"92,0";"91,0";"23,7";"24,0";"23,7";"1006,3";"1006,3";"1005,9";"1,2";"302,0";"2,4";"0,30";""
"17/02/2024";"1100";"26,0";"26,0";"25,2";"89,0";"91,0";"89,0";"24,0";"24,0";"23,7";"1007,2";"1007,2";"1006,3";"0,9";"294,0";"2,4";"114,20";""
"17/02/2024";"1200";"28,2";"28,3";"26,0";"79,0";"89,0";"79,0";"24,2";"24,5";"24,0";"1008,0";"1008,0";"1007,2";"1,2";"294,0";"2,8";"806,60";""
"17/02/2024";"1300";"29,5";"29,9";"28,0";"73,0";"81,0";"72,0";"24,2";"25,1";"24,1";"1008,4";"1008,4";"1008,0";"1,6";"253,0";"4,3";"1177,90";""
"17/02/2024";"1400";"31,2";"31,3";"29,5";"67,0";"75,0";"67,0";"24,3";"25,3";"23,4";"1008,6";"1008,6";"1008,3";"2,3";"278,0";"7,1";"2233,30";""
"17/02/2024";"1500";"28,4";"31,3";"25,9";"77,0";"88,0";"66,0";"23,9";"25,2";"22,7";"1008,0";"1009,0";"1008,0";"2,5";"304,0";"10,9";"1595,30";""
"17/02/2024";"1600";"31,7";"31,8";"28,3";"65,0";"80,0";"65,0";"24,4";"25,5";"24,0";"1007,2";"1008,0";"1007,2";"2,3";"281,0";"5,2";"2606,40";""
"17/02/2024";"1700";"32,1";"32,4";"31,1";"59,0";"66,0";"58,0";"23,1";"24,6";"22,3";"1005,7";"1007,2";"1005,7";"3,1";"287,0";"7,5";"3200,20";""
"17/02/2024";"1800";"32,4";"33,1";"32,0";"56,0";"61,0";"54,0";"22,5";"24,0";"21,9";"1004,2";"1005,7";"1004,2";"3,3";"271,0";"7,5";"3044,90";""
"17/02/2024";"1900";"32,5";"33,7";"32,2";"55,0";"58,0";"52,0";"22,4";"24,2";"21,9";"1003,3";"1004,2";"1003,3";"2,1";"262,0";"7,1";"2447,10";""
"17/02/2024";"2000";"32,9";"33,3";"32,1";"56,0";"59,0";"54,0";"23,0";"23,6";"22,3";"1002,5";"1003,3";"1002,5";"1,6";"265,0";"5,2";"1780,10";""
"17/02/2024";"2100";"32,4";"33,3";"32,2";"61,0";"62,0";"55,0";"23,9";"24,2";"22,6";"1002,0";"1002,6";"1001,9";"1,0";"273,0";"4,5";"1042,30";""
"17/02/2024";"2200";"30,6";"32,4";"30,6";"65,0";"66,0";"60,0";"23,3";"24,0";"23,2";"1002,5";"1002,5";"1001,9";"0,3";"288,0";"3,2";"236,60";""
"17/02/2024";"2300";"29,0";"30,6";"28,9";"74,0";"76,0";"65,0";"24,0";"24,2";"23,2";"1002,8";"1002,8";"1002,5";"0,9";"293,0";"1,7";"4,90";""
"18/02/2024";"0000";"28,2";"29,0";"28,2";"80,0";"80,0";"74,0";"24,3";"24,4";"24,0";"1003,5";"1003,5";"1002,7";"0,2";"305,0";"2,2";"";""
"18/02/2024";"0100";"27,8";"28,2";"27,8";"83,0";"83,0";"80,0";"24,5";"24,6";"24,3";"1005,1";"1005,1";"1003,5";"0,0";"307,0";"0,8";"";""
"18/02/2024";"0200";"27,7";"28,0";"27,7";"82,0";"83,0";"81,0";"24,3";"24,7";"24,3";"1005,9";"1005,9";"1005,1";"0,0";"252,0";"0,0";"";""
"18/02/2024";"0300";"28,1";"28,1";"27,7";"82,0";"83,0";"80,0";"24,7";"24,8";"24,2";"1006,2";"1006,3";"1005,9";"0,0";"267,0";"0,0";"0,20";""
"18/02/2024";"0400";"27,6";"28,3";"27,6";"83,0";"84,0";"82,0";"24,5";"25,1";"24,4";"1006,0";"1006,2";"1005,9";"0,7";"318,0";"2,4";"";""
"18/02/2024";"0500";"26,5";"27,6";"26,5";"90,0";"91,0";"83,0";"24,8";"25,2";"24,6";"1005,5";"1006,0";"1005,4";"0,7";"239,0";"2,4";"";""
"18/02/2024";"0600";"26,4";"26,6";"26,4";"91,0";"91,0";"90,0";"24,8";"24,9";"24,7";"1005,4";"1005,5";"1004,9";"0,4";"238,0";"2,8";"";""
"18/02/2024";"0700";"25,1";"26,4";"24,7";"94,0";"94,0";"90,0";"24,0";"24,9";"23,5";"1004,8";"1005,5";"1004,8";"0,4";"285,0";"7,1";"0,30";""
"18/02/2024";"0800";"25,4";"25,4";"24,9";"94,0";"94,0";"94,0";"24,3";"24,3";"23,8";"1005,5";"1005,5";"1004,8";"0,0";"282,0";"1,1";"";""
"18/02/2024";"0900";"25,2";"25,5";"25,2";"94,0";"94,0";"94,0";"24,1";"24,4";"24,1";"1006,2";"1006,2";"1005,4";"0,4";"275,0";"1,5";"";""
"18/02/2024";"1000";"24,8";"25,2";"24,5";"94,0";"94,0";"94,0";"23,7";"24,2";"23,4";"1006,8";"1006,8";"1006,2";"0,0";"246,0";"2,4";"";""
"18/02/2024";"1100";"24,9";"25,0";"24,5";"94,0";"94,0";"94,0";"23,8";"24,0";"23,5";"1007,7";"1007,7";"1006,8";"0,2";"260,0";"2,7";"2,90";""
"18/02/2024";"1200";"24,9";"24,9";"24,7";"94,0";"94,0";"94,0";"23,8";"23,9";"23,7";"1008,8";"1008,8";"1007,7";"1,5";"233,0";"5,3";"24,10";""
"18/02/2024";"1300";"24,8";"24,9";"24,8";"94,0";"94,0";"94,0";"23,7";"23,9";"23,7";"1009,9";"1009,9";"1008,8";"0,8";"283,0";"4,6";"58,90";""
"18/02/2024";"1400";"25,1";"25,1";"24,7";"94,0";"94,0";"94,0";"24,0";"24,0";"23,6";"1010,0";"1010,1";"1009,9";"0,0";"205,0";"2,9";"131,10";""
"18/02/2024";"1500";"25,5";"25,5";"25,0";"93,0";"94,0";"93,0";"24,3";"24,3";"23,9";"1009,2";"1010,1";"1009,2";"0,6";"332,0";"1,8";"385,00";""
"18/02/2024";"1600";"26,5";"26,7";"25,3";"89,0";"93,0";"88,0";"24,5";"25,0";"24,1";"1008,3";"1009,2";"1008,3";"1,9";"334,0";"4,0";"921,60";""
"18/02/2024";"1700";"28,9";"29,0";"26,5";"77,0";"90,0";"76,0";"24,6";"25,4";"23,8";"1006,3";"1008,3";"1006,3";"2,5";"317,0";"5,8";"2261,10";""
"18/02/2024";"1800";"29,0";"29,1";"28,3";"77,0";"79,0";"75,0";"24,5";"24,9";"23,7";"1005,2";"1006,3";"1005,2";"2,8";"301,0";"6,3";"2003,70";""
"18/02/2024";"1900";"28,7";"29,2";"28,2";"73,0";"79,0";"72,0";"23,4";"24,7";"23,2";"1003,8";"1005,2";"1003,8";"1,8";"310,0";"6,9";"1768,80";""
"18/02/2024";"2000";"27,2";"28,7";"27,2";"78,0";"80,0";"72,0";"23,2";"24,0";"23,1";"1003,6";"1003,8";"1003,3";"1,8";"317,0";"5,8";"872,40";""
"18/02/2024";"2100";"26,8";"27,3";"26,7";"82,0";"83,0";"78,0";"23,4";"23,8";"23,1";"1003,7";"1004,2";"1003,6";"0,8";"325,0";"4,1";"414,10";""
"18/02/2024";"2200";"26,2";"26,8";"26,2";"85,0";"85,0";"82,0";"23,5";"23,7";"23,2";"1004,2";"1004,2";"1003,7";"0,4";"303,0";"2,4";"164,40";""
"18/02/2024";"2300";"25,6";"26,2";"25,6";"89,0";"89,0";"85,0";"23,6";"23,6";"23,3";"1004,3";"1004,4";"1004,2";"0,0";"327,0";"1,4";"2,80";""
"19/02/2024";"0000";"25,5";"25,6";"25,4";"89,0";"89,0";"88,0";"23,6";"23,6";"23,4";"1005,3";"1005,3";"1004,3";"1,1";"341,0";"2,7";"";""
"19/02/2024";"0100";"25,3";"25,5";"25,2";"90,0";"90,0";"89,0";"23,5";"23,5";"23,4";"1005,9";"1005,9";"1005,3";"0,3";"324,0";"2,7";"";""
"19/02/2024";"0200";"25,2";"25,4";"25,2";"90,0";"90,0";"90,0";"23,6";"23,7";"23,5";"1006,9";"1006,9";"1005,9";"0,5";"310,0";"2,1";"";""
"19/02/2024";"0300";"25,2";"25,3";"25,1";"92,0";"92,0";"90,0";"23,8";"23,8";"23,5";"1007,0";"1007,4";"1006,9";"0,3";"296,0";"1,7";"";""
"19/02/2024";"0400";"24,9";"25,2";"24,9";"92,0";"92,0";"92,0";"23,6";"23,9";"23,5";"1006,0";"1007,0";"1006,0";"1,3";"318,0";"3,5";"";""
"19/02/2024";"0500";"25,0";"25,0";"24,9";"93,0";"93,0";"92,0";"23,7";"23,7";"23,6";"1005,7";"1006,0";"1005,7";"1,0";"271,0";"3,2";"";""
"19/02/2024";"0600";"25,4";"25,4";"25,0";"91,0";"93,0";"91,0";"23,8";"23,9";"23,6";"1005,3";"1005,7";"1005,3";"0,8";"262,0";"2,7";"";""
"19/02/2024";"0700";"26,0";"26,2";"25,4";"89,0";"91,0";"87,0";"24,1";"24,2";"23,7";"1004,9";"1005,3";"1004,9";"0,8";"245,0";"2,9";"0,10";""
"19/02/2024";"0800";"26,1";"26,1";"26,0";"89,0";"89,0";"88,0";"24,1";"24,2";"24,0";"1005,0";"1005,1";"1004,9";"0,7";"253,0";"3,3";"";""
"19/02/2024";"0900";"26,0";"26,1";"25,9";"90,0";"90,0";"89,0";"24,2";"24,4";"24,1";"1005,4";"1005,4";"1005,0";"1,1";"236,0";"2,6";"";""
"19/02/2024";"1000";"25,5";"26,0";"25,5";"91,0";"91,0";"90,0";"23,8";"24,3";"23,8";"1006,1";"1006,1";"1005,4";"0,4";"318,0";"3,1";"";""
"19/02/2024";"1100";"25,7";"25,7";"25,3";"90,0";"91,0";"90,0";"24,0";"24,0";"23,7";"1007,0";"1007,0";"1006,1";"0,0";"342,0";"2,0";"111,40";""
"19/02/2024";"1200";"26,9";"27,0";"25,7";"86,0";"90,0";"85,0";"24,3";"24,4";"23,8";"1008,0";"1008,0";"1007,0";"0,0";"248,0";"0,0";"593,50";""
"19/02/2024";"1300";"27,7";"28,1";"26,9";"79,0";"86,0";"79,0";"23,8";"24,8";"23,6";"1008,7";"1008,7";"1008,0";"1,7";"235,0";"2,6";"1650,20";""
"19/02/2024";"1400";"28,4";"28,8";"27,6";"78,0";"81,0";"74,0";"24,1";"24,5";"23,3";"1008,7";"1008,8";"1008,7";"0,6";"215,0";"2,6";"1919,90";""
"19/02/2024";"1500";"29,6";"30,0";"28,4";"74,0";"78,0";"72,0";"24,5";"25,5";"23,8";"1008,2";"1008,7";"1008,2";"1,1";"228,0";"3,2";"2259,10";""
"19/02/2024";"1600";"31,6";"31,6";"29,2";"66,0";"76,0";"64,0";"24,4";"25,2";"23,3";"1007,5";"1008,2";"1007,5";"1,5";"290,0";"5,4";"1703,80";""
"19/02/2024";"1700";"31,5";"32,3";"31,3";"61,0";"66,0";"57,0";"23,0";"24,3";"22,5";"1006,7";"1007,5";"1006,7";"2,4";"292,0";"7,3";"2363,60";""
"19/02/2024";"1800";"32,7";"33,1";"31,5";"56,0";"62,0";"55,0";"22,9";"24,2";"22,4";"1005,7";"1006,7";"1005,7";"2,2";"301,0";"5,7";"2936,50";""
"19/02/2024";"1900";"33,1";"33,1";"31,6";"57,0";"62,0";"54,0";"23,3";"23,8";"22,4";"1005,1";"1005,7";"1005,1";"1,8";"309,0";"5,8";"2216,60";""
"19/02/2024";"2000";"32,7";"33,1";"31,3";"60,0";"62,0";"55,0";"23,8";"23,8";"22,5";"1004,6";"1005,1";"1004,6";"1,1";"308,0";"4,9";"1259,20";""
"19/02/2024";"2100";"31,8";"32,8";"31,5";"60,0";"62,0";"56,0";"23,1";"24,1";"22,6";"1004,2";"1004,6";"1004,2";"1,3";"306,0";"4,0";"956,00";""
"19/02/2024";"2200";"30,0";"31,8";"30,0";"70,0";"70,0";"60,0";"23,8";"23,8";"23,2";"1004,5";"1004,5";"1004,1";"0,8";"304,0";"3,5";"214,00";""
"19/02/2024";"2300";"28,5";"30,0";"28,5";"73,0";"73,0";"68,0";"23,1";"23,8";"23,0";"1004,9";"1004,9";"1004,5";"1,1";"305,0";"3,3";"4,60";""
"20/02/2024";"0000";"27,7";"28,5";"27,7";"77,0";"77,0";"73,0";"23,2";"23,3";"23,0";"1005,4";"1005,4";"1004,9";"0,7";"305,0";"2,7";"";""
"20/02/2024";"0100";"27,0";"27,7";"27,0";"81,0";"81,0";"77,0";"23,4";"23,4";"23,2";"1006,0";"1006,0";"1005,4";"1,0";"304,0";"2,1";"";""
"20/02/2024";"0200";"";"";"";"";"";"";"";"";"";"";"";"";"";"";"";"";""
"20/02/2024";"0300";"26,1";"26,6";"26,1";"85,0";"85,0";"83,0";"23,4";"23,6";"23,4";"1006,5";"1006,7";"1006,5";"1,1";"302,0";"1,8";"";""
"20/02/2024";"0400";"25,8";"26,1";"25,8";"87,0";"87,0";"85,0";"23,4";"23,5";"23,4";"1006,2";"1006,6";"1006,2";"0,9";"300,0";"1,8";"";""
"20/02/2024";"0500";"25,3";"25,8";"25,3";"90,0";"90,0";"87,0";"23,4";"23,5";"23,4";"1005,8";"1006,2";"1005,8";"0,0";"305,0";"1,7";"";""
"20/02/2024";"0600";"25,0";"25,3";"24,9";"91,0";"91,0";"90,0";"23,4";"23,4";"23,2";"1005,6";"1005,8";"1005,6";"0,0";"341,0";"0,0";"";""
"20/02/2024";"0700";"25,1";"25,2";"25,0";"90,0";"91,0";"90,0";"23,4";"23,6";"23,3";"1005,0";"1005,6";"1005,0";"0,4";"324,0";"1,2";"";""
"20/02/2024";"0800";"25,1";"25,2";"25,1";"89,0";"90,0";"89,0";"23,1";"23,3";"23,1";"1004,8";"1005,0";"1004,8";"0,0";"302,0";"1,7";"";""
"20/02/2024";"0900";"25,1";"25,3";"25,1";"88,0";"89,0";"87,0";"23,0";"23,2";"23,0";"1005,2";"1005,2";"1004,8";"0,0";"315,0";"1,4";"";""
"20/02/2024";"1000";"25,0";"25,1";"25,0";"90,0";"90,0";"88,0";"23,3";"23,4";"23,0";"1006,0";"1006,0";"1005,2";"0,0";"323,0";"0,8";"0,30";""
"20/02/2024";"1100";"25,3";"25,3";"25,0";"90,0";"91,0";"90,0";"23,4";"23,5";"23,2";"1006,7";"1006,7";"1006,0";"0,0";"291,0";"0,8";"92,70";""
"20/02/2024";"1200";"26,8";"26,8";"25,3";"84,0";"90,0";"83,0";"23,7";"23,8";"23,3";"1007,5";"1007,5";"1006,7";"0,6";"304,0";"1,2";"362,90";""
"20/02/2024";"1300";"28,6";"28,6";"26,8";"74,0";"83,0";"73,0";"23,5";"23,8";"23,0";"1007,9";"1007,9";"1007,5";"0,7";"291,0";"2,1";"911,10";""
"20/02/2024";"1400";"30,5";"30,5";"28,6";"64,0";"74,0";"64,0";"23,0";"23,4";"22,5";"1007,8";"1008,0";"1007,8";"1,9";"301,0";"3,8";"1646,00";""
"20/02/2024";"1500";"31,5";"31,5";"30,1";"58,0";"65,0";"55,0";"22,2";"23,5";"20,9";"1007,2";"1007,8";"1007,2";"2,3";"297,0";"5,9";"2588,40";""
"20/02/2024";"1600";"32,4";"32,7";"31,3";"52,0";"60,0";"51,0";"21,3";"22,8";"20,9";"1006,4";"1007,2";"1006,4";"3,0";"295,0";"6,5";"3154,20";""
"20/02/2024";"1700";"33,5";"33,7";"32,2";"48,0";"54,0";"46,0";"21,0";"22,1";"20,4";"1005,3";"1006,4";"1005,3";"2,4";"300,0";"8,0";"2944,70";""
"20/02/2024";"1800";"33,6";"33,8";"32,8";"46,0";"51,0";"44,0";"20,5";"21,6";"19,8";"1004,3";"1005,3";"1004,3";"2,4";"281,0";"7,1";"2935,00";""
"20/02/2024";"1900";"32,7";"33,6";"32,5";"50,0";"52,0";"46,0";"20,8";"21,5";"20,0";"1003,8";"1004,3";"1003,8";"2,5";"286,0";"7,1";"1810,90";""
"20/02/2024";"2000";"33,2";"33,6";"32,7";"49,0";"51,0";"45,0";"21,1";"21,8";"19,8";"1003,1";"1003,8";"1003,1";"1,9";"295,0";"4,6";"1737,10";""
"20/02/2024";"2100";"32,9";"33,5";"32,9";"49,0";"51,0";"47,0";"20,9";"21,9";"20,3";"1002,8";"1003,1";"1002,7";"1,7";"301,0";"4,7";"1228,30";""
"20/02/2024";"2200";"30,4";"32,9";"30,4";"61,0";"63,0";"48,0";"22,2";"22,8";"20,3";"1002,6";"1002,8";"1002,6";"0,1";"293,0";"3,4";"224,00";""
"20/02/2024";"2300";"28,4";"30,4";"28,3";"72,0";"72,0";"61,0";"22,7";"22,9";"22,0";"1003,0";"1003,0";"1002,6";"0,7";"293,0";"1,9";"6,50";""
"21/02/2024";"0000";"27,8";"28,4";"27,7";"76,0";"76,0";"71,0";"23,1";"23,1";"22,5";"1003,5";"1003,5";"1003,0";"1,0";"288,0";"1,9";"";""
"21/02/2024";"0100";"27,1";"28,4";"27,1";"81,0";"81,0";"73,0";"23,6";"23,7";"23,0";"1004,1";"1004,1";"1003,5";"1,0";"295,0";"1,9";"";""
"21/02/2024";"0200";"26,8";"27,2";"26,7";"84,0";"84,0";"81,0";"23,9";"24,0";"23,6";"1004,9";"1004,9";"1004,1";"1,0";"300,0";"1,6";"";""
"21/02/2024";"0300";"27,1";"27,1";"26,6";"79,0";"85,0";"79,0";"23,2";"23,9";"23,2";"1005,4";"1005,4";"1004,9";"0,9";"280,0";"2,0";"";""
"21/02/2024";"0400";"26,0";"27,1";"25,7";"85,0";"87,0";"79,0";"23,3";"23,5";"23,2";"1005,1";"1005,4";"1005,1";"1,0";"305,0";"1,9";"";""
"21/02/2024";"0500";"26,2";"26,2";"26,0";"85,0";"85,0";"84,0";"23,4";"23,4";"23,2";"1004,5";"1005,1";"1004,5";"0,6";"310,0";"2,1";"";""
"21/02/2024";"0600";"25,7";"26,2";"25,7";"84,0";"85,0";"84,0";"22,9";"23,4";"22,8";"1003,9";"1004,5";"1003,9";"0,8";"301,0";"1,6";"";""
"21/02/2024";"0700";"25,3";"25,7";"25,3";"85,0";"86,0";"84,0";"22,6";"23,0";"22,6";"1003,9";"1004,0";"1003,9";"0,6";"300,0";"1,5";"";""
"21/02/2024";"0800";"24,9";"25,3";"24,9";"89,0";"89,0";"85,0";"23,0";"23,0";"22,5";"1003,8";"1003,9";"1003,8";"1,3";"301,0";"2,0";"";""
"21/02/2024";"0900";"24,7";"24,9";"24,6";"89,0";"90,0";"89,0";"22,8";"23,0";"22,7";"1004,2";"1004,2";"1003,8";"1,3";"303,0";"2,0";"";""
"21/02/2024";"1000";"24,5";"24,7";"24,5";"89,0";"89,0";"89,0";"22,6";"22,8";"22,6";"1004,7";"1004,7";"1004,1";"1,2";"303,0";"2,1";"0,40";""
"21/02/2024";"1100";"25,2";"25,2";"24,5";"87,0";"89,0";"87,0";"23,0";"23,0";"22,6";"1005,4";"1005,4";"1004,7";"1,3";"302,0";"2,2";"118,50";""
"21/02/2024";"1200";"28,0";"28,0";"25,2";"74,0";"87,0";"74,0";"23,0";"23,7";"22,8";"1006,2";"1006,2";"1005,4";"1,9";"294,0";"3,7";"736,30";""
"21/02/2024";"1300";"29,8";"29,9";"28,0";"60,0";"75,0";"60,0";"21,3";"23,3";"21,1";"1006,8";"1006,8";"1006,2";"2,8";"299,0";"5,8";"1623,80";""
"21/02/2024";"1400";"30,9";"30,9";"29,6";"55,0";"62,0";"53,0";"20,9";"21,9";"20,0";"1006,7";"1006,9";"1006,7";"3,2";"289,0";"7,5";"2336,50";""
"21/02/2024";"1500";"32,2";"32,5";"30,9";"50,0";"55,0";"49,0";"20,4";"21,6";"20,2";"1006,1";"1006,7";"1006,1";"2,8";"294,0";"7,6";"2874,50";""
"21/02/2024";"1600";"32,4";"33,3";"32,0";"49,0";"51,0";"45,0";"20,5";"21,6";"19,2";"1005,5";"1006,2";"1005,4";"2,6";"298,0";"7,5";"3073,30";""
"21/02/2024";"1700";"33,2";"33,2";"32,2";"51,0";"54,0";"48,0";"21,9";"22,3";"19,9";"1004,3";"1005,5";"1004,2";"2,1";"271,0";"6,3";"2809,00";""
"21/02/2024";"1800";"32,9";"33,4";"32,6";"50,0";"53,0";"48,0";"21,0";"22,0";"20,5";"1003,1";"1004,3";"1003,1";"1,9";"256,0";"5,9";"2990,20";""
"21/02/2024";"1900";"33,5";"33,5";"32,8";"48,0";"50,0";"44,0";"20,8";"21,4";"19,2";"1002,7";"1003,1";"1002,6";"1,7";"262,0";"7,0";"2595,50";""
"21/02/2024";"2000";"33,1";"33,5";"32,8";"46,0";"48,0";"44,0";"19,8";"20,4";"19,3";"1001,9";"1002,7";"1001,9";"1,9";"279,0";"6,2";"1908,20";""
"21/02/2024";"2100";"32,3";"33,3";"32,3";"48,0";"49,0";"44,0";"20,0";"20,8";"19,2";"1001,6";"1001,9";"1001,6";"1,6";"269,0";"4,8";"1089,70";""
"21/02/2024";"2200";"30,4";"32,3";"30,4";"53,0";"54,0";"47,0";"19,8";"20,5";"19,7";"1002,0";"1002,0";"1001,6";"0,8";"270,0";"3,8";"195,40";""
"21/02/2024";"2300";"29,4";"30,4";"29,3";"57,0";"58,0";"53,0";"20,0";"20,1";"19,5";"1002,4";"1002,4";"1002,0";"1,1";"281,0";"2,7";"5,60";""
"22/02/2024";"0000";"28,2";"29,4";"28,0";"68,0";"68,0";"57,0";"21,8";"21,8";"20,0";"1003,2";"1003,2";"1002,4";"0,8";"289,0";"2,7";"";""
"22/02/2024";"0100";"27,5";"28,2";"27,5";"73,0";"74,0";"68,0";"22,3";"22,5";"21,8";"1004,1";"1004,1";"1003,2";"1,0";"290,0";"1,8";"";""
"22/02/2024";"0200";"26,7";"27,6";"26,5";"81,0";"82,0";"73,0";"23,2";"23,2";"22,3";"1004,5";"1004,5";"1004,1";"1,3";"300,0";"1,9";"";""
"22/02/2024";"0300";"26,8";"27,2";"26,7";"80,0";"81,0";"78,0";"23,0";"23,2";"22,9";"1004,3";"1004,5";"1004,3";"1,4";"296,0";"2,7";"";""
"22/02/2024";"0400";"25,9";"26,8";"25,9";"85,0";"85,0";"80,0";"23,2";"23,2";"22,9";"1004,4";"1004,4";"1004,3";"0,9";"304,0";"2,5";"";""
"22/02/2024";"0500";"25,5";"25,9";"25,5";"86,0";"86,0";"85,0";"23,0";"23,2";"23,0";"1003,9";"1004,4";"1003,9";"1,3";"303,0";"1,9";"";""
"22/02/2024";"0600";"25,4";"25,6";"25,3";"88,0";"88,0";"86,0";"23,3";"23,3";"23,0";"1003,6";"1004,0";"1003,5";"1,3";"303,0";"2,0";"";""
"22/02/2024";"0700";"25,7";"25,7";"25,3";"87,0";"89,0";"87,0";"23,4";"23,4";"23,3";"1003,1";"1003,6";"1003,0";"1,2";"303,0";"2,3";"";""
"22/02/2024";"0800";"25,6";"25,8";"25,6";"87,0";"87,0";"86,0";"23,2";"23,4";"23,2";"1003,1";"1003,2";"1003,0";"1,2";"303,0";"2,3";"";""
"22/02/2024";"0900";"25,1";"25,6";"25,1";"89,0";"89,0";"87,0";"23,1";"23,2";"23,1";"1003,3";"1003,3";"1003,1";"1,5";"302,0";"2,9";"";""
"22/02/2024";"1000";"25,0";"25,1";"24,9";"89,0";"90,0";"89,0";"23,1";"23,1";"23,1";"1004,0";"1004,0";"1003,3";"1,6";"299,0";"2,9";"0,30";""
"22/02/2024";"1100";"25,9";"25,9";"24,9";"87,0";"89,0";"87,0";"23,4";"23,5";"23,1";"1004,9";"1004,9";"1004,0";"1,8";"297,0";"3,2";"122,60";""
"22/02/2024";"1200";"28,8";"29,0";"25,9";"77,0";"87,0";"77,0";"24,5";"24,7";"23,5";"1005,7";"1005,7";"1004,9";"0,8";"256,0";"3,3";"691,70";""
"22/02/2024";"1300";"30,8";"30,8";"28,8";"66,0";"78,0";"65,0";"23,8";"24,8";"23,1";"1006,2";"1006,2";"1005,7";"1,6";"265,0";"5,6";"1627,80";""
"22/02/2024";"1400";"31,0";"31,5";"30,4";"65,0";"67,0";"61,0";"23,7";"24,0";"22,7";"1006,4";"1006,5";"1006,2";"1,7";"257,0";"5,9";"1860,20";""
"22/02/2024";"1500";"32,2";"32,7";"30,9";"59,0";"66,0";"58,0";"23,3";"24,9";"23,0";"1005,8";"1006,5";"1005,8";"2,6";"270,0";"6,1";"2727,70";""
"22/02/2024";"1600";"32,8";"33,0";"31,9";"54,0";"61,0";"51,0";"22,3";"24,0";"21,1";"1004,9";"1005,8";"1004,9";"2,5";"274,0";"7,7";"2910,30";""
"22/02/2024";"1700";"33,3";"33,6";"32,6";"54,0";"57,0";"52,0";"22,8";"23,8";"21,7";"1003,6";"1004,9";"1003,6";"1,9";"274,0";"6,9";"3207,80";""
"22/02/2024";"1800";"33,4";"33,7";"32,9";"49,0";"56,0";"48,0";"21,2";"23,4";"21,2";"1002,5";"1003,7";"1002,5";"2,5";"259,0";"6,2";"2977,70";""
"22/02/2024";"1900";"33,3";"34,1";"33,2";"47,0";"53,0";"44,0";"20,3";"22,7";"19,8";"1001,9";"1002,5";"1001,9";"2,7";"265,0";"6,6";"2553,40";""
"22/02/2024";"2000";"33,4";"34,1";"33,2";"46,0";"50,0";"46,0";"20,3";"21,6";"20,2";"1001,5";"1001,9";"1001,4";"2,4";"272,0";"7,4";"1890,60";""
"22/02/2024";"2100";"32,7";"33,4";"32,7";"49,0";"50,0";"46,0";"20,5";"21,5";"19,9";"1001,8";"1001,8";"1001,4";"1,7";"266,0";"5,5";"1112,20";""
"22/02/2024";"2200";"31,0";"32,8";"31,0";"58,0";"58,0";"48,0";"21,7";"21,7";"20,4";"1002,0";"1002,0";"1001,8";"1,7";"278,0";"4,3";"189,80";""
"22/02/2024";"2300";"29,9";"31,0";"29,9";"64,0";"64,0";"58,0";"22,3";"22,5";"21,6";"1002,8";"1002,8";"1002,0";"1,0";"272,0";"3,6";"5,40";""
"23/02/2024";"0000";"29,0";"29,9";"29,0";"69,0";"69,0";"64,0";"22,7";"22,7";"22,3";"1003,3";"1003,3";"1002,8";"1,0";"275,0";"3,0";"";""
"23/02/2024";"0100";"28,4";"29,0";"28,4";"74,0";"74,0";"69,0";"23,2";"23,2";"22,7";"1004,3";"1004,3";"1003,3";"0,9";"282,0";"2,4";"";""
"23/02/2024";"0200";"27,8";"28,4";"27,8";"78,0";"78,0";"74,0";"23,6";"23,6";"23,2";"1004,8";"1004,8";"1004,3";"0,8";"281,0";"2,9";"";""
"23/02/2024";"0300";"27,4";"27,8";"27,4";"79,0";"79,0";"78,0";"23,5";"23,6";"23,4";"1004,9";"1005,0";"1004,8";"1,0";"290,0";"2,5";"";""
"23/02/2024";"0400";"27,7";"27,8";"27,4";"72,0";"79,0";"72,0";"22,3";"23,4";"22,3";"1004,4";"1004,9";"1004,4";"1,5";"279,0";"3,1";"";""
"23/02/2024";"0500";"27,1";"27,8";"27,1";"75,0";"75,0";"72,0";"22,2";"22,4";"22,0";"1003,7";"1004,4";"1003,7";"1,0";"287,0";"3,1";"";""
"23/02/2024";"0600";"26,1";"27,1";"26,1";"84,0";"84,0";"75,0";"23,1";"23,2";"22,2";"1003,2";"1003,7";"1003,2";"1,4";"297,0";"3,3";"";""
"23/02/2024";"0700";"26,4";"26,7";"26,1";"80,0";"84,0";"79,0";"22,8";"23,1";"22,7";"1003,2";"1003,2";"1003,0";"1,1";"291,0";"3,1";"";""
"23/02/2024";"0800";"25,6";"26,4";"25,6";"86,0";"86,0";"80,0";"23,0";"23,1";"22,8";"1003,4";"1003,4";"1003,2";"0,9";"288,0";"2,4";"";""
"23/02/2024";"0900";"25,3";"25,7";"25,3";"89,0";"89,0";"86,0";"23,3";"23,3";"23,0";"1003,9";"1003,9";"1003,4";"0,6";"300,0";"1,7";"";""
"23/02/2024";"1000";"26,2";"26,2";"25,3";"84,0";"89,0";"84,0";"23,3";"23,6";"23,2";"1004,6";"1004,6";"1003,9";"1,3";"278,0";"2,9";"0,30";""
"23/02/2024";"1100";"26,8";"26,8";"26,2";"82,0";"84,0";"82,0";"23,5";"23,5";"23,2";"1005,8";"1005,8";"1004,6";"0,7";"267,0";"3,5";"102,20";""
"23/02/2024";"1200";"28,9";"29,0";"26,8";"75,0";"82,0";"75,0";"23,9";"24,2";"23,5";"1006,2";"1006,2";"1005,8";"1,7";"271,0";"5,8";"705,00";""
"23/02/2024";"1300";"30,0";"30,3";"28,9";"69,0";"75,0";"69,0";"23,6";"24,3";"23,6";"1006,6";"1006,6";"1006,2";"2,8";"277,0";"6,7";"1663,30";""
"23/02/2024";"1400";"31,0";"31,3";"29,9";"63,0";"71,0";"62,0";"23,1";"24,7";"22,8";"1006,9";"1006,9";"1006,6";"4,0";"291,0";"8,3";"2352,30";""
"23/02/2024";"1500";"32,5";"32,6";"30,9";"56,0";"64,0";"56,0";"22,5";"23,8";"22,1";"1006,5";"1006,9";"1006,5";"2,9";"277,0";"8,4";"2789,70";""
"23/02/2024";"1600";"32,8";"33,3";"32,1";"53,0";"58,0";"51,0";"21,9";"23,1";"21,3";"1005,6";"1006,5";"1005,5";"3,8";"289,0";"8,2";"3184,40";""
"23/02/2024";"1700";"33,2";"33,7";"32,6";"53,0";"57,0";"51,0";"22,2";"23,8";"21,5";"1004,5";"1005,6";"1004,5";"3,1";"274,0";"8,3";"3222,30";""
"23/02/2024";"1800";"34,3";"34,5";"33,1";"50,0";"56,0";"49,0";"22,6";"23,6";"21,3";"1003,8";"1004,5";"1003,8";"2,6";"274,0";"7,3";"3013,60";""
"23/02/2024";"1900";"33,8";"34,4";"33,3";"53,0";"54,0";"49,0";"22,8";"23,3";"21,3";"1003,1";"1003,8";"1003,1";"2,3";"263,0";"7,5";"2567,10";""
"23/02/2024";"2000";"33,1";"34,4";"32,7";"57,0";"57,0";"51,0";"23,4";"23,7";"22,0";"1002,9";"1003,1";"1002,8";"2,0";"271,0";"6,1";"1754,90";""
"23/02/2024";"2100";"32,7";"33,3";"32,3";"52,0";"57,0";"51,0";"21,6";"23,3";"21,4";"1003,1";"1003,1";"1002,8";"2,1";"266,0";"5,5";"1014,00";""
"23/02/2024";"2200";"31,1";"32,7";"31,1";"57,0";"57,0";"50,0";"21,4";"21,6";"20,7";"1003,5";"1003,5";"1003,1";"1,5";"279,0";"5,5";"180,80";""
"23/02/2024";"2300";"29,4";"31,1";"29,4";"67,0";"67,0";"57,0";"22,6";"22,6";"21,4";"1003,6";"1003,6";"1003,5";"1,2";"297,0";"3,0";"5,60";""
"24/02/2024";"0000";"28,7";"29,4";"28,7";"71,0";"71,0";"67,0";"23,0";"23,0";"22,5";"1004,1";"1004,1";"1003,6";"1,2";"299,0";"2,6";"";""
"24/02/2024";"0100";"";"";"";"";"";"";"";"";"";"";"";"";"";"";"";"";""
"24/02/2024";"0200";"";"";"";"";"";"";"";"";"";"";"";"";"";"";"";"";""
"24/02/2024";"0300";"28,2";"28,4";"27,9";"73,0";"74,0";"73,0";"22,9";"23,2";"22,7";"1005,9";"1006,0";"1005,7";"1,4";"283,0";"2,9";"";""
"24/02/2024";"0400";"28,2";"28,3";"28,2";"72,0";"73,0";"72,0";"22,7";"22,9";"22,6";"1005,2";"1005,9";"1005,1";"1,6";"281,0";"3,4";"";""
"24/02/2024";"0500";"27,6";"28,2";"27,6";"75,0";"75,0";"72,0";"22,7";"22,7";"22,6";"1004,5";"1005,2";"1004,5";"1,5";"287,0";"3,3";"";""
"24/02/2024";"0600";"26,6";"27,7";"26,6";"82,0";"82,0";"75,0";"23,2";"23,2";"22,7";"1004,0";"1004,5";"1004,0";"1,2";"299,0";"3,1";"";""
"24/02/2024";"0700";"26,8";"26,8";"26,4";"83,0";"84,0";"82,0";"23,7";"23,7";"23,2";"1004,1";"1004,1";"1004,0";"1,2";"285,0";"2,9";"";""
"24/02/2024";"0800";"27,1";"27,2";"26,8";"78,0";"83,0";"78,0";"22,8";"23,7";"22,8";"1004,2";"1004,2";"1004,0";"2,0";"287,0";"4,5";"";""
"24/02/2024";"0900";"27,0";"27,1";"27,0";"76,0";"78,0";"76,0";"22,5";"22,9";"22,5";"1004,6";"1004,6";"1004,2";"1,9";"282,0";"4,3";"";""
"24/02/2024";"1000";"26,6";"27,0";"26,6";"78,0";"78,0";"75,0";"22,4";"22,5";"22,3";"1005,6";"1005,6";"1004,6";"1,6";"280,0";"5,3";"0,20";""
"24/02/2024";"1100";"27,0";"27,0";"26,4";"78,0";"80,0";"77,0";"22,9";"23,0";"22,4";"1006,8";"1006,8";"1005,6";"1,7";"276,0";"3,9";"91,20";""
"24/02/2024";"1200";"29,1";"29,1";"27,0";"74,0";"79,0";"73,0";"23,9";"23,9";"22,9";"1007,5";"1007,5";"1006,8";"2,0";"269,0";"4,3";"719,30";""
"24/02/2024";"1300";"30,3";"30,4";"29,1";"66,0";"74,0";"66,0";"23,2";"24,1";"23,1";"1007,8";"1007,8";"1007,4";"3,0";"275,0";"8,5";"1663,40";""
"24/02/2024";"1400";"31,4";"31,6";"30,0";"63,0";"67,0";"63,0";"23,5";"24,1";"23,0";"1007,8";"1007,9";"1007,7";"3,6";"271,0";"10,3";"2156,00";""
"24/02/2024";"1500";"31,7";"32,1";"30,7";"65,0";"66,0";"61,0";"24,3";"24,6";"23,2";"1007,6";"1007,9";"1007,6";"2,9";"274,0";"8,5";"2396,30";""
"24/02/2024";"1600";"31,7";"32,2";"30,2";"62,0";"72,0";"61,0";"23,4";"25,6";"23,4";"1006,8";"1007,6";"1006,8";"3,1";"270,0";"8,1";"2121,60";""
"24/02/2024";"1700";"33,3";"33,4";"31,7";"59,0";"64,0";"58,0";"24,2";"24,6";"23,2";"1005,8";"1006,8";"1005,8";"1,9";"264,0";"8,1";"3065,30";""
"24/02/2024";"1800";"31,2";"33,5";"31,2";"64,0";"64,0";"56,0";"23,6";"24,4";"22,4";"1004,5";"1005,8";"1004,5";"2,0";"269,0";"8,0";"2327,10";""
"24/02/2024";"1900";"33,1";"33,2";"31,0";"57,0";"66,0";"57,0";"23,5";"24,4";"22,8";"1003,5";"1004,5";"1003,5";"1,3";"264,0";"5,2";"1339,00";""
"24/02/2024";"2000";"32,9";"33,7";"32,6";"56,0";"60,0";"54,0";"23,0";"24,0";"22,6";"1002,7";"1003,6";"1002,7";"1,4";"257,0";"4,6";"1934,00";""
"24/02/2024";"2100";"27,6";"32,9";"27,6";"75,0";"76,0";"56,0";"22,7";"23,8";"22,7";"1002,9";"1003,7";"1002,7";"1,6";"244,0";"7,6";"327,40";""
"24/02/2024";"2200";"27,3";"27,8";"27,3";"78,0";"78,0";"72,0";"23,2";"23,2";"22,2";"1003,7";"1003,7";"1002,9";"0,3";"222,0";"4,6";"97,10";""
"24/02/2024";"2300";"27,0";"27,3";"26,9";"80,0";"81,0";"78,0";"23,3";"23,6";"23,2";"1004,4";"1004,4";"1003,7";"0,0";"244,0";"1,2";"5,50";""
"25/02/2024";"0000";"27,0";"27,4";"26,9";"82,0";"82,0";"79,0";"23,6";"23,6";"23,2";"1005,7";"1005,7";"1004,4";"1,1";"290,0";"1,9";"";""
"25/02/2024";"0100";"";"";"";"";"";"";"";"";"";"";"";"";"";"";"";"";""
"25/02/2024";"0200";"26,7";"27,0";"26,7";"85,0";"85,0";"82,0";"23,9";"23,9";"23,6";"1007,6";"1007,7";"1006,7";"0,1";"288,0";"0,9";"";""
"25/02/2024";"0300";"26,7";"26,8";"26,6";"87,0";"87,0";"85,0";"24,3";"24,3";"23,9";"1007,2";"1007,7";"1007,2";"0,0";"311,0";"1,3";"";""
"25/02/2024";"0400";"26,6";"26,8";"26,5";"88,0";"88,0";"87,0";"24,4";"24,5";"24,3";"1006,7";"1007,2";"1006,6";"0,0";"252,0";"0,2";"";""
"25/02/2024";"0500";"26,3";"26,6";"26,2";"90,0";"90,0";"88,0";"24,5";"24,5";"24,3";"1006,2";"1006,7";"1006,1";"1,1";"286,0";"2,0";"";""
"25/02/2024";"0600";"26,4";"26,5";"26,3";"90,0";"90,0";"90,0";"24,7";"24,8";"24,5";"1006,1";"1006,3";"1006,1";"0,0";"267,0";"2,0";"";""
"25/02/2024";"0700";"26,6";"26,6";"26,4";"90,0";"91,0";"90,0";"24,9";"24,9";"24,7";"1006,1";"1006,1";"1006,0";"0,1";"298,0";"0,8";"";""
"25/02/2024";"0800";"26,3";"26,7";"26,3";"91,0";"91,0";"90,0";"24,7";"24,9";"24,7";"1006,2";"1006,3";"1006,1";"0,0";"304,0";"0,8";"";""
"25/02/2024";"0900";"26,2";"26,3";"26,0";"89,0";"92,0";"89,0";"24,2";"24,7";"24,2";"1006,8";"1006,8";"1006,2";"2,0";"301,0";"5,0";"";""
"25/02/2024";"1000";"25,0";"26,2";"24,9";"93,0";"94,0";"89,0";"23,9";"24,2";"23,7";"1007,6";"1007,6";"1006,8";"1,2";"328,0";"8,5";"0,20";""
"25/02/2024";"1100";"25,2";"25,2";"25,0";"93,0";"94,0";"93,0";"24,0";"24,1";"23,9";"1008,2";"1008,2";"1007,6";"1,6";"301,0";"4,6";"108,00";""
"25/02/2024";"1200";"25,7";"25,8";"25,2";"90,0";"93,0";"90,0";"24,0";"24,3";"23,9";"1009,1";"1009,1";"1008,2";"2,3";"296,0";"5,1";"436,80";""
"25/02/2024";"1300";"27,1";"27,1";"25,7";"86,0";"90,0";"86,0";"24,6";"24,6";"23,9";"1009,1";"1009,2";"1009,1";"1,7";"285,0";"4,6";"721,00";""
"25/02/2024";"1400";"28,6";"28,6";"26,9";"76,0";"86,0";"76,0";"24,0";"24,5";"23,7";"1009,2";"1009,5";"1009,0";"3,0";"279,0";"6,4";"1050,20";""
"25/02/2024";"1500";"30,0";"30,6";"28,6";"70,0";"77,0";"67,0";"23,9";"24,5";"23,0";"1009,1";"1009,3";"1009,1";"2,5";"260,0";"7,3";"2179,60";""
"25/02/2024";"1600";"30,7";"31,7";"29,6";"65,0";"72,0";"62,0";"23,5";"25,3";"22,5";"1007,5";"1009,1";"1007,5";"3,5";"283,0";"7,2";"3440,80";""
"25/02/2024";"1700";"31,0";"31,8";"30,3";"65,0";"66,0";"60,0";"23,7";"23,9";"22,4";"1005,9";"1007,6";"1005,9";"2,8";"299,0";"7,6";"2498,10";""
"25/02/2024";"1800";"31,5";"31,9";"30,4";"61,0";"66,0";"60,0";"23,1";"24,2";"22,7";"1004,5";"1005,9";"1004,5";"2,1";"287,0";"6,3";"2329,30";""
"25/02/2024";"1900";"31,4";"32,5";"30,1";"63,0";"67,0";"58,0";"23,5";"24,2";"22,6";"1003,8";"1004,5";"1003,8";"2,6";"297,0";"6,8";"2307,90";""
"25/02/2024";"2000";"31,3";"32,0";"31,2";"61,0";"65,0";"59,0";"22,9";"24,0";"22,5";"1003,4";"1003,8";"1003,3";"2,1";"301,0";"6,7";"1784,70";""
"25/02/2024";"2100";"28,7";"31,8";"27,3";"82,0";"83,0";"61,0";"25,4";"25,4";"22,3";"1004,2";"1004,2";"1003,4";"0,2";"269,0";"10,5";"703,90";""
"25/02/2024";"2200";"26,4";"29,1";"26,4";"87,0";"87,0";"74,0";"24,0";"25,4";"23,3";"1005,7";"1005,7";"1004,2";"1,1";"272,0";"6,5";"181,70";""
"25/02/2024";"2300";"26,1";"26,5";"26,1";"87,0";"87,0";"85,0";"23,9";"24,1";"23,5";"1006,5";"1006,5";"1005,6";"0,8";"265,0";"5,3";"0,70";""
"26/02/2024";"0000";"25,7";"26,1";"25,6";"91,0";"91,0";"87,0";"24,1";"24,2";"23,8";"1006,9";"1006,9";"1006,5";"0,7";"276,0";"3,5";"";""
"26/02/2024";"0100";"26,0";"26,1";"25,7";"90,0";"91,0";"89,0";"24,2";"24,3";"23,9";"1007,4";"1007,4";"1006,9";"0,3";"256,0";"2,9";"";""
"26/02/2024";"0200";"";"";"";"";"";"";"";"";"";"";"";"";"";"";"";"";""
"26/02/2024";"0300";"24,8";"26,1";"24,6";"93,0";"93,0";"90,0";"23,5";"24,2";"23,2";"1008,5";"1008,9";"1008,3";"1,4";"285,0";"5,6";"0,10";""
"26/02/2024";"0400";"24,8";"24,9";"24,7";"93,0";"93,0";"93,0";"23,6";"23,6";"23,4";"1007,7";"1008,5";"1007,7";"0,8";"278,0";"4,3";"";""
"26/02/2024";"0500";"25,0";"25,1";"24,7";"93,0";"93,0";"93,0";"23,9";"24,0";"23,5";"1006,9";"1007,6";"1006,9";"0,7";"274,0";"1,9";"";""
"26/02/2024";"0600";"24,7";"25,1";"24,6";"93,0";"94,0";"93,0";"23,4";"24,0";"23,4";"1006,8";"1006,9";"1006,7";"0,6";"279,0";"1,9";"";""
"26/02/2024";"0700";"24,9";"24,9";"24,7";"93,0";"93,0";"92,0";"23,7";"23,7";"23,4";"1006,5";"1006,8";"1006,5";"1,0";"270,0";"3,1";"";""
"26/02/2024";"0800";"24,7";"24,9";"24,7";"92,0";"93,0";"92,0";"23,3";"23,7";"23,3";"1006,4";"1006,6";"1006,4";"1,5";"275,0";"4,2";"";""
"26/02/2024";"0900";"24,2";"24,7";"24,2";"91,0";"92,0";"91,0";"22,7";"23,3";"22,7";"1006,9";"1006,9";"1006,3";"1,1";"270,0";"4,1";"0,10";""
"26/02/2024";"1000";"23,8";"24,2";"23,8";"90,0";"92,0";"90,0";"22,2";"22,7";"22,2";"1007,4";"1007,4";"1006,9";"0,8";"258,0";"3,5";"0,40";""
"26/02/2024";"1100";"23,9";"23,9";"23,8";"90,0";"91,0";"89,0";"22,2";"22,3";"21,9";"1008,8";"1008,8";"1007,4";"0,5";"262,0";"4,8";"46,10";""
"26/02/2024";"1200";"24,8";"24,8";"23,9";"90,0";"92,0";"90,0";"23,1";"23,2";"22,3";"1009,5";"1009,5";"1008,8";"0,8";"241,0";"3,8";"276,00";""
"26/02/2024";"1300";"26,3";"26,4";"24,8";"82,0";"90,0";"82,0";"23,0";"23,6";"22,8";"1010,1";"1010,1";"1009,6";"1,4";"250,0";"4,0";"974,20";""
"26/02/2024";"1400";"27,1";"27,2";"26,3";"79,0";"84,0";"79,0";"23,1";"23,5";"22,7";"1010,3";"1010,4";"1010,0";"1,6";"270,0";"5,9";"985,80";""
"26/02/2024";"1500";"28,4";"28,4";"27,1";"72,0";"80,0";"72,0";"22,8";"24,0";"22,7";"1009,9";"1010,4";"1009,8";"3,0";"269,0";"6,7";"1757,10";""
"26/02/2024";"1600";"28,9";"29,9";"28,4";"68,0";"72,0";"65,0";"22,3";"24,1";"22,2";"1008,8";"1009,9";"1008,8";"3,6";"294,0";"7,1";"2732,20";""
"26/02/2024";"1700";"29,1";"30,0";"28,6";"68,0";"71,0";"65,0";"22,5";"23,7";"22,4";"1007,7";"1008,8";"1007,7";"2,9";"273,0";"8,3";"2157,30";""
"26/02/2024";"1800";"30,3";"30,9";"29,0";"65,0";"70,0";"64,0";"22,9";"24,1";"22,5";"1006,6";"1007,7";"1006,6";"2,3";"282,0";"6,8";"2659,20";""
"26/02/2024";"1900";"30,8";"31,3";"30,2";"62,0";"68,0";"59,0";"22,7";"24,3";"21,9";"1005,8";"1006,6";"1005,8";"2,1";"298,0";"5,7";"2756,80";""
"26/02/2024";"2000";"29,6";"31,0";"29,6";"67,0";"67,0";"59,0";"22,8";"23,1";"21,7";"1005,2";"1005,8";"1005,2";"1,3";"267,0";"4,8";"1883,90";""
"26/02/2024";"2100";"26,2";"29,6";"26,2";"81,0";"81,0";"66,0";"22,7";"23,0";"22,4";"1006,0";"1006,1";"1005,2";"2,7";"323,0";"7,0";"160,10";""
"26/02/2024";"2200";"24,7";"26,2";"24,6";"86,0";"87,0";"81,0";"22,2";"22,7";"22,0";"1006,8";"1006,8";"1006,0";"2,9";"327,0";"8,1";"62,30";""
"26/02/2024";"2300";"24,5";"24,7";"24,5";"87,0";"87,0";"86,0";"22,2";"22,4";"22,1";"1007,4";"1007,4";"1006,8";"2,4";"336,0";"7,4";"2,20";""
"27/02/2024";"0000";"23,9";"24,5";"23,9";"89,0";"89,0";"86,0";"22,0";"22,3";"21,9";"1008,4";"1008,4";"1007,4";"1,4";"329,0";"6,3";"";""
"27/02/2024";"0100";"23,8";"24,0";"23,8";"91,0";"91,0";"89,0";"22,2";"22,3";"22,0";"1009,3";"1009,3";"1008,4";"1,0";"327,0";"4,5";"";""
"27/02/2024";"0200";"23,4";"23,9";"23,3";"90,0";"91,0";"90,0";"21,6";"22,3";"21,6";"1009,5";"1009,5";"1009,3";"0,7";"303,0";"4,3";"";""
"27/02/2024";"0300";"";"";"";"";"";"";"";"";"";"";"";"";"";"";"";"";""
"27/02/2024";"0400";"23,1";"23,4";"23,1";"92,0";"92,0";"91,0";"21,8";"21,9";"21,7";"1007,8";"1009,2";"1007,8";"1,3";"267,0";"3,5";"";""
"27/02/2024";"0500";"23,5";"23,5";"23,1";"90,0";"92,0";"90,0";"21,7";"21,8";"21,7";"1007,0";"1007,8";"1007,0";"0,4";"266,0";"3,2";"";""
"27/02/2024";"0600";"23,4";"23,5";"23,4";"91,0";"91,0";"90,0";"21,8";"21,8";"21,7";"1006,8";"1007,0";"1006,7";"0,9";"342,0";"2,2";"";""
"27/02/2024";"0700";"23,6";"23,7";"23,4";"92,0";"92,0";"91,0";"22,2";"22,3";"21,8";"1006,2";"1006,8";"1006,2";"0,0";"298,0";"1,9";"";""
"27/02/2024";"0800";"24,4";"24,4";"23,6";"93,0";"93,0";"92,0";"23,1";"23,2";"22,3";"1006,2";"1006,3";"1006,1";"0,2";"245,0";"1,5";"";""
"27/02/2024";"0900";"24,6";"24,6";"24,4";"91,0";"93,0";"91,0";"23,0";"23,2";"23,0";"1006,6";"1006,6";"1006,2";"0,1";"285,0";"2,1";"";""
"27/02/2024";"1000";"24,1";"24,6";"24,1";"93,0";"93,0";"91,0";"23,0";"23,0";"22,9";"1007,1";"1007,1";"1006,6";"1,3";"289,0";"3,0";"0,20";""
"27/02/2024";"1100";"24,4";"24,4";"24,1";"93,0";"93,0";"93,0";"23,3";"23,3";"23,0";"1007,5";"1007,5";"1007,1";"1,1";"293,0";"2,5";"118,40";""
"27/02/2024";"1200";"25,7";"26,0";"24,4";"87,0";"93,0";"87,0";"23,4";"24,0";"23,3";"1007,8";"1007,8";"1007,4";"0,7";"305,0";"2,5";"690,80";""
"27/02/2024";"1300";"27,3";"27,6";"25,7";"80,0";"88,0";"79,0";"23,5";"24,3";"23,0";"1008,3";"1008,3";"1007,8";"1,0";"225,0";"2,4";"1460,40";""
"27/02/2024";"1400";"28,5";"29,2";"27,0";"77,0";"81,0";"74,0";"24,0";"24,7";"23,2";"1008,4";"1008,5";"1008,3";"1,6";"207,0";"3,2";"2304,90";""
"27/02/2024";"1500";"30,1";"30,1";"28,2";"73,0";"79,0";"71,0";"24,7";"25,1";"23,5";"1008,2";"1008,4";"1008,2";"0,7";"233,0";"3,2";"1973,20";""
"27/02/2024";"1600";"30,0";"30,4";"29,6";"72,0";"77,0";"71,0";"24,4";"25,6";"24,0";"1007,5";"1008,2";"1007,5";"1,7";"230,0";"2,9";"2250,70";""
"27/02/2024";"1700";"31,1";"32,0";"30,0";"65,0";"73,0";"62,0";"23,7";"25,8";"22,8";"1006,4";"1007,5";"1006,4";"1,6";"231,0";"3,1";"3552,70";""
"27/02/2024";"1800";"31,7";"32,0";"30,9";"60,0";"65,0";"59,0";"22,9";"23,8";"22,2";"1005,5";"1006,4";"1005,4";"1,5";"255,0";"3,1";"3056,60";""
"27/02/2024";"1900";"28,8";"31,7";"28,5";"65,0";"68,0";"57,0";"21,5";"22,5";"20,6";"1004,5";"1005,6";"1004,5";"0,7";"319,0";"5,5";"481,40";""
"27/02/2024";"2000";"30,6";"31,4";"28,8";"61,0";"68,0";"58,0";"22,1";"23,4";"21,6";"1004,2";"1004,5";"1004,1";"1,4";"231,0";"3,7";"1299,20";""
"27/02/2024";"2100";"27,7";"30,6";"27,5";"74,0";"76,0";"59,0";"22,7";"22,9";"20,8";"1004,1";"1004,3";"1004,1";"0,8";"278,0";"4,5";"215,40";""
"27/02/2024";"2200";"27,1";"27,7";"27,0";"74,0";"77,0";"72,0";"22,2";"22,8";"22,0";"1004,3";"1004,3";"1003,9";"0,7";"332,0";"2,2";"131,70";""
"27/02/2024";"2300";"";"";"";"";"";"";"";"";"";"";"";"";"";"";"";"";""
"28/02/2024";"0000";"";"";"";"";"";"";"";"";"";"";"";"";"";"";"";"";""
"28/02/2024";"0100";"25,5";"25,9";"25,3";"84,0";"84,0";"81,0";"22,5";"22,8";"22,3";"1005,8";"1005,8";"1005,3";"0,4";"301,0";"2,8";"";""
"28/02/2024";"0200";"25,2";"25,5";"25,2";"87,0";"87,0";"83,0";"22,9";"22,9";"22,3";"1006,3";"1006,3";"1005,8";"0,5";"334,0";"1,1";"";""
"28/02/2024";"0300";"24,6";"25,4";"24,6";"86,0";"87,0";"84,0";"22,1";"22,9";"22,1";"1006,5";"1006,6";"1006,3";"0,4";"317,0";"1,4";"";""
"28/02/2024";"0400";"24,7";"24,9";"24,5";"87,0";"87,0";"85,0";"22,4";"22,4";"22,0";"1006,6";"1006,8";"1006,5";"0,5";"314,0";"1,3";"";""
"28/02/2024";"0500";"24,8";"24,9";"24,6";"89,0";"89,0";"87,0";"22,9";"22,9";"22,4";"1005,9";"1006,6";"1005,9";"0,1";"318,0";"1,2";"";""
"28/02/2024";"0600";"24,7";"24,8";"24,7";"89,0";"90,0";"89,0";"22,8";"22,9";"22,8";"1005,6";"1005,9";"1005,6";"0,0";"325,0";"1,5";"";""
"28/02/2024";"0700";"24,6";"24,9";"24,5";"91,0";"91,0";"88,0";"22,9";"22,9";"22,7";"1005,4";"1005,6";"1005,3";"0,7";"310,0";"2,0";"";""
"28/02/2024";"0800";"24,6";"24,6";"24,5";"91,0";"91,0";"91,0";"23,0";"23,1";"22,9";"1005,3";"1005,5";"1005,3";"0,1";"211,0";"1,8";"";""
"28/02/2024";"0900";"24,6";"24,7";"24,5";"91,0";"91,0";"91,0";"23,1";"23,1";"22,9";"1005,8";"1005,8";"1005,3";"0,0";"263,0";"0,7";"";""
"28/02/2024";"1000";"25,4";"25,6";"24,6";"92,0";"93,0";"91,0";"24,1";"24,4";"23,1";"1006,2";"1006,2";"1005,8";"0,1";"284,0";"1,2";"0,30";""
"28/02/2024";"1100";"26,6";"26,6";"25,3";"89,0";"92,0";"89,0";"24,7";"24,7";"23,9";"1006,8";"1006,8";"1006,2";"0,2";"269,0";"1,9";"135,10";""
"28/02/2024";"1200";"27,8";"27,8";"26,6";"82,0";"89,0";"82,0";"24,4";"24,8";"24,2";"1007,6";"1007,6";"1006,8";"0,8";"223,0";"2,5";"605,60";""
"28/02/2024";"1300";"28,9";"29,1";"27,5";"73,0";"83,0";"73,0";"23,6";"24,5";"23,6";"1008,4";"1008,4";"1007,6";"0,8";"216,0";"3,0";"992,80";""
"28/02/2024";"1400";"30,0";"30,4";"28,8";"66,0";"75,0";"66,0";"23,0";"24,3";"22,8";"1008,7";"1008,7";"1008,4";"1,2";"229,0";"3,2";"2458,30";""
"28/02/2024";"1500";"30,8";"31,8";"30,0";"66,0";"70,0";"63,0";"23,7";"24,8";"23,1";"1008,3";"1008,8";"1008,3";"1,6";"226,0";"3,5";"3003,60";""
"28/02/2024";"1600";"31,2";"32,5";"30,9";"66,0";"68,0";"61,0";"24,0";"25,0";"23,4";"1007,2";"1008,3";"1007,2";"1,6";"223,0";"4,2";"3305,70";""
"28/02/2024";"1700";"32,4";"33,2";"31,2";"66,0";"68,0";"61,0";"25,2";"25,7";"23,7";"1006,1";"1007,2";"1006,1";"0,9";"216,0";"4,2";"2802,70";""
"28/02/2024";"1800";"32,6";"33,5";"31,7";"62,0";"66,0";"60,0";"24,3";"25,5";"23,9";"1004,7";"1006,1";"1004,7";"0,6";"240,0";"2,9";"2539,60";""
"28/02/2024";"1900";"32,2";"32,9";"32,0";"62,0";"65,0";"59,0";"23,9";"25,0";"23,7";"1004,4";"1004,7";"1004,4";"0,5";"246,0";"3,3";"1533,20";""
"28/02/2024";"2000";"29,5";"32,2";"29,5";"74,0";"75,0";"61,0";"24,4";"25,0";"23,4";"1004,0";"1004,4";"1003,9";"2,9";"276,0";"6,4";"836,40";""
"28/02/2024";"2100";"28,9";"29,6";"28,8";"80,0";"80,0";"74,0";"25,1";"25,1";"24,1";"1004,3";"1004,3";"1004,0";"1,8";"283,0";"6,4";"642,80";""
"28/02/2024";"2200";"28,2";"29,0";"28,2";"77,0";"80,0";"75,0";"23,7";"25,2";"23,6";"1004,5";"1004,5";"1004,1";"1,2";"277,0";"3,9";"194,90";""
"28/02/2024";"2300";"27,2";"28,2";"27,2";"81,0";"81,0";"77,0";"23,6";"23,7";"23,2";"1004,5";"1004,5";"1004,3";"1,0";"289,0";"3,1";"1,80";""
"29/02/2024";"0000";"27,1";"27,2";"26,9";"86,0";"86,0";"81,0";"24,5";"24,5";"23,6";"1005,7";"1005,7";"1004,5";"1,1";"268,0";"3,3";"";""
"29/02/2024";"0100";"";"";"";"";"";"";"";"";"";"";"";"";"";"";"";"";""
"29/02/2024";"0200";"26,6";"27,0";"26,6";"84,0";"84,0";"82,0";"23,8";"23,8";"23,6";"1007,4";"1007,4";"1006,7";"1,3";"285,0";"3,3";"";""
"29/02/2024";"0300";"26,4";"26,6";"26,4";"86,0";"86,0";"84,0";"24,0";"24,0";"23,8";"1007,7";"1007,8";"1007,4";"0,7";"272,0";"2,9";"";""
"29/02/2024";"0400";"26,3";"26,4";"26,3";"87,0";"87,0";"86,0";"24,0";"24,1";"24,0";"1007,4";"1007,7";"1007,4";"1,5";"273,0";"4,0";"";""
"29/02/2024";"0500";"25,9";"26,3";"25,9";"90,0";"90,0";"87,0";"24,1";"24,1";"24,0";"1006,6";"1007,4";"1006,6";"0,5";"287,0";"3,6";"";""
"29/02/2024";"0600";"25,6";"25,9";"25,6";"91,0";"91,0";"90,0";"24,0";"24,2";"24,0";"1006,2";"1006,6";"1006,2";"0,4";"276,0";"1,6";"";""
"29/02/2024";"0700";"25,3";"25,6";"25,3";"91,0";"91,0";"91,0";"23,8";"24,0";"23,8";"1005,5";"1006,2";"1005,5";"1,1";"293,0";"3,1";"";""
"29/02/2024";"0800";"25,4";"25,4";"25,3";"92,0";"92,0";"91,0";"23,9";"24,0";"23,8";"1005,4";"1005,5";"1005,3";"0,6";"288,0";"3,3";"";""
"29/02/2024";"0900";"25,3";"25,5";"25,3";"92,0";"92,0";"91,0";"23,9";"23,9";"23,8";"1005,8";"1005,8";"1005,4";"0,0";"291,0";"1,6";"";""
"29/02/2024";"1000";"25,2";"25,3";"25,2";"92,0";"92,0";"92,0";"23,8";"23,9";"23,8";"1005,8";"1005,8";"1005,7";"0,0";"304,0";"2,1";"0,40";""
"29/02/2024";"1100";"25,8";"25,8";"25,1";"92,0";"92,0";"92,0";"24,4";"24,4";"23,7";"1006,5";"1006,5";"1005,8";"0,0";"217,0";"0,0";"92,70";""
"29/02/2024";"1200";"28,1";"28,3";"25,8";"82,0";"92,0";"82,0";"24,7";"25,3";"24,1";"1007,5";"1007,5";"1006,5";"0,5";"244,0";"1,8";"631,30";""
"29/02/2024";"1300";"29,9";"30,6";"28,1";"72,0";"83,0";"71,0";"24,3";"25,4";"24,3";"1008,0";"1008,0";"1007,5";"1,7";"270,0";"4,1";"1668,30";""
"29/02/2024";"1400";"31,5";"31,5";"29,6";"67,0";"75,0";"67,0";"24,8";"25,4";"24,0";"1008,5";"1008,5";"1008,0";"1,1";"262,0";"4,9";"2320,50";""
"29/02/2024";"1500";"31,0";"32,0";"30,9";"64,0";"68,0";"62,0";"23,3";"25,1";"23,2";"1008,1";"1008,5";"1008,1";"2,6";"290,0";"5,2";"2706,90";""
"29/02/2024";"1600";"32,6";"33,1";"31,0";"58,0";"66,0";"55,0";"23,2";"24,5";"22,7";"1007,3";"1008,1";"1007,3";"2,0";"288,0";"5,2";"2422,20";""
"29/02/2024";"1700";"33,3";"34,2";"32,3";"53,0";"61,0";"52,0";"22,6";"24,5";"22,4";"1006,1";"1007,3";"1006,1";"1,4";"266,0";"6,3";"3374,00";""
"29/02/2024";"1800";"27,3";"34,2";"27,3";"77,0";"79,0";"52,0";"22,9";"24,7";"22,3";"1004,8";"1006,2";"1004,8";"0,9";"237,0";"6,0";"1022,90";""
"29/02/2024";"1900";"27,6";"27,6";"27,0";"78,0";"78,0";"73,0";"23,5";"23,5";"22,1";"1004,3";"1004,8";"1004,3";"0,4";"262,0";"4,3";"226,80";""
"29/02/2024";"2000";"28,6";"28,6";"27,6";"75,0";"80,0";"75,0";"23,8";"24,2";"23,5";"1003,4";"1004,3";"1003,4";"0,9";"274,0";"2,7";"704,00";""
"29/02/2024";"2100";"28,6";"29,3";"28,5";"74,0";"76,0";"72,0";"23,6";"24,1";"23,4";"1003,6";"1003,6";"1003,2";"0,9";"323,0";"2,3";"537,60";""
"29/02/2024";"2200";"28,0";"28,7";"28,0";"79,0";"80,0";"74,0";"24,2";"24,2";"23,6";"1004,0";"1004,1";"1003,6";"0,6";"308,0";"2,8";"186,70";""
"29/02/2024";"2300";"27,4";"28,0";"27,4";"83,0";"83,0";"79,0";"24,3";"24,4";"24,1";"1004,3";"1004,3";"1003,9";"0,0";"315,0";"2,0";"";""
"01/03/2024";"0000";"26,9";"27,4";"26,8";"87,0";"87,0";"83,0";"24,6";"24,6";"24,1";"1005,3";"1005,3";"1004,3";"0,1";"327,0";"1,8";"";""
"01/03/2024";"0100";"26,8";"26,9";"26,5";"88,0";"89,0";"87,0";"24,6";"24,7";"24,4";"1006,2";"1006,2";"1005,3";"0,8";"343,0";"1,7";"";""
"01/03/2024";"0200";"";"";"";"";"";"";"";"";"";"";"";"";"";"";"";"";""
"01/03/2024";"0300";"25,9";"26,5";"25,9";"91,0";"91,0";"89,0";"24,4";"24,6";"24,4";"1006,7";"1006,8";"1006,7";"0,4";"305,0";"2,0";"";""
"01/03/2024";"0400";"25,6";"25,9";"25,6";"92,0";"92,0";"91,0";"24,2";"24,5";"24,2";"1005,9";"1006,8";"1005,9";"0,3";"322,0";"1,9";"";""
"01/03/2024";"0500";"25,3";"25,6";"25,3";"92,0";"92,0";"92,0";"24,0";"24,3";"23,9";"1005,6";"1006,1";"1005,6";"0,1";"303,0";"1,8";"";""
"01/03/2024";"0600";"25,2";"25,3";"25,2";"90,0";"92,0";"90,0";"23,5";"23,9";"23,4";"1005,4";"1005,6";"1004,9";"1,4";"293,0";"2,3";"";""
"01/03/2024";"0700";"25,1";"25,2";"25,0";"90,0";"91,0";"90,0";"23,4";"23,6";"23,4";"1005,2";"1005,6";"1005,1";"1,7";"302,0";"3,4";"";""
"01/03/2024";"0800";"25,3";"25,3";"25,1";"89,0";"90,0";"89,0";"23,4";"23,5";"23,4";"1005,0";"1005,2";"1004,9";"0,7";"278,0";"2,4";"";""
"01/03/2024";"0900";"26,4";"26,6";"25,3";"91,0";"91,0";"89,0";"24,8";"25,0";"23,3";"1005,3";"1005,4";"1005,0";"0,4";"248,0";"2,0";"";""
"01/03/2024";"1000";"26,4";"26,5";"26,2";"92,0";"92,0";"90,0";"24,9";"24,9";"24,5";"1006,4";"1006,4";"1005,3";"0,4";"274,0";"1,9";"0,10";""
"01/03/2024";"1100";"26,5";"26,5";"26,3";"90,0";"92,0";"90,0";"24,6";"25,0";"24,6";"1007,0";"1007,0";"1006,4";"0,4";"269,0";"2,4";"108,60";""
"01/03/2024";"1200";"26,8";"26,8";"26,4";"87,0";"90,0";"87,0";"24,5";"24,8";"24,4";"1008,0";"1008,0";"1007,0";"0,6";"249,0";"2,7";"354,20";""
"01/03/2024";"1300";"27,7";"27,8";"26,8";"81,0";"87,0";"81,0";"24,2";"24,7";"24,1";"1008,6";"1008,6";"1008,0";"0,9";"265,0";"3,6";"711,70";""
"01/03/2024";"1400";"28,4";"28,5";"27,7";"78,0";"82,0";"77,0";"24,1";"24,5";"23,9";"1009,2";"1009,2";"1008,6";"1,1";"277,0";"3,7";"778,00";""
"01/03/2024";"1500";"30,2";"30,7";"28,3";"71,0";"79,0";"70,0";"24,2";"24,9";"24,0";"1008,9";"1009,2";"1008,9";"2,2";"269,0";"5,9";"1607,50";""
"01/03/2024";"1600";"31,1";"31,5";"30,1";"67,0";"72,0";"65,0";"24,2";"25,1";"23,7";"1008,0";"1008,9";"1008,0";"3,2";"285,0";"6,5";"2938,00";""
"01/03/2024";"1700";"31,1";"31,8";"30,4";"64,0";"70,0";"62,0";"23,4";"25,1";"22,7";"1006,7";"1008,0";"1006,7";"3,9";"278,0";"9,0";"2958,00";""
"01/03/2024";"1800";"31,2";"31,7";"30,1";"63,0";"67,0";"62,0";"23,3";"24,6";"23,0";"1005,1";"1006,7";"1005,0";"3,5";"268,0";"8,3";"2554,00";""
"01/03/2024";"1900";"31,6";"31,8";"30,9";"62,0";"65,0";"61,0";"23,4";"24,1";"22,8";"1003,4";"1005,1";"1003,4";"2,8";"269,0";"7,8";"2617,80";""
"01/03/2024";"2000";"31,0";"31,8";"30,5";"63,0";"66,0";"62,0";"23,2";"24,3";"22,8";"1002,4";"1003,4";"1002,4";"2,4";"273,0";"6,4";"2118,50";""
"01/03/2024";"2100";"30,9";"31,4";"30,6";"67,0";"68,0";"63,0";"24,1";"24,5";"23,1";"1002,6";"1002,7";"1002,3";"1,3";"265,0";"5,4";"1237,00";""
"01/03/2024";"2200";"29,0";"30,9";"29,0";"74,0";"75,0";"67,0";"23,9";"24,2";"23,7";"1003,4";"1003,4";"1002,5";"0,7";"272,0";"3,9";"163,80";""
"01/03/2024";"2300";"27,9";"29,0";"27,9";"79,0";"79,0";"74,0";"23,9";"24,0";"23,8";"1003,7";"1003,8";"1003,4";"1,0";"285,0";"1,9";"1,90";""
"02/03/2024";"0000";"27,7";"27,9";"27,7";"79,0";"79,0";"78,0";"23,8";"24,0";"23,7";"1005,0";"1005,0";"1003,7";"1,3";"277,0";"3,4";"";""
"02/03/2024";"0100";"27,2";"27,7";"27,2";"78,0";"82,0";"78,0";"23,1";"23,9";"23,1";"1006,3";"1006,3";"1005,0";"1,3";"276,0";"3,6";"";""
"02/03/2024";"0200";"26,6";"27,2";"26,6";"80,0";"81,0";"78,0";"22,9";"23,1";"22,9";"1007,0";"1007,0";"1006,4";"0,8";"267,0";"2,9";"";""
"02/03/2024";"0300";"26,2";"26,6";"26,2";"81,0";"81,0";"80,0";"22,7";"22,9";"22,6";"1007,4";"1007,4";"1007,0";"1,0";"284,0";"3,4";"";""
"02/03/2024";"0400";"25,9";"26,2";"25,9";"84,0";"84,0";"81,0";"23,0";"23,0";"22,7";"1007,2";"1007,4";"1007,2";"0,0";"276,0";"2,4";"";""
"02/03/2024";"0500";"25,6";"26,0";"25,6";"86,0";"86,0";"84,0";"23,2";"23,2";"23,0";"1006,5";"1007,2";"1006,5";"0,6";"274,0";"2,4";"";""
"02/03/2024";"0600";"25,5";"25,6";"25,5";"88,0";"88,0";"86,0";"23,3";"23,3";"23,2";"1005,8";"1006,5";"1005,8";"0,3";"268,0";"2,4";"";""
"02/03/2024";"0700";"25,5";"25,6";"25,5";"89,0";"89,0";"88,0";"23,5";"23,6";"23,3";"1005,2";"1005,8";"1005,1";"0,1";"287,0";"1,8";"";""
"02/03/2024";"0800";"25,8";"25,8";"25,4";"90,0";"91,0";"89,0";"24,1";"24,1";"23,5";"1004,9";"1005,2";"1004,8";"0,2";"270,0";"1,4";"";""
"02/03/2024";"0900";"25,9";"25,9";"25,8";"91,0";"91,0";"90,0";"24,2";"24,3";"24,0";"1005,3";"1005,3";"1004,9";"0,3";"268,0";"1,9";"";""
"02/03/2024";"1000";"25,4";"26,0";"25,4";"91,0";"91,0";"91,0";"23,9";"24,3";"23,9";"1006,0";"1006,0";"1005,3";"0,6";"294,0";"1,7";"0,20";""
"02/03/2024";"1100";"25,5";"25,5";"25,3";"92,0";"92,0";"91,0";"24,2";"24,2";"23,9";"1007,2";"1007,2";"1006,0";"0,8";"262,0";"2,5";"83,50";""
"02/03/2024";"1200";"26,6";"26,6";"25,5";"90,0";"92,0";"90,0";"24,8";"24,8";"24,2";"1008,1";"1008,1";"1007,2";"0,4";"263,0";"2,5";"396,10";""
"02/03/2024";"1300";"26,4";"27,0";"26,4";"89,0";"90,0";"87,0";"24,5";"24,8";"24,3";"1008,9";"1008,9";"1008,1";"0,8";"260,0";"3,7";"493,50";""
"02/03/2024";"1400";"24,8";"26,5";"24,8";"92,0";"92,0";"89,0";"23,4";"24,6";"23,4";"1009,7";"1009,7";"1008,9";"2,3";"273,0";"6,2";"290,50";""
"02/03/2024";"1500";"25,0";"25,2";"24,4";"89,0";"92,0";"89,0";"23,1";"23,4";"22,6";"1009,4";"1009,7";"1009,4";"1,9";"285,0";"6,2";"363,80";""
"02/03/2024";"1600";"27,0";"27,4";"25,0";"84,0";"91,0";"84,0";"24,0";"25,1";"23,0";"1008,1";"1009,4";"1008,1";"1,2";"254,0";"4,6";"1256,50";""
"02/03/2024";"1700";"27,7";"28,2";"27,0";"80,0";"85,0";"78,0";"23,9";"24,7";"23,6";"1006,7";"1008,1";"1006,7";"1,5";"274,0";"5,1";"1301,30";""
"02/03/2024";"1800";"27,1";"27,8";"27,0";"85,0";"86,0";"80,0";"24,3";"24,7";"23,9";"1005,6";"1006,7";"1005,6";"2,1";"296,0";"4,1";"1003,70";""
"02/03/2024";"1900";"27,2";"27,7";"27,0";"82,0";"86,0";"81,0";"23,8";"24,7";"23,8";"1005,1";"1005,6";"1005,1";"1,3";"263,0";"4,9";"857,80";""
"02/03/2024";"2000";"27,1";"27,5";"27,1";"83,0";"84,0";"81,0";"23,9";"24,4";"23,8";"1004,2";"1005,1";"1004,2";"1,2";"254,0";"4,4";"527,00";""
"02/03/2024";"2100";"27,1";"27,3";"27,0";"83,0";"83,0";"82,0";"24,0";"24,2";"23,7";"1004,3";"1004,3";"1004,1";"0,6";"332,0";"2,9";"370,40";""
"02/03/2024";"2200";"26,5";"27,1";"26,5";"87,0";"87,0";"83,0";"24,1";"24,3";"24,0";"1005,0";"1005,0";"1004,3";"0,1";"273,0";"2,7";"117,30";""
"02/03/2024";"2300";"26,1";"26,5";"26,1";"87,0";"88,0";"87,0";"23,8";"24,2";"23,7";"1005,9";"1005,9";"1005,0";"0,5";"331,0";"1,5";"0,90";""
"03/03/2024";"0000";"26,2";"26,2";"26,0";"87,0";"88,0";"87,0";"23,9";"23,9";"23,7";"1006,8";"1006,8";"1005,9";"0,5";"272,0";"1,6";"";""
"03/03/2024";"0100";"";"";"";"";"";"";"";"";"";"";"";"";"";"";"";"";""
"03/03/2024";"0200";"";"";"";"";"";"";"";"";"";"";"";"";"";"";"";"";""
"03/03/2024";"0300";"25,2";"25,6";"25,2";"89,0";"90,0";"89,0";"23,3";"23,8";"23,3";"1008,0";"1008,0";"1007,9";"1,0";"262,0";"2,3";"";""
"03/03/2024";"0400";"25,0";"25,2";"25,0";"89,0";"90,0";"89,0";"23,1";"23,4";"23,1";"1007,2";"1008,0";"1007,2";"0,5";"298,0";"2,7";"";""
"03/03/2024";"0500";"25,2";"25,2";"25,0";"90,0";"90,0";"88,0";"23,4";"23,4";"23,0";"1006,7";"1007,3";"1006,7";"1,6";"271,0";"3,3";"";""
"03/03/2024";"0600";"24,9";"25,3";"24,9";"92,0";"92,0";"90,0";"23,5";"23,7";"23,4";"1006,1";"1006,8";"1006,1";"0,2";"330,0";"3,3";"";""
"03/03/2024";"0700";"25,3";"25,4";"24,8";"91,0";"92,0";"91,0";"23,8";"23,9";"23,4";"1005,8";"1006,1";"1005,8";"1,6";"273,0";"3,4";"";""
"03/03/2024";"0800";"25,1";"25,3";"25,1";"92,0";"92,0";"91,0";"23,6";"23,8";"23,6";"1005,5";"1005,8";"1005,5";"0,9";"283,0";"3,9";"";""
"03/03/2024";"0900";"25,1";"25,1";"25,1";"92,0";"92,0";"92,0";"23,7";"23,8";"23,6";"1005,7";"1005,8";"1005,5";"1,4";"274,0";"3,2";"";""
"03/03/2024";"1000";"25,3";"25,3";"25,0";"91,0";"92,0";"91,0";"23,7";"23,8";"23,6";"1006,6";"1006,6";"1005,7";"1,5";"273,0";"3,7";"0,20";""
"03/03/2024";"1100";"25,6";"25,6";"25,2";"91,0";"91,0";"91,0";"24,0";"24,0";"23,6";"1007,7";"1007,7";"1006,6";"0,8";"273,0";"3,8";"175,30";""
"03/03/2024";"1200";"26,6";"26,6";"25,6";"85,0";"91,0";"85,0";"23,8";"24,2";"23,8";"1009,2";"1009,2";"1007,7";"2,0";"272,0";"4,2";"579,90";""
"03/03/2024";"1300";"27,6";"28,1";"26,5";"77,0";"85,0";"77,0";"23,3";"24,3";"23,2";"1009,7";"1009,7";"1009,2";"1,7";"241,0";"4,1";"1275,20";""
"03/03/2024";"1400";"28,5";"28,5";"27,1";"76,0";"82,0";"76,0";"23,9";"24,1";"23,2";"1009,6";"1009,7";"1009,6";"1,9";"255,0";"4,4";"1315,20";""
"03/03/2024";"1500";"28,2";"28,9";"27,6";"75,0";"80,0";"74,0";"23,4";"24,3";"23,4";"1008,8";"1009,6";"1008,8";"3,0";"234,0";"5,9";"2502,70";""
"03/03/2024";"1600";"28,9";"28,9";"27,9";"72,0";"78,0";"72,0";"23,4";"24,1";"23,3";"1008,1";"1008,8";"1008,1";"2,6";"233,0";"5,9";"3008,70";""
"03/03/2024";"1700";"29,0";"29,4";"28,7";"72,0";"74,0";"69,0";"23,5";"23,8";"22,8";"1006,7";"1008,1";"1006,7";"2,6";"233,0";"5,4";"2166,00";""
"03/03/2024";"1800";"29,9";"29,9";"29,0";"72,0";"73,0";"71,0";"24,2";"24,3";"23,4";"1005,7";"1006,7";"1005,7";"3,1";"233,0";"4,9";"2495,40";""
"03/03/2024";"1900";"29,7";"30,1";"29,3";"73,0";"73,0";"70,0";"24,3";"24,3";"23,6";"1004,6";"1005,7";"1004,6";"1,7";"236,0";"6,0";"1609,60";""
"03/03/2024";"2000";"29,5";"29,7";"29,5";"72,0";"74,0";"70,0";"24,0";"24,3";"23,5";"1004,4";"1004,6";"1004,2";"2,4";"230,0";"5,7";"842,30";""
"03/03/2024";"2100";"25,0";"29,5";"24,8";"92,0";"92,0";"72,0";"23,6";"24,1";"22,7";"1005,0";"1005,3";"1004,4";"0,7";"273,0";"9,2";"62,40";""
"03/03/2024";"2200";"25,1";"25,5";"24,9";"93,0";"93,0";"92,0";"23,9";"24,2";"23,5";"1005,0";"1005,1";"1004,7";"0,6";"313,0";"2,3";"24,20";""
"03/03/2024";"2300";"25,6";"25,8";"25,1";"93,0";"93,0";"93,0";"24,4";"24,6";"23,9";"1005,9";"1005,9";"1005,0";"0,0";"310,0";"1,2";"0,20";""
"04/03/2024";"0000";"25,1";"25,6";"25,0";"92,0";"93,0";"92,0";"23,8";"24,5";"23,6";"1006,5";"1006,5";"1005,9";"0,0";"274,0";"1,6";"";""
"04/03/2024";"0100";"25,1";"25,1";"24,9";"92,0";"93,0";"92,0";"23,8";"23,8";"23,5";"1007,2";"1007,2";"1006,5";"0,0";"319,0";"0,8";"";""
"04/03/2024";"0200";"25,2";"25,4";"25,1";"93,0";"93,0";"93,0";"24,0";"24,1";"23,8";"1007,4";"1007,4";"1007,2";"0,0";"301,0";"0,9";"";""
"04/03/2024";"0300";"25,6";"25,6";"25,2";"93,0";"93,0";"93,0";"24,3";"24,3";"24,0";"1007,4";"1007,5";"1007,4";"0,0";"277,0";"0,0";"";""
"04/03/2024";"0400";"25,5";"25,6";"25,5";"93,0";"93,0";"93,0";"24,3";"24,4";"24,2";"1006,9";"1007,4";"1006,9";"0,0";"257,0";"0,0";"";""
"04/03/2024";"0500";"25,3";"25,5";"25,3";"93,0";"93,0";"93,0";"24,2";"24,3";"24,2";"1006,4";"1006,9";"1006,4";"0,2";"261,0";"1,8";"";""
"04/03/2024";"0600";"24,9";"25,4";"24,9";"94,0";"94,0";"93,0";"23,8";"24,2";"23,8";"1005,9";"1006,4";"1005,9";"0,5";"291,0";"2,6";"";""
"04/03/2024";"0700";"24,8";"24,9";"24,7";"94,0";"94,0";"94,0";"23,7";"23,8";"23,6";"1005,5";"1005,9";"1005,5";"0,1";"290,0";"2,6";"";""
"04/03/2024";"0800";"24,9";"25,0";"24,8";"94,0";"94,0";"93,0";"23,8";"23,8";"23,7";"1005,5";"1005,5";"1005,5";"0,6";"272,0";"2,3";"0,20";""
"04/03/2024";"0900";"25,0";"25,0";"24,9";"93,0";"94,0";"93,0";"23,9";"23,9";"23,8";"1005,9";"1005,9";"1005,5";"0,0";"270,0";"2,0";"0,20";""
"04/03/2024";"1000";"24,8";"25,1";"24,7";"94,0";"94,0";"93,0";"23,6";"24,0";"23,6";"1006,8";"1006,8";"1005,9";"0,6";"277,0";"2,3";"0,20";""
"04/03/2024";"1100";"24,6";"24,8";"24,5";"94,0";"94,0";"94,0";"23,5";"23,6";"23,5";"1008,2";"1008,2";"1006,8";"0,3";"267,0";"2,7";"21,50";""
"04/03/2024";"1200";"25,3";"25,4";"24,6";"93,0";"94,0";"93,0";"24,1";"24,1";"23,5";"1009,0";"1009,0";"1008,2";"0,2";"260,0";"1,8";"119,30";""
"04/03/2024";"1300";"25,6";"25,6";"25,3";"91,0";"93,0";"91,0";"24,0";"24,1";"23,8";"1009,6";"1009,6";"1009,0";"0,3";"274,0";"2,2";"316,20";""
"04/03/2024";"1400";"27,3";"27,4";"25,6";"82,0";"91,0";"82,0";"24,0";"24,6";"23,8";"1009,6";"1009,7";"1009,6";"0,7";"211,0";"2,4";"1105,40";""
"04/03/2024";"1500";"28,1";"28,2";"27,0";"79,0";"83,0";"78,0";"24,2";"24,7";"23,5";"1009,0";"1009,6";"1009,0";"1,5";"220,0";"3,2";"2020,30";""
"04/03/2024";"1600";"28,2";"28,4";"27,8";"80,0";"81,0";"78,0";"24,5";"24,7";"23,8";"1008,2";"1009,0";"1008,2";"0,9";"193,0";"3,2";"1279,10";""
"04/03/2024";"1700";"30,0";"30,0";"28,2";"72,0";"81,0";"70,0";"24,4";"25,0";"23,9";"1006,4";"1008,2";"1006,4";"0,8";"264,0";"2,7";"1825,00";""
"04/03/2024";"1800";"30,0";"30,6";"29,3";"73,0";"77,0";"71,0";"24,6";"25,6";"24,1";"1005,5";"1006,4";"1005,5";"1,2";"224,0";"4,8";"2229,00";""
"04/03/2024";"1900";"29,4";"29,9";"29,2";"75,0";"79,0";"73,0";"24,4";"25,3";"24,4";"1004,6";"1005,5";"1004,6";"0,7";"234,0";"2,5";"709,20";""
"04/03/2024";"2000";"28,3";"29,6";"28,1";"78,0";"79,0";"75,0";"24,1";"25,4";"23,5";"1004,1";"1004,6";"1004,1";"0,7";"232,0";"3,7";"694,50";""
"04/03/2024";"2100";"27,6";"28,8";"27,5";"79,0";"79,0";"76,0";"23,6";"24,5";"23,4";"1004,5";"1004,5";"1004,1";"1,6";"297,0";"3,8";"359,40";""
"04/03/2024";"2200";"27,0";"27,6";"26,9";"83,0";"83,0";"79,0";"23,8";"23,9";"23,3";"1004,8";"1004,9";"1004,5";"0,3";"288,0";"3,3";"99,30";""
"04/03/2024";"2300";"26,7";"27,0";"26,7";"86,0";"86,0";"82,0";"24,1";"24,1";"23,4";"1004,9";"1005,0";"1004,7";"0,3";"320,0";"1,4";"2,80";""
"05/03/2024";"0000";"26,4";"26,7";"26,2";"88,0";"88,0";"86,0";"24,2";"24,3";"23,8";"1006,1";"1006,1";"1004,8";"1,1";"297,0";"2,5";"";""
"05/03/2024";"0100";"26,2";"26,4";"26,2";"89,0";"89,0";"88,0";"24,3";"24,4";"24,2";"1006,5";"1006,5";"1006,1";"1,3";"297,0";"2,6";"";""
"05/03/2024";"0200";"25,8";"26,2";"25,8";"85,0";"90,0";"85,0";"23,2";"24,3";"23,2";"1006,2";"1006,5";"1006,2";"0,8";"275,0";"3,5";"";""
"05/03/2024";"0300";"25,4";"25,8";"25,4";"89,0";"89,0";"85,0";"23,5";"23,5";"23,1";"1006,0";"1006,3";"1005,9";"0,6";"286,0";"2,9";"";""
"05/03/2024";"0400";"25,3";"25,4";"25,3";"91,0";"91,0";"89,0";"23,6";"23,7";"23,4";"1005,8";"1006,0";"1005,8";"0,3";"313,0";"2,1";"";""
"05/03/2024";"0500";"24,9";"25,3";"24,9";"92,0";"92,0";"91,0";"23,4";"23,7";"23,4";"1005,4";"1005,8";"1005,4";"1,2";"297,0";"2,3";"";""
"05/03/2024";"0600";"24,8";"24,9";"24,6";"93,0";"93,0";"92,0";"23,6";"23,6";"23,3";"1005,1";"1005,4";"1005,1";"0,1";"246,0";"2,3";"";""
"05/03/2024";"0700";"25,0";"25,0";"24,8";"92,0";"93,0";"92,0";"23,6";"23,7";"23,6";"1005,3";"1005,3";"1005,0";"0,1";"275,0";"2,2";"";""
"05/03/2024";"0800";"24,9";"25,0";"24,9";"92,0";"92,0";"92,0";"23,6";"23,7";"23,6";"1005,4";"1005,5";"1005,3";"0,4";"281,0";"1,8";"";""
"05/03/2024";"0900";"24,6";"24,9";"24,6";"93,0";"93,0";"92,0";"23,4";"23,6";"23,4";"1005,9";"1005,9";"1005,4";"0,0";"304,0";"1,5";"";""
"05/03/2024";"1000";"24,9";"24,9";"24,3";"93,0";"93,0";"93,0";"23,7";"23,7";"23,1";"1006,3";"1006,3";"1005,9";"0,3";"236,0";"2,0";"0,40";""
"05/03/2024";"1100";"25,3";"25,4";"24,9";"92,0";"93,0";"92,0";"23,9";"24,0";"23,7";"1007,3";"1007,3";"1006,3";"0,0";"283,0";"1,8";"107,20";""
"05/03/2024";"1200";"27,1";"27,4";"25,3";"81,0";"92,0";"81,0";"23,5";"24,5";"23,5";"1008,0";"1008,0";"1007,3";"0,8";"268,0";"2,8";"680,90";""
"05/03/2024";"1300";"28,8";"28,8";"27,1";"77,0";"82,0";"74,0";"24,3";"24,9";"23,4";"1008,3";"1008,3";"1008,0";"1,3";"234,0";"3,4";"1700,20";""
"05/03/2024";"1400";"30,5";"30,5";"28,5";"65,0";"78,0";"64,0";"23,1";"24,8";"22,6";"1008,5";"1008,6";"1008,3";"1,8";"273,0";"4,9";"2442,80";""
"05/03/2024";"1500";"31,2";"31,4";"30,1";"68,0";"73,0";"62,0";"24,5";"25,6";"22,4";"1008,3";"1008,5";"1008,2";"1,4";"243,0";"4,8";"2940,20";""
"05/03/2024";"1600";"31,2";"32,2";"30,7";"65,0";"70,0";"62,0";"23,8";"25,5";"22,9";"1007,7";"1008,3";"1007,7";"1,0";"251,0";"4,5";"2988,70";""
"05/03/2024";"1700";"31,7";"31,9";"30,8";"66,0";"70,0";"64,0";"24,5";"25,3";"23,5";"1006,7";"1007,7";"1006,7";"0,4";"277,0";"3,2";"1684,30";""
"05/03/2024";"1800";"32,0";"33,1";"31,2";"59,0";"67,0";"58,0";"23,1";"26,0";"22,7";"1005,2";"1006,7";"1005,2";"1,3";"229,0";"3,0";"2860,50";""
"05/03/2024";"1900";"32,3";"33,1";"31,9";"59,0";"63,0";"56,0";"23,4";"24,8";"22,5";"1003,7";"1005,2";"1003,7";"1,4";"235,0";"3,2";"2666,50";""
"05/03/2024";"2000";"33,5";"33,5";"32,3";"59,0";"62,0";"55,0";"24,3";"24,5";"22,5";"1002,7";"1003,7";"1002,7";"0,5";"232,0";"3,2";"1932,80";""
"05/03/2024";"2100";"31,6";"33,6";"31,5";"62,0";"63,0";"56,0";"23,4";"24,5";"22,9";"1002,4";"1002,8";"1002,4";"1,0";"197,0";"3,3";"1155,80";""
"05/03/2024";"2200";"30,8";"32,0";"30,8";"63,0";"65,0";"57,0";"22,9";"24,5";"22,2";"1003,2";"1003,2";"1002,4";"0,7";"283,0";"2,6";"119,90";""
"05/03/2024";"2300";"29,2";"30,8";"29,0";"73,0";"73,0";"63,0";"23,8";"23,8";"22,8";"1003,8";"1003,8";"1003,2";"1,0";"298,0";"1,7";"7,50";""
"06/03/2024";"0000";"28,5";"29,2";"28,4";"77,0";"77,0";"73,0";"24,1";"24,1";"23,7";"1004,4";"1004,5";"1003,8";"0,0";"299,0";"1,5";"";""
"06/03/2024";"0100";"28,7";"29,0";"28,3";"73,0";"78,0";"71,0";"23,4";"24,2";"23,2";"1004,8";"1004,8";"1004,3";"1,2";"285,0";"2,4";"";""
"06/03/2024";"0200";"28,2";"28,7";"28,2";"78,0";"78,0";"73,0";"24,0";"24,2";"23,4";"1005,6";"1005,6";"1004,8";"1,3";"271,0";"3,2";"";""
"06/03/2024";"0300";"27,6";"28,2";"27,6";"80,0";"80,0";"78,0";"23,8";"24,0";"23,7";"1005,4";"1005,6";"1005,4";"0,7";"270,0";"2,9";"";""
"06/03/2024";"0400";"26,9";"27,6";"26,9";"84,0";"85,0";"80,0";"24,1";"24,1";"23,8";"1005,2";"1005,5";"1005,2";"0,6";"280,0";"2,3";"";""
"06/03/2024";"0500";"26,8";"26,9";"26,8";"86,0";"86,0";"84,0";"24,2";"24,2";"24,0";"1004,6";"1005,1";"1004,6";"0,5";"270,0";"2,5";"";""
"06/03/2024";"0600";"26,6";"26,9";"26,6";"87,0";"87,0";"84,0";"24,2";"24,2";"24,0";"1004,3";"1004,6";"1004,3";"0,0";"279,0";"3,7";"";""
"06/03/2024";"0700";"26,2";"26,6";"26,1";"88,0";"89,0";"87,0";"24,1";"24,3";"24,1";"1004,2";"1004,5";"1004,2";"0,2";"262,0";"1,4";"";""
"06/03/2024";"0800";"26,1";"26,2";"26,0";"89,0";"89,0";"88,0";"24,1";"24,3";"24,1";"1004,5";"1004,5";"1004,2";"0,1";"274,0";"1,3";"";""
"06/03/2024";"0900";"25,8";"26,2";"25,8";"89,0";"89,0";"88,0";"23,8";"24,3";"23,8";"1004,7";"1004,7";"1004,5";"1,1";"295,0";"1,8";"";""
"06/03/2024";"1000";"25,8";"25,8";"25,7";"90,0";"90,0";"89,0";"24,0";"24,0";"23,8";"1005,2";"1005,2";"1004,7";"1,2";"285,0";"3,2";"0,30";""
"06/03/2024";"1100";"26,6";"26,6";"25,7";"89,0";"90,0";"89,0";"24,6";"24,6";"24,0";"1005,7";"1005,7";"1005,2";"0,7";"278,0";"2,8";"82,70";""
"06/03/2024";"1200";"29,0";"29,0";"26,6";"81,0";"89,0";"81,0";"25,4";"25,6";"24,6";"1006,5";"1006,5";"1005,7";"0,8";"272,0";"3,6";"683,60";""
"06/03/2024";"1300";"30,5";"30,6";"29,0";"70,0";"81,0";"69,0";"24,3";"25,8";"24,3";"1007,0";"1007,1";"1006,5";"1,6";"269,0";"4,9";"1687,20";""
"06/03/2024";"1400";"30,9";"31,5";"30,2";"68,0";"72,0";"66,0";"24,3";"25,3";"24,0";"1007,3";"1007,3";"1007,0";"2,5";"281,0";"5,7";"2423,00";""
"06/03/2024";"1500";"33,1";"33,1";"30,9";"63,0";"69,0";"62,0";"25,2";"25,2";"23,8";"1006,7";"1007,3";"1006,6";"1,6";"274,0";"5,7";"2955,00";""
"06/03/2024";"1600";"32,6";"33,4";"31,9";"62,0";"66,0";"60,0";"24,3";"25,7";"23,9";"1006,2";"1006,6";"1006,2";"1,9";"270,0";"5,2";"2814,40";""
"06/03/2024";"1700";"33,6";"34,0";"32,6";"57,0";"64,0";"56,0";"24,0";"25,2";"23,3";"1005,0";"1006,2";"1005,0";"2,0";"268,0";"5,0";"3431,20";""
"06/03/2024";"1800";"34,4";"34,4";"32,4";"59,0";"62,0";"54,0";"25,2";"25,2";"22,9";"1003,1";"1005,0";"1003,1";"1,0";"277,0";"4,9";"2339,40";""
"06/03/2024";"1900";"33,8";"34,5";"33,5";"56,0";"60,0";"53,0";"23,7";"25,2";"23,1";"1001,8";"1003,1";"1001,7";"2,4";"275,0";"5,4";"2746,80";""
"06/03/2024";"2000";"33,6";"33,8";"32,9";"51,0";"60,0";"51,0";"21,9";"24,6";"21,8";"1001,3";"1001,8";"1001,3";"1,6";"253,0";"5,6";"2103,70";""
"06/03/2024";"2100";"31,7";"33,6";"31,7";"59,0";"60,0";"50,0";"22,7";"23,1";"20,9";"1001,6";"1001,6";"1001,3";"0,4";"273,0";"4,1";"816,90";""
"06/03/2024";"2200";"30,7";"31,8";"30,7";"67,0";"68,0";"59,0";"23,9";"24,1";"22,8";"1002,0";"1002,0";"1001,5";"0,4";"276,0";"1,7";"150,80";""
"06/03/2024";"2300";"29,4";"30,7";"29,4";"75,0";"75,0";"67,0";"24,4";"24,4";"23,9";"1003,0";"1003,0";"1002,0";"0,0";"283,0";"1,4";"2,40";""
"07/03/2024";"0000";"28,9";"29,4";"28,8";"79,0";"80,0";"75,0";"24,9";"25,0";"24,1";"1003,7";"1003,7";"1003,0";"0,1";"285,0";"1,1";"";""
"07/03/2024";"0100";"28,9";"29,2";"28,9";"77,0";"79,0";"76,0";"24,5";"25,0";"24,4";"1004,4";"1004,4";"1003,7";"1,1";"266,0";"2,6";"";""
"07/03/2024";"0200";"28,4";"28,9";"28,4";"81,0";"81,0";"77,0";"24,8";"24,9";"24,5";"1004,7";"1004,7";"1004,4";"0,1";"275,0";"2,4";"";""
"07/03/2024";"0300";"28,2";"28,5";"28,2";"81,0";"81,0";"80,0";"24,7";"24,9";"24,6";"1005,2";"1005,3";"1004,7";"1,1";"286,0";"3,9";"";""
"07/03/2024";"0400";"27,8";"28,2";"27,7";"83,0";"84,0";"81,0";"24,7";"24,8";"24,5";"1005,2";"1005,2";"1004,8";"0,6";"201,0";"2,3";"";""
"07/03/2024";"0500";"27,6";"27,9";"27,6";"83,0";"84,0";"83,0";"24,5";"25,0";"24,5";"1004,7";"1005,2";"1004,6";"0,1";"259,0";"1,8";"";""
"07/03/2024";"0600";"27,2";"27,6";"27,2";"84,0";"84,0";"82,0";"24,3";"24,5";"24,1";"1004,6";"1004,7";"1004,5";"0,1";"299,0";"1,2";"";""
"07/03/2024";"0700";"26,9";"27,2";"26,8";"88,0";"88,0";"84,0";"24,6";"24,7";"24,3";"1004,9";"1004,9";"1004,6";"0,2";"297,0";"1,5";"";""
"07/03/2024";"0800";"26,8";"27,2";"26,8";"88,0";"88,0";"87,0";"24,7";"24,9";"24,7";"1004,8";"1004,9";"1004,7";"0,4";"296,0";"1,0";"";""
"07/03/2024";"0900";"26,6";"26,9";"26,6";"90,0";"90,0";"88,0";"24,8";"24,9";"24,7";"1005,1";"1005,1";"1004,6";"0,9";"298,0";"2,0";"";""
"07/03/2024";"1000";"26,4";"26,6";"26,4";"91,0";"91,0";"90,0";"24,8";"24,9";"24,7";"1005,7";"1005,7";"1005,0";"0,2";"313,0";"1,8";"0,20";""
"07/03/2024";"1100";"27,0";"27,0";"26,4";"89,0";"91,0";"89,0";"25,1";"25,1";"24,7";"1006,9";"1006,9";"1005,7";"0,0";"222,0";"1,0";"94,00";""
"07/03/2024";"1200";"27,9";"27,9";"27,0";"85,0";"89,0";"85,0";"25,1";"25,6";"25,0";"1007,4";"1007,4";"1006,9";"1,4";"344,0";"2,1";"470,80";""
"07/03/2024";"1300";"29,8";"30,2";"27,8";"77,0";"85,0";"77,0";"25,5";"26,1";"24,9";"1008,1";"1008,2";"1007,4";"1,2";"239,0";"2,6";"1448,50";""
"07/03/2024";"1400";"30,2";"30,2";"29,2";"76,0";"81,0";"76,0";"25,5";"26,1";"24,9";"1008,6";"1008,6";"1008,1";"0,7";"244,0";"2,6";"1079,10";""
"07/03/2024";"1500";"32,3";"32,7";"30,2";"62,0";"76,0";"60,0";"24,2";"25,6";"23,6";"1007,7";"1008,6";"1007,7";"1,9";"267,0";"6,2";"2633,70";""
"07/03/2024";"1600";"32,3";"32,7";"31,4";"63,0";"64,0";"59,0";"24,3";"24,5";"23,1";"1006,8";"1007,7";"1006,8";"2,6";"271,0";"7,0";"2585,70";""
"07/03/2024";"1700";"32,3";"33,3";"31,6";"60,0";"66,0";"59,0";"23,6";"24,9";"23,5";"1005,3";"1006,8";"1005,3";"2,2";"290,0";"5,9";"2828,10";""
"07/03/2024";"1800";"30,4";"33,9";"29,4";"74,0";"78,0";"58,0";"25,3";"25,5";"23,7";"1003,7";"1005,3";"1003,7";"1,3";"264,0";"6,1";"1360,30";""
"07/03/2024";"1900";"32,4";"32,6";"30,4";"61,0";"74,0";"61,0";"24,0";"26,3";"24,0";"1002,3";"1003,7";"1002,3";"1,2";"262,0";"4,1";"1539,10";""
"07/03/2024";"2000";"33,3";"33,8";"32,3";"60,0";"64,0";"58,0";"24,4";"25,5";"23,2";"1001,7";"1002,3";"1001,6";"1,1";"260,0";"4,8";"1627,90";""
"07/03/2024";"2100";"32,1";"33,3";"32,1";"61,0";"63,0";"59,0";"23,5";"24,7";"23,5";"1001,4";"1001,7";"1001,3";"2,6";"285,0";"5,7";"1087,00";""
"07/03/2024";"2200";"29,6";"32,0";"29,6";"72,0";"72,0";"61,0";"24,1";"24,5";"23,6";"1002,2";"1002,2";"1001,3";"2,1";"303,0";"5,4";"110,90";""
"07/03/2024";"2300";"28,6";"29,6";"28,6";"78,0";"78,0";"72,0";"24,4";"24,6";"24,1";"1003,7";"1003,7";"1002,2";"1,0";"296,0";"3,8";"1,60";""
"08/03/2024";"0000";"28,0";"28,6";"28,0";"82,0";"82,0";"78,0";"24,7";"24,8";"24,4";"1004,7";"1004,7";"1003,7";"1,3";"306,0";"2,9";"";""
"08/03/2024";"0100";"27,8";"28,2";"27,8";"82,0";"82,0";"81,0";"24,5";"24,7";"24,5";"1005,8";"1005,8";"1004,7";"0,9";"312,0";"2,9";"";""
"08/03/2024";"0200";"27,6";"27,8";"27,6";"82,0";"82,0";"82,0";"24,4";"24,5";"24,3";"1006,1";"1006,1";"1005,8";"1,0";"307,0";"3,2";"";""
"08/03/2024";"0300";"27,2";"27,6";"27,2";"85,0";"85,0";"82,0";"24,5";"24,5";"24,3";"1006,2";"1006,4";"1006,1";"1,6";"302,0";"2,8";"";""
"08/03/2024";"0400";"26,8";"27,2";"26,8";"88,0";"88,0";"85,0";"24,6";"24,7";"24,5";"1006,2";"1006,6";"1006,2";"1,0";"303,0";"2,8";"";""
"08/03/2024";"0500";"26,9";"26,9";"26,8";"88,0";"88,0";"88,0";"24,8";"24,9";"24,7";"1005,8";"1006,2";"1005,8";"1,1";"307,0";"3,8";"";""
"08/03/2024";"0600";"25,7";"27,0";"25,7";"84,0";"88,0";"84,0";"22,9";"24,9";"22,8";"1004,7";"1005,8";"1004,7";"2,1";"297,0";"6,4";"";""
"08/03/2024";"0700";"25,5";"25,7";"25,3";"88,0";"88,0";"84,0";"23,2";"23,3";"22,9";"1004,8";"1005,0";"1004,6";"1,8";"304,0";"4,9";"";""
"08/03/2024";"0800";"25,4";"25,5";"25,4";"88,0";"89,0";"88,0";"23,3";"23,4";"23,2";"1005,0";"1005,1";"1004,8";"1,2";"292,0";"4,0";"";""
"08/03/2024";"0900";"25,4";"25,5";"25,4";"89,0";"89,0";"88,0";"23,5";"23,5";"23,3";"1005,9";"1005,9";"1005,0";"1,2";"300,0";"2,3";"";""
"08/03/2024";"1000";"25,3";"25,5";"25,3";"90,0";"90,0";"89,0";"23,6";"23,7";"23,5";"1006,6";"1006,6";"1005,9";"0,9";"312,0";"2,5";"0,70";""
"08/03/2024";"1100";"25,7";"25,7";"25,1";"90,0";"91,0";"90,0";"23,9";"23,9";"23,5";"1007,6";"1007,6";"1006,6";"1,2";"302,0";"2,6";"174,30";""
"08/03/2024";"1200";"27,1";"27,2";"25,7";"82,0";"90,0";"82,0";"23,8";"24,2";"23,6";"1008,6";"1008,6";"1007,6";"1,4";"301,0";"4,0";"614,20";""
"08/03/2024";"1300";"28,5";"28,5";"27,0";"78,0";"83,0";"78,0";"24,2";"24,3";"23,6";"1009,5";"1009,5";"1008,6";"2,1";"290,0";"4,5";"1012,90";""
"08/03/2024";"1400";"29,2";"29,9";"28,4";"72,0";"78,0";"71,0";"23,6";"25,0";"23,4";"1009,6";"1009,7";"1009,4";"3,0";"281,0";"6,1";"1659,00";""
"08/03/2024";"1500";"30,4";"30,4";"29,1";"72,0";"73,0";"69,0";"24,8";"24,8";"23,2";"1008,9";"1009,6";"1008,9";"3,2";"282,0";"7,5";"1795,00";""
"08/03/2024";"1600";"26,6";"30,6";"26,5";"88,0";"88,0";"68,0";"24,4";"24,5";"23,3";"1008,1";"1009,0";"1008,1";"2,3";"299,0";"7,0";"584,20";""
"08/03/2024";"1700";"27,0";"27,0";"26,4";"85,0";"89,0";"85,0";"24,3";"24,7";"24,1";"1006,4";"1008,1";"1006,4";"2,1";"286,0";"4,5";"709,70";""
"08/03/2024";"1800";"31,1";"31,1";"27,0";"71,0";"86,0";"70,0";"25,2";"25,6";"23,9";"1004,6";"1006,4";"1004,6";"1,8";"289,0";"5,6";"2280,50";""
"08/03/2024";"1900";"29,9";"31,4";"29,6";"70,0";"72,0";"65,0";"23,9";"25,1";"23,6";"1003,9";"1004,6";"1003,9";"1,4";"247,0";"5,7";"2213,80";""
"08/03/2024";"2000";"28,9";"30,1";"28,9";"73,0";"74,0";"70,0";"23,6";"24,3";"23,1";"1003,0";"1003,9";"1002,9";"1,3";"278,0";"4,9";"1017,50";""
"08/03/2024";"2100";"29,0";"29,2";"28,8";"74,0";"75,0";"72,0";"23,8";"24,1";"23,4";"1004,0";"1004,0";"1003,0";"0,7";"308,0";"3,0";"481,10";""
"08/03/2024";"2200";"27,9";"29,0";"27,9";"78,0";"79,0";"73,0";"23,8";"24,3";"23,5";"1004,7";"1004,7";"1004,0";"0,1";"284,0";"2,0";"169,00";""
"08/03/2024";"2300";"27,3";"27,9";"27,2";"83,0";"83,0";"78,0";"24,1";"24,2";"23,5";"1005,1";"1005,3";"1004,7";"0,1";"206,0";"0,8";"0,90";""
"09/03/2024";"0000";"27,1";"27,7";"27,0";"84,0";"84,0";"82,0";"24,3";"24,4";"24,0";"1005,6";"1005,6";"1005,0";"0,0";"215,0";"0,8";"";""
"09/03/2024";"0100";"27,3";"27,5";"27,1";"85,0";"86,0";"84,0";"24,6";"24,7";"24,3";"1006,2";"1006,3";"1005,6";"0,1";"240,0";"1,2";"";""
"09/03/2024";"0200";"27,4";"27,6";"27,0";"86,0";"87,0";"85,0";"24,8";"25,1";"24,5";"1006,6";"1006,8";"1006,2";"0,1";"219,0";"1,5";"";""
"09/03/2024";"0300";"27,1";"27,6";"27,1";"89,0";"90,0";"86,0";"25,2";"25,4";"24,9";"1006,9";"1006,9";"1006,6";"0,0";"223,0";"1,1";"";""
"09/03/2024";"0400";"26,5";"27,1";"26,5";"91,0";"91,0";"89,0";"25,0";"25,5";"24,9";"1006,7";"1006,9";"1006,5";"0,0";"299,0";"0,0";"";""
"09/03/2024";"0500";"25,1";"26,5";"25,1";"87,0";"92,0";"86,0";"22,8";"25,2";"22,8";"1006,7";"1006,9";"1006,5";"2,9";"266,0";"10,3";"";""
"09/03/2024";"0600";"24,3";"25,1";"24,2";"91,0";"91,0";"87,0";"22,7";"22,9";"22,6";"1006,1";"1006,7";"1005,7";"0,5";"267,0";"7,8";"";""
"09/03/2024";"0700";"24,4";"24,4";"24,3";"92,0";"92,0";"91,0";"23,1";"23,1";"22,7";"1005,8";"1006,1";"1005,8";"1,0";"281,0";"2,3";"";""
"09/03/2024";"0800";"24,4";"24,5";"24,4";"93,0";"93,0";"92,0";"23,2";"23,2";"23,1";"1006,1";"1006,1";"1005,6";"0,7";"269,0";"2,5";"";""
"09/03/2024";"0900";"24,5";"24,6";"24,4";"93,0";"93,0";"93,0";"23,3";"23,4";"23,2";"1006,4";"1006,4";"1006,1";"0,2";"278,0";"2,7";"";""
"09/03/2024";"1000";"24,7";"24,7";"24,5";"93,0";"93,0";"93,0";"23,5";"23,5";"23,3";"1006,5";"1006,5";"1006,4";"1,9";"282,0";"4,0";"0,10";""
"09/03/2024";"1100";"25,1";"25,2";"24,7";"93,0";"93,0";"93,0";"24,0";"24,0";"23,5";"1007,6";"1007,6";"1006,5";"0,8";"284,0";"4,0";"55,10";""
"09/03/2024";"1200";"25,8";"25,8";"25,1";"93,0";"93,0";"93,0";"24,6";"24,6";"24,0";"1008,5";"1008,5";"1007,6";"1,4";"295,0";"3,0";"308,00";""
"09/03/2024";"1300";"26,8";"27,0";"25,7";"88,0";"93,0";"88,0";"24,7";"25,3";"24,5";"1009,0";"1009,0";"1008,5";"1,5";"301,0";"3,8";"776,50";""
"09/03/2024";"1400";"28,0";"28,1";"26,7";"82,0";"89,0";"82,0";"24,5";"25,7";"24,3";"1009,1";"1009,2";"1009,0";"1,0";"270,0";"3,8";"906,90";""
"09/03/2024";"1500";"28,6";"28,8";"27,9";"82,0";"84,0";"78,0";"25,2";"25,3";"24,2";"1008,6";"1009,1";"1008,6";"0,9";"233,0";"3,1";"1121,10";""
"09/03/2024";"1600";"30,0";"30,5";"28,7";"74,0";"82,0";"73,0";"24,9";"26,2";"24,5";"1007,5";"1008,5";"1007,5";"1,3";"223,0";"3,5";"2164,70";""
"09/03/2024";"1700";"29,0";"30,3";"29,0";"77,0";"78,0";"74,0";"24,6";"25,6";"24,5";"1006,3";"1007,5";"1006,3";"1,2";"228,0";"4,2";"1585,60";""
"09/03/2024";"1800";"30,1";"30,5";"28,7";"73,0";"79,0";"73,0";"24,7";"25,4";"24,3";"1005,6";"1006,3";"1005,5";"1,3";"225,0";"4,3";"1491,10";""
"09/03/2024";"1900";"30,9";"30,9";"29,5";"72,0";"75,0";"72,0";"25,2";"25,5";"24,4";"1004,8";"1005,6";"1004,8";"0,3";"246,0";"3,4";"1722,90";""
"09/03/2024";"2000";"30,9";"31,2";"29,7";"70,0";"75,0";"68,0";"24,7";"25,7";"23,8";"1003,8";"1004,8";"1003,8";"0,6";"231,0";"2,8";"1543,80";""
"09/03/2024";"2100";"29,6";"31,5";"29,6";"73,0";"75,0";"67,0";"24,3";"25,6";"23,9";"1003,6";"1003,9";"1003,6";"1,2";"275,0";"3,3";"963,80";""
"09/03/2024";"2200";"28,5";"29,6";"28,4";"79,0";"79,0";"73,0";"24,5";"24,6";"24,1";"1004,0";"1004,0";"1003,6";"1,2";"299,0";"3,8";"119,00";""
"09/03/2024";"2300";"27,8";"28,5";"27,8";"84,0";"84,0";"79,0";"24,7";"25,0";"24,5";"1004,5";"1004,5";"1004,0";"1,0";"308,0";"2,9";"1,80";""
"10/03/2024";"0000";"27,0";"27,8";"27,0";"81,0";"85,0";"81,0";"23,6";"24,8";"23,6";"1004,9";"1004,9";"1004,5";"1,6";"300,0";"4,6";"";""
"10/03/2024";"0100";"26,7";"27,0";"26,7";"83,0";"83,0";"81,0";"23,6";"23,7";"23,5";"1005,6";"1005,6";"1004,9";"1,5";"297,0";"3,1";"";""
"10/03/2024";"0200";"26,4";"26,7";"26,4";"85,0";"85,0";"83,0";"23,7";"23,7";"23,5";"1006,6";"1006,7";"1005,6";"0,7";"293,0";"2,7";"";""
"10/03/2024";"0300";"26,5";"26,5";"26,2";"89,0";"89,0";"85,0";"24,5";"24,5";"23,7";"1006,8";"1006,9";"1006,6";"0,2";"281,0";"1,4";"";""
"10/03/2024";"0400";"26,5";"26,9";"26,5";"90,0";"90,0";"89,0";"24,7";"25,0";"24,5";"1006,2";"1006,8";"1006,2";"0,4";"309,0";"1,6";"";""
"10/03/2024";"0500";"26,2";"26,5";"26,2";"91,0";"91,0";"90,0";"24,7";"24,7";"24,6";"1005,7";"1006,2";"1005,7";"0,0";"309,0";"1,1";"";""
"10/03/2024";"0600";"26,3";"26,4";"26,2";"91,0";"92,0";"91,0";"24,8";"24,9";"24,7";"1005,3";"1005,7";"1005,3";"0,1";"339,0";"1,0";"";""
"10/03/2024";"0700";"26,3";"26,4";"26,1";"92,0";"92,0";"91,0";"24,8";"25,0";"24,6";"1004,9";"1005,3";"1004,7";"0,5";"343,0";"1,7";"";""
"10/03/2024";"0800";"26,2";"26,3";"26,1";"92,0";"92,0";"92,0";"24,8";"24,9";"24,7";"1005,1";"1005,2";"1004,8";"0,2";"333,0";"1,3";"";""
"10/03/2024";"0900";"26,1";"26,2";"26,1";"93,0";"93,0";"92,0";"24,8";"25,0";"24,8";"1005,6";"1005,6";"1005,1";"0,3";"297,0";"1,6";"";""
"10/03/2024";"1000";"25,4";"26,2";"25,4";"91,0";"93,0";"90,0";"23,7";"24,9";"23,7";"1006,5";"1006,5";"1005,6";"1,2";"309,0";"3,7";"1,70";""
"10/03/2024";"1100";"25,5";"25,6";"25,1";"89,0";"91,0";"88,0";"23,5";"23,7";"23,2";"1007,7";"1007,7";"1006,5";"0,3";"273,0";"3,3";"100,50";""
"10/03/2024";"1200";"26,8";"26,8";"25,5";"87,0";"89,0";"87,0";"24,4";"24,5";"23,5";"1008,7";"1008,7";"1007,8";"0,7";"320,0";"2,0";"557,30";""
"10/03/2024";"1300";"28,0";"28,2";"26,8";"81,0";"87,0";"81,0";"24,5";"25,0";"24,2";"1009,2";"1009,3";"1008,7";"1,0";"205,0";"1,8";"1191,90";""
"10/03/2024";"1400";"28,6";"28,8";"27,8";"80,0";"82,0";"79,0";"24,7";"25,0";"24,2";"1009,4";"1009,4";"1009,2";"1,3";"244,0";"2,1";"1538,00";""
"10/03/2024";"1500";"30,2";"30,6";"28,5";"71,0";"80,0";"71,0";"24,4";"25,4";"24,4";"1008,8";"1009,4";"1008,8";"0,8";"214,0";"2,1";"2118,00";""
"10/03/2024";"1600";"30,8";"31,9";"30,2";"69,0";"75,0";"68,0";"24,4";"26,4";"24,3";"1007,6";"1008,8";"1007,6";"1,1";"229,0";"3,4";"2758,80";""
"10/03/2024";"1700";"30,8";"31,5";"30,3";"70,0";"72,0";"66,0";"24,7";"25,4";"23,7";"1006,7";"1007,6";"1006,7";"1,6";"197,0";"2,6";"2160,20";""
"10/03/2024";"1800";"27,4";"32,3";"27,4";"80,0";"80,0";"61,0";"23,7";"25,5";"23,1";"1006,1";"1006,7";"1006,0";"2,9";"261,0";"11,5";"1046,00";""
"10/03/2024";"1900";"26,2";"27,4";"26,1";"91,0";"91,0";"80,0";"24,5";"24,9";"23,7";"1005,0";"1006,1";"1005,0";"2,7";"287,0";"11,5";"117,70";""
"10/03/2024";"2000";"26,2";"26,4";"25,8";"89,0";"91,0";"88,0";"24,2";"24,6";"24,1";"1004,5";"1005,0";"1004,4";"2,2";"296,0";"4,8";"428,90";""
"10/03/2024";"2100";"26,0";"26,4";"26,0";"87,0";"89,0";"86,0";"23,7";"24,2";"23,7";"1004,4";"1004,7";"1004,3";"2,0";"294,0";"4,7";"428,00";""
"10/03/2024";"2200";"25,7";"26,1";"25,7";"87,0";"88,0";"86,0";"23,3";"23,9";"23,2";"1004,6";"1004,6";"1004,3";"0,5";"305,0";"3,5";"100,80";""
"10/03/2024";"2300";"25,3";"25,7";"25,3";"89,0";"89,0";"86,0";"23,5";"23,5";"23,1";"1005,0";"1005,1";"1004,4";"0,1";"313,0";"2,5";"0,80";""
"11/03/2024";"0000";"25,4";"25,6";"25,2";"90,0";"90,0";"89,0";"23,6";"23,9";"23,5";"1005,3";"1005,3";"1004,9";"0,3";"286,0";"1,3";"";""
"11/03/2024";"0100";"25,1";"25,4";"25,1";"91,0";"91,0";"90,0";"23,5";"23,6";"23,4";"1006,6";"1006,6";"1005,3";"0,3";"320,0";"1,9";"";""
"11/03/2024";"0200";"25,1";"25,1";"24,9";"91,0";"92,0";"91,0";"23,6";"23,6";"23,3";"1007,6";"1007,6";"1006,6";"0,5";"311,0";"1,7";"";""
"11/03/2024";"0300";"25,3";"25,3";"25,1";"91,0";"92,0";"91,0";"23,7";"23,8";"23,6";"1007,5";"1007,9";"1007,5";"0,0";"323,0";"1,1";"";""
"11/03/2024";"0400";"25,1";"25,4";"25,0";"91,0";"92,0";"91,0";"23,6";"23,8";"23,5";"1007,5";"1007,7";"1007,4";"0,8";"302,0";"1,3";"";""
"11/03/2024";"0500";"25,2";"25,3";"25,1";"91,0";"91,0";"91,0";"23,7";"23,7";"23,5";"1006,9";"1007,5";"1006,9";"1,2";"299,0";"2,1";"";""
"11/03/2024";"0600";"25,4";"25,4";"25,2";"91,0";"91,0";"91,0";"23,9";"23,9";"23,7";"1006,3";"1006,9";"1006,3";"0,5";"291,0";"2,2";"";""
"11/03/2024";"0700";"25,2";"25,4";"25,2";"92,0";"92,0";"91,0";"23,8";"23,9";"23,7";"1006,2";"1006,3";"1006,1";"0,4";"308,0";"1,4";"";""
"11/03/2024";"0800";"25,3";"25,4";"25,1";"93,0";"93,0";"92,0";"24,0";"24,1";"23,8";"1006,2";"1006,5";"1006,2";"0,7";"306,0";"1,4";"";""
"11/03/2024";"0900";"25,5";"25,5";"25,3";"93,0";"93,0";"93,0";"24,2";"24,2";"24,0";"1006,5";"1006,5";"1006,2";"0,0";"317,0";"1,4";"";""
"11/03/2024";"1000";"25,5";"25,5";"25,4";"92,0";"93,0";"92,0";"24,1";"24,2";"24,0";"1007,1";"1007,1";"1006,5";"0,0";"318,0";"0,0";"0,20";""
"11/03/2024";"1100";"25,6";"25,7";"25,4";"92,0";"92,0";"91,0";"24,2";"24,3";"23,9";"1008,1";"1008,1";"1007,1";"0,1";"284,0";"2,0";"92,00";""
"11/03/2024";"1200";"27,3";"27,4";"25,5";"87,0";"92,0";"87,0";"24,8";"25,3";"24,1";"1008,8";"1008,8";"1008,1";"1,1";"312,0";"2,9";"554,30";""
"11/03/2024";"1300";"28,0";"28,0";"27,0";"82,0";"87,0";"80,0";"24,6";"25,1";"23,9";"1009,7";"1009,7";"1008,8";"1,4";"297,0";"4,9";"1021,70";""
"11/03/2024";"1400";"27,5";"28,0";"27,0";"79,0";"85,0";"78,0";"23,6";"24,9";"23,6";"1010,3";"1010,3";"1009,7";"1,5";"338,0";"4,3";"979,80";""
"11/03/2024";"1500";"29,1";"29,4";"27,4";"75,0";"82,0";"74,0";"24,2";"24,8";"23,6";"1009,9";"1010,5";"1009,9";"1,6";"326,0";"3,5";"1512,80";""
"11/03/2024";"1600";"29,5";"30,4";"28,8";"71,0";"77,0";"67,0";"23,7";"25,0";"23,3";"1009,2";"1009,9";"1009,2";"2,1";"302,0";"4,8";"2004,10";""
"11/03/2024";"1700";"29,2";"30,3";"29,0";"73,0";"74,0";"69,0";"23,9";"24,5";"23,4";"1008,2";"1009,2";"1008,2";"2,6";"333,0";"6,3";"1587,70";""
"11/03/2024";"1800";"28,9";"30,1";"28,0";"77,0";"80,0";"71,0";"24,6";"25,4";"23,7";"1007,0";"1008,2";"1007,0";"1,8";"318,0";"5,8";"1682,70";""
"11/03/2024";"1900";"28,9";"30,4";"28,5";"76,0";"79,0";"71,0";"24,2";"25,5";"23,6";"1006,2";"1007,0";"1006,2";"2,4";"340,0";"6,6";"1998,30";""
"11/03/2024";"2000";"30,2";"30,8";"28,9";"70,0";"76,0";"67,0";"24,0";"24,7";"23,4";"1006,0";"1006,2";"1005,8";"1,1";"321,0";"4,5";"1710,70";""
"11/03/2024";"2100";"28,9";"30,3";"28,8";"72,0";"73,0";"68,0";"23,4";"24,3";"23,1";"1005,6";"1006,0";"1005,6";"0,9";"326,0";"4,2";"507,90";""
"11/03/2024";"2200";"27,9";"29,0";"27,9";"79,0";"79,0";"71,0";"23,9";"24,0";"23,2";"1005,5";"1005,6";"1005,3";"0,9";"302,0";"2,9";"138,00";""
"11/03/2024";"2300";"27,2";"27,9";"27,2";"84,0";"84,0";"79,0";"24,3";"24,3";"23,8";"1005,2";"1005,5";"1005,1";"0,4";"317,0";"2,2";"0,90";""
"12/03/2024";"0000";"26,7";"27,2";"26,7";"85,0";"85,0";"84,0";"23,9";"24,4";"23,9";"1006,2";"1006,2";"1005,2";"0,1";"284,0";"1,4";"";""
"12/03/2024";"0100";"26,8";"27,0";"26,6";"84,0";"86,0";"84,0";"23,9";"24,3";"23,9";"1007,0";"1007,1";"1006,2";"0,4";"302,0";"1,7";"";""
"12/03/2024";"0200";"26,8";"26,9";"26,6";"85,0";"86,0";"84,0";"24,1";"24,4";"23,8";"1007,9";"1007,9";"1007,0";"0,2";"251,0";"2,0";"";""
"12/03/2024";"0300";"26,8";"26,9";"26,7";"86,0";"86,0";"84,0";"24,2";"24,3";"23,9";"1007,8";"1008,5";"1007,8";"0,2";"317,0";"1,7";"";""
"12/03/2024";"0400";"26,3";"26,8";"26,1";"88,0";"88,0";"86,0";"24,1";"24,4";"23,9";"1007,3";"1007,8";"1007,3";"0,0";"235,0";"1,6";"";""
"12/03/2024";"0500";"25,8";"26,3";"25,8";"89,0";"89,0";"88,0";"23,8";"24,1";"23,8";"1006,6";"1007,3";"1006,6";"0,9";"299,0";"1,4";"";""
"12/03/2024";"0600";"25,7";"25,9";"25,7";"90,0";"90,0";"89,0";"24,0";"24,0";"23,9";"1006,2";"1006,7";"1006,2";"0,0";"277,0";"1,4";"";""
"12/03/2024";"0700";"26,6";"26,6";"25,7";"91,0";"91,0";"90,0";"25,0";"25,0";"24,0";"1005,7";"1006,2";"1005,7";"0,1";"280,0";"1,6";"";""
"12/03/2024";"0800";"26,4";"26,6";"26,4";"91,0";"91,0";"91,0";"24,8";"25,1";"24,8";"1005,8";"1005,8";"1005,7";"0,3";"295,0";"1,6";"";""
"12/03/2024";"0900";"26,2";"26,4";"26,2";"91,0";"91,0";"91,0";"24,6";"24,8";"24,6";"1006,2";"1006,2";"1005,8";"0,1";"255,0";"2,3";"";""
"12/03/2024";"1000";"26,1";"26,3";"26,1";"92,0";"92,0";"91,0";"24,6";"24,8";"24,6";"1006,7";"1006,7";"1006,1";"0,0";"277,0";"1,8";"0,60";""
"12/03/2024";"1100";"26,2";"26,3";"26,0";"92,0";"92,0";"92,0";"24,8";"24,9";"24,6";"1007,5";"1007,5";"1006,7";"0,4";"278,0";"2,4";"58,70";""
"12/03/2024";"1200";"28,2";"28,2";"26,2";"84,0";"92,0";"84,0";"25,2";"26,0";"24,8";"1007,9";"1008,1";"1007,4";"1,3";"284,0";"3,2";"830,20";""
"12/03/2024";"1300";"29,5";"29,7";"27,9";"73,0";"85,0";"72,0";"24,1";"25,7";"24,0";"1009,0";"1009,0";"1007,9";"1,9";"263,0";"4,5";"1649,20";""
"12/03/2024";"1400";"30,9";"30,9";"29,5";"68,0";"74,0";"67,0";"24,4";"24,8";"23,7";"1009,1";"1009,2";"1009,0";"2,7";"280,0";"5,9";"2499,60";""
"12/03/2024";"1500";"31,9";"32,5";"30,5";"61,0";"71,0";"61,0";"23,5";"24,9";"23,5";"1008,9";"1009,2";"1008,8";"2,5";"269,0";"7,3";"2997,10";""
"12/03/2024";"1600";"31,9";"33,2";"31,4";"62,0";"68,0";"60,0";"23,7";"25,6";"23,5";"1008,2";"1008,9";"1008,2";"2,0";"265,0";"5,8";"2945,70";""
"12/03/2024";"1700";"30,9";"32,0";"30,7";"69,0";"69,0";"62,0";"24,4";"24,6";"23,2";"1006,9";"1008,2";"1006,9";"1,5";"262,0";"4,8";"1466,30";""
"12/03/2024";"1800";"32,9";"33,1";"30,7";"61,0";"69,0";"57,0";"24,5";"24,7";"23,2";"1005,7";"1006,9";"1005,7";"1,9";"275,0";"5,5";"2621,80";""
"12/03/2024";"1900";"33,0";"33,7";"32,5";"58,0";"61,0";"56,0";"23,6";"24,9";"23,0";"1004,1";"1005,7";"1004,1";"2,3";"297,0";"6,5";"2858,70";""
"12/03/2024";"2000";"29,3";"33,7";"29,3";"76,0";"76,0";"54,0";"24,6";"24,8";"22,4";"1003,9";"1004,2";"1003,9";"1,6";"239,0";"5,2";"1295,40";""
"12/03/2024";"2100";"29,0";"29,4";"29,0";"76,0";"79,0";"75,0";"24,3";"25,1";"24,2";"1003,3";"1003,9";"1003,2";"0,4";"203,0";"4,6";"433,60";""
"12/03/2024";"2200";"28,7";"29,3";"28,7";"79,0";"79,0";"75,0";"24,7";"24,8";"24,3";"1004,1";"1004,1";"1003,2";"0,0";"193,0";"1,2";"197,90";""
"12/03/2024";"2300";"";"";"";"";"";"";"";"";"";"";"";"";"";"";"";"";""
"13/03/2024";"0000";"";"";"";"";"";"";"";"";"";"";"";"";"";"";"";"";""
"13/03/2024";"0100";"27,9";"28,3";"27,8";"80,0";"81,0";"79,0";"24,1";"24,7";"24,1";"1006,3";"1006,3";"1005,6";"0,5";"277,0";"2,5";"";""
"13/03/2024";"0200";"27,3";"27,9";"27,3";"82,0";"82,0";"80,0";"24,0";"24,2";"24,0";"1007,0";"1007,1";"1006,3";"0,1";"278,0";"2,1";"";""
"13/03/2024";"0300";"27,0";"27,4";"27,0";"84,0";"84,0";"82,0";"24,1";"24,2";"24,0";"1006,9";"1007,1";"1006,9";"0,0";"289,0";"1,0";"";""
"13/03/2024";"0400";"26,5";"27,1";"26,5";"85,0";"85,0";"83,0";"23,8";"24,1";"23,8";"1006,8";"1007,0";"1006,7";"0,0";"277,0";"0,0";"";""
"13/03/2024";"0500";"26,4";"26,6";"26,3";"88,0";"88,0";"85,0";"24,1";"24,2";"23,8";"1006,4";"1006,8";"1006,4";"0,0";"313,0";"0,0";"";""
"13/03/2024";"0600";"26,3";"26,5";"26,3";"88,0";"88,0";"87,0";"24,3";"24,3";"24,0";"1006,2";"1006,4";"1006,1";"0,0";"319,0";"0,0";"";""
"13/03/2024";"0700";"26,6";"26,6";"26,3";"89,0";"89,0";"88,0";"24,6";"24,7";"24,3";"1005,8";"1006,2";"1005,7";"0,0";"271,0";"0,0";"";""
"13/03/2024";"0800";"26,3";"26,6";"26,2";"89,0";"90,0";"89,0";"24,3";"24,7";"24,2";"1005,7";"1005,9";"1005,7";"0,0";"278,0";"0,0";"";""
"13/03/2024";"0900";"26,7";"26,8";"26,3";"89,0";"89,0";"89,0";"24,8";"24,8";"24,2";"1006,1";"1006,1";"1005,7";"0,0";"267,0";"0,0";"";""
"13/03/2024";"1000";"26,4";"26,8";"26,4";"91,0";"91,0";"88,0";"24,9";"24,9";"24,6";"1006,7";"1006,7";"1006,1";"0,0";"235,0";"0,0";"0,20";""
"13/03/2024";"1100";"26,6";"26,7";"26,4";"92,0";"92,0";"91,0";"25,2";"25,3";"24,8";"1007,5";"1007,5";"1006,7";"0,0";"249,0";"0,0";"62,90";""
"13/03/2024";"1200";"24,3";"26,7";"24,3";"94,0";"94,0";"90,0";"23,2";"25,3";"23,2";"1008,9";"1008,9";"1007,5";"2,3";"303,0";"8,5";"86,80";""
"13/03/2024";"1300";"24,5";"24,7";"24,2";"94,0";"94,0";"94,0";"23,5";"23,6";"23,2";"1009,6";"1009,6";"1008,9";"1,7";"302,0";"5,6";"206,90";""
"13/03/2024";"1400";"25,0";"25,2";"24,5";"92,0";"94,0";"92,0";"23,5";"24,0";"23,4";"1009,6";"1009,8";"1009,6";"1,0";"297,0";"4,0";"447,90";""
"13/03/2024";"1500";"26,4";"26,4";"25,0";"88,0";"92,0";"88,0";"24,3";"24,4";"23,6";"1009,3";"1009,6";"1009,3";"0,4";"321,0";"2,5";"700,70";""
"13/03/2024";"1600";"27,7";"27,7";"26,2";"83,0";"89,0";"82,0";"24,5";"24,9";"24,0";"1008,3";"1009,3";"1008,3";"0,9";"262,0";"2,7";"1066,60";""
"13/03/2024";"1700";"29,6";"29,6";"27,7";"77,0";"84,0";"75,0";"25,1";"25,4";"24,1";"1006,3";"1008,3";"1006,3";"1,8";"301,0";"4,6";"1673,20";""
"13/03/2024";"1800";"31,0";"32,2";"29,4";"67,0";"77,0";"64,0";"24,1";"25,7";"23,8";"1004,6";"1006,3";"1004,6";"2,7";"284,0";"6,2";"2962,00";""
"13/03/2024";"1900";"30,3";"32,1";"30,2";"71,0";"71,0";"65,0";"24,5";"25,1";"23,9";"1003,8";"1004,6";"1003,8";"1,9";"293,0";"5,8";"1726,60";""
"13/03/2024";"2000";"31,2";"31,4";"30,3";"69,0";"72,0";"67,0";"24,9";"25,2";"24,3";"1003,5";"1003,8";"1003,4";"1,2";"288,0";"3,7";"1426,40";""
"13/03/2024";"2100";"30,4";"32,1";"30,4";"73,0";"73,0";"63,0";"25,0";"25,4";"24,1";"1003,3";"1003,5";"1003,1";"1,3";"243,0";"3,0";"1079,00";""
"13/03/2024";"2200";"29,4";"30,7";"29,4";"78,0";"78,0";"72,0";"25,1";"25,5";"24,5";"1003,6";"1003,6";"1003,3";"0,0";"262,0";"2,2";"137,60";""
"13/03/2024";"2300";"";"";"";"";"";"";"";"";"";"";"";"";"";"";"";"";""
"14/03/2024";"0000";"27,9";"28,5";"27,9";"86,0";"86,0";"84,0";"25,4";"25,5";"25,2";"1005,3";"1005,3";"1004,2";"0,0";"249,0";"0,0";"";""
"14/03/2024";"0100";"27,9";"27,9";"27,6";"87,0";"87,0";"85,0";"25,5";"25,5";"24,8";"1006,4";"1006,4";"1005,3";"0,2";"285,0";"1,2";"";""
"14/03/2024";"0200";"27,7";"28,0";"27,7";"88,0";"88,0";"86,0";"25,4";"25,5";"25,4";"1006,6";"1006,6";"1006,3";"0,0";"309,0";"2,0";"";""
"14/03/2024";"0300";"27,1";"27,7";"27,1";"90,0";"90,0";"88,0";"25,2";"25,5";"25,2";"1007,2";"1007,2";"1006,6";"0,7";"291,0";"1,9";"";""
"14/03/2024";"0400";"26,9";"27,1";"26,9";"91,0";"91,0";"90,0";"25,2";"25,3";"25,2";"1006,8";"1007,3";"1006,8";"0,6";"286,0";"1,8";"";""
"14/03/2024";"0500";"24,5";"27,0";"24,5";"92,0";"92,0";"86,0";"23,1";"25,3";"22,8";"1006,1";"1007,3";"1006,1";"2,5";"298,0";"11,4";"0,80";""
"14/03/2024";"0600";"24,5";"24,5";"24,4";"93,0";"93,0";"92,0";"23,2";"23,3";"23,0";"1005,2";"1006,1";"1005,2";"1,0";"302,0";"5,1";"";""
"14/03/2024";"0700";"24,6";"24,6";"24,4";"93,0";"93,0";"93,0";"23,4";"23,4";"23,2";"1005,2";"1005,2";"1004,9";"0,6";"312,0";"2,5";"";""
"14/03/2024";"0800";"24,6";"24,7";"24,5";"93,0";"93,0";"93,0";"23,3";"23,5";"23,3";"1005,6";"1005,8";"1005,2";"0,1";"301,0";"1,8";"";""
"14/03/2024";"0900";"24,6";"24,6";"24,4";"93,0";"93,0";"93,0";"23,4";"23,5";"23,2";"1005,9";"1005,9";"1005,5";"0,1";"328,0";"1,9";"";""
"14/03/2024";"1000";"24,6";"24,7";"24,5";"94,0";"94,0";"93,0";"23,5";"23,5";"23,4";"1006,3";"1006,4";"1005,9";"0,9";"308,0";"2,5";"0,60";""
"14/03/2024";"1100";"24,9";"24,9";"24,5";"93,0";"94,0";"93,0";"23,8";"23,8";"23,5";"1006,7";"1006,7";"1006,2";"0,0";"307,0";"3,0";"86,80";""
"14/03/2024";"1200";"27,5";"27,5";"24,9";"85,0";"93,0";"85,0";"24,8";"25,0";"23,8";"1007,5";"1007,5";"1006,7";"1,6";"284,0";"3,5";"736,10";""
"14/03/2024";"1300";"29,3";"29,7";"27,4";"75,0";"85,0";"74,0";"24,4";"25,9";"24,4";"1008,0";"1008,0";"1007,4";"2,0";"270,0";"4,6";"1615,80";""
"14/03/2024";"1400";"30,4";"30,7";"29,0";"69,0";"77,0";"68,0";"24,2";"25,0";"23,7";"1008,5";"1008,5";"1008,0";"1,8";"264,0";"5,2";"2321,00";""
"14/03/2024";"1500";"31,6";"31,9";"30,4";"66,0";"71,0";"64,0";"24,6";"25,5";"23,5";"1007,9";"1008,5";"1007,9";"1,4";"242,0";"4,8";"2848,90";""
"14/03/2024";"1600";"32,1";"32,5";"31,3";"62,0";"70,0";"60,0";"24,0";"25,7";"22,9";"1006,8";"1007,9";"1006,7";"1,5";"254,0";"4,5";"2761,50";""
"14/03/2024";"1700";"32,9";"33,2";"32,1";"58,0";"65,0";"56,0";"23,6";"24,9";"22,9";"1005,4";"1006,8";"1005,4";"2,4";"278,0";"7,0";"3283,70";""
"14/03/2024";"1800";"33,0";"33,3";"32,1";"62,0";"63,0";"58,0";"24,7";"24,7";"23,0";"1003,9";"1005,5";"1003,9";"1,9";"272,0";"6,5";"2829,40";""
"14/03/2024";"1900";"33,1";"33,7";"32,6";"56,0";"62,0";"55,0";"23,3";"24,9";"22,7";"1002,5";"1003,8";"1002,5";"2,2";"275,0";"6,3";"2591,70";""
"14/03/2024";"2000";"32,8";"33,5";"32,3";"56,0";"58,0";"54,0";"23,0";"23,8";"22,4";"1001,7";"1002,6";"1001,7";"2,7";"279,0";"6,7";"2070,60";""
"14/03/2024";"2100";"32,2";"33,3";"32,2";"60,0";"60,0";"55,0";"23,3";"23,8";"22,7";"1001,7";"1001,8";"1001,5";"1,6";"263,0";"6,8";"1411,80";""
"14/03/2024";"2200";"30,5";"32,3";"30,5";"69,0";"69,0";"60,0";"24,2";"24,2";"23,3";"1002,6";"1002,6";"1001,7";"0,9";"282,0";"4,2";"145,20";""
"14/03/2024";"2300";"29,6";"30,5";"29,5";"74,0";"75,0";"69,0";"24,5";"24,6";"24,1";"1003,3";"1003,3";"1002,6";"0,0";"271,0";"2,1";"1,70";""
"15/03/2024";"0000";"28,5";"29,6";"28,5";"82,0";"82,0";"74,0";"25,1";"25,1";"24,4";"1004,1";"1004,1";"1003,3";"0,8";"303,0";"1,4";"";""
"15/03/2024";"0100";"28,4";"28,6";"28,3";"82,0";"83,0";"81,0";"25,0";"25,2";"24,9";"1004,9";"1004,9";"1004,1";"0,9";"293,0";"2,2";"";""
"15/03/2024";"0200";"27,9";"28,5";"27,9";"83,0";"84,0";"81,0";"24,8";"25,3";"24,7";"1005,7";"1005,7";"1004,9";"0,9";"335,0";"1,8";"";""
"15/03/2024";"0300";"27,5";"28,2";"27,5";"86,0";"86,0";"82,0";"24,9";"25,0";"24,6";"1005,5";"1005,8";"1005,5";"0,0";"291,0";"1,9";"";""
"15/03/2024";"0400";"27,4";"27,5";"27,3";"88,0";"88,0";"86,0";"25,3";"25,3";"24,8";"1005,1";"1005,5";"1005,1";"1,4";"293,0";"2,3";"";""
"15/03/2024";"0500";"27,2";"27,4";"27,2";"89,0";"89,0";"88,0";"25,3";"25,3";"25,2";"1004,0";"1005,1";"1004,0";"0,3";"284,0";"2,3";"";""
"15/03/2024";"0600";"26,8";"27,3";"26,8";"91,0";"91,0";"89,0";"25,1";"25,3";"25,1";"1003,8";"1004,0";"1003,7";"0,0";"311,0";"1,3";"";""
"15/03/2024";"0700";"26,5";"26,8";"26,4";"90,0";"91,0";"90,0";"24,8";"25,1";"24,7";"1003,8";"1003,9";"1003,7";"0,0";"299,0";"1,3";"";""
"15/03/2024";"0800";"26,3";"26,5";"26,3";"92,0";"92,0";"90,0";"24,8";"24,9";"24,7";"1004,1";"1004,1";"1003,6";"0,0";"298,0";"0,5";"";""
"15/03/2024";"0900";"26,2";"26,3";"26,1";"92,0";"92,0";"92,0";"24,8";"24,9";"24,7";"1004,3";"1004,4";"1004,1";"0,0";"256,0";"0,8";"";""
"15/03/2024";"1000";"26,5";"26,5";"26,2";"89,0";"92,0";"89,0";"24,5";"24,9";"24,5";"1004,6";"1004,6";"1004,3";"0,0";"285,0";"2,0";"0,10";""
"15/03/2024";"1100";"26,8";"26,8";"26,5";"90,0";"90,0";"88,0";"25,0";"25,0";"24,4";"1005,7";"1005,7";"1004,6";"0,0";"299,0";"0,0";"124,50";""
"15/03/2024";"1200";"28,4";"28,6";"26,8";"84,0";"90,0";"83,0";"25,3";"26,1";"24,9";"1006,2";"1006,3";"1005,7";"2,3";"303,0";"5,2";"648,30";""
"15/03/2024";"1300";"29,1";"29,6";"28,3";"73,0";"85,0";"72,0";"23,9";"26,0";"23,6";"1006,8";"1006,8";"1006,2";"3,0";"289,0";"6,6";"1739,00";""
"15/03/2024";"1400";"30,3";"30,6";"28,9";"68,0";"76,0";"68,0";"23,7";"24,9";"23,7";"1007,0";"1007,2";"1006,8";"2,2";"267,0";"6,3";"2083,60";""
"15/03/2024";"1500";"31,5";"32,1";"30,3";"65,0";"70,0";"64,0";"24,1";"25,5";"23,5";"1006,4";"1007,1";"1006,4";"2,1";"291,0";"6,0";"2589,70";""
"15/03/2024";"1600";"31,9";"32,3";"31,1";"65,0";"70,0";"63,0";"24,6";"25,4";"24,1";"1004,8";"1006,4";"1004,8";"1,8";"303,0";"4,9";"2261,30";""
"15/03/2024";"1700";"32,3";"32,9";"31,8";"61,0";"66,0";"59,0";"23,9";"25,1";"23,5";"1002,9";"1004,8";"1002,9";"2,3";"282,0";"6,9";"3180,70";""
"15/03/2024";"1800";"33,1";"33,3";"32,3";"57,0";"64,0";"56,0";"23,4";"24,8";"23,1";"1001,5";"1002,9";"1001,5";"2,9";"285,0";"6,2";"2972,10";""
"15/03/2024";"1900";"32,4";"33,7";"31,9";"61,0";"63,0";"55,0";"24,0";"24,3";"22,8";"1000,7";"1001,5";"1000,7";"1,2";"267,0";"6,6";"1464,60";""
"15/03/2024";"2000";"27,8";"33,8";"27,7";"83,0";"86,0";"58,0";"24,7";"25,3";"23,8";"1001,0";"1001,1";"1000,7";"0,5";"255,0";"7,5";"1081,80";""
"15/03/2024";"2100";"27,9";"28,3";"27,8";"85,0";"86,0";"83,0";"25,1";"25,6";"24,7";"1000,5";"1001,1";"1000,4";"1,5";"273,0";"2,9";"245,50";""
"15/03/2024";"2200";"28,0";"28,2";"27,9";"86,0";"87,0";"85,0";"25,4";"25,7";"25,1";"1001,7";"1001,7";"1000,4";"0,1";"303,0";"2,9";"139,10";""
"15/03/2024";"2300";"27,3";"28,2";"27,3";"89,0";"89,0";"86,0";"25,3";"25,8";"25,3";"1002,5";"1002,5";"1001,7";"0,4";"310,0";"1,8";"0,80";""
"16/03/2024";"0000";"27,3";"27,6";"27,0";"89,0";"90,0";"89,0";"25,4";"25,8";"25,1";"1002,8";"1002,8";"1002,3";"0,4";"332,0";"2,5";"";""
"16/03/2024";"0100";"27,2";"27,5";"27,1";"92,0";"92,0";"89,0";"25,7";"25,8";"25,4";"1003,3";"1003,3";"1002,7";"0,0";"228,0";"1,0";"";""
"16/03/2024";"0200";"";"";"";"";"";"";"";"";"";"";"";"";"";"";"";"";""
"16/03/2024";"0300";"27,2";"27,3";"27,1";"92,0";"92,0";"92,0";"25,7";"25,8";"25,7";"1004,8";"1004,8";"1004,4";"0,0";"282,0";"0,7";"";""
"16/03/2024";"0400";"27,1";"27,3";"27,0";"91,0";"92,0";"91,0";"25,6";"25,8";"25,4";"1004,3";"1004,8";"1004,3";"0,6";"310,0";"1,8";"";""
"16/03/2024";"0500";"26,7";"27,2";"26,6";"92,0";"92,0";"91,0";"25,3";"25,6";"25,2";"1004,0";"1004,3";"1003,7";"1,0";"327,0";"3,3";"";""
"16/03/2024";"0600";"26,5";"26,7";"26,4";"92,0";"92,0";"92,0";"25,1";"25,3";"25,0";"1003,1";"1004,0";"1003,1";"0,8";"334,0";"2,9";"";""
"16/03/2024";"0700";"26,0";"26,5";"25,9";"92,0";"92,0";"90,0";"24,5";"25,1";"24,4";"1002,8";"1003,1";"1002,8";"1,5";"316,0";"6,4";"";""
"16/03/2024";"0800";"25,4";"26,0";"25,2";"93,0";"93,0";"92,0";"24,1";"24,5";"23,9";"1002,7";"1002,9";"1002,5";"0,7";"325,0";"5,2";"";""
"16/03/2024";"0900";"25,1";"25,4";"25,1";"93,0";"93,0";"93,0";"23,9";"24,1";"23,8";"1003,1";"1003,1";"1002,7";"0,8";"312,0";"2,2";"";""
"16/03/2024";"1000";"24,9";"25,2";"24,9";"93,0";"93,0";"92,0";"23,6";"24,0";"23,6";"1004,3";"1004,3";"1003,0";"0,8";"295,0";"2,8";"";""
"16/03/2024";"1100";"24,9";"25,0";"24,8";"93,0";"93,0";"92,0";"23,7";"23,8";"23,6";"1005,7";"1005,7";"1004,3";"0,3";"275,0";"1,7";"10,90";""
"16/03/2024";"1200";"25,0";"25,1";"24,8";"93,0";"93,0";"93,0";"23,8";"23,9";"23,7";"1006,5";"1006,5";"1005,7";"0,4";"270,0";"2,4";"44,10";""
"16/03/2024";"1300";"25,3";"25,3";"25,0";"93,0";"93,0";"93,0";"24,1";"24,1";"23,8";"1007,1";"1007,1";"1006,5";"0,1";"293,0";"1,7";"87,90";""
"16/03/2024";"1400";"25,6";"25,7";"25,2";"93,0";"93,0";"93,0";"24,3";"24,4";"24,0";"1008,0";"1008,0";"1007,1";"0,3";"260,0";"2,7";"156,20";""
"16/03/2024";"1500";"25,5";"25,8";"25,5";"92,0";"93,0";"92,0";"24,2";"24,5";"24,0";"1007,8";"1008,0";"1007,8";"1,0";"264,0";"4,3";"263,10";""
"16/03/2024";"1600";"25,8";"25,9";"25,4";"92,0";"93,0";"92,0";"24,4";"24,6";"24,0";"1007,1";"1007,8";"1007,1";"0,9";"271,0";"4,3";"572,70";""
"16/03/2024";"1700";"26,7";"26,9";"25,6";"88,0";"92,0";"87,0";"24,5";"24,9";"23,9";"1005,2";"1007,1";"1005,2";"0,2";"224,0";"3,6";"855,60";""
"16/03/2024";"1800";"27,8";"28,1";"26,7";"80,0";"88,0";"79,0";"24,1";"25,0";"23,9";"1003,6";"1005,2";"1003,6";"1,6";"296,0";"2,8";"1354,60";""
"16/03/2024";"1900";"28,4";"28,4";"27,8";"80,0";"81,0";"77,0";"24,6";"24,7";"23,6";"1002,3";"1003,6";"1002,3";"2,3";"299,0";"4,8";"1299,70";""
"16/03/2024";"2000";"29,1";"29,7";"28,3";"74,0";"80,0";"73,0";"23,9";"25,0";"23,9";"1001,3";"1002,3";"1001,3";"2,8";"295,0";"4,9";"1698,90";""
"16/03/2024";"2100";"29,2";"29,6";"28,6";"76,0";"77,0";"73,0";"24,5";"24,8";"23,8";"1001,5";"1001,5";"1001,3";"2,0";"299,0";"5,5";"1035,90";""
"16/03/2024";"2200";"27,7";"29,2";"27,7";"82,0";"82,0";"75,0";"24,4";"24,6";"24,0";"1002,7";"1002,7";"1001,4";"1,0";"289,0";"4,9";"131,70";""
"16/03/2024";"2300";"27,3";"27,7";"27,2";"87,0";"88,0";"82,0";"24,9";"25,0";"24,4";"1003,4";"1003,4";"1002,7";"0,3";"316,0";"1,9";"1,00";""
"17/03/2024";"0000";"25,8";"27,3";"25,8";"88,0";"88,0";"86,0";"23,6";"24,9";"23,6";"1004,3";"1004,3";"1003,4";"1,6";"269,0";"5,4";"";""
"17/03/2024";"0100";"25,4";"25,8";"25,3";"92,0";"92,0";"88,0";"24,1";"24,1";"23,5";"1004,9";"1004,9";"1004,1";"0,0";"266,0";"5,4";"";""
"17/03/2024";"0200";"25,8";"25,8";"25,4";"92,0";"92,0";"92,0";"24,4";"24,4";"24,0";"1005,5";"1005,5";"1004,8";"0,3";"222,0";"2,1";"0,10";""
"17/03/2024";"0300";"25,9";"26,1";"25,8";"92,0";"92,0";"91,0";"24,4";"24,6";"24,3";"1005,7";"1005,8";"1005,5";"0,0";"297,0";"1,7";"0,50";""
"17/03/2024";"0400";"25,8";"26,1";"25,8";"90,0";"92,0";"90,0";"24,1";"24,6";"24,1";"1005,4";"1005,7";"1005,3";"0,3";"266,0";"2,5";"0,20";""
"17/03/2024";"0500";"25,8";"25,9";"25,7";"91,0";"91,0";"90,0";"24,2";"24,2";"23,9";"1005,8";"1005,8";"1005,4";"0,0";"249,0";"2,7";"";""
"17/03/2024";"0600";"25,7";"25,9";"25,7";"91,0";"91,0";"91,0";"24,2";"24,4";"24,1";"1005,3";"1005,8";"1005,3";"0,0";"225,0";"0,0";"";""
"17/03/2024";"0700";"25,7";"25,8";"25,6";"91,0";"91,0";"91,0";"24,1";"24,3";"24,1";"1005,0";"1005,3";"1004,9";"0,0";"251,0";"0,0";"";""
"17/03/2024";"0800";"25,7";"25,7";"25,6";"91,0";"91,0";"91,0";"24,1";"24,2";"24,1";"1005,0";"1005,0";"1004,9";"0,0";"275,0";"2,0";"";""
"17/03/2024";"0900";"25,7";"25,7";"25,6";"91,0";"91,0";"90,0";"24,1";"24,1";"23,9";"1005,1";"1005,1";"1004,9";"0,1";"286,0";"1,8";"";""
"17/03/2024";"1000";"25,2";"25,7";"25,2";"93,0";"93,0";"91,0";"23,9";"24,1";"23,9";"1005,7";"1005,7";"1005,1";"0,7";"293,0";"1,5";"0,50";""
"17/03/2024";"1100";"25,3";"25,3";"25,2";"93,0";"93,0";"93,0";"24,0";"24,1";"23,9";"1006,6";"1006,6";"1005,7";"0,7";"290,0";"2,0";"42,80";""
"17/03/2024";"1200";"26,2";"26,2";"25,3";"90,0";"93,0";"89,0";"24,3";"24,5";"23,9";"1007,1";"1007,1";"1006,6";"0,5";"253,0";"1,7";"354,60";""
"17/03/2024";"1300";"27,2";"27,2";"26,2";"83,0";"90,0";"83,0";"24,1";"24,6";"23,8";"1007,7";"1007,7";"1007,1";"0,5";"269,0";"2,6";"754,50";""
"17/03/2024";"1400";"28,8";"28,9";"27,2";"79,0";"84,0";"77,0";"24,8";"25,1";"23,7";"1007,6";"1007,7";"1007,6";"1,1";"279,0";"3,9";"1485,00";""
"17/03/2024";"1500";"29,5";"30,0";"28,4";"73,0";"79,0";"72,0";"24,2";"25,4";"23,8";"1007,1";"1007,6";"1007,1";"1,9";"267,0";"4,3";"1857,40";""
"17/03/2024";"1600";"31,2";"31,2";"29,2";"72,0";"75,0";"70,0";"25,5";"25,7";"24,0";"1006,4";"1007,2";"1006,4";"1,4";"263,0";"4,3";"2179,90";""
"17/03/2024";"1700";"31,0";"31,4";"30,1";"68,0";"72,0";"68,0";"24,4";"25,3";"24,0";"1004,9";"1006,4";"1004,9";"1,2";"243,0";"3,8";"2516,20";""
"17/03/2024";"1800";"31,8";"32,5";"30,6";"65,0";"71,0";"62,0";"24,3";"25,1";"23,8";"1003,4";"1004,9";"1003,4";"1,1";"247,0";"4,7";"2772,60";""
"17/03/2024";"1900";"32,4";"32,8";"31,8";"60,0";"66,0";"58,0";"23,6";"24,9";"23,2";"1002,7";"1003,4";"1002,5";"1,6";"256,0";"4,5";"2625,20";""
"17/03/2024";"2000";"31,2";"33,0";"31,2";"65,0";"67,0";"58,0";"23,9";"24,5";"23,0";"1002,1";"1002,7";"1002,1";"2,5";"299,0";"5,2";"1913,60";""
"17/03/2024";"2100";"29,2";"31,7";"29,2";"74,0";"74,0";"65,0";"24,1";"24,9";"23,7";"1002,2";"1002,3";"1002,0";"0,7";"312,0";"5,2";"531,90";""
"17/03/2024";"2200";"28,1";"29,2";"28,1";"80,0";"80,0";"74,0";"24,2";"24,6";"24,1";"1003,2";"1003,2";"1002,2";"0,9";"325,0";"4,8";"105,80";""
"17/03/2024";"2300";"27,2";"28,2";"27,2";"85,0";"85,0";"80,0";"24,5";"24,6";"24,2";"1003,4";"1003,4";"1003,1";"1,0";"313,0";"3,2";"1,10";""
"18/03/2024";"0000";"27,2";"27,3";"27,2";"84,0";"86,0";"84,0";"24,4";"24,7";"24,4";"1004,5";"1004,5";"1003,4";"0,6";"312,0";"2,9";"";""
"18/03/2024";"0100";"26,9";"27,3";"26,9";"87,0";"87,0";"84,0";"24,6";"24,6";"24,3";"1005,3";"1005,3";"1004,5";"0,4";"315,0";"2,5";"";""
"18/03/2024";"0200";"26,6";"26,9";"26,6";"88,0";"88,0";"87,0";"24,4";"24,7";"24,4";"1006,0";"1006,0";"1005,3";"0,0";"210,0";"1,5";"";""
"18/03/2024";"0300";"26,4";"26,7";"26,3";"90,0";"90,0";"88,0";"24,6";"24,7";"24,5";"1005,9";"1006,1";"1005,8";"0,1";"194,0";"1,5";"";""
"18/03/2024";"0400";"26,8";"26,9";"26,4";"90,0";"91,0";"90,0";"25,0";"25,1";"24,6";"1005,0";"1005,9";"1005,0";"0,0";"301,0";"0,9";"";""
"18/03/2024";"0500";"27,2";"27,2";"26,5";"90,0";"91,0";"90,0";"25,5";"25,6";"24,8";"1004,8";"1005,0";"1004,8";"0,2";"279,0";"1,6";"";""
"18/03/2024";"0600";"27,4";"27,4";"27,2";"90,0";"91,0";"90,0";"25,6";"25,6";"25,5";"1004,6";"1004,8";"1004,5";"0,3";"264,0";"1,9";"";""
"18/03/2024";"0700";"27,1";"27,5";"27,1";"88,0";"90,0";"88,0";"25,0";"25,7";"25,0";"1004,3";"1004,6";"1004,3";"0,4";"262,0";"1,9";"";""
"18/03/2024";"0800";"26,9";"27,2";"26,9";"90,0";"90,0";"88,0";"25,2";"25,2";"25,0";"1004,4";"1004,4";"1004,1";"0,1";"236,0";"2,0";"";""
"18/03/2024";"0900";"26,9";"26,9";"26,8";"90,0";"90,0";"90,0";"25,1";"25,2";"25,1";"1004,5";"1004,5";"1004,4";"0,3";"229,0";"1,5";"";""
"18/03/2024";"1000";"26,4";"27,0";"26,3";"91,0";"91,0";"89,0";"24,8";"25,2";"24,7";"1005,7";"1005,7";"1004,5";"0,0";"274,0";"2,7";"0,30";""
"18/03/2024";"1100";"25,6";"26,4";"25,5";"92,0";"92,0";"91,0";"24,2";"24,9";"24,1";"1006,6";"1006,6";"1005,7";"1,4";"314,0";"3,5";"105,50";""
"18/03/2024";"1200";"25,1";"25,6";"25,1";"93,0";"93,0";"92,0";"23,9";"24,2";"23,9";"1007,7";"1007,7";"1006,6";"1,6";"310,0";"4,1";"125,20";""
"18/03/2024";"1300";"24,2";"25,2";"24,2";"94,0";"94,0";"93,0";"23,2";"24,0";"23,2";"1008,5";"1008,8";"1007,7";"1,9";"298,0";"6,0";"52,70";""
"18/03/2024";"1400";"24,5";"24,5";"24,1";"94,0";"94,0";"94,0";"23,4";"23,4";"23,1";"1008,8";"1008,8";"1008,4";"0,3";"290,0";"5,9";"131,10";""
"18/03/2024";"1500";"25,8";"26,0";"24,5";"91,0";"94,0";"91,0";"24,3";"24,6";"23,4";"1008,3";"1008,8";"1008,3";"1,1";"325,0";"2,8";"777,40";""
"18/03/2024";"1600";"28,3";"28,3";"25,9";"81,0";"91,0";"80,0";"24,8";"25,2";"24,2";"1007,2";"1008,3";"1007,2";"1,6";"295,0";"3,6";"1879,10";""
"18/03/2024";"1700";"28,4";"29,2";"28,2";"78,0";"82,0";"75,0";"24,1";"25,4";"23,9";"1005,4";"1007,2";"1005,4";"2,0";"329,0";"4,6";"1992,80";""
"18/03/2024";"1800";"30,4";"30,4";"28,4";"73,0";"79,0";"72,0";"25,1";"25,6";"24,0";"1003,9";"1005,4";"1003,9";"1,6";"308,0";"4,7";"2347,90";""
"18/03/2024";"1900";"30,3";"31,2";"30,1";"71,0";"74,0";"69,0";"24,4";"25,8";"24,1";"1002,7";"1003,9";"1002,6";"1,1";"314,0";"3,6";"1688,30";""
"18/03/2024";"2000";"29,8";"31,4";"29,7";"76,0";"76,0";"68,0";"25,1";"25,4";"24,3";"1002,2";"1002,7";"1002,0";"0,4";"230,0";"2,4";"871,60";""
"18/03/2024";"2100";"29,5";"29,8";"29,0";"79,0";"80,0";"75,0";"25,5";"25,8";"24,6";"1002,2";"1002,2";"1001,9";"1,0";"284,0";"3,0";"519,40";""
"18/03/2024";"2200";"25,8";"29,4";"25,8";"91,0";"91,0";"77,0";"24,2";"25,4";"24,0";"1003,1";"1003,1";"1002,2";"0,6";"310,0";"7,0";"60,10";""
"18/03/2024";"2300";"25,6";"26,0";"25,6";"92,0";"92,0";"90,0";"24,1";"24,4";"24,0";"1003,6";"1003,6";"1003,1";"1,1";"300,0";"2,0";"0,80";""
"19/03/2024";"0000";"25,7";"25,7";"25,5";"92,0";"92,0";"92,0";"24,3";"24,3";"24,0";"1004,8";"1004,8";"1003,6";"0,6";"301,0";"1,9";"";""
"19/03/2024";"0100";"26,1";"26,2";"25,6";"92,0";"92,0";"92,0";"24,7";"24,8";"24,2";"1005,7";"1005,8";"1004,8";"0,0";"301,0";"1,6";"";""
"19/03/2024";"0200";"26,4";"26,4";"26,1";"92,0";"92,0";"92,0";"25,1";"25,1";"24,7";"1006,2";"1006,2";"1005,7";"0,0";"245,0";"1,0";"";""
"19/03/2024";"0300";"26,3";"26,8";"26,3";"90,0";"93,0";"90,0";"24,6";"25,4";"24,6";"1006,0";"1006,3";"1006,0";"0,8";"330,0";"1,7";"";""
"19/03/2024";"0400";"26,6";"26,6";"26,2";"91,0";"91,0";"90,0";"25,1";"25,1";"24,5";"1006,0";"1006,0";"1005,8";"0,2";"254,0";"2,7";"";""
"19/03/2024";"0500";"26,9";"27,1";"26,6";"90,0";"92,0";"90,0";"25,1";"25,7";"25,1";"1005,4";"1006,0";"1005,4";"3,2";"233,0";"5,0";"";""
"19/03/2024";"0600";"26,5";"26,9";"26,5";"91,0";"91,0";"89,0";"24,8";"25,1";"24,7";"1004,7";"1005,4";"1004,6";"2,9";"234,0";"5,2";"";""
"19/03/2024";"0700";"26,2";"26,6";"26,1";"92,0";"92,0";"91,0";"24,7";"25,0";"24,7";"1004,2";"1004,9";"1004,1";"2,5";"234,0";"5,8";"";""
"19/03/2024";"0800";"26,2";"26,3";"26,1";"91,0";"92,0";"91,0";"24,7";"24,9";"24,7";"1004,8";"1004,8";"1004,2";"3,0";"229,0";"5,4";"0,40";""
"19/03/2024";"0900";"23,9";"26,4";"23,9";"93,0";"93,0";"87,0";"22,8";"24,8";"22,7";"1005,6";"1005,8";"1004,8";"0,6";"216,0";"5,1";"0,30";""
"19/03/2024";"1000";"24,2";"24,3";"23,9";"94,0";"94,0";"93,0";"23,2";"23,3";"22,8";"1006,3";"1006,3";"1005,5";"0,0";"239,0";"1,7";"";""
"19/03/2024";"1100";"24,3";"24,3";"24,1";"94,0";"94,0";"93,0";"23,2";"23,3";"23,0";"1007,2";"1007,2";"1006,3";"0,2";"276,0";"2,3";"5,80";""
"19/03/2024";"1200";"24,5";"24,5";"24,3";"94,0";"94,0";"94,0";"23,4";"23,5";"23,2";"1008,2";"1008,2";"1007,2";"0,1";"305,0";"1,8";"52,40";""
"19/03/2024";"1300";"24,9";"25,0";"24,4";"93,0";"94,0";"93,0";"23,6";"23,9";"23,4";"1008,5";"1008,6";"1008,2";"1,2";"270,0";"2,1";"355,70";""
"19/03/2024";"1400";"25,9";"25,9";"24,8";"91,0";"93,0";"91,0";"24,2";"24,2";"23,6";"1008,8";"1008,8";"1008,5";"0,8";"230,0";"3,1";"756,90";""
"19/03/2024";"1500";"26,2";"26,4";"25,7";"88,0";"91,0";"88,0";"24,0";"24,4";"23,8";"1008,4";"1008,8";"1008,4";"0,3";"240,0";"2,2";"616,60";""
"19/03/2024";"1600";"26,8";"26,8";"26,1";"86,0";"88,0";"85,0";"24,3";"24,6";"23,8";"1007,6";"1008,4";"1007,6";"0,9";"226,0";"2,1";"967,40";""
"19/03/2024";"1700";"27,7";"27,8";"26,8";"80,0";"86,0";"80,0";"24,0";"24,6";"23,6";"1005,9";"1007,6";"1005,9";"1,0";"244,0";"2,3";"1255,60";""
"19/03/2024";"1800";"28,3";"28,8";"27,7";"78,0";"82,0";"76,0";"24,0";"24,9";"23,7";"1004,6";"1005,9";"1004,6";"1,6";"243,0";"2,7";"2893,20";""
"19/03/2024";"1900";"28,6";"28,7";"28,1";"76,0";"79,0";"76,0";"23,9";"24,4";"23,7";"1003,5";"1004,6";"1003,5";"1,0";"258,0";"2,7";"1208,30";""
"19/03/2024";"2000";"29,4";"29,4";"28,4";"77,0";"78,0";"76,0";"24,8";"25,0";"23,8";"1003,2";"1003,6";"1003,2";"0,2";"242,0";"2,0";"819,70";""
"19/03/2024";"2100";"28,8";"29,4";"28,7";"79,0";"80,0";"75,0";"24,8";"24,9";"24,2";"1003,0";"1003,2";"1002,9";"1,1";"287,0";"2,4";"601,90";""
"19/03/2024";"2200";"27,4";"28,8";"27,4";"86,0";"86,0";"78,0";"24,9";"24,9";"24,3";"1003,1";"1003,3";"1002,9";"1,0";"288,0";"2,4";"190,00";""
"19/03/2024";"2300";"26,7";"27,4";"26,7";"89,0";"89,0";"86,0";"24,8";"25,0";"24,7";"1003,9";"1003,9";"1003,1";"1,1";"289,0";"2,4";"1,20";""
"20/03/2024";"0000";"";"";"";"";"";"";"";"";"";"";"";"";"";"";"";"";""
"20/03/2024";"0100";"26,3";"26,5";"26,3";"91,0";"91,0";"90,0";"24,6";"24,8";"24,6";"1005,6";"1005,6";"1004,6";"0,4";"286,0";"1,9";"";""
"20/03/2024";"0200";"26,2";"26,4";"26,2";"91,0";"91,0";"90,0";"24,7";"24,8";"24,6";"1006,2";"1006,2";"1005,6";"1,1";"293,0";"2,2";"";""
"20/03/2024";"0300";"26,1";"26,3";"26,1";"92,0";"92,0";"91,0";"24,8";"24,8";"24,7";"1005,8";"1006,2";"1005,8";"0,0";"203,0";"2,1";"";""
"20/03/2024";"0400";"26,0";"26,2";"26,0";"93,0";"93,0";"92,0";"24,8";"24,9";"24,7";"1005,3";"1005,8";"1005,3";"0,6";"297,0";"1,3";"";""
"20/03/2024";"0500";"25,8";"26,1";"25,8";"93,0";"93,0";"93,0";"24,6";"24,9";"24,6";"1005,0";"1005,3";"1005,0";"1,2";"294,0";"2,3";"";""
"20/03/2024";"0600";"25,8";"25,9";"25,7";"92,0";"93,0";"92,0";"24,4";"24,6";"24,4";"1004,7";"1005,0";"1004,7";"1,0";"298,0";"1,9";"";""
"20/03/2024";"0700";"25,7";"25,8";"25,6";"93,0";"93,0";"92,0";"24,5";"24,5";"24,3";"1004,4";"1004,7";"1004,4";"1,1";"303,0";"2,2";"";""
"20/03/2024";"0800";"25,7";"25,7";"25,7";"94,0";"94,0";"93,0";"24,6";"24,6";"24,5";"1004,5";"1004,5";"1004,4";"0,6";"306,0";"2,6";"";""
"20/03/2024";"0900";"25,4";"25,8";"25,4";"93,0";"94,0";"93,0";"24,2";"24,7";"24,2";"1004,5";"1004,5";"1004,3";"0,8";"301,0";"2,5";"";""
"20/03/2024";"1000";"25,2";"25,5";"25,1";"93,0";"93,0";"93,0";"23,9";"24,3";"23,9";"1005,6";"1005,6";"1004,4";"0,8";"305,0";"2,3";"0,20";""
"20/03/2024";"1100";"25,5";"25,6";"25,1";"92,0";"93,0";"92,0";"24,1";"24,3";"23,9";"1006,7";"1006,7";"1005,6";"1,3";"303,0";"2,5";"84,60";""
"20/03/2024";"1200";"26,3";"26,4";"25,5";"89,0";"92,0";"89,0";"24,3";"24,6";"24,1";"1007,6";"1007,6";"1006,7";"1,9";"297,0";"4,5";"487,60";""
"20/03/2024";"1300";"25,6";"26,6";"25,6";"90,0";"90,0";"85,0";"23,8";"24,5";"23,5";"1008,6";"1008,6";"1007,6";"3,0";"293,0";"7,3";"582,60";""
"20/03/2024";"1400";"26,4";"26,5";"25,4";"89,0";"92,0";"88,0";"24,4";"24,7";"23,7";"1008,6";"1008,7";"1008,6";"2,6";"296,0";"7,2";"889,40";""
"20/03/2024";"1500";"28,3";"28,4";"26,4";"79,0";"91,0";"79,0";"24,4";"25,6";"24,3";"1008,0";"1008,7";"1008,0";"2,8";"295,0";"6,4";"1411,60";""
"20/03/2024";"1600";"28,8";"29,5";"28,2";"75,0";"81,0";"72,0";"23,8";"24,8";"23,5";"1006,7";"1008,0";"1006,7";"2,8";"287,0";"7,5";"2376,80";""
"20/03/2024";"1700";"29,0";"29,4";"28,6";"74,0";"76,0";"71,0";"23,9";"24,5";"23,1";"1005,3";"1006,7";"1005,3";"1,9";"277,0";"6,1";"1521,30";""
"20/03/2024";"1800";"29,0";"29,6";"28,8";"74,0";"76,0";"72,0";"23,9";"24,6";"23,3";"1003,8";"1005,3";"1003,8";"1,6";"266,0";"4,2";"1583,60";""
"20/03/2024";"1900";"29,2";"29,2";"28,5";"75,0";"76,0";"73,0";"24,2";"24,4";"23,7";"1002,6";"1003,8";"1002,6";"1,3";"277,0";"4,8";"1296,40";""
"20/03/2024";"2000";"29,5";"30,5";"29,1";"70,0";"75,0";"67,0";"23,5";"24,5";"23,2";"1002,1";"1002,6";"1001,9";"1,4";"273,0";"4,0";"1321,00";""
"20/03/2024";"2100";"30,3";"31,3";"29,4";"70,0";"72,0";"66,0";"24,2";"24,6";"23,3";"1002,2";"1002,2";"1002,1";"0,5";"217,0";"3,9";"946,80";""
"20/03/2024";"2200";"27,9";"30,4";"27,9";"79,0";"79,0";"69,0";"23,8";"24,2";"23,8";"1002,7";"1002,7";"1002,1";"0,0";"253,0";"2,0";"96,40";""
"20/03/2024";"2300";"27,0";"27,9";"27,0";"83,0";"83,0";"79,0";"23,9";"24,0";"23,6";"1003,7";"1003,7";"1002,7";"0,0";"283,0";"1,2";"0,30";""
"21/03/2024";"0000";"27,0";"27,0";"26,7";"85,0";"85,0";"83,0";"24,3";"24,3";"23,8";"1004,7";"1004,7";"1003,7";"0,0";"294,0";"1,0";"";""
"21/03/2024";"0100";"26,6";"27,4";"26,6";"88,0";"88,0";"83,0";"24,4";"24,4";"24,1";"1006,2";"1006,3";"1004,7";"1,5";"299,0";"3,6";"";""
"21/03/2024";"0200";"25,9";"26,6";"25,9";"91,0";"91,0";"88,0";"24,3";"24,6";"24,3";"1006,9";"1006,9";"1006,2";"1,3";"298,0";"3,4";"";""
"21/03/2024";"0300";"25,7";"25,9";"25,7";"92,0";"92,0";"91,0";"24,3";"24,4";"24,2";"1006,8";"1007,0";"1006,8";"0,3";"285,0";"2,5";"";""
"21/03/2024";"0400";"25,7";"25,8";"25,6";"93,0";"93,0";"92,0";"24,4";"24,4";"24,3";"1006,1";"1006,8";"1006,1";"0,9";"300,0";"1,4";"";""
"21/03/2024";"0500";"24,8";"25,7";"24,8";"92,0";"93,0";"91,0";"23,5";"24,5";"23,4";"1005,4";"1006,3";"1005,4";"0,9";"309,0";"7,1";"";""
"21/03/2024";"0600";"24,9";"25,2";"24,8";"91,0";"93,0";"91,0";"23,4";"23,7";"23,3";"1005,0";"1005,4";"1004,9";"0,7";"301,0";"2,7";"";""
"21/03/2024";"0700";"24,8";"25,1";"24,7";"92,0";"92,0";"91,0";"23,5";"23,6";"23,3";"1005,0";"1005,0";"1004,8";"0,0";"269,0";"2,3";"";""
"21/03/2024";"0800";"25,2";"25,2";"24,8";"93,0";"93,0";"92,0";"23,9";"23,9";"23,5";"1005,1";"1005,2";"1005,0";"0,0";"223,0";"0,0";"";""
"21/03/2024";"0900";"25,4";"25,5";"25,1";"90,0";"93,0";"89,0";"23,6";"24,0";"23,5";"1005,5";"1005,5";"1005,1";"0,0";"253,0";"1,2";"";""
"21/03/2024";"1000";"25,9";"25,9";"25,4";"91,0";"91,0";"89,0";"24,4";"24,4";"23,6";"1006,2";"1006,2";"1005,5";"0,3";"247,0";"2,4";"0,30";""
"21/03/2024";"1100";"26,1";"26,2";"25,9";"90,0";"91,0";"90,0";"24,5";"24,5";"24,2";"1007,5";"1007,5";"1006,2";"0,2";"239,0";"4,5";"23,90";""
"21/03/2024";"1200";"23,7";"26,1";"23,6";"94,0";"94,0";"89,0";"22,7";"24,5";"22,5";"1008,9";"1008,9";"1007,5";"1,8";"279,0";"6,0";"11,40";""
"21/03/2024";"1300";"24,1";"24,2";"23,7";"94,0";"94,0";"94,0";"23,1";"23,2";"22,7";"1009,7";"1009,8";"1008,9";"0,8";"329,0";"5,4";"21,90";""
"21/03/2024";"1400";"24,2";"24,2";"24,0";"94,0";"94,0";"94,0";"23,2";"23,2";"23,0";"1009,7";"1009,8";"1009,6";"1,4";"327,0";"3,3";"50,00";""
"21/03/2024";"1500";"24,6";"24,6";"24,1";"93,0";"94,0";"93,0";"23,4";"23,4";"23,1";"1008,6";"1009,7";"1008,6";"0,2";"315,0";"3,9";"209,30";""
"21/03/2024";"1600";"25,2";"25,2";"24,5";"90,0";"93,0";"90,0";"23,5";"23,6";"23,2";"1007,0";"1008,6";"1007,0";"0,9";"265,0";"2,0";"585,50";""
"21/03/2024";"1700";"26,8";"27,0";"25,1";"83,0";"90,0";"83,0";"23,7";"24,4";"23,2";"1005,5";"1007,0";"1005,5";"0,0";"238,0";"1,8";"1044,90";""
"21/03/2024";"1800";"27,3";"27,6";"26,5";"79,0";"85,0";"77,0";"23,3";"24,1";"22,8";"1005,0";"1005,5";"1005,0";"0,9";"225,0";"2,0";"1363,90";""
"21/03/2024";"1900";"27,6";"27,9";"27,3";"79,0";"79,0";"75,0";"23,6";"23,8";"22,6";"1004,6";"1005,0";"1004,6";"0,6";"246,0";"2,6";"1408,00";""
"21/03/2024";"2000";"27,4";"28,1";"27,4";"79,0";"79,0";"76,0";"23,3";"23,8";"23,0";"1003,9";"1004,6";"1003,9";"1,0";"236,0";"2,4";"970,90";""
"21/03/2024";"2100";"27,2";"27,6";"27,2";"78,0";"80,0";"78,0";"23,1";"23,9";"23,1";"1003,9";"1003,9";"1003,5";"0,9";"242,0";"2,5";"543,80";""
"21/03/2024";"2200";"26,6";"27,3";"26,6";"84,0";"84,0";"78,0";"23,6";"23,7";"23,1";"1004,4";"1004,4";"1003,9";"0,0";"214,0";"2,2";"147,20";""
"21/03/2024";"2300";"26,1";"26,6";"26,1";"89,0";"89,0";"84,0";"24,2";"24,2";"23,6";"1005,1";"1005,1";"1004,3";"0,0";"265,0";"0,0";"1,10";""
"22/03/2024";"0000";"26,0";"26,1";"26,0";"90,0";"90,0";"89,0";"24,3";"24,3";"24,2";"1005,7";"1005,7";"1005,1";"0,0";"298,0";"0,4";"";""
"22/03/2024";"0100";"25,8";"26,1";"25,8";"90,0";"90,0";"90,0";"24,1";"24,4";"24,0";"1006,2";"1006,2";"1005,7";"0,0";"269,0";"0,0";"";""
"22/03/2024";"0200";"25,8";"25,9";"25,7";"90,0";"91,0";"90,0";"24,1";"24,3";"24,1";"1006,3";"1006,3";"1006,2";"0,0";"290,0";"0,8";"";""
"22/03/2024";"0300";"25,9";"26,0";"25,8";"91,0";"91,0";"90,0";"24,3";"24,3";"24,0";"1005,8";"1006,3";"1005,8";"1,1";"290,0";"2,1";"";""
"22/03/2024";"0400";"25,9";"26,0";"25,7";"92,0";"92,0";"91,0";"24,4";"24,4";"24,3";"1005,0";"1005,8";"1005,0";"0,7";"283,0";"1,9";"";""
"22/03/2024";"0500";"25,9";"26,1";"25,9";"91,0";"92,0";"91,0";"24,4";"24,5";"24,4";"1004,6";"1005,0";"1004,6";"1,0";"285,0";"2,8";"";""
"22/03/2024";"0600";"25,9";"26,0";"25,9";"91,0";"92,0";"91,0";"24,4";"24,5";"24,4";"1004,1";"1004,6";"1004,1";"0,0";"276,0";"2,2";"";""
"22/03/2024";"0700";"25,7";"25,9";"25,7";"92,0";"92,0";"91,0";"24,4";"24,4";"24,3";"1004,3";"1004,4";"1004,1";"0,0";"293,0";"1,4";"";""
"22/03/2024";"0800";"25,8";"25,8";"25,7";"91,0";"92,0";"91,0";"24,3";"24,4";"24,3";"1004,8";"1004,8";"1004,3";"0,0";"284,0";"1,8";"";""
"22/03/2024";"0900";"26,0";"26,0";"25,7";"90,0";"92,0";"90,0";"24,3";"24,5";"24,2";"1005,6";"1005,6";"1004,8";"0,1";"238,0";"1,5";"";""
"22/03/2024";"1000";"26,4";"26,4";"25,8";"90,0";"91,0";"89,0";"24,6";"24,7";"24,1";"1006,3";"1006,3";"1005,6";"0,0";"251,0";"2,0";"0,50";""
"22/03/2024";"1100";"26,8";"26,8";"26,3";"88,0";"90,0";"88,0";"24,7";"24,7";"24,3";"1007,0";"1007,0";"1006,3";"0,3";"215,0";"1,6";"132,10";""
"22/03/2024";"1200";"28,5";"28,8";"26,8";"80,0";"88,0";"80,0";"24,8";"25,7";"24,7";"1007,7";"1007,7";"1007,0";"0,5";"221,0";"2,6";"917,10";""
"22/03/2024";"1300";"29,1";"29,7";"28,5";"77,0";"82,0";"76,0";"24,7";"26,0";"24,2";"1008,4";"1008,4";"1007,7";"0,9";"224,0";"3,1";"1737,70";""
"22/03/2024";"1400";"29,6";"30,1";"28,8";"78,0";"79,0";"74,0";"25,3";"25,8";"23,9";"1008,4";"1008,6";"1008,4";"1,4";"217,0";"3,4";"2366,60";""
"22/03/2024";"1500";"31,9";"32,2";"29,6";"66,0";"79,0";"64,0";"24,8";"26,0";"24,1";"1007,8";"1008,5";"1007,8";"1,2";"242,0";"4,6";"2683,00";""
"22/03/2024";"1600";"31,0";"31,9";"30,2";"74,0";"76,0";"66,0";"25,8";"26,2";"24,6";"1006,9";"1007,8";"1006,9";"1,3";"217,0";"4,1";"2730,90";""
"22/03/2024";"1700";"32,2";"33,1";"31,0";"59,0";"74,0";"56,0";"23,2";"26,0";"22,7";"1005,6";"1006,9";"1005,6";"2,3";"283,0";"5,4";"3147,90";""
"22/03/2024";"1800";"31,1";"32,3";"30,4";"72,0";"74,0";"59,0";"25,4";"25,6";"23,3";"1003,8";"1005,6";"1003,8";"0,5";"203,0";"5,4";"1089,80";""
"22/03/2024";"1900";"33,5";"33,6";"30,9";"55,0";"73,0";"52,0";"23,1";"26,1";"22,0";"1002,7";"1003,8";"1002,7";"1,8";"275,0";"4,9";"2526,30";""
"22/03/2024";"2000";"33,0";"33,6";"32,7";"53,0";"57,0";"52,0";"22,2";"23,6";"21,9";"1002,4";"1002,7";"1002,4";"1,7";"290,0";"5,0";"1793,40";""
"22/03/2024";"2100";"31,9";"33,2";"31,9";"59,0";"60,0";"53,0";"22,9";"23,5";"22,1";"1002,5";"1002,5";"1002,1";"1,9";"270,0";"5,1";"969,30";""
"22/03/2024";"2200";"29,9";"31,9";"29,9";"72,0";"72,0";"59,0";"24,3";"24,3";"22,5";"1003,2";"1003,2";"1002,5";"2,1";"282,0";"5,9";"182,30";""
"22/03/2024";"2300";"28,7";"29,9";"28,7";"79,0";"79,0";"72,0";"24,8";"24,8";"24,3";"1004,4";"1004,4";"1003,2";"1,7";"285,0";"5,9";"0,40";""
"23/03/2024";"0000";"28,0";"28,7";"28,0";"80,0";"81,0";"77,0";"24,3";"24,9";"23,9";"1005,6";"1005,6";"1004,4";"1,1";"299,0";"3,1";"";""
"23/03/2024";"0100";"27,5";"28,0";"27,5";"81,0";"81,0";"79,0";"24,0";"24,3";"23,9";"1006,3";"1006,3";"1005,6";"0,0";"273,0";"2,1";"";""
"23/03/2024";"0200";"27,3";"27,5";"27,3";"81,0";"82,0";"80,0";"23,9";"24,0";"23,7";"1006,6";"1006,6";"1006,3";"0,6";"292,0";"1,3";"";""
"23/03/2024";"0300";"27,0";"27,3";"27,0";"84,0";"84,0";"81,0";"24,1";"24,1";"23,9";"1006,1";"1006,8";"1006,1";"0,0";"255,0";"1,6";"";""
"23/03/2024";"0400";"26,9";"27,0";"26,8";"87,0";"87,0";"84,0";"24,5";"24,5";"24,0";"1005,7";"1006,1";"1005,7";"0,0";"295,0";"0,6";"";""
"23/03/2024";"0500";"26,8";"26,9";"26,7";"88,0";"89,0";"87,0";"24,7";"24,7";"24,5";"1004,9";"1005,7";"1004,9";"0,1";"248,0";"1,1";"";""
"23/03/2024";"0600";"26,5";"26,8";"26,5";"89,0";"89,0";"88,0";"24,6";"24,8";"24,5";"1004,8";"1005,0";"1004,8";"0,0";"279,0";"1,5";"";""
"23/03/2024";"0700";"26,4";"26,6";"26,4";"90,0";"90,0";"89,0";"24,6";"24,6";"24,6";"1004,6";"1004,8";"1004,6";"0,0";"289,0";"0,8";"";""
"23/03/2024";"0800";"26,1";"26,4";"26,1";"90,0";"90,0";"90,0";"24,5";"24,6";"24,5";"1004,6";"1004,7";"1004,6";"1,1";"281,0";"2,4";"";""
"23/03/2024";"0900";"25,7";"26,1";"25,6";"90,0";"91,0";"90,0";"23,9";"24,5";"23,9";"1004,1";"1004,6";"1004,1";"1,7";"289,0";"3,1";"";""
"23/03/2024";"1000";"25,3";"25,7";"25,3";"88,0";"90,0";"88,0";"23,3";"23,9";"23,2";"1004,7";"1004,7";"1004,1";"0,3";"219,0";"3,0";"1,30";""
"23/03/2024";"1100";"26,4";"26,4";"25,3";"87,0";"89,0";"87,0";"24,0";"24,0";"23,3";"1005,3";"1005,4";"1004,7";"1,0";"275,0";"2,2";"177,10";""
"23/03/2024";"1200";"29,0";"29,1";"26,4";"77,0";"87,0";"76,0";"24,6";"25,0";"24,0";"1005,8";"1005,8";"1005,3";"1,0";"255,0";"3,0";"988,60";""
"23/03/2024";"1300";"29,5";"29,9";"28,9";"76,0";"79,0";"75,0";"24,8";"25,6";"24,4";"1006,4";"1006,4";"1005,8";"1,6";"284,0";"5,1";"1331,60";""
"23/03/2024";"1400";"29,9";"31,1";"29,3";"73,0";"77,0";"71,0";"24,5";"26,0";"24,5";"1006,9";"1006,9";"1006,4";"1,5";"240,0";"5,1";"1962,80";""
"23/03/2024";"1500";"30,8";"32,0";"29,8";"71,0";"75,0";"66,0";"24,9";"25,9";"24,3";"1006,3";"1006,9";"1006,3";"1,6";"271,0";"4,4";"2743,40";""
"23/03/2024";"1600";"32,4";"32,7";"30,8";"62,0";"71,0";"61,0";"24,2";"25,5";"24,0";"1004,9";"1006,3";"1004,9";"1,5";"254,0";"5,3";"2872,40";""
"23/03/2024";"1700";"33,2";"33,6";"31,9";"60,0";"66,0";"58,0";"24,3";"25,3";"23,4";"1003,4";"1004,9";"1003,3";"2,6";"288,0";"5,9";"3352,80";""
"23/03/2024";"1800";"28,7";"33,5";"28,5";"83,0";"83,0";"57,0";"25,4";"25,4";"23,2";"1002,6";"1003,4";"1002,6";"1,5";"313,0";"5,4";"700,50";""
"23/03/2024";"1900";"29,0";"29,0";"28,2";"77,0";"82,0";"75,0";"24,7";"25,2";"23,7";"1001,8";"1002,6";"1001,8";"1,2";"301,0";"5,0";"783,80";""
"23/03/2024";"2000";"30,6";"31,2";"29,0";"74,0";"78,0";"70,0";"25,5";"25,6";"24,2";"1001,9";"1001,9";"1001,5";"1,3";"336,0";"2,9";"1184,30";""
"23/03/2024";"2100";"29,7";"30,6";"29,7";"74,0";"75,0";"70,0";"24,5";"25,3";"24,1";"1002,3";"1002,3";"1001,8";"1,5";"343,0";"3,2";"710,00";""
"23/03/2024";"2200";"28,7";"29,8";"28,7";"81,0";"81,0";"74,0";"25,1";"25,3";"24,5";"1003,2";"1003,3";"1002,3";"2,0";"341,0";"4,2";"73,90";""
"23/03/2024";"2300";"27,2";"28,7";"27,2";"84,0";"84,0";"81,0";"24,4";"25,4";"24,1";"1004,2";"1004,2";"1003,2";"1,7";"315,0";"6,4";"";""
"24/03/2024";"0000";"25,5";"27,3";"25,5";"91,0";"91,0";"84,0";"24,0";"24,4";"23,8";"1004,4";"1004,5";"1004,1";"2,1";"287,0";"5,2";"";""
"24/03/2024";"0100";"25,4";"25,6";"25,4";"92,0";"92,0";"91,0";"24,0";"24,2";"23,9";"1005,9";"1005,9";"1004,4";"0,3";"237,0";"3,9";"";""
"24/03/2024";"0200";"25,5";"26,0";"25,4";"92,0";"93,0";"92,0";"24,1";"24,7";"24,0";"1006,2";"1006,3";"1005,9";"0,9";"241,0";"3,8";"";""
"24/03/2024";"0300";"25,4";"25,6";"25,3";"92,0";"92,0";"91,0";"23,9";"24,2";"23,8";"1005,9";"1006,2";"1005,9";"0,3";"274,0";"3,9";"";""
"24/03/2024";"0400";"25,0";"25,4";"25,0";"93,0";"93,0";"92,0";"23,7";"23,9";"23,6";"1005,3";"1005,9";"1005,3";"0,1";"267,0";"1,9";"";""
"24/03/2024";"0500";"25,6";"25,6";"25,0";"93,0";"93,0";"93,0";"24,3";"24,4";"23,8";"1004,7";"1005,3";"1004,7";"0,2";"305,0";"2,3";"";""
"24/03/2024";"0600";"25,7";"25,7";"25,5";"93,0";"93,0";"92,0";"24,5";"24,5";"24,1";"1004,0";"1004,7";"1004,0";"0,2";"225,0";"2,1";"";""
"24/03/2024";"0700";"25,8";"25,8";"25,7";"92,0";"93,0";"92,0";"24,4";"24,5";"24,3";"1003,3";"1004,0";"1003,3";"0,4";"223,0";"3,1";"";""
"24/03/2024";"0800";"25,6";"25,8";"25,5";"92,0";"92,0";"92,0";"24,1";"24,4";"24,1";"1003,4";"1003,5";"1003,2";"0,1";"223,0";"2,5";"";""
"24/03/2024";"0900";"25,6";"25,8";"25,6";"92,0";"92,0";"92,0";"24,2";"24,3";"24,1";"1003,7";"1003,7";"1003,4";"0,1";"265,0";"1,3";"";""
"24/03/2024";"1000";"25,3";"25,6";"25,3";"93,0";"93,0";"92,0";"24,1";"24,3";"24,1";"1004,4";"1004,4";"1003,7";"0,4";"303,0";"2,2";"0,70";""
"24/03/2024";"1100";"25,7";"25,7";"25,3";"93,0";"93,0";"93,0";"24,5";"24,5";"24,0";"1005,2";"1005,2";"1004,4";"0,5";"305,0";"3,1";"131,60";""
"24/03/2024";"1200";"26,7";"26,7";"25,6";"89,0";"93,0";"88,0";"24,6";"24,8";"24,3";"1006,2";"1006,2";"1005,2";"2,2";"295,0";"5,9";"626,00";""
"24/03/2024";"1300";"27,1";"27,1";"26,5";"86,0";"89,0";"86,0";"24,5";"24,8";"24,2";"1006,9";"1006,9";"1006,2";"2,0";"301,0";"6,1";"794,60";""
"24/03/2024";"1400";"28,2";"28,4";"26,8";"78,0";"86,0";"77,0";"24,0";"24,8";"23,5";"1007,0";"1007,0";"1006,9";"2,1";"304,0";"5,4";"1254,80";""
"24/03/2024";"1500";"30,0";"30,4";"28,0";"69,0";"79,0";"68,0";"23,8";"24,7";"23,1";"1006,6";"1007,0";"1006,6";"2,6";"303,0";"6,4";"2700,70";""
"24/03/2024";"1600";"29,1";"30,9";"28,8";"75,0";"75,0";"64,0";"24,2";"24,5";"22,8";"1005,4";"1006,6";"1005,4";"1,8";"296,0";"5,9";"1614,20";""
"24/03/2024";"1700";"29,6";"29,7";"29,1";"73,0";"75,0";"71,0";"24,2";"24,4";"23,7";"1004,5";"1005,4";"1004,5";"1,4";"300,0";"4,2";"1195,10";""
"24/03/2024";"1800";"29,7";"30,3";"29,5";"69,0";"73,0";"67,0";"23,4";"24,6";"23,1";"1003,4";"1004,5";"1003,4";"2,1";"294,0";"4,9";"1395,30";""
"24/03/2024";"1900";"27,1";"29,7";"26,7";"84,0";"87,0";"69,0";"24,2";"25,0";"23,1";"1003,3";"1003,4";"1003,1";"1,3";"272,0";"5,9";"329,80";""
"24/03/2024";"2000";"23,5";"27,6";"23,3";"94,0";"94,0";"77,0";"22,5";"24,5";"21,5";"1004,2";"1004,2";"1003,3";"2,2";"293,0";"10,6";"68,80";""
"24/03/2024";"2100";"23,6";"23,7";"23,4";"93,0";"94,0";"93,0";"22,5";"22,6";"22,4";"1004,5";"1004,5";"1004,1";"2,8";"326,0";"6,1";"27,30";""
"24/03/2024";"2200";"23,4";"23,7";"23,3";"94,0";"94,0";"93,0";"22,3";"22,6";"22,2";"1005,2";"1005,2";"1004,5";"1,7";"290,0";"6,2";"11,70";""
"24/03/2024";"2300";"23,4";"23,5";"23,3";"91,0";"94,0";"91,0";"21,8";"22,4";"21,7";"1005,7";"1005,8";"1005,2";"2,2";"338,0";"6,9";"0,20";""
"25/03/2024";"0000";"23,2";"23,4";"23,1";"94,0";"94,0";"91,0";"22,1";"22,2";"21,8";"1006,4";"1006,4";"1005,7";"0,3";"288,0";"4,1";"";""
"25/03/2024";"0100";"23,3";"23,3";"23,2";"94,0";"94,0";"94,0";"22,3";"22,3";"22,1";"1006,7";"1006,7";"1006,4";"0,6";"299,0";"3,5";"";""
"25/03/2024";"0200";"23,3";"23,4";"23,3";"94,0";"94,0";"94,0";"22,4";"22,4";"22,3";"1007,0";"1007,0";"1006,7";"0,1";"273,0";"2,0";"";""
"25/03/2024";"0300";"23,5";"23,5";"23,2";"94,0";"94,0";"94,0";"22,4";"22,4";"22,2";"1007,0";"1007,0";"1006,8";"0,6";"302,0";"2,4";"";""
"25/03/2024";"0400";"23,4";"23,6";"23,4";"94,0";"94,0";"94,0";"22,4";"22,6";"22,3";"1006,3";"1007,1";"1006,3";"1,0";"295,0";"3,1";"";""
"25/03/2024";"0500";"23,3";"23,5";"23,3";"94,0";"94,0";"94,0";"22,4";"22,5";"22,3";"1005,1";"1006,3";"1005,1";"0,0";"291,0";"1,6";"";""
"25/03/2024";"0600";"23,4";"23,5";"23,3";"94,0";"94,0";"94,0";"22,4";"22,5";"22,3";"1004,4";"1005,1";"1004,4";"0,0";"315,0";"1,1";"";""
"25/03/2024";"0700";"23,4";"23,5";"23,2";"94,0";"94,0";"94,0";"22,4";"22,5";"22,2";"1003,5";"1004,4";"1003,5";"0,0";"324,0";"0,7";"";""
"25/03/2024";"0800";"23,5";"23,5";"23,3";"94,0";"94,0";"94,0";"22,5";"22,5";"22,2";"1003,4";"1003,5";"1003,3";"0,0";"344,0";"1,0";"0,10";""
"25/03/2024";"0900";"23,6";"23,7";"23,5";"93,0";"94,0";"92,0";"22,3";"22,5";"22,1";"1003,7";"1003,7";"1003,4";"0,0";"332,0";"2,2";"0,50";""
"25/03/2024";"1000";"23,7";"23,9";"23,6";"93,0";"93,0";"93,0";"22,5";"22,7";"22,4";"1004,3";"1004,3";"1003,7";"0,0";"289,0";"0,8";"0,60";""
"25/03/2024";"1100";"24,1";"24,1";"23,6";"93,0";"94,0";"93,0";"23,0";"23,0";"22,5";"1005,5";"1005,5";"1004,3";"0,0";"287,0";"0,4";"89,90";""
"25/03/2024";"1200";"25,1";"25,1";"24,1";"90,0";"93,0";"90,0";"23,3";"23,5";"23,0";"1006,2";"1006,2";"1005,5";"0,3";"253,0";"2,3";"364,10";""
"25/03/2024";"1300";"26,2";"26,2";"25,0";"86,0";"90,0";"86,0";"23,7";"23,7";"23,0";"1007,0";"1007,0";"1006,2";"0,2";"259,0";"2,5";"771,90";""
"25/03/2024";"1400";"26,1";"26,8";"25,8";"83,0";"86,0";"81,0";"23,1";"23,6";"22,9";"1007,2";"1007,2";"1007,0";"1,0";"268,0";"3,4";"1052,40";""
"25/03/2024";"1500";"26,5";"26,6";"26,1";"81,0";"83,0";"79,0";"22,9";"23,4";"22,4";"1006,8";"1007,2";"1006,8";"0,7";"271,0";"2,7";"914,40";""
"25/03/2024";"1600";"27,0";"27,0";"26,3";"78,0";"81,0";"77,0";"22,8";"23,2";"22,3";"1006,4";"1006,8";"1006,4";"1,0";"238,0";"2,2";"1096,30";""
"25/03/2024";"1700";"27,2";"27,6";"26,7";"78,0";"80,0";"76,0";"23,1";"23,3";"22,4";"1005,6";"1006,4";"1005,6";"1,0";"195,0";"2,2";"1040,70";""
"25/03/2024";"1800";"28,1";"28,1";"27,0";"74,0";"79,0";"71,0";"23,1";"23,2";"21,9";"1005,1";"1005,8";"1005,1";"0,7";"224,0";"2,5";"1282,40";""
"25/03/2024";"1900";"28,0";"28,6";"27,5";"74,0";"74,0";"69,0";"22,8";"22,9";"21,6";"1004,5";"1005,1";"1004,5";"0,0";"238,0";"1,8";"926,20";""
"25/03/2024";"2000";"27,5";"28,0";"27,3";"78,0";"81,0";"73,0";"23,2";"23,9";"22,7";"1003,5";"1004,5";"1003,5";"1,3";"274,0";"2,9";"508,00";""
"25/03/2024";"2100";"27,1";"27,7";"27,1";"80,0";"80,0";"77,0";"23,3";"23,6";"23,1";"1003,1";"1003,5";"1003,1";"0,9";"276,0";"2,9";"374,50";""
"25/03/2024";"2200";"26,4";"27,1";"26,4";"83,0";"83,0";"80,0";"23,2";"23,4";"23,1";"1003,3";"1003,3";"1002,9";"0,0";"267,0";"2,6";"120,40";""
"25/03/2024";"2300";"25,7";"26,4";"25,7";"87,0";"87,0";"83,0";"23,4";"23,6";"23,2";"1003,7";"1003,7";"1003,3";"0,0";"284,0";"0,0";"0,70";""
"26/03/2024";"0000";"25,3";"25,7";"25,2";"88,0";"89,0";"87,0";"23,2";"23,4";"23,2";"1004,6";"1004,6";"1003,7";"0,6";"300,0";"1,3";"";""
"26/03/2024";"0100";"25,3";"25,4";"25,2";"89,0";"91,0";"88,0";"23,4";"23,7";"23,1";"1005,7";"1005,7";"1004,6";"1,0";"297,0";"1,8";"";""
"26/03/2024";"0200";"25,4";"25,6";"25,3";"89,0";"89,0";"87,0";"23,4";"23,5";"23,2";"1005,9";"1005,9";"1005,7";"0,0";"319,0";"1,4";"";""
"26/03/2024";"0300";"25,2";"25,4";"25,2";"90,0";"90,0";"88,0";"23,5";"23,5";"23,3";"1005,7";"1005,9";"1005,7";"0,0";"303,0";"1,0";"";""
"26/03/2024";"0400";"25,3";"25,3";"25,2";"91,0";"91,0";"90,0";"23,6";"23,7";"23,5";"1005,2";"1005,7";"1005,1";"0,0";"311,0";"0,6";"";""
"26/03/2024";"0500";"25,3";"25,3";"25,2";"91,0";"91,0";"91,0";"23,7";"23,7";"23,6";"1004,5";"1005,2";"1004,5";"0,0";"293,0";"0,0";"";""
"26/03/2024";"0600";"25,3";"25,4";"25,2";"91,0";"91,0";"90,0";"23,7";"23,7";"23,6";"1003,8";"1004,5";"1003,8";"0,7";"287,0";"2,1";"";""
"26/03/2024";"0700";"25,2";"25,3";"25,2";"91,0";"91,0";"90,0";"23,6";"23,7";"23,6";"1003,1";"1003,8";"1003,1";"0,3";"284,0";"1,9";"";""
"26/03/2024";"0800";"25,0";"25,2";"25,0";"92,0";"92,0";"91,0";"23,6";"23,7";"23,6";"1003,4";"1003,4";"1003,0";"1,0";"285,0";"1,8";"";""
"26/03/2024";"0900";"25,1";"25,1";"25,0";"92,0";"92,0";"92,0";"23,8";"23,8";"23,6";"1004,2";"1004,2";"1003,4";"0,1";"252,0";"2,2";"";""
"26/03/2024";"1000";"25,0";"25,1";"25,0";"92,0";"92,0";"92,0";"23,7";"23,8";"23,6";"1004,7";"1004,7";"1004,2";"0,3";"269,0";"1,7";"0,60";""
"26/03/2024";"1100";"25,7";"25,7";"25,0";"91,0";"92,0";"91,0";"24,2";"24,2";"23,6";"1005,4";"1005,4";"1004,7";"0,7";"268,0";"2,3";"176,30";""
"26/03/2024";"1200";"26,9";"26,9";"25,8";"87,0";"91,0";"87,0";"24,6";"25,0";"24,1";"1006,5";"1006,5";"1005,4";"1,3";"261,0";"3,5";"638,50";""
"26/03/2024";"1300";"29,1";"29,5";"26,9";"77,0";"87,0";"75,0";"24,6";"25,2";"23,9";"1007,2";"1007,2";"1006,5";"0,7";"264,0";"3,8";"1404,20";""
"26/03/2024";"1400";"29,5";"30,1";"28,5";"71,0";"78,0";"70,0";"23,7";"24,5";"23,5";"1007,1";"1007,4";"1007,1";"1,6";"284,0";"4,4";"1925,50";""
"26/03/2024";"1500";"30,5";"30,7";"29,5";"64,0";"72,0";"61,0";"22,8";"24,5";"22,1";"1006,7";"1007,1";"1006,7";"1,5";"264,0";"5,1";"2733,70";""
"26/03/2024";"1600";"31,4";"31,9";"30,5";"61,0";"69,0";"57,0";"22,8";"25,4";"21,8";"1005,8";"1006,7";"1005,8";"1,4";"256,0";"4,6";"3011,80";""
"26/03/2024";"1700";"32,2";"32,4";"31,1";"60,0";"66,0";"56,0";"23,4";"24,0";"21,9";"1004,7";"1005,8";"1004,7";"1,6";"247,0";"5,2";"3090,30";""
"26/03/2024";"1800";"33,1";"33,1";"31,4";"56,0";"64,0";"55,0";"23,3";"24,1";"22,3";"1003,4";"1004,8";"1003,4";"1,7";"281,0";"5,5";"2725,70";""
"26/03/2024";"1900";"32,9";"33,4";"31,9";"58,0";"63,0";"53,0";"23,7";"24,3";"22,0";"1002,3";"1003,4";"1002,3";"1,4";"268,0";"5,5";"2450,20";""
"26/03/2024";"2000";"32,6";"33,2";"32,0";"59,0";"61,0";"55,0";"23,7";"24,5";"22,2";"1001,6";"1002,3";"1001,5";"1,7";"262,0";"4,7";"1721,50";""
"26/03/2024";"2100";"31,1";"32,8";"30,9";"68,0";"69,0";"58,0";"24,6";"24,9";"23,4";"1001,2";"1001,6";"1001,2";"0,5";"204,0";"3,8";"827,20";""
"26/03/2024";"2200";"29,9";"31,1";"29,9";"72,0";"74,0";"68,0";"24,2";"25,1";"24,2";"1001,2";"1001,2";"1001,1";"0,3";"286,0";"1,6";"103,90";""
"26/03/2024";"2300";"28,8";"29,9";"28,7";"77,0";"78,0";"71,0";"24,3";"24,4";"24,0";"1001,6";"1001,6";"1001,2";"0,9";"288,0";"1,8";"0,40";""
"27/03/2024";"0000";"28,0";"28,9";"28,0";"83,0";"83,0";"76,0";"24,9";"24,9";"24,1";"1002,3";"1002,3";"1001,6";"1,0";"301,0";"2,0";"";""
"27/03/2024";"0100";"27,8";"28,1";"27,8";"86,0";"86,0";"83,0";"25,2";"25,2";"24,9";"1003,1";"1003,1";"1002,3";"1,1";"298,0";"1,9";"";""
"27/03/2024";"0200";"27,9";"28,1";"27,8";"84,0";"86,0";"83,0";"24,9";"25,2";"24,8";"1003,6";"1003,6";"1003,1";"0,9";"288,0";"2,5";"";""
"27/03/2024";"0300";"27,7";"27,9";"27,7";"80,0";"84,0";"80,0";"23,9";"24,9";"23,9";"1004,0";"1004,0";"1003,6";"1,2";"284,0";"2,7";"";""
"27/03/2024";"0400";"27,7";"27,9";"27,6";"77,0";"80,0";"76,0";"23,3";"23,9";"23,3";"1003,7";"1004,1";"1003,7";"1,6";"283,0";"3,6";"";""
"27/03/2024";"0500";"27,5";"27,8";"27,5";"81,0";"81,0";"77,0";"23,9";"23,9";"23,3";"1003,2";"1003,7";"1003,2";"1,0";"276,0";"3,4";"";""
"27/03/2024";"0600";"27,0";"27,5";"26,9";"84,0";"84,0";"81,0";"24,0";"24,0";"23,8";"1002,9";"1003,2";"1002,9";"1,5";"275,0";"2,8";"";""
"27/03/2024";"0700";"26,7";"27,0";"26,6";"85,0";"85,0";"84,0";"23,9";"24,1";"23,9";"1002,9";"1002,9";"1002,6";"0,7";"280,0";"3,1";"";""
"27/03/2024";"0800";"26,4";"26,7";"26,4";"85,0";"85,0";"83,0";"23,7";"23,9";"23,6";"1003,0";"1003,1";"1002,8";"0,2";"292,0";"2,8";"";""
"27/03/2024";"0900";"26,2";"26,5";"26,2";"86,0";"86,0";"85,0";"23,6";"23,7";"23,6";"1003,2";"1003,2";"1003,0";"0,9";"273,0";"2,5";"";""
"27/03/2024";"1000";"26,1";"26,2";"25,9";"88,0";"88,0";"86,0";"23,9";"23,9";"23,6";"1003,4";"1003,5";"1003,2";"1,3";"273,0";"3,8";"1,10";""
"27/03/2024";"1100";"26,7";"26,7";"26,1";"87,0";"88,0";"87,0";"24,5";"24,5";"23,9";"1004,6";"1004,6";"1003,4";"0,5";"266,0";"3,8";"156,30";""
"27/03/2024";"1200";"28,4";"28,4";"26,7";"82,0";"88,0";"82,0";"24,9";"25,0";"24,5";"1005,5";"1005,6";"1004,6";"0,8";"268,0";"3,2";"651,00";""
"27/03/2024";"1300";"29,3";"29,4";"28,3";"76,0";"82,0";"76,0";"24,6";"25,0";"24,2";"1005,7";"1005,9";"1005,5";"2,0";"264,0";"5,8";"1204,80";""
"27/03/2024";"1400";"29,4";"29,6";"28,8";"75,0";"77,0";"75,0";"24,5";"24,8";"24,1";"1005,7";"1005,7";"1005,5";"3,4";"279,0";"8,9";"1528,10";""
"27/03/2024";"1500";"30,7";"31,0";"29,4";"69,0";"76,0";"68,0";"24,4";"25,2";"24,0";"1005,5";"1006,0";"1005,5";"2,5";"280,0";"8,0";"2111,60";""
"27/03/2024";"1600";"32,1";"32,7";"30,7";"61,0";"70,0";"61,0";"23,8";"25,4";"23,8";"1004,4";"1005,6";"1004,4";"2,5";"274,0";"6,7";"3000,00";""
"27/03/2024";"1700";"32,2";"32,9";"31,5";"63,0";"66,0";"60,0";"24,2";"25,4";"23,4";"1003,5";"1004,4";"1003,5";"3,1";"277,0";"6,0";"2803,60";""
"27/03/2024";"1800";"33,2";"33,2";"32,2";"63,0";"66,0";"60,0";"25,1";"25,6";"24,1";"1002,9";"1003,5";"1002,9";"1,5";"268,0";"6,0";"2707,30";""
"27/03/2024";"1900";"32,3";"33,2";"32,2";"63,0";"65,0";"61,0";"24,3";"25,3";"24,0";"1002,4";"1003,0";"1002,4";"1,0";"210,0";"3,5";"1837,10";""
"27/03/2024";"2000";"33,0";"33,4";"32,1";"64,0";"66,0";"61,0";"25,3";"25,5";"24,3";"1002,0";"1002,4";"1001,9";"0,8";"262,0";"3,4";"1302,40";""
"27/03/2024";"2100";"32,1";"33,0";"31,9";"63,0";"66,0";"62,0";"24,2";"25,3";"24,2";"1001,7";"1002,0";"1001,6";"0,4";"269,0";"3,0";"672,70";""
"27/03/2024";"2200";"30,1";"32,1";"30,1";"73,0";"73,0";"63,0";"24,8";"24,8";"24,1";"1002,0";"1002,0";"1001,6";"0,0";"268,0";"2,5";"158,30";""
"27/03/2024";"2300";"29,1";"30,1";"29,0";"78,0";"78,0";"73,0";"24,9";"24,9";"24,6";"1002,7";"1002,7";"1002,0";"0,0";"208,0";"0,8";"";""
"28/03/2024";"0000";"28,6";"29,1";"28,6";"81,0";"81,0";"78,0";"25,0";"25,1";"24,8";"1003,4";"1003,4";"1002,7";"0,0";"276,0";"0,4";"";""
"28/03/2024";"0100";"28,5";"28,6";"28,3";"84,0";"84,0";"81,0";"25,6";"25,6";"24,9";"1004,8";"1004,8";"1003,4";"0,0";"230,0";"0,0";"";""
"28/03/2024";"0200";"28,4";"28,7";"28,4";"87,0";"87,0";"84,0";"26,0";"26,3";"25,5";"1006,2";"1006,2";"1004,8";"0,0";"252,0";"0,9";"";""
"28/03/2024";"0300";"28,9";"29,0";"28,3";"88,0";"89,0";"87,0";"26,8";"26,9";"26,0";"1006,4";"1006,7";"1006,3";"0,0";"241,0";"0,9";"";""
"28/03/2024";"0400";"28,9";"28,9";"28,5";"86,0";"88,0";"86,0";"26,3";"26,8";"26,3";"1005,9";"1006,4";"1005,9";"0,7";"288,0";"1,7";"";""
"28/03/2024";"0500";"25,4";"28,9";"25,4";"86,0";"86,0";"83,0";"22,9";"26,2";"22,9";"1006,3";"1006,3";"1005,8";"4,8";"271,0";"12,4";"0,70";""
"28/03/2024";"0600";"23,3";"25,4";"23,3";"93,0";"93,0";"86,0";"22,0";"23,3";"22,0";"1006,1";"1006,7";"1005,8";"4,5";"324,0";"12,4";"1,70";""
"28/03/2024";"0700";"22,8";"23,2";"22,8";"93,0";"93,0";"92,0";"21,6";"22,0";"21,5";"1006,7";"1007,1";"1006,1";"1,9";"313,0";"9,9";"0,40";""
"28/03/2024";"0800";"23,3";"23,3";"22,9";"90,0";"93,0";"90,0";"21,6";"21,9";"21,6";"1006,0";"1006,7";"1006,0";"1,9";"274,0";"5,0";"0,20";""
"28/03/2024";"0900";"23,5";"23,8";"23,3";"92,0";"92,0";"89,0";"22,1";"22,1";"21,5";"1006,1";"1006,2";"1006,0";"0,1";"248,0";"3,9";"0,10";""
"28/03/2024";"1000";"23,5";"23,7";"23,3";"92,0";"93,0";"91,0";"22,1";"22,3";"21,8";"1007,3";"1007,3";"1006,1";"0,6";"278,0";"2,1";"";""
"28/03/2024";"1100";"23,5";"24,0";"23,3";"92,0";"93,0";"91,0";"22,2";"22,6";"22,0";"1007,8";"1007,8";"1007,3";"0,7";"313,0";"2,2";"22,50";""
"28/03/2024";"1200";"23,2";"23,5";"23,2";"93,0";"94,0";"92,0";"22,1";"22,3";"22,0";"1008,2";"1008,3";"1007,7";"1,2";"303,0";"2,8";"140,70";""
"28/03/2024";"1300";"24,1";"24,1";"23,2";"93,0";"94,0";"93,0";"22,9";"22,9";"22,2";"1009,4";"1009,4";"1008,2";"1,9";"289,0";"3,3";"307,50";""
"28/03/2024";"1400";"24,7";"24,7";"24,0";"92,0";"93,0";"92,0";"23,3";"23,5";"22,8";"1009,9";"1010,0";"1009,4";"2,0";"296,0";"3,7";"568,50";""
"28/03/2024";"1500";"25,6";"25,7";"24,7";"90,0";"93,0";"90,0";"23,8";"24,0";"23,3";"1009,7";"1009,9";"1009,7";"1,9";"279,0";"4,2";"864,60";""
"28/03/2024";"1600";"25,6";"25,7";"25,4";"88,0";"90,0";"87,0";"23,5";"23,7";"23,4";"1008,8";"1009,7";"1008,8";"2,3";"289,0";"5,2";"581,30";""
"28/03/2024";"1700";"25,2";"25,7";"25,2";"88,0";"89,0";"87,0";"23,0";"23,7";"23,0";"1008,1";"1008,8";"1008,1";"3,0";"295,0";"6,2";"466,10";""
"28/03/2024";"1800";"25,4";"25,5";"25,1";"90,0";"91,0";"87,0";"23,6";"23,8";"22,9";"1007,5";"1008,1";"1007,5";"2,1";"291,0";"6,2";"484,20";""
"28/03/2024";"1900";"25,2";"25,4";"25,2";"90,0";"90,0";"88,0";"23,4";"23,7";"23,2";"1006,5";"1007,5";"1006,5";"1,7";"294,0";"4,8";"376,90";""
"28/03/2024";"2000";"25,1";"25,7";"25,1";"91,0";"92,0";"90,0";"23,5";"24,2";"23,5";"1005,4";"1006,5";"1005,4";"1,2";"298,0";"3,4";"310,60";""
"28/03/2024";"2100";"25,0";"25,2";"24,9";"90,0";"91,0";"90,0";"23,3";"23,7";"23,0";"1005,1";"1005,4";"1005,0";"0,5";"300,0";"2,7";"226,10";""
"28/03/2024";"2200";"24,7";"25,2";"24,7";"91,0";"92,0";"90,0";"23,2";"23,6";"23,1";"1005,0";"1005,3";"1005,0";"0,0";"275,0";"1,4";"63,60";""
"28/03/2024";"2300";"24,6";"24,7";"24,5";"92,0";"92,0";"91,0";"23,3";"23,3";"22,9";"1005,1";"1005,1";"1004,9";"0,4";"305,0";"1,7";"0,10";""
"29/03/2024";"0000";"24,4";"24,6";"24,4";"93,0";"93,0";"92,0";"23,2";"23,3";"23,2";"1005,1";"1005,2";"1004,9";"0,7";"300,0";"1,5";"";""
"29/03/2024";"0100";"24,6";"24,6";"24,3";"93,0";"93,0";"93,0";"23,4";"23,4";"23,2";"1005,6";"1005,6";"1005,1";"0,1";"285,0";"2,2";"";""
"29/03/2024";"0200";"24,6";"24,6";"24,6";"93,0";"93,0";"93,0";"23,4";"23,5";"23,4";"1006,0";"1006,0";"1005,6";"0,1";"278,0";"1,5";"";""
"29/03/2024";"0300";"24,6";"24,7";"24,6";"92,0";"93,0";"92,0";"23,3";"23,5";"23,3";"1006,4";"1006,4";"1006,0";"0,8";"285,0";"2,0";"";""
"29/03/2024";"0400";"24,4";"24,7";"24,4";"93,0";"93,0";"92,0";"23,2";"23,3";"23,2";"1005,9";"1006,4";"1005,9";"0,8";"303,0";"2,2";"";""
"29/03/2024";"0500";"24,1";"24,5";"24,1";"94,0";"94,0";"93,0";"23,1";"23,3";"23,1";"1005,5";"1005,9";"1005,5";"0,7";"320,0";"3,0";"";""
"29/03/2024";"0600";"23,8";"24,2";"23,8";"94,0";"94,0";"94,0";"22,8";"23,1";"22,8";"1005,5";"1005,5";"1005,4";"0,4";"307,0";"3,7";"";""
"29/03/2024";"0700";"23,7";"23,8";"23,6";"95,0";"95,0";"94,0";"22,8";"22,8";"22,7";"1005,5";"1005,6";"1005,4";"0,7";"318,0";"3,0";"";""
"29/03/2024";"0800";"23,8";"23,8";"23,6";"95,0";"95,0";"95,0";"22,9";"22,9";"22,7";"1006,4";"1006,4";"1005,4";"1,2";"321,0";"3,0";"";""
"29/03/2024";"0900";"23,7";"23,8";"23,6";"94,0";"95,0";"94,0";"22,7";"22,9";"22,7";"1006,8";"1006,8";"1006,4";"1,1";"316,0";"3,8";"";""
"29/03/2024";"1000";"23,5";"23,7";"23,5";"94,0";"94,0";"94,0";"22,5";"22,7";"22,5";"1007,4";"1007,4";"1006,8";"1,4";"301,0";"3,1";"0,60";""
"29/03/2024";"1100";"23,5";"23,6";"23,5";"94,0";"94,0";"94,0";"22,5";"22,6";"22,5";"1008,0";"1008,0";"1007,4";"0,6";"307,0";"3,0";"59,60";""
"29/03/2024";"1200";"23,9";"24,0";"23,5";"93,0";"94,0";"93,0";"22,7";"22,9";"22,5";"1008,7";"1008,7";"1008,0";"0,5";"334,0";"2,0";"200,70";""
"29/03/2024";"1300";"26,2";"26,3";"23,9";"86,0";"93,0";"86,0";"23,6";"24,2";"22,8";"1009,6";"1009,6";"1008,7";"0,8";"272,0";"2,5";"1072,50";""
"29/03/2024";"1400";"27,4";"27,6";"26,1";"82,0";"87,0";"80,0";"24,0";"24,3";"23,4";"1009,9";"1010,0";"1009,6";"0,8";"297,0";"2,8";"1481,30";""
"29/03/2024";"1500";"28,6";"29,6";"27,4";"75,0";"83,0";"74,0";"23,7";"25,5";"23,2";"1009,2";"1009,9";"1009,2";"0,7";"211,0";"3,4";"2305,90";""
"29/03/2024";"1600";"30,8";"30,9";"28,6";"63,0";"78,0";"62,0";"22,8";"25,1";"22,8";"1008,7";"1009,3";"1008,7";"0,9";"241,0";"4,3";"2283,80";""
"29/03/2024";"1700";"30,3";"31,3";"29,8";"67,0";"71,0";"61,0";"23,4";"25,0";"22,3";"1007,7";"1008,7";"1007,7";"0,7";"234,0";"3,5";"2500,60";""
"29/03/2024";"1800";"30,3";"31,2";"29,8";"64,0";"70,0";"63,0";"22,7";"24,4";"22,4";"1006,9";"1007,7";"1006,9";"1,5";"224,0";"2,8";"2384,20";""
"29/03/2024";"1900";"31,2";"31,4";"30,3";"63,0";"69,0";"61,0";"23,4";"24,5";"22,4";"1005,8";"1006,9";"1005,8";"1,0";"213,0";"2,8";"2391,50";""
"29/03/2024";"2000";"29,9";"31,4";"29,9";"71,0";"71,0";"60,0";"24,1";"24,2";"22,7";"1005,1";"1005,8";"1005,1";"0,1";"210,0";"2,5";"775,90";""
"29/03/2024";"2100";"30,2";"30,4";"29,8";"69,0";"74,0";"69,0";"24,0";"24,8";"23,6";"1004,3";"1005,1";"1004,3";"0,6";"282,0";"1,9";"466,60";""
"29/03/2024";"2200";"28,7";"30,2";"28,7";"76,0";"76,0";"68,0";"24,0";"24,3";"23,5";"1004,4";"1004,4";"1004,2";"0,4";"277,0";"2,5";"153,10";""
"29/03/2024";"2300";"28,1";"28,7";"28,1";"79,0";"80,0";"76,0";"24,1";"24,4";"24,0";"1004,6";"1004,6";"1004,3";"0,8";"276,0";"2,5";"1,30";""
"30/03/2024";"0000";"27,6";"28,1";"27,6";"82,0";"82,0";"79,0";"24,3";"24,3";"24,0";"1005,6";"1005,6";"1004,6";"1,2";"281,0";"2,7";"";""
"30/03/2024";"0100";"27,5";"27,6";"27,4";"82,0";"83,0";"82,0";"24,1";"24,3";"24,1";"1006,7";"1006,7";"1005,6";"0,6";"276,0";"2,4";"";""
"30/03/2024";"0200";"27,1";"27,5";"27,1";"83,0";"83,0";"82,0";"23,9";"24,1";"23,9";"1007,2";"1007,3";"1006,8";"1,2";"277,0";"2,9";"";""
"30/03/2024";"0300";"26,9";"27,1";"26,9";"84,0";"84,0";"83,0";"23,9";"23,9";"23,9";"1007,5";"1007,5";"1007,2";"0,9";"281,0";"3,1";"";""
"30/03/2024";"0400";"26,6";"26,9";"26,6";"86,0";"86,0";"84,0";"24,0";"24,0";"23,8";"1006,9";"1007,5";"1006,8";"0,8";"288,0";"2,3";"";""
"30/03/2024";"0500";"26,0";"26,6";"26,0";"90,0";"90,0";"86,0";"24,3";"24,4";"24,0";"1006,1";"1006,9";"1006,1";"0,9";"295,0";"2,0";"";""
"30/03/2024";"0600";"26,3";"26,3";"26,0";"91,0";"91,0";"90,0";"24,7";"24,7";"24,3";"1005,9";"1006,1";"1005,8";"0,2";"287,0";"2,0";"";""
"30/03/2024";"0700";"26,2";"26,4";"26,2";"91,0";"91,0";"91,0";"24,6";"24,8";"24,6";"1005,7";"1005,9";"1005,7";"0,0";"287,0";"1,1";"";""
"30/03/2024";"0800";"26,3";"26,3";"26,2";"91,0";"91,0";"91,0";"24,7";"24,7";"24,6";"1005,8";"1005,9";"1005,7";"0,8";"261,0";"2,9";"";""
"30/03/2024";"0900";"26,0";"26,3";"26,0";"92,0";"92,0";"91,0";"24,6";"24,7";"24,6";"1005,5";"1005,8";"1005,5";"0,6";"267,0";"2,9";"";""
"30/03/2024";"1000";"25,9";"26,0";"25,8";"93,0";"93,0";"92,0";"24,6";"24,6";"24,5";"1005,9";"1005,9";"1005,5";"0,0";"271,0";"2,1";"1,10";""
"30/03/2024";"1100";"26,2";"26,2";"25,9";"93,0";"93,0";"93,0";"24,9";"24,9";"24,6";"1006,1";"1006,2";"1005,9";"0,1";"284,0";"2,1";"108,70";""
"30/03/2024";"1200";"28,0";"28,2";"26,2";"84,0";"93,0";"83,0";"25,2";"25,7";"24,9";"1006,8";"1006,8";"1006,1";"0,8";"243,0";"3,3";"826,40";""
"30/03/2024";"1300";"28,9";"28,9";"27,9";"79,0";"85,0";"78,0";"24,8";"25,4";"24,4";"1007,5";"1007,5";"1006,8";"1,6";"272,0";"4,5";"1153,40";""
"30/03/2024";"1400";"30,6";"30,7";"28,9";"68,0";"79,0";"65,0";"24,1";"25,3";"23,1";"1007,6";"1007,6";"1007,5";"2,4";"277,0";"7,0";"2495,10";""
"30/03/2024";"1500";"30,7";"31,5";"30,4";"65,0";"68,0";"62,0";"23,4";"24,4";"22,8";"1007,4";"1007,6";"1007,4";"2,0";"300,0";"7,0";"2570,40";""
"30/03/2024";"1600";"32,5";"32,6";"30,7";"60,0";"66,0";"59,0";"23,7";"24,4";"22,8";"1006,9";"1007,4";"1006,9";"1,5";"263,0";"4,9";"3155,70";""
"30/03/2024";"1700";"32,6";"33,3";"31,6";"58,0";"63,0";"55,0";"23,3";"24,7";"22,1";"1006,3";"1006,9";"1006,3";"1,3";"244,0";"4,4";"2823,70";""
"30/03/2024";"1800";"32,5";"33,4";"32,4";"56,0";"62,0";"54,0";"22,6";"24,4";"22,0";"1005,6";"1006,3";"1005,6";"0,9";"247,0";"3,3";"2281,30";""
"30/03/2024";"1900";"32,6";"33,3";"31,5";"59,0";"68,0";"56,0";"23,4";"25,4";"22,8";"1004,8";"1005,6";"1004,8";"1,5";"288,0";"3,6";"1729,00";""
"30/03/2024";"2000";"31,9";"33,1";"31,8";"61,0";"63,0";"57,0";"23,4";"24,3";"22,5";"1004,4";"1004,8";"1004,4";"1,3";"284,0";"3,7";"1268,60";""
"30/03/2024";"2100";"30,6";"32,0";"30,5";"69,0";"69,0";"61,0";"24,2";"24,2";"23,4";"1004,1";"1004,4";"1004,1";"1,1";"280,0";"3,0";"481,20";""
"30/03/2024";"2200";"29,4";"30,6";"29,4";"75,0";"75,0";"68,0";"24,5";"24,5";"23,9";"1003,9";"1004,1";"1003,9";"1,1";"295,0";"2,6";"73,70";""
"30/03/2024";"2300";"28,8";"29,4";"28,8";"79,0";"79,0";"75,0";"24,9";"24,9";"24,5";"1004,1";"1004,1";"1003,8";"0,8";"302,0";"1,9";"0,10";""
"31/03/2024";"0000";"28,0";"28,8";"28,0";"82,0";"82,0";"79,0";"24,7";"24,9";"24,6";"1004,8";"1004,8";"1004,1";"1,2";"302,0";"1,9";"";""
"31/03/2024";"0100";"27,6";"28,0";"27,6";"83,0";"84,0";"82,0";"24,6";"24,7";"24,5";"1005,7";"1005,7";"1004,8";"1,2";"303,0";"2,2";"";""
"31/03/2024";"0200";"";"";"";"";"";"";"";"";"";"";"";"";"";"";"";"";""
"31/03/2024";"0300";"27,4";"27,7";"27,4";"84,0";"84,0";"82,0";"24,5";"24,6";"24,4";"1006,2";"1006,3";"1006,2";"1,4";"297,0";"2,1";"";""
"31/03/2024";"0400";"27,2";"27,5";"27,2";"86,0";"86,0";"84,0";"24,6";"24,7";"24,5";"1005,5";"1006,2";"1005,5";"0,8";"297,0";"2,1";"";""
"31/03/2024";"0500";"26,8";"27,2";"26,8";"87,0";"87,0";"85,0";"24,4";"24,6";"24,3";"1005,0";"1005,5";"1005,0";"0,0";"188,0";"1,5";"";""
"31/03/2024";"0600";"26,5";"26,8";"26,3";"89,0";"89,0";"87,0";"24,5";"24,6";"24,4";"1004,4";"1005,0";"1004,4";"0,3";"307,0";"1,3";"";""
"31/03/2024";"0700";"26,1";"26,5";"26,1";"90,0";"90,0";"89,0";"24,3";"24,5";"24,2";"1004,2";"1004,4";"1004,2";"1,8";"298,0";"2,5";"";""
"31/03/2024";"0800";"26,6";"26,6";"26,1";"89,0";"90,0";"89,0";"24,7";"24,7";"24,3";"1004,3";"1004,4";"1004,1";"1,1";"286,0";"2,5";"";""
"31/03/2024";"0900";"26,6";"26,6";"26,5";"91,0";"91,0";"89,0";"25,0";"25,0";"24,6";"1004,6";"1004,6";"1004,3";"0,5";"281,0";"3,1";"";""
"31/03/2024";"1000";"26,8";"26,9";"26,5";"90,0";"91,0";"90,0";"25,0";"25,4";"24,8";"1005,1";"1005,1";"1004,6";"0,0";"294,0";"1,6";"1,60";""
"31/03/2024";"1100";"27,3";"27,3";"26,8";"88,0";"90,0";"88,0";"25,1";"25,1";"25,0";"1006,1";"1006,1";"1005,1";"0,0";"256,0";"2,6";"117,30";""
"31/03/2024";"1200";"28,4";"28,4";"27,3";"81,0";"88,0";"81,0";"24,9";"25,4";"24,8";"1006,9";"1006,9";"1006,1";"1,2";"266,0";"3,2";"542,60";""
"31/03/2024";"1300";"30,8";"30,9";"28,4";"68,0";"81,0";"68,0";"24,2";"25,2";"24,0";"1007,7";"1007,7";"1006,9";"1,4";"274,0";"4,4";"1530,00";""
"31/03/2024";"1400";"31,8";"32,1";"30,7";"65,0";"70,0";"63,0";"24,4";"25,0";"23,5";"1008,0";"1008,0";"1007,7";"1,8";"264,0";"6,7";"2401,80";""
"31/03/2024";"1500";"31,5";"32,3";"31,4";"66,0";"68,0";"63,0";"24,5";"25,2";"24,1";"1007,4";"1008,0";"1007,4";"1,6";"279,0";"4,8";"2147,50";""
"31/03/2024";"1600";"32,0";"32,9";"31,4";"66,0";"70,0";"62,0";"24,9";"26,1";"24,1";"1006,1";"1007,4";"1006,1";"1,0";"225,0";"4,4";"2594,80";""
"31/03/2024";"1700";"33,3";"33,3";"31,6";"63,0";"70,0";"62,0";"25,3";"26,1";"24,4";"1004,3";"1006,0";"1004,3";"0,9";"244,0";"2,9";"2853,60";""
"31/03/2024";"1800";"32,7";"34,4";"32,6";"62,0";"65,0";"55,0";"24,5";"26,0";"23,9";"1003,2";"1004,3";"1003,2";"1,3";"221,0";"4,9";"2998,90";""
"31/03/2024";"1900";"33,8";"34,6";"32,7";"56,0";"63,0";"53,0";"23,7";"25,1";"23,3";"1002,0";"1003,2";"1002,0";"1,3";"227,0";"4,8";"2498,60";""
"31/03/2024";"2000";"32,8";"35,0";"32,8";"58,0";"58,0";"52,0";"23,5";"25,0";"23,0";"1001,6";"1002,0";"1001,5";"1,5";"284,0";"4,1";"1638,40";""
"31/03/2024";"2100";"29,0";"32,8";"28,9";"77,0";"77,0";"57,0";"24,5";"24,6";"23,2";"1002,3";"1002,3";"1001,6";"1,4";"233,0";"3,8";"232,00";""
"31/03/2024";"2200";"28,0";"29,3";"28,0";"78,0";"79,0";"75,0";"23,9";"25,0";"23,8";"1003,5";"1003,5";"1002,1";"1,7";"235,0";"5,4";"81,30";""
"31/03/2024";"2300";"27,6";"28,0";"27,6";"80,0";"80,0";"78,0";"23,8";"24,0";"23,6";"1003,7";"1004,1";"1003,2";"0,6";"239,0";"4,7";"";""
"01/04/2024";"0000";"27,7";"27,8";"27,4";"86,0";"86,0";"80,0";"25,1";"25,2";"23,7";"1004,8";"1004,8";"1003,7";"0,5";"249,0";"2,7";"";""
"01/04/2024";"0100";"27,2";"27,7";"27,2";"82,0";"86,0";"81,0";"23,9";"25,1";"23,8";"1005,6";"1005,6";"1004,7";"0,2";"208,0";"2,7";"";""
"01/04/2024";"0200";"26,8";"27,5";"26,8";"84,0";"84,0";"81,0";"23,9";"24,1";"23,8";"1006,0";"1006,0";"1005,6";"0,6";"284,0";"1,7";"";""
"01/04/2024";"0300";"27,0";"27,1";"26,6";"83,0";"87,0";"83,0";"24,0";"24,6";"23,8";"1005,8";"1006,0";"1005,7";"0,3";"227,0";"2,1";"";""
"01/04/2024";"0400";"26,4";"27,2";"26,4";"87,0";"87,0";"83,0";"24,2";"24,2";"24,0";"1006,2";"1006,3";"1005,8";"0,9";"283,0";"1,9";"";""
"01/04/2024";"0500";"26,2";"26,4";"26,1";"88,0";"90,0";"87,0";"24,1";"24,5";"24,1";"1005,4";"1006,5";"1005,4";"2,0";"307,0";"7,4";"";""
"01/04/2024";"0600";"25,7";"26,2";"25,7";"88,0";"88,0";"87,0";"23,5";"24,0";"23,4";"1004,9";"1005,4";"1004,8";"1,1";"290,0";"3,9";"";""
"01/04/2024";"0700";"25,3";"25,7";"25,3";"88,0";"89,0";"88,0";"23,3";"23,5";"23,3";"1005,1";"1005,1";"1004,8";"0,6";"298,0";"2,3";"";""
"01/04/2024";"0800";"25,2";"25,5";"25,2";"87,0";"88,0";"86,0";"22,9";"23,3";"22,8";"1005,2";"1005,2";"1005,1";"0,8";"284,0";"2,0";"";""
"01/04/2024";"0900";"25,2";"25,3";"25,0";"87,0";"88,0";"87,0";"22,9";"22,9";"22,8";"1005,4";"1005,4";"1005,2";"0,4";"306,0";"1,6";"";""
"01/04/2024";"1000";"25,0";"25,3";"25,0";"88,0";"88,0";"86,0";"22,8";"22,9";"22,7";"1006,0";"1006,0";"1005,4";"0,0";"277,0";"1,6";"1,50";""
"01/04/2024";"1100";"25,8";"25,8";"24,8";"85,0";"88,0";"85,0";"23,1";"23,3";"22,7";"1006,6";"1006,6";"1005,9";"1,0";"307,0";"1,8";"185,90";""
"01/04/2024";"1200";"26,9";"27,1";"25,8";"80,0";"86,0";"79,0";"23,1";"23,7";"23,0";"1007,8";"1007,8";"1006,6";"1,4";"332,0";"3,3";"713,70";""
"01/04/2024";"1300";"28,9";"29,1";"26,9";"73,0";"81,0";"73,0";"23,6";"24,3";"23,1";"1008,3";"1008,4";"1007,8";"1,7";"305,0";"4,2";"1442,30";""
"01/04/2024";"1400";"30,5";"30,5";"28,9";"66,0";"74,0";"66,0";"23,5";"24,3";"23,1";"1008,6";"1008,8";"1008,3";"1,5";"291,0";"4,4";"2246,50";""
"01/04/2024";"1500";"31,0";"31,5";"30,0";"65,0";"69,0";"63,0";"23,7";"24,2";"23,0";"1008,0";"1008,6";"1008,0";"3,0";"283,0";"5,0";"2384,20";""
"01/04/2024";"1600";"32,2";"32,4";"30,9";"62,0";"69,0";"62,0";"24,1";"25,2";"23,5";"1006,5";"1008,0";"1006,5";"2,6";"297,0";"7,3";"2184,40";""
"01/04/2024";"1700";"32,6";"33,0";"31,7";"62,0";"65,0";"60,0";"24,4";"25,0";"23,4";"1005,2";"1006,5";"1005,2";"1,5";"276,0";"7,3";"2354,20";""
"01/04/2024";"1800";"31,3";"33,5";"31,3";"68,0";"68,0";"57,0";"24,6";"25,1";"23,3";"1003,4";"1005,2";"1003,4";"0,9";"253,0";"4,0";"1486,50";""
"01/04/2024";"1900";"30,5";"31,4";"30,3";"72,0";"73,0";"67,0";"25,0";"25,1";"24,4";"1002,9";"1003,4";"1002,9";"1,0";"259,0";"2,8";"501,40";""
"01/04/2024";"2000";"29,5";"31,0";"29,4";"79,0";"79,0";"70,0";"25,5";"25,8";"24,8";"1002,9";"1002,9";"1002,6";"0,9";"215,0";"4,0";"753,40";""
"01/04/2024";"2100";"29,2";"29,5";"29,0";"77,0";"80,0";"77,0";"24,8";"25,7";"24,8";"1002,8";"1003,1";"1002,8";"0,4";"261,0";"3,6";"471,40";""
"01/04/2024";"2200";"28,4";"29,2";"28,4";"82,0";"82,0";"77,0";"25,0";"25,1";"24,7";"1003,6";"1003,6";"1002,6";"0,0";"230,0";"1,8";"118,80";""
"01/04/2024";"2300";"28,2";"28,4";"28,1";"85,0";"85,0";"82,0";"25,5";"25,5";"25,0";"1004,9";"1004,9";"1003,6";"0,3";"252,0";"2,0";"";""
"02/04/2024";"0000";"28,0";"28,3";"27,9";"87,0";"87,0";"85,0";"25,7";"25,7";"25,4";"1005,7";"1005,7";"1004,9";"0,4";"250,0";"2,9";"";""
"02/04/2024";"0100";"28,0";"28,1";"27,8";"85,0";"88,0";"84,0";"25,2";"25,7";"25,1";"1006,5";"1006,5";"1005,7";"2,2";"228,0";"4,6";"";""
"02/04/2024";"0200";"26,6";"28,0";"26,6";"81,0";"88,0";"80,0";"23,1";"25,4";"22,9";"1007,6";"1007,6";"1006,5";"2,3";"319,0";"5,9";"";""
"02/04/2024";"0300";"24,6";"26,6";"24,6";"89,0";"89,0";"81,0";"22,6";"23,0";"22,2";"1008,9";"1008,9";"1007,6";"3,9";"290,0";"8,2";"";""
"02/04/2024";"0400";"23,6";"24,6";"23,3";"94,0";"94,0";"89,0";"22,6";"22,7";"22,1";"1007,0";"1008,9";"1007,0";"1,8";"339,0";"11,3";"0,50";""
"02/04/2024";"0500";"24,3";"24,4";"23,6";"92,0";"94,0";"91,0";"22,9";"23,0";"22,6";"1006,0";"1007,0";"1006,0";"1,7";"330,0";"4,7";"0,10";""
"02/04/2024";"0600";"24,4";"24,5";"24,2";"91,0";"92,0";"91,0";"22,8";"23,0";"22,6";"1006,3";"1006,4";"1006,0";"1,0";"263,0";"4,7";"0,10";""
"02/04/2024";"0700";"25,0";"25,0";"24,4";"91,0";"92,0";"91,0";"23,4";"23,5";"22,9";"1005,8";"1006,3";"1005,6";"0,6";"278,0";"2,5";"";""
"02/04/2024";"0800";"24,7";"25,1";"24,7";"91,0";"91,0";"90,0";"23,2";"23,4";"23,1";"1006,2";"1006,2";"1005,8";"0,7";"304,0";"2,2";"";""
"02/04/2024";"0900";"24,5";"24,7";"24,2";"92,0";"92,0";"91,0";"23,1";"23,2";"22,8";"1006,7";"1006,8";"1006,2";"0,6";"331,0";"2,6";"";""
"02/04/2024";"1000";"24,8";"24,8";"24,5";"92,0";"92,0";"91,0";"23,4";"23,4";"23,1";"1007,1";"1007,1";"1006,7";"1,0";"274,0";"2,9";"0,40";""
"02/04/2024";"1100";"25,3";"25,4";"24,8";"91,0";"92,0";"91,0";"23,8";"23,8";"23,3";"1007,5";"1007,5";"1007,1";"1,3";"262,0";"3,3";"99,30";""
"02/04/2024";"1200";"25,8";"25,9";"25,3";"91,0";"92,0";"90,0";"24,3";"24,3";"23,8";"1008,7";"1008,7";"1007,5";"0,2";"270,0";"4,0";"146,30";""
"02/04/2024";"1300";"25,9";"25,9";"25,6";"92,0";"92,0";"91,0";"24,5";"24,5";"24,1";"1009,2";"1009,2";"1008,7";"0,6";"254,0";"2,8";"333,10";""
"02/04/2024";"1400";"26,6";"26,7";"25,8";"89,0";"92,0";"88,0";"24,7";"24,8";"24,0";"1009,2";"1009,3";"1009,1";"1,3";"235,0";"4,5";"865,20";""
"02/04/2024";"1500";"26,7";"26,9";"26,4";"86,0";"89,0";"85,0";"24,1";"24,8";"23,9";"1008,2";"1009,2";"1008,2";"1,4";"229,0";"3,8";"940,40";""
"02/04/2024";"1600";"26,7";"27,0";"26,6";"87,0";"87,0";"84,0";"24,3";"24,3";"23,7";"1007,0";"1008,2";"1007,0";"1,2";"239,0";"3,0";"698,30";""
"02/04/2024";"1700";"27,7";"28,0";"26,7";"80,0";"87,0";"80,0";"23,9";"25,0";"23,6";"1006,3";"1007,0";"1006,3";"1,0";"205,0";"2,6";"1622,20";""
"02/04/2024";"1800";"28,0";"28,0";"27,3";"82,0";"83,0";"79,0";"24,7";"24,7";"23,6";"1005,0";"1006,3";"1005,0";"0,2";"257,0";"2,4";"862,60";""
"02/04/2024";"1900";"28,2";"28,6";"27,7";"78,0";"83,0";"75,0";"24,0";"24,8";"23,5";"1004,0";"1005,0";"1004,0";"0,5";"213,0";"1,5";"983,20";""
"02/04/2024";"2000";"28,1";"28,7";"28,0";"79,0";"80,0";"77,0";"24,2";"24,7";"23,7";"1003,6";"1004,0";"1003,6";"0,7";"250,0";"1,8";"757,80";""
"02/04/2024";"2100";"28,0";"28,3";"28,0";"82,0";"83,0";"79,0";"24,7";"24,9";"24,2";"1003,1";"1003,6";"1003,1";"0,0";"222,0";"2,1";"262,10";""
"02/04/2024";"2200";"27,1";"28,0";"27,1";"88,0";"88,0";"81,0";"24,8";"25,0";"24,4";"1003,1";"1003,1";"1002,9";"1,1";"273,0";"2,0";"107,60";""
"02/04/2024";"2300";"26,4";"27,1";"26,4";"89,0";"89,0";"88,0";"24,5";"24,8";"24,5";"1003,3";"1003,3";"1003,1";"0,0";"263,0";"1,7";"";""
"03/04/2024";"0000";"26,3";"26,5";"26,3";"90,0";"90,0";"89,0";"24,6";"24,7";"24,5";"1004,6";"1004,6";"1003,3";"0,0";"280,0";"0,4";"";""
"03/04/2024";"0100";"26,5";"26,6";"26,2";"90,0";"91,0";"90,0";"24,8";"24,9";"24,5";"1005,9";"1005,9";"1004,6";"0,2";"270,0";"2,3";"";""
"03/04/2024";"0200";"26,5";"26,9";"26,5";"91,0";"91,0";"89,0";"24,8";"25,0";"24,6";"1005,8";"1006,2";"1005,8";"0,6";"231,0";"3,3";"";""
"03/04/2024";"0300";"26,0";"26,5";"25,9";"90,0";"91,0";"89,0";"24,2";"24,9";"24,1";"1005,3";"1006,0";"1005,3";"0,7";"242,0";"3,6";"";""
"03/04/2024";"0400";"25,5";"26,0";"25,5";"88,0";"90,0";"88,0";"23,5";"24,2";"23,5";"1005,1";"1005,4";"1005,0";"0,2";"260,0";"3,3";"";""
"03/04/2024";"0500";"25,0";"25,5";"25,0";"91,0";"91,0";"88,0";"23,4";"23,5";"23,3";"1004,9";"1005,1";"1004,7";"0,5";"296,0";"2,5";"";""
"03/04/2024";"0600";"24,9";"25,1";"24,9";"92,0";"92,0";"91,0";"23,5";"23,6";"23,4";"1004,7";"1005,0";"1004,7";"0,3";"307,0";"1,4";"";""
"03/04/2024";"0700";"25,0";"25,0";"24,9";"92,0";"92,0";"92,0";"23,6";"23,6";"23,5";"1004,4";"1004,7";"1004,4";"0,1";"283,0";"1,3";"";""
"03/04/2024";"0800";"25,0";"25,0";"24,9";"93,0";"93,0";"92,0";"23,7";"23,7";"23,6";"1004,2";"1004,4";"1004,2";"0,0";"310,0";"1,4";"";""
"03/04/2024";"0900";"25,0";"25,2";"25,0";"93,0";"93,0";"92,0";"23,8";"23,9";"23,7";"1003,9";"1004,3";"1003,8";"0,0";"257,0";"2,0";"";""
"03/04/2024";"1000";"25,2";"25,3";"24,9";"93,0";"93,0";"93,0";"24,0";"24,1";"23,7";"1004,8";"1004,8";"1003,9";"0,0";"255,0";"0,5";"1,20";""
"03/04/2024";"1100";"25,3";"25,4";"24,9";"93,0";"94,0";"93,0";"24,2";"24,2";"23,7";"1005,6";"1005,6";"1004,8";"0,0";"265,0";"1,2";"109,90";""
"03/04/2024";"1200";"27,1";"27,3";"25,3";"86,0";"93,0";"86,0";"24,6";"25,2";"24,2";"1006,3";"1006,3";"1005,6";"0,6";"249,0";"2,3";"640,60";""
"03/04/2024";"1300";"28,7";"28,8";"27,1";"76,0";"87,0";"76,0";"24,1";"26,0";"23,4";"1007,1";"1007,1";"1006,3";"0,9";"217,0";"3,2";"1310,10";""
"03/04/2024";"1400";"29,4";"30,2";"28,6";"72,0";"76,0";"68,0";"23,8";"24,5";"23,3";"1007,3";"1007,3";"1007,1";"1,2";"225,0";"3,0";"2436,10";""
"03/04/2024";"1500";"31,0";"31,1";"29,1";"65,0";"74,0";"65,0";"23,7";"25,0";"23,4";"1006,8";"1007,3";"1006,8";"0,6";"234,0";"3,5";"2476,00";""
"03/04/2024";"1600";"31,6";"31,6";"30,6";"62,0";"69,0";"61,0";"23,4";"24,6";"23,1";"1005,9";"1006,8";"1005,9";"1,3";"228,0";"3,1";"2778,80";""
"03/04/2024";"1700";"32,7";"32,9";"31,5";"57,0";"65,0";"57,0";"23,2";"24,7";"22,3";"1004,4";"1005,9";"1004,4";"0,9";"212,0";"3,1";"3156,70";""
"03/04/2024";"1800";"31,9";"32,7";"31,3";"57,0";"63,0";"56,0";"22,4";"24,0";"22,4";"1002,7";"1004,4";"1002,7";"1,6";"239,0";"2,8";"2987,10";""
"03/04/2024";"1900";"33,4";"33,5";"31,5";"54,0";"62,0";"54,0";"22,8";"24,6";"22,0";"1001,8";"1002,7";"1001,8";"0,6";"235,0";"2,8";"2558,70";""
"03/04/2024";"2000";"33,0";"33,7";"31,9";"56,0";"58,0";"52,0";"23,0";"23,3";"21,9";"1001,6";"1001,9";"1001,5";"0,2";"203,0";"2,3";"1653,30";""
"03/04/2024";"2100";"32,8";"33,8";"32,7";"54,0";"58,0";"53,0";"22,2";"23,6";"22,2";"1001,9";"1002,1";"1001,6";"0,4";"270,0";"1,5";"900,50";""
"03/04/2024";"2200";"30,5";"32,8";"30,4";"70,0";"70,0";"54,0";"24,3";"24,4";"22,2";"1002,0";"1002,1";"1001,8";"0,6";"286,0";"1,5";"97,10";""
"03/04/2024";"2300";"29,6";"30,5";"29,6";"75,0";"76,0";"69,0";"24,8";"25,0";"24,3";"1003,2";"1003,3";"1001,9";"1,5";"300,0";"2,7";"";""
"04/04/2024";"0000";"26,9";"29,7";"26,9";"90,0";"90,0";"75,0";"25,0";"25,1";"24,5";"1004,7";"1004,7";"1003,2";"3,5";"289,0";"12,2";"0,10";""
"04/04/2024";"0100";"26,0";"26,9";"26,0";"91,0";"92,0";"90,0";"24,3";"25,2";"24,3";"1005,9";"1005,9";"1004,7";"2,6";"305,0";"6,8";"";""
"04/04/2024";"0200";"25,8";"26,0";"25,7";"92,0";"92,0";"91,0";"24,3";"24,4";"24,2";"1006,2";"1006,3";"1005,9";"2,1";"302,0";"5,5";"";""
"04/04/2024";"0300";"25,9";"26,0";"25,8";"91,0";"92,0";"91,0";"24,4";"24,5";"24,3";"1005,9";"1006,3";"1005,9";"1,9";"300,0";"4,1";"";""
"04/04/2024";"0400";"26,1";"26,1";"25,9";"92,0";"92,0";"91,0";"24,6";"24,6";"24,3";"1005,5";"1005,9";"1005,5";"1,4";"302,0";"4,1";"";""
"04/04/2024";"0500";"26,0";"26,2";"26,0";"91,0";"92,0";"91,0";"24,4";"24,7";"24,4";"1005,0";"1005,5";"1005,0";"0,1";"276,0";"2,6";"";""
"04/04/2024";"0600";"25,7";"26,1";"25,7";"92,0";"92,0";"91,0";"24,3";"24,5";"24,2";"1004,6";"1005,0";"1004,5";"0,0";"297,0";"1,2";"";""
"04/04/2024";"0700";"25,4";"25,7";"25,3";"93,0";"93,0";"92,0";"24,1";"24,4";"24,0";"1004,7";"1004,7";"1004,5";"1,6";"335,0";"3,3";"";""
"04/04/2024";"0800";"25,1";"25,5";"25,1";"92,0";"93,0";"92,0";"23,8";"24,1";"23,8";"1005,1";"1005,1";"1004,7";"0,8";"271,0";"3,0";"";""
"04/04/2024";"0900";"25,6";"25,6";"25,1";"92,0";"92,0";"92,0";"24,1";"24,2";"23,8";"1004,8";"1005,1";"1004,7";"1,3";"271,0";"2,8";"";""
"04/04/2024";"1000";"25,3";"25,6";"25,3";"91,0";"92,0";"91,0";"23,8";"24,2";"23,8";"1005,3";"1005,3";"1004,8";"0,4";"308,0";"2,6";"4,90";""
"04/04/2024";"1100";"26,2";"26,2";"25,3";"89,0";"91,0";"89,0";"24,3";"24,3";"23,8";"1005,8";"1005,8";"1005,3";"1,1";"264,0";"2,8";"231,40";""
"04/04/2024";"1200";"27,6";"27,9";"26,2";"84,0";"89,0";"83,0";"24,6";"25,2";"24,3";"1006,7";"1006,7";"1005,8";"1,5";"234,0";"3,1";"972,20";""
"04/04/2024";"1300";"28,4";"28,6";"27,6";"81,0";"85,0";"79,0";"24,8";"25,1";"24,2";"1007,7";"1007,7";"1006,7";"1,7";"238,0";"2,5";"1552,60";""
"04/04/2024";"1400";"29,5";"30,2";"28,3";"75,0";"82,0";"73,0";"24,6";"25,6";"24,4";"1008,4";"1008,4";"1007,7";"1,1";"209,0";"2,6";"2465,90";""
"04/04/2024";"1500";"31,7";"32,1";"29,4";"72,0";"77,0";"69,0";"26,0";"26,8";"24,0";"1007,9";"1008,5";"1007,9";"0,8";"235,0";"3,1";"2494,00";""
"04/04/2024";"1600";"30,3";"31,7";"30,0";"70,0";"75,0";"67,0";"24,3";"25,9";"23,4";"1006,5";"1007,9";"1006,5";"1,4";"198,0";"3,1";"1952,00";""
"04/04/2024";"1700";"31,7";"32,5";"30,1";"64,0";"74,0";"62,0";"24,0";"25,6";"23,6";"1005,4";"1006,5";"1005,4";"2,9";"278,0";"6,8";"2333,80";""
"04/04/2024";"1800";"29,3";"31,7";"28,7";"69,0";"75,0";"63,0";"23,1";"24,6";"23,0";"1004,3";"1005,4";"1004,3";"2,5";"297,0";"7,8";"1459,80";""
"04/04/2024";"1900";"29,3";"29,3";"27,7";"75,0";"79,0";"69,0";"24,5";"25,0";"22,6";"1002,8";"1004,3";"1002,8";"1,2";"319,0";"5,3";"686,00";""
"04/04/2024";"2000";"31,1";"31,1";"28,9";"68,0";"75,0";"66,0";"24,4";"24,7";"23,1";"1002,1";"1002,8";"1002,0";"1,3";"329,0";"3,0";"1756,00";""
"04/04/2024";"2100";"29,9";"31,0";"29,9";"68,0";"69,0";"64,0";"23,4";"24,0";"22,9";"1002,3";"1002,3";"1002,0";"1,3";"285,0";"3,5";"926,40";""
"04/04/2024";"2200";"28,5";"29,9";"28,4";"74,0";"77,0";"68,0";"23,5";"24,1";"23,1";"1002,9";"1002,9";"1002,1";"1,0";"334,0";"3,0";"74,60";""
"04/04/2024";"2300";"27,5";"28,5";"27,5";"80,0";"80,0";"73,0";"23,8";"24,0";"23,1";"1003,9";"1003,9";"1002,9";"0,1";"311,0";"3,5";"";""
"05/04/2024";"0000";"27,0";"27,7";"27,0";"84,0";"84,0";"79,0";"24,1";"24,1";"23,6";"1006,1";"1006,1";"1003,9";"0,7";"278,0";"3,5";"";""
"05/04/2024";"0100";"26,5";"27,0";"26,5";"89,0";"89,0";"84,0";"24,5";"24,6";"24,1";"1006,5";"1006,6";"1006,1";"1,6";"275,0";"4,1";"";""
"05/04/2024";"0200";"26,0";"26,6";"26,0";"90,0";"90,0";"89,0";"24,2";"24,7";"24,1";"1006,7";"1006,9";"1006,5";"0,6";"324,0";"4,3";"";""
"05/04/2024";"0300";"26,1";"26,1";"26,0";"89,0";"90,0";"89,0";"24,2";"24,3";"24,0";"1007,0";"1007,0";"1006,7";"1,1";"252,0";"3,0";"";""
"05/04/2024";"0400";"26,1";"26,4";"26,0";"89,0";"90,0";"89,0";"24,2";"24,4";"24,1";"1006,6";"1007,1";"1006,6";"0,9";"304,0";"3,1";"";""
"05/04/2024";"0500";"26,0";"26,1";"26,0";"91,0";"91,0";"89,0";"24,4";"24,4";"24,1";"1005,8";"1006,7";"1005,8";"1,0";"283,0";"3,3";"";""
"05/04/2024";"0600";"26,1";"26,1";"25,9";"92,0";"92,0";"91,0";"24,7";"24,7";"24,3";"1005,3";"1005,8";"1005,3";"1,5";"266,0";"3,3";"";""
"05/04/2024";"0700";"26,9";"26,9";"26,1";"89,0";"92,0";"89,0";"25,0";"25,3";"24,7";"1005,2";"1005,4";"1005,0";"3,7";"230,0";"7,2";"";""
"05/04/2024";"0800";"26,6";"27,0";"26,6";"89,0";"89,0";"88,0";"24,6";"24,9";"24,5";"1005,6";"1005,6";"1005,2";"3,7";"226,0";"7,8";"";""
"05/04/2024";"0900";"26,2";"26,6";"25,8";"92,0";"93,0";"89,0";"24,8";"24,9";"24,5";"1006,0";"1006,0";"1005,5";"1,7";"232,0";"6,3";"";""
"05/04/2024";"1000";"25,9";"26,2";"25,9";"90,0";"92,0";"90,0";"24,2";"24,8";"24,2";"1006,2";"1006,3";"1006,0";"2,5";"230,0";"4,7";"1,40";""
"05/04/2024";"1100";"26,4";"26,4";"25,9";"90,0";"91,0";"90,0";"24,6";"24,6";"24,2";"1007,4";"1007,4";"1006,2";"0,6";"240,0";"5,3";"123,40";""
"05/04/2024";"1200";"27,1";"27,3";"26,3";"87,0";"90,0";"87,0";"24,7";"25,3";"24,5";"1008,3";"1008,3";"1007,4";"1,1";"274,0";"2,9";"587,60";""
"05/04/2024";"1300";"27,4";"27,7";"27,1";"84,0";"88,0";"83,0";"24,4";"25,1";"24,2";"1009,3";"1009,3";"1008,3";"0,7";"275,0";"2,9";"698,70";""
"05/04/2024";"1400";"26,2";"27,4";"26,2";"90,0";"90,0";"82,0";"24,4";"24,6";"23,9";"1009,9";"1009,9";"1009,3";"1,0";"293,0";"3,8";"228,40";""
"05/04/2024";"1500";"23,0";"26,2";"23,0";"94,0";"94,0";"90,0";"21,9";"24,5";"21,9";"1010,2";"1010,6";"1009,9";"2,9";"282,0";"6,9";"47,00";""
"05/04/2024";"1600";"23,3";"23,4";"22,8";"95,0";"95,0";"94,0";"22,4";"22,4";"21,8";"1009,2";"1010,4";"1009,2";"1,0";"270,0";"6,9";"97,80";""
"05/04/2024";"1700";"24,4";"24,4";"23,2";"94,0";"95,0";"94,0";"23,4";"23,4";"22,3";"1007,5";"1009,2";"1007,4";"1,5";"312,0";"4,5";"622,40";""
"05/04/2024";"1800";"25,9";"26,0";"24,1";"88,0";"94,0";"87,0";"23,8";"23,9";"23,1";"1006,9";"1007,5";"1006,9";"1,2";"206,0";"2,8";"1549,50";""
"05/04/2024";"1900";"26,4";"26,4";"25,7";"82,0";"88,0";"81,0";"23,1";"23,8";"22,9";"1005,6";"1006,9";"1005,6";"1,5";"234,0";"2,5";"1595,10";""
"05/04/2024";"2000";"26,6";"26,8";"26,3";"79,0";"84,0";"77,0";"22,6";"23,4";"22,2";"1004,9";"1005,6";"1004,9";"0,4";"203,0";"2,4";"777,10";""
"05/04/2024";"2100";"26,7";"27,1";"26,6";"81,0";"81,0";"78,0";"23,2";"23,3";"22,6";"1005,3";"1005,3";"1004,9";"0,4";"260,0";"1,1";"360,40";""
"05/04/2024";"2200";"25,7";"26,7";"25,7";"86,0";"86,0";"81,0";"23,2";"23,5";"23,2";"1005,8";"1005,8";"1005,3";"0,5";"279,0";"2,2";"62,10";""
"05/04/2024";"2300";"25,5";"25,7";"25,5";"88,0";"88,0";"86,0";"23,3";"23,5";"23,2";"1006,0";"1006,1";"1005,8";"0,0";"303,0";"1,7";"";""
"06/04/2024";"0000";"25,4";"25,6";"25,4";"91,0";"91,0";"88,0";"23,9";"23,9";"23,3";"1006,6";"1006,6";"1006,0";"1,4";"294,0";"2,3";"";""
"06/04/2024";"0100";"25,3";"25,5";"25,3";"91,0";"92,0";"91,0";"23,8";"24,0";"23,8";"1007,2";"1007,2";"1006,6";"1,1";"295,0";"2,3";"";""
"06/04/2024";"0200";"25,0";"25,3";"25,0";"92,0";"92,0";"91,0";"23,6";"23,8";"23,6";"1008,0";"1008,0";"1007,2";"1,5";"295,0";"2,7";"";""
"06/04/2024";"0300";"24,8";"25,0";"24,8";"93,0";"93,0";"92,0";"23,5";"23,7";"23,5";"1007,8";"1008,0";"1007,8";"1,6";"293,0";"3,3";"";""
"06/04/2024";"0400";"24,6";"24,8";"24,6";"93,0";"93,0";"92,0";"23,4";"23,5";"23,4";"1007,4";"1007,8";"1007,4";"1,4";"293,0";"2,8";"";""
"06/04/2024";"0500";"24,5";"24,6";"24,4";"93,0";"93,0";"93,0";"23,3";"23,4";"23,3";"1006,8";"1007,4";"1006,7";"1,3";"293,0";"2,6";"";""
"06/04/2024";"0600";"24,5";"24,5";"24,4";"93,0";"93,0";"93,0";"23,3";"23,4";"23,3";"1006,1";"1006,8";"1006,1";"1,3";"300,0";"3,3";"";""
"06/04/2024";"0700";"24,4";"24,5";"24,4";"94,0";"94,0";"93,0";"23,3";"23,3";"23,3";"1006,0";"1006,1";"1005,8";"1,2";"301,0";"2,7";"";""
"06/04/2024";"0800";"24,4";"24,5";"24,4";"94,0";"94,0";"94,0";"23,3";"23,4";"23,3";"1006,0";"1006,0";"1005,9";"0,2";"300,0";"2,3";"";""
"06/04/2024";"0900";"24,3";"24,4";"24,2";"94,0";"94,0";"94,0";"23,2";"23,3";"23,2";"1006,3";"1006,4";"1006,0";"0,2";"298,0";"2,0";"";""
"06/04/2024";"1000";"24,4";"24,4";"24,2";"94,0";"94,0";"94,0";"23,3";"23,3";"23,1";"1007,1";"1007,1";"1006,3";"0,8";"300,0";"1,7";"1,60";""
"06/04/2024";"1100";"25,5";"25,5";"24,4";"92,0";"94,0";"92,0";"24,2";"24,2";"23,4";"1008,0";"1008,0";"1007,1";"0,9";"299,0";"1,7";"269,20";""
"06/04/2024";"1200";"26,4";"26,5";"25,5";"87,0";"92,0";"87,0";"24,1";"24,6";"24,0";"1008,8";"1008,8";"1008,0";"1,2";"289,0";"2,5";"672,50";""
"06/04/2024";"1300";"28,1";"28,1";"26,3";"81,0";"88,0";"80,0";"24,5";"25,0";"24,0";"1009,3";"1009,3";"1008,8";"1,0";"253,0";"3,2";"1036,20";""
"06/04/2024";"1400";"28,5";"28,9";"28,1";"77,0";"81,0";"75,0";"24,0";"24,7";"23,5";"1009,7";"1009,7";"1009,3";"1,5";"264,0";"4,3";"1335,40";""
"06/04/2024";"1500";"29,5";"29,6";"28,5";"71,0";"77,0";"69,0";"23,6";"24,2";"23,0";"1009,3";"1009,7";"1009,3";"2,2";"275,0";"5,9";"1774,40";""
"06/04/2024";"1600";"30,1";"30,2";"28,9";"66,0";"74,0";"66,0";"23,1";"24,5";"23,0";"1008,1";"1009,3";"1008,1";"1,9";"265,0";"6,2";"1926,40";""
"06/04/2024";"1700";"30,8";"31,0";"29,9";"66,0";"68,0";"62,0";"23,7";"23,9";"22,6";"1006,4";"1008,1";"1006,4";"2,4";"299,0";"7,5";"2988,30";""
"06/04/2024";"1800";"31,6";"31,8";"30,5";"63,0";"67,0";"62,0";"23,7";"24,4";"22,6";"1004,6";"1006,4";"1004,6";"2,4";"290,0";"5,9";"2658,50";""
"06/04/2024";"1900";"31,3";"31,9";"31,2";"63,0";"64,0";"60,0";"23,4";"23,9";"22,7";"1003,4";"1004,6";"1003,4";"1,7";"269,0";"6,7";"2400,60";""
"06/04/2024";"2000";"30,7";"32,0";"30,5";"66,0";"67,0";"60,0";"23,7";"24,6";"22,8";"1003,0";"1003,4";"1003,0";"1,6";"260,0";"4,9";"1607,30";""
"06/04/2024";"2100";"29,6";"31,2";"29,3";"73,0";"74,0";"64,0";"24,2";"24,3";"23,4";"1003,0";"1003,1";"1002,9";"1,3";"302,0";"5,3";"702,60";""
"06/04/2024";"2200";"28,5";"29,6";"28,5";"79,0";"79,0";"72,0";"24,4";"24,4";"23,9";"1003,4";"1003,4";"1003,0";"0,1";"298,0";"2,6";"64,70";""
"06/04/2024";"2300";"27,7";"28,5";"27,7";"81,0";"81,0";"79,0";"24,1";"24,5";"24,0";"1004,0";"1004,0";"1003,4";"0,8";"288,0";"1,5";"";""
"07/04/2024";"0000";"27,2";"27,7";"27,1";"85,0";"86,0";"81,0";"24,5";"24,6";"24,1";"1004,9";"1004,9";"1004,0";"0,8";"302,0";"1,8";"";""
"07/04/2024";"0100";"27,0";"27,2";"27,0";"86,0";"86,0";"85,0";"24,4";"24,5";"24,3";"1006,0";"1006,0";"1004,9";"0,9";"297,0";"2,8";"";""
"07/04/2024";"0200";"26,8";"27,0";"26,6";"82,0";"87,0";"82,0";"23,5";"24,5";"23,5";"1006,7";"1006,7";"1006,0";"1,1";"275,0";"2,4";"";""
"07/04/2024";"0300";"26,2";"26,9";"26,2";"86,0";"86,0";"80,0";"23,6";"23,7";"23,2";"1006,7";"1006,8";"1006,7";"0,0";"296,0";"2,4";"";""
"07/04/2024";"0400";"25,9";"26,2";"25,8";"87,0";"87,0";"85,0";"23,6";"23,7";"23,4";"1006,5";"1006,7";"1006,5";"0,0";"262,0";"1,2";"";""
"07/04/2024";"0500";"25,4";"25,9";"25,4";"90,0";"90,0";"87,0";"23,7";"23,7";"23,6";"1005,9";"1006,5";"1005,8";"0,5";"306,0";"2,1";"";""
"07/04/2024";"0600";"25,7";"25,8";"25,4";"89,0";"91,0";"89,0";"23,8";"24,0";"23,7";"1005,1";"1005,9";"1005,1";"0,0";"251,0";"1,0";"";""
"07/04/2024";"0700";"25,8";"25,8";"25,7";"89,0";"89,0";"88,0";"23,8";"23,8";"23,6";"1004,9";"1005,1";"1004,8";"0,0";"321,0";"0,2";"";""
"07/04/2024";"0800";"25,6";"25,8";"25,6";"88,0";"89,0";"88,0";"23,5";"23,7";"23,5";"1005,0";"1005,0";"1004,8";"0,0";"272,0";"0,0";"";""
"07/04/2024";"0900";"25,2";"25,6";"25,2";"88,0";"89,0";"88,0";"23,1";"23,5";"23,1";"1005,5";"1005,5";"1005,0";"0,0";"265,0";"0,6";"";""
"07/04/2024";"1000";"25,4";"25,4";"25,1";"91,0";"91,0";"88,0";"23,7";"23,7";"23,1";"1005,9";"1005,9";"1005,5";"0,0";"260,0";"0,0";"2,10";""
"07/04/2024";"1100";"27,1";"27,1";"25,4";"87,0";"91,0";"87,0";"24,7";"24,7";"23,7";"1006,8";"1006,8";"1005,9";"0,0";"346,0";"0,8";"169,60";""
"07/04/2024";"1200";"28,4";"28,5";"27,1";"80,0";"87,0";"77,0";"24,5";"25,1";"23,9";"1007,5";"1007,5";"1006,8";"0,0";"218,0";"0,9";"799,60";""
"07/04/2024";"1300";"30,1";"30,1";"28,4";"73,0";"80,0";"72,0";"24,6";"25,2";"24,0";"1007,8";"1007,8";"1007,5";"0,8";"225,0";"2,6";"1642,90";""
"07/04/2024";"1400";"30,4";"30,9";"29,7";"75,0";"76,0";"70,0";"25,4";"25,5";"23,9";"1007,7";"1007,8";"1007,7";"1,2";"222,0";"4,2";"2286,00";""
"07/04/2024";"1500";"30,3";"31,8";"30,3";"69,0";"75,0";"65,0";"24,0";"26,1";"23,2";"1007,1";"1007,7";"1007,1";"0,9";"234,0";"3,8";"2607,30";""
"07/04/2024";"1600";"31,2";"31,9";"30,3";"66,0";"72,0";"65,0";"24,2";"25,5";"24,1";"1006,2";"1007,2";"1006,2";"1,1";"236,0";"3,8";"2614,20";""
"07/04/2024";"1700";"32,3";"33,0";"31,2";"61,0";"69,0";"57,0";"23,7";"24,8";"22,7";"1005,4";"1006,2";"1005,4";"1,0";"228,0";"3,1";"3015,00";""
"07/04/2024";"1800";"32,9";"33,4";"32,1";"57,0";"65,0";"56,0";"23,4";"25,3";"22,8";"1004,1";"1005,4";"1004,1";"1,5";"248,0";"3,7";"2736,80";""
"07/04/2024";"1900";"33,1";"33,5";"32,6";"56,0";"60,0";"55,0";"23,2";"24,2";"22,5";"1003,2";"1004,1";"1003,1";"1,2";"262,0";"4,9";"2293,30";""
"07/04/2024";"2000";"33,7";"33,8";"33,0";"57,0";"59,0";"55,0";"24,0";"24,6";"23,0";"1002,5";"1003,2";"1002,5";"0,9";"251,0";"3,0";"1653,00";""
"07/04/2024";"2100";"32,1";"33,8";"32,1";"59,0";"59,0";"54,0";"23,1";"23,9";"22,7";"1002,7";"1002,7";"1002,5";"0,9";"268,0";"3,6";"789,50";""
"07/04/2024";"2200";"30,1";"32,1";"30,1";"67,0";"68,0";"59,0";"23,4";"23,6";"22,9";"1002,9";"1002,9";"1002,7";"0,4";"289,0";"2,4";"102,60";""
"07/04/2024";"2300";"28,9";"30,1";"28,9";"78,0";"78,0";"67,0";"24,7";"24,7";"23,3";"1003,8";"1003,8";"1002,9";"1,7";"298,0";"2,5";"0,20";""
"08/04/2024";"0000";"27,7";"29,0";"27,7";"76,0";"78,0";"73,0";"23,0";"24,6";"23,0";"1004,7";"1004,7";"1003,8";"1,4";"309,0";"4,1";"";""
"08/04/2024";"0100";"27,1";"27,7";"27,1";"78,0";"79,0";"75,0";"23,0";"23,1";"22,6";"1005,5";"1005,5";"1004,7";"1,4";"301,0";"2,8";"";""
"08/04/2024";"0200";"27,5";"27,5";"27,1";"77,0";"79,0";"76,0";"23,2";"23,4";"22,7";"1006,4";"1006,4";"1005,5";"1,2";"300,0";"2,3";"";""
"08/04/2024";"0300";"27,1";"27,8";"27,0";"79,0";"80,0";"77,0";"23,2";"23,5";"23,1";"1006,5";"1006,5";"1006,2";"0,0";"302,0";"2,1";"";""
"08/04/2024";"0400";"27,1";"27,2";"26,8";"85,0";"85,0";"79,0";"24,3";"24,3";"23,0";"1006,1";"1006,5";"1006,1";"0,1";"285,0";"1,5";"";""
"08/04/2024";"0500";"27,2";"27,3";"26,9";"87,0";"87,0";"85,0";"24,9";"24,9";"24,2";"1005,6";"1006,1";"1005,6";"0,0";"297,0";"1,1";"";""
"08/04/2024";"0600";"27,5";"27,5";"27,1";"87,0";"88,0";"87,0";"25,2";"25,3";"24,9";"1005,0";"1005,6";"1005,0";"0,0";"228,0";"0,8";"";""
"08/04/2024";"0700";"27,1";"27,5";"27,1";"87,0";"88,0";"87,0";"24,7";"25,3";"24,7";"1004,6";"1005,0";"1004,6";"0,5";"231,0";"2,4";"";""
"08/04/2024";"0800";"26,9";"27,1";"26,9";"87,0";"87,0";"87,0";"24,6";"24,8";"24,4";"1004,6";"1004,7";"1004,6";"0,5";"222,0";"2,2";"";""
"08/04/2024";"0900";"26,8";"27,0";"26,8";"87,0";"87,0";"87,0";"24,5";"24,6";"24,5";"1005,0";"1005,0";"1004,6";"0,0";"204,0";"2,1";"";""
"08/04/2024";"1000";"26,8";"26,9";"26,7";"86,0";"88,0";"86,0";"24,4";"24,5";"24,4";"1006,0";"1006,0";"1005,0";"0,4";"248,0";"2,6";"0,80";""
"08/04/2024";"1100";"27,2";"27,2";"26,8";"85,0";"87,0";"85,0";"24,5";"24,6";"24,3";"1006,7";"1006,7";"1006,0";"0,2";"223,0";"2,2";"84,90";""
"08/04/2024";"1200";"27,8";"27,9";"27,2";"82,0";"86,0";"81,0";"24,4";"24,8";"24,2";"1007,4";"1007,4";"1006,7";"0,5";"245,0";"2,5";"441,30";""
"08/04/2024";"1300";"27,2";"28,0";"25,4";"87,0";"90,0";"80,0";"24,8";"24,9";"23,2";"1008,0";"1008,2";"1007,4";"1,0";"274,0";"4,0";"674,90";""
"08/04/2024";"1400";"28,9";"29,0";"27,2";"74,0";"87,0";"73,0";"23,8";"25,0";"23,3";"1007,5";"1008,0";"1007,4";"1,0";"231,0";"2,9";"2164,20";""
"08/04/2024";"1500";"30,7";"30,8";"28,7";"72,0";"76,0";"69,0";"25,2";"25,5";"23,3";"1007,4";"1007,6";"1007,4";"0,0";"216,0";"2,0";"1926,30";""
"08/04/2024";"1600";"31,8";"31,8";"30,0";"63,0";"73,0";"61,0";"23,9";"25,4";"23,2";"1006,5";"1007,4";"1006,5";"1,3";"247,0";"2,4";"2480,50";""
"08/04/2024";"1700";"32,6";"32,6";"31,0";"58,0";"67,0";"58,0";"23,3";"25,0";"23,0";"1004,8";"1006,5";"1004,8";"1,1";"246,0";"3,0";"2735,50";""
"08/04/2024";"1800";"32,6";"33,4";"31,4";"58,0";"64,0";"56,0";"23,3";"24,9";"22,9";"1003,5";"1004,8";"1003,5";"0,9";"244,0";"2,9";"2407,90";""
"08/04/2024";"1900";"31,7";"33,6";"31,6";"65,0";"65,0";"52,0";"24,2";"24,3";"21,9";"1002,8";"1003,5";"1002,8";"1,0";"214,0";"3,1";"1634,20";""
"08/04/2024";"2000";"32,9";"33,4";"31,0";"58,0";"67,0";"51,0";"23,5";"24,4";"21,7";"1002,6";"1002,8";"1002,4";"0,2";"256,0";"2,3";"1228,80";""
"08/04/2024";"2100";"31,8";"32,9";"31,7";"61,0";"64,0";"53,0";"23,4";"24,1";"21,9";"1002,6";"1002,8";"1002,6";"0,3";"270,0";"1,7";"766,50";""
"08/04/2024";"2200";"29,3";"31,8";"29,3";"73,0";"73,0";"60,0";"23,9";"24,1";"22,6";"1003,7";"1003,7";"1002,6";"1,6";"316,0";"4,9";"77,20";""
"08/04/2024";"2300";"25,5";"29,3";"25,4";"92,0";"92,0";"72,0";"24,2";"24,4";"23,6";"1004,9";"1004,9";"1003,7";"2,3";"312,0";"6,7";"0,30";""
"09/04/2024";"0000";"25,5";"25,8";"25,4";"93,0";"93,0";"91,0";"24,3";"24,5";"24,0";"1005,8";"1005,8";"1004,9";"0,4";"301,0";"5,3";"";""
"09/04/2024";"0100";"25,6";"25,7";"25,3";"92,0";"93,0";"92,0";"24,3";"24,4";"24,1";"1005,7";"1005,8";"1005,5";"0,9";"309,0";"2,4";"";""
"09/04/2024";"0200";"25,4";"25,8";"25,2";"93,0";"93,0";"92,0";"24,2";"24,5";"23,9";"1006,6";"1006,6";"1005,7";"0,0";"190,0";"2,2";"";""
"09/04/2024";"0300";"26,3";"26,3";"25,4";"92,0";"93,0";"92,0";"25,0";"25,0";"24,2";"1007,0";"1007,0";"1006,6";"0,0";"255,0";"0,0";"";""
"09/04/2024";"0400";"26,3";"26,5";"26,3";"93,0";"93,0";"92,0";"25,0";"25,2";"25,0";"1006,1";"1007,0";"1006,1";"0,0";"298,0";"0,0";"";""
"09/04/2024";"0500";"26,4";"26,4";"26,3";"93,0";"93,0";"93,0";"25,3";"25,3";"25,0";"1005,5";"1006,1";"1005,5";"0,0";"240,0";"0,0";"";""
"09/04/2024";"0600";"26,3";"26,6";"26,3";"93,0";"93,0";"93,0";"25,1";"25,4";"25,1";"1004,7";"1005,5";"1004,7";"0,0";"196,0";"0,0";"";""
"09/04/2024";"0700";"26,6";"26,8";"26,3";"92,0";"94,0";"92,0";"25,3";"25,6";"25,1";"1004,5";"1004,7";"1004,5";"0,0";"245,0";"0,0";"";""
"09/04/2024";"0800";"26,3";"26,7";"26,3";"93,0";"93,0";"92,0";"25,1";"25,3";"25,0";"1004,5";"1004,5";"1004,4";"0,0";"304,0";"0,0";"";""
"09/04/2024";"0900";"26,3";"26,3";"26,2";"93,0";"93,0";"93,0";"25,0";"25,1";"25,0";"1004,9";"1004,9";"1004,5";"0,0";"261,0";"0,0";"";""
"09/04/2024";"1000";"26,3";"26,5";"26,3";"92,0";"93,0";"91,0";"24,9";"25,1";"24,9";"1006,0";"1006,0";"1004,9";"0,0";"249,0";"0,0";"0,60";""
"09/04/2024";"1100";"25,4";"26,4";"25,3";"92,0";"92,0";"90,0";"24,0";"25,1";"23,8";"1007,0";"1007,0";"1006,0";"0,0";"232,0";"5,3";"78,00";""
"09/04/2024";"1200";"27,4";"27,4";"25,4";"90,0";"92,0";"90,0";"25,6";"25,7";"24,0";"1007,9";"1007,9";"1007,0";"0,2";"256,0";"1,8";"571,10";""
"09/04/2024";"1300";"28,0";"28,0";"27,2";"88,0";"90,0";"88,0";"25,8";"26,0";"25,1";"1008,5";"1008,5";"1007,9";"0,2";"226,0";"1,9";"485,50";""
"09/04/2024";"1400";"27,2";"29,6";"27,2";"86,0";"88,0";"81,0";"24,6";"26,9";"24,4";"1008,5";"1008,7";"1008,5";"0,8";"213,0";"3,6";"793,30";""
"09/04/2024";"1500";"24,8";"27,2";"24,7";"93,0";"93,0";"86,0";"23,6";"24,8";"23,2";"1008,3";"1008,7";"1008,3";"1,9";"322,0";"7,2";"178,10";""
"09/04/2024";"1600";"24,1";"24,9";"24,0";"94,0";"94,0";"93,0";"23,1";"23,8";"23,0";"1008,4";"1008,9";"1008,3";"2,4";"303,0";"7,1";"163,70";""
"09/04/2024";"1700";"24,3";"24,4";"24,0";"94,0";"94,0";"94,0";"23,3";"23,4";"23,0";"1006,7";"1008,4";"1006,7";"2,0";"291,0";"6,0";"342,40";""
"09/04/2024";"1800";"25,4";"25,7";"24,3";"92,0";"94,0";"92,0";"23,9";"24,4";"23,3";"1005,0";"1006,7";"1005,0";"0,4";"258,0";"4,5";"770,50";""
"09/04/2024";"1900";"26,6";"26,6";"25,3";"88,0";"92,0";"87,0";"24,4";"24,5";"23,8";"1003,6";"1005,0";"1003,6";"0,2";"266,0";"2,4";"868,80";""
"09/04/2024";"2000";"27,4";"27,7";"26,3";"81,0";"88,0";"81,0";"23,9";"24,8";"23,6";"1003,1";"1003,6";"1003,1";"1,5";"298,0";"3,7";"941,10";""
"09/04/2024";"2100";"27,4";"28,1";"27,4";"80,0";"82,0";"78,0";"23,6";"24,5";"23,6";"1003,0";"1003,1";"1003,0";"0,7";"261,0";"3,6";"876,40";""
"09/04/2024";"2200";"26,3";"27,4";"26,3";"88,0";"88,0";"80,0";"24,0";"24,1";"23,6";"1003,1";"1003,1";"1002,9";"0,0";"290,0";"2,3";"94,00";""
"09/04/2024";"2300";"25,9";"26,3";"25,8";"90,0";"90,0";"88,0";"24,1";"24,3";"23,9";"1003,9";"1003,9";"1003,1";"0,0";"219,0";"0,0";"";""
"10/04/2024";"0000";"26,0";"26,3";"25,8";"91,0";"91,0";"90,0";"24,3";"24,5";"24,0";"1004,6";"1004,6";"1003,9";"0,0";"243,0";"0,0";"";""
"10/04/2024";"0100";"26,5";"26,5";"25,9";"90,0";"91,0";"90,0";"24,6";"24,6";"24,3";"1005,8";"1005,8";"1004,6";"0,0";"225,0";"0,0";"";""
"10/04/2024";"0200";"26,3";"26,6";"26,3";"90,0";"90,0";"89,0";"24,6";"24,7";"24,5";"1006,5";"1006,5";"1005,8";"0,0";"247,0";"0,0";"";""
"10/04/2024";"0300";"25,9";"26,4";"25,9";"92,0";"92,0";"90,0";"24,5";"24,6";"24,5";"1006,0";"1006,5";"1005,9";"0,0";"298,0";"0,0";"";""
"10/04/2024";"0400";"25,9";"25,9";"25,8";"93,0";"93,0";"92,0";"24,6";"24,6";"24,5";"1005,8";"1006,0";"1005,8";"0,0";"282,0";"1,8";"";""
"10/04/2024";"0500";"25,9";"25,9";"25,8";"92,0";"93,0";"92,0";"24,6";"24,6";"24,6";"1005,2";"1005,8";"1005,2";"0,0";"272,0";"0,0";"";""
"10/04/2024";"0600";"25,8";"26,0";"25,8";"92,0";"93,0";"92,0";"24,5";"24,6";"24,5";"1004,4";"1005,3";"1004,4";"0,1";"286,0";"1,0";"";""
"10/04/2024";"0700";"25,8";"25,9";"25,7";"92,0";"92,0";"92,0";"24,3";"24,5";"24,3";"1004,0";"1004,4";"1004,0";"0,1";"280,0";"1,6";"";""
"10/04/2024";"0800";"25,4";"25,8";"25,4";"92,0";"92,0";"92,0";"24,0";"24,3";"24,0";"1003,7";"1004,0";"1003,7";"0,0";"285,0";"1,6";"";""
"10/04/2024";"0900";"25,0";"25,4";"25,0";"93,0";"93,0";"92,0";"23,8";"24,0";"23,8";"1003,8";"1003,9";"1003,7";"0,0";"302,0";"0,0";"";""
"10/04/2024";"1000";"25,3";"25,4";"25,0";"93,0";"93,0";"93,0";"24,1";"24,2";"23,8";"1004,7";"1004,7";"1003,8";"0,0";"289,0";"0,0";"1,60";""
"10/04/2024";"1100";"26,6";"26,6";"25,3";"91,0";"93,0";"91,0";"25,1";"25,1";"24,2";"1005,4";"1005,5";"1004,7";"0,0";"252,0";"0,6";"176,90";""
"10/04/2024";"1200";"27,3";"27,3";"26,6";"87,0";"91,0";"86,0";"24,8";"25,2";"24,7";"1006,4";"1006,4";"1005,4";"0,2";"251,0";"2,2";"465,60";""
"10/04/2024";"1300";"29,0";"29,0";"27,3";"75,0";"87,0";"73,0";"24,2";"25,2";"23,5";"1007,2";"1007,2";"1006,4";"0,4";"247,0";"2,2";"1240,40";""
"10/04/2024";"1400";"29,6";"30,1";"29,0";"68,0";"75,0";"66,0";"23,1";"24,6";"22,6";"1007,2";"1007,3";"1007,2";"1,8";"289,0";"3,9";"1899,10";""
"10/04/2024";"1500";"30,6";"31,0";"29,5";"63,0";"68,0";"62,0";"22,8";"24,1";"22,4";"1006,9";"1007,3";"1006,9";"2,4";"285,0";"4,6";"1938,20";""
"10/04/2024";"1600";"32,0";"32,4";"30,5";"65,0";"66,0";"61,0";"24,5";"25,0";"22,5";"1006,2";"1007,0";"1006,2";"1,2";"268,0";"4,6";"2441,90";""
"10/04/2024";"1700";"32,3";"32,6";"30,9";"59,0";"67,0";"59,0";"23,1";"24,9";"23,1";"1004,7";"1006,2";"1004,7";"1,7";"277,0";"4,6";"2739,30";""
"10/04/2024";"1800";"32,2";"32,9";"32,0";"55,0";"63,0";"49,0";"22,1";"24,4";"20,5";"1003,1";"1004,7";"1003,1";"0,9";"248,0";"4,7";"2947,10";""
"10/04/2024";"1900";"32,2";"33,0";"31,5";"55,0";"62,0";"50,0";"22,1";"23,9";"21,2";"1001,8";"1003,1";"1001,8";"1,2";"216,0";"5,1";"2411,90";""
"10/04/2024";"2000";"32,4";"33,2";"32,0";"58,0";"60,0";"49,0";"23,0";"23,5";"20,9";"1001,5";"1001,8";"1001,5";"2,0";"271,0";"4,0";"1763,00";""
"10/04/2024";"2100";"30,9";"32,4";"30,9";"61,0";"61,0";"56,0";"22,5";"23,3";"22,2";"1001,4";"1001,6";"1001,3";"1,5";"297,0";"4,3";"793,60";""
"10/04/2024";"2200";"28,9";"30,9";"28,9";"76,0";"76,0";"61,0";"24,1";"24,1";"22,4";"1001,4";"1001,4";"1001,3";"1,3";"304,0";"3,0";"51,40";""
"10/04/2024";"2300";"27,8";"28,8";"27,8";"81,0";"81,0";"76,0";"24,3";"24,3";"24,0";"1002,1";"1002,1";"1001,4";"1,4";"307,0";"3,1";"";""
"11/04/2024";"0000";"27,3";"27,8";"27,3";"83,0";"83,0";"81,0";"24,2";"24,4";"24,1";"1003,1";"1003,1";"1002,1";"1,5";"299,0";"3,1";"";""
"11/04/2024";"0100";"26,9";"27,3";"26,8";"87,0";"87,0";"83,0";"24,5";"24,5";"24,1";"1004,2";"1004,2";"1003,1";"1,2";"300,0";"2,5";"";""
"11/04/2024";"0200";"26,9";"27,0";"26,8";"87,0";"87,0";"86,0";"24,5";"24,6";"24,4";"1005,1";"1005,1";"1004,2";"1,4";"301,0";"2,6";"";""
"11/04/2024";"0300";"26,7";"26,9";"26,6";"87,0";"88,0";"87,0";"24,4";"24,5";"24,4";"1005,4";"1005,4";"1005,1";"1,3";"291,0";"2,6";"";""
"11/04/2024";"0400";"26,3";"26,7";"26,3";"89,0";"89,0";"87,0";"24,4";"24,5";"24,4";"1005,0";"1005,4";"1005,0";"1,1";"302,0";"2,3";"";""
"11/04/2024";"0500";"26,0";"26,3";"26,0";"91,0";"91,0";"89,0";"24,3";"24,4";"24,3";"1004,6";"1005,0";"1004,6";"0,8";"303,0";"1,9";"";""
"11/04/2024";"0600";"25,8";"26,0";"25,8";"90,0";"91,0";"90,0";"24,1";"24,3";"24,1";"1004,3";"1004,6";"1004,3";"0,7";"299,0";"1,9";"";""
"11/04/2024";"0700";"26,1";"26,1";"25,8";"88,0";"90,0";"88,0";"23,9";"24,1";"23,9";"1004,2";"1004,4";"1004,2";"0,6";"303,0";"1,9";"";""
"11/04/2024";"0800";"25,9";"26,1";"25,9";"88,0";"88,0";"86,0";"23,7";"24,0";"23,5";"1004,1";"1004,2";"1004,1";"0,2";"311,0";"1,2";"";""
"11/04/2024";"0900";"25,9";"26,4";"25,8";"88,0";"88,0";"86,0";"23,8";"23,8";"23,6";"1004,3";"1004,3";"1004,0";"0,0";"300,0";"1,3";"";""
"11/04/2024";"1000";"25,8";"26,0";"25,8";"90,0";"90,0";"88,0";"24,1";"24,1";"23,8";"1004,7";"1004,7";"1004,3";"0,0";"238,0";"0,0";"1,90";""
"11/04/2024";"1100";"27,2";"27,2";"25,8";"87,0";"91,0";"86,0";"24,9";"24,9";"24,1";"1006,1";"1006,1";"1004,7";"0,4";"310,0";"3,4";"217,50";""
"11/04/2024";"1200";"26,4";"27,2";"26,3";"88,0";"88,0";"86,0";"24,3";"24,8";"24,0";"1006,7";"1006,8";"1006,1";"1,7";"299,0";"4,1";"245,60";""
"11/04/2024";"1300";"28,7";"29,8";"26,4";"77,0";"89,0";"75,0";"24,2";"25,3";"24,2";"1007,5";"1007,5";"1006,7";"2,0";"300,0";"3,9";"1299,10";""
"11/04/2024";"1400";"30,6";"30,6";"28,4";"71,0";"79,0";"69,0";"24,7";"25,0";"24,0";"1007,6";"1007,7";"1007,5";"2,5";"293,0";"4,4";"1733,20";""
"11/04/2024";"1500";"31,4";"31,7";"30,5";"66,0";"71,0";"65,0";"24,3";"24,9";"23,6";"1007,1";"1007,6";"1007,1";"2,1";"278,0";"4,9";"2482,30";""
"11/04/2024";"1600";"30,2";"31,7";"30,2";"71,0";"72,0";"64,0";"24,5";"24,8";"23,3";"1005,7";"1007,1";"1005,7";"1,6";"259,0";"4,7";"1397,60";""
"11/04/2024";"1700";"32,1";"32,4";"30,2";"65,0";"73,0";"63,0";"24,8";"25,5";"24,0";"1003,9";"1005,7";"1003,9";"1,4";"247,0";"4,2";"2639,60";""
"11/04/2024";"1800";"33,0";"33,2";"31,7";"57,0";"69,0";"55,0";"23,4";"25,5";"22,5";"1003,0";"1003,9";"1003,0";"1,6";"257,0";"4,6";"2761,60";""
"11/04/2024";"1900";"32,7";"33,5";"32,4";"57,0";"60,0";"53,0";"23,1";"24,1";"22,0";"1002,4";"1003,0";"1002,4";"1,4";"265,0";"4,8";"2431,70";""
"11/04/2024";"2000";"30,5";"32,7";"30,4";"69,0";"69,0";"57,0";"24,2";"24,4";"23,1";"1002,6";"1002,7";"1002,3";"1,3";"272,0";"4,6";"755,40";""
"11/04/2024";"2100";"29,4";"30,6";"29,4";"75,0";"76,0";"68,0";"24,6";"24,9";"24,0";"1002,6";"1002,6";"1002,4";"1,7";"275,0";"5,2";"380,90";""
"11/04/2024";"2200";"28,5";"29,5";"28,5";"80,0";"80,0";"75,0";"24,7";"24,8";"24,5";"1003,0";"1003,1";"1002,6";"0,8";"290,0";"4,6";"97,80";""
"11/04/2024";"2300";"27,9";"28,5";"27,8";"85,0";"85,0";"80,0";"25,1";"25,1";"24,7";"1003,6";"1003,6";"1002,9";"0,9";"302,0";"2,0";"";""
"12/04/2024";"0000";"27,6";"27,9";"27,6";"86,0";"86,0";"84,0";"25,1";"25,1";"24,9";"1005,3";"1005,3";"1003,6";"1,7";"289,0";"3,2";"";""
"12/04/2024";"0100";"27,6";"27,7";"27,6";"84,0";"86,0";"84,0";"24,7";"25,1";"24,7";"1006,1";"1006,1";"1005,3";"1,0";"284,0";"3,2";"";""
"12/04/2024";"0200";"27,5";"27,6";"27,5";"87,0";"87,0";"84,0";"25,1";"25,2";"24,7";"1006,6";"1006,7";"1006,1";"0,8";"317,0";"2,3";"";""
"12/04/2024";"0300";"27,3";"27,5";"27,2";"89,0";"89,0";"87,0";"25,2";"25,3";"25,1";"1007,1";"1007,2";"1006,6";"0,8";"301,0";"2,1";"";""
"12/04/2024";"0400";"27,0";"27,4";"27,0";"90,0";"90,0";"89,0";"25,2";"25,4";"25,2";"1007,1";"1007,1";"1007,0";"1,3";"302,0";"2,7";"";""
"12/04/2024";"0500";"26,6";"27,0";"26,6";"92,0";"92,0";"90,0";"25,2";"25,3";"25,1";"1005,4";"1007,0";"1005,4";"1,4";"298,0";"2,7";"";""
"12/04/2024";"0600";"26,5";"26,6";"26,5";"92,0";"92,0";"92,0";"25,1";"25,2";"25,0";"1005,5";"1005,6";"1005,3";"1,0";"300,0";"2,6";"";""
"12/04/2024";"0700";"26,2";"26,5";"26,1";"93,0";"93,0";"92,0";"24,9";"25,1";"24,8";"1005,4";"1005,5";"1005,2";"0,0";"229,0";"2,1";"";""
"12/04/2024";"0800";"26,3";"26,3";"26,2";"93,0";"93,0";"92,0";"25,0";"25,0";"24,9";"1005,4";"1005,5";"1005,2";"0,0";"322,0";"0,9";"";""
"12/04/2024";"0900";"26,2";"26,4";"26,2";"92,0";"93,0";"92,0";"24,8";"25,0";"24,8";"1005,8";"1005,8";"1005,4";"0,3";"312,0";"1,6";"";""
"12/04/2024";"1000";"26,4";"26,6";"26,2";"92,0";"92,0";"91,0";"24,9";"25,1";"24,8";"1006,6";"1006,6";"1005,8";"0,9";"336,0";"1,6";"10,20";""
"12/04/2024";"1100";"25,5";"26,6";"25,3";"92,0";"92,0";"89,0";"24,2";"25,1";"23,8";"1007,7";"1007,7";"1006,6";"0,6";"242,0";"4,9";"135,70";""
"12/04/2024";"1200";"27,7";"27,7";"25,3";"84,0";"93,0";"84,0";"24,8";"24,8";"23,9";"1008,2";"1008,2";"1007,7";"1,2";"237,0";"3,7";"1233,70";""
"12/04/2024";"1300";"27,8";"27,8";"27,3";"83,0";"86,0";"83,0";"24,6";"25,0";"24,4";"1008,3";"1008,4";"1008,2";"2,4";"236,0";"5,4";"1365,50";""
"12/04/2024";"1400";"27,9";"28,1";"27,6";"80,0";"83,0";"80,0";"24,2";"24,8";"24,1";"1008,4";"1008,5";"1008,2";"3,5";"233,0";"5,5";"2459,20";""
"12/04/2024";"1500";"28,9";"28,9";"27,9";"77,0";"81,0";"77,0";"24,5";"24,7";"23,8";"1007,5";"1008,4";"1007,5";"4,1";"233,0";"6,5";"2948,70";""
"12/04/2024";"1600";"29,2";"29,2";"28,7";"75,0";"77,0";"74,0";"24,3";"24,5";"23,9";"1006,5";"1007,5";"1006,4";"4,2";"234,0";"6,9";"3173,70";""
"12/04/2024";"1700";"29,8";"30,1";"29,1";"68,0";"76,0";"68,0";"23,3";"24,5";"23,2";"1005,3";"1006,6";"1005,3";"3,1";"233,0";"7,8";"3276,10";""
"12/04/2024";"1800";"29,8";"29,9";"29,6";"71,0";"72,0";"66,0";"23,9";"24,0";"22,9";"1004,4";"1005,3";"1004,4";"3,4";"233,0";"5,1";"1121,10";""
"12/04/2024";"1900";"27,5";"30,5";"27,3";"81,0";"81,0";"66,0";"23,9";"24,3";"23,0";"1004,2";"1004,5";"1004,1";"2,6";"318,0";"6,6";"1040,10";""
"12/04/2024";"2000";"25,8";"27,5";"25,7";"91,0";"91,0";"80,0";"24,2";"24,5";"23,6";"1004,5";"1004,5";"1003,9";"2,2";"300,0";"6,6";"333,70";""
"12/04/2024";"2100";"25,7";"25,9";"25,4";"93,0";"93,0";"91,0";"24,4";"24,6";"24,0";"1004,8";"1004,8";"1004,3";"1,9";"295,0";"4,5";"184,80";""
"12/04/2024";"2200";"25,5";"25,8";"25,4";"93,0";"93,0";"92,0";"24,3";"24,6";"24,3";"1005,1";"1005,1";"1004,8";"1,3";"303,0";"3,7";"45,50";""
"12/04/2024";"2300";"25,1";"25,6";"25,1";"92,0";"93,0";"92,0";"23,8";"24,3";"23,7";"1005,5";"1005,5";"1005,1";"1,4";"326,0";"3,9";"";""
"13/04/2024";"0000";"25,0";"25,1";"24,8";"93,0";"93,0";"92,0";"23,8";"23,8";"23,5";"1006,1";"1006,1";"1005,5";"1,6";"314,0";"4,8";"";""
"13/04/2024";"0100";"25,0";"25,0";"24,8";"92,0";"93,0";"91,0";"23,5";"23,7";"23,4";"1007,1";"1007,1";"1006,1";"1,3";"318,0";"4,9";"";""
"13/04/2024";"0200";"24,8";"25,0";"24,8";"92,0";"92,0";"91,0";"23,4";"23,5";"23,3";"1007,8";"1007,8";"1007,1";"1,6";"322,0";"4,7";"";""
"13/04/2024";"0300";"24,7";"24,9";"24,7";"93,0";"93,0";"92,0";"23,5";"23,6";"23,4";"1008,0";"1008,0";"1007,8";"0,4";"308,0";"4,2";"";""
"13/04/2024";"0400";"25,3";"25,3";"24,6";"92,0";"93,0";"92,0";"23,9";"23,9";"23,4";"1007,8";"1008,0";"1007,8";"2,2";"275,0";"3,9";"";""
"13/04/2024";"0500";"25,5";"25,7";"25,2";"92,0";"92,0";"91,0";"24,0";"24,2";"23,8";"1007,0";"1007,8";"1007,0";"1,2";"271,0";"4,2";"";""
"13/04/2024";"0600";"25,1";"26,1";"25,1";"91,0";"92,0";"91,0";"23,6";"24,5";"23,6";"1007,0";"1007,0";"1006,8";"2,1";"228,0";"4,3";"";""
"13/04/2024";"0700";"24,7";"25,2";"24,5";"91,0";"92,0";"91,0";"23,1";"23,7";"23,0";"1006,6";"1007,0";"1006,6";"1,3";"230,0";"4,3";"";""
"13/04/2024";"0800";"24,5";"24,7";"24,4";"93,0";"93,0";"91,0";"23,4";"23,4";"22,9";"1006,5";"1006,6";"1006,3";"0,6";"278,0";"2,5";"";""
"13/04/2024";"0900";"24,3";"24,5";"24,3";"94,0";"94,0";"93,0";"23,3";"23,4";"23,2";"1006,9";"1006,9";"1006,5";"0,3";"262,0";"1,5";"";""
"13/04/2024";"1000";"24,5";"24,5";"24,3";"94,0";"94,0";"94,0";"23,4";"23,4";"23,2";"1007,6";"1007,6";"1006,9";"0,2";"303,0";"1,6";"0,90";""
"13/04/2024";"1100";"24,7";"24,8";"24,4";"94,0";"94,0";"93,0";"23,6";"23,7";"23,4";"1008,2";"1008,2";"1007,6";"0,9";"289,0";"2,6";"88,50";""
"13/04/2024";"1200";"25,7";"25,7";"24,7";"93,0";"94,0";"93,0";"24,4";"24,4";"23,7";"1009,2";"1009,2";"1008,2";"1,2";"296,0";"2,7";"355,70";""
"13/04/2024";"1300";"26,5";"26,5";"25,6";"87,0";"93,0";"87,0";"24,1";"24,6";"23,9";"1009,7";"1009,7";"1009,2";"2,0";"303,0";"5,4";"692,70";""
"13/04/2024";"1400";"26,2";"26,7";"26,2";"85,0";"88,0";"84,0";"23,6";"24,4";"23,5";"1010,0";"1010,1";"1009,7";"2,3";"297,0";"5,6";"886,60";""
"13/04/2024";"1500";"25,0";"26,3";"25,0";"91,0";"91,0";"85,0";"23,4";"23,9";"23,3";"1009,8";"1010,0";"1009,8";"2,6";"280,0";"6,2";"470,10";""
"13/04/2024";"1600";"23,5";"25,1";"23,5";"93,0";"93,0";"91,0";"22,4";"23,5";"22,2";"1009,4";"1009,8";"1009,4";"3,4";"277,0";"8,9";"472,00";""
"13/04/2024";"1700";"23,9";"23,9";"23,0";"94,0";"94,0";"93,0";"22,8";"22,9";"21,9";"1008,1";"1009,4";"1008,1";"2,1";"279,0";"7,1";"531,60";""
"13/04/2024";"1800";"24,4";"24,6";"23,8";"92,0";"94,0";"92,0";"23,1";"23,3";"22,6";"1006,8";"1008,1";"1006,8";"1,5";"281,0";"5,4";"593,70";""
"13/04/2024";"1900";"25,4";"25,6";"24,4";"92,0";"93,0";"92,0";"24,0";"24,2";"23,0";"1004,7";"1006,8";"1004,7";"1,3";"302,0";"3,8";"704,00";""
"13/04/2024";"2000";"25,7";"25,9";"25,3";"87,0";"92,0";"87,0";"23,4";"24,0";"23,2";"1003,2";"1004,7";"1003,2";"1,5";"300,0";"3,6";"695,80";""
"13/04/2024";"2100";"25,8";"26,1";"25,6";"88,0";"88,0";"87,0";"23,6";"24,0";"23,3";"1003,0";"1003,2";"1002,9";"0,7";"325,0";"3,3";"369,30";""
"13/04/2024";"2200";"25,1";"25,9";"25,1";"91,0";"91,0";"87,0";"23,5";"23,7";"23,3";"1003,4";"1003,4";"1002,9";"0,4";"279,0";"2,0";"77,50";""
"13/04/2024";"2300";"25,1";"25,1";"25,0";"92,0";"92,0";"91,0";"23,7";"23,7";"23,4";"1004,3";"1004,3";"1003,4";"0,0";"269,0";"1,3";"";""
"14/04/2024";"0000";"24,8";"25,1";"24,8";"92,0";"92,0";"92,0";"23,4";"23,7";"23,4";"1005,1";"1005,1";"1004,3";"0,0";"288,0";"0,0";"";""
"14/04/2024";"0100";"25,1";"25,1";"24,8";"92,0";"92,0";"92,0";"23,7";"23,7";"23,3";"1006,0";"1006,0";"1005,1";"1,2";"290,0";"1,8";"";""
"14/04/2024";"0200";"24,9";"25,2";"24,9";"92,0";"92,0";"92,0";"23,6";"23,8";"23,6";"1006,3";"1006,4";"1006,0";"0,2";"268,0";"1,8";"";""
"14/04/2024";"0300";"24,7";"25,0";"24,7";"93,0";"93,0";"92,0";"23,5";"23,7";"23,5";"1006,1";"1006,4";"1006,1";"0,0";"267,0";"1,1";"";""
"14/04/2024";"0400";"24,8";"24,9";"24,7";"93,0";"93,0";"93,0";"23,6";"23,7";"23,5";"1005,7";"1006,1";"1005,7";"0,0";"210,0";"0,4";"";""
"14/04/2024";"0500";"24,6";"24,9";"24,6";"93,0";"93,0";"93,0";"23,5";"23,7";"23,4";"1005,2";"1005,7";"1005,2";"0,0";"273,0";"0,0";"";""
"14/04/2024";"0600";"24,6";"24,6";"24,5";"94,0";"94,0";"93,0";"23,5";"23,5";"23,4";"1004,7";"1005,2";"1004,7";"0,0";"265,0";"0,0";"";""
"14/04/2024";"0700";"24,7";"24,7";"24,6";"94,0";"94,0";"94,0";"23,6";"23,7";"23,5";"1004,4";"1004,7";"1004,3";"0,0";"284,0";"0,0";"";""
"14/04/2024";"0800";"24,7";"24,7";"24,6";"94,0";"94,0";"94,0";"23,6";"23,6";"23,6";"1004,2";"1004,4";"1004,2";"0,0";"288,0";"0,0";"";""
"14/04/2024";"0900";"24,8";"24,8";"24,7";"94,0";"94,0";"94,0";"23,8";"23,8";"23,6";"1004,3";"1004,3";"1004,1";"0,0";"293,0";"1,1";"";""
"14/04/2024";"1000";"24,8";"25,0";"24,7";"93,0";"94,0";"93,0";"23,6";"23,9";"23,6";"1004,7";"1004,7";"1004,3";"0,0";"290,0";"1,5";"1,30";""
"14/04/2024";"1100";"25,7";"25,7";"24,8";"92,0";"93,0";"92,0";"24,2";"24,2";"23,6";"1005,4";"1005,4";"1004,7";"0,0";"262,0";"1,9";"176,10";""
"14/04/2024";"1200";"27,3";"27,7";"25,7";"82,0";"92,0";"80,0";"24,0";"24,8";"23,4";"1006,3";"1006,3";"1005,4";"0,0";"223,0";"0,0";"876,30";""
"14/04/2024";"1300";"29,0";"29,2";"27,3";"75,0";"82,0";"74,0";"24,0";"24,8";"23,5";"1006,9";"1006,9";"1006,3";"0,7";"227,0";"2,8";"1714,80";""
"14/04/2024";"1400";"29,3";"29,9";"28,7";"75,0";"78,0";"72,0";"24,5";"25,4";"23,8";"1006,6";"1007,0";"1006,6";"1,1";"212,0";"2,9";"2312,40";""
"14/04/2024";"1500";"30,7";"31,3";"29,3";"63,0";"75,0";"62,0";"22,9";"25,0";"22,5";"1006,1";"1006,6";"1006,1";"1,6";"266,0";"4,4";"2842,70";""
"14/04/2024";"1600";"31,5";"31,6";"30,7";"65,0";"67,0";"62,0";"24,2";"24,4";"23,1";"1005,3";"1006,1";"1005,3";"1,7";"252,0";"5,0";"2884,10";""
"14/04/2024";"1700";"32,1";"32,1";"31,1";"60,0";"68,0";"58,0";"23,4";"24,9";"22,8";"1003,9";"1005,3";"1003,9";"1,4";"255,0";"5,0";"3071,00";""
"14/04/2024";"1800";"32,0";"32,5";"31,5";"59,0";"64,0";"55,0";"23,0";"24,5";"22,0";"1002,9";"1003,9";"1002,9";"1,2";"221,0";"4,8";"2889,90";""
"14/04/2024";"1900";"32,3";"32,8";"31,7";"60,0";"65,0";"59,0";"23,6";"25,0";"22,9";"1001,7";"1002,9";"1001,7";"0,7";"218,0";"2,8";"2438,20";""
"14/04/2024";"2000";"31,0";"32,3";"30,3";"66,0";"67,0";"57,0";"23,8";"24,2";"22,3";"1001,0";"1001,7";"1001,0";"0,2";"198,0";"2,3";"1130,70";""
"14/04/2024";"2100";"30,0";"31,0";"30,0";"71,0";"71,0";"65,0";"24,0";"24,6";"23,4";"1001,2";"1001,2";"1001,0";"1,3";"285,0";"2,7";"300,60";""
"14/04/2024";"2200";"29,2";"30,0";"29,2";"77,0";"77,0";"71,0";"24,7";"24,7";"24,0";"1001,5";"1001,5";"1001,2";"1,2";"298,0";"2,4";"87,40";""
"14/04/2024";"2300";"28,1";"29,2";"28,1";"81,0";"81,0";"77,0";"24,6";"24,8";"24,5";"1002,5";"1002,5";"1001,5";"1,4";"300,0";"2,4";"";""
"15/04/2024";"0000";"27,5";"28,2";"27,5";"84,0";"84,0";"81,0";"24,5";"24,7";"24,5";"1003,6";"1003,6";"1002,5";"0,8";"291,0";"2,6";"";""
"15/04/2024";"0100";"27,5";"27,8";"27,5";"82,0";"84,0";"81,0";"24,1";"24,7";"24,1";"1004,2";"1004,2";"1003,6";"1,6";"299,0";"3,0";"";""
"15/04/2024";"0200";"26,9";"27,5";"26,9";"86,0";"87,0";"82,0";"24,5";"24,5";"24,1";"1004,6";"1004,6";"1004,1";"1,4";"299,0";"2,8";"";""
"15/04/2024";"0300";"26,7";"27,0";"26,7";"87,0";"87,0";"86,0";"24,3";"24,5";"24,3";"1004,7";"1004,8";"1004,5";"1,5";"299,0";"2,5";"";""
"15/04/2024";"0400";"26,5";"26,8";"26,5";"87,0";"87,0";"86,0";"24,1";"24,3";"24,1";"1004,2";"1004,7";"1004,2";"1,3";"294,0";"2,6";"";""
"15/04/2024";"0500";"26,2";"26,6";"26,2";"89,0";"89,0";"86,0";"24,3";"24,3";"24,1";"1003,8";"1004,2";"1003,8";"1,2";"290,0";"2,0";"";""
"15/04/2024";"0600";"26,4";"26,4";"26,2";"89,0";"89,0";"89,0";"24,5";"24,5";"24,3";"1003,3";"1003,8";"1003,3";"0,5";"297,0";"2,1";"";""
"15/04/2024";"0700";"26,2";"26,4";"26,2";"91,0";"91,0";"89,0";"24,6";"24,6";"24,4";"1003,0";"1003,3";"1003,0";"0,9";"301,0";"1,9";"";""
"15/04/2024";"0800";"26,2";"26,2";"26,2";"91,0";"91,0";"91,0";"24,6";"24,6";"24,6";"1003,1";"1003,1";"1003,0";"0,7";"294,0";"2,1";"";""
"15/04/2024";"0900";"26,3";"26,3";"26,0";"92,0";"92,0";"91,0";"24,8";"24,8";"24,5";"1003,4";"1003,4";"1003,0";"0,7";"276,0";"1,7";"0,20";""
"15/04/2024";"1000";"26,4";"26,4";"26,3";"92,0";"92,0";"91,0";"24,9";"24,9";"24,8";"1003,8";"1003,8";"1003,4";"1,0";"289,0";"2,6";"1,70";""
"15/04/2024";"1100";"26,9";"26,9";"26,3";"90,0";"92,0";"90,0";"25,2";"25,3";"24,9";"1004,6";"1004,6";"1003,8";"0,7";"289,0";"2,0";"152,10";""
"15/04/2024";"1200";"27,3";"27,8";"26,9";"90,0";"91,0";"87,0";"25,5";"25,7";"25,1";"1005,6";"1005,6";"1004,6";"1,5";"289,0";"3,9";"465,70";""
"15/04/2024";"1300";"28,7";"28,7";"27,3";"83,0";"90,0";"82,0";"25,5";"26,2";"25,0";"1005,7";"1005,8";"1005,6";"2,0";"288,0";"5,0";"1139,10";""
"15/04/2024";"1400";"29,6";"29,7";"28,7";"76,0";"83,0";"75,0";"24,9";"25,8";"24,4";"1006,1";"1006,1";"1005,7";"2,9";"276,0";"6,3";"1216,60";""
"15/04/2024";"1500";"30,4";"30,7";"29,1";"69,0";"77,0";"68,0";"24,1";"25,2";"24,0";"1005,7";"1006,1";"1005,7";"2,7";"273,0";"6,3";"2203,90";""
"15/04/2024";"1600";"30,0";"31,6";"30,0";"68,0";"72,0";"65,0";"23,5";"25,4";"23,2";"1004,9";"1005,7";"1004,9";"2,7";"279,0";"7,4";"2571,50";""
"15/04/2024";"1700";"31,2";"31,6";"29,7";"69,0";"72,0";"64,0";"24,8";"25,0";"23,3";"1003,4";"1004,9";"1003,4";"2,6";"281,0";"6,5";"2130,60";""
"15/04/2024";"1800";"31,5";"32,2";"31,0";"62,0";"68,0";"60,0";"23,4";"24,7";"22,8";"1002,1";"1003,4";"1002,1";"2,6";"289,0";"6,1";"2610,50";""
"15/04/2024";"1900";"31,2";"31,6";"30,0";"65,0";"68,0";"61,0";"23,8";"24,2";"22,6";"1001,4";"1002,1";"1001,4";"2,2";"294,0";"6,5";"2012,50";""
"15/04/2024";"2000";"31,3";"31,9";"31,1";"60,0";"66,0";"58,0";"22,8";"24,5";"22,0";"1001,0";"1001,4";"1001,0";"2,3";"277,0";"5,7";"1703,60";""
"15/04/2024";"2100";"30,1";"31,5";"30,1";"67,0";"67,0";"60,0";"23,3";"23,5";"22,4";"1001,1";"1001,1";"1000,7";"1,6";"283,0";"5,7";"778,90";""
"15/04/2024";"2200";"29,0";"30,1";"29,0";"75,0";"75,0";"67,0";"24,0";"24,2";"23,3";"1001,8";"1001,8";"1001,1";"0,7";"272,0";"3,2";"103,50";""
"15/04/2024";"2300";"27,8";"29,0";"27,8";"83,0";"83,0";"74,0";"24,6";"24,7";"23,8";"1002,5";"1002,6";"1001,8";"0,9";"264,0";"2,8";"";""
"16/04/2024";"0000";"27,2";"27,8";"27,1";"89,0";"89,0";"83,0";"25,2";"25,3";"24,6";"1003,7";"1003,7";"1002,5";"0,2";"267,0";"2,8";"";""
"16/04/2024";"0100";"27,1";"27,2";"27,0";"88,0";"89,0";"88,0";"24,9";"25,3";"24,9";"1004,9";"1004,9";"1003,7";"0,5";"273,0";"2,1";"";""
"16/04/2024";"0200";"26,7";"27,1";"26,7";"89,0";"89,0";"88,0";"24,7";"24,9";"24,7";"1005,3";"1005,3";"1004,9";"0,0";"244,0";"2,0";"";""
"16/04/2024";"0300";"26,4";"26,8";"26,4";"90,0";"90,0";"89,0";"24,6";"24,8";"24,6";"1005,0";"1005,4";"1005,0";"0,0";"267,0";"0,6";"";""
"16/04/2024";"0400";"26,5";"26,6";"26,4";"91,0";"91,0";"89,0";"24,9";"24,9";"24,6";"1005,0";"1005,0";"1004,8";"0,0";"304,0";"0,0";"";""
"16/04/2024";"0500";"26,2";"26,5";"26,2";"91,0";"91,0";"91,0";"24,6";"25,0";"24,6";"1004,6";"1005,1";"1004,6";"1,2";"291,0";"1,9";"";""
"16/04/2024";"0600";"26,0";"26,2";"26,0";"92,0";"92,0";"91,0";"24,7";"24,8";"24,6";"1004,1";"1004,6";"1004,1";"1,2";"304,0";"2,5";"";""
"16/04/2024";"0700";"25,9";"26,1";"25,8";"92,0";"92,0";"92,0";"24,5";"24,8";"24,4";"1004,0";"1004,1";"1004,0";"0,8";"312,0";"2,5";"";""
"16/04/2024";"0800";"25,7";"26,0";"25,7";"92,0";"92,0";"92,0";"24,4";"24,6";"24,4";"1003,8";"1004,1";"1003,8";"0,2";"297,0";"2,1";"";""
"16/04/2024";"0900";"25,5";"25,8";"25,4";"93,0";"93,0";"92,0";"24,2";"24,4";"24,2";"1004,0";"1004,0";"1003,8";"1,1";"294,0";"1,9";"";""
"16/04/2024";"1000";"25,6";"25,6";"25,4";"92,0";"93,0";"92,0";"24,3";"24,3";"24,1";"1004,8";"1004,8";"1004,0";"0,9";"281,0";"1,8";"3,90";""
"16/04/2024";"1100";"26,9";"26,9";"25,6";"91,0";"92,0";"91,0";"25,3";"25,3";"24,3";"1005,9";"1005,9";"1004,8";"0,6";"289,0";"1,9";"270,30";""
"16/04/2024";"1200";"28,5";"28,6";"26,9";"83,0";"91,0";"83,0";"25,3";"26,1";"25,1";"1006,9";"1006,9";"1005,9";"0,8";"257,0";"2,4";"774,00";""
"16/04/2024";"1300";"30,0";"30,1";"28,5";"74,0";"83,0";"74,0";"24,9";"25,5";"24,5";"1007,3";"1007,4";"1006,9";"1,8";"279,0";"4,4";"1374,70";""
"16/04/2024";"1400";"30,6";"30,7";"29,6";"68,0";"75,0";"67,0";"24,1";"25,3";"23,4";"1007,5";"1007,7";"1007,3";"2,0";"281,0";"5,8";"2194,80";""
"16/04/2024";"1500";"30,7";"31,2";"30,2";"68,0";"70,0";"65,0";"24,0";"24,8";"23,5";"1007,2";"1007,5";"1007,2";"2,8";"266,0";"6,7";"2086,20";""
"16/04/2024";"1600";"32,0";"32,2";"30,7";"64,0";"68,0";"63,0";"24,4";"25,0";"23,6";"1005,9";"1007,2";"1005,9";"2,0";"271,0";"6,4";"2399,30";""
"16/04/2024";"1700";"32,4";"32,9";"31,5";"60,0";"66,0";"60,0";"23,7";"25,1";"23,5";"1004,3";"1005,9";"1004,3";"1,5";"255,0";"5,7";"3068,30";""
"16/04/2024";"1800";"32,9";"33,4";"32,3";"59,0";"64,0";"58,0";"23,8";"25,2";"23,3";"1003,0";"1004,3";"1003,0";"1,3";"265,0";"4,4";"2644,80";""
"16/04/2024";"1900";"32,6";"33,2";"31,4";"60,0";"66,0";"57,0";"23,9";"25,0";"23,2";"1002,4";"1003,0";"1002,4";"1,5";"261,0";"4,4";"1728,90";""
"16/04/2024";"2000";"32,7";"32,8";"31,6";"62,0";"65,0";"60,0";"24,4";"24,9";"23,4";"1001,9";"1002,4";"1001,9";"1,6";"276,0";"4,8";"1453,40";""
"16/04/2024";"2100";"30,6";"33,3";"30,4";"69,0";"71,0";"57,0";"24,3";"24,8";"23,4";"1002,1";"1002,1";"1001,8";"1,9";"289,0";"4,3";"964,90";""
"16/04/2024";"2200";"29,1";"30,6";"29,1";"74,0";"74,0";"68,0";"23,9";"24,5";"23,7";"1002,8";"1002,8";"1002,0";"1,3";"282,0";"3,2";"111,80";""
"16/04/2024";"2300";"28,3";"29,1";"28,3";"78,0";"79,0";"74,0";"24,2";"24,4";"23,8";"1003,1";"1003,1";"1002,5";"1,3";"284,0";"2,9";"";""
"17/04/2024";"0000";"27,9";"28,4";"27,9";"82,0";"82,0";"78,0";"24,6";"24,6";"24,2";"1003,9";"1003,9";"1003,1";"0,9";"296,0";"2,2";"";""
"17/04/2024";"0100";"27,7";"27,9";"27,7";"83,0";"84,0";"82,0";"24,6";"24,8";"24,4";"1004,8";"1004,8";"1003,8";"1,0";"279,0";"2,2";"";""
"17/04/2024";"0200";"27,3";"27,8";"27,2";"88,0";"88,0";"83,0";"25,1";"25,2";"24,5";"1005,6";"1005,6";"1004,8";"0,2";"317,0";"1,7";"";""
"17/04/2024";"0300";"27,1";"27,5";"27,1";"88,0";"88,0";"85,0";"24,9";"25,1";"24,7";"1005,7";"1005,7";"1005,6";"0,0";"225,0";"1,6";"";""
"17/04/2024";"0400";"27,2";"27,3";"27,0";"86,0";"88,0";"86,0";"24,6";"25,0";"24,6";"1005,8";"1005,8";"1005,7";"0,3";"275,0";"2,1";"";""
"17/04/2024";"0500";"27,1";"27,2";"27,0";"88,0";"88,0";"86,0";"24,9";"25,0";"24,5";"1005,4";"1006,0";"1005,4";"0,3";"284,0";"1,4";"";""
"17/04/2024";"0600";"27,5";"27,5";"27,1";"88,0";"89,0";"88,0";"25,3";"25,4";"24,9";"1005,0";"1005,4";"1005,0";"0,0";"240,0";"0,9";"";""
"17/04/2024";"0700";"27,2";"27,6";"27,1";"89,0";"90,0";"87,0";"25,3";"25,6";"24,9";"1005,1";"1005,2";"1005,0";"1,1";"265,0";"2,1";"";""
"17/04/2024";"0800";"26,7";"27,2";"26,7";"90,0";"90,0";"89,0";"24,8";"25,3";"24,8";"1005,2";"1005,4";"1005,1";"0,3";"278,0";"2,6";"";""
"17/04/2024";"0900";"26,6";"26,7";"26,5";"91,0";"91,0";"90,0";"25,0";"25,1";"24,8";"1005,3";"1005,3";"1004,9";"1,6";"319,0";"3,7";"";""
"17/04/2024";"1000";"24,9";"26,6";"24,8";"94,0";"94,0";"90,0";"23,8";"25,0";"23,7";"1006,2";"1006,2";"1005,3";"1,2";"280,0";"7,7";"0,70";""
"17/04/2024";"1100";"24,5";"24,9";"24,3";"94,0";"94,0";"93,0";"23,6";"23,7";"23,2";"1007,0";"1007,0";"1006,2";"2,1";"276,0";"4,4";"56,50";""
"17/04/2024";"1200";"25,1";"25,2";"24,5";"94,0";"94,0";"94,0";"24,0";"24,2";"23,5";"1007,3";"1007,3";"1006,9";"1,1";"248,0";"4,3";"279,50";""
"17/04/2024";"1300";"25,9";"26,0";"25,0";"91,0";"94,0";"91,0";"24,3";"24,6";"23,9";"1008,2";"1008,2";"1007,3";"0,3";"278,0";"3,2";"752,80";""
"17/04/2024";"1400";"27,8";"27,8";"25,9";"81,0";"91,0";"81,0";"24,4";"24,8";"23,5";"1008,2";"1008,2";"1007,8";"1,7";"234,0";"3,3";"1967,80";""
"17/04/2024";"1500";"29,1";"29,2";"27,6";"73,0";"81,0";"73,0";"23,7";"24,2";"23,0";"1008,0";"1008,3";"1007,9";"1,1";"230,0";"3,3";"2245,20";""
"17/04/2024";"1600";"29,9";"30,0";"28,7";"69,0";"74,0";"69,0";"23,7";"24,6";"23,2";"1007,2";"1008,0";"1007,1";"1,2";"231,0";"2,9";"2302,10";""
"17/04/2024";"1700";"29,7";"30,1";"29,3";"71,0";"72,0";"67,0";"23,9";"24,1";"23,1";"1005,5";"1007,2";"1005,5";"1,5";"240,0";"3,0";"2844,30";""
"17/04/2024";"1800";"30,2";"30,4";"29,6";"69,0";"71,0";"67,0";"23,8";"24,3";"23,2";"1004,3";"1005,5";"1004,3";"1,0";"249,0";"2,6";"2306,20";""
"17/04/2024";"1900";"30,5";"31,3";"29,9";"66,0";"70,0";"63,0";"23,4";"24,4";"23,0";"1002,7";"1004,3";"1002,7";"0,7";"198,0";"2,5";"1481,70";""
"17/04/2024";"2000";"30,7";"31,0";"30,2";"69,0";"72,0";"63,0";"24,4";"24,9";"23,2";"1002,0";"1002,7";"1002,0";"0,5";"271,0";"2,0";"859,50";""
"17/04/2024";"2100";"29,9";"30,7";"29,9";"75,0";"75,0";"67,0";"24,9";"25,3";"23,8";"1002,2";"1002,2";"1001,7";"0,9";"279,0";"1,4";"437,90";""
"17/04/2024";"2200";"28,8";"29,9";"28,8";"82,0";"82,0";"75,0";"25,3";"25,6";"25,0";"1002,7";"1002,7";"1002,2";"2,0";"299,0";"3,7";"42,20";""
"17/04/2024";"2300";"26,9";"28,8";"26,9";"87,0";"88,0";"82,0";"24,5";"25,5";"24,5";"1003,6";"1003,6";"1002,7";"1,8";"296,0";"5,2";"";""
"18/04/2024";"0000";"26,3";"26,9";"26,3";"87,0";"88,0";"86,0";"24,0";"24,5";"24,0";"1003,9";"1004,0";"1003,6";"2,2";"292,0";"3,3";"";""
"18/04/2024";"0100";"26,3";"26,4";"26,1";"86,0";"88,0";"85,0";"23,7";"24,1";"23,7";"1004,0";"1004,0";"1003,9";"1,6";"297,0";"3,3";"";""
"18/04/2024";"0200";"26,1";"26,4";"26,1";"87,0";"87,0";"85,0";"23,8";"23,9";"23,6";"1004,4";"1004,5";"1004,0";"0,7";"306,0";"2,8";"";""
"18/04/2024";"0300";"26,0";"26,3";"26,0";"87,0";"88,0";"85,0";"23,7";"23,8";"23,6";"1004,6";"1004,7";"1004,4";"0,7";"302,0";"1,5";"";""
"18/04/2024";"0400";"25,8";"26,1";"25,8";"88,0";"88,0";"86,0";"23,7";"23,7";"23,5";"1005,0";"1005,0";"1004,5";"0,8";"301,0";"1,7";"";""
"18/04/2024";"0500";"25,8";"26,0";"25,7";"90,0";"90,0";"88,0";"24,0";"24,0";"23,7";"1004,5";"1005,0";"1004,5";"0,0";"339,0";"1,4";"";""
"18/04/2024";"0600";"25,8";"25,9";"25,7";"91,0";"91,0";"90,0";"24,2";"24,4";"24,0";"1004,6";"1004,7";"1004,4";"0,4";"305,0";"1,8";"";""
"18/04/2024";"0700";"25,8";"25,9";"25,6";"92,0";"92,0";"91,0";"24,5";"24,5";"24,2";"1004,4";"1004,7";"1004,4";"0,5";"305,0";"1,6";"";""
"18/04/2024";"0800";"26,1";"26,1";"25,8";"92,0";"92,0";"92,0";"24,6";"24,6";"24,3";"1004,1";"1004,4";"1004,1";"0,3";"309,0";"2,4";"";""
"18/04/2024";"0900";"25,9";"26,2";"25,8";"92,0";"92,0";"91,0";"24,5";"24,7";"24,4";"1004,3";"1004,3";"1004,1";"1,4";"296,0";"2,4";"";""
"18/04/2024";"1000";"25,8";"26,0";"25,8";"93,0";"93,0";"92,0";"24,7";"24,8";"24,5";"1004,6";"1004,8";"1004,3";"0,0";"271,0";"2,4";"0,20";""
"18/04/2024";"1100";"26,0";"26,2";"25,8";"93,0";"94,0";"93,0";"24,8";"25,0";"24,7";"1005,4";"1005,4";"1004,6";"0,2";"291,0";"1,4";"78,70";""
"18/04/2024";"1200";"26,5";"26,7";"26,0";"92,0";"93,0";"92,0";"25,2";"25,5";"24,8";"1006,5";"1006,5";"1005,4";"0,0";"200,0";"1,4";"237,40";""
"18/04/2024";"1300";"27,0";"27,6";"26,5";"89,0";"92,0";"88,0";"25,0";"25,8";"24,9";"1006,6";"1006,9";"1006,5";"1,9";"236,0";"3,2";"654,50";""
"18/04/2024";"1400";"27,5";"28,0";"27,0";"86,0";"89,0";"85,0";"25,1";"25,5";"24,9";"1006,9";"1006,9";"1006,5";"1,1";"206,0";"3,0";"1178,20";""
"18/04/2024";"1500";"27,8";"28,0";"27,5";"85,0";"88,0";"84,0";"24,9";"25,6";"24,9";"1006,8";"1007,0";"1006,7";"1,6";"234,0";"3,0";"891,60";""
"18/04/2024";"1600";"28,5";"28,5";"27,7";"81,0";"85,0";"81,0";"25,0";"25,5";"24,6";"1006,2";"1006,8";"1006,2";"1,8";"231,0";"3,2";"817,30";""
"18/04/2024";"1700";"26,1";"28,5";"26,1";"86,0";"88,0";"81,0";"23,5";"25,3";"23,5";"1005,5";"1006,2";"1005,5";"5,7";"226,0";"11,2";"306,40";""
"18/04/2024";"1800";"25,6";"26,1";"25,3";"89,0";"90,0";"85,0";"23,7";"23,9";"23,2";"1005,3";"1005,6";"1005,3";"3,9";"237,0";"11,4";"224,10";""
"18/04/2024";"1900";"26,2";"26,2";"25,5";"87,0";"89,0";"87,0";"23,9";"23,9";"23,2";"1004,4";"1005,3";"1004,4";"2,7";"236,0";"7,1";"697,00";""
"18/04/2024";"2000";"26,2";"26,3";"26,0";"87,0";"87,0";"86,0";"23,9";"24,0";"23,5";"1003,8";"1004,4";"1003,7";"2,4";"235,0";"4,9";"495,70";""
"18/04/2024";"2100";"26,4";"26,6";"26,2";"84,0";"87,0";"84,0";"23,5";"24,2";"23,4";"1003,6";"1003,9";"1003,6";"0,5";"235,0";"3,8";"325,70";""
"18/04/2024";"2200";"25,6";"26,4";"25,6";"87,0";"87,0";"83,0";"23,2";"23,5";"23,0";"1003,3";"1003,6";"1003,1";"1,4";"294,0";"2,4";"53,70";""
"18/04/2024";"2300";"25,3";"25,6";"25,3";"90,0";"90,0";"87,0";"23,4";"23,6";"23,2";"1004,0";"1004,0";"1003,3";"0,7";"274,0";"2,2";"";""
"19/04/2024";"0000";"25,2";"25,4";"25,2";"90,0";"90,0";"88,0";"23,4";"23,5";"23,2";"1005,5";"1005,5";"1004,0";"0,8";"304,0";"1,9";"";""
"19/04/2024";"0100";"25,2";"25,3";"25,1";"89,0";"90,0";"89,0";"23,3";"23,4";"23,3";"1006,2";"1006,2";"1005,5";"0,2";"279,0";"2,1";"";""
"19/04/2024";"0200";"25,4";"25,5";"25,2";"88,0";"89,0";"87,0";"23,2";"23,5";"23,2";"1006,5";"1006,6";"1006,2";"0,1";"272,0";"3,5";"";""
"19/04/2024";"0300";"24,8";"25,4";"24,8";"91,0";"91,0";"88,0";"23,3";"23,3";"23,1";"1006,6";"1006,8";"1006,5";"0,1";"279,0";"1,9";"";""
"19/04/2024";"0400";"24,7";"24,8";"24,6";"92,0";"92,0";"91,0";"23,3";"23,3";"23,2";"1006,2";"1006,7";"1006,2";"0,5";"278,0";"2,5";"";""
"19/04/2024";"0500";"24,8";"24,9";"24,7";"91,0";"92,0";"91,0";"23,3";"23,3";"23,2";"1005,8";"1006,2";"1005,8";"0,0";"313,0";"1,9";"";""
"19/04/2024";"0600";"24,8";"25,2";"24,7";"91,0";"92,0";"91,0";"23,3";"23,8";"23,2";"1005,5";"1005,8";"1005,4";"0,5";"303,0";"1,3";"";""
"19/04/2024";"0700";"24,5";"24,8";"24,5";"93,0";"93,0";"91,0";"23,3";"23,4";"23,2";"1005,8";"1005,8";"1005,5";"0,8";"306,0";"1,7";"";""
"19/04/2024";"0800";"24,7";"24,8";"24,5";"93,0";"93,0";"93,0";"23,5";"23,6";"23,3";"1005,8";"1005,9";"1005,7";"0,0";"272,0";"1,5";"";""
"19/04/2024";"0900";"24,5";"24,8";"24,5";"93,0";"93,0";"93,0";"23,4";"23,6";"23,4";"1005,8";"1005,9";"1005,7";"0,0";"332,0";"1,3";"";""
"19/04/2024";"1000";"24,5";"24,8";"24,4";"93,0";"94,0";"93,0";"23,3";"23,7";"23,3";"1006,6";"1006,6";"1005,8";"0,5";"316,0";"1,5";"1,50";""
"19/04/2024";"1100";"25,1";"25,1";"24,4";"93,0";"94,0";"93,0";"23,9";"23,9";"23,3";"1007,5";"1007,5";"1006,7";"0,0";"319,0";"1,5";"136,70";""
"19/04/2024";"1200";"25,6";"25,6";"25,1";"92,0";"93,0";"92,0";"24,1";"24,3";"23,8";"1008,2";"1008,3";"1007,5";"0,9";"294,0";"2,4";"269,10";""
"19/04/2024";"1300";"27,1";"27,3";"25,6";"85,0";"92,0";"84,0";"24,4";"24,8";"24,1";"1008,6";"1008,7";"1008,2";"0,3";"219,0";"1,9";"902,10";""
"19/04/2024";"1400";"27,9";"28,1";"27,1";"85,0";"86,0";"80,0";"25,2";"25,2";"24,1";"1008,7";"1008,7";"1008,6";"0,8";"284,0";"2,9";"1047,80";""
"19/04/2024";"1500";"28,8";"29,1";"27,8";"75,0";"85,0";"75,0";"24,0";"25,2";"23,4";"1007,7";"1008,7";"1007,7";"0,8";"214,0";"2,9";"1422,30";""
"19/04/2024";"1600";"29,2";"29,2";"28,5";"75,0";"77,0";"73,0";"24,2";"24,5";"23,5";"1006,9";"1007,7";"1006,9";"1,1";"220,0";"2,8";"1782,90";""
"19/04/2024";"1700";"29,7";"29,8";"29,0";"69,0";"75,0";"68,0";"23,4";"24,4";"23,0";"1005,6";"1006,9";"1005,6";"1,1";"244,0";"2,0";"1635,30";""
"19/04/2024";"1800";"29,7";"29,8";"29,2";"71,0";"73,0";"68,0";"24,0";"24,3";"22,9";"1004,3";"1005,6";"1004,3";"0,5";"216,0";"2,0";"1055,80";""
"19/04/2024";"1900";"29,0";"29,8";"29,0";"74,0";"75,0";"70,0";"24,0";"24,4";"23,8";"1003,3";"1004,3";"1003,3";"0,4";"208,0";"1,6";"712,50";""
"19/04/2024";"2000";"29,8";"29,9";"28,9";"70,0";"76,0";"70,0";"23,8";"24,5";"23,3";"1002,8";"1003,3";"1002,8";"0,1";"230,0";"1,3";"782,60";""
"19/04/2024";"2100";"29,3";"30,5";"29,3";"70,0";"71,0";"66,0";"23,1";"24,2";"22,8";"1002,9";"1002,9";"1002,5";"0,1";"211,0";"1,8";"633,20";""
"19/04/2024";"2200";"27,3";"29,3";"27,3";"81,0";"81,0";"69,0";"23,6";"23,9";"22,8";"1003,6";"1003,6";"1002,9";"0,0";"216,0";"1,2";"43,30";""
"19/04/2024";"2300";"26,8";"27,3";"26,8";"83,0";"84,0";"81,0";"23,8";"24,0";"23,6";"1004,5";"1004,5";"1003,6";"0,0";"288,0";"0,3";"";""
"20/04/2024";"0000";"26,7";"26,9";"26,4";"85,0";"86,0";"83,0";"24,0";"24,1";"23,8";"1005,7";"1005,7";"1004,5";"0,1";"219,0";"1,1";"";""
"20/04/2024";"0100";"26,5";"26,9";"26,4";"88,0";"88,0";"84,0";"24,3";"24,5";"23,8";"1006,6";"1006,6";"1005,7";"0,0";"291,0";"0,6";"";""
"20/04/2024";"0200";"26,4";"26,7";"26,2";"90,0";"90,0";"88,0";"24,5";"24,6";"24,3";"1007,5";"1007,5";"1006,6";"0,0";"315,0";"0,5";"";""
"20/04/2024";"0300";"26,4";"26,6";"26,3";"90,0";"90,0";"89,0";"24,5";"24,6";"24,4";"1007,3";"1007,5";"1007,3";"0,3";"327,0";"1,1";"";""
"20/04/2024";"0400";"26,4";"26,6";"26,4";"88,0";"89,0";"87,0";"24,3";"24,5";"24,1";"1007,0";"1007,4";"1007,0";"0,1";"323,0";"1,4";"";""
"20/04/2024";"0500";"26,7";"26,9";"26,4";"85,0";"88,0";"85,0";"24,0";"24,4";"24,0";"1006,1";"1007,0";"1006,1";"0,6";"336,0";"1,6";"";""
"20/04/2024";"0600";"26,4";"27,0";"26,4";"85,0";"86,0";"83,0";"23,7";"24,1";"23,7";"1005,3";"1006,1";"1005,3";"0,4";"337,0";"2,2";"";""
"20/04/2024";"0700";"26,0";"26,4";"26,0";"87,0";"87,0";"85,0";"23,6";"23,7";"23,5";"1004,8";"1005,3";"1004,8";"0,0";"293,0";"1,4";"";""
"20/04/2024";"0800";"25,9";"26,0";"25,7";"89,0";"89,0";"87,0";"24,0";"24,0";"23,4";"1005,0";"1005,0";"1004,8";"0,0";"312,0";"0,0";"";""
"20/04/2024";"0900";"26,2";"26,3";"25,8";"87,0";"90,0";"87,0";"24,0";"24,2";"24,0";"1005,5";"1005,5";"1005,0";"1,3";"337,0";"2,9";"";""
"20/04/2024";"1000";"25,6";"26,2";"25,6";"91,0";"91,0";"87,0";"24,1";"24,1";"23,9";"1006,3";"1006,3";"1005,5";"0,7";"301,0";"2,6";"0,40";""
"20/04/2024";"1100";"25,9";"25,9";"25,6";"92,0";"92,0";"91,0";"24,5";"24,5";"24,2";"1007,1";"1007,1";"1006,3";"0,8";"299,0";"2,1";"62,80";""
"20/04/2024";"1200";"27,3";"27,3";"25,9";"88,0";"92,0";"88,0";"25,1";"25,2";"24,4";"1007,9";"1007,9";"1007,1";"1,1";"295,0";"2,6";"429,20";""
"20/04/2024";"1300";"28,4";"28,5";"27,3";"81,0";"88,0";"79,0";"24,7";"25,2";"24,2";"1008,8";"1008,8";"1007,9";"0,8";"288,0";"2,6";"696,00";""
"20/04/2024";"1400";"29,3";"29,7";"28,4";"77,0";"82,0";"76,0";"24,8";"25,4";"24,7";"1008,9";"1009,0";"1008,8";"0,8";"305,0";"2,7";"1168,70";""
"20/04/2024";"1500";"29,5";"30,8";"29,3";"76,0";"79,0";"70,0";"25,0";"25,6";"24,2";"1008,4";"1008,9";"1008,3";"1,0";"203,0";"3,2";"1675,70";""
"20/04/2024";"1600";"29,5";"30,3";"29,3";"78,0";"78,0";"73,0";"25,2";"25,9";"24,7";"1007,6";"1008,4";"1007,6";"1,9";"229,0";"3,0";"1681,30";""
"20/04/2024";"1700";"28,8";"30,1";"28,7";"80,0";"82,0";"76,0";"25,0";"25,9";"25,0";"1006,3";"1007,6";"1006,3";"1,9";"232,0";"4,0";"1034,00";""
"20/04/2024";"1800";"29,7";"29,7";"28,4";"77,0";"83,0";"77,0";"25,3";"25,9";"24,9";"1004,7";"1006,3";"1004,7";"1,2";"224,0";"4,0";"921,10";""
"20/04/2024";"1900";"29,2";"29,7";"29,1";"79,0";"80,0";"77,0";"25,1";"25,6";"24,9";"1003,1";"1004,7";"1003,1";"1,8";"233,0";"3,4";"1179,70";""
"20/04/2024";"2000";"29,3";"29,6";"29,0";"77,0";"79,0";"76,0";"24,8";"25,3";"24,7";"1002,1";"1003,1";"1002,1";"1,1";"235,0";"3,4";"677,60";""
"20/04/2024";"2100";"29,1";"29,5";"29,1";"81,0";"81,0";"76,0";"25,5";"25,6";"24,8";"1002,1";"1002,1";"1002,0";"1,0";"236,0";"3,0";"326,30";""
"20/04/2024";"2200";"28,0";"29,2";"28,0";"86,0";"86,0";"81,0";"25,5";"25,8";"25,3";"1003,0";"1003,0";"1002,1";"0,1";"219,0";"2,8";"61,60";""
"20/04/2024";"2300";"27,6";"28,0";"27,6";"89,0";"89,0";"86,0";"25,5";"25,7";"25,4";"1004,1";"1004,1";"1003,0";"0,1";"278,0";"1,0";"";""
"21/04/2024";"0000";"27,4";"27,6";"27,3";"90,0";"90,0";"89,0";"25,5";"25,6";"25,5";"1004,9";"1004,9";"1004,0";"0,0";"318,0";"1,1";"";""
"21/04/2024";"0100";"27,2";"27,4";"27,2";"91,0";"91,0";"90,0";"25,6";"25,6";"25,4";"1006,5";"1006,5";"1004,9";"0,1";"231,0";"0,7";"";""
"21/04/2024";"0200";"27,1";"27,3";"27,1";"91,0";"91,0";"91,0";"25,5";"25,7";"25,5";"1006,9";"1006,9";"1006,5";"0,0";"322,0";"0,8";"";""
"21/04/2024";"0300";"27,2";"27,3";"27,0";"91,0";"92,0";"91,0";"25,7";"25,7";"25,5";"1007,1";"1007,2";"1006,9";"0,0";"282,0";"1,3";"";""
"21/04/2024";"0400";"27,1";"27,3";"27,0";"92,0";"92,0";"91,0";"25,7";"25,8";"25,5";"1006,1";"1007,1";"1006,1";"0,2";"308,0";"1,1";"";""
"21/04/2024";"0500";"26,4";"27,1";"26,4";"92,0";"93,0";"92,0";"25,1";"25,7";"25,1";"1005,8";"1006,1";"1005,7";"1,6";"291,0";"3,5";"";""
"21/04/2024";"0600";"25,4";"26,4";"25,4";"91,0";"93,0";"91,0";"23,9";"25,1";"23,9";"1005,5";"1006,0";"1005,4";"1,3";"294,0";"3,7";"";""
"21/04/2024";"0700";"25,0";"25,5";"25,0";"93,0";"93,0";"91,0";"23,7";"24,0";"23,7";"1005,4";"1005,5";"1005,4";"1,3";"299,0";"3,1";"";""
"21/04/2024";"0800";"25,3";"25,4";"25,0";"92,0";"93,0";"92,0";"23,9";"24,0";"23,7";"1005,5";"1005,5";"1005,3";"1,1";"338,0";"2,8";"";""
"21/04/2024";"0900";"24,9";"25,3";"24,9";"93,0";"93,0";"92,0";"23,8";"24,0";"23,7";"1006,1";"1006,1";"1005,4";"0,4";"304,0";"3,3";"";""
"21/04/2024";"1000";"24,9";"25,1";"24,8";"94,0";"94,0";"93,0";"23,9";"24,0";"23,7";"1006,7";"1006,7";"1006,1";"0,3";"305,0";"2,8";"0,20";""
"21/04/2024";"1100";"24,0";"25,0";"23,9";"94,0";"94,0";"94,0";"23,0";"24,0";"22,8";"1007,7";"1007,7";"1006,7";"0,6";"293,0";"3,7";"35,40";""
"21/04/2024";"1200";"25,2";"25,4";"24,0";"93,0";"94,0";"93,0";"24,0";"24,3";"23,1";"1008,6";"1008,6";"1007,7";"1,5";"291,0";"2,6";"381,90";""
"21/04/2024";"1300";"26,3";"26,5";"25,1";"89,0";"94,0";"89,0";"24,3";"24,9";"24,0";"1009,0";"1009,0";"1008,5";"1,1";"220,0";"2,9";"1178,10";""
"21/04/2024";"1400";"27,1";"27,1";"26,3";"85,0";"90,0";"84,0";"24,4";"24,7";"23,8";"1009,1";"1009,4";"1009,0";"1,3";"238,0";"2,7";"993,40";""
"21/04/2024";"1500";"26,8";"27,5";"26,8";"86,0";"86,0";"82,0";"24,2";"24,4";"23,8";"1009,2";"1009,2";"1009,0";"0,5";"201,0";"2,7";"675,50";""
"21/04/2024";"1600";"24,1";"26,8";"24,0";"94,0";"94,0";"85,0";"23,0";"24,5";"23,0";"1008,8";"1009,5";"1008,8";"1,6";"280,0";"7,6";"60,80";""
"21/04/2024";"1700";"24,5";"24,5";"24,0";"94,0";"94,0";"94,0";"23,5";"23,5";"23,0";"1008,1";"1008,8";"1008,1";"1,7";"280,0";"3,8";"270,00";""
"21/04/2024";"1800";"24,9";"25,2";"24,5";"93,0";"94,0";"93,0";"23,8";"24,2";"23,5";"1007,1";"1008,1";"1007,1";"3,2";"280,0";"7,3";"535,00";""
"21/04/2024";"1900";"25,0";"25,4";"24,8";"91,0";"94,0";"90,0";"23,3";"24,1";"23,3";"1006,0";"1007,1";"1006,0";"2,1";"266,0";"7,8";"909,60";""
"21/04/2024";"2000";"25,3";"25,4";"25,0";"90,0";"92,0";"89,0";"23,4";"23,9";"23,2";"1005,4";"1006,0";"1005,4";"1,3";"268,0";"4,8";"598,40";""
"21/04/2024";"2100";"25,4";"25,6";"25,2";"88,0";"90,0";"87,0";"23,3";"23,6";"23,1";"1004,6";"1005,4";"1004,6";"0,6";"278,0";"3,0";"287,20";""
"21/04/2024";"2200";"25,1";"25,4";"25,0";"89,0";"90,0";"88,0";"23,0";"23,4";"23,0";"1004,3";"1004,6";"1004,3";"1,6";"280,0";"3,9";"26,00";""
"21/04/2024";"2300";"25,1";"25,1";"25,0";"90,0";"90,0";"89,0";"23,3";"23,3";"23,0";"1004,2";"1004,3";"1004,1";"1,1";"272,0";"4,3";"";""
"22/04/2024";"0000";"25,2";"25,2";"25,0";"90,0";"91,0";"90,0";"23,4";"23,5";"23,3";"1004,5";"1004,5";"1004,1";"0,7";"333,0";"2,7";"";""
"22/04/2024";"0100";"24,5";"25,3";"24,5";"93,0";"93,0";"90,0";"23,3";"23,5";"23,3";"1006,0";"1006,0";"1004,5";"1,8";"293,0";"3,1";"";""
"22/04/2024";"0200";"24,5";"24,5";"24,5";"94,0";"94,0";"93,0";"23,4";"23,4";"23,3";"1007,1";"1007,1";"1006,0";"1,8";"292,0";"3,5";"";""
"22/04/2024";"0300";"24,4";"24,5";"24,4";"94,0";"94,0";"94,0";"23,4";"23,4";"23,4";"1007,7";"1007,7";"1007,1";"1,4";"298,0";"3,2";"";""
"22/04/2024";"0400";"24,5";"24,5";"24,4";"94,0";"94,0";"94,0";"23,5";"23,5";"23,4";"1007,4";"1007,7";"1007,4";"0,1";"280,0";"2,3";"";""
"22/04/2024";"0500";"24,8";"24,8";"24,5";"94,0";"94,0";"94,0";"23,7";"23,7";"23,5";"1006,6";"1007,4";"1006,6";"0,0";"277,0";"1,3";"";""
"22/04/2024";"0600";"24,5";"24,8";"24,5";"94,0";"94,0";"94,0";"23,4";"23,8";"23,4";"1006,0";"1006,6";"1006,0";"0,1";"280,0";"2,1";"";""
"22/04/2024";"0700";"24,5";"24,5";"24,5";"93,0";"94,0";"93,0";"23,4";"23,5";"23,4";"1005,7";"1006,0";"1005,7";"0,0";"277,0";"1,7";"";""
"22/04/2024";"0800";"24,4";"24,5";"24,4";"94,0";"94,0";"93,0";"23,4";"23,4";"23,4";"1005,3";"1005,7";"1005,3";"0,0";"291,0";"1,0";"";""
"22/04/2024";"0900";"24,5";"24,5";"24,4";"94,0";"94,0";"94,0";"23,4";"23,4";"23,4";"1005,3";"1005,3";"1005,2";"0,4";"285,0";"1,6";"";""
"22/04/2024";"1000";"24,6";"24,6";"24,5";"94,0";"94,0";"94,0";"23,5";"23,5";"23,4";"1005,8";"1005,8";"1005,3";"0,1";"281,0";"1,6";"1,60";""
"22/04/2024";"1100";"25,1";"25,1";"24,5";"94,0";"94,0";"94,0";"24,0";"24,0";"23,5";"1006,5";"1006,5";"1005,7";"0,3";"294,0";"1,1";"159,30";""
"22/04/2024";"1200";"26,5";"26,5";"25,1";"90,0";"94,0";"90,0";"24,7";"24,8";"24,0";"1007,0";"1007,0";"1006,5";"0,5";"278,0";"2,0";"522,40";""
"22/04/2024";"1300";"28,3";"28,4";"26,5";"76,0";"90,0";"75,0";"23,7";"24,9";"23,5";"1007,3";"1007,5";"1007,0";"1,8";"274,0";"4,5";"1322,90";""
"22/04/2024";"1400";"29,8";"29,8";"28,0";"67,0";"76,0";"66,0";"23,0";"24,0";"22,3";"1007,2";"1007,3";"1007,2";"0,9";"270,0";"5,8";"2206,80";""
"22/04/2024";"1500";"30,5";"30,6";"29,5";"63,0";"71,0";"62,0";"22,7";"24,3";"21,9";"1006,6";"1007,2";"1006,6";"1,4";"257,0";"5,4";"2811,90";""
"22/04/2024";"1600";"30,9";"31,2";"30,1";"65,0";"69,0";"61,0";"23,4";"24,3";"22,2";"1006,0";"1006,6";"1006,0";"1,6";"282,0";"4,6";"3040,90";""
"22/04/2024";"1700";"30,5";"31,6";"30,4";"65,0";"69,0";"64,0";"23,1";"25,1";"22,8";"1004,7";"1006,0";"1004,7";"0,7";"226,0";"3,7";"2665,40";""
"22/04/2024";"1800";"30,8";"30,8";"29,9";"69,0";"71,0";"65,0";"24,4";"24,6";"23,3";"1003,9";"1004,7";"1003,9";"1,1";"216,0";"3,1";"1818,80";""
"22/04/2024";"1900";"31,0";"31,5";"30,4";"66,0";"69,0";"64,0";"23,8";"25,0";"23,4";"1002,9";"1003,9";"1002,9";"1,3";"226,0";"2,8";"2133,30";""
"22/04/2024";"2000";"31,1";"31,3";"30,7";"65,0";"67,0";"63,0";"23,8";"24,2";"23,1";"1002,0";"1002,9";"1001,9";"1,3";"242,0";"2,7";"1764,00";""
"22/04/2024";"2100";"29,8";"31,2";"29,8";"71,0";"72,0";"65,0";"24,1";"24,3";"23,5";"1002,0";"1002,0";"1001,8";"1,0";"248,0";"2,4";"501,30";""
"22/04/2024";"2200";"28,4";"29,8";"28,4";"78,0";"78,0";"70,0";"24,1";"24,5";"23,5";"1002,4";"1002,4";"1002,0";"0,0";"266,0";"2,1";"88,50";""
"22/04/2024";"2300";"28,0";"28,4";"27,9";"82,0";"82,0";"77,0";"24,7";"24,7";"23,9";"1002,9";"1002,9";"1002,3";"0,0";"322,0";"0,0";"";""
"23/04/2024";"0000";"27,9";"28,0";"27,7";"82,0";"84,0";"82,0";"24,7";"24,8";"24,5";"1004,0";"1004,0";"1002,9";"0,5";"280,0";"2,1";"";""
"23/04/2024";"0100";"27,7";"28,0";"27,6";"84,0";"85,0";"82,0";"24,7";"24,9";"24,7";"1005,3";"1005,3";"1004,0";"0,0";"288,0";"1,4";"";""
"23/04/2024";"0200";"27,5";"27,7";"27,3";"85,0";"87,0";"84,0";"24,7";"24,9";"24,7";"1005,9";"1005,9";"1005,3";"0,2";"278,0";"2,4";"";""
"23/04/2024";"0300";"27,3";"27,6";"27,3";"88,0";"88,0";"85,0";"25,1";"25,2";"24,7";"1006,1";"1006,3";"1005,9";"0,7";"292,0";"1,4";"";""
"23/04/2024";"0400";"27,0";"27,3";"27,0";"91,0";"91,0";"88,0";"25,3";"25,3";"25,1";"1005,7";"1006,1";"1005,7";"0,6";"298,0";"1,8";"";""
"23/04/2024";"0500";"26,9";"27,0";"26,7";"90,0";"91,0";"90,0";"25,2";"25,3";"25,1";"1005,2";"1005,7";"1005,2";"0,0";"282,0";"1,7";"";""
"23/04/2024";"0600";"26,9";"26,9";"26,7";"91,0";"91,0";"90,0";"25,2";"25,3";"25,1";"1004,5";"1005,2";"1004,5";"0,0";"334,0";"0,0";"";""
"23/04/2024";"0700";"26,5";"26,9";"26,5";"91,0";"91,0";"90,0";"24,9";"25,3";"24,9";"1004,2";"1004,5";"1004,2";"0,0";"307,0";"1,2";"";""
"23/04/2024";"0800";"26,2";"26,6";"26,2";"91,0";"91,0";"89,0";"24,6";"24,9";"24,6";"1004,4";"1004,4";"1004,2";"0,4";"311,0";"2,6";"";""
"23/04/2024";"0900";"26,0";"26,2";"25,9";"92,0";"92,0";"91,0";"24,5";"24,8";"24,5";"1005,0";"1005,0";"1004,4";"1,1";"305,0";"2,4";"";""
"23/04/2024";"1000";"25,8";"26,1";"25,8";"93,0";"93,0";"92,0";"24,7";"24,8";"24,5";"1005,7";"1005,8";"1005,0";"1,7";"312,0";"3,6";"2,60";""
"23/04/2024";"1100";"25,9";"25,9";"25,7";"93,0";"94,0";"93,0";"24,7";"24,7";"24,5";"1006,3";"1006,4";"1005,7";"1,2";"301,0";"3,4";"178,40";""
"23/04/2024";"1200";"26,7";"26,7";"25,9";"90,0";"93,0";"90,0";"24,9";"25,0";"24,6";"1007,3";"1007,3";"1006,3";"2,0";"291,0";"4,3";"584,60";""
"23/04/2024";"1300";"28,8";"28,8";"26,6";"81,0";"90,0";"79,0";"25,2";"25,2";"24,4";"1008,2";"1008,2";"1007,3";"2,3";"297,0";"4,5";"1375,30";""
"23/04/2024";"1400";"29,7";"30,3";"28,8";"72,0";"81,0";"71,0";"24,1";"25,4";"24,0";"1007,9";"1008,2";"1007,9";"1,7";"296,0";"4,7";"2043,10";""
"23/04/2024";"1500";"30,0";"30,2";"29,2";"73,0";"76,0";"72,0";"24,8";"25,3";"24,2";"1007,5";"1008,0";"1007,5";"1,1";"253,0";"4,4";"1291,90";""
"23/04/2024";"1600";"30,9";"31,1";"29,7";"67,0";"77,0";"67,0";"24,2";"25,6";"24,1";"1006,8";"1007,5";"1006,7";"1,4";"238,0";"4,3";"2163,30";""
"23/04/2024";"1700";"29,4";"31,7";"29,4";"76,0";"76,0";"64,0";"24,9";"25,4";"23,9";"1006,9";"1007,0";"1006,5";"0,8";"240,0";"4,9";"1892,40";""
"23/04/2024";"1800";"25,1";"29,4";"25,0";"89,0";"89,0";"76,0";"23,1";"24,9";"23,0";"1005,1";"1006,9";"1005,1";"1,4";"284,0";"6,6";"178,60";""
"23/04/2024";"1900";"25,6";"25,6";"25,1";"88,0";"89,0";"88,0";"23,6";"23,6";"23,1";"1003,7";"1005,1";"1003,7";"0,2";"214,0";"3,0";"106,50";""
"23/04/2024";"2000";"25,9";"26,0";"25,6";"88,0";"90,0";"88,0";"23,8";"24,0";"23,5";"1003,3";"1003,7";"1003,3";"0,2";"204,0";"2,9";"234,80";""
"23/04/2024";"2100";"26,4";"26,6";"25,9";"87,0";"89,0";"87,0";"24,1";"24,5";"23,8";"1003,4";"1003,5";"1003,2";"0,1";"318,0";"1,8";"247,40";""
"23/04/2024";"2200";"25,7";"26,4";"25,7";"91,0";"91,0";"87,0";"24,1";"24,3";"24,0";"1003,4";"1003,5";"1003,2";"1,1";"290,0";"1,8";"73,00";""
"23/04/2024";"2300";"25,4";"25,7";"25,4";"91,0";"91,0";"91,0";"23,9";"24,1";"23,8";"1004,3";"1004,3";"1003,4";"0,8";"289,0";"1,8";"";""
"24/04/2024";"0000";"25,5";"25,5";"25,4";"92,0";"92,0";"91,0";"24,2";"24,2";"23,9";"1005,4";"1005,4";"1004,3";"0,1";"273,0";"1,7";"";""
"24/04/2024";"0100";"25,5";"25,6";"25,5";"92,0";"92,0";"92,0";"24,2";"24,2";"24,1";"1006,6";"1006,6";"1005,4";"0,0";"268,0";"1,5";"";""
"24/04/2024";"0200";"25,5";"25,6";"25,4";"93,0";"93,0";"92,0";"24,2";"24,3";"24,1";"1007,5";"1007,5";"1006,6";"0,0";"255,0";"0,0";"";""
"24/04/2024";"0300";"25,4";"25,5";"25,4";"93,0";"93,0";"93,0";"24,3";"24,3";"24,1";"1007,8";"1007,8";"1007,5";"0,0";"237,0";"0,0";"";""
"24/04/2024";"0400";"26,0";"26,0";"25,4";"93,0";"93,0";"93,0";"24,7";"24,8";"24,2";"1007,1";"1007,8";"1007,1";"0,0";"292,0";"1,0";"";""
"24/04/2024";"0500";"26,0";"26,1";"26,0";"91,0";"93,0";"91,0";"24,5";"24,7";"24,5";"1006,5";"1007,1";"1006,5";"0,2";"277,0";"1,3";"";""
"24/04/2024";"0600";"25,7";"26,0";"25,7";"93,0";"93,0";"91,0";"24,4";"24,5";"24,3";"1005,7";"1006,5";"1005,7";"0,0";"255,0";"0,9";"";""
"24/04/2024";"0700";"25,4";"25,7";"25,4";"93,0";"93,0";"93,0";"24,2";"24,4";"24,2";"1005,8";"1005,8";"1005,6";"0,0";"302,0";"0,8";"";""
"24/04/2024";"0800";"25,3";"25,4";"25,2";"94,0";"94,0";"93,0";"24,3";"24,3";"24,1";"1005,6";"1005,8";"1005,5";"0,0";"320,0";"0,9";"";""
"24/04/2024";"0900";"25,2";"25,5";"25,2";"94,0";"94,0";"94,0";"24,1";"24,4";"24,1";"1005,9";"1005,9";"1005,5";"0,0";"319,0";"1,8";"";""
"24/04/2024";"1000";"25,0";"25,4";"25,0";"94,0";"94,0";"94,0";"24,0";"24,3";"24,0";"1006,4";"1006,4";"1005,9";"0,0";"323,0";"0,0";"1,80";""
"24/04/2024";"1100";"25,6";"25,6";"25,0";"94,0";"94,0";"94,0";"24,5";"24,5";"24,1";"1007,0";"1007,0";"1006,4";"0,0";"286,0";"0,0";"138,80";""
"24/04/2024";"1200";"26,9";"26,9";"25,6";"91,0";"94,0";"91,0";"25,2";"25,4";"24,5";"1008,1";"1008,1";"1007,0";"0,1";"255,0";"2,4";"308,20";""
"24/04/2024";"1300";"28,3";"28,5";"26,9";"83,0";"91,0";"82,0";"25,1";"26,0";"24,8";"1008,6";"1008,6";"1008,1";"1,1";"207,0";"2,5";"1178,80";""
"24/04/2024";"1400";"29,0";"29,3";"28,2";"77,0";"83,0";"77,0";"24,5";"25,9";"24,2";"1008,6";"1008,7";"1008,6";"1,1";"216,0";"3,1";"1421,30";""
"24/04/2024";"1500";"29,1";"29,4";"28,6";"75,0";"79,0";"74,0";"24,1";"25,0";"23,7";"1008,3";"1008,6";"1008,3";"1,5";"226,0";"3,6";"1638,20";""
"24/04/2024";"1600";"27,9";"29,7";"27,8";"80,0";"81,0";"74,0";"24,1";"25,3";"23,6";"1006,9";"1008,3";"1006,9";"2,1";"311,0";"4,3";"2034,90";""
"24/04/2024";"1700";"27,9";"28,6";"27,9";"81,0";"81,0";"79,0";"24,3";"24,9";"24,1";"1005,4";"1006,9";"1005,4";"1,5";"322,0";"4,3";"1069,40";""
"24/04/2024";"1800";"28,1";"28,5";"27,7";"85,0";"86,0";"80,0";"25,4";"25,6";"24,2";"1005,1";"1005,4";"1005,1";"1,9";"329,0";"4,7";"846,60";""
"24/04/2024";"1900";"28,5";"28,8";"28,0";"80,0";"86,0";"78,0";"24,7";"25,6";"24,5";"1004,3";"1005,1";"1004,2";"2,3";"298,0";"5,2";"1228,50";""
"24/04/2024";"2000";"26,7";"28,5";"26,4";"86,0";"88,0";"78,0";"24,2";"24,6";"23,6";"1002,9";"1004,3";"1002,9";"1,0";"326,0";"5,2";"351,30";""
"24/04/2024";"2100";"27,0";"27,0";"26,6";"85,0";"89,0";"85,0";"24,3";"25,0";"24,3";"1003,6";"1003,6";"1002,8";"1,2";"332,0";"2,2";"147,60";""
"24/04/2024";"2200";"26,9";"27,1";"26,8";"86,0";"87,0";"83,0";"24,4";"24,5";"24,0";"1004,7";"1004,8";"1003,6";"0,3";"261,0";"2,8";"26,10";""
"24/04/2024";"2300";"26,9";"27,0";"26,9";"88,0";"88,0";"86,0";"24,8";"24,8";"24,2";"1005,5";"1005,5";"1004,7";"0,1";"298,0";"2,7";"";""
"25/04/2024";"0000";"26,7";"27,0";"26,7";"89,0";"89,0";"87,0";"24,7";"24,9";"24,6";"1006,4";"1006,4";"1005,5";"1,4";"333,0";"3,2";"";""
"25/04/2024";"0100";"26,0";"26,7";"26,0";"92,0";"92,0";"89,0";"24,5";"24,7";"24,5";"1007,5";"1007,5";"1006,4";"0,7";"309,0";"4,0";"";""
"25/04/2024";"0200";"25,6";"26,0";"25,6";"92,0";"92,0";"91,0";"24,2";"24,5";"24,2";"1008,0";"1008,0";"1007,5";"0,4";"317,0";"3,5";"";""
"25/04/2024";"0300";"25,3";"25,6";"25,3";"92,0";"93,0";"92,0";"24,0";"24,2";"24,0";"1007,4";"1008,0";"1007,4";"0,5";"308,0";"2,8";"";""
"25/04/2024";"0400";"25,2";"25,3";"25,2";"92,0";"92,0";"92,0";"23,9";"24,0";"23,8";"1007,1";"1007,5";"1007,1";"1,9";"337,0";"3,7";"";""
"25/04/2024";"0500";"24,8";"25,2";"24,8";"93,0";"93,0";"92,0";"23,6";"23,9";"23,6";"1006,7";"1007,1";"1006,6";"0,9";"295,0";"4,1";"";""
"25/04/2024";"0600";"24,8";"24,9";"24,8";"93,0";"93,0";"93,0";"23,6";"23,7";"23,5";"1006,4";"1006,9";"1006,4";"1,0";"340,0";"3,5";"";""
"25/04/2024";"0700";"24,5";"24,9";"24,5";"93,0";"94,0";"93,0";"23,4";"23,7";"23,4";"1006,0";"1006,6";"1006,0";"0,4";"332,0";"2,7";"";""
"25/04/2024";"0800";"24,8";"24,8";"24,5";"94,0";"94,0";"93,0";"23,7";"23,7";"23,4";"1005,4";"1006,1";"1005,4";"1,2";"271,0";"2,8";"";""
"25/04/2024";"0900";"25,0";"25,1";"24,8";"93,0";"94,0";"93,0";"23,9";"23,9";"23,7";"1005,8";"1005,8";"1005,3";"1,8";"278,0";"3,6";"";""
"25/04/2024";"1000";"25,7";"25,7";"25,0";"92,0";"94,0";"92,0";"24,3";"24,4";"23,9";"1006,7";"1006,7";"1005,8";"3,5";"236,0";"6,6";"0,30";""
"25/04/2024";"1100";"25,6";"25,8";"25,6";"91,0";"92,0";"90,0";"23,9";"24,2";"23,9";"1007,8";"1007,8";"1006,7";"3,9";"234,0";"6,9";"67,20";""
"25/04/2024";"1200";"25,1";"25,6";"25,1";"91,0";"91,0";"90,0";"23,5";"24,0";"23,5";"1008,8";"1008,9";"1007,8";"2,0";"230,0";"7,4";"132,10";""
"25/04/2024";"1300";"25,6";"25,7";"25,1";"88,0";"91,0";"87,0";"23,4";"23,8";"23,2";"1009,7";"1009,7";"1008,8";"0,3";"248,0";"5,5";"403,60";""
"25/04/2024";"1400";"26,2";"26,2";"25,5";"86,0";"88,0";"85,0";"23,7";"23,8";"23,3";"1009,8";"1010,0";"1009,7";"0,4";"215,0";"2,3";"641,60";""
"25/04/2024";"1500";"26,3";"26,9";"26,0";"84,0";"88,0";"83,0";"23,4";"24,4";"23,2";"1009,6";"1009,8";"1009,5";"0,6";"208,0";"2,4";"788,40";""
"25/04/2024";"1600";"26,5";"26,7";"26,2";"87,0";"87,0";"84,0";"24,1";"24,3";"23,3";"1008,8";"1009,6";"1008,8";"0,6";"270,0";"2,3";"558,10";""
"25/04/2024";"1700";"26,7";"26,7";"26,2";"88,0";"88,0";"86,0";"24,5";"24,5";"23,7";"1007,5";"1008,8";"1007,5";"1,5";"301,0";"3,3";"801,70";""
"25/04/2024";"1800";"26,8";"26,9";"26,4";"81,0";"88,0";"81,0";"23,3";"24,5";"23,0";"1006,3";"1007,5";"1006,3";"0,1";"222,0";"2,9";"706,10";""
"25/04/2024";"1900";"26,6";"27,1";"26,4";"83,0";"84,0";"80,0";"23,4";"23,6";"23,1";"1004,9";"1006,3";"1004,9";"0,1";"223,0";"1,3";"438,00";""
"25/04/2024";"2000";"26,4";"26,7";"26,3";"82,0";"84,0";"81,0";"23,0";"23,6";"22,9";"1003,9";"1004,9";"1003,9";"0,7";"339,0";"1,8";"240,20";""
"25/04/2024";"2100";"26,4";"26,7";"26,4";"87,0";"87,0";"82,0";"24,0";"24,0";"23,2";"1003,8";"1003,9";"1003,8";"1,0";"278,0";"1,8";"238,10";""
"25/04/2024";"2200";"25,3";"26,4";"25,2";"92,0";"92,0";"86,0";"23,9";"24,1";"23,1";"1003,9";"1004,0";"1003,8";"1,3";"288,0";"3,1";"48,80";""
"25/04/2024";"2300";"25,1";"25,3";"25,0";"92,0";"93,0";"92,0";"23,8";"24,0";"23,7";"1004,8";"1004,8";"1003,9";"0,4";"316,0";"2,8";"";""
"26/04/2024";"0000";"24,8";"25,1";"24,8";"93,0";"93,0";"92,0";"23,6";"23,8";"23,5";"1006,2";"1006,2";"1004,8";"1,0";"290,0";"2,8";"";""
"26/04/2024";"0100";"24,7";"24,9";"24,7";"93,0";"93,0";"93,0";"23,5";"23,6";"23,5";"1006,8";"1006,8";"1006,2";"0,8";"296,0";"2,3";"";""
"26/04/2024";"0200";"24,5";"24,7";"24,5";"93,0";"93,0";"93,0";"23,4";"23,5";"23,4";"1007,0";"1007,1";"1006,8";"1,1";"301,0";"1,7";"";""
"26/04/2024";"0300";"24,5";"24,6";"24,5";"93,0";"94,0";"93,0";"23,3";"23,5";"23,3";"1006,8";"1007,0";"1006,8";"1,1";"297,0";"2,4";"";""
"26/04/2024";"0400";"24,3";"24,5";"24,3";"94,0";"94,0";"93,0";"23,2";"23,3";"23,2";"1006,3";"1006,8";"1006,3";"1,0";"298,0";"1,7";"";""
"26/04/2024";"0500";"24,4";"24,4";"24,3";"94,0";"94,0";"94,0";"23,3";"23,3";"23,2";"1005,5";"1006,3";"1005,5";"1,1";"298,0";"1,7";"";""
"26/04/2024";"0600";"24,3";"24,4";"24,3";"94,0";"94,0";"94,0";"23,3";"23,3";"23,2";"1004,7";"1005,5";"1004,7";"0,9";"296,0";"1,8";"";""
"26/04/2024";"0700";"24,3";"24,4";"24,3";"94,0";"94,0";"94,0";"23,2";"23,3";"23,2";"1004,3";"1004,7";"1004,3";"0,3";"285,0";"1,6";"";""
"26/04/2024";"0800";"24,2";"24,3";"24,2";"94,0";"94,0";"94,0";"23,2";"23,2";"23,1";"1004,2";"1004,4";"1004,2";"0,6";"299,0";"1,4";"";""
"26/04/2024";"0900";"24,2";"24,2";"24,1";"94,0";"94,0";"94,0";"23,2";"23,2";"23,0";"1004,3";"1004,3";"1004,1";"0,5";"327,0";"2,2";"";""
"26/04/2024";"1000";"24,0";"24,2";"23,9";"94,0";"94,0";"94,0";"22,9";"23,2";"22,9";"1004,9";"1004,9";"1004,3";"1,1";"308,0";"3,5";"2,60";""
"26/04/2024";"1100";"24,5";"24,6";"24,0";"93,0";"94,0";"93,0";"23,4";"23,4";"22,9";"1005,9";"1005,9";"1004,9";"0,8";"308,0";"2,7";"161,60";""
"26/04/2024";"1200";"26,8";"27,2";"24,5";"83,0";"93,0";"83,0";"23,7";"24,9";"23,3";"1006,8";"1006,8";"1005,9";"1,7";"286,0";"2,9";"956,90";""
"26/04/2024";"1300";"28,6";"28,8";"26,8";"73,0";"84,0";"72,0";"23,3";"24,1";"23,1";"1007,4";"1007,4";"1006,8";"1,1";"265,0";"3,1";"1669,60";""
"26/04/2024";"1400";"29,7";"29,9";"28,5";"71,0";"75,0";"68,0";"23,9";"24,1";"22,8";"1007,5";"1007,6";"1007,4";"0,8";"255,0";"3,2";"2015,10";""
"26/04/2024";"1500";"28,7";"29,7";"28,1";"79,0";"81,0";"70,0";"24,8";"24,8";"22,9";"1007,2";"1007,6";"1007,2";"1,6";"224,0";"3,5";"1367,40";""
"26/04/2024";"1600";"29,8";"29,9";"28,7";"73,0";"79,0";"72,0";"24,4";"25,1";"23,6";"1006,3";"1007,2";"1006,3";"1,2";"237,0";"3,3";"2441,90";""
"26/04/2024";"1700";"30,2";"30,8";"29,3";"66,0";"75,0";"65,0";"23,3";"25,2";"22,8";"1005,2";"1006,3";"1005,2";"1,6";"206,0";"3,8";"2877,00";""
"26/04/2024";"1800";"32,1";"32,5";"30,2";"57,0";"68,0";"56,0";"22,6";"24,0";"21,8";"1004,0";"1005,2";"1004,0";"1,2";"248,0";"3,8";"2725,50";""
"26/04/2024";"1900";"32,0";"32,3";"31,0";"58,0";"63,0";"56,0";"22,7";"24,0";"21,8";"1002,9";"1004,0";"1002,9";"1,4";"272,0";"5,1";"2010,80";""
"26/04/2024";"2000";"32,0";"32,2";"31,2";"61,0";"62,0";"58,0";"23,6";"23,6";"22,2";"1002,7";"1003,0";"1002,6";"1,4";"276,0";"4,2";"1621,60";""
"26/04/2024";"2100";"30,3";"32,1";"30,3";"65,0";"65,0";"59,0";"22,9";"23,9";"22,5";"1002,5";"1002,8";"1002,5";"1,2";"274,0";"3,6";"834,40";""
"26/04/2024";"2200";"28,7";"30,3";"28,7";"72,0";"72,0";"65,0";"23,1";"23,3";"22,8";"1003,1";"1003,1";"1002,5";"0,6";"280,0";"2,5";"80,90";""
"26/04/2024";"2300";"27,9";"28,7";"27,9";"79,0";"79,0";"72,0";"24,0";"24,0";"23,1";"1003,8";"1003,8";"1003,1";"0,9";"301,0";"2,2";"";""
"27/04/2024";"0000";"27,1";"27,9";"27,1";"82,0";"82,0";"79,0";"23,7";"24,1";"23,7";"1004,5";"1004,5";"1003,8";"1,5";"297,0";"2,7";"";""
"27/04/2024";"0100";"26,8";"27,2";"26,8";"83,0";"83,0";"81,0";"23,7";"23,8";"23,7";"1005,3";"1005,3";"1004,5";"1,1";"303,0";"2,6";"";""
"27/04/2024";"0200";"26,4";"26,8";"26,4";"85,0";"85,0";"83,0";"23,6";"23,8";"23,5";"1005,5";"1005,5";"1005,3";"0,8";"314,0";"2,7";"";""
"27/04/2024";"0300";"26,0";"26,4";"26,0";"86,0";"86,0";"84,0";"23,5";"23,6";"23,4";"1005,6";"1005,6";"1005,5";"1,2";"304,0";"2,1";"";""
"27/04/2024";"0400";"25,5";"26,0";"25,5";"90,0";"90,0";"86,0";"23,7";"23,7";"23,4";"1005,2";"1005,6";"1005,2";"1,4";"299,0";"2,3";"";""
"27/04/2024";"0500";"25,4";"25,5";"25,3";"91,0";"91,0";"90,0";"23,8";"23,8";"23,7";"1004,6";"1005,2";"1004,6";"1,2";"304,0";"2,2";"";""
"27/04/2024";"0600";"25,1";"25,4";"25,1";"91,0";"91,0";"90,0";"23,6";"23,7";"23,5";"1004,2";"1004,6";"1004,2";"1,2";"295,0";"2,1";"";""
"27/04/2024";"0700";"25,1";"25,2";"25,0";"91,0";"92,0";"91,0";"23,6";"23,7";"23,6";"1004,2";"1004,3";"1004,1";"1,0";"298,0";"1,7";"";""
"27/04/2024";"0800";"24,9";"25,2";"24,9";"91,0";"91,0";"91,0";"23,3";"23,6";"23,3";"1004,1";"1004,2";"1004,1";"0,7";"308,0";"1,6";"";""
"27/04/2024";"0900";"24,8";"24,9";"24,6";"92,0";"92,0";"91,0";"23,4";"23,4";"23,2";"1004,3";"1004,3";"1004,0";"0,3";"319,0";"1,6";"";""
"27/04/2024";"1000";"24,5";"24,8";"24,5";"92,0";"93,0";"92,0";"23,2";"23,4";"23,2";"1005,0";"1005,0";"1004,3";"0,7";"311,0";"2,3";"4,20";""
"27/04/2024";"1100";"26,1";"26,1";"24,5";"89,0";"92,0";"89,0";"24,1";"24,1";"23,2";"1005,9";"1005,9";"1005,0";"1,2";"302,0";"2,0";"226,40";""
"27/04/2024";"1200";"28,1";"28,1";"26,1";"82,0";"89,0";"80,0";"24,6";"24,9";"24,0";"1006,9";"1006,9";"1005,9";"1,7";"297,0";"3,4";"978,10";""
"27/04/2024";"1300";"29,0";"29,5";"27,8";"75,0";"82,0";"74,0";"24,1";"24,9";"23,9";"1007,3";"1007,3";"1006,9";"1,4";"271,0";"3,4";"1615,90";""
"27/04/2024";"1400";"31,4";"31,4";"28,8";"64,0";"76,0";"61,0";"23,8";"24,7";"22,9";"1007,3";"1007,3";"1007,2";"1,2";"293,0";"4,5";"2399,00";""
"27/04/2024";"1500";"30,3";"31,4";"29,9";"70,0";"73,0";"62,0";"24,1";"25,6";"23,0";"1007,0";"1007,3";"1007,0";"1,1";"221,0";"2,9";"2104,80";""
"27/04/2024";"1600";"31,9";"32,8";"29,7";"53,0";"74,0";"49,0";"21,2";"25,1";"20,4";"1006,3";"1007,0";"1006,3";"1,4";"231,0";"4,0";"2700,30";""
"27/04/2024";"1700";"32,4";"32,7";"31,4";"60,0";"64,0";"51,0";"23,5";"24,9";"20,5";"1005,3";"1006,3";"1005,3";"0,8";"233,0";"3,5";"3024,80";""
"27/04/2024";"1800";"32,2";"32,4";"31,3";"63,0";"66,0";"58,0";"24,4";"24,7";"22,1";"1003,7";"1005,3";"1003,7";"1,1";"223,0";"3,3";"2756,70";""
"27/04/2024";"1900";"32,4";"33,6";"31,6";"60,0";"63,0";"44,0";"23,6";"24,3";"19,3";"1002,5";"1003,7";"1002,5";"0,8";"234,0";"3,7";"2279,50";""
"27/04/2024";"2000";"32,8";"33,2";"31,5";"54,0";"63,0";"48,0";"22,2";"24,3";"20,7";"1002,0";"1002,5";"1002,0";"1,5";"269,0";"3,9";"1498,70";""
"27/04/2024";"2100";"31,2";"32,8";"31,2";"61,0";"61,0";"52,0";"22,7";"23,9";"21,6";"1001,8";"1002,0";"1001,7";"1,1";"268,0";"3,5";"665,70";""
"27/04/2024";"2200";"29,2";"31,2";"29,2";"71,0";"72,0";"61,0";"23,5";"23,6";"22,8";"1001,8";"1001,8";"1001,7";"1,1";"297,0";"2,4";"58,10";""
"27/04/2024";"2300";"28,6";"29,2";"28,6";"74,0";"75,0";"71,0";"23,6";"23,9";"23,5";"1003,1";"1003,1";"1001,8";"1,0";"279,0";"1,9";"";""
"28/04/2024";"0000";"27,7";"28,6";"27,6";"79,0";"80,0";"74,0";"23,8";"24,0";"23,5";"1004,0";"1004,0";"1003,1";"0,9";"307,0";"1,9";"";""
"28/04/2024";"0100";"27,3";"27,9";"27,2";"79,0";"79,0";"77,0";"23,3";"23,8";"23,2";"1004,6";"1004,6";"1004,0";"1,4";"299,0";"1,8";"";""
"28/04/2024";"0200";"27,2";"27,4";"26,9";"82,0";"83,0";"79,0";"23,9";"23,9";"23,3";"1005,6";"1005,6";"1004,6";"0,7";"281,0";"2,5";"";""
"28/04/2024";"0300";"27,5";"27,6";"26,9";"79,0";"83,0";"78,0";"23,5";"24,0";"23,5";"1005,5";"1005,7";"1005,5";"1,2";"285,0";"2,3";"";""
"28/04/2024";"0400";"26,5";"27,5";"26,5";"85,0";"85,0";"79,0";"23,8";"23,9";"23,4";"1005,4";"1005,6";"1005,4";"0,0";"234,0";"2,0";"";""
"28/04/2024";"0500";"25,9";"26,5";"25,8";"89,0";"89,0";"85,0";"23,8";"24,0";"23,6";"1005,2";"1005,4";"1005,2";"0,5";"304,0";"1,1";"";""
"28/04/2024";"0600";"26,2";"26,6";"25,9";"87,0";"89,0";"86,0";"23,9";"24,1";"23,8";"1004,5";"1005,2";"1004,5";"0,0";"254,0";"1,9";"";""
"28/04/2024";"0700";"25,7";"26,4";"25,5";"90,0";"90,0";"86,0";"23,9";"24,0";"23,5";"1003,9";"1004,5";"1003,9";"1,0";"289,0";"2,4";"";""
"28/04/2024";"0800";"25,2";"26,0";"25,2";"91,0";"91,0";"89,0";"23,6";"24,1";"23,6";"1004,0";"1004,0";"1003,7";"1,4";"302,0";"2,0";"";""
"28/04/2024";"0900";"25,0";"25,2";"24,9";"92,0";"92,0";"91,0";"23,6";"23,8";"23,6";"1004,6";"1004,6";"1004,0";"1,3";"300,0";"2,3";"";""
"28/04/2024";"1000";"24,8";"25,0";"24,8";"92,0";"92,0";"92,0";"23,4";"23,7";"23,4";"1005,2";"1005,2";"1004,6";"0,7";"296,0";"2,2";"2,10";""
"28/04/2024";"1100";"26,6";"26,7";"24,8";"89,0";"92,0";"89,0";"24,6";"24,8";"23,4";"1005,8";"1005,8";"1005,2";"0,0";"280,0";"1,4";"201,90";""
"28/04/2024";"1200";"28,1";"28,1";"26,6";"84,0";"89,0";"83,0";"25,2";"25,4";"24,3";"1006,2";"1006,2";"1005,8";"1,0";"229,0";"1,8";"926,70";""
"28/04/2024";"1300";"29,8";"29,8";"28,0";"77,0";"84,0";"76,0";"25,2";"25,4";"24,3";"1006,4";"1006,5";"1006,2";"0,6";"216,0";"2,4";"1495,90";""
"28/04/2024";"1400";"30,6";"31,4";"29,7";"72,0";"78,0";"68,0";"24,9";"26,1";"24,5";"1006,5";"1006,5";"1006,4";"1,2";"223,0";"2,8";"2196,60";""
"28/04/2024";"1500";"30,8";"31,9";"30,3";"69,0";"74,0";"65,0";"24,3";"26,4";"23,6";"1006,2";"1006,6";"1006,2";"1,0";"219,0";"2,8";"2711,40";""
"28/04/2024";"1600";"31,7";"31,9";"30,5";"63,0";"72,0";"62,0";"23,8";"25,6";"23,5";"1005,2";"1006,2";"1005,2";"1,0";"230,0";"2,7";"2139,30";""
"28/04/2024";"1700";"31,9";"32,9";"31,5";"63,0";"66,0";"59,0";"23,9";"25,5";"23,3";"1004,0";"1005,2";"1004,0";"1,1";"212,0";"3,0";"2868,20";""
"28/04/2024";"1800";"31,8";"33,7";"31,6";"63,0";"66,0";"58,0";"23,9";"25,4";"23,1";"1002,7";"1004,0";"1002,7";"0,8";"218,0";"3,4";"2576,10";""
"28/04/2024";"1900";"32,3";"33,1";"31,6";"58,0";"65,0";"56,0";"23,0";"25,1";"22,7";"1001,7";"1002,7";"1001,7";"0,5";"205,0";"2,3";"1664,30";""
"28/04/2024";"2000";"32,1";"33,6";"32,1";"58,0";"60,0";"52,0";"22,9";"24,4";"21,6";"1001,2";"1001,7";"1001,2";"0,9";"191,0";"2,0";"1565,20";""
"28/04/2024";"2100";"32,0";"32,9";"32,0";"60,0";"61,0";"55,0";"23,3";"23,8";"22,5";"1000,9";"1001,2";"1000,8";"0,8";"285,0";"1,9";"647,50";""
"28/04/2024";"2200";"29,8";"32,0";"29,8";"70,0";"70,0";"59,0";"23,6";"23,6";"22,7";"1001,0";"1001,0";"1000,8";"1,2";"296,0";"2,7";"52,20";""
"28/04/2024";"2300";"28,9";"29,8";"28,9";"73,0";"73,0";"70,0";"23,5";"23,7";"23,4";"1001,3";"1001,3";"1001,0";"1,1";"286,0";"2,1";"";""
"29/04/2024";"0000";"28,5";"28,9";"28,1";"76,0";"78,0";"73,0";"24,0";"24,1";"23,5";"1002,4";"1002,4";"1001,3";"1,3";"298,0";"2,4";"";""
"29/04/2024";"0100";"28,9";"28,9";"28,5";"76,0";"77,0";"75,0";"24,3";"24,4";"23,8";"1003,7";"1003,7";"1002,4";"1,1";"273,0";"3,3";"";""
"29/04/2024";"0200";"28,3";"28,9";"28,2";"80,0";"80,0";"76,0";"24,5";"24,5";"24,3";"1004,7";"1004,7";"1003,7";"0,7";"282,0";"2,8";"";""
"29/04/2024";"0300";"28,3";"28,3";"27,9";"79,0";"82,0";"79,0";"24,4";"24,7";"24,4";"1005,2";"1005,2";"1004,7";"0,6";"277,0";"1,8";"";""
"29/04/2024";"0400";"28,0";"28,4";"28,0";"82,0";"82,0";"78,0";"24,7";"24,7";"24,2";"1005,0";"1005,2";"1005,0";"0,0";"277,0";"2,8";"";""
"29/04/2024";"0500";"28,1";"28,1";"27,8";"82,0";"84,0";"81,0";"24,6";"24,9";"24,6";"1004,5";"1005,0";"1004,5";"0,1";"281,0";"2,0";"";""
"29/04/2024";"0600";"27,5";"28,1";"27,5";"83,0";"83,0";"81,0";"24,3";"24,6";"24,3";"1004,0";"1004,5";"1004,0";"0,2";"266,0";"2,0";"";""
"29/04/2024";"0700";"27,1";"27,5";"27,1";"86,0";"86,0";"83,0";"24,5";"24,6";"24,3";"1003,7";"1004,0";"1003,7";"0,1";"251,0";"1,6";"";""
"29/04/2024";"0800";"27,0";"27,2";"27,0";"86,0";"86,0";"85,0";"24,5";"24,6";"24,5";"1003,6";"1003,7";"1003,6";"0,0";"295,0";"1,1";"";""
"29/04/2024";"0900";"26,8";"27,0";"26,6";"87,0";"88,0";"86,0";"24,5";"24,5";"24,4";"1004,0";"1004,0";"1003,6";"0,6";"289,0";"1,7";"";""
"29/04/2024";"1000";"26,6";"26,8";"26,5";"88,0";"89,0";"87,0";"24,5";"24,5";"24,4";"1004,7";"1004,8";"1004,0";"0,3";"296,0";"1,9";"3,60";""
"29/04/2024";"1100";"27,9";"27,9";"26,5";"85,0";"89,0";"85,0";"25,0";"25,1";"24,4";"1005,3";"1005,3";"1004,7";"0,2";"283,0";"1,1";"177,30";""
"29/04/2024";"1200";"29,3";"29,5";"27,7";"78,0";"85,0";"77,0";"25,0";"25,5";"24,5";"1006,4";"1006,4";"1005,3";"1,0";"264,0";"3,6";"700,40";""
"29/04/2024";"1300";"30,9";"31,0";"29,2";"70,0";"79,0";"69,0";"24,7";"25,6";"24,4";"1006,9";"1007,0";"1006,4";"1,9";"270,0";"4,0";"1716,30";""
"29/04/2024";"1400";"31,4";"32,0";"30,4";"59,0";"72,0";"59,0";"22,5";"26,1";"22,5";"1007,3";"1007,3";"1006,9";"2,0";"269,0";"5,6";"1883,70";""
"29/04/2024";"1500";"31,8";"31,9";"31,0";"63,0";"68,0";"59,0";"23,8";"24,9";"22,6";"1006,5";"1007,3";"1006,5";"1,8";"284,0";"5,1";"2176,90";""
"29/04/2024";"1600";"30,6";"32,6";"30,6";"68,0";"70,0";"60,0";"24,1";"24,8";"23,6";"1005,2";"1006,5";"1005,2";"0,8";"257,0";"5,1";"1975,90";""
"29/04/2024";"1700";"32,5";"32,7";"30,5";"67,0";"72,0";"64,0";"25,5";"26,2";"24,2";"1004,1";"1005,2";"1004,1";"0,6";"233,0";"2,7";"2308,50";""
"29/04/2024";"1800";"32,9";"33,0";"30,7";"67,0";"73,0";"64,0";"25,9";"26,7";"23,8";"1002,8";"1004,1";"1002,8";"0,6";"243,0";"2,6";"2046,20";""
"29/04/2024";"1900";"28,4";"32,9";"28,4";"77,0";"77,0";"65,0";"24,0";"25,9";"23,9";"1002,8";"1003,2";"1002,7";"1,4";"237,0";"6,6";"1338,90";""
"29/04/2024";"2000";"27,5";"28,5";"27,4";"82,0";"82,0";"77,0";"24,0";"24,7";"23,8";"1003,3";"1003,4";"1002,6";"0,4";"215,0";"4,9";"429,90";""
"29/04/2024";"2100";"27,6";"27,8";"27,4";"82,0";"83,0";"80,0";"24,2";"24,5";"24,0";"1003,5";"1003,5";"1003,2";"1,6";"302,0";"2,8";"206,90";""
"29/04/2024";"2200";"27,0";"27,6";"27,0";"87,0";"87,0";"81,0";"24,6";"24,7";"23,9";"1004,0";"1004,1";"1003,3";"1,0";"320,0";"3,2";"18,80";""
"29/04/2024";"2300";"26,8";"27,0";"26,8";"88,0";"89,0";"87,0";"24,7";"24,9";"24,5";"1004,8";"1004,8";"1004,0";"0,2";"278,0";"2,7";"";""
"30/04/2024";"0000";"26,3";"26,9";"26,3";"90,0";"90,0";"88,0";"24,5";"25,0";"24,5";"1005,1";"1005,1";"1004,6";"1,0";"303,0";"2,0";"";""
"30/04/2024";"0100";"26,0";"26,3";"25,9";"90,0";"91,0";"89,0";"24,3";"24,5";"24,1";"1005,8";"1005,8";"1005,1";"1,2";"296,0";"2,1";"";""
"30/04/2024";"0200";"26,1";"26,1";"25,9";"89,0";"91,0";"89,0";"24,1";"24,4";"24,1";"1006,1";"1006,2";"1005,8";"1,0";"300,0";"2,2";"";""
"30/04/2024";"0300";"26,0";"26,1";"25,9";"90,0";"90,0";"89,0";"24,2";"24,3";"24,1";"1005,7";"1006,1";"1005,6";"1,0";"288,0";"1,9";"";""
"30/04/2024";"0400";"25,9";"26,0";"25,9";"91,0";"91,0";"90,0";"24,2";"24,3";"24,1";"1005,5";"1005,7";"1005,5";"0,7";"300,0";"2,1";"";""
"30/04/2024";"0500";"25,6";"26,0";"25,6";"92,0";"92,0";"90,0";"24,1";"24,3";"24,1";"1004,7";"1005,5";"1004,7";"1,5";"297,0";"2,2";"";""
"30/04/2024";"0600";"25,5";"25,7";"25,5";"93,0";"93,0";"92,0";"24,3";"24,4";"24,1";"1003,8";"1004,7";"1003,8";"1,5";"299,0";"2,4";"";""
"30/04/2024";"0700";"25,5";"25,5";"25,5";"93,0";"93,0";"93,0";"24,3";"24,3";"24,2";"1003,6";"1003,8";"1003,6";"1,4";"301,0";"2,9";"";""
"30/04/2024";"0800";"25,6";"25,6";"25,5";"93,0";"93,0";"93,0";"24,4";"24,4";"24,3";"1003,8";"1003,8";"1003,6";"0,7";"301,0";"2,2";"";""
"30/04/2024";"0900";"25,7";"25,7";"25,6";"93,0";"93,0";"93,0";"24,6";"24,6";"24,4";"1004,3";"1004,3";"1003,8";"0,0";"284,0";"1,5";"";""
"30/04/2024";"1000";"25,7";"25,8";"25,7";"93,0";"93,0";"93,0";"24,5";"24,7";"24,5";"1005,2";"1005,2";"1004,3";"0,9";"301,0";"1,6";"7,20";""
"30/04/2024";"1100";"26,5";"26,5";"25,7";"92,0";"93,0";"92,0";"25,0";"25,1";"24,5";"1006,1";"1006,1";"1005,2";"0,7";"288,0";"1,7";"227,30";""
"30/04/2024";"1200";"27,4";"27,5";"26,4";"89,0";"92,0";"89,0";"25,3";"25,6";"25,0";"1006,9";"1006,9";"1006,1";"0,6";"287,0";"2,0";"579,20";""
"30/04/2024";"1300";"29,5";"29,7";"27,3";"77,0";"89,0";"77,0";"25,1";"25,9";"25,0";"1007,5";"1007,5";"1006,9";"1,9";"293,0";"4,9";"1429,30";""
"30/04/2024";"1400";"30,7";"31,1";"29,3";"68,0";"79,0";"67,0";"24,2";"25,8";"24,0";"1007,7";"1007,7";"1007,4";"2,1";"277,0";"5,2";"2282,60";""
"30/04/2024";"1500";"31,2";"31,3";"30,1";"68,0";"72,0";"65,0";"24,5";"25,3";"23,8";"1007,4";"1007,8";"1007,4";"2,6";"295,0";"5,4";"2102,10";""
"30/04/2024";"1600";"32,0";"32,1";"30,9";"63,0";"69,0";"62,0";"23,9";"25,1";"23,6";"1006,2";"1007,4";"1006,2";"1,7";"260,0";"5,4";"2485,70";""
"30/04/2024";"1700";"32,4";"33,1";"31,5";"57,0";"65,0";"56,0";"22,8";"25,2";"22,8";"1004,5";"1006,2";"1004,5";"2,2";"254,0";"6,9";"2781,20";""
"30/04/2024";"1800";"29,9";"32,7";"29,9";"73,0";"73,0";"57,0";"24,6";"24,8";"22,7";"1003,2";"1004,5";"1003,2";"1,5";"267,0";"6,7";"1638,30";""
"30/04/2024";"1900";"29,9";"30,4";"29,5";"72,0";"73,0";"69,0";"24,2";"24,6";"23,4";"1002,7";"1003,2";"1002,6";"1,2";"279,0";"4,6";"790,40";""
"30/04/2024";"2000";"29,5";"30,0";"29,5";"73,0";"74,0";"71,0";"24,1";"24,8";"23,9";"1002,8";"1003,0";"1002,7";"1,5";"293,0";"3,3";"621,80";""
"30/04/2024";"2100";"29,2";"29,5";"29,1";"77,0";"78,0";"73,0";"24,7";"24,9";"24,0";"1003,4";"1003,4";"1002,6";"1,3";"298,0";"3,2";"378,40";""
"30/04/2024";"2200";"28,2";"29,2";"28,2";"81,0";"81,0";"77,0";"24,6";"25,0";"24,4";"1004,0";"1004,2";"1003,3";"0,7";"327,0";"2,7";"72,80";""
"30/04/2024";"2300";"27,5";"28,2";"27,5";"86,0";"86,0";"81,0";"24,8";"24,9";"24,5";"1004,6";"1004,6";"1004,0";"0,8";"321,0";"4,0";"";""
"01/05/2024";"0000";"26,9";"27,5";"26,9";"87,0";"88,0";"86,0";"24,5";"24,9";"24,5";"1005,4";"1005,5";"1004,6";"1,2";"299,0";"2,8";"";""
"01/05/2024";"0100";"26,7";"27,0";"26,6";"88,0";"88,0";"87,0";"24,6";"24,6";"24,4";"1006,1";"1006,1";"1005,4";"0,1";"284,0";"2,5";"";""
"01/05/2024";"0200";"26,4";"26,8";"26,4";"91,0";"91,0";"88,0";"24,8";"24,8";"24,5";"1006,7";"1006,7";"1006,1";"1,3";"290,0";"2,6";"";""
"01/05/2024";"0300";"26,2";"26,5";"26,2";"92,0";"92,0";"90,0";"24,7";"25,0";"24,7";"1006,7";"1006,8";"1006,6";"0,5";"291,0";"3,0";"";""
"01/05/2024";"0400";"25,8";"26,2";"25,8";"92,0";"92,0";"91,0";"24,4";"24,8";"24,4";"1006,0";"1006,8";"1006,0";"0,7";"277,0";"2,0";"";""
"01/05/2024";"0500";"25,8";"25,8";"25,6";"90,0";"92,0";"90,0";"24,1";"24,4";"24,1";"1005,1";"1006,0";"1005,1";"1,2";"280,0";"2,8";"";""
"01/05/2024";"0600";"25,7";"25,8";"25,6";"91,0";"91,0";"90,0";"24,1";"24,1";"24,0";"1004,7";"1005,1";"1004,6";"0,1";"277,0";"2,8";"";""
"01/05/2024";"0700";"25,7";"25,7";"25,6";"92,0";"92,0";"91,0";"24,3";"24,3";"24,0";"1004,6";"1004,8";"1004,6";"1,0";"286,0";"2,0";"";""
"01/05/2024";"0800";"25,9";"25,9";"25,7";"92,0";"92,0";"92,0";"24,5";"24,5";"24,3";"1005,0";"1005,0";"1004,5";"0,0";"281,0";"2,0";"";""
"01/05/2024";"0900";"25,7";"25,9";"25,7";"92,0";"92,0";"92,0";"24,3";"24,5";"24,3";"1005,5";"1005,5";"1005,0";"0,7";"292,0";"1,4";"";""
"01/05/2024";"1000";"25,9";"25,9";"25,7";"92,0";"92,0";"92,0";"24,5";"24,5";"24,3";"1006,2";"1006,2";"1005,5";"0,3";"274,0";"2,0";"1,60";""
"01/05/2024";"1100";"26,2";"26,2";"25,8";"92,0";"92,0";"92,0";"24,8";"24,8";"24,5";"1006,7";"1006,7";"1006,2";"0,0";"265,0";"1,3";"76,50";""
"01/05/2024";"1200";"25,5";"26,6";"25,2";"92,0";"93,0";"91,0";"24,1";"25,2";"23,7";"1007,4";"1007,5";"1006,7";"0,1";"219,0";"2,6";"277,30";""
"01/05/2024";"1300";"27,9";"28,4";"25,4";"86,0";"93,0";"84,0";"25,3";"26,0";"24,1";"1007,6";"1007,6";"1007,3";"0,6";"238,0";"2,2";"1459,90";""
"01/05/2024";"1400";"28,6";"28,8";"27,7";"80,0";"86,0";"80,0";"24,8";"25,9";"24,8";"1007,2";"1007,7";"1007,2";"0,6";"225,0";"2,9";"1158,80";""
"01/05/2024";"1500";"30,1";"30,4";"28,4";"78,0";"82,0";"73,0";"25,9";"25,9";"23,9";"1006,3";"1007,2";"1006,3";"1,0";"220,0";"2,6";"2098,90";""
"01/05/2024";"1600";"30,8";"30,8";"29,5";"73,0";"79,0";"73,0";"25,3";"26,1";"24,2";"1005,6";"1006,3";"1005,6";"1,3";"225,0";"3,1";"1813,80";""
"01/05/2024";"1700";"30,6";"31,4";"29,6";"75,0";"75,0";"69,0";"25,7";"26,1";"24,4";"1004,5";"1005,6";"1004,5";"0,7";"236,0";"3,1";"2068,60";""
"01/05/2024";"1800";"31,7";"32,1";"30,6";"69,0";"75,0";"66,0";"25,4";"25,8";"24,0";"1003,2";"1004,5";"1003,2";"0,1";"267,0";"2,9";"2384,20";""
"01/05/2024";"1900";"30,9";"32,8";"30,6";"70,0";"71,0";"63,0";"24,6";"26,2";"24,0";"1002,1";"1003,2";"1002,1";"0,6";"219,0";"2,5";"2026,10";""
"01/05/2024";"2000";"31,3";"32,1";"30,9";"68,0";"72,0";"65,0";"24,6";"25,7";"23,8";"1001,2";"1002,1";"1001,2";"1,2";"202,0";"2,6";"1556,40";""
"01/05/2024";"2100";"30,5";"31,3";"29,9";"70,0";"75,0";"67,0";"24,4";"25,7";"24,0";"1000,9";"1001,2";"1000,9";"0,3";"196,0";"2,3";"324,50";""
"01/05/2024";"2200";"28,9";"30,6";"28,9";"79,0";"79,0";"70,0";"24,9";"25,5";"24,5";"1001,4";"1001,4";"1000,9";"0,3";"285,0";"1,3";"44,80";""
"01/05/2024";"2300";"28,5";"28,9";"28,3";"81,0";"83,0";"79,0";"24,9";"25,1";"24,8";"1002,2";"1002,2";"1001,4";"1,1";"281,0";"1,7";"";""
"02/05/2024";"0000";"28,0";"28,6";"28,0";"83,0";"84,0";"80,0";"24,8";"25,1";"24,8";"1002,6";"1002,6";"1002,2";"1,4";"298,0";"2,3";"";""
"02/05/2024";"0100";"28,0";"28,3";"27,8";"80,0";"83,0";"80,0";"24,3";"24,8";"24,3";"1003,5";"1003,5";"1002,6";"0,9";"277,0";"2,3";"";""
"02/05/2024";"0200";"27,5";"28,1";"27,4";"85,0";"85,0";"80,0";"24,7";"24,7";"24,2";"1003,9";"1003,9";"1003,4";"1,2";"282,0";"2,6";"";""
"02/05/2024";"0300";"27,3";"27,5";"27,2";"86,0";"86,0";"85,0";"24,7";"24,9";"24,6";"1003,9";"1004,0";"1003,8";"0,2";"268,0";"2,4";"";""
"02/05/2024";"0400";"27,2";"27,4";"27,2";"87,0";"87,0";"86,0";"24,8";"24,8";"24,7";"1003,5";"1004,0";"1003,5";"0,7";"286,0";"1,8";"";""
"02/05/2024";"0500";"26,8";"27,2";"26,8";"90,0";"90,0";"87,0";"25,0";"25,0";"24,7";"1003,0";"1003,5";"1003,0";"1,2";"300,0";"1,7";"";""
"02/05/2024";"0600";"26,9";"26,9";"26,8";"90,0";"91,0";"90,0";"25,2";"25,2";"25,0";"1002,5";"1003,1";"1002,5";"0,8";"301,0";"1,8";"";""
"02/05/2024";"0700";"26,7";"26,9";"26,7";"91,0";"91,0";"90,0";"25,1";"25,2";"25,1";"1001,9";"1002,5";"1001,9";"0,9";"297,0";"1,5";"";""
"02/05/2024";"0800";"26,7";"26,8";"26,7";"91,0";"91,0";"91,0";"25,2";"25,3";"25,1";"1002,3";"1002,4";"1001,9";"0,6";"287,0";"2,1";"";""
"02/05/2024";"0900";"26,5";"26,7";"26,5";"92,0";"92,0";"91,0";"25,1";"25,2";"25,0";"1002,3";"1002,5";"1002,2";"1,2";"293,0";"1,9";"";""
"02/05/2024";"1000";"24,8";"26,5";"24,7";"92,0";"92,0";"88,0";"23,5";"25,1";"23,4";"1003,9";"1003,9";"1002,3";"1,8";"301,0";"6,4";"0,30";""
"02/05/2024";"1100";"24,7";"24,9";"24,7";"93,0";"93,0";"92,0";"23,5";"23,7";"23,5";"1004,5";"1004,5";"1003,9";"1,5";"299,0";"3,9";"15,30";""
"02/05/2024";"1200";"25,0";"25,0";"24,6";"93,0";"94,0";"93,0";"23,8";"23,9";"23,5";"1004,8";"1004,8";"1004,5";"0,2";"304,0";"3,0";"113,40";""
"02/05/2024";"1300";"26,8";"26,8";"25,0";"91,0";"93,0";"90,0";"25,1";"25,2";"23,9";"1005,3";"1005,3";"1004,8";"0,3";"295,0";"1,6";"697,60";""
"02/05/2024";"1400";"29,4";"29,8";"26,8";"75,0";"91,0";"75,0";"24,5";"26,0";"24,5";"1005,4";"1005,4";"1005,2";"0,9";"263,0";"3,1";"1755,90";""
"02/05/2024";"1500";"29,3";"30,4";"29,3";"76,0";"76,0";"69,0";"24,6";"25,1";"23,7";"1005,4";"1005,5";"1005,3";"1,1";"229,0";"5,0";"2000,50";""
"02/05/2024";"1600";"30,2";"30,7";"29,0";"73,0";"79,0";"72,0";"24,8";"26,5";"24,3";"1004,4";"1005,4";"1004,4";"0,4";"246,0";"3,3";"1565,90";""
"02/05/2024";"1700";"31,3";"31,3";"28,4";"71,0";"85,0";"69,0";"25,4";"26,3";"24,5";"1002,6";"1004,4";"1002,6";"1,8";"270,0";"4,5";"2263,00";""
"02/05/2024";"1800";"31,2";"32,6";"30,3";"71,0";"73,0";"63,0";"25,4";"25,8";"24,0";"1001,2";"1002,6";"1001,2";"0,3";"241,0";"4,5";"1941,50";""
"02/05/2024";"1900";"31,7";"32,2";"31,1";"66,0";"71,0";"63,0";"24,6";"25,4";"23,7";"999,8";"1001,2";"999,8";"0,7";"225,0";"2,9";"1931,60";""
"02/05/2024";"2000";"30,9";"32,3";"30,5";"69,0";"72,0";"63,0";"24,6";"25,1";"23,8";"999,7";"999,8";"999,6";"0,4";"201,0";"2,0";"1046,70";""
"02/05/2024";"2100";"30,0";"31,2";"29,9";"75,0";"76,0";"68,0";"25,0";"25,2";"24,4";"999,6";"999,7";"999,5";"1,2";"297,0";"2,6";"402,30";""
"02/05/2024";"2200";"28,9";"30,1";"28,9";"80,0";"80,0";"75,0";"25,0";"25,3";"24,8";"1000,2";"1000,2";"999,4";"1,0";"298,0";"1,7";"72,80";""
"02/05/2024";"2300";"28,4";"28,9";"28,3";"82,0";"83,0";"80,0";"25,0";"25,3";"25,0";"1000,9";"1000,9";"1000,1";"1,3";"297,0";"1,9";"";""
"03/05/2024";"0000";"28,0";"28,4";"28,0";"84,0";"84,0";"82,0";"25,1";"25,3";"25,0";"1001,9";"1001,9";"1000,9";"1,3";"301,0";"2,0";"";""
"03/05/2024";"0100";"27,8";"28,0";"27,8";"85,0";"85,0";"83,0";"25,1";"25,2";"24,9";"1002,5";"1002,5";"1001,9";"1,5";"297,0";"2,9";"";""
"03/05/2024";"0200";"27,3";"27,8";"27,3";"89,0";"89,0";"85,0";"25,3";"25,3";"25,1";"1002,9";"1002,9";"1002,5";"1,4";"298,0";"2,5";"";""
"03/05/2024";"0300";"27,1";"27,3";"27,1";"90,0";"90,0";"88,0";"25,2";"25,3";"25,1";"1003,1";"1003,1";"1002,9";"1,1";"301,0";"2,5";"";""
"03/05/2024";"0400";"27,0";"27,1";"26,9";"90,0";"91,0";"90,0";"25,3";"25,4";"25,1";"1003,1";"1003,2";"1003,1";"0,6";"314,0";"2,5";"";""
"03/05/2024";"0500";"26,7";"27,1";"26,5";"91,0";"91,0";"90,0";"25,1";"25,3";"24,9";"1002,5";"1003,1";"1002,1";"0,4";"325,0";"2,5";"";""
"03/05/2024";"0600";"26,8";"26,9";"26,6";"89,0";"91,0";"89,0";"24,8";"25,1";"24,8";"1002,2";"1002,5";"1002,2";"0,9";"293,0";"2,6";"";""
"03/05/2024";"0700";"26,2";"26,8";"26,1";"88,0";"89,0";"87,0";"23,9";"24,8";"23,9";"1001,9";"1002,3";"1001,9";"1,2";"248,0";"3,7";"";""
"03/05/2024";"0800";"25,9";"26,2";"25,8";"89,0";"90,0";"88,0";"23,9";"24,1";"23,8";"1002,2";"1002,2";"1001,8";"0,4";"297,0";"2,9";"";""
"03/05/2024";"0900";"25,3";"25,9";"25,3";"91,0";"91,0";"89,0";"23,7";"24,0";"23,7";"1002,3";"1002,4";"1002,2";"0,0";"270,0";"2,0";"";""
"03/05/2024";"1000";"25,1";"25,3";"25,1";"92,0";"92,0";"91,0";"23,7";"23,7";"23,6";"1003,0";"1003,0";"1002,3";"0,2";"305,0";"1,0";"2,80";""
"03/05/2024";"1100";"26,4";"26,4";"25,1";"87,0";"92,0";"87,0";"24,1";"24,3";"23,7";"1004,2";"1004,2";"1003,0";"0,0";"311,0";"0,9";"177,30";""
"03/05/2024";"1200";"27,6";"27,8";"26,4";"85,0";"88,0";"85,0";"25,0";"25,2";"24,1";"1005,3";"1005,3";"1004,2";"0,4";"197,0";"1,7";"668,70";""
"03/05/2024";"1300";"29,4";"29,9";"27,5";"77,0";"86,0";"76,0";"24,9";"25,8";"24,8";"1005,7";"1005,8";"1005,3";"0,4";"270,0";"1,7";"964,70";""
"03/05/2024";"1400";"29,3";"30,1";"28,9";"78,0";"80,0";"74,0";"25,2";"25,6";"24,6";"1005,7";"1005,8";"1005,6";"0,6";"217,0";"2,6";"1434,30";""
"03/05/2024";"1500";"31,4";"32,1";"29,1";"69,0";"80,0";"69,0";"25,0";"26,5";"24,5";"1005,1";"1005,7";"1005,1";"1,0";"232,0";"3,0";"2350,40";""
"03/05/2024";"1600";"30,7";"31,8";"30,4";"72,0";"74,0";"67,0";"25,0";"26,4";"24,0";"1004,0";"1005,1";"1004,0";"0,1";"257,0";"3,0";"1569,10";""
"03/05/2024";"1700";"31,6";"32,1";"30,5";"67,0";"72,0";"65,0";"24,8";"26,0";"24,4";"1002,4";"1003,9";"1002,4";"0,6";"212,0";"2,1";"1990,00";""
"03/05/2024";"1800";"31,7";"33,2";"31,1";"62,0";"69,0";"59,0";"23,6";"25,5";"23,1";"1000,9";"1002,4";"1000,9";"0,8";"208,0";"1,9";"1671,30";""
"03/05/2024";"1900";"28,2";"32,0";"28,2";"80,0";"81,0";"61,0";"24,6";"24,8";"23,2";"1000,3";"1000,9";"1000,3";"1,2";"232,0";"3,5";"715,50";""
"03/05/2024";"2000";"28,8";"30,4";"28,1";"79,0";"83,0";"78,0";"24,8";"26,6";"24,7";"1000,8";"1000,8";"1000,2";"2,8";"265,0";"6,6";"579,40";""
"03/05/2024";"2100";"28,0";"28,8";"28,0";"85,0";"85,0";"79,0";"25,2";"25,3";"24,5";"1001,4";"1001,4";"1000,8";"1,0";"284,0";"6,6";"273,60";""
"03/05/2024";"2200";"27,6";"28,1";"27,6";"88,0";"88,0";"85,0";"25,4";"25,7";"25,3";"1001,5";"1001,5";"1001,1";"0,9";"311,0";"2,8";"68,50";""
"03/05/2024";"2300";"27,4";"27,6";"27,4";"89,0";"89,0";"87,0";"25,5";"25,5";"25,3";"1002,3";"1002,3";"1001,5";"0,8";"299,0";"2,2";"";""
"04/05/2024";"0000";"27,4";"27,5";"27,4";"89,0";"90,0";"89,0";"25,4";"25,6";"25,4";"1003,5";"1003,5";"1002,3";"1,0";"293,0";"1,5";"";""
"04/05/2024";"0100";"27,2";"27,4";"27,2";"88,0";"89,0";"88,0";"25,1";"25,4";"25,1";"1004,0";"1004,1";"1003,5";"0,1";"276,0";"2,0";"";""
"04/05/2024";"0200";"26,9";"27,2";"26,9";"89,0";"90,0";"88,0";"25,0";"25,1";"24,9";"1004,2";"1004,2";"1003,9";"0,0";"279,0";"0,9";"";""
"04/05/2024";"0300";"";"";"";"";"";"";"";"";"";"";"";"";"";"";"";"";""
"04/05/2024";"0400";"26,6";"26,8";"26,6";"91,0";"91,0";"90,0";"25,1";"25,1";"25,0";"1003,9";"1004,1";"1003,8";"0,9";"300,0";"1,9";"";""
"04/05/2024";"0500";"26,5";"26,7";"26,5";"92,0";"92,0";"91,0";"25,1";"25,2";"25,1";"1003,9";"1004,0";"1003,8";"1,2";"298,0";"2,2";"";""
"04/05/2024";"0600";"26,3";"26,5";"26,3";"92,0";"92,0";"92,0";"25,0";"25,1";"25,0";"1003,7";"1003,9";"1003,7";"1,0";"301,0";"2,2";"";""
"04/05/2024";"0700";"26,2";"26,3";"26,2";"92,0";"93,0";"92,0";"24,8";"25,0";"24,8";"1003,2";"1003,7";"1003,2";"0,8";"301,0";"1,6";"";""
"04/05/2024";"0800";"25,9";"26,2";"25,9";"93,0";"93,0";"92,0";"24,6";"24,9";"24,6";"1002,8";"1003,2";"1002,7";"0,0";"313,0";"1,5";"";""
"04/05/2024";"0900";"25,7";"25,9";"25,7";"93,0";"93,0";"93,0";"24,4";"24,7";"24,4";"1003,4";"1003,5";"1002,8";"0,6";"306,0";"1,4";"";""
"04/05/2024";"1000";"25,5";"25,7";"25,5";"93,0";"93,0";"93,0";"24,4";"24,5";"24,3";"1004,1";"1004,1";"1003,4";"1,5";"295,0";"2,3";"3,20";""
"04/05/2024";"1100";"26,5";"26,5";"25,5";"92,0";"93,0";"92,0";"25,2";"25,2";"24,4";"1005,3";"1005,3";"1004,1";"0,0";"299,0";"2,3";"244,00";""
"04/05/2024";"1200";"27,3";"27,3";"26,5";"91,0";"92,0";"90,0";"25,6";"25,8";"25,0";"1006,5";"1006,5";"1005,3";"1,1";"301,0";"2,5";"499,90";""
"04/05/2024";"1300";"28,2";"28,6";"27,3";"86,0";"91,0";"84,0";"25,6";"26,2";"25,3";"1006,6";"1006,7";"1006,5";"1,0";"231,0";"2,2";"891,70";""
"04/05/2024";"1400";"28,6";"28,6";"28,1";"83,0";"86,0";"83,0";"25,3";"26,1";"25,2";"1006,6";"1006,7";"1006,5";"0,8";"231,0";"2,2";"777,50";""
"04/05/2024";"1500";"29,4";"29,9";"28,6";"80,0";"84,0";"78,0";"25,5";"26,6";"25,0";"1006,3";"1006,6";"1006,3";"1,0";"240,0";"2,5";"1667,20";""
"04/05/2024";"1600";"31,7";"31,7";"29,3";"70,0";"81,0";"70,0";"25,5";"26,1";"24,7";"1005,0";"1006,3";"1005,0";"1,1";"230,0";"2,7";"2591,70";""
"04/05/2024";"1700";"31,3";"31,8";"30,3";"72,0";"76,0";"68,0";"25,7";"26,5";"24,4";"1003,3";"1005,0";"1003,3";"0,5";"245,0";"2,6";"1980,30";""
"04/05/2024";"1800";"29,5";"31,7";"28,8";"76,0";"79,0";"68,0";"24,8";"26,0";"24,5";"1002,4";"1003,3";"1002,4";"3,0";"294,0";"5,4";"1053,70";""
"04/05/2024";"1900";"30,6";"31,1";"28,9";"70,0";"78,0";"68,0";"24,4";"25,5";"23,8";"1001,7";"1002,4";"1001,6";"0,8";"211,0";"5,2";"1559,60";""
"04/05/2024";"2000";"29,9";"31,5";"29,8";"74,0";"75,0";"68,0";"24,9";"25,2";"23,9";"1001,8";"1001,8";"1001,5";"1,1";"200,0";"2,6";"1372,60";""
"04/05/2024";"2100";"29,8";"30,9";"29,8";"75,0";"76,0";"69,0";"25,0";"25,3";"24,2";"1002,2";"1002,2";"1001,7";"1,7";"236,0";"2,6";"762,70";""
"04/05/2024";"2200";"28,7";"29,8";"28,5";"84,0";"84,0";"75,0";"25,7";"25,7";"25,0";"1002,6";"1002,6";"1002,2";"0,0";"262,0";"3,0";"91,60";""
"04/05/2024";"2300";"28,7";"29,0";"28,5";"84,0";"85,0";"84,0";"25,8";"26,1";"25,6";"1003,2";"1003,2";"1002,6";"0,6";"242,0";"1,5";"";""
"05/05/2024";"0000";"27,9";"28,7";"27,9";"87,0";"87,0";"84,0";"25,6";"25,9";"25,6";"1003,8";"1003,8";"1003,2";"0,0";"263,0";"1,8";"";""
"05/05/2024";"0100";"27,7";"27,9";"27,6";"90,0";"90,0";"87,0";"25,9";"25,9";"25,4";"1004,7";"1004,7";"1003,8";"0,0";"297,0";"1,0";"";""
"05/05/2024";"0200";"27,3";"27,7";"27,3";"91,0";"91,0";"90,0";"25,6";"25,9";"25,6";"1005,0";"1005,1";"1004,7";"0,1";"312,0";"1,3";"";""
"05/05/2024";"0300";"27,3";"27,3";"27,1";"91,0";"91,0";"90,0";"25,6";"25,6";"25,5";"1004,5";"1005,0";"1004,5";"0,8";"293,0";"1,7";"";""
"05/05/2024";"0400";"27,0";"27,3";"27,0";"91,0";"91,0";"90,0";"25,5";"25,6";"25,3";"1004,5";"1004,7";"1004,4";"0,0";"195,0";"1,3";"";""
"05/05/2024";"0500";"27,4";"27,5";"27,0";"92,0";"92,0";"91,0";"25,9";"26,1";"25,5";"1003,9";"1004,5";"1003,9";"0,1";"233,0";"1,2";"";""
"05/05/2024";"0600";"27,5";"27,7";"27,3";"92,0";"93,0";"92,0";"26,0";"26,2";"25,9";"1003,3";"1003,9";"1003,3";"0,0";"320,0";"1,2";"";""
"05/05/2024";"0700";"27,4";"27,6";"27,3";"93,0";"93,0";"92,0";"26,1";"26,3";"25,9";"1003,4";"1003,5";"1003,3";"0,1";"214,0";"1,0";"";""
"05/05/2024";"0800";"27,6";"27,7";"27,2";"92,0";"93,0";"92,0";"26,1";"26,2";"25,9";"1003,7";"1003,7";"1003,4";"0,0";"252,0";"1,4";"";""
"05/05/2024";"0900";"26,4";"27,6";"26,4";"93,0";"93,0";"91,0";"25,2";"26,2";"25,2";"1004,3";"1004,3";"1003,7";"0,2";"302,0";"1,0";"";""
"05/05/2024";"1000";"25,4";"26,4";"24,7";"93,0";"94,0";"92,0";"24,2";"25,3";"23,5";"1004,8";"1005,5";"1004,3";"1,4";"256,0";"8,5";"1,20";""
"05/05/2024";"1100";"25,7";"25,7";"25,3";"94,0";"94,0";"93,0";"24,5";"24,5";"24,2";"1005,4";"1005,6";"1004,8";"0,7";"206,0";"4,5";"52,20";""
"05/05/2024";"1200";"26,2";"26,6";"25,7";"93,0";"94,0";"93,0";"25,0";"25,5";"24,6";"1006,6";"1006,6";"1005,4";"0,8";"297,0";"4,2";"285,90";""
"05/05/2024";"1300";"27,4";"27,5";"26,2";"87,0";"93,0";"87,0";"25,1";"25,8";"24,9";"1007,0";"1007,0";"1006,5";"0,8";"229,0";"2,3";"868,00";""
"05/05/2024";"1400";"28,5";"28,9";"27,4";"82,0";"88,0";"82,0";"25,2";"25,8";"25,0";"1006,8";"1007,1";"1006,8";"0,9";"222,0";"2,0";"1129,80";""
"05/05/2024";"1500";"29,4";"29,7";"28,3";"80,0";"84,0";"78,0";"25,6";"26,3";"25,0";"1006,4";"1006,9";"1006,4";"1,1";"230,0";"3,1";"1567,30";""
"05/05/2024";"1600";"31,6";"31,7";"29,1";"69,0";"82,0";"69,0";"25,3";"26,5";"25,2";"1005,0";"1006,4";"1005,0";"1,3";"286,0";"3,5";"1756,40";""
"05/05/2024";"1700";"31,3";"32,4";"31,0";"70,0";"72,0";"63,0";"25,1";"26,1";"24,0";"1003,6";"1005,0";"1003,6";"1,4";"269,0";"4,4";"2284,30";""
"05/05/2024";"1800";"30,3";"31,3";"30,0";"76,0";"77,0";"69,0";"25,7";"26,2";"24,3";"1002,6";"1003,7";"1002,6";"2,6";"295,0";"5,2";"1958,30";""
"05/05/2024";"1900";"31,2";"31,3";"30,1";"70,0";"77,0";"68,0";"25,1";"26,0";"24,5";"1002,0";"1002,6";"1002,0";"1,5";"300,0";"5,2";"2028,00";""
"05/05/2024";"2000";"30,7";"31,3";"30,7";"72,0";"74,0";"68,0";"25,1";"25,6";"24,5";"1001,3";"1002,0";"1001,3";"1,1";"289,0";"3,2";"815,80";""
"05/05/2024";"2100";"30,0";"30,7";"30,0";"76,0";"76,0";"71,0";"25,3";"25,6";"24,7";"1002,0";"1002,0";"1001,3";"0,1";"242,0";"2,7";"401,20";""
"05/05/2024";"2200";"28,9";"30,0";"28,8";"82,0";"82,0";"76,0";"25,5";"25,6";"24,8";"1002,3";"1002,5";"1002,0";"0,0";"297,0";"0,9";"71,30";""
"05/05/2024";"2300";"28,7";"28,9";"28,5";"85,0";"85,0";"82,0";"25,9";"26,0";"25,1";"1003,6";"1003,6";"1002,3";"0,6";"237,0";"3,6";"";""
"06/05/2024";"0000";"27,5";"28,7";"27,4";"90,0";"90,0";"85,0";"25,6";"26,2";"25,2";"1004,2";"1004,3";"1003,6";"0,0";"256,0";"3,6";"";""
"06/05/2024";"0100";"27,2";"27,5";"27,1";"91,0";"91,0";"89,0";"25,6";"25,7";"25,5";"1004,6";"1004,6";"1003,9";"0,0";"280,0";"1,1";"";""
"06/05/2024";"0200";"27,1";"27,2";"27,0";"89,0";"91,0";"89,0";"25,2";"25,7";"25,1";"1005,0";"1005,0";"1004,5";"0,0";"291,0";"0,0";"";""
"06/05/2024";"0300";"26,9";"27,3";"26,8";"91,0";"91,0";"89,0";"25,3";"25,4";"25,2";"1004,8";"1005,2";"1004,8";"0,0";"293,0";"0,0";"";""
"06/05/2024";"0400";"26,9";"27,0";"26,8";"91,0";"91,0";"91,0";"25,3";"25,4";"25,2";"1004,6";"1005,0";"1004,6";"0,0";"298,0";"0,0";"";""
"06/05/2024";"0500";"26,8";"27,0";"26,8";"92,0";"92,0";"91,0";"25,3";"25,4";"25,3";"1004,2";"1004,6";"1004,2";"0,0";"298,0";"0,0";"";""
"06/05/2024";"0600";"26,7";"26,8";"26,7";"92,0";"92,0";"92,0";"25,3";"25,4";"25,3";"1003,2";"1004,2";"1003,2";"0,0";"294,0";"0,0";"";""
"06/05/2024";"0700";"26,3";"26,9";"26,3";"91,0";"93,0";"91,0";"24,7";"25,6";"24,7";"1002,8";"1003,2";"1002,8";"2,3";"289,0";"4,5";"";""
"06/05/2024";"0800";"25,6";"26,3";"25,6";"91,0";"91,0";"91,0";"24,1";"24,7";"24,0";"1002,9";"1002,9";"1002,7";"1,1";"300,0";"4,3";"";""
"06/05/2024";"0900";"25,4";"25,6";"25,3";"92,0";"92,0";"91,0";"24,0";"24,1";"23,9";"1003,6";"1003,6";"1002,9";"0,6";"301,0";"2,4";"";""
"06/05/2024";"1000";"25,5";"25,5";"25,4";"92,0";"92,0";"91,0";"24,0";"24,0";"23,9";"1004,6";"1004,6";"1003,6";"1,2";"298,0";"2,1";"2,90";""
"06/05/2024";"1100";"27,5";"27,5";"25,5";"85,0";"92,0";"85,0";"24,8";"25,3";"24,0";"1005,7";"1005,7";"1004,6";"0,1";"288,0";"2,1";"282,60";""
"06/05/2024";"1200";"29,0";"29,0";"27,5";"83,0";"86,0";"82,0";"25,8";"25,8";"24,7";"1006,4";"1006,4";"1005,7";"1,2";"274,0";"2,3";"948,90";""
"06/05/2024";"1300";"28,7";"29,6";"28,5";"79,0";"85,0";"77,0";"24,6";"26,6";"24,2";"1006,4";"1006,7";"1006,4";"2,0";"308,0";"5,8";"848,00";""
"06/05/2024";"1400";"30,7";"30,8";"27,6";"74,0";"81,0";"73,0";"25,6";"25,7";"23,0";"1006,3";"1006,6";"1006,3";"2,2";"288,0";"7,8";"1869,30";""
"06/05/2024";"1500";"25,3";"30,8";"24,4";"92,0";"93,0";"74,0";"24,0";"26,2";"22,6";"1006,4";"1007,0";"1006,3";"3,0";"271,0";"12,0";"785,80";""
"06/05/2024";"1600";"27,1";"27,2";"25,3";"87,0";"93,0";"87,0";"24,7";"25,3";"24,1";"1005,7";"1006,5";"1005,7";"1,3";"298,0";"7,3";"1126,60";""
"06/05/2024";"1700";"29,5";"29,6";"27,1";"76,0";"87,0";"75,0";"24,8";"25,4";"24,1";"1004,3";"1005,7";"1004,3";"2,7";"299,0";"6,0";"1998,00";""
"06/05/2024";"1800";"30,3";"30,3";"29,0";"73,0";"76,0";"70,0";"25,0";"25,0";"23,8";"1003,0";"1004,3";"1003,0";"2,1";"289,0";"6,5";"2133,20";""
"06/05/2024";"1900";"29,6";"30,3";"29,3";"74,0";"74,0";"70,0";"24,4";"24,9";"23,8";"1002,2";"1003,0";"1002,2";"2,4";"291,0";"5,8";"1882,90";""
"06/05/2024";"2000";"29,3";"29,6";"28,9";"75,0";"77,0";"73,0";"24,4";"24,8";"24,0";"1001,5";"1002,2";"1001,5";"2,0";"299,0";"5,8";"922,20";""
"06/05/2024";"2100";"28,7";"29,3";"28,7";"78,0";"79,0";"74,0";"24,6";"24,8";"24,1";"1001,5";"1001,7";"1001,4";"1,2";"291,0";"4,6";"461,60";""
"06/05/2024";"2200";"27,9";"28,7";"27,9";"84,0";"84,0";"78,0";"24,9";"25,1";"24,6";"1002,2";"1002,3";"1001,5";"0,4";"331,0";"2,1";"96,20";""
"06/05/2024";"2300";"27,2";"27,9";"27,2";"88,0";"88,0";"84,0";"25,1";"25,2";"24,9";"1002,9";"1002,9";"1002,2";"0,6";"313,0";"2,0";"";""
"07/05/2024";"0000";"27,0";"27,4";"27,0";"88,0";"88,0";"87,0";"24,9";"25,1";"24,9";"1003,9";"1003,9";"1002,9";"0,4";"317,0";"2,9";"";""
"07/05/2024";"0100";"27,3";"27,4";"26,9";"86,0";"88,0";"85,0";"24,7";"25,0";"24,6";"1004,7";"1004,7";"1003,9";"1,2";"339,0";"3,3";"";""
"07/05/2024";"0200";"26,9";"27,4";"26,9";"88,0";"88,0";"85,0";"24,7";"24,8";"24,7";"1005,0";"1005,0";"1004,7";"0,1";"304,0";"2,6";"";""
"07/05/2024";"0300";"26,7";"27,1";"26,6";"89,0";"89,0";"86,0";"24,7";"24,8";"24,6";"1004,7";"1005,0";"1004,7";"1,2";"333,0";"3,1";"";""
"07/05/2024";"0400";"26,4";"26,8";"26,4";"90,0";"90,0";"88,0";"24,6";"24,8";"24,5";"1004,5";"1004,7";"1004,4";"0,0";"271,0";"3,4";"";""
"07/05/2024";"0500";"26,5";"26,6";"26,3";"90,0";"91,0";"89,0";"24,7";"24,9";"24,6";"1003,9";"1004,5";"1003,9";"1,5";"342,0";"3,4";"";""
"07/05/2024";"0600";"26,3";"26,5";"26,1";"91,0";"92,0";"90,0";"24,8";"24,8";"24,5";"1003,1";"1003,9";"1003,1";"1,1";"336,0";"3,4";"";""
"07/05/2024";"0700";"26,4";"26,4";"26,3";"90,0";"91,0";"90,0";"24,5";"24,8";"24,5";"1002,3";"1003,1";"1002,3";"1,7";"338,0";"3,3";"";""
"07/05/2024";"0800";"26,2";"26,4";"26,0";"89,0";"91,0";"88,0";"24,2";"24,5";"24,2";"1002,4";"1002,5";"1002,2";"1,6";"339,0";"4,4";"";""
"07/05/2024";"0900";"25,7";"26,2";"25,6";"92,0";"92,0";"89,0";"24,4";"24,4";"24,1";"1003,1";"1003,1";"1002,4";"1,2";"339,0";"3,9";"";""
"07/05/2024";"1000";"25,5";"25,8";"25,5";"93,0";"93,0";"92,0";"24,3";"24,5";"24,3";"1003,7";"1003,7";"1003,1";"0,8";"298,0";"4,3";"1,90";""
"07/05/2024";"1100";"25,7";"25,7";"25,5";"94,0";"94,0";"93,0";"24,6";"24,6";"24,3";"1004,7";"1004,8";"1003,7";"0,2";"311,0";"2,6";"40,80";""
"07/05/2024";"1200";"26,5";"26,5";"25,7";"92,0";"94,0";"92,0";"25,1";"25,2";"24,6";"1005,8";"1005,8";"1004,6";"1,5";"336,0";"4,0";"349,70";""
"07/05/2024";"1300";"26,9";"27,1";"26,5";"91,0";"92,0";"89,0";"25,3";"25,4";"25,0";"1006,7";"1006,7";"1005,8";"1,9";"322,0";"3,7";"451,10";""
"07/05/2024";"1400";"24,0";"26,9";"23,8";"93,0";"94,0";"86,0";"22,8";"25,2";"22,2";"1006,9";"1007,2";"1006,6";"1,3";"330,0";"9,3";"173,20";""
"07/05/2024";"1500";"26,1";"26,1";"24,0";"90,0";"93,0";"89,0";"24,3";"24,4";"22,6";"1006,3";"1007,2";"1006,2";"1,2";"336,0";"3,0";"1197,90";""
"07/05/2024";"1600";"26,8";"27,3";"25,8";"84,0";"90,0";"82,0";"23,8";"24,5";"23,4";"1006,1";"1006,5";"1006,0";"2,4";"232,0";"4,2";"2187,50";""
"07/05/2024";"1700";"26,5";"27,2";"26,5";"85,0";"86,0";"83,0";"23,8";"24,3";"23,7";"1005,2";"1006,1";"1005,2";"3,0";"224,0";"5,8";"683,90";""
"07/05/2024";"1800";"26,3";"26,5";"26,1";"86,0";"87,0";"85,0";"23,7";"24,1";"23,6";"1004,2";"1005,2";"1004,2";"4,1";"235,0";"6,3";"488,10";""
"07/05/2024";"1900";"26,9";"26,9";"26,3";"82,0";"86,0";"82,0";"23,7";"24,0";"23,4";"1002,5";"1004,2";"1002,5";"1,5";"250,0";"6,0";"972,60";""
"07/05/2024";"2000";"26,8";"27,1";"26,7";"83,0";"83,0";"81,0";"23,7";"23,9";"23,3";"1002,1";"1002,5";"1002,0";"1,4";"237,0";"3,4";"805,40";""
"07/05/2024";"2100";"26,5";"26,8";"26,4";"84,0";"86,0";"83,0";"23,6";"24,0";"23,6";"1002,7";"1002,7";"1002,1";"2,2";"234,0";"4,3";"375,80";""
"07/05/2024";"2200";"26,3";"26,5";"26,3";"85,0";"85,0";"83,0";"23,5";"23,7";"23,4";"1002,8";"1002,8";"1002,6";"0,3";"274,0";"3,3";"69,40";""
"07/05/2024";"2300";"25,5";"26,3";"25,5";"90,0";"90,0";"85,0";"23,7";"23,8";"23,5";"1003,1";"1003,1";"1002,7";"0,0";"310,0";"1,5";"";""
"08/05/2024";"0000";"25,4";"25,5";"25,4";"91,0";"91,0";"90,0";"23,9";"23,9";"23,6";"1003,4";"1003,5";"1003,0";"0,6";"300,0";"1,2";"";""
"08/05/2024";"0100";"25,3";"25,5";"25,2";"92,0";"92,0";"91,0";"23,9";"24,1";"23,8";"1004,4";"1004,4";"1003,4";"0,0";"296,0";"1,1";"";""
"08/05/2024";"0200";"25,3";"25,4";"25,1";"92,0";"93,0";"92,0";"23,9";"24,1";"23,8";"1005,2";"1005,4";"1004,4";"1,4";"293,0";"2,7";"";""
"08/05/2024";"0300";"25,5";"25,5";"25,3";"91,0";"92,0";"91,0";"24,0";"24,0";"23,8";"1005,3";"1005,7";"1005,1";"0,1";"323,0";"2,4";"";""
"08/05/2024";"0400";"25,3";"25,6";"25,3";"92,0";"92,0";"91,0";"23,9";"24,2";"23,9";"1005,1";"1005,6";"1005,1";"0,2";"321,0";"1,3";"";""
"08/05/2024";"0500";"25,3";"25,3";"25,2";"93,0";"93,0";"92,0";"24,1";"24,1";"23,9";"1004,2";"1005,1";"1004,2";"0,3";"299,0";"1,0";"";""
"08/05/2024";"0600";"25,1";"25,4";"25,1";"93,0";"93,0";"93,0";"23,9";"24,2";"23,9";"1003,6";"1004,2";"1003,6";"0,8";"304,0";"1,4";"";""
"08/05/2024";"0700";"25,3";"25,3";"25,1";"94,0";"94,0";"93,0";"24,2";"24,2";"23,9";"1003,5";"1003,6";"1003,5";"0,2";"311,0";"1,4";"";""
"08/05/2024";"0800";"25,4";"25,4";"25,3";"94,0";"94,0";"94,0";"24,3";"24,4";"24,2";"1003,5";"1003,5";"1003,4";"0,8";"313,0";"2,0";"";""
"08/05/2024";"0900";"25,2";"25,4";"25,1";"94,0";"94,0";"94,0";"24,2";"24,3";"24,1";"1003,9";"1003,9";"1003,5";"0,4";"334,0";"2,4";"";""
"08/05/2024";"1000";"24,9";"25,2";"24,9";"95,0";"95,0";"94,0";"24,0";"24,2";"23,9";"1004,5";"1004,5";"1003,9";"0,9";"304,0";"2,0";"3,80";""
"08/05/2024";"1100";"25,2";"25,2";"24,9";"94,0";"95,0";"94,0";"24,3";"24,3";"24,0";"1005,1";"1005,1";"1004,5";"1,6";"304,0";"2,7";"180,40";""
"08/05/2024";"1200";"27,0";"27,0";"25,2";"91,0";"95,0";"90,0";"25,4";"25,4";"24,3";"1005,5";"1005,5";"1005,1";"1,5";"290,0";"3,1";"769,90";""
"08/05/2024";"1300";"28,7";"29,1";"26,8";"79,0";"91,0";"79,0";"24,8";"26,2";"24,6";"1006,1";"1006,1";"1005,5";"0,7";"250,0";"3,4";"1240,20";""
"08/05/2024";"1400";"28,6";"29,1";"28,0";"80,0";"84,0";"78,0";"24,8";"25,7";"24,4";"1006,2";"1006,3";"1006,0";"1,1";"218,0";"2,4";"1394,40";""
"08/05/2024";"1500";"30,3";"30,4";"28,6";"77,0";"81,0";"76,0";"25,8";"26,2";"24,6";"1006,0";"1006,3";"1006,0";"1,0";"228,0";"2,7";"1530,30";""
"08/05/2024";"1600";"31,3";"31,3";"29,4";"72,0";"77,0";"71,0";"25,7";"26,3";"24,5";"1005,2";"1006,0";"1005,2";"1,2";"216,0";"2,5";"2094,40";""
"08/05/2024";"1700";"31,4";"31,9";"30,8";"70,0";"73,0";"68,0";"25,2";"26,1";"24,5";"1004,3";"1005,2";"1004,3";"1,0";"219,0";"3,8";"2608,30";""
"08/05/2024";"1800";"32,9";"33,1";"31,1";"66,0";"71,0";"65,0";"25,7";"26,3";"24,3";"1003,6";"1004,3";"1003,6";"0,9";"240,0";"2,8";"2491,50";""
"08/05/2024";"1900";"32,9";"33,4";"32,3";"62,0";"68,0";"61,0";"24,8";"26,4";"24,0";"1002,7";"1003,6";"1002,7";"0,7";"220,0";"3,9";"2172,70";""
"08/05/2024";"2000";"32,5";"32,9";"31,7";"63,0";"66,0";"61,0";"24,5";"25,1";"23,8";"1002,2";"1002,7";"1002,2";"0,5";"218,0";"2,8";"1072,00";""
"08/05/2024";"2100";"30,9";"32,8";"30,9";"71,0";"71,0";"62,0";"25,1";"25,2";"24,1";"1002,2";"1002,3";"1002,1";"0,2";"202,0";"2,1";"594,60";""
"08/05/2024";"2200";"29,3";"30,9";"29,3";"77,0";"78,0";"70,0";"25,0";"25,2";"24,5";"1002,3";"1002,3";"1002,2";"0,0";"225,0";"1,6";"73,70";""
"08/05/2024";"2300";"28,7";"29,3";"28,7";"82,0";"82,0";"77,0";"25,3";"25,4";"24,8";"1003,1";"1003,1";"1002,3";"0,0";"309,0";"0,4";"";""
"09/05/2024";"0000";"28,2";"28,8";"28,2";"85,0";"85,0";"82,0";"25,4";"25,8";"25,3";"1004,0";"1004,0";"1003,1";"0,0";"245,0";"1,0";"";""
"09/05/2024";"0100";"27,7";"28,2";"27,6";"88,0";"88,0";"85,0";"25,4";"25,5";"25,2";"1004,8";"1004,8";"1004,0";"0,0";"275,0";"0,8";"";""
"09/05/2024";"0200";"27,3";"27,7";"27,3";"88,0";"88,0";"88,0";"25,2";"25,5";"25,2";"1005,3";"1005,4";"1004,7";"0,0";"318,0";"1,0";"";""
"09/05/2024";"0300";"26,8";"27,3";"26,8";"89,0";"90,0";"88,0";"25,0";"25,2";"25,0";"1005,2";"1005,3";"1005,1";"0,0";"322,0";"0,2";"";""
"09/05/2024";"0400";"26,7";"26,8";"26,7";"90,0";"90,0";"89,0";"25,0";"25,1";"24,9";"1005,3";"1005,4";"1005,1";"0,1";"305,0";"1,0";"";""
"09/05/2024";"0500";"26,5";"26,7";"26,5";"91,0";"91,0";"90,0";"24,9";"25,0";"24,9";"1004,6";"1005,3";"1004,6";"0,0";"336,0";"1,0";"";""
"09/05/2024";"0600";"27,1";"27,1";"26,5";"91,0";"92,0";"91,0";"25,5";"25,6";"24,9";"1004,0";"1004,6";"1004,0";"0,3";"224,0";"1,6";"";""
"09/05/2024";"0700";"26,8";"27,2";"26,8";"91,0";"91,0";"90,0";"25,3";"25,5";"25,1";"1003,6";"1004,0";"1003,6";"0,0";"309,0";"1,4";"";""
"09/05/2024";"0800";"26,5";"27,1";"26,5";"91,0";"92,0";"90,0";"24,9";"25,5";"24,9";"1003,9";"1003,9";"1003,5";"0,0";"287,0";"1,1";"";""
"09/05/2024";"0900";"";"";"";"";"";"";"";"";"";"";"";"";"";"";"";"";""
"09/05/2024";"1000";"25,7";"25,9";"25,6";"93,0";"93,0";"93,0";"24,5";"24,7";"24,5";"1005,0";"1005,0";"1004,3";"0,0";"306,0";"1,1";"4,70";""
"09/05/2024";"1100";"27,0";"27,0";"25,7";"91,0";"94,0";"91,0";"25,4";"25,4";"24,5";"1005,6";"1005,6";"1004,9";"1,0";"295,0";"1,3";"258,10";""
"09/05/2024";"1200";"29,6";"29,6";"27,0";"80,0";"91,0";"80,0";"25,7";"26,4";"25,4";"1006,3";"1006,3";"1005,6";"1,2";"259,0";"3,2";"950,80";""
"09/05/2024";"1300";"31,0";"31,1";"29,5";"71,0";"80,0";"69,0";"25,2";"26,2";"24,7";"1006,7";"1006,7";"1006,3";"1,2";"254,0";"3,4";"1602,40";""
"09/05/2024";"1400";"31,5";"32,5";"31,0";"67,0";"73,0";"62,0";"24,5";"26,0";"23,9";"1006,7";"1006,8";"1006,6";"1,1";"248,0";"4,1";"2263,30";""
"09/05/2024";"1500";"31,6";"32,0";"30,8";"70,0";"74,0";"67,0";"25,6";"26,3";"24,8";"1006,3";"1006,7";"1006,3";"0,2";"243,0";"3,7";"2033,80";""
"09/05/2024";"1600";"30,7";"32,3";"30,7";"72,0";"72,0";"64,0";"24,9";"26,5";"24,2";"1005,5";"1006,3";"1005,5";"0,3";"263,0";"3,8";"1373,70";""
"09/05/2024";"1700";"32,9";"33,8";"30,7";"64,0";"74,0";"61,0";"25,2";"26,4";"24,3";"1004,4";"1005,5";"1004,4";"0,7";"225,0";"3,9";"2177,00";""
"09/05/2024";"1800";"33,4";"34,0";"32,7";"60,0";"66,0";"58,0";"24,5";"25,7";"24,0";"1003,1";"1004,4";"1003,1";"0,8";"226,0";"3,0";"2628,00";""
"09/05/2024";"1900";"33,0";"33,8";"32,8";"59,0";"63,0";"57,0";"24,0";"25,6";"23,7";"1002,1";"1003,1";"1002,1";"0,9";"203,0";"3,0";"2138,70";""
"09/05/2024";"2000";"28,3";"33,4";"27,4";"55,0";"60,0";"54,0";"18,4";"24,3";"17,6";"1001,6";"1002,1";"1001,6";"0,7";"203,0";"2,3";"1481,90";""
"09/05/2024";"2100";"29,8";"31,8";"28,3";"69,0";"69,0";"55,0";"23,5";"24,0";"18,5";"1001,7";"1001,7";"1001,5";"0,1";"213,0";"2,0";"391,10";""
"09/05/2024";"2200";"28,1";"29,9";"27,8";"74,0";"75,0";"68,0";"23,0";"23,4";"22,1";"1002,5";"1002,5";"1001,7";"0,0";"251,0";"0,8";"75,70";""
"09/05/2024";"2300";"28,1";"28,4";"27,9";"76,0";"77,0";"74,0";"23,4";"24,0";"22,8";"1003,4";"1003,4";"1002,5";"1,5";"288,0";"2,4";"";""
"10/05/2024";"0000";"27,5";"28,5";"27,5";"78,0";"80,0";"75,0";"23,3";"24,5";"23,3";"1004,1";"1004,1";"1003,4";"2,3";"297,0";"4,4";"";""
"10/05/2024";"0100";"27,1";"27,5";"27,1";"79,0";"79,0";"77,0";"23,2";"23,3";"23,0";"1004,5";"1004,5";"1004,1";"1,7";"305,0";"4,1";"";""
"10/05/2024";"0200";"26,6";"27,2";"26,6";"84,0";"84,0";"79,0";"23,7";"23,8";"23,3";"1004,9";"1004,9";"1004,5";"1,8";"303,0";"3,5";"";""
"10/05/2024";"0300";"26,3";"26,6";"26,3";"85,0";"85,0";"84,0";"23,6";"23,7";"23,5";"1005,4";"1005,4";"1004,9";"1,7";"299,0";"3,0";"";""
"10/05/2024";"0400";"26,2";"26,3";"26,2";"86,0";"86,0";"85,0";"23,7";"23,7";"23,6";"1005,3";"1005,5";"1005,3";"1,4";"298,0";"3,1";"";""
"10/05/2024";"0500";"26,3";"26,4";"26,2";"87,0";"87,0";"86,0";"23,9";"24,0";"23,7";"1004,6";"1005,4";"1004,6";"0,5";"309,0";"2,5";"";""
"10/05/2024";"0600";"26,2";"26,3";"26,1";"86,0";"87,0";"86,0";"23,7";"23,9";"23,6";"1004,2";"1004,6";"1004,1";"1,4";"296,0";"2,1";"";""
"10/05/2024";"0700";"25,9";"26,3";"25,9";"88,0";"88,0";"86,0";"23,7";"23,8";"23,7";"1004,3";"1004,3";"1003,9";"1,3";"292,0";"1,9";"";""
"10/05/2024";"0800";"25,0";"26,6";"24,9";"90,0";"90,0";"87,0";"23,2";"24,8";"23,1";"1004,2";"1005,0";"1004,1";"0,5";"237,0";"7,2";"";""
"10/05/2024";"0900";"25,3";"25,3";"25,0";"93,0";"93,0";"90,0";"24,0";"24,0";"23,2";"1004,7";"1004,7";"1004,1";"1,2";"302,0";"2,2";"";""
"10/05/2024";"1000";"25,4";"25,4";"25,2";"93,0";"93,0";"93,0";"24,1";"24,1";"23,9";"1005,4";"1005,4";"1004,7";"1,9";"298,0";"3,2";"2,60";""
"10/05/2024";"1100";"25,8";"25,8";"25,4";"91,0";"93,0";"91,0";"24,3";"24,4";"24,1";"1005,8";"1005,8";"1005,4";"1,5";"304,0";"3,5";"148,70";""
"10/05/2024";"1200";"26,7";"26,8";"25,8";"85,0";"91,0";"84,0";"23,9";"24,5";"23,8";"1006,2";"1006,2";"1005,8";"1,7";"299,0";"3,4";"730,20";""
"10/05/2024";"1300";"27,6";"27,7";"26,7";"80,0";"85,0";"77,0";"23,8";"24,1";"23,1";"1006,6";"1006,6";"1006,2";"1,8";"293,0";"3,4";"997,10";""
"10/05/2024";"1400";"29,8";"29,8";"27,1";"74,0";"80,0";"72,0";"24,6";"24,7";"22,6";"1006,8";"1006,8";"1006,6";"2,1";"302,0";"5,1";"1972,70";""
"10/05/2024";"1500";"31,8";"32,1";"29,5";"63,0";"74,0";"62,0";"24,0";"25,4";"23,3";"1006,3";"1006,8";"1006,3";"1,5";"271,0";"4,8";"2610,50";""
"10/05/2024";"1600";"32,5";"32,7";"31,8";"62,0";"66,0";"59,0";"24,2";"24,9";"23,2";"1005,1";"1006,3";"1005,1";"1,6";"269,0";"4,9";"2589,70";""
"10/05/2024";"1700";"32,8";"33,5";"32,2";"58,0";"64,0";"57,0";"23,5";"24,8";"22,9";"1003,9";"1005,1";"1003,9";"2,5";"273,0";"5,9";"2949,20";""
"10/05/2024";"1800";"31,4";"33,0";"30,2";"66,0";"69,0";"58,0";"24,3";"25,3";"23,0";"1003,1";"1004,1";"1003,1";"1,2";"257,0";"7,6";"1772,70";""
"10/05/2024";"1900";"28,9";"31,9";"28,9";"65,0";"70,0";"61,0";"21,5";"25,3";"21,3";"1002,9";"1003,1";"1002,7";"2,5";"295,0";"5,7";"1876,20";""
"10/05/2024";"2000";"29,3";"30,7";"28,9";"70,0";"71,0";"62,0";"23,3";"23,7";"21,7";"1002,0";"1003,0";"1002,0";"1,9";"299,0";"5,6";"1147,30";""
"10/05/2024";"2100";"28,4";"29,3";"28,2";"75,0";"75,0";"70,0";"23,6";"23,7";"22,5";"1002,9";"1002,9";"1002,0";"1,4";"300,0";"4,3";"409,00";""
"10/05/2024";"2200";"28,2";"28,7";"28,1";"82,0";"82,0";"75,0";"24,8";"24,8";"23,6";"1003,6";"1003,6";"1002,8";"1,1";"323,0";"3,0";"76,10";""
"10/05/2024";"2300";"27,6";"28,2";"27,6";"85,0";"85,0";"81,0";"24,9";"25,0";"24,4";"1004,0";"1004,0";"1003,5";"1,0";"331,0";"3,1";"";""
"11/05/2024";"0000";"27,2";"27,6";"27,2";"87,0";"88,0";"85,0";"25,0";"25,2";"24,7";"1004,6";"1004,7";"1004,0";"1,8";"327,0";"4,2";"";""
"11/05/2024";"0100";"26,6";"27,3";"26,6";"87,0";"88,0";"86,0";"24,2";"25,1";"24,2";"1005,4";"1005,4";"1004,5";"1,5";"309,0";"4,2";"";""
"11/05/2024";"0200";"26,4";"26,6";"26,3";"87,0";"88,0";"86,0";"24,1";"24,3";"23,9";"1005,9";"1005,9";"1005,4";"1,3";"317,0";"3,7";"";""
"11/05/2024";"0300";"26,2";"26,4";"26,1";"88,0";"88,0";"87,0";"24,1";"24,1";"23,9";"1005,5";"1005,9";"1005,5";"1,5";"306,0";"2,9";"";""
"11/05/2024";"0400";"26,1";"26,2";"26,0";"89,0";"89,0";"88,0";"24,1";"24,1";"23,9";"1005,6";"1005,6";"1005,5";"1,3";"296,0";"2,6";"";""
"11/05/2024";"0500";"25,9";"26,2";"25,9";"90,0";"90,0";"89,0";"24,2";"24,4";"24,1";"1005,2";"1005,6";"1005,2";"0,9";"287,0";"2,6";"";""
"11/05/2024";"0600";"25,8";"25,9";"25,7";"90,0";"91,0";"90,0";"24,1";"24,3";"24,0";"1004,5";"1005,2";"1004,5";"0,2";"319,0";"2,2";"";""
"11/05/2024";"0700";"25,6";"25,9";"25,6";"91,0";"91,0";"90,0";"24,1";"24,2";"24,1";"1004,5";"1004,6";"1004,3";"0,3";"311,0";"2,4";"";""
"11/05/2024";"0800";"25,5";"25,7";"25,5";"92,0";"92,0";"91,0";"24,0";"24,2";"24,0";"1004,1";"1004,5";"1004,1";"1,3";"321,0";"3,8";"";""
"11/05/2024";"0900";"25,3";"25,5";"25,3";"91,0";"92,0";"91,0";"23,8";"24,0";"23,8";"1004,6";"1004,6";"1004,0";"0,2";"290,0";"3,8";"";""
"11/05/2024";"1000";"25,0";"25,3";"25,0";"92,0";"92,0";"91,0";"23,7";"23,8";"23,5";"1005,4";"1005,4";"1004,6";"0,2";"281,0";"3,5";"3,40";""
"11/05/2024";"1100";"25,9";"25,9";"25,0";"89,0";"92,0";"89,0";"24,1";"24,1";"23,7";"1006,2";"1006,2";"1005,4";"0,7";"326,0";"2,4";"254,90";""
"11/05/2024";"1200";"27,6";"27,6";"25,7";"77,0";"89,0";"77,0";"23,2";"23,9";"22,8";"1007,4";"1007,4";"1006,2";"0,7";"301,0";"3,0";"937,50";""
"11/05/2024";"1300";"29,1";"29,2";"27,4";"76,0";"78,0";"72,0";"24,4";"24,5";"23,0";"1007,5";"1007,6";"1007,4";"1,0";"219,0";"2,9";"1533,20";""
"11/05/2024";"1400";"30,8";"30,9";"28,7";"67,0";"79,0";"66,0";"24,1";"25,4";"23,9";"1007,6";"1007,6";"1007,5";"1,1";"262,0";"3,3";"2179,50";""
"11/05/2024";"1500";"30,2";"31,6";"30,2";"72,0";"73,0";"64,0";"24,6";"25,0";"23,6";"1006,9";"1007,6";"1006,9";"1,9";"329,0";"3,8";"1806,90";""
"11/05/2024";"1600";"31,3";"31,9";"30,0";"69,0";"72,0";"63,0";"25,0";"25,0";"23,6";"1005,8";"1006,9";"1005,8";"1,9";"233,0";"3,8";"2721,10";""
"11/05/2024";"1700";"31,4";"31,9";"30,5";"73,0";"76,0";"64,0";"25,9";"26,0";"23,8";"1004,6";"1005,8";"1004,6";"1,0";"214,0";"3,1";"1972,50";""
"11/05/2024";"1800";"30,2";"31,4";"28,4";"74,0";"82,0";"70,0";"25,1";"26,4";"23,9";"1003,5";"1004,6";"1003,5";"1,9";"311,0";"5,8";"1541,70";""
"11/05/2024";"1900";"31,0";"32,4";"30,2";"70,0";"74,0";"62,0";"24,9";"25,7";"23,5";"1002,7";"1003,5";"1002,7";"1,9";"241,0";"3,6";"2363,10";""
"11/05/2024";"2000";"31,2";"31,5";"30,7";"69,0";"72,0";"67,0";"24,8";"25,7";"24,3";"1002,6";"1002,7";"1002,4";"0,8";"221,0";"2,9";"1372,10";""
"11/05/2024";"2100";"30,5";"31,8";"30,5";"72,0";"73,0";"66,0";"25,0";"25,4";"24,1";"1002,5";"1002,7";"1002,3";"0,8";"248,0";"2,1";"593,10";""
"11/05/2024";"2200";"29,6";"30,5";"29,6";"79,0";"79,0";"72,0";"25,5";"25,8";"24,6";"1003,1";"1003,1";"1002,5";"0,7";"276,0";"2,6";"46,30";""
"11/05/2024";"2300";"29,4";"29,6";"29,4";"80,0";"80,0";"77,0";"25,5";"25,5";"25,0";"1003,8";"1003,8";"1003,1";"1,5";"275,0";"3,2";"";""
"12/05/2024";"0000";"29,0";"29,4";"29,0";"82,0";"82,0";"79,0";"25,6";"25,6";"25,2";"1004,8";"1004,8";"1003,8";"0,0";"287,0";"3,2";"";""
"12/05/2024";"0100";"28,8";"29,1";"28,8";"82,0";"82,0";"78,0";"25,5";"25,6";"24,8";"1005,2";"1005,2";"1004,8";"0,0";"313,0";"1,7";"";""
"12/05/2024";"0200";"28,0";"28,8";"27,9";"87,0";"87,0";"82,0";"25,6";"25,6";"25,3";"1005,3";"1005,5";"1005,1";"0,0";"309,0";"1,2";"";""
"12/05/2024";"0300";"28,1";"28,2";"27,9";"85,0";"88,0";"85,0";"25,4";"26,1";"25,4";"1005,0";"1005,4";"1004,9";"0,6";"273,0";"1,3";"";""
"12/05/2024";"0400";"27,5";"28,3";"27,5";"89,0";"89,0";"84,0";"25,5";"25,6";"25,4";"1005,1";"1005,4";"1005,0";"0,3";"315,0";"1,3";"";""
"12/05/2024";"0500";"27,2";"27,5";"27,2";"90,0";"91,0";"89,0";"25,5";"25,6";"25,5";"1004,5";"1005,1";"1004,3";"0,9";"304,0";"2,3";"";""
"12/05/2024";"0600";"27,1";"27,2";"27,1";"89,0";"90,0";"89,0";"25,2";"25,4";"25,2";"1004,0";"1004,5";"1003,9";"1,1";"315,0";"2,8";"";""
"12/05/2024";"0700";"25,5";"27,1";"25,5";"92,0";"92,0";"88,0";"24,0";"25,4";"23,9";"1004,4";"1004,5";"1003,8";"3,0";"267,0";"8,4";"0,20";""
"12/05/2024";"0800";"26,0";"26,0";"25,0";"92,0";"93,0";"92,0";"24,7";"24,7";"23,6";"1004,8";"1005,2";"1004,3";"0,9";"328,0";"7,6";"0,10";""
"12/05/2024";"0900";"25,6";"26,0";"25,6";"93,0";"93,0";"92,0";"24,4";"24,7";"24,3";"1004,9";"1005,0";"1004,6";"1,7";"301,0";"4,4";"";""
"12/05/2024";"1000";"25,3";"25,7";"25,3";"93,0";"94,0";"93,0";"24,2";"24,6";"24,2";"1005,6";"1005,6";"1004,9";"1,4";"287,0";"3,7";"0,30";""
"12/05/2024";"1100";"25,4";"25,4";"25,1";"94,0";"94,0";"93,0";"24,4";"24,4";"24,1";"1006,3";"1006,3";"1005,5";"0,5";"283,0";"6,4";"40,30";""
"12/05/2024";"1200";"24,9";"25,5";"24,9";"94,0";"94,0";"94,0";"24,0";"24,5";"24,0";"1007,8";"1007,9";"1006,3";"2,4";"294,0";"6,6";"60,70";""
"12/05/2024";"1300";"25,0";"25,3";"24,7";"95,0";"95,0";"94,0";"24,2";"24,4";"23,8";"1008,5";"1009,1";"1007,5";"2,1";"217,0";"5,6";"73,20";""
"12/05/2024";"1400";"24,5";"25,1";"23,9";"95,0";"95,0";"95,0";"23,7";"24,2";"23,1";"1008,0";"1009,1";"1008,0";"1,0";"305,0";"7,7";"170,00";""
"12/05/2024";"1500";"26,7";"26,7";"24,5";"94,0";"95,0";"94,0";"25,7";"25,7";"23,7";"1007,1";"1008,0";"1007,1";"1,7";"299,0";"3,3";"1196,00";""
"12/05/2024";"1600";"27,7";"28,1";"26,6";"78,0";"94,0";"77,0";"23,5";"26,1";"23,2";"1006,4";"1007,1";"1006,4";"1,2";"309,0";"3,9";"2363,00";""
"12/05/2024";"1700";"28,7";"29,0";"27,7";"72,0";"79,0";"68,0";"23,2";"24,0";"21,9";"1005,2";"1006,4";"1005,2";"0,8";"258,0";"4,3";"1753,80";""
"12/05/2024";"1800";"29,0";"29,1";"28,0";"68,0";"75,0";"66,0";"22,5";"23,7";"21,5";"1004,1";"1005,2";"1004,1";"0,6";"245,0";"3,8";"1946,40";""
"12/05/2024";"1900";"29,0";"29,4";"28,3";"69,0";"70,0";"65,0";"22,7";"23,2";"21,2";"1003,4";"1004,1";"1003,4";"1,8";"290,0";"3,5";"1809,70";""
"12/05/2024";"2000";"30,2";"30,7";"29,0";"71,0";"73,0";"64,0";"24,4";"24,8";"22,7";"1003,2";"1003,4";"1003,1";"0,5";"270,0";"3,4";"1194,20";""
"12/05/2024";"2100";"28,5";"30,2";"28,5";"77,0";"77,0";"70,0";"24,1";"24,9";"23,8";"1003,6";"1003,6";"1003,2";"1,1";"322,0";"3,4";"258,60";""
"12/05/2024";"2200";"28,7";"28,7";"28,5";"83,0";"83,0";"77,0";"25,4";"25,4";"24,1";"1004,4";"1004,4";"1003,6";"1,2";"266,0";"2,7";"67,40";""
"12/05/2024";"2300";"28,2";"28,7";"28,2";"87,0";"87,0";"83,0";"25,8";"25,9";"25,4";"1004,8";"1004,8";"1004,3";"1,4";"269,0";"2,7";"";""
"13/05/2024";"0000";"27,9";"28,3";"27,9";"88,0";"88,0";"87,0";"25,7";"26,1";"25,7";"1005,5";"1005,5";"1004,8";"0,8";"266,0";"3,3";"";""
"13/05/2024";"0100";"27,5";"27,9";"27,5";"89,0";"89,0";"88,0";"25,6";"25,7";"25,5";"1006,0";"1006,0";"1005,4";"0,2";"274,0";"2,8";"";""
"13/05/2024";"0200";"27,5";"27,6";"27,4";"91,0";"91,0";"89,0";"25,9";"25,9";"25,6";"1006,7";"1006,7";"1006,0";"0,7";"252,0";"2,4";"";""
"13/05/2024";"0300";"27,7";"27,8";"27,4";"87,0";"91,0";"87,0";"25,3";"25,9";"25,2";"1006,4";"1006,8";"1006,4";"1,7";"238,0";"5,1";"";""
"13/05/2024";"0400";"27,5";"27,8";"27,5";"88,0";"88,0";"87,0";"25,3";"25,5";"25,3";"1005,8";"1006,4";"1005,8";"0,1";"284,0";"2,6";"";""
"13/05/2024";"0500";"26,6";"27,5";"26,6";"92,0";"92,0";"88,0";"25,2";"25,4";"25,1";"1005,4";"1005,9";"1005,4";"1,0";"334,0";"2,2";"";""
"13/05/2024";"0600";"26,5";"26,7";"26,4";"93,0";"93,0";"92,0";"25,2";"25,3";"25,0";"1005,2";"1005,4";"1005,1";"1,3";"339,0";"3,0";"";""
"13/05/2024";"0700";"26,4";"26,5";"26,3";"92,0";"93,0";"92,0";"25,1";"25,3";"25,1";"1004,9";"1005,2";"1004,8";"1,2";"333,0";"3,0";"";""
"13/05/2024";"0800";"24,0";"26,5";"23,6";"93,0";"93,0";"91,0";"22,8";"25,3";"22,3";"1005,6";"1005,6";"1004,9";"0,1";"241,0";"5,7";"0,50";""
"13/05/2024";"0900";"24,1";"24,6";"24,0";"92,0";"93,0";"91,0";"22,7";"23,3";"22,5";"1005,6";"1005,7";"1005,4";"0,3";"285,0";"2,4";"";""
"13/05/2024";"1000";"24,2";"24,3";"24,0";"94,0";"94,0";"92,0";"23,1";"23,1";"22,7";"1006,3";"1006,3";"1005,6";"1,3";"304,0";"2,3";"1,40";""
"13/05/2024";"1100";"25,4";"25,4";"24,2";"94,0";"94,0";"94,0";"24,3";"24,4";"23,2";"1007,2";"1007,2";"1006,3";"0,9";"312,0";"3,8";"87,10";""
"13/05/2024";"1200";"26,0";"26,0";"25,4";"94,0";"94,0";"94,0";"24,9";"24,9";"24,3";"1008,3";"1008,3";"1007,2";"0,8";"315,0";"4,0";"74,40";""
"13/05/2024";"1300";"25,8";"26,0";"25,8";"94,0";"94,0";"94,0";"24,7";"25,0";"24,7";"1008,8";"1008,8";"1008,2";"1,4";"302,0";"5,5";"51,60";""
"13/05/2024";"1400";"25,0";"25,8";"24,7";"95,0";"95,0";"93,0";"24,1";"24,7";"23,6";"1009,1";"1009,2";"1008,6";"1,3";"310,0";"6,6";"36,70";""
"13/05/2024";"1500";"25,2";"25,2";"24,9";"95,0";"95,0";"95,0";"24,3";"24,3";"23,9";"1008,9";"1009,1";"1008,8";"1,5";"293,0";"3,6";"88,90";""
"13/05/2024";"1600";"25,4";"25,6";"25,2";"94,0";"95,0";"94,0";"24,5";"24,7";"24,2";"1008,5";"1008,9";"1008,5";"0,8";"281,0";"3,0";"325,40";""
"13/05/2024";"1700";"26,1";"26,3";"25,4";"94,0";"94,0";"94,0";"25,0";"25,3";"24,4";"1007,2";"1008,5";"1007,2";"1,0";"281,0";"3,5";"602,70";""
"13/05/2024";"1800";"26,5";"26,7";"25,8";"85,0";"94,0";"84,0";"23,8";"24,9";"23,7";"1005,8";"1007,2";"1005,8";"1,9";"273,0";"4,1";"1437,20";""
"13/05/2024";"1900";"27,1";"27,1";"26,3";"78,0";"85,0";"76,0";"22,9";"24,0";"22,2";"1005,0";"1005,8";"1005,0";"1,3";"301,0";"4,3";"1214,40";""
"13/05/2024";"2000";"28,0";"28,1";"26,8";"75,0";"79,0";"74,0";"23,1";"23,6";"22,3";"1004,8";"1005,0";"1004,8";"0,8";"278,0";"3,1";"996,00";""
"13/05/2024";"2100";"27,4";"28,2";"27,3";"79,0";"81,0";"74,0";"23,3";"24,3";"23,0";"1004,8";"1004,9";"1004,8";"1,1";"293,0";"2,6";"437,90";""
"13/05/2024";"2200";"26,8";"27,5";"26,8";"86,0";"86,0";"79,0";"24,3";"24,3";"23,4";"1005,0";"1005,0";"1004,7";"0,1";"269,0";"2,0";"115,60";""
"13/05/2024";"2300";"26,2";"26,9";"26,2";"89,0";"89,0";"86,0";"24,3";"24,6";"24,2";"1005,4";"1005,4";"1004,9";"0,0";"293,0";"1,0";"";""
"14/05/2024";"0000";"26,1";"26,2";"26,0";"90,0";"90,0";"89,0";"24,3";"24,5";"24,2";"1005,8";"1005,9";"1005,4";"1,2";"295,0";"1,8";"";""
"14/05/2024";"0100";"25,8";"26,1";"25,8";"91,0";"91,0";"90,0";"24,2";"24,3";"24,2";"1006,7";"1006,7";"1005,8";"1,1";"297,0";"1,9";"";""
"14/05/2024";"0200";"25,6";"25,8";"25,6";"92,0";"92,0";"91,0";"24,2";"24,2";"24,1";"1007,0";"1007,1";"1006,7";"1,4";"296,0";"2,1";"";""
"14/05/2024";"0300";"25,6";"25,7";"25,5";"92,0";"92,0";"92,0";"24,2";"24,3";"24,2";"1006,8";"1007,0";"1006,8";"1,2";"300,0";"2,3";"";""
"14/05/2024";"0400";"25,5";"25,6";"25,4";"93,0";"93,0";"92,0";"24,3";"24,3";"24,1";"1006,8";"1006,8";"1006,6";"1,0";"282,0";"1,7";"";""
"14/05/2024";"0500";"25,5";"25,6";"25,3";"94,0";"94,0";"93,0";"24,4";"24,5";"24,1";"1006,5";"1006,9";"1006,5";"0,8";"292,0";"1,6";"";""
"14/05/2024";"0600";"25,4";"25,5";"25,4";"94,0";"94,0";"94,0";"24,3";"24,4";"24,3";"1006,0";"1006,5";"1006,0";"0,6";"299,0";"1,3";"";""
"14/05/2024";"0700";"25,3";"25,4";"25,3";"94,0";"94,0";"94,0";"24,3";"24,3";"24,2";"1005,9";"1006,1";"1005,8";"0,9";"301,0";"1,7";"";""
"14/05/2024";"0800";"25,3";"25,4";"25,1";"94,0";"94,0";"94,0";"24,2";"24,3";"24,1";"1005,6";"1005,9";"1005,6";"0,3";"318,0";"1,9";"";""
"14/05/2024";"0900";"25,1";"25,3";"25,1";"94,0";"94,0";"94,0";"24,0";"24,2";"24,0";"1006,7";"1006,7";"1005,6";"1,1";"291,0";"2,0";"";""
"14/05/2024";"1000";"25,0";"25,2";"25,0";"94,0";"94,0";"94,0";"24,0";"24,1";"24,0";"1007,3";"1007,3";"1006,7";"0,1";"298,0";"1,8";"1,90";""
"14/05/2024";"1100";"25,3";"25,3";"25,0";"93,0";"94,0";"93,0";"24,1";"24,1";"23,9";"1007,5";"1007,5";"1007,3";"1,3";"299,0";"2,3";"140,30";""
"14/05/2024";"1200";"26,1";"26,1";"25,3";"91,0";"93,0";"91,0";"24,6";"24,6";"24,1";"1008,2";"1008,2";"1007,5";"1,2";"303,0";"2,9";"403,50";""
"14/05/2024";"1300";"24,8";"26,1";"24,5";"94,0";"94,0";"91,0";"23,8";"24,7";"23,5";"1008,7";"1009,0";"1008,2";"0,1";"309,0";"8,7";"147,30";""
"14/05/2024";"1400";"26,1";"26,1";"24,8";"93,0";"94,0";"93,0";"24,9";"24,9";"23,9";"1008,4";"1008,8";"1008,4";"1,7";"301,0";"3,5";"586,50";""
"14/05/2024";"1500";"27,5";"27,8";"26,1";"80,0";"93,0";"79,0";"23,8";"25,4";"23,8";"1007,6";"1008,4";"1007,6";"1,0";"309,0";"4,0";"1839,20";""
"14/05/2024";"1600";"29,0";"29,2";"27,5";"74,0";"83,0";"74,0";"24,0";"25,3";"23,1";"1006,4";"1007,6";"1006,3";"1,3";"209,0";"3,1";"2974,40";""
"14/05/2024";"1700";"29,6";"29,7";"28,7";"65,0";"78,0";"63,0";"22,4";"24,9";"21,3";"1005,3";"1006,4";"1005,3";"1,9";"268,0";"5,8";"2904,10";""
"14/05/2024";"1800";"30,6";"30,6";"29,0";"68,0";"69,0";"64,0";"23,9";"24,0";"21,8";"1004,4";"1005,3";"1004,3";"2,0";"273,0";"5,5";"2467,80";""
"14/05/2024";"1900";"30,2";"30,6";"29,1";"68,0";"76,0";"65,0";"23,6";"24,8";"22,9";"1003,1";"1004,5";"1003,1";"2,0";"272,0";"5,3";"1386,10";""
"14/05/2024";"2000";"30,0";"30,8";"29,7";"67,0";"70,0";"64,0";"23,1";"24,5";"22,2";"1002,8";"1003,2";"1002,8";"1,6";"268,0";"5,2";"1784,20";""
"14/05/2024";"2100";"28,9";"30,1";"28,9";"71,0";"71,0";"63,0";"23,0";"23,2";"22,0";"1002,6";"1003,0";"1002,6";"0,3";"242,0";"4,3";"669,40";""
"14/05/2024";"2200";"27,5";"28,9";"27,5";"80,0";"80,0";"71,0";"23,8";"24,0";"23,1";"1003,1";"1003,2";"1002,6";"0,0";"291,0";"1,1";"53,80";""
"14/05/2024";"2300";"27,2";"27,5";"27,1";"84,0";"85,0";"80,0";"24,3";"24,6";"23,8";"1003,7";"1003,7";"1003,1";"0,1";"303,0";"1,4";"";""
"15/05/2024";"0000";"26,9";"27,2";"26,9";"87,0";"87,0";"84,0";"24,6";"24,6";"24,2";"1004,1";"1004,1";"1003,7";"0,3";"301,0";"1,4";"";""
"15/05/2024";"0100";"26,7";"26,9";"26,6";"87,0";"88,0";"87,0";"24,4";"24,7";"24,4";"1004,6";"1004,6";"1004,1";"0,4";"281,0";"1,5";"";""
"15/05/2024";"0200";"26,4";"26,7";"26,4";"89,0";"89,0";"87,0";"24,5";"24,5";"24,3";"1005,4";"1005,4";"1004,6";"0,0";"298,0";"1,4";"";""
"15/05/2024";"0300";"26,1";"26,4";"26,1";"91,0";"91,0";"89,0";"24,5";"24,6";"24,3";"1006,0";"1006,0";"1005,4";"0,3";"329,0";"0,9";"";""
"15/05/2024";"0400";"";"";"";"";"";"";"";"";"";"";"";"";"";"";"";"";""
"15/05/2024";"0500";"";"";"";"";"";"";"";"";"";"";"";"";"";"";"";"";""
"15/05/2024";"0600";"";"";"";"";"";"";"";"";"";"";"";"";"";"";"";"";""
"15/05/2024";"0700";"";"";"";"";"";"";"";"";"";"";"";"";"";"";"";"";""
"15/05/2024";"0800";"";"";"";"";"";"";"";"";"";"";"";"";"";"";"";"";""
"15/05/2024";"0900";"";"";"";"";"";"";"";"";"";"";"";"";"";"";"";"";""
"15/05/2024";"1000";"";"";"";"";"";"";"";"";"";"";"";"";"";"";"";"";""
"15/05/2024";"1100";"";"";"";"";"";"";"";"";"";"";"";"";"";"";"";"";""
"15/05/2024";"1200";"";"";"";"";"";"";"";"";"";"";"";"";"";"";"";"";""
"15/05/2024";"1300";"29,6";"";"";"75,0";"";"";"24,7";"";"";"1007,1";"";"";"1,3";"275,0";"";"990,80";""
"15/05/2024";"1400";"31,3";"31,5";"29,5";"68,0";"77,0";"66,0";"24,7";"25,4";"23,8";"1007,2";"1007,2";"1007,1";"0,9";"236,0";"3,9";"2148,90";""
"15/05/2024";"1500";"30,7";"31,4";"30,5";"71,0";"75,0";"66,0";"24,8";"25,5";"24,1";"1006,7";"1007,2";"1006,7";"0,9";"228,0";"3,0";"1185,20";""
"15/05/2024";"1600";"32,3";"32,5";"30,7";"62,0";"71,0";"59,0";"24,2";"25,1";"23,3";"1005,3";"1006,7";"1005,3";"1,7";"254,0";"4,4";"2836,40";""
"15/05/2024";"1700";"32,1";"32,7";"31,7";"60,0";"63,0";"58,0";"23,4";"24,5";"22,8";"1004,0";"1005,3";"1004,0";"2,0";"275,0";"5,3";"2718,20";""
"15/05/2024";"1800";"32,2";"32,8";"31,9";"60,0";"61,0";"56,0";"23,4";"24,2";"22,7";"1002,8";"1004,0";"1002,8";"2,4";"274,0";"6,6";"2678,90";""
"15/05/2024";"1900";"32,9";"33,0";"32,2";"61,0";"63,0";"57,0";"24,3";"24,7";"23,4";"1001,9";"1002,8";"1001,9";"2,0";"264,0";"6,2";"2150,90";""
"15/05/2024";"2000";"32,7";"33,0";"32,4";"61,0";"64,0";"60,0";"24,3";"24,9";"23,6";"1001,7";"1001,9";"1001,5";"1,6";"278,0";"5,2";"1508,90";""
"15/05/2024";"2100";"31,2";"32,7";"31,2";"67,0";"68,0";"60,0";"24,4";"24,5";"23,5";"1001,8";"1001,8";"1001,6";"1,0";"285,0";"3,3";"677,30";""
"15/05/2024";"2200";"28,6";"31,2";"28,6";"82,0";"82,0";"66,0";"25,1";"25,1";"23,0";"1003,0";"1003,1";"1001,8";"1,0";"268,0";"7,7";"58,00";""
"15/05/2024";"2300";"27,9";"28,6";"27,8";"84,0";"84,0";"80,0";"25,0";"25,1";"24,1";"1004,0";"1004,0";"1003,0";"0,3";"298,0";"3,1";"";""
"16/05/2024";"0000";"28,0";"28,0";"27,4";"86,0";"86,0";"82,0";"25,4";"25,4";"24,0";"1004,6";"1004,6";"1004,0";"0,0";"289,0";"1,4";"";""
"16/05/2024";"0100";"27,4";"28,0";"27,4";"88,0";"88,0";"86,0";"25,3";"25,4";"25,1";"1005,7";"1005,7";"1004,6";"0,2";"326,0";"1,1";"";""
"16/05/2024";"0200";"27,0";"27,4";"27,0";"87,0";"88,0";"85,0";"24,7";"25,2";"24,4";"1005,8";"1005,9";"1005,7";"0,1";"297,0";"1,3";"";""
"16/05/2024";"0300";"";"";"";"";"";"";"";"";"";"";"";"";"";"";"";"";""
"16/05/2024";"0400";"";"";"";"";"";"";"";"";"";"";"";"";"";"";"";"";""
"16/05/2024";"0500";"";"";"";"";"";"";"";"";"";"";"";"";"";"";"";"";""
"16/05/2024";"0600";"";"";"";"";"";"";"";"";"";"";"";"";"";"";"";"";""
"16/05/2024";"0700";"";"";"";"";"";"";"";"";"";"";"";"";"";"";"";"";""
"16/05/2024";"0800";"";"";"";"";"";"";"";"";"";"";"";"";"";"";"";"";""
"16/05/2024";"0900";"";"";"";"";"";"";"";"";"";"";"";"";"";"";"";"";""
"16/05/2024";"1000";"";"";"";"";"";"";"";"";"";"";"";"";"";"";"";"";""
"16/05/2024";"1100";"";"";"";"";"";"";"";"";"";"";"";"";"";"";"";"";""
"16/05/2024";"1200";"";"";"";"";"";"";"";"";"";"";"";"";"";"";"";"";""
"16/05/2024";"1300";"27,3";"";"";"85,0";"";"";"24,5";"";"";"1008,2";"";"";"1,6";"233,0";"";"504,20";""
"16/05/2024";"1400";"27,6";"27,6";"27,2";"83,0";"86,0";"83,0";"24,5";"24,8";"24,3";"1008,0";"1008,3";"1008,0";"1,6";"234,0";"3,2";"850,60";""
"16/05/2024";"1500";"28,6";"28,7";"27,6";"78,0";"84,0";"78,0";"24,4";"25,1";"24,2";"1007,1";"1008,0";"1007,1";"1,7";"238,0";"3,2";"1950,20";""
"16/05/2024";"1600";"30,0";"30,0";"28,6";"74,0";"79,0";"71,0";"24,9";"25,0";"23,5";"1006,1";"1007,1";"1006,1";"1,4";"219,0";"3,1";"2582,40";""
"16/05/2024";"1700";"30,4";"30,6";"29,7";"69,0";"74,0";"67,0";"24,0";"24,8";"23,5";"1005,0";"1006,1";"1004,9";"1,8";"227,0";"3,2";"2959,50";""
"16/05/2024";"1800";"31,9";"31,9";"30,1";"68,0";"72,0";"65,0";"25,3";"25,7";"23,8";"1003,8";"1005,0";"1003,8";"0,7";"243,0";"3,2";"2599,10";""
"16/05/2024";"1900";"30,0";"32,0";"29,9";"74,0";"74,0";"64,0";"24,8";"25,4";"23,6";"1003,2";"1003,8";"1003,2";"1,3";"224,0";"4,9";"1478,80";""
"16/05/2024";"2000";"";"";"";"";"";"";"";"";"";"";"";"";"";"";"";"";""
"16/05/2024";"2100";"";"";"";"";"";"";"";"";"";"";"";"";"";"";"";"";""
"16/05/2024";"2200";"";"";"";"";"";"";"";"";"";"";"";"";"";"";"";"";""
"16/05/2024";"2300";"";"";"";"";"";"";"";"";"";"";"";"";"";"";"";"";""
"17/05/2024";"0000";"";"";"";"";"";"";"";"";"";"";"";"";"";"";"";"";""
"17/05/2024";"0100";"";"";"";"";"";"";"";"";"";"";"";"";"";"";"";"";""
"17/05/2024";"0200";"";"";"";"";"";"";"";"";"";"";"";"";"";"";"";"";""
"17/05/2024";"0300";"";"";"";"";"";"";"";"";"";"";"";"";"";"";"";"";""
"17/05/2024";"0400";"";"";"";"";"";"";"";"";"";"";"";"";"";"";"";"";""
"17/05/2024";"0500";"";"";"";"";"";"";"";"";"";"";"";"";"";"";"";"";""
"17/05/2024";"0600";"";"";"";"";"";"";"";"";"";"";"";"";"";"";"";"";""
"17/05/2024";"0700";"";"";"";"";"";"";"";"";"";"";"";"";"";"";"";"";""
"17/05/2024";"0800";"";"";"";"";"";"";"";"";"";"";"";"";"";"";"";"";""
"17/05/2024";"0900";"";"";"";"";"";"";"";"";"";"";"";"";"";"";"";"";""
"17/05/2024";"1000";"";"";"";"";"";"";"";"";"";"";"";"";"";"";"";"";""
"17/05/2024";"1100";"";"";"";"";"";"";"";"";"";"";"";"";"";"";"";"";""
"17/05/2024";"1200";"";"";"";"";"";"";"";"";"";"";"";"";"";"";"";"";""
"17/05/2024";"1300";"";"";"";"";"";"";"";"";"";"";"";"";"";"";"";"";""
"17/05/2024";"1400";"";"";"";"";"";"";"";"";"";"";"";"";"";"";"";"";""
"17/05/2024";"1500";"";"";"";"";"";"";"";"";"";"";"";"";"";"";"";"";""
"17/05/2024";"1600";"";"";"";"";"";"";"";"";"";"";"";"";"";"";"";"";""
"17/05/2024";"1700";"25,9";"";"";"90,0";"";"";"24,0";"";"";"1007,2";"";"";"0,5";"237,0";"";"971,20";""
"17/05/2024";"1800";"26,6";"26,6";"25,8";"83,0";"90,0";"83,0";"23,6";"24,4";"23,3";"1006,1";"1007,2";"1006,1";"0,8";"237,0";"2,3";"1188,80";""
"17/05/2024";"1900";"26,0";"26,6";"26,0";"81,0";"84,0";"81,0";"22,4";"23,6";"22,4";"1005,5";"1006,1";"1005,5";"1,7";"233,0";"3,8";"1054,20";""
"17/05/2024";"2000";"26,7";"26,7";"25,9";"80,0";"82,0";"80,0";"23,0";"23,1";"22,4";"1005,0";"1005,5";"1005,0";"1,4";"237,0";"4,1";"846,20";""
"17/05/2024";"2100";"";"";"";"";"";"";"";"";"";"";"";"";"";"";"";"";""
"17/05/2024";"2200";"";"";"";"";"";"";"";"";"";"";"";"";"";"";"";"";""
"17/05/2024";"2300";"";"";"";"";"";"";"";"";"";"";"";"";"";"";"";"";""
"18/05/2024";"0000";"";"";"";"";"";"";"";"";"";"";"";"";"";"";"";"";""
"18/05/2024";"0100";"";"";"";"";"";"";"";"";"";"";"";"";"";"";"";"";""
"18/05/2024";"0200";"";"";"";"";"";"";"";"";"";"";"";"";"";"";"";"";""
"18/05/2024";"0300";"";"";"";"";"";"";"";"";"";"";"";"";"";"";"";"";""
"18/05/2024";"0400";"";"";"";"";"";"";"";"";"";"";"";"";"";"";"";"";""
"18/05/2024";"0500";"";"";"";"";"";"";"";"";"";"";"";"";"";"";"";"";""
"18/05/2024";"0600";"";"";"";"";"";"";"";"";"";"";"";"";"";"";"";"";""
"18/05/2024";"0700";"";"";"";"";"";"";"";"";"";"";"";"";"";"";"";"";""
"18/05/2024";"0800";"";"";"";"";"";"";"";"";"";"";"";"";"";"";"";"";""
"18/05/2024";"0900";"";"";"";"";"";"";"";"";"";"";"";"";"";"";"";"";""
"18/05/2024";"1000";"";"";"";"";"";"";"";"";"";"";"";"";"";"";"";"";""
"18/05/2024";"1100";"";"";"";"";"";"";"";"";"";"";"";"";"";"";"";"";""
"18/05/2024";"1200";"";"";"";"";"";"";"";"";"";"";"";"";"";"";"";"";""
"18/05/2024";"1300";"25,6";"";"";"89,0";"";"";"23,8";"";"";"1010,0";"";"";"0,0";"248,0";"";"275,50";""
"18/05/2024";"1400";"26,7";"26,7";"25,3";"80,0";"89,0";"79,0";"23,0";"23,5";"22,4";"1010,1";"1010,2";"1010,0";"0,0";"232,0";"0,0";"1148,40";""
"18/05/2024";"1500";"27,2";"27,5";"26,6";"78,0";"82,0";"77,0";"23,0";"24,0";"22,8";"1009,5";"1010,1";"1009,5";"1,2";"235,0";"3,0";"2017,80";""
"18/05/2024";"1600";"28,0";"28,2";"27,2";"77,0";"81,0";"77,0";"23,7";"24,3";"23,1";"1008,5";"1009,5";"1008,5";"1,6";"241,0";"3,0";"3107,20";""
"18/05/2024";"1700";"28,7";"28,8";"28,0";"76,0";"80,0";"74,0";"24,1";"24,4";"23,6";"1007,2";"1008,5";"1007,2";"2,1";"233,0";"3,7";"2894,20";""
"18/05/2024";"1800";"29,0";"29,2";"28,6";"73,0";"77,0";"73,0";"23,7";"24,5";"23,6";"1005,5";"1007,2";"1005,5";"1,6";"237,0";"3,8";"2667,70";""
"18/05/2024";"1900";"29,6";"29,6";"28,6";"69,0";"75,0";"67,0";"23,4";"24,0";"22,7";"1004,3";"1005,5";"1004,3";"1,3";"245,0";"3,4";"2145,60";""
"18/05/2024";"2000";"30,1";"30,3";"29,6";"69,0";"70,0";"66,0";"23,9";"23,9";"22,9";"1004,0";"1004,3";"1004,0";"1,1";"243,0";"2,3";"1458,20";""
"18/05/2024";"2100";"29,8";"30,3";"29,8";"73,0";"73,0";"67,0";"24,3";"24,3";"23,3";"1004,1";"1004,1";"1003,8";"1,1";"251,0";"2,6";"583,30";""
"18/05/2024";"2200";"";"";"";"";"";"";"";"";"";"";"";"";"";"";"";"";""
"18/05/2024";"2300";"";"";"";"";"";"";"";"";"";"";"";"";"";"";"";"";""
"19/05/2024";"0000";"";"";"";"";"";"";"";"";"";"";"";"";"";"";"";"";""
"19/05/2024";"0100";"";"";"";"";"";"";"";"";"";"";"";"";"";"";"";"";""
"19/05/2024";"0200";"";"";"";"";"";"";"";"";"";"";"";"";"";"";"";"";""
"19/05/2024";"0300";"";"";"";"";"";"";"";"";"";"";"";"";"";"";"";"";""
"19/05/2024";"0400";"";"";"";"";"";"";"";"";"";"";"";"";"";"";"";"";""
"19/05/2024";"0500";"";"";"";"";"";"";"";"";"";"";"";"";"";"";"";"";""
"19/05/2024";"0600";"";"";"";"";"";"";"";"";"";"";"";"";"";"";"";"";""
"19/05/2024";"0700";"";"";"";"";"";"";"";"";"";"";"";"";"";"";"";"";""
"19/05/2024";"0800";"";"";"";"";"";"";"";"";"";"";"";"";"";"";"";"";""
"19/05/2024";"0900";"";"";"";"";"";"";"";"";"";"";"";"";"";"";"";"";""
"19/05/2024";"1000";"";"";"";"";"";"";"";"";"";"";"";"";"";"";"";"";""
"19/05/2024";"1100";"";"";"";"";"";"";"";"";"";"";"";"";"";"";"";"";""
"19/05/2024";"1200";"";"";"";"";"";"";"";"";"";"";"";"";"";"";"";"";""
"19/05/2024";"1300";"25,2";"";"";"89,0";"";"";"23,3";"";"";"1009,4";"";"";"1,9";"296,0";"";"445,60";""
"19/05/2024";"1400";"26,9";"26,9";"25,2";"82,0";"89,0";"81,0";"23,6";"24,0";"23,2";"1009,5";"1009,5";"1009,4";"1,9";"298,0";"4,3";"1705,50";""
"19/05/2024";"1500";"27,7";"28,3";"27,0";"75,0";"82,0";"73,0";"22,9";"24,2";"22,7";"1009,1";"1009,5";"1009,1";"2,3";"295,0";"5,2";"2056,70";""
"19/05/2024";"1600";"29,0";"29,3";"27,7";"72,0";"77,0";"70,0";"23,4";"24,0";"22,9";"1008,2";"1009,1";"1008,2";"1,5";"294,0";"4,9";"2141,90";""
"19/05/2024";"1700";"30,4";"30,4";"29,0";"68,0";"75,0";"66,0";"23,8";"24,4";"22,9";"1007,3";"1008,2";"1007,3";"2,0";"266,0";"4,7";"1944,20";""
"19/05/2024";"1800";"30,0";"30,6";"29,5";"69,0";"72,0";"66,0";"23,8";"24,5";"23,0";"1005,9";"1007,3";"1005,9";"1,5";"290,0";"4,7";"2046,20";""
"19/05/2024";"1900";"29,9";"30,6";"29,8";"72,0";"72,0";"68,0";"24,3";"24,8";"23,4";"1005,3";"1005,9";"1005,2";"1,4";"285,0";"4,1";"1711,80";""
"19/05/2024";"2000";"29,4";"30,1";"29,3";"69,0";"75,0";"68,0";"23,1";"24,8";"22,9";"1004,8";"1005,3";"1004,7";"1,6";"305,0";"4,0";"1145,40";""
"19/05/2024";"2100";"";"";"";"";"";"";"";"";"";"";"";"";"";"";"";"";""
"19/05/2024";"2200";"";"";"";"";"";"";"";"";"";"";"";"";"";"";"";"";""
"19/05/2024";"2300";"";"";"";"";"";"";"";"";"";"";"";"";"";"";"";"";""
"20/05/2024";"0000";"";"";"";"";"";"";"";"";"";"";"";"";"";"";"";"";""
"20/05/2024";"0100";"";"";"";"";"";"";"";"";"";"";"";"";"";"";"";"";""
"20/05/2024";"0200";"";"";"";"";"";"";"";"";"";"";"";"";"";"";"";"";""
"20/05/2024";"0300";"";"";"";"";"";"";"";"";"";"";"";"";"";"";"";"";""
"20/05/2024";"0400";"";"";"";"";"";"";"";"";"";"";"";"";"";"";"";"";""
"20/05/2024";"0500";"";"";"";"";"";"";"";"";"";"";"";"";"";"";"";"";""
"20/05/2024";"0600";"";"";"";"";"";"";"";"";"";"";"";"";"";"";"";"";""
"20/05/2024";"0700";"";"";"";"";"";"";"";"";"";"";"";"";"";"";"";"";""
"20/05/2024";"0800";"";"";"";"";"";"";"";"";"";"";"";"";"";"";"";"";""
"20/05/2024";"0900";"";"";"";"";"";"";"";"";"";"";"";"";"";"";"";"";""
"20/05/2024";"1000";"";"";"";"";"";"";"";"";"";"";"";"";"";"";"";"";""
"20/05/2024";"1100";"";"";"";"";"";"";"";"";"";"";"";"";"";"";"";"";""
"20/05/2024";"1200";"";"";"";"";"";"";"";"";"";"";"";"";"";"";"";"";""
"20/05/2024";"1300";"";"";"";"";"";"";"";"";"";"";"";"";"";"";"";"";""
"20/05/2024";"1400";"";"";"";"";"";"";"";"";"";"";"";"";"";"";"";"";""
"20/05/2024";"1500";"";"";"";"";"";"";"";"";"";"";"";"";"";"";"";"";""
"20/05/2024";"1600";"25,6";"";"";"90,0";"";"";"23,9";"";"";"1007,6";"";"";"0,3";"268,0";"";"171,10";""
"20/05/2024";"1700";"26,2";"26,2";"25,6";"88,0";"91,0";"87,0";"24,0";"24,1";"23,6";"1006,4";"1007,6";"1006,4";"1,0";"234,0";"2,7";"706,20";""
"20/05/2024";"1800";"26,4";"26,4";"26,0";"83,0";"88,0";"83,0";"23,3";"24,0";"23,2";"1005,3";"1006,4";"1005,3";"1,0";"239,0";"3,3";"1126,20";""
"20/05/2024";"1900";"26,6";"26,7";"26,2";"81,0";"84,0";"79,0";"23,1";"23,4";"22,5";"1004,1";"1005,3";"1004,1";"1,3";"233,0";"2,8";"1956,00";""
"20/05/2024";"2000";"27,4";"27,4";"26,6";"80,0";"81,0";"77,0";"23,6";"23,6";"22,5";"1003,9";"1004,4";"1003,9";"1,7";"240,0";"4,3";"1705,70";""
"20/05/2024";"2100";"";"";"";"";"";"";"";"";"";"";"";"";"";"";"";"";""
"20/05/2024";"2200";"";"";"";"";"";"";"";"";"";"";"";"";"";"";"";"";""
"20/05/2024";"2300";"";"";"";"";"";"";"";"";"";"";"";"";"";"";"";"";""
"21/05/2024";"0000";"";"";"";"";"";"";"";"";"";"";"";"";"";"";"";"";""
"21/05/2024";"0100";"";"";"";"";"";"";"";"";"";"";"";"";"";"";"";"";""
"21/05/2024";"0200";"";"";"";"";"";"";"";"";"";"";"";"";"";"";"";"";""
"21/05/2024";"0300";"";"";"";"";"";"";"";"";"";"";"";"";"";"";"";"";""
"21/05/2024";"0400";"";"";"";"";"";"";"";"";"";"";"";"";"";"";"";"";""
"21/05/2024";"0500";"";"";"";"";"";"";"";"";"";"";"";"";"";"";"";"";""
"21/05/2024";"0600";"";"";"";"";"";"";"";"";"";"";"";"";"";"";"";"";""
"21/05/2024";"0700";"";"";"";"";"";"";"";"";"";"";"";"";"";"";"";"";""
"21/05/2024";"0800";"";"";"";"";"";"";"";"";"";"";"";"";"";"";"";"";""
"21/05/2024";"0900";"";"";"";"";"";"";"";"";"";"";"";"";"";"";"";"";""
"21/05/2024";"1000";"";"";"";"";"";"";"";"";"";"";"";"";"";"";"";"";""
"21/05/2024";"1100";"";"";"";"";"";"";"";"";"";"";"";"";"";"";"";"";""
"21/05/2024";"1200";"27,3";"";"";"85,0";"";"";"24,5";"";"";"1007,5";"";"";"0,2";"233,0";"";"303,00";""
"21/05/2024";"1300";"28,0";"28,0";"27,3";"81,0";"86,0";"81,0";"24,5";"24,9";"24,3";"1007,9";"1007,9";"1007,5";"0,6";"225,0";"2,3";"657,30";""
"21/05/2024";"1400";"29,1";"29,5";"27,9";"74,0";"82,0";"73,0";"24,0";"24,9";"23,9";"1008,2";"1008,2";"1007,9";"1,1";"213,0";"2,8";"2038,30";""
"21/05/2024";"1500";"30,0";"30,2";"29,0";"70,0";"75,0";"68,0";"24,0";"24,6";"23,3";"1007,7";"1008,3";"1007,7";"0,7";"276,0";"3,4";"2275,50";""
"21/05/2024";"1600";"29,7";"30,6";"29,6";"76,0";"76,0";"68,0";"25,0";"25,0";"23,8";"1006,8";"1007,7";"1006,8";"0,9";"248,0";"3,0";"1843,40";""
"21/05/2024";"1700";"30,9";"31,4";"29,7";"66,0";"76,0";"63,0";"23,8";"25,3";"22,4";"1005,5";"1006,8";"1005,5";"0,5";"242,0";"4,1";"2289,50";""
"21/05/2024";"1800";"30,7";"31,7";"30,4";"67,0";"71,0";"64,0";"24,0";"24,8";"23,7";"1004,5";"1005,5";"1004,5";"0,5";"250,0";"3,0";"1411,40";""
"21/05/2024";"1900";"29,5";"30,7";"29,3";"78,0";"79,0";"68,0";"25,3";"25,3";"23,9";"1003,9";"1004,5";"1003,9";"0,1";"230,0";"3,0";"760,00";""
"21/05/2024";"2000";"30,7";"31,2";"29,5";"63,0";"80,0";"62,0";"22,8";"26,2";"22,7";"1003,4";"1003,9";"1003,4";"1,8";"281,0";"3,9";"1394,20";""
"21/05/2024";"2100";"";"";"";"";"";"";"";"";"";"";"";"";"";"";"";"";""
"21/05/2024";"2200";"";"";"";"";"";"";"";"";"";"";"";"";"";"";"";"";""
"21/05/2024";"2300";"";"";"";"";"";"";"";"";"";"";"";"";"";"";"";"";""
"22/05/2024";"0000";"";"";"";"";"";"";"";"";"";"";"";"";"";"";"";"";""
"22/05/2024";"0100";"";"";"";"";"";"";"";"";"";"";"";"";"";"";"";"";""
"22/05/2024";"0200";"";"";"";"";"";"";"";"";"";"";"";"";"";"";"";"";""
"22/05/2024";"0300";"";"";"";"";"";"";"";"";"";"";"";"";"";"";"";"";""
"22/05/2024";"0400";"";"";"";"";"";"";"";"";"";"";"";"";"";"";"";"";""
"22/05/2024";"0500";"";"";"";"";"";"";"";"";"";"";"";"";"";"";"";"";""
"22/05/2024";"0600";"";"";"";"";"";"";"";"";"";"";"";"";"";"";"";"";""
"22/05/2024";"0700";"";"";"";"";"";"";"";"";"";"";"";"";"";"";"";"";""
"22/05/2024";"0800";"";"";"";"";"";"";"";"";"";"";"";"";"";"";"";"";""
"22/05/2024";"0900";"";"";"";"";"";"";"";"";"";"";"";"";"";"";"";"";""
"22/05/2024";"1000";"";"";"";"";"";"";"";"";"";"";"";"";"";"";"";"";""
"22/05/2024";"1100";"";"";"";"";"";"";"";"";"";"";"";"";"";"";"";"";""
"22/05/2024";"1200";"";"";"";"";"";"";"";"";"";"";"";"";"";"";"";"";""
"22/05/2024";"1300";"28,5";"28,6";"27,6";"76,0";"81,0";"75,0";"23,9";"24,5";"23,5";"1008,6";"1008,6";"1008,3";"0,7";"212,0";"2,3";"1369,20";""
"22/05/2024";"1400";"29,7";"29,7";"28,5";"75,0";"79,0";"73,0";"24,8";"25,4";"23,5";"1008,8";"1008,8";"1008,6";"0,8";"232,0";"4,0";"1966,90";""
"22/05/2024";"1500";"30,4";"30,8";"29,3";"71,0";"77,0";"68,0";"24,4";"25,1";"23,8";"1008,5";"1008,8";"1008,5";"1,2";"238,0";"3,3";"2096,30";""
"22/05/2024";"1600";"30,5";"31,2";"30,2";"68,0";"73,0";"65,0";"24,0";"25,2";"23,2";"1007,3";"1008,5";"1007,3";"1,0";"239,0";"3,6";"2149,80";""
"22/05/2024";"1700";"31,5";"31,7";"30,2";"56,0";"69,0";"56,0";"21,7";"24,0";"21,7";"1005,9";"1007,3";"1005,9";"1,2";"255,0";"4,3";"2179,20";""
"22/05/2024";"1800";"31,6";"32,7";"31,5";"65,0";"65,0";"55,0";"24,1";"24,2";"22,1";"1004,7";"1005,9";"1004,7";"1,1";"215,0";"4,6";"2322,80";""
"22/05/2024";"1900";"31,9";"32,5";"31,5";"60,0";"66,0";"55,0";"23,2";"24,4";"22,3";"1003,9";"1004,7";"1003,9";"1,0";"208,0";"4,6";"1589,20";""
"22/05/2024";"2000";"31,8";"32,5";"31,8";"63,0";"66,0";"57,0";"23,9";"24,9";"22,8";"1003,9";"1004,0";"1003,8";"0,3";"217,0";"2,8";"1177,40";""
"22/05/2024";"2100";"";"";"";"";"";"";"";"";"";"";"";"";"";"";"";"";""
"22/05/2024";"2200";"";"";"";"";"";"";"";"";"";"";"";"";"";"";"";"";""
"22/05/2024";"2300";"";"";"";"";"";"";"";"";"";"";"";"";"";"";"";"";""
"23/05/2024";"0000";"";"";"";"";"";"";"";"";"";"";"";"";"";"";"";"";""
"23/05/2024";"0100";"";"";"";"";"";"";"";"";"";"";"";"";"";"";"";"";""
"23/05/2024";"0200";"";"";"";"";"";"";"";"";"";"";"";"";"";"";"";"";""
"23/05/2024";"0300";"";"";"";"";"";"";"";"";"";"";"";"";"";"";"";"";""
"23/05/2024";"0400";"";"";"";"";"";"";"";"";"";"";"";"";"";"";"";"";""
"23/05/2024";"0500";"";"";"";"";"";"";"";"";"";"";"";"";"";"";"";"";""
"23/05/2024";"0600";"";"";"";"";"";"";"";"";"";"";"";"";"";"";"";"";""
"23/05/2024";"0700";"";"";"";"";"";"";"";"";"";"";"";"";"";"";"";"";""
"23/05/2024";"0800";"";"";"";"";"";"";"";"";"";"";"";"";"";"";"";"";""
"23/05/2024";"0900";"";"";"";"";"";"";"";"";"";"";"";"";"";"";"";"";""
"23/05/2024";"1000";"";"";"";"";"";"";"";"";"";"";"";"";"";"";"";"";""
"23/05/2024";"1100";"";"";"";"";"";"";"";"";"";"";"";"";"";"";"";"";""
"23/05/2024";"1200";"";"";"";"";"";"";"";"";"";"";"";"";"";"";"";"";""
"23/05/2024";"1300";"28,7";"28,7";"27,6";"74,0";"83,0";"74,0";"23,7";"24,6";"23,4";"1008,4";"1008,5";"1008,3";"0,8";"266,0";"3,5";"1407,90";""
"23/05/2024";"1400";"29,7";"29,7";"28,7";"72,0";"76,0";"72,0";"24,1";"24,3";"23,6";"1008,6";"1008,6";"1008,4";"1,7";"259,0";"4,1";"1534,90";""
"23/05/2024";"1500";"30,3";"30,5";"29,5";"70,0";"72,0";"67,0";"24,3";"24,7";"23,2";"1008,1";"1008,6";"1008,1";"1,4";"256,0";"5,1";"2148,00";""
"23/05/2024";"1600";"31,4";"31,4";"30,3";"67,0";"71,0";"65,0";"24,6";"24,9";"23,9";"1007,2";"1008,1";"1007,2";"1,3";"256,0";"4,7";"2395,10";""
"23/05/2024";"1700";"31,6";"31,6";"31,0";"64,0";"69,0";"63,0";"23,9";"24,6";"23,6";"1006,2";"1007,3";"1006,2";"1,5";"261,0";"4,9";"2443,50";""
"23/05/2024";"1800";"30,0";"32,2";"29,9";"76,0";"76,0";"60,0";"25,4";"25,4";"23,4";"1004,9";"1006,2";"1004,9";"2,4";"296,0";"6,4";"2273,20";""
"23/05/2024";"1900";"30,6";"30,7";"30,0";"66,0";"77,0";"63,0";"23,4";"25,5";"22,8";"1004,1";"1004,9";"1004,1";"1,8";"280,0";"5,3";"1727,50";""
"23/05/2024";"2000";"29,9";"30,6";"29,1";"66,0";"67,0";"62,0";"22,8";"23,2";"21,4";"1003,4";"1004,1";"1003,4";"1,9";"279,0";"4,8";"1243,70";""
"23/05/2024";"2100";"";"";"";"";"";"";"";"";"";"";"";"";"";"";"";"";""
"23/05/2024";"2200";"";"";"";"";"";"";"";"";"";"";"";"";"";"";"";"";""
"23/05/2024";"2300";"";"";"";"";"";"";"";"";"";"";"";"";"";"";"";"";""
"24/05/2024";"0000";"";"";"";"";"";"";"";"";"";"";"";"";"";"";"";"";""
"24/05/2024";"0100";"";"";"";"";"";"";"";"";"";"";"";"";"";"";"";"";""
"24/05/2024";"0200";"";"";"";"";"";"";"";"";"";"";"";"";"";"";"";"";""
"24/05/2024";"0300";"";"";"";"";"";"";"";"";"";"";"";"";"";"";"";"";""
"24/05/2024";"0400";"";"";"";"";"";"";"";"";"";"";"";"";"";"";"";"";""
"24/05/2024";"0500";"";"";"";"";"";"";"";"";"";"";"";"";"";"";"";"";""
"24/05/2024";"0600";"";"";"";"";"";"";"";"";"";"";"";"";"";"";"";"";""
"24/05/2024";"0700";"";"";"";"";"";"";"";"";"";"";"";"";"";"";"";"";""
"24/05/2024";"0800";"";"";"";"";"";"";"";"";"";"";"";"";"";"";"";"";""
"24/05/2024";"0900";"";"";"";"";"";"";"";"";"";"";"";"";"";"";"";"";""
"24/05/2024";"1000";"";"";"";"";"";"";"";"";"";"";"";"";"";"";"";"";""
"24/05/2024";"1100";"";"";"";"";"";"";"";"";"";"";"";"";"";"";"";"";""
"24/05/2024";"1200";"28,1";"";"";"77,0";"";"";"23,6";"";"";"1007,3";"";"";"0,0";"241,0";"";"563,80";""
"24/05/2024";"1300";"29,0";"29,1";"28,1";"74,0";"78,0";"72,0";"23,9";"24,3";"23,2";"1007,9";"1007,9";"1007,3";"0,5";"216,0";"2,0";"1333,40";""
"24/05/2024";"1400";"30,5";"30,8";"29,0";"69,0";"75,0";"67,0";"24,1";"25,1";"23,1";"1007,7";"1007,9";"1007,7";"0,6";"233,0";"2,3";"2135,80";""
"24/05/2024";"1500";"30,6";"31,0";"30,2";"71,0";"72,0";"66,0";"24,7";"25,1";"23,6";"1007,0";"1007,7";"1007,0";"0,5";"243,0";"2,7";"2216,20";""
"24/05/2024";"1600";"31,0";"31,0";"29,9";"68,0";"74,0";"68,0";"24,5";"25,1";"24,1";"1006,3";"1007,1";"1006,3";"1,1";"217,0";"2,4";"1541,60";""
"24/05/2024";"1700";"31,5";"31,5";"30,8";"66,0";"71,0";"65,0";"24,4";"25,4";"23,8";"1005,3";"1006,3";"1005,3";"0,9";"224,0";"2,7";"1944,40";""
"24/05/2024";"1800";"31,6";"31,9";"31,1";"67,0";"70,0";"64,0";"24,7";"25,5";"23,9";"1004,3";"1005,3";"1004,3";"0,5";"232,0";"2,6";"1565,40";""
"24/05/2024";"1900";"31,2";"32,2";"31,0";"68,0";"69,0";"63,0";"24,6";"25,2";"24,2";"1003,8";"1004,3";"1003,8";"1,8";"244,0";"3,8";"1855,10";""
"24/05/2024";"2000";"29,5";"31,2";"29,3";"71,0";"77,0";"68,0";"23,7";"25,4";"23,6";"1003,7";"1003,8";"1003,5";"4,0";"238,0";"6,9";"727,30";""
"24/05/2024";"2100";"";"";"";"";"";"";"";"";"";"";"";"";"";"";"";"";""
"24/05/2024";"2200";"";"";"";"";"";"";"";"";"";"";"";"";"";"";"";"";""
"24/05/2024";"2300";"";"";"";"";"";"";"";"";"";"";"";"";"";"";"";"";""
"25/05/2024";"0000";"";"";"";"";"";"";"";"";"";"";"";"";"";"";"";"";""
"25/05/2024";"0100";"";"";"";"";"";"";"";"";"";"";"";"";"";"";"";"";""
"25/05/2024";"0200";"";"";"";"";"";"";"";"";"";"";"";"";"";"";"";"";""
"25/05/2024";"0300";"";"";"";"";"";"";"";"";"";"";"";"";"";"";"";"";""
"25/05/2024";"0400";"";"";"";"";"";"";"";"";"";"";"";"";"";"";"";"";""
"25/05/2024";"0500";"";"";"";"";"";"";"";"";"";"";"";"";"";"";"";"";""
"25/05/2024";"0600";"";"";"";"";"";"";"";"";"";"";"";"";"";"";"";"";""
"25/05/2024";"0700";"";"";"";"";"";"";"";"";"";"";"";"";"";"";"";"";""
"25/05/2024";"0800";"";"";"";"";"";"";"";"";"";"";"";"";"";"";"";"";""
"25/05/2024";"0900";"";"";"";"";"";"";"";"";"";"";"";"";"";"";"";"";""
"25/05/2024";"1000";"";"";"";"";"";"";"";"";"";"";"";"";"";"";"";"";""
"25/05/2024";"1100";"";"";"";"";"";"";"";"";"";"";"";"";"";"";"";"";""
"25/05/2024";"1200";"26,3";"";"";"77,0";"";"";"21,8";"";"";"1007,8";"";"";"0,6";"336,0";"";"668,40";""
"25/05/2024";"1300";"28,2";"28,4";"26,3";"76,0";"78,0";"72,0";"23,6";"23,6";"21,8";"1008,4";"1008,4";"1007,8";"0,8";"211,0";"1,8";"1601,80";""
"25/05/2024";"1400";"28,5";"28,6";"28,1";"73,0";"76,0";"72,0";"23,2";"23,9";"22,8";"1008,4";"1008,7";"1008,4";"1,0";"198,0";"2,3";"1940,60";""
"25/05/2024";"1500";"29,0";"29,2";"28,4";"72,0";"75,0";"70,0";"23,4";"23,6";"22,9";"1007,7";"1008,5";"1007,7";"1,2";"238,0";"2,7";"1975,80";""
"25/05/2024";"1600";"29,8";"30,0";"29,0";"71,0";"75,0";"70,0";"23,9";"24,5";"23,4";"1007,1";"1007,7";"1007,1";"1,2";"233,0";"2,2";"1808,30";""
"25/05/2024";"1700";"31,0";"31,1";"29,8";"68,0";"72,0";"66,0";"24,2";"24,7";"23,7";"1005,9";"1007,1";"1005,9";"1,7";"246,0";"2,6";"2440,10";""
"25/05/2024";"1800";"31,3";"31,4";"30,9";"66,0";"70,0";"66,0";"24,3";"25,0";"23,9";"1005,1";"1005,9";"1005,1";"1,3";"236,0";"2,8";"2567,30";""
"25/05/2024";"1900";"31,7";"31,9";"31,3";"64,0";"67,0";"61,0";"24,0";"24,6";"23,1";"1004,1";"1005,0";"1004,1";"1,0";"210,0";"2,5";"1821,90";""
"25/05/2024";"2000";"31,5";"31,7";"31,4";"65,0";"67,0";"61,0";"24,1";"24,8";"23,1";"1003,7";"1004,1";"1003,7";"1,0";"226,0";"2,2";"905,10";""
"25/05/2024";"2100";"";"";"";"";"";"";"";"";"";"";"";"";"";"";"";"";""
"25/05/2024";"2200";"";"";"";"";"";"";"";"";"";"";"";"";"";"";"";"";""
"25/05/2024";"2300";"";"";"";"";"";"";"";"";"";"";"";"";"";"";"";"";""
"26/05/2024";"0000";"";"";"";"";"";"";"";"";"";"";"";"";"";"";"";"";""
"26/05/2024";"0100";"";"";"";"";"";"";"";"";"";"";"";"";"";"";"";"";""
"26/05/2024";"0200";"";"";"";"";"";"";"";"";"";"";"";"";"";"";"";"";""
"26/05/2024";"0300";"";"";"";"";"";"";"";"";"";"";"";"";"";"";"";"";""
"26/05/2024";"0400";"";"";"";"";"";"";"";"";"";"";"";"";"";"";"";"";""
"26/05/2024";"0500";"";"";"";"";"";"";"";"";"";"";"";"";"";"";"";"";""
"26/05/2024";"0600";"";"";"";"";"";"";"";"";"";"";"";"";"";"";"";"";""
"26/05/2024";"0700";"";"";"";"";"";"";"";"";"";"";"";"";"";"";"";"";""
"26/05/2024";"0800";"";"";"";"";"";"";"";"";"";"";"";"";"";"";"";"";""
"26/05/2024";"0900";"";"";"";"";"";"";"";"";"";"";"";"";"";"";"";"";""
"26/05/2024";"1000";"";"";"";"";"";"";"";"";"";"";"";"";"";"";"";"";""
"26/05/2024";"1100";"";"";"";"";"";"";"";"";"";"";"";"";"";"";"";"";""
"26/05/2024";"1200";"26,8";"";"";"82,0";"";"";"23,4";"";"";"1008,1";"";"";"1,6";"297,0";"";"566,20";""
"26/05/2024";"1300";"28,1";"28,1";"26,8";"75,0";"82,0";"75,0";"23,3";"24,1";"23,2";"1008,4";"1008,4";"1008,1";"1,0";"293,0";"2,9";"1254,80";""
"26/05/2024";"1400";"29,2";"29,2";"28,1";"72,0";"78,0";"70,0";"23,7";"24,1";"22,9";"1008,3";"1008,4";"1008,3";"1,4";"304,0";"3,3";"1948,70";""
"26/05/2024";"1500";"30,1";"30,4";"29,2";"69,0";"74,0";"68,0";"23,9";"24,8";"23,2";"1007,9";"1008,4";"1007,9";"1,6";"276,0";"3,6";"1923,80";""
"26/05/2024";"1600";"30,6";"30,6";"29,9";"67,0";"72,0";"66,0";"23,9";"24,5";"23,3";"1007,0";"1007,9";"1007,0";"2,0";"284,0";"4,6";"2429,20";""
"26/05/2024";"1700";"30,1";"31,1";"30,1";"71,0";"71,0";"65,0";"24,2";"24,6";"23,5";"1006,3";"1007,0";"1006,3";"2,2";"275,0";"6,4";"1871,00";""
"26/05/2024";"1800";"30,3";"30,8";"30,0";"69,0";"73,0";"68,0";"24,0";"24,8";"24,0";"1005,0";"1006,4";"1005,0";"3,1";"283,0";"6,6";"2098,70";""
"26/05/2024";"1900";"30,5";"30,8";"30,1";"67,0";"70,0";"65,0";"23,6";"24,5";"23,2";"1004,3";"1005,0";"1004,3";"1,8";"277,0";"6,6";"1846,90";""
"26/05/2024";"2000";"29,8";"30,8";"29,8";"68,0";"69,0";"64,0";"23,2";"24,4";"22,8";"1004,2";"1004,4";"1003,9";"1,3";"273,0";"5,5";"1130,80";""
"26/05/2024";"2100";"";"";"";"";"";"";"";"";"";"";"";"";"";"";"";"";""
"26/05/2024";"2200";"";"";"";"";"";"";"";"";"";"";"";"";"";"";"";"";""
"26/05/2024";"2300";"";"";"";"";"";"";"";"";"";"";"";"";"";"";"";"";""
"27/05/2024";"0000";"";"";"";"";"";"";"";"";"";"";"";"";"";"";"";"";""
"27/05/2024";"0100";"";"";"";"";"";"";"";"";"";"";"";"";"";"";"";"";""
"27/05/2024";"0200";"";"";"";"";"";"";"";"";"";"";"";"";"";"";"";"";""
"27/05/2024";"0300";"";"";"";"";"";"";"";"";"";"";"";"";"";"";"";"";""
"27/05/2024";"0400";"";"";"";"";"";"";"";"";"";"";"";"";"";"";"";"";""
"27/05/2024";"0500";"";"";"";"";"";"";"";"";"";"";"";"";"";"";"";"";""
"27/05/2024";"0600";"";"";"";"";"";"";"";"";"";"";"";"";"";"";"";"";""
"27/05/2024";"0700";"";"";"";"";"";"";"";"";"";"";"";"";"";"";"";"";""
"27/05/2024";"0800";"";"";"";"";"";"";"";"";"";"";"";"";"";"";"";"";""
"27/05/2024";"0900";"";"";"";"";"";"";"";"";"";"";"";"";"";"";"";"";""
"27/05/2024";"1000";"";"";"";"";"";"";"";"";"";"";"";"";"";"";"";"";""
"27/05/2024";"1100";"";"";"";"";"";"";"";"";"";"";"";"";"";"";"";"";""
"27/05/2024";"1200";"";"";"";"";"";"";"";"";"";"";"";"";"";"";"";"";""
"27/05/2024";"1300";"";"";"";"";"";"";"";"";"";"";"";"";"";"";"";"";""
"27/05/2024";"1400";"";"";"";"";"";"";"";"";"";"";"";"";"";"";"";"";""
"27/05/2024";"1500";"";"";"";"";"";"";"";"";"";"";"";"";"";"";"";"";""
"27/05/2024";"1600";"25,9";"";"";"92,0";"";"";"24,4";"";"";"1008,7";"";"";"0,6";"294,0";"";"569,50";""
"27/05/2024";"1700";"26,2";"26,3";"25,6";"89,0";"92,0";"89,0";"24,2";"24,7";"24,0";"1008,1";"1008,7";"1008,1";"0,2";"230,0";"2,5";"739,50";""
"27/05/2024";"1800";"26,7";"26,8";"26,2";"85,0";"90,0";"85,0";"24,0";"24,4";"23,9";"1007,1";"1008,1";"1007,1";"0,2";"257,0";"2,3";"623,00";""
"27/05/2024";"1900";"26,6";"26,7";"26,4";"81,0";"85,0";"81,0";"23,1";"24,0";"23,0";"1006,5";"1007,1";"1006,5";"0,7";"233,0";"2,4";"894,50";""
"27/05/2024";"2000";"26,7";"26,9";"26,3";"80,0";"82,0";"79,0";"23,0";"23,4";"22,6";"1005,8";"1006,5";"1005,7";"1,9";"230,0";"3,7";"1118,10";""
"27/05/2024";"2100";"";"";"";"";"";"";"";"";"";"";"";"";"";"";"";"";""
"27/05/2024";"2200";"";"";"";"";"";"";"";"";"";"";"";"";"";"";"";"";""
"27/05/2024";"2300";"";"";"";"";"";"";"";"";"";"";"";"";"";"";"";"";""
"28/05/2024";"0000";"";"";"";"";"";"";"";"";"";"";"";"";"";"";"";"";""
"28/05/2024";"0100";"";"";"";"";"";"";"";"";"";"";"";"";"";"";"";"";""
"28/05/2024";"0200";"";"";"";"";"";"";"";"";"";"";"";"";"";"";"";"";""
"28/05/2024";"0300";"";"";"";"";"";"";"";"";"";"";"";"";"";"";"";"";""
"28/05/2024";"0400";"";"";"";"";"";"";"";"";"";"";"";"";"";"";"";"";""
"28/05/2024";"0500";"";"";"";"";"";"";"";"";"";"";"";"";"";"";"";"";""
"28/05/2024";"0600";"";"";"";"";"";"";"";"";"";"";"";"";"";"";"";"";""
"28/05/2024";"0700";"";"";"";"";"";"";"";"";"";"";"";"";"";"";"";"";""
"28/05/2024";"0800";"";"";"";"";"";"";"";"";"";"";"";"";"";"";"";"";""
"28/05/2024";"0900";"";"";"";"";"";"";"";"";"";"";"";"";"";"";"";"";""
"28/05/2024";"1000";"";"";"";"";"";"";"";"";"";"";"";"";"";"";"";"";""
"28/05/2024";"1100";"";"";"";"";"";"";"";"";"";"";"";"";"";"";"";"";""
"28/05/2024";"1200";"";"";"";"";"";"";"";"";"";"";"";"";"";"";"";"";""
"28/05/2024";"1300";"";"";"";"";"";"";"";"";"";"";"";"";"";"";"";"";""
"28/05/2024";"1400";"";"";"";"";"";"";"";"";"";"";"";"";"";"";"";"";""
"28/05/2024";"1500";"";"";"";"";"";"";"";"";"";"";"";"";"";"";"";"";""
"28/05/2024";"1600";"";"";"";"";"";"";"";"";"";"";"";"";"";"";"";"";""
"28/05/2024";"1700";"";"";"";"";"";"";"";"";"";"";"";"";"";"";"";"";""
"28/05/2024";"1800";"";"";"";"";"";"";"";"";"";"";"";"";"";"";"";"";""
"28/05/2024";"1900";"";"";"";"";"";"";"";"";"";"";"";"";"";"";"";"";""
"28/05/2024";"2000";"";"";"";"";"";"";"";"";"";"";"";"";"";"";"";"";""
"28/05/2024";"2100";"";"";"";"";"";"";"";"";"";"";"";"";"";"";"";"";""
"28/05/2024";"2200";"";"";"";"";"";"";"";"";"";"";"";"";"";"";"";"";""
"28/05/2024";"2300";"";"";"";"";"";"";"";"";"";"";"";"";"";"";"";"";""
"29/05/2024";"0000";"";"";"";"";"";"";"";"";"";"";"";"";"";"";"";"";""
"29/05/2024";"0100";"";"";"";"";"";"";"";"";"";"";"";"";"";"";"";"";""
"29/05/2024";"0200";"";"";"";"";"";"";"";"";"";"";"";"";"";"";"";"";""
"29/05/2024";"0300";"";"";"";"";"";"";"";"";"";"";"";"";"";"";"";"";""
"29/05/2024";"0400";"";"";"";"";"";"";"";"";"";"";"";"";"";"";"";"";""
"29/05/2024";"0500";"";"";"";"";"";"";"";"";"";"";"";"";"";"";"";"";""
"29/05/2024";"0600";"";"";"";"";"";"";"";"";"";"";"";"";"";"";"";"";""
"29/05/2024";"0700";"";"";"";"";"";"";"";"";"";"";"";"";"";"";"";"";""
"29/05/2024";"0800";"";"";"";"";"";"";"";"";"";"";"";"";"";"";"";"";""
"29/05/2024";"0900";"";"";"";"";"";"";"";"";"";"";"";"";"";"";"";"";""
"29/05/2024";"1000";"";"";"";"";"";"";"";"";"";"";"";"";"";"";"";"";""
"29/05/2024";"1100";"";"";"";"";"";"";"";"";"";"";"";"";"";"";"";"";""
"29/05/2024";"1200";"";"";"";"";"";"";"";"";"";"";"";"";"";"";"";"";""
"29/05/2024";"1300";"";"";"";"";"";"";"";"";"";"";"";"";"";"";"";"";""
"29/05/2024";"1400";"";"";"";"";"";"";"";"";"";"";"";"";"";"";"";"";""
"29/05/2024";"1500";"";"";"";"";"";"";"";"";"";"";"";"";"";"";"";"";""
"29/05/2024";"1600";"";"";"";"";"";"";"";"";"";"";"";"";"";"";"";"";""
"29/05/2024";"1700";"";"";"";"";"";"";"";"";"";"";"";"";"";"";"";"";""
"29/05/2024";"1800";"";"";"";"";"";"";"";"";"";"";"";"";"";"";"";"";""
"29/05/2024";"1900";"";"";"";"";"";"";"";"";"";"";"";"";"";"";"";"";""
"29/05/2024";"2000";"";"";"";"";"";"";"";"";"";"";"";"";"";"";"";"";""
"29/05/2024";"2100";"";"";"";"";"";"";"";"";"";"";"";"";"";"";"";"";""
"29/05/2024";"2200";"";"";"";"";"";"";"";"";"";"";"";"";"";"";"";"";""
"29/05/2024";"2300";"";"";"";"";"";"";"";"";"";"";"";"";"";"";"";"";""
"30/05/2024";"0000";"";"";"";"";"";"";"";"";"";"";"";"";"";"";"";"";""
"30/05/2024";"0100";"";"";"";"";"";"";"";"";"";"";"";"";"";"";"";"";""
"30/05/2024";"0200";"";"";"";"";"";"";"";"";"";"";"";"";"";"";"";"";""
"30/05/2024";"0300";"";"";"";"";"";"";"";"";"";"";"";"";"";"";"";"";""
"30/05/2024";"0400";"";"";"";"";"";"";"";"";"";"";"";"";"";"";"";"";""
"30/05/2024";"0500";"";"";"";"";"";"";"";"";"";"";"";"";"";"";"";"";""
"30/05/2024";"0600";"";"";"";"";"";"";"";"";"";"";"";"";"";"";"";"";""
"30/05/2024";"0700";"";"";"";"";"";"";"";"";"";"";"";"";"";"";"";"";""
"30/05/2024";"0800";"";"";"";"";"";"";"";"";"";"";"";"";"";"";"";"";""
"30/05/2024";"0900";"";"";"";"";"";"";"";"";"";"";"";"";"";"";"";"";""
"30/05/2024";"1000";"";"";"";"";"";"";"";"";"";"";"";"";"";"";"";"";""
"30/05/2024";"1100";"";"";"";"";"";"";"";"";"";"";"";"";"";"";"";"";""
"30/05/2024";"1200";"";"";"";"";"";"";"";"";"";"";"";"";"";"";"";"";""
"30/05/2024";"1300";"";"";"";"";"";"";"";"";"";"";"";"";"";"";"";"";""
"30/05/2024";"1400";"";"";"";"";"";"";"";"";"";"";"";"";"";"";"";"";""
"30/05/2024";"1500";"";"";"";"";"";"";"";"";"";"";"";"";"";"";"";"";""
"30/05/2024";"1600";"";"";"";"";"";"";"";"";"";"";"";"";"";"";"";"";""
"30/05/2024";"1700";"";"";"";"";"";"";"";"";"";"";"";"";"";"";"";"";""
"30/05/2024";"1800";"";"";"";"";"";"";"";"";"";"";"";"";"";"";"";"";""
"30/05/2024";"1900";"";"";"";"";"";"";"";"";"";"";"";"";"";"";"";"";""
"30/05/2024";"2000";"";"";"";"";"";"";"";"";"";"";"";"";"";"";"";"";""
"30/05/2024";"2100";"";"";"";"";"";"";"";"";"";"";"";"";"";"";"";"";""
"30/05/2024";"2200";"";"";"";"";"";"";"";"";"";"";"";"";"";"";"";"";""
"30/05/2024";"2300";"";"";"";"";"";"";"";"";"";"";"";"";"";"";"";"";""
"31/05/2024";"0000";"";"";"";"";"";"";"";"";"";"";"";"";"";"";"";"";""
"31/05/2024";"0100";"";"";"";"";"";"";"";"";"";"";"";"";"";"";"";"";""
"31/05/2024";"0200";"";"";"";"";"";"";"";"";"";"";"";"";"";"";"";"";""
"31/05/2024";"0300";"";"";"";"";"";"";"";"";"";"";"";"";"";"";"";"";""
"31/05/2024";"0400";"";"";"";"";"";"";"";"";"";"";"";"";"";"";"";"";""
"31/05/2024";"0500";"";"";"";"";"";"";"";"";"";"";"";"";"";"";"";"";""
"31/05/2024";"0600";"";"";"";"";"";"";"";"";"";"";"";"";"";"";"";"";""
"31/05/2024";"0700";"";"";"";"";"";"";"";"";"";"";"";"";"";"";"";"";""
"31/05/2024";"0800";"";"";"";"";"";"";"";"";"";"";"";"";"";"";"";"";""
"31/05/2024";"0900";"";"";"";"";"";"";"";"";"";"";"";"";"";"";"";"";""
"31/05/2024";"1000";"";"";"";"";"";"";"";"";"";"";"";"";"";"";"";"";""
"31/05/2024";"1100";"";"";"";"";"";"";"";"";"";"";"";"";"";"";"";"";""
"31/05/2024";"1200";"";"";"";"";"";"";"";"";"";"";"";"";"";"";"";"";""
"31/05/2024";"1300";"";"";"";"";"";"";"";"";"";"";"";"";"";"";"";"";""
"31/05/2024";"1400";"";"";"";"";"";"";"";"";"";"";"";"";"";"";"";"";""
"31/05/2024";"1500";"";"";"";"";"";"";"";"";"";"";"";"";"";"";"";"";""
"31/05/2024";"1600";"";"";"";"";"";"";"";"";"";"";"";"";"";"";"";"";""
"31/05/2024";"1700";"";"";"";"";"";"";"";"";"";"";"";"";"";"";"";"";""
"31/05/2024";"1800";"";"";"";"";"";"";"";"";"";"";"";"";"";"";"";"";""
"31/05/2024";"1900";"";"";"";"";"";"";"";"";"";"";"";"";"";"";"";"";""
"31/05/2024";"2000";"";"";"";"";"";"";"";"";"";"";"";"";"";"";"";"";""
"31/05/2024";"2100";"";"";"";"";"";"";"";"";"";"";"";"";"";"";"";"";""
"31/05/2024";"2200";"";"";"";"";"";"";"";"";"";"";"";"";"";"";"";"";""
"31/05/2024";"2300";"";"";"";"";"";"";"";"";"";"";"";"";"";"";"";"";""
"01/06/2024";"0000";"";"";"";"";"";"";"";"";"";"";"";"";"";"";"";"";""
"01/06/2024";"0100";"";"";"";"";"";"";"";"";"";"";"";"";"";"";"";"";""
"01/06/2024";"0200";"";"";"";"";"";"";"";"";"";"";"";"";"";"";"";"";""
"01/06/2024";"0300";"";"";"";"";"";"";"";"";"";"";"";"";"";"";"";"";""
"01/06/2024";"0400";"";"";"";"";"";"";"";"";"";"";"";"";"";"";"";"";""
"01/06/2024";"0500";"";"";"";"";"";"";"";"";"";"";"";"";"";"";"";"";""
"01/06/2024";"0600";"";"";"";"";"";"";"";"";"";"";"";"";"";"";"";"";""
"01/06/2024";"0700";"";"";"";"";"";"";"";"";"";"";"";"";"";"";"";"";""
"01/06/2024";"0800";"";"";"";"";"";"";"";"";"";"";"";"";"";"";"";"";""
"01/06/2024";"0900";"";"";"";"";"";"";"";"";"";"";"";"";"";"";"";"";""
"01/06/2024";"1000";"";"";"";"";"";"";"";"";"";"";"";"";"";"";"";"";""
"01/06/2024";"1100";"";"";"";"";"";"";"";"";"";"";"";"";"";"";"";"";""
"01/06/2024";"1200";"";"";"";"";"";"";"";"";"";"";"";"";"";"";"";"";""
"01/06/2024";"1300";"";"";"";"";"";"";"";"";"";"";"";"";"";"";"";"";""
"01/06/2024";"1400";"";"";"";"";"";"";"";"";"";"";"";"";"";"";"";"";""
"01/06/2024";"1500";"";"";"";"";"";"";"";"";"";"";"";"";"";"";"";"";""
"01/06/2024";"1600";"";"";"";"";"";"";"";"";"";"";"";"";"";"";"";"";""
"01/06/2024";"1700";"";"";"";"";"";"";"";"";"";"";"";"";"";"";"";"";""
"01/06/2024";"1800";"";"";"";"";"";"";"";"";"";"";"";"";"";"";"";"";""
"01/06/2024";"1900";"";"";"";"";"";"";"";"";"";"";"";"";"";"";"";"";""
"01/06/2024";"2000";"";"";"";"";"";"";"";"";"";"";"";"";"";"";"";"";""
"01/06/2024";"2100";"";"";"";"";"";"";"";"";"";"";"";"";"";"";"";"";""
"01/06/2024";"2200";"";"";"";"";"";"";"";"";"";"";"";"";"";"";"";"";""
"01/06/2024";"2300";"";"";"";"";"";"";"";"";"";"";"";"";"";"";"";"";""
"02/06/2024";"0000";"";"";"";"";"";"";"";"";"";"";"";"";"";"";"";"";""
"02/06/2024";"0100";"";"";"";"";"";"";"";"";"";"";"";"";"";"";"";"";""
"02/06/2024";"0200";"";"";"";"";"";"";"";"";"";"";"";"";"";"";"";"";""
"02/06/2024";"0300";"";"";"";"";"";"";"";"";"";"";"";"";"";"";"";"";""
"02/06/2024";"0400";"";"";"";"";"";"";"";"";"";"";"";"";"";"";"";"";""
"02/06/2024";"0500";"";"";"";"";"";"";"";"";"";"";"";"";"";"";"";"";""
"02/06/2024";"0600";"";"";"";"";"";"";"";"";"";"";"";"";"";"";"";"";""
"02/06/2024";"0700";"";"";"";"";"";"";"";"";"";"";"";"";"";"";"";"";""
"02/06/2024";"0800";"";"";"";"";"";"";"";"";"";"";"";"";"";"";"";"";""
"02/06/2024";"0900";"";"";"";"";"";"";"";"";"";"";"";"";"";"";"";"";""
"02/06/2024";"1000";"";"";"";"";"";"";"";"";"";"";"";"";"";"";"";"";""
"02/06/2024";"1100";"";"";"";"";"";"";"";"";"";"";"";"";"";"";"";"";""
"02/06/2024";"1200";"";"";"";"";"";"";"";"";"";"";"";"";"";"";"";"";""
"02/06/2024";"1300";"";"";"";"";"";"";"";"";"";"";"";"";"";"";"";"";""
"02/06/2024";"1400";"";"";"";"";"";"";"";"";"";"";"";"";"";"";"";"";""
"02/06/2024";"1500";"";"";"";"";"";"";"";"";"";"";"";"";"";"";"";"";""
"02/06/2024";"1600";"";"";"";"";"";"";"";"";"";"";"";"";"";"";"";"";""
"02/06/2024";"1700";"";"";"";"";"";"";"";"";"";"";"";"";"";"";"";"";""
"02/06/2024";"1800";"";"";"";"";"";"";"";"";"";"";"";"";"";"";"";"";""
"02/06/2024";"1900";"";"";"";"";"";"";"";"";"";"";"";"";"";"";"";"";""
"02/06/2024";"2000";"";"";"";"";"";"";"";"";"";"";"";"";"";"";"";"";""
"02/06/2024";"2100";"";"";"";"";"";"";"";"";"";"";"";"";"";"";"";"";""
"02/06/2024";"2200";"";"";"";"";"";"";"";"";"";"";"";"";"";"";"";"";""
"02/06/2024";"2300";"";"";"";"";"";"";"";"";"";"";"";"";"";"";"";"";""
"03/06/2024";"0000";"";"";"";"";"";"";"";"";"";"";"";"";"";"";"";"";""
"03/06/2024";"0100";"";"";"";"";"";"";"";"";"";"";"";"";"";"";"";"";""
"03/06/2024";"0200";"";"";"";"";"";"";"";"";"";"";"";"";"";"";"";"";""
"03/06/2024";"0300";"";"";"";"";"";"";"";"";"";"";"";"";"";"";"";"";""
"03/06/2024";"0400";"";"";"";"";"";"";"";"";"";"";"";"";"";"";"";"";""
"03/06/2024";"0500";"";"";"";"";"";"";"";"";"";"";"";"";"";"";"";"";""
"03/06/2024";"0600";"";"";"";"";"";"";"";"";"";"";"";"";"";"";"";"";""
"03/06/2024";"0700";"";"";"";"";"";"";"";"";"";"";"";"";"";"";"";"";""
"03/06/2024";"0800";"";"";"";"";"";"";"";"";"";"";"";"";"";"";"";"";""
"03/06/2024";"0900";"";"";"";"";"";"";"";"";"";"";"";"";"";"";"";"";""
"03/06/2024";"1000";"";"";"";"";"";"";"";"";"";"";"";"";"";"";"";"";""
"03/06/2024";"1100";"";"";"";"";"";"";"";"";"";"";"";"";"";"";"";"";""
"03/06/2024";"1200";"";"";"";"";"";"";"";"";"";"";"";"";"";"";"";"";""
"03/06/2024";"1300";"";"";"";"";"";"";"";"";"";"";"";"";"";"";"";"";""
"03/06/2024";"1400";"";"";"";"";"";"";"";"";"";"";"";"";"";"";"";"";""
"03/06/2024";"1500";"";"";"";"";"";"";"";"";"";"";"";"";"";"";"";"";""
"03/06/2024";"1600";"";"";"";"";"";"";"";"";"";"";"";"";"";"";"";"";""
"03/06/2024";"1700";"";"";"";"";"";"";"";"";"";"";"";"";"";"";"";"";""
"03/06/2024";"1800";"";"";"";"";"";"";"";"";"";"";"";"";"";"";"";"";""
"03/06/2024";"1900";"";"";"";"";"";"";"";"";"";"";"";"";"";"";"";"";""
"03/06/2024";"2000";"";"";"";"";"";"";"";"";"";"";"";"";"";"";"";"";""
"03/06/2024";"2100";"";"";"";"";"";"";"";"";"";"";"";"";"";"";"";"";""
"03/06/2024";"2200";"";"";"";"";"";"";"";"";"";"";"";"";"";"";"";"";""
"03/06/2024";"2300";"";"";"";"";"";"";"";"";"";"";"";"";"";"";"";"";""
"04/06/2024";"0000";"";"";"";"";"";"";"";"";"";"";"";"";"";"";"";"";""
"04/06/2024";"0100";"";"";"";"";"";"";"";"";"";"";"";"";"";"";"";"";""
"04/06/2024";"0200";"";"";"";"";"";"";"";"";"";"";"";"";"";"";"";"";""
"04/06/2024";"0300";"";"";"";"";"";"";"";"";"";"";"";"";"";"";"";"";""
"04/06/2024";"0400";"";"";"";"";"";"";"";"";"";"";"";"";"";"";"";"";""
"04/06/2024";"0500";"";"";"";"";"";"";"";"";"";"";"";"";"";"";"";"";""
"04/06/2024";"0600";"";"";"";"";"";"";"";"";"";"";"";"";"";"";"";"";""
"04/06/2024";"0700";"";"";"";"";"";"";"";"";"";"";"";"";"";"";"";"";""
"04/06/2024";"0800";"";"";"";"";"";"";"";"";"";"";"";"";"";"";"";"";""
"04/06/2024";"0900";"";"";"";"";"";"";"";"";"";"";"";"";"";"";"";"";""
"04/06/2024";"1000";"";"";"";"";"";"";"";"";"";"";"";"";"";"";"";"";""
"04/06/2024";"1100";"";"";"";"";"";"";"";"";"";"";"";"";"";"";"";"";""
"04/06/2024";"1200";"";"";"";"";"";"";"";"";"";"";"";"";"";"";"";"";""
"04/06/2024";"1300";"";"";"";"";"";"";"";"";"";"";"";"";"";"";"";"";""
"04/06/2024";"1400";"";"";"";"";"";"";"";"";"";"";"";"";"";"";"";"";""
"04/06/2024";"1500";"";"";"";"";"";"";"";"";"";"";"";"";"";"";"";"";""
"04/06/2024";"1600";"";"";"";"";"";"";"";"";"";"";"";"";"";"";"";"";""
"04/06/2024";"1700";"";"";"";"";"";"";"";"";"";"";"";"";"";"";"";"";""
"04/06/2024";"1800";"";"";"";"";"";"";"";"";"";"";"";"";"";"";"";"";""
"04/06/2024";"1900";"";"";"";"";"";"";"";"";"";"";"";"";"";"";"";"";""
"04/06/2024";"2000";"";"";"";"";"";"";"";"";"";"";"";"";"";"";"";"";""
"04/06/2024";"2100";"";"";"";"";"";"";"";"";"";"";"";"";"";"";"";"";""
"04/06/2024";"2200";"";"";"";"";"";"";"";"";"";"";"";"";"";"";"";"";""
"04/06/2024";"2300";"";"";"";"";"";"";"";"";"";"";"";"";"";"";"";"";""
"05/06/2024";"0000";"";"";"";"";"";"";"";"";"";"";"";"";"";"";"";"";""
"05/06/2024";"0100";"";"";"";"";"";"";"";"";"";"";"";"";"";"";"";"";""
"05/06/2024";"0200";"";"";"";"";"";"";"";"";"";"";"";"";"";"";"";"";""
"05/06/2024";"0300";"";"";"";"";"";"";"";"";"";"";"";"";"";"";"";"";""
"05/06/2024";"0400";"";"";"";"";"";"";"";"";"";"";"";"";"";"";"";"";""
"05/06/2024";"0500";"";"";"";"";"";"";"";"";"";"";"";"";"";"";"";"";""
"05/06/2024";"0600";"";"";"";"";"";"";"";"";"";"";"";"";"";"";"";"";""
"05/06/2024";"0700";"";"";"";"";"";"";"";"";"";"";"";"";"";"";"";"";""
"05/06/2024";"0800";"";"";"";"";"";"";"";"";"";"";"";"";"";"";"";"";""
"05/06/2024";"0900";"";"";"";"";"";"";"";"";"";"";"";"";"";"";"";"";""
"05/06/2024";"1000";"";"";"";"";"";"";"";"";"";"";"";"";"";"";"";"";""
"05/06/2024";"1100";"";"";"";"";"";"";"";"";"";"";"";"";"";"";"";"";""
"05/06/2024";"1200";"";"";"";"";"";"";"";"";"";"";"";"";"";"";"";"";""
"05/06/2024";"1300";"";"";"";"";"";"";"";"";"";"";"";"";"";"";"";"";""
"05/06/2024";"1400";"";"";"";"";"";"";"";"";"";"";"";"";"";"";"";"";""
"05/06/2024";"1500";"";"";"";"";"";"";"";"";"";"";"";"";"";"";"";"";""
"05/06/2024";"1600";"";"";"";"";"";"";"";"";"";"";"";"";"";"";"";"";""
"05/06/2024";"1700";"";"";"";"";"";"";"";"";"";"";"";"";"";"";"";"";""
"05/06/2024";"1800";"";"";"";"";"";"";"";"";"";"";"";"";"";"";"";"";""
"05/06/2024";"1900";"";"";"";"";"";"";"";"";"";"";"";"";"";"";"";"";""
"05/06/2024";"2000";"";"";"";"";"";"";"";"";"";"";"";"";"";"";"";"";""
"05/06/2024";"2100";"";"";"";"";"";"";"";"";"";"";"";"";"";"";"";"";""
"05/06/2024";"2200";"";"";"";"";"";"";"";"";"";"";"";"";"";"";"";"";""
"05/06/2024";"2300";"";"";"";"";"";"";"";"";"";"";"";"";"";"";"";"";""
"06/06/2024";"0000";"";"";"";"";"";"";"";"";"";"";"";"";"";"";"";"";""
"06/06/2024";"0100";"";"";"";"";"";"";"";"";"";"";"";"";"";"";"";"";""
"06/06/2024";"0200";"";"";"";"";"";"";"";"";"";"";"";"";"";"";"";"";""
"06/06/2024";"0300";"";"";"";"";"";"";"";"";"";"";"";"";"";"";"";"";""
"06/06/2024";"0400";"";"";"";"";"";"";"";"";"";"";"";"";"";"";"";"";""
"06/06/2024";"0500";"";"";"";"";"";"";"";"";"";"";"";"";"";"";"";"";""
"06/06/2024";"0600";"";"";"";"";"";"";"";"";"";"";"";"";"";"";"";"";""
"06/06/2024";"0700";"";"";"";"";"";"";"";"";"";"";"";"";"";"";"";"";""
"06/06/2024";"0800";"";"";"";"";"";"";"";"";"";"";"";"";"";"";"";"";""
"06/06/2024";"0900";"";"";"";"";"";"";"";"";"";"";"";"";"";"";"";"";""
"06/06/2024";"1000";"";"";"";"";"";"";"";"";"";"";"";"";"";"";"";"";""
"06/06/2024";"1100";"";"";"";"";"";"";"";"";"";"";"";"";"";"";"";"";""
"06/06/2024";"1200";"";"";"";"";"";"";"";"";"";"";"";"";"";"";"";"";""
"06/06/2024";"1300";"";"";"";"";"";"";"";"";"";"";"";"";"";"";"";"";""
"06/06/2024";"1400";"";"";"";"";"";"";"";"";"";"";"";"";"";"";"";"";""
"06/06/2024";"1500";"";"";"";"";"";"";"";"";"";"";"";"";"";"";"";"";""
"06/06/2024";"1600";"";"";"";"";"";"";"";"";"";"";"";"";"";"";"";"";""
"06/06/2024";"1700";"";"";"";"";"";"";"";"";"";"";"";"";"";"";"";"";""
"06/06/2024";"1800";"";"";"";"";"";"";"";"";"";"";"";"";"";"";"";"";""
"06/06/2024";"1900";"";"";"";"";"";"";"";"";"";"";"";"";"";"";"";"";""
"06/06/2024";"2000";"";"";"";"";"";"";"";"";"";"";"";"";"";"";"";"";""
"06/06/2024";"2100";"";"";"";"";"";"";"";"";"";"";"";"";"";"";"";"";""
"06/06/2024";"2200";"";"";"";"";"";"";"";"";"";"";"";"";"";"";"";"";""
"06/06/2024";"2300";"";"";"";"";"";"";"";"";"";"";"";"";"";"";"";"";""
"07/06/2024";"0000";"";"";"";"";"";"";"";"";"";"";"";"";"";"";"";"";""
"07/06/2024";"0100";"";"";"";"";"";"";"";"";"";"";"";"";"";"";"";"";""
"07/06/2024";"0200";"";"";"";"";"";"";"";"";"";"";"";"";"";"";"";"";""
"07/06/2024";"0300";"";"";"";"";"";"";"";"";"";"";"";"";"";"";"";"";""
"07/06/2024";"0400";"";"";"";"";"";"";"";"";"";"";"";"";"";"";"";"";""
"07/06/2024";"0500";"";"";"";"";"";"";"";"";"";"";"";"";"";"";"";"";""
"07/06/2024";"0600";"";"";"";"";"";"";"";"";"";"";"";"";"";"";"";"";""
"07/06/2024";"0700";"";"";"";"";"";"";"";"";"";"";"";"";"";"";"";"";""
"07/06/2024";"0800";"";"";"";"";"";"";"";"";"";"";"";"";"";"";"";"";""
"07/06/2024";"0900";"";"";"";"";"";"";"";"";"";"";"";"";"";"";"";"";""
"07/06/2024";"1000";"";"";"";"";"";"";"";"";"";"";"";"";"";"";"";"";""
"07/06/2024";"1100";"";"";"";"";"";"";"";"";"";"";"";"";"";"";"";"";""
"07/06/2024";"1200";"";"";"";"";"";"";"";"";"";"";"";"";"";"";"";"";""
"07/06/2024";"1300";"";"";"";"";"";"";"";"";"";"";"";"";"";"";"";"";""
"07/06/2024";"1400";"";"";"";"";"";"";"";"";"";"";"";"";"";"";"";"";""
"07/06/2024";"1500";"";"";"";"";"";"";"";"";"";"";"";"";"";"";"";"";""
"07/06/2024";"1600";"";"";"";"";"";"";"";"";"";"";"";"";"";"";"";"";""
"07/06/2024";"1700";"";"";"";"";"";"";"";"";"";"";"";"";"";"";"";"";""
"07/06/2024";"1800";"";"";"";"";"";"";"";"";"";"";"";"";"";"";"";"";""
"07/06/2024";"1900";"";"";"";"";"";"";"";"";"";"";"";"";"";"";"";"";""
"07/06/2024";"2000";"";"";"";"";"";"";"";"";"";"";"";"";"";"";"";"";""
"07/06/2024";"2100";"";"";"";"";"";"";"";"";"";"";"";"";"";"";"";"";""
"07/06/2024";"2200";"";"";"";"";"";"";"";"";"";"";"";"";"";"";"";"";""
"07/06/2024";"2300";"";"";"";"";"";"";"";"";"";"";"";"";"";"";"";"";""
"08/06/2024";"0000";"";"";"";"";"";"";"";"";"";"";"";"";"";"";"";"";""
"08/06/2024";"0100";"";"";"";"";"";"";"";"";"";"";"";"";"";"";"";"";""
"08/06/2024";"0200";"";"";"";"";"";"";"";"";"";"";"";"";"";"";"";"";""
"08/06/2024";"0300";"";"";"";"";"";"";"";"";"";"";"";"";"";"";"";"";""
"08/06/2024";"0400";"";"";"";"";"";"";"";"";"";"";"";"";"";"";"";"";""
"08/06/2024";"0500";"";"";"";"";"";"";"";"";"";"";"";"";"";"";"";"";""
"08/06/2024";"0600";"";"";"";"";"";"";"";"";"";"";"";"";"";"";"";"";""
"08/06/2024";"0700";"";"";"";"";"";"";"";"";"";"";"";"";"";"";"";"";""
"08/06/2024";"0800";"";"";"";"";"";"";"";"";"";"";"";"";"";"";"";"";""
"08/06/2024";"0900";"";"";"";"";"";"";"";"";"";"";"";"";"";"";"";"";""
"08/06/2024";"1000";"";"";"";"";"";"";"";"";"";"";"";"";"";"";"";"";""
"08/06/2024";"1100";"";"";"";"";"";"";"";"";"";"";"";"";"";"";"";"";""
"08/06/2024";"1200";"";"";"";"";"";"";"";"";"";"";"";"";"";"";"";"";""
"08/06/2024";"1300";"";"";"";"";"";"";"";"";"";"";"";"";"";"";"";"";""
"08/06/2024";"1400";"";"";"";"";"";"";"";"";"";"";"";"";"";"";"";"";""
"08/06/2024";"1500";"";"";"";"";"";"";"";"";"";"";"";"";"";"";"";"";""
"08/06/2024";"1600";"";"";"";"";"";"";"";"";"";"";"";"";"";"";"";"";""
"08/06/2024";"1700";"";"";"";"";"";"";"";"";"";"";"";"";"";"";"";"";""
"08/06/2024";"1800";"";"";"";"";"";"";"";"";"";"";"";"";"";"";"";"";""
"08/06/2024";"1900";"";"";"";"";"";"";"";"";"";"";"";"";"";"";"";"";""
"08/06/2024";"2000";"";"";"";"";"";"";"";"";"";"";"";"";"";"";"";"";""
"08/06/2024";"2100";"";"";"";"";"";"";"";"";"";"";"";"";"";"";"";"";""
"08/06/2024";"2200";"";"";"";"";"";"";"";"";"";"";"";"";"";"";"";"";""
"08/06/2024";"2300";"";"";"";"";"";"";"";"";"";"";"";"";"";"";"";"";""
"09/06/2024";"0000";"";"";"";"";"";"";"";"";"";"";"";"";"";"";"";"";""
"09/06/2024";"0100";"";"";"";"";"";"";"";"";"";"";"";"";"";"";"";"";""
"09/06/2024";"0200";"";"";"";"";"";"";"";"";"";"";"";"";"";"";"";"";""
"09/06/2024";"0300";"";"";"";"";"";"";"";"";"";"";"";"";"";"";"";"";""
"09/06/2024";"0400";"";"";"";"";"";"";"";"";"";"";"";"";"";"";"";"";""
"09/06/2024";"0500";"";"";"";"";"";"";"";"";"";"";"";"";"";"";"";"";""
"09/06/2024";"0600";"";"";"";"";"";"";"";"";"";"";"";"";"";"";"";"";""
"09/06/2024";"0700";"";"";"";"";"";"";"";"";"";"";"";"";"";"";"";"";""
"09/06/2024";"0800";"";"";"";"";"";"";"";"";"";"";"";"";"";"";"";"";""
"09/06/2024";"0900";"";"";"";"";"";"";"";"";"";"";"";"";"";"";"";"";""
"09/06/2024";"1000";"";"";"";"";"";"";"";"";"";"";"";"";"";"";"";"";""
"09/06/2024";"1100";"";"";"";"";"";"";"";"";"";"";"";"";"";"";"";"";""
"09/06/2024";"1200";"";"";"";"";"";"";"";"";"";"";"";"";"";"";"";"";""
"09/06/2024";"1300";"";"";"";"";"";"";"";"";"";"";"";"";"";"";"";"";""
"09/06/2024";"1400";"";"";"";"";"";"";"";"";"";"";"";"";"";"";"";"";""
"09/06/2024";"1500";"";"";"";"";"";"";"";"";"";"";"";"";"";"";"";"";""
"09/06/2024";"1600";"";"";"";"";"";"";"";"";"";"";"";"";"";"";"";"";""
"09/06/2024";"1700";"";"";"";"";"";"";"";"";"";"";"";"";"";"";"";"";""
"09/06/2024";"1800";"";"";"";"";"";"";"";"";"";"";"";"";"";"";"";"";""
"09/06/2024";"1900";"";"";"";"";"";"";"";"";"";"";"";"";"";"";"";"";""
"09/06/2024";"2000";"";"";"";"";"";"";"";"";"";"";"";"";"";"";"";"";""
"09/06/2024";"2100";"";"";"";"";"";"";"";"";"";"";"";"";"";"";"";"";""
"09/06/2024";"2200";"";"";"";"";"";"";"";"";"";"";"";"";"";"";"";"";""
"09/06/2024";"2300";"";"";"";"";"";"";"";"";"";"";"";"";"";"";"";"";""
"10/06/2024";"0000";"";"";"";"";"";"";"";"";"";"";"";"";"";"";"";"";""
"10/06/2024";"0100";"";"";"";"";"";"";"";"";"";"";"";"";"";"";"";"";""
"10/06/2024";"0200";"";"";"";"";"";"";"";"";"";"";"";"";"";"";"";"";""
"10/06/2024";"0300";"";"";"";"";"";"";"";"";"";"";"";"";"";"";"";"";""
"10/06/2024";"0400";"";"";"";"";"";"";"";"";"";"";"";"";"";"";"";"";""
"10/06/2024";"0500";"";"";"";"";"";"";"";"";"";"";"";"";"";"";"";"";""
"10/06/2024";"0600";"";"";"";"";"";"";"";"";"";"";"";"";"";"";"";"";""
"10/06/2024";"0700";"";"";"";"";"";"";"";"";"";"";"";"";"";"";"";"";""
"10/06/2024";"0800";"";"";"";"";"";"";"";"";"";"";"";"";"";"";"";"";""
"10/06/2024";"0900";"";"";"";"";"";"";"";"";"";"";"";"";"";"";"";"";""
"10/06/2024";"1000";"";"";"";"";"";"";"";"";"";"";"";"";"";"";"";"";""
"10/06/2024";"1100";"";"";"";"";"";"";"";"";"";"";"";"";"";"";"";"";""
"10/06/2024";"1200";"";"";"";"";"";"";"";"";"";"";"";"";"";"";"";"";""
"10/06/2024";"1300";"";"";"";"";"";"";"";"";"";"";"";"";"";"";"";"";""
"10/06/2024";"1400";"";"";"";"";"";"";"";"";"";"";"";"";"";"";"";"";""
"10/06/2024";"1500";"";"";"";"";"";"";"";"";"";"";"";"";"";"";"";"";""
"10/06/2024";"1600";"";"";"";"";"";"";"";"";"";"";"";"";"";"";"";"";""
"10/06/2024";"1700";"";"";"";"";"";"";"";"";"";"";"";"";"";"";"";"";""
"10/06/2024";"1800";"";"";"";"";"";"";"";"";"";"";"";"";"";"";"";"";""
"10/06/2024";"1900";"";"";"";"";"";"";"";"";"";"";"";"";"";"";"";"";""
"10/06/2024";"2000";"";"";"";"";"";"";"";"";"";"";"";"";"";"";"";"";""
"10/06/2024";"2100";"";"";"";"";"";"";"";"";"";"";"";"";"";"";"";"";""
"10/06/2024";"2200";"";"";"";"";"";"";"";"";"";"";"";"";"";"";"";"";""
"10/06/2024";"2300";"";"";"";"";"";"";"";"";"";"";"";"";"";"";"";"";""
"11/06/2024";"0000";"";"";"";"";"";"";"";"";"";"";"";"";"";"";"";"";""
"11/06/2024";"0100";"";"";"";"";"";"";"";"";"";"";"";"";"";"";"";"";""
"11/06/2024";"0200";"";"";"";"";"";"";"";"";"";"";"";"";"";"";"";"";""
"11/06/2024";"0300";"";"";"";"";"";"";"";"";"";"";"";"";"";"";"";"";""
"11/06/2024";"0400";"";"";"";"";"";"";"";"";"";"";"";"";"";"";"";"";""
"11/06/2024";"0500";"";"";"";"";"";"";"";"";"";"";"";"";"";"";"";"";""
"11/06/2024";"0600";"";"";"";"";"";"";"";"";"";"";"";"";"";"";"";"";""
"11/06/2024";"0700";"";"";"";"";"";"";"";"";"";"";"";"";"";"";"";"";""
"11/06/2024";"0800";"";"";"";"";"";"";"";"";"";"";"";"";"";"";"";"";""
"11/06/2024";"0900";"";"";"";"";"";"";"";"";"";"";"";"";"";"";"";"";""
"11/06/2024";"1000";"";"";"";"";"";"";"";"";"";"";"";"";"";"";"";"";""
"11/06/2024";"1100";"";"";"";"";"";"";"";"";"";"";"";"";"";"";"";"";""
"11/06/2024";"1200";"";"";"";"";"";"";"";"";"";"";"";"";"";"";"";"";""
"11/06/2024";"1300";"";"";"";"";"";"";"";"";"";"";"";"";"";"";"";"";""
"11/06/2024";"1400";"";"";"";"";"";"";"";"";"";"";"";"";"";"";"";"";""
"11/06/2024";"1500";"";"";"";"";"";"";"";"";"";"";"";"";"";"";"";"";""
"11/06/2024";"1600";"";"";"";"";"";"";"";"";"";"";"";"";"";"";"";"";""
"11/06/2024";"1700";"";"";"";"";"";"";"";"";"";"";"";"";"";"";"";"";""
"11/06/2024";"1800";"";"";"";"";"";"";"";"";"";"";"";"";"";"";"";"";""
"11/06/2024";"1900";"";"";"";"";"";"";"";"";"";"";"";"";"";"";"";"";""
"11/06/2024";"2000";"";"";"";"";"";"";"";"";"";"";"";"";"";"";"";"";""
"11/06/2024";"2100";"";"";"";"";"";"";"";"";"";"";"";"";"";"";"";"";""
"11/06/2024";"2200";"";"";"";"";"";"";"";"";"";"";"";"";"";"";"";"";""
"11/06/2024";"2300";"";"";"";"";"";"";"";"";"";"";"";"";"";"";"";"";""
"12/06/2024";"0000";"";"";"";"";"";"";"";"";"";"";"";"";"";"";"";"";""
"12/06/2024";"0100";"";"";"";"";"";"";"";"";"";"";"";"";"";"";"";"";""
"12/06/2024";"0200";"";"";"";"";"";"";"";"";"";"";"";"";"";"";"";"";""
"12/06/2024";"0300";"";"";"";"";"";"";"";"";"";"";"";"";"";"";"";"";""
"12/06/2024";"0400";"";"";"";"";"";"";"";"";"";"";"";"";"";"";"";"";""
"12/06/2024";"0500";"";"";"";"";"";"";"";"";"";"";"";"";"";"";"";"";""
"12/06/2024";"0600";"";"";"";"";"";"";"";"";"";"";"";"";"";"";"";"";""
"12/06/2024";"0700";"";"";"";"";"";"";"";"";"";"";"";"";"";"";"";"";""
"12/06/2024";"0800";"";"";"";"";"";"";"";"";"";"";"";"";"";"";"";"";""
"12/06/2024";"0900";"";"";"";"";"";"";"";"";"";"";"";"";"";"";"";"";""
"12/06/2024";"1000";"";"";"";"";"";"";"";"";"";"";"";"";"";"";"";"";""
"12/06/2024";"1100";"";"";"";"";"";"";"";"";"";"";"";"";"";"";"";"";""
"12/06/2024";"1200";"";"";"";"";"";"";"";"";"";"";"";"";"";"";"";"";""
"12/06/2024";"1300";"";"";"";"";"";"";"";"";"";"";"";"";"";"";"";"";""
"12/06/2024";"1400";"";"";"";"";"";"";"";"";"";"";"";"";"";"";"";"";""
"12/06/2024";"1500";"";"";"";"";"";"";"";"";"";"";"";"";"";"";"";"";""
"12/06/2024";"1600";"";"";"";"";"";"";"";"";"";"";"";"";"";"";"";"";""
"12/06/2024";"1700";"";"";"";"";"";"";"";"";"";"";"";"";"";"";"";"";""
"12/06/2024";"1800";"";"";"";"";"";"";"";"";"";"";"";"";"";"";"";"";""
"12/06/2024";"1900";"";"";"";"";"";"";"";"";"";"";"";"";"";"";"";"";""
"12/06/2024";"2000";"";"";"";"";"";"";"";"";"";"";"";"";"";"";"";"";""
"12/06/2024";"2100";"";"";"";"";"";"";"";"";"";"";"";"";"";"";"";"";""
"12/06/2024";"2200";"";"";"";"";"";"";"";"";"";"";"";"";"";"";"";"";""
"12/06/2024";"2300";"";"";"";"";"";"";"";"";"";"";"";"";"";"";"";"";""
"13/06/2024";"0000";"";"";"";"";"";"";"";"";"";"";"";"";"";"";"";"";""
"13/06/2024";"0100";"";"";"";"";"";"";"";"";"";"";"";"";"";"";"";"";""
"13/06/2024";"0200";"";"";"";"";"";"";"";"";"";"";"";"";"";"";"";"";""
"13/06/2024";"0300";"";"";"";"";"";"";"";"";"";"";"";"";"";"";"";"";""
"13/06/2024";"0400";"";"";"";"";"";"";"";"";"";"";"";"";"";"";"";"";""
"13/06/2024";"0500";"";"";"";"";"";"";"";"";"";"";"";"";"";"";"";"";""
"13/06/2024";"0600";"";"";"";"";"";"";"";"";"";"";"";"";"";"";"";"";""
"13/06/2024";"0700";"";"";"";"";"";"";"";"";"";"";"";"";"";"";"";"";""
"13/06/2024";"0800";"";"";"";"";"";"";"";"";"";"";"";"";"";"";"";"";""
"13/06/2024";"0900";"";"";"";"";"";"";"";"";"";"";"";"";"";"";"";"";""
"13/06/2024";"1000";"";"";"";"";"";"";"";"";"";"";"";"";"";"";"";"";""
"13/06/2024";"1100";"";"";"";"";"";"";"";"";"";"";"";"";"";"";"";"";""
"13/06/2024";"1200";"";"";"";"";"";"";"";"";"";"";"";"";"";"";"";"";""
"13/06/2024";"1300";"";"";"";"";"";"";"";"";"";"";"";"";"";"";"";"";""
"13/06/2024";"1400";"";"";"";"";"";"";"";"";"";"";"";"";"";"";"";"";""
"13/06/2024";"1500";"";"";"";"";"";"";"";"";"";"";"";"";"";"";"";"";""
"13/06/2024";"1600";"";"";"";"";"";"";"";"";"";"";"";"";"";"";"";"";""
"13/06/2024";"1700";"";"";"";"";"";"";"";"";"";"";"";"";"";"";"";"";""
"13/06/2024";"1800";"";"";"";"";"";"";"";"";"";"";"";"";"";"";"";"";""
"13/06/2024";"1900";"";"";"";"";"";"";"";"";"";"";"";"";"";"";"";"";""
"13/06/2024";"2000";"";"";"";"";"";"";"";"";"";"";"";"";"";"";"";"";""
"13/06/2024";"2100";"";"";"";"";"";"";"";"";"";"";"";"";"";"";"";"";""
"13/06/2024";"2200";"";"";"";"";"";"";"";"";"";"";"";"";"";"";"";"";""
"13/06/2024";"2300";"";"";"";"";"";"";"";"";"";"";"";"";"";"";"";"";""
"14/06/2024";"0000";"";"";"";"";"";"";"";"";"";"";"";"";"";"";"";"";""
"14/06/2024";"0100";"";"";"";"";"";"";"";"";"";"";"";"";"";"";"";"";""
"14/06/2024";"0200";"";"";"";"";"";"";"";"";"";"";"";"";"";"";"";"";""
"14/06/2024";"0300";"";"";"";"";"";"";"";"";"";"";"";"";"";"";"";"";""
"14/06/2024";"0400";"";"";"";"";"";"";"";"";"";"";"";"";"";"";"";"";""
"14/06/2024";"0500";"";"";"";"";"";"";"";"";"";"";"";"";"";"";"";"";""
"14/06/2024";"0600";"";"";"";"";"";"";"";"";"";"";"";"";"";"";"";"";""
"14/06/2024";"0700";"";"";"";"";"";"";"";"";"";"";"";"";"";"";"";"";""
"14/06/2024";"0800";"";"";"";"";"";"";"";"";"";"";"";"";"";"";"";"";""
"14/06/2024";"0900";"";"";"";"";"";"";"";"";"";"";"";"";"";"";"";"";""
"14/06/2024";"1000";"";"";"";"";"";"";"";"";"";"";"";"";"";"";"";"";""
"14/06/2024";"1100";"";"";"";"";"";"";"";"";"";"";"";"";"";"";"";"";""
"14/06/2024";"1200";"";"";"";"";"";"";"";"";"";"";"";"";"";"";"";"";""
"14/06/2024";"1300";"";"";"";"";"";"";"";"";"";"";"";"";"";"";"";"";""
"14/06/2024";"1400";"";"";"";"";"";"";"";"";"";"";"";"";"";"";"";"";""
"14/06/2024";"1500";"";"";"";"";"";"";"";"";"";"";"";"";"";"";"";"";""
"14/06/2024";"1600";"";"";"";"";"";"";"";"";"";"";"";"";"";"";"";"";""
"14/06/2024";"1700";"";"";"";"";"";"";"";"";"";"";"";"";"";"";"";"";""
"14/06/2024";"1800";"";"";"";"";"";"";"";"";"";"";"";"";"";"";"";"";""
"14/06/2024";"1900";"";"";"";"";"";"";"";"";"";"";"";"";"";"";"";"";""
"14/06/2024";"2000";"";"";"";"";"";"";"";"";"";"";"";"";"";"";"";"";""
"14/06/2024";"2100";"";"";"";"";"";"";"";"";"";"";"";"";"";"";"";"";""
"14/06/2024";"2200";"";"";"";"";"";"";"";"";"";"";"";"";"";"";"";"";""
"14/06/2024";"2300";"";"";"";"";"";"";"";"";"";"";"";"";"";"";"";"";""
"15/06/2024";"0000";"";"";"";"";"";"";"";"";"";"";"";"";"";"";"";"";""
"15/06/2024";"0100";"";"";"";"";"";"";"";"";"";"";"";"";"";"";"";"";""
"15/06/2024";"0200";"";"";"";"";"";"";"";"";"";"";"";"";"";"";"";"";""
"15/06/2024";"0300";"";"";"";"";"";"";"";"";"";"";"";"";"";"";"";"";""
"15/06/2024";"0400";"";"";"";"";"";"";"";"";"";"";"";"";"";"";"";"";""
"15/06/2024";"0500";"";"";"";"";"";"";"";"";"";"";"";"";"";"";"";"";""
"15/06/2024";"0600";"";"";"";"";"";"";"";"";"";"";"";"";"";"";"";"";""
"15/06/2024";"0700";"";"";"";"";"";"";"";"";"";"";"";"";"";"";"";"";""
"15/06/2024";"0800";"";"";"";"";"";"";"";"";"";"";"";"";"";"";"";"";""
"15/06/2024";"0900";"";"";"";"";"";"";"";"";"";"";"";"";"";"";"";"";""
"15/06/2024";"1000";"";"";"";"";"";"";"";"";"";"";"";"";"";"";"";"";""
"15/06/2024";"1100";"";"";"";"";"";"";"";"";"";"";"";"";"";"";"";"";""
"15/06/2024";"1200";"";"";"";"";"";"";"";"";"";"";"";"";"";"";"";"";""
"15/06/2024";"1300";"";"";"";"";"";"";"";"";"";"";"";"";"";"";"";"";""
"15/06/2024";"1400";"";"";"";"";"";"";"";"";"";"";"";"";"";"";"";"";""
"15/06/2024";"1500";"";"";"";"";"";"";"";"";"";"";"";"";"";"";"";"";""
"15/06/2024";"1600";"";"";"";"";"";"";"";"";"";"";"";"";"";"";"";"";""
"15/06/2024";"1700";"";"";"";"";"";"";"";"";"";"";"";"";"";"";"";"";""
"15/06/2024";"1800";"";"";"";"";"";"";"";"";"";"";"";"";"";"";"";"";""
"15/06/2024";"1900";"";"";"";"";"";"";"";"";"";"";"";"";"";"";"";"";""
"15/06/2024";"2000";"";"";"";"";"";"";"";"";"";"";"";"";"";"";"";"";""
"15/06/2024";"2100";"";"";"";"";"";"";"";"";"";"";"";"";"";"";"";"";""
"15/06/2024";"2200";"";"";"";"";"";"";"";"";"";"";"";"";"";"";"";"";""
"15/06/2024";"2300";"";"";"";"";"";"";"";"";"";"";"";"";"";"";"";"";""
"16/06/2024";"0000";"";"";"";"";"";"";"";"";"";"";"";"";"";"";"";"";""
"16/06/2024";"0100";"";"";"";"";"";"";"";"";"";"";"";"";"";"";"";"";""
"16/06/2024";"0200";"";"";"";"";"";"";"";"";"";"";"";"";"";"";"";"";""
"16/06/2024";"0300";"";"";"";"";"";"";"";"";"";"";"";"";"";"";"";"";""
"16/06/2024";"0400";"";"";"";"";"";"";"";"";"";"";"";"";"";"";"";"";""
"16/06/2024";"0500";"";"";"";"";"";"";"";"";"";"";"";"";"";"";"";"";""
"16/06/2024";"0600";"";"";"";"";"";"";"";"";"";"";"";"";"";"";"";"";""
"16/06/2024";"0700";"";"";"";"";"";"";"";"";"";"";"";"";"";"";"";"";""
"16/06/2024";"0800";"";"";"";"";"";"";"";"";"";"";"";"";"";"";"";"";""
"16/06/2024";"0900";"";"";"";"";"";"";"";"";"";"";"";"";"";"";"";"";""
"16/06/2024";"1000";"";"";"";"";"";"";"";"";"";"";"";"";"";"";"";"";""
"16/06/2024";"1100";"";"";"";"";"";"";"";"";"";"";"";"";"";"";"";"";""
"16/06/2024";"1200";"";"";"";"";"";"";"";"";"";"";"";"";"";"";"";"";""
"16/06/2024";"1300";"";"";"";"";"";"";"";"";"";"";"";"";"";"";"";"";""
"16/06/2024";"1400";"";"";"";"";"";"";"";"";"";"";"";"";"";"";"";"";""
"16/06/2024";"1500";"";"";"";"";"";"";"";"";"";"";"";"";"";"";"";"";""
"16/06/2024";"1600";"";"";"";"";"";"";"";"";"";"";"";"";"";"";"";"";""
"16/06/2024";"1700";"";"";"";"";"";"";"";"";"";"";"";"";"";"";"";"";""
"16/06/2024";"1800";"";"";"";"";"";"";"";"";"";"";"";"";"";"";"";"";""
"16/06/2024";"1900";"";"";"";"";"";"";"";"";"";"";"";"";"";"";"";"";""
"16/06/2024";"2000";"";"";"";"";"";"";"";"";"";"";"";"";"";"";"";"";""
"16/06/2024";"2100";"";"";"";"";"";"";"";"";"";"";"";"";"";"";"";"";""
"16/06/2024";"2200";"";"";"";"";"";"";"";"";"";"";"";"";"";"";"";"";""
"16/06/2024";"2300";"";"";"";"";"";"";"";"";"";"";"";"";"";"";"";"";""
"17/06/2024";"0000";"";"";"";"";"";"";"";"";"";"";"";"";"";"";"";"";""
"17/06/2024";"0100";"";"";"";"";"";"";"";"";"";"";"";"";"";"";"";"";""
"17/06/2024";"0200";"";"";"";"";"";"";"";"";"";"";"";"";"";"";"";"";""
"17/06/2024";"0300";"";"";"";"";"";"";"";"";"";"";"";"";"";"";"";"";""
"17/06/2024";"0400";"";"";"";"";"";"";"";"";"";"";"";"";"";"";"";"";""
"17/06/2024";"0500";"";"";"";"";"";"";"";"";"";"";"";"";"";"";"";"";""
"17/06/2024";"0600";"";"";"";"";"";"";"";"";"";"";"";"";"";"";"";"";""
"17/06/2024";"0700";"";"";"";"";"";"";"";"";"";"";"";"";"";"";"";"";""
"17/06/2024";"0800";"";"";"";"";"";"";"";"";"";"";"";"";"";"";"";"";""
"17/06/2024";"0900";"";"";"";"";"";"";"";"";"";"";"";"";"";"";"";"";""
"17/06/2024";"1000";"";"";"";"";"";"";"";"";"";"";"";"";"";"";"";"";""
"17/06/2024";"1100";"";"";"";"";"";"";"";"";"";"";"";"";"";"";"";"";""
"17/06/2024";"1200";"";"";"";"";"";"";"";"";"";"";"";"";"";"";"";"";""
"17/06/2024";"1300";"";"";"";"";"";"";"";"";"";"";"";"";"";"";"";"";""
"17/06/2024";"1400";"";"";"";"";"";"";"";"";"";"";"";"";"";"";"";"";""
"17/06/2024";"1500";"";"";"";"";"";"";"";"";"";"";"";"";"";"";"";"";""
"17/06/2024";"1600";"";"";"";"";"";"";"";"";"";"";"";"";"";"";"";"";""
"17/06/2024";"1700";"";"";"";"";"";"";"";"";"";"";"";"";"";"";"";"";""
"17/06/2024";"1800";"";"";"";"";"";"";"";"";"";"";"";"";"";"";"";"";""
"17/06/2024";"1900";"";"";"";"";"";"";"";"";"";"";"";"";"";"";"";"";""
"17/06/2024";"2000";"";"";"";"";"";"";"";"";"";"";"";"";"";"";"";"";""
"17/06/2024";"2100";"";"";"";"";"";"";"";"";"";"";"";"";"";"";"";"";""
"17/06/2024";"2200";"";"";"";"";"";"";"";"";"";"";"";"";"";"";"";"";""
"17/06/2024";"2300";"";"";"";"";"";"";"";"";"";"";"";"";"";"";"";"";""
"18/06/2024";"0000";"";"";"";"";"";"";"";"";"";"";"";"";"";"";"";"";""
"18/06/2024";"0100";"";"";"";"";"";"";"";"";"";"";"";"";"";"";"";"";""
"18/06/2024";"0200";"";"";"";"";"";"";"";"";"";"";"";"";"";"";"";"";""
"18/06/2024";"0300";"";"";"";"";"";"";"";"";"";"";"";"";"";"";"";"";""
"18/06/2024";"0400";"";"";"";"";"";"";"";"";"";"";"";"";"";"";"";"";""
"18/06/2024";"0500";"";"";"";"";"";"";"";"";"";"";"";"";"";"";"";"";""
"18/06/2024";"0600";"";"";"";"";"";"";"";"";"";"";"";"";"";"";"";"";""
"18/06/2024";"0700";"";"";"";"";"";"";"";"";"";"";"";"";"";"";"";"";""
"18/06/2024";"0800";"";"";"";"";"";"";"";"";"";"";"";"";"";"";"";"";""
"18/06/2024";"0900";"";"";"";"";"";"";"";"";"";"";"";"";"";"";"";"";""
"18/06/2024";"1000";"";"";"";"";"";"";"";"";"";"";"";"";"";"";"";"";""
"18/06/2024";"1100";"";"";"";"";"";"";"";"";"";"";"";"";"";"";"";"";""
"18/06/2024";"1200";"";"";"";"";"";"";"";"";"";"";"";"";"";"";"";"";""
"18/06/2024";"1300";"";"";"";"";"";"";"";"";"";"";"";"";"";"";"";"";""
"18/06/2024";"1400";"";"";"";"";"";"";"";"";"";"";"";"";"";"";"";"";""
"18/06/2024";"1500";"";"";"";"";"";"";"";"";"";"";"";"";"";"";"";"";""
"18/06/2024";"1600";"";"";"";"";"";"";"";"";"";"";"";"";"";"";"";"";""
"18/06/2024";"1700";"";"";"";"";"";"";"";"";"";"";"";"";"";"";"";"";""
"18/06/2024";"1800";"";"";"";"";"";"";"";"";"";"";"";"";"";"";"";"";""
"18/06/2024";"1900";"";"";"";"";"";"";"";"";"";"";"";"";"";"";"";"";""
"18/06/2024";"2000";"";"";"";"";"";"";"";"";"";"";"";"";"";"";"";"";""
"18/06/2024";"2100";"";"";"";"";"";"";"";"";"";"";"";"";"";"";"";"";""
"18/06/2024";"2200";"";"";"";"";"";"";"";"";"";"";"";"";"";"";"";"";""
"18/06/2024";"2300";"";"";"";"";"";"";"";"";"";"";"";"";"";"";"";"";""
"19/06/2024";"0000";"";"";"";"";"";"";"";"";"";"";"";"";"";"";"";"";""
"19/06/2024";"0100";"";"";"";"";"";"";"";"";"";"";"";"";"";"";"";"";""
"19/06/2024";"0200";"";"";"";"";"";"";"";"";"";"";"";"";"";"";"";"";""
"19/06/2024";"0300";"";"";"";"";"";"";"";"";"";"";"";"";"";"";"";"";""
"19/06/2024";"0400";"";"";"";"";"";"";"";"";"";"";"";"";"";"";"";"";""
"19/06/2024";"0500";"";"";"";"";"";"";"";"";"";"";"";"";"";"";"";"";""
"19/06/2024";"0600";"";"";"";"";"";"";"";"";"";"";"";"";"";"";"";"";""
"19/06/2024";"0700";"";"";"";"";"";"";"";"";"";"";"";"";"";"";"";"";""
"19/06/2024";"0800";"";"";"";"";"";"";"";"";"";"";"";"";"";"";"";"";""
"19/06/2024";"0900";"";"";"";"";"";"";"";"";"";"";"";"";"";"";"";"";""
"19/06/2024";"1000";"";"";"";"";"";"";"";"";"";"";"";"";"";"";"";"";""
"19/06/2024";"1100";"";"";"";"";"";"";"";"";"";"";"";"";"";"";"";"";""
"19/06/2024";"1200";"";"";"";"";"";"";"";"";"";"";"";"";"";"";"";"";""
"19/06/2024";"1300";"";"";"";"";"";"";"";"";"";"";"";"";"";"";"";"";""
"19/06/2024";"1400";"";"";"";"";"";"";"";"";"";"";"";"";"";"";"";"";""
"19/06/2024";"1500";"";"";"";"";"";"";"";"";"";"";"";"";"";"";"";"";""
"19/06/2024";"1600";"";"";"";"";"";"";"";"";"";"";"";"";"";"";"";"";""
"19/06/2024";"1700";"";"";"";"";"";"";"";"";"";"";"";"";"";"";"";"";""
"19/06/2024";"1800";"";"";"";"";"";"";"";"";"";"";"";"";"";"";"";"";""
"19/06/2024";"1900";"";"";"";"";"";"";"";"";"";"";"";"";"";"";"";"";""
"19/06/2024";"2000";"";"";"";"";"";"";"";"";"";"";"";"";"";"";"";"";""
"19/06/2024";"2100";"";"";"";"";"";"";"";"";"";"";"";"";"";"";"";"";""
"19/06/2024";"2200";"";"";"";"";"";"";"";"";"";"";"";"";"";"";"";"";""
"19/06/2024";"2300";"";"";"";"";"";"";"";"";"";"";"";"";"";"";"";"";""
"20/06/2024";"0000";"";"";"";"";"";"";"";"";"";"";"";"";"";"";"";"";""
"20/06/2024";"0100";"";"";"";"";"";"";"";"";"";"";"";"";"";"";"";"";""
"20/06/2024";"0200";"";"";"";"";"";"";"";"";"";"";"";"";"";"";"";"";""
"20/06/2024";"0300";"";"";"";"";"";"";"";"";"";"";"";"";"";"";"";"";""
"20/06/2024";"0400";"";"";"";"";"";"";"";"";"";"";"";"";"";"";"";"";""
"20/06/2024";"0500";"";"";"";"";"";"";"";"";"";"";"";"";"";"";"";"";""
"20/06/2024";"0600";"";"";"";"";"";"";"";"";"";"";"";"";"";"";"";"";""
"20/06/2024";"0700";"";"";"";"";"";"";"";"";"";"";"";"";"";"";"";"";""
"20/06/2024";"0800";"";"";"";"";"";"";"";"";"";"";"";"";"";"";"";"";""
"20/06/2024";"0900";"";"";"";"";"";"";"";"";"";"";"";"";"";"";"";"";""
"20/06/2024";"1000";"";"";"";"";"";"";"";"";"";"";"";"";"";"";"";"";""
"20/06/2024";"1100";"";"";"";"";"";"";"";"";"";"";"";"";"";"";"";"";""
"20/06/2024";"1200";"";"";"";"";"";"";"";"";"";"";"";"";"";"";"";"";""
"20/06/2024";"1300";"";"";"";"";"";"";"";"";"";"";"";"";"";"";"";"";""
"20/06/2024";"1400";"";"";"";"";"";"";"";"";"";"";"";"";"";"";"";"";""
"20/06/2024";"1500";"";"";"";"";"";"";"";"";"";"";"";"";"";"";"";"";""
"20/06/2024";"1600";"";"";"";"";"";"";"";"";"";"";"";"";"";"";"";"";""
"20/06/2024";"1700";"";"";"";"";"";"";"";"";"";"";"";"";"";"";"";"";""
"20/06/2024";"1800";"";"";"";"";"";"";"";"";"";"";"";"";"";"";"";"";""
"20/06/2024";"1900";"";"";"";"";"";"";"";"";"";"";"";"";"";"";"";"";""
"20/06/2024";"2000";"";"";"";"";"";"";"";"";"";"";"";"";"";"";"";"";""
"20/06/2024";"2100";"";"";"";"";"";"";"";"";"";"";"";"";"";"";"";"";""
"20/06/2024";"2200";"";"";"";"";"";"";"";"";"";"";"";"";"";"";"";"";""
"20/06/2024";"2300";"";"";"";"";"";"";"";"";"";"";"";"";"";"";"";"";""
"21/06/2024";"0000";"";"";"";"";"";"";"";"";"";"";"";"";"";"";"";"";""
"21/06/2024";"0100";"";"";"";"";"";"";"";"";"";"";"";"";"";"";"";"";""
"21/06/2024";"0200";"";"";"";"";"";"";"";"";"";"";"";"";"";"";"";"";""
"21/06/2024";"0300";"";"";"";"";"";"";"";"";"";"";"";"";"";"";"";"";""
"21/06/2024";"0400";"";"";"";"";"";"";"";"";"";"";"";"";"";"";"";"";""
"21/06/2024";"0500";"";"";"";"";"";"";"";"";"";"";"";"";"";"";"";"";""
"21/06/2024";"0600";"";"";"";"";"";"";"";"";"";"";"";"";"";"";"";"";""
"21/06/2024";"0700";"";"";"";"";"";"";"";"";"";"";"";"";"";"";"";"";""
"21/06/2024";"0800";"";"";"";"";"";"";"";"";"";"";"";"";"";"";"";"";""
"21/06/2024";"0900";"";"";"";"";"";"";"";"";"";"";"";"";"";"";"";"";""
"21/06/2024";"1000";"";"";"";"";"";"";"";"";"";"";"";"";"";"";"";"";""
"21/06/2024";"1100";"";"";"";"";"";"";"";"";"";"";"";"";"";"";"";"";""
"21/06/2024";"1200";"";"";"";"";"";"";"";"";"";"";"";"";"";"";"";"";""
"21/06/2024";"1300";"";"";"";"";"";"";"";"";"";"";"";"";"";"";"";"";""
"21/06/2024";"1400";"";"";"";"";"";"";"";"";"";"";"";"";"";"";"";"";""
"21/06/2024";"1500";"";"";"";"";"";"";"";"";"";"";"";"";"";"";"";"";""
"21/06/2024";"1600";"";"";"";"";"";"";"";"";"";"";"";"";"";"";"";"";""
"21/06/2024";"1700";"";"";"";"";"";"";"";"";"";"";"";"";"";"";"";"";""
"21/06/2024";"1800";"";"";"";"";"";"";"";"";"";"";"";"";"";"";"";"";""
"21/06/2024";"1900";"";"";"";"";"";"";"";"";"";"";"";"";"";"";"";"";""
"21/06/2024";"2000";"";"";"";"";"";"";"";"";"";"";"";"";"";"";"";"";""
"21/06/2024";"2100";"";"";"";"";"";"";"";"";"";"";"";"";"";"";"";"";""
"21/06/2024";"2200";"";"";"";"";"";"";"";"";"";"";"";"";"";"";"";"";""
"21/06/2024";"2300";"";"";"";"";"";"";"";"";"";"";"";"";"";"";"";"";""
"22/06/2024";"0000";"";"";"";"";"";"";"";"";"";"";"";"";"";"";"";"";""
"22/06/2024";"0100";"";"";"";"";"";"";"";"";"";"";"";"";"";"";"";"";""
"22/06/2024";"0200";"";"";"";"";"";"";"";"";"";"";"";"";"";"";"";"";""
"22/06/2024";"0300";"";"";"";"";"";"";"";"";"";"";"";"";"";"";"";"";""
"22/06/2024";"0400";"";"";"";"";"";"";"";"";"";"";"";"";"";"";"";"";""
"22/06/2024";"0500";"";"";"";"";"";"";"";"";"";"";"";"";"";"";"";"";""
"22/06/2024";"0600";"";"";"";"";"";"";"";"";"";"";"";"";"";"";"";"";""
"22/06/2024";"0700";"";"";"";"";"";"";"";"";"";"";"";"";"";"";"";"";""
"22/06/2024";"0800";"";"";"";"";"";"";"";"";"";"";"";"";"";"";"";"";""
"22/06/2024";"0900";"";"";"";"";"";"";"";"";"";"";"";"";"";"";"";"";""
"22/06/2024";"1000";"";"";"";"";"";"";"";"";"";"";"";"";"";"";"";"";""
"22/06/2024";"1100";"";"";"";"";"";"";"";"";"";"";"";"";"";"";"";"";""
"22/06/2024";"1200";"";"";"";"";"";"";"";"";"";"";"";"";"";"";"";"";""
"22/06/2024";"1300";"";"";"";"";"";"";"";"";"";"";"";"";"";"";"";"";""
"22/06/2024";"1400";"";"";"";"";"";"";"";"";"";"";"";"";"";"";"";"";""
"22/06/2024";"1500";"";"";"";"";"";"";"";"";"";"";"";"";"";"";"";"";""
"22/06/2024";"1600";"";"";"";"";"";"";"";"";"";"";"";"";"";"";"";"";""
"22/06/2024";"1700";"";"";"";"";"";"";"";"";"";"";"";"";"";"";"";"";""
"22/06/2024";"1800";"";"";"";"";"";"";"";"";"";"";"";"";"";"";"";"";""
"22/06/2024";"1900";"";"";"";"";"";"";"";"";"";"";"";"";"";"";"";"";""
"22/06/2024";"2000";"";"";"";"";"";"";"";"";"";"";"";"";"";"";"";"";""
"22/06/2024";"2100";"";"";"";"";"";"";"";"";"";"";"";"";"";"";"";"";""
"22/06/2024";"2200";"";"";"";"";"";"";"";"";"";"";"";"";"";"";"";"";""
"22/06/2024";"2300";"";"";"";"";"";"";"";"";"";"";"";"";"";"";"";"";""
"23/06/2024";"0000";"";"";"";"";"";"";"";"";"";"";"";"";"";"";"";"";""
"23/06/2024";"0100";"";"";"";"";"";"";"";"";"";"";"";"";"";"";"";"";""
"23/06/2024";"0200";"";"";"";"";"";"";"";"";"";"";"";"";"";"";"";"";""
"23/06/2024";"0300";"";"";"";"";"";"";"";"";"";"";"";"";"";"";"";"";""
"23/06/2024";"0400";"";"";"";"";"";"";"";"";"";"";"";"";"";"";"";"";""
"23/06/2024";"0500";"";"";"";"";"";"";"";"";"";"";"";"";"";"";"";"";""
"23/06/2024";"0600";"";"";"";"";"";"";"";"";"";"";"";"";"";"";"";"";""
"23/06/2024";"0700";"";"";"";"";"";"";"";"";"";"";"";"";"";"";"";"";""
"23/06/2024";"0800";"";"";"";"";"";"";"";"";"";"";"";"";"";"";"";"";""
"23/06/2024";"0900";"";"";"";"";"";"";"";"";"";"";"";"";"";"";"";"";""
"23/06/2024";"1000";"";"";"";"";"";"";"";"";"";"";"";"";"";"";"";"";""
"23/06/2024";"1100";"";"";"";"";"";"";"";"";"";"";"";"";"";"";"";"";""
"23/06/2024";"1200";"";"";"";"";"";"";"";"";"";"";"";"";"";"";"";"";""
"23/06/2024";"1300";"";"";"";"";"";"";"";"";"";"";"";"";"";"";"";"";""
"23/06/2024";"1400";"";"";"";"";"";"";"";"";"";"";"";"";"";"";"";"";""
"23/06/2024";"1500";"";"";"";"";"";"";"";"";"";"";"";"";"";"";"";"";""
"23/06/2024";"1600";"";"";"";"";"";"";"";"";"";"";"";"";"";"";"";"";""
"23/06/2024";"1700";"";"";"";"";"";"";"";"";"";"";"";"";"";"";"";"";""
"23/06/2024";"1800";"";"";"";"";"";"";"";"";"";"";"";"";"";"";"";"";""
"23/06/2024";"1900";"";"";"";"";"";"";"";"";"";"";"";"";"";"";"";"";""
"23/06/2024";"2000";"";"";"";"";"";"";"";"";"";"";"";"";"";"";"";"";""
"23/06/2024";"2100";"";"";"";"";"";"";"";"";"";"";"";"";"";"";"";"";""
"23/06/2024";"2200";"";"";"";"";"";"";"";"";"";"";"";"";"";"";"";"";""
"23/06/2024";"2300";"";"";"";"";"";"";"";"";"";"";"";"";"";"";"";"";""
"24/06/2024";"0000";"";"";"";"";"";"";"";"";"";"";"";"";"";"";"";"";""
"24/06/2024";"0100";"";"";"";"";"";"";"";"";"";"";"";"";"";"";"";"";""
"24/06/2024";"0200";"";"";"";"";"";"";"";"";"";"";"";"";"";"";"";"";""
"24/06/2024";"0300";"";"";"";"";"";"";"";"";"";"";"";"";"";"";"";"";""
"24/06/2024";"0400";"";"";"";"";"";"";"";"";"";"";"";"";"";"";"";"";""
"24/06/2024";"0500";"";"";"";"";"";"";"";"";"";"";"";"";"";"";"";"";""
"24/06/2024";"0600";"";"";"";"";"";"";"";"";"";"";"";"";"";"";"";"";""
"24/06/2024";"0700";"";"";"";"";"";"";"";"";"";"";"";"";"";"";"";"";""
"24/06/2024";"0800";"";"";"";"";"";"";"";"";"";"";"";"";"";"";"";"";""
"24/06/2024";"0900";"";"";"";"";"";"";"";"";"";"";"";"";"";"";"";"";""
"24/06/2024";"1000";"";"";"";"";"";"";"";"";"";"";"";"";"";"";"";"";""
"24/06/2024";"1100";"";"";"";"";"";"";"";"";"";"";"";"";"";"";"";"";""
"24/06/2024";"1200";"";"";"";"";"";"";"";"";"";"";"";"";"";"";"";"";""
"24/06/2024";"1300";"";"";"";"";"";"";"";"";"";"";"";"";"";"";"";"";""
"24/06/2024";"1400";"";"";"";"";"";"";"";"";"";"";"";"";"";"";"";"";""
"24/06/2024";"1500";"";"";"";"";"";"";"";"";"";"";"";"";"";"";"";"";""
"24/06/2024";"1600";"";"";"";"";"";"";"";"";"";"";"";"";"";"";"";"";""
"24/06/2024";"1700";"";"";"";"";"";"";"";"";"";"";"";"";"";"";"";"";""
"24/06/2024";"1800";"";"";"";"";"";"";"";"";"";"";"";"";"";"";"";"";""
"24/06/2024";"1900";"";"";"";"";"";"";"";"";"";"";"";"";"";"";"";"";""
"24/06/2024";"2000";"";"";"";"";"";"";"";"";"";"";"";"";"";"";"";"";""
"24/06/2024";"2100";"";"";"";"";"";"";"";"";"";"";"";"";"";"";"";"";""
"24/06/2024";"2200";"";"";"";"";"";"";"";"";"";"";"";"";"";"";"";"";""
"24/06/2024";"2300";"";"";"";"";"";"";"";"";"";"";"";"";"";"";"";"";""
"25/06/2024";"0000";"";"";"";"";"";"";"";"";"";"";"";"";"";"";"";"";""
"25/06/2024";"0100";"";"";"";"";"";"";"";"";"";"";"";"";"";"";"";"";""
"25/06/2024";"0200";"";"";"";"";"";"";"";"";"";"";"";"";"";"";"";"";""
"25/06/2024";"0300";"";"";"";"";"";"";"";"";"";"";"";"";"";"";"";"";""
"25/06/2024";"0400";"";"";"";"";"";"";"";"";"";"";"";"";"";"";"";"";""
"25/06/2024";"0500";"";"";"";"";"";"";"";"";"";"";"";"";"";"";"";"";""
"25/06/2024";"0600";"";"";"";"";"";"";"";"";"";"";"";"";"";"";"";"";""
"25/06/2024";"0700";"";"";"";"";"";"";"";"";"";"";"";"";"";"";"";"";""
"25/06/2024";"0800";"";"";"";"";"";"";"";"";"";"";"";"";"";"";"";"";""
"25/06/2024";"0900";"";"";"";"";"";"";"";"";"";"";"";"";"";"";"";"";""
"25/06/2024";"1000";"";"";"";"";"";"";"";"";"";"";"";"";"";"";"";"";""
"25/06/2024";"1100";"";"";"";"";"";"";"";"";"";"";"";"";"";"";"";"";""
"25/06/2024";"1200";"";"";"";"";"";"";"";"";"";"";"";"";"";"";"";"";""
"25/06/2024";"1300";"";"";"";"";"";"";"";"";"";"";"";"";"";"";"";"";""
"25/06/2024";"1400";"";"";"";"";"";"";"";"";"";"";"";"";"";"";"";"";""
"25/06/2024";"1500";"";"";"";"";"";"";"";"";"";"";"";"";"";"";"";"";""
"25/06/2024";"1600";"";"";"";"";"";"";"";"";"";"";"";"";"";"";"";"";""
"25/06/2024";"1700";"";"";"";"";"";"";"";"";"";"";"";"";"";"";"";"";""
"25/06/2024";"1800";"";"";"";"";"";"";"";"";"";"";"";"";"";"";"";"";""
"25/06/2024";"1900";"";"";"";"";"";"";"";"";"";"";"";"";"";"";"";"";""
"25/06/2024";"2000";"";"";"";"";"";"";"";"";"";"";"";"";"";"";"";"";""
"25/06/2024";"2100";"";"";"";"";"";"";"";"";"";"";"";"";"";"";"";"";""
"25/06/2024";"2200";"";"";"";"";"";"";"";"";"";"";"";"";"";"";"";"";""
"25/06/2024";"2300";"";"";"";"";"";"";"";"";"";"";"";"";"";"";"";"";""
"26/06/2024";"0000";"";"";"";"";"";"";"";"";"";"";"";"";"";"";"";"";""
"26/06/2024";"0100";"";"";"";"";"";"";"";"";"";"";"";"";"";"";"";"";""
"26/06/2024";"0200";"";"";"";"";"";"";"";"";"";"";"";"";"";"";"";"";""
"26/06/2024";"0300";"";"";"";"";"";"";"";"";"";"";"";"";"";"";"";"";""
"26/06/2024";"0400";"";"";"";"";"";"";"";"";"";"";"";"";"";"";"";"";""
"26/06/2024";"0500";"";"";"";"";"";"";"";"";"";"";"";"";"";"";"";"";""
"26/06/2024";"0600";"";"";"";"";"";"";"";"";"";"";"";"";"";"";"";"";""
"26/06/2024";"0700";"";"";"";"";"";"";"";"";"";"";"";"";"";"";"";"";""
"26/06/2024";"0800";"";"";"";"";"";"";"";"";"";"";"";"";"";"";"";"";""
"26/06/2024";"0900";"";"";"";"";"";"";"";"";"";"";"";"";"";"";"";"";""
"26/06/2024";"1000";"";"";"";"";"";"";"";"";"";"";"";"";"";"";"";"";""
"26/06/2024";"1100";"";"";"";"";"";"";"";"";"";"";"";"";"";"";"";"";""
"26/06/2024";"1200";"";"";"";"";"";"";"";"";"";"";"";"";"";"";"";"";""
"26/06/2024";"1300";"";"";"";"";"";"";"";"";"";"";"";"";"";"";"";"";""
"26/06/2024";"1400";"";"";"";"";"";"";"";"";"";"";"";"";"";"";"";"";""
"26/06/2024";"1500";"";"";"";"";"";"";"";"";"";"";"";"";"";"";"";"";""
"26/06/2024";"1600";"";"";"";"";"";"";"";"";"";"";"";"";"";"";"";"";""
"26/06/2024";"1700";"";"";"";"";"";"";"";"";"";"";"";"";"";"";"";"";""
"26/06/2024";"1800";"";"";"";"";"";"";"";"";"";"";"";"";"";"";"";"";""
"26/06/2024";"1900";"";"";"";"";"";"";"";"";"";"";"";"";"";"";"";"";""
"26/06/2024";"2000";"";"";"";"";"";"";"";"";"";"";"";"";"";"";"";"";""
"26/06/2024";"2100";"";"";"";"";"";"";"";"";"";"";"";"";"";"";"";"";""
"26/06/2024";"2200";"";"";"";"";"";"";"";"";"";"";"";"";"";"";"";"";""
"26/06/2024";"2300";"";"";"";"";"";"";"";"";"";"";"";"";"";"";"";"";""
"27/06/2024";"0000";"";"";"";"";"";"";"";"";"";"";"";"";"";"";"";"";""
"27/06/2024";"0100";"";"";"";"";"";"";"";"";"";"";"";"";"";"";"";"";""
"27/06/2024";"0200";"";"";"";"";"";"";"";"";"";"";"";"";"";"";"";"";""
"27/06/2024";"0300";"";"";"";"";"";"";"";"";"";"";"";"";"";"";"";"";""
"27/06/2024";"0400";"";"";"";"";"";"";"";"";"";"";"";"";"";"";"";"";""
"27/06/2024";"0500";"";"";"";"";"";"";"";"";"";"";"";"";"";"";"";"";""
"27/06/2024";"0600";"";"";"";"";"";"";"";"";"";"";"";"";"";"";"";"";""
"27/06/2024";"0700";"";"";"";"";"";"";"";"";"";"";"";"";"";"";"";"";""
"27/06/2024";"0800";"";"";"";"";"";"";"";"";"";"";"";"";"";"";"";"";""
"27/06/2024";"0900";"";"";"";"";"";"";"";"";"";"";"";"";"";"";"";"";""
"27/06/2024";"1000";"";"";"";"";"";"";"";"";"";"";"";"";"";"";"";"";""
"27/06/2024";"1100";"";"";"";"";"";"";"";"";"";"";"";"";"";"";"";"";""
"27/06/2024";"1200";"";"";"";"";"";"";"";"";"";"";"";"";"";"";"";"";""
"27/06/2024";"1300";"";"";"";"";"";"";"";"";"";"";"";"";"";"";"";"";""
"27/06/2024";"1400";"";"";"";"";"";"";"";"";"";"";"";"";"";"";"";"";""
"27/06/2024";"1500";"";"";"";"";"";"";"";"";"";"";"";"";"";"";"";"";""
"27/06/2024";"1600";"";"";"";"";"";"";"";"";"";"";"";"";"";"";"";"";""
"27/06/2024";"1700";"";"";"";"";"";"";"";"";"";"";"";"";"";"";"";"";""
"27/06/2024";"1800";"";"";"";"";"";"";"";"";"";"";"";"";"";"";"";"";""
"27/06/2024";"1900";"";"";"";"";"";"";"";"";"";"";"";"";"";"";"";"";""
"27/06/2024";"2000";"";"";"";"";"";"";"";"";"";"";"";"";"";"";"";"";""
"27/06/2024";"2100";"";"";"";"";"";"";"";"";"";"";"";"";"";"";"";"";""
"27/06/2024";"2200";"";"";"";"";"";"";"";"";"";"";"";"";"";"";"";"";""
"27/06/2024";"2300";"";"";"";"";"";"";"";"";"";"";"";"";"";"";"";"";""
"28/06/2024";"0000";"";"";"";"";"";"";"";"";"";"";"";"";"";"";"";"";""
"28/06/2024";"0100";"";"";"";"";"";"";"";"";"";"";"";"";"";"";"";"";""
"28/06/2024";"0200";"";"";"";"";"";"";"";"";"";"";"";"";"";"";"";"";""
"28/06/2024";"0300";"";"";"";"";"";"";"";"";"";"";"";"";"";"";"";"";""
"28/06/2024";"0400";"";"";"";"";"";"";"";"";"";"";"";"";"";"";"";"";""
"28/06/2024";"0500";"";"";"";"";"";"";"";"";"";"";"";"";"";"";"";"";""
"28/06/2024";"0600";"";"";"";"";"";"";"";"";"";"";"";"";"";"";"";"";""
"28/06/2024";"0700";"";"";"";"";"";"";"";"";"";"";"";"";"";"";"";"";""
"28/06/2024";"0800";"";"";"";"";"";"";"";"";"";"";"";"";"";"";"";"";""
"28/06/2024";"0900";"";"";"";"";"";"";"";"";"";"";"";"";"";"";"";"";""
"28/06/2024";"1000";"";"";"";"";"";"";"";"";"";"";"";"";"";"";"";"";""
"28/06/2024";"1100";"";"";"";"";"";"";"";"";"";"";"";"";"";"";"";"";""
"28/06/2024";"1200";"";"";"";"";"";"";"";"";"";"";"";"";"";"";"";"";""
"28/06/2024";"1300";"";"";"";"";"";"";"";"";"";"";"";"";"";"";"";"";""
"28/06/2024";"1400";"";"";"";"";"";"";"";"";"";"";"";"";"";"";"";"";""
"28/06/2024";"1500";"";"";"";"";"";"";"";"";"";"";"";"";"";"";"";"";""
"28/06/2024";"1600";"";"";"";"";"";"";"";"";"";"";"";"";"";"";"";"";""
"28/06/2024";"1700";"";"";"";"";"";"";"";"";"";"";"";"";"";"";"";"";""
"28/06/2024";"1800";"";"";"";"";"";"";"";"";"";"";"";"";"";"";"";"";""
"28/06/2024";"1900";"";"";"";"";"";"";"";"";"";"";"";"";"";"";"";"";""
"28/06/2024";"2000";"";"";"";"";"";"";"";"";"";"";"";"";"";"";"";"";""
"28/06/2024";"2100";"";"";"";"";"";"";"";"";"";"";"";"";"";"";"";"";""
"28/06/2024";"2200";"";"";"";"";"";"";"";"";"";"";"";"";"";"";"";"";""
"28/06/2024";"2300";"";"";"";"";"";"";"";"";"";"";"";"";"";"";"";"";""
"29/06/2024";"0000";"";"";"";"";"";"";"";"";"";"";"";"";"";"";"";"";""
"29/06/2024";"0100";"";"";"";"";"";"";"";"";"";"";"";"";"";"";"";"";""
"29/06/2024";"0200";"";"";"";"";"";"";"";"";"";"";"";"";"";"";"";"";""
"29/06/2024";"0300";"";"";"";"";"";"";"";"";"";"";"";"";"";"";"";"";""
"29/06/2024";"0400";"";"";"";"";"";"";"";"";"";"";"";"";"";"";"";"";""
"29/06/2024";"0500";"";"";"";"";"";"";"";"";"";"";"";"";"";"";"";"";""
"29/06/2024";"0600";"";"";"";"";"";"";"";"";"";"";"";"";"";"";"";"";""
"29/06/2024";"0700";"";"";"";"";"";"";"";"";"";"";"";"";"";"";"";"";""
"29/06/2024";"0800";"";"";"";"";"";"";"";"";"";"";"";"";"";"";"";"";""
"29/06/2024";"0900";"";"";"";"";"";"";"";"";"";"";"";"";"";"";"";"";""
"29/06/2024";"1000";"";"";"";"";"";"";"";"";"";"";"";"";"";"";"";"";""
"29/06/2024";"1100";"";"";"";"";"";"";"";"";"";"";"";"";"";"";"";"";""
"29/06/2024";"1200";"";"";"";"";"";"";"";"";"";"";"";"";"";"";"";"";""
"29/06/2024";"1300";"";"";"";"";"";"";"";"";"";"";"";"";"";"";"";"";""
"29/06/2024";"1400";"";"";"";"";"";"";"";"";"";"";"";"";"";"";"";"";""
"29/06/2024";"1500";"";"";"";"";"";"";"";"";"";"";"";"";"";"";"";"";""
"29/06/2024";"1600";"";"";"";"";"";"";"";"";"";"";"";"";"";"";"";"";""
"29/06/2024";"1700";"";"";"";"";"";"";"";"";"";"";"";"";"";"";"";"";""
"29/06/2024";"1800";"";"";"";"";"";"";"";"";"";"";"";"";"";"";"";"";""
"29/06/2024";"1900";"";"";"";"";"";"";"";"";"";"";"";"";"";"";"";"";""
"29/06/2024";"2000";"";"";"";"";"";"";"";"";"";"";"";"";"";"";"";"";""
"29/06/2024";"2100";"";"";"";"";"";"";"";"";"";"";"";"";"";"";"";"";""
"29/06/2024";"2200";"";"";"";"";"";"";"";"";"";"";"";"";"";"";"";"";""
"29/06/2024";"2300";"";"";"";"";"";"";"";"";"";"";"";"";"";"";"";"";""
"30/06/2024";"0000";"";"";"";"";"";"";"";"";"";"";"";"";"";"";"";"";""
"30/06/2024";"0100";"";"";"";"";"";"";"";"";"";"";"";"";"";"";"";"";""
"30/06/2024";"0200";"";"";"";"";"";"";"";"";"";"";"";"";"";"";"";"";""
"30/06/2024";"0300";"";"";"";"";"";"";"";"";"";"";"";"";"";"";"";"";""
"30/06/2024";"0400";"";"";"";"";"";"";"";"";"";"";"";"";"";"";"";"";""
"30/06/2024";"0500";"";"";"";"";"";"";"";"";"";"";"";"";"";"";"";"";""
"30/06/2024";"0600";"";"";"";"";"";"";"";"";"";"";"";"";"";"";"";"";""
"30/06/2024";"0700";"";"";"";"";"";"";"";"";"";"";"";"";"";"";"";"";""
"30/06/2024";"0800";"";"";"";"";"";"";"";"";"";"";"";"";"";"";"";"";""
"30/06/2024";"0900";"";"";"";"";"";"";"";"";"";"";"";"";"";"";"";"";""
"30/06/2024";"1000";"";"";"";"";"";"";"";"";"";"";"";"";"";"";"";"";""
"30/06/2024";"1100";"";"";"";"";"";"";"";"";"";"";"";"";"";"";"";"";""
"30/06/2024";"1200";"";"";"";"";"";"";"";"";"";"";"";"";"";"";"";"";""
"30/06/2024";"1300";"";"";"";"";"";"";"";"";"";"";"";"";"";"";"";"";""
"30/06/2024";"1400";"";"";"";"";"";"";"";"";"";"";"";"";"";"";"";"";""
"30/06/2024";"1500";"";"";"";"";"";"";"";"";"";"";"";"";"";"";"";"";""
"30/06/2024";"1600";"";"";"";"";"";"";"";"";"";"";"";"";"";"";"";"";""
"30/06/2024";"1700";"";"";"";"";"";"";"";"";"";"";"";"";"";"";"";"";""
"30/06/2024";"1800";"";"";"";"";"";"";"";"";"";"";"";"";"";"";"";"";""
"30/06/2024";"1900";"";"";"";"";"";"";"";"";"";"";"";"";"";"";"";"";""
"30/06/2024";"2000";"";"";"";"";"";"";"";"";"";"";"";"";"";"";"";"";""
"30/06/2024";"2100";"";"";"";"";"";"";"";"";"";"";"";"";"";"";"";"";""
"30/06/2024";"2200";"";"";"";"";"";"";"";"";"";"";"";"";"";"";"";"";""
"30/06/2024";"2300";"";"";"";"";"";"";"";"";"";"";"";"";"";"";"";"";""
"01/07/2024";"0000";"";"";"";"";"";"";"";"";"";"";"";"";"";"";"";"";""
"01/07/2024";"0100";"";"";"";"";"";"";"";"";"";"";"";"";"";"";"";"";""
"01/07/2024";"0200";"";"";"";"";"";"";"";"";"";"";"";"";"";"";"";"";""
"01/07/2024";"0300";"";"";"";"";"";"";"";"";"";"";"";"";"";"";"";"";""
"01/07/2024";"0400";"";"";"";"";"";"";"";"";"";"";"";"";"";"";"";"";""
"01/07/2024";"0500";"";"";"";"";"";"";"";"";"";"";"";"";"";"";"";"";""
"01/07/2024";"0600";"";"";"";"";"";"";"";"";"";"";"";"";"";"";"";"";""
"01/07/2024";"0700";"";"";"";"";"";"";"";"";"";"";"";"";"";"";"";"";""
"01/07/2024";"0800";"";"";"";"";"";"";"";"";"";"";"";"";"";"";"";"";""
"01/07/2024";"0900";"";"";"";"";"";"";"";"";"";"";"";"";"";"";"";"";""
"01/07/2024";"1000";"";"";"";"";"";"";"";"";"";"";"";"";"";"";"";"";""
"01/07/2024";"1100";"";"";"";"";"";"";"";"";"";"";"";"";"";"";"";"";""
"01/07/2024";"1200";"";"";"";"";"";"";"";"";"";"";"";"";"";"";"";"";""
"01/07/2024";"1300";"";"";"";"";"";"";"";"";"";"";"";"";"";"";"";"";""
"01/07/2024";"1400";"";"";"";"";"";"";"";"";"";"";"";"";"";"";"";"";""
"01/07/2024";"1500";"";"";"";"";"";"";"";"";"";"";"";"";"";"";"";"";""
"01/07/2024";"1600";"";"";"";"";"";"";"";"";"";"";"";"";"";"";"";"";""
"01/07/2024";"1700";"";"";"";"";"";"";"";"";"";"";"";"";"";"";"";"";""
"01/07/2024";"1800";"";"";"";"";"";"";"";"";"";"";"";"";"";"";"";"";""
"01/07/2024";"1900";"";"";"";"";"";"";"";"";"";"";"";"";"";"";"";"";""
"01/07/2024";"2000";"";"";"";"";"";"";"";"";"";"";"";"";"";"";"";"";""
"01/07/2024";"2100";"";"";"";"";"";"";"";"";"";"";"";"";"";"";"";"";""
"01/07/2024";"2200";"";"";"";"";"";"";"";"";"";"";"";"";"";"";"";"";""
"01/07/2024";"2300";"";"";"";"";"";"";"";"";"";"";"";"";"";"";"";"";""
"02/07/2024";"0000";"";"";"";"";"";"";"";"";"";"";"";"";"";"";"";"";""
"02/07/2024";"0100";"";"";"";"";"";"";"";"";"";"";"";"";"";"";"";"";""
"02/07/2024";"0200";"";"";"";"";"";"";"";"";"";"";"";"";"";"";"";"";""
"02/07/2024";"0300";"";"";"";"";"";"";"";"";"";"";"";"";"";"";"";"";""
"02/07/2024";"0400";"";"";"";"";"";"";"";"";"";"";"";"";"";"";"";"";""
"02/07/2024";"0500";"";"";"";"";"";"";"";"";"";"";"";"";"";"";"";"";""
"02/07/2024";"0600";"";"";"";"";"";"";"";"";"";"";"";"";"";"";"";"";""
"02/07/2024";"0700";"";"";"";"";"";"";"";"";"";"";"";"";"";"";"";"";""
"02/07/2024";"0800";"";"";"";"";"";"";"";"";"";"";"";"";"";"";"";"";""
"02/07/2024";"0900";"";"";"";"";"";"";"";"";"";"";"";"";"";"";"";"";""
"02/07/2024";"1000";"";"";"";"";"";"";"";"";"";"";"";"";"";"";"";"";""
"02/07/2024";"1100";"";"";"";"";"";"";"";"";"";"";"";"";"";"";"";"";""
"02/07/2024";"1200";"";"";"";"";"";"";"";"";"";"";"";"";"";"";"";"";""
"02/07/2024";"1300";"";"";"";"";"";"";"";"";"";"";"";"";"";"";"";"";""
"02/07/2024";"1400";"";"";"";"";"";"";"";"";"";"";"";"";"";"";"";"";""
"02/07/2024";"1500";"";"";"";"";"";"";"";"";"";"";"";"";"";"";"";"";""
"02/07/2024";"1600";"";"";"";"";"";"";"";"";"";"";"";"";"";"";"";"";""
"02/07/2024";"1700";"";"";"";"";"";"";"";"";"";"";"";"";"";"";"";"";""
"02/07/2024";"1800";"";"";"";"";"";"";"";"";"";"";"";"";"";"";"";"";""
"02/07/2024";"1900";"";"";"";"";"";"";"";"";"";"";"";"";"";"";"";"";""
"02/07/2024";"2000";"";"";"";"";"";"";"";"";"";"";"";"";"";"";"";"";""
"02/07/2024";"2100";"";"";"";"";"";"";"";"";"";"";"";"";"";"";"";"";""
"02/07/2024";"2200";"";"";"";"";"";"";"";"";"";"";"";"";"";"";"";"";""
"02/07/2024";"2300";"";"";"";"";"";"";"";"";"";"";"";"";"";"";"";"";""
"03/07/2024";"0000";"";"";"";"";"";"";"";"";"";"";"";"";"";"";"";"";""
"03/07/2024";"0100";"";"";"";"";"";"";"";"";"";"";"";"";"";"";"";"";""
"03/07/2024";"0200";"";"";"";"";"";"";"";"";"";"";"";"";"";"";"";"";""
"03/07/2024";"0300";"";"";"";"";"";"";"";"";"";"";"";"";"";"";"";"";""
"03/07/2024";"0400";"";"";"";"";"";"";"";"";"";"";"";"";"";"";"";"";""
"03/07/2024";"0500";"";"";"";"";"";"";"";"";"";"";"";"";"";"";"";"";""
"03/07/2024";"0600";"";"";"";"";"";"";"";"";"";"";"";"";"";"";"";"";""
"03/07/2024";"0700";"";"";"";"";"";"";"";"";"";"";"";"";"";"";"";"";""
"03/07/2024";"0800";"";"";"";"";"";"";"";"";"";"";"";"";"";"";"";"";""
"03/07/2024";"0900";"";"";"";"";"";"";"";"";"";"";"";"";"";"";"";"";""
"03/07/2024";"1000";"";"";"";"";"";"";"";"";"";"";"";"";"";"";"";"";""
"03/07/2024";"1100";"";"";"";"";"";"";"";"";"";"";"";"";"";"";"";"";""
"03/07/2024";"1200";"";"";"";"";"";"";"";"";"";"";"";"";"";"";"";"";""
"03/07/2024";"1300";"";"";"";"";"";"";"";"";"";"";"";"";"";"";"";"";""
"03/07/2024";"1400";"";"";"";"";"";"";"";"";"";"";"";"";"";"";"";"";""
"03/07/2024";"1500";"";"";"";"";"";"";"";"";"";"";"";"";"";"";"";"";""
"03/07/2024";"1600";"";"";"";"";"";"";"";"";"";"";"";"";"";"";"";"";""
"03/07/2024";"1700";"";"";"";"";"";"";"";"";"";"";"";"";"";"";"";"";""
"03/07/2024";"1800";"";"";"";"";"";"";"";"";"";"";"";"";"";"";"";"";""
"03/07/2024";"1900";"";"";"";"";"";"";"";"";"";"";"";"";"";"";"";"";""
"03/07/2024";"2000";"";"";"";"";"";"";"";"";"";"";"";"";"";"";"";"";""
"03/07/2024";"2100";"";"";"";"";"";"";"";"";"";"";"";"";"";"";"";"";""
"03/07/2024";"2200";"";"";"";"";"";"";"";"";"";"";"";"";"";"";"";"";""
"03/07/2024";"2300";"";"";"";"";"";"";"";"";"";"";"";"";"";"";"";"";""
"04/07/2024";"0000";"";"";"";"";"";"";"";"";"";"";"";"";"";"";"";"";""
"04/07/2024";"0100";"";"";"";"";"";"";"";"";"";"";"";"";"";"";"";"";""
"04/07/2024";"0200";"";"";"";"";"";"";"";"";"";"";"";"";"";"";"";"";""
"04/07/2024";"0300";"";"";"";"";"";"";"";"";"";"";"";"";"";"";"";"";""
"04/07/2024";"0400";"";"";"";"";"";"";"";"";"";"";"";"";"";"";"";"";""
"04/07/2024";"0500";"";"";"";"";"";"";"";"";"";"";"";"";"";"";"";"";""
"04/07/2024";"0600";"";"";"";"";"";"";"";"";"";"";"";"";"";"";"";"";""
"04/07/2024";"0700";"";"";"";"";"";"";"";"";"";"";"";"";"";"";"";"";""
"04/07/2024";"0800";"";"";"";"";"";"";"";"";"";"";"";"";"";"";"";"";""
"04/07/2024";"0900";"";"";"";"";"";"";"";"";"";"";"";"";"";"";"";"";""
"04/07/2024";"1000";"";"";"";"";"";"";"";"";"";"";"";"";"";"";"";"";""
"04/07/2024";"1100";"";"";"";"";"";"";"";"";"";"";"";"";"";"";"";"";""
"04/07/2024";"1200";"";"";"";"";"";"";"";"";"";"";"";"";"";"";"";"";""
"04/07/2024";"1300";"";"";"";"";"";"";"";"";"";"";"";"";"";"";"";"";""
"04/07/2024";"1400";"";"";"";"";"";"";"";"";"";"";"";"";"";"";"";"";""
"04/07/2024";"1500";"";"";"";"";"";"";"";"";"";"";"";"";"";"";"";"";""
"04/07/2024";"1600";"";"";"";"";"";"";"";"";"";"";"";"";"";"";"";"";""
"04/07/2024";"1700";"";"";"";"";"";"";"";"";"";"";"";"";"";"";"";"";""
"04/07/2024";"1800";"";"";"";"";"";"";"";"";"";"";"";"";"";"";"";"";""
"04/07/2024";"1900";"";"";"";"";"";"";"";"";"";"";"";"";"";"";"";"";""
"04/07/2024";"2000";"";"";"";"";"";"";"";"";"";"";"";"";"";"";"";"";""
"04/07/2024";"2100";"";"";"";"";"";"";"";"";"";"";"";"";"";"";"";"";""
"04/07/2024";"2200";"";"";"";"";"";"";"";"";"";"";"";"";"";"";"";"";""
"04/07/2024";"2300";"";"";"";"";"";"";"";"";"";"";"";"";"";"";"";"";""
"05/07/2024";"0000";"";"";"";"";"";"";"";"";"";"";"";"";"";"";"";"";""
"05/07/2024";"0100";"";"";"";"";"";"";"";"";"";"";"";"";"";"";"";"";""
"05/07/2024";"0200";"";"";"";"";"";"";"";"";"";"";"";"";"";"";"";"";""
"05/07/2024";"0300";"";"";"";"";"";"";"";"";"";"";"";"";"";"";"";"";""
"05/07/2024";"0400";"";"";"";"";"";"";"";"";"";"";"";"";"";"";"";"";""
"05/07/2024";"0500";"";"";"";"";"";"";"";"";"";"";"";"";"";"";"";"";""
"05/07/2024";"0600";"";"";"";"";"";"";"";"";"";"";"";"";"";"";"";"";""
"05/07/2024";"0700";"";"";"";"";"";"";"";"";"";"";"";"";"";"";"";"";""
"05/07/2024";"0800";"";"";"";"";"";"";"";"";"";"";"";"";"";"";"";"";""
"05/07/2024";"0900";"";"";"";"";"";"";"";"";"";"";"";"";"";"";"";"";""
"05/07/2024";"1000";"";"";"";"";"";"";"";"";"";"";"";"";"";"";"";"";""
"05/07/2024";"1100";"";"";"";"";"";"";"";"";"";"";"";"";"";"";"";"";""
"05/07/2024";"1200";"";"";"";"";"";"";"";"";"";"";"";"";"";"";"";"";""
"05/07/2024";"1300";"";"";"";"";"";"";"";"";"";"";"";"";"";"";"";"";""
"05/07/2024";"1400";"";"";"";"";"";"";"";"";"";"";"";"";"";"";"";"";""
"05/07/2024";"1500";"";"";"";"";"";"";"";"";"";"";"";"";"";"";"";"";""
"05/07/2024";"1600";"";"";"";"";"";"";"";"";"";"";"";"";"";"";"";"";""
"05/07/2024";"1700";"";"";"";"";"";"";"";"";"";"";"";"";"";"";"";"";""
"05/07/2024";"1800";"";"";"";"";"";"";"";"";"";"";"";"";"";"";"";"";""
"05/07/2024";"1900";"";"";"";"";"";"";"";"";"";"";"";"";"";"";"";"";""
"05/07/2024";"2000";"";"";"";"";"";"";"";"";"";"";"";"";"";"";"";"";""
"05/07/2024";"2100";"";"";"";"";"";"";"";"";"";"";"";"";"";"";"";"";""
"05/07/2024";"2200";"";"";"";"";"";"";"";"";"";"";"";"";"";"";"";"";""
"05/07/2024";"2300";"";"";"";"";"";"";"";"";"";"";"";"";"";"";"";"";""
"06/07/2024";"0000";"";"";"";"";"";"";"";"";"";"";"";"";"";"";"";"";""
"06/07/2024";"0100";"";"";"";"";"";"";"";"";"";"";"";"";"";"";"";"";""
"06/07/2024";"0200";"";"";"";"";"";"";"";"";"";"";"";"";"";"";"";"";""
"06/07/2024";"0300";"";"";"";"";"";"";"";"";"";"";"";"";"";"";"";"";""
"06/07/2024";"0400";"";"";"";"";"";"";"";"";"";"";"";"";"";"";"";"";""
"06/07/2024";"0500";"";"";"";"";"";"";"";"";"";"";"";"";"";"";"";"";""
"06/07/2024";"0600";"";"";"";"";"";"";"";"";"";"";"";"";"";"";"";"";""
"06/07/2024";"0700";"";"";"";"";"";"";"";"";"";"";"";"";"";"";"";"";""
"06/07/2024";"0800";"";"";"";"";"";"";"";"";"";"";"";"";"";"";"";"";""
"06/07/2024";"0900";"";"";"";"";"";"";"";"";"";"";"";"";"";"";"";"";""
"06/07/2024";"1000";"";"";"";"";"";"";"";"";"";"";"";"";"";"";"";"";""
"06/07/2024";"1100";"";"";"";"";"";"";"";"";"";"";"";"";"";"";"";"";""
"06/07/2024";"1200";"";"";"";"";"";"";"";"";"";"";"";"";"";"";"";"";""
"06/07/2024";"1300";"";"";"";"";"";"";"";"";"";"";"";"";"";"";"";"";""
"06/07/2024";"1400";"";"";"";"";"";"";"";"";"";"";"";"";"";"";"";"";""
"06/07/2024";"1500";"";"";"";"";"";"";"";"";"";"";"";"";"";"";"";"";""
"06/07/2024";"1600";"";"";"";"";"";"";"";"";"";"";"";"";"";"";"";"";""
"06/07/2024";"1700";"";"";"";"";"";"";"";"";"";"";"";"";"";"";"";"";""
"06/07/2024";"1800";"";"";"";"";"";"";"";"";"";"";"";"";"";"";"";"";""
"06/07/2024";"1900";"";"";"";"";"";"";"";"";"";"";"";"";"";"";"";"";""
"06/07/2024";"2000";"";"";"";"";"";"";"";"";"";"";"";"";"";"";"";"";""
"06/07/2024";"2100";"";"";"";"";"";"";"";"";"";"";"";"";"";"";"";"";""
"06/07/2024";"2200";"";"";"";"";"";"";"";"";"";"";"";"";"";"";"";"";""
"06/07/2024";"2300";"";"";"";"";"";"";"";"";"";"";"";"";"";"";"";"";""
"07/07/2024";"0000";"";"";"";"";"";"";"";"";"";"";"";"";"";"";"";"";""
"07/07/2024";"0100";"";"";"";"";"";"";"";"";"";"";"";"";"";"";"";"";""
"07/07/2024";"0200";"";"";"";"";"";"";"";"";"";"";"";"";"";"";"";"";""
"07/07/2024";"0300";"";"";"";"";"";"";"";"";"";"";"";"";"";"";"";"";""
"07/07/2024";"0400";"";"";"";"";"";"";"";"";"";"";"";"";"";"";"";"";""
"07/07/2024";"0500";"";"";"";"";"";"";"";"";"";"";"";"";"";"";"";"";""
"07/07/2024";"0600";"";"";"";"";"";"";"";"";"";"";"";"";"";"";"";"";""
"07/07/2024";"0700";"";"";"";"";"";"";"";"";"";"";"";"";"";"";"";"";""
"07/07/2024";"0800";"";"";"";"";"";"";"";"";"";"";"";"";"";"";"";"";""
"07/07/2024";"0900";"";"";"";"";"";"";"";"";"";"";"";"";"";"";"";"";""
"07/07/2024";"1000";"";"";"";"";"";"";"";"";"";"";"";"";"";"";"";"";""
"07/07/2024";"1100";"";"";"";"";"";"";"";"";"";"";"";"";"";"";"";"";""
"07/07/2024";"1200";"";"";"";"";"";"";"";"";"";"";"";"";"";"";"";"";""
"07/07/2024";"1300";"";"";"";"";"";"";"";"";"";"";"";"";"";"";"";"";""
"07/07/2024";"1400";"";"";"";"";"";"";"";"";"";"";"";"";"";"";"";"";""
"07/07/2024";"1500";"";"";"";"";"";"";"";"";"";"";"";"";"";"";"";"";""
"07/07/2024";"1600";"";"";"";"";"";"";"";"";"";"";"";"";"";"";"";"";""
"07/07/2024";"1700";"";"";"";"";"";"";"";"";"";"";"";"";"";"";"";"";""
"07/07/2024";"1800";"";"";"";"";"";"";"";"";"";"";"";"";"";"";"";"";""
"07/07/2024";"1900";"";"";"";"";"";"";"";"";"";"";"";"";"";"";"";"";""
"07/07/2024";"2000";"";"";"";"";"";"";"";"";"";"";"";"";"";"";"";"";""
"07/07/2024";"2100";"";"";"";"";"";"";"";"";"";"";"";"";"";"";"";"";""
"07/07/2024";"2200";"";"";"";"";"";"";"";"";"";"";"";"";"";"";"";"";""
"07/07/2024";"2300";"";"";"";"";"";"";"";"";"";"";"";"";"";"";"";"";""
"08/07/2024";"0000";"";"";"";"";"";"";"";"";"";"";"";"";"";"";"";"";""
"08/07/2024";"0100";"";"";"";"";"";"";"";"";"";"";"";"";"";"";"";"";""
"08/07/2024";"0200";"";"";"";"";"";"";"";"";"";"";"";"";"";"";"";"";""
"08/07/2024";"0300";"";"";"";"";"";"";"";"";"";"";"";"";"";"";"";"";""
"08/07/2024";"0400";"";"";"";"";"";"";"";"";"";"";"";"";"";"";"";"";""
"08/07/2024";"0500";"";"";"";"";"";"";"";"";"";"";"";"";"";"";"";"";""
"08/07/2024";"0600";"";"";"";"";"";"";"";"";"";"";"";"";"";"";"";"";""
"08/07/2024";"0700";"";"";"";"";"";"";"";"";"";"";"";"";"";"";"";"";""
"08/07/2024";"0800";"";"";"";"";"";"";"";"";"";"";"";"";"";"";"";"";""
"08/07/2024";"0900";"";"";"";"";"";"";"";"";"";"";"";"";"";"";"";"";""
"08/07/2024";"1000";"";"";"";"";"";"";"";"";"";"";"";"";"";"";"";"";""
"08/07/2024";"1100";"";"";"";"";"";"";"";"";"";"";"";"";"";"";"";"";""
"08/07/2024";"1200";"";"";"";"";"";"";"";"";"";"";"";"";"";"";"";"";""
"08/07/2024";"1300";"";"";"";"";"";"";"";"";"";"";"";"";"";"";"";"";""
"08/07/2024";"1400";"";"";"";"";"";"";"";"";"";"";"";"";"";"";"";"";""
"08/07/2024";"1500";"";"";"";"";"";"";"";"";"";"";"";"";"";"";"";"";""
"08/07/2024";"1600";"";"";"";"";"";"";"";"";"";"";"";"";"";"";"";"";""
"08/07/2024";"1700";"";"";"";"";"";"";"";"";"";"";"";"";"";"";"";"";""
"08/07/2024";"1800";"";"";"";"";"";"";"";"";"";"";"";"";"";"";"";"";""
"08/07/2024";"1900";"";"";"";"";"";"";"";"";"";"";"";"";"";"";"";"";""
"08/07/2024";"2000";"";"";"";"";"";"";"";"";"";"";"";"";"";"";"";"";""
"08/07/2024";"2100";"";"";"";"";"";"";"";"";"";"";"";"";"";"";"";"";""
"08/07/2024";"2200";"";"";"";"";"";"";"";"";"";"";"";"";"";"";"";"";""
"08/07/2024";"2300";"";"";"";"";"";"";"";"";"";"";"";"";"";"";"";"";""
"09/07/2024";"0000";"";"";"";"";"";"";"";"";"";"";"";"";"";"";"";"";""
"09/07/2024";"0100";"";"";"";"";"";"";"";"";"";"";"";"";"";"";"";"";""
"09/07/2024";"0200";"";"";"";"";"";"";"";"";"";"";"";"";"";"";"";"";""
"09/07/2024";"0300";"";"";"";"";"";"";"";"";"";"";"";"";"";"";"";"";""
"09/07/2024";"0400";"";"";"";"";"";"";"";"";"";"";"";"";"";"";"";"";""
"09/07/2024";"0500";"";"";"";"";"";"";"";"";"";"";"";"";"";"";"";"";""
"09/07/2024";"0600";"";"";"";"";"";"";"";"";"";"";"";"";"";"";"";"";""
"09/07/2024";"0700";"";"";"";"";"";"";"";"";"";"";"";"";"";"";"";"";""
"09/07/2024";"0800";"";"";"";"";"";"";"";"";"";"";"";"";"";"";"";"";""
"09/07/2024";"0900";"";"";"";"";"";"";"";"";"";"";"";"";"";"";"";"";""
"09/07/2024";"1000";"";"";"";"";"";"";"";"";"";"";"";"";"";"";"";"";""
"09/07/2024";"1100";"";"";"";"";"";"";"";"";"";"";"";"";"";"";"";"";""
"09/07/2024";"1200";"";"";"";"";"";"";"";"";"";"";"";"";"";"";"";"";""
"09/07/2024";"1300";"";"";"";"";"";"";"";"";"";"";"";"";"";"";"";"";""
"09/07/2024";"1400";"";"";"";"";"";"";"";"";"";"";"";"";"";"";"";"";""
"09/07/2024";"1500";"";"";"";"";"";"";"";"";"";"";"";"";"";"";"";"";""
"09/07/2024";"1600";"";"";"";"";"";"";"";"";"";"";"";"";"";"";"";"";""
"09/07/2024";"1700";"";"";"";"";"";"";"";"";"";"";"";"";"";"";"";"";""
"09/07/2024";"1800";"";"";"";"";"";"";"";"";"";"";"";"";"";"";"";"";""
"09/07/2024";"1900";"";"";"";"";"";"";"";"";"";"";"";"";"";"";"";"";""
"09/07/2024";"2000";"";"";"";"";"";"";"";"";"";"";"";"";"";"";"";"";""
"09/07/2024";"2100";"";"";"";"";"";"";"";"";"";"";"";"";"";"";"";"";""
"09/07/2024";"2200";"";"";"";"";"";"";"";"";"";"";"";"";"";"";"";"";""
"09/07/2024";"2300";"";"";"";"";"";"";"";"";"";"";"";"";"";"";"";"";""
"10/07/2024";"0000";"";"";"";"";"";"";"";"";"";"";"";"";"";"";"";"";""
"10/07/2024";"0100";"";"";"";"";"";"";"";"";"";"";"";"";"";"";"";"";""
"10/07/2024";"0200";"";"";"";"";"";"";"";"";"";"";"";"";"";"";"";"";""
"10/07/2024";"0300";"";"";"";"";"";"";"";"";"";"";"";"";"";"";"";"";""
"10/07/2024";"0400";"";"";"";"";"";"";"";"";"";"";"";"";"";"";"";"";""
"10/07/2024";"0500";"";"";"";"";"";"";"";"";"";"";"";"";"";"";"";"";""
"10/07/2024";"0600";"";"";"";"";"";"";"";"";"";"";"";"";"";"";"";"";""
"10/07/2024";"0700";"";"";"";"";"";"";"";"";"";"";"";"";"";"";"";"";""
"10/07/2024";"0800";"";"";"";"";"";"";"";"";"";"";"";"";"";"";"";"";""
"10/07/2024";"0900";"";"";"";"";"";"";"";"";"";"";"";"";"";"";"";"";""
"10/07/2024";"1000";"";"";"";"";"";"";"";"";"";"";"";"";"";"";"";"";""
"10/07/2024";"1100";"";"";"";"";"";"";"";"";"";"";"";"";"";"";"";"";""
"10/07/2024";"1200";"";"";"";"";"";"";"";"";"";"";"";"";"";"";"";"";""
"10/07/2024";"1300";"";"";"";"";"";"";"";"";"";"";"";"";"";"";"";"";""
"10/07/2024";"1400";"";"";"";"";"";"";"";"";"";"";"";"";"";"";"";"";""
"10/07/2024";"1500";"28,9";"29,1";"28,4";"75,0";"75,0";"67,0";"24,1";"24,3";"21,6";"1006,9";"1007,4";"1006,9";"2,7";"233,0";"";"3592,60";""
"10/07/2024";"1600";"";"";"";"";"";"";"";"";"";"";"";"";"";"";"";"";""
"10/07/2024";"1700";"";"";"";"";"";"";"";"";"";"";"";"";"";"";"";"";""
"10/07/2024";"1800";"";"";"";"";"";"";"";"";"";"";"";"";"";"";"";"";""
"10/07/2024";"1900";"";"";"";"";"";"";"";"";"";"";"";"";"";"";"";"";""
"10/07/2024";"2000";"";"";"";"";"";"";"";"";"";"";"";"";"";"";"";"";""
"10/07/2024";"2100";"";"";"";"";"";"";"";"";"";"";"";"";"";"";"";"";""
"10/07/2024";"2200";"";"";"";"";"";"";"";"";"";"";"";"";"";"";"";"";""
"10/07/2024";"2300";"";"";"";"";"";"";"";"";"";"";"";"";"";"";"";"";""
"11/07/2024";"0000";"";"";"";"";"";"";"";"";"";"";"";"";"";"";"";"";""
"11/07/2024";"0100";"";"";"";"";"";"";"";"";"";"";"";"";"";"";"";"";""
"11/07/2024";"0200";"";"";"";"";"";"";"";"";"";"";"";"";"";"";"";"";""
"11/07/2024";"0300";"";"";"";"";"";"";"";"";"";"";"";"";"";"";"";"";""
"11/07/2024";"0400";"";"";"";"";"";"";"";"";"";"";"";"";"";"";"";"";""
"11/07/2024";"0500";"";"";"";"";"";"";"";"";"";"";"";"";"";"";"";"";""
"11/07/2024";"0600";"";"";"";"";"";"";"";"";"";"";"";"";"";"";"";"";""
"11/07/2024";"0700";"";"";"";"";"";"";"";"";"";"";"";"";"";"";"";"";""
"11/07/2024";"0800";"";"";"";"";"";"";"";"";"";"";"";"";"";"";"";"";""
"11/07/2024";"0900";"";"";"";"";"";"";"";"";"";"";"";"";"";"";"";"";""
"11/07/2024";"1000";"";"";"";"";"";"";"";"";"";"";"";"";"";"";"";"";""
"11/07/2024";"1100";"";"";"";"";"";"";"";"";"";"";"";"";"";"";"";"";""
"11/07/2024";"1200";"";"";"";"";"";"";"";"";"";"";"";"";"";"";"";"";""
"11/07/2024";"1300";"";"";"";"";"";"";"";"";"";"";"";"";"";"";"";"";""
"11/07/2024";"1400";"";"";"";"";"";"";"";"";"";"";"";"";"";"";"";"";""
"11/07/2024";"1500";"";"";"";"";"";"";"";"";"";"";"";"";"";"";"";"";""
"11/07/2024";"1600";"";"";"";"";"";"";"";"";"";"";"";"";"";"";"";"";""
"11/07/2024";"1700";"";"";"";"";"";"";"";"";"";"";"";"";"";"";"";"";""
"11/07/2024";"1800";"";"";"";"";"";"";"";"";"";"";"";"";"";"";"";"";""
"11/07/2024";"1900";"";"";"";"";"";"";"";"";"";"";"";"";"";"";"";"";""
"11/07/2024";"2000";"";"";"";"";"";"";"";"";"";"";"";"";"";"";"";"";""
"11/07/2024";"2100";"";"";"";"";"";"";"";"";"";"";"";"";"";"";"";"";""
"11/07/2024";"2200";"";"";"";"";"";"";"";"";"";"";"";"";"";"";"";"";""
"11/07/2024";"2300";"";"";"";"";"";"";"";"";"";"";"";"";"";"";"";"";""
"12/07/2024";"0000";"";"";"";"";"";"";"";"";"";"";"";"";"";"";"";"";""
"12/07/2024";"0100";"";"";"";"";"";"";"";"";"";"";"";"";"";"";"";"";""
"12/07/2024";"0200";"";"";"";"";"";"";"";"";"";"";"";"";"";"";"";"";""
"12/07/2024";"0300";"";"";"";"";"";"";"";"";"";"";"";"";"";"";"";"";""
"12/07/2024";"0400";"";"";"";"";"";"";"";"";"";"";"";"";"";"";"";"";""
"12/07/2024";"0500";"";"";"";"";"";"";"";"";"";"";"";"";"";"";"";"";""
"12/07/2024";"0600";"";"";"";"";"";"";"";"";"";"";"";"";"";"";"";"";""
"12/07/2024";"0700";"";"";"";"";"";"";"";"";"";"";"";"";"";"";"";"";""
"12/07/2024";"0800";"";"";"";"";"";"";"";"";"";"";"";"";"";"";"";"";""
"12/07/2024";"0900";"";"";"";"";"";"";"";"";"";"";"";"";"";"";"";"";""
"12/07/2024";"1000";"";"";"";"";"";"";"";"";"";"";"";"";"";"";"";"";""
"12/07/2024";"1100";"";"";"";"";"";"";"";"";"";"";"";"";"";"";"";"";""
"12/07/2024";"1200";"";"";"";"";"";"";"";"";"";"";"";"";"";"";"";"";""
"12/07/2024";"1300";"";"";"";"";"";"";"";"";"";"";"";"";"";"";"";"";""
"12/07/2024";"1400";"";"";"";"";"";"";"";"";"";"";"";"";"";"";"";"";""
"12/07/2024";"1500";"";"";"";"";"";"";"";"";"";"";"";"";"";"";"";"";""
"12/07/2024";"1600";"";"";"";"";"";"";"";"";"";"";"";"";"";"";"";"";""
"12/07/2024";"1700";"";"";"";"";"";"";"";"";"";"";"";"";"";"";"";"";""
"12/07/2024";"1800";"";"";"";"";"";"";"";"";"";"";"";"";"";"";"";"";""
"12/07/2024";"1900";"";"";"";"";"";"";"";"";"";"";"";"";"";"";"";"";""
"12/07/2024";"2000";"";"";"";"";"";"";"";"";"";"";"";"";"";"";"";"";""
"12/07/2024";"2100";"";"";"";"";"";"";"";"";"";"";"";"";"";"";"";"";""
"12/07/2024";"2200";"";"";"";"";"";"";"";"";"";"";"";"";"";"";"";"";""
"12/07/2024";"2300";"";"";"";"";"";"";"";"";"";"";"";"";"";"";"";"";""
"13/07/2024";"0000";"";"";"";"";"";"";"";"";"";"";"";"";"";"";"";"";""
"13/07/2024";"0100";"";"";"";"";"";"";"";"";"";"";"";"";"";"";"";"";""
"13/07/2024";"0200";"";"";"";"";"";"";"";"";"";"";"";"";"";"";"";"";""
"13/07/2024";"0300";"";"";"";"";"";"";"";"";"";"";"";"";"";"";"";"";""
"13/07/2024";"0400";"";"";"";"";"";"";"";"";"";"";"";"";"";"";"";"";""
"13/07/2024";"0500";"";"";"";"";"";"";"";"";"";"";"";"";"";"";"";"";""
"13/07/2024";"0600";"";"";"";"";"";"";"";"";"";"";"";"";"";"";"";"";""
"13/07/2024";"0700";"";"";"";"";"";"";"";"";"";"";"";"";"";"";"";"";""
"13/07/2024";"0800";"";"";"";"";"";"";"";"";"";"";"";"";"";"";"";"";""
"13/07/2024";"0900";"";"";"";"";"";"";"";"";"";"";"";"";"";"";"";"";""
"13/07/2024";"1000";"";"";"";"";"";"";"";"";"";"";"";"";"";"";"";"";""
"13/07/2024";"1100";"";"";"";"";"";"";"";"";"";"";"";"";"";"";"";"";""
"13/07/2024";"1200";"";"";"";"";"";"";"";"";"";"";"";"";"";"";"";"";""
"13/07/2024";"1300";"";"";"";"";"";"";"";"";"";"";"";"";"";"";"";"";""
"13/07/2024";"1400";"";"";"";"";"";"";"";"";"";"";"";"";"";"";"";"";""
"13/07/2024";"1500";"28,4";"";"";"69,0";"";"";"22,2";"";"";"1010,0";"";"";"1,6";"230,0";"";"1056,50";""
"13/07/2024";"1600";"";"";"";"";"";"";"";"";"";"";"";"";"";"";"";"";""
"13/07/2024";"1700";"";"";"";"";"";"";"";"";"";"";"";"";"";"";"";"";""
"13/07/2024";"1800";"";"";"";"";"";"";"";"";"";"";"";"";"";"";"";"";""
"13/07/2024";"1900";"";"";"";"";"";"";"";"";"";"";"";"";"";"";"";"";""
"13/07/2024";"2000";"";"";"";"";"";"";"";"";"";"";"";"";"";"";"";"";""
"13/07/2024";"2100";"";"";"";"";"";"";"";"";"";"";"";"";"";"";"";"";""
"13/07/2024";"2200";"";"";"";"";"";"";"";"";"";"";"";"";"";"";"";"";""
"13/07/2024";"2300";"";"";"";"";"";"";"";"";"";"";"";"";"";"";"";"";""
"14/07/2024";"0000";"";"";"";"";"";"";"";"";"";"";"";"";"";"";"";"";""
"14/07/2024";"0100";"";"";"";"";"";"";"";"";"";"";"";"";"";"";"";"";""
"14/07/2024";"0200";"";"";"";"";"";"";"";"";"";"";"";"";"";"";"";"";""
"14/07/2024";"0300";"";"";"";"";"";"";"";"";"";"";"";"";"";"";"";"";""
"14/07/2024";"0400";"";"";"";"";"";"";"";"";"";"";"";"";"";"";"";"";""
"14/07/2024";"0500";"";"";"";"";"";"";"";"";"";"";"";"";"";"";"";"";""
"14/07/2024";"0600";"";"";"";"";"";"";"";"";"";"";"";"";"";"";"";"";""
"14/07/2024";"0700";"";"";"";"";"";"";"";"";"";"";"";"";"";"";"";"";""
"14/07/2024";"0800";"";"";"";"";"";"";"";"";"";"";"";"";"";"";"";"";""
"14/07/2024";"0900";"";"";"";"";"";"";"";"";"";"";"";"";"";"";"";"";""
"14/07/2024";"1000";"";"";"";"";"";"";"";"";"";"";"";"";"";"";"";"";""
"14/07/2024";"1100";"";"";"";"";"";"";"";"";"";"";"";"";"";"";"";"";""
"14/07/2024";"1200";"";"";"";"";"";"";"";"";"";"";"";"";"";"";"";"";""
"14/07/2024";"1300";"";"";"";"";"";"";"";"";"";"";"";"";"";"";"";"";""
"14/07/2024";"1400";"";"";"";"";"";"";"";"";"";"";"";"";"";"";"";"";""
"14/07/2024";"1500";"";"";"";"";"";"";"";"";"";"";"";"";"";"";"";"";""
"14/07/2024";"1600";"";"";"";"";"";"";"";"";"";"";"";"";"";"";"";"";""
"14/07/2024";"1700";"";"";"";"";"";"";"";"";"";"";"";"";"";"";"";"";""
"14/07/2024";"1800";"";"";"";"";"";"";"";"";"";"";"";"";"";"";"";"";""
"14/07/2024";"1900";"";"";"";"";"";"";"";"";"";"";"";"";"";"";"";"";""
"14/07/2024";"2000";"";"";"";"";"";"";"";"";"";"";"";"";"";"";"";"";""
"14/07/2024";"2100";"";"";"";"";"";"";"";"";"";"";"";"";"";"";"";"";""
"14/07/2024";"2200";"";"";"";"";"";"";"";"";"";"";"";"";"";"";"";"";""
"14/07/2024";"2300";"";"";"";"";"";"";"";"";"";"";"";"";"";"";"";"";""
"15/07/2024";"0000";"";"";"";"";"";"";"";"";"";"";"";"";"";"";"";"";""
"15/07/2024";"0100";"";"";"";"";"";"";"";"";"";"";"";"";"";"";"";"";""
"15/07/2024";"0200";"";"";"";"";"";"";"";"";"";"";"";"";"";"";"";"";""
"15/07/2024";"0300";"";"";"";"";"";"";"";"";"";"";"";"";"";"";"";"";""
"15/07/2024";"0400";"";"";"";"";"";"";"";"";"";"";"";"";"";"";"";"";""
"15/07/2024";"0500";"";"";"";"";"";"";"";"";"";"";"";"";"";"";"";"";""
"15/07/2024";"0600";"";"";"";"";"";"";"";"";"";"";"";"";"";"";"";"";""
"15/07/2024";"0700";"";"";"";"";"";"";"";"";"";"";"";"";"";"";"";"";""
"15/07/2024";"0800";"";"";"";"";"";"";"";"";"";"";"";"";"";"";"";"";""
"15/07/2024";"0900";"";"";"";"";"";"";"";"";"";"";"";"";"";"";"";"";""
"15/07/2024";"1000";"";"";"";"";"";"";"";"";"";"";"";"";"";"";"";"";""
"15/07/2024";"1100";"";"";"";"";"";"";"";"";"";"";"";"";"";"";"";"";""
"15/07/2024";"1200";"";"";"";"";"";"";"";"";"";"";"";"";"";"";"";"";""
"15/07/2024";"1300";"";"";"";"";"";"";"";"";"";"";"";"";"";"";"";"";""
"15/07/2024";"1400";"";"";"";"";"";"";"";"";"";"";"";"";"";"";"";"";""
"15/07/2024";"1500";"";"";"";"";"";"";"";"";"";"";"";"";"";"";"";"";""
"15/07/2024";"1600";"";"";"";"";"";"";"";"";"";"";"";"";"";"";"";"";""
"15/07/2024";"1700";"";"";"";"";"";"";"";"";"";"";"";"";"";"";"";"";""
"15/07/2024";"1800";"";"";"";"";"";"";"";"";"";"";"";"";"";"";"";"";""
"15/07/2024";"1900";"";"";"";"";"";"";"";"";"";"";"";"";"";"";"";"";""
"15/07/2024";"2000";"";"";"";"";"";"";"";"";"";"";"";"";"";"";"";"";""
"15/07/2024";"2100";"";"";"";"";"";"";"";"";"";"";"";"";"";"";"";"";""
"15/07/2024";"2200";"";"";"";"";"";"";"";"";"";"";"";"";"";"";"";"";""
"15/07/2024";"2300";"";"";"";"";"";"";"";"";"";"";"";"";"";"";"";"";""
"16/07/2024";"0000";"";"";"";"";"";"";"";"";"";"";"";"";"";"";"";"";""
"16/07/2024";"0100";"";"";"";"";"";"";"";"";"";"";"";"";"";"";"";"";""
"16/07/2024";"0200";"";"";"";"";"";"";"";"";"";"";"";"";"";"";"";"";""
"16/07/2024";"0300";"";"";"";"";"";"";"";"";"";"";"";"";"";"";"";"";""
"16/07/2024";"0400";"";"";"";"";"";"";"";"";"";"";"";"";"";"";"";"";""
"16/07/2024";"0500";"";"";"";"";"";"";"";"";"";"";"";"";"";"";"";"";""
"16/07/2024";"0600";"";"";"";"";"";"";"";"";"";"";"";"";"";"";"";"";""
"16/07/2024";"0700";"";"";"";"";"";"";"";"";"";"";"";"";"";"";"";"";""
"16/07/2024";"0800";"";"";"";"";"";"";"";"";"";"";"";"";"";"";"";"";""
"16/07/2024";"0900";"";"";"";"";"";"";"";"";"";"";"";"";"";"";"";"";""
"16/07/2024";"1000";"";"";"";"";"";"";"";"";"";"";"";"";"";"";"";"";""
"16/07/2024";"1100";"";"";"";"";"";"";"";"";"";"";"";"";"";"";"";"";""
"16/07/2024";"1200";"";"";"";"";"";"";"";"";"";"";"";"";"";"";"";"";""
"16/07/2024";"1300";"";"";"";"";"";"";"";"";"";"";"";"";"";"";"";"";""
"16/07/2024";"1400";"";"";"";"";"";"";"";"";"";"";"";"";"";"";"";"";""
"16/07/2024";"1500";"";"";"";"";"";"";"";"";"";"";"";"";"";"";"";"";""
"16/07/2024";"1600";"";"";"";"";"";"";"";"";"";"";"";"";"";"";"";"";""
"16/07/2024";"1700";"";"";"";"";"";"";"";"";"";"";"";"";"";"";"";"";""
"16/07/2024";"1800";"";"";"";"";"";"";"";"";"";"";"";"";"";"";"";"";""
"16/07/2024";"1900";"";"";"";"";"";"";"";"";"";"";"";"";"";"";"";"";""
"16/07/2024";"2000";"";"";"";"";"";"";"";"";"";"";"";"";"";"";"";"";""
"16/07/2024";"2100";"";"";"";"";"";"";"";"";"";"";"";"";"";"";"";"";""
"16/07/2024";"2200";"";"";"";"";"";"";"";"";"";"";"";"";"";"";"";"";""
"16/07/2024";"2300";"";"";"";"";"";"";"";"";"";"";"";"";"";"";"";"";""
"17/07/2024";"0000";"";"";"";"";"";"";"";"";"";"";"";"";"";"";"";"";""
"17/07/2024";"0100";"";"";"";"";"";"";"";"";"";"";"";"";"";"";"";"";""
"17/07/2024";"0200";"";"";"";"";"";"";"";"";"";"";"";"";"";"";"";"";""
"17/07/2024";"0300";"";"";"";"";"";"";"";"";"";"";"";"";"";"";"";"";""
"17/07/2024";"0400";"";"";"";"";"";"";"";"";"";"";"";"";"";"";"";"";""
"17/07/2024";"0500";"";"";"";"";"";"";"";"";"";"";"";"";"";"";"";"";""
"17/07/2024";"0600";"";"";"";"";"";"";"";"";"";"";"";"";"";"";"";"";""
"17/07/2024";"0700";"";"";"";"";"";"";"";"";"";"";"";"";"";"";"";"";""
"17/07/2024";"0800";"";"";"";"";"";"";"";"";"";"";"";"";"";"";"";"";""
"17/07/2024";"0900";"";"";"";"";"";"";"";"";"";"";"";"";"";"";"";"";""
"17/07/2024";"1000";"";"";"";"";"";"";"";"";"";"";"";"";"";"";"";"";""
"17/07/2024";"1100";"";"";"";"";"";"";"";"";"";"";"";"";"";"";"";"";""
"17/07/2024";"1200";"";"";"";"";"";"";"";"";"";"";"";"";"";"";"";"";""
"17/07/2024";"1300";"";"";"";"";"";"";"";"";"";"";"";"";"";"";"";"";""
"17/07/2024";"1400";"";"";"";"";"";"";"";"";"";"";"";"";"";"";"";"";""
"17/07/2024";"1500";"";"";"";"";"";"";"";"";"";"";"";"";"";"";"";"";""
"17/07/2024";"1600";"";"";"";"";"";"";"";"";"";"";"";"";"";"";"";"";""
"17/07/2024";"1700";"";"";"";"";"";"";"";"";"";"";"";"";"";"";"";"";""
"17/07/2024";"1800";"31,5";"";"";"52,0";"";"";"20,4";"";"";"1008,5";"";"";"0,9";"239,0";"";"2407,50";""
"17/07/2024";"1900";"";"";"";"";"";"";"";"";"";"";"";"";"";"";"";"";""
"17/07/2024";"2000";"";"";"";"";"";"";"";"";"";"";"";"";"";"";"";"";""
"17/07/2024";"2100";"";"";"";"";"";"";"";"";"";"";"";"";"";"";"";"";""
"17/07/2024";"2200";"";"";"";"";"";"";"";"";"";"";"";"";"";"";"";"";""
"17/07/2024";"2300";"";"";"";"";"";"";"";"";"";"";"";"";"";"";"";"";""
"18/07/2024";"0000";"";"";"";"";"";"";"";"";"";"";"";"";"";"";"";"";""
"18/07/2024";"0100";"";"";"";"";"";"";"";"";"";"";"";"";"";"";"";"";""
"18/07/2024";"0200";"";"";"";"";"";"";"";"";"";"";"";"";"";"";"";"";""
"18/07/2024";"0300";"";"";"";"";"";"";"";"";"";"";"";"";"";"";"";"";""
"18/07/2024";"0400";"";"";"";"";"";"";"";"";"";"";"";"";"";"";"";"";""
"18/07/2024";"0500";"";"";"";"";"";"";"";"";"";"";"";"";"";"";"";"";""
"18/07/2024";"0600";"";"";"";"";"";"";"";"";"";"";"";"";"";"";"";"";""
"18/07/2024";"0700";"";"";"";"";"";"";"";"";"";"";"";"";"";"";"";"";""
"18/07/2024";"0800";"";"";"";"";"";"";"";"";"";"";"";"";"";"";"";"";""
"18/07/2024";"0900";"";"";"";"";"";"";"";"";"";"";"";"";"";"";"";"";""
"18/07/2024";"1000";"";"";"";"";"";"";"";"";"";"";"";"";"";"";"";"";""
"18/07/2024";"1100";"";"";"";"";"";"";"";"";"";"";"";"";"";"";"";"";""
"18/07/2024";"1200";"";"";"";"";"";"";"";"";"";"";"";"";"";"";"";"";""
"18/07/2024";"1300";"";"";"";"";"";"";"";"";"";"";"";"";"";"";"";"";""
"18/07/2024";"1400";"";"";"";"";"";"";"";"";"";"";"";"";"";"";"";"";""
"18/07/2024";"1500";"";"";"";"";"";"";"";"";"";"";"";"";"";"";"";"";""
"18/07/2024";"1600";"";"";"";"";"";"";"";"";"";"";"";"";"";"";"";"";""
"18/07/2024";"1700";"";"";"";"";"";"";"";"";"";"";"";"";"";"";"";"";""
"18/07/2024";"1800";"";"";"";"";"";"";"";"";"";"";"";"";"";"";"";"";""
"18/07/2024";"1900";"";"";"";"";"";"";"";"";"";"";"";"";"";"";"";"";""
"18/07/2024";"2000";"";"";"";"";"";"";"";"";"";"";"";"";"";"";"";"";""
"18/07/2024";"2100";"";"";"";"";"";"";"";"";"";"";"";"";"";"";"";"";""
"18/07/2024";"2200";"";"";"";"";"";"";"";"";"";"";"";"";"";"";"";"";""
"18/07/2024";"2300";"";"";"";"";"";"";"";"";"";"";"";"";"";"";"";"";""
"19/07/2024";"0000";"";"";"";"";"";"";"";"";"";"";"";"";"";"";"";"";""
"19/07/2024";"0100";"";"";"";"";"";"";"";"";"";"";"";"";"";"";"";"";""
"19/07/2024";"0200";"";"";"";"";"";"";"";"";"";"";"";"";"";"";"";"";""
"19/07/2024";"0300";"";"";"";"";"";"";"";"";"";"";"";"";"";"";"";"";""
"19/07/2024";"0400";"";"";"";"";"";"";"";"";"";"";"";"";"";"";"";"";""
"19/07/2024";"0500";"";"";"";"";"";"";"";"";"";"";"";"";"";"";"";"";""
"19/07/2024";"0600";"";"";"";"";"";"";"";"";"";"";"";"";"";"";"";"";""
"19/07/2024";"0700";"";"";"";"";"";"";"";"";"";"";"";"";"";"";"";"";""
"19/07/2024";"0800";"";"";"";"";"";"";"";"";"";"";"";"";"";"";"";"";""
"19/07/2024";"0900";"";"";"";"";"";"";"";"";"";"";"";"";"";"";"";"";""
"19/07/2024";"1000";"";"";"";"";"";"";"";"";"";"";"";"";"";"";"";"";""
"19/07/2024";"1100";"";"";"";"";"";"";"";"";"";"";"";"";"";"";"";"";""
"19/07/2024";"1200";"";"";"";"";"";"";"";"";"";"";"";"";"";"";"";"";""
"19/07/2024";"1300";"";"";"";"";"";"";"";"";"";"";"";"";"";"";"";"";""
"19/07/2024";"1400";"";"";"";"";"";"";"";"";"";"";"";"";"";"";"";"";""
"19/07/2024";"1500";"";"";"";"";"";"";"";"";"";"";"";"";"";"";"";"";""
"19/07/2024";"1600";"";"";"";"";"";"";"";"";"";"";"";"";"";"";"";"";""
"19/07/2024";"1700";"";"";"";"";"";"";"";"";"";"";"";"";"";"";"";"";""
"19/07/2024";"1800";"";"";"";"";"";"";"";"";"";"";"";"";"";"";"";"";""
"19/07/2024";"1900";"";"";"";"";"";"";"";"";"";"";"";"";"";"";"";"";""
"19/07/2024";"2000";"";"";"";"";"";"";"";"";"";"";"";"";"";"";"";"";""
"19/07/2024";"2100";"";"";"";"";"";"";"";"";"";"";"";"";"";"";"";"";""
"19/07/2024";"2200";"";"";"";"";"";"";"";"";"";"";"";"";"";"";"";"";""
"19/07/2024";"2300";"";"";"";"";"";"";"";"";"";"";"";"";"";"";"";"";""
"20/07/2024";"0000";"";"";"";"";"";"";"";"";"";"";"";"";"";"";"";"";""
"20/07/2024";"0100";"";"";"";"";"";"";"";"";"";"";"";"";"";"";"";"";""
"20/07/2024";"0200";"";"";"";"";"";"";"";"";"";"";"";"";"";"";"";"";""
"20/07/2024";"0300";"";"";"";"";"";"";"";"";"";"";"";"";"";"";"";"";""
"20/07/2024";"0400";"";"";"";"";"";"";"";"";"";"";"";"";"";"";"";"";""
"20/07/2024";"0500";"";"";"";"";"";"";"";"";"";"";"";"";"";"";"";"";""
"20/07/2024";"0600";"";"";"";"";"";"";"";"";"";"";"";"";"";"";"";"";""
"20/07/2024";"0700";"";"";"";"";"";"";"";"";"";"";"";"";"";"";"";"";""
"20/07/2024";"0800";"";"";"";"";"";"";"";"";"";"";"";"";"";"";"";"";""
"20/07/2024";"0900";"";"";"";"";"";"";"";"";"";"";"";"";"";"";"";"";""
"20/07/2024";"1000";"";"";"";"";"";"";"";"";"";"";"";"";"";"";"";"";""
"20/07/2024";"1100";"";"";"";"";"";"";"";"";"";"";"";"";"";"";"";"";""
"20/07/2024";"1200";"";"";"";"";"";"";"";"";"";"";"";"";"";"";"";"";""
"20/07/2024";"1300";"";"";"";"";"";"";"";"";"";"";"";"";"";"";"";"";""
"20/07/2024";"1400";"";"";"";"";"";"";"";"";"";"";"";"";"";"";"";"";""
"20/07/2024";"1500";"";"";"";"";"";"";"";"";"";"";"";"";"";"";"";"";""
"20/07/2024";"1600";"";"";"";"";"";"";"";"";"";"";"";"";"";"";"";"";""
"20/07/2024";"1700";"";"";"";"";"";"";"";"";"";"";"";"";"";"";"";"";""
"20/07/2024";"1800";"";"";"";"";"";"";"";"";"";"";"";"";"";"";"";"";""
"20/07/2024";"1900";"";"";"";"";"";"";"";"";"";"";"";"";"";"";"";"";""
"20/07/2024";"2000";"";"";"";"";"";"";"";"";"";"";"";"";"";"";"";"";""
"20/07/2024";"2100";"";"";"";"";"";"";"";"";"";"";"";"";"";"";"";"";""
"20/07/2024";"2200";"";"";"";"";"";"";"";"";"";"";"";"";"";"";"";"";""
"20/07/2024";"2300";"";"";"";"";"";"";"";"";"";"";"";"";"";"";"";"";""
"21/07/2024";"0000";"";"";"";"";"";"";"";"";"";"";"";"";"";"";"";"";""
"21/07/2024";"0100";"";"";"";"";"";"";"";"";"";"";"";"";"";"";"";"";""
"21/07/2024";"0200";"";"";"";"";"";"";"";"";"";"";"";"";"";"";"";"";""
"21/07/2024";"0300";"";"";"";"";"";"";"";"";"";"";"";"";"";"";"";"";""
"21/07/2024";"0400";"";"";"";"";"";"";"";"";"";"";"";"";"";"";"";"";""
"21/07/2024";"0500";"";"";"";"";"";"";"";"";"";"";"";"";"";"";"";"";""
"21/07/2024";"0600";"";"";"";"";"";"";"";"";"";"";"";"";"";"";"";"";""
"21/07/2024";"0700";"";"";"";"";"";"";"";"";"";"";"";"";"";"";"";"";""
"21/07/2024";"0800";"";"";"";"";"";"";"";"";"";"";"";"";"";"";"";"";""
"21/07/2024";"0900";"";"";"";"";"";"";"";"";"";"";"";"";"";"";"";"";""
"21/07/2024";"1000";"";"";"";"";"";"";"";"";"";"";"";"";"";"";"";"";""
"21/07/2024";"1100";"";"";"";"";"";"";"";"";"";"";"";"";"";"";"";"";""
"21/07/2024";"1200";"";"";"";"";"";"";"";"";"";"";"";"";"";"";"";"";""
"21/07/2024";"1300";"";"";"";"";"";"";"";"";"";"";"";"";"";"";"";"";""
"21/07/2024";"1400";"";"";"";"";"";"";"";"";"";"";"";"";"";"";"";"";""
"21/07/2024";"1500";"";"";"";"";"";"";"";"";"";"";"";"";"";"";"";"";""
"21/07/2024";"1600";"";"";"";"";"";"";"";"";"";"";"";"";"";"";"";"";""
"21/07/2024";"1700";"";"";"";"";"";"";"";"";"";"";"";"";"";"";"";"";""
"21/07/2024";"1800";"";"";"";"";"";"";"";"";"";"";"";"";"";"";"";"";""
"21/07/2024";"1900";"";"";"";"";"";"";"";"";"";"";"";"";"";"";"";"";""
"21/07/2024";"2000";"";"";"";"";"";"";"";"";"";"";"";"";"";"";"";"";""
"21/07/2024";"2100";"";"";"";"";"";"";"";"";"";"";"";"";"";"";"";"";""
"21/07/2024";"2200";"";"";"";"";"";"";"";"";"";"";"";"";"";"";"";"";""
"21/07/2024";"2300";"";"";"";"";"";"";"";"";"";"";"";"";"";"";"";"";""
"22/07/2024";"0000";"";"";"";"";"";"";"";"";"";"";"";"";"";"";"";"";""
"22/07/2024";"0100";"";"";"";"";"";"";"";"";"";"";"";"";"";"";"";"";""
"22/07/2024";"0200";"";"";"";"";"";"";"";"";"";"";"";"";"";"";"";"";""
"22/07/2024";"0300";"";"";"";"";"";"";"";"";"";"";"";"";"";"";"";"";""
"22/07/2024";"0400";"";"";"";"";"";"";"";"";"";"";"";"";"";"";"";"";""
"22/07/2024";"0500";"";"";"";"";"";"";"";"";"";"";"";"";"";"";"";"";""
"22/07/2024";"0600";"";"";"";"";"";"";"";"";"";"";"";"";"";"";"";"";""
"22/07/2024";"0700";"";"";"";"";"";"";"";"";"";"";"";"";"";"";"";"";""
"22/07/2024";"0800";"";"";"";"";"";"";"";"";"";"";"";"";"";"";"";"";""
"22/07/2024";"0900";"";"";"";"";"";"";"";"";"";"";"";"";"";"";"";"";""
"22/07/2024";"1000";"";"";"";"";"";"";"";"";"";"";"";"";"";"";"";"";""
"22/07/2024";"1100";"";"";"";"";"";"";"";"";"";"";"";"";"";"";"";"";""
"22/07/2024";"1200";"";"";"";"";"";"";"";"";"";"";"";"";"";"";"";"";""
"22/07/2024";"1300";"";"";"";"";"";"";"";"";"";"";"";"";"";"";"";"";""
"22/07/2024";"1400";"";"";"";"";"";"";"";"";"";"";"";"";"";"";"";"";""
"22/07/2024";"1500";"";"";"";"";"";"";"";"";"";"";"";"";"";"";"";"";""
"22/07/2024";"1600";"";"";"";"";"";"";"";"";"";"";"";"";"";"";"";"";""
"22/07/2024";"1700";"";"";"";"";"";"";"";"";"";"";"";"";"";"";"";"";""
"22/07/2024";"1800";"";"";"";"";"";"";"";"";"";"";"";"";"";"";"";"";""
"22/07/2024";"1900";"";"";"";"";"";"";"";"";"";"";"";"";"";"";"";"";""
"22/07/2024";"2000";"";"";"";"";"";"";"";"";"";"";"";"";"";"";"";"";""
"22/07/2024";"2100";"";"";"";"";"";"";"";"";"";"";"";"";"";"";"";"";""
"22/07/2024";"2200";"";"";"";"";"";"";"";"";"";"";"";"";"";"";"";"";""
"22/07/2024";"2300";"";"";"";"";"";"";"";"";"";"";"";"";"";"";"";"";""
"23/07/2024";"0000";"";"";"";"";"";"";"";"";"";"";"";"";"";"";"";"";""
"23/07/2024";"0100";"";"";"";"";"";"";"";"";"";"";"";"";"";"";"";"";""
"23/07/2024";"0200";"";"";"";"";"";"";"";"";"";"";"";"";"";"";"";"";""
"23/07/2024";"0300";"";"";"";"";"";"";"";"";"";"";"";"";"";"";"";"";""
"23/07/2024";"0400";"";"";"";"";"";"";"";"";"";"";"";"";"";"";"";"";""
"23/07/2024";"0500";"";"";"";"";"";"";"";"";"";"";"";"";"";"";"";"";""
"23/07/2024";"0600";"";"";"";"";"";"";"";"";"";"";"";"";"";"";"";"";""
"23/07/2024";"0700";"";"";"";"";"";"";"";"";"";"";"";"";"";"";"";"";""
"23/07/2024";"0800";"";"";"";"";"";"";"";"";"";"";"";"";"";"";"";"";""
"23/07/2024";"0900";"";"";"";"";"";"";"";"";"";"";"";"";"";"";"";"";""
"23/07/2024";"1000";"";"";"";"";"";"";"";"";"";"";"";"";"";"";"";"";""
"23/07/2024";"1100";"";"";"";"";"";"";"";"";"";"";"";"";"";"";"";"";""
"23/07/2024";"1200";"";"";"";"";"";"";"";"";"";"";"";"";"";"";"";"";""
"23/07/2024";"1300";"";"";"";"";"";"";"";"";"";"";"";"";"";"";"";"";""
"23/07/2024";"1400";"";"";"";"";"";"";"";"";"";"";"";"";"";"";"";"";""
"23/07/2024";"1500";"";"";"";"";"";"";"";"";"";"";"";"";"";"";"";"";""
"23/07/2024";"1600";"";"";"";"";"";"";"";"";"";"";"";"";"";"";"";"";""
"23/07/2024";"1700";"";"";"";"";"";"";"";"";"";"";"";"";"";"";"";"";""
"23/07/2024";"1800";"";"";"";"";"";"";"";"";"";"";"";"";"";"";"";"";""
"23/07/2024";"1900";"";"";"";"";"";"";"";"";"";"";"";"";"";"";"";"";""
"23/07/2024";"2000";"";"";"";"";"";"";"";"";"";"";"";"";"";"";"";"";""
"23/07/2024";"2100";"";"";"";"";"";"";"";"";"";"";"";"";"";"";"";"";""
"23/07/2024";"2200";"";"";"";"";"";"";"";"";"";"";"";"";"";"";"";"";""
"23/07/2024";"2300";"";"";"";"";"";"";"";"";"";"";"";"";"";"";"";"";""
"24/07/2024";"0000";"";"";"";"";"";"";"";"";"";"";"";"";"";"";"";"";""
"24/07/2024";"0100";"";"";"";"";"";"";"";"";"";"";"";"";"";"";"";"";""
"24/07/2024";"0200";"";"";"";"";"";"";"";"";"";"";"";"";"";"";"";"";""
"24/07/2024";"0300";"";"";"";"";"";"";"";"";"";"";"";"";"";"";"";"";""
"24/07/2024";"0400";"";"";"";"";"";"";"";"";"";"";"";"";"";"";"";"";""
"24/07/2024";"0500";"";"";"";"";"";"";"";"";"";"";"";"";"";"";"";"";""
"24/07/2024";"0600";"";"";"";"";"";"";"";"";"";"";"";"";"";"";"";"";""
"24/07/2024";"0700";"";"";"";"";"";"";"";"";"";"";"";"";"";"";"";"";""
"24/07/2024";"0800";"";"";"";"";"";"";"";"";"";"";"";"";"";"";"";"";""
"24/07/2024";"0900";"";"";"";"";"";"";"";"";"";"";"";"";"";"";"";"";""
"24/07/2024";"1000";"";"";"";"";"";"";"";"";"";"";"";"";"";"";"";"";""
"24/07/2024";"1100";"";"";"";"";"";"";"";"";"";"";"";"";"";"";"";"";""
"24/07/2024";"1200";"";"";"";"";"";"";"";"";"";"";"";"";"";"";"";"";""
"24/07/2024";"1300";"";"";"";"";"";"";"";"";"";"";"";"";"";"";"";"";""
"24/07/2024";"1400";"";"";"";"";"";"";"";"";"";"";"";"";"";"";"";"";""
"24/07/2024";"1500";"";"";"";"";"";"";"";"";"";"";"";"";"";"";"";"";""
"24/07/2024";"1600";"";"";"";"";"";"";"";"";"";"";"";"";"";"";"";"";""
"24/07/2024";"1700";"";"";"";"";"";"";"";"";"";"";"";"";"";"";"";"";""
"24/07/2024";"1800";"";"";"";"";"";"";"";"";"";"";"";"";"";"";"";"";""
"24/07/2024";"1900";"";"";"";"";"";"";"";"";"";"";"";"";"";"";"";"";""
"24/07/2024";"2000";"";"";"";"";"";"";"";"";"";"";"";"";"";"";"";"";""
"24/07/2024";"2100";"";"";"";"";"";"";"";"";"";"";"";"";"";"";"";"";""
"24/07/2024";"2200";"";"";"";"";"";"";"";"";"";"";"";"";"";"";"";"";""
"24/07/2024";"2300";"";"";"";"";"";"";"";"";"";"";"";"";"";"";"";"";""
"25/07/2024";"0000";"";"";"";"";"";"";"";"";"";"";"";"";"";"";"";"";""
"25/07/2024";"0100";"";"";"";"";"";"";"";"";"";"";"";"";"";"";"";"";""
"25/07/2024";"0200";"";"";"";"";"";"";"";"";"";"";"";"";"";"";"";"";""
"25/07/2024";"0300";"";"";"";"";"";"";"";"";"";"";"";"";"";"";"";"";""
"25/07/2024";"0400";"";"";"";"";"";"";"";"";"";"";"";"";"";"";"";"";""
"25/07/2024";"0500";"";"";"";"";"";"";"";"";"";"";"";"";"";"";"";"";""
"25/07/2024";"0600";"";"";"";"";"";"";"";"";"";"";"";"";"";"";"";"";""
"25/07/2024";"0700";"";"";"";"";"";"";"";"";"";"";"";"";"";"";"";"";""
"25/07/2024";"0800";"";"";"";"";"";"";"";"";"";"";"";"";"";"";"";"";""
"25/07/2024";"0900";"";"";"";"";"";"";"";"";"";"";"";"";"";"";"";"";""
"25/07/2024";"1000";"";"";"";"";"";"";"";"";"";"";"";"";"";"";"";"";""
"25/07/2024";"1100";"";"";"";"";"";"";"";"";"";"";"";"";"";"";"";"";""
"25/07/2024";"1200";"";"";"";"";"";"";"";"";"";"";"";"";"";"";"";"";""
"25/07/2024";"1300";"";"";"";"";"";"";"";"";"";"";"";"";"";"";"";"";""
"25/07/2024";"1400";"";"";"";"";"";"";"";"";"";"";"";"";"";"";"";"";""
"25/07/2024";"1500";"";"";"";"";"";"";"";"";"";"";"";"";"";"";"";"";""
"25/07/2024";"1600";"";"";"";"";"";"";"";"";"";"";"";"";"";"";"";"";""
"25/07/2024";"1700";"";"";"";"";"";"";"";"";"";"";"";"";"";"";"";"";""
"25/07/2024";"1800";"";"";"";"";"";"";"";"";"";"";"";"";"";"";"";"";""
"25/07/2024";"1900";"";"";"";"";"";"";"";"";"";"";"";"";"";"";"";"";""
"25/07/2024";"2000";"";"";"";"";"";"";"";"";"";"";"";"";"";"";"";"";""
"25/07/2024";"2100";"";"";"";"";"";"";"";"";"";"";"";"";"";"";"";"";""
"25/07/2024";"2200";"";"";"";"";"";"";"";"";"";"";"";"";"";"";"";"";""
"25/07/2024";"2300";"";"";"";"";"";"";"";"";"";"";"";"";"";"";"";"";""
"26/07/2024";"0000";"";"";"";"";"";"";"";"";"";"";"";"";"";"";"";"";""
"26/07/2024";"0100";"";"";"";"";"";"";"";"";"";"";"";"";"";"";"";"";""
"26/07/2024";"0200";"";"";"";"";"";"";"";"";"";"";"";"";"";"";"";"";""
"26/07/2024";"0300";"";"";"";"";"";"";"";"";"";"";"";"";"";"";"";"";""
"26/07/2024";"0400";"";"";"";"";"";"";"";"";"";"";"";"";"";"";"";"";""
"26/07/2024";"0500";"";"";"";"";"";"";"";"";"";"";"";"";"";"";"";"";""
"26/07/2024";"0600";"";"";"";"";"";"";"";"";"";"";"";"";"";"";"";"";""
"26/07/2024";"0700";"";"";"";"";"";"";"";"";"";"";"";"";"";"";"";"";""
"26/07/2024";"0800";"";"";"";"";"";"";"";"";"";"";"";"";"";"";"";"";""
"26/07/2024";"0900";"";"";"";"";"";"";"";"";"";"";"";"";"";"";"";"";""
"26/07/2024";"1000";"";"";"";"";"";"";"";"";"";"";"";"";"";"";"";"";""
"26/07/2024";"1100";"";"";"";"";"";"";"";"";"";"";"";"";"";"";"";"";""
"26/07/2024";"1200";"";"";"";"";"";"";"";"";"";"";"";"";"";"";"";"";""
"26/07/2024";"1300";"";"";"";"";"";"";"";"";"";"";"";"";"";"";"";"";""
"26/07/2024";"1400";"";"";"";"";"";"";"";"";"";"";"";"";"";"";"";"";""
"26/07/2024";"1500";"";"";"";"";"";"";"";"";"";"";"";"";"";"";"";"";""
"26/07/2024";"1600";"";"";"";"";"";"";"";"";"";"";"";"";"";"";"";"";""
"26/07/2024";"1700";"";"";"";"";"";"";"";"";"";"";"";"";"";"";"";"";""
"26/07/2024";"1800";"";"";"";"";"";"";"";"";"";"";"";"";"";"";"";"";""
"26/07/2024";"1900";"";"";"";"";"";"";"";"";"";"";"";"";"";"";"";"";""
"26/07/2024";"2000";"";"";"";"";"";"";"";"";"";"";"";"";"";"";"";"";""
"26/07/2024";"2100";"";"";"";"";"";"";"";"";"";"";"";"";"";"";"";"";""
"26/07/2024";"2200";"";"";"";"";"";"";"";"";"";"";"";"";"";"";"";"";""
"26/07/2024";"2300";"";"";"";"";"";"";"";"";"";"";"";"";"";"";"";"";""
"27/07/2024";"0000";"";"";"";"";"";"";"";"";"";"";"";"";"";"";"";"";""
"27/07/2024";"0100";"";"";"";"";"";"";"";"";"";"";"";"";"";"";"";"";""
"27/07/2024";"0200";"";"";"";"";"";"";"";"";"";"";"";"";"";"";"";"";""
"27/07/2024";"0300";"";"";"";"";"";"";"";"";"";"";"";"";"";"";"";"";""
"27/07/2024";"0400";"";"";"";"";"";"";"";"";"";"";"";"";"";"";"";"";""
"27/07/2024";"0500";"";"";"";"";"";"";"";"";"";"";"";"";"";"";"";"";""
"27/07/2024";"0600";"";"";"";"";"";"";"";"";"";"";"";"";"";"";"";"";""
"27/07/2024";"0700";"";"";"";"";"";"";"";"";"";"";"";"";"";"";"";"";""
"27/07/2024";"0800";"";"";"";"";"";"";"";"";"";"";"";"";"";"";"";"";""
"27/07/2024";"0900";"";"";"";"";"";"";"";"";"";"";"";"";"";"";"";"";""
"27/07/2024";"1000";"";"";"";"";"";"";"";"";"";"";"";"";"";"";"";"";""
"27/07/2024";"1100";"";"";"";"";"";"";"";"";"";"";"";"";"";"";"";"";""
"27/07/2024";"1200";"";"";"";"";"";"";"";"";"";"";"";"";"";"";"";"";""
"27/07/2024";"1300";"";"";"";"";"";"";"";"";"";"";"";"";"";"";"";"";""
"27/07/2024";"1400";"";"";"";"";"";"";"";"";"";"";"";"";"";"";"";"";""
"27/07/2024";"1500";"";"";"";"";"";"";"";"";"";"";"";"";"";"";"";"";""
"27/07/2024";"1600";"";"";"";"";"";"";"";"";"";"";"";"";"";"";"";"";""
"27/07/2024";"1700";"";"";"";"";"";"";"";"";"";"";"";"";"";"";"";"";""
"27/07/2024";"1800";"";"";"";"";"";"";"";"";"";"";"";"";"";"";"";"";""
"27/07/2024";"1900";"";"";"";"";"";"";"";"";"";"";"";"";"";"";"";"";""
"27/07/2024";"2000";"";"";"";"";"";"";"";"";"";"";"";"";"";"";"";"";""
"27/07/2024";"2100";"";"";"";"";"";"";"";"";"";"";"";"";"";"";"";"";""
"27/07/2024";"2200";"";"";"";"";"";"";"";"";"";"";"";"";"";"";"";"";""
"27/07/2024";"2300";"";"";"";"";"";"";"";"";"";"";"";"";"";"";"";"";""
"28/07/2024";"0000";"";"";"";"";"";"";"";"";"";"";"";"";"";"";"";"";""
"28/07/2024";"0100";"";"";"";"";"";"";"";"";"";"";"";"";"";"";"";"";""
"28/07/2024";"0200";"";"";"";"";"";"";"";"";"";"";"";"";"";"";"";"";""
"28/07/2024";"0300";"";"";"";"";"";"";"";"";"";"";"";"";"";"";"";"";""
"28/07/2024";"0400";"";"";"";"";"";"";"";"";"";"";"";"";"";"";"";"";""
"28/07/2024";"0500";"";"";"";"";"";"";"";"";"";"";"";"";"";"";"";"";""
"28/07/2024";"0600";"";"";"";"";"";"";"";"";"";"";"";"";"";"";"";"";""
"28/07/2024";"0700";"";"";"";"";"";"";"";"";"";"";"";"";"";"";"";"";""
"28/07/2024";"0800";"";"";"";"";"";"";"";"";"";"";"";"";"";"";"";"";""
"28/07/2024";"0900";"";"";"";"";"";"";"";"";"";"";"";"";"";"";"";"";""
"28/07/2024";"1000";"";"";"";"";"";"";"";"";"";"";"";"";"";"";"";"";""
"28/07/2024";"1100";"";"";"";"";"";"";"";"";"";"";"";"";"";"";"";"";""
"28/07/2024";"1200";"";"";"";"";"";"";"";"";"";"";"";"";"";"";"";"";""
"28/07/2024";"1300";"";"";"";"";"";"";"";"";"";"";"";"";"";"";"";"";""
"28/07/2024";"1400";"";"";"";"";"";"";"";"";"";"";"";"";"";"";"";"";""
"28/07/2024";"1500";"";"";"";"";"";"";"";"";"";"";"";"";"";"";"";"";""
"28/07/2024";"1600";"";"";"";"";"";"";"";"";"";"";"";"";"";"";"";"";""
"28/07/2024";"1700";"";"";"";"";"";"";"";"";"";"";"";"";"";"";"";"";""
"28/07/2024";"1800";"";"";"";"";"";"";"";"";"";"";"";"";"";"";"";"";""
"28/07/2024";"1900";"";"";"";"";"";"";"";"";"";"";"";"";"";"";"";"";""
"28/07/2024";"2000";"";"";"";"";"";"";"";"";"";"";"";"";"";"";"";"";""
"28/07/2024";"2100";"";"";"";"";"";"";"";"";"";"";"";"";"";"";"";"";""
"28/07/2024";"2200";"";"";"";"";"";"";"";"";"";"";"";"";"";"";"";"";""
"28/07/2024";"2300";"";"";"";"";"";"";"";"";"";"";"";"";"";"";"";"";""
"29/07/2024";"0000";"";"";"";"";"";"";"";"";"";"";"";"";"";"";"";"";""
"29/07/2024";"0100";"";"";"";"";"";"";"";"";"";"";"";"";"";"";"";"";""
"29/07/2024";"0200";"";"";"";"";"";"";"";"";"";"";"";"";"";"";"";"";""
"29/07/2024";"0300";"";"";"";"";"";"";"";"";"";"";"";"";"";"";"";"";""
"29/07/2024";"0400";"";"";"";"";"";"";"";"";"";"";"";"";"";"";"";"";""
"29/07/2024";"0500";"";"";"";"";"";"";"";"";"";"";"";"";"";"";"";"";""
"29/07/2024";"0600";"";"";"";"";"";"";"";"";"";"";"";"";"";"";"";"";""
"29/07/2024";"0700";"";"";"";"";"";"";"";"";"";"";"";"";"";"";"";"";""
"29/07/2024";"0800";"";"";"";"";"";"";"";"";"";"";"";"";"";"";"";"";""
"29/07/2024";"0900";"";"";"";"";"";"";"";"";"";"";"";"";"";"";"";"";""
"29/07/2024";"1000";"";"";"";"";"";"";"";"";"";"";"";"";"";"";"";"";""
"29/07/2024";"1100";"";"";"";"";"";"";"";"";"";"";"";"";"";"";"";"";""
"29/07/2024";"1200";"";"";"";"";"";"";"";"";"";"";"";"";"";"";"";"";""
"29/07/2024";"1300";"";"";"";"";"";"";"";"";"";"";"";"";"";"";"";"";""
"29/07/2024";"1400";"";"";"";"";"";"";"";"";"";"";"";"";"";"";"";"";""
"29/07/2024";"1500";"";"";"";"";"";"";"";"";"";"";"";"";"";"";"";"";""
"29/07/2024";"1600";"";"";"";"";"";"";"";"";"";"";"";"";"";"";"";"";""
"29/07/2024";"1700";"";"";"";"";"";"";"";"";"";"";"";"";"";"";"";"";""
"29/07/2024";"1800";"";"";"";"";"";"";"";"";"";"";"";"";"";"";"";"";""
"29/07/2024";"1900";"";"";"";"";"";"";"";"";"";"";"";"";"";"";"";"";""
"29/07/2024";"2000";"";"";"";"";"";"";"";"";"";"";"";"";"";"";"";"";""
"29/07/2024";"2100";"";"";"";"";"";"";"";"";"";"";"";"";"";"";"";"";""
"29/07/2024";"2200";"";"";"";"";"";"";"";"";"";"";"";"";"";"";"";"";""
"29/07/2024";"2300";"";"";"";"";"";"";"";"";"";"";"";"";"";"";"";"";""
"30/07/2024";"0000";"";"";"";"";"";"";"";"";"";"";"";"";"";"";"";"";""
"30/07/2024";"0100";"";"";"";"";"";"";"";"";"";"";"";"";"";"";"";"";""
"30/07/2024";"0200";"";"";"";"";"";"";"";"";"";"";"";"";"";"";"";"";""
"30/07/2024";"0300";"";"";"";"";"";"";"";"";"";"";"";"";"";"";"";"";""
"30/07/2024";"0400";"";"";"";"";"";"";"";"";"";"";"";"";"";"";"";"";""
"30/07/2024";"0500";"";"";"";"";"";"";"";"";"";"";"";"";"";"";"";"";""
"30/07/2024";"0600";"";"";"";"";"";"";"";"";"";"";"";"";"";"";"";"";""
"30/07/2024";"0700";"";"";"";"";"";"";"";"";"";"";"";"";"";"";"";"";""
"30/07/2024";"0800";"";"";"";"";"";"";"";"";"";"";"";"";"";"";"";"";""
"30/07/2024";"0900";"";"";"";"";"";"";"";"";"";"";"";"";"";"";"";"";""
"30/07/2024";"1000";"";"";"";"";"";"";"";"";"";"";"";"";"";"";"";"";""
"30/07/2024";"1100";"";"";"";"";"";"";"";"";"";"";"";"";"";"";"";"";""
"30/07/2024";"1200";"";"";"";"";"";"";"";"";"";"";"";"";"";"";"";"";""
"30/07/2024";"1300";"";"";"";"";"";"";"";"";"";"";"";"";"";"";"";"";""
"30/07/2024";"1400";"";"";"";"";"";"";"";"";"";"";"";"";"";"";"";"";""
"30/07/2024";"1500";"";"";"";"";"";"";"";"";"";"";"";"";"";"";"";"";""
"30/07/2024";"1600";"";"";"";"";"";"";"";"";"";"";"";"";"";"";"";"";""
"30/07/2024";"1700";"";"";"";"";"";"";"";"";"";"";"";"";"";"";"";"";""
"30/07/2024";"1800";"";"";"";"";"";"";"";"";"";"";"";"";"";"";"";"";""
"30/07/2024";"1900";"";"";"";"";"";"";"";"";"";"";"";"";"";"";"";"";""
"30/07/2024";"2000";"";"";"";"";"";"";"";"";"";"";"";"";"";"";"";"";""
"30/07/2024";"2100";"";"";"";"";"";"";"";"";"";"";"";"";"";"";"";"";""
"30/07/2024";"2200";"";"";"";"";"";"";"";"";"";"";"";"";"";"";"";"";""
"30/07/2024";"2300";"";"";"";"";"";"";"";"";"";"";"";"";"";"";"";"";""
"31/07/2024";"0000";"";"";"";"";"";"";"";"";"";"";"";"";"";"";"";"";""
"31/07/2024";"0100";"";"";"";"";"";"";"";"";"";"";"";"";"";"";"";"";""
"31/07/2024";"0200";"";"";"";"";"";"";"";"";"";"";"";"";"";"";"";"";""
"31/07/2024";"0300";"";"";"";"";"";"";"";"";"";"";"";"";"";"";"";"";""
"31/07/2024";"0400";"";"";"";"";"";"";"";"";"";"";"";"";"";"";"";"";""
"31/07/2024";"0500";"";"";"";"";"";"";"";"";"";"";"";"";"";"";"";"";""
"31/07/2024";"0600";"";"";"";"";"";"";"";"";"";"";"";"";"";"";"";"";""
"31/07/2024";"0700";"";"";"";"";"";"";"";"";"";"";"";"";"";"";"";"";""
"31/07/2024";"0800";"";"";"";"";"";"";"";"";"";"";"";"";"";"";"";"";""
"31/07/2024";"0900";"";"";"";"";"";"";"";"";"";"";"";"";"";"";"";"";""
"31/07/2024";"1000";"";"";"";"";"";"";"";"";"";"";"";"";"";"";"";"";""
"31/07/2024";"1100";"";"";"";"";"";"";"";"";"";"";"";"";"";"";"";"";""
"31/07/2024";"1200";"";"";"";"";"";"";"";"";"";"";"";"";"";"";"";"";""
"31/07/2024";"1300";"";"";"";"";"";"";"";"";"";"";"";"";"";"";"";"";""
"31/07/2024";"1400";"";"";"";"";"";"";"";"";"";"";"";"";"";"";"";"";""
"31/07/2024";"1500";"";"";"";"";"";"";"";"";"";"";"";"";"";"";"";"";""
"31/07/2024";"1600";"";"";"";"";"";"";"";"";"";"";"";"";"";"";"";"";""
"31/07/2024";"1700";"";"";"";"";"";"";"";"";"";"";"";"";"";"";"";"";""
"31/07/2024";"1800";"";"";"";"";"";"";"";"";"";"";"";"";"";"";"";"";""
"31/07/2024";"1900";"";"";"";"";"";"";"";"";"";"";"";"";"";"";"";"";""
"31/07/2024";"2000";"";"";"";"";"";"";"";"";"";"";"";"";"";"";"";"";""
"31/07/2024";"2100";"";"";"";"";"";"";"";"";"";"";"";"";"";"";"";"";""
"31/07/2024";"2200";"";"";"";"";"";"";"";"";"";"";"";"";"";"";"";"";""
"31/07/2024";"2300";"";"";"";"";"";"";"";"";"";"";"";"";"";"";"";"";""
"01/08/2024";"0000";"";"";"";"";"";"";"";"";"";"";"";"";"";"";"";"";""
"01/08/2024";"0100";"";"";"";"";"";"";"";"";"";"";"";"";"";"";"";"";""
"01/08/2024";"0200";"";"";"";"";"";"";"";"";"";"";"";"";"";"";"";"";""
"01/08/2024";"0300";"";"";"";"";"";"";"";"";"";"";"";"";"";"";"";"";""
"01/08/2024";"0400";"";"";"";"";"";"";"";"";"";"";"";"";"";"";"";"";""
"01/08/2024";"0500";"";"";"";"";"";"";"";"";"";"";"";"";"";"";"";"";""
"01/08/2024";"0600";"";"";"";"";"";"";"";"";"";"";"";"";"";"";"";"";""
"01/08/2024";"0700";"";"";"";"";"";"";"";"";"";"";"";"";"";"";"";"";""
"01/08/2024";"0800";"";"";"";"";"";"";"";"";"";"";"";"";"";"";"";"";""
"01/08/2024";"0900";"";"";"";"";"";"";"";"";"";"";"";"";"";"";"";"";""
"01/08/2024";"1000";"";"";"";"";"";"";"";"";"";"";"";"";"";"";"";"";""
"01/08/2024";"1100";"";"";"";"";"";"";"";"";"";"";"";"";"";"";"";"";""
"01/08/2024";"1200";"";"";"";"";"";"";"";"";"";"";"";"";"";"";"";"";""
"01/08/2024";"1300";"";"";"";"";"";"";"";"";"";"";"";"";"";"";"";"";""
"01/08/2024";"1400";"";"";"";"";"";"";"";"";"";"";"";"";"";"";"";"";""
"01/08/2024";"1500";"";"";"";"";"";"";"";"";"";"";"";"";"";"";"";"";""
"01/08/2024";"1600";"";"";"";"";"";"";"";"";"";"";"";"";"";"";"";"";""
"01/08/2024";"1700";"";"";"";"";"";"";"";"";"";"";"";"";"";"";"";"";""
"01/08/2024";"1800";"";"";"";"";"";"";"";"";"";"";"";"";"";"";"";"";""
"01/08/2024";"1900";"";"";"";"";"";"";"";"";"";"";"";"";"";"";"";"";""
"01/08/2024";"2000";"";"";"";"";"";"";"";"";"";"";"";"";"";"";"";"";""
"01/08/2024";"2100";"";"";"";"";"";"";"";"";"";"";"";"";"";"";"";"";""
"01/08/2024";"2200";"";"";"";"";"";"";"";"";"";"";"";"";"";"";"";"";""
"01/08/2024";"2300";"";"";"";"";"";"";"";"";"";"";"";"";"";"";"";"";""
"02/08/2024";"0000";"";"";"";"";"";"";"";"";"";"";"";"";"";"";"";"";""
"02/08/2024";"0100";"";"";"";"";"";"";"";"";"";"";"";"";"";"";"";"";""
"02/08/2024";"0200";"";"";"";"";"";"";"";"";"";"";"";"";"";"";"";"";""
"02/08/2024";"0300";"";"";"";"";"";"";"";"";"";"";"";"";"";"";"";"";""
"02/08/2024";"0400";"";"";"";"";"";"";"";"";"";"";"";"";"";"";"";"";""
"02/08/2024";"0500";"";"";"";"";"";"";"";"";"";"";"";"";"";"";"";"";""
"02/08/2024";"0600";"";"";"";"";"";"";"";"";"";"";"";"";"";"";"";"";""
"02/08/2024";"0700";"";"";"";"";"";"";"";"";"";"";"";"";"";"";"";"";""
"02/08/2024";"0800";"";"";"";"";"";"";"";"";"";"";"";"";"";"";"";"";""
"02/08/2024";"0900";"";"";"";"";"";"";"";"";"";"";"";"";"";"";"";"";""
"02/08/2024";"1000";"";"";"";"";"";"";"";"";"";"";"";"";"";"";"";"";""
"02/08/2024";"1100";"";"";"";"";"";"";"";"";"";"";"";"";"";"";"";"";""
"02/08/2024";"1200";"";"";"";"";"";"";"";"";"";"";"";"";"";"";"";"";""
"02/08/2024";"1300";"";"";"";"";"";"";"";"";"";"";"";"";"";"";"";"";""
"02/08/2024";"1400";"";"";"";"";"";"";"";"";"";"";"";"";"";"";"";"";""
"02/08/2024";"1500";"";"";"";"";"";"";"";"";"";"";"";"";"";"";"";"";""
"02/08/2024";"1600";"";"";"";"";"";"";"";"";"";"";"";"";"";"";"";"";""
"02/08/2024";"1700";"";"";"";"";"";"";"";"";"";"";"";"";"";"";"";"";""
"02/08/2024";"1800";"";"";"";"";"";"";"";"";"";"";"";"";"";"";"";"";""
"02/08/2024";"1900";"";"";"";"";"";"";"";"";"";"";"";"";"";"";"";"";""
"02/08/2024";"2000";"";"";"";"";"";"";"";"";"";"";"";"";"";"";"";"";""
"02/08/2024";"2100";"";"";"";"";"";"";"";"";"";"";"";"";"";"";"";"";""
"02/08/2024";"2200";"";"";"";"";"";"";"";"";"";"";"";"";"";"";"";"";""
"02/08/2024";"2300";"";"";"";"";"";"";"";"";"";"";"";"";"";"";"";"";""
"03/08/2024";"0000";"";"";"";"";"";"";"";"";"";"";"";"";"";"";"";"";""
"03/08/2024";"0100";"";"";"";"";"";"";"";"";"";"";"";"";"";"";"";"";""
"03/08/2024";"0200";"";"";"";"";"";"";"";"";"";"";"";"";"";"";"";"";""
"03/08/2024";"0300";"";"";"";"";"";"";"";"";"";"";"";"";"";"";"";"";""
"03/08/2024";"0400";"";"";"";"";"";"";"";"";"";"";"";"";"";"";"";"";""
"03/08/2024";"0500";"";"";"";"";"";"";"";"";"";"";"";"";"";"";"";"";""
"03/08/2024";"0600";"";"";"";"";"";"";"";"";"";"";"";"";"";"";"";"";""
"03/08/2024";"0700";"";"";"";"";"";"";"";"";"";"";"";"";"";"";"";"";""
"03/08/2024";"0800";"";"";"";"";"";"";"";"";"";"";"";"";"";"";"";"";""
"03/08/2024";"0900";"";"";"";"";"";"";"";"";"";"";"";"";"";"";"";"";""
"03/08/2024";"1000";"";"";"";"";"";"";"";"";"";"";"";"";"";"";"";"";""
"03/08/2024";"1100";"";"";"";"";"";"";"";"";"";"";"";"";"";"";"";"";""
"03/08/2024";"1200";"";"";"";"";"";"";"";"";"";"";"";"";"";"";"";"";""
"03/08/2024";"1300";"";"";"";"";"";"";"";"";"";"";"";"";"";"";"";"";""
"03/08/2024";"1400";"";"";"";"";"";"";"";"";"";"";"";"";"";"";"";"";""
"03/08/2024";"1500";"";"";"";"";"";"";"";"";"";"";"";"";"";"";"";"";""
"03/08/2024";"1600";"";"";"";"";"";"";"";"";"";"";"";"";"";"";"";"";""
"03/08/2024";"1700";"";"";"";"";"";"";"";"";"";"";"";"";"";"";"";"";""
"03/08/2024";"1800";"";"";"";"";"";"";"";"";"";"";"";"";"";"";"";"";""
"03/08/2024";"1900";"";"";"";"";"";"";"";"";"";"";"";"";"";"";"";"";""
"03/08/2024";"2000";"";"";"";"";"";"";"";"";"";"";"";"";"";"";"";"";""
"03/08/2024";"2100";"";"";"";"";"";"";"";"";"";"";"";"";"";"";"";"";""
"03/08/2024";"2200";"";"";"";"";"";"";"";"";"";"";"";"";"";"";"";"";""
"03/08/2024";"2300";"";"";"";"";"";"";"";"";"";"";"";"";"";"";"";"";""
"04/08/2024";"0000";"";"";"";"";"";"";"";"";"";"";"";"";"";"";"";"";""
"04/08/2024";"0100";"";"";"";"";"";"";"";"";"";"";"";"";"";"";"";"";""
"04/08/2024";"0200";"";"";"";"";"";"";"";"";"";"";"";"";"";"";"";"";""
"04/08/2024";"0300";"";"";"";"";"";"";"";"";"";"";"";"";"";"";"";"";""
"04/08/2024";"0400";"";"";"";"";"";"";"";"";"";"";"";"";"";"";"";"";""
"04/08/2024";"0500";"";"";"";"";"";"";"";"";"";"";"";"";"";"";"";"";""
"04/08/2024";"0600";"";"";"";"";"";"";"";"";"";"";"";"";"";"";"";"";""
"04/08/2024";"0700";"";"";"";"";"";"";"";"";"";"";"";"";"";"";"";"";""
"04/08/2024";"0800";"";"";"";"";"";"";"";"";"";"";"";"";"";"";"";"";""
"04/08/2024";"0900";"";"";"";"";"";"";"";"";"";"";"";"";"";"";"";"";""
"04/08/2024";"1000";"";"";"";"";"";"";"";"";"";"";"";"";"";"";"";"";""
"04/08/2024";"1100";"";"";"";"";"";"";"";"";"";"";"";"";"";"";"";"";""
"04/08/2024";"1200";"";"";"";"";"";"";"";"";"";"";"";"";"";"";"";"";""
"04/08/2024";"1300";"";"";"";"";"";"";"";"";"";"";"";"";"";"";"";"";""
"04/08/2024";"1400";"";"";"";"";"";"";"";"";"";"";"";"";"";"";"";"";""
"04/08/2024";"1500";"";"";"";"";"";"";"";"";"";"";"";"";"";"";"";"";""
"04/08/2024";"1600";"";"";"";"";"";"";"";"";"";"";"";"";"";"";"";"";""
"04/08/2024";"1700";"";"";"";"";"";"";"";"";"";"";"";"";"";"";"";"";""
"04/08/2024";"1800";"";"";"";"";"";"";"";"";"";"";"";"";"";"";"";"";""
"04/08/2024";"1900";"";"";"";"";"";"";"";"";"";"";"";"";"";"";"";"";""
"04/08/2024";"2000";"";"";"";"";"";"";"";"";"";"";"";"";"";"";"";"";""
"04/08/2024";"2100";"";"";"";"";"";"";"";"";"";"";"";"";"";"";"";"";""
"04/08/2024";"2200";"";"";"";"";"";"";"";"";"";"";"";"";"";"";"";"";""
"04/08/2024";"2300";"";"";"";"";"";"";"";"";"";"";"";"";"";"";"";"";""
"05/08/2024";"0000";"";"";"";"";"";"";"";"";"";"";"";"";"";"";"";"";""
"05/08/2024";"0100";"";"";"";"";"";"";"";"";"";"";"";"";"";"";"";"";""
"05/08/2024";"0200";"";"";"";"";"";"";"";"";"";"";"";"";"";"";"";"";""
"05/08/2024";"0300";"";"";"";"";"";"";"";"";"";"";"";"";"";"";"";"";""
"05/08/2024";"0400";"";"";"";"";"";"";"";"";"";"";"";"";"";"";"";"";""
"05/08/2024";"0500";"";"";"";"";"";"";"";"";"";"";"";"";"";"";"";"";""
"05/08/2024";"0600";"";"";"";"";"";"";"";"";"";"";"";"";"";"";"";"";""
"05/08/2024";"0700";"";"";"";"";"";"";"";"";"";"";"";"";"";"";"";"";""
"05/08/2024";"0800";"";"";"";"";"";"";"";"";"";"";"";"";"";"";"";"";""
"05/08/2024";"0900";"";"";"";"";"";"";"";"";"";"";"";"";"";"";"";"";""
"05/08/2024";"1000";"";"";"";"";"";"";"";"";"";"";"";"";"";"";"";"";""
"05/08/2024";"1100";"";"";"";"";"";"";"";"";"";"";"";"";"";"";"";"";""
"05/08/2024";"1200";"";"";"";"";"";"";"";"";"";"";"";"";"";"";"";"";""
"05/08/2024";"1300";"";"";"";"";"";"";"";"";"";"";"";"";"";"";"";"";""
"05/08/2024";"1400";"";"";"";"";"";"";"";"";"";"";"";"";"";"";"";"";""
"05/08/2024";"1500";"";"";"";"";"";"";"";"";"";"";"";"";"";"";"";"";""
"05/08/2024";"1600";"";"";"";"";"";"";"";"";"";"";"";"";"";"";"";"";""
"05/08/2024";"1700";"";"";"";"";"";"";"";"";"";"";"";"";"";"";"";"";""
"05/08/2024";"1800";"";"";"";"";"";"";"";"";"";"";"";"";"";"";"";"";""
"05/08/2024";"1900";"";"";"";"";"";"";"";"";"";"";"";"";"";"";"";"";""
"05/08/2024";"2000";"";"";"";"";"";"";"";"";"";"";"";"";"";"";"";"";""
"05/08/2024";"2100";"";"";"";"";"";"";"";"";"";"";"";"";"";"";"";"";""
"05/08/2024";"2200";"";"";"";"";"";"";"";"";"";"";"";"";"";"";"";"";""
"05/08/2024";"2300";"";"";"";"";"";"";"";"";"";"";"";"";"";"";"";"";""
"06/08/2024";"0000";"";"";"";"";"";"";"";"";"";"";"";"";"";"";"";"";""
"06/08/2024";"0100";"";"";"";"";"";"";"";"";"";"";"";"";"";"";"";"";""
"06/08/2024";"0200";"";"";"";"";"";"";"";"";"";"";"";"";"";"";"";"";""
"06/08/2024";"0300";"";"";"";"";"";"";"";"";"";"";"";"";"";"";"";"";""
"06/08/2024";"0400";"";"";"";"";"";"";"";"";"";"";"";"";"";"";"";"";""
"06/08/2024";"0500";"";"";"";"";"";"";"";"";"";"";"";"";"";"";"";"";""
"06/08/2024";"0600";"";"";"";"";"";"";"";"";"";"";"";"";"";"";"";"";""
"06/08/2024";"0700";"";"";"";"";"";"";"";"";"";"";"";"";"";"";"";"";""
"06/08/2024";"0800";"";"";"";"";"";"";"";"";"";"";"";"";"";"";"";"";""
"06/08/2024";"0900";"";"";"";"";"";"";"";"";"";"";"";"";"";"";"";"";""
"06/08/2024";"1000";"";"";"";"";"";"";"";"";"";"";"";"";"";"";"";"";""
"06/08/2024";"1100";"";"";"";"";"";"";"";"";"";"";"";"";"";"";"";"";""
"06/08/2024";"1200";"";"";"";"";"";"";"";"";"";"";"";"";"";"";"";"";""
"06/08/2024";"1300";"";"";"";"";"";"";"";"";"";"";"";"";"";"";"";"";""
"06/08/2024";"1400";"";"";"";"";"";"";"";"";"";"";"";"";"";"";"";"";""
"06/08/2024";"1500";"";"";"";"";"";"";"";"";"";"";"";"";"";"";"";"";""
"06/08/2024";"1600";"";"";"";"";"";"";"";"";"";"";"";"";"";"";"";"";""
"06/08/2024";"1700";"";"";"";"";"";"";"";"";"";"";"";"";"";"";"";"";""
"06/08/2024";"1800";"";"";"";"";"";"";"";"";"";"";"";"";"";"";"";"";""
"06/08/2024";"1900";"";"";"";"";"";"";"";"";"";"";"";"";"";"";"";"";""
"06/08/2024";"2000";"";"";"";"";"";"";"";"";"";"";"";"";"";"";"";"";""
"06/08/2024";"2100";"";"";"";"";"";"";"";"";"";"";"";"";"";"";"";"";""
"06/08/2024";"2200";"";"";"";"";"";"";"";"";"";"";"";"";"";"";"";"";""
"06/08/2024";"2300";"";"";"";"";"";"";"";"";"";"";"";"";"";"";"";"";""
"07/08/2024";"0000";"";"";"";"";"";"";"";"";"";"";"";"";"";"";"";"";""
"07/08/2024";"0100";"";"";"";"";"";"";"";"";"";"";"";"";"";"";"";"";""
"07/08/2024";"0200";"";"";"";"";"";"";"";"";"";"";"";"";"";"";"";"";""
"07/08/2024";"0300";"";"";"";"";"";"";"";"";"";"";"";"";"";"";"";"";""
"07/08/2024";"0400";"";"";"";"";"";"";"";"";"";"";"";"";"";"";"";"";""
"07/08/2024";"0500";"";"";"";"";"";"";"";"";"";"";"";"";"";"";"";"";""
"07/08/2024";"0600";"";"";"";"";"";"";"";"";"";"";"";"";"";"";"";"";""
"07/08/2024";"0700";"";"";"";"";"";"";"";"";"";"";"";"";"";"";"";"";""
"07/08/2024";"0800";"";"";"";"";"";"";"";"";"";"";"";"";"";"";"";"";""
"07/08/2024";"0900";"";"";"";"";"";"";"";"";"";"";"";"";"";"";"";"";""
"07/08/2024";"1000";"";"";"";"";"";"";"";"";"";"";"";"";"";"";"";"";""
"07/08/2024";"1100";"";"";"";"";"";"";"";"";"";"";"";"";"";"";"";"";""
"07/08/2024";"1200";"";"";"";"";"";"";"";"";"";"";"";"";"";"";"";"";""
"07/08/2024";"1300";"";"";"";"";"";"";"";"";"";"";"";"";"";"";"";"";""
"07/08/2024";"1400";"";"";"";"";"";"";"";"";"";"";"";"";"";"";"";"";""
"07/08/2024";"1500";"";"";"";"";"";"";"";"";"";"";"";"";"";"";"";"";""
"07/08/2024";"1600";"";"";"";"";"";"";"";"";"";"";"";"";"";"";"";"";""
"07/08/2024";"1700";"";"";"";"";"";"";"";"";"";"";"";"";"";"";"";"";""
"07/08/2024";"1800";"";"";"";"";"";"";"";"";"";"";"";"";"";"";"";"";""
"07/08/2024";"1900";"";"";"";"";"";"";"";"";"";"";"";"";"";"";"";"";""
"07/08/2024";"2000";"";"";"";"";"";"";"";"";"";"";"";"";"";"";"";"";""
"07/08/2024";"2100";"";"";"";"";"";"";"";"";"";"";"";"";"";"";"";"";""
"07/08/2024";"2200";"";"";"";"";"";"";"";"";"";"";"";"";"";"";"";"";""
"07/08/2024";"2300";"";"";"";"";"";"";"";"";"";"";"";"";"";"";"";"";""
"08/08/2024";"0000";"";"";"";"";"";"";"";"";"";"";"";"";"";"";"";"";""
"08/08/2024";"0100";"";"";"";"";"";"";"";"";"";"";"";"";"";"";"";"";""
"08/08/2024";"0200";"";"";"";"";"";"";"";"";"";"";"";"";"";"";"";"";""
"08/08/2024";"0300";"";"";"";"";"";"";"";"";"";"";"";"";"";"";"";"";""
"08/08/2024";"0400";"";"";"";"";"";"";"";"";"";"";"";"";"";"";"";"";""
"08/08/2024";"0500";"";"";"";"";"";"";"";"";"";"";"";"";"";"";"";"";""
"08/08/2024";"0600";"";"";"";"";"";"";"";"";"";"";"";"";"";"";"";"";""
"08/08/2024";"0700";"";"";"";"";"";"";"";"";"";"";"";"";"";"";"";"";""
"08/08/2024";"0800";"";"";"";"";"";"";"";"";"";"";"";"";"";"";"";"";""
"08/08/2024";"0900";"";"";"";"";"";"";"";"";"";"";"";"";"";"";"";"";""
"08/08/2024";"1000";"";"";"";"";"";"";"";"";"";"";"";"";"";"";"";"";""
"08/08/2024";"1100";"";"";"";"";"";"";"";"";"";"";"";"";"";"";"";"";""
"08/08/2024";"1200";"";"";"";"";"";"";"";"";"";"";"";"";"";"";"";"";""
"08/08/2024";"1300";"";"";"";"";"";"";"";"";"";"";"";"";"";"";"";"";""
"08/08/2024";"1400";"";"";"";"";"";"";"";"";"";"";"";"";"";"";"";"";""
"08/08/2024";"1500";"";"";"";"";"";"";"";"";"";"";"";"";"";"";"";"";""
"08/08/2024";"1600";"";"";"";"";"";"";"";"";"";"";"";"";"";"";"";"";""
"08/08/2024";"1700";"";"";"";"";"";"";"";"";"";"";"";"";"";"";"";"";""
"08/08/2024";"1800";"";"";"";"";"";"";"";"";"";"";"";"";"";"";"";"";""
"08/08/2024";"1900";"";"";"";"";"";"";"";"";"";"";"";"";"";"";"";"";""
"08/08/2024";"2000";"";"";"";"";"";"";"";"";"";"";"";"";"";"";"";"";""
"08/08/2024";"2100";"";"";"";"";"";"";"";"";"";"";"";"";"";"";"";"";""
"08/08/2024";"2200";"";"";"";"";"";"";"";"";"";"";"";"";"";"";"";"";""
"08/08/2024";"2300";"";"";"";"";"";"";"";"";"";"";"";"";"";"";"";"";""
"09/08/2024";"0000";"";"";"";"";"";"";"";"";"";"";"";"";"";"";"";"";""
"09/08/2024";"0100";"";"";"";"";"";"";"";"";"";"";"";"";"";"";"";"";""
"09/08/2024";"0200";"";"";"";"";"";"";"";"";"";"";"";"";"";"";"";"";""
"09/08/2024";"0300";"";"";"";"";"";"";"";"";"";"";"";"";"";"";"";"";""
"09/08/2024";"0400";"";"";"";"";"";"";"";"";"";"";"";"";"";"";"";"";""
"09/08/2024";"0500";"";"";"";"";"";"";"";"";"";"";"";"";"";"";"";"";""
"09/08/2024";"0600";"";"";"";"";"";"";"";"";"";"";"";"";"";"";"";"";""
"09/08/2024";"0700";"";"";"";"";"";"";"";"";"";"";"";"";"";"";"";"";""
"09/08/2024";"0800";"";"";"";"";"";"";"";"";"";"";"";"";"";"";"";"";""
"09/08/2024";"0900";"";"";"";"";"";"";"";"";"";"";"";"";"";"";"";"";""
"09/08/2024";"1000";"";"";"";"";"";"";"";"";"";"";"";"";"";"";"";"";""
"09/08/2024";"1100";"";"";"";"";"";"";"";"";"";"";"";"";"";"";"";"";""
"09/08/2024";"1200";"";"";"";"";"";"";"";"";"";"";"";"";"";"";"";"";""
"09/08/2024";"1300";"";"";"";"";"";"";"";"";"";"";"";"";"";"";"";"";""
"09/08/2024";"1400";"";"";"";"";"";"";"";"";"";"";"";"";"";"";"";"";""
"09/08/2024";"1500";"";"";"";"";"";"";"";"";"";"";"";"";"";"";"";"";""
"09/08/2024";"1600";"";"";"";"";"";"";"";"";"";"";"";"";"";"";"";"";""
"09/08/2024";"1700";"";"";"";"";"";"";"";"";"";"";"";"";"";"";"";"";""
"09/08/2024";"1800";"";"";"";"";"";"";"";"";"";"";"";"";"";"";"";"";""
"09/08/2024";"1900";"";"";"";"";"";"";"";"";"";"";"";"";"";"";"";"";""
"09/08/2024";"2000";"";"";"";"";"";"";"";"";"";"";"";"";"";"";"";"";""
"09/08/2024";"2100";"";"";"";"";"";"";"";"";"";"";"";"";"";"";"";"";""
"09/08/2024";"2200";"";"";"";"";"";"";"";"";"";"";"";"";"";"";"";"";""
"09/08/2024";"2300";"";"";"";"";"";"";"";"";"";"";"";"";"";"";"";"";""
"10/08/2024";"0000";"";"";"";"";"";"";"";"";"";"";"";"";"";"";"";"";""
"10/08/2024";"0100";"";"";"";"";"";"";"";"";"";"";"";"";"";"";"";"";""
"10/08/2024";"0200";"";"";"";"";"";"";"";"";"";"";"";"";"";"";"";"";""
"10/08/2024";"0300";"";"";"";"";"";"";"";"";"";"";"";"";"";"";"";"";""
"10/08/2024";"0400";"";"";"";"";"";"";"";"";"";"";"";"";"";"";"";"";""
"10/08/2024";"0500";"";"";"";"";"";"";"";"";"";"";"";"";"";"";"";"";""
"10/08/2024";"0600";"";"";"";"";"";"";"";"";"";"";"";"";"";"";"";"";""
"10/08/2024";"0700";"";"";"";"";"";"";"";"";"";"";"";"";"";"";"";"";""
"10/08/2024";"0800";"";"";"";"";"";"";"";"";"";"";"";"";"";"";"";"";""
"10/08/2024";"0900";"";"";"";"";"";"";"";"";"";"";"";"";"";"";"";"";""
"10/08/2024";"1000";"";"";"";"";"";"";"";"";"";"";"";"";"";"";"";"";""
"10/08/2024";"1100";"";"";"";"";"";"";"";"";"";"";"";"";"";"";"";"";""
"10/08/2024";"1200";"";"";"";"";"";"";"";"";"";"";"";"";"";"";"";"";""
"10/08/2024";"1300";"";"";"";"";"";"";"";"";"";"";"";"";"";"";"";"";""
"10/08/2024";"1400";"";"";"";"";"";"";"";"";"";"";"";"";"";"";"";"";""
"10/08/2024";"1500";"";"";"";"";"";"";"";"";"";"";"";"";"";"";"";"";""
"10/08/2024";"1600";"";"";"";"";"";"";"";"";"";"";"";"";"";"";"";"";""
"10/08/2024";"1700";"";"";"";"";"";"";"";"";"";"";"";"";"";"";"";"";""
"10/08/2024";"1800";"";"";"";"";"";"";"";"";"";"";"";"";"";"";"";"";""
"10/08/2024";"1900";"";"";"";"";"";"";"";"";"";"";"";"";"";"";"";"";""
"10/08/2024";"2000";"";"";"";"";"";"";"";"";"";"";"";"";"";"";"";"";""
"10/08/2024";"2100";"";"";"";"";"";"";"";"";"";"";"";"";"";"";"";"";""
"10/08/2024";"2200";"";"";"";"";"";"";"";"";"";"";"";"";"";"";"";"";""
"10/08/2024";"2300";"";"";"";"";"";"";"";"";"";"";"";"";"";"";"";"";""
"11/08/2024";"0000";"";"";"";"";"";"";"";"";"";"";"";"";"";"";"";"";""
"11/08/2024";"0100";"";"";"";"";"";"";"";"";"";"";"";"";"";"";"";"";""
"11/08/2024";"0200";"";"";"";"";"";"";"";"";"";"";"";"";"";"";"";"";""
"11/08/2024";"0300";"";"";"";"";"";"";"";"";"";"";"";"";"";"";"";"";""
"11/08/2024";"0400";"";"";"";"";"";"";"";"";"";"";"";"";"";"";"";"";""
"11/08/2024";"0500";"";"";"";"";"";"";"";"";"";"";"";"";"";"";"";"";""
"11/08/2024";"0600";"";"";"";"";"";"";"";"";"";"";"";"";"";"";"";"";""
"11/08/2024";"0700";"";"";"";"";"";"";"";"";"";"";"";"";"";"";"";"";""
"11/08/2024";"0800";"";"";"";"";"";"";"";"";"";"";"";"";"";"";"";"";""
"11/08/2024";"0900";"";"";"";"";"";"";"";"";"";"";"";"";"";"";"";"";""
"11/08/2024";"1000";"";"";"";"";"";"";"";"";"";"";"";"";"";"";"";"";""
"11/08/2024";"1100";"";"";"";"";"";"";"";"";"";"";"";"";"";"";"";"";""
"11/08/2024";"1200";"";"";"";"";"";"";"";"";"";"";"";"";"";"";"";"";""
"11/08/2024";"1300";"";"";"";"";"";"";"";"";"";"";"";"";"";"";"";"";""
"11/08/2024";"1400";"";"";"";"";"";"";"";"";"";"";"";"";"";"";"";"";""
"11/08/2024";"1500";"";"";"";"";"";"";"";"";"";"";"";"";"";"";"";"";""
"11/08/2024";"1600";"";"";"";"";"";"";"";"";"";"";"";"";"";"";"";"";""
"11/08/2024";"1700";"";"";"";"";"";"";"";"";"";"";"";"";"";"";"";"";""
"11/08/2024";"1800";"";"";"";"";"";"";"";"";"";"";"";"";"";"";"";"";""
"11/08/2024";"1900";"";"";"";"";"";"";"";"";"";"";"";"";"";"";"";"";""
"11/08/2024";"2000";"";"";"";"";"";"";"";"";"";"";"";"";"";"";"";"";""
"11/08/2024";"2100";"";"";"";"";"";"";"";"";"";"";"";"";"";"";"";"";""
"11/08/2024";"2200";"";"";"";"";"";"";"";"";"";"";"";"";"";"";"";"";""
"11/08/2024";"2300";"";"";"";"";"";"";"";"";"";"";"";"";"";"";"";"";""
"12/08/2024";"0000";"";"";"";"";"";"";"";"";"";"";"";"";"";"";"";"";""
"12/08/2024";"0100";"";"";"";"";"";"";"";"";"";"";"";"";"";"";"";"";""
"12/08/2024";"0200";"";"";"";"";"";"";"";"";"";"";"";"";"";"";"";"";""
"12/08/2024";"0300";"";"";"";"";"";"";"";"";"";"";"";"";"";"";"";"";""
"12/08/2024";"0400";"";"";"";"";"";"";"";"";"";"";"";"";"";"";"";"";""
"12/08/2024";"0500";"";"";"";"";"";"";"";"";"";"";"";"";"";"";"";"";""
"12/08/2024";"0600";"";"";"";"";"";"";"";"";"";"";"";"";"";"";"";"";""
"12/08/2024";"0700";"";"";"";"";"";"";"";"";"";"";"";"";"";"";"";"";""
"12/08/2024";"0800";"";"";"";"";"";"";"";"";"";"";"";"";"";"";"";"";""
"12/08/2024";"0900";"";"";"";"";"";"";"";"";"";"";"";"";"";"";"";"";""
"12/08/2024";"1000";"";"";"";"";"";"";"";"";"";"";"";"";"";"";"";"";""
"12/08/2024";"1100";"";"";"";"";"";"";"";"";"";"";"";"";"";"";"";"";""
"12/08/2024";"1200";"";"";"";"";"";"";"";"";"";"";"";"";"";"";"";"";""
"12/08/2024";"1300";"";"";"";"";"";"";"";"";"";"";"";"";"";"";"";"";""
"12/08/2024";"1400";"";"";"";"";"";"";"";"";"";"";"";"";"";"";"";"";""
"12/08/2024";"1500";"";"";"";"";"";"";"";"";"";"";"";"";"";"";"";"";""
"12/08/2024";"1600";"";"";"";"";"";"";"";"";"";"";"";"";"";"";"";"";""
"12/08/2024";"1700";"";"";"";"";"";"";"";"";"";"";"";"";"";"";"";"";""
"12/08/2024";"1800";"";"";"";"";"";"";"";"";"";"";"";"";"";"";"";"";""
"12/08/2024";"1900";"";"";"";"";"";"";"";"";"";"";"";"";"";"";"";"";""
"12/08/2024";"2000";"";"";"";"";"";"";"";"";"";"";"";"";"";"";"";"";""
"12/08/2024";"2100";"";"";"";"";"";"";"";"";"";"";"";"";"";"";"";"";""
"12/08/2024";"2200";"";"";"";"";"";"";"";"";"";"";"";"";"";"";"";"";""
"12/08/2024";"2300";"";"";"";"";"";"";"";"";"";"";"";"";"";"";"";"";""
"13/08/2024";"0000";"";"";"";"";"";"";"";"";"";"";"";"";"";"";"";"";""
"13/08/2024";"0100";"";"";"";"";"";"";"";"";"";"";"";"";"";"";"";"";""
"13/08/2024";"0200";"";"";"";"";"";"";"";"";"";"";"";"";"";"";"";"";""
"13/08/2024";"0300";"";"";"";"";"";"";"";"";"";"";"";"";"";"";"";"";""
"13/08/2024";"0400";"";"";"";"";"";"";"";"";"";"";"";"";"";"";"";"";""
"13/08/2024";"0500";"";"";"";"";"";"";"";"";"";"";"";"";"";"";"";"";""
"13/08/2024";"0600";"";"";"";"";"";"";"";"";"";"";"";"";"";"";"";"";""
"13/08/2024";"0700";"";"";"";"";"";"";"";"";"";"";"";"";"";"";"";"";""
"13/08/2024";"0800";"";"";"";"";"";"";"";"";"";"";"";"";"";"";"";"";""
"13/08/2024";"0900";"";"";"";"";"";"";"";"";"";"";"";"";"";"";"";"";""
"13/08/2024";"1000";"";"";"";"";"";"";"";"";"";"";"";"";"";"";"";"";""
"13/08/2024";"1100";"";"";"";"";"";"";"";"";"";"";"";"";"";"";"";"";""
"13/08/2024";"1200";"";"";"";"";"";"";"";"";"";"";"";"";"";"";"";"";""
"13/08/2024";"1300";"";"";"";"";"";"";"";"";"";"";"";"";"";"";"";"";""
"13/08/2024";"1400";"";"";"";"";"";"";"";"";"";"";"";"";"";"";"";"";""
"13/08/2024";"1500";"";"";"";"";"";"";"";"";"";"";"";"";"";"";"";"";""
"13/08/2024";"1600";"";"";"";"";"";"";"";"";"";"";"";"";"";"";"";"";""
"13/08/2024";"1700";"";"";"";"";"";"";"";"";"";"";"";"";"";"";"";"";""
"13/08/2024";"1800";"";"";"";"";"";"";"";"";"";"";"";"";"";"";"";"";""
"13/08/2024";"1900";"";"";"";"";"";"";"";"";"";"";"";"";"";"";"";"";""
"13/08/2024";"2000";"";"";"";"";"";"";"";"";"";"";"";"";"";"";"";"";""
"13/08/2024";"2100";"";"";"";"";"";"";"";"";"";"";"";"";"";"";"";"";""
"13/08/2024";"2200";"";"";"";"";"";"";"";"";"";"";"";"";"";"";"";"";""
"13/08/2024";"2300";"";"";"";"";"";"";"";"";"";"";"";"";"";"";"";"";""
"14/08/2024";"0000";"";"";"";"";"";"";"";"";"";"";"";"";"";"";"";"";""
"14/08/2024";"0100";"";"";"";"";"";"";"";"";"";"";"";"";"";"";"";"";""
"14/08/2024";"0200";"";"";"";"";"";"";"";"";"";"";"";"";"";"";"";"";""
"14/08/2024";"0300";"";"";"";"";"";"";"";"";"";"";"";"";"";"";"";"";""
"14/08/2024";"0400";"";"";"";"";"";"";"";"";"";"";"";"";"";"";"";"";""
"14/08/2024";"0500";"";"";"";"";"";"";"";"";"";"";"";"";"";"";"";"";""
"14/08/2024";"0600";"";"";"";"";"";"";"";"";"";"";"";"";"";"";"";"";""
"14/08/2024";"0700";"";"";"";"";"";"";"";"";"";"";"";"";"";"";"";"";""
"14/08/2024";"0800";"";"";"";"";"";"";"";"";"";"";"";"";"";"";"";"";""
"14/08/2024";"0900";"";"";"";"";"";"";"";"";"";"";"";"";"";"";"";"";""
"14/08/2024";"1000";"";"";"";"";"";"";"";"";"";"";"";"";"";"";"";"";""
"14/08/2024";"1100";"";"";"";"";"";"";"";"";"";"";"";"";"";"";"";"";""
"14/08/2024";"1200";"";"";"";"";"";"";"";"";"";"";"";"";"";"";"";"";""
"14/08/2024";"1300";"";"";"";"";"";"";"";"";"";"";"";"";"";"";"";"";""
"14/08/2024";"1400";"";"";"";"";"";"";"";"";"";"";"";"";"";"";"";"";""
"14/08/2024";"1500";"";"";"";"";"";"";"";"";"";"";"";"";"";"";"";"";""
"14/08/2024";"1600";"";"";"";"";"";"";"";"";"";"";"";"";"";"";"";"";""
"14/08/2024";"1700";"";"";"";"";"";"";"";"";"";"";"";"";"";"";"";"";""
"14/08/2024";"1800";"";"";"";"";"";"";"";"";"";"";"";"";"";"";"";"";""
"14/08/2024";"1900";"";"";"";"";"";"";"";"";"";"";"";"";"";"";"";"";""
"14/08/2024";"2000";"";"";"";"";"";"";"";"";"";"";"";"";"";"";"";"";""
"14/08/2024";"2100";"";"";"";"";"";"";"";"";"";"";"";"";"";"";"";"";""
"14/08/2024";"2200";"";"";"";"";"";"";"";"";"";"";"";"";"";"";"";"";""
"14/08/2024";"2300";"";"";"";"";"";"";"";"";"";"";"";"";"";"";"";"";""
"15/08/2024";"0000";"";"";"";"";"";"";"";"";"";"";"";"";"";"";"";"";""
"15/08/2024";"0100";"";"";"";"";"";"";"";"";"";"";"";"";"";"";"";"";""
"15/08/2024";"0200";"";"";"";"";"";"";"";"";"";"";"";"";"";"";"";"";""
"15/08/2024";"0300";"";"";"";"";"";"";"";"";"";"";"";"";"";"";"";"";""
"15/08/2024";"0400";"";"";"";"";"";"";"";"";"";"";"";"";"";"";"";"";""
"15/08/2024";"0500";"";"";"";"";"";"";"";"";"";"";"";"";"";"";"";"";""
"15/08/2024";"0600";"";"";"";"";"";"";"";"";"";"";"";"";"";"";"";"";""
"15/08/2024";"0700";"";"";"";"";"";"";"";"";"";"";"";"";"";"";"";"";""
"15/08/2024";"0800";"";"";"";"";"";"";"";"";"";"";"";"";"";"";"";"";""
"15/08/2024";"0900";"";"";"";"";"";"";"";"";"";"";"";"";"";"";"";"";""
"15/08/2024";"1000";"";"";"";"";"";"";"";"";"";"";"";"";"";"";"";"";""
"15/08/2024";"1100";"";"";"";"";"";"";"";"";"";"";"";"";"";"";"";"";""
"15/08/2024";"1200";"";"";"";"";"";"";"";"";"";"";"";"";"";"";"";"";""
"15/08/2024";"1300";"";"";"";"";"";"";"";"";"";"";"";"";"";"";"";"";""
"15/08/2024";"1400";"";"";"";"";"";"";"";"";"";"";"";"";"";"";"";"";""
"15/08/2024";"1500";"";"";"";"";"";"";"";"";"";"";"";"";"";"";"";"";""
"15/08/2024";"1600";"";"";"";"";"";"";"";"";"";"";"";"";"";"";"";"";""
"15/08/2024";"1700";"";"";"";"";"";"";"";"";"";"";"";"";"";"";"";"";""
"15/08/2024";"1800";"";"";"";"";"";"";"";"";"";"";"";"";"";"";"";"";""
"15/08/2024";"1900";"";"";"";"";"";"";"";"";"";"";"";"";"";"";"";"";""
"15/08/2024";"2000";"";"";"";"";"";"";"";"";"";"";"";"";"";"";"";"";""
"15/08/2024";"2100";"";"";"";"";"";"";"";"";"";"";"";"";"";"";"";"";""
"15/08/2024";"2200";"";"";"";"";"";"";"";"";"";"";"";"";"";"";"";"";""
"15/08/2024";"2300";"";"";"";"";"";"";"";"";"";"";"";"";"";"";"";"";""
"16/08/2024";"0000";"";"";"";"";"";"";"";"";"";"";"";"";"";"";"";"";""
"16/08/2024";"0100";"";"";"";"";"";"";"";"";"";"";"";"";"";"";"";"";""
"16/08/2024";"0200";"";"";"";"";"";"";"";"";"";"";"";"";"";"";"";"";""
"16/08/2024";"0300";"";"";"";"";"";"";"";"";"";"";"";"";"";"";"";"";""
"16/08/2024";"0400";"";"";"";"";"";"";"";"";"";"";"";"";"";"";"";"";""
"16/08/2024";"0500";"";"";"";"";"";"";"";"";"";"";"";"";"";"";"";"";""
"16/08/2024";"0600";"";"";"";"";"";"";"";"";"";"";"";"";"";"";"";"";""
"16/08/2024";"0700";"";"";"";"";"";"";"";"";"";"";"";"";"";"";"";"";""
"16/08/2024";"0800";"";"";"";"";"";"";"";"";"";"";"";"";"";"";"";"";""
"16/08/2024";"0900";"";"";"";"";"";"";"";"";"";"";"";"";"";"";"";"";""
"16/08/2024";"1000";"";"";"";"";"";"";"";"";"";"";"";"";"";"";"";"";""
"16/08/2024";"1100";"";"";"";"";"";"";"";"";"";"";"";"";"";"";"";"";""
"16/08/2024";"1200";"";"";"";"";"";"";"";"";"";"";"";"";"";"";"";"";""
"16/08/2024";"1300";"";"";"";"";"";"";"";"";"";"";"";"";"";"";"";"";""
"16/08/2024";"1400";"";"";"";"";"";"";"";"";"";"";"";"";"";"";"";"";""
"16/08/2024";"1500";"";"";"";"";"";"";"";"";"";"";"";"";"";"";"";"";""
"16/08/2024";"1600";"";"";"";"";"";"";"";"";"";"";"";"";"";"";"";"";""
"16/08/2024";"1700";"";"";"";"";"";"";"";"";"";"";"";"";"";"";"";"";""
"16/08/2024";"1800";"";"";"";"";"";"";"";"";"";"";"";"";"";"";"";"";""
"16/08/2024";"1900";"";"";"";"";"";"";"";"";"";"";"";"";"";"";"";"";""
"16/08/2024";"2000";"";"";"";"";"";"";"";"";"";"";"";"";"";"";"";"";""
"16/08/2024";"2100";"";"";"";"";"";"";"";"";"";"";"";"";"";"";"";"";""
"16/08/2024";"2200";"";"";"";"";"";"";"";"";"";"";"";"";"";"";"";"";""
"16/08/2024";"2300";"";"";"";"";"";"";"";"";"";"";"";"";"";"";"";"";""
"17/08/2024";"0000";"";"";"";"";"";"";"";"";"";"";"";"";"";"";"";"";""
"17/08/2024";"0100";"";"";"";"";"";"";"";"";"";"";"";"";"";"";"";"";""
"17/08/2024";"0200";"";"";"";"";"";"";"";"";"";"";"";"";"";"";"";"";""
"17/08/2024";"0300";"";"";"";"";"";"";"";"";"";"";"";"";"";"";"";"";""
"17/08/2024";"0400";"";"";"";"";"";"";"";"";"";"";"";"";"";"";"";"";""
"17/08/2024";"0500";"";"";"";"";"";"";"";"";"";"";"";"";"";"";"";"";""
"17/08/2024";"0600";"";"";"";"";"";"";"";"";"";"";"";"";"";"";"";"";""
"17/08/2024";"0700";"";"";"";"";"";"";"";"";"";"";"";"";"";"";"";"";""
"17/08/2024";"0800";"";"";"";"";"";"";"";"";"";"";"";"";"";"";"";"";""
"17/08/2024";"0900";"";"";"";"";"";"";"";"";"";"";"";"";"";"";"";"";""
"17/08/2024";"1000";"";"";"";"";"";"";"";"";"";"";"";"";"";"";"";"";""
"17/08/2024";"1100";"";"";"";"";"";"";"";"";"";"";"";"";"";"";"";"";""
"17/08/2024";"1200";"";"";"";"";"";"";"";"";"";"";"";"";"";"";"";"";""
"17/08/2024";"1300";"";"";"";"";"";"";"";"";"";"";"";"";"";"";"";"";""
"17/08/2024";"1400";"";"";"";"";"";"";"";"";"";"";"";"";"";"";"";"";""
"17/08/2024";"1500";"";"";"";"";"";"";"";"";"";"";"";"";"";"";"";"";""
"17/08/2024";"1600";"";"";"";"";"";"";"";"";"";"";"";"";"";"";"";"";""
"17/08/2024";"1700";"";"";"";"";"";"";"";"";"";"";"";"";"";"";"";"";""
"17/08/2024";"1800";"";"";"";"";"";"";"";"";"";"";"";"";"";"";"";"";""
"17/08/2024";"1900";"";"";"";"";"";"";"";"";"";"";"";"";"";"";"";"";""
"17/08/2024";"2000";"";"";"";"";"";"";"";"";"";"";"";"";"";"";"";"";""
"17/08/2024";"2100";"";"";"";"";"";"";"";"";"";"";"";"";"";"";"";"";""
"17/08/2024";"2200";"";"";"";"";"";"";"";"";"";"";"";"";"";"";"";"";""
"17/08/2024";"2300";"";"";"";"";"";"";"";"";"";"";"";"";"";"";"";"";""
"18/08/2024";"0000";"";"";"";"";"";"";"";"";"";"";"";"";"";"";"";"";""
"18/08/2024";"0100";"";"";"";"";"";"";"";"";"";"";"";"";"";"";"";"";""
"18/08/2024";"0200";"";"";"";"";"";"";"";"";"";"";"";"";"";"";"";"";""
"18/08/2024";"0300";"";"";"";"";"";"";"";"";"";"";"";"";"";"";"";"";""
"18/08/2024";"0400";"";"";"";"";"";"";"";"";"";"";"";"";"";"";"";"";""
"18/08/2024";"0500";"";"";"";"";"";"";"";"";"";"";"";"";"";"";"";"";""
"18/08/2024";"0600";"";"";"";"";"";"";"";"";"";"";"";"";"";"";"";"";""
"18/08/2024";"0700";"";"";"";"";"";"";"";"";"";"";"";"";"";"";"";"";""
"18/08/2024";"0800";"";"";"";"";"";"";"";"";"";"";"";"";"";"";"";"";""
"18/08/2024";"0900";"";"";"";"";"";"";"";"";"";"";"";"";"";"";"";"";""
"18/08/2024";"1000";"";"";"";"";"";"";"";"";"";"";"";"";"";"";"";"";""
"18/08/2024";"1100";"";"";"";"";"";"";"";"";"";"";"";"";"";"";"";"";""
"18/08/2024";"1200";"";"";"";"";"";"";"";"";"";"";"";"";"";"";"";"";""
"18/08/2024";"1300";"";"";"";"";"";"";"";"";"";"";"";"";"";"";"";"";""
"18/08/2024";"1400";"";"";"";"";"";"";"";"";"";"";"";"";"";"";"";"";""
"18/08/2024";"1500";"";"";"";"";"";"";"";"";"";"";"";"";"";"";"";"";""
"18/08/2024";"1600";"";"";"";"";"";"";"";"";"";"";"";"";"";"";"";"";""
"18/08/2024";"1700";"";"";"";"";"";"";"";"";"";"";"";"";"";"";"";"";""
"18/08/2024";"1800";"";"";"";"";"";"";"";"";"";"";"";"";"";"";"";"";""
"18/08/2024";"1900";"";"";"";"";"";"";"";"";"";"";"";"";"";"";"";"";""
"18/08/2024";"2000";"";"";"";"";"";"";"";"";"";"";"";"";"";"";"";"";""
"18/08/2024";"2100";"";"";"";"";"";"";"";"";"";"";"";"";"";"";"";"";""
"18/08/2024";"2200";"";"";"";"";"";"";"";"";"";"";"";"";"";"";"";"";""
"18/08/2024";"2300";"";"";"";"";"";"";"";"";"";"";"";"";"";"";"";"";""
"19/08/2024";"0000";"";"";"";"";"";"";"";"";"";"";"";"";"";"";"";"";""
"19/08/2024";"0100";"";"";"";"";"";"";"";"";"";"";"";"";"";"";"";"";""
"19/08/2024";"0200";"";"";"";"";"";"";"";"";"";"";"";"";"";"";"";"";""
"19/08/2024";"0300";"";"";"";"";"";"";"";"";"";"";"";"";"";"";"";"";""
"19/08/2024";"0400";"";"";"";"";"";"";"";"";"";"";"";"";"";"";"";"";""
"19/08/2024";"0500";"";"";"";"";"";"";"";"";"";"";"";"";"";"";"";"";""
"19/08/2024";"0600";"";"";"";"";"";"";"";"";"";"";"";"";"";"";"";"";""
"19/08/2024";"0700";"";"";"";"";"";"";"";"";"";"";"";"";"";"";"";"";""
"19/08/2024";"0800";"";"";"";"";"";"";"";"";"";"";"";"";"";"";"";"";""
"19/08/2024";"0900";"";"";"";"";"";"";"";"";"";"";"";"";"";"";"";"";""
"19/08/2024";"1000";"";"";"";"";"";"";"";"";"";"";"";"";"";"";"";"";""
"19/08/2024";"1100";"";"";"";"";"";"";"";"";"";"";"";"";"";"";"";"";""
"19/08/2024";"1200";"";"";"";"";"";"";"";"";"";"";"";"";"";"";"";"";""
"19/08/2024";"1300";"";"";"";"";"";"";"";"";"";"";"";"";"";"";"";"";""
"19/08/2024";"1400";"";"";"";"";"";"";"";"";"";"";"";"";"";"";"";"";""
"19/08/2024";"1500";"";"";"";"";"";"";"";"";"";"";"";"";"";"";"";"";""
"19/08/2024";"1600";"";"";"";"";"";"";"";"";"";"";"";"";"";"";"";"";""
"19/08/2024";"1700";"";"";"";"";"";"";"";"";"";"";"";"";"";"";"";"";""
"19/08/2024";"1800";"";"";"";"";"";"";"";"";"";"";"";"";"";"";"";"";""
"19/08/2024";"1900";"";"";"";"";"";"";"";"";"";"";"";"";"";"";"";"";""
"19/08/2024";"2000";"";"";"";"";"";"";"";"";"";"";"";"";"";"";"";"";""
"19/08/2024";"2100";"";"";"";"";"";"";"";"";"";"";"";"";"";"";"";"";""
"19/08/2024";"2200";"";"";"";"";"";"";"";"";"";"";"";"";"";"";"";"";""
"19/08/2024";"2300";"";"";"";"";"";"";"";"";"";"";"";"";"";"";"";"";""
"20/08/2024";"0000";"";"";"";"";"";"";"";"";"";"";"";"";"";"";"";"";""
"20/08/2024";"0100";"";"";"";"";"";"";"";"";"";"";"";"";"";"";"";"";""
"20/08/2024";"0200";"";"";"";"";"";"";"";"";"";"";"";"";"";"";"";"";""
"20/08/2024";"0300";"";"";"";"";"";"";"";"";"";"";"";"";"";"";"";"";""
"20/08/2024";"0400";"";"";"";"";"";"";"";"";"";"";"";"";"";"";"";"";""
"20/08/2024";"0500";"";"";"";"";"";"";"";"";"";"";"";"";"";"";"";"";""
"20/08/2024";"0600";"";"";"";"";"";"";"";"";"";"";"";"";"";"";"";"";""
"20/08/2024";"0700";"";"";"";"";"";"";"";"";"";"";"";"";"";"";"";"";""
"20/08/2024";"0800";"";"";"";"";"";"";"";"";"";"";"";"";"";"";"";"";""
"20/08/2024";"0900";"";"";"";"";"";"";"";"";"";"";"";"";"";"";"";"";""
"20/08/2024";"1000";"";"";"";"";"";"";"";"";"";"";"";"";"";"";"";"";""
"20/08/2024";"1100";"";"";"";"";"";"";"";"";"";"";"";"";"";"";"";"";""
"20/08/2024";"1200";"";"";"";"";"";"";"";"";"";"";"";"";"";"";"";"";""
"20/08/2024";"1300";"";"";"";"";"";"";"";"";"";"";"";"";"";"";"";"";""
"20/08/2024";"1400";"";"";"";"";"";"";"";"";"";"";"";"";"";"";"";"";""
"20/08/2024";"1500";"";"";"";"";"";"";"";"";"";"";"";"";"";"";"";"";""
"20/08/2024";"1600";"";"";"";"";"";"";"";"";"";"";"";"";"";"";"";"";""
"20/08/2024";"1700";"";"";"";"";"";"";"";"";"";"";"";"";"";"";"";"";""
"20/08/2024";"1800";"";"";"";"";"";"";"";"";"";"";"";"";"";"";"";"";""
"20/08/2024";"1900";"";"";"";"";"";"";"";"";"";"";"";"";"";"";"";"";""
"20/08/2024";"2000";"";"";"";"";"";"";"";"";"";"";"";"";"";"";"";"";""
"20/08/2024";"2100";"";"";"";"";"";"";"";"";"";"";"";"";"";"";"";"";""
"20/08/2024";"2200";"";"";"";"";"";"";"";"";"";"";"";"";"";"";"";"";""
"20/08/2024";"2300";"";"";"";"";"";"";"";"";"";"";"";"";"";"";"";"";""
"21/08/2024";"0000";"";"";"";"";"";"";"";"";"";"";"";"";"";"";"";"";""
"21/08/2024";"0100";"";"";"";"";"";"";"";"";"";"";"";"";"";"";"";"";""
"21/08/2024";"0200";"";"";"";"";"";"";"";"";"";"";"";"";"";"";"";"";""
"21/08/2024";"0300";"";"";"";"";"";"";"";"";"";"";"";"";"";"";"";"";""
"21/08/2024";"0400";"";"";"";"";"";"";"";"";"";"";"";"";"";"";"";"";""
"21/08/2024";"0500";"";"";"";"";"";"";"";"";"";"";"";"";"";"";"";"";""
"21/08/2024";"0600";"";"";"";"";"";"";"";"";"";"";"";"";"";"";"";"";""
"21/08/2024";"0700";"";"";"";"";"";"";"";"";"";"";"";"";"";"";"";"";""
"21/08/2024";"0800";"";"";"";"";"";"";"";"";"";"";"";"";"";"";"";"";""
"21/08/2024";"0900";"";"";"";"";"";"";"";"";"";"";"";"";"";"";"";"";""
"21/08/2024";"1000";"";"";"";"";"";"";"";"";"";"";"";"";"";"";"";"";""
"21/08/2024";"1100";"";"";"";"";"";"";"";"";"";"";"";"";"";"";"";"";""
"21/08/2024";"1200";"";"";"";"";"";"";"";"";"";"";"";"";"";"";"";"";""
"21/08/2024";"1300";"";"";"";"";"";"";"";"";"";"";"";"";"";"";"";"";""
"21/08/2024";"1400";"";"";"";"";"";"";"";"";"";"";"";"";"";"";"";"";""
"21/08/2024";"1500";"";"";"";"";"";"";"";"";"";"";"";"";"";"";"";"";""
"21/08/2024";"1600";"";"";"";"";"";"";"";"";"";"";"";"";"";"";"";"";""
"21/08/2024";"1700";"";"";"";"";"";"";"";"";"";"";"";"";"";"";"";"";""
"21/08/2024";"1800";"";"";"";"";"";"";"";"";"";"";"";"";"";"";"";"";""
"21/08/2024";"1900";"";"";"";"";"";"";"";"";"";"";"";"";"";"";"";"";""
"21/08/2024";"2000";"";"";"";"";"";"";"";"";"";"";"";"";"";"";"";"";""
"21/08/2024";"2100";"";"";"";"";"";"";"";"";"";"";"";"";"";"";"";"";""
"21/08/2024";"2200";"";"";"";"";"";"";"";"";"";"";"";"";"";"";"";"";""
"21/08/2024";"2300";"";"";"";"";"";"";"";"";"";"";"";"";"";"";"";"";""
"22/08/2024";"0000";"";"";"";"";"";"";"";"";"";"";"";"";"";"";"";"";""
"22/08/2024";"0100";"";"";"";"";"";"";"";"";"";"";"";"";"";"";"";"";""
"22/08/2024";"0200";"";"";"";"";"";"";"";"";"";"";"";"";"";"";"";"";""
"22/08/2024";"0300";"";"";"";"";"";"";"";"";"";"";"";"";"";"";"";"";""
"22/08/2024";"0400";"";"";"";"";"";"";"";"";"";"";"";"";"";"";"";"";""
"22/08/2024";"0500";"";"";"";"";"";"";"";"";"";"";"";"";"";"";"";"";""
"22/08/2024";"0600";"";"";"";"";"";"";"";"";"";"";"";"";"";"";"";"";""
"22/08/2024";"0700";"";"";"";"";"";"";"";"";"";"";"";"";"";"";"";"";""
"22/08/2024";"0800";"";"";"";"";"";"";"";"";"";"";"";"";"";"";"";"";""
"22/08/2024";"0900";"";"";"";"";"";"";"";"";"";"";"";"";"";"";"";"";""
"22/08/2024";"1000";"";"";"";"";"";"";"";"";"";"";"";"";"";"";"";"";""
"22/08/2024";"1100";"";"";"";"";"";"";"";"";"";"";"";"";"";"";"";"";""
"22/08/2024";"1200";"";"";"";"";"";"";"";"";"";"";"";"";"";"";"";"";""
"22/08/2024";"1300";"";"";"";"";"";"";"";"";"";"";"";"";"";"";"";"";""
"22/08/2024";"1400";"";"";"";"";"";"";"";"";"";"";"";"";"";"";"";"";""
"22/08/2024";"1500";"";"";"";"";"";"";"";"";"";"";"";"";"";"";"";"";""
"22/08/2024";"1600";"";"";"";"";"";"";"";"";"";"";"";"";"";"";"";"";""
"22/08/2024";"1700";"";"";"";"";"";"";"";"";"";"";"";"";"";"";"";"";""
"22/08/2024";"1800";"";"";"";"";"";"";"";"";"";"";"";"";"";"";"";"";""
"22/08/2024";"1900";"";"";"";"";"";"";"";"";"";"";"";"";"";"";"";"";""
"22/08/2024";"2000";"";"";"";"";"";"";"";"";"";"";"";"";"";"";"";"";""
"22/08/2024";"2100";"";"";"";"";"";"";"";"";"";"";"";"";"";"";"";"";""
"22/08/2024";"2200";"";"";"";"";"";"";"";"";"";"";"";"";"";"";"";"";""
"22/08/2024";"2300";"";"";"";"";"";"";"";"";"";"";"";"";"";"";"";"";""
"23/08/2024";"0000";"";"";"";"";"";"";"";"";"";"";"";"";"";"";"";"";""
"23/08/2024";"0100";"";"";"";"";"";"";"";"";"";"";"";"";"";"";"";"";""
"23/08/2024";"0200";"";"";"";"";"";"";"";"";"";"";"";"";"";"";"";"";""
"23/08/2024";"0300";"";"";"";"";"";"";"";"";"";"";"";"";"";"";"";"";""
"23/08/2024";"0400";"";"";"";"";"";"";"";"";"";"";"";"";"";"";"";"";""
"23/08/2024";"0500";"";"";"";"";"";"";"";"";"";"";"";"";"";"";"";"";""
"23/08/2024";"0600";"";"";"";"";"";"";"";"";"";"";"";"";"";"";"";"";""
"23/08/2024";"0700";"";"";"";"";"";"";"";"";"";"";"";"";"";"";"";"";""
"23/08/2024";"0800";"";"";"";"";"";"";"";"";"";"";"";"";"";"";"";"";""
"23/08/2024";"0900";"";"";"";"";"";"";"";"";"";"";"";"";"";"";"";"";""
"23/08/2024";"1000";"";"";"";"";"";"";"";"";"";"";"";"";"";"";"";"";""
"23/08/2024";"1100";"";"";"";"";"";"";"";"";"";"";"";"";"";"";"";"";""
"23/08/2024";"1200";"";"";"";"";"";"";"";"";"";"";"";"";"";"";"";"";""
"23/08/2024";"1300";"";"";"";"";"";"";"";"";"";"";"";"";"";"";"";"";""
"23/08/2024";"1400";"";"";"";"";"";"";"";"";"";"";"";"";"";"";"";"";""
"23/08/2024";"1500";"";"";"";"";"";"";"";"";"";"";"";"";"";"";"";"";""
"23/08/2024";"1600";"";"";"";"";"";"";"";"";"";"";"";"";"";"";"";"";""
"23/08/2024";"1700";"";"";"";"";"";"";"";"";"";"";"";"";"";"";"";"";""
"23/08/2024";"1800";"";"";"";"";"";"";"";"";"";"";"";"";"";"";"";"";""
"23/08/2024";"1900";"";"";"";"";"";"";"";"";"";"";"";"";"";"";"";"";""
"23/08/2024";"2000";"";"";"";"";"";"";"";"";"";"";"";"";"";"";"";"";""
"23/08/2024";"2100";"";"";"";"";"";"";"";"";"";"";"";"";"";"";"";"";""
"23/08/2024";"2200";"";"";"";"";"";"";"";"";"";"";"";"";"";"";"";"";""
"23/08/2024";"2300";"";"";"";"";"";"";"";"";"";"";"";"";"";"";"";"";""
"24/08/2024";"0000";"";"";"";"";"";"";"";"";"";"";"";"";"";"";"";"";""
"24/08/2024";"0100";"";"";"";"";"";"";"";"";"";"";"";"";"";"";"";"";""
"24/08/2024";"0200";"";"";"";"";"";"";"";"";"";"";"";"";"";"";"";"";""
"24/08/2024";"0300";"";"";"";"";"";"";"";"";"";"";"";"";"";"";"";"";""
"24/08/2024";"0400";"";"";"";"";"";"";"";"";"";"";"";"";"";"";"";"";""
"24/08/2024";"0500";"";"";"";"";"";"";"";"";"";"";"";"";"";"";"";"";""
"24/08/2024";"0600";"";"";"";"";"";"";"";"";"";"";"";"";"";"";"";"";""
"24/08/2024";"0700";"";"";"";"";"";"";"";"";"";"";"";"";"";"";"";"";""
"24/08/2024";"0800";"";"";"";"";"";"";"";"";"";"";"";"";"";"";"";"";""
"24/08/2024";"0900";"";"";"";"";"";"";"";"";"";"";"";"";"";"";"";"";""
"24/08/2024";"1000";"";"";"";"";"";"";"";"";"";"";"";"";"";"";"";"";""
"24/08/2024";"1100";"";"";"";"";"";"";"";"";"";"";"";"";"";"";"";"";""
"24/08/2024";"1200";"";"";"";"";"";"";"";"";"";"";"";"";"";"";"";"";""
"24/08/2024";"1300";"";"";"";"";"";"";"";"";"";"";"";"";"";"";"";"";""
"24/08/2024";"1400";"";"";"";"";"";"";"";"";"";"";"";"";"";"";"";"";""
"24/08/2024";"1500";"";"";"";"";"";"";"";"";"";"";"";"";"";"";"";"";""
"24/08/2024";"1600";"";"";"";"";"";"";"";"";"";"";"";"";"";"";"";"";""
"24/08/2024";"1700";"";"";"";"";"";"";"";"";"";"";"";"";"";"";"";"";""
"24/08/2024";"1800";"";"";"";"";"";"";"";"";"";"";"";"";"";"";"";"";""
"24/08/2024";"1900";"";"";"";"";"";"";"";"";"";"";"";"";"";"";"";"";""
"24/08/2024";"2000";"";"";"";"";"";"";"";"";"";"";"";"";"";"";"";"";""
"24/08/2024";"2100";"";"";"";"";"";"";"";"";"";"";"";"";"";"";"";"";""
"24/08/2024";"2200";"";"";"";"";"";"";"";"";"";"";"";"";"";"";"";"";""
"24/08/2024";"2300";"";"";"";"";"";"";"";"";"";"";"";"";"";"";"";"";""
"25/08/2024";"0000";"";"";"";"";"";"";"";"";"";"";"";"";"";"";"";"";""
"25/08/2024";"0100";"";"";"";"";"";"";"";"";"";"";"";"";"";"";"";"";""
"25/08/2024";"0200";"";"";"";"";"";"";"";"";"";"";"";"";"";"";"";"";""
"25/08/2024";"0300";"";"";"";"";"";"";"";"";"";"";"";"";"";"";"";"";""
"25/08/2024";"0400";"";"";"";"";"";"";"";"";"";"";"";"";"";"";"";"";""
"25/08/2024";"0500";"";"";"";"";"";"";"";"";"";"";"";"";"";"";"";"";""
"25/08/2024";"0600";"";"";"";"";"";"";"";"";"";"";"";"";"";"";"";"";""
"25/08/2024";"0700";"";"";"";"";"";"";"";"";"";"";"";"";"";"";"";"";""
"25/08/2024";"0800";"";"";"";"";"";"";"";"";"";"";"";"";"";"";"";"";""
"25/08/2024";"0900";"";"";"";"";"";"";"";"";"";"";"";"";"";"";"";"";""
"25/08/2024";"1000";"";"";"";"";"";"";"";"";"";"";"";"";"";"";"";"";""
"25/08/2024";"1100";"";"";"";"";"";"";"";"";"";"";"";"";"";"";"";"";""
"25/08/2024";"1200";"";"";"";"";"";"";"";"";"";"";"";"";"";"";"";"";""
"25/08/2024";"1300";"";"";"";"";"";"";"";"";"";"";"";"";"";"";"";"";""
"25/08/2024";"1400";"";"";"";"";"";"";"";"";"";"";"";"";"";"";"";"";""
"25/08/2024";"1500";"";"";"";"";"";"";"";"";"";"";"";"";"";"";"";"";""
"25/08/2024";"1600";"";"";"";"";"";"";"";"";"";"";"";"";"";"";"";"";""
"25/08/2024";"1700";"";"";"";"";"";"";"";"";"";"";"";"";"";"";"";"";""
"25/08/2024";"1800";"";"";"";"";"";"";"";"";"";"";"";"";"";"";"";"";""
"25/08/2024";"1900";"";"";"";"";"";"";"";"";"";"";"";"";"";"";"";"";""
"25/08/2024";"2000";"";"";"";"";"";"";"";"";"";"";"";"";"";"";"";"";""
"25/08/2024";"2100";"";"";"";"";"";"";"";"";"";"";"";"";"";"";"";"";""
"25/08/2024";"2200";"";"";"";"";"";"";"";"";"";"";"";"";"";"";"";"";""
"25/08/2024";"2300";"";"";"";"";"";"";"";"";"";"";"";"";"";"";"";"";""
"26/08/2024";"0000";"";"";"";"";"";"";"";"";"";"";"";"";"";"";"";"";""
"26/08/2024";"0100";"";"";"";"";"";"";"";"";"";"";"";"";"";"";"";"";""
"26/08/2024";"0200";"";"";"";"";"";"";"";"";"";"";"";"";"";"";"";"";""
"26/08/2024";"0300";"";"";"";"";"";"";"";"";"";"";"";"";"";"";"";"";""
"26/08/2024";"0400";"";"";"";"";"";"";"";"";"";"";"";"";"";"";"";"";""
"26/08/2024";"0500";"";"";"";"";"";"";"";"";"";"";"";"";"";"";"";"";""
"26/08/2024";"0600";"";"";"";"";"";"";"";"";"";"";"";"";"";"";"";"";""
"26/08/2024";"0700";"";"";"";"";"";"";"";"";"";"";"";"";"";"";"";"";""
"26/08/2024";"0800";"";"";"";"";"";"";"";"";"";"";"";"";"";"";"";"";""
"26/08/2024";"0900";"";"";"";"";"";"";"";"";"";"";"";"";"";"";"";"";""
"26/08/2024";"1000";"";"";"";"";"";"";"";"";"";"";"";"";"";"";"";"";""
"26/08/2024";"1100";"";"";"";"";"";"";"";"";"";"";"";"";"";"";"";"";""
"26/08/2024";"1200";"";"";"";"";"";"";"";"";"";"";"";"";"";"";"";"";""
"26/08/2024";"1300";"";"";"";"";"";"";"";"";"";"";"";"";"";"";"";"";""
"26/08/2024";"1400";"";"";"";"";"";"";"";"";"";"";"";"";"";"";"";"";""
"26/08/2024";"1500";"";"";"";"";"";"";"";"";"";"";"";"";"";"";"";"";""
"26/08/2024";"1600";"";"";"";"";"";"";"";"";"";"";"";"";"";"";"";"";""
"26/08/2024";"1700";"";"";"";"";"";"";"";"";"";"";"";"";"";"";"";"";""
"26/08/2024";"1800";"";"";"";"";"";"";"";"";"";"";"";"";"";"";"";"";""
"26/08/2024";"1900";"";"";"";"";"";"";"";"";"";"";"";"";"";"";"";"";""
"26/08/2024";"2000";"";"";"";"";"";"";"";"";"";"";"";"";"";"";"";"";""
"26/08/2024";"2100";"";"";"";"";"";"";"";"";"";"";"";"";"";"";"";"";""
"26/08/2024";"2200";"";"";"";"";"";"";"";"";"";"";"";"";"";"";"";"";""
"26/08/2024";"2300";"";"";"";"";"";"";"";"";"";"";"";"";"";"";"";"";""
"27/08/2024";"0000";"";"";"";"";"";"";"";"";"";"";"";"";"";"";"";"";""
"27/08/2024";"0100";"";"";"";"";"";"";"";"";"";"";"";"";"";"";"";"";""
"27/08/2024";"0200";"";"";"";"";"";"";"";"";"";"";"";"";"";"";"";"";""
"27/08/2024";"0300";"";"";"";"";"";"";"";"";"";"";"";"";"";"";"";"";""
"27/08/2024";"0400";"";"";"";"";"";"";"";"";"";"";"";"";"";"";"";"";""
"27/08/2024";"0500";"";"";"";"";"";"";"";"";"";"";"";"";"";"";"";"";""
"27/08/2024";"0600";"";"";"";"";"";"";"";"";"";"";"";"";"";"";"";"";""
"27/08/2024";"0700";"";"";"";"";"";"";"";"";"";"";"";"";"";"";"";"";""
"27/08/2024";"0800";"";"";"";"";"";"";"";"";"";"";"";"";"";"";"";"";""
"27/08/2024";"0900";"";"";"";"";"";"";"";"";"";"";"";"";"";"";"";"";""
"27/08/2024";"1000";"";"";"";"";"";"";"";"";"";"";"";"";"";"";"";"";""
"27/08/2024";"1100";"";"";"";"";"";"";"";"";"";"";"";"";"";"";"";"";""
"27/08/2024";"1200";"";"";"";"";"";"";"";"";"";"";"";"";"";"";"";"";""
"27/08/2024";"1300";"";"";"";"";"";"";"";"";"";"";"";"";"";"";"";"";""
"27/08/2024";"1400";"";"";"";"";"";"";"";"";"";"";"";"";"";"";"";"";""
"27/08/2024";"1500";"";"";"";"";"";"";"";"";"";"";"";"";"";"";"";"";""
"27/08/2024";"1600";"";"";"";"";"";"";"";"";"";"";"";"";"";"";"";"";""
"27/08/2024";"1700";"";"";"";"";"";"";"";"";"";"";"";"";"";"";"";"";""
"27/08/2024";"1800";"";"";"";"";"";"";"";"";"";"";"";"";"";"";"";"";""
"27/08/2024";"1900";"";"";"";"";"";"";"";"";"";"";"";"";"";"";"";"";""
"27/08/2024";"2000";"";"";"";"";"";"";"";"";"";"";"";"";"";"";"";"";""
"27/08/2024";"2100";"";"";"";"";"";"";"";"";"";"";"";"";"";"";"";"";""
"27/08/2024";"2200";"";"";"";"";"";"";"";"";"";"";"";"";"";"";"";"";""
"27/08/2024";"2300";"";"";"";"";"";"";"";"";"";"";"";"";"";"";"";"";""
"28/08/2024";"0000";"";"";"";"";"";"";"";"";"";"";"";"";"";"";"";"";""
"28/08/2024";"0100";"";"";"";"";"";"";"";"";"";"";"";"";"";"";"";"";""
"28/08/2024";"0200";"";"";"";"";"";"";"";"";"";"";"";"";"";"";"";"";""
"28/08/2024";"0300";"";"";"";"";"";"";"";"";"";"";"";"";"";"";"";"";""
"28/08/2024";"0400";"";"";"";"";"";"";"";"";"";"";"";"";"";"";"";"";""
"28/08/2024";"0500";"";"";"";"";"";"";"";"";"";"";"";"";"";"";"";"";""
"28/08/2024";"0600";"";"";"";"";"";"";"";"";"";"";"";"";"";"";"";"";""
"28/08/2024";"0700";"";"";"";"";"";"";"";"";"";"";"";"";"";"";"";"";""
"28/08/2024";"0800";"";"";"";"";"";"";"";"";"";"";"";"";"";"";"";"";""
"28/08/2024";"0900";"";"";"";"";"";"";"";"";"";"";"";"";"";"";"";"";""
"28/08/2024";"1000";"";"";"";"";"";"";"";"";"";"";"";"";"";"";"";"";""
"28/08/2024";"1100";"";"";"";"";"";"";"";"";"";"";"";"";"";"";"";"";""
"28/08/2024";"1200";"";"";"";"";"";"";"";"";"";"";"";"";"";"";"";"";""
"28/08/2024";"1300";"";"";"";"";"";"";"";"";"";"";"";"";"";"";"";"";""
"28/08/2024";"1400";"";"";"";"";"";"";"";"";"";"";"";"";"";"";"";"";""
"28/08/2024";"1500";"";"";"";"";"";"";"";"";"";"";"";"";"";"";"";"";""
"28/08/2024";"1600";"";"";"";"";"";"";"";"";"";"";"";"";"";"";"";"";""
"28/08/2024";"1700";"";"";"";"";"";"";"";"";"";"";"";"";"";"";"";"";""
"28/08/2024";"1800";"";"";"";"";"";"";"";"";"";"";"";"";"";"";"";"";""
"28/08/2024";"1900";"";"";"";"";"";"";"";"";"";"";"";"";"";"";"";"";""
"28/08/2024";"2000";"";"";"";"";"";"";"";"";"";"";"";"";"";"";"";"";""
"28/08/2024";"2100";"";"";"";"";"";"";"";"";"";"";"";"";"";"";"";"";""
"28/08/2024";"2200";"";"";"";"";"";"";"";"";"";"";"";"";"";"";"";"";""
"28/08/2024";"2300";"";"";"";"";"";"";"";"";"";"";"";"";"";"";"";"";""
"29/08/2024";"0000";"";"";"";"";"";"";"";"";"";"";"";"";"";"";"";"";""
"29/08/2024";"0100";"";"";"";"";"";"";"";"";"";"";"";"";"";"";"";"";""
"29/08/2024";"0200";"";"";"";"";"";"";"";"";"";"";"";"";"";"";"";"";""
"29/08/2024";"0300";"";"";"";"";"";"";"";"";"";"";"";"";"";"";"";"";""
"29/08/2024";"0400";"";"";"";"";"";"";"";"";"";"";"";"";"";"";"";"";""
"29/08/2024";"0500";"";"";"";"";"";"";"";"";"";"";"";"";"";"";"";"";""
"29/08/2024";"0600";"";"";"";"";"";"";"";"";"";"";"";"";"";"";"";"";""
"29/08/2024";"0700";"";"";"";"";"";"";"";"";"";"";"";"";"";"";"";"";""
"29/08/2024";"0800";"";"";"";"";"";"";"";"";"";"";"";"";"";"";"";"";""
"29/08/2024";"0900";"";"";"";"";"";"";"";"";"";"";"";"";"";"";"";"";""
"29/08/2024";"1000";"";"";"";"";"";"";"";"";"";"";"";"";"";"";"";"";""
"29/08/2024";"1100";"";"";"";"";"";"";"";"";"";"";"";"";"";"";"";"";""
"29/08/2024";"1200";"";"";"";"";"";"";"";"";"";"";"";"";"";"";"";"";""
"29/08/2024";"1300";"";"";"";"";"";"";"";"";"";"";"";"";"";"";"";"";""
"29/08/2024";"1400";"";"";"";"";"";"";"";"";"";"";"";"";"";"";"";"";""
"29/08/2024";"1500";"";"";"";"";"";"";"";"";"";"";"";"";"";"";"";"";""
"29/08/2024";"1600";"";"";"";"";"";"";"";"";"";"";"";"";"";"";"";"";""
"29/08/2024";"1700";"";"";"";"";"";"";"";"";"";"";"";"";"";"";"";"";""
"29/08/2024";"1800";"";"";"";"";"";"";"";"";"";"";"";"";"";"";"";"";""
"29/08/2024";"1900";"";"";"";"";"";"";"";"";"";"";"";"";"";"";"";"";""
"29/08/2024";"2000";"";"";"";"";"";"";"";"";"";"";"";"";"";"";"";"";""
"29/08/2024";"2100";"";"";"";"";"";"";"";"";"";"";"";"";"";"";"";"";""
"29/08/2024";"2200";"";"";"";"";"";"";"";"";"";"";"";"";"";"";"";"";""
"29/08/2024";"2300";"";"";"";"";"";"";"";"";"";"";"";"";"";"";"";"";""
"30/08/2024";"0000";"";"";"";"";"";"";"";"";"";"";"";"";"";"";"";"";""
"30/08/2024";"0100";"";"";"";"";"";"";"";"";"";"";"";"";"";"";"";"";""
"30/08/2024";"0200";"";"";"";"";"";"";"";"";"";"";"";"";"";"";"";"";""
"30/08/2024";"0300";"";"";"";"";"";"";"";"";"";"";"";"";"";"";"";"";""
"30/08/2024";"0400";"";"";"";"";"";"";"";"";"";"";"";"";"";"";"";"";""
"30/08/2024";"0500";"";"";"";"";"";"";"";"";"";"";"";"";"";"";"";"";""
"30/08/2024";"0600";"";"";"";"";"";"";"";"";"";"";"";"";"";"";"";"";""
"30/08/2024";"0700";"";"";"";"";"";"";"";"";"";"";"";"";"";"";"";"";""
"30/08/2024";"0800";"";"";"";"";"";"";"";"";"";"";"";"";"";"";"";"";""
"30/08/2024";"0900";"";"";"";"";"";"";"";"";"";"";"";"";"";"";"";"";""
"30/08/2024";"1000";"";"";"";"";"";"";"";"";"";"";"";"";"";"";"";"";""
"30/08/2024";"1100";"";"";"";"";"";"";"";"";"";"";"";"";"";"";"";"";""
"30/08/2024";"1200";"";"";"";"";"";"";"";"";"";"";"";"";"";"";"";"";""
"30/08/2024";"1300";"";"";"";"";"";"";"";"";"";"";"";"";"";"";"";"";""
"30/08/2024";"1400";"";"";"";"";"";"";"";"";"";"";"";"";"";"";"";"";""
"30/08/2024";"1500";"";"";"";"";"";"";"";"";"";"";"";"";"";"";"";"";""
"30/08/2024";"1600";"";"";"";"";"";"";"";"";"";"";"";"";"";"";"";"";""
"30/08/2024";"1700";"";"";"";"";"";"";"";"";"";"";"";"";"";"";"";"";""
"30/08/2024";"1800";"";"";"";"";"";"";"";"";"";"";"";"";"";"";"";"";""
"30/08/2024";"1900";"";"";"";"";"";"";"";"";"";"";"";"";"";"";"";"";""
"30/08/2024";"2000";"";"";"";"";"";"";"";"";"";"";"";"";"";"";"";"";""
"30/08/2024";"2100";"";"";"";"";"";"";"";"";"";"";"";"";"";"";"";"";""
"30/08/2024";"2200";"";"";"";"";"";"";"";"";"";"";"";"";"";"";"";"";""
"30/08/2024";"2300";"";"";"";"";"";"";"";"";"";"";"";"";"";"";"";"";""
"31/08/2024";"0000";"";"";"";"";"";"";"";"";"";"";"";"";"";"";"";"";""
"31/08/2024";"0100";"";"";"";"";"";"";"";"";"";"";"";"";"";"";"";"";""
"31/08/2024";"0200";"";"";"";"";"";"";"";"";"";"";"";"";"";"";"";"";""
"31/08/2024";"0300";"";"";"";"";"";"";"";"";"";"";"";"";"";"";"";"";""
"31/08/2024";"0400";"";"";"";"";"";"";"";"";"";"";"";"";"";"";"";"";""
"31/08/2024";"0500";"";"";"";"";"";"";"";"";"";"";"";"";"";"";"";"";""
"31/08/2024";"0600";"";"";"";"";"";"";"";"";"";"";"";"";"";"";"";"";""
"31/08/2024";"0700";"";"";"";"";"";"";"";"";"";"";"";"";"";"";"";"";""
"31/08/2024";"0800";"";"";"";"";"";"";"";"";"";"";"";"";"";"";"";"";""
"31/08/2024";"0900";"";"";"";"";"";"";"";"";"";"";"";"";"";"";"";"";""
"31/08/2024";"1000";"";"";"";"";"";"";"";"";"";"";"";"";"";"";"";"";""
"31/08/2024";"1100";"";"";"";"";"";"";"";"";"";"";"";"";"";"";"";"";""
"31/08/2024";"1200";"";"";"";"";"";"";"";"";"";"";"";"";"";"";"";"";""
"31/08/2024";"1300";"";"";"";"";"";"";"";"";"";"";"";"";"";"";"";"";""
"31/08/2024";"1400";"";"";"";"";"";"";"";"";"";"";"";"";"";"";"";"";""
"31/08/2024";"1500";"";"";"";"";"";"";"";"";"";"";"";"";"";"";"";"";""
"31/08/2024";"1600";"";"";"";"";"";"";"";"";"";"";"";"";"";"";"";"";""
"31/08/2024";"1700";"";"";"";"";"";"";"";"";"";"";"";"";"";"";"";"";""
"31/08/2024";"1800";"";"";"";"";"";"";"";"";"";"";"";"";"";"";"";"";""
"31/08/2024";"1900";"";"";"";"";"";"";"";"";"";"";"";"";"";"";"";"";""
"31/08/2024";"2000";"";"";"";"";"";"";"";"";"";"";"";"";"";"";"";"";""
"31/08/2024";"2100";"";"";"";"";"";"";"";"";"";"";"";"";"";"";"";"";""
"31/08/2024";"2200";"";"";"";"";"";"";"";"";"";"";"";"";"";"";"";"";""
"31/08/2024";"2300";"";"";"";"";"";"";"";"";"";"";"";"";"";"";"";"";""
"01/09/2024";"0000";"";"";"";"";"";"";"";"";"";"";"";"";"";"";"";"";""
"01/09/2024";"0100";"";"";"";"";"";"";"";"";"";"";"";"";"";"";"";"";""
"01/09/2024";"0200";"";"";"";"";"";"";"";"";"";"";"";"";"";"";"";"";""
"01/09/2024";"0300";"";"";"";"";"";"";"";"";"";"";"";"";"";"";"";"";""
"01/09/2024";"0400";"";"";"";"";"";"";"";"";"";"";"";"";"";"";"";"";""
"01/09/2024";"0500";"";"";"";"";"";"";"";"";"";"";"";"";"";"";"";"";""
"01/09/2024";"0600";"";"";"";"";"";"";"";"";"";"";"";"";"";"";"";"";""
"01/09/2024";"0700";"";"";"";"";"";"";"";"";"";"";"";"";"";"";"";"";""
"01/09/2024";"0800";"";"";"";"";"";"";"";"";"";"";"";"";"";"";"";"";""
"01/09/2024";"0900";"";"";"";"";"";"";"";"";"";"";"";"";"";"";"";"";""
"01/09/2024";"1000";"";"";"";"";"";"";"";"";"";"";"";"";"";"";"";"";""
"01/09/2024";"1100";"";"";"";"";"";"";"";"";"";"";"";"";"";"";"";"";""
"01/09/2024";"1200";"";"";"";"";"";"";"";"";"";"";"";"";"";"";"";"";""
"01/09/2024";"1300";"";"";"";"";"";"";"";"";"";"";"";"";"";"";"";"";""
"01/09/2024";"1400";"";"";"";"";"";"";"";"";"";"";"";"";"";"";"";"";""
"01/09/2024";"1500";"";"";"";"";"";"";"";"";"";"";"";"";"";"";"";"";""
"01/09/2024";"1600";"";"";"";"";"";"";"";"";"";"";"";"";"";"";"";"";""
"01/09/2024";"1700";"";"";"";"";"";"";"";"";"";"";"";"";"";"";"";"";""
"01/09/2024";"1800";"";"";"";"";"";"";"";"";"";"";"";"";"";"";"";"";""
"01/09/2024";"1900";"";"";"";"";"";"";"";"";"";"";"";"";"";"";"";"";""
"01/09/2024";"2000";"";"";"";"";"";"";"";"";"";"";"";"";"";"";"";"";""
"01/09/2024";"2100";"";"";"";"";"";"";"";"";"";"";"";"";"";"";"";"";""
"01/09/2024";"2200";"";"";"";"";"";"";"";"";"";"";"";"";"";"";"";"";""
"01/09/2024";"2300";"";"";"";"";"";"";"";"";"";"";"";"";"";"";"";"";""
"02/09/2024";"0000";"";"";"";"";"";"";"";"";"";"";"";"";"";"";"";"";""
"02/09/2024";"0100";"";"";"";"";"";"";"";"";"";"";"";"";"";"";"";"";""
"02/09/2024";"0200";"";"";"";"";"";"";"";"";"";"";"";"";"";"";"";"";""
"02/09/2024";"0300";"";"";"";"";"";"";"";"";"";"";"";"";"";"";"";"";""
"02/09/2024";"0400";"";"";"";"";"";"";"";"";"";"";"";"";"";"";"";"";""
"02/09/2024";"0500";"";"";"";"";"";"";"";"";"";"";"";"";"";"";"";"";""
"02/09/2024";"0600";"";"";"";"";"";"";"";"";"";"";"";"";"";"";"";"";""
"02/09/2024";"0700";"";"";"";"";"";"";"";"";"";"";"";"";"";"";"";"";""
"02/09/2024";"0800";"";"";"";"";"";"";"";"";"";"";"";"";"";"";"";"";""
"02/09/2024";"0900";"";"";"";"";"";"";"";"";"";"";"";"";"";"";"";"";""
"02/09/2024";"1000";"";"";"";"";"";"";"";"";"";"";"";"";"";"";"";"";""
"02/09/2024";"1100";"";"";"";"";"";"";"";"";"";"";"";"";"";"";"";"";""
"02/09/2024";"1200";"";"";"";"";"";"";"";"";"";"";"";"";"";"";"";"";""
"02/09/2024";"1300";"";"";"";"";"";"";"";"";"";"";"";"";"";"";"";"";""
"02/09/2024";"1400";"";"";"";"";"";"";"";"";"";"";"";"";"";"";"";"";""
"02/09/2024";"1500";"";"";"";"";"";"";"";"";"";"";"";"";"";"";"";"";""
"02/09/2024";"1600";"";"";"";"";"";"";"";"";"";"";"";"";"";"";"";"";""
"02/09/2024";"1700";"";"";"";"";"";"";"";"";"";"";"";"";"";"";"";"";""
"02/09/2024";"1800";"";"";"";"";"";"";"";"";"";"";"";"";"";"";"";"";""
"02/09/2024";"1900";"";"";"";"";"";"";"";"";"";"";"";"";"";"";"";"";""
"02/09/2024";"2000";"";"";"";"";"";"";"";"";"";"";"";"";"";"";"";"";""
"02/09/2024";"2100";"";"";"";"";"";"";"";"";"";"";"";"";"";"";"";"";""
"02/09/2024";"2200";"";"";"";"";"";"";"";"";"";"";"";"";"";"";"";"";""
"02/09/2024";"2300";"";"";"";"";"";"";"";"";"";"";"";"";"";"";"";"";""
"03/09/2024";"0000";"";"";"";"";"";"";"";"";"";"";"";"";"";"";"";"";""
"03/09/2024";"0100";"";"";"";"";"";"";"";"";"";"";"";"";"";"";"";"";""
"03/09/2024";"0200";"";"";"";"";"";"";"";"";"";"";"";"";"";"";"";"";""
"03/09/2024";"0300";"";"";"";"";"";"";"";"";"";"";"";"";"";"";"";"";""
"03/09/2024";"0400";"";"";"";"";"";"";"";"";"";"";"";"";"";"";"";"";""
"03/09/2024";"0500";"";"";"";"";"";"";"";"";"";"";"";"";"";"";"";"";""
"03/09/2024";"0600";"";"";"";"";"";"";"";"";"";"";"";"";"";"";"";"";""
"03/09/2024";"0700";"";"";"";"";"";"";"";"";"";"";"";"";"";"";"";"";""
"03/09/2024";"0800";"";"";"";"";"";"";"";"";"";"";"";"";"";"";"";"";""
"03/09/2024";"0900";"";"";"";"";"";"";"";"";"";"";"";"";"";"";"";"";""
"03/09/2024";"1000";"";"";"";"";"";"";"";"";"";"";"";"";"";"";"";"";""
"03/09/2024";"1100";"";"";"";"";"";"";"";"";"";"";"";"";"";"";"";"";""
"03/09/2024";"1200";"";"";"";"";"";"";"";"";"";"";"";"";"";"";"";"";""
"03/09/2024";"1300";"";"";"";"";"";"";"";"";"";"";"";"";"";"";"";"";""
"03/09/2024";"1400";"";"";"";"";"";"";"";"";"";"";"";"";"";"";"";"";""
"03/09/2024";"1500";"";"";"";"";"";"";"";"";"";"";"";"";"";"";"";"";""
"03/09/2024";"1600";"";"";"";"";"";"";"";"";"";"";"";"";"";"";"";"";""
"03/09/2024";"1700";"";"";"";"";"";"";"";"";"";"";"";"";"";"";"";"";""
"03/09/2024";"1800";"";"";"";"";"";"";"";"";"";"";"";"";"";"";"";"";""
"03/09/2024";"1900";"";"";"";"";"";"";"";"";"";"";"";"";"";"";"";"";""
"03/09/2024";"2000";"";"";"";"";"";"";"";"";"";"";"";"";"";"";"";"";""
"03/09/2024";"2100";"";"";"";"";"";"";"";"";"";"";"";"";"";"";"";"";""
"03/09/2024";"2200";"";"";"";"";"";"";"";"";"";"";"";"";"";"";"";"";""
"03/09/2024";"2300";"";"";"";"";"";"";"";"";"";"";"";"";"";"";"";"";""
"04/09/2024";"0000";"";"";"";"";"";"";"";"";"";"";"";"";"";"";"";"";""
"04/09/2024";"0100";"";"";"";"";"";"";"";"";"";"";"";"";"";"";"";"";""
"04/09/2024";"0200";"";"";"";"";"";"";"";"";"";"";"";"";"";"";"";"";""
"04/09/2024";"0300";"";"";"";"";"";"";"";"";"";"";"";"";"";"";"";"";""
"04/09/2024";"0400";"";"";"";"";"";"";"";"";"";"";"";"";"";"";"";"";""
"04/09/2024";"0500";"";"";"";"";"";"";"";"";"";"";"";"";"";"";"";"";""
"04/09/2024";"0600";"";"";"";"";"";"";"";"";"";"";"";"";"";"";"";"";""
"04/09/2024";"0700";"";"";"";"";"";"";"";"";"";"";"";"";"";"";"";"";""
"04/09/2024";"0800";"";"";"";"";"";"";"";"";"";"";"";"";"";"";"";"";""
"04/09/2024";"0900";"";"";"";"";"";"";"";"";"";"";"";"";"";"";"";"";""
"04/09/2024";"1000";"";"";"";"";"";"";"";"";"";"";"";"";"";"";"";"";""
"04/09/2024";"1100";"";"";"";"";"";"";"";"";"";"";"";"";"";"";"";"";""
"04/09/2024";"1200";"";"";"";"";"";"";"";"";"";"";"";"";"";"";"";"";""
"04/09/2024";"1300";"";"";"";"";"";"";"";"";"";"";"";"";"";"";"";"";""
"04/09/2024";"1400";"";"";"";"";"";"";"";"";"";"";"";"";"";"";"";"";""
"04/09/2024";"1500";"";"";"";"";"";"";"";"";"";"";"";"";"";"";"";"";""
"04/09/2024";"1600";"";"";"";"";"";"";"";"";"";"";"";"";"";"";"";"";""
"04/09/2024";"1700";"";"";"";"";"";"";"";"";"";"";"";"";"";"";"";"";""
"04/09/2024";"1800";"";"";"";"";"";"";"";"";"";"";"";"";"";"";"";"";""
"04/09/2024";"1900";"";"";"";"";"";"";"";"";"";"";"";"";"";"";"";"";""
"04/09/2024";"2000";"";"";"";"";"";"";"";"";"";"";"";"";"";"";"";"";""
"04/09/2024";"2100";"";"";"";"";"";"";"";"";"";"";"";"";"";"";"";"";""
"04/09/2024";"2200";"";"";"";"";"";"";"";"";"";"";"";"";"";"";"";"";""
"04/09/2024";"2300";"";"";"";"";"";"";"";"";"";"";"";"";"";"";"";"";""
"05/09/2024";"0000";"";"";"";"";"";"";"";"";"";"";"";"";"";"";"";"";""
"05/09/2024";"0100";"";"";"";"";"";"";"";"";"";"";"";"";"";"";"";"";""
"05/09/2024";"0200";"";"";"";"";"";"";"";"";"";"";"";"";"";"";"";"";""
"05/09/2024";"0300";"";"";"";"";"";"";"";"";"";"";"";"";"";"";"";"";""
"05/09/2024";"0400";"";"";"";"";"";"";"";"";"";"";"";"";"";"";"";"";""
"05/09/2024";"0500";"";"";"";"";"";"";"";"";"";"";"";"";"";"";"";"";""
"05/09/2024";"0600";"";"";"";"";"";"";"";"";"";"";"";"";"";"";"";"";""
"05/09/2024";"0700";"";"";"";"";"";"";"";"";"";"";"";"";"";"";"";"";""
"05/09/2024";"0800";"";"";"";"";"";"";"";"";"";"";"";"";"";"";"";"";""
"05/09/2024";"0900";"";"";"";"";"";"";"";"";"";"";"";"";"";"";"";"";""
"05/09/2024";"1000";"";"";"";"";"";"";"";"";"";"";"";"";"";"";"";"";""
"05/09/2024";"1100";"";"";"";"";"";"";"";"";"";"";"";"";"";"";"";"";""
"05/09/2024";"1200";"";"";"";"";"";"";"";"";"";"";"";"";"";"";"";"";""
"05/09/2024";"1300";"";"";"";"";"";"";"";"";"";"";"";"";"";"";"";"";""
"05/09/2024";"1400";"";"";"";"";"";"";"";"";"";"";"";"";"";"";"";"";""
"05/09/2024";"1500";"";"";"";"";"";"";"";"";"";"";"";"";"";"";"";"";""
"05/09/2024";"1600";"";"";"";"";"";"";"";"";"";"";"";"";"";"";"";"";""
"05/09/2024";"1700";"";"";"";"";"";"";"";"";"";"";"";"";"";"";"";"";""
"05/09/2024";"1800";"";"";"";"";"";"";"";"";"";"";"";"";"";"";"";"";""
"05/09/2024";"1900";"";"";"";"";"";"";"";"";"";"";"";"";"";"";"";"";""
"05/09/2024";"2000";"";"";"";"";"";"";"";"";"";"";"";"";"";"";"";"";""
"05/09/2024";"2100";"";"";"";"";"";"";"";"";"";"";"";"";"";"";"";"";""
"05/09/2024";"2200";"";"";"";"";"";"";"";"";"";"";"";"";"";"";"";"";""
"05/09/2024";"2300";"";"";"";"";"";"";"";"";"";"";"";"";"";"";"";"";""
"06/09/2024";"0000";"";"";"";"";"";"";"";"";"";"";"";"";"";"";"";"";""
"06/09/2024";"0100";"";"";"";"";"";"";"";"";"";"";"";"";"";"";"";"";""
"06/09/2024";"0200";"";"";"";"";"";"";"";"";"";"";"";"";"";"";"";"";""
"06/09/2024";"0300";"";"";"";"";"";"";"";"";"";"";"";"";"";"";"";"";""
"06/09/2024";"0400";"";"";"";"";"";"";"";"";"";"";"";"";"";"";"";"";""
"06/09/2024";"0500";"";"";"";"";"";"";"";"";"";"";"";"";"";"";"";"";""
"06/09/2024";"0600";"";"";"";"";"";"";"";"";"";"";"";"";"";"";"";"";""
"06/09/2024";"0700";"";"";"";"";"";"";"";"";"";"";"";"";"";"";"";"";""
"06/09/2024";"0800";"";"";"";"";"";"";"";"";"";"";"";"";"";"";"";"";""
"06/09/2024";"0900";"";"";"";"";"";"";"";"";"";"";"";"";"";"";"";"";""
"06/09/2024";"1000";"";"";"";"";"";"";"";"";"";"";"";"";"";"";"";"";""
"06/09/2024";"1100";"";"";"";"";"";"";"";"";"";"";"";"";"";"";"";"";""
"06/09/2024";"1200";"";"";"";"";"";"";"";"";"";"";"";"";"";"";"";"";""
"06/09/2024";"1300";"";"";"";"";"";"";"";"";"";"";"";"";"";"";"";"";""
"06/09/2024";"1400";"";"";"";"";"";"";"";"";"";"";"";"";"";"";"";"";""
"06/09/2024";"1500";"";"";"";"";"";"";"";"";"";"";"";"";"";"";"";"";""
"06/09/2024";"1600";"";"";"";"";"";"";"";"";"";"";"";"";"";"";"";"";""
"06/09/2024";"1700";"";"";"";"";"";"";"";"";"";"";"";"";"";"";"";"";""
"06/09/2024";"1800";"";"";"";"";"";"";"";"";"";"";"";"";"";"";"";"";""
"06/09/2024";"1900";"";"";"";"";"";"";"";"";"";"";"";"";"";"";"";"";""
"06/09/2024";"2000";"";"";"";"";"";"";"";"";"";"";"";"";"";"";"";"";""
"06/09/2024";"2100";"";"";"";"";"";"";"";"";"";"";"";"";"";"";"";"";""
"06/09/2024";"2200";"";"";"";"";"";"";"";"";"";"";"";"";"";"";"";"";""
"06/09/2024";"2300";"";"";"";"";"";"";"";"";"";"";"";"";"";"";"";"";""
"07/09/2024";"0000";"";"";"";"";"";"";"";"";"";"";"";"";"";"";"";"";""
"07/09/2024";"0100";"";"";"";"";"";"";"";"";"";"";"";"";"";"";"";"";""
"07/09/2024";"0200";"";"";"";"";"";"";"";"";"";"";"";"";"";"";"";"";""
"07/09/2024";"0300";"";"";"";"";"";"";"";"";"";"";"";"";"";"";"";"";""
"07/09/2024";"0400";"";"";"";"";"";"";"";"";"";"";"";"";"";"";"";"";""
"07/09/2024";"0500";"";"";"";"";"";"";"";"";"";"";"";"";"";"";"";"";""
"07/09/2024";"0600";"";"";"";"";"";"";"";"";"";"";"";"";"";"";"";"";""
"07/09/2024";"0700";"";"";"";"";"";"";"";"";"";"";"";"";"";"";"";"";""
"07/09/2024";"0800";"";"";"";"";"";"";"";"";"";"";"";"";"";"";"";"";""
"07/09/2024";"0900";"";"";"";"";"";"";"";"";"";"";"";"";"";"";"";"";""
"07/09/2024";"1000";"";"";"";"";"";"";"";"";"";"";"";"";"";"";"";"";""
"07/09/2024";"1100";"";"";"";"";"";"";"";"";"";"";"";"";"";"";"";"";""
"07/09/2024";"1200";"";"";"";"";"";"";"";"";"";"";"";"";"";"";"";"";""
"07/09/2024";"1300";"";"";"";"";"";"";"";"";"";"";"";"";"";"";"";"";""
"07/09/2024";"1400";"";"";"";"";"";"";"";"";"";"";"";"";"";"";"";"";""
"07/09/2024";"1500";"";"";"";"";"";"";"";"";"";"";"";"";"";"";"";"";""
"07/09/2024";"1600";"";"";"";"";"";"";"";"";"";"";"";"";"";"";"";"";""
"07/09/2024";"1700";"";"";"";"";"";"";"";"";"";"";"";"";"";"";"";"";""
"07/09/2024";"1800";"";"";"";"";"";"";"";"";"";"";"";"";"";"";"";"";""
"07/09/2024";"1900";"";"";"";"";"";"";"";"";"";"";"";"";"";"";"";"";""
"07/09/2024";"2000";"";"";"";"";"";"";"";"";"";"";"";"";"";"";"";"";""
"07/09/2024";"2100";"";"";"";"";"";"";"";"";"";"";"";"";"";"";"";"";""
"07/09/2024";"2200";"";"";"";"";"";"";"";"";"";"";"";"";"";"";"";"";""
"07/09/2024";"2300";"";"";"";"";"";"";"";"";"";"";"";"";"";"";"";"";""
"08/09/2024";"0000";"";"";"";"";"";"";"";"";"";"";"";"";"";"";"";"";""
"08/09/2024";"0100";"";"";"";"";"";"";"";"";"";"";"";"";"";"";"";"";""
"08/09/2024";"0200";"";"";"";"";"";"";"";"";"";"";"";"";"";"";"";"";""
"08/09/2024";"0300";"";"";"";"";"";"";"";"";"";"";"";"";"";"";"";"";""
"08/09/2024";"0400";"";"";"";"";"";"";"";"";"";"";"";"";"";"";"";"";""
"08/09/2024";"0500";"";"";"";"";"";"";"";"";"";"";"";"";"";"";"";"";""
"08/09/2024";"0600";"";"";"";"";"";"";"";"";"";"";"";"";"";"";"";"";""
"08/09/2024";"0700";"";"";"";"";"";"";"";"";"";"";"";"";"";"";"";"";""
"08/09/2024";"0800";"";"";"";"";"";"";"";"";"";"";"";"";"";"";"";"";""
"08/09/2024";"0900";"";"";"";"";"";"";"";"";"";"";"";"";"";"";"";"";""
"08/09/2024";"1000";"";"";"";"";"";"";"";"";"";"";"";"";"";"";"";"";""
"08/09/2024";"1100";"";"";"";"";"";"";"";"";"";"";"";"";"";"";"";"";""
"08/09/2024";"1200";"";"";"";"";"";"";"";"";"";"";"";"";"";"";"";"";""
"08/09/2024";"1300";"";"";"";"";"";"";"";"";"";"";"";"";"";"";"";"";""
"08/09/2024";"1400";"";"";"";"";"";"";"";"";"";"";"";"";"";"";"";"";""
"08/09/2024";"1500";"";"";"";"";"";"";"";"";"";"";"";"";"";"";"";"";""
"08/09/2024";"1600";"";"";"";"";"";"";"";"";"";"";"";"";"";"";"";"";""
"08/09/2024";"1700";"";"";"";"";"";"";"";"";"";"";"";"";"";"";"";"";""
"08/09/2024";"1800";"";"";"";"";"";"";"";"";"";"";"";"";"";"";"";"";""
"08/09/2024";"1900";"";"";"";"";"";"";"";"";"";"";"";"";"";"";"";"";""
"08/09/2024";"2000";"";"";"";"";"";"";"";"";"";"";"";"";"";"";"";"";""
"08/09/2024";"2100";"";"";"";"";"";"";"";"";"";"";"";"";"";"";"";"";""
"08/09/2024";"2200";"";"";"";"";"";"";"";"";"";"";"";"";"";"";"";"";""
"08/09/2024";"2300";"";"";"";"";"";"";"";"";"";"";"";"";"";"";"";"";""
"09/09/2024";"0000";"";"";"";"";"";"";"";"";"";"";"";"";"";"";"";"";""
"09/09/2024";"0100";"";"";"";"";"";"";"";"";"";"";"";"";"";"";"";"";""
"09/09/2024";"0200";"";"";"";"";"";"";"";"";"";"";"";"";"";"";"";"";""
"09/09/2024";"0300";"";"";"";"";"";"";"";"";"";"";"";"";"";"";"";"";""
"09/09/2024";"0400";"";"";"";"";"";"";"";"";"";"";"";"";"";"";"";"";""
"09/09/2024";"0500";"";"";"";"";"";"";"";"";"";"";"";"";"";"";"";"";""
"09/09/2024";"0600";"";"";"";"";"";"";"";"";"";"";"";"";"";"";"";"";""
"09/09/2024";"0700";"";"";"";"";"";"";"";"";"";"";"";"";"";"";"";"";""
"09/09/2024";"0800";"";"";"";"";"";"";"";"";"";"";"";"";"";"";"";"";""
"09/09/2024";"0900";"";"";"";"";"";"";"";"";"";"";"";"";"";"";"";"";""
"09/09/2024";"1000";"";"";"";"";"";"";"";"";"";"";"";"";"";"";"";"";""
"09/09/2024";"1100";"";"";"";"";"";"";"";"";"";"";"";"";"";"";"";"";""
"09/09/2024";"1200";"";"";"";"";"";"";"";"";"";"";"";"";"";"";"";"";""
"09/09/2024";"1300";"";"";"";"";"";"";"";"";"";"";"";"";"";"";"";"";""
"09/09/2024";"1400";"";"";"";"";"";"";"";"";"";"";"";"";"";"";"";"";""
"09/09/2024";"1500";"";"";"";"";"";"";"";"";"";"";"";"";"";"";"";"";""
"09/09/2024";"1600";"";"";"";"";"";"";"";"";"";"";"";"";"";"";"";"";""
"09/09/2024";"1700";"";"";"";"";"";"";"";"";"";"";"";"";"";"";"";"";""
"09/09/2024";"1800";"";"";"";"";"";"";"";"";"";"";"";"";"";"";"";"";""
"09/09/2024";"1900";"";"";"";"";"";"";"";"";"";"";"";"";"";"";"";"";""
"09/09/2024";"2000";"";"";"";"";"";"";"";"";"";"";"";"";"";"";"";"";""
"09/09/2024";"2100";"";"";"";"";"";"";"";"";"";"";"";"";"";"";"";"";""
"09/09/2024";"2200";"";"";"";"";"";"";"";"";"";"";"";"";"";"";"";"";""
"09/09/2024";"2300";"";"";"";"";"";"";"";"";"";"";"";"";"";"";"";"";""
"10/09/2024";"0000";"";"";"";"";"";"";"";"";"";"";"";"";"";"";"";"";""
"10/09/2024";"0100";"";"";"";"";"";"";"";"";"";"";"";"";"";"";"";"";""
"10/09/2024";"0200";"";"";"";"";"";"";"";"";"";"";"";"";"";"";"";"";""
"10/09/2024";"0300";"";"";"";"";"";"";"";"";"";"";"";"";"";"";"";"";""
"10/09/2024";"0400";"";"";"";"";"";"";"";"";"";"";"";"";"";"";"";"";""
"10/09/2024";"0500";"";"";"";"";"";"";"";"";"";"";"";"";"";"";"";"";""
"10/09/2024";"0600";"";"";"";"";"";"";"";"";"";"";"";"";"";"";"";"";""
"10/09/2024";"0700";"";"";"";"";"";"";"";"";"";"";"";"";"";"";"";"";""
"10/09/2024";"0800";"";"";"";"";"";"";"";"";"";"";"";"";"";"";"";"";""
"10/09/2024";"0900";"";"";"";"";"";"";"";"";"";"";"";"";"";"";"";"";""
"10/09/2024";"1000";"";"";"";"";"";"";"";"";"";"";"";"";"";"";"";"";""
"10/09/2024";"1100";"";"";"";"";"";"";"";"";"";"";"";"";"";"";"";"";""
"10/09/2024";"1200";"";"";"";"";"";"";"";"";"";"";"";"";"";"";"";"";""
"10/09/2024";"1300";"";"";"";"";"";"";"";"";"";"";"";"";"";"";"";"";""
"10/09/2024";"1400";"";"";"";"";"";"";"";"";"";"";"";"";"";"";"";"";""
"10/09/2024";"1500";"";"";"";"";"";"";"";"";"";"";"";"";"";"";"";"";""
"10/09/2024";"1600";"";"";"";"";"";"";"";"";"";"";"";"";"";"";"";"";""
"10/09/2024";"1700";"";"";"";"";"";"";"";"";"";"";"";"";"";"";"";"";""
"10/09/2024";"1800";"";"";"";"";"";"";"";"";"";"";"";"";"";"";"";"";""
"10/09/2024";"1900";"";"";"";"";"";"";"";"";"";"";"";"";"";"";"";"";""
"10/09/2024";"2000";"";"";"";"";"";"";"";"";"";"";"";"";"";"";"";"";""
"10/09/2024";"2100";"";"";"";"";"";"";"";"";"";"";"";"";"";"";"";"";""
"10/09/2024";"2200";"";"";"";"";"";"";"";"";"";"";"";"";"";"";"";"";""
"10/09/2024";"2300";"";"";"";"";"";"";"";"";"";"";"";"";"";"";"";"";""
"11/09/2024";"0000";"";"";"";"";"";"";"";"";"";"";"";"";"";"";"";"";""
"11/09/2024";"0100";"";"";"";"";"";"";"";"";"";"";"";"";"";"";"";"";""
"11/09/2024";"0200";"";"";"";"";"";"";"";"";"";"";"";"";"";"";"";"";""
"11/09/2024";"0300";"";"";"";"";"";"";"";"";"";"";"";"";"";"";"";"";""
"11/09/2024";"0400";"";"";"";"";"";"";"";"";"";"";"";"";"";"";"";"";""
"11/09/2024";"0500";"";"";"";"";"";"";"";"";"";"";"";"";"";"";"";"";""
"11/09/2024";"0600";"";"";"";"";"";"";"";"";"";"";"";"";"";"";"";"";""
"11/09/2024";"0700";"";"";"";"";"";"";"";"";"";"";"";"";"";"";"";"";""
"11/09/2024";"0800";"";"";"";"";"";"";"";"";"";"";"";"";"";"";"";"";""
"11/09/2024";"0900";"";"";"";"";"";"";"";"";"";"";"";"";"";"";"";"";""
"11/09/2024";"1000";"";"";"";"";"";"";"";"";"";"";"";"";"";"";"";"";""
"11/09/2024";"1100";"";"";"";"";"";"";"";"";"";"";"";"";"";"";"";"";""
"11/09/2024";"1200";"";"";"";"";"";"";"";"";"";"";"";"";"";"";"";"";""
"11/09/2024";"1300";"";"";"";"";"";"";"";"";"";"";"";"";"";"";"";"";""
"11/09/2024";"1400";"";"";"";"";"";"";"";"";"";"";"";"";"";"";"";"";""
"11/09/2024";"1500";"";"";"";"";"";"";"";"";"";"";"";"";"";"";"";"";""
"11/09/2024";"1600";"";"";"";"";"";"";"";"";"";"";"";"";"";"";"";"";""
"11/09/2024";"1700";"";"";"";"";"";"";"";"";"";"";"";"";"";"";"";"";""
"11/09/2024";"1800";"";"";"";"";"";"";"";"";"";"";"";"";"";"";"";"";""
"11/09/2024";"1900";"";"";"";"";"";"";"";"";"";"";"";"";"";"";"";"";""
"11/09/2024";"2000";"";"";"";"";"";"";"";"";"";"";"";"";"";"";"";"";""
"11/09/2024";"2100";"";"";"";"";"";"";"";"";"";"";"";"";"";"";"";"";""
"11/09/2024";"2200";"";"";"";"";"";"";"";"";"";"";"";"";"";"";"";"";""
"11/09/2024";"2300";"";"";"";"";"";"";"";"";"";"";"";"";"";"";"";"";""
"12/09/2024";"0000";"";"";"";"";"";"";"";"";"";"";"";"";"";"";"";"";""
"12/09/2024";"0100";"";"";"";"";"";"";"";"";"";"";"";"";"";"";"";"";""
"12/09/2024";"0200";"";"";"";"";"";"";"";"";"";"";"";"";"";"";"";"";""
"12/09/2024";"0300";"";"";"";"";"";"";"";"";"";"";"";"";"";"";"";"";""
"12/09/2024";"0400";"";"";"";"";"";"";"";"";"";"";"";"";"";"";"";"";""
"12/09/2024";"0500";"";"";"";"";"";"";"";"";"";"";"";"";"";"";"";"";""
"12/09/2024";"0600";"";"";"";"";"";"";"";"";"";"";"";"";"";"";"";"";""
"12/09/2024";"0700";"";"";"";"";"";"";"";"";"";"";"";"";"";"";"";"";""
"12/09/2024";"0800";"";"";"";"";"";"";"";"";"";"";"";"";"";"";"";"";""
"12/09/2024";"0900";"";"";"";"";"";"";"";"";"";"";"";"";"";"";"";"";""
"12/09/2024";"1000";"";"";"";"";"";"";"";"";"";"";"";"";"";"";"";"";""
"12/09/2024";"1100";"";"";"";"";"";"";"";"";"";"";"";"";"";"";"";"";""
"12/09/2024";"1200";"";"";"";"";"";"";"";"";"";"";"";"";"";"";"";"";""
"12/09/2024";"1300";"";"";"";"";"";"";"";"";"";"";"";"";"";"";"";"";""
"12/09/2024";"1400";"";"";"";"";"";"";"";"";"";"";"";"";"";"";"";"";""
"12/09/2024";"1500";"";"";"";"";"";"";"";"";"";"";"";"";"";"";"";"";""
"12/09/2024";"1600";"";"";"";"";"";"";"";"";"";"";"";"";"";"";"";"";""
"12/09/2024";"1700";"";"";"";"";"";"";"";"";"";"";"";"";"";"";"";"";""
"12/09/2024";"1800";"";"";"";"";"";"";"";"";"";"";"";"";"";"";"";"";""
"12/09/2024";"1900";"";"";"";"";"";"";"";"";"";"";"";"";"";"";"";"";""
"12/09/2024";"2000";"";"";"";"";"";"";"";"";"";"";"";"";"";"";"";"";""
"12/09/2024";"2100";"";"";"";"";"";"";"";"";"";"";"";"";"";"";"";"";""
"12/09/2024";"2200";"";"";"";"";"";"";"";"";"";"";"";"";"";"";"";"";""
"12/09/2024";"2300";"";"";"";"";"";"";"";"";"";"";"";"";"";"";"";"";""
"13/09/2024";"0000";"";"";"";"";"";"";"";"";"";"";"";"";"";"";"";"";""
"13/09/2024";"0100";"";"";"";"";"";"";"";"";"";"";"";"";"";"";"";"";""
"13/09/2024";"0200";"";"";"";"";"";"";"";"";"";"";"";"";"";"";"";"";""
"13/09/2024";"0300";"";"";"";"";"";"";"";"";"";"";"";"";"";"";"";"";""
"13/09/2024";"0400";"";"";"";"";"";"";"";"";"";"";"";"";"";"";"";"";""
"13/09/2024";"0500";"";"";"";"";"";"";"";"";"";"";"";"";"";"";"";"";""
"13/09/2024";"0600";"";"";"";"";"";"";"";"";"";"";"";"";"";"";"";"";""
"13/09/2024";"0700";"";"";"";"";"";"";"";"";"";"";"";"";"";"";"";"";""
"13/09/2024";"0800";"";"";"";"";"";"";"";"";"";"";"";"";"";"";"";"";""
"13/09/2024";"0900";"";"";"";"";"";"";"";"";"";"";"";"";"";"";"";"";""
"13/09/2024";"1000";"";"";"";"";"";"";"";"";"";"";"";"";"";"";"";"";""
"13/09/2024";"1100";"";"";"";"";"";"";"";"";"";"";"";"";"";"";"";"";""
"13/09/2024";"1200";"";"";"";"";"";"";"";"";"";"";"";"";"";"";"";"";""
"13/09/2024";"1300";"";"";"";"";"";"";"";"";"";"";"";"";"";"";"";"";""
"13/09/2024";"1400";"";"";"";"";"";"";"";"";"";"";"";"";"";"";"";"";""
"13/09/2024";"1500";"";"";"";"";"";"";"";"";"";"";"";"";"";"";"";"";""
"13/09/2024";"1600";"";"";"";"";"";"";"";"";"";"";"";"";"";"";"";"";""
"13/09/2024";"1700";"";"";"";"";"";"";"";"";"";"";"";"";"";"";"";"";""
"13/09/2024";"1800";"";"";"";"";"";"";"";"";"";"";"";"";"";"";"";"";""
"13/09/2024";"1900";"";"";"";"";"";"";"";"";"";"";"";"";"";"";"";"";""
"13/09/2024";"2000";"";"";"";"";"";"";"";"";"";"";"";"";"";"";"";"";""
"13/09/2024";"2100";"";"";"";"";"";"";"";"";"";"";"";"";"";"";"";"";""
"13/09/2024";"2200";"";"";"";"";"";"";"";"";"";"";"";"";"";"";"";"";""
"13/09/2024";"2300";"";"";"";"";"";"";"";"";"";"";"";"";"";"";"";"";""
"14/09/2024";"0000";"";"";"";"";"";"";"";"";"";"";"";"";"";"";"";"";""
"14/09/2024";"0100";"";"";"";"";"";"";"";"";"";"";"";"";"";"";"";"";""
"14/09/2024";"0200";"";"";"";"";"";"";"";"";"";"";"";"";"";"";"";"";""
"14/09/2024";"0300";"";"";"";"";"";"";"";"";"";"";"";"";"";"";"";"";""
"14/09/2024";"0400";"";"";"";"";"";"";"";"";"";"";"";"";"";"";"";"";""
"14/09/2024";"0500";"";"";"";"";"";"";"";"";"";"";"";"";"";"";"";"";""
"14/09/2024";"0600";"";"";"";"";"";"";"";"";"";"";"";"";"";"";"";"";""
"14/09/2024";"0700";"";"";"";"";"";"";"";"";"";"";"";"";"";"";"";"";""
"14/09/2024";"0800";"";"";"";"";"";"";"";"";"";"";"";"";"";"";"";"";""
"14/09/2024";"0900";"";"";"";"";"";"";"";"";"";"";"";"";"";"";"";"";""
"14/09/2024";"1000";"";"";"";"";"";"";"";"";"";"";"";"";"";"";"";"";""
"14/09/2024";"1100";"";"";"";"";"";"";"";"";"";"";"";"";"";"";"";"";""
"14/09/2024";"1200";"";"";"";"";"";"";"";"";"";"";"";"";"";"";"";"";""
"14/09/2024";"1300";"";"";"";"";"";"";"";"";"";"";"";"";"";"";"";"";""
"14/09/2024";"1400";"";"";"";"";"";"";"";"";"";"";"";"";"";"";"";"";""
"14/09/2024";"1500";"";"";"";"";"";"";"";"";"";"";"";"";"";"";"";"";""
"14/09/2024";"1600";"";"";"";"";"";"";"";"";"";"";"";"";"";"";"";"";""
"14/09/2024";"1700";"";"";"";"";"";"";"";"";"";"";"";"";"";"";"";"";""
"14/09/2024";"1800";"";"";"";"";"";"";"";"";"";"";"";"";"";"";"";"";""
"14/09/2024";"1900";"";"";"";"";"";"";"";"";"";"";"";"";"";"";"";"";""
"14/09/2024";"2000";"";"";"";"";"";"";"";"";"";"";"";"";"";"";"";"";""
"14/09/2024";"2100";"";"";"";"";"";"";"";"";"";"";"";"";"";"";"";"";""
"14/09/2024";"2200";"";"";"";"";"";"";"";"";"";"";"";"";"";"";"";"";""
"14/09/2024";"2300";"";"";"";"";"";"";"";"";"";"";"";"";"";"";"";"";""
"15/09/2024";"0000";"";"";"";"";"";"";"";"";"";"";"";"";"";"";"";"";""
"15/09/2024";"0100";"";"";"";"";"";"";"";"";"";"";"";"";"";"";"";"";""
"15/09/2024";"0200";"";"";"";"";"";"";"";"";"";"";"";"";"";"";"";"";""
"15/09/2024";"0300";"";"";"";"";"";"";"";"";"";"";"";"";"";"";"";"";""
"15/09/2024";"0400";"";"";"";"";"";"";"";"";"";"";"";"";"";"";"";"";""
"15/09/2024";"0500";"";"";"";"";"";"";"";"";"";"";"";"";"";"";"";"";""
"15/09/2024";"0600";"";"";"";"";"";"";"";"";"";"";"";"";"";"";"";"";""
"15/09/2024";"0700";"";"";"";"";"";"";"";"";"";"";"";"";"";"";"";"";""
"15/09/2024";"0800";"";"";"";"";"";"";"";"";"";"";"";"";"";"";"";"";""
"15/09/2024";"0900";"";"";"";"";"";"";"";"";"";"";"";"";"";"";"";"";""
"15/09/2024";"1000";"";"";"";"";"";"";"";"";"";"";"";"";"";"";"";"";""
"15/09/2024";"1100";"";"";"";"";"";"";"";"";"";"";"";"";"";"";"";"";""
"15/09/2024";"1200";"";"";"";"";"";"";"";"";"";"";"";"";"";"";"";"";""
"15/09/2024";"1300";"";"";"";"";"";"";"";"";"";"";"";"";"";"";"";"";""
"15/09/2024";"1400";"";"";"";"";"";"";"";"";"";"";"";"";"";"";"";"";""
"15/09/2024";"1500";"";"";"";"";"";"";"";"";"";"";"";"";"";"";"";"";""
"15/09/2024";"1600";"";"";"";"";"";"";"";"";"";"";"";"";"";"";"";"";""
"15/09/2024";"1700";"";"";"";"";"";"";"";"";"";"";"";"";"";"";"";"";""
"15/09/2024";"1800";"";"";"";"";"";"";"";"";"";"";"";"";"";"";"";"";""
"15/09/2024";"1900";"";"";"";"";"";"";"";"";"";"";"";"";"";"";"";"";""
"15/09/2024";"2000";"";"";"";"";"";"";"";"";"";"";"";"";"";"";"";"";""
"15/09/2024";"2100";"";"";"";"";"";"";"";"";"";"";"";"";"";"";"";"";""
"15/09/2024";"2200";"";"";"";"";"";"";"";"";"";"";"";"";"";"";"";"";""
"15/09/2024";"2300";"";"";"";"";"";"";"";"";"";"";"";"";"";"";"";"";""
"16/09/2024";"0000";"";"";"";"";"";"";"";"";"";"";"";"";"";"";"";"";""
"16/09/2024";"0100";"";"";"";"";"";"";"";"";"";"";"";"";"";"";"";"";""
"16/09/2024";"0200";"";"";"";"";"";"";"";"";"";"";"";"";"";"";"";"";""
"16/09/2024";"0300";"";"";"";"";"";"";"";"";"";"";"";"";"";"";"";"";""
"16/09/2024";"0400";"";"";"";"";"";"";"";"";"";"";"";"";"";"";"";"";""
"16/09/2024";"0500";"";"";"";"";"";"";"";"";"";"";"";"";"";"";"";"";""
"16/09/2024";"0600";"";"";"";"";"";"";"";"";"";"";"";"";"";"";"";"";""
"16/09/2024";"0700";"";"";"";"";"";"";"";"";"";"";"";"";"";"";"";"";""
"16/09/2024";"0800";"";"";"";"";"";"";"";"";"";"";"";"";"";"";"";"";""
"16/09/2024";"0900";"";"";"";"";"";"";"";"";"";"";"";"";"";"";"";"";""
"16/09/2024";"1000";"";"";"";"";"";"";"";"";"";"";"";"";"";"";"";"";""
"16/09/2024";"1100";"";"";"";"";"";"";"";"";"";"";"";"";"";"";"";"";""
"16/09/2024";"1200";"";"";"";"";"";"";"";"";"";"";"";"";"";"";"";"";""
"16/09/2024";"1300";"";"";"";"";"";"";"";"";"";"";"";"";"";"";"";"";""
"16/09/2024";"1400";"";"";"";"";"";"";"";"";"";"";"";"";"";"";"";"";""
"16/09/2024";"1500";"";"";"";"";"";"";"";"";"";"";"";"";"";"";"";"";""
"16/09/2024";"1600";"";"";"";"";"";"";"";"";"";"";"";"";"";"";"";"";""
"16/09/2024";"1700";"";"";"";"";"";"";"";"";"";"";"";"";"";"";"";"";""
"16/09/2024";"1800";"";"";"";"";"";"";"";"";"";"";"";"";"";"";"";"";""
"16/09/2024";"1900";"";"";"";"";"";"";"";"";"";"";"";"";"";"";"";"";""
"16/09/2024";"2000";"";"";"";"";"";"";"";"";"";"";"";"";"";"";"";"";""
"16/09/2024";"2100";"";"";"";"";"";"";"";"";"";"";"";"";"";"";"";"";""
"16/09/2024";"2200";"";"";"";"";"";"";"";"";"";"";"";"";"";"";"";"";""
"16/09/2024";"2300";"";"";"";"";"";"";"";"";"";"";"";"";"";"";"";"";""
"17/09/2024";"0000";"";"";"";"";"";"";"";"";"";"";"";"";"";"";"";"";""
"17/09/2024";"0100";"";"";"";"";"";"";"";"";"";"";"";"";"";"";"";"";""
"17/09/2024";"0200";"";"";"";"";"";"";"";"";"";"";"";"";"";"";"";"";""
"17/09/2024";"0300";"";"";"";"";"";"";"";"";"";"";"";"";"";"";"";"";""
"17/09/2024";"0400";"";"";"";"";"";"";"";"";"";"";"";"";"";"";"";"";""
"17/09/2024";"0500";"";"";"";"";"";"";"";"";"";"";"";"";"";"";"";"";""
"17/09/2024";"0600";"";"";"";"";"";"";"";"";"";"";"";"";"";"";"";"";""
"17/09/2024";"0700";"";"";"";"";"";"";"";"";"";"";"";"";"";"";"";"";""
"17/09/2024";"0800";"";"";"";"";"";"";"";"";"";"";"";"";"";"";"";"";""
"17/09/2024";"0900";"";"";"";"";"";"";"";"";"";"";"";"";"";"";"";"";""
"17/09/2024";"1000";"";"";"";"";"";"";"";"";"";"";"";"";"";"";"";"";""
"17/09/2024";"1100";"";"";"";"";"";"";"";"";"";"";"";"";"";"";"";"";""
"17/09/2024";"1200";"";"";"";"";"";"";"";"";"";"";"";"";"";"";"";"";""
"17/09/2024";"1300";"";"";"";"";"";"";"";"";"";"";"";"";"";"";"";"";""
"17/09/2024";"1400";"";"";"";"";"";"";"";"";"";"";"";"";"";"";"";"";""
"17/09/2024";"1500";"";"";"";"";"";"";"";"";"";"";"";"";"";"";"";"";""
"17/09/2024";"1600";"";"";"";"";"";"";"";"";"";"";"";"";"";"";"";"";""
"17/09/2024";"1700";"";"";"";"";"";"";"";"";"";"";"";"";"";"";"";"";""
"17/09/2024";"1800";"";"";"";"";"";"";"";"";"";"";"";"";"";"";"";"";""
"17/09/2024";"1900";"";"";"";"";"";"";"";"";"";"";"";"";"";"";"";"";""
"17/09/2024";"2000";"";"";"";"";"";"";"";"";"";"";"";"";"";"";"";"";""
"17/09/2024";"2100";"";"";"";"";"";"";"";"";"";"";"";"";"";"";"";"";""
"17/09/2024";"2200";"";"";"";"";"";"";"";"";"";"";"";"";"";"";"";"";""
"17/09/2024";"2300";"";"";"";"";"";"";"";"";"";"";"";"";"";"";"";"";""
"18/09/2024";"0000";"";"";"";"";"";"";"";"";"";"";"";"";"";"";"";"";""
"18/09/2024";"0100";"";"";"";"";"";"";"";"";"";"";"";"";"";"";"";"";""
"18/09/2024";"0200";"";"";"";"";"";"";"";"";"";"";"";"";"";"";"";"";""
"18/09/2024";"0300";"";"";"";"";"";"";"";"";"";"";"";"";"";"";"";"";""
"18/09/2024";"0400";"";"";"";"";"";"";"";"";"";"";"";"";"";"";"";"";""
"18/09/2024";"0500";"";"";"";"";"";"";"";"";"";"";"";"";"";"";"";"";""
"18/09/2024";"0600";"";"";"";"";"";"";"";"";"";"";"";"";"";"";"";"";""
"18/09/2024";"0700";"";"";"";"";"";"";"";"";"";"";"";"";"";"";"";"";""
"18/09/2024";"0800";"";"";"";"";"";"";"";"";"";"";"";"";"";"";"";"";""
"18/09/2024";"0900";"";"";"";"";"";"";"";"";"";"";"";"";"";"";"";"";""
"18/09/2024";"1000";"";"";"";"";"";"";"";"";"";"";"";"";"";"";"";"";""
"18/09/2024";"1100";"";"";"";"";"";"";"";"";"";"";"";"";"";"";"";"";""
"18/09/2024";"1200";"";"";"";"";"";"";"";"";"";"";"";"";"";"";"";"";""
"18/09/2024";"1300";"";"";"";"";"";"";"";"";"";"";"";"";"";"";"";"";""
"18/09/2024";"1400";"";"";"";"";"";"";"";"";"";"";"";"";"";"";"";"";""
"18/09/2024";"1500";"";"";"";"";"";"";"";"";"";"";"";"";"";"";"";"";""
"18/09/2024";"1600";"";"";"";"";"";"";"";"";"";"";"";"";"";"";"";"";""
"18/09/2024";"1700";"33,1";"";"";"52,0";"";"";"21,8";"";"";"1004,1";"";"";"2,0";"256,0";"";"5295,50";""
"18/09/2024";"1800";"";"";"";"";"";"";"";"";"";"";"";"";"";"";"";"";""
"18/09/2024";"1900";"";"";"";"";"";"";"";"";"";"";"";"";"";"";"";"";""
"18/09/2024";"2000";"";"";"";"";"";"";"";"";"";"";"";"";"";"";"";"";""
"18/09/2024";"2100";"";"";"";"";"";"";"";"";"";"";"";"";"";"";"";"";""
"18/09/2024";"2200";"";"";"";"";"";"";"";"";"";"";"";"";"";"";"";"";""
"18/09/2024";"2300";"";"";"";"";"";"";"";"";"";"";"";"";"";"";"";"";""
"19/09/2024";"0000";"";"";"";"";"";"";"";"";"";"";"";"";"";"";"";"";""
"19/09/2024";"0100";"";"";"";"";"";"";"";"";"";"";"";"";"";"";"";"";""
"19/09/2024";"0200";"";"";"";"";"";"";"";"";"";"";"";"";"";"";"";"";""
"19/09/2024";"0300";"";"";"";"";"";"";"";"";"";"";"";"";"";"";"";"";""
"19/09/2024";"0400";"";"";"";"";"";"";"";"";"";"";"";"";"";"";"";"";""
"19/09/2024";"0500";"";"";"";"";"";"";"";"";"";"";"";"";"";"";"";"";""
"19/09/2024";"0600";"";"";"";"";"";"";"";"";"";"";"";"";"";"";"";"";""
"19/09/2024";"0700";"";"";"";"";"";"";"";"";"";"";"";"";"";"";"";"";""
"19/09/2024";"0800";"";"";"";"";"";"";"";"";"";"";"";"";"";"";"";"";""
"19/09/2024";"0900";"";"";"";"";"";"";"";"";"";"";"";"";"";"";"";"";""
"19/09/2024";"1000";"";"";"";"";"";"";"";"";"";"";"";"";"";"";"";"";""
"19/09/2024";"1100";"";"";"";"";"";"";"";"";"";"";"";"";"";"";"";"";""
"19/09/2024";"1200";"";"";"";"";"";"";"";"";"";"";"";"";"";"";"";"";""
"19/09/2024";"1300";"";"";"";"";"";"";"";"";"";"";"";"";"";"";"";"";""
"19/09/2024";"1400";"";"";"";"";"";"";"";"";"";"";"";"";"";"";"";"";""
"19/09/2024";"1500";"31,3";"";"";"66,0";"";"";"24,2";"";"";"1006,6";"";"";"1,8";"256,0";"";"1430,10";""
"19/09/2024";"1600";"";"";"";"";"";"";"";"";"";"";"";"";"";"";"";"";""
"19/09/2024";"1700";"32,5";"32,6";"31,8";"52,0";"62,0";"52,0";"21,3";"23,7";"21,3";"1004,1";"1005,3";"1004,1";"2,1";"246,0";"";"5919,00";""
"19/09/2024";"1800";"32,7";"33,0";"32,2";"50,0";"53,0";"47,0";"20,8";"21,7";"19,8";"1002,8";"1004,1";"1002,8";"1,8";"291,0";"5,9";"2692,70";""
"19/09/2024";"1900";"";"";"";"";"";"";"";"";"";"";"";"";"";"";"";"";""
"19/09/2024";"2000";"";"";"";"";"";"";"";"";"";"";"";"";"";"";"";"";""
"19/09/2024";"2100";"";"";"";"";"";"";"";"";"";"";"";"";"";"";"";"";""
"19/09/2024";"2200";"";"";"";"";"";"";"";"";"";"";"";"";"";"";"";"";""
"19/09/2024";"2300";"";"";"";"";"";"";"";"";"";"";"";"";"";"";"";"";""
"20/09/2024";"0000";"";"";"";"";"";"";"";"";"";"";"";"";"";"";"";"";""
"20/09/2024";"0100";"";"";"";"";"";"";"";"";"";"";"";"";"";"";"";"";""
"20/09/2024";"0200";"";"";"";"";"";"";"";"";"";"";"";"";"";"";"";"";""
"20/09/2024";"0300";"";"";"";"";"";"";"";"";"";"";"";"";"";"";"";"";""
"20/09/2024";"0400";"";"";"";"";"";"";"";"";"";"";"";"";"";"";"";"";""
"20/09/2024";"0500";"";"";"";"";"";"";"";"";"";"";"";"";"";"";"";"";""
"20/09/2024";"0600";"";"";"";"";"";"";"";"";"";"";"";"";"";"";"";"";""
"20/09/2024";"0700";"";"";"";"";"";"";"";"";"";"";"";"";"";"";"";"";""
"20/09/2024";"0800";"";"";"";"";"";"";"";"";"";"";"";"";"";"";"";"";""
"20/09/2024";"0900";"";"";"";"";"";"";"";"";"";"";"";"";"";"";"";"";""
"20/09/2024";"1000";"";"";"";"";"";"";"";"";"";"";"";"";"";"";"";"";""
"20/09/2024";"1100";"";"";"";"";"";"";"";"";"";"";"";"";"";"";"";"";""
"20/09/2024";"1200";"";"";"";"";"";"";"";"";"";"";"";"";"";"";"";"";""
"20/09/2024";"1300";"";"";"";"";"";"";"";"";"";"";"";"";"";"";"";"";""
"20/09/2024";"1400";"";"";"";"";"";"";"";"";"";"";"";"";"";"";"";"";""
"20/09/2024";"1500";"";"";"";"";"";"";"";"";"";"";"";"";"";"";"";"";""
"20/09/2024";"1600";"32,2";"";"";"59,0";"";"";"23,2";"";"";"1003,6";"";"";"2,4";"279,0";"";"2865,90";""
"20/09/2024";"1700";"";"";"";"";"";"";"";"";"";"";"";"";"";"";"";"";""
"20/09/2024";"1800";"";"";"";"";"";"";"";"";"";"";"";"";"";"";"";"";""
"20/09/2024";"1900";"";"";"";"";"";"";"";"";"";"";"";"";"";"";"";"";""
"20/09/2024";"2000";"";"";"";"";"";"";"";"";"";"";"";"";"";"";"";"";""
"20/09/2024";"2100";"";"";"";"";"";"";"";"";"";"";"";"";"";"";"";"";""
"20/09/2024";"2200";"";"";"";"";"";"";"";"";"";"";"";"";"";"";"";"";""
"20/09/2024";"2300";"";"";"";"";"";"";"";"";"";"";"";"";"";"";"";"";""
"21/09/2024";"0000";"";"";"";"";"";"";"";"";"";"";"";"";"";"";"";"";""
"21/09/2024";"0100";"";"";"";"";"";"";"";"";"";"";"";"";"";"";"";"";""
"21/09/2024";"0200";"";"";"";"";"";"";"";"";"";"";"";"";"";"";"";"";""
"21/09/2024";"0300";"";"";"";"";"";"";"";"";"";"";"";"";"";"";"";"";""
"21/09/2024";"0400";"";"";"";"";"";"";"";"";"";"";"";"";"";"";"";"";""
"21/09/2024";"0500";"";"";"";"";"";"";"";"";"";"";"";"";"";"";"";"";""
"21/09/2024";"0600";"";"";"";"";"";"";"";"";"";"";"";"";"";"";"";"";""
"21/09/2024";"0700";"";"";"";"";"";"";"";"";"";"";"";"";"";"";"";"";""
"21/09/2024";"0800";"";"";"";"";"";"";"";"";"";"";"";"";"";"";"";"";""
"21/09/2024";"0900";"";"";"";"";"";"";"";"";"";"";"";"";"";"";"";"";""
"21/09/2024";"1000";"";"";"";"";"";"";"";"";"";"";"";"";"";"";"";"";""
"21/09/2024";"1100";"";"";"";"";"";"";"";"";"";"";"";"";"";"";"";"";""
"21/09/2024";"1200";"";"";"";"";"";"";"";"";"";"";"";"";"";"";"";"";""
"21/09/2024";"1300";"";"";"";"";"";"";"";"";"";"";"";"";"";"";"";"";""
"21/09/2024";"1400";"31,2";"31,3";"30,4";"64,0";"69,0";"62,0";"23,5";"24,1";"23,1";"1005,8";"1006,0";"1005,8";"3,8";"276,0";"9,4";"2510,90";""
"21/09/2024";"1500";"32,0";"32,0";"31,2";"55,0";"64,0";"54,0";"21,8";"23,5";"21,6";"1005,4";"1006,0";"1005,3";"3,1";"280,0";"9,0";"2906,40";""
"21/09/2024";"1600";"32,6";"32,8";"32,0";"52,0";"55,0";"52,0";"21,6";"22,2";"21,2";"1004,5";"1005,4";"1004,5";"3,2";"271,0";"8,4";"3138,70";""
"21/09/2024";"1700";"";"";"";"";"";"";"";"";"";"";"";"";"";"";"";"";""
"21/09/2024";"1800";"";"";"";"";"";"";"";"";"";"";"";"";"";"";"";"";""
"21/09/2024";"1900";"";"";"";"";"";"";"";"";"";"";"";"";"";"";"";"";""
"21/09/2024";"2000";"";"";"";"";"";"";"";"";"";"";"";"";"";"";"";"";""
"21/09/2024";"2100";"";"";"";"";"";"";"";"";"";"";"";"";"";"";"";"";""
"21/09/2024";"2200";"";"";"";"";"";"";"";"";"";"";"";"";"";"";"";"";""
"21/09/2024";"2300";"";"";"";"";"";"";"";"";"";"";"";"";"";"";"";"";""
"22/09/2024";"0000";"";"";"";"";"";"";"";"";"";"";"";"";"";"";"";"";""
"22/09/2024";"0100";"";"";"";"";"";"";"";"";"";"";"";"";"";"";"";"";""
"22/09/2024";"0200";"";"";"";"";"";"";"";"";"";"";"";"";"";"";"";"";""
"22/09/2024";"0300";"";"";"";"";"";"";"";"";"";"";"";"";"";"";"";"";""
"22/09/2024";"0400";"";"";"";"";"";"";"";"";"";"";"";"";"";"";"";"";""
"22/09/2024";"0500";"";"";"";"";"";"";"";"";"";"";"";"";"";"";"";"";""
"22/09/2024";"0600";"";"";"";"";"";"";"";"";"";"";"";"";"";"";"";"";""
"22/09/2024";"0700";"";"";"";"";"";"";"";"";"";"";"";"";"";"";"";"";""
"22/09/2024";"0800";"";"";"";"";"";"";"";"";"";"";"";"";"";"";"";"";""
"22/09/2024";"0900";"";"";"";"";"";"";"";"";"";"";"";"";"";"";"";"";""
"22/09/2024";"1000";"";"";"";"";"";"";"";"";"";"";"";"";"";"";"";"";""
"22/09/2024";"1100";"";"";"";"";"";"";"";"";"";"";"";"";"";"";"";"";""
"22/09/2024";"1200";"";"";"";"";"";"";"";"";"";"";"";"";"";"";"";"";""
"22/09/2024";"1300";"";"";"";"";"";"";"";"";"";"";"";"";"";"";"";"";""
"22/09/2024";"1400";"";"";"";"";"";"";"";"";"";"";"";"";"";"";"";"";""
"22/09/2024";"1500";"31,3";"31,5";"30,6";"62,0";"65,0";"62,0";"23,2";"23,7";"23,0";"1005,5";"1005,8";"1005,5";"3,0";"266,0";"8,4";"2294,30";""
"22/09/2024";"1600";"32,6";"32,7";"31,2";"61,0";"65,0";"61,0";"24,1";"24,6";"23,3";"1004,2";"1005,5";"1004,2";"2,0";"252,0";"6,6";"2283,10";""
"22/09/2024";"1700";"";"";"";"";"";"";"";"";"";"";"";"";"";"";"";"";""
"22/09/2024";"1800";"32,9";"33,6";"32,5";"57,0";"61,0";"55,0";"23,1";"24,8";"22,5";"1002,3";"1003,3";"1002,3";"1,7";"241,0";"6,8";"2570,10";""
"22/09/2024";"1900";"";"";"";"";"";"";"";"";"";"";"";"";"";"";"";"";""
"22/09/2024";"2000";"";"";"";"";"";"";"";"";"";"";"";"";"";"";"";"";""
"22/09/2024";"2100";"";"";"";"";"";"";"";"";"";"";"";"";"";"";"";"";""
"22/09/2024";"2200";"";"";"";"";"";"";"";"";"";"";"";"";"";"";"";"";""
"22/09/2024";"2300";"";"";"";"";"";"";"";"";"";"";"";"";"";"";"";"";""
"23/09/2024";"0000";"";"";"";"";"";"";"";"";"";"";"";"";"";"";"";"";""
"23/09/2024";"0100";"";"";"";"";"";"";"";"";"";"";"";"";"";"";"";"";""
"23/09/2024";"0200";"";"";"";"";"";"";"";"";"";"";"";"";"";"";"";"";""
"23/09/2024";"0300";"";"";"";"";"";"";"";"";"";"";"";"";"";"";"";"";""
"23/09/2024";"0400";"";"";"";"";"";"";"";"";"";"";"";"";"";"";"";"";""
"23/09/2024";"0500";"";"";"";"";"";"";"";"";"";"";"";"";"";"";"";"";""
"23/09/2024";"0600";"";"";"";"";"";"";"";"";"";"";"";"";"";"";"";"";""
"23/09/2024";"0700";"";"";"";"";"";"";"";"";"";"";"";"";"";"";"";"";""
"23/09/2024";"0800";"";"";"";"";"";"";"";"";"";"";"";"";"";"";"";"";""
"23/09/2024";"0900";"";"";"";"";"";"";"";"";"";"";"";"";"";"";"";"";""
"23/09/2024";"1000";"";"";"";"";"";"";"";"";"";"";"";"";"";"";"";"";""
"23/09/2024";"1100";"";"";"";"";"";"";"";"";"";"";"";"";"";"";"";"";""
"23/09/2024";"1200";"";"";"";"";"";"";"";"";"";"";"";"";"";"";"";"";""
"23/09/2024";"1300";"";"";"";"";"";"";"";"";"";"";"";"";"";"";"";"";""
"23/09/2024";"1400";"31,6";"31,6";"30,8";"64,0";"72,0";"62,0";"23,9";"25,1";"23,4";"1006,2";"1006,3";"1006,1";"2,2";"285,0";"6,8";"2867,50";""
"23/09/2024";"1500";"";"";"";"";"";"";"";"";"";"";"";"";"";"";"";"";""
"23/09/2024";"1600";"33,5";"";"";"56,0";"";"";"23,4";"";"";"1004,7";"";"";"1,3";"269,0";"";"2750,70";""
"23/09/2024";"1700";"";"";"";"";"";"";"";"";"";"";"";"";"";"";"";"";""
"23/09/2024";"1800";"";"";"";"";"";"";"";"";"";"";"";"";"";"";"";"";""
"23/09/2024";"1900";"";"";"";"";"";"";"";"";"";"";"";"";"";"";"";"";""
"23/09/2024";"2000";"";"";"";"";"";"";"";"";"";"";"";"";"";"";"";"";""
"23/09/2024";"2100";"";"";"";"";"";"";"";"";"";"";"";"";"";"";"";"";""
"23/09/2024";"2200";"";"";"";"";"";"";"";"";"";"";"";"";"";"";"";"";""
"23/09/2024";"2300";"";"";"";"";"";"";"";"";"";"";"";"";"";"";"";"";""
"24/09/2024";"0000";"";"";"";"";"";"";"";"";"";"";"";"";"";"";"";"";""
"24/09/2024";"0100";"";"";"";"";"";"";"";"";"";"";"";"";"";"";"";"";""
"24/09/2024";"0200";"";"";"";"";"";"";"";"";"";"";"";"";"";"";"";"";""
"24/09/2024";"0300";"";"";"";"";"";"";"";"";"";"";"";"";"";"";"";"";""
"24/09/2024";"0400";"";"";"";"";"";"";"";"";"";"";"";"";"";"";"";"";""
"24/09/2024";"0500";"";"";"";"";"";"";"";"";"";"";"";"";"";"";"";"";""
"24/09/2024";"0600";"";"";"";"";"";"";"";"";"";"";"";"";"";"";"";"";""
"24/09/2024";"0700";"";"";"";"";"";"";"";"";"";"";"";"";"";"";"";"";""
"24/09/2024";"0800";"";"";"";"";"";"";"";"";"";"";"";"";"";"";"";"";""
"24/09/2024";"0900";"";"";"";"";"";"";"";"";"";"";"";"";"";"";"";"";""
"24/09/2024";"1000";"";"";"";"";"";"";"";"";"";"";"";"";"";"";"";"";""
"24/09/2024";"1100";"";"";"";"";"";"";"";"";"";"";"";"";"";"";"";"";""
"24/09/2024";"1200";"";"";"";"";"";"";"";"";"";"";"";"";"";"";"";"";""
"24/09/2024";"1300";"";"";"";"";"";"";"";"";"";"";"";"";"";"";"";"";""
"24/09/2024";"1400";"";"";"";"";"";"";"";"";"";"";"";"";"";"";"";"";""
"24/09/2024";"1500";"31,7";"31,7";"30,4";"67,0";"68,0";"61,0";"24,9";"24,9";"22,9";"1007,2";"1007,6";"1007,1";"1,6";"229,0";"5,7";"2169,20";""
"24/09/2024";"1600";"32,3";"32,4";"31,7";"59,0";"69,0";"58,0";"23,2";"25,7";"22,9";"1006,1";"1007,1";"1006,1";"2,6";"258,0";"6,2";"3127,00";""
"24/09/2024";"1700";"";"";"";"";"";"";"";"";"";"";"";"";"";"";"";"";""
"24/09/2024";"1800";"";"";"";"";"";"";"";"";"";"";"";"";"";"";"";"";""
"24/09/2024";"1900";"";"";"";"";"";"";"";"";"";"";"";"";"";"";"";"";""
"24/09/2024";"2000";"";"";"";"";"";"";"";"";"";"";"";"";"";"";"";"";""
"24/09/2024";"2100";"";"";"";"";"";"";"";"";"";"";"";"";"";"";"";"";""
"24/09/2024";"2200";"";"";"";"";"";"";"";"";"";"";"";"";"";"";"";"";""
"24/09/2024";"2300";"";"";"";"";"";"";"";"";"";"";"";"";"";"";"";"";""
"25/09/2024";"0000";"";"";"";"";"";"";"";"";"";"";"";"";"";"";"";"";""
"25/09/2024";"0100";"";"";"";"";"";"";"";"";"";"";"";"";"";"";"";"";""
"25/09/2024";"0200";"";"";"";"";"";"";"";"";"";"";"";"";"";"";"";"";""
"25/09/2024";"0300";"";"";"";"";"";"";"";"";"";"";"";"";"";"";"";"";""
"25/09/2024";"0400";"";"";"";"";"";"";"";"";"";"";"";"";"";"";"";"";""
"25/09/2024";"0500";"";"";"";"";"";"";"";"";"";"";"";"";"";"";"";"";""
"25/09/2024";"0600";"";"";"";"";"";"";"";"";"";"";"";"";"";"";"";"";""
"25/09/2024";"0700";"";"";"";"";"";"";"";"";"";"";"";"";"";"";"";"";""
"25/09/2024";"0800";"";"";"";"";"";"";"";"";"";"";"";"";"";"";"";"";""
"25/09/2024";"0900";"";"";"";"";"";"";"";"";"";"";"";"";"";"";"";"";""
"25/09/2024";"1000";"";"";"";"";"";"";"";"";"";"";"";"";"";"";"";"";""
"25/09/2024";"1100";"";"";"";"";"";"";"";"";"";"";"";"";"";"";"";"";""
"25/09/2024";"1200";"";"";"";"";"";"";"";"";"";"";"";"";"";"";"";"";""
"25/09/2024";"1300";"";"";"";"";"";"";"";"";"";"";"";"";"";"";"";"";""
"25/09/2024";"1400";"";"";"";"";"";"";"";"";"";"";"";"";"";"";"";"";""
"25/09/2024";"1500";"";"";"";"";"";"";"";"";"";"1006,4";"";"";"1,6";"229,0";"";"";""
"25/09/2024";"1600";"";"";"";"";"";"";"";"";"";"";"";"";"";"";"";"";""
"25/09/2024";"1700";"";"";"";"";"";"";"";"";"";"";"";"";"";"";"";"";""
"25/09/2024";"1800";"";"";"";"";"";"";"";"";"";"";"";"";"";"";"";"";""
"25/09/2024";"1900";"";"";"";"";"";"";"";"";"";"";"";"";"";"";"";"";""
"25/09/2024";"2000";"";"";"";"";"";"";"";"";"";"";"";"";"";"";"";"";""
"25/09/2024";"2100";"";"";"";"";"";"";"";"";"";"";"";"";"";"";"";"";""
"25/09/2024";"2200";"";"";"";"";"";"";"";"";"";"";"";"";"";"";"";"";""
"25/09/2024";"2300";"";"";"";"";"";"";"";"";"";"";"";"";"";"";"";"";""
"26/09/2024";"0000";"";"";"";"";"";"";"";"";"";"";"";"";"";"";"";"";""
"26/09/2024";"0100";"";"";"";"";"";"";"";"";"";"";"";"";"";"";"";"";""
"26/09/2024";"0200";"";"";"";"";"";"";"";"";"";"";"";"";"";"";"";"";""
"26/09/2024";"0300";"";"";"";"";"";"";"";"";"";"";"";"";"";"";"";"";""
"26/09/2024";"0400";"";"";"";"";"";"";"";"";"";"";"";"";"";"";"";"";""
"26/09/2024";"0500";"";"";"";"";"";"";"";"";"";"";"";"";"";"";"";"";""
"26/09/2024";"0600";"";"";"";"";"";"";"";"";"";"";"";"";"";"";"";"";""
"26/09/2024";"0700";"";"";"";"";"";"";"";"";"";"";"";"";"";"";"";"";""
"26/09/2024";"0800";"";"";"";"";"";"";"";"";"";"";"";"";"";"";"";"";""
"26/09/2024";"0900";"";"";"";"";"";"";"";"";"";"";"";"";"";"";"";"";""
"26/09/2024";"1000";"";"";"";"";"";"";"";"";"";"";"";"";"";"";"";"";""
"26/09/2024";"1100";"";"";"";"";"";"";"";"";"";"";"";"";"";"";"";"";""
"26/09/2024";"1200";"";"";"";"";"";"";"";"";"";"";"";"";"";"";"";"";""
"26/09/2024";"1300";"";"";"";"";"";"";"";"";"";"";"";"";"";"";"";"";""
"26/09/2024";"1400";"31,2";"";"";"68,0";"";"";"24,7";"";"";"1007,3";"";"";"1,9";"248,0";"";"2044,60";""
"26/09/2024";"1500";"";"";"";"";"";"";"";"";"";"";"";"";"";"";"";"";""
"26/09/2024";"1600";"";"";"";"";"";"";"";"";"";"";"";"";"";"";"";"";""
"26/09/2024";"1700";"";"";"";"";"";"";"";"";"";"";"";"";"";"";"";"";""
"26/09/2024";"1800";"";"";"";"";"";"";"";"";"";"";"";"";"";"";"";"";""
"26/09/2024";"1900";"";"";"";"";"";"";"";"";"";"";"";"";"";"";"";"";""
"26/09/2024";"2000";"";"";"";"";"";"";"";"";"";"";"";"";"";"";"";"";""
"26/09/2024";"2100";"";"";"";"";"";"";"";"";"";"";"";"";"";"";"";"";""
"26/09/2024";"2200";"";"";"";"";"";"";"";"";"";"";"";"";"";"";"";"";""
"26/09/2024";"2300";"";"";"";"";"";"";"";"";"";"";"";"";"";"";"";"";""
"27/09/2024";"0000";"";"";"";"";"";"";"";"";"";"";"";"";"";"";"";"";""
"27/09/2024";"0100";"";"";"";"";"";"";"";"";"";"";"";"";"";"";"";"";""
"27/09/2024";"0200";"";"";"";"";"";"";"";"";"";"";"";"";"";"";"";"";""
"27/09/2024";"0300";"";"";"";"";"";"";"";"";"";"";"";"";"";"";"";"";""
"27/09/2024";"0400";"";"";"";"";"";"";"";"";"";"";"";"";"";"";"";"";""
"27/09/2024";"0500";"";"";"";"";"";"";"";"";"";"";"";"";"";"";"";"";""
"27/09/2024";"0600";"";"";"";"";"";"";"";"";"";"";"";"";"";"";"";"";""
"27/09/2024";"0700";"";"";"";"";"";"";"";"";"";"";"";"";"";"";"";"";""
"27/09/2024";"0800";"";"";"";"";"";"";"";"";"";"";"";"";"";"";"";"";""
"27/09/2024";"0900";"";"";"";"";"";"";"";"";"";"";"";"";"";"";"";"";""
"27/09/2024";"1000";"";"";"";"";"";"";"";"";"";"";"";"";"";"";"";"";""
"27/09/2024";"1100";"";"";"";"";"";"";"";"";"";"";"";"";"";"";"";"";""
"27/09/2024";"1200";"";"";"";"";"";"";"";"";"";"";"";"";"";"";"";"";""
"27/09/2024";"1300";"";"";"";"";"";"";"";"";"";"";"";"";"";"";"";"";""
"27/09/2024";"1400";"31,5";"31,5";"29,8";"68,0";"72,0";"67,0";"24,7";"24,9";"24,1";"1007,5";"1007,7";"1007,5";"1,6";"239,0";"";"2129,00";""
"27/09/2024";"1500";"32,6";"32,7";"31,4";"61,0";"68,0";"61,0";"24,1";"24,9";"23,8";"1006,5";"1007,5";"1006,4";"2,1";"268,0";"5,8";"2645,00";""
"27/09/2024";"1600";"32,8";"33,4";"32,4";"62,0";"62,0";"60,0";"24,6";"24,9";"23,8";"1005,7";"1006,5";"1005,7";"1,8";"315,0";"5,8";"2647,80";""
"27/09/2024";"1700";"33,5";"33,7";"32,8";"59,0";"62,0";"59,0";"24,3";"25,2";"24,1";"1004,1";"1005,6";"1004,1";"1,3";"242,0";"4,8";"2654,50";""
"27/09/2024";"1800";"";"";"";"";"";"";"";"";"";"";"";"";"";"";"";"";""
"27/09/2024";"1900";"";"";"";"";"";"";"";"";"";"";"";"";"";"";"";"";""
"27/09/2024";"2000";"";"";"";"";"";"";"";"";"";"";"";"";"";"";"";"";""
"27/09/2024";"2100";"";"";"";"";"";"";"";"";"";"";"";"";"";"";"";"";""
"27/09/2024";"2200";"";"";"";"";"";"";"";"";"";"";"";"";"";"";"";"";""
"27/09/2024";"2300";"";"";"";"";"";"";"";"";"";"";"";"";"";"";"";"";""
"28/09/2024";"0000";"";"";"";"";"";"";"";"";"";"";"";"";"";"";"";"";""
"28/09/2024";"0100";"";"";"";"";"";"";"";"";"";"";"";"";"";"";"";"";""
"28/09/2024";"0200";"";"";"";"";"";"";"";"";"";"";"";"";"";"";"";"";""
"28/09/2024";"0300";"";"";"";"";"";"";"";"";"";"";"";"";"";"";"";"";""
"28/09/2024";"0400";"";"";"";"";"";"";"";"";"";"";"";"";"";"";"";"";""
"28/09/2024";"0500";"";"";"";"";"";"";"";"";"";"";"";"";"";"";"";"";""
"28/09/2024";"0600";"";"";"";"";"";"";"";"";"";"";"";"";"";"";"";"";""
"28/09/2024";"0700";"";"";"";"";"";"";"";"";"";"";"";"";"";"";"";"";""
"28/09/2024";"0800";"";"";"";"";"";"";"";"";"";"";"";"";"";"";"";"";""
"28/09/2024";"0900";"";"";"";"";"";"";"";"";"";"";"";"";"";"";"";"";""
"28/09/2024";"1000";"";"";"";"";"";"";"";"";"";"";"";"";"";"";"";"";""
"28/09/2024";"1100";"";"";"";"";"";"";"";"";"";"";"";"";"";"";"";"";""
"28/09/2024";"1200";"";"";"";"";"";"";"";"";"";"";"";"";"";"";"";"";""
"28/09/2024";"1300";"";"";"";"";"";"";"";"";"";"";"";"";"";"";"";"";""
"28/09/2024";"1400";"";"";"";"";"";"";"";"";"";"";"";"";"";"";"";"";""
"28/09/2024";"1500";"28,6";"28,6";"27,8";"73,0";"78,0";"73,0";"23,3";"23,7";"23,1";"1007,7";"1008,5";"1007,7";"1,3";"239,0";"3,4";"2152,60";""
"28/09/2024";"1600";"29,9";"29,9";"28,6";"71,0";"73,0";"71,0";"24,1";"24,2";"23,1";"1006,4";"1007,7";"1006,4";"1,6";"241,0";"3,3";"2461,40";""
"28/09/2024";"1700";"30,8";"30,8";"29,9";"67,0";"71,0";"67,0";"24,0";"24,2";"24,0";"1004,9";"1006,4";"1004,9";"1,6";"227,0";"3,2";"2976,20";""
"28/09/2024";"1800";"";"";"";"";"";"";"";"";"";"";"";"";"";"";"";"";""
"28/09/2024";"1900";"";"";"";"";"";"";"";"";"";"";"";"";"";"";"";"";""
"28/09/2024";"2000";"";"";"";"";"";"";"";"";"";"";"";"";"";"";"";"";""
"28/09/2024";"2100";"";"";"";"";"";"";"";"";"";"";"";"";"";"";"";"";""
"28/09/2024";"2200";"";"";"";"";"";"";"";"";"";"";"";"";"";"";"";"";""
"28/09/2024";"2300";"";"";"";"";"";"";"";"";"";"";"";"";"";"";"";"";""
"29/09/2024";"0000";"";"";"";"";"";"";"";"";"";"";"";"";"";"";"";"";""
"29/09/2024";"0100";"";"";"";"";"";"";"";"";"";"";"";"";"";"";"";"";""
"29/09/2024";"0200";"";"";"";"";"";"";"";"";"";"";"";"";"";"";"";"";""
"29/09/2024";"0300";"";"";"";"";"";"";"";"";"";"";"";"";"";"";"";"";""
"29/09/2024";"0400";"";"";"";"";"";"";"";"";"";"";"";"";"";"";"";"";""
"29/09/2024";"0500";"";"";"";"";"";"";"";"";"";"";"";"";"";"";"";"";""
"29/09/2024";"0600";"";"";"";"";"";"";"";"";"";"";"";"";"";"";"";"";""
"29/09/2024";"0700";"";"";"";"";"";"";"";"";"";"";"";"";"";"";"";"";""
"29/09/2024";"0800";"";"";"";"";"";"";"";"";"";"";"";"";"";"";"";"";""
"29/09/2024";"0900";"";"";"";"";"";"";"";"";"";"";"";"";"";"";"";"";""
"29/09/2024";"1000";"";"";"";"";"";"";"";"";"";"";"";"";"";"";"";"";""
"29/09/2024";"1100";"";"";"";"";"";"";"";"";"";"";"";"";"";"";"";"";""
"29/09/2024";"1200";"";"";"";"";"";"";"";"";"";"";"";"";"";"";"";"";""
"29/09/2024";"1300";"";"";"";"";"";"";"";"";"";"";"";"";"";"";"";"";""
"29/09/2024";"1400";"";"";"";"";"";"";"";"";"";"";"";"";"";"";"";"";""
"29/09/2024";"1500";"30,9";"30,9";"30,1";"70,0";"73,0";"69,0";"24,7";"24,7";"24,4";"1006,5";"1007,3";"1006,5";"1,8";"238,0";"3,0";"2691,60";""
"29/09/2024";"1600";"31,5";"31,6";"30,9";"67,0";"70,0";"67,0";"24,6";"24,9";"24,5";"1005,4";"1006,5";"1005,4";"1,6";"207,0";"3,0";"3069,90";""
"29/09/2024";"1700";"32,5";"32,5";"31,5";"62,0";"68,0";"61,0";"24,2";"25,5";"24,0";"1003,6";"1005,4";"1003,6";"1,3";"269,0";"3,8";"2697,20";""
"29/09/2024";"1800";"";"";"";"";"";"";"";"";"";"";"";"";"";"";"";"";""
"29/09/2024";"1900";"";"";"";"";"";"";"";"";"";"";"";"";"";"";"";"";""
"29/09/2024";"2000";"";"";"";"";"";"";"";"";"";"";"";"";"";"";"";"";""
"29/09/2024";"2100";"";"";"";"";"";"";"";"";"";"";"";"";"";"";"";"";""
"29/09/2024";"2200";"";"";"";"";"";"";"";"";"";"";"";"";"";"";"";"";""
"29/09/2024";"2300";"";"";"";"";"";"";"";"";"";"";"";"";"";"";"";"";""
"30/09/2024";"0000";"";"";"";"";"";"";"";"";"";"";"";"";"";"";"";"";""
"30/09/2024";"0100";"";"";"";"";"";"";"";"";"";"";"";"";"";"";"";"";""
"30/09/2024";"0200";"";"";"";"";"";"";"";"";"";"";"";"";"";"";"";"";""
"30/09/2024";"0300";"";"";"";"";"";"";"";"";"";"";"";"";"";"";"";"";""
"30/09/2024";"0400";"";"";"";"";"";"";"";"";"";"";"";"";"";"";"";"";""
"30/09/2024";"0500";"";"";"";"";"";"";"";"";"";"";"";"";"";"";"";"";""
"30/09/2024";"0600";"";"";"";"";"";"";"";"";"";"";"";"";"";"";"";"";""
"30/09/2024";"0700";"";"";"";"";"";"";"";"";"";"";"";"";"";"";"";"";""
"30/09/2024";"0800";"";"";"";"";"";"";"";"";"";"";"";"";"";"";"";"";""
"30/09/2024";"0900";"";"";"";"";"";"";"";"";"";"";"";"";"";"";"";"";""
"30/09/2024";"1000";"";"";"";"";"";"";"";"";"";"";"";"";"";"";"";"";""
"30/09/2024";"1100";"";"";"";"";"";"";"";"";"";"";"";"";"";"";"";"";""
"30/09/2024";"1200";"";"";"";"";"";"";"";"";"";"";"";"";"";"";"";"";""
"30/09/2024";"1300";"";"";"";"";"";"";"";"";"";"";"";"";"";"";"";"";""
"30/09/2024";"1400";"";"";"";"";"";"";"";"";"";"";"";"";"";"";"";"";""
"30/09/2024";"1500";"";"";"";"";"";"";"";"";"";"";"";"";"";"";"";"";""
"30/09/2024";"1600";"28,2";"28,2";"27,7";"76,0";"78,0";"76,0";"23,6";"23,6";"23,4";"1006,8";"1007,8";"1006,8";"1,9";"231,0";"3,9";"2103,40";""
"30/09/2024";"1700";"";"";"";"";"";"";"";"";"";"";"";"";"";"";"";"";""
"30/09/2024";"1800";"";"";"";"";"";"";"";"";"";"";"";"";"";"";"";"";""
"30/09/2024";"1900";"";"";"";"";"";"";"";"";"";"";"";"";"";"";"";"";""
"30/09/2024";"2000";"";"";"";"";"";"";"";"";"";"";"";"";"";"";"";"";""
"30/09/2024";"2100";"";"";"";"";"";"";"";"";"";"";"";"";"";"";"";"";""
"30/09/2024";"2200";"";"";"";"";"";"";"";"";"";"";"";"";"";"";"";"";""
"30/09/2024";"2300";"";"";"";"";"";"";"";"";"";"";"";"";"";"";"";"";""
"01/10/2024";"0000";"";"";"";"";"";"";"";"";"";"";"";"";"";"";"";"";""
"01/10/2024";"0100";"";"";"";"";"";"";"";"";"";"";"";"";"";"";"";"";""
"01/10/2024";"0200";"";"";"";"";"";"";"";"";"";"";"";"";"";"";"";"";""
"01/10/2024";"0300";"";"";"";"";"";"";"";"";"";"";"";"";"";"";"";"";""
"01/10/2024";"0400";"";"";"";"";"";"";"";"";"";"";"";"";"";"";"";"";""
"01/10/2024";"0500";"";"";"";"";"";"";"";"";"";"";"";"";"";"";"";"";""
"01/10/2024";"0600";"";"";"";"";"";"";"";"";"";"";"";"";"";"";"";"";""
"01/10/2024";"0700";"";"";"";"";"";"";"";"";"";"";"";"";"";"";"";"";""
"01/10/2024";"0800";"";"";"";"";"";"";"";"";"";"";"";"";"";"";"";"";""
"01/10/2024";"0900";"";"";"";"";"";"";"";"";"";"";"";"";"";"";"";"";""
"01/10/2024";"1000";"";"";"";"";"";"";"";"";"";"";"";"";"";"";"";"";""
"01/10/2024";"1100";"";"";"";"";"";"";"";"";"";"";"";"";"";"";"";"";""
"01/10/2024";"1200";"";"";"";"";"";"";"";"";"";"";"";"";"";"";"";"";""
"01/10/2024";"1300";"";"";"";"";"";"";"";"";"";"";"";"";"";"";"";"";""
"01/10/2024";"1400";"";"";"";"";"";"";"";"";"";"";"";"";"";"";"";"";""
"01/10/2024";"1500";"";"";"";"";"";"";"";"";"";"";"";"";"";"";"";"";""
"01/10/2024";"1600";"";"";"";"";"";"";"";"";"";"";"";"";"";"";"";"";""
"01/10/2024";"1700";"";"";"";"";"";"";"";"";"";"";"";"";"";"";"";"";""
"01/10/2024";"1800";"";"";"";"";"";"";"";"";"";"";"";"";"";"";"";"";""
"01/10/2024";"1900";"";"";"";"";"";"";"";"";"";"";"";"";"";"";"";"";""
"01/10/2024";"2000";"";"";"";"";"";"";"";"";"";"";"";"";"";"";"";"";""
"01/10/2024";"2100";"";"";"";"";"";"";"";"";"";"";"";"";"";"";"";"";""
"01/10/2024";"2200";"";"";"";"";"";"";"";"";"";"";"";"";"";"";"";"";""
"01/10/2024";"2300";"";"";"";"";"";"";"";"";"";"";"";"";"";"";"";"";""
"02/10/2024";"0000";"";"";"";"";"";"";"";"";"";"";"";"";"";"";"";"";""
"02/10/2024";"0100";"";"";"";"";"";"";"";"";"";"";"";"";"";"";"";"";""
"02/10/2024";"0200";"";"";"";"";"";"";"";"";"";"";"";"";"";"";"";"";""
"02/10/2024";"0300";"";"";"";"";"";"";"";"";"";"";"";"";"";"";"";"";""
"02/10/2024";"0400";"";"";"";"";"";"";"";"";"";"";"";"";"";"";"";"";""
"02/10/2024";"0500";"";"";"";"";"";"";"";"";"";"";"";"";"";"";"";"";""
"02/10/2024";"0600";"";"";"";"";"";"";"";"";"";"";"";"";"";"";"";"";""
"02/10/2024";"0700";"";"";"";"";"";"";"";"";"";"";"";"";"";"";"";"";""
"02/10/2024";"0800";"";"";"";"";"";"";"";"";"";"";"";"";"";"";"";"";""
"02/10/2024";"0900";"";"";"";"";"";"";"";"";"";"";"";"";"";"";"";"";""
"02/10/2024";"1000";"";"";"";"";"";"";"";"";"";"";"";"";"";"";"";"";""
"02/10/2024";"1100";"";"";"";"";"";"";"";"";"";"";"";"";"";"";"";"";""
"02/10/2024";"1200";"";"";"";"";"";"";"";"";"";"";"";"";"";"";"";"";""
"02/10/2024";"1300";"";"";"";"";"";"";"";"";"";"";"";"";"";"";"";"";""
"02/10/2024";"1400";"";"";"";"";"";"";"";"";"";"";"";"";"";"";"";"";""
"02/10/2024";"1500";"";"";"";"";"";"";"";"";"";"1006,1";"1006,6";"1006,1";"1,9";"221,0";"4,5";"";""
"02/10/2024";"1600";"";"";"";"";"";"";"";"";"";"1005,1";"1006,1";"1005,1";"1,5";"214,0";"4,5";"";""
"02/10/2024";"1700";"";"";"";"";"";"";"";"";"";"1003,8";"1005,1";"1003,8";"1,6";"240,0";"2,9";"";""
"02/10/2024";"1800";"";"";"";"";"";"";"";"";"";"1002,7";"1003,8";"1002,7";"1,3";"208,0";"2,7";"";""
"02/10/2024";"1900";"";"";"";"";"";"";"";"";"";"";"";"";"";"";"";"";""
"02/10/2024";"2000";"";"";"";"";"";"";"";"";"";"";"";"";"";"";"";"";""
"02/10/2024";"2100";"";"";"";"";"";"";"";"";"";"";"";"";"";"";"";"";""
"02/10/2024";"2200";"";"";"";"";"";"";"";"";"";"";"";"";"";"";"";"";""
"02/10/2024";"2300";"";"";"";"";"";"";"";"";"";"";"";"";"";"";"";"";""
"03/10/2024";"0000";"";"";"";"";"";"";"";"";"";"";"";"";"";"";"";"";""
"03/10/2024";"0100";"";"";"";"";"";"";"";"";"";"";"";"";"";"";"";"";""
"03/10/2024";"0200";"";"";"";"";"";"";"";"";"";"";"";"";"";"";"";"";""
"03/10/2024";"0300";"";"";"";"";"";"";"";"";"";"";"";"";"";"";"";"";""
"03/10/2024";"0400";"";"";"";"";"";"";"";"";"";"";"";"";"";"";"";"";""
"03/10/2024";"0500";"";"";"";"";"";"";"";"";"";"";"";"";"";"";"";"";""
"03/10/2024";"0600";"";"";"";"";"";"";"";"";"";"";"";"";"";"";"";"";""
"03/10/2024";"0700";"";"";"";"";"";"";"";"";"";"";"";"";"";"";"";"";""
"03/10/2024";"0800";"";"";"";"";"";"";"";"";"";"";"";"";"";"";"";"";""
"03/10/2024";"0900";"";"";"";"";"";"";"";"";"";"";"";"";"";"";"";"";""
"03/10/2024";"1000";"";"";"";"";"";"";"";"";"";"";"";"";"";"";"";"";""
"03/10/2024";"1100";"";"";"";"";"";"";"";"";"";"";"";"";"";"";"";"";""
"03/10/2024";"1200";"";"";"";"";"";"";"";"";"";"";"";"";"";"";"";"";""
"03/10/2024";"1300";"";"";"";"";"";"";"";"";"";"";"";"";"";"";"";"";""
"03/10/2024";"1400";"31,5";"31,5";"30,2";"61,0";"68,0";"61,0";"22,9";"24,4";"22,9";"1006,5";"1006,7";"1006,5";"1,2";"294,0";"3,4";"2825,00";""
"03/10/2024";"1500";"32,5";"32,7";"31,5";"67,0";"68,0";"61,0";"25,5";"25,6";"22,9";"1006,3";"1006,6";"1006,3";"1,9";"224,0";"3,9";"2690,80";""
"03/10/2024";"1600";"";"";"";"";"";"";"";"";"";"";"";"";"";"";"";"";""
"03/10/2024";"1700";"32,4";"33,7";"32,4";"62,0";"62,0";"58,0";"24,0";"24,9";"23,7";"1003,2";"1005,4";"1003,2";"1,3";"196,0";"4,2";"2319,20";""
"03/10/2024";"1800";"";"";"";"";"";"";"";"";"";"";"";"";"";"";"";"";""
"03/10/2024";"1900";"";"";"";"";"";"";"";"";"";"";"";"";"";"";"";"";""
"03/10/2024";"2000";"";"";"";"";"";"";"";"";"";"";"";"";"";"";"";"";""
"03/10/2024";"2100";"";"";"";"";"";"";"";"";"";"";"";"";"";"";"";"";""
"03/10/2024";"2200";"";"";"";"";"";"";"";"";"";"";"";"";"";"";"";"";""
"03/10/2024";"2300";"";"";"";"";"";"";"";"";"";"";"";"";"";"";"";"";""
"04/10/2024";"0000";"";"";"";"";"";"";"";"";"";"";"";"";"";"";"";"";""
"04/10/2024";"0100";"";"";"";"";"";"";"";"";"";"";"";"";"";"";"";"";""
"04/10/2024";"0200";"";"";"";"";"";"";"";"";"";"";"";"";"";"";"";"";""
"04/10/2024";"0300";"";"";"";"";"";"";"";"";"";"";"";"";"";"";"";"";""
"04/10/2024";"0400";"";"";"";"";"";"";"";"";"";"";"";"";"";"";"";"";""
"04/10/2024";"0500";"";"";"";"";"";"";"";"";"";"";"";"";"";"";"";"";""
"04/10/2024";"0600";"";"";"";"";"";"";"";"";"";"";"";"";"";"";"";"";""
"04/10/2024";"0700";"";"";"";"";"";"";"";"";"";"";"";"";"";"";"";"";""
"04/10/2024";"0800";"";"";"";"";"";"";"";"";"";"";"";"";"";"";"";"";""
"04/10/2024";"0900";"";"";"";"";"";"";"";"";"";"";"";"";"";"";"";"";""
"04/10/2024";"1000";"";"";"";"";"";"";"";"";"";"";"";"";"";"";"";"";""
"04/10/2024";"1100";"";"";"";"";"";"";"";"";"";"";"";"";"";"";"";"";""
"04/10/2024";"1200";"";"";"";"";"";"";"";"";"";"";"";"";"";"";"";"";""
"04/10/2024";"1300";"";"";"";"";"";"";"";"";"";"";"";"";"";"";"";"";""
"04/10/2024";"1400";"";"";"";"";"";"";"";"";"";"";"";"";"";"";"";"";""
"04/10/2024";"1500";"";"";"";"";"";"";"";"";"";"";"";"";"";"";"";"";""
"04/10/2024";"1600";"";"";"";"";"";"";"";"";"";"";"";"";"";"";"";"";""
"04/10/2024";"1700";"";"";"";"";"";"";"";"";"";"";"";"";"";"";"";"";""
"04/10/2024";"1800";"";"";"";"";"";"";"";"";"";"";"";"";"";"";"";"";""
"04/10/2024";"1900";"";"";"";"";"";"";"";"";"";"";"";"";"";"";"";"";""
"04/10/2024";"2000";"";"";"";"";"";"";"";"";"";"";"";"";"";"";"";"";""
"04/10/2024";"2100";"";"";"";"";"";"";"";"";"";"";"";"";"";"";"";"";""
"04/10/2024";"2200";"";"";"";"";"";"";"";"";"";"";"";"";"";"";"";"";""
"04/10/2024";"2300";"";"";"";"";"";"";"";"";"";"";"";"";"";"";"";"";""
"05/10/2024";"0000";"";"";"";"";"";"";"";"";"";"";"";"";"";"";"";"";""
"05/10/2024";"0100";"";"";"";"";"";"";"";"";"";"";"";"";"";"";"";"";""
"05/10/2024";"0200";"";"";"";"";"";"";"";"";"";"";"";"";"";"";"";"";""
"05/10/2024";"0300";"";"";"";"";"";"";"";"";"";"";"";"";"";"";"";"";""
"05/10/2024";"0400";"";"";"";"";"";"";"";"";"";"";"";"";"";"";"";"";""
"05/10/2024";"0500";"";"";"";"";"";"";"";"";"";"";"";"";"";"";"";"";""
"05/10/2024";"0600";"";"";"";"";"";"";"";"";"";"";"";"";"";"";"";"";""
"05/10/2024";"0700";"";"";"";"";"";"";"";"";"";"";"";"";"";"";"";"";""
"05/10/2024";"0800";"";"";"";"";"";"";"";"";"";"";"";"";"";"";"";"";""
"05/10/2024";"0900";"";"";"";"";"";"";"";"";"";"";"";"";"";"";"";"";""
"05/10/2024";"1000";"";"";"";"";"";"";"";"";"";"";"";"";"";"";"";"";""
"05/10/2024";"1100";"";"";"";"";"";"";"";"";"";"";"";"";"";"";"";"";""
"05/10/2024";"1200";"";"";"";"";"";"";"";"";"";"";"";"";"";"";"";"";""
"05/10/2024";"1300";"29,8";"29,8";"29,0";"73,0";"75,0";"73,0";"24,4";"24,4";"23,9";"1008,2";"1008,2";"1007,8";"1,1";"216,0";"";"1283,70";""
"05/10/2024";"1400";"";"";"";"";"";"";"";"";"";"";"";"";"";"";"";"";""
"05/10/2024";"1500";"31,3";"";"";"63,0";"";"";"23,5";"";"";"1007,5";"";"";"";"";"";"2667,10";""
"05/10/2024";"1600";"32,8";"32,8";"31,3";"55,0";"64,0";"54,0";"22,6";"23,7";"22,0";"1006,3";"1007,5";"1006,3";"2,0";"220,0";"4,5";"3126,70";""
"05/10/2024";"1700";"33,4";"33,6";"32,8";"56,0";"57,0";"54,0";"23,4";"23,7";"22,4";"1004,7";"1006,3";"1004,7";"1,8";"220,0";"5,2";"3184,70";""
"05/10/2024";"1800";"";"";"";"";"";"";"";"";"";"";"";"";"";"";"";"";""
"05/10/2024";"1900";"";"";"";"";"";"";"";"";"";"";"";"";"";"";"";"";""
"05/10/2024";"2000";"";"";"";"";"";"";"";"";"";"";"";"";"";"";"";"";""
"05/10/2024";"2100";"";"";"";"";"";"";"";"";"";"";"";"";"";"";"";"";""
"05/10/2024";"2200";"";"";"";"";"";"";"";"";"";"";"";"";"";"";"";"";""
"05/10/2024";"2300";"";"";"";"";"";"";"";"";"";"";"";"";"";"";"";"";""
"06/10/2024";"0000";"";"";"";"";"";"";"";"";"";"";"";"";"";"";"";"";""
"06/10/2024";"0100";"";"";"";"";"";"";"";"";"";"";"";"";"";"";"";"";""
"06/10/2024";"0200";"";"";"";"";"";"";"";"";"";"";"";"";"";"";"";"";""
"06/10/2024";"0300";"";"";"";"";"";"";"";"";"";"";"";"";"";"";"";"";""
"06/10/2024";"0400";"";"";"";"";"";"";"";"";"";"";"";"";"";"";"";"";""
"06/10/2024";"0500";"";"";"";"";"";"";"";"";"";"";"";"";"";"";"";"";""
"06/10/2024";"0600";"";"";"";"";"";"";"";"";"";"";"";"";"";"";"";"";""
"06/10/2024";"0700";"";"";"";"";"";"";"";"";"";"";"";"";"";"";"";"";""
"06/10/2024";"0800";"";"";"";"";"";"";"";"";"";"";"";"";"";"";"";"";""
"06/10/2024";"0900";"";"";"";"";"";"";"";"";"";"";"";"";"";"";"";"";""
"06/10/2024";"1000";"";"";"";"";"";"";"";"";"";"";"";"";"";"";"";"";""
"06/10/2024";"1100";"";"";"";"";"";"";"";"";"";"";"";"";"";"";"";"";""
"06/10/2024";"1200";"";"";"";"";"";"";"";"";"";"";"";"";"";"";"";"";""
"06/10/2024";"1300";"";"";"";"";"";"";"";"";"";"";"";"";"";"";"";"";""
"06/10/2024";"1400";"";"";"";"";"";"";"";"";"";"";"";"";"";"";"";"";""
"06/10/2024";"1500";"32,7";"32,7";"31,4";"58,0";"61,0";"57,0";"23,3";"23,5";"22,6";"1007,5";"1008,0";"1007,5";"2,4";"295,0";"5,6";"3004,20";""
"06/10/2024";"1600";"";"";"";"";"";"";"";"";"";"";"";"";"";"";"";"";""
"06/10/2024";"1700";"";"";"";"";"";"";"";"";"";"";"";"";"";"";"";"";""
"06/10/2024";"1800";"";"";"";"";"";"";"";"";"";"";"";"";"";"";"";"";""
"06/10/2024";"1900";"";"";"";"";"";"";"";"";"";"";"";"";"";"";"";"";""
"06/10/2024";"2000";"";"";"";"";"";"";"";"";"";"";"";"";"";"";"";"";""
"06/10/2024";"2100";"";"";"";"";"";"";"";"";"";"";"";"";"";"";"";"";""
"06/10/2024";"2200";"";"";"";"";"";"";"";"";"";"";"";"";"";"";"";"";""
"06/10/2024";"2300";"";"";"";"";"";"";"";"";"";"";"";"";"";"";"";"";""
"07/10/2024";"0000";"";"";"";"";"";"";"";"";"";"";"";"";"";"";"";"";""
"07/10/2024";"0100";"";"";"";"";"";"";"";"";"";"";"";"";"";"";"";"";""
"07/10/2024";"0200";"";"";"";"";"";"";"";"";"";"";"";"";"";"";"";"";""
"07/10/2024";"0300";"";"";"";"";"";"";"";"";"";"";"";"";"";"";"";"";""
"07/10/2024";"0400";"";"";"";"";"";"";"";"";"";"";"";"";"";"";"";"";""
"07/10/2024";"0500";"";"";"";"";"";"";"";"";"";"";"";"";"";"";"";"";""
"07/10/2024";"0600";"";"";"";"";"";"";"";"";"";"";"";"";"";"";"";"";""
"07/10/2024";"0700";"";"";"";"";"";"";"";"";"";"";"";"";"";"";"";"";""
"07/10/2024";"0800";"";"";"";"";"";"";"";"";"";"";"";"";"";"";"";"";""
"07/10/2024";"0900";"";"";"";"";"";"";"";"";"";"";"";"";"";"";"";"";""
"07/10/2024";"1000";"";"";"";"";"";"";"";"";"";"";"";"";"";"";"";"";""
"07/10/2024";"1100";"";"";"";"";"";"";"";"";"";"";"";"";"";"";"";"";""
"07/10/2024";"1200";"";"";"";"";"";"";"";"";"";"";"";"";"";"";"";"";""
"07/10/2024";"1300";"";"";"";"";"";"";"";"";"";"";"";"";"";"";"";"";""
"07/10/2024";"1400";"";"";"";"";"";"";"";"";"";"";"";"";"";"";"";"";""
"07/10/2024";"1500";"";"";"";"";"";"";"";"";"";"";"";"";"";"";"";"";""
"07/10/2024";"1600";"";"";"";"";"";"";"";"";"";"";"";"";"";"";"";"";""
"07/10/2024";"1700";"";"";"";"";"";"";"";"";"";"";"";"";"";"";"";"";""
"07/10/2024";"1800";"29,1";"29,1";"28,3";"66,0";"70,0";"66,0";"22,2";"22,5";"22,1";"1003,8";"1004,7";"1003,8";"0,7";"272,0";"3,2";"1095,00";""
"07/10/2024";"1900";"";"";"";"";"";"";"";"";"";"";"";"";"";"";"";"";""
"07/10/2024";"2000";"";"";"";"";"";"";"";"";"";"";"";"";"";"";"";"";""
"07/10/2024";"2100";"";"";"";"";"";"";"";"";"";"";"";"";"";"";"";"";""
"07/10/2024";"2200";"";"";"";"";"";"";"";"";"";"";"";"";"";"";"";"";""
"07/10/2024";"2300";"";"";"";"";"";"";"";"";"";"";"";"";"";"";"";"";""
"08/10/2024";"0000";"";"";"";"";"";"";"";"";"";"";"";"";"";"";"";"";""
"08/10/2024";"0100";"";"";"";"";"";"";"";"";"";"";"";"";"";"";"";"";""
"08/10/2024";"0200";"";"";"";"";"";"";"";"";"";"";"";"";"";"";"";"";""
"08/10/2024";"0300";"";"";"";"";"";"";"";"";"";"";"";"";"";"";"";"";""
"08/10/2024";"0400";"";"";"";"";"";"";"";"";"";"";"";"";"";"";"";"";""
"08/10/2024";"0500";"";"";"";"";"";"";"";"";"";"";"";"";"";"";"";"";""
"08/10/2024";"0600";"";"";"";"";"";"";"";"";"";"";"";"";"";"";"";"";""
"08/10/2024";"0700";"";"";"";"";"";"";"";"";"";"";"";"";"";"";"";"";""
"08/10/2024";"0800";"";"";"";"";"";"";"";"";"";"";"";"";"";"";"";"";""
"08/10/2024";"0900";"";"";"";"";"";"";"";"";"";"";"";"";"";"";"";"";""
"08/10/2024";"1000";"";"";"";"";"";"";"";"";"";"";"";"";"";"";"";"";""
"08/10/2024";"1100";"";"";"";"";"";"";"";"";"";"";"";"";"";"";"";"";""
"08/10/2024";"1200";"";"";"";"";"";"";"";"";"";"";"";"";"";"";"";"";""
"08/10/2024";"1300";"";"";"";"";"";"";"";"";"";"";"";"";"";"";"";"";""
"08/10/2024";"1400";"";"";"";"";"";"";"";"";"";"";"";"";"";"";"";"";""
"08/10/2024";"1500";"31,7";"31,7";"30,6";"68,0";"71,0";"67,0";"25,1";"25,2";"24,5";"1006,0";"1006,9";"1006,0";"1,6";"225,0";"4,6";"2908,10";""
"08/10/2024";"1600";"32,4";"32,9";"31,7";"62,0";"68,0";"62,0";"24,1";"25,4";"24,1";"1005,2";"1006,0";"1005,2";"1,6";"232,0";"4,5";"3102,60";""
"08/10/2024";"1700";"";"";"";"";"";"";"";"";"";"";"";"";"";"";"";"";""
"08/10/2024";"1800";"";"";"";"";"";"";"";"";"";"";"";"";"";"";"";"";""
"08/10/2024";"1900";"";"";"";"";"";"";"";"";"";"";"";"";"";"";"";"";""
"08/10/2024";"2000";"";"";"";"";"";"";"";"";"";"";"";"";"";"";"";"";""
"08/10/2024";"2100";"";"";"";"";"";"";"";"";"";"";"";"";"";"";"";"";""
"08/10/2024";"2200";"";"";"";"";"";"";"";"";"";"";"";"";"";"";"";"";""
"08/10/2024";"2300";"";"";"";"";"";"";"";"";"";"";"";"";"";"";"";"";""
"09/10/2024";"0000";"";"";"";"";"";"";"";"";"";"";"";"";"";"";"";"";""
"09/10/2024";"0100";"";"";"";"";"";"";"";"";"";"";"";"";"";"";"";"";""
"09/10/2024";"0200";"";"";"";"";"";"";"";"";"";"";"";"";"";"";"";"";""
"09/10/2024";"0300";"";"";"";"";"";"";"";"";"";"";"";"";"";"";"";"";""
"09/10/2024";"0400";"";"";"";"";"";"";"";"";"";"";"";"";"";"";"";"";""
"09/10/2024";"0500";"";"";"";"";"";"";"";"";"";"";"";"";"";"";"";"";""
"09/10/2024";"0600";"";"";"";"";"";"";"";"";"";"";"";"";"";"";"";"";""
"09/10/2024";"0700";"";"";"";"";"";"";"";"";"";"";"";"";"";"";"";"";""
"09/10/2024";"0800";"";"";"";"";"";"";"";"";"";"";"";"";"";"";"";"";""
"09/10/2024";"0900";"";"";"";"";"";"";"";"";"";"";"";"";"";"";"";"";""
"09/10/2024";"1000";"";"";"";"";"";"";"";"";"";"";"";"";"";"";"";"";""
"09/10/2024";"1100";"";"";"";"";"";"";"";"";"";"";"";"";"";"";"";"";""
"09/10/2024";"1200";"";"";"";"";"";"";"";"";"";"";"";"";"";"";"";"";""
"09/10/2024";"1300";"";"";"";"";"";"";"";"";"";"";"";"";"";"";"";"";""
"09/10/2024";"1400";"";"";"";"";"";"";"";"";"";"";"";"";"";"";"";"";""
"09/10/2024";"1500";"32,0";"32,1";"31,7";"54,0";"58,0";"53,0";"21,4";"22,6";"21,3";"1006,6";"1007,1";"1006,6";"3,3";"278,0";"9,1";"3007,00";""
"09/10/2024";"1600";"32,7";"33,0";"32,0";"51,0";"54,0";"50,0";"21,1";"21,8";"20,3";"1005,7";"1006,6";"1005,7";"2,5";"260,0";"8,1";"3193,20";""
"09/10/2024";"1700";"33,3";"33,6";"32,6";"50,0";"53,0";"49,0";"21,4";"22,4";"21,1";"1004,6";"1005,7";"1004,6";"3,0";"268,0";"7,9";"3142,30";""
"09/10/2024";"1800";"";"";"";"";"";"";"";"";"";"";"";"";"";"";"";"";""
"09/10/2024";"1900";"";"";"";"";"";"";"";"";"";"";"";"";"";"";"";"";""
"09/10/2024";"2000";"";"";"";"";"";"";"";"";"";"";"";"";"";"";"";"";""
"09/10/2024";"2100";"";"";"";"";"";"";"";"";"";"";"";"";"";"";"";"";""
"09/10/2024";"2200";"";"";"";"";"";"";"";"";"";"";"";"";"";"";"";"";""
"09/10/2024";"2300";"";"";"";"";"";"";"";"";"";"";"";"";"";"";"";"";""
"10/10/2024";"0000";"";"";"";"";"";"";"";"";"";"";"";"";"";"";"";"";""
"10/10/2024";"0100";"";"";"";"";"";"";"";"";"";"";"";"";"";"";"";"";""
"10/10/2024";"0200";"";"";"";"";"";"";"";"";"";"";"";"";"";"";"";"";""
"10/10/2024";"0300";"";"";"";"";"";"";"";"";"";"";"";"";"";"";"";"";""
"10/10/2024";"0400";"";"";"";"";"";"";"";"";"";"";"";"";"";"";"";"";""
"10/10/2024";"0500";"";"";"";"";"";"";"";"";"";"";"";"";"";"";"";"";""
"10/10/2024";"0600";"";"";"";"";"";"";"";"";"";"";"";"";"";"";"";"";""
"10/10/2024";"0700";"";"";"";"";"";"";"";"";"";"";"";"";"";"";"";"";""
"10/10/2024";"0800";"";"";"";"";"";"";"";"";"";"";"";"";"";"";"";"";""
"10/10/2024";"0900";"";"";"";"";"";"";"";"";"";"";"";"";"";"";"";"";""
"10/10/2024";"1000";"";"";"";"";"";"";"";"";"";"";"";"";"";"";"";"";""
"10/10/2024";"1100";"";"";"";"";"";"";"";"";"";"";"";"";"";"";"";"";""
"10/10/2024";"1200";"";"";"";"";"";"";"";"";"";"";"";"";"";"";"";"";""
"10/10/2024";"1300";"";"";"";"";"";"";"";"";"";"";"";"";"";"";"";"";""
"10/10/2024";"1400";"";"";"";"";"";"";"";"";"";"";"";"";"";"";"";"";""
"10/10/2024";"1500";"32,4";"";"";"63,0";"";"";"24,6";"";"";"1007,3";"";"";"1,9";"221,0";"";"2514,40";""
"10/10/2024";"1600";"33,0";"33,3";"32,4";"59,0";"64,0";"58,0";"24,0";"24,9";"23,7";"1005,8";"1007,3";"1005,8";"1,4";"214,0";"4,2";"3007,90";""
"10/10/2024";"1700";"33,7";"33,9";"32,9";"55,0";"60,0";"53,0";"23,4";"24,1";"22,5";"1004,3";"1005,8";"1004,3";"1,4";"223,0";"3,9";"3125,20";""
"10/10/2024";"1800";"";"";"";"";"";"";"";"";"";"";"";"";"";"";"";"";""
"10/10/2024";"1900";"";"";"";"";"";"";"";"";"";"";"";"";"";"";"";"";""
"10/10/2024";"2000";"";"";"";"";"";"";"";"";"";"";"";"";"";"";"";"";""
"10/10/2024";"2100";"";"";"";"";"";"";"";"";"";"";"";"";"";"";"";"";""
"10/10/2024";"2200";"";"";"";"";"";"";"";"";"";"";"";"";"";"";"";"";""
"10/10/2024";"2300";"";"";"";"";"";"";"";"";"";"";"";"";"";"";"";"";""
"11/10/2024";"0000";"";"";"";"";"";"";"";"";"";"";"";"";"";"";"";"";""
"11/10/2024";"0100";"";"";"";"";"";"";"";"";"";"";"";"";"";"";"";"";""
"11/10/2024";"0200";"";"";"";"";"";"";"";"";"";"";"";"";"";"";"";"";""
"11/10/2024";"0300";"";"";"";"";"";"";"";"";"";"";"";"";"";"";"";"";""
"11/10/2024";"0400";"";"";"";"";"";"";"";"";"";"";"";"";"";"";"";"";""
"11/10/2024";"0500";"";"";"";"";"";"";"";"";"";"";"";"";"";"";"";"";""
"11/10/2024";"0600";"";"";"";"";"";"";"";"";"";"";"";"";"";"";"";"";""
"11/10/2024";"0700";"";"";"";"";"";"";"";"";"";"";"";"";"";"";"";"";""
"11/10/2024";"0800";"";"";"";"";"";"";"";"";"";"";"";"";"";"";"";"";""
"11/10/2024";"0900";"";"";"";"";"";"";"";"";"";"";"";"";"";"";"";"";""
"11/10/2024";"1000";"";"";"";"";"";"";"";"";"";"";"";"";"";"";"";"";""
"11/10/2024";"1100";"";"";"";"";"";"";"";"";"";"";"";"";"";"";"";"";""
"11/10/2024";"1200";"";"";"";"";"";"";"";"";"";"";"";"";"";"";"";"";""
"11/10/2024";"1300";"";"";"";"";"";"";"";"";"";"";"";"";"";"";"";"";""
"11/10/2024";"1400";"";"";"";"";"";"";"";"";"";"";"";"";"";"";"";"";""
"11/10/2024";"1500";"34,2";"34,3";"32,9";"54,0";"59,0";"54,0";"23,6";"24,2";"23,0";"1006,6";"1007,7";"1006,6";"1,0";"229,0";"4,6";"3044,90";""
"11/10/2024";"1600";"34,3";"34,3";"33,6";"49,0";"56,0";"49,0";"22,1";"23,8";"22,1";"1005,3";"1006,6";"1005,3";"1,4";"233,0";"4,5";"3198,80";""
"11/10/2024";"1700";"34,8";"35,0";"34,2";"50,0";"52,0";"47,0";"22,9";"23,3";"21,9";"1004,2";"1005,3";"1004,2";"1,4";"226,0";"4,0";"3142,90";""
"11/10/2024";"1800";"";"";"";"";"";"";"";"";"";"";"";"";"";"";"";"";""
"11/10/2024";"1900";"";"";"";"";"";"";"";"";"";"";"";"";"";"";"";"";""
"11/10/2024";"2000";"";"";"";"";"";"";"";"";"";"";"";"";"";"";"";"";""
"11/10/2024";"2100";"";"";"";"";"";"";"";"";"";"";"";"";"";"";"";"";""
"11/10/2024";"2200";"";"";"";"";"";"";"";"";"";"";"";"";"";"";"";"";""
"11/10/2024";"2300";"";"";"";"";"";"";"";"";"";"";"";"";"";"";"";"";""
"12/10/2024";"0000";"";"";"";"";"";"";"";"";"";"";"";"";"";"";"";"";""
"12/10/2024";"0100";"";"";"";"";"";"";"";"";"";"";"";"";"";"";"";"";""
"12/10/2024";"0200";"";"";"";"";"";"";"";"";"";"";"";"";"";"";"";"";""
"12/10/2024";"0300";"";"";"";"";"";"";"";"";"";"";"";"";"";"";"";"";""
"12/10/2024";"0400";"";"";"";"";"";"";"";"";"";"";"";"";"";"";"";"";""
"12/10/2024";"0500";"";"";"";"";"";"";"";"";"";"";"";"";"";"";"";"";""
"12/10/2024";"0600";"";"";"";"";"";"";"";"";"";"";"";"";"";"";"";"";""
"12/10/2024";"0700";"";"";"";"";"";"";"";"";"";"";"";"";"";"";"";"";""
"12/10/2024";"0800";"";"";"";"";"";"";"";"";"";"";"";"";"";"";"";"";""
"12/10/2024";"0900";"";"";"";"";"";"";"";"";"";"";"";"";"";"";"";"";""
"12/10/2024";"1000";"";"";"";"";"";"";"";"";"";"";"";"";"";"";"";"";""
"12/10/2024";"1100";"";"";"";"";"";"";"";"";"";"";"";"";"";"";"";"";""
"12/10/2024";"1200";"";"";"";"";"";"";"";"";"";"";"";"";"";"";"";"";""
"12/10/2024";"1300";"";"";"";"";"";"";"";"";"";"";"";"";"";"";"";"";""
"12/10/2024";"1400";"";"";"";"";"";"";"";"";"";"";"";"";"";"";"";"";""
"12/10/2024";"1500";"";"";"";"";"";"";"";"";"";"";"";"";"";"";"";"";""
"12/10/2024";"1600";"";"";"";"";"";"";"";"";"";"";"";"";"";"";"";"";""
"12/10/2024";"1700";"";"";"";"";"";"";"";"";"";"";"";"";"";"";"";"";""
"12/10/2024";"1800";"";"";"";"";"";"";"";"";"";"";"";"";"";"";"";"";""
"12/10/2024";"1900";"";"";"";"";"";"";"";"";"";"";"";"";"";"";"";"";""
"12/10/2024";"2000";"";"";"";"";"";"";"";"";"";"";"";"";"";"";"";"";""
"12/10/2024";"2100";"";"";"";"";"";"";"";"";"";"";"";"";"";"";"";"";""
"12/10/2024";"2200";"";"";"";"";"";"";"";"";"";"";"";"";"";"";"";"";""
"12/10/2024";"2300";"";"";"";"";"";"";"";"";"";"";"";"";"";"";"";"";""
"13/10/2024";"0000";"";"";"";"";"";"";"";"";"";"";"";"";"";"";"";"";""
"13/10/2024";"0100";"";"";"";"";"";"";"";"";"";"";"";"";"";"";"";"";""
"13/10/2024";"0200";"";"";"";"";"";"";"";"";"";"";"";"";"";"";"";"";""
"13/10/2024";"0300";"";"";"";"";"";"";"";"";"";"";"";"";"";"";"";"";""
"13/10/2024";"0400";"";"";"";"";"";"";"";"";"";"";"";"";"";"";"";"";""
"13/10/2024";"0500";"";"";"";"";"";"";"";"";"";"";"";"";"";"";"";"";""
"13/10/2024";"0600";"";"";"";"";"";"";"";"";"";"";"";"";"";"";"";"";""
"13/10/2024";"0700";"";"";"";"";"";"";"";"";"";"";"";"";"";"";"";"";""
"13/10/2024";"0800";"";"";"";"";"";"";"";"";"";"";"";"";"";"";"";"";""
"13/10/2024";"0900";"";"";"";"";"";"";"";"";"";"";"";"";"";"";"";"";""
"13/10/2024";"1000";"";"";"";"";"";"";"";"";"";"";"";"";"";"";"";"";""
"13/10/2024";"1100";"";"";"";"";"";"";"";"";"";"";"";"";"";"";"";"";""
"13/10/2024";"1200";"";"";"";"";"";"";"";"";"";"";"";"";"";"";"";"";""
"13/10/2024";"1300";"";"";"";"";"";"";"";"";"";"";"";"";"";"";"";"";""
"13/10/2024";"1400";"";"";"";"";"";"";"";"";"";"";"";"";"";"";"";"";""
"13/10/2024";"1500";"32,8";"32,8";"31,2";"54,0";"59,0";"54,0";"22,4";"22,4";"21,5";"1009,6";"1009,9";"1009,5";"2,3";"265,0";"8,4";"2415,00";""
"13/10/2024";"1600";"33,7";"33,7";"32,8";"50,0";"55,0";"50,0";"22,0";"22,9";"21,9";"1008,5";"1009,6";"1008,5";"2,4";"250,0";"8,0";"2848,80";""
"13/10/2024";"1700";"";"";"";"";"";"";"";"";"";"";"";"";"";"";"";"";""
"13/10/2024";"1800";"34,6";"35,3";"34,2";"46,0";"47,0";"44,0";"21,2";"21,3";"20,8";"1006,2";"1007,3";"1006,2";"2,2";"282,0";"7,1";"2539,20";""
"13/10/2024";"1900";"";"";"";"";"";"";"";"";"";"";"";"";"";"";"";"";""
"13/10/2024";"2000";"";"";"";"";"";"";"";"";"";"";"";"";"";"";"";"";""
"13/10/2024";"2100";"";"";"";"";"";"";"";"";"";"";"";"";"";"";"";"";""
"13/10/2024";"2200";"";"";"";"";"";"";"";"";"";"";"";"";"";"";"";"";""
"13/10/2024";"2300";"";"";"";"";"";"";"";"";"";"";"";"";"";"";"";"";""
"14/10/2024";"0000";"";"";"";"";"";"";"";"";"";"";"";"";"";"";"";"";""
"14/10/2024";"0100";"";"";"";"";"";"";"";"";"";"";"";"";"";"";"";"";""
"14/10/2024";"0200";"";"";"";"";"";"";"";"";"";"";"";"";"";"";"";"";""
"14/10/2024";"0300";"";"";"";"";"";"";"";"";"";"";"";"";"";"";"";"";""
"14/10/2024";"0400";"";"";"";"";"";"";"";"";"";"";"";"";"";"";"";"";""
"14/10/2024";"0500";"";"";"";"";"";"";"";"";"";"";"";"";"";"";"";"";""
"14/10/2024";"0600";"";"";"";"";"";"";"";"";"";"";"";"";"";"";"";"";""
"14/10/2024";"0700";"";"";"";"";"";"";"";"";"";"";"";"";"";"";"";"";""
"14/10/2024";"0800";"";"";"";"";"";"";"";"";"";"";"";"";"";"";"";"";""
"14/10/2024";"0900";"";"";"";"";"";"";"";"";"";"";"";"";"";"";"";"";""
"14/10/2024";"1000";"";"";"";"";"";"";"";"";"";"";"";"";"";"";"";"";""
"14/10/2024";"1100";"";"";"";"";"";"";"";"";"";"";"";"";"";"";"";"";""
"14/10/2024";"1200";"";"";"";"";"";"";"";"";"";"";"";"";"";"";"";"";""
"14/10/2024";"1300";"";"";"";"";"";"";"";"";"";"";"";"";"";"";"";"";""
"14/10/2024";"1400";"";"";"";"";"";"";"";"";"";"";"";"";"";"";"";"";""
"14/10/2024";"1500";"32,7";"32,9";"31,6";"60,0";"62,0";"58,0";"23,8";"23,9";"23,2";"1010,3";"1011,1";"1010,3";"1,6";"232,0";"4,1";"2589,50";""
"14/10/2024";"1600";"33,4";"33,5";"32,5";"57,0";"62,0";"56,0";"23,7";"24,5";"23,7";"1008,9";"1010,4";"1008,9";"1,8";"212,0";"4,1";"2472,90";""
"14/10/2024";"1700";"";"";"";"";"";"";"";"";"";"";"";"";"";"";"";"";""
"14/10/2024";"1800";"";"";"";"";"";"";"";"";"";"";"";"";"";"";"";"";""
"14/10/2024";"1900";"";"";"";"";"";"";"";"";"";"";"";"";"";"";"";"";""
"14/10/2024";"2000";"";"";"";"";"";"";"";"";"";"";"";"";"";"";"";"";""
"14/10/2024";"2100";"";"";"";"";"";"";"";"";"";"";"";"";"";"";"";"";""
"14/10/2024";"2200";"";"";"";"";"";"";"";"";"";"";"";"";"";"";"";"";""
"14/10/2024";"2300";"";"";"";"";"";"";"";"";"";"";"";"";"";"";"";"";""
"15/10/2024";"0000";"";"";"";"";"";"";"";"";"";"";"";"";"";"";"";"";""
"15/10/2024";"0100";"";"";"";"";"";"";"";"";"";"";"";"";"";"";"";"";""
"15/10/2024";"0200";"";"";"";"";"";"";"";"";"";"";"";"";"";"";"";"";""
"15/10/2024";"0300";"";"";"";"";"";"";"";"";"";"";"";"";"";"";"";"";""
"15/10/2024";"0400";"";"";"";"";"";"";"";"";"";"";"";"";"";"";"";"";""
"15/10/2024";"0500";"";"";"";"";"";"";"";"";"";"";"";"";"";"";"";"";""
"15/10/2024";"0600";"";"";"";"";"";"";"";"";"";"";"";"";"";"";"";"";""
"15/10/2024";"0700";"";"";"";"";"";"";"";"";"";"";"";"";"";"";"";"";""
"15/10/2024";"0800";"";"";"";"";"";"";"";"";"";"";"";"";"";"";"";"";""
"15/10/2024";"0900";"";"";"";"";"";"";"";"";"";"";"";"";"";"";"";"";""
"15/10/2024";"1000";"";"";"";"";"";"";"";"";"";"";"";"";"";"";"";"";""
"15/10/2024";"1100";"";"";"";"";"";"";"";"";"";"";"";"";"";"";"";"";""
"15/10/2024";"1200";"";"";"";"";"";"";"";"";"";"";"";"";"";"";"";"";""
"15/10/2024";"1300";"";"";"";"";"";"";"";"";"";"";"";"";"";"";"";"";""
"15/10/2024";"1400";"";"";"";"";"";"";"";"";"";"";"";"";"";"";"";"";""
"15/10/2024";"1500";"31,3";"31,4";"30,5";"61,0";"65,0";"59,0";"22,8";"23,2";"22,4";"1008,4";"1009,1";"1008,4";"1,3";"236,0";"3,1";"1998,50";""
"15/10/2024";"1600";"32,5";"32,5";"31,2";"58,0";"61,0";"58,0";"23,3";"23,5";"22,8";"1007,2";"1008,4";"1007,2";"1,8";"233,0";"3,6";"2179,10";""
"15/10/2024";"1700";"";"";"";"";"";"";"";"";"";"";"";"";"";"";"";"";""
"15/10/2024";"1800";"";"";"";"";"";"";"";"";"";"";"";"";"";"";"";"";""
"15/10/2024";"1900";"";"";"";"";"";"";"";"";"";"";"";"";"";"";"";"";""
"15/10/2024";"2000";"";"";"";"";"";"";"";"";"";"";"";"";"";"";"";"";""
"15/10/2024";"2100";"";"";"";"";"";"";"";"";"";"";"";"";"";"";"";"";""
"15/10/2024";"2200";"";"";"";"";"";"";"";"";"";"";"";"";"";"";"";"";""
"15/10/2024";"2300";"";"";"";"";"";"";"";"";"";"";"";"";"";"";"";"";""
"16/10/2024";"0000";"";"";"";"";"";"";"";"";"";"";"";"";"";"";"";"";""
"16/10/2024";"0100";"";"";"";"";"";"";"";"";"";"";"";"";"";"";"";"";""
"16/10/2024";"0200";"";"";"";"";"";"";"";"";"";"";"";"";"";"";"";"";""
"16/10/2024";"0300";"";"";"";"";"";"";"";"";"";"";"";"";"";"";"";"";""
"16/10/2024";"0400";"";"";"";"";"";"";"";"";"";"";"";"";"";"";"";"";""
"16/10/2024";"0500";"";"";"";"";"";"";"";"";"";"";"";"";"";"";"";"";""
"16/10/2024";"0600";"";"";"";"";"";"";"";"";"";"";"";"";"";"";"";"";""
"16/10/2024";"0700";"";"";"";"";"";"";"";"";"";"";"";"";"";"";"";"";""
"16/10/2024";"0800";"";"";"";"";"";"";"";"";"";"";"";"";"";"";"";"";""
"16/10/2024";"0900";"";"";"";"";"";"";"";"";"";"";"";"";"";"";"";"";""
"16/10/2024";"1000";"";"";"";"";"";"";"";"";"";"";"";"";"";"";"";"";""
"16/10/2024";"1100";"";"";"";"";"";"";"";"";"";"";"";"";"";"";"";"";""
"16/10/2024";"1200";"";"";"";"";"";"";"";"";"";"";"";"";"";"";"";"";""
"16/10/2024";"1300";"";"";"";"";"";"";"";"";"";"";"";"";"";"";"";"";""
"16/10/2024";"1400";"";"";"";"";"";"";"";"";"";"";"";"";"";"";"";"";""
"16/10/2024";"1500";"";"";"";"";"";"";"";"";"";"";"";"";"";"";"";"";""
"16/10/2024";"1600";"";"";"";"";"";"";"";"";"";"";"";"";"";"";"";"";""
"16/10/2024";"1700";"";"";"";"";"";"";"";"";"";"";"";"";"";"";"";"";""
"16/10/2024";"1800";"";"";"";"";"";"";"";"";"";"";"";"";"";"";"";"";""
"16/10/2024";"1900";"";"";"";"";"";"";"";"";"";"";"";"";"";"";"";"";""
"16/10/2024";"2000";"";"";"";"";"";"";"";"";"";"";"";"";"";"";"";"";""
"16/10/2024";"2100";"";"";"";"";"";"";"";"";"";"";"";"";"";"";"";"";""
"16/10/2024";"2200";"";"";"";"";"";"";"";"";"";"";"";"";"";"";"";"";""
"16/10/2024";"2300";"";"";"";"";"";"";"";"";"";"";"";"";"";"";"";"";""
"17/10/2024";"0000";"";"";"";"";"";"";"";"";"";"";"";"";"";"";"";"";""
"17/10/2024";"0100";"";"";"";"";"";"";"";"";"";"";"";"";"";"";"";"";""
"17/10/2024";"0200";"";"";"";"";"";"";"";"";"";"";"";"";"";"";"";"";""
"17/10/2024";"0300";"";"";"";"";"";"";"";"";"";"";"";"";"";"";"";"";""
"17/10/2024";"0400";"";"";"";"";"";"";"";"";"";"";"";"";"";"";"";"";""
"17/10/2024";"0500";"";"";"";"";"";"";"";"";"";"";"";"";"";"";"";"";""
"17/10/2024";"0600";"";"";"";"";"";"";"";"";"";"";"";"";"";"";"";"";""
"17/10/2024";"0700";"";"";"";"";"";"";"";"";"";"";"";"";"";"";"";"";""
"17/10/2024";"0800";"";"";"";"";"";"";"";"";"";"";"";"";"";"";"";"";""
"17/10/2024";"0900";"";"";"";"";"";"";"";"";"";"";"";"";"";"";"";"";""
"17/10/2024";"1000";"";"";"";"";"";"";"";"";"";"";"";"";"";"";"";"";""
"17/10/2024";"1100";"";"";"";"";"";"";"";"";"";"";"";"";"";"";"";"";""
"17/10/2024";"1200";"";"";"";"";"";"";"";"";"";"";"";"";"";"";"";"";""
"17/10/2024";"1300";"";"";"";"";"";"";"";"";"";"";"";"";"";"";"";"";""
"17/10/2024";"1400";"";"";"";"";"";"";"";"";"";"";"";"";"";"";"";"";""
"17/10/2024";"1500";"";"";"";"";"";"";"";"";"";"";"";"";"";"";"";"";""
"17/10/2024";"1600";"";"";"";"";"";"";"";"";"";"";"";"";"";"";"";"";""
"17/10/2024";"1700";"";"";"";"";"";"";"";"";"";"";"";"";"";"";"";"";""
"17/10/2024";"1800";"";"";"";"";"";"";"";"";"";"";"";"";"";"";"";"";""
"17/10/2024";"1900";"";"";"";"";"";"";"";"";"";"";"";"";"";"";"";"";""
"17/10/2024";"2000";"";"";"";"";"";"";"";"";"";"";"";"";"";"";"";"";""
"17/10/2024";"2100";"";"";"";"";"";"";"";"";"";"";"";"";"";"";"";"";""
"17/10/2024";"2200";"";"";"";"";"";"";"";"";"";"";"";"";"";"";"";"";""
"17/10/2024";"2300";"";"";"";"";"";"";"";"";"";"";"";"";"";"";"";"";""
"18/10/2024";"0000";"";"";"";"";"";"";"";"";"";"";"";"";"";"";"";"";""
"18/10/2024";"0100";"";"";"";"";"";"";"";"";"";"";"";"";"";"";"";"";""
"18/10/2024";"0200";"";"";"";"";"";"";"";"";"";"";"";"";"";"";"";"";""
"18/10/2024";"0300";"";"";"";"";"";"";"";"";"";"";"";"";"";"";"";"";""
"18/10/2024";"0400";"";"";"";"";"";"";"";"";"";"";"";"";"";"";"";"";""
"18/10/2024";"0500";"";"";"";"";"";"";"";"";"";"";"";"";"";"";"";"";""
"18/10/2024";"0600";"";"";"";"";"";"";"";"";"";"";"";"";"";"";"";"";""
"18/10/2024";"0700";"";"";"";"";"";"";"";"";"";"";"";"";"";"";"";"";""
"18/10/2024";"0800";"";"";"";"";"";"";"";"";"";"";"";"";"";"";"";"";""
"18/10/2024";"0900";"";"";"";"";"";"";"";"";"";"";"";"";"";"";"";"";""
"18/10/2024";"1000";"";"";"";"";"";"";"";"";"";"";"";"";"";"";"";"";""
"18/10/2024";"1100";"";"";"";"";"";"";"";"";"";"";"";"";"";"";"";"";""
"18/10/2024";"1200";"";"";"";"";"";"";"";"";"";"";"";"";"";"";"";"";""
"18/10/2024";"1300";"";"";"";"";"";"";"";"";"";"";"";"";"";"";"";"";""
"18/10/2024";"1400";"";"";"";"";"";"";"";"";"";"";"";"";"";"";"";"";""
"18/10/2024";"1500";"32,3";"32,3";"30,8";"64,0";"70,0";"64,0";"24,6";"25,1";"24,4";"1006,3";"1007,3";"1006,3";"1,3";"246,0";"4,3";"2664,20";""
"18/10/2024";"1600";"32,4";"32,5";"31,6";"55,0";"66,0";"55,0";"22,2";"25,0";"22,2";"1005,0";"1006,3";"1004,9";"2,6";"246,0";"7,4";"2353,00";""
"18/10/2024";"1700";"33,7";"33,8";"32,4";"46,0";"56,0";"46,0";"20,7";"22,7";"20,6";"1004,0";"1005,0";"1004,0";"2,7";"264,0";"7,4";"2482,00";""
"18/10/2024";"1800";"";"";"";"";"";"";"";"";"";"";"";"";"";"";"";"";""
"18/10/2024";"1900";"";"";"";"";"";"";"";"";"";"";"";"";"";"";"";"";""
"18/10/2024";"2000";"";"";"";"";"";"";"";"";"";"";"";"";"";"";"";"";""
"18/10/2024";"2100";"";"";"";"";"";"";"";"";"";"";"";"";"";"";"";"";""
"18/10/2024";"2200";"";"";"";"";"";"";"";"";"";"";"";"";"";"";"";"";""
"18/10/2024";"2300";"";"";"";"";"";"";"";"";"";"";"";"";"";"";"";"";""
"19/10/2024";"0000";"";"";"";"";"";"";"";"";"";"";"";"";"";"";"";"";""
"19/10/2024";"0100";"";"";"";"";"";"";"";"";"";"";"";"";"";"";"";"";""
"19/10/2024";"0200";"";"";"";"";"";"";"";"";"";"";"";"";"";"";"";"";""
"19/10/2024";"0300";"";"";"";"";"";"";"";"";"";"";"";"";"";"";"";"";""
"19/10/2024";"0400";"";"";"";"";"";"";"";"";"";"";"";"";"";"";"";"";""
"19/10/2024";"0500";"";"";"";"";"";"";"";"";"";"";"";"";"";"";"";"";""
"19/10/2024";"0600";"";"";"";"";"";"";"";"";"";"";"";"";"";"";"";"";""
"19/10/2024";"0700";"";"";"";"";"";"";"";"";"";"";"";"";"";"";"";"";""
"19/10/2024";"0800";"";"";"";"";"";"";"";"";"";"";"";"";"";"";"";"";""
"19/10/2024";"0900";"";"";"";"";"";"";"";"";"";"";"";"";"";"";"";"";""
"19/10/2024";"1000";"";"";"";"";"";"";"";"";"";"";"";"";"";"";"";"";""
"19/10/2024";"1100";"";"";"";"";"";"";"";"";"";"";"";"";"";"";"";"";""
"19/10/2024";"1200";"";"";"";"";"";"";"";"";"";"";"";"";"";"";"";"";""
"19/10/2024";"1300";"";"";"";"";"";"";"";"";"";"";"";"";"";"";"";"";""
"19/10/2024";"1400";"";"";"";"";"";"";"";"";"";"";"";"";"";"";"";"";""
"19/10/2024";"1500";"";"";"";"";"";"";"";"";"";"";"";"";"";"";"";"";""
"19/10/2024";"1600";"34,0";"34,1";"33,0";"55,0";"62,0";"53,0";"23,6";"24,7";"23,2";"1003,0";"1004,3";"1003,0";"1,1";"235,0";"4,2";"2938,70";""
"19/10/2024";"1700";"34,2";"34,6";"33,1";"49,0";"55,0";"48,0";"21,8";"24,1";"21,7";"1001,3";"1003,0";"1001,3";"1,8";"237,0";"5,2";"3113,90";""
"19/10/2024";"1800";"";"";"";"";"";"";"";"";"";"";"";"";"";"";"";"";""
"19/10/2024";"1900";"";"";"";"";"";"";"";"";"";"";"";"";"";"";"";"";""
"19/10/2024";"2000";"";"";"";"";"";"";"";"";"";"";"";"";"";"";"";"";""
"19/10/2024";"2100";"";"";"";"";"";"";"";"";"";"";"";"";"";"";"";"";""
"19/10/2024";"2200";"";"";"";"";"";"";"";"";"";"";"";"";"";"";"";"";""
"19/10/2024";"2300";"";"";"";"";"";"";"";"";"";"";"";"";"";"";"";"";""
"20/10/2024";"0000";"";"";"";"";"";"";"";"";"";"";"";"";"";"";"";"";""
"20/10/2024";"0100";"";"";"";"";"";"";"";"";"";"";"";"";"";"";"";"";""
"20/10/2024";"0200";"";"";"";"";"";"";"";"";"";"";"";"";"";"";"";"";""
"20/10/2024";"0300";"";"";"";"";"";"";"";"";"";"";"";"";"";"";"";"";""
"20/10/2024";"0400";"";"";"";"";"";"";"";"";"";"";"";"";"";"";"";"";""
"20/10/2024";"0500";"";"";"";"";"";"";"";"";"";"";"";"";"";"";"";"";""
"20/10/2024";"0600";"";"";"";"";"";"";"";"";"";"";"";"";"";"";"";"";""
"20/10/2024";"0700";"";"";"";"";"";"";"";"";"";"";"";"";"";"";"";"";""
"20/10/2024";"0800";"";"";"";"";"";"";"";"";"";"";"";"";"";"";"";"";""
"20/10/2024";"0900";"";"";"";"";"";"";"";"";"";"";"";"";"";"";"";"";""
"20/10/2024";"1000";"";"";"";"";"";"";"";"";"";"";"";"";"";"";"";"";""
"20/10/2024";"1100";"";"";"";"";"";"";"";"";"";"";"";"";"";"";"";"";""
"20/10/2024";"1200";"";"";"";"";"";"";"";"";"";"";"";"";"";"";"";"";""
"20/10/2024";"1300";"";"";"";"";"";"";"";"";"";"";"";"";"";"";"";"";""
"20/10/2024";"1400";"";"";"";"";"";"";"";"";"";"";"";"";"";"";"";"";""
"20/10/2024";"1500";"31,0";"31,0";"28,9";"66,0";"76,0";"66,0";"24,0";"24,4";"23,7";"1004,2";"1005,3";"1004,2";"2,0";"209,0";"4,5";"2992,40";""
"20/10/2024";"1600";"31,8";"31,8";"30,7";"62,0";"67,0";"62,0";"23,6";"24,1";"23,1";"1002,8";"1004,2";"1002,8";"1,8";"228,0";"4,5";"3258,80";""
"20/10/2024";"1700";"31,8";"31,8";"31,2";"63,0";"64,0";"60,0";"23,7";"24,0";"23,1";"1001,5";"1002,8";"1001,5";"1,7";"216,0";"3,9";"1959,40";""
"20/10/2024";"1800";"";"";"";"";"";"";"";"";"";"";"";"";"";"";"";"";""
"20/10/2024";"1900";"";"";"";"";"";"";"";"";"";"";"";"";"";"";"";"";""
"20/10/2024";"2000";"";"";"";"";"";"";"";"";"";"";"";"";"";"";"";"";""
"20/10/2024";"2100";"";"";"";"";"";"";"";"";"";"";"";"";"";"";"";"";""
"20/10/2024";"2200";"";"";"";"";"";"";"";"";"";"";"";"";"";"";"";"";""
"20/10/2024";"2300";"";"";"";"";"";"";"";"";"";"";"";"";"";"";"";"";""
"21/10/2024";"0000";"";"";"";"";"";"";"";"";"";"";"";"";"";"";"";"";""
"21/10/2024";"0100";"";"";"";"";"";"";"";"";"";"";"";"";"";"";"";"";""
"21/10/2024";"0200";"";"";"";"";"";"";"";"";"";"";"";"";"";"";"";"";""
"21/10/2024";"0300";"";"";"";"";"";"";"";"";"";"";"";"";"";"";"";"";""
"21/10/2024";"0400";"";"";"";"";"";"";"";"";"";"";"";"";"";"";"";"";""
"21/10/2024";"0500";"";"";"";"";"";"";"";"";"";"";"";"";"";"";"";"";""
"21/10/2024";"0600";"";"";"";"";"";"";"";"";"";"";"";"";"";"";"";"";""
"21/10/2024";"0700";"";"";"";"";"";"";"";"";"";"";"";"";"";"";"";"";""
"21/10/2024";"0800";"";"";"";"";"";"";"";"";"";"";"";"";"";"";"";"";""
"21/10/2024";"0900";"";"";"";"";"";"";"";"";"";"";"";"";"";"";"";"";""
"21/10/2024";"1000";"";"";"";"";"";"";"";"";"";"";"";"";"";"";"";"";""
"21/10/2024";"1100";"";"";"";"";"";"";"";"";"";"";"";"";"";"";"";"";""
"21/10/2024";"1200";"";"";"";"";"";"";"";"";"";"";"";"";"";"";"";"";""
"21/10/2024";"1300";"";"";"";"";"";"";"";"";"";"";"";"";"";"";"";"";""
"21/10/2024";"1400";"";"";"";"";"";"";"";"";"";"";"";"";"";"";"";"";""
"21/10/2024";"1500";"30,7";"30,7";"29,7";"69,0";"73,0";"69,0";"24,3";"24,7";"24,1";"1004,4";"1005,2";"1004,4";"1,6";"210,0";"3,6";"2832,10";""
"21/10/2024";"1600";"";"";"";"";"";"";"";"";"";"";"";"";"";"";"";"";""
"21/10/2024";"1700";"";"";"";"";"";"";"";"";"";"";"";"";"";"";"";"";""
"21/10/2024";"1800";"32,0";"33,4";"32,0";"62,0";"65,0";"59,0";"23,7";"25,2";"23,7";"1001,2";"1002,3";"1001,2";"2,1";"270,0";"5,3";"1776,20";""
"21/10/2024";"1900";"";"";"";"";"";"";"";"";"";"";"";"";"";"";"";"";""
"21/10/2024";"2000";"";"";"";"";"";"";"";"";"";"";"";"";"";"";"";"";""
"21/10/2024";"2100";"";"";"";"";"";"";"";"";"";"";"";"";"";"";"";"";""
"21/10/2024";"2200";"";"";"";"";"";"";"";"";"";"";"";"";"";"";"";"";""
"21/10/2024";"2300";"";"";"";"";"";"";"";"";"";"";"";"";"";"";"";"";""
"22/10/2024";"0000";"";"";"";"";"";"";"";"";"";"";"";"";"";"";"";"";""
"22/10/2024";"0100";"";"";"";"";"";"";"";"";"";"";"";"";"";"";"";"";""
"22/10/2024";"0200";"";"";"";"";"";"";"";"";"";"";"";"";"";"";"";"";""
"22/10/2024";"0300";"";"";"";"";"";"";"";"";"";"";"";"";"";"";"";"";""
"22/10/2024";"0400";"";"";"";"";"";"";"";"";"";"";"";"";"";"";"";"";""
"22/10/2024";"0500";"";"";"";"";"";"";"";"";"";"";"";"";"";"";"";"";""
"22/10/2024";"0600";"";"";"";"";"";"";"";"";"";"";"";"";"";"";"";"";""
"22/10/2024";"0700";"";"";"";"";"";"";"";"";"";"";"";"";"";"";"";"";""
"22/10/2024";"0800";"";"";"";"";"";"";"";"";"";"";"";"";"";"";"";"";""
"22/10/2024";"0900";"";"";"";"";"";"";"";"";"";"";"";"";"";"";"";"";""
"22/10/2024";"1000";"";"";"";"";"";"";"";"";"";"";"";"";"";"";"";"";""
"22/10/2024";"1100";"";"";"";"";"";"";"";"";"";"";"";"";"";"";"";"";""
"22/10/2024";"1200";"";"";"";"";"";"";"";"";"";"";"";"";"";"";"";"";""
"22/10/2024";"1300";"";"";"";"";"";"";"";"";"";"";"";"";"";"";"";"";""
"22/10/2024";"1400";"";"";"";"";"";"";"";"";"";"";"";"";"";"";"";"";""
"22/10/2024";"1500";"";"";"";"";"";"";"";"";"";"";"";"";"";"";"";"";""
"22/10/2024";"1600";"";"";"";"";"";"";"";"";"";"";"";"";"";"";"";"";""
"22/10/2024";"1700";"";"";"";"";"";"";"";"";"";"";"";"";"";"";"";"";""
"22/10/2024";"1800";"";"";"";"";"";"";"";"";"";"";"";"";"";"";"";"";""
"22/10/2024";"1900";"";"";"";"";"";"";"";"";"";"";"";"";"";"";"";"";""
"22/10/2024";"2000";"";"";"";"";"";"";"";"";"";"";"";"";"";"";"";"";""
"22/10/2024";"2100";"";"";"";"";"";"";"";"";"";"";"";"";"";"";"";"";""
"22/10/2024";"2200";"";"";"";"";"";"";"";"";"";"";"";"";"";"";"";"";""
"22/10/2024";"2300";"";"";"";"";"";"";"";"";"";"";"";"";"";"";"";"";""
"23/10/2024";"0000";"";"";"";"";"";"";"";"";"";"";"";"";"";"";"";"";""
"23/10/2024";"0100";"";"";"";"";"";"";"";"";"";"";"";"";"";"";"";"";""
"23/10/2024";"0200";"";"";"";"";"";"";"";"";"";"";"";"";"";"";"";"";""
"23/10/2024";"0300";"";"";"";"";"";"";"";"";"";"";"";"";"";"";"";"";""
"23/10/2024";"0400";"";"";"";"";"";"";"";"";"";"";"";"";"";"";"";"";""
"23/10/2024";"0500";"";"";"";"";"";"";"";"";"";"";"";"";"";"";"";"";""
"23/10/2024";"0600";"";"";"";"";"";"";"";"";"";"";"";"";"";"";"";"";""
"23/10/2024";"0700";"";"";"";"";"";"";"";"";"";"";"";"";"";"";"";"";""
"23/10/2024";"0800";"";"";"";"";"";"";"";"";"";"";"";"";"";"";"";"";""
"23/10/2024";"0900";"";"";"";"";"";"";"";"";"";"";"";"";"";"";"";"";""
"23/10/2024";"1000";"";"";"";"";"";"";"";"";"";"";"";"";"";"";"";"";""
"23/10/2024";"1100";"";"";"";"";"";"";"";"";"";"";"";"";"";"";"";"";""
"23/10/2024";"1200";"";"";"";"";"";"";"";"";"";"";"";"";"";"";"";"";""
"23/10/2024";"1300";"";"";"";"";"";"";"";"";"";"";"";"";"";"";"";"";""
"23/10/2024";"1400";"";"";"";"";"";"";"";"";"";"";"";"";"";"";"";"";""
"23/10/2024";"1500";"29,6";"29,6";"28,1";"67,0";"84,0";"66,0";"22,7";"25,1";"22,6";"1006,6";"1007,6";"1006,6";"2,2";"273,0";"5,7";"2670,60";""
"23/10/2024";"1600";"30,8";"30,8";"29,5";"57,0";"67,0";"56,0";"21,3";"22,8";"20,9";"1005,7";"1006,7";"1005,7";"2,6";"266,0";"6,8";"2970,50";""
"23/10/2024";"1700";"32,1";"32,2";"30,8";"55,0";"57,0";"53,0";"22,0";"22,0";"20,4";"1004,6";"1005,7";"1004,6";"1,9";"270,0";"7,3";"3029,40";""
"23/10/2024";"1800";"";"";"";"";"";"";"";"";"";"";"";"";"";"";"";"";""
"23/10/2024";"1900";"";"";"";"";"";"";"";"";"";"";"";"";"";"";"";"";""
"23/10/2024";"2000";"";"";"";"";"";"";"";"";"";"";"";"";"";"";"";"";""
"23/10/2024";"2100";"";"";"";"";"";"";"";"";"";"";"";"";"";"";"";"";""
"23/10/2024";"2200";"";"";"";"";"";"";"";"";"";"";"";"";"";"";"";"";""
"23/10/2024";"2300";"";"";"";"";"";"";"";"";"";"";"";"";"";"";"";"";""
"24/10/2024";"0000";"";"";"";"";"";"";"";"";"";"";"";"";"";"";"";"";""
"24/10/2024";"0100";"";"";"";"";"";"";"";"";"";"";"";"";"";"";"";"";""
"24/10/2024";"0200";"";"";"";"";"";"";"";"";"";"";"";"";"";"";"";"";""
"24/10/2024";"0300";"";"";"";"";"";"";"";"";"";"";"";"";"";"";"";"";""
"24/10/2024";"0400";"";"";"";"";"";"";"";"";"";"";"";"";"";"";"";"";""
"24/10/2024";"0500";"";"";"";"";"";"";"";"";"";"";"";"";"";"";"";"";""
"24/10/2024";"0600";"";"";"";"";"";"";"";"";"";"";"";"";"";"";"";"";""
"24/10/2024";"0700";"";"";"";"";"";"";"";"";"";"";"";"";"";"";"";"";""
"24/10/2024";"0800";"";"";"";"";"";"";"";"";"";"";"";"";"";"";"";"";""
"24/10/2024";"0900";"";"";"";"";"";"";"";"";"";"";"";"";"";"";"";"";""
"24/10/2024";"1000";"";"";"";"";"";"";"";"";"";"";"";"";"";"";"";"";""
"24/10/2024";"1100";"";"";"";"";"";"";"";"";"";"";"";"";"";"";"";"";""
"24/10/2024";"1200";"";"";"";"";"";"";"";"";"";"";"";"";"";"";"";"";""
"24/10/2024";"1300";"";"";"";"";"";"";"";"";"";"";"";"";"";"";"";"";""
"24/10/2024";"1400";"";"";"";"";"";"";"";"";"";"";"";"";"";"";"";"";""
"24/10/2024";"1500";"32,4";"32,4";"31,0";"56,0";"70,0";"56,0";"22,4";"25,0";"22,2";"1004,8";"1005,5";"1004,8";"1,7";"214,0";"4,3";"2792,20";""
"24/10/2024";"1600";"32,7";"33,0";"32,2";"58,0";"59,0";"55,0";"23,3";"23,6";"22,2";"1004,0";"1004,8";"1004,0";"1,6";"213,0";"4,3";"2758,60";""
"24/10/2024";"1700";"";"";"";"";"";"";"";"";"";"";"";"";"";"";"";"";""
"24/10/2024";"1800";"";"";"";"";"";"";"";"";"";"";"";"";"";"";"";"";""
"24/10/2024";"1900";"";"";"";"";"";"";"";"";"";"";"";"";"";"";"";"";""
"24/10/2024";"2000";"";"";"";"";"";"";"";"";"";"";"";"";"";"";"";"";""
"24/10/2024";"2100";"";"";"";"";"";"";"";"";"";"";"";"";"";"";"";"";""
"24/10/2024";"2200";"";"";"";"";"";"";"";"";"";"";"";"";"";"";"";"";""
"24/10/2024";"2300";"";"";"";"";"";"";"";"";"";"";"";"";"";"";"";"";""
"25/10/2024";"0000";"";"";"";"";"";"";"";"";"";"";"";"";"";"";"";"";""
"25/10/2024";"0100";"";"";"";"";"";"";"";"";"";"";"";"";"";"";"";"";""
"25/10/2024";"0200";"";"";"";"";"";"";"";"";"";"";"";"";"";"";"";"";""
"25/10/2024";"0300";"";"";"";"";"";"";"";"";"";"";"";"";"";"";"";"";""
"25/10/2024";"0400";"";"";"";"";"";"";"";"";"";"";"";"";"";"";"";"";""
"25/10/2024";"0500";"";"";"";"";"";"";"";"";"";"";"";"";"";"";"";"";""
"25/10/2024";"0600";"";"";"";"";"";"";"";"";"";"";"";"";"";"";"";"";""
"25/10/2024";"0700";"";"";"";"";"";"";"";"";"";"";"";"";"";"";"";"";""
"25/10/2024";"0800";"";"";"";"";"";"";"";"";"";"";"";"";"";"";"";"";""
"25/10/2024";"0900";"";"";"";"";"";"";"";"";"";"";"";"";"";"";"";"";""
"25/10/2024";"1000";"";"";"";"";"";"";"";"";"";"";"";"";"";"";"";"";""
"25/10/2024";"1100";"";"";"";"";"";"";"";"";"";"";"";"";"";"";"";"";""
"25/10/2024";"1200";"";"";"";"";"";"";"";"";"";"";"";"";"";"";"";"";""
"25/10/2024";"1300";"";"";"";"";"";"";"";"";"";"";"";"";"";"";"";"";""
"25/10/2024";"1400";"";"";"";"";"";"";"";"";"";"";"";"";"";"";"";"";""
"25/10/2024";"1500";"32,4";"32,4";"31,3";"55,0";"60,0";"55,0";"22,2";"22,6";"21,6";"1005,3";"1006,1";"1005,2";"3,1";"263,0";"8,9";"2892,10";""
"25/10/2024";"1600";"33,1";"33,2";"32,4";"52,0";"56,0";"51,0";"22,0";"22,7";"21,7";"1004,3";"1005,3";"1004,3";"2,3";"250,0";"6,7";"3041,80";""
"25/10/2024";"1700";"33,7";"33,9";"33,0";"52,0";"53,0";"50,0";"22,5";"22,7";"21,3";"1003,1";"1004,3";"1003,1";"2,2";"241,0";"6,5";"2994,20";""
"25/10/2024";"1800";"";"";"";"";"";"";"";"";"";"";"";"";"";"";"";"";""
"25/10/2024";"1900";"";"";"";"";"";"";"";"";"";"";"";"";"";"";"";"";""
"25/10/2024";"2000";"";"";"";"";"";"";"";"";"";"";"";"";"";"";"";"";""
"25/10/2024";"2100";"";"";"";"";"";"";"";"";"";"";"";"";"";"";"";"";""
"25/10/2024";"2200";"";"";"";"";"";"";"";"";"";"";"";"";"";"";"";"";""
"25/10/2024";"2300";"";"";"";"";"";"";"";"";"";"";"";"";"";"";"";"";""
"26/10/2024";"0000";"";"";"";"";"";"";"";"";"";"";"";"";"";"";"";"";""
"26/10/2024";"0100";"";"";"";"";"";"";"";"";"";"";"";"";"";"";"";"";""
"26/10/2024";"0200";"";"";"";"";"";"";"";"";"";"";"";"";"";"";"";"";""
"26/10/2024";"0300";"";"";"";"";"";"";"";"";"";"";"";"";"";"";"";"";""
"26/10/2024";"0400";"";"";"";"";"";"";"";"";"";"";"";"";"";"";"";"";""
"26/10/2024";"0500";"";"";"";"";"";"";"";"";"";"";"";"";"";"";"";"";""
"26/10/2024";"0600";"";"";"";"";"";"";"";"";"";"";"";"";"";"";"";"";""
"26/10/2024";"0700";"";"";"";"";"";"";"";"";"";"";"";"";"";"";"";"";""
"26/10/2024";"0800";"";"";"";"";"";"";"";"";"";"";"";"";"";"";"";"";""
"26/10/2024";"0900";"";"";"";"";"";"";"";"";"";"";"";"";"";"";"";"";""
"26/10/2024";"1000";"";"";"";"";"";"";"";"";"";"";"";"";"";"";"";"";""
"26/10/2024";"1100";"";"";"";"";"";"";"";"";"";"";"";"";"";"";"";"";""
"26/10/2024";"1200";"";"";"";"";"";"";"";"";"";"";"";"";"";"";"";"";""
"26/10/2024";"1300";"";"";"";"";"";"";"";"";"";"";"";"";"";"";"";"";""
"26/10/2024";"1400";"";"";"";"";"";"";"";"";"";"";"";"";"";"";"";"";""
"26/10/2024";"1500";"33,4";"33,4";"32,4";"55,0";"57,0";"52,0";"23,0";"23,0";"21,4";"1004,4";"1005,5";"1004,4";"3,0";"280,0";"10,2";"2831,20";""
"26/10/2024";"1600";"33,7";"33,8";"33,4";"54,0";"55,0";"52,0";"23,0";"23,4";"22,5";"1003,3";"1004,4";"1003,3";"2,1";"305,0";"6,4";"2341,80";""
"26/10/2024";"1700";"34,6";"34,6";"33,5";"46,0";"54,0";"45,0";"21,1";"23,0";"20,9";"1002,5";"1003,4";"1002,5";"1,8";"246,0";"6,9";"2370,80";""
"26/10/2024";"1800";"";"";"";"";"";"";"";"";"";"";"";"";"";"";"";"";""
"26/10/2024";"1900";"";"";"";"";"";"";"";"";"";"";"";"";"";"";"";"";""
"26/10/2024";"2000";"";"";"";"";"";"";"";"";"";"";"";"";"";"";"";"";""
"26/10/2024";"2100";"";"";"";"";"";"";"";"";"";"";"";"";"";"";"";"";""
"26/10/2024";"2200";"";"";"";"";"";"";"";"";"";"";"";"";"";"";"";"";""
"26/10/2024";"2300";"";"";"";"";"";"";"";"";"";"";"";"";"";"";"";"";""
"27/10/2024";"0000";"";"";"";"";"";"";"";"";"";"";"";"";"";"";"";"";""
"27/10/2024";"0100";"";"";"";"";"";"";"";"";"";"";"";"";"";"";"";"";""
"27/10/2024";"0200";"";"";"";"";"";"";"";"";"";"";"";"";"";"";"";"";""
"27/10/2024";"0300";"";"";"";"";"";"";"";"";"";"";"";"";"";"";"";"";""
"27/10/2024";"0400";"";"";"";"";"";"";"";"";"";"";"";"";"";"";"";"";""
"27/10/2024";"0500";"";"";"";"";"";"";"";"";"";"";"";"";"";"";"";"";""
"27/10/2024";"0600";"";"";"";"";"";"";"";"";"";"";"";"";"";"";"";"";""
"27/10/2024";"0700";"";"";"";"";"";"";"";"";"";"";"";"";"";"";"";"";""
"27/10/2024";"0800";"";"";"";"";"";"";"";"";"";"";"";"";"";"";"";"";""
"27/10/2024";"0900";"";"";"";"";"";"";"";"";"";"";"";"";"";"";"";"";""
"27/10/2024";"1000";"";"";"";"";"";"";"";"";"";"";"";"";"";"";"";"";""
"27/10/2024";"1100";"";"";"";"";"";"";"";"";"";"";"";"";"";"";"";"";""
"27/10/2024";"1200";"";"";"";"";"";"";"";"";"";"";"";"";"";"";"";"";""
"27/10/2024";"1300";"";"";"";"";"";"";"";"";"";"";"";"";"";"";"";"";""
"27/10/2024";"1400";"";"";"";"";"";"";"";"";"";"";"";"";"";"";"";"";""
"27/10/2024";"1500";"";"";"";"";"";"";"";"";"";"1005,9";"1006,3";"1005,8";"2,5";"266,0";"7,7";"";""
"27/10/2024";"1600";"";"";"";"";"";"";"";"";"";"";"";"";"";"";"";"";""
"27/10/2024";"1700";"";"";"";"";"";"";"";"";"";"";"";"";"";"";"";"";""
"27/10/2024";"1800";"";"";"";"";"";"";"";"";"";"";"";"";"";"";"";"";""
"27/10/2024";"1900";"";"";"";"";"";"";"";"";"";"";"";"";"";"";"";"";""
"27/10/2024";"2000";"";"";"";"";"";"";"";"";"";"";"";"";"";"";"";"";""
"27/10/2024";"2100";"";"";"";"";"";"";"";"";"";"";"";"";"";"";"";"";""
"27/10/2024";"2200";"";"";"";"";"";"";"";"";"";"";"";"";"";"";"";"";""
"27/10/2024";"2300";"";"";"";"";"";"";"";"";"";"";"";"";"";"";"";"";""
"28/10/2024";"0000";"";"";"";"";"";"";"";"";"";"";"";"";"";"";"";"";""
"28/10/2024";"0100";"";"";"";"";"";"";"";"";"";"";"";"";"";"";"";"";""
"28/10/2024";"0200";"";"";"";"";"";"";"";"";"";"";"";"";"";"";"";"";""
"28/10/2024";"0300";"";"";"";"";"";"";"";"";"";"";"";"";"";"";"";"";""
"28/10/2024";"0400";"";"";"";"";"";"";"";"";"";"";"";"";"";"";"";"";""
"28/10/2024";"0500";"";"";"";"";"";"";"";"";"";"";"";"";"";"";"";"";""
"28/10/2024";"0600";"";"";"";"";"";"";"";"";"";"";"";"";"";"";"";"";""
"28/10/2024";"0700";"";"";"";"";"";"";"";"";"";"";"";"";"";"";"";"";""
"28/10/2024";"0800";"";"";"";"";"";"";"";"";"";"";"";"";"";"";"";"";""
"28/10/2024";"0900";"";"";"";"";"";"";"";"";"";"";"";"";"";"";"";"";""
"28/10/2024";"1000";"";"";"";"";"";"";"";"";"";"";"";"";"";"";"";"";""
"28/10/2024";"1100";"";"";"";"";"";"";"";"";"";"";"";"";"";"";"";"";""
"28/10/2024";"1200";"";"";"";"";"";"";"";"";"";"";"";"";"";"";"";"";""
"28/10/2024";"1300";"";"";"";"";"";"";"";"";"";"";"";"";"";"";"";"";""
"28/10/2024";"1400";"";"";"";"";"";"";"";"";"";"";"";"";"";"";"";"";""
"28/10/2024";"1500";"30,5";"30,5";"29,4";"69,0";"73,0";"69,0";"24,1";"24,3";"23,9";"1006,8";"1007,6";"1006,8";"1,7";"232,0";"4,5";"2890,00";""
"28/10/2024";"1600";"31,8";"31,8";"30,4";"62,0";"69,0";"61,0";"23,5";"24,0";"22,7";"1005,3";"1006,8";"1005,3";"1,5";"218,0";"4,5";"3011,40";""
"28/10/2024";"1700";"32,6";"32,6";"31,8";"58,0";"62,0";"56,0";"23,2";"23,7";"22,6";"1004,3";"1005,3";"1004,3";"1,5";"227,0";"5,6";"2704,90";""
"28/10/2024";"1800";"";"";"";"";"";"";"";"";"";"";"";"";"";"";"";"";""
"28/10/2024";"1900";"";"";"";"";"";"";"";"";"";"";"";"";"";"";"";"";""
"28/10/2024";"2000";"";"";"";"";"";"";"";"";"";"";"";"";"";"";"";"";""
"28/10/2024";"2100";"";"";"";"";"";"";"";"";"";"";"";"";"";"";"";"";""
"28/10/2024";"2200";"";"";"";"";"";"";"";"";"";"";"";"";"";"";"";"";""
"28/10/2024";"2300";"";"";"";"";"";"";"";"";"";"";"";"";"";"";"";"";""
"29/10/2024";"0000";"";"";"";"";"";"";"";"";"";"";"";"";"";"";"";"";""
"29/10/2024";"0100";"";"";"";"";"";"";"";"";"";"";"";"";"";"";"";"";""
"29/10/2024";"0200";"";"";"";"";"";"";"";"";"";"";"";"";"";"";"";"";""
"29/10/2024";"0300";"";"";"";"";"";"";"";"";"";"";"";"";"";"";"";"";""
"29/10/2024";"0400";"";"";"";"";"";"";"";"";"";"";"";"";"";"";"";"";""
"29/10/2024";"0500";"";"";"";"";"";"";"";"";"";"";"";"";"";"";"";"";""
"29/10/2024";"0600";"";"";"";"";"";"";"";"";"";"";"";"";"";"";"";"";""
"29/10/2024";"0700";"";"";"";"";"";"";"";"";"";"";"";"";"";"";"";"";""
"29/10/2024";"0800";"";"";"";"";"";"";"";"";"";"";"";"";"";"";"";"";""
"29/10/2024";"0900";"";"";"";"";"";"";"";"";"";"";"";"";"";"";"";"";""
"29/10/2024";"1000";"";"";"";"";"";"";"";"";"";"";"";"";"";"";"";"";""
"29/10/2024";"1100";"";"";"";"";"";"";"";"";"";"";"";"";"";"";"";"";""
"29/10/2024";"1200";"";"";"";"";"";"";"";"";"";"";"";"";"";"";"";"";""
"29/10/2024";"1300";"";"";"";"";"";"";"";"";"";"";"";"";"";"";"";"";""
"29/10/2024";"1400";"";"";"";"";"";"";"";"";"";"";"";"";"";"";"";"";""
"29/10/2024";"1500";"";"";"";"";"";"";"";"";"";"1006,4";"1007,3";"1006,4";"1,6";"230,0";"4,3";"";""
"29/10/2024";"1600";"";"";"";"";"";"";"";"";"";"1005,2";"1006,4";"1005,2";"1,7";"221,0";"4,0";"";""
"29/10/2024";"1700";"";"";"";"";"";"";"";"";"";"1004,0";"1005,2";"1004,0";"1,5";"227,0";"4,5";"";""
"29/10/2024";"1800";"";"";"";"";"";"";"";"";"";"";"";"";"";"";"";"";""
"29/10/2024";"1900";"";"";"";"";"";"";"";"";"";"";"";"";"";"";"";"";""
"29/10/2024";"2000";"";"";"";"";"";"";"";"";"";"";"";"";"";"";"";"";""
"29/10/2024";"2100";"";"";"";"";"";"";"";"";"";"";"";"";"";"";"";"";""
"29/10/2024";"2200";"";"";"";"";"";"";"";"";"";"";"";"";"";"";"";"";""
"29/10/2024";"2300";"";"";"";"";"";"";"";"";"";"";"";"";"";"";"";"";""
"30/10/2024";"0000";"";"";"";"";"";"";"";"";"";"";"";"";"";"";"";"";""
"30/10/2024";"0100";"";"";"";"";"";"";"";"";"";"";"";"";"";"";"";"";""
"30/10/2024";"0200";"";"";"";"";"";"";"";"";"";"";"";"";"";"";"";"";""
"30/10/2024";"0300";"";"";"";"";"";"";"";"";"";"";"";"";"";"";"";"";""
"30/10/2024";"0400";"";"";"";"";"";"";"";"";"";"";"";"";"";"";"";"";""
"30/10/2024";"0500";"";"";"";"";"";"";"";"";"";"";"";"";"";"";"";"";""
"30/10/2024";"0600";"";"";"";"";"";"";"";"";"";"";"";"";"";"";"";"";""
"30/10/2024";"0700";"";"";"";"";"";"";"";"";"";"";"";"";"";"";"";"";""
"30/10/2024";"0800";"";"";"";"";"";"";"";"";"";"";"";"";"";"";"";"";""
"30/10/2024";"0900";"";"";"";"";"";"";"";"";"";"";"";"";"";"";"";"";""
"30/10/2024";"1000";"";"";"";"";"";"";"";"";"";"";"";"";"";"";"";"";""
"30/10/2024";"1100";"";"";"";"";"";"";"";"";"";"";"";"";"";"";"";"";""
"30/10/2024";"1200";"";"";"";"";"";"";"";"";"";"";"";"";"";"";"";"";""
"30/10/2024";"1300";"";"";"";"";"";"";"";"";"";"";"";"";"";"";"";"";""
"30/10/2024";"1400";"";"";"";"";"";"";"";"";"";"";"";"";"";"";"";"";""
"30/10/2024";"1500";"33,3";"33,3";"31,6";"52,0";"57,0";"51,0";"22,0";"22,5";"21,3";"1005,5";"1006,2";"1005,5";"1,5";"312,0";"4,8";"2644,40";""
"30/10/2024";"1600";"";"";"";"";"";"";"";"";"";"";"";"";"";"";"";"";""
"30/10/2024";"1700";"33,3";"34,4";"32,8";"47,0";"50,0";"45,0";"20,4";"21,5";"20,4";"1002,5";"1004,1";"1002,5";"1,8";"331,0";"4,4";"2278,20";""
"30/10/2024";"1800";"";"";"";"";"";"";"";"";"";"";"";"";"";"";"";"";""
"30/10/2024";"1900";"";"";"";"";"";"";"";"";"";"";"";"";"";"";"";"";""
"30/10/2024";"2000";"";"";"";"";"";"";"";"";"";"";"";"";"";"";"";"";""
"30/10/2024";"2100";"";"";"";"";"";"";"";"";"";"";"";"";"";"";"";"";""
"30/10/2024";"2200";"";"";"";"";"";"";"";"";"";"";"";"";"";"";"";"";""
"30/10/2024";"2300";"";"";"";"";"";"";"";"";"";"";"";"";"";"";"";"";""
"31/10/2024";"0000";"";"";"";"";"";"";"";"";"";"";"";"";"";"";"";"";""
"31/10/2024";"0100";"";"";"";"";"";"";"";"";"";"";"";"";"";"";"";"";""
"31/10/2024";"0200";"";"";"";"";"";"";"";"";"";"";"";"";"";"";"";"";""
"31/10/2024";"0300";"";"";"";"";"";"";"";"";"";"";"";"";"";"";"";"";""
"31/10/2024";"0400";"";"";"";"";"";"";"";"";"";"";"";"";"";"";"";"";""
"31/10/2024";"0500";"";"";"";"";"";"";"";"";"";"";"";"";"";"";"";"";""
"31/10/2024";"0600";"";"";"";"";"";"";"";"";"";"";"";"";"";"";"";"";""
"31/10/2024";"0700";"";"";"";"";"";"";"";"";"";"";"";"";"";"";"";"";""
"31/10/2024";"0800";"";"";"";"";"";"";"";"";"";"";"";"";"";"";"";"";""
"31/10/2024";"0900";"";"";"";"";"";"";"";"";"";"";"";"";"";"";"";"";""
"31/10/2024";"1000";"";"";"";"";"";"";"";"";"";"";"";"";"";"";"";"";""
"31/10/2024";"1100";"";"";"";"";"";"";"";"";"";"";"";"";"";"";"";"";""
"31/10/2024";"1200";"";"";"";"";"";"";"";"";"";"";"";"";"";"";"";"";""
"31/10/2024";"1300";"";"";"";"";"";"";"";"";"";"";"";"";"";"";"";"";""
"31/10/2024";"1400";"";"";"";"";"";"";"";"";"";"";"";"";"";"";"";"";""
"31/10/2024";"1500";"";"";"";"";"";"";"";"";"";"";"";"";"";"";"";"";""
"31/10/2024";"1600";"";"";"";"";"";"";"";"";"";"";"";"";"";"";"";"";""
"31/10/2024";"1700";"";"";"";"";"";"";"";"";"";"";"";"";"";"";"";"";""
"31/10/2024";"1800";"";"";"";"";"";"";"";"";"";"";"";"";"";"";"";"";""
"31/10/2024";"1900";"";"";"";"";"";"";"";"";"";"";"";"";"";"";"";"";""
"31/10/2024";"2000";"";"";"";"";"";"";"";"";"";"";"";"";"";"";"";"";""
"31/10/2024";"2100";"";"";"";"";"";"";"";"";"";"";"";"";"";"";"";"";""
"31/10/2024";"2200";"";"";"";"";"";"";"";"";"";"";"";"";"";"";"";"";""
"31/10/2024";"2300";"";"";"";"";"";"";"";"";"";"";"";"";"";"";"";"";""
"01/11/2024";"0000";"";"";"";"";"";"";"";"";"";"";"";"";"";"";"";"";""
"01/11/2024";"0100";"";"";"";"";"";"";"";"";"";"";"";"";"";"";"";"";""
"01/11/2024";"0200";"";"";"";"";"";"";"";"";"";"";"";"";"";"";"";"";""
"01/11/2024";"0300";"";"";"";"";"";"";"";"";"";"";"";"";"";"";"";"";""
"01/11/2024";"0400";"";"";"";"";"";"";"";"";"";"";"";"";"";"";"";"";""
"01/11/2024";"0500";"";"";"";"";"";"";"";"";"";"";"";"";"";"";"";"";""
"01/11/2024";"0600";"";"";"";"";"";"";"";"";"";"";"";"";"";"";"";"";""
"01/11/2024";"0700";"";"";"";"";"";"";"";"";"";"";"";"";"";"";"";"";""
"01/11/2024";"0800";"";"";"";"";"";"";"";"";"";"";"";"";"";"";"";"";""
"01/11/2024";"0900";"";"";"";"";"";"";"";"";"";"";"";"";"";"";"";"";""
"01/11/2024";"1000";"";"";"";"";"";"";"";"";"";"";"";"";"";"";"";"";""
"01/11/2024";"1100";"";"";"";"";"";"";"";"";"";"";"";"";"";"";"";"";""
"01/11/2024";"1200";"";"";"";"";"";"";"";"";"";"";"";"";"";"";"";"";""
"01/11/2024";"1300";"";"";"";"";"";"";"";"";"";"";"";"";"";"";"";"";""
"01/11/2024";"1400";"";"";"";"";"";"";"";"";"";"";"";"";"";"";"";"";""
"01/11/2024";"1500";"";"";"";"";"";"";"";"";"";"";"";"";"";"";"";"";""
"01/11/2024";"1600";"";"";"";"";"";"";"";"";"";"";"";"";"";"";"";"";""
"01/11/2024";"1700";"";"";"";"";"";"";"";"";"";"";"";"";"";"";"";"";""
"01/11/2024";"1800";"";"";"";"";"";"";"";"";"";"";"";"";"";"";"";"";""
"01/11/2024";"1900";"";"";"";"";"";"";"";"";"";"";"";"";"";"";"";"";""
"01/11/2024";"2000";"";"";"";"";"";"";"";"";"";"";"";"";"";"";"";"";""
"01/11/2024";"2100";"";"";"";"";"";"";"";"";"";"";"";"";"";"";"";"";""
"01/11/2024";"2200";"";"";"";"";"";"";"";"";"";"";"";"";"";"";"";"";""
"01/11/2024";"2300";"";"";"";"";"";"";"";"";"";"";"";"";"";"";"";"";""
"02/11/2024";"0000";"";"";"";"";"";"";"";"";"";"";"";"";"";"";"";"";""
"02/11/2024";"0100";"";"";"";"";"";"";"";"";"";"";"";"";"";"";"";"";""
"02/11/2024";"0200";"";"";"";"";"";"";"";"";"";"";"";"";"";"";"";"";""
"02/11/2024";"0300";"";"";"";"";"";"";"";"";"";"";"";"";"";"";"";"";""
"02/11/2024";"0400";"";"";"";"";"";"";"";"";"";"";"";"";"";"";"";"";""
"02/11/2024";"0500";"";"";"";"";"";"";"";"";"";"";"";"";"";"";"";"";""
"02/11/2024";"0600";"";"";"";"";"";"";"";"";"";"";"";"";"";"";"";"";""
"02/11/2024";"0700";"";"";"";"";"";"";"";"";"";"";"";"";"";"";"";"";""
"02/11/2024";"0800";"";"";"";"";"";"";"";"";"";"";"";"";"";"";"";"";""
"02/11/2024";"0900";"";"";"";"";"";"";"";"";"";"";"";"";"";"";"";"";""
"02/11/2024";"1000";"";"";"";"";"";"";"";"";"";"";"";"";"";"";"";"";""
"02/11/2024";"1100";"";"";"";"";"";"";"";"";"";"";"";"";"";"";"";"";""
"02/11/2024";"1200";"";"";"";"";"";"";"";"";"";"";"";"";"";"";"";"";""
"02/11/2024";"1300";"";"";"";"";"";"";"";"";"";"";"";"";"";"";"";"";""
"02/11/2024";"1400";"";"";"";"";"";"";"";"";"";"";"";"";"";"";"";"";""
"02/11/2024";"1500";"";"";"";"";"";"";"";"";"";"";"";"";"";"";"";"";""
"02/11/2024";"1600";"";"";"";"";"";"";"";"";"";"";"";"";"";"";"";"";""
"02/11/2024";"1700";"";"";"";"";"";"";"";"";"";"";"";"";"";"";"";"";""
"02/11/2024";"1800";"";"";"";"";"";"";"";"";"";"";"";"";"";"";"";"";""
"02/11/2024";"1900";"";"";"";"";"";"";"";"";"";"";"";"";"";"";"";"";""
"02/11/2024";"2000";"";"";"";"";"";"";"";"";"";"";"";"";"";"";"";"";""
"02/11/2024";"2100";"";"";"";"";"";"";"";"";"";"";"";"";"";"";"";"";""
"02/11/2024";"2200";"";"";"";"";"";"";"";"";"";"";"";"";"";"";"";"";""
"02/11/2024";"2300";"";"";"";"";"";"";"";"";"";"";"";"";"";"";"";"";""
"03/11/2024";"0000";"";"";"";"";"";"";"";"";"";"";"";"";"";"";"";"";""
"03/11/2024";"0100";"";"";"";"";"";"";"";"";"";"";"";"";"";"";"";"";""
"03/11/2024";"0200";"";"";"";"";"";"";"";"";"";"";"";"";"";"";"";"";""
"03/11/2024";"0300";"";"";"";"";"";"";"";"";"";"";"";"";"";"";"";"";""
"03/11/2024";"0400";"";"";"";"";"";"";"";"";"";"";"";"";"";"";"";"";""
"03/11/2024";"0500";"";"";"";"";"";"";"";"";"";"";"";"";"";"";"";"";""
"03/11/2024";"0600";"";"";"";"";"";"";"";"";"";"";"";"";"";"";"";"";""
"03/11/2024";"0700";"";"";"";"";"";"";"";"";"";"";"";"";"";"";"";"";""
"03/11/2024";"0800";"";"";"";"";"";"";"";"";"";"";"";"";"";"";"";"";""
"03/11/2024";"0900";"";"";"";"";"";"";"";"";"";"";"";"";"";"";"";"";""
"03/11/2024";"1000";"";"";"";"";"";"";"";"";"";"";"";"";"";"";"";"";""
"03/11/2024";"1100";"";"";"";"";"";"";"";"";"";"";"";"";"";"";"";"";""
"03/11/2024";"1200";"";"";"";"";"";"";"";"";"";"";"";"";"";"";"";"";""
"03/11/2024";"1300";"";"";"";"";"";"";"";"";"";"";"";"";"";"";"";"";""
"03/11/2024";"1400";"";"";"";"";"";"";"";"";"";"";"";"";"";"";"";"";""
"03/11/2024";"1500";"";"";"";"";"";"";"";"";"";"";"";"";"";"";"";"";""
"03/11/2024";"1600";"";"";"";"";"";"";"";"";"";"";"";"";"";"";"";"";""
"03/11/2024";"1700";"";"";"";"";"";"";"";"";"";"";"";"";"";"";"";"";""
"03/11/2024";"1800";"";"";"";"";"";"";"";"";"";"";"";"";"";"";"";"";""
"03/11/2024";"1900";"";"";"";"";"";"";"";"";"";"";"";"";"";"";"";"";""
"03/11/2024";"2000";"";"";"";"";"";"";"";"";"";"";"";"";"";"";"";"";""
"03/11/2024";"2100";"";"";"";"";"";"";"";"";"";"";"";"";"";"";"";"";""
"03/11/2024";"2200";"";"";"";"";"";"";"";"";"";"";"";"";"";"";"";"";""
"03/11/2024";"2300";"";"";"";"";"";"";"";"";"";"";"";"";"";"";"";"";""
"04/11/2024";"0000";"";"";"";"";"";"";"";"";"";"";"";"";"";"";"";"";""
"04/11/2024";"0100";"";"";"";"";"";"";"";"";"";"";"";"";"";"";"";"";""
"04/11/2024";"0200";"";"";"";"";"";"";"";"";"";"";"";"";"";"";"";"";""
"04/11/2024";"0300";"";"";"";"";"";"";"";"";"";"";"";"";"";"";"";"";""
"04/11/2024";"0400";"";"";"";"";"";"";"";"";"";"";"";"";"";"";"";"";""
"04/11/2024";"0500";"";"";"";"";"";"";"";"";"";"";"";"";"";"";"";"";""
"04/11/2024";"0600";"";"";"";"";"";"";"";"";"";"";"";"";"";"";"";"";""
"04/11/2024";"0700";"";"";"";"";"";"";"";"";"";"";"";"";"";"";"";"";""
"04/11/2024";"0800";"";"";"";"";"";"";"";"";"";"";"";"";"";"";"";"";""
"04/11/2024";"0900";"";"";"";"";"";"";"";"";"";"";"";"";"";"";"";"";""
"04/11/2024";"1000";"";"";"";"";"";"";"";"";"";"";"";"";"";"";"";"";""
"04/11/2024";"1100";"";"";"";"";"";"";"";"";"";"";"";"";"";"";"";"";""
"04/11/2024";"1200";"";"";"";"";"";"";"";"";"";"";"";"";"";"";"";"";""
"04/11/2024";"1300";"";"";"";"";"";"";"";"";"";"";"";"";"";"";"";"";""
"04/11/2024";"1400";"";"";"";"";"";"";"";"";"";"";"";"";"";"";"";"";""
"04/11/2024";"1500";"";"";"";"";"";"";"";"";"";"";"";"";"";"";"";"";""
"04/11/2024";"1600";"";"";"";"";"";"";"";"";"";"";"";"";"";"";"";"";""
"04/11/2024";"1700";"";"";"";"";"";"";"";"";"";"";"";"";"";"";"";"";""
"04/11/2024";"1800";"";"";"";"";"";"";"";"";"";"";"";"";"";"";"";"";""
"04/11/2024";"1900";"";"";"";"";"";"";"";"";"";"";"";"";"";"";"";"";""
"04/11/2024";"2000";"";"";"";"";"";"";"";"";"";"";"";"";"";"";"";"";""
"04/11/2024";"2100";"";"";"";"";"";"";"";"";"";"";"";"";"";"";"";"";""
"04/11/2024";"2200";"";"";"";"";"";"";"";"";"";"";"";"";"";"";"";"";""
"04/11/2024";"2300";"";"";"";"";"";"";"";"";"";"";"";"";"";"";"";"";""
"05/11/2024";"0000";"";"";"";"";"";"";"";"";"";"";"";"";"";"";"";"";""
"05/11/2024";"0100";"";"";"";"";"";"";"";"";"";"";"";"";"";"";"";"";""
"05/11/2024";"0200";"";"";"";"";"";"";"";"";"";"";"";"";"";"";"";"";""
"05/11/2024";"0300";"";"";"";"";"";"";"";"";"";"";"";"";"";"";"";"";""
"05/11/2024";"0400";"";"";"";"";"";"";"";"";"";"";"";"";"";"";"";"";""
"05/11/2024";"0500";"";"";"";"";"";"";"";"";"";"";"";"";"";"";"";"";""
"05/11/2024";"0600";"";"";"";"";"";"";"";"";"";"";"";"";"";"";"";"";""
"05/11/2024";"0700";"";"";"";"";"";"";"";"";"";"";"";"";"";"";"";"";""
"05/11/2024";"0800";"";"";"";"";"";"";"";"";"";"";"";"";"";"";"";"";""
"05/11/2024";"0900";"";"";"";"";"";"";"";"";"";"";"";"";"";"";"";"";""
"05/11/2024";"1000";"";"";"";"";"";"";"";"";"";"";"";"";"";"";"";"";""
"05/11/2024";"1100";"";"";"";"";"";"";"";"";"";"";"";"";"";"";"";"";""
"05/11/2024";"1200";"";"";"";"";"";"";"";"";"";"";"";"";"";"";"";"";""
"05/11/2024";"1300";"";"";"";"";"";"";"";"";"";"";"";"";"";"";"";"";""
"05/11/2024";"1400";"";"";"";"";"";"";"";"";"";"";"";"";"";"";"";"";""
"05/11/2024";"1500";"";"";"";"";"";"";"";"";"";"";"";"";"";"";"";"";""
"05/11/2024";"1600";"";"";"";"";"";"";"";"";"";"";"";"";"";"";"";"";""
"05/11/2024";"1700";"";"";"";"";"";"";"";"";"";"";"";"";"";"";"";"";""
"05/11/2024";"1800";"";"";"";"";"";"";"";"";"";"";"";"";"";"";"";"";""
"05/11/2024";"1900";"";"";"";"";"";"";"";"";"";"";"";"";"";"";"";"";""
"05/11/2024";"2000";"";"";"";"";"";"";"";"";"";"";"";"";"";"";"";"";""
"05/11/2024";"2100";"";"";"";"";"";"";"";"";"";"";"";"";"";"";"";"";""
"05/11/2024";"2200";"";"";"";"";"";"";"";"";"";"";"";"";"";"";"";"";""
"05/11/2024";"2300";"";"";"";"";"";"";"";"";"";"";"";"";"";"";"";"";""
"06/11/2024";"0000";"";"";"";"";"";"";"";"";"";"";"";"";"";"";"";"";""
"06/11/2024";"0100";"";"";"";"";"";"";"";"";"";"";"";"";"";"";"";"";""
"06/11/2024";"0200";"";"";"";"";"";"";"";"";"";"";"";"";"";"";"";"";""
"06/11/2024";"0300";"";"";"";"";"";"";"";"";"";"";"";"";"";"";"";"";""
"06/11/2024";"0400";"";"";"";"";"";"";"";"";"";"";"";"";"";"";"";"";""
"06/11/2024";"0500";"";"";"";"";"";"";"";"";"";"";"";"";"";"";"";"";""
"06/11/2024";"0600";"";"";"";"";"";"";"";"";"";"";"";"";"";"";"";"";""
"06/11/2024";"0700";"";"";"";"";"";"";"";"";"";"";"";"";"";"";"";"";""
"06/11/2024";"0800";"";"";"";"";"";"";"";"";"";"";"";"";"";"";"";"";""
"06/11/2024";"0900";"";"";"";"";"";"";"";"";"";"";"";"";"";"";"";"";""
"06/11/2024";"1000";"";"";"";"";"";"";"";"";"";"";"";"";"";"";"";"";""
"06/11/2024";"1100";"";"";"";"";"";"";"";"";"";"";"";"";"";"";"";"";""
"06/11/2024";"1200";"";"";"";"";"";"";"";"";"";"";"";"";"";"";"";"";""
"06/11/2024";"1300";"";"";"";"";"";"";"";"";"";"";"";"";"";"";"";"";""
"06/11/2024";"1400";"";"";"";"";"";"";"";"";"";"";"";"";"";"";"";"";""
"06/11/2024";"1500";"";"";"";"";"";"";"";"";"";"";"";"";"";"";"";"";""
"06/11/2024";"1600";"";"";"";"";"";"";"";"";"";"";"";"";"";"";"";"";""
"06/11/2024";"1700";"";"";"";"";"";"";"";"";"";"";"";"";"";"";"";"";""
"06/11/2024";"1800";"";"";"";"";"";"";"";"";"";"";"";"";"";"";"";"";""
"06/11/2024";"1900";"";"";"";"";"";"";"";"";"";"";"";"";"";"";"";"";""
"06/11/2024";"2000";"";"";"";"";"";"";"";"";"";"";"";"";"";"";"";"";""
"06/11/2024";"2100";"";"";"";"";"";"";"";"";"";"";"";"";"";"";"";"";""
"06/11/2024";"2200";"";"";"";"";"";"";"";"";"";"";"";"";"";"";"";"";""
"06/11/2024";"2300";"";"";"";"";"";"";"";"";"";"";"";"";"";"";"";"";""
"07/11/2024";"0000";"";"";"";"";"";"";"";"";"";"";"";"";"";"";"";"";""
"07/11/2024";"0100";"";"";"";"";"";"";"";"";"";"";"";"";"";"";"";"";""
"07/11/2024";"0200";"";"";"";"";"";"";"";"";"";"";"";"";"";"";"";"";""
"07/11/2024";"0300";"";"";"";"";"";"";"";"";"";"";"";"";"";"";"";"";""
"07/11/2024";"0400";"";"";"";"";"";"";"";"";"";"";"";"";"";"";"";"";""
"07/11/2024";"0500";"";"";"";"";"";"";"";"";"";"";"";"";"";"";"";"";""
"07/11/2024";"0600";"";"";"";"";"";"";"";"";"";"";"";"";"";"";"";"";""
"07/11/2024";"0700";"";"";"";"";"";"";"";"";"";"";"";"";"";"";"";"";""
"07/11/2024";"0800";"";"";"";"";"";"";"";"";"";"";"";"";"";"";"";"";""
"07/11/2024";"0900";"";"";"";"";"";"";"";"";"";"";"";"";"";"";"";"";""
"07/11/2024";"1000";"";"";"";"";"";"";"";"";"";"";"";"";"";"";"";"";""
"07/11/2024";"1100";"";"";"";"";"";"";"";"";"";"";"";"";"";"";"";"";""
"07/11/2024";"1200";"";"";"";"";"";"";"";"";"";"";"";"";"";"";"";"";""
"07/11/2024";"1300";"";"";"";"";"";"";"";"";"";"";"";"";"";"";"";"";""
"07/11/2024";"1400";"";"";"";"";"";"";"";"";"";"";"";"";"";"";"";"";""
"07/11/2024";"1500";"";"";"";"";"";"";"";"";"";"";"";"";"";"";"";"";""
"07/11/2024";"1600";"";"";"";"";"";"";"";"";"";"";"";"";"";"";"";"";""
"07/11/2024";"1700";"";"";"";"";"";"";"";"";"";"";"";"";"";"";"";"";""
"07/11/2024";"1800";"";"";"";"";"";"";"";"";"";"";"";"";"";"";"";"";""
"07/11/2024";"1900";"";"";"";"";"";"";"";"";"";"";"";"";"";"";"";"";""
"07/11/2024";"2000";"";"";"";"";"";"";"";"";"";"";"";"";"";"";"";"";""
"07/11/2024";"2100";"";"";"";"";"";"";"";"";"";"";"";"";"";"";"";"";""
"07/11/2024";"2200";"";"";"";"";"";"";"";"";"";"";"";"";"";"";"";"";""
"07/11/2024";"2300";"";"";"";"";"";"";"";"";"";"";"";"";"";"";"";"";""
"08/11/2024";"0000";"";"";"";"";"";"";"";"";"";"";"";"";"";"";"";"";""
"08/11/2024";"0100";"";"";"";"";"";"";"";"";"";"";"";"";"";"";"";"";""
"08/11/2024";"0200";"";"";"";"";"";"";"";"";"";"";"";"";"";"";"";"";""
"08/11/2024";"0300";"";"";"";"";"";"";"";"";"";"";"";"";"";"";"";"";""
"08/11/2024";"0400";"";"";"";"";"";"";"";"";"";"";"";"";"";"";"";"";""
"08/11/2024";"0500";"";"";"";"";"";"";"";"";"";"";"";"";"";"";"";"";""
"08/11/2024";"0600";"";"";"";"";"";"";"";"";"";"";"";"";"";"";"";"";""
"08/11/2024";"0700";"";"";"";"";"";"";"";"";"";"";"";"";"";"";"";"";""
"08/11/2024";"0800";"";"";"";"";"";"";"";"";"";"";"";"";"";"";"";"";""
"08/11/2024";"0900";"";"";"";"";"";"";"";"";"";"";"";"";"";"";"";"";""
"08/11/2024";"1000";"";"";"";"";"";"";"";"";"";"";"";"";"";"";"";"";""
"08/11/2024";"1100";"";"";"";"";"";"";"";"";"";"";"";"";"";"";"";"";""
"08/11/2024";"1200";"";"";"";"";"";"";"";"";"";"";"";"";"";"";"";"";""
"08/11/2024";"1300";"";"";"";"";"";"";"";"";"";"";"";"";"";"";"";"";""
"08/11/2024";"1400";"";"";"";"";"";"";"";"";"";"";"";"";"";"";"";"";""
"08/11/2024";"1500";"";"";"";"";"";"";"";"";"";"";"";"";"";"";"";"";""
"08/11/2024";"1600";"";"";"";"";"";"";"";"";"";"";"";"";"";"";"";"";""
"08/11/2024";"1700";"";"";"";"";"";"";"";"";"";"";"";"";"";"";"";"";""
"08/11/2024";"1800";"";"";"";"";"";"";"";"";"";"";"";"";"";"";"";"";""
"08/11/2024";"1900";"";"";"";"";"";"";"";"";"";"";"";"";"";"";"";"";""
"08/11/2024";"2000";"";"";"";"";"";"";"";"";"";"";"";"";"";"";"";"";""
"08/11/2024";"2100";"";"";"";"";"";"";"";"";"";"";"";"";"";"";"";"";""
"08/11/2024";"2200";"";"";"";"";"";"";"";"";"";"";"";"";"";"";"";"";""
"08/11/2024";"2300";"";"";"";"";"";"";"";"";"";"";"";"";"";"";"";"";""
"09/11/2024";"0000";"";"";"";"";"";"";"";"";"";"";"";"";"";"";"";"";""
"09/11/2024";"0100";"";"";"";"";"";"";"";"";"";"";"";"";"";"";"";"";""
"09/11/2024";"0200";"";"";"";"";"";"";"";"";"";"";"";"";"";"";"";"";""
"09/11/2024";"0300";"";"";"";"";"";"";"";"";"";"";"";"";"";"";"";"";""
"09/11/2024";"0400";"";"";"";"";"";"";"";"";"";"";"";"";"";"";"";"";""
"09/11/2024";"0500";"";"";"";"";"";"";"";"";"";"";"";"";"";"";"";"";""
"09/11/2024";"0600";"";"";"";"";"";"";"";"";"";"";"";"";"";"";"";"";""
"09/11/2024";"0700";"";"";"";"";"";"";"";"";"";"";"";"";"";"";"";"";""
"09/11/2024";"0800";"";"";"";"";"";"";"";"";"";"";"";"";"";"";"";"";""
"09/11/2024";"0900";"";"";"";"";"";"";"";"";"";"";"";"";"";"";"";"";""
"09/11/2024";"1000";"";"";"";"";"";"";"";"";"";"";"";"";"";"";"";"";""
"09/11/2024";"1100";"";"";"";"";"";"";"";"";"";"";"";"";"";"";"";"";""
"09/11/2024";"1200";"";"";"";"";"";"";"";"";"";"";"";"";"";"";"";"";""
"09/11/2024";"1300";"";"";"";"";"";"";"";"";"";"";"";"";"";"";"";"";""
"09/11/2024";"1400";"";"";"";"";"";"";"";"";"";"";"";"";"";"";"";"";""
"09/11/2024";"1500";"";"";"";"";"";"";"";"";"";"";"";"";"";"";"";"";""
"09/11/2024";"1600";"";"";"";"";"";"";"";"";"";"";"";"";"";"";"";"";""
"09/11/2024";"1700";"";"";"";"";"";"";"";"";"";"";"";"";"";"";"";"";""
"09/11/2024";"1800";"";"";"";"";"";"";"";"";"";"";"";"";"";"";"";"";""
"09/11/2024";"1900";"";"";"";"";"";"";"";"";"";"";"";"";"";"";"";"";""
"09/11/2024";"2000";"";"";"";"";"";"";"";"";"";"";"";"";"";"";"";"";""
"09/11/2024";"2100";"";"";"";"";"";"";"";"";"";"";"";"";"";"";"";"";""
"09/11/2024";"2200";"";"";"";"";"";"";"";"";"";"";"";"";"";"";"";"";""
"09/11/2024";"2300";"";"";"";"";"";"";"";"";"";"";"";"";"";"";"";"";""
"10/11/2024";"0000";"";"";"";"";"";"";"";"";"";"";"";"";"";"";"";"";""
"10/11/2024";"0100";"";"";"";"";"";"";"";"";"";"";"";"";"";"";"";"";""
"10/11/2024";"0200";"";"";"";"";"";"";"";"";"";"";"";"";"";"";"";"";""
"10/11/2024";"0300";"";"";"";"";"";"";"";"";"";"";"";"";"";"";"";"";""
"10/11/2024";"0400";"";"";"";"";"";"";"";"";"";"";"";"";"";"";"";"";""
"10/11/2024";"0500";"";"";"";"";"";"";"";"";"";"";"";"";"";"";"";"";""
"10/11/2024";"0600";"";"";"";"";"";"";"";"";"";"";"";"";"";"";"";"";""
"10/11/2024";"0700";"";"";"";"";"";"";"";"";"";"";"";"";"";"";"";"";""
"10/11/2024";"0800";"";"";"";"";"";"";"";"";"";"";"";"";"";"";"";"";""
"10/11/2024";"0900";"";"";"";"";"";"";"";"";"";"";"";"";"";"";"";"";""
"10/11/2024";"1000";"";"";"";"";"";"";"";"";"";"";"";"";"";"";"";"";""
"10/11/2024";"1100";"";"";"";"";"";"";"";"";"";"";"";"";"";"";"";"";""
"10/11/2024";"1200";"";"";"";"";"";"";"";"";"";"";"";"";"";"";"";"";""
"10/11/2024";"1300";"";"";"";"";"";"";"";"";"";"";"";"";"";"";"";"";""
"10/11/2024";"1400";"";"";"";"";"";"";"";"";"";"";"";"";"";"";"";"";""
"10/11/2024";"1500";"";"";"";"";"";"";"";"";"";"";"";"";"";"";"";"";""
"10/11/2024";"1600";"";"";"";"";"";"";"";"";"";"";"";"";"";"";"";"";""
"10/11/2024";"1700";"";"";"";"";"";"";"";"";"";"";"";"";"";"";"";"";""
"10/11/2024";"1800";"";"";"";"";"";"";"";"";"";"";"";"";"";"";"";"";""
"10/11/2024";"1900";"";"";"";"";"";"";"";"";"";"";"";"";"";"";"";"";""
"10/11/2024";"2000";"";"";"";"";"";"";"";"";"";"";"";"";"";"";"";"";""
"10/11/2024";"2100";"";"";"";"";"";"";"";"";"";"";"";"";"";"";"";"";""
"10/11/2024";"2200";"";"";"";"";"";"";"";"";"";"";"";"";"";"";"";"";""
"10/11/2024";"2300";"";"";"";"";"";"";"";"";"";"";"";"";"";"";"";"";""
"11/11/2024";"0000";"";"";"";"";"";"";"";"";"";"";"";"";"";"";"";"";""
"11/11/2024";"0100";"";"";"";"";"";"";"";"";"";"";"";"";"";"";"";"";""
"11/11/2024";"0200";"";"";"";"";"";"";"";"";"";"";"";"";"";"";"";"";""
"11/11/2024";"0300";"";"";"";"";"";"";"";"";"";"";"";"";"";"";"";"";""
"11/11/2024";"0400";"";"";"";"";"";"";"";"";"";"";"";"";"";"";"";"";""
"11/11/2024";"0500";"";"";"";"";"";"";"";"";"";"";"";"";"";"";"";"";""
"11/11/2024";"0600";"";"";"";"";"";"";"";"";"";"";"";"";"";"";"";"";""
"11/11/2024";"0700";"";"";"";"";"";"";"";"";"";"";"";"";"";"";"";"";""
"11/11/2024";"0800";"";"";"";"";"";"";"";"";"";"";"";"";"";"";"";"";""
"11/11/2024";"0900";"";"";"";"";"";"";"";"";"";"";"";"";"";"";"";"";""
"11/11/2024";"1000";"";"";"";"";"";"";"";"";"";"";"";"";"";"";"";"";""
"11/11/2024";"1100";"";"";"";"";"";"";"";"";"";"";"";"";"";"";"";"";""
"11/11/2024";"1200";"";"";"";"";"";"";"";"";"";"";"";"";"";"";"";"";""
"11/11/2024";"1300";"";"";"";"";"";"";"";"";"";"";"";"";"";"";"";"";""
"11/11/2024";"1400";"";"";"";"";"";"";"";"";"";"";"";"";"";"";"";"";""
"11/11/2024";"1500";"";"";"";"";"";"";"";"";"";"";"";"";"";"";"";"";""
"11/11/2024";"1600";"";"";"";"";"";"";"";"";"";"";"";"";"";"";"";"";""
"11/11/2024";"1700";"";"";"";"";"";"";"";"";"";"";"";"";"";"";"";"";""
"11/11/2024";"1800";"";"";"";"";"";"";"";"";"";"";"";"";"";"";"";"";""
"11/11/2024";"1900";"";"";"";"";"";"";"";"";"";"";"";"";"";"";"";"";""
"11/11/2024";"2000";"";"";"";"";"";"";"";"";"";"";"";"";"";"";"";"";""
"11/11/2024";"2100";"";"";"";"";"";"";"";"";"";"";"";"";"";"";"";"";""
"11/11/2024";"2200";"";"";"";"";"";"";"";"";"";"";"";"";"";"";"";"";""
"11/11/2024";"2300";"";"";"";"";"";"";"";"";"";"";"";"";"";"";"";"";""
"12/11/2024";"0000";"";"";"";"";"";"";"";"";"";"";"";"";"";"";"";"";""
"12/11/2024";"0100";"";"";"";"";"";"";"";"";"";"";"";"";"";"";"";"";""
"12/11/2024";"0200";"";"";"";"";"";"";"";"";"";"";"";"";"";"";"";"";""
"12/11/2024";"0300";"";"";"";"";"";"";"";"";"";"";"";"";"";"";"";"";""
"12/11/2024";"0400";"";"";"";"";"";"";"";"";"";"";"";"";"";"";"";"";""
"12/11/2024";"0500";"";"";"";"";"";"";"";"";"";"";"";"";"";"";"";"";""
"12/11/2024";"0600";"";"";"";"";"";"";"";"";"";"";"";"";"";"";"";"";""
"12/11/2024";"0700";"";"";"";"";"";"";"";"";"";"";"";"";"";"";"";"";""
"12/11/2024";"0800";"";"";"";"";"";"";"";"";"";"";"";"";"";"";"";"";""
"12/11/2024";"0900";"";"";"";"";"";"";"";"";"";"";"";"";"";"";"";"";""
"12/11/2024";"1000";"";"";"";"";"";"";"";"";"";"";"";"";"";"";"";"";""
"12/11/2024";"1100";"";"";"";"";"";"";"";"";"";"";"";"";"";"";"";"";""
"12/11/2024";"1200";"";"";"";"";"";"";"";"";"";"";"";"";"";"";"";"";""
"12/11/2024";"1300";"";"";"";"";"";"";"";"";"";"";"";"";"";"";"";"";""
"12/11/2024";"1400";"";"";"";"";"";"";"";"";"";"";"";"";"";"";"";"";""
"12/11/2024";"1500";"";"";"";"";"";"";"";"";"";"";"";"";"";"";"";"";""
"12/11/2024";"1600";"";"";"";"";"";"";"";"";"";"";"";"";"";"";"";"";""
"12/11/2024";"1700";"";"";"";"";"";"";"";"";"";"";"";"";"";"";"";"";""
"12/11/2024";"1800";"";"";"";"";"";"";"";"";"";"";"";"";"";"";"";"";""
"12/11/2024";"1900";"";"";"";"";"";"";"";"";"";"";"";"";"";"";"";"";""
"12/11/2024";"2000";"";"";"";"";"";"";"";"";"";"";"";"";"";"";"";"";""
"12/11/2024";"2100";"";"";"";"";"";"";"";"";"";"";"";"";"";"";"";"";""
"12/11/2024";"2200";"";"";"";"";"";"";"";"";"";"";"";"";"";"";"";"";""
"12/11/2024";"2300";"";"";"";"";"";"";"";"";"";"";"";"";"";"";"";"";""
"13/11/2024";"0000";"";"";"";"";"";"";"";"";"";"";"";"";"";"";"";"";""
"13/11/2024";"0100";"";"";"";"";"";"";"";"";"";"";"";"";"";"";"";"";""
"13/11/2024";"0200";"";"";"";"";"";"";"";"";"";"";"";"";"";"";"";"";""
"13/11/2024";"0300";"";"";"";"";"";"";"";"";"";"";"";"";"";"";"";"";""
"13/11/2024";"0400";"";"";"";"";"";"";"";"";"";"";"";"";"";"";"";"";""
"13/11/2024";"0500";"";"";"";"";"";"";"";"";"";"";"";"";"";"";"";"";""
"13/11/2024";"0600";"";"";"";"";"";"";"";"";"";"";"";"";"";"";"";"";""
"13/11/2024";"0700";"";"";"";"";"";"";"";"";"";"";"";"";"";"";"";"";""
"13/11/2024";"0800";"";"";"";"";"";"";"";"";"";"";"";"";"";"";"";"";""
"13/11/2024";"0900";"";"";"";"";"";"";"";"";"";"";"";"";"";"";"";"";""
"13/11/2024";"1000";"";"";"";"";"";"";"";"";"";"";"";"";"";"";"";"";""
"13/11/2024";"1100";"";"";"";"";"";"";"";"";"";"";"";"";"";"";"";"";""
"13/11/2024";"1200";"";"";"";"";"";"";"";"";"";"";"";"";"";"";"";"";""
"13/11/2024";"1300";"";"";"";"";"";"";"";"";"";"";"";"";"";"";"";"";""
"13/11/2024";"1400";"";"";"";"";"";"";"";"";"";"";"";"";"";"";"";"";""
"13/11/2024";"1500";"";"";"";"";"";"";"";"";"";"";"";"";"";"";"";"";""
"13/11/2024";"1600";"";"";"";"";"";"";"";"";"";"";"";"";"";"";"";"";""
"13/11/2024";"1700";"";"";"";"";"";"";"";"";"";"";"";"";"";"";"";"";""
"13/11/2024";"1800";"";"";"";"";"";"";"";"";"";"";"";"";"";"";"";"";""
"13/11/2024";"1900";"";"";"";"";"";"";"";"";"";"";"";"";"";"";"";"";""
"13/11/2024";"2000";"";"";"";"";"";"";"";"";"";"";"";"";"";"";"";"";""
"13/11/2024";"2100";"";"";"";"";"";"";"";"";"";"";"";"";"";"";"";"";""
"13/11/2024";"2200";"";"";"";"";"";"";"";"";"";"";"";"";"";"";"";"";""
"13/11/2024";"2300";"";"";"";"";"";"";"";"";"";"";"";"";"";"";"";"";""
"14/11/2024";"0000";"";"";"";"";"";"";"";"";"";"";"";"";"";"";"";"";""
"14/11/2024";"0100";"";"";"";"";"";"";"";"";"";"";"";"";"";"";"";"";""
"14/11/2024";"0200";"";"";"";"";"";"";"";"";"";"";"";"";"";"";"";"";""
"14/11/2024";"0300";"";"";"";"";"";"";"";"";"";"";"";"";"";"";"";"";""
"14/11/2024";"0400";"";"";"";"";"";"";"";"";"";"";"";"";"";"";"";"";""
"14/11/2024";"0500";"";"";"";"";"";"";"";"";"";"";"";"";"";"";"";"";""
"14/11/2024";"0600";"";"";"";"";"";"";"";"";"";"";"";"";"";"";"";"";""
"14/11/2024";"0700";"";"";"";"";"";"";"";"";"";"";"";"";"";"";"";"";""
"14/11/2024";"0800";"";"";"";"";"";"";"";"";"";"";"";"";"";"";"";"";""
"14/11/2024";"0900";"";"";"";"";"";"";"";"";"";"";"";"";"";"";"";"";""
"14/11/2024";"1000";"";"";"";"";"";"";"";"";"";"";"";"";"";"";"";"";""
"14/11/2024";"1100";"";"";"";"";"";"";"";"";"";"";"";"";"";"";"";"";""
"14/11/2024";"1200";"";"";"";"";"";"";"";"";"";"";"";"";"";"";"";"";""
"14/11/2024";"1300";"";"";"";"";"";"";"";"";"";"";"";"";"";"";"";"";""
"14/11/2024";"1400";"";"";"";"";"";"";"";"";"";"";"";"";"";"";"";"";""
"14/11/2024";"1500";"";"";"";"";"";"";"";"";"";"";"";"";"";"";"";"";""
"14/11/2024";"1600";"";"";"";"";"";"";"";"";"";"";"";"";"";"";"";"";""
"14/11/2024";"1700";"";"";"";"";"";"";"";"";"";"";"";"";"";"";"";"";""
"14/11/2024";"1800";"";"";"";"";"";"";"";"";"";"";"";"";"";"";"";"";""
"14/11/2024";"1900";"";"";"";"";"";"";"";"";"";"";"";"";"";"";"";"";""
"14/11/2024";"2000";"";"";"";"";"";"";"";"";"";"";"";"";"";"";"";"";""
"14/11/2024";"2100";"";"";"";"";"";"";"";"";"";"";"";"";"";"";"";"";""
"14/11/2024";"2200";"";"";"";"";"";"";"";"";"";"";"";"";"";"";"";"";""
"14/11/2024";"2300";"";"";"";"";"";"";"";"";"";"";"";"";"";"";"";"";""
"15/11/2024";"0000";"";"";"";"";"";"";"";"";"";"";"";"";"";"";"";"";""
"15/11/2024";"0100";"";"";"";"";"";"";"";"";"";"";"";"";"";"";"";"";""
"15/11/2024";"0200";"";"";"";"";"";"";"";"";"";"";"";"";"";"";"";"";""
"15/11/2024";"0300";"";"";"";"";"";"";"";"";"";"";"";"";"";"";"";"";""
"15/11/2024";"0400";"";"";"";"";"";"";"";"";"";"";"";"";"";"";"";"";""
"15/11/2024";"0500";"";"";"";"";"";"";"";"";"";"";"";"";"";"";"";"";""
"15/11/2024";"0600";"";"";"";"";"";"";"";"";"";"";"";"";"";"";"";"";""
"15/11/2024";"0700";"";"";"";"";"";"";"";"";"";"";"";"";"";"";"";"";""
"15/11/2024";"0800";"";"";"";"";"";"";"";"";"";"";"";"";"";"";"";"";""
"15/11/2024";"0900";"";"";"";"";"";"";"";"";"";"";"";"";"";"";"";"";""
"15/11/2024";"1000";"";"";"";"";"";"";"";"";"";"";"";"";"";"";"";"";""
"15/11/2024";"1100";"";"";"";"";"";"";"";"";"";"";"";"";"";"";"";"";""
"15/11/2024";"1200";"";"";"";"";"";"";"";"";"";"";"";"";"";"";"";"";""
"15/11/2024";"1300";"";"";"";"";"";"";"";"";"";"";"";"";"";"";"";"";""
"15/11/2024";"1400";"";"";"";"";"";"";"";"";"";"";"";"";"";"";"";"";""
"15/11/2024";"1500";"";"";"";"";"";"";"";"";"";"";"";"";"";"";"";"";""
"15/11/2024";"1600";"";"";"";"";"";"";"";"";"";"";"";"";"";"";"";"";""
"15/11/2024";"1700";"";"";"";"";"";"";"";"";"";"";"";"";"";"";"";"";""
"15/11/2024";"1800";"";"";"";"";"";"";"";"";"";"";"";"";"";"";"";"";""
"15/11/2024";"1900";"";"";"";"";"";"";"";"";"";"";"";"";"";"";"";"";""
"15/11/2024";"2000";"";"";"";"";"";"";"";"";"";"";"";"";"";"";"";"";""
"15/11/2024";"2100";"";"";"";"";"";"";"";"";"";"";"";"";"";"";"";"";""
"15/11/2024";"2200";"";"";"";"";"";"";"";"";"";"";"";"";"";"";"";"";""
"15/11/2024";"2300";"";"";"";"";"";"";"";"";"";"";"";"";"";"";"";"";""
"16/11/2024";"0000";"";"";"";"";"";"";"";"";"";"";"";"";"";"";"";"";""
"16/11/2024";"0100";"";"";"";"";"";"";"";"";"";"";"";"";"";"";"";"";""
"16/11/2024";"0200";"";"";"";"";"";"";"";"";"";"";"";"";"";"";"";"";""
"16/11/2024";"0300";"";"";"";"";"";"";"";"";"";"";"";"";"";"";"";"";""
"16/11/2024";"0400";"";"";"";"";"";"";"";"";"";"";"";"";"";"";"";"";""
"16/11/2024";"0500";"";"";"";"";"";"";"";"";"";"";"";"";"";"";"";"";""
"16/11/2024";"0600";"";"";"";"";"";"";"";"";"";"";"";"";"";"";"";"";""
"16/11/2024";"0700";"";"";"";"";"";"";"";"";"";"";"";"";"";"";"";"";""
"16/11/2024";"0800";"";"";"";"";"";"";"";"";"";"";"";"";"";"";"";"";""
"16/11/2024";"0900";"";"";"";"";"";"";"";"";"";"";"";"";"";"";"";"";""
"16/11/2024";"1000";"";"";"";"";"";"";"";"";"";"";"";"";"";"";"";"";""
"16/11/2024";"1100";"";"";"";"";"";"";"";"";"";"";"";"";"";"";"";"";""
"16/11/2024";"1200";"";"";"";"";"";"";"";"";"";"";"";"";"";"";"";"";""
"16/11/2024";"1300";"";"";"";"";"";"";"";"";"";"";"";"";"";"";"";"";""
"16/11/2024";"1400";"";"";"";"";"";"";"";"";"";"";"";"";"";"";"";"";""
"16/11/2024";"1500";"";"";"";"";"";"";"";"";"";"";"";"";"";"";"";"";""
"16/11/2024";"1600";"";"";"";"";"";"";"";"";"";"";"";"";"";"";"";"";""
"16/11/2024";"1700";"";"";"";"";"";"";"";"";"";"";"";"";"";"";"";"";""
"16/11/2024";"1800";"";"";"";"";"";"";"";"";"";"";"";"";"";"";"";"";""
"16/11/2024";"1900";"";"";"";"";"";"";"";"";"";"";"";"";"";"";"";"";""
"16/11/2024";"2000";"";"";"";"";"";"";"";"";"";"";"";"";"";"";"";"";""
"16/11/2024";"2100";"";"";"";"";"";"";"";"";"";"";"";"";"";"";"";"";""
"16/11/2024";"2200";"";"";"";"";"";"";"";"";"";"";"";"";"";"";"";"";""
"16/11/2024";"2300";"";"";"";"";"";"";"";"";"";"";"";"";"";"";"";"";""
"17/11/2024";"0000";"";"";"";"";"";"";"";"";"";"";"";"";"";"";"";"";""
"17/11/2024";"0100";"";"";"";"";"";"";"";"";"";"";"";"";"";"";"";"";""
"17/11/2024";"0200";"";"";"";"";"";"";"";"";"";"";"";"";"";"";"";"";""
"17/11/2024";"0300";"";"";"";"";"";"";"";"";"";"";"";"";"";"";"";"";""
"17/11/2024";"0400";"";"";"";"";"";"";"";"";"";"";"";"";"";"";"";"";""
"17/11/2024";"0500";"";"";"";"";"";"";"";"";"";"";"";"";"";"";"";"";""
"17/11/2024";"0600";"";"";"";"";"";"";"";"";"";"";"";"";"";"";"";"";""
"17/11/2024";"0700";"";"";"";"";"";"";"";"";"";"";"";"";"";"";"";"";""
"17/11/2024";"0800";"";"";"";"";"";"";"";"";"";"";"";"";"";"";"";"";""
"17/11/2024";"0900";"";"";"";"";"";"";"";"";"";"";"";"";"";"";"";"";""
"17/11/2024";"1000";"";"";"";"";"";"";"";"";"";"";"";"";"";"";"";"";""
"17/11/2024";"1100";"";"";"";"";"";"";"";"";"";"";"";"";"";"";"";"";""
"17/11/2024";"1200";"";"";"";"";"";"";"";"";"";"";"";"";"";"";"";"";""
"17/11/2024";"1300";"";"";"";"";"";"";"";"";"";"";"";"";"";"";"";"";""
"17/11/2024";"1400";"";"";"";"";"";"";"";"";"";"";"";"";"";"";"";"";""
"17/11/2024";"1500";"";"";"";"";"";"";"";"";"";"";"";"";"";"";"";"";""
"17/11/2024";"1600";"";"";"";"";"";"";"";"";"";"";"";"";"";"";"";"";""
"17/11/2024";"1700";"";"";"";"";"";"";"";"";"";"";"";"";"";"";"";"";""
"17/11/2024";"1800";"";"";"";"";"";"";"";"";"";"";"";"";"";"";"";"";""
"17/11/2024";"1900";"";"";"";"";"";"";"";"";"";"";"";"";"";"";"";"";""
"17/11/2024";"2000";"";"";"";"";"";"";"";"";"";"";"";"";"";"";"";"";""
"17/11/2024";"2100";"";"";"";"";"";"";"";"";"";"";"";"";"";"";"";"";""
"17/11/2024";"2200";"";"";"";"";"";"";"";"";"";"";"";"";"";"";"";"";""
"17/11/2024";"2300";"";"";"";"";"";"";"";"";"";"";"";"";"";"";"";"";""
"18/11/2024";"0000";"";"";"";"";"";"";"";"";"";"";"";"";"";"";"";"";""
"18/11/2024";"0100";"";"";"";"";"";"";"";"";"";"";"";"";"";"";"";"";""
"18/11/2024";"0200";"";"";"";"";"";"";"";"";"";"";"";"";"";"";"";"";""
"18/11/2024";"0300";"";"";"";"";"";"";"";"";"";"";"";"";"";"";"";"";""
"18/11/2024";"0400";"";"";"";"";"";"";"";"";"";"";"";"";"";"";"";"";""
"18/11/2024";"0500";"";"";"";"";"";"";"";"";"";"";"";"";"";"";"";"";""
"18/11/2024";"0600";"";"";"";"";"";"";"";"";"";"";"";"";"";"";"";"";""
"18/11/2024";"0700";"";"";"";"";"";"";"";"";"";"";"";"";"";"";"";"";""
"18/11/2024";"0800";"";"";"";"";"";"";"";"";"";"";"";"";"";"";"";"";""
"18/11/2024";"0900";"";"";"";"";"";"";"";"";"";"";"";"";"";"";"";"";""
"18/11/2024";"1000";"";"";"";"";"";"";"";"";"";"";"";"";"";"";"";"";""
"18/11/2024";"1100";"";"";"";"";"";"";"";"";"";"";"";"";"";"";"";"";""
"18/11/2024";"1200";"";"";"";"";"";"";"";"";"";"";"";"";"";"";"";"";""
"18/11/2024";"1300";"";"";"";"";"";"";"";"";"";"";"";"";"";"";"";"";""
"18/11/2024";"1400";"";"";"";"";"";"";"";"";"";"";"";"";"";"";"";"";""
"18/11/2024";"1500";"";"";"";"";"";"";"";"";"";"";"";"";"";"";"";"";""
"18/11/2024";"1600";"";"";"";"";"";"";"";"";"";"";"";"";"";"";"";"";""
"18/11/2024";"1700";"";"";"";"";"";"";"";"";"";"";"";"";"";"";"";"";""
"18/11/2024";"1800";"";"";"";"";"";"";"";"";"";"";"";"";"";"";"";"";""
"18/11/2024";"1900";"33,5";"";"";"64,0";"";"";"25,6";"";"";"1000,1";"";"";"0,2";"254,0";"";"1843,50";""
"18/11/2024";"2000";"";"";"";"";"";"";"";"";"";"";"";"";"";"";"";"";""
"18/11/2024";"2100";"32,5";"";"";"59,0";"";"";"23,5";"";"";"999,0";"";"";"";"";"";"168,90";""
"18/11/2024";"2200";"30,9";"32,5";"30,9";"65,0";"66,0";"59,0";"23,4";"24,4";"22,9";"999,9";"999,9";"999,0";"0,4";"289,0";"3,6";"58,00";""
"18/11/2024";"2300";"29,7";"31,0";"29,7";"67,0";"69,0";"61,0";"22,8";"23,5";"22,5";"1000,8";"1000,8";"999,8";"0,0";"278,0";"1,9";"";""
"19/11/2024";"0000";"";"";"";"";"";"";"";"";"";"";"";"";"";"";"";"";""
"19/11/2024";"0100";"";"";"";"";"";"";"";"";"";"";"";"";"";"";"";"";""
"19/11/2024";"0200";"28,0";"28,7";"28,0";"83,0";"83,0";"75,0";"24,8";"24,9";"23,8";"1002,8";"1002,9";"1002,5";"0,0";"293,0";"0,0";"";"0,0"
"19/11/2024";"0300";"28,0";"28,3";"27,8";"81,0";"84,0";"80,0";"24,4";"24,9";"24,4";"1003,2";"1003,2";"1002,8";"0,0";"250,0";"0,0";"";"0,0"
"19/11/2024";"0400";"27,3";"27,9";"27,3";"83,0";"84,0";"81,0";"24,2";"24,7";"24,1";"1003,3";"1003,3";"1003,2";"0,0";"287,0";"0,0";"";"0,0"
"19/11/2024";"0500";"27,0";"27,4";"27,0";"85,0";"85,0";"83,0";"24,2";"24,4";"24,1";"1002,7";"1003,3";"1002,7";"0,0";"290,0";"0,0";"";"0,0"
"19/11/2024";"0600";"26,8";"27,1";"26,7";"84,0";"85,0";"83,0";"23,8";"24,2";"23,8";"1002,4";"1002,8";"1002,4";"0,0";"306,0";"0,0";"";"0,0"
"19/11/2024";"0700";"26,5";"26,8";"26,3";"86,0";"88,0";"84,0";"23,9";"24,1";"23,7";"1002,2";"1002,5";"1002,2";"0,0";"298,0";"0,0";"";"0,0"
"19/11/2024";"0800";"27,0";"27,0";"26,1";"89,0";"89,0";"85,0";"25,1";"25,1";"23,8";"1002,7";"1002,8";"1002,2";"0,3";"225,0";"1,5";"";"0,0"
"19/11/2024";"0900";"27,2";"27,2";"26,8";"87,0";"89,0";"86,0";"24,9";"25,0";"24,5";"1003,0";"1003,0";"1002,7";"0,3";"252,0";"2,0";"";"0,0"
"19/11/2024";"1000";"26,3";"27,2";"26,3";"89,0";"89,0";"86,0";"24,3";"24,8";"24,3";"1003,6";"1003,7";"1003,0";"0,0";"305,0";"1,3";"13,80";"0,0"
"19/11/2024";"1100";"27,7";"27,7";"26,2";"84,0";"90,0";"84,0";"24,7";"24,9";"24,4";"1004,5";"1004,5";"1003,6";"0,0";"205,0";"0,8";"226,70";"0,0"
"19/11/2024";"1200";"28,8";"28,8";"27,7";"78,0";"86,0";"78,0";"24,5";"25,0";"24,5";"1005,5";"1005,5";"1004,5";"0,5";"242,0";"2,1";"503,60";"0,0"
"19/11/2024";"1300";"28,4";"28,9";"28,2";"80,0";"83,0";"77,0";"24,6";"25,2";"24,2";"1006,1";"1006,1";"1005,5";"0,6";"223,0";"4,3";"548,50";"0,4"
"19/11/2024";"1400";"28,3";"28,5";"28,1";"77,0";"81,0";"76,0";"23,9";"24,9";"23,7";"1006,2";"1006,6";"1006,1";"0,3";"234,0";"3,8";"568,10";"0,0"
"19/11/2024";"1500";"27,7";"28,5";"27,7";"83,0";"83,0";"77,0";"24,4";"24,9";"23,7";"1005,5";"1006,4";"1005,5";"0,4";"225,0";"3,2";"721,90";"0,0"
"19/11/2024";"1600";"28,2";"28,8";"27,6";"79,0";"84,0";"78,0";"24,3";"25,1";"23,8";"1004,8";"1005,5";"1004,8";"1,0";"207,0";"2,5";"1089,90";"0,0"
"19/11/2024";"1700";"29,4";"30,3";"28,2";"73,0";"81,0";"72,0";"24,1";"25,7";"24,1";"1003,2";"1004,8";"1003,2";"0,8";"221,0";"3,2";"1581,60";"0,0"
"19/11/2024";"1800";"30,0";"30,5";"29,4";"69,0";"73,0";"65,0";"23,7";"24,4";"22,9";"1001,9";"1003,2";"1001,9";"1,6";"238,0";"3,0";"2129,30";"0,0"
"19/11/2024";"1900";"30,4";"30,8";"30,0";"69,0";"71,0";"65,0";"24,0";"24,4";"23,2";"1000,8";"1001,9";"1000,7";"1,5";"235,0";"3,0";"1967,20";"0,0"
"19/11/2024";"2000";"30,3";"31,3";"30,2";"70,0";"71,0";"65,0";"24,2";"24,9";"23,7";"1000,8";"1000,8";"1000,6";"1,0";"245,0";"2,9";"1095,40";"0,0"
"19/11/2024";"2100";"29,6";"30,3";"29,6";"76,0";"76,0";"70,0";"24,9";"25,0";"24,1";"1000,6";"1001,1";"1000,5";"1,2";"239,0";"3,6";"302,30";"0,0"
"19/11/2024";"2200";"29,1";"29,6";"29,1";"77,0";"79,0";"76,0";"24,8";"25,1";"24,7";"1001,2";"1001,2";"1000,6";"1,5";"277,0";"4,3";"48,80";"0,0"
"19/11/2024";"2300";"28,3";"29,1";"28,3";"83,0";"83,0";"77,0";"25,1";"25,3";"24,5";"1002,3";"1002,3";"1001,2";"1,4";"270,0";"4,4";"";"0,0"
"20/11/2024";"0000";"27,5";"28,3";"27,4";"88,0";"88,0";"83,0";"25,3";"25,3";"24,9";"1003,2";"1003,2";"1002,3";"1,3";"265,0";"4,7";"";"0,0"
"20/11/2024";"0100";"27,1";"27,6";"27,1";"88,0";"88,0";"85,0";"25,1";"25,4";"24,5";"1004,0";"1004,0";"1003,2";"2,1";"233,0";"5,4";"";"0,0"
"20/11/2024";"0200";"26,8";"27,2";"26,8";"88,0";"89,0";"88,0";"24,6";"25,2";"24,6";"1004,2";"1004,3";"1003,9";"2,0";"231,0";"3,6";"";"0,0"
"20/11/2024";"0300";"26,1";"26,8";"26,1";"88,0";"90,0";"85,0";"23,9";"24,8";"23,8";"1004,3";"1004,4";"1004,0";"2,1";"228,0";"4,5";"";"0,0"
"20/11/2024";"0400";"26,0";"26,1";"25,9";"88,0";"90,0";"88,0";"23,9";"24,2";"23,9";"1003,8";"1004,4";"1003,8";"1,3";"228,0";"4,0";"";"0,0"
"20/11/2024";"0500";"25,7";"26,0";"25,7";"89,0";"89,0";"87,0";"23,8";"23,8";"23,6";"1003,1";"1003,9";"1003,1";"0,6";"236,0";"2,9";"";"0,0"
"20/11/2024";"0600";"25,8";"25,8";"25,7";"91,0";"92,0";"89,0";"24,3";"24,3";"23,8";"1002,6";"1003,0";"1002,6";"0,8";"238,0";"4,1";"";"0,0"
"20/11/2024";"0700";"25,5";"25,8";"25,5";"90,0";"91,0";"89,0";"23,6";"24,3";"23,6";"1002,9";"1002,9";"1002,4";"1,4";"224,0";"3,4";"";"0,0"
"20/11/2024";"0800";"25,4";"25,5";"25,3";"90,0";"90,0";"90,0";"23,6";"23,7";"23,5";"1003,1";"1003,1";"1002,9";"0,0";"225,0";"3,2";"";"0,0"
"20/11/2024";"0900";"25,3";"25,5";"25,3";"89,0";"90,0";"89,0";"23,4";"23,7";"23,4";"1004,1";"1004,1";"1003,1";"0,4";"230,0";"3,0";"";"0,0"
"20/11/2024";"1000";"25,6";"25,7";"25,2";"88,0";"90,0";"88,0";"23,4";"24,0";"23,4";"1004,5";"1004,5";"1003,7";"0,1";"241,0";"4,0";"14,00";"0,0"
"20/11/2024";"1100";"26,3";"26,3";"25,5";"85,0";"88,0";"85,0";"23,6";"23,7";"23,0";"1006,1";"1006,1";"1004,5";"0,0";"259,0";"1,8";"217,40";"0,0"
"20/11/2024";"1200";"26,6";"26,8";"26,2";"86,0";"86,0";"83,0";"24,0";"24,1";"23,6";"1006,7";"1006,7";"1006,1";"1,6";"303,0";"2,7";"461,20";"0,0"
"20/11/2024";"1300";"28,1";"28,2";"26,5";"76,0";"86,0";"75,0";"23,5";"24,5";"23,2";"1007,3";"1007,4";"1006,7";"0,9";"292,0";"3,0";"1257,20";"0,0"
"20/11/2024";"1400";"29,2";"29,6";"28,1";"74,0";"77,0";"72,0";"24,0";"24,8";"23,4";"1007,1";"1007,4";"1007,1";"1,6";"214,0";"3,0";"1994,80";"0,0"
"20/11/2024";"1500";"30,3";"30,4";"29,0";"71,0";"76,0";"69,0";"24,4";"25,1";"23,5";"1006,3";"1007,1";"1006,3";"1,3";"206,0";"3,4";"2651,20";"0,0"
"20/11/2024";"1600";"31,7";"31,7";"29,9";"68,0";"73,0";"66,0";"25,2";"25,2";"24,1";"1005,3";"1006,3";"1005,3";"1,2";"211,0";"3,6";"2902,50";"0,0"
"20/11/2024";"1700";"33,2";"33,2";"31,3";"62,0";"70,0";"60,0";"25,0";"25,7";"23,7";"1003,9";"1005,3";"1003,9";"1,2";"219,0";"3,2";"2809,90";"0,0"
"20/11/2024";"1800";"32,8";"33,6";"31,7";"63,0";"68,0";"59,0";"24,8";"25,5";"23,9";"1002,7";"1003,9";"1002,7";"0,2";"259,0";"3,7";"1931,80";"0,0"
"20/11/2024";"1900";"32,9";"33,9";"31,6";"61,0";"66,0";"57,0";"24,4";"25,7";"23,6";"1001,5";"1002,7";"1001,5";"0,5";"242,0";"3,8";"1578,00";"0,0"
"20/11/2024";"2000";"33,0";"33,1";"32,4";"56,0";"64,0";"56,0";"23,0";"24,9";"22,8";"1000,7";"1001,5";"1000,6";"1,1";"244,0";"3,3";"1335,30";"0,0"
"20/11/2024";"2100";"32,0";"33,1";"31,9";"63,0";"64,0";"55,0";"24,0";"24,5";"22,9";"1001,0";"1001,1";"1000,6";"0,4";"281,0";"3,0";"526,80";"0,0"
"20/11/2024";"2200";"30,7";"32,0";"30,7";"68,0";"68,0";"62,0";"24,1";"24,4";"23,8";"1001,4";"1001,4";"1000,9";"0,0";"256,0";"1,9";"104,20";"0,0"
"20/11/2024";"2300";"";"";"";"";"";"";"";"";"";"";"";"";"";"";"";"";""
"21/11/2024";"0000";"28,9";"29,6";"28,9";"77,0";"77,0";"73,0";"24,6";"24,7";"24,0";"1003,3";"1003,3";"1002,3";"0,0";"240,0";"1,2";"";"0,0"
"21/11/2024";"0100";"";"";"";"";"";"";"";"";"";"";"";"";"";"";"";"";""
"21/11/2024";"0200";"";"";"";"";"";"";"";"";"";"";"";"";"";"";"";"";""
"21/11/2024";"0300";"27,7";"28,6";"27,7";"81,0";"81,0";"77,0";"24,2";"24,3";"24,0";"1004,2";"1004,4";"1004,2";"0,0";"318,0";"2,9";"";"0,0"
"21/11/2024";"0400";"27,6";"27,8";"27,6";"81,0";"82,0";"80,0";"24,1";"24,3";"24,0";"1004,2";"1004,3";"1004,1";"0,1";"316,0";"2,1";"";"0,0"
"21/11/2024";"0500";"27,0";"28,3";"27,0";"84,0";"84,0";"77,0";"24,0";"24,0";"23,7";"1003,8";"1004,3";"1003,8";"0,0";"285,0";"2,2";"";"0,0"
"21/11/2024";"0600";"27,3";"27,4";"27,0";"87,0";"87,0";"81,0";"24,8";"24,8";"23,7";"1003,7";"1003,8";"1003,5";"0,7";"255,0";"2,1";"";"0,0"
"21/11/2024";"0700";"27,2";"27,5";"27,1";"83,0";"87,0";"82,0";"24,0";"24,9";"23,9";"1003,4";"1003,7";"1003,3";"0,7";"288,0";"2,0";"";"0,0"
"21/11/2024";"0800";"26,3";"27,3";"26,3";"89,0";"89,0";"83,0";"24,4";"24,7";"24,0";"1003,6";"1003,6";"1003,2";"0,2";"338,0";"1,9";"";"0,0"
"21/11/2024";"0900";"25,9";"26,7";"25,9";"92,0";"92,0";"88,0";"24,6";"24,7";"24,4";"1004,0";"1004,0";"1003,6";"0,1";"296,0";"2,0";"";"1,0"
"21/11/2024";"1000";"26,1";"26,1";"25,8";"93,0";"93,0";"92,0";"24,9";"24,9";"24,6";"1004,7";"1004,7";"1003,9";"0,0";"291,0";"0,9";"22,40";"0,0"
"21/11/2024";"1100";"26,3";"27,3";"26,1";"79,0";"93,0";"79,0";"22,3";"25,4";"22,3";"1006,3";"1006,4";"1004,7";"3,7";"269,0";"8,7";"231,30";"0,0"
"21/11/2024";"1200";"25,3";"26,2";"24,0";"88,0";"90,0";"78,0";"23,2";"23,2";"21,6";"1006,6";"1006,6";"1006,2";"1,0";"320,0";"8,7";"296,80";"4,6"
"21/11/2024";"1300";"27,0";"27,3";"25,3";"86,0";"91,0";"85,0";"24,5";"25,0";"23,3";"1007,2";"1007,3";"1006,6";"1,4";"321,0";"4,1";"935,10";"0,0"
"21/11/2024";"1400";"29,5";"29,5";"26,7";"77,0";"86,0";"77,0";"25,1";"25,1";"23,8";"1006,4";"1007,2";"1006,4";"1,6";"273,0";"3,5";"1691,00";"0,0"
"21/11/2024";"1500";"29,3";"29,8";"28,8";"76,0";"79,0";"75,0";"24,6";"25,4";"24,3";"1005,9";"1006,4";"1005,9";"1,6";"238,0";"3,1";"2147,10";"0,0"
"21/11/2024";"1600";"31,4";"32,0";"29,3";"64,0";"76,0";"62,0";"23,9";"25,2";"23,2";"1005,2";"1006,0";"1005,2";"1,6";"220,0";"3,4";"2607,90";"0,0"
"21/11/2024";"1700";"32,7";"33,0";"31,4";"59,0";"66,0";"57,0";"23,6";"24,7";"22,8";"1003,5";"1005,2";"1003,5";"1,5";"283,0";"3,4";"2239,10";"0,0"
"21/11/2024";"1800";"33,1";"33,7";"32,5";"59,0";"61,0";"55,0";"24,1";"24,5";"22,8";"1002,1";"1003,5";"1002,0";"1,7";"250,0";"4,3";"2118,20";"0,0"
"21/11/2024";"1900";"32,0";"33,4";"32,0";"63,0";"63,0";"55,0";"24,1";"24,8";"23,1";"1001,2";"1002,0";"1001,2";"0,9";"223,0";"4,4";"1544,10";"0,0"
"21/11/2024";"2000";"32,9";"33,3";"31,8";"59,0";"64,0";"57,0";"23,8";"24,4";"23,3";"1001,3";"1001,3";"1001,1";"0,7";"262,0";"2,8";"1065,90";"0,0"
"21/11/2024";"2100";"32,2";"33,1";"32,0";"62,0";"65,0";"57,0";"24,1";"24,8";"23,6";"1001,3";"1001,4";"1001,2";"0,0";"235,0";"1,8";"468,30";"0,0"
"21/11/2024";"2200";"29,8";"32,2";"29,8";"70,0";"71,0";"61,0";"23,9";"25,1";"23,9";"1001,4";"1001,4";"1001,2";"1,7";"290,0";"4,3";"37,10";"0,0"
"21/11/2024";"2300";"28,7";"30,0";"28,7";"78,0";"78,0";"68,0";"24,5";"24,5";"23,5";"1002,2";"1002,2";"1001,4";"0,7";"311,0";"4,1";"";"0,0"
"22/11/2024";"0000";"28,9";"29,8";"28,5";"81,0";"81,0";"75,0";"25,3";"25,3";"24,4";"1003,8";"1003,8";"1002,2";"1,8";"336,0";"4,1";"";"0,0"
"22/11/2024";"0100";"28,6";"29,0";"28,4";"82,0";"83,0";"80,0";"25,2";"25,5";"25,2";"1004,3";"1004,5";"1003,7";"0,3";"320,0";"3,6";"";"0,0"
"22/11/2024";"0200";"27,8";"28,6";"27,8";"85,0";"85,0";"82,0";"24,9";"25,3";"24,9";"1004,6";"1004,6";"1004,3";"0,7";"275,0";"2,9";"";"0,0"
"22/11/2024";"0300";"27,5";"27,9";"27,5";"88,0";"88,0";"85,0";"25,3";"25,6";"24,9";"1004,4";"1004,6";"1004,4";"1,7";"275,0";"3,1";"";"0,0"
"22/11/2024";"0400";"27,0";"27,5";"27,0";"90,0";"90,0";"88,0";"25,3";"25,4";"25,2";"1004,2";"1004,5";"1004,2";"1,4";"273,0";"4,0";"";"0,0"
"22/11/2024";"0500";"26,6";"27,1";"26,6";"89,0";"91,0";"88,0";"24,6";"25,4";"24,6";"1003,8";"1004,2";"1003,8";"1,8";"277,0";"3,8";"";"0,0"
"22/11/2024";"0600";"26,4";"26,6";"26,3";"90,0";"90,0";"88,0";"24,5";"24,7";"24,5";"1003,3";"1003,8";"1003,3";"0,6";"268,0";"3,5";"";"0,0"
"22/11/2024";"0700";"26,1";"26,4";"26,1";"91,0";"91,0";"89,0";"24,6";"24,6";"24,4";"1003,4";"1003,4";"1003,3";"0,5";"275,0";"4,1";"";"0,0"
"22/11/2024";"0800";"25,6";"26,2";"25,6";"93,0";"93,0";"91,0";"24,3";"24,7";"24,3";"1003,7";"1003,7";"1003,4";"0,6";"313,0";"3,7";"";"0,0"
"22/11/2024";"0900";"25,7";"26,0";"25,6";"92,0";"93,0";"92,0";"24,3";"24,7";"24,2";"1004,3";"1004,3";"1003,7";"0,1";"275,0";"2,3";"";"0,0"
"22/11/2024";"1000";"26,2";"26,3";"25,7";"91,0";"92,0";"91,0";"24,6";"24,7";"24,3";"1005,1";"1005,1";"1004,3";"1,0";"258,0";"2,6";"6,90";"0,0"
"22/11/2024";"1100";"26,4";"26,5";"26,1";"91,0";"92,0";"91,0";"24,9";"25,0";"24,6";"1006,1";"1006,1";"1005,1";"1,6";"226,0";"3,4";"83,60";"0,0"
"22/11/2024";"1200";"26,8";"27,0";"26,4";"88,0";"91,0";"88,0";"24,6";"24,9";"24,5";"1006,8";"1006,8";"1006,1";"1,3";"224,0";"3,4";"437,20";"0,0"
"22/11/2024";"1300";"26,8";"26,9";"26,7";"88,0";"88,0";"87,0";"24,6";"24,8";"24,4";"1007,3";"1007,3";"1006,8";"1,4";"214,0";"3,3";"450,20";"0,0"
"22/11/2024";"1400";"27,3";"27,3";"26,8";"86,0";"88,0";"86,0";"24,9";"24,9";"24,4";"1007,4";"1007,7";"1007,3";"1,7";"238,0";"3,4";"487,00";"0,0"
"22/11/2024";"1500";"28,6";"29,0";"27,3";"79,0";"87,0";"78,0";"24,6";"25,2";"24,6";"1006,7";"1007,4";"1006,7";"1,7";"230,0";"3,4";"1109,10";"0,0"
"22/11/2024";"1600";"28,9";"29,8";"28,5";"77,0";"80,0";"76,0";"24,5";"25,2";"24,4";"1005,7";"1006,7";"1005,7";"2,2";"234,0";"4,5";"2579,60";"0,0"
"22/11/2024";"1700";"30,1";"30,3";"28,9";"74,0";"79,0";"71,0";"24,8";"25,4";"24,3";"1004,3";"1005,7";"1004,2";"2,2";"233,0";"4,5";"2723,90";"0,0"
"22/11/2024";"1800";"31,2";"31,3";"30,0";"68,0";"74,0";"68,0";"24,6";"25,3";"24,3";"1003,2";"1004,3";"1003,1";"1,6";"254,0";"4,4";"2530,30";"0,0"
"22/11/2024";"1900";"31,4";"31,6";"30,5";"66,0";"71,0";"65,0";"24,2";"24,9";"23,8";"1002,4";"1003,3";"1002,4";"1,7";"254,0";"3,8";"2003,40";"0,0"
"22/11/2024";"2000";"31,1";"31,6";"31,0";"66,0";"67,0";"64,0";"24,0";"24,6";"23,5";"1001,6";"1002,4";"1001,6";"0,2";"218,0";"3,1";"989,00";"0,0"
"22/11/2024";"2100";"30,6";"31,1";"30,5";"69,0";"71,0";"65,0";"24,3";"24,7";"23,5";"1002,3";"1002,3";"1001,6";"2,1";"236,0";"3,8";"360,80";"0,0"
"22/11/2024";"2200";"29,5";"30,6";"29,5";"77,0";"77,0";"69,0";"25,2";"25,2";"24,3";"1002,7";"1002,7";"1002,3";"2,0";"236,0";"4,1";"51,30";"0,0"
"22/11/2024";"2300";"29,1";"29,5";"29,1";"79,0";"79,0";"77,0";"25,0";"25,3";"24,9";"1003,6";"1003,7";"1002,7";"2,1";"231,0";"4,0";"";"0,0"
"23/11/2024";"0000";"28,7";"29,2";"28,7";"78,0";"80,0";"77,0";"24,5";"25,2";"24,3";"1004,1";"1004,1";"1003,6";"1,2";"234,0";"3,6";"";"0,0"
"23/11/2024";"0100";"28,3";"28,7";"28,3";"79,0";"80,0";"77,0";"24,4";"24,5";"24,1";"1005,0";"1005,0";"1004,1";"1,4";"230,0";"3,7";"";"0,0"
"23/11/2024";"0200";"28,1";"28,4";"28,0";"82,0";"83,0";"79,0";"24,8";"24,9";"24,4";"1005,4";"1005,4";"1004,9";"2,0";"230,0";"3,8";"";"0,0"
"23/11/2024";"0300";"27,5";"28,1";"27,5";"87,0";"87,0";"82,0";"25,1";"25,2";"24,8";"1005,2";"1005,4";"1005,2";"1,9";"229,0";"4,6";"";"0,0"
"23/11/2024";"0400";"27,2";"27,5";"27,1";"89,0";"89,0";"87,0";"25,1";"25,2";"25,0";"1004,9";"1005,2";"1004,9";"2,7";"232,0";"5,5";"";"0,0"
"23/11/2024";"0500";"26,8";"27,2";"26,7";"89,0";"89,0";"88,0";"24,8";"25,1";"24,8";"1004,3";"1004,9";"1004,3";"2,7";"231,0";"5,1";"";"0,0"
"23/11/2024";"0600";"26,5";"26,8";"26,5";"90,0";"90,0";"89,0";"24,7";"24,9";"24,6";"1003,5";"1004,3";"1003,5";"2,6";"237,0";"4,9";"";"0,0"
"23/11/2024";"0700";"26,5";"26,5";"26,3";"89,0";"91,0";"89,0";"24,5";"24,8";"24,5";"1003,7";"1003,7";"1003,3";"3,1";"229,0";"5,6";"";"0,0"
"23/11/2024";"0800";"26,1";"26,5";"26,1";"90,0";"90,0";"89,0";"24,3";"24,5";"24,3";"1003,9";"1003,9";"1003,7";"2,9";"233,0";"5,8";"";"0,0"
"23/11/2024";"0900";"26,1";"26,2";"26,0";"88,0";"90,0";"88,0";"23,9";"24,5";"23,9";"1004,6";"1004,6";"1003,9";"1,8";"229,0";"5,8";"";"0,0"
"23/11/2024";"1000";"25,8";"26,2";"25,8";"90,0";"90,0";"88,0";"24,0";"24,1";"23,8";"1006,5";"1006,5";"1004,6";"1,8";"271,0";"4,4";"3,30";"0,0"
"23/11/2024";"1100";"24,3";"25,8";"23,8";"91,0";"93,0";"85,0";"22,7";"24,0";"22,0";"1006,9";"1007,0";"1006,4";"0,1";"232,0";"7,2";"109,50";"5,2"
"23/11/2024";"1200";"25,3";"25,3";"24,3";"87,0";"91,0";"87,0";"22,9";"23,1";"22,6";"1007,7";"1007,7";"1006,9";"0,6";"328,0";"1,8";"299,50";"0,0"
"23/11/2024";"1300";"25,9";"26,2";"25,2";"85,0";"88,0";"84,0";"23,2";"23,5";"22,6";"1008,0";"1008,0";"1007,7";"0,4";"234,0";"2,1";"624,20";"0,0"
"23/11/2024";"1400";"27,0";"27,5";"25,9";"82,0";"87,0";"80,0";"23,7";"24,3";"22,9";"1007,9";"1008,0";"1007,9";"0,9";"215,0";"2,6";"1307,70";"0,0"
"23/11/2024";"1500";"28,5";"28,8";"26,9";"76,0";"83,0";"75,0";"23,9";"24,5";"23,1";"1007,0";"1007,9";"1007,0";"0,8";"305,0";"3,2";"2159,10";"0,0"
"23/11/2024";"1600";"29,3";"29,9";"28,1";"73,0";"78,0";"71,0";"23,9";"24,9";"23,4";"1005,7";"1007,0";"1005,7";"1,5";"229,0";"3,0";"2686,10";"0,0"
"23/11/2024";"1700";"30,7";"31,0";"29,2";"61,0";"75,0";"60,0";"22,3";"24,7";"22,2";"1004,9";"1005,7";"1004,9";"1,3";"213,0";"2,9";"2619,40";"0,0"
"23/11/2024";"1800";"31,1";"31,6";"30,7";"63,0";"67,0";"61,0";"23,1";"24,3";"22,4";"1003,8";"1004,9";"1003,8";"1,1";"226,0";"2,8";"2219,60";"0,0"
"23/11/2024";"1900";"31,7";"32,3";"31,1";"62,0";"66,0";"58,0";"23,4";"24,3";"22,6";"1003,0";"1003,8";"1003,0";"0,6";"204,0";"2,2";"1816,90";"0,0"
"23/11/2024";"2000";"31,0";"32,7";"31,0";"65,0";"66,0";"58,0";"23,6";"24,4";"23,0";"1002,7";"1003,0";"1002,6";"0,1";"231,0";"2,2";"882,60";"0,0"
"23/11/2024";"2100";"30,0";"31,1";"30,0";"73,0";"73,0";"65,0";"24,6";"24,6";"23,6";"1002,5";"1002,7";"1002,4";"0,0";"254,0";"1,3";"296,20";"0,0"
"23/11/2024";"2200";"28,7";"30,0";"28,7";"79,0";"79,0";"72,0";"24,7";"24,7";"24,1";"1003,0";"1003,1";"1002,5";"0,0";"285,0";"0,0";"23,30";"0,0"
"23/11/2024";"2300";"28,2";"28,6";"28,1";"81,0";"82,0";"79,0";"24,6";"24,9";"24,6";"1003,8";"1003,8";"1003,0";"0,0";"285,0";"0,0";"";"0,0"
"24/11/2024";"0000";"28,1";"28,9";"28,0";"81,0";"82,0";"76,0";"24,5";"24,7";"24,2";"1004,4";"1004,4";"1003,7";"1,3";"343,0";"2,4";"";"0,0"
"24/11/2024";"0100";"27,6";"28,3";"27,5";"82,0";"83,0";"78,0";"24,4";"24,5";"24,1";"1004,9";"1004,9";"1004,4";"0,8";"332,0";"4,2";"";"0,0"
"24/11/2024";"0200";"27,3";"27,8";"27,2";"83,0";"85,0";"81,0";"24,0";"24,5";"24,0";"1005,3";"1005,3";"1004,9";"0,3";"309,0";"2,4";"";"0,0"
"24/11/2024";"0300";"26,7";"27,4";"26,7";"85,0";"85,0";"82,0";"24,0";"24,1";"23,8";"1005,3";"1005,4";"1005,1";"0,0";"296,0";"1,8";"";"0,0"
"24/11/2024";"0400";"27,0";"27,1";"26,7";"82,0";"85,0";"82,0";"23,6";"24,1";"23,6";"1005,0";"1005,3";"1005,0";"0,8";"330,0";"2,1";"";"0,0"
"24/11/2024";"0500";"26,8";"27,1";"26,7";"82,0";"83,0";"81,0";"23,6";"23,7";"23,5";"1004,6";"1005,0";"1004,6";"1,1";"335,0";"3,0";"";"0,0"
"24/11/2024";"0600";"26,6";"26,9";"26,6";"85,0";"85,0";"82,0";"23,8";"23,9";"23,5";"1004,1";"1004,6";"1004,1";"0,5";"332,0";"2,2";"";"0,0"
"24/11/2024";"0700";"26,6";"27,2";"26,4";"83,0";"85,0";"79,0";"23,4";"23,9";"23,2";"1004,2";"1004,2";"1003,9";"1,6";"338,0";"3,2";"";"0,0"
"24/11/2024";"0800";"26,5";"26,8";"26,2";"83,0";"86,0";"81,0";"23,4";"23,7";"23,3";"1004,4";"1004,4";"1004,2";"1,6";"344,0";"3,2";"";"0,0"
"24/11/2024";"0900";"26,4";"26,5";"26,2";"84,0";"86,0";"83,0";"23,4";"23,7";"23,4";"1005,0";"1005,1";"1004,4";"1,4";"340,0";"2,9";"";"0,0"
"24/11/2024";"1000";"25,9";"26,5";"25,6";"87,0";"88,0";"83,0";"23,5";"23,5";"23,2";"1005,5";"1005,5";"1005,0";"0,7";"290,0";"3,4";"18,90";"0,0"
"24/11/2024";"1100";"27,2";"27,2";"25,9";"79,0";"87,0";"79,0";"23,3";"23,8";"23,1";"1006,9";"1006,9";"1005,5";"0,4";"242,0";"1,4";"299,10";"0,0"
"24/11/2024";"1200";"27,6";"27,7";"27,1";"82,0";"82,0";"78,0";"24,2";"24,4";"23,1";"1008,0";"1008,0";"1006,9";"0,2";"265,0";"2,4";"404,20";"0,0"
"24/11/2024";"1300";"28,5";"29,3";"26,8";"74,0";"87,0";"72,0";"23,4";"24,9";"23,0";"1008,1";"1008,1";"1007,9";"0,7";"222,0";"3,7";"834,80";"0,0"
"24/11/2024";"1400";"29,3";"29,3";"28,2";"77,0";"79,0";"73,0";"24,7";"24,9";"23,2";"1007,6";"1008,1";"1007,6";"1,6";"231,0";"3,4";"1614,20";"0,0"
"24/11/2024";"1500";"30,4";"30,5";"28,8";"72,0";"79,0";"72,0";"24,9";"25,8";"24,4";"1007,2";"1007,6";"1007,2";"1,6";"240,0";"3,3";"2237,70";"0,0"
"24/11/2024";"1600";"30,7";"31,2";"29,9";"68,0";"75,0";"68,0";"24,2";"25,8";"24,2";"1006,3";"1007,2";"1006,3";"1,6";"233,0";"3,0";"2872,90";"0,0"
"24/11/2024";"1700";"31,6";"31,8";"30,6";"65,0";"71,0";"64,0";"24,1";"25,2";"23,5";"1004,7";"1006,3";"1004,7";"2,1";"238,0";"3,7";"2822,00";"0,0"
"24/11/2024";"1800";"31,7";"32,1";"31,4";"64,0";"67,0";"63,0";"24,0";"24,7";"23,6";"1003,5";"1004,7";"1003,5";"1,8";"237,0";"4,0";"2513,90";"0,0"
"24/11/2024";"1900";"29,1";"32,1";"29,1";"60,0";"65,0";"56,0";"20,5";"24,4";"19,7";"1003,4";"1004,1";"1003,3";"3,5";"331,0";"8,9";"1851,50";"0,0"
"24/11/2024";"2000";"32,4";"32,5";"29,1";"47,0";"64,0";"45,0";"19,5";"22,3";"19,1";"1002,5";"1003,4";"1002,3";"1,0";"289,0";"8,7";"1539,30";"0,0"
"24/11/2024";"2100";"29,3";"32,4";"29,3";"69,0";"72,0";"47,0";"23,0";"23,9";"19,6";"1002,9";"1002,9";"1002,3";"1,6";"306,0";"4,5";"567,40";"0,0"
"24/11/2024";"2200";"28,1";"29,3";"28,1";"76,0";"76,0";"69,0";"23,5";"23,7";"22,9";"1003,8";"1003,8";"1002,8";"1,2";"302,0";"3,6";"84,10";"0,0"
"24/11/2024";"2300";"27,3";"28,1";"27,2";"81,0";"82,0";"76,0";"23,7";"23,8";"23,2";"1004,0";"1004,0";"1003,7";"0,1";"324,0";"2,1";"";"0,0"
"25/11/2024";"0000";"27,1";"27,3";"26,9";"81,0";"82,0";"79,0";"23,5";"23,7";"23,3";"1004,9";"1004,9";"1003,9";"0,0";"303,0";"1,4";"";"0,0"
"25/11/2024";"0100";"26,8";"27,5";"26,8";"82,0";"83,0";"78,0";"23,5";"23,9";"23,3";"1005,8";"1005,8";"1004,9";"0,4";"331,0";"2,0";"";"0,0"
"25/11/2024";"0200";"27,2";"27,2";"26,4";"80,0";"84,0";"80,0";"23,4";"23,6";"23,4";"1006,1";"1006,1";"1005,8";"0,8";"339,0";"3,0";"";"0,0"
"25/11/2024";"0300";"26,7";"27,1";"26,4";"83,0";"83,0";"80,0";"23,6";"23,7";"23,1";"1006,3";"1006,4";"1006,1";"0,5";"292,0";"3,0";"";"0,0"
"25/11/2024";"0400";"26,2";"26,7";"25,8";"85,0";"88,0";"83,0";"23,4";"23,9";"23,4";"1005,8";"1006,4";"1005,8";"0,6";"337,0";"2,0";"";"0,0"
"25/11/2024";"0500";"26,0";"26,7";"26,0";"83,0";"85,0";"80,0";"22,9";"23,3";"22,7";"1005,0";"1005,8";"1005,0";"1,5";"345,0";"2,6";"";"0,0"
"25/11/2024";"0600";"25,3";"26,1";"25,3";"87,0";"87,0";"83,0";"22,9";"23,1";"22,8";"1004,2";"1005,0";"1004,2";"0,2";"306,0";"2,2";"";"0,0"
"25/11/2024";"0700";"25,0";"25,3";"25,0";"87,0";"88,0";"85,0";"22,7";"23,0";"22,6";"1003,9";"1004,2";"1003,9";"0,0";"316,0";"1,0";"";"0,0"
"25/11/2024";"0800";"24,7";"25,0";"24,6";"90,0";"90,0";"87,0";"22,9";"22,9";"22,6";"1004,2";"1004,2";"1003,9";"0,0";"326,0";"0,0";"";"0,0"
"25/11/2024";"0900";"24,7";"24,8";"24,6";"88,0";"90,0";"88,0";"22,7";"22,9";"22,7";"1004,9";"1004,9";"1004,2";"0,1";"310,0";"1,4";"";"0,0"
"25/11/2024";"1000";"25,0";"25,0";"24,6";"89,0";"89,0";"88,0";"23,0";"23,0";"22,6";"1005,6";"1005,6";"1004,9";"0,0";"286,0";"0,9";"26,90";"0,0"
"25/11/2024";"1100";"26,9";"26,9";"25,0";"83,0";"89,0";"82,0";"23,8";"23,8";"23,0";"1006,6";"1006,6";"1005,6";"0,4";"339,0";"1,1";"309,50";"0,0"
"25/11/2024";"1200";"28,2";"28,9";"26,9";"79,0";"83,0";"76,0";"24,2";"24,8";"23,5";"1007,5";"1007,5";"1006,6";"1,0";"250,0";"2,1";"881,90";"0,0"
"25/11/2024";"1300";"29,0";"29,1";"28,0";"76,0";"80,0";"75,0";"24,3";"24,7";"23,7";"1008,0";"1008,0";"1007,5";"0,9";"241,0";"2,3";"1534,90";"0,0"
"25/11/2024";"1400";"29,5";"29,7";"29,0";"75,0";"77,0";"73,0";"24,6";"25,0";"24,2";"1008,2";"1008,3";"1008,0";"1,7";"235,0";"2,7";"1979,20";"0,0"
"25/11/2024";"1500";"30,6";"30,8";"29,4";"70,0";"76,0";"69,0";"24,4";"25,3";"24,0";"1007,3";"1008,2";"1007,3";"1,3";"212,0";"3,4";"2147,30";"0,0"
"25/11/2024";"1600";"31,5";"32,3";"30,3";"64,0";"71,0";"62,0";"23,8";"25,3";"23,7";"1006,2";"1007,3";"1006,2";"1,0";"217,0";"3,4";"2601,80";"0,0"
"25/11/2024";"1700";"31,7";"32,3";"31,2";"63,0";"68,0";"60,0";"23,8";"25,1";"23,0";"1004,6";"1006,2";"1004,6";"1,5";"222,0";"3,2";"2627,40";"0,0"
"25/11/2024";"1800";"31,1";"32,0";"31,0";"65,0";"68,0";"62,0";"23,6";"25,0";"23,3";"1003,5";"1004,6";"1003,5";"0,6";"232,0";"2,8";"1096,30";"0,0"
"25/11/2024";"1900";"31,0";"32,3";"30,9";"64,0";"68,0";"59,0";"23,4";"24,6";"22,8";"1002,3";"1003,5";"1002,3";"0,0";"238,0";"2,2";"711,10";"0,0"
"25/11/2024";"2000";"31,1";"31,1";"30,9";"66,0";"69,0";"64,0";"24,1";"24,4";"23,5";"1001,9";"1002,3";"1001,8";"0,0";"223,0";"3,0";"484,30";"0,0"
"25/11/2024";"2100";"30,2";"31,1";"30,2";"70,0";"72,0";"66,0";"24,2";"24,8";"23,8";"1001,9";"1002,0";"1001,8";"0,2";"222,0";"1,4";"268,80";"0,0"
"25/11/2024";"2200";"29,2";"30,2";"29,1";"77,0";"77,0";"69,0";"24,7";"25,0";"24,0";"1002,6";"1002,6";"1001,9";"0,4";"309,0";"1,9";"59,40";"0,0"
"25/11/2024";"2300";"28,6";"29,2";"28,5";"84,0";"84,0";"77,0";"25,5";"25,9";"24,7";"1004,0";"1004,0";"1002,6";"0,0";"244,0";"1,9";"";"0,0"
"26/11/2024";"0000";"27,9";"28,7";"27,9";"87,0";"88,0";"84,0";"25,6";"25,8";"25,4";"1005,1";"1005,1";"1004,0";"0,0";"239,0";"1,3";"";"0,0"
"26/11/2024";"0100";"28,0";"28,5";"27,8";"80,0";"87,0";"76,0";"24,2";"25,6";"23,9";"1005,8";"1005,8";"1005,1";"0,0";"213,0";"1,3";"";"0,0"
"26/11/2024";"0200";"";"";"";"";"";"";"";"";"";"";"";"";"";"";"";"";""
"26/11/2024";"0300";"28,0";"28,0";"27,1";"83,0";"86,0";"83,0";"24,9";"25,0";"24,3";"1006,1";"1006,3";"1006,1";"0,6";"247,0";"1,3";"";"0,0"
"26/11/2024";"0400";"28,0";"28,2";"27,8";"85,0";"86,0";"83,0";"25,2";"25,4";"24,9";"1005,9";"1006,2";"1005,9";"0,0";"251,0";"1,7";"";"0,0"
"26/11/2024";"0500";"27,5";"28,1";"27,3";"88,0";"91,0";"85,0";"25,4";"25,9";"25,2";"1005,1";"1005,9";"1005,1";"0,6";"266,0";"1,8";"";"0,0"
"26/11/2024";"0600";"27,1";"27,6";"26,8";"83,0";"88,0";"82,0";"24,1";"25,4";"23,9";"1004,6";"1005,2";"1004,6";"0,1";"212,0";"1,9";"";"0,0"
"26/11/2024";"0700";"26,6";"27,3";"26,4";"88,0";"88,0";"82,0";"24,4";"24,4";"23,9";"1004,2";"1004,6";"1004,2";"0,0";"207,0";"1,0";"";"0,0"
"26/11/2024";"0800";"26,5";"26,9";"26,5";"86,0";"88,0";"85,0";"24,0";"24,6";"24,0";"1004,3";"1004,3";"1004,0";"0,0";"232,0";"1,2";"";"0,0"
"26/11/2024";"0900";"25,9";"26,5";"25,8";"88,0";"88,0";"85,0";"23,7";"24,0";"23,6";"1004,7";"1004,7";"1004,3";"0,0";"254,0";"1,2";"";"0,0"
"26/11/2024";"1000";"26,0";"26,7";"25,8";"90,0";"90,0";"86,0";"24,1";"24,4";"23,7";"1006,1";"1006,1";"1004,7";"0,0";"282,0";"1,5";"14,60";"0,0"
"26/11/2024";"1100";"26,1";"26,4";"26,0";"85,0";"90,0";"84,0";"23,3";"24,4";"23,3";"1007,9";"1007,9";"1006,1";"2,1";"254,0";"8,4";"42,10";"0,0"
"26/11/2024";"1200";"23,9";"26,1";"23,4";"94,0";"94,0";"85,0";"22,8";"23,4";"22,3";"1008,0";"1008,5";"1007,9";"2,5";"292,0";"8,4";"120,00";"19,4"
"26/11/2024";"1300";"25,5";"25,7";"23,9";"87,0";"93,0";"87,0";"23,2";"23,9";"22,7";"1008,5";"1008,5";"1008,0";"0,7";"272,0";"4,3";"698,60";"0,2"
"26/11/2024";"1400";"26,5";"26,8";"25,4";"80,0";"88,0";"79,0";"22,7";"23,6";"22,5";"1008,4";"1008,7";"1008,4";"1,9";"269,0";"4,3";"1426,70";"0,0"
"26/11/2024";"1500";"27,9";"27,9";"26,5";"79,0";"82,0";"74,0";"24,0";"24,0";"22,5";"1007,4";"1008,3";"1007,4";"1,4";"283,0";"4,1";"1733,40";"0,0"
"26/11/2024";"1600";"29,4";"29,8";"27,9";"69,0";"79,0";"67,0";"23,0";"24,0";"22,4";"1006,5";"1007,4";"1006,4";"1,9";"285,0";"5,1";"2636,40";"0,0"
"26/11/2024";"1700";"29,8";"30,9";"29,2";"67,0";"70,0";"63,0";"22,9";"23,8";"22,5";"1005,5";"1006,5";"1005,5";"2,1";"271,0";"5,1";"2460,10";"0,0"
"26/11/2024";"1800";"30,4";"30,7";"29,7";"65,0";"70,0";"64,0";"23,1";"24,2";"22,7";"1004,2";"1005,5";"1004,2";"1,5";"258,0";"5,5";"2061,30";"0,0"
"26/11/2024";"1900";"30,5";"31,1";"30,4";"66,0";"67,0";"63,0";"23,4";"23,9";"22,7";"1003,0";"1004,2";"1003,0";"1,3";"260,0";"5,3";"1880,30";"0,0"
"26/11/2024";"2000";"29,8";"30,6";"29,7";"67,0";"68,0";"64,0";"23,1";"23,6";"22,6";"1002,4";"1003,0";"1002,3";"1,9";"279,0";"5,3";"925,40";"0,0"
"26/11/2024";"2100";"28,7";"29,9";"28,7";"72,0";"73,0";"67,0";"23,2";"23,5";"23,0";"1001,9";"1002,4";"1001,9";"0,9";"270,0";"4,4";"450,60";"0,0"
"26/11/2024";"2200";"27,6";"28,7";"27,6";"77,0";"77,0";"73,0";"23,2";"23,4";"23,1";"1002,3";"1002,3";"1001,7";"0,4";"283,0";"2,5";"66,30";"0,0"
"26/11/2024";"2300";"27,1";"27,6";"27,0";"81,0";"81,0";"77,0";"23,6";"23,6";"23,2";"1003,0";"1003,0";"1002,3";"0,5";"280,0";"1,8";"";"0,0"
"27/11/2024";"0000";"27,0";"27,1";"26,9";"82,0";"82,0";"81,0";"23,6";"23,7";"23,6";"1004,2";"1004,2";"1003,0";"0,6";"283,0";"1,9";"";"0,0"
"27/11/2024";"0100";"26,2";"27,0";"26,2";"88,0";"88,0";"82,0";"23,9";"24,0";"23,6";"1004,7";"1004,7";"1004,2";"0,1";"303,0";"1,7";"";"0,0"
"27/11/2024";"0200";"";"";"";"";"";"";"";"";"";"";"";"";"";"";"";"";""
"27/11/2024";"0300";"25,9";"26,4";"25,9";"89,0";"89,0";"87,0";"24,0";"24,2";"23,9";"1004,7";"1005,3";"1004,7";"0,0";"264,0";"0,8";"";"0,0"
"27/11/2024";"0400";"25,5";"25,9";"25,5";"91,0";"91,0";"89,0";"23,9";"24,0";"23,9";"1003,9";"1004,7";"1003,9";"0,0";"297,0";"0,0";"";"0,0"
"27/11/2024";"0500";"25,4";"25,5";"25,4";"91,0";"92,0";"91,0";"23,8";"24,0";"23,8";"1003,1";"1003,9";"1003,1";"0,0";"298,0";"0,0";"";"0,0"
"27/11/2024";"0600";"25,1";"25,4";"25,0";"92,0";"92,0";"91,0";"23,7";"23,8";"23,5";"1002,7";"1003,1";"1002,7";"0,0";"311,0";"1,3";"";"0,0"
"27/11/2024";"0700";"25,3";"25,3";"24,9";"91,0";"92,0";"91,0";"23,7";"23,8";"23,5";"1002,6";"1002,7";"1002,5";"0,0";"293,0";"0,0";"";"0,0"
"27/11/2024";"0800";"25,1";"25,4";"25,0";"92,0";"92,0";"90,0";"23,7";"23,8";"23,5";"1003,0";"1003,0";"1002,4";"0,0";"305,0";"0,0";"";"0,0"
"27/11/2024";"0900";"24,7";"25,1";"24,7";"93,0";"93,0";"92,0";"23,5";"23,8";"23,4";"1003,9";"1003,9";"1003,0";"0,0";"300,0";"0,0";"";"0,0"
"27/11/2024";"1000";"24,9";"24,9";"24,7";"93,0";"94,0";"93,0";"23,8";"23,8";"23,5";"1005,1";"1005,1";"1003,9";"1,7";"298,0";"3,5";"8,10";"0,0"
"27/11/2024";"1100";"25,7";"25,7";"24,9";"91,0";"93,0";"91,0";"24,2";"24,2";"23,8";"1006,3";"1006,3";"1005,1";"1,0";"307,0";"3,1";"160,00";"0,0"
"27/11/2024";"1200";"27,5";"27,6";"25,7";"82,0";"92,0";"82,0";"24,1";"24,6";"24,0";"1007,0";"1007,0";"1006,3";"0,6";"319,0";"1,8";"693,20";"0,0"
"27/11/2024";"1300";"28,9";"29,4";"27,5";"73,0";"82,0";"73,0";"23,7";"24,9";"23,7";"1007,1";"1007,3";"1007,0";"0,6";"280,0";"2,9";"1429,00";"0,0"
"27/11/2024";"1400";"30,5";"30,8";"28,8";"72,0";"76,0";"68,0";"24,8";"25,2";"23,9";"1006,8";"1007,2";"1006,8";"1,0";"236,0";"3,5";"1884,70";"0,0"
"27/11/2024";"1500";"31,5";"31,6";"30,0";"64,0";"74,0";"63,0";"24,0";"25,6";"23,4";"1005,8";"1006,8";"1005,8";"2,2";"269,0";"4,8";"2427,70";"0,0"
"27/11/2024";"1600";"32,1";"32,7";"31,2";"59,0";"66,0";"57,0";"23,0";"24,6";"22,5";"1004,8";"1005,8";"1004,8";"1,9";"291,0";"4,8";"2674,30";"0,0"
"27/11/2024";"1700";"32,7";"32,8";"30,8";"56,0";"65,0";"54,0";"22,7";"23,9";"21,9";"1003,6";"1004,8";"1003,6";"1,8";"267,0";"4,6";"1893,00";"0,0"
"27/11/2024";"1800";"33,3";"33,4";"32,4";"54,0";"57,0";"50,0";"22,6";"23,5";"21,6";"1002,5";"1003,6";"1002,5";"1,1";"247,0";"6,1";"2392,90";"0,0"
"27/11/2024";"1900";"32,4";"33,8";"32,4";"57,0";"58,0";"52,0";"22,8";"23,6";"21,7";"1001,4";"1002,5";"1001,4";"1,1";"262,0";"5,2";"1607,10";"0,0"
"27/11/2024";"2000";"32,7";"32,8";"31,9";"57,0";"60,0";"55,0";"23,0";"23,3";"22,5";"1000,9";"1001,4";"1000,9";"0,8";"258,0";"4,9";"1163,20";"0,0"
"27/11/2024";"2100";"31,3";"32,9";"31,3";"62,0";"62,0";"56,0";"23,1";"23,9";"22,5";"1000,5";"1000,9";"1000,5";"1,1";"275,0";"4,5";"578,30";"0,0"
"27/11/2024";"2200";"30,1";"31,3";"30,1";"65,0";"66,0";"62,0";"22,6";"23,6";"22,6";"1001,0";"1001,1";"1000,5";"1,5";"284,0";"3,3";"74,70";"0,0"
"27/11/2024";"2300";"28,9";"30,0";"28,9";"72,0";"72,0";"64,0";"23,3";"23,3";"22,5";"1001,9";"1001,9";"1001,0";"1,2";"294,0";"2,9";"";"0,0"
"28/11/2024";"0000";"27,8";"29,2";"27,8";"78,0";"79,0";"68,0";"23,7";"23,8";"22,8";"1002,7";"1002,7";"1001,9";"1,1";"299,0";"2,1";"";"0,0"
"28/11/2024";"0100";"28,4";"28,8";"27,7";"73,0";"78,0";"71,0";"23,0";"23,7";"23,0";"1003,3";"1003,3";"1002,7";"1,2";"283,0";"2,2";"";"0,0"
"28/11/2024";"0200";"27,0";"28,6";"27,0";"81,0";"81,0";"72,0";"23,6";"23,7";"23,0";"1003,6";"1003,7";"1003,3";"0,0";"293,0";"2,2";"";"0,0"
"28/11/2024";"0300";"26,5";"27,0";"26,4";"84,0";"85,0";"81,0";"23,5";"23,7";"23,4";"1003,4";"1003,7";"1003,4";"0,6";"294,0";"1,2";"";"0,0"
"28/11/2024";"0400";"26,3";"26,8";"26,3";"83,0";"84,0";"81,0";"23,2";"23,6";"23,2";"1003,2";"1003,4";"1003,2";"1,0";"313,0";"2,1";"";"0,0"
"28/11/2024";"0500";"26,3";"26,3";"26,1";"82,0";"84,0";"81,0";"22,9";"23,3";"22,9";"1002,6";"1003,2";"1002,6";"0,9";"314,0";"2,9";"";"0,0"
"28/11/2024";"0600";"26,2";"26,5";"26,1";"81,0";"82,0";"80,0";"22,6";"22,9";"22,6";"1002,1";"1002,6";"1002,1";"0,9";"315,0";"2,0";"";"0,0"
"28/11/2024";"0700";"25,7";"26,2";"25,7";"83,0";"83,0";"81,0";"22,6";"22,7";"22,5";"1001,7";"1002,1";"1001,6";"0,2";"301,0";"1,7";"";"0,0"
"28/11/2024";"0800";"25,4";"25,7";"25,3";"86,0";"86,0";"83,0";"22,9";"23,0";"22,5";"1002,3";"1002,3";"1001,7";"0,0";"183,0";"0,9";"";"0,0"
"28/11/2024";"0900";"25,2";"25,5";"25,1";"89,0";"89,0";"86,0";"23,2";"23,2";"22,8";"1003,2";"1003,2";"1002,3";"0,0";"294,0";"0,0";"";"0,0"
"28/11/2024";"1000";"25,0";"25,2";"24,9";"91,0";"91,0";"89,0";"23,4";"23,6";"23,1";"1004,3";"1004,3";"1003,2";"0,0";"298,0";"0,4";"21,90";"0,0"
"28/11/2024";"1100";"27,2";"27,2";"25,0";"88,0";"91,0";"87,0";"25,0";"25,0";"23,4";"1005,4";"1005,4";"1004,3";"0,0";"272,0";"0,9";"259,00";"0,0"
"28/11/2024";"1200";"28,2";"28,6";"27,2";"80,0";"88,0";"79,0";"24,3";"25,2";"24,0";"1006,2";"1006,2";"1005,4";"1,1";"233,0";"1,7";"920,10";"0,0"
"28/11/2024";"1300";"29,3";"29,4";"28,2";"74,0";"81,0";"73,0";"24,2";"25,2";"23,9";"1006,4";"1006,5";"1006,2";"1,2";"232,0";"2,4";"1559,10";"0,0"
"28/11/2024";"1400";"30,6";"30,8";"29,3";"64,0";"74,0";"63,0";"23,0";"24,4";"22,5";"1006,2";"1006,4";"1006,2";"1,3";"217,0";"2,5";"2023,20";"0,0"
"28/11/2024";"1500";"32,0";"32,7";"30,4";"59,0";"65,0";"58,0";"22,9";"24,3";"22,2";"1005,5";"1006,2";"1005,5";"0,7";"249,0";"3,2";"2487,90";"0,0"
"28/11/2024";"1600";"33,7";"34,0";"32,0";"48,0";"59,0";"48,0";"21,3";"23,2";"21,3";"1004,4";"1005,5";"1004,4";"1,4";"251,0";"5,5";"2662,50";"0,0"
"28/11/2024";"1700";"34,4";"34,6";"32,7";"45,0";"58,0";"45,0";"20,7";"23,0";"20,7";"1003,2";"1004,5";"1003,2";"1,3";"253,0";"5,5";"2734,90";"0,0"
"28/11/2024";"1800";"34,7";"34,7";"33,7";"44,0";"49,0";"41,0";"20,8";"22,0";"19,4";"1002,5";"1003,2";"1002,5";"1,5";"246,0";"5,1";"2373,30";"0,0"
"28/11/2024";"1900";"34,6";"35,0";"34,3";"40,0";"45,0";"39,0";"18,9";"21,2";"18,4";"1001,6";"1002,5";"1001,6";"1,6";"268,0";"4,9";"2141,00";"0,0"
"28/11/2024";"2000";"33,7";"34,7";"33,6";"52,0";"53,0";"39,0";"22,6";"22,7";"18,5";"1001,4";"1001,6";"1001,4";"0,7";"230,0";"4,7";"1432,30";"0,0"
"28/11/2024";"2100";"32,9";"34,0";"32,9";"50,0";"55,0";"45,0";"20,9";"23,0";"20,3";"1001,5";"1001,5";"1001,4";"0,8";"262,0";"2,7";"659,10";"0,0"
"28/11/2024";"2200";"31,2";"32,9";"31,2";"52,0";"52,0";"48,0";"20,1";"21,0";"19,7";"1001,6";"1001,6";"1001,4";"0,8";"281,0";"2,9";"70,40";"0,0"
"28/11/2024";"2300";"29,0";"31,2";"29,0";"66,0";"66,0";"52,0";"22,0";"22,0";"20,2";"1002,0";"1002,0";"1001,6";"0,7";"290,0";"1,8";"";"0,0"
"29/11/2024";"0000";"28,1";"29,6";"28,0";"70,0";"71,0";"61,0";"22,1";"22,3";"21,3";"1002,8";"1002,8";"1002,0";"0,4";"289,0";"2,1";"";"0,0"
"29/11/2024";"0100";"";"";"";"";"";"";"";"";"";"";"";"";"";"";"";"";""
"29/11/2024";"0200";"27,6";"27,9";"27,5";"74,0";"74,0";"71,0";"22,4";"22,7";"22,1";"1003,9";"1003,9";"1003,4";"0,0";"278,0";"0,0";"";"0,0"
"29/11/2024";"0300";"26,7";"27,6";"26,5";"78,0";"81,0";"74,0";"22,6";"22,9";"22,4";"1004,1";"1004,1";"1003,9";"1,3";"303,0";"2,0";"";"0,0"
"29/11/2024";"0400";"26,2";"26,9";"26,2";"80,0";"80,0";"75,0";"22,5";"22,8";"22,1";"1004,0";"1004,2";"1004,0";"0,6";"309,0";"2,0";"";"0,0"
"29/11/2024";"0500";"26,6";"26,7";"26,1";"78,0";"82,0";"78,0";"22,6";"22,8";"22,5";"1003,4";"1004,1";"1003,4";"1,2";"287,0";"2,2";"";"0,0"
"29/11/2024";"0600";"26,0";"27,4";"26,0";"83,0";"83,0";"75,0";"22,9";"23,0";"22,4";"1002,9";"1003,4";"1002,9";"0,9";"299,0";"2,0";"";"0,0"
"29/11/2024";"0700";"26,6";"26,7";"26,0";"79,0";"83,0";"79,0";"22,7";"22,9";"22,6";"1002,9";"1003,0";"1002,9";"0,0";"250,0";"1,5";"";"0,0"
"29/11/2024";"0800";"25,3";"26,6";"25,2";"86,0";"86,0";"79,0";"22,8";"22,8";"22,5";"1003,3";"1003,3";"1002,9";"0,2";"298,0";"1,2";"";"0,0"
"29/11/2024";"0900";"25,0";"25,6";"25,0";"88,0";"88,0";"84,0";"22,8";"22,9";"22,7";"1004,1";"1004,1";"1003,3";"0,7";"299,0";"1,2";"";"0,0"
"29/11/2024";"1000";"25,2";"25,2";"24,9";"88,0";"89,0";"87,0";"23,1";"23,1";"22,7";"1004,8";"1004,8";"1004,1";"0,0";"281,0";"1,1";"19,90";"0,0"
"29/11/2024";"1100";"28,3";"28,3";"25,2";"81,0";"89,0";"81,0";"24,7";"25,1";"23,1";"1005,9";"1005,9";"1004,8";"0,2";"200,0";"1,2";"341,40";"0,0"
"29/11/2024";"1200";"30,4";"30,4";"28,2";"67,0";"81,0";"67,0";"23,6";"25,1";"23,4";"1006,8";"1006,8";"1005,9";"1,0";"209,0";"2,6";"965,70";"0,0"
"29/11/2024";"1300";"30,9";"31,2";"30,2";"69,0";"69,0";"64,0";"24,5";"24,6";"22,9";"1007,1";"1007,2";"1006,8";"1,1";"209,0";"3,3";"1538,90";"0,0"
"29/11/2024";"1400";"31,5";"32,3";"30,7";"66,0";"70,0";"63,0";"24,5";"25,4";"23,6";"1007,0";"1007,1";"1007,0";"0,9";"219,0";"3,1";"1972,50";"0,0"
"29/11/2024";"1500";"32,9";"33,1";"31,5";"59,0";"68,0";"58,0";"23,8";"25,5";"23,3";"1006,4";"1007,0";"1006,4";"0,9";"227,0";"3,1";"2526,30";"0,0"
"29/11/2024";"1600";"33,5";"33,9";"32,4";"56,0";"62,0";"55,0";"23,4";"25,0";"22,9";"1005,4";"1006,4";"1005,4";"1,2";"248,0";"3,5";"2417,20";"0,0"
"29/11/2024";"1700";"35,1";"35,1";"33,4";"45,0";"57,0";"43,0";"21,4";"24,0";"20,1";"1004,2";"1005,4";"1004,2";"1,1";"259,0";"4,1";"2534,20";"0,0"
"29/11/2024";"1800";"35,2";"35,2";"34,6";"42,0";"47,0";"39,0";"20,5";"21,7";"19,2";"1003,1";"1004,2";"1003,1";"1,7";"267,0";"5,0";"2584,00";"0,0"
"29/11/2024";"1900";"35,2";"35,3";"34,6";"46,0";"46,0";"39,0";"22,0";"22,0";"19,5";"1002,4";"1003,1";"1002,4";"1,0";"248,0";"4,3";"2002,00";"0,0"
"29/11/2024";"2000";"34,1";"35,2";"34,1";"46,0";"49,0";"43,0";"20,9";"22,5";"20,4";"1001,9";"1002,4";"1001,9";"0,6";"261,0";"3,9";"1307,60";"0,0"
"29/11/2024";"2100";"32,7";"34,2";"32,7";"51,0";"53,0";"46,0";"21,3";"22,4";"20,8";"1002,0";"1002,0";"1001,8";"0,4";"255,0";"2,5";"597,70";"0,0"
"29/11/2024";"2200";"30,2";"32,7";"30,2";"62,0";"62,0";"51,0";"22,1";"22,3";"21,1";"1002,3";"1002,3";"1001,9";"0,1";"291,0";"1,8";"74,50";"0,0"
"29/11/2024";"2300";"30,1";"30,7";"29,7";"61,0";"64,0";"58,0";"21,7";"22,4";"21,4";"1003,0";"1003,0";"1002,3";"1,1";"278,0";"2,1";"";"0,0"
"30/11/2024";"0000";"";"";"";"";"";"";"";"";"";"";"";"";"";"";"";"";""
"30/11/2024";"0100";"28,4";"29,6";"28,3";"69,0";"71,0";"62,0";"22,1";"22,6";"21,4";"1004,2";"1004,2";"1003,6";"0,0";"252,0";"2,2";"";"0,0"
"30/11/2024";"0200";"27,8";"28,6";"27,8";"71,0";"71,0";"68,0";"22,0";"22,3";"21,9";"1004,6";"1004,6";"1004,2";"0,0";"298,0";"0,9";"";"0,0"
"30/11/2024";"0300";"26,7";"27,8";"26,6";"78,0";"79,0";"71,0";"22,6";"22,6";"22,0";"1004,5";"1004,6";"1004,4";"0,0";"310,0";"1,4";"";"0,0"
"30/11/2024";"0400";"26,8";"27,9";"26,4";"77,0";"80,0";"72,0";"22,4";"22,8";"22,2";"1004,3";"1004,5";"1004,3";"0,1";"301,0";"1,7";"";"0,0"
"30/11/2024";"0500";"26,4";"26,8";"26,0";"79,0";"82,0";"77,0";"22,5";"22,8";"22,4";"1004,0";"1004,3";"1003,9";"0,0";"314,0";"1,7";"";"0,0"
"30/11/2024";"0600";"26,2";"26,6";"25,9";"82,0";"83,0";"78,0";"22,9";"22,9";"22,5";"1003,7";"1004,0";"1003,7";"0,0";"308,0";"0,0";"";"0,0"
"30/11/2024";"0700";"25,7";"26,4";"25,7";"84,0";"84,0";"81,0";"22,7";"22,9";"22,6";"1003,2";"1003,7";"1003,2";"0,0";"213,0";"0,0";"";"0,0"
"30/11/2024";"0800";"25,4";"26,0";"25,3";"87,0";"87,0";"82,0";"23,0";"23,0";"22,6";"1003,4";"1003,5";"1003,2";"0,0";"302,0";"0,0";"";"0,0"
"30/11/2024";"0900";"25,7";"25,8";"25,2";"84,0";"87,0";"83,0";"22,7";"23,1";"22,7";"1004,1";"1004,1";"1003,4";"1,3";"301,0";"2,2";"";"0,0"
"30/11/2024";"1000";"25,9";"25,9";"25,5";"82,0";"84,0";"82,0";"22,6";"22,7";"22,4";"1005,1";"1005,1";"1004,1";"0,2";"287,0";"1,9";"20,10";"0,0"
"30/11/2024";"1100";"27,9";"27,9";"25,8";"78,0";"83,0";"75,0";"23,8";"23,8";"22,3";"1006,2";"1006,2";"1005,1";"0,3";"200,0";"1,4";"316,00";"0,0"
"30/11/2024";"1200";"29,1";"29,1";"27,8";"78,0";"80,0";"77,0";"24,9";"25,0";"23,9";"1006,8";"1006,8";"1006,2";"0,7";"221,0";"2,1";"861,70";"0,0"
"30/11/2024";"1300";"30,5";"30,8";"28,9";"65,0";"78,0";"64,0";"23,2";"25,0";"22,8";"1007,2";"1007,2";"1006,8";"0,9";"201,0";"2,2";"1492,30";"0,0"
"30/11/2024";"1400";"31,8";"31,8";"30,2";"64,0";"67,0";"63,0";"24,1";"24,7";"22,7";"1006,7";"1007,2";"1006,7";"1,3";"211,0";"2,4";"1950,10";"0,0"
"30/11/2024";"1500";"33,1";"33,3";"31,6";"53,0";"66,0";"53,0";"22,2";"24,7";"22,2";"1006,2";"1006,7";"1006,2";"1,6";"210,0";"3,7";"2455,80";"0,0"
"30/11/2024";"1600";"33,4";"34,5";"32,8";"53,0";"57,0";"50,0";"22,4";"24,7";"21,9";"1005,2";"1006,2";"1005,2";"1,4";"240,0";"4,6";"2655,80";"0,0"
"30/11/2024";"1700";"34,6";"35,1";"33,5";"44,0";"55,0";"44,0";"20,4";"24,5";"20,4";"1004,2";"1005,2";"1004,2";"1,2";"277,0";"4,6";"2448,20";"0,0"
"30/11/2024";"1800";"34,8";"35,2";"34,4";"42,0";"47,0";"40,0";"19,9";"21,8";"19,3";"1002,9";"1004,2";"1002,9";"1,2";"257,0";"5,2";"2404,50";"0,0"
"30/11/2024";"1900";"34,6";"35,2";"34,5";"46,0";"46,0";"41,0";"21,4";"21,4";"19,7";"1001,9";"1002,9";"1001,9";"1,6";"257,0";"4,5";"1850,20";"0,0"
"30/11/2024";"2000";"33,5";"34,7";"33,4";"51,0";"54,0";"45,0";"22,1";"22,7";"21,0";"1001,5";"1001,9";"1001,5";"0,7";"260,0";"3,9";"960,70";"0,0"
"30/11/2024";"2100";"32,1";"33,8";"32,1";"56,0";"57,0";"50,0";"22,2";"23,4";"21,8";"1001,3";"1001,5";"1001,3";"0,6";"287,0";"2,3";"330,20";"0,0"
"30/11/2024";"2200";"30,6";"32,1";"30,2";"64,0";"67,0";"56,0";"22,8";"23,5";"22,1";"1001,6";"1001,7";"1001,3";"1,0";"292,0";"1,9";"49,20";"0,0"
"30/11/2024";"2300";"";"";"";"";"";"";"";"";"";"";"";"";"";"";"";"";""
"01/12/2024";"0000";"28,6";"29,4";"28,6";"75,0";"75,0";"68,0";"23,6";"23,7";"22,7";"1003,4";"1003,4";"1002,2";"0,0";"310,0";"0,9";"";"0,0"
"01/12/2024";"0100";"28,0";"28,7";"28,0";"80,0";"80,0";"75,0";"24,3";"24,3";"23,6";"1004,0";"1004,0";"1003,4";"0,0";"313,0";"0,5";"";"0,0"
"01/12/2024";"0200";"27,6";"28,0";"27,6";"85,0";"85,0";"80,0";"24,9";"24,9";"24,3";"1004,5";"1004,5";"1004,0";"0,0";"259,0";"0,0";"";"0,0"
"01/12/2024";"0300";"27,1";"27,7";"27,1";"88,0";"88,0";"85,0";"24,9";"25,2";"24,8";"1004,7";"1004,9";"1004,5";"0,0";"248,0";"0,0";"";"0,0"
"01/12/2024";"0400";"27,0";"27,3";"26,9";"89,0";"90,0";"88,0";"25,1";"25,2";"24,9";"1004,3";"1004,7";"1004,3";"0,0";"236,0";"0,0";"";"0,0"
"01/12/2024";"0500";"27,3";"28,1";"27,0";"83,0";"90,0";"79,0";"24,1";"25,7";"24,0";"1003,6";"1004,2";"1003,6";"0,2";"225,0";"2,9";"";"0,0"
"01/12/2024";"0600";"27,2";"27,6";"26,9";"81,0";"83,0";"80,0";"23,7";"24,1";"23,7";"1003,4";"1003,6";"1003,4";"0,6";"227,0";"2,1";"";"0,0"
"01/12/2024";"0700";"26,7";"27,3";"26,5";"84,0";"84,0";"81,0";"23,7";"23,9";"23,6";"1003,1";"1003,4";"1003,1";"0,0";"217,0";"1,7";"";"0,0"
"01/12/2024";"0800";"27,0";"27,0";"26,4";"84,0";"87,0";"83,0";"24,0";"24,2";"23,5";"1003,4";"1003,5";"1003,1";"0,2";"246,0";"1,6";"";"0,0"
"01/12/2024";"0900";"26,4";"27,1";"26,4";"82,0";"85,0";"81,0";"23,2";"24,0";"23,2";"1003,7";"1003,7";"1003,5";"0,0";"225,0";"2,1";"";"0,0"
"01/12/2024";"1000";"26,2";"26,6";"25,9";"85,0";"86,0";"81,0";"23,5";"23,6";"23,0";"1004,8";"1004,8";"1003,7";"0,2";"209,0";"1,6";"15,00";"0,0"
"01/12/2024";"1100";"27,1";"27,1";"26,2";"81,0";"85,0";"81,0";"23,5";"23,7";"23,3";"1006,1";"1006,1";"1004,8";"0,5";"272,0";"2,0";"280,90";"0,0"
"01/12/2024";"1200";"28,7";"28,7";"27,1";"75,0";"81,0";"73,0";"23,8";"24,1";"23,0";"1007,0";"1007,0";"1006,1";"0,3";"213,0";"2,0";"801,00";"0,0"
"01/12/2024";"1300";"29,4";"29,5";"28,2";"72,0";"78,0";"72,0";"23,9";"24,8";"23,2";"1007,3";"1007,3";"1007,0";"1,4";"299,0";"3,0";"1069,70";"0,0"
"01/12/2024";"1400";"29,3";"29,8";"29,0";"75,0";"76,0";"71,0";"24,5";"24,5";"23,6";"1007,7";"1007,7";"1007,3";"1,2";"267,0";"3,6";"1054,90";"0,0"
"01/12/2024";"1500";"28,1";"29,3";"27,4";"80,0";"85,0";"75,0";"24,3";"24,8";"23,9";"1007,3";"1007,8";"1007,3";"0,6";"292,0";"5,6";"625,10";"0,0"
"01/12/2024";"1600";"29,7";"30,3";"28,0";"73,0";"82,0";"72,0";"24,4";"25,7";"24,2";"1006,5";"1007,3";"1006,5";"1,9";"285,0";"3,5";"1362,50";"0,0"
"01/12/2024";"1700";"30,5";"31,2";"29,4";"66,0";"77,0";"66,0";"23,5";"25,5";"23,5";"1005,2";"1006,5";"1005,2";"2,5";"265,0";"5,6";"2375,10";"0,0"
"01/12/2024";"1800";"30,8";"31,7";"30,3";"67,0";"68,0";"62,0";"24,0";"24,4";"23,1";"1004,1";"1005,2";"1004,1";"0,6";"252,0";"5,4";"1815,10";"0,0"
"01/12/2024";"1900";"30,8";"32,0";"30,8";"60,0";"69,0";"56,0";"22,3";"24,6";"21,6";"1002,8";"1004,1";"1002,8";"1,2";"260,0";"5,0";"1612,40";"0,0"
"01/12/2024";"2000";"31,0";"31,6";"30,7";"63,0";"65,0";"59,0";"23,0";"23,6";"22,3";"1001,9";"1002,8";"1001,9";"0,7";"258,0";"3,1";"1048,50";"0,0"
"01/12/2024";"2100";"29,9";"30,9";"29,9";"67,0";"68,0";"63,0";"23,2";"23,6";"22,9";"1001,4";"1001,9";"1001,3";"0,7";"269,0";"2,8";"495,10";"0,0"
"01/12/2024";"2200";"28,6";"29,9";"28,6";"72,0";"72,0";"67,0";"23,1";"23,5";"22,9";"1001,4";"1001,4";"1001,1";"0,0";"282,0";"1,8";"70,70";"0,0"
"01/12/2024";"2300";"28,1";"28,6";"28,1";"76,0";"76,0";"72,0";"23,5";"23,5";"23,1";"1001,8";"1001,8";"1001,4";"0,4";"279,0";"1,7";"";"0,0"
"02/12/2024";"0000";"";"";"";"";"";"";"";"";"";"";"";"";"";"";"";"";""
"02/12/2024";"0100";"";"";"";"";"";"";"";"";"";"";"";"";"";"";"";"";""
"02/12/2024";"0200";"26,2";"27,0";"26,2";"88,0";"88,0";"85,0";"24,2";"24,5";"24,1";"1003,7";"1003,8";"1003,3";"0,8";"294,0";"1,7";"";"0,0"
"02/12/2024";"0300";"26,1";"26,7";"26,1";"90,0";"90,0";"87,0";"24,3";"24,5";"24,2";"1003,5";"1003,8";"1003,5";"0,0";"301,0";"1,8";"";"0,0"
"02/12/2024";"0400";"26,0";"26,3";"25,9";"90,0";"91,0";"90,0";"24,3";"24,5";"24,2";"1003,8";"1003,9";"1003,5";"0,0";"313,0";"0,0";"";"0,0"
"02/12/2024";"0500";"25,9";"26,0";"25,7";"89,0";"91,0";"89,0";"24,0";"24,3";"24,0";"1003,4";"1003,8";"1003,4";"0,0";"197,0";"0,0";"";"0,0"
"02/12/2024";"0600";"26,2";"26,3";"25,9";"92,0";"92,0";"89,0";"24,7";"24,9";"24,1";"1003,0";"1003,4";"1003,0";"0,0";"265,0";"0,9";"";"0,0"
"02/12/2024";"0700";"26,0";"26,3";"26,0";"91,0";"92,0";"91,0";"24,5";"25,0";"24,5";"1002,7";"1003,0";"1002,7";"0,0";"244,0";"0,9";"";"0,0"
"02/12/2024";"0800";"25,2";"26,0";"25,2";"92,0";"93,0";"91,0";"23,9";"24,4";"23,9";"1003,2";"1003,2";"1002,7";"0,0";"310,0";"1,5";"";"0,0"
"02/12/2024";"0900";"25,6";"25,6";"25,2";"92,0";"93,0";"92,0";"24,1";"24,3";"23,9";"1003,5";"1003,5";"1003,2";"0,0";"318,0";"1,3";"";"0,0"
"02/12/2024";"1000";"26,2";"26,2";"25,5";"91,0";"92,0";"91,0";"24,6";"24,8";"24,1";"1004,0";"1004,0";"1003,5";"0,0";"265,0";"0,8";"9,10";"0,0"
"02/12/2024";"1100";"26,7";"26,7";"26,0";"90,0";"92,0";"90,0";"25,0";"25,0";"24,5";"1005,0";"1005,0";"1003,9";"0,0";"294,0";"0,6";"184,10";"0,0"
"02/12/2024";"1200";"28,9";"29,0";"26,7";"80,0";"90,0";"79,0";"25,1";"25,6";"24,9";"1005,6";"1005,6";"1005,0";"0,0";"300,0";"2,0";"964,30";"0,0"
"02/12/2024";"1300";"29,9";"29,9";"28,8";"71,0";"80,0";"69,0";"24,0";"25,5";"23,4";"1006,0";"1006,1";"1005,6";"2,4";"273,0";"5,9";"1421,60";"0,0"
"02/12/2024";"1400";"31,8";"31,8";"30,0";"61,0";"71,0";"61,0";"23,4";"24,4";"23,2";"1005,9";"1006,1";"1005,9";"2,3";"292,0";"5,6";"2134,30";"0,0"
"02/12/2024";"1500";"31,5";"33,3";"31,1";"58,0";"62,0";"53,0";"22,3";"23,4";"21,7";"1005,5";"1005,9";"1005,5";"2,3";"292,0";"7,2";"2189,70";"0,0"
"02/12/2024";"1600";"31,7";"32,6";"31,4";"60,0";"60,0";"54,0";"23,0";"23,0";"21,8";"1004,9";"1005,5";"1004,9";"1,5";"272,0";"6,1";"1564,50";"0,0"
"02/12/2024";"1700";"33,2";"34,0";"31,7";"53,0";"60,0";"49,0";"22,2";"23,3";"21,2";"1004,0";"1004,9";"1004,0";"2,5";"258,0";"6,8";"2823,50";"0,0"
"02/12/2024";"1800";"33,4";"33,9";"32,5";"53,0";"56,0";"50,0";"22,6";"23,4";"21,1";"1002,8";"1004,0";"1002,8";"1,8";"302,0";"6,8";"1771,90";"0,0"
"02/12/2024";"1900";"33,8";"33,9";"31,7";"50,0";"59,0";"49,0";"22,0";"23,1";"21,5";"1001,5";"1002,8";"1001,5";"1,5";"246,0";"5,1";"1268,60";"0,0"
"02/12/2024";"2000";"33,0";"33,8";"32,9";"55,0";"56,0";"50,0";"22,7";"23,1";"21,5";"1000,6";"1001,5";"1000,6";"1,5";"252,0";"5,2";"1387,50";"0,0"
"02/12/2024";"2100";"31,7";"33,1";"31,7";"60,0";"60,0";"52,0";"22,9";"23,1";"21,9";"1000,5";"1000,7";"1000,4";"0,8";"262,0";"4,6";"685,20";"0,0"
"02/12/2024";"2200";"30,2";"31,7";"30,2";"67,0";"67,0";"60,0";"23,4";"23,5";"23,0";"1000,9";"1000,9";"1000,4";"0,2";"276,0";"2,6";"114,10";"0,0"
"02/12/2024";"2300";"29,0";"30,2";"28,9";"75,0";"75,0";"67,0";"24,0";"24,2";"23,4";"1001,7";"1001,7";"1000,9";"0,9";"293,0";"2,0";"";"0,0"
"03/12/2024";"0000";"28,3";"29,2";"28,3";"79,0";"79,0";"73,0";"24,3";"24,4";"23,9";"1002,5";"1002,5";"1001,7";"0,0";"265,0";"1,6";"";"0,0"
"03/12/2024";"0100";"28,1";"28,6";"28,0";"79,0";"79,0";"77,0";"24,2";"24,3";"23,8";"1003,5";"1003,5";"1002,5";"0,8";"290,0";"1,7";"";"0,0"
"03/12/2024";"0200";"27,7";"28,3";"27,6";"82,0";"83,0";"79,0";"24,4";"24,4";"24,1";"1004,3";"1004,3";"1003,5";"0,4";"296,0";"1,7";"";"0,0"
"03/12/2024";"0300";"27,2";"27,6";"27,2";"84,0";"84,0";"82,0";"24,2";"24,5";"24,2";"1004,3";"1004,6";"1004,3";"0,0";"293,0";"1,5";"";"0,0"
"03/12/2024";"0400";"27,1";"27,5";"27,0";"86,0";"86,0";"83,0";"24,4";"24,4";"24,2";"1003,9";"1004,3";"1003,9";"0,0";"230,0";"0,0";"";"0,0"
"03/12/2024";"0500";"26,4";"27,2";"26,4";"89,0";"90,0";"85,0";"24,5";"24,8";"24,3";"1003,4";"1003,9";"1003,4";"0,6";"305,0";"1,3";"";"0,0"
"03/12/2024";"0600";"26,3";"26,5";"26,3";"89,0";"90,0";"89,0";"24,3";"24,6";"24,3";"1003,1";"1003,4";"1003,1";"0,9";"305,0";"1,5";"";"0,0"
"03/12/2024";"0700";"26,0";"26,3";"25,9";"90,0";"90,0";"89,0";"24,1";"24,3";"24,1";"1003,0";"1003,1";"1002,8";"0,8";"295,0";"1,8";"";"0,0"
"03/12/2024";"0800";"25,8";"26,1";"25,8";"91,0";"91,0";"89,0";"24,2";"24,2";"24,1";"1003,1";"1003,2";"1002,9";"0,2";"296,0";"1,4";"";"0,0"
"03/12/2024";"0900";"25,6";"25,8";"25,6";"91,0";"92,0";"91,0";"24,1";"24,4";"24,1";"1003,6";"1003,7";"1003,1";"2,2";"297,0";"4,1";"";"0,0"
"03/12/2024";"1000";"25,5";"25,7";"25,3";"92,0";"92,0";"91,0";"24,1";"24,2";"23,9";"1004,6";"1004,6";"1003,6";"1,9";"302,0";"4,1";"11,70";"0,0"
"03/12/2024";"1100";"26,1";"26,1";"25,5";"85,0";"92,0";"84,0";"23,4";"24,1";"23,2";"1005,4";"1005,4";"1004,6";"1,7";"281,0";"4,6";"179,00";"0,0"
"03/12/2024";"1200";"27,2";"27,2";"26,1";"83,0";"86,0";"83,0";"24,1";"24,2";"23,3";"1006,3";"1006,3";"1005,4";"1,4";"280,0";"3,0";"510,10";"0,0"
"03/12/2024";"1300";"29,2";"29,4";"27,2";"74,0";"84,0";"72,0";"24,1";"24,7";"23,6";"1006,4";"1006,5";"1006,3";"1,9";"289,0";"4,3";"963,30";"0,0"
"03/12/2024";"1400";"29,2";"29,9";"28,8";"72,0";"75,0";"70,0";"23,6";"24,5";"23,1";"1006,3";"1006,5";"1006,3";"3,0";"289,0";"6,6";"1543,60";"0,0"
"03/12/2024";"1500";"31,2";"31,6";"29,1";"64,0";"72,0";"61,0";"23,5";"24,6";"22,7";"1005,7";"1006,3";"1005,7";"3,2";"279,0";"6,8";"2668,70";"0,0"
"03/12/2024";"1600";"33,2";"33,6";"31,1";"51,0";"64,0";"51,0";"21,9";"24,1";"21,9";"1005,0";"1005,7";"1005,0";"2,5";"271,0";"8,0";"2835,00";"0,0"
"03/12/2024";"1700";"32,9";"33,3";"31,9";"56,0";"59,0";"51,0";"23,1";"23,1";"21,6";"1003,8";"1005,0";"1003,8";"2,0";"266,0";"6,8";"2354,70";"0,0"
"03/12/2024";"1800";"33,1";"34,2";"32,5";"53,0";"57,0";"48,0";"22,2";"23,4";"21,0";"1002,5";"1003,9";"1002,5";"2,9";"279,0";"6,4";"2492,20";"0,0"
"03/12/2024";"1900";"33,4";"33,6";"32,8";"51,0";"55,0";"50,0";"21,8";"22,9";"21,6";"1001,3";"1002,5";"1001,3";"2,3";"279,0";"6,5";"1921,40";"0,0"
"03/12/2024";"2000";"33,3";"33,7";"33,0";"52,0";"53,0";"48,0";"22,2";"22,4";"21,0";"1000,6";"1001,3";"1000,6";"2,0";"269,0";"6,6";"1359,80";"0,0"
"03/12/2024";"2100";"31,9";"33,2";"31,9";"57,0";"57,0";"52,0";"22,2";"22,5";"21,8";"1000,4";"1000,6";"1000,4";"1,5";"265,0";"5,6";"643,30";"0,0"
"03/12/2024";"2200";"30,4";"31,9";"30,4";"64,0";"64,0";"57,0";"22,8";"22,8";"22,2";"1001,0";"1001,1";"1000,4";"1,1";"272,0";"3,8";"89,80";"0,0"
"03/12/2024";"2300";"29,8";"30,4";"29,8";"67,0";"67,0";"64,0";"22,9";"23,2";"22,8";"1002,0";"1002,0";"1001,0";"0,8";"276,0";"2,8";"";"0,0"
"04/12/2024";"0000";"28,9";"29,8";"28,8";"72,0";"74,0";"67,0";"23,3";"23,7";"22,9";"1003,3";"1003,3";"1002,0";"1,0";"290,0";"2,2";"";"0,0"
"04/12/2024";"0100";"";"";"";"";"";"";"";"";"";"";"";"";"";"";"";"";""
"04/12/2024";"0200";"27,7";"28,5";"27,7";"79,0";"79,0";"74,0";"23,7";"23,9";"23,4";"1005,0";"1005,0";"1004,4";"1,2";"287,0";"2,0";"";"0,0"
"04/12/2024";"0300";"27,6";"28,5";"27,4";"80,0";"82,0";"75,0";"23,8";"24,0";"23,5";"1004,7";"1005,0";"1004,7";"0,5";"288,0";"2,2";"";"0,0"
"04/12/2024";"0400";"27,0";"27,6";"27,0";"83,0";"83,0";"80,0";"23,8";"23,9";"23,7";"1003,9";"1004,8";"1003,9";"1,0";"281,0";"1,8";"";"0,0"
"04/12/2024";"0500";"26,8";"27,2";"26,8";"85,0";"85,0";"82,0";"24,1";"24,1";"23,8";"1003,3";"1003,9";"1003,3";"1,4";"297,0";"2,5";"";"0,0"
"04/12/2024";"0600";"26,6";"26,8";"26,5";"84,0";"86,0";"84,0";"23,6";"24,1";"23,6";"1002,9";"1003,3";"1002,9";"0,0";"241,0";"2,0";"";"0,0"
"04/12/2024";"0700";"26,1";"26,6";"25,9";"86,0";"87,0";"84,0";"23,6";"23,8";"23,6";"1003,0";"1003,0";"1002,9";"0,0";"281,0";"0,9";"";"0,0"
"04/12/2024";"0800";"25,9";"26,1";"25,7";"87,0";"87,0";"86,0";"23,5";"23,6";"23,3";"1003,3";"1003,3";"1003,0";"0,0";"307,0";"0,0";"";"0,0"
"04/12/2024";"0900";"26,1";"26,2";"25,7";"88,0";"89,0";"86,0";"23,9";"24,2";"23,3";"1003,8";"1003,8";"1003,3";"0,0";"201,0";"0,0";"";"0,0"
"04/12/2024";"1000";"27,0";"27,1";"26,0";"86,0";"90,0";"86,0";"24,5";"24,6";"23,9";"1004,8";"1004,8";"1003,8";"0,0";"266,0";"0,0";"7,30";"0,0"
"04/12/2024";"1100";"27,4";"27,4";"26,6";"86,0";"88,0";"86,0";"24,9";"24,9";"24,4";"1005,5";"1005,5";"1004,8";"1,3";"293,0";"3,0";"301,50";"0,0"
"04/12/2024";"1200";"26,6";"27,8";"26,6";"86,0";"86,0";"82,0";"24,0";"24,9";"23,8";"1006,2";"1006,2";"1005,5";"2,3";"286,0";"5,3";"454,90";"0,0"
"04/12/2024";"1300";"27,7";"27,8";"26,2";"80,0";"86,0";"78,0";"23,9";"24,1";"23,1";"1006,3";"1006,5";"1006,2";"2,2";"291,0";"6,5";"1117,50";"0,2"
"04/12/2024";"1400";"30,1";"30,4";"27,7";"68,0";"80,0";"66,0";"23,5";"24,5";"23,0";"1006,0";"1006,5";"1006,0";"2,3";"287,0";"5,6";"2073,50";"0,0"
"04/12/2024";"1500";"31,0";"31,9";"30,1";"63,0";"69,0";"59,0";"23,1";"23,9";"22,5";"1006,1";"1006,2";"1006,0";"1,7";"253,0";"5,6";"2318,50";"0,0"
"04/12/2024";"1600";"31,0";"31,3";"30,4";"64,0";"67,0";"62,0";"23,4";"24,2";"22,7";"1005,4";"1006,1";"1005,4";"1,0";"262,0";"5,1";"1554,80";"0,0"
"04/12/2024";"1700";"31,7";"31,7";"30,6";"60,0";"67,0";"60,0";"22,9";"24,1";"22,7";"1004,3";"1005,4";"1004,3";"1,3";"247,0";"5,0";"1969,70";"0,0"
"04/12/2024";"1800";"31,3";"32,3";"31,1";"59,0";"62,0";"58,0";"22,3";"23,5";"22,1";"1003,1";"1004,3";"1003,1";"1,8";"275,0";"5,2";"1814,60";"0,0"
"04/12/2024";"1900";"31,8";"32,4";"31,3";"58,0";"59,0";"56,0";"22,6";"22,8";"22,0";"1002,0";"1003,1";"1002,0";"1,8";"263,0";"5,9";"1858,90";"0,0"
"04/12/2024";"2000";"31,2";"32,4";"31,2";"61,0";"62,0";"58,0";"22,6";"23,3";"22,5";"1001,1";"1002,0";"1001,1";"1,7";"271,0";"4,7";"1072,40";"0,0"
"04/12/2024";"2100";"30,3";"31,2";"30,3";"67,0";"67,0";"61,0";"23,6";"23,7";"22,6";"1001,4";"1001,4";"1001,1";"0,4";"261,0";"4,1";"351,50";"0,0"
"04/12/2024";"2200";"28,5";"30,3";"28,4";"71,0";"71,0";"68,0";"22,7";"24,0";"22,2";"1002,1";"1002,1";"1001,4";"0,5";"257,0";"4,2";"73,30";"0,0"
"04/12/2024";"2300";"28,1";"28,5";"28,1";"76,0";"76,0";"71,0";"23,5";"23,5";"22,7";"1002,3";"1002,3";"1002,0";"1,2";"276,0";"3,4";"";"0,0"
"05/12/2024";"0000";"27,5";"28,2";"27,5";"79,0";"79,0";"76,0";"23,6";"23,6";"23,3";"1003,0";"1003,0";"1002,2";"1,0";"282,0";"4,0";"";"0,0"
"05/12/2024";"0100";"26,9";"27,5";"26,9";"84,0";"84,0";"79,0";"23,9";"23,9";"23,6";"1003,7";"1003,7";"1003,0";"0,0";"252,0";"2,1";"";"0,0"
"05/12/2024";"0200";"26,6";"26,9";"26,5";"86,0";"86,0";"84,0";"24,0";"24,1";"23,8";"1004,0";"1004,1";"1003,7";"0,0";"290,0";"0,7";"";"0,0"
"05/12/2024";"0300";"26,6";"26,6";"26,2";"86,0";"87,0";"86,0";"24,1";"24,1";"24,0";"1004,4";"1004,4";"1004,0";"0,1";"205,0";"1,7";"";"0,0"
"05/12/2024";"0400";"26,4";"26,8";"26,3";"87,0";"88,0";"85,0";"24,1";"24,2";"23,9";"1003,8";"1004,4";"1003,8";"0,0";"222,0";"1,9";"";"0,0"
"05/12/2024";"0500";"26,3";"26,5";"26,2";"85,0";"88,0";"85,0";"23,5";"24,2";"23,5";"1003,3";"1003,8";"1003,3";"0,5";"215,0";"2,0";"";"0,0"
"05/12/2024";"0600";"26,2";"26,3";"26,0";"85,0";"85,0";"83,0";"23,5";"23,5";"23,1";"1002,7";"1003,3";"1002,7";"0,4";"222,0";"2,8";"";"0,0"
"05/12/2024";"0700";"25,3";"26,2";"25,3";"88,0";"88,0";"84,0";"23,2";"23,5";"23,2";"1002,3";"1002,7";"1002,3";"0,0";"291,0";"2,0";"";"0,0"
"05/12/2024";"0800";"25,1";"25,3";"25,0";"90,0";"90,0";"88,0";"23,3";"23,3";"23,1";"1002,5";"1002,5";"1002,2";"1,2";"298,0";"1,7";"";"0,0"
"05/12/2024";"0900";"25,1";"25,1";"24,9";"91,0";"91,0";"90,0";"23,6";"23,6";"23,3";"1003,0";"1003,0";"1002,5";"0,0";"307,0";"1,6";"";"0,0"
"05/12/2024";"1000";"25,2";"25,2";"25,0";"91,0";"92,0";"91,0";"23,7";"23,7";"23,5";"1003,7";"1003,7";"1003,0";"0,0";"296,0";"0,0";"11,70";"0,0"
"05/12/2024";"1100";"25,8";"25,8";"25,1";"90,0";"92,0";"90,0";"24,1";"24,1";"23,7";"1005,0";"1005,0";"1003,7";"0,0";"307,0";"1,5";"194,20";"0,0"
"05/12/2024";"1200";"26,9";"26,9";"25,8";"87,0";"90,0";"86,0";"24,5";"24,5";"24,1";"1005,7";"1005,7";"1005,0";"1,1";"295,0";"2,1";"363,30";"0,0"
"05/12/2024";"1300";"28,9";"28,9";"26,7";"78,0";"87,0";"78,0";"24,6";"25,0";"24,2";"1005,8";"1005,9";"1005,7";"1,2";"264,0";"2,9";"979,30";"0,0"
"05/12/2024";"1400";"31,7";"31,7";"28,9";"65,0";"78,0";"65,0";"24,4";"24,9";"23,3";"1005,5";"1005,9";"1005,5";"2,0";"302,0";"6,8";"2059,40";"0,0"
"05/12/2024";"1500";"31,4";"32,4";"30,7";"60,0";"65,0";"58,0";"22,7";"24,1";"22,3";"1004,9";"1005,5";"1004,9";"3,0";"286,0";"6,7";"2229,40";"0,0"
"05/12/2024";"1600";"27,7";"31,4";"27,4";"82,0";"83,0";"60,0";"24,2";"24,4";"22,6";"1004,6";"1004,9";"1004,5";"2,4";"286,0";"7,2";"736,30";"2,6"
"05/12/2024";"1700";"28,1";"28,1";"27,4";"75,0";"82,0";"75,0";"23,3";"24,2";"23,2";"1003,4";"1004,6";"1003,4";"2,1";"269,0";"6,9";"845,80";"0,0"
"05/12/2024";"1800";"29,5";"29,9";"28,1";"69,0";"76,0";"69,0";"23,2";"24,1";"23,0";"1002,4";"1003,4";"1002,4";"1,9";"267,0";"7,9";"1858,90";"0,0"
"05/12/2024";"1900";"30,1";"30,3";"29,5";"68,0";"72,0";"67,0";"23,6";"24,2";"23,0";"1001,5";"1002,4";"1001,5";"1,7";"264,0";"5,7";"1278,70";"0,0"
"05/12/2024";"2000";"29,7";"30,1";"29,2";"73,0";"74,0";"68,0";"24,4";"24,6";"23,5";"1001,2";"1001,6";"1001,1";"1,4";"231,0";"4,8";"1104,10";"0,0"
"05/12/2024";"2100";"28,7";"29,7";"28,7";"74,0";"75,0";"72,0";"23,7";"24,1";"23,4";"1001,0";"1001,2";"1000,8";"0,4";"250,0";"3,7";"456,80";"0,0"
"05/12/2024";"2200";"27,6";"28,7";"27,6";"80,0";"80,0";"74,0";"23,8";"23,9";"23,5";"1001,2";"1001,2";"1001,0";"0,1";"266,0";"2,8";"84,30";"0,0"
"05/12/2024";"2300";"";"";"";"";"";"";"";"";"";"";"";"";"";"";"";"";""
"06/12/2024";"0000";"26,5";"27,0";"26,5";"86,0";"86,0";"83,0";"24,0";"24,0";"23,8";"1002,4";"1002,4";"1001,9";"0,1";"254,0";"2,0";"";"0,0"
"06/12/2024";"0100";"26,5";"26,5";"26,3";"88,0";"89,0";"86,0";"24,3";"24,4";"24,0";"1003,3";"1003,3";"1002,4";"0,4";"274,0";"1,8";"";"0,0"
"06/12/2024";"0200";"26,5";"26,6";"26,3";"88,0";"90,0";"88,0";"24,4";"24,6";"24,3";"1004,1";"1004,1";"1003,3";"0,3";"237,0";"2,9";"";"0,0"
"06/12/2024";"0300";"26,2";"26,6";"26,1";"89,0";"89,0";"88,0";"24,1";"24,4";"24,0";"1004,2";"1004,4";"1004,1";"0,6";"229,0";"2,7";"";"0,0"
"06/12/2024";"0400";"25,5";"26,2";"25,5";"91,0";"91,0";"88,0";"24,0";"24,1";"23,9";"1003,8";"1004,2";"1003,8";"0,5";"236,0";"2,9";"";"0,0"
"06/12/2024";"0500";"25,3";"25,6";"25,3";"91,0";"92,0";"91,0";"23,7";"24,1";"23,7";"1003,3";"1003,9";"1003,3";"0,4";"232,0";"2,9";"";"0,0"
"06/12/2024";"0600";"25,4";"25,4";"25,2";"93,0";"93,0";"91,0";"24,1";"24,1";"23,7";"1002,6";"1003,3";"1002,6";"0,3";"250,0";"2,8";"";"0,0"
"06/12/2024";"0700";"25,4";"25,6";"25,4";"92,0";"93,0";"92,0";"24,0";"24,3";"24,0";"1002,4";"1002,6";"1002,4";"0,4";"229,0";"2,2";"0,10";"0,0"
"06/12/2024";"0800";"25,4";"25,4";"25,2";"92,0";"92,0";"91,0";"24,0";"24,0";"23,7";"1002,4";"1002,4";"1002,3";"0,1";"265,0";"2,1";"";"0,0"
"06/12/2024";"0900";"25,5";"25,5";"25,4";"92,0";"92,0";"92,0";"24,2";"24,2";"24,0";"1003,1";"1003,1";"1002,4";"0,2";"286,0";"1,4";"";"0,0"
"06/12/2024";"1000";"25,6";"25,6";"25,5";"92,0";"92,0";"92,0";"24,2";"24,2";"24,1";"1004,0";"1004,0";"1003,1";"0,0";"215,0";"1,4";"5,30";"0,0"
"06/12/2024";"1100";"25,9";"25,9";"25,6";"91,0";"92,0";"91,0";"24,2";"24,3";"24,1";"1005,0";"1005,0";"1004,0";"1,0";"287,0";"1,9";"103,60";"0,0"
"06/12/2024";"1200";"26,1";"26,5";"25,8";"88,0";"91,0";"87,0";"23,9";"24,5";"23,9";"1005,8";"1005,8";"1005,0";"1,0";"263,0";"3,4";"297,80";"0,0"
"06/12/2024";"1300";"24,8";"26,1";"24,8";"89,0";"89,0";"86,0";"22,9";"23,9";"22,9";"1006,8";"1006,8";"1005,8";"3,2";"277,0";"8,3";"159,10";"0,4"
"06/12/2024";"1400";"24,6";"24,9";"24,6";"88,0";"89,0";"87,0";"22,6";"22,9";"22,5";"1007,1";"1007,1";"1006,7";"3,8";"281,0";"8,3";"344,90";"0,2"
"06/12/2024";"1500";"25,2";"25,2";"24,6";"89,0";"89,0";"87,0";"23,2";"23,2";"22,4";"1006,8";"1007,1";"1006,8";"2,0";"286,0";"7,5";"446,90";"0,0"
"06/12/2024";"1600";"26,3";"26,3";"25,2";"88,0";"90,0";"86,0";"24,2";"24,2";"23,2";"1005,9";"1006,8";"1005,9";"1,8";"272,0";"6,1";"876,30";"0,4"
"06/12/2024";"1700";"27,2";"27,2";"26,3";"80,0";"88,0";"79,0";"23,4";"24,5";"23,0";"1004,7";"1005,9";"1004,7";"1,5";"268,0";"5,7";"1187,40";"0,0"
"06/12/2024";"1800";"27,8";"28,2";"27,2";"74,0";"82,0";"74,0";"22,8";"23,9";"22,8";"1003,2";"1004,7";"1003,2";"2,4";"281,0";"6,7";"1623,40";"0,0"
"06/12/2024";"1900";"29,2";"29,4";"27,4";"68,0";"77,0";"67,0";"22,7";"24,2";"22,3";"1002,4";"1003,3";"1002,4";"2,2";"275,0";"6,1";"1653,50";"0,0"
"06/12/2024";"2000";"28,1";"29,4";"27,9";"71,0";"72,0";"65,0";"22,3";"22,9";"21,8";"1002,1";"1002,4";"1002,0";"2,8";"281,0";"6,8";"1453,40";"0,0"
"06/12/2024";"2100";"27,4";"28,1";"27,3";"76,0";"77,0";"71,0";"22,8";"23,0";"22,2";"1002,4";"1002,5";"1002,1";"0,9";"285,0";"6,5";"453,70";"0,0"
"06/12/2024";"2200";"26,4";"27,4";"26,4";"80,0";"80,0";"76,0";"22,6";"23,0";"22,5";"1002,8";"1002,8";"1002,5";"1,2";"275,0";"3,5";"72,20";"0,0"
"06/12/2024";"2300";"25,9";"26,4";"25,9";"84,0";"84,0";"80,0";"23,0";"23,0";"22,6";"1003,2";"1003,2";"1002,7";"0,9";"301,0";"2,4";"";"0,0"
"07/12/2024";"0000";"25,9";"26,1";"25,8";"85,0";"85,0";"83,0";"23,1";"23,2";"22,9";"1004,3";"1004,3";"1003,2";"0,0";"304,0";"1,3";"";"0,0"
"07/12/2024";"0100";"25,8";"26,0";"25,8";"84,0";"85,0";"83,0";"22,9";"23,2";"22,8";"1005,1";"1005,1";"1004,3";"0,8";"301,0";"1,5";"";"0,0"
"07/12/2024";"0200";"25,6";"25,8";"25,5";"85,0";"85,0";"84,0";"22,9";"22,9";"22,8";"1005,5";"1005,5";"1005,1";"0,3";"286,0";"1,4";"";"0,0"
"07/12/2024";"0300";"25,3";"25,6";"25,3";"88,0";"88,0";"85,0";"23,3";"23,3";"22,9";"1005,2";"1005,5";"1005,2";"0,0";"285,0";"1,1";"";"0,0"
"07/12/2024";"0400";"25,3";"25,4";"25,3";"90,0";"90,0";"88,0";"23,5";"23,6";"23,3";"1004,5";"1005,2";"1004,5";"0,0";"247,0";"0,7";"";"0,0"
"07/12/2024";"0500";"25,7";"25,8";"25,3";"90,0";"91,0";"90,0";"23,9";"24,0";"23,5";"1004,0";"1004,6";"1004,0";"0,2";"274,0";"1,1";"";"0,0"
"07/12/2024";"0600";"25,1";"25,8";"25,0";"92,0";"92,0";"89,0";"23,6";"23,9";"23,6";"1003,5";"1004,0";"1003,5";"0,0";"308,0";"1,2";"";"0,0"
"07/12/2024";"0700";"25,0";"25,1";"24,9";"91,0";"92,0";"91,0";"23,4";"23,7";"23,4";"1003,1";"1003,5";"1003,1";"0,0";"281,0";"1,1";"";"0,0"
"07/12/2024";"0800";"25,1";"25,1";"24,9";"91,0";"91,0";"91,0";"23,6";"23,6";"23,4";"1003,2";"1003,2";"1003,0";"0,0";"311,0";"0,5";"";"0,0"
"07/12/2024";"0900";"25,1";"25,2";"25,0";"91,0";"92,0";"91,0";"23,5";"23,6";"23,5";"1004,0";"1004,0";"1003,2";"0,0";"251,0";"0,0";"";"0,0"
"07/12/2024";"1000";"25,2";"25,2";"25,0";"90,0";"91,0";"90,0";"23,5";"23,6";"23,4";"1004,4";"1004,4";"1004,0";"0,0";"297,0";"0,7";"20,80";"0,0"
"07/12/2024";"1100";"25,1";"25,4";"25,0";"93,0";"93,0";"89,0";"23,8";"23,8";"23,3";"1005,9";"1005,9";"1004,4";"0,6";"301,0";"1,8";"97,70";"1,6"
"07/12/2024";"1200";"26,0";"26,1";"25,0";"88,0";"93,0";"88,0";"23,9";"24,2";"23,7";"1006,7";"1006,7";"1005,9";"1,8";"293,0";"4,2";"402,50";"0,6"
"07/12/2024";"1300";"24,6";"26,0";"24,2";"92,0";"93,0";"87,0";"23,2";"23,9";"22,7";"1007,5";"1007,5";"1006,7";"2,6";"278,0";"8,8";"287,10";"3,4"
"07/12/2024";"1400";"25,2";"25,3";"24,5";"91,0";"92,0";"90,0";"23,6";"23,7";"23,1";"1007,8";"1007,8";"1007,5";"2,1";"273,0";"6,1";"701,40";"0,0"
"07/12/2024";"1500";"24,7";"25,2";"24,6";"93,0";"93,0";"91,0";"23,4";"23,7";"23,3";"1007,5";"1007,9";"1007,5";"1,4";"284,0";"4,6";"191,40";"2,4"
"07/12/2024";"1600";"25,6";"25,7";"24,3";"90,0";"94,0";"90,0";"23,9";"24,3";"23,0";"1006,2";"1007,5";"1006,2";"0,9";"263,0";"6,5";"722,10";"5,0"
"07/12/2024";"1700";"27,1";"27,2";"25,6";"83,0";"91,0";"82,0";"23,9";"24,4";"23,6";"1005,0";"1006,2";"1005,0";"0,8";"240,0";"3,3";"1086,20";"0,0"
"07/12/2024";"1800";"27,8";"28,1";"27,0";"77,0";"83,0";"76,0";"23,5";"24,2";"23,2";"1004,0";"1005,0";"1004,0";"2,2";"291,0";"3,8";"1772,10";"0,0"
"07/12/2024";"1900";"27,9";"28,5";"27,6";"76,0";"79,0";"75,0";"23,3";"24,4";"22,9";"1003,2";"1004,0";"1003,2";"1,3";"239,0";"3,8";"1413,50";"0,0"
"07/12/2024";"2000";"29,5";"29,8";"27,6";"72,0";"79,0";"71,0";"23,8";"24,4";"23,2";"1002,5";"1003,2";"1002,5";"0,5";"238,0";"3,1";"1238,10";"0,0"
"07/12/2024";"2100";"29,1";"29,9";"29,1";"66,0";"72,0";"65,0";"22,0";"24,2";"21,9";"1002,6";"1002,6";"1002,4";"1,3";"263,0";"4,2";"735,20";"0,0"
"07/12/2024";"2200";"27,6";"29,1";"27,6";"72,0";"73,0";"66,0";"22,2";"22,6";"22,0";"1002,9";"1002,9";"1002,6";"0,5";"271,0";"4,2";"73,20";"0,0"
"07/12/2024";"2300";"27,0";"27,6";"27,0";"78,0";"78,0";"72,0";"22,8";"22,9";"22,2";"1003,3";"1003,3";"1002,9";"1,0";"272,0";"2,1";"";"0,0"
"08/12/2024";"0000";"26,5";"27,1";"26,4";"78,0";"78,0";"77,0";"22,4";"22,8";"22,3";"1004,2";"1004,2";"1003,3";"0,9";"278,0";"3,1";"";"0,0"
"08/12/2024";"0100";"25,7";"26,5";"25,6";"85,0";"85,0";"78,0";"23,0";"23,0";"22,4";"1004,7";"1004,7";"1004,2";"0,7";"296,0";"2,6";"";"0,0"
"08/12/2024";"0200";"25,2";"25,7";"25,1";"89,0";"89,0";"85,0";"23,3";"23,4";"23,0";"1005,5";"1005,6";"1004,7";"0,5";"296,0";"1,3";"";"0,0"
"08/12/2024";"0300";"25,0";"25,2";"24,8";"89,0";"90,0";"89,0";"23,1";"23,3";"23,0";"1005,2";"1005,5";"1005,1";"1,4";"298,0";"2,4";"";"0,0"
"08/12/2024";"0400";"25,1";"25,2";"24,9";"89,0";"90,0";"88,0";"23,2";"23,2";"23,0";"1004,7";"1005,2";"1004,7";"1,3";"299,0";"2,1";"";"0,0"
"08/12/2024";"0500";"25,4";"25,4";"25,1";"88,0";"89,0";"88,0";"23,2";"23,3";"23,1";"1004,3";"1004,7";"1004,3";"0,8";"307,0";"2,1";"";"0,0"
"08/12/2024";"0600";"25,4";"25,6";"25,3";"89,0";"89,0";"87,0";"23,5";"23,5";"23,2";"1004,0";"1004,3";"1004,0";"0,0";"311,0";"1,3";"";"0,0"
"08/12/2024";"0700";"25,3";"25,5";"25,2";"88,0";"90,0";"87,0";"23,2";"23,5";"23,1";"1003,8";"1004,0";"1003,7";"0,9";"296,0";"1,6";"";"0,0"
"08/12/2024";"0800";"25,4";"25,4";"25,2";"90,0";"90,0";"88,0";"23,5";"23,6";"23,3";"1003,5";"1003,8";"1003,5";"0,7";"298,0";"1,6";"";"0,0"
"08/12/2024";"0900";"25,2";"25,6";"25,2";"90,0";"90,0";"88,0";"23,4";"23,6";"23,4";"1004,1";"1004,1";"1003,5";"1,2";"301,0";"1,9";"";"0,0"
"08/12/2024";"1000";"25,1";"25,2";"25,0";"91,0";"91,0";"90,0";"23,4";"23,5";"23,3";"1004,9";"1004,9";"1004,1";"0,7";"302,0";"2,3";"6,50";"0,0"
"08/12/2024";"1100";"25,5";"25,5";"25,1";"90,0";"91,0";"89,0";"23,7";"23,7";"23,4";"1006,0";"1006,0";"1004,9";"1,0";"302,0";"1,8";"92,30";"0,0"
"08/12/2024";"1200";"26,7";"26,8";"25,5";"84,0";"90,0";"84,0";"23,8";"24,1";"23,6";"1006,8";"1006,8";"1006,0";"0,7";"272,0";"2,7";"342,50";"0,0"
"08/12/2024";"1300";"28,5";"28,7";"26,7";"77,0";"84,0";"75,0";"24,1";"24,3";"23,7";"1007,4";"1007,4";"1006,8";"2,0";"270,0";"4,6";"1129,00";"0,0"
"08/12/2024";"1400";"30,9";"30,9";"28,6";"64,0";"77,0";"63,0";"23,2";"24,5";"22,5";"1007,1";"1007,4";"1007,1";"3,5";"292,0";"7,5";"2273,80";"0,0"
"08/12/2024";"1500";"30,5";"31,3";"29,9";"62,0";"64,0";"58,0";"22,5";"23,4";"21,6";"1006,9";"1007,2";"1006,9";"3,2";"288,0";"8,0";"2816,50";"0,0"
"08/12/2024";"1600";"31,1";"31,9";"30,1";"59,0";"65,0";"58,0";"22,2";"23,5";"21,8";"1006,2";"1006,9";"1006,1";"2,9";"275,0";"6,8";"2217,20";"0,0"
"08/12/2024";"1700";"31,7";"33,0";"30,8";"55,0";"60,0";"52,0";"21,5";"22,8";"21,3";"1005,3";"1006,2";"1005,3";"1,7";"247,0";"6,5";"2559,50";"0,0"
"08/12/2024";"1800";"32,9";"33,3";"30,9";"53,0";"61,0";"51,0";"22,1";"22,8";"21,3";"1003,9";"1005,3";"1003,9";"1,2";"262,0";"4,4";"1686,00";"0,0"
"08/12/2024";"1900";"32,2";"32,9";"30,7";"53,0";"61,0";"53,0";"21,5";"23,0";"21,2";"1003,1";"1003,9";"1003,1";"1,7";"249,0";"5,9";"1554,20";"0,0"
"08/12/2024";"2000";"32,0";"32,9";"31,2";"54,0";"58,0";"50,0";"21,4";"22,9";"20,8";"1002,5";"1003,2";"1002,5";"2,4";"267,0";"6,6";"1419,90";"0,0"
"08/12/2024";"2100";"30,9";"32,1";"30,9";"57,0";"57,0";"53,0";"21,4";"21,9";"21,0";"1002,3";"1002,5";"1002,2";"2,0";"275,0";"6,4";"753,00";"0,0"
"08/12/2024";"2200";"28,9";"30,8";"28,9";"62,0";"63,0";"56,0";"21,0";"21,4";"20,9";"1002,9";"1002,9";"1002,3";"2,1";"288,0";"5,3";"70,30";"0,0"
"08/12/2024";"2300";"";"";"";"";"";"";"";"";"";"";"";"";"";"";"";"";""
"09/12/2024";"0000";"26,7";"27,5";"26,7";"78,0";"78,0";"71,0";"22,5";"22,5";"21,7";"1004,1";"1004,1";"1003,6";"1,2";"298,0";"2,6";"";"0,0"
"09/12/2024";"0100";"26,2";"26,7";"26,2";"81,0";"82,0";"78,0";"22,8";"22,8";"22,5";"1004,9";"1005,0";"1004,1";"1,3";"299,0";"2,2";"";"0,0"
"09/12/2024";"0200";"26,1";"26,4";"26,0";"83,0";"84,0";"81,0";"23,0";"23,0";"22,8";"1005,2";"1005,3";"1004,9";"1,4";"300,0";"2,1";"";"0,0"
"09/12/2024";"0300";"26,3";"26,4";"26,0";"83,0";"83,0";"81,0";"23,1";"23,1";"22,9";"1005,5";"1005,5";"1005,2";"1,2";"287,0";"2,5";"";"0,0"
"09/12/2024";"0400";"26,0";"26,3";"26,0";"85,0";"85,0";"82,0";"23,3";"23,3";"23,1";"1005,5";"1005,7";"1005,5";"1,2";"304,0";"2,5";"";"0,0"
"09/12/2024";"0500";"25,7";"26,0";"25,7";"86,0";"87,0";"85,0";"23,2";"23,3";"23,1";"1005,0";"1005,5";"1005,0";"1,2";"303,0";"2,2";"";"0,0"
"09/12/2024";"0600";"25,5";"25,7";"25,5";"86,0";"87,0";"85,0";"23,0";"23,2";"22,9";"1004,4";"1005,0";"1004,3";"1,0";"305,0";"2,5";"";"0,0"
"09/12/2024";"0700";"25,4";"25,6";"25,4";"85,0";"86,0";"85,0";"22,7";"23,0";"22,7";"1004,1";"1004,4";"1004,0";"0,0";"303,0";"2,1";"";"0,0"
"09/12/2024";"0800";"24,9";"25,4";"24,9";"86,0";"86,0";"85,0";"22,3";"22,7";"22,3";"1004,2";"1004,2";"1004,0";"0,7";"299,0";"2,1";"";"0,0"
"09/12/2024";"0900";"24,6";"24,9";"24,5";"90,0";"90,0";"86,0";"22,8";"22,8";"22,3";"1004,6";"1004,6";"1004,1";"0,0";"197,0";"2,3";"";"0,0"
"09/12/2024";"1000";"25,1";"25,1";"24,6";"87,0";"90,0";"87,0";"22,9";"22,9";"22,7";"1005,1";"1005,1";"1004,6";"0,0";"298,0";"1,0";"18,20";"0,0"
"09/12/2024";"1100";"26,2";"26,2";"25,1";"86,0";"88,0";"84,0";"23,7";"23,7";"22,9";"1006,1";"1006,1";"1005,1";"0,0";"307,0";"1,4";"317,60";"0,0"
"09/12/2024";"1200";"27,1";"27,4";"26,2";"82,0";"86,0";"80,0";"23,8";"24,2";"23,4";"1006,8";"1006,8";"1006,1";"1,9";"291,0";"4,0";"786,90";"0,0"
"09/12/2024";"1300";"28,4";"28,5";"27,0";"77,0";"84,0";"76,0";"24,0";"24,3";"23,5";"1007,1";"1007,1";"1006,8";"1,1";"283,0";"3,6";"929,70";"0,0"
"09/12/2024";"1400";"29,4";"30,6";"28,4";"71,0";"78,0";"65,0";"23,7";"24,3";"23,2";"1006,7";"1007,1";"1006,7";"1,8";"270,0";"5,8";"1572,70";"0,0"
"09/12/2024";"1500";"30,4";"31,6";"29,2";"66,0";"73,0";"61,0";"23,4";"24,2";"22,7";"1005,8";"1006,7";"1005,8";"1,9";"271,0";"5,8";"1605,60";"0,0"
"09/12/2024";"1600";"32,5";"33,2";"30,1";"55,0";"66,0";"53,0";"22,2";"24,0";"21,5";"1004,8";"1005,9";"1004,8";"2,0";"264,0";"6,5";"2275,60";"0,0"
"09/12/2024";"1700";"33,2";"33,7";"32,4";"53,0";"57,0";"51,0";"22,4";"23,8";"21,5";"1003,7";"1004,8";"1003,7";"1,6";"281,0";"5,8";"2876,20";"0,0"
"09/12/2024";"1800";"33,3";"34,0";"31,9";"52,0";"56,0";"48,0";"22,0";"22,3";"21,0";"1002,3";"1003,7";"1002,3";"1,9";"262,0";"6,4";"2483,90";"0,0"
"09/12/2024";"1900";"33,8";"34,1";"33,3";"46,0";"52,0";"43,0";"20,6";"22,2";"19,5";"1001,6";"1002,3";"1001,5";"2,1";"265,0";"6,8";"2314,40";"0,0"
"09/12/2024";"2000";"33,5";"34,1";"33,1";"48,0";"50,0";"45,0";"20,9";"21,5";"20,0";"1000,8";"1001,6";"1000,8";"1,8";"246,0";"6,7";"1590,60";"0,0"
"09/12/2024";"2100";"31,6";"33,5";"31,5";"61,0";"61,0";"48,0";"23,1";"23,5";"20,8";"1000,9";"1000,9";"1000,7";"0,5";"248,0";"4,7";"734,00";"0,0"
"09/12/2024";"2200";"30,1";"31,6";"30,1";"64,0";"65,0";"59,0";"22,5";"23,0";"22,3";"1001,5";"1001,5";"1000,8";"0,2";"265,0";"3,1";"132,80";"0,0"
"09/12/2024";"2300";"28,8";"30,1";"28,8";"71,0";"71,0";"64,0";"23,2";"23,2";"22,5";"1001,9";"1002,0";"1001,5";"0,2";"289,0";"1,5";"";"0,0"
"10/12/2024";"0000";"28,2";"28,8";"28,0";"75,0";"75,0";"71,0";"23,3";"23,3";"23,0";"1003,1";"1003,1";"1001,9";"0,9";"291,0";"1,9";"";"0,0"
"10/12/2024";"0100";"28,3";"29,1";"28,1";"74,0";"75,0";"69,0";"23,2";"23,2";"22,7";"1003,8";"1003,8";"1003,1";"1,0";"286,0";"2,3";"";"0,0"
"10/12/2024";"0200";"27,5";"28,3";"27,5";"79,0";"79,0";"74,0";"23,5";"23,7";"23,2";"1004,0";"1004,0";"1003,7";"1,3";"291,0";"2,5";"";"0,0"
"10/12/2024";"0300";"26,8";"27,5";"26,8";"82,0";"82,0";"79,0";"23,5";"23,7";"23,5";"1004,4";"1004,4";"1004,0";"1,1";"303,0";"2,1";"";"0,0"
"10/12/2024";"0400";"27,2";"27,2";"26,6";"80,0";"83,0";"80,0";"23,4";"23,5";"23,3";"1004,0";"1004,4";"1004,0";"0,4";"278,0";"3,0";"";"0,0"
"10/12/2024";"0500";"26,4";"27,2";"26,3";"83,0";"84,0";"80,0";"23,3";"23,5";"23,3";"1003,6";"1004,0";"1003,6";"0,4";"278,0";"1,5";"";"0,0"
"10/12/2024";"0600";"25,8";"26,5";"25,6";"86,0";"89,0";"83,0";"23,4";"23,8";"23,3";"1003,1";"1003,6";"1003,1";"0,7";"339,0";"1,5";"";"0,0"
"10/12/2024";"0700";"25,7";"26,3";"25,7";"86,0";"87,0";"83,0";"23,2";"23,4";"22,9";"1003,1";"1003,1";"1003,0";"0,1";"327,0";"1,7";"";"0,0"
"10/12/2024";"0800";"25,9";"26,0";"25,7";"85,0";"86,0";"84,0";"23,1";"23,2";"23,0";"1003,3";"1003,4";"1003,1";"0,0";"307,0";"1,1";"";"0,0"
"10/12/2024";"0900";"25,7";"25,9";"25,2";"85,0";"87,0";"85,0";"23,0";"23,1";"22,9";"1003,8";"1003,8";"1003,2";"0,8";"343,0";"1,8";"";"0,0"
"10/12/2024";"1000";"24,9";"25,9";"24,9";"90,0";"90,0";"83,0";"23,1";"23,1";"22,7";"1004,5";"1004,5";"1003,8";"1,6";"299,0";"2,7";"14,50";"0,0"
"10/12/2024";"1100";"26,5";"26,5";"24,9";"84,0";"90,0";"84,0";"23,5";"23,9";"23,1";"1005,3";"1005,3";"1004,5";"1,4";"300,0";"3,1";"300,70";"0,0"
"10/12/2024";"1200";"26,4";"26,7";"26,2";"87,0";"88,0";"83,0";"24,2";"24,3";"23,4";"1006,0";"1006,0";"1005,3";"1,2";"293,0";"2,9";"340,80";"0,2"
"10/12/2024";"1300";"28,7";"28,7";"26,3";"78,0";"88,0";"78,0";"24,5";"24,9";"23,9";"1006,4";"1006,4";"1006,0";"0,8";"289,0";"2,0";"704,90";"0,0"
"10/12/2024";"1400";"30,9";"30,9";"28,5";"70,0";"79,0";"67,0";"24,9";"25,0";"23,6";"1006,4";"1006,7";"1006,4";"0,7";"250,0";"2,9";"2031,60";"0,0"
"10/12/2024";"1500";"30,8";"31,5";"30,0";"68,0";"72,0";"63,0";"24,3";"24,8";"23,5";"1005,1";"1006,4";"1005,1";"0,9";"261,0";"4,6";"1800,70";"0,0"
"10/12/2024";"1600";"30,7";"30,9";"30,2";"67,0";"71,0";"65,0";"23,9";"24,5";"23,2";"1004,1";"1005,1";"1004,1";"0,3";"284,0";"3,8";"1115,90";"0,0"
"10/12/2024";"1700";"30,0";"30,7";"29,8";"71,0";"72,0";"67,0";"24,2";"24,6";"23,6";"1003,3";"1004,2";"1003,3";"0,7";"257,0";"1,9";"635,90";"0,0"
"10/12/2024";"1800";"30,0";"30,2";"29,5";"71,0";"74,0";"69,0";"24,2";"24,5";"23,7";"1002,3";"1003,3";"1002,3";"0,6";"292,0";"2,0";"547,20";"0,0"
"10/12/2024";"1900";"30,4";"30,6";"29,7";"67,0";"74,0";"67,0";"23,6";"24,9";"23,6";"1001,2";"1002,3";"1001,2";"0,8";"291,0";"2,3";"770,10";"0,0"
"10/12/2024";"2000";"31,2";"31,5";"30,2";"62,0";"71,0";"62,0";"23,1";"24,5";"23,0";"1000,5";"1001,2";"1000,3";"0,6";"304,0";"2,7";"1228,40";"0,0"
"10/12/2024";"2100";"30,3";"31,4";"30,3";"68,0";"71,0";"62,0";"23,8";"24,4";"23,2";"1000,1";"1000,5";"1000,1";"0,0";"244,0";"1,9";"462,90";"0,0"
"10/12/2024";"2200";"29,8";"30,3";"29,8";"69,0";"73,0";"68,0";"23,6";"24,5";"23,5";"1000,9";"1000,9";"1000,1";"0,2";"302,0";"2,1";"89,60";"0,0"
"10/12/2024";"2300";"29,4";"29,9";"29,4";"70,0";"70,0";"68,0";"23,4";"23,6";"23,2";"1001,7";"1001,7";"1000,9";"0,8";"328,0";"2,4";"";"0,0"
"11/12/2024";"0000";"27,3";"29,4";"27,3";"85,0";"85,0";"70,0";"24,6";"24,6";"23,4";"1003,1";"1003,1";"1001,7";"1,3";"321,0";"4,6";"";"0,0"
"11/12/2024";"0100";"27,3";"27,3";"27,2";"83,0";"87,0";"83,0";"24,2";"24,8";"24,2";"1004,0";"1004,0";"1003,1";"0,5";"277,0";"4,6";"";"0,0"
"11/12/2024";"0200";"27,1";"27,3";"27,1";"84,0";"85,0";"82,0";"24,2";"24,3";"23,9";"1004,2";"1004,4";"1004,0";"1,0";"277,0";"3,0";"";"0,0"
"11/12/2024";"0300";"27,4";"27,5";"27,0";"83,0";"85,0";"82,0";"24,3";"24,5";"24,0";"1004,6";"1004,6";"1004,2";"1,2";"232,0";"2,8";"";"0,0"
"11/12/2024";"0400";"25,3";"27,5";"25,0";"76,0";"85,0";"72,0";"20,7";"24,7";"20,5";"1004,0";"1004,9";"1003,9";"1,6";"274,0";"5,8";"0,10";"0,0"
"11/12/2024";"0500";"25,6";"25,6";"24,6";"77,0";"80,0";"75,0";"21,2";"21,2";"20,5";"1003,1";"1004,0";"1003,1";"1,8";"259,0";"7,0";"";"0,0"
"11/12/2024";"0600";"24,7";"25,9";"24,7";"79,0";"81,0";"72,0";"20,9";"22,1";"20,4";"1002,9";"1003,1";"1002,9";"0,8";"248,0";"3,7";"";"0,0"
"11/12/2024";"0700";"24,5";"25,0";"24,3";"87,0";"89,0";"79,0";"22,2";"23,0";"20,8";"1002,6";"1003,0";"1002,6";"1,9";"263,0";"4,5";"";"0,0"
"11/12/2024";"0800";"24,2";"25,0";"24,1";"87,0";"89,0";"81,0";"21,9";"22,8";"21,4";"1002,7";"1002,8";"1002,5";"2,3";"235,0";"4,8";"";"0,0"
"11/12/2024";"0900";"24,5";"24,5";"24,1";"86,0";"88,0";"86,0";"22,1";"22,2";"21,8";"1003,0";"1003,0";"1002,5";"0,8";"217,0";"4,5";"";"0,0"
"11/12/2024";"1000";"24,3";"24,5";"24,2";"88,0";"88,0";"87,0";"22,2";"22,2";"22,0";"1004,2";"1004,2";"1003,0";"1,3";"224,0";"3,5";"8,40";"0,0"
"11/12/2024";"1100";"24,4";"24,4";"24,2";"88,0";"89,0";"87,0";"22,2";"22,3";"22,0";"1005,1";"1005,1";"1004,2";"2,3";"228,0";"4,8";"117,90";"0,0"
"11/12/2024";"1200";"23,9";"24,4";"23,9";"92,0";"92,0";"87,0";"22,5";"22,5";"22,2";"1006,5";"1006,5";"1005,1";"1,1";"253,0";"4,5";"66,60";"1,2"
"11/12/2024";"1300";"23,3";"23,9";"23,3";"94,0";"94,0";"92,0";"22,4";"22,7";"22,2";"1007,5";"1007,5";"1006,5";"0,7";"246,0";"4,5";"40,20";"22,8"
"11/12/2024";"1400";"22,7";"23,5";"22,7";"95,0";"95,0";"94,0";"21,9";"22,5";"21,8";"1007,6";"1007,9";"1007,5";"1,6";"273,0";"7,0";"46,60";"27,0"
"11/12/2024";"1500";"23,0";"23,1";"22,6";"95,0";"95,0";"95,0";"22,2";"22,2";"21,8";"1007,3";"1007,7";"1007,3";"1,4";"303,0";"4,1";"124,40";"4,2"
"11/12/2024";"1600";"23,3";"23,3";"23,0";"95,0";"95,0";"95,0";"22,4";"22,4";"22,2";"1006,4";"1007,3";"1006,4";"2,1";"289,0";"4,3";"282,70";"3,8"
"11/12/2024";"1700";"24,2";"24,2";"23,2";"91,0";"95,0";"91,0";"22,6";"23,1";"22,3";"1005,3";"1006,4";"1005,3";"1,9";"279,0";"5,7";"656,70";"0,8"
"11/12/2024";"1800";"24,9";"24,9";"24,2";"89,0";"92,0";"88,0";"23,0";"23,0";"22,5";"1004,0";"1005,3";"1004,0";"2,2";"290,0";"5,3";"781,20";"0,0"
"11/12/2024";"1900";"25,8";"25,8";"24,9";"84,0";"89,0";"83,0";"22,9";"23,2";"22,4";"1003,0";"1004,0";"1003,0";"1,2";"285,0";"5,7";"965,40";"0,0"
"11/12/2024";"2000";"26,3";"26,4";"25,4";"81,0";"85,0";"80,0";"22,7";"23,1";"22,2";"1002,4";"1003,0";"1002,4";"1,6";"294,0";"5,4";"1029,80";"0,0"
"11/12/2024";"2100";"26,3";"26,8";"26,2";"78,0";"81,0";"77,0";"22,2";"23,1";"22,1";"1002,1";"1002,4";"1002,1";"1,1";"270,0";"4,4";"971,20";"0,0"
"11/12/2024";"2200";"24,9";"26,3";"24,9";"87,0";"87,0";"78,0";"22,5";"22,8";"22,2";"1002,5";"1002,5";"1002,1";"0,0";"206,0";"2,2";"136,80";"0,0"
"11/12/2024";"2300";"25,2";"25,2";"24,7";"87,0";"90,0";"86,0";"22,8";"22,9";"22,4";"1003,1";"1003,1";"1002,5";"0,2";"321,0";"1,0";"";"0,0"
"12/12/2024";"0000";"24,2";"25,4";"24,2";"90,0";"90,0";"84,0";"22,5";"22,8";"22,3";"1003,8";"1003,9";"1003,1";"0,0";"288,0";"2,1";"";"0,0"
"12/12/2024";"0100";"24,1";"24,4";"24,0";"92,0";"92,0";"90,0";"22,7";"22,7";"22,5";"1004,4";"1004,4";"1003,8";"0,5";"315,0";"1,1";"";"0,0"
"12/12/2024";"0200";"24,1";"24,2";"24,1";"91,0";"92,0";"91,0";"22,6";"22,7";"22,5";"1005,0";"1005,1";"1004,4";"0,1";"324,0";"1,5";"";"0,0"
"12/12/2024";"0300";"24,0";"24,2";"24,0";"92,0";"92,0";"91,0";"22,6";"22,7";"22,5";"1005,2";"1005,2";"1004,9";"1,1";"297,0";"1,9";"";"0,0"
"12/12/2024";"0400";"23,8";"24,1";"23,8";"92,0";"92,0";"90,0";"22,3";"22,6";"22,3";"1005,0";"1005,2";"1004,9";"0,7";"303,0";"2,5";"";"0,0"
"12/12/2024";"0500";"23,6";"23,8";"23,6";"93,0";"93,0";"92,0";"22,4";"22,4";"22,3";"1004,5";"1005,0";"1004,5";"1,6";"299,0";"2,7";"";"0,0"
"12/12/2024";"0600";"23,8";"23,9";"23,6";"91,0";"93,0";"91,0";"22,3";"22,5";"22,3";"1004,1";"1004,5";"1004,1";"1,7";"302,0";"2,9";"";"0,0"
"12/12/2024";"0700";"23,8";"23,8";"23,6";"92,0";"93,0";"91,0";"22,5";"22,5";"22,2";"1003,7";"1004,1";"1003,7";"0,9";"316,0";"3,0";"";"0,0"
"12/12/2024";"0800";"23,5";"23,9";"23,5";"93,0";"93,0";"92,0";"22,3";"22,5";"22,2";"1003,3";"1003,7";"1003,3";"1,1";"318,0";"3,3";"";"0,0"
"12/12/2024";"0900";"23,4";"23,5";"23,3";"93,0";"93,0";"92,0";"22,1";"22,3";"22,1";"1004,1";"1004,1";"1003,3";"0,9";"318,0";"3,0";"";"0,0"
"12/12/2024";"1000";"23,4";"23,5";"23,3";"93,0";"93,0";"92,0";"22,2";"22,2";"22,1";"1004,5";"1004,5";"1004,1";"0,2";"319,0";"2,8";"15,00";"0,0"
"12/12/2024";"1100";"24,7";"24,7";"23,4";"89,0";"93,0";"89,0";"22,7";"22,8";"22,1";"1005,2";"1005,2";"1004,5";"0,5";"312,0";"3,0";"279,50";"0,0"
"12/12/2024";"1200";"27,4";"27,6";"24,7";"77,0";"89,0";"76,0";"22,9";"23,4";"22,3";"1006,1";"1006,1";"1005,2";"0,2";"258,0";"2,2";"1171,30";"0,0"
"12/12/2024";"1300";"29,1";"29,2";"27,0";"69,0";"78,0";"69,0";"22,9";"23,8";"22,0";"1006,6";"1006,7";"1006,1";"0,7";"274,0";"2,2";"1683,70";"0,0"
"12/12/2024";"1400";"29,5";"29,9";"28,4";"67,0";"74,0";"65,0";"22,8";"23,6";"22,2";"1006,5";"1006,7";"1006,4";"0,8";"290,0";"3,7";"1688,20";"0,0"
"12/12/2024";"1500";"30,2";"30,9";"29,5";"64,0";"69,0";"60,0";"22,7";"24,0";"22,1";"1006,1";"1006,5";"1006,0";"1,6";"305,0";"5,0";"2229,20";"0,0"
"12/12/2024";"1600";"31,6";"31,6";"30,1";"60,0";"66,0";"58,0";"22,9";"23,6";"22,2";"1005,1";"1006,1";"1005,1";"1,7";"287,0";"5,0";"1969,70";"0,0"
"12/12/2024";"1700";"32,2";"32,3";"30,1";"54,0";"65,0";"54,0";"21,8";"23,6";"21,8";"1003,8";"1005,1";"1003,8";"2,3";"267,0";"5,0";"2291,00";"0,0"
"12/12/2024";"1800";"32,1";"32,9";"31,7";"58,0";"59,0";"54,0";"22,8";"23,3";"21,9";"1002,2";"1003,8";"1002,2";"1,7";"271,0";"4,8";"2484,40";"0,0"
"12/12/2024";"1900";"28,7";"33,1";"28,7";"68,0";"68,0";"54,0";"22,2";"23,2";"22,1";"1000,9";"1002,2";"1000,9";"3,2";"301,0";"10,0";"1466,10";"0,0"
"12/12/2024";"2000";"28,4";"28,7";"28,1";"72,0";"73,0";"68,0";"22,8";"23,0";"22,3";"1000,3";"1001,0";"1000,3";"1,9";"300,0";"6,9";"406,20";"0,0"
"12/12/2024";"2100";"28,3";"28,9";"28,2";"71,0";"72,0";"68,0";"22,5";"23,0";"22,3";"1000,7";"1000,7";"1000,3";"1,2";"302,0";"4,4";"332,00";"0,0"
"12/12/2024";"2200";"27,0";"28,3";"27,0";"80,0";"80,0";"71,0";"23,2";"23,2";"22,3";"1001,5";"1001,5";"1000,7";"1,0";"322,0";"3,4";"85,50";"0,0"
"12/12/2024";"2300";"26,4";"27,0";"26,4";"84,0";"85,0";"79,0";"23,6";"23,6";"23,1";"1002,4";"1002,4";"1001,5";"1,5";"322,0";"4,4";"";"0,0"
"13/12/2024";"0000";"26,3";"26,5";"26,2";"84,0";"85,0";"84,0";"23,4";"23,7";"23,2";"1003,3";"1003,3";"1002,4";"1,4";"320,0";"4,4";"";"0,0"
"13/12/2024";"0100";"26,5";"26,5";"26,2";"82,0";"84,0";"82,0";"23,3";"23,4";"23,2";"1004,0";"1004,0";"1003,3";"1,2";"322,0";"3,7";"";"0,0"
"13/12/2024";"0200";"26,2";"26,5";"26,1";"84,0";"84,0";"82,0";"23,3";"23,3";"23,1";"1004,4";"1004,4";"1004,0";"1,2";"324,0";"3,7";"";"0,0"
"13/12/2024";"0300";"26,2";"26,3";"26,0";"85,0";"85,0";"83,0";"23,5";"23,5";"23,1";"1004,2";"1004,5";"1004,1";"1,7";"331,0";"4,7";"";"0,0"
"13/12/2024";"0400";"25,8";"26,3";"25,8";"87,0";"87,0";"85,0";"23,5";"23,6";"23,5";"1004,0";"1004,2";"1003,9";"0,5";"313,0";"4,5";"";"0,0"
"13/12/2024";"0500";"25,5";"25,8";"25,5";"89,0";"89,0";"87,0";"23,6";"23,7";"23,4";"1003,3";"1004,0";"1003,3";"0,3";"308,0";"1,9";"";"0,0"
"13/12/2024";"0600";"25,3";"25,6";"25,3";"90,0";"90,0";"89,0";"23,7";"23,7";"23,5";"1002,8";"1003,3";"1002,8";"0,9";"258,0";"2,3";"";"0,0"
"13/12/2024";"0700";"24,9";"25,4";"24,9";"92,0";"92,0";"90,0";"23,5";"23,8";"23,4";"1002,4";"1002,8";"1002,4";"0,7";"247,0";"2,0";"";"0,0"
"13/12/2024";"0800";"25,2";"25,3";"24,9";"91,0";"92,0";"91,0";"23,6";"23,9";"23,5";"1002,4";"1002,5";"1002,2";"1,9";"277,0";"3,3";"";"0,0"
"13/12/2024";"0900";"25,2";"25,2";"25,0";"91,0";"92,0";"91,0";"23,6";"23,8";"23,6";"1002,9";"1002,9";"1002,4";"1,4";"264,0";"3,3";"";"0,0"
"13/12/2024";"1000";"25,2";"25,3";"25,0";"90,0";"91,0";"90,0";"23,5";"23,6";"23,3";"1003,7";"1003,7";"1002,9";"1,1";"338,0";"3,1";"4,00";"0,0"
"13/12/2024";"1100";"25,0";"25,2";"24,9";"92,0";"92,0";"90,0";"23,6";"23,7";"23,4";"1005,2";"1005,2";"1003,7";"2,0";"298,0";"3,8";"82,50";"0,2"
"13/12/2024";"1200";"25,1";"25,1";"24,9";"93,0";"93,0";"92,0";"23,8";"23,9";"23,7";"1005,9";"1005,9";"1005,2";"1,3";"294,0";"3,8";"113,00";"0,6"
"13/12/2024";"1300";"24,1";"25,3";"24,1";"91,0";"93,0";"90,0";"22,5";"24,0";"22,5";"1007,2";"1007,2";"1005,9";"1,5";"235,0";"5,0";"73,40";"0,0"
"13/12/2024";"1400";"24,0";"24,2";"23,8";"93,0";"93,0";"91,0";"22,7";"23,0";"22,5";"1007,0";"1007,3";"1006,8";"1,4";"248,0";"5,1";"47,00";"0,2"
"13/12/2024";"1500";"24,1";"24,1";"23,9";"93,0";"93,0";"92,0";"23,0";"23,0";"22,7";"1006,5";"1007,0";"1006,5";"0,5";"278,0";"4,5";"109,80";"0,4"
"13/12/2024";"1600";"25,0";"25,1";"24,1";"91,0";"93,0";"91,0";"23,4";"23,5";"22,8";"1005,1";"1006,5";"1005,1";"1,2";"284,0";"2,3";"756,00";"1,2"
"13/12/2024";"1700";"26,0";"26,0";"25,0";"86,0";"91,0";"85,0";"23,6";"24,0";"23,1";"1003,3";"1005,1";"1003,3";"1,4";"288,0";"3,2";"1095,20";"0,0"
"13/12/2024";"1800";"26,0";"26,4";"25,7";"83,0";"87,0";"83,0";"23,0";"23,9";"22,9";"1002,6";"1003,3";"1002,6";"1,7";"337,0";"3,7";"993,40";"0,0"
"13/12/2024";"1900";"27,5";"27,6";"26,0";"74,0";"84,0";"73,0";"22,5";"23,5";"22,2";"1001,3";"1002,6";"1001,3";"1,2";"327,0";"4,0";"1521,10";"0,0"
"13/12/2024";"2000";"27,4";"29,1";"27,3";"76,0";"77,0";"69,0";"22,8";"23,4";"21,6";"1001,0";"1001,3";"1001,0";"0,9";"228,0";"3,1";"1253,90";"0,0"
"13/12/2024";"2100";"28,0";"28,0";"27,3";"74,0";"77,0";"73,0";"22,8";"23,2";"22,2";"1001,1";"1001,1";"1000,9";"0,1";"224,0";"1,9";"583,20";"0,0"
"13/12/2024";"2200";"26,3";"28,0";"26,3";"82,0";"82,0";"72,0";"23,0";"23,0";"22,2";"1001,3";"1001,3";"1000,9";"0,7";"292,0";"2,0";"83,60";"0,0"
"13/12/2024";"2300";"";"";"";"";"";"";"";"";"";"";"";"";"";"";"";"";""
"14/12/2024";"0000";"25,3";"25,5";"25,2";"86,0";"88,0";"86,0";"22,9";"23,2";"22,7";"1002,2";"1002,2";"1001,5";"0,7";"304,0";"1,6";"";"0,0"
"14/12/2024";"0100";"24,9";"25,3";"24,9";"89,0";"89,0";"86,0";"23,0";"23,1";"22,9";"1003,1";"1003,1";"1002,2";"1,3";"289,0";"2,1";"";"0,0"
"14/12/2024";"0200";"24,8";"25,0";"24,7";"91,0";"91,0";"89,0";"23,1";"23,1";"23,0";"1003,2";"1003,4";"1003,0";"1,2";"296,0";"2,4";"";"0,0"
"14/12/2024";"0300";"24,8";"24,8";"24,7";"91,0";"91,0";"91,0";"23,2";"23,2";"23,1";"1003,3";"1003,4";"1003,2";"0,2";"307,0";"2,1";"";"0,0"
"14/12/2024";"0400";"24,9";"25,0";"24,7";"89,0";"91,0";"89,0";"23,0";"23,3";"23,0";"1002,6";"1003,3";"1002,6";"0,3";"325,0";"1,6";"";"0,0"
"14/12/2024";"0500";"24,3";"25,2";"24,3";"91,0";"91,0";"87,0";"22,8";"23,0";"22,6";"1001,8";"1002,6";"1001,8";"1,0";"309,0";"3,7";"";"0,0"
"14/12/2024";"0600";"24,0";"24,3";"24,0";"92,0";"92,0";"91,0";"22,6";"22,7";"22,6";"1001,7";"1001,8";"1001,6";"0,4";"301,0";"2,5";"";"0,0"
"14/12/2024";"0700";"24,1";"24,4";"23,9";"91,0";"92,0";"90,0";"22,4";"22,7";"22,4";"1001,6";"1001,7";"1001,4";"0,0";"198,0";"1,2";"";"0,0"
"14/12/2024";"0800";"24,6";"24,8";"24,1";"88,0";"91,0";"86,0";"22,4";"22,7";"22,2";"1001,9";"1001,9";"1001,5";"0,0";"294,0";"0,0";"";"0,0"
"14/12/2024";"0900";"24,7";"24,8";"24,3";"91,0";"92,0";"86,0";"23,1";"23,2";"22,3";"1002,9";"1002,9";"1001,9";"0,0";"278,0";"0,0";"";"0,0"
"14/12/2024";"1000";"24,2";"25,0";"24,2";"91,0";"91,0";"89,0";"22,6";"23,3";"22,5";"1003,7";"1003,7";"1002,9";"1,1";"330,0";"2,0";"5,50";"0,0"
"14/12/2024";"1100";"25,2";"25,2";"24,2";"87,0";"91,0";"86,0";"22,8";"23,1";"22,5";"1004,9";"1004,9";"1003,7";"0,0";"313,0";"2,0";"180,10";"0,0"
"14/12/2024";"1200";"26,4";"26,4";"25,2";"84,0";"87,0";"80,0";"23,4";"23,4";"22,6";"1005,7";"1005,7";"1004,9";"1,0";"228,0";"1,8";"795,00";"0,0"
"14/12/2024";"1300";"27,2";"27,4";"26,3";"83,0";"85,0";"81,0";"24,1";"24,2";"23,3";"1006,4";"1006,4";"1005,7";"1,0";"210,0";"2,3";"1135,20";"0,0"
"14/12/2024";"1400";"28,6";"28,9";"27,1";"74,0";"83,0";"74,0";"23,5";"24,7";"23,5";"1006,2";"1006,5";"1006,2";"1,7";"244,0";"2,8";"1992,40";"0,0"
"14/12/2024";"1500";"28,8";"28,8";"27,7";"75,0";"79,0";"73,0";"24,0";"24,2";"23,1";"1005,6";"1006,2";"1005,6";"1,2";"229,0";"2,8";"1337,40";"0,0"
"14/12/2024";"1600";"30,3";"30,3";"28,5";"69,0";"76,0";"69,0";"24,0";"24,4";"23,3";"1004,4";"1005,6";"1004,4";"1,2";"222,0";"2,8";"1934,60";"0,0"
"14/12/2024";"1700";"29,6";"31,0";"28,2";"70,0";"77,0";"65,0";"23,6";"24,4";"23,2";"1003,2";"1004,4";"1003,2";"0,5";"212,0";"3,3";"1458,90";"0,0"
"14/12/2024";"1800";"30,5";"30,9";"29,1";"69,0";"76,0";"68,0";"24,1";"24,9";"23,6";"1002,1";"1003,2";"1002,1";"1,4";"222,0";"3,0";"2166,00";"0,0"
"14/12/2024";"1900";"30,9";"31,2";"29,9";"65,0";"71,0";"65,0";"23,5";"24,7";"23,2";"1001,3";"1002,1";"1001,0";"1,9";"236,0";"3,1";"2454,10";"0,0"
"14/12/2024";"2000";"28,7";"30,9";"28,7";"70,0";"74,0";"65,0";"22,7";"24,4";"22,5";"1001,0";"1001,3";"1000,6";"0,7";"219,0";"3,0";"416,80";"0,0"
"14/12/2024";"2100";"26,5";"28,7";"26,4";"84,0";"84,0";"70,0";"23,6";"23,7";"22,7";"1001,7";"1001,7";"1000,9";"2,2";"327,0";"5,8";"128,30";"0,0"
"14/12/2024";"2200";"23,9";"26,7";"23,9";"92,0";"92,0";"83,0";"22,6";"23,8";"22,2";"1002,9";"1002,9";"1001,6";"3,2";"278,0";"9,9";"22,60";"1,4"
"14/12/2024";"2300";"23,2";"24,1";"23,2";"94,0";"94,0";"92,0";"22,2";"22,9";"22,2";"1003,8";"1003,8";"1002,9";"2,4";"288,0";"7,2";"";"9,4"
"15/12/2024";"0000";"23,3";"23,3";"23,2";"93,0";"94,0";"93,0";"22,2";"22,3";"22,1";"1004,7";"1004,7";"1003,8";"1,8";"274,0";"5,5";"";"3,4"
"15/12/2024";"0100";"23,2";"23,4";"23,2";"92,0";"93,0";"91,0";"21,8";"22,2";"21,7";"1004,8";"1004,8";"1004,5";"1,5";"294,0";"4,1";"";"0,4"
"15/12/2024";"0200";"23,3";"23,4";"23,2";"94,0";"94,0";"92,0";"22,2";"22,3";"21,9";"1004,7";"1005,2";"1004,7";"0,6";"300,0";"2,8";"";"0,0"
"15/12/2024";"0300";"23,5";"23,6";"23,3";"93,0";"94,0";"93,0";"22,3";"22,5";"22,2";"1004,7";"1004,8";"1004,6";"1,2";"306,0";"3,1";"";"0,2"
"15/12/2024";"0400";"23,3";"23,5";"23,3";"93,0";"93,0";"93,0";"22,2";"22,3";"22,2";"1004,2";"1004,8";"1004,2";"0,0";"226,0";"3,1";"";"0,0"
"15/12/2024";"0500";"23,5";"23,5";"23,3";"93,0";"94,0";"93,0";"22,4";"22,4";"22,2";"1003,5";"1004,2";"1003,5";"0,2";"283,0";"1,9";"";"0,0"
"15/12/2024";"0600";"23,4";"23,6";"23,3";"93,0";"93,0";"93,0";"22,3";"22,4";"22,1";"1003,1";"1003,5";"1003,1";"1,0";"296,0";"1,9";"";"0,0"
"15/12/2024";"0700";"23,3";"23,4";"23,3";"94,0";"94,0";"93,0";"22,2";"22,3";"22,1";"1002,7";"1003,2";"1002,7";"1,2";"289,0";"2,4";"";"0,0"
"15/12/2024";"0800";"23,5";"23,5";"23,3";"93,0";"94,0";"93,0";"22,3";"22,4";"22,3";"1003,1";"1003,1";"1002,7";"0,4";"303,0";"2,6";"";"0,0"
"15/12/2024";"0900";"23,4";"23,5";"23,3";"94,0";"94,0";"93,0";"22,3";"22,4";"22,2";"1003,3";"1003,4";"1003,1";"0,1";"305,0";"2,2";"";"0,0"
"15/12/2024";"1000";"23,5";"23,5";"23,3";"94,0";"94,0";"94,0";"22,5";"22,5";"22,3";"1004,2";"1004,2";"1003,3";"0,0";"304,0";"1,2";"9,60";"0,0"
"15/12/2024";"1100";"24,2";"24,3";"23,5";"93,0";"94,0";"93,0";"23,0";"23,1";"22,5";"1005,0";"1005,0";"1004,2";"0,8";"298,0";"1,8";"232,20";"0,0"
"15/12/2024";"1200";"25,9";"26,2";"24,2";"87,0";"93,0";"86,0";"23,6";"24,0";"23,0";"1006,0";"1006,0";"1005,0";"0,0";"244,0";"1,8";"563,40";"0,0"
"15/12/2024";"1300";"28,7";"28,7";"25,8";"70,0";"89,0";"69,0";"22,8";"24,8";"21,9";"1006,6";"1006,6";"1005,9";"0,8";"253,0";"4,8";"1624,00";"0,0"
"15/12/2024";"1400";"29,7";"29,8";"27,9";"73,0";"77,0";"69,0";"24,3";"24,8";"22,3";"1006,4";"1006,7";"1006,4";"1,4";"217,0";"3,6";"2059,80";"0,0"
"15/12/2024";"1500";"30,2";"30,3";"28,2";"69,0";"77,0";"67,0";"23,8";"25,0";"23,0";"1005,9";"1006,5";"1005,8";"1,2";"234,0";"4,6";"2427,50";"0,0"
"15/12/2024";"1600";"30,8";"30,9";"29,4";"71,0";"72,0";"65,0";"24,8";"24,8";"22,8";"1005,1";"1005,9";"1005,1";"1,9";"277,0";"6,9";"2255,00";"0,0"
"15/12/2024";"1700";"31,4";"31,5";"30,2";"65,0";"70,0";"64,0";"23,9";"24,6";"23,2";"1004,0";"1005,1";"1004,0";"1,8";"268,0";"5,9";"2191,10";"0,0"
"15/12/2024";"1800";"31,2";"31,8";"30,1";"63,0";"68,0";"61,0";"23,2";"24,2";"22,7";"1002,7";"1004,0";"1002,7";"2,6";"276,0";"6,1";"1791,50";"0,0"
"15/12/2024";"1900";"31,0";"32,3";"30,2";"62,0";"66,0";"58,0";"22,8";"23,9";"22,4";"1001,7";"1002,7";"1001,7";"2,5";"282,0";"6,9";"1682,80";"0,0"
"15/12/2024";"2000";"31,3";"32,1";"30,8";"59,0";"64,0";"57,0";"22,3";"23,5";"22,3";"1000,9";"1001,7";"1000,9";"1,9";"284,0";"5,5";"1377,60";"0,0"
"15/12/2024";"2100";"30,5";"31,4";"30,5";"64,0";"64,0";"59,0";"22,8";"23,0";"22,3";"1000,9";"1001,1";"1000,9";"1,6";"283,0";"5,2";"594,70";"0,0"
"15/12/2024";"2200";"29,2";"30,5";"29,2";"69,0";"69,0";"63,0";"23,0";"23,1";"22,6";"1001,6";"1001,6";"1000,9";"1,9";"283,0";"4,2";"127,30";"0,0"
"15/12/2024";"2300";"28,3";"29,2";"28,3";"75,0";"75,0";"69,0";"23,3";"23,3";"23,0";"1002,1";"1002,1";"1001,5";"1,2";"291,0";"3,7";"";"0,0"
"16/12/2024";"0000";"27,7";"28,3";"27,7";"79,0";"81,0";"75,0";"23,7";"24,1";"23,4";"1003,9";"1003,9";"1002,1";"0,8";"319,0";"2,8";"";"0,0"
"16/12/2024";"0100";"26,8";"27,7";"26,8";"81,0";"81,0";"79,0";"23,2";"23,8";"23,2";"1005,0";"1005,0";"1003,9";"1,0";"320,0";"3,2";"";"0,0"
"16/12/2024";"0200";"25,9";"26,8";"25,9";"84,0";"84,0";"81,0";"22,9";"23,2";"22,9";"1005,1";"1005,2";"1004,9";"1,7";"295,0";"2,6";"";"0,0"
"16/12/2024";"0300";"25,7";"26,0";"25,7";"85,0";"85,0";"84,0";"22,9";"23,1";"22,9";"1004,8";"1005,1";"1004,8";"1,4";"300,0";"2,3";"";"0,0"
"16/12/2024";"0400";"25,4";"25,8";"25,4";"87,0";"87,0";"83,0";"23,1";"23,1";"22,6";"1004,5";"1004,8";"1004,5";"0,1";"294,0";"2,1";"";"0,0"
"16/12/2024";"0500";"25,4";"26,0";"25,3";"86,0";"87,0";"85,0";"22,8";"23,6";"22,8";"1004,0";"1004,5";"1004,0";"1,2";"346,0";"2,4";"";"0,0"
"16/12/2024";"0600";"25,3";"25,4";"25,0";"85,0";"89,0";"85,0";"22,6";"23,1";"22,6";"1003,5";"1004,0";"1003,4";"1,3";"343,0";"2,4";"";"0,0"
"16/12/2024";"0700";"24,9";"25,5";"24,9";"89,0";"89,0";"84,0";"22,9";"22,9";"22,5";"1002,9";"1003,5";"1002,9";"0,1";"313,0";"2,1";"";"0,0"
"16/12/2024";"0800";"24,4";"25,0";"24,3";"91,0";"91,0";"88,0";"22,9";"22,9";"22,7";"1003,3";"1003,3";"1002,9";"0,2";"327,0";"1,2";"";"0,0"
"16/12/2024";"0900";"24,2";"24,4";"24,2";"92,0";"92,0";"91,0";"22,8";"22,9";"22,7";"1003,9";"1003,9";"1003,3";"0,5";"306,0";"1,7";"";"0,0"
"16/12/2024";"1000";"24,7";"24,7";"24,2";"90,0";"92,0";"90,0";"22,9";"22,9";"22,8";"1004,6";"1004,6";"1003,9";"0,6";"304,0";"1,5";"11,30";"0,0"
"16/12/2024";"1100";"25,6";"25,6";"24,7";"85,0";"90,0";"85,0";"22,9";"23,0";"22,7";"1005,5";"1005,5";"1004,6";"0,8";"291,0";"1,7";"239,70";"0,0"
"16/12/2024";"1200";"27,3";"27,3";"25,6";"82,0";"86,0";"81,0";"23,9";"24,1";"22,9";"1006,3";"1006,3";"1005,5";"0,5";"265,0";"2,7";"754,70";"0,0"
"16/12/2024";"1300";"29,0";"29,1";"27,3";"76,0";"84,0";"75,0";"24,2";"25,0";"23,8";"1006,7";"1006,7";"1006,3";"0,6";"260,0";"2,4";"978,40";"0,0"
"16/12/2024";"1400";"30,1";"30,1";"28,8";"70,0";"77,0";"70,0";"24,0";"24,7";"23,3";"1006,7";"1007,0";"1006,7";"1,6";"270,0";"5,1";"1303,70";"0,0"
"16/12/2024";"1500";"29,4";"31,0";"29,3";"70,0";"73,0";"66,0";"23,5";"25,1";"23,1";"1005,8";"1006,7";"1005,8";"1,7";"262,0";"4,6";"1740,50";"0,0"
"16/12/2024";"1600";"25,8";"29,5";"25,0";"93,0";"93,0";"70,0";"24,6";"25,9";"23,3";"1004,9";"1005,9";"1004,9";"1,1";"275,0";"9,1";"1056,10";"14,8"
"16/12/2024";"1700";"29,4";"29,4";"25,8";"80,0";"93,0";"79,0";"25,6";"25,6";"24,5";"1004,0";"1004,9";"1004,0";"0,5";"262,0";"3,8";"1048,50";"0,2"
"16/12/2024";"1800";"27,9";"29,8";"27,9";"80,0";"82,0";"73,0";"24,1";"25,6";"24,0";"1003,5";"1004,1";"1003,4";"1,0";"245,0";"3,3";"851,40";"0,0"
"16/12/2024";"1900";"27,0";"27,9";"26,9";"83,0";"85,0";"78,0";"23,8";"24,3";"23,7";"1002,8";"1003,6";"1002,7";"1,1";"241,0";"2,9";"284,90";"0,0"
"16/12/2024";"2000";"26,7";"27,2";"26,3";"85,0";"88,0";"81,0";"24,0";"24,2";"23,7";"1002,2";"1003,0";"1002,1";"0,7";"257,0";"3,2";"181,20";"0,0"
"16/12/2024";"2100";"26,8";"26,9";"26,5";"84,0";"88,0";"84,0";"24,0";"24,6";"24,0";"1002,5";"1002,5";"1001,9";"1,1";"229,0";"2,9";"164,30";"0,0"
"16/12/2024";"2200";"25,6";"27,0";"25,6";"92,0";"92,0";"83,0";"24,1";"24,3";"23,8";"1003,3";"1003,3";"1002,5";"0,5";"329,0";"2,3";"71,40";"0,0"
"16/12/2024";"2300";"25,2";"25,6";"24,9";"90,0";"93,0";"90,0";"23,5";"24,2";"23,4";"1004,1";"1004,1";"1003,3";"0,5";"308,0";"2,9";"";"0,0"
"17/12/2024";"0000";"25,1";"25,3";"25,1";"91,0";"91,0";"90,0";"23,4";"23,7";"23,3";"1005,8";"1005,8";"1004,1";"1,2";"287,0";"3,8";"";"0,0"
"17/12/2024";"0100";"25,2";"25,2";"24,8";"89,0";"92,0";"89,0";"23,3";"23,5";"23,3";"1006,8";"1006,8";"1005,8";"1,6";"342,0";"4,1";"";"0,0"
"17/12/2024";"0200";"25,1";"25,2";"25,0";"90,0";"90,0";"89,0";"23,4";"23,4";"23,1";"1006,6";"1006,9";"1006,6";"0,6";"268,0";"3,3";"";"0,0"
"17/12/2024";"0300";"25,5";"25,5";"25,1";"91,0";"91,0";"89,0";"23,9";"23,9";"23,3";"1006,4";"1006,7";"1006,3";"2,0";"261,0";"4,2";"";"0,0"
"17/12/2024";"0400";"25,9";"26,0";"25,5";"91,0";"92,0";"91,0";"24,4";"24,5";"23,9";"1006,4";"1006,4";"1006,3";"1,6";"249,0";"4,1";"";"0,0"
"17/12/2024";"0500";"25,1";"25,9";"25,1";"91,0";"92,0";"90,0";"23,6";"24,4";"23,5";"1006,2";"1006,4";"1006,1";"0,8";"293,0";"5,1";"";"0,0"
"17/12/2024";"0600";"24,7";"25,1";"24,7";"93,0";"93,0";"91,0";"23,4";"23,6";"23,4";"1005,4";"1006,2";"1005,4";"1,8";"274,0";"4,2";"";"0,0"
"17/12/2024";"0700";"25,6";"25,7";"24,7";"92,0";"93,0";"92,0";"24,3";"24,3";"23,5";"1004,7";"1005,4";"1004,7";"1,8";"245,0";"4,0";"0,20";"0,0"
"17/12/2024";"0800";"25,8";"25,8";"25,3";"91,0";"92,0";"91,0";"24,1";"24,3";"23,8";"1005,1";"1005,1";"1004,8";"1,9";"242,0";"4,8";"0,20";"0,0"
"17/12/2024";"0900";"25,4";"25,8";"25,3";"92,0";"92,0";"90,0";"24,0";"24,1";"23,8";"1005,8";"1005,8";"1005,1";"1,8";"232,0";"4,9";"";"0,0"
"17/12/2024";"1000";"25,2";"25,4";"25,2";"93,0";"93,0";"92,0";"24,0";"24,1";"24,0";"1006,7";"1006,8";"1005,8";"1,1";"233,0";"4,0";"5,70";"0,0"
"17/12/2024";"1100";"25,5";"25,6";"25,1";"91,0";"93,0";"91,0";"23,9";"24,2";"23,9";"1007,6";"1007,6";"1006,7";"0,9";"261,0";"3,5";"90,20";"0,0"
"17/12/2024";"1200";"24,4";"25,5";"23,0";"93,0";"94,0";"89,0";"23,3";"23,9";"21,9";"1008,4";"1008,6";"1007,6";"0,9";"313,0";"7,3";"312,50";"14,8"
"17/12/2024";"1300";"24,7";"24,9";"24,4";"92,0";"93,0";"91,0";"23,3";"23,7";"23,0";"1009,5";"1009,5";"1008,4";"1,8";"340,0";"3,6";"437,50";"0,0"
"17/12/2024";"1400";"25,7";"26,0";"24,7";"88,0";"92,0";"87,0";"23,6";"24,0";"23,3";"1010,2";"1010,2";"1009,4";"1,1";"275,0";"3,8";"764,10";"0,0"
"17/12/2024";"1500";"22,8";"25,8";"22,7";"93,0";"93,0";"88,0";"21,6";"23,8";"21,1";"1009,8";"1010,4";"1009,8";"0,5";"278,0";"6,2";"114,30";"7,0"
"17/12/2024";"1600";"22,9";"23,1";"22,7";"94,0";"94,0";"93,0";"21,9";"21,9";"21,5";"1008,9";"1010,0";"1008,9";"0,1";"274,0";"2,3";"115,20";"2,0"
"17/12/2024";"1700";"23,2";"23,2";"22,9";"93,0";"94,0";"93,0";"21,9";"22,0";"21,8";"1007,5";"1008,9";"1007,5";"0,7";"330,0";"2,3";"182,00";"1,4"
"17/12/2024";"1800";"24,3";"24,3";"23,2";"91,0";"93,0";"90,0";"22,8";"22,8";"21,9";"1006,2";"1007,5";"1006,2";"0,2";"279,0";"2,7";"404,30";"0,2"
"17/12/2024";"1900";"25,0";"25,0";"24,2";"91,0";"93,0";"91,0";"23,4";"23,5";"22,7";"1005,2";"1006,2";"1005,2";"0,2";"279,0";"2,0";"494,40";"0,0"
"17/12/2024";"2000";"25,4";"25,4";"24,7";"89,0";"91,0";"89,0";"23,4";"23,7";"23,1";"1004,4";"1005,2";"1004,4";"0,4";"313,0";"3,5";"410,70";"0,0"
"17/12/2024";"2100";"25,8";"25,8";"25,3";"89,0";"89,0";"87,0";"23,7";"23,9";"23,3";"1004,1";"1004,4";"1004,1";"0,1";"297,0";"1,9";"311,70";"0,0"
"17/12/2024";"2200";"25,0";"25,8";"25,0";"92,0";"92,0";"89,0";"23,7";"23,9";"23,6";"1004,0";"1004,3";"1004,0";"0,0";"300,0";"1,0";"126,80";"0,0"
"17/12/2024";"2300";"";"";"";"";"";"";"";"";"";"";"";"";"";"";"";"";""
"18/12/2024";"0000";"";"";"";"";"";"";"";"";"";"";"";"";"";"";"";"";""
"18/12/2024";"0100";"24,2";"24,5";"24,2";"94,0";"94,0";"94,0";"23,2";"23,5";"23,2";"1006,2";"1006,3";"1005,2";"0,7";"287,0";"2,0";"";"0,0"
"18/12/2024";"0200";"24,1";"24,3";"24,1";"94,0";"94,0";"94,0";"23,2";"23,3";"23,2";"1006,5";"1006,7";"1006,2";"0,0";"247,0";"1,9";"";"0,0"
"18/12/2024";"0300";"24,1";"24,2";"24,0";"95,0";"95,0";"94,0";"23,2";"23,3";"23,1";"1006,6";"1006,6";"1006,3";"0,0";"354,0";"0,8";"";"0,0"
"18/12/2024";"0400";"23,9";"24,1";"23,9";"95,0";"95,0";"95,0";"23,0";"23,2";"23,0";"1006,7";"1006,8";"1006,6";"0,0";"333,0";"0,0";"";"0,0"
"18/12/2024";"0500";"24,1";"24,1";"23,9";"94,0";"95,0";"94,0";"23,1";"23,2";"23,0";"1006,4";"1006,8";"1006,4";"0,0";"300,0";"1,1";"";"0,0"
"18/12/2024";"0600";"23,9";"24,3";"23,9";"94,0";"94,0";"94,0";"22,9";"23,3";"22,9";"1005,9";"1006,4";"1005,9";"0,0";"330,0";"1,1";"";"0,0"
"18/12/2024";"0700";"24,0";"24,2";"23,9";"93,0";"94,0";"93,0";"22,9";"23,2";"22,9";"1005,3";"1005,9";"1005,3";"0,9";"317,0";"1,7";"";"0,0"
"18/12/2024";"0800";"23,9";"24,1";"23,8";"94,0";"94,0";"93,0";"23,0";"23,0";"22,7";"1005,8";"1005,9";"1005,3";"0,0";"319,0";"1,9";"";"0,0"
"18/12/2024";"0900";"24,6";"24,7";"23,9";"94,0";"95,0";"94,0";"23,6";"23,7";"22,9";"1006,2";"1006,2";"1005,8";"0,2";"259,0";"1,6";"";"0,0"
"18/12/2024";"1000";"24,8";"24,8";"24,6";"94,0";"94,0";"94,0";"23,8";"23,8";"23,6";"1006,8";"1006,8";"1006,2";"0,0";"294,0";"2,0";"6,20";"0,2"
"18/12/2024";"1100";"25,5";"25,5";"24,8";"92,0";"94,0";"92,0";"24,1";"24,1";"23,8";"1007,5";"1007,5";"1006,8";"0,9";"234,0";"2,5";"217,90";"0,0"
"18/12/2024";"1200";"25,8";"26,1";"25,5";"91,0";"92,0";"88,0";"24,1";"24,4";"23,7";"1008,7";"1008,7";"1007,5";"0,0";"263,0";"1,8";"338,40";"0,0"
"18/12/2024";"1300";"25,8";"26,0";"25,6";"91,0";"92,0";"91,0";"24,2";"24,5";"24,1";"1009,1";"1009,1";"1008,6";"0,2";"259,0";"2,1";"273,30";"0,0"
"18/12/2024";"1400";"26,7";"26,7";"25,8";"87,0";"91,0";"87,0";"24,3";"24,7";"24,1";"1009,0";"1009,1";"1008,9";"0,9";"304,0";"2,0";"606,40";"0,0"
"18/12/2024";"1500";"26,9";"27,2";"26,6";"85,0";"87,0";"83,0";"24,1";"24,7";"23,7";"1008,5";"1009,0";"1008,5";"0,4";"257,0";"2,4";"710,10";"0,0"
"18/12/2024";"1600";"27,7";"27,8";"26,9";"81,0";"86,0";"81,0";"24,1";"24,8";"23,9";"1007,7";"1008,5";"1007,7";"1,2";"225,0";"2,5";"1297,10";"0,0"
"18/12/2024";"1700";"28,7";"28,7";"27,4";"78,0";"83,0";"77,0";"24,5";"25,1";"23,5";"1006,8";"1007,7";"1006,8";"0,5";"204,0";"3,1";"1833,10";"0,0"
"18/12/2024";"1800";"29,6";"30,4";"28,7";"69,0";"78,0";"67,0";"23,4";"25,0";"23,0";"1005,6";"1006,8";"1005,6";"1,0";"210,0";"3,1";"2631,60";"0,0"
"18/12/2024";"1900";"30,1";"31,5";"29,6";"67,0";"71,0";"64,0";"23,4";"24,8";"23,0";"1004,1";"1005,6";"1004,1";"1,3";"232,0";"3,1";"2345,20";"0,0"
"18/12/2024";"2000";"27,7";"30,1";"27,3";"83,0";"88,0";"67,0";"24,6";"25,5";"23,2";"1003,6";"1004,1";"1003,6";"1,4";"298,0";"4,6";"722,80";"0,4"
"18/12/2024";"2100";"28,9";"29,0";"27,7";"71,0";"84,0";"71,0";"23,0";"24,8";"23,0";"1003,4";"1003,6";"1003,3";"1,3";"284,0";"3,2";"695,90";"0,0"
"18/12/2024";"2200";"27,5";"28,9";"27,5";"80,0";"81,0";"71,0";"23,7";"23,9";"23,1";"1004,0";"1004,0";"1003,4";"0,1";"282,0";"2,8";"128,40";"0,0"
"18/12/2024";"2300";"";"";"";"";"";"";"";"";"";"";"";"";"";"";"";"";""
"19/12/2024";"0000";"26,6";"26,8";"26,5";"86,0";"87,0";"84,0";"24,0";"24,4";"23,8";"1004,8";"1004,8";"1004,2";"0,0";"291,0";"1,1";"";"0,0"
"19/12/2024";"0100";"26,6";"26,9";"26,4";"90,0";"90,0";"85,0";"24,8";"24,8";"23,8";"1005,6";"1005,6";"1004,8";"0,2";"228,0";"1,3";"";"0,0"
"19/12/2024";"0200";"";"";"";"";"";"";"";"";"";"";"";"";"";"";"";"";""
"19/12/2024";"0300";"25,8";"26,5";"25,7";"93,0";"93,0";"92,0";"24,7";"25,0";"24,5";"1006,3";"1006,3";"1006,0";"0,0";"248,0";"2,5";"";"0,0"
"19/12/2024";"0400";"26,0";"26,2";"25,7";"93,0";"94,0";"92,0";"24,7";"25,1";"24,5";"1005,8";"1006,4";"1005,8";"0,0";"286,0";"1,2";"";"0,0"
"19/12/2024";"0500";"25,3";"26,0";"25,3";"93,0";"93,0";"92,0";"24,2";"24,8";"24,1";"1005,3";"1005,8";"1005,3";"1,0";"337,0";"2,3";"";"0,0"
"19/12/2024";"0600";"24,8";"25,3";"24,8";"95,0";"95,0";"93,0";"23,9";"24,2";"23,9";"1005,2";"1005,4";"1005,2";"1,9";"343,0";"2,8";"";"0,0"
"19/12/2024";"0700";"25,0";"25,0";"24,7";"95,0";"95,0";"95,0";"24,1";"24,1";"23,9";"1004,4";"1005,2";"1004,4";"1,0";"255,0";"2,9";"";"0,0"
"19/12/2024";"0800";"24,6";"25,1";"24,6";"95,0";"95,0";"95,0";"23,8";"24,2";"23,8";"1004,5";"1004,5";"1004,1";"0,7";"300,0";"3,0";"";"0,0"
"19/12/2024";"0900";"24,5";"24,6";"24,5";"95,0";"95,0";"95,0";"23,8";"23,8";"23,7";"1005,5";"1005,5";"1004,5";"1,3";"339,0";"3,0";"";"0,0"
"19/12/2024";"1000";"24,7";"24,8";"24,5";"95,0";"95,0";"95,0";"23,8";"24,0";"23,7";"1006,2";"1006,2";"1005,5";"1,2";"344,0";"2,5";"7,60";"0,0"
"19/12/2024";"1100";"24,6";"24,8";"24,4";"95,0";"95,0";"95,0";"23,8";"24,0";"23,6";"1007,8";"1007,8";"1006,2";"0,8";"328,0";"2,4";"136,40";"0,0"
"19/12/2024";"1200";"24,9";"25,6";"24,6";"88,0";"95,0";"88,0";"22,8";"24,7";"22,8";"1008,9";"1008,9";"1007,8";"2,7";"311,0";"6,8";"261,40";"0,0"
"19/12/2024";"1300";"24,0";"24,9";"23,8";"92,0";"93,0";"86,0";"22,6";"22,8";"21,7";"1009,2";"1009,2";"1008,9";"1,4";"284,0";"6,8";"409,00";"0,6"
"19/12/2024";"1400";"24,7";"24,8";"24,0";"90,0";"93,0";"90,0";"23,0";"23,4";"22,6";"1008,8";"1009,2";"1008,8";"1,5";"330,0";"3,9";"447,80";"0,2"
"19/12/2024";"1500";"27,7";"27,8";"24,7";"77,0";"91,0";"76,0";"23,2";"24,5";"22,5";"1007,9";"1008,8";"1007,9";"1,3";"297,0";"3,8";"2232,00";"0,0"
"19/12/2024";"1600";"28,5";"28,6";"27,6";"71,0";"78,0";"70,0";"22,7";"23,8";"22,5";"1007,2";"1007,9";"1007,2";"1,2";"256,0";"4,1";"1983,50";"0,0"
"19/12/2024";"1700";"28,9";"29,4";"28,4";"69,0";"73,0";"68,0";"22,8";"23,6";"22,5";"1006,2";"1007,2";"1006,2";"1,7";"275,0";"3,7";"1879,90";"0,0"
"19/12/2024";"1800";"30,4";"30,4";"28,9";"65,0";"72,0";"64,0";"23,2";"23,6";"22,6";"1004,9";"1006,2";"1004,9";"1,8";"274,0";"3,9";"1978,60";"0,0"
"19/12/2024";"1900";"30,7";"31,3";"29,8";"63,0";"67,0";"61,0";"22,7";"23,8";"22,3";"1003,9";"1004,9";"1003,9";"2,5";"282,0";"5,2";"2138,20";"0,0"
"19/12/2024";"2000";"30,8";"31,1";"30,3";"63,0";"66,0";"62,0";"23,0";"23,7";"22,5";"1003,4";"1003,9";"1003,3";"1,8";"277,0";"5,2";"1547,50";"0,0"
"19/12/2024";"2100";"30,0";"31,1";"30,0";"67,0";"68,0";"62,0";"23,2";"23,5";"22,6";"1003,3";"1003,4";"1003,1";"1,3";"273,0";"4,1";"819,40";"0,0"
"19/12/2024";"2200";"28,6";"30,0";"28,6";"74,0";"74,0";"66,0";"23,5";"23,6";"23,0";"1003,5";"1003,5";"1003,3";"0,2";"279,0";"3,8";"89,70";"0,0"
"19/12/2024";"2300";"27,1";"28,6";"27,1";"82,0";"82,0";"74,0";"23,9";"23,9";"23,4";"1003,6";"1003,6";"1003,4";"0,0";"302,0";"1,2";"0,10";"0,0"
"20/12/2024";"0000";"27,0";"27,1";"26,6";"83,0";"86,0";"81,0";"23,9";"24,2";"23,6";"1004,1";"1004,1";"1003,5";"0,6";"293,0";"1,4";"";"0,0"
"20/12/2024";"0100";"26,6";"27,1";"26,4";"86,0";"86,0";"82,0";"24,0";"24,0";"23,6";"1005,1";"1005,1";"1004,1";"1,4";"299,0";"2,0";"";"0,0"
"20/12/2024";"0200";"26,3";"26,7";"26,1";"86,0";"89,0";"85,0";"23,9";"24,1";"23,9";"1005,6";"1005,6";"1005,1";"0,2";"296,0";"2,0";"";"0,0"
"20/12/2024";"0300";"25,9";"26,3";"25,9";"89,0";"89,0";"86,0";"24,0";"24,0";"23,9";"1006,1";"1006,1";"1005,6";"0,0";"230,0";"0,9";"";"0,0"
"20/12/2024";"0400";"25,7";"25,9";"25,4";"91,0";"92,0";"89,0";"24,1";"24,1";"23,8";"1005,6";"1006,2";"1005,6";"0,1";"304,0";"1,4";"";"0,0"
"20/12/2024";"0500";"25,6";"25,9";"25,5";"91,0";"91,0";"89,0";"24,0";"24,1";"23,8";"1004,9";"1005,6";"1004,9";"0,0";"319,0";"0,7";"";"0,0"
"20/12/2024";"0600";"25,9";"26,1";"25,6";"88,0";"91,0";"88,0";"23,9";"24,1";"23,8";"1004,7";"1004,9";"1004,6";"0,9";"344,0";"1,9";"";"0,0"
"20/12/2024";"0700";"25,5";"26,0";"25,5";"90,0";"90,0";"88,0";"23,8";"23,9";"23,7";"1004,4";"1004,7";"1004,4";"0,4";"334,0";"2,6";"";"0,0"
"20/12/2024";"0800";"26,0";"26,0";"25,4";"88,0";"91,0";"88,0";"23,9";"23,9";"23,7";"1004,7";"1004,7";"1004,4";"0,7";"340,0";"2,7";"";"0,0"
"20/12/2024";"0900";"25,5";"26,1";"25,5";"89,0";"89,0";"87,0";"23,7";"23,9";"23,5";"1004,7";"1004,7";"1004,6";"0,5";"250,0";"2,0";"";"0,0"
"20/12/2024";"1000";"25,6";"25,8";"25,4";"90,0";"91,0";"89,0";"23,9";"24,1";"23,7";"1005,0";"1005,0";"1004,6";"0,5";"341,0";"1,7";"8,10";"0,0"
"20/12/2024";"1100";"26,2";"26,2";"25,5";"87,0";"90,0";"87,0";"23,9";"24,2";"23,6";"1005,8";"1005,8";"1005,0";"0,1";"305,0";"1,7";"204,80";"0,0"
"20/12/2024";"1200";"27,3";"27,4";"26,2";"82,0";"87,0";"82,0";"23,9";"24,3";"23,8";"1006,3";"1006,3";"1005,8";"1,2";"238,0";"2,4";"874,70";"0,0"
"20/12/2024";"1300";"24,7";"27,8";"24,7";"87,0";"87,0";"79,0";"22,3";"24,8";"21,6";"1007,5";"1007,6";"1006,3";"2,2";"244,0";"7,6";"564,70";"0,0"
"20/12/2024";"1400";"24,1";"24,8";"24,0";"91,0";"91,0";"86,0";"22,6";"22,6";"21,8";"1006,7";"1007,5";"1006,7";"0,0";"245,0";"7,6";"128,20";"1,4"
"20/12/2024";"1500";"25,4";"25,5";"24,1";"92,0";"92,0";"90,0";"24,0";"24,1";"22,6";"1006,5";"1007,0";"1006,4";"1,3";"296,0";"2,4";"461,90";"1,2"
"20/12/2024";"1600";"26,2";"26,3";"24,5";"83,0";"92,0";"83,0";"23,0";"24,7";"22,8";"1005,9";"1006,8";"1005,9";"3,3";"293,0";"8,1";"1241,60";"0,2"
"20/12/2024";"1700";"25,7";"27,0";"25,5";"89,0";"89,0";"79,0";"23,6";"23,8";"22,5";"1004,4";"1005,9";"1004,4";"1,4";"293,0";"6,2";"1139,10";"0,0"
"20/12/2024";"1800";"27,3";"27,6";"25,6";"83,0";"89,0";"81,0";"24,1";"25,1";"23,5";"1003,3";"1004,4";"1003,3";"1,4";"285,0";"3,6";"1488,70";"0,0"
"20/12/2024";"1900";"27,1";"27,3";"27,0";"85,0";"85,0";"82,0";"24,4";"24,5";"23,7";"1002,5";"1003,3";"1002,5";"1,3";"291,0";"3,9";"647,20";"0,0"
"20/12/2024";"2000";"27,4";"27,4";"27,1";"83,0";"85,0";"83,0";"24,2";"24,6";"24,1";"1002,7";"1002,7";"1002,4";"0,1";"259,0";"2,1";"328,00";"0,0"
"20/12/2024";"2100";"27,1";"27,5";"27,1";"87,0";"87,0";"82,0";"24,7";"24,8";"24,1";"1002,5";"1002,7";"1002,3";"0,2";"266,0";"1,5";"193,50";"0,0"
"20/12/2024";"2200";"26,6";"27,1";"26,6";"89,0";"90,0";"86,0";"24,6";"25,0";"24,5";"1002,9";"1002,9";"1002,4";"0,0";"283,0";"0,9";"75,40";"0,0"
"20/12/2024";"2300";"";"";"";"";"";"";"";"";"";"";"";"";"";"";"";"";""
"21/12/2024";"0000";"26,3";"26,3";"25,8";"92,0";"92,0";"91,0";"24,8";"24,9";"24,4";"1004,6";"1004,6";"1003,8";"0,0";"293,0";"0,8";"";"0,0"
"21/12/2024";"0100";"25,5";"26,3";"25,5";"93,0";"93,0";"91,0";"24,4";"24,7";"24,3";"1004,9";"1004,9";"1004,5";"0,0";"297,0";"0,8";"";"0,0"
"21/12/2024";"0200";"25,4";"25,5";"25,4";"94,0";"94,0";"93,0";"24,4";"24,4";"24,3";"1005,5";"1005,5";"1004,9";"0,0";"231,0";"0,8";"";"0,0"
"21/12/2024";"0300";"25,4";"25,5";"25,4";"94,0";"94,0";"94,0";"24,3";"24,4";"24,3";"1005,8";"1005,8";"1005,4";"0,0";"272,0";"0,0";"";"0,0"
"21/12/2024";"0400";"25,6";"25,6";"25,3";"94,0";"94,0";"94,0";"24,5";"24,5";"24,2";"1005,2";"1005,8";"1005,2";"0,0";"276,0";"0,0";"";"0,0"
"21/12/2024";"0500";"25,9";"25,9";"25,5";"93,0";"94,0";"93,0";"24,8";"24,8";"24,4";"1004,5";"1005,2";"1004,5";"0,0";"238,0";"0,0";"";"0,0"
"21/12/2024";"0600";"25,7";"26,0";"25,7";"94,0";"94,0";"92,0";"24,6";"24,7";"24,5";"1004,0";"1004,5";"1004,0";"0,0";"252,0";"0,0";"";"0,0"
"21/12/2024";"0700";"25,4";"25,7";"25,4";"94,0";"94,0";"94,0";"24,4";"24,6";"24,4";"1003,9";"1004,0";"1003,8";"0,0";"241,0";"0,0";"";"0,0"
"21/12/2024";"0800";"25,5";"25,6";"25,4";"92,0";"94,0";"92,0";"24,2";"24,4";"24,2";"1003,8";"1004,0";"1003,8";"0,0";"223,0";"0,0";"";"0,0"
"21/12/2024";"0900";"25,4";"25,6";"25,4";"93,0";"93,0";"92,0";"24,1";"24,2";"24,0";"1004,2";"1004,2";"1003,8";"0,0";"296,0";"0,0";"";"0,0"
"21/12/2024";"1000";"25,3";"25,4";"25,2";"93,0";"94,0";"93,0";"24,2";"24,3";"24,1";"1005,1";"1005,1";"1004,2";"0,0";"285,0";"0,0";"5,90";"0,0"
"21/12/2024";"1100";"26,3";"26,3";"25,3";"90,0";"94,0";"90,0";"24,5";"24,6";"24,2";"1005,8";"1005,8";"1005,1";"0,0";"295,0";"0,0";"254,20";"0,0"
"21/12/2024";"1200";"28,2";"28,4";"26,3";"80,0";"90,0";"80,0";"24,6";"25,4";"24,6";"1006,5";"1006,5";"1005,8";"0,0";"249,0";"0,0";"951,70";"0,0"
"21/12/2024";"1300";"28,8";"29,6";"28,1";"77,0";"81,0";"75,0";"24,3";"25,3";"24,1";"1006,8";"1006,9";"1006,5";"1,4";"205,0";"2,8";"1411,80";"0,0"
"21/12/2024";"1400";"29,1";"30,7";"28,8";"79,0";"79,0";"73,0";"25,1";"26,0";"24,4";"1006,6";"1006,9";"1006,6";"0,4";"242,0";"3,0";"1455,30";"0,0"
"21/12/2024";"1500";"29,5";"30,8";"29,1";"77,0";"80,0";"73,0";"25,0";"25,8";"24,6";"1006,0";"1006,6";"1006,0";"0,6";"249,0";"2,6";"1279,00";"0,0"
"21/12/2024";"1600";"32,3";"32,3";"29,4";"67,0";"78,0";"60,0";"25,4";"26,3";"23,1";"1005,5";"1006,0";"1005,5";"1,2";"258,0";"4,7";"2263,00";"0,0"
"21/12/2024";"1700";"32,7";"33,2";"30,9";"57,0";"68,0";"55,0";"23,1";"25,6";"22,7";"1004,3";"1005,5";"1004,3";"2,2";"260,0";"7,3";"2346,60";"0,0"
"21/12/2024";"1800";"33,2";"33,6";"32,2";"55,0";"62,0";"55,0";"23,0";"24,3";"22,8";"1002,8";"1004,3";"1002,8";"2,3";"270,0";"6,5";"2416,40";"0,0"
"21/12/2024";"1900";"32,8";"33,8";"31,5";"60,0";"64,0";"53,0";"24,1";"24,3";"22,6";"1001,5";"1002,8";"1001,5";"2,4";"306,0";"7,0";"1849,70";"0,0"
"21/12/2024";"2000";"31,8";"32,9";"31,7";"60,0";"61,0";"54,0";"23,0";"24,0";"21,9";"1000,7";"1001,6";"1000,7";"1,4";"271,0";"6,5";"1283,80";"0,0"
"21/12/2024";"2100";"30,8";"31,8";"30,8";"66,0";"66,0";"60,0";"23,6";"23,7";"22,9";"1001,0";"1001,0";"1000,6";"1,5";"281,0";"4,5";"409,40";"0,0"
"21/12/2024";"2200";"29,5";"30,8";"29,5";"71,0";"71,0";"65,0";"23,7";"24,0";"23,6";"1001,7";"1001,7";"1001,0";"0,6";"274,0";"2,9";"99,20";"0,0"
"21/12/2024";"2300";"28,5";"29,4";"28,2";"74,0";"77,0";"71,0";"23,5";"23,9";"23,5";"1002,6";"1002,7";"1001,7";"0,1";"284,0";"1,8";"";"0,0"
"22/12/2024";"0000";"27,8";"28,7";"27,8";"78,0";"78,0";"72,0";"23,6";"23,7";"23,1";"1003,8";"1003,8";"1002,6";"0,8";"291,0";"2,4";"";"0,0"
"22/12/2024";"0100";"27,1";"27,9";"27,0";"83,0";"83,0";"78,0";"24,0";"24,0";"23,5";"1004,7";"1004,7";"1003,8";"0,2";"296,0";"1,4";"";"0,0"
"22/12/2024";"0200";"27,0";"27,6";"26,9";"82,0";"84,0";"79,0";"23,7";"24,0";"23,7";"1005,2";"1005,2";"1004,7";"0,9";"290,0";"2,0";"";"0,0"
"22/12/2024";"0300";"26,6";"27,0";"26,4";"85,0";"87,0";"82,0";"23,9";"24,2";"23,7";"1005,1";"1005,2";"1005,0";"1,3";"290,0";"2,3";"";"0,0"
"22/12/2024";"0400";"26,1";"26,8";"26,1";"87,0";"87,0";"83,0";"23,9";"24,0";"23,5";"1005,0";"1005,2";"1005,0";"0,8";"296,0";"2,1";"";"0,0"
"22/12/2024";"0500";"25,9";"26,4";"25,9";"85,0";"88,0";"83,0";"23,3";"23,9";"23,2";"1004,4";"1005,0";"1004,4";"0,0";"304,0";"1,4";"";"0,0"
"22/12/2024";"0600";"25,4";"25,9";"25,3";"90,0";"90,0";"85,0";"23,6";"23,7";"23,3";"1003,8";"1004,4";"1003,8";"0,0";"299,0";"0,6";"";"0,0"
"22/12/2024";"0700";"25,5";"25,6";"25,3";"89,0";"91,0";"89,0";"23,6";"23,9";"23,6";"1003,7";"1003,8";"1003,6";"0,0";"296,0";"1,2";"";"0,0"
"22/12/2024";"0800";"25,3";"25,5";"25,3";"90,0";"90,0";"89,0";"23,5";"23,7";"23,5";"1004,0";"1004,0";"1003,7";"0,0";"299,0";"1,0";"";"0,0"
"22/12/2024";"0900";"25,3";"25,6";"25,2";"90,0";"90,0";"88,0";"23,4";"23,5";"23,3";"1004,6";"1004,6";"1004,0";"0,0";"214,0";"0,7";"";"0,0"
"22/12/2024";"1000";"25,2";"25,3";"25,0";"92,0";"92,0";"89,0";"23,8";"23,8";"23,4";"1005,7";"1005,7";"1004,6";"0,0";"202,0";"0,0";"8,00";"0,0"
"22/12/2024";"1100";"26,8";"26,9";"25,2";"88,0";"92,0";"88,0";"24,6";"25,1";"23,8";"1006,8";"1006,8";"1005,7";"0,0";"210,0";"1,5";"200,80";"0,0"
"22/12/2024";"1200";"27,9";"28,1";"26,8";"84,0";"88,0";"83,0";"24,9";"25,4";"24,6";"1007,5";"1007,5";"1006,8";"0,0";"240,0";"2,3";"570,80";"0,0"
"22/12/2024";"1300";"29,3";"29,3";"27,9";"81,0";"86,0";"80,0";"25,6";"26,2";"24,6";"1008,1";"1008,1";"1007,5";"0,9";"210,0";"3,2";"1053,30";"0,0"
"22/12/2024";"1400";"30,4";"30,6";"29,0";"74,0";"81,0";"71,0";"25,2";"25,9";"24,2";"1007,8";"1008,2";"1007,8";"1,4";"217,0";"3,2";"2101,00";"0,0"
"22/12/2024";"1500";"30,5";"31,5";"30,0";"72,0";"74,0";"66,0";"24,8";"25,6";"23,4";"1007,1";"1007,8";"1007,0";"0,4";"244,0";"3,5";"2246,90";"0,0"
"22/12/2024";"1600";"32,7";"32,8";"30,5";"55,0";"72,0";"52,0";"22,4";"24,8";"21,9";"1006,2";"1007,1";"1006,2";"1,7";"271,0";"5,6";"2513,60";"0,0"
"22/12/2024";"1700";"33,9";"33,9";"32,6";"50,0";"58,0";"49,0";"22,1";"23,5";"21,1";"1005,1";"1006,2";"1005,1";"2,2";"269,0";"7,7";"2858,00";"0,0"
"22/12/2024";"1800";"33,3";"34,2";"33,1";"46,0";"53,0";"42,0";"20,1";"22,5";"18,9";"1004,3";"1005,1";"1004,3";"2,9";"277,0";"6,0";"2482,30";"0,0"
"22/12/2024";"1900";"33,8";"33,9";"33,0";"46,0";"47,0";"42,0";"20,7";"20,7";"18,7";"1003,3";"1004,3";"1003,2";"2,7";"286,0";"6,9";"2072,40";"0,0"
"22/12/2024";"2000";"33,4";"34,1";"33,3";"47,0";"49,0";"44,0";"20,6";"21,6";"19,8";"1002,9";"1003,3";"1002,8";"2,5";"281,0";"5,7";"1659,70";"0,0"
"22/12/2024";"2100";"32,2";"33,6";"32,2";"55,0";"56,0";"46,0";"22,1";"22,1";"20,1";"1003,1";"1003,1";"1002,9";"1,0";"267,0";"5,7";"857,90";"0,0"
"22/12/2024";"2200";"29,8";"32,2";"29,8";"65,0";"66,0";"55,0";"22,5";"22,7";"21,8";"1003,2";"1003,2";"1003,1";"0,4";"266,0";"3,5";"87,80";"0,0"
"22/12/2024";"2300";"28,8";"29,9";"28,5";"70,0";"73,0";"65,0";"22,8";"23,2";"22,4";"1003,7";"1003,8";"1003,2";"1,0";"289,0";"2,3";"0,10";"0,0"
"23/12/2024";"0000";"28,6";"29,1";"28,6";"69,0";"70,0";"67,0";"22,3";"22,8";"22,0";"1003,9";"1003,9";"1003,6";"1,1";"288,0";"3,5";"";"0,0"
"23/12/2024";"0100";"27,1";"28,7";"27,1";"79,0";"79,0";"68,0";"23,1";"23,1";"22,1";"1004,8";"1004,8";"1003,9";"1,3";"296,0";"2,6";"";"0,0"
"23/12/2024";"0200";"26,8";"27,4";"26,7";"79,0";"81,0";"77,0";"22,8";"23,3";"22,8";"1005,5";"1005,5";"1004,8";"1,4";"298,0";"2,2";"";"0,0"
"23/12/2024";"0300";"26,5";"27,2";"26,3";"80,0";"82,0";"76,0";"22,8";"23,1";"22,6";"1005,9";"1005,9";"1005,5";"1,6";"303,0";"2,5";"";"0,0"
"23/12/2024";"0400";"26,5";"26,9";"26,3";"79,0";"80,0";"76,0";"22,5";"22,8";"22,3";"1005,5";"1005,9";"1005,5";"0,5";"286,0";"2,5";"";"0,0"
"23/12/2024";"0500";"25,9";"26,5";"25,7";"81,0";"83,0";"79,0";"22,3";"22,7";"22,3";"1004,9";"1005,5";"1004,9";"0,0";"247,0";"1,4";"";"0,0"
"23/12/2024";"0600";"25,2";"26,1";"25,1";"88,0";"88,0";"80,0";"23,1";"23,1";"22,3";"1004,6";"1005,0";"1004,5";"0,0";"253,0";"0,4";"";"0,0"
"23/12/2024";"0700";"25,2";"25,3";"25,1";"90,0";"90,0";"88,0";"23,4";"23,4";"23,1";"1004,3";"1004,6";"1004,3";"0,0";"236,0";"0,0";"";"0,0"
"23/12/2024";"0800";"26,8";"26,9";"25,2";"85,0";"90,0";"84,0";"24,0";"24,4";"23,4";"1004,5";"1004,5";"1004,3";"0,7";"278,0";"1,6";"";"0,0"
"23/12/2024";"0900";"26,0";"26,8";"25,6";"82,0";"89,0";"82,0";"22,7";"24,0";"22,7";"1005,2";"1005,2";"1004,5";"2,0";"237,0";"3,9";"";"0,0"
"23/12/2024";"1000";"25,1";"26,0";"25,1";"88,0";"88,0";"82,0";"23,0";"23,2";"22,7";"1005,9";"1005,9";"1005,2";"1,7";"227,0";"3,9";"9,30";"0,0"
"23/12/2024";"1100";"25,2";"25,2";"24,9";"90,0";"90,0";"88,0";"23,4";"23,5";"23,0";"1007,0";"1007,0";"1005,9";"2,1";"234,0";"4,1";"224,00";"0,0"
"23/12/2024";"1200";"25,9";"25,9";"25,2";"87,0";"90,0";"86,0";"23,5";"23,6";"23,2";"1007,7";"1007,7";"1007,0";"0,4";"243,0";"3,8";"597,00";"0,0"
"23/12/2024";"1300";"26,8";"26,8";"25,8";"85,0";"88,0";"84,0";"24,2";"24,2";"23,3";"1008,1";"1008,1";"1007,7";"0,1";"201,0";"1,9";"724,90";"0,0"
"23/12/2024";"1400";"29,0";"29,3";"26,8";"75,0";"85,0";"74,0";"24,1";"25,0";"23,5";"1007,9";"1008,2";"1007,9";"0,5";"295,0";"2,1";"1379,60";"0,0"
"23/12/2024";"1500";"29,8";"30,8";"28,7";"65,0";"75,0";"64,0";"22,5";"24,1";"22,4";"1007,0";"1007,9";"1007,0";"1,0";"294,0";"3,4";"2533,20";"0,0"
"23/12/2024";"1600";"30,5";"31,5";"29,5";"67,0";"70,0";"62,0";"23,8";"24,5";"22,4";"1006,2";"1007,0";"1006,1";"1,7";"227,0";"3,3";"2591,10";"0,0"
"23/12/2024";"1700";"30,9";"31,6";"30,0";"63,0";"69,0";"60,0";"23,1";"24,2";"22,5";"1004,7";"1006,2";"1004,7";"0,8";"298,0";"3,6";"1390,50";"0,0"
"23/12/2024";"1800";"31,5";"32,0";"30,8";"61,0";"68,0";"58,0";"23,1";"24,2";"22,4";"1004,0";"1004,7";"1004,0";"0,9";"207,0";"2,6";"1951,30";"0,0"
"23/12/2024";"1900";"31,6";"32,3";"30,6";"63,0";"68,0";"58,0";"23,6";"24,5";"22,7";"1002,8";"1004,0";"1002,7";"1,2";"294,0";"3,8";"1773,00";"0,0"
"23/12/2024";"2000";"32,3";"33,2";"31,6";"57,0";"64,0";"55,0";"22,6";"24,3";"22,4";"1002,2";"1002,8";"1002,2";"0,4";"263,0";"3,2";"1633,70";"0,0"
"23/12/2024";"2100";"30,4";"32,3";"30,4";"73,0";"73,0";"57,0";"25,1";"25,1";"22,5";"1001,5";"1002,2";"1001,5";"0,8";"197,0";"1,9";"969,40";"0,0"
"23/12/2024";"2200";"29,2";"30,4";"29,2";"77,0";"78,0";"73,0";"24,9";"25,3";"24,7";"1002,2";"1002,2";"1001,5";"0,1";"206,0";"1,9";"183,40";"0,0"
"23/12/2024";"2300";"28,6";"29,4";"28,5";"84,0";"84,0";"77,0";"25,6";"25,6";"24,9";"1003,0";"1003,0";"1002,2";"0,0";"260,0";"1,3";"0,20";"0,0"
"24/12/2024";"0000";"28,1";"28,6";"28,0";"83,0";"84,0";"83,0";"24,9";"25,6";"24,8";"1003,6";"1003,6";"1002,9";"0,0";"245,0";"0,7";"";"0,0"
"24/12/2024";"0100";"27,7";"28,1";"27,7";"82,0";"84,0";"82,0";"24,4";"24,9";"24,2";"1004,7";"1004,7";"1003,6";"0,0";"274,0";"0,9";"";"0,0"
"24/12/2024";"0200";"27,0";"27,7";"27,0";"86,0";"86,0";"81,0";"24,5";"24,5";"24,0";"1005,2";"1005,2";"1004,7";"0,0";"309,0";"0,7";"";"0,0"
"24/12/2024";"0300";"26,8";"27,1";"26,8";"85,0";"87,0";"85,0";"24,2";"24,4";"24,2";"1005,5";"1005,5";"1005,1";"0,0";"303,0";"1,0";"";"0,0"
"24/12/2024";"0400";"26,8";"26,9";"26,5";"84,0";"87,0";"84,0";"23,9";"24,3";"23,9";"1005,0";"1005,5";"1005,0";"0,0";"340,0";"1,1";"";"0,0"
"24/12/2024";"0500";"26,4";"26,8";"26,3";"89,0";"90,0";"84,0";"24,4";"24,5";"23,7";"1004,4";"1005,0";"1004,4";"0,0";"332,0";"0,0";"";"0,0"
"24/12/2024";"0600";"26,2";"26,4";"26,2";"89,0";"89,0";"88,0";"24,4";"24,4";"24,1";"1003,6";"1004,4";"1003,6";"0,0";"336,0";"0,0";"";"0,0"
"24/12/2024";"0700";"26,0";"26,7";"26,0";"89,0";"89,0";"87,0";"24,0";"24,6";"23,9";"1003,5";"1003,6";"1003,4";"0,0";"319,0";"2,3";"";"0,0"
"24/12/2024";"0800";"26,6";"26,7";"26,0";"85,0";"89,0";"84,0";"23,9";"24,1";"23,6";"1003,3";"1003,5";"1003,3";"0,0";"321,0";"0,0";"";"0,0"
"24/12/2024";"0900";"26,4";"26,9";"26,2";"88,0";"88,0";"84,0";"24,2";"24,2";"23,6";"1003,5";"1003,5";"1003,3";"0,0";"250,0";"0,0";"";"0,0"
"24/12/2024";"1000";"26,2";"26,4";"26,1";"90,0";"90,0";"88,0";"24,4";"24,5";"24,1";"1004,3";"1004,3";"1003,5";"0,6";"268,0";"2,2";"5,50";"0,0"
"24/12/2024";"1100";"26,9";"26,9";"26,0";"88,0";"93,0";"88,0";"24,7";"25,3";"24,3";"1005,5";"1005,5";"1004,3";"1,3";"230,0";"2,4";"188,40";"0,0"
"24/12/2024";"1200";"27,8";"27,8";"26,9";"85,0";"88,0";"85,0";"25,0";"25,2";"24,6";"1005,9";"1005,9";"1005,5";"1,6";"235,0";"2,6";"838,20";"0,0"
"24/12/2024";"1300";"28,7";"28,7";"27,8";"84,0";"85,0";"81,0";"25,7";"25,8";"24,6";"1006,3";"1006,3";"1005,9";"0,6";"239,0";"3,0";"1165,80";"0,0"
"24/12/2024";"1400";"27,3";"30,2";"27,3";"83,0";"84,0";"74,0";"24,2";"25,7";"23,8";"1006,9";"1006,9";"1006,3";"2,6";"297,0";"7,2";"991,50";"0,0"
"24/12/2024";"1500";"26,9";"27,3";"25,9";"85,0";"91,0";"83,0";"24,2";"24,7";"23,9";"1006,4";"1006,9";"1006,2";"2,8";"303,0";"7,0";"855,50";"0,2"
"24/12/2024";"1600";"28,8";"29,1";"26,9";"77,0";"87,0";"74,0";"24,3";"25,0";"23,6";"1005,4";"1006,4";"1005,4";"2,6";"292,0";"6,8";"1950,20";"0,0"
"24/12/2024";"1700";"29,4";"29,9";"28,6";"70,0";"78,0";"69,0";"23,3";"24,8";"23,2";"1004,8";"1005,5";"1004,8";"2,0";"289,0";"4,8";"1482,70";"0,0"
"24/12/2024";"1800";"28,4";"29,6";"28,3";"73,0";"74,0";"67,0";"23,1";"23,6";"22,2";"1003,5";"1004,8";"1003,5";"0,7";"250,0";"6,1";"980,10";"0,0"
"24/12/2024";"1900";"28,1";"28,6";"28,0";"77,0";"77,0";"73,0";"23,7";"23,8";"23,1";"1002,2";"1003,5";"1002,2";"1,1";"265,0";"3,0";"726,60";"0,0"
"24/12/2024";"2000";"28,8";"29,0";"28,0";"76,0";"78,0";"74,0";"24,0";"24,4";"23,5";"1001,3";"1002,2";"1001,3";"0,6";"247,0";"3,1";"936,40";"0,0"
"24/12/2024";"2100";"28,6";"29,1";"28,3";"75,0";"76,0";"72,0";"23,7";"24,2";"23,2";"1001,4";"1001,4";"1001,1";"0,4";"273,0";"2,6";"612,90";"0,0"
"24/12/2024";"2200";"27,8";"28,6";"27,6";"80,0";"80,0";"74,0";"24,0";"24,0";"23,5";"1003,1";"1003,1";"1001,3";"0,0";"207,0";"1,4";"107,80";"0,0"
"24/12/2024";"2300";"27,5";"27,8";"27,2";"83,0";"83,0";"79,0";"24,3";"24,3";"23,7";"1003,7";"1003,7";"1003,1";"0,1";"310,0";"1,2";"0,30";"0,0"
"25/12/2024";"0000";"26,8";"27,5";"26,6";"87,0";"87,0";"83,0";"24,5";"24,5";"24,2";"1004,5";"1004,5";"1003,7";"0,0";"226,0";"1,2";"";"0,0"
"25/12/2024";"0100";"26,3";"27,1";"26,3";"90,0";"90,0";"85,0";"24,4";"24,6";"24,2";"1004,8";"1004,9";"1004,5";"0,0";"308,0";"1,2";"";"0,0"
"25/12/2024";"0200";"26,2";"26,3";"26,0";"90,0";"91,0";"90,0";"24,4";"24,5";"24,3";"1005,3";"1005,3";"1004,6";"1,1";"346,0";"1,8";"";"0,0"
"25/12/2024";"0300";"25,9";"26,4";"25,9";"92,0";"92,0";"90,0";"24,4";"24,8";"24,3";"1005,3";"1005,4";"1005,2";"0,0";"304,0";"1,8";"";"0,0"
"25/12/2024";"0400";"26,2";"26,4";"25,8";"91,0";"93,0";"91,0";"24,7";"25,0";"24,4";"1004,9";"1005,3";"1004,9";"1,4";"241,0";"2,6";"";"0,0"
"25/12/2024";"0500";"26,1";"26,4";"26,0";"91,0";"91,0";"89,0";"24,5";"24,7";"24,3";"1004,2";"1004,9";"1004,2";"2,2";"232,0";"3,9";"";"0,0"
"25/12/2024";"0600";"26,1";"26,2";"26,0";"91,0";"92,0";"89,0";"24,6";"24,6";"24,2";"1003,7";"1004,2";"1003,7";"2,5";"230,0";"4,2";"";"0,0"
"25/12/2024";"0700";"25,5";"26,3";"25,5";"92,0";"92,0";"90,0";"24,1";"24,6";"24,0";"1003,5";"1003,7";"1003,4";"1,3";"277,0";"4,3";"";"0,0"
"25/12/2024";"0800";"25,8";"25,8";"25,4";"92,0";"93,0";"92,0";"24,4";"24,6";"24,1";"1003,7";"1003,7";"1003,5";"2,5";"273,0";"4,1";"";"0,0"
"25/12/2024";"0900";"25,1";"25,8";"25,1";"94,0";"94,0";"92,0";"24,0";"24,5";"24,0";"1003,8";"1003,8";"1003,6";"0,6";"329,0";"4,1";"";"0,0"
"25/12/2024";"1000";"25,1";"25,1";"25,0";"94,0";"94,0";"94,0";"24,1";"24,2";"24,0";"1004,1";"1004,1";"1003,8";"0,8";"331,0";"2,2";"6,00";"0,0"
"25/12/2024";"1100";"25,8";"25,8";"25,1";"92,0";"94,0";"92,0";"24,5";"24,5";"24,0";"1004,9";"1005,0";"1004,1";"0,4";"291,0";"2,6";"181,60";"0,0"
"25/12/2024";"1200";"26,4";"26,5";"25,8";"89,0";"92,0";"88,0";"24,4";"24,8";"24,1";"1005,8";"1005,8";"1004,9";"0,2";"261,0";"1,8";"503,30";"0,0"
"25/12/2024";"1300";"26,9";"27,1";"26,4";"86,0";"89,0";"86,0";"24,3";"24,7";"24,3";"1006,3";"1006,3";"1005,8";"0,3";"244,0";"1,7";"637,00";"0,0"
"25/12/2024";"1400";"27,3";"27,4";"26,8";"85,0";"87,0";"84,0";"24,5";"24,8";"24,2";"1006,5";"1006,6";"1006,3";"0,8";"237,0";"2,4";"641,60";"0,0"
"25/12/2024";"1500";"25,4";"27,9";"25,4";"93,0";"93,0";"82,0";"24,1";"25,0";"23,7";"1006,3";"1006,5";"1006,3";"2,4";"304,0";"5,6";"599,80";"13,2"
"25/12/2024";"1600";"23,9";"25,9";"23,9";"95,0";"95,0";"93,0";"23,1";"24,8";"23,0";"1006,5";"1006,6";"1006,2";"2,8";"276,0";"7,8";"224,80";"25,8"
"25/12/2024";"1700";"24,6";"24,6";"23,9";"95,0";"95,0";"95,0";"23,7";"23,7";"23,0";"1005,0";"1006,5";"1005,0";"1,8";"264,0";"6,7";"380,80";"0,4"
"25/12/2024";"1800";"26,3";"26,5";"24,6";"88,0";"95,0";"88,0";"24,2";"24,9";"23,7";"1003,9";"1005,0";"1003,6";"1,3";"291,0";"5,9";"1072,40";"0,2"
"25/12/2024";"1900";"26,0";"26,8";"26,0";"87,0";"88,0";"84,0";"23,6";"24,3";"23,5";"1002,1";"1004,0";"1002,1";"3,6";"287,0";"7,1";"887,20";"0,0"
"25/12/2024";"2000";"26,7";"26,7";"25,7";"81,0";"88,0";"80,0";"23,2";"23,8";"22,7";"1001,8";"1002,1";"1001,7";"1,4";"285,0";"7,1";"829,70";"0,0"
"25/12/2024";"2100";"26,6";"26,8";"26,6";"80,0";"81,0";"78,0";"23,0";"23,2";"22,5";"1002,1";"1002,1";"1001,8";"1,1";"286,0";"3,5";"520,60";"0,0"
"25/12/2024";"2200";"25,2";"26,6";"25,1";"88,0";"88,0";"80,0";"23,0";"23,0";"22,5";"1002,6";"1002,6";"1002,1";"0,0";"276,0";"3,0";"102,80";"0,0"
"25/12/2024";"2300";"24,6";"25,2";"24,6";"91,0";"91,0";"88,0";"23,1";"23,2";"23,0";"1004,0";"1004,0";"1002,6";"0,0";"318,0";"1,6";"0,10";"0,0"
"26/12/2024";"0000";"24,6";"24,6";"24,5";"91,0";"92,0";"91,0";"23,1";"23,2";"23,0";"1004,4";"1004,4";"1004,0";"0,1";"306,0";"1,1";"";"0,0"
"26/12/2024";"0100";"24,4";"24,6";"24,4";"91,0";"92,0";"90,0";"22,8";"23,1";"22,8";"1005,0";"1005,0";"1004,4";"1,3";"295,0";"2,4";"";"0,0"
"26/12/2024";"0200";"24,1";"24,4";"24,1";"93,0";"93,0";"91,0";"22,8";"22,9";"22,8";"1005,2";"1005,3";"1005,0";"1,3";"301,0";"2,5";"";"0,0"
"26/12/2024";"0300";"24,1";"24,1";"23,9";"93,0";"94,0";"93,0";"22,9";"22,9";"22,8";"1005,0";"1005,2";"1005,0";"0,9";"303,0";"2,5";"";"0,0"
"26/12/2024";"0400";"23,9";"24,1";"23,9";"94,0";"94,0";"93,0";"22,9";"23,0";"22,9";"1004,7";"1005,0";"1004,6";"0,0";"351,0";"1,1";"";"0,0"
"26/12/2024";"0500";"24,0";"24,0";"23,9";"94,0";"94,0";"94,0";"23,0";"23,0";"22,9";"1004,5";"1004,7";"1004,4";"0,1";"324,0";"0,8";"";"0,0"
"26/12/2024";"0600";"24,1";"24,1";"24,0";"94,0";"94,0";"93,0";"23,1";"23,1";"22,9";"1004,1";"1004,5";"1004,1";"0,0";"348,0";"0,8";"";"0,0"
"26/12/2024";"0700";"24,0";"24,4";"24,0";"94,0";"94,0";"93,0";"23,0";"23,3";"23,0";"1003,6";"1004,1";"1003,6";"0,0";"342,0";"0,0";"";"0,0"
"26/12/2024";"0800";"24,2";"24,5";"24,0";"94,0";"94,0";"93,0";"23,1";"23,4";"23,0";"1003,6";"1003,7";"1003,5";"0,1";"315,0";"0,7";"";"0,0"
"26/12/2024";"0900";"24,2";"24,5";"24,1";"94,0";"94,0";"93,0";"23,1";"23,4";"23,0";"1003,7";"1003,7";"1003,5";"0,1";"314,0";"1,1";"";"0,0"
"26/12/2024";"1000";"24,1";"24,2";"24,1";"95,0";"95,0";"94,0";"23,1";"23,2";"23,0";"1004,7";"1004,7";"1003,7";"0,0";"301,0";"1,2";"3,50";"0,0"
"26/12/2024";"1100";"24,8";"24,8";"24,1";"93,0";"95,0";"93,0";"23,6";"23,7";"23,1";"1006,2";"1006,2";"1004,7";"0,0";"269,0";"0,0";"110,70";"0,0"
"26/12/2024";"1200";"26,4";"26,4";"24,8";"88,0";"93,0";"88,0";"24,3";"24,4";"23,7";"1006,9";"1006,9";"1006,2";"0,0";"253,0";"0,0";"402,40";"0,0"
"26/12/2024";"1300";"27,9";"27,9";"26,4";"79,0";"89,0";"78,0";"23,8";"24,6";"23,3";"1007,3";"1007,3";"1006,9";"1,4";"249,0";"3,4";"1076,00";"0,0"
"26/12/2024";"1400";"28,2";"28,9";"27,8";"77,0";"80,0";"73,0";"23,8";"24,3";"23,2";"1007,4";"1007,5";"1007,3";"1,7";"264,0";"4,1";"1538,30";"0,0"
"26/12/2024";"1500";"29,5";"29,7";"28,2";"72,0";"77,0";"71,0";"23,8";"24,6";"23,4";"1007,2";"1007,4";"1007,2";"2,8";"280,0";"6,4";"2281,30";"0,0"
"26/12/2024";"1600";"27,7";"30,0";"27,3";"79,0";"82,0";"71,0";"23,7";"25,2";"23,3";"1006,2";"1007,2";"1006,2";"2,5";"299,0";"6,9";"1761,80";"0,0"
"26/12/2024";"1700";"28,6";"29,5";"26,1";"75,0";"90,0";"72,0";"23,6";"24,8";"23,2";"1005,0";"1006,2";"1004,9";"3,0";"294,0";"7,5";"2138,20";"0,2"
"26/12/2024";"1800";"28,3";"28,6";"27,4";"74,0";"80,0";"73,0";"23,3";"23,8";"22,6";"1003,5";"1005,0";"1003,5";"1,7";"294,0";"5,7";"1439,30";"0,0"
"26/12/2024";"1900";"27,8";"28,5";"27,7";"75,0";"76,0";"72,0";"23,0";"23,4";"22,4";"1002,4";"1003,5";"1002,4";"1,8";"285,0";"3,9";"936,00";"0,0"
"26/12/2024";"2000";"28,0";"28,7";"27,6";"75,0";"76,0";"72,0";"23,1";"23,7";"22,4";"1002,3";"1002,4";"1002,2";"1,2";"310,0";"4,8";"986,50";"0,0"
"26/12/2024";"2100";"27,7";"28,1";"27,7";"76,0";"78,0";"73,0";"23,1";"23,5";"22,6";"1002,0";"1002,3";"1002,0";"0,5";"266,0";"2,5";"363,90";"0,0"
"26/12/2024";"2200";"26,6";"27,7";"26,6";"82,0";"82,0";"76,0";"23,2";"23,4";"22,9";"1002,8";"1002,8";"1001,9";"1,1";"289,0";"2,4";"116,60";"0,0"
"26/12/2024";"2300";"26,4";"26,6";"26,3";"84,0";"84,0";"82,0";"23,5";"23,5";"23,2";"1003,6";"1003,6";"1002,8";"0,4";"327,0";"2,3";"0,40";"0,0"
"27/12/2024";"0000";"";"";"";"";"";"";"";"";"";"";"";"";"";"";"";"";""
"27/12/2024";"0100";"25,7";"26,1";"25,7";"88,0";"88,0";"86,0";"23,6";"23,6";"23,5";"1005,2";"1005,2";"1004,1";"1,2";"301,0";"1,8";"";"0,0"
"27/12/2024";"0200";"25,5";"25,7";"25,4";"90,0";"90,0";"88,0";"23,7";"23,8";"23,6";"1005,5";"1005,5";"1005,1";"0,0";"301,0";"1,6";"";"0,0"
"27/12/2024";"0300";"25,3";"25,6";"25,1";"92,0";"92,0";"90,0";"23,8";"23,9";"23,6";"1005,5";"1005,6";"1005,4";"0,0";"315,0";"0,1";"";"0,0"
"27/12/2024";"0400";"25,1";"25,3";"24,9";"93,0";"93,0";"92,0";"23,8";"23,9";"23,7";"1005,2";"1005,5";"1005,1";"0,0";"333,0";"0,0";"";"0,0"
"27/12/2024";"0500";"25,9";"25,9";"24,8";"91,0";"93,0";"91,0";"24,3";"24,4";"23,6";"1004,6";"1005,2";"1004,6";"0,3";"315,0";"1,6";"";"0,0"
"27/12/2024";"0600";"25,7";"25,9";"25,6";"91,0";"92,0";"91,0";"24,2";"24,3";"24,0";"1004,1";"1004,6";"1004,0";"0,0";"349,0";"2,7";"";"0,0"
"27/12/2024";"0700";"25,5";"25,9";"25,5";"91,0";"92,0";"90,0";"24,0";"24,4";"23,9";"1003,6";"1004,1";"1003,6";"0,2";"328,0";"1,4";"";"0,0"
"27/12/2024";"0800";"25,2";"25,6";"25,2";"93,0";"93,0";"91,0";"23,9";"24,1";"23,9";"1003,7";"1003,7";"1003,5";"1,1";"340,0";"2,2";"";"0,0"
"27/12/2024";"0900";"25,1";"25,5";"25,0";"94,0";"94,0";"93,0";"24,0";"24,3";"23,9";"1004,1";"1004,1";"1003,6";"1,2";"329,0";"3,3";"";"0,2"
"27/12/2024";"1000";"24,8";"25,1";"24,7";"95,0";"95,0";"94,0";"23,9";"24,1";"23,8";"1005,0";"1005,0";"1004,1";"2,0";"296,0";"3,9";"0,30";"11,2"
"27/12/2024";"1100";"24,4";"24,8";"24,4";"95,0";"95,0";"95,0";"23,5";"23,9";"23,5";"1005,9";"1005,9";"1005,0";"0,1";"197,0";"3,6";"21,30";"2,6"
"27/12/2024";"1200";"24,5";"24,6";"24,3";"93,0";"95,0";"92,0";"23,3";"23,7";"23,1";"1006,7";"1006,7";"1005,9";"0,0";"265,0";"0,9";"70,00";"0,8"
"27/12/2024";"1300";"24,6";"25,0";"24,4";"93,0";"94,0";"93,0";"23,4";"23,9";"23,2";"1007,7";"1007,7";"1006,7";"0,9";"233,0";"2,7";"118,60";"1,6"
"27/12/2024";"1400";"24,9";"25,1";"24,6";"93,0";"94,0";"93,0";"23,8";"23,9";"23,4";"1007,9";"1007,9";"1007,7";"0,4";"245,0";"3,0";"208,20";"0,2"
"27/12/2024";"1500";"24,7";"25,0";"24,5";"93,0";"94,0";"93,0";"23,5";"23,8";"23,3";"1007,3";"1007,9";"1007,3";"0,3";"245,0";"3,0";"226,80";"0,2"
"27/12/2024";"1600";"25,0";"25,1";"24,6";"91,0";"93,0";"90,0";"23,4";"23,6";"23,1";"1006,7";"1007,3";"1006,7";"0,0";"212,0";"2,3";"459,50";"0,0"
"27/12/2024";"1700";"26,0";"26,0";"25,0";"89,0";"91,0";"88,0";"24,0";"24,2";"23,3";"1005,4";"1006,7";"1005,4";"0,1";"233,0";"1,6";"664,10";"0,0"
"27/12/2024";"1800";"26,7";"26,8";"25,7";"83,0";"89,0";"82,0";"23,5";"24,2";"23,0";"1004,5";"1005,4";"1004,5";"1,7";"227,0";"2,8";"1523,80";"0,0"
"27/12/2024";"1900";"27,1";"27,4";"26,4";"80,0";"85,0";"80,0";"23,5";"24,2";"23,3";"1003,3";"1004,5";"1003,3";"0,7";"203,0";"2,8";"1105,80";"0,0"
"27/12/2024";"2000";"27,6";"27,8";"27,1";"83,0";"84,0";"79,0";"24,5";"24,5";"23,4";"1002,8";"1003,3";"1002,7";"0,0";"278,0";"2,5";"753,50";"0,0"
"27/12/2024";"2100";"27,2";"27,7";"27,0";"81,0";"84,0";"80,0";"23,6";"24,4";"23,6";"1003,0";"1003,0";"1002,8";"1,0";"238,0";"2,9";"551,80";"0,0"
"27/12/2024";"2200";"26,0";"27,2";"26,0";"87,0";"87,0";"81,0";"23,6";"23,8";"23,3";"1003,4";"1003,5";"1003,0";"0,0";"234,0";"2,5";"98,50";"0,0"
"27/12/2024";"2300";"25,4";"26,0";"25,3";"91,0";"91,0";"86,0";"23,7";"23,8";"23,5";"1004,3";"1004,3";"1003,4";"0,0";"250,0";"1,2";"0,50";"0,0"
"28/12/2024";"0000";"25,5";"25,5";"25,4";"92,0";"92,0";"90,0";"24,0";"24,0";"23,8";"1005,4";"1005,4";"1004,3";"0,0";"306,0";"0,0";"";"0,0"
"28/12/2024";"0100";"25,1";"25,5";"25,1";"93,0";"93,0";"92,0";"24,0";"24,1";"23,8";"1006,2";"1006,2";"1005,4";"0,0";"312,0";"0,0";"";"0,0"
"28/12/2024";"0200";"25,7";"25,7";"25,1";"93,0";"94,0";"93,0";"24,6";"24,6";"23,9";"1006,4";"1006,5";"1006,2";"0,1";"240,0";"0,8";"";"0,0"
"28/12/2024";"0300";"25,8";"26,2";"25,7";"91,0";"93,0";"91,0";"24,2";"24,7";"24,2";"1006,3";"1006,5";"1006,3";"1,0";"238,0";"1,9";"";"0,0"
"28/12/2024";"0400";"25,9";"25,9";"25,7";"91,0";"91,0";"91,0";"24,3";"24,3";"24,1";"1005,4";"1006,3";"1005,4";"0,7";"239,0";"2,0";"";"0,0"
"28/12/2024";"0500";"25,7";"25,9";"25,6";"91,0";"92,0";"91,0";"24,2";"24,3";"24,2";"1004,8";"1005,4";"1004,8";"2,3";"236,0";"3,5";"";"0,0"
"28/12/2024";"0600";"25,9";"25,9";"25,5";"91,0";"92,0";"91,0";"24,2";"24,3";"24,1";"1004,3";"1004,8";"1004,3";"1,8";"240,0";"3,7";"";"0,0"
"28/12/2024";"0700";"25,8";"26,1";"25,8";"92,0";"92,0";"90,0";"24,4";"24,5";"24,2";"1004,0";"1004,3";"1003,9";"1,6";"271,0";"3,5";"";"0,0"
"28/12/2024";"0800";"25,7";"25,8";"25,7";"92,0";"92,0";"92,0";"24,3";"24,5";"24,3";"1004,2";"1004,2";"1003,9";"0,7";"283,0";"2,6";"";"0,2"
"28/12/2024";"0900";"25,6";"25,8";"25,5";"91,0";"92,0";"91,0";"24,0";"24,4";"24,0";"1004,7";"1004,7";"1004,3";"1,3";"267,0";"2,4";"";"0,0"
"28/12/2024";"1000";"25,0";"25,6";"25,0";"93,0";"93,0";"91,0";"23,8";"24,1";"23,6";"1005,6";"1005,6";"1004,7";"0,8";"343,0";"2,8";"1,80";"0,0"
"28/12/2024";"1100";"25,8";"25,8";"25,0";"92,0";"93,0";"91,0";"24,4";"24,4";"23,7";"1006,6";"1006,6";"1005,6";"0,2";"225,0";"1,4";"101,80";"0,0"
"28/12/2024";"1200";"24,3";"26,2";"24,3";"93,0";"93,0";"89,0";"23,0";"24,5";"22,9";"1008,0";"1008,0";"1006,6";"2,2";"280,0";"5,0";"110,90";"3,0"
"28/12/2024";"1300";"24,5";"24,5";"24,1";"93,0";"94,0";"93,0";"23,4";"23,4";"23,0";"1008,4";"1008,4";"1007,9";"2,1";"298,0";"5,7";"412,10";"0,4"
"28/12/2024";"1400";"27,1";"27,1";"24,3";"83,0";"93,0";"83,0";"24,0";"24,7";"22,9";"1008,4";"1008,5";"1008,4";"1,3";"288,0";"5,1";"1084,10";"0,0"
"28/12/2024";"1500";"27,6";"28,2";"26,9";"77,0";"84,0";"75,0";"23,1";"24,5";"22,5";"1007,5";"1008,4";"1007,5";"0,0";"224,0";"3,1";"2337,20";"0,0"
"28/12/2024";"1600";"29,5";"29,5";"27,6";"70,0";"78,0";"66,0";"23,5";"23,8";"21,8";"1006,4";"1007,5";"1006,4";"0,7";"223,0";"2,2";"2971,70";"0,0"
"28/12/2024";"1700";"29,7";"30,1";"29,2";"64,0";"70,0";"61,0";"22,1";"23,7";"21,4";"1005,4";"1006,4";"1005,4";"1,3";"214,0";"3,0";"2641,50";"0,0"
"28/12/2024";"1800";"30,5";"30,8";"29,6";"64,0";"66,0";"61,0";"22,8";"23,4";"21,8";"1004,2";"1005,4";"1004,2";"1,6";"237,0";"2,8";"2594,50";"0,0"
"28/12/2024";"1900";"29,8";"30,6";"29,8";"65,0";"66,0";"62,0";"22,5";"23,0";"22,2";"1003,0";"1004,2";"1003,0";"1,0";"241,0";"2,6";"1173,90";"0,0"
"28/12/2024";"2000";"29,4";"29,9";"29,4";"70,0";"71,0";"64,0";"23,3";"23,6";"22,3";"1002,4";"1003,0";"1002,4";"1,1";"235,0";"2,0";"435,80";"0,0"
"28/12/2024";"2100";"27,9";"29,6";"27,9";"81,0";"81,0";"67,0";"24,4";"24,6";"22,9";"1002,6";"1002,6";"1002,3";"2,0";"242,0";"4,3";"363,10";"0,0"
"28/12/2024";"2200";"27,1";"27,9";"27,1";"81,0";"83,0";"80,0";"23,5";"24,6";"23,4";"1002,8";"1002,8";"1002,5";"0,8";"248,0";"4,3";"99,20";"0,0"
"28/12/2024";"2300";"26,8";"27,1";"26,7";"81,0";"83,0";"81,0";"23,2";"23,8";"23,2";"1003,7";"1003,7";"1002,8";"0,3";"258,0";"2,8";"0,40";"0,0"
"29/12/2024";"0000";"";"";"";"";"";"";"";"";"";"";"";"";"";"";"";"";""
"29/12/2024";"0100";"25,9";"26,3";"25,6";"88,0";"90,0";"87,0";"23,8";"24,2";"23,7";"1005,4";"1005,4";"1004,6";"0,3";"245,0";"1,5";"";"0,0"
"29/12/2024";"0200";"26,3";"26,3";"25,6";"90,0";"90,0";"87,0";"24,4";"24,5";"23,7";"1006,3";"1006,3";"1005,4";"1,1";"258,0";"2,7";"";"0,0"
"29/12/2024";"0300";"26,4";"26,4";"26,1";"88,0";"91,0";"88,0";"24,2";"24,7";"24,2";"1006,4";"1006,4";"1006,1";"1,4";"230,0";"3,1";"";"0,0"
"29/12/2024";"0400";"25,9";"26,7";"25,9";"91,0";"91,0";"86,0";"24,4";"24,5";"24,1";"1006,0";"1006,4";"1006,0";"2,1";"234,0";"3,9";"";"0,0"
"29/12/2024";"0500";"26,0";"26,2";"25,9";"91,0";"92,0";"90,0";"24,4";"24,7";"24,3";"1005,3";"1006,0";"1005,3";"1,2";"242,0";"4,4";"";"0,0"
"29/12/2024";"0600";"25,7";"26,0";"25,5";"91,0";"92,0";"90,0";"24,1";"24,4";"23,9";"1004,4";"1005,3";"1004,4";"1,9";"240,0";"4,4";"";"0,0"
"29/12/2024";"0700";"25,4";"25,8";"25,4";"93,0";"93,0";"91,0";"24,2";"24,4";"24,1";"1003,8";"1004,4";"1003,8";"2,0";"229,0";"4,2";"";"0,0"
"29/12/2024";"0800";"25,0";"25,5";"25,0";"94,0";"94,0";"93,0";"24,0";"24,2";"23,9";"1003,9";"1004,0";"1003,7";"1,6";"228,0";"3,6";"";"0,0"
"29/12/2024";"0900";"24,9";"25,1";"24,8";"93,0";"94,0";"93,0";"23,8";"24,0";"23,8";"1004,3";"1004,3";"1003,9";"0,7";"242,0";"3,4";"";"0,0"
"29/12/2024";"1000";"24,9";"24,9";"24,8";"94,0";"94,0";"93,0";"23,9";"23,9";"23,7";"1004,9";"1004,9";"1004,2";"0,9";"226,0";"3,2";"1,60";"0,0"
"29/12/2024";"1100";"25,0";"25,1";"24,9";"92,0";"94,0";"92,0";"23,6";"23,9";"23,6";"1006,2";"1006,2";"1004,9";"0,3";"226,0";"3,2";"51,50";"0,0"
"29/12/2024";"1200";"25,5";"25,7";"25,0";"90,0";"92,0";"89,0";"23,7";"23,9";"23,6";"1006,9";"1006,9";"1006,2";"0,3";"251,0";"2,5";"187,90";"0,0"
"29/12/2024";"1300";"25,5";"25,6";"25,4";"91,0";"91,0";"90,0";"23,9";"23,9";"23,6";"1007,6";"1007,7";"1006,9";"0,4";"218,0";"3,1";"91,10";"0,0"
"29/12/2024";"1400";"26,2";"26,6";"25,5";"85,0";"91,0";"84,0";"23,5";"24,1";"23,3";"1008,3";"1008,3";"1007,5";"0,9";"261,0";"3,5";"522,30";"0,0"
"29/12/2024";"1500";"24,2";"26,3";"24,2";"91,0";"92,0";"84,0";"22,6";"23,5";"22,4";"1008,3";"1008,6";"1008,2";"1,3";"323,0";"4,7";"313,30";"1,4"
"29/12/2024";"1600";"24,8";"24,8";"24,1";"93,0";"94,0";"91,0";"23,7";"23,7";"22,6";"1007,5";"1008,3";"1007,5";"1,6";"308,0";"4,0";"786,00";"4,4"
"29/12/2024";"1700";"26,0";"26,0";"24,7";"86,0";"93,0";"85,0";"23,5";"23,8";"22,8";"1006,7";"1007,5";"1006,7";"2,4";"301,0";"5,7";"1429,90";"0,0"
"29/12/2024";"1800";"26,4";"26,8";"25,8";"82,0";"86,0";"80,0";"23,0";"23,8";"22,7";"1005,4";"1006,7";"1005,4";"1,9";"282,0";"5,4";"1507,10";"0,0"
"29/12/2024";"1900";"26,6";"26,7";"26,1";"79,0";"83,0";"79,0";"22,7";"23,2";"22,5";"1004,1";"1005,4";"1004,1";"1,4";"301,0";"4,0";"845,30";"0,0"
"29/12/2024";"2000";"26,4";"26,8";"26,3";"83,0";"83,0";"78,0";"23,3";"23,3";"22,2";"1003,1";"1004,1";"1003,1";"0,2";"238,0";"2,9";"524,70";"0,0"
"29/12/2024";"2100";"25,8";"26,4";"25,7";"87,0";"87,0";"82,0";"23,5";"23,6";"22,9";"1003,2";"1003,2";"1003,0";"0,8";"265,0";"2,0";"251,90";"0,0"
"29/12/2024";"2200";"25,1";"25,8";"25,1";"91,0";"91,0";"87,0";"23,5";"23,7";"23,5";"1003,6";"1003,6";"1003,2";"0,9";"273,0";"2,1";"59,60";"0,0"
"29/12/2024";"2300";"24,7";"25,1";"24,7";"92,0";"92,0";"91,0";"23,4";"23,6";"23,3";"1004,1";"1004,1";"1003,6";"0,8";"288,0";"2,4";"0,20";"0,0"
"30/12/2024";"0000";"24,7";"24,8";"24,6";"92,0";"93,0";"92,0";"23,4";"23,5";"23,4";"1005,0";"1005,0";"1004,1";"0,7";"291,0";"2,4";"";"0,0"
"30/12/2024";"0100";"24,6";"24,7";"24,6";"93,0";"93,0";"92,0";"23,4";"23,5";"23,3";"1005,9";"1005,9";"1005,0";"1,3";"291,0";"1,9";"";"0,0"
"30/12/2024";"0200";"24,5";"24,7";"24,5";"94,0";"94,0";"93,0";"23,5";"23,6";"23,4";"1006,5";"1006,5";"1005,9";"1,0";"291,0";"2,0";"";"0,0"
"30/12/2024";"0300";"24,4";"24,6";"24,4";"94,0";"94,0";"94,0";"23,3";"23,6";"23,3";"1006,2";"1006,5";"1006,2";"1,2";"340,0";"2,2";"";"0,0"
"30/12/2024";"0400";"24,2";"24,6";"24,2";"94,0";"94,0";"93,0";"23,3";"23,5";"23,2";"1005,9";"1006,4";"1005,9";"1,5";"339,0";"2,9";"";"0,0"
"30/12/2024";"0500";"24,4";"24,4";"24,1";"94,0";"95,0";"94,0";"23,4";"23,4";"23,2";"1005,3";"1005,9";"1005,3";"0,6";"342,0";"2,4";"";"0,0"
"30/12/2024";"0600";"24,3";"24,5";"24,2";"94,0";"94,0";"93,0";"23,2";"23,4";"23,1";"1004,8";"1005,3";"1004,7";"0,0";"278,0";"1,6";"";"0,0"
"30/12/2024";"0700";"24,1";"24,3";"24,1";"95,0";"95,0";"94,0";"23,2";"23,3";"23,2";"1004,4";"1004,8";"1004,3";"0,7";"295,0";"1,3";"";"0,0"
"30/12/2024";"0800";"23,9";"24,1";"23,9";"95,0";"95,0";"95,0";"23,2";"23,2";"23,1";"1004,0";"1004,4";"1003,9";"0,9";"294,0";"1,8";"";"0,0"
"30/12/2024";"0900";"24,0";"24,0";"23,9";"95,0";"95,0";"95,0";"23,2";"23,2";"23,1";"1004,6";"1004,6";"1004,0";"0,0";"273,0";"1,8";"";"0,0"
"30/12/2024";"1000";"24,5";"24,5";"24,0";"95,0";"95,0";"95,0";"23,6";"23,6";"23,1";"1005,1";"1005,1";"1004,6";"0,0";"261,0";"0,0";"6,80";"0,0"
"30/12/2024";"1100";"25,0";"25,0";"24,5";"94,0";"95,0";"94,0";"23,9";"24,0";"23,6";"1006,1";"1006,1";"1005,1";"0,4";"272,0";"1,2";"143,00";"0,0"
"30/12/2024";"1200";"25,6";"25,8";"24,9";"92,0";"94,0";"91,0";"24,2";"24,5";"23,9";"1007,0";"1007,0";"1006,1";"0,6";"285,0";"1,9";"427,50";"0,2"
"30/12/2024";"1300";"27,0";"27,0";"25,6";"83,0";"93,0";"83,0";"23,9";"24,6";"23,9";"1007,6";"1007,6";"1007,0";"1,1";"273,0";"2,8";"890,60";"0,0"
"30/12/2024";"1400";"28,7";"28,9";"26,8";"73,0";"85,0";"73,0";"23,4";"24,7";"23,2";"1007,7";"1007,8";"1007,6";"1,1";"231,0";"3,8";"1549,40";"0,0"
"30/12/2024";"1500";"28,9";"30,1";"28,2";"71,0";"78,0";"70,0";"23,1";"25,0";"22,9";"1007,2";"1007,8";"1007,2";"1,9";"259,0";"5,2";"2235,40";"0,0"
"30/12/2024";"1600";"29,4";"30,6";"28,5";"69,0";"74,0";"66,0";"23,1";"24,3";"22,8";"1006,0";"1007,2";"1006,0";"1,9";"274,0";"5,8";"2854,70";"0,0"
"30/12/2024";"1700";"30,4";"31,2";"29,4";"64,0";"71,0";"61,0";"22,7";"24,6";"22,4";"1004,4";"1006,0";"1004,4";"1,5";"268,0";"4,5";"2868,90";"0,0"
"30/12/2024";"1800";"31,0";"31,7";"30,3";"64,0";"68,0";"61,0";"23,5";"24,8";"22,7";"1003,3";"1004,4";"1003,3";"0,8";"231,0";"4,5";"2182,30";"0,0"
"30/12/2024";"1900";"30,4";"31,5";"29,9";"65,0";"70,0";"61,0";"23,0";"24,4";"22,6";"1002,5";"1003,3";"1002,5";"2,6";"280,0";"6,4";"1650,70";"0,0"
"30/12/2024";"2000";"30,6";"30,9";"30,0";"63,0";"66,0";"62,0";"22,8";"23,6";"22,4";"1001,7";"1002,5";"1001,7";"1,4";"254,0";"6,4";"1567,90";"0,0"
"30/12/2024";"2100";"29,7";"30,6";"29,7";"66,0";"67,0";"61,0";"22,8";"23,1";"22,1";"1001,5";"1001,7";"1001,3";"1,1";"286,0";"4,6";"896,90";"0,0"
"30/12/2024";"2200";"27,9";"29,7";"27,9";"76,0";"76,0";"66,0";"23,4";"23,5";"22,7";"1002,2";"1002,2";"1001,5";"1,0";"296,0";"2,5";"123,50";"0,0"
"30/12/2024";"2300";"27,0";"27,9";"27,0";"81,0";"81,0";"76,0";"23,4";"23,5";"23,2";"1003,3";"1003,3";"1002,2";"0,6";"304,0";"1,8";"0,80";"0,0"
"31/12/2024";"0000";"26,5";"27,0";"26,5";"84,0";"84,0";"81,0";"23,5";"23,7";"23,4";"1003,9";"1003,9";"1003,3";"0,0";"295,0";"1,2";"";"0,0"
"31/12/2024";"0100";"26,0";"26,5";"25,8";"89,0";"89,0";"84,0";"23,9";"24,0";"23,5";"1004,9";"1005,0";"1003,9";"1,1";"296,0";"1,9";"";"0,0"
"31/12/2024";"0200";"25,8";"26,0";"25,8";"90,0";"90,0";"89,0";"24,0";"24,2";"23,9";"1005,3";"1005,3";"1004,9";"1,4";"301,0";"2,5";"";"0,0"
"31/12/2024";"0300";"25,7";"25,8";"25,7";"89,0";"91,0";"89,0";"23,7";"24,1";"23,7";"1005,1";"1005,6";"1005,0";"1,0";"300,0";"2,5";"";"0,0"
"31/12/2024";"0400";"25,6";"25,7";"25,4";"90,0";"90,0";"89,0";"23,7";"23,8";"23,6";"1004,9";"1005,1";"1004,9";"0,8";"307,0";"2,0";"";"0,0"
"31/12/2024";"0500";"25,4";"25,8";"25,4";"90,0";"90,0";"87,0";"23,6";"23,7";"23,4";"1004,6";"1004,9";"1004,6";"0,9";"280,0";"1,9";"";"0,0"
"31/12/2024";"0600";"25,2";"25,4";"25,2";"91,0";"92,0";"90,0";"23,7";"23,9";"23,6";"1003,8";"1004,6";"1003,8";"0,9";"306,0";"2,1";"";"0,0"
"31/12/2024";"0700";"25,1";"25,4";"25,0";"90,0";"91,0";"89,0";"23,2";"23,7";"23,2";"1003,3";"1003,8";"1003,3";"1,1";"340,0";"1,8";"";"0,0"
"31/12/2024";"0800";"24,8";"25,1";"24,7";"91,0";"92,0";"90,0";"23,2";"23,4";"23,2";"1003,2";"1003,5";"1003,2";"0,5";"328,0";"2,1";"";"0,0"
"31/12/2024";"0900";"24,7";"24,8";"24,6";"92,0";"92,0";"91,0";"23,3";"23,3";"23,2";"1003,9";"1003,9";"1003,2";"0,3";"300,0";"1,9";"";"0,0"
"31/12/2024";"1000";"25,0";"25,1";"24,7";"90,0";"92,0";"89,0";"23,3";"23,5";"23,1";"1004,3";"1004,3";"1003,9";"0,1";"304,0";"2,6";"3,60";"0,0"
"31/12/2024";"1100";"26,4";"26,4";"24,9";"83,0";"91,0";"83,0";"23,2";"23,4";"23,1";"1005,3";"1005,3";"1004,3";"0,0";"297,0";"1,8";"194,00";"0,0"
"31/12/2024";"1200";"27,4";"27,5";"26,4";"80,0";"83,0";"80,0";"23,6";"23,9";"23,1";"1006,3";"1006,3";"1005,3";"0,0";"207,0";"1,4";"643,40";"0,0"
"31/12/2024";"1300";"28,2";"28,3";"27,0";"77,0";"83,0";"77,0";"23,9";"24,6";"23,3";"1006,5";"1006,6";"1006,3";"0,0";"221,0";"0,0";"1467,80";"0,0"
"31/12/2024";"1400";"30,4";"30,6";"27,9";"69,0";"81,0";"69,0";"24,1";"25,5";"23,7";"1006,5";"1006,6";"1006,5";"1,3";"219,0";"2,9";"1988,60";"0,0"
"31/12/2024";"1500";"29,6";"30,8";"29,4";"70,0";"75,0";"68,0";"23,5";"25,1";"23,5";"1005,8";"1006,5";"1005,8";"0,7";"223,0";"2,9";"1568,30";"0,0"
"31/12/2024";"1600";"25,8";"30,6";"25,7";"88,0";"88,0";"69,0";"23,7";"25,2";"22,8";"1004,9";"1005,9";"1004,8";"1,3";"303,0";"5,3";"691,50";"1,2"
"31/12/2024";"1700";"29,2";"29,2";"25,8";"80,0";"90,0";"79,0";"25,4";"25,9";"23,3";"1003,7";"1004,9";"1003,5";"1,6";"292,0";"3,4";"1129,90";"0,6"
"31/12/2024";"1800";"31,3";"31,4";"29,2";"68,0";"80,0";"65,0";"24,6";"25,4";"23,7";"1002,5";"1003,8";"1002,5";"1,7";"251,0";"6,7";"2870,00";"0,0"
"31/12/2024";"1900";"28,1";"31,6";"28,1";"76,0";"77,0";"62,0";"23,5";"25,2";"22,5";"1001,9";"1002,6";"1001,7";"2,3";"278,0";"6,3";"1264,90";"0,0"
"31/12/2024";"2000";"27,7";"28,2";"27,6";"77,0";"79,0";"74,0";"23,2";"23,8";"22,9";"1001,7";"1001,9";"1001,5";"1,8";"275,0";"5,6";"601,30";"0,0"
"31/12/2024";"2100";"27,4";"27,8";"27,4";"78,0";"79,0";"76,0";"23,3";"23,5";"23,1";"1001,3";"1001,7";"1001,2";"1,5";"292,0";"3,9";"330,50";"0,0"
"31/12/2024";"2200";"26,7";"27,4";"26,7";"82,0";"82,0";"78,0";"23,3";"23,4";"23,2";"1001,7";"1001,7";"1001,2";"0,2";"274,0";"2,8";"87,20";"0,0"
"31/12/2024";"2300";"26,2";"26,7";"26,2";"86,0";"87,0";"82,0";"23,8";"23,8";"23,3";"1002,2";"1002,2";"1001,7";"0,0";"280,0";"1,4";"";"0,0"