"Data";"Hora (UTC)";"Temp. Ins. (C)";"Temp. Max. (C)";"Temp. Min. (C)";"Umi. Ins. (%)";"Umi. Max. (%)";"Umi. Min. (%)";"Pto Orvalho Ins. (C)";"Pto Orvalho Max. (C)";"Pto Orvalho Min. (C)";"Pressao Ins. (hPa)";"Pressao Max. (hPa)";"Pressao Min. (hPa)";"Vel. Vento (m/s)";"Dir. Vento (m/s)";"Raj. Vento (m/s)";"Radiacao (KJ/m²)";"Chuva (mm)"
"01/01/2023";"0000";"";"";"";"";"";"";"";"";"";"";"";"";"";"";"";"";""
"01/01/2023";"0100";"";"";"";"";"";"";"";"";"";"";"";"";"";"";"";"";""
"01/01/2023";"0200";"";"";"";"";"";"";"";"";"";"";"";"";"";"";"";"";""
"01/01/2023";"0300";"";"";"";"";"";"";"";"";"";"";"";"";"";"";"";"";""
"01/01/2023";"0400";"";"";"";"";"";"";"";"";"";"";"";"";"";"";"";"";""
"01/01/2023";"0500";"";"";"";"";"";"";"";"";"";"";"";"";"";"";"";"";""
"01/01/2023";"0600";"";"";"";"";"";"";"";"";"";"";"";"";"";"";"";"";""
"01/01/2023";"0700";"";"";"";"";"";"";"";"";"";"";"";"";"";"";"";"";""
"01/01/2023";"0800";"";"";"";"";"";"";"";"";"";"";"";"";"";"";"";"";""
"01/01/2023";"0900";"";"";"";"";"";"";"";"";"";"";"";"";"";"";"";"";""
"01/01/2023";"1000";"";"";"";"";"";"";"";"";"";"";"";"";"";"";"";"";""
"01/01/2023";"1100";"";"";"";"";"";"";"";"";"";"";"";"";"";"";"";"";""
"01/01/2023";"1200";"";"";"";"";"";"";"";"";"";"";"";"";"";"";"";"";""
"01/01/2023";"1300";"";"";"";"";"";"";"";"";"";"";"";"";"";"";"";"";""
"01/01/2023";"1400";"";"";"";"";"";"";"";"";"";"";"";"";"";"";"";"";""
"01/01/2023";"1500";"";"";"";"";"";"";"";"";"";"";"";"";"";"";"";"";""
"01/01/2023";"1600";"";"";"";"";"";"";"";"";"";"";"";"";"";"";"";"";""
"01/01/2023";"1700";"";"";"";"";"";"";"";"";"";"";"";"";"";"";"";"";""
"01/01/2023";"1800";"";"";"";"";"";"";"";"";"";"";"";"";"";"";"";"";""
"01/01/2023";"1900";"";"";"";"";"";"";"";"";"";"";"";"";"";"";"";"";""
"01/01/2023";"2000";"";"";"";"";"";"";"";"";"";"";"";"";"";"";"";"";""
"01/01/2023";"2100";"";"";"";"";"";"";"";"";"";"";"";"";"";"";"";"";""
"01/01/2023";"2200";"";"";"";"";"";"";"";"";"";"";"";"";"";"";"";"";""
"01/01/2023";"2300";"";"";"";"";"";"";"";"";"";"";"";"";"";"";"";"";""
"02/01/2023";"0000";"";"";"";"";"";"";"";"";"";"";"";"";"";"";"";"";""
"02/01/2023";"0100";"";"";"";"";"";"";"";"";"";"";"";"";"";"";"";"";""
"02/01/2023";"0200";"";"";"";"";"";"";"";"";"";"";"";"";"";"";"";"";""
"02/01/2023";"0300";"";"";"";"";"";"";"";"";"";"";"";"";"";"";"";"";""
"02/01/2023";"0400";"";"";"";"";"";"";"";"";"";"";"";"";"";"";"";"";""
"02/01/2023";"0500";"";"";"";"";"";"";"";"";"";"";"";"";"";"";"";"";""
"02/01/2023";"0600";"";"";"";"";"";"";"";"";"";"";"";"";"";"";"";"";""
"02/01/2023";"0700";"";"";"";"";"";"";"";"";"";"";"";"";"";"";"";"";""
"02/01/2023";"0800";"";"";"";"";"";"";"";"";"";"";"";"";"";"";"";"";""
"02/01/2023";"0900";"";"";"";"";"";"";"";"";"";"";"";"";"";"";"";"";""
"02/01/2023";"1000";"";"";"";"";"";"";"";"";"";"";"";"";"";"";"";"";""
"02/01/2023";"1100";"";"";"";"";"";"";"";"";"";"";"";"";"";"";"";"";""
"02/01/2023";"1200";"";"";"";"";"";"";"";"";"";"";"";"";"";"";"";"";""
"02/01/2023";"1300";"";"";"";"";"";"";"";"";"";"";"";"";"";"";"";"";""
"02/01/2023";"1400";"";"";"";"";"";"";"";"";"";"";"";"";"";"";"";"";""
"02/01/2023";"1500";"";"";"";"";"";"";"";"";"";"";"";"";"";"";"";"";""
"02/01/2023";"1600";"";"";"";"";"";"";"";"";"";"";"";"";"";"";"";"";""
"02/01/2023";"1700";"";"";"";"";"";"";"";"";"";"";"";"";"";"";"";"";""
"02/01/2023";"1800";"";"";"";"";"";"";"";"";"";"";"";"";"";"";"";"";""
"02/01/2023";"1900";"";"";"";"";"";"";"";"";"";"";"";"";"";"";"";"";""
"02/01/2023";"2000";"";"";"";"";"";"";"";"";"";"";"";"";"";"";"";"";""
"02/01/2023";"2100";"";"";"";"";"";"";"";"";"";"";"";"";"";"";"";"";""
"02/01/2023";"2200";"";"";"";"";"";"";"";"";"";"";"";"";"";"";"";"";""
"02/01/2023";"2300";"";"";"";"";"";"";"";"";"";"";"";"";"";"";"";"";""
"03/01/2023";"0000";"";"";"";"";"";"";"";"";"";"";"";"";"";"";"";"";""
"03/01/2023";"0100";"";"";"";"";"";"";"";"";"";"";"";"";"";"";"";"";""
"03/01/2023";"0200";"";"";"";"";"";"";"";"";"";"";"";"";"";"";"";"";""
"03/01/2023";"0300";"";"";"";"";"";"";"";"";"";"";"";"";"";"";"";"";""
"03/01/2023";"0400";"";"";"";"";"";"";"";"";"";"";"";"";"";"";"";"";""
"03/01/2023";"0500";"";"";"";"";"";"";"";"";"";"";"";"";"";"";"";"";""
"03/01/2023";"0600";"";"";"";"";"";"";"";"";"";"";"";"";"";"";"";"";""
"03/01/2023";"0700";"";"";"";"";"";"";"";"";"";"";"";"";"";"";"";"";""
"03/01/2023";"0800";"";"";"";"";"";"";"";"";"";"";"";"";"";"";"";"";""
"03/01/2023";"0900";"";"";"";"";"";"";"";"";"";"";"";"";"";"";"";"";""
"03/01/2023";"1000";"";"";"";"";"";"";"";"";"";"";"";"";"";"";"";"";""
"03/01/2023";"1100";"";"";"";"";"";"";"";"";"";"";"";"";"";"";"";"";""
"03/01/2023";"1200";"";"";"";"";"";"";"";"";"";"";"";"";"";"";"";"";""
"03/01/2023";"1300";"";"";"";"";"";"";"";"";"";"";"";"";"";"";"";"";""
"03/01/2023";"1400";"";"";"";"";"";"";"";"";"";"";"";"";"";"";"";"";""
"03/01/2023";"1500";"";"";"";"";"";"";"";"";"";"";"";"";"";"";"";"";""
"03/01/2023";"1600";"";"";"";"";"";"";"";"";"";"";"";"";"";"";"";"";""
"03/01/2023";"1700";"";"";"";"";"";"";"";"";"";"";"";"";"";"";"";"";""
"03/01/2023";"1800";"";"";"";"";"";"";"";"";"";"";"";"";"";"";"";"";""
"03/01/2023";"1900";"";"";"";"";"";"";"";"";"";"";"";"";"";"";"";"";""
"03/01/2023";"2000";"";"";"";"";"";"";"";"";"";"";"";"";"";"";"";"";""
"03/01/2023";"2100";"";"";"";"";"";"";"";"";"";"";"";"";"";"";"";"";""
"03/01/2023";"2200";"";"";"";"";"";"";"";"";"";"";"";"";"";"";"";"";""
"03/01/2023";"2300";"";"";"";"";"";"";"";"";"";"";"";"";"";"";"";"";""
"04/01/2023";"0000";"";"";"";"";"";"";"";"";"";"";"";"";"";"";"";"";""
"04/01/2023";"0100";"";"";"";"";"";"";"";"";"";"";"";"";"";"";"";"";""
"04/01/2023";"0200";"";"";"";"";"";"";"";"";"";"";"";"";"";"";"";"";""
"04/01/2023";"0300";"";"";"";"";"";"";"";"";"";"";"";"";"";"";"";"";""
"04/01/2023";"0400";"";"";"";"";"";"";"";"";"";"";"";"";"";"";"";"";""
"04/01/2023";"0500";"";"";"";"";"";"";"";"";"";"";"";"";"";"";"";"";""
"04/01/2023";"0600";"";"";"";"";"";"";"";"";"";"";"";"";"";"";"";"";""
"04/01/2023";"0700";"";"";"";"";"";"";"";"";"";"";"";"";"";"";"";"";""
"04/01/2023";"0800";"";"";"";"";"";"";"";"";"";"";"";"";"";"";"";"";""
"04/01/2023";"0900";"";"";"";"";"";"";"";"";"";"";"";"";"";"";"";"";""
"04/01/2023";"1000";"";"";"";"";"";"";"";"";"";"";"";"";"";"";"";"";""
"04/01/2023";"1100";"";"";"";"";"";"";"";"";"";"";"";"";"";"";"";"";""
"04/01/2023";"1200";"";"";"";"";"";"";"";"";"";"";"";"";"";"";"";"";""
"04/01/2023";"1300";"";"";"";"";"";"";"";"";"";"";"";"";"";"";"";"";""
"04/01/2023";"1400";"";"";"";"";"";"";"";"";"";"";"";"";"";"";"";"";""
"04/01/2023";"1500";"";"";"";"";"";"";"";"";"";"";"";"";"";"";"";"";""
"04/01/2023";"1600";"";"";"";"";"";"";"";"";"";"";"";"";"";"";"";"";""
"04/01/2023";"1700";"";"";"";"";"";"";"";"";"";"";"";"";"";"";"";"";""
"04/01/2023";"1800";"";"";"";"";"";"";"";"";"";"";"";"";"";"";"";"";""
"04/01/2023";"1900";"";"";"";"";"";"";"";"";"";"";"";"";"";"";"";"";""
"04/01/2023";"2000";"";"";"";"";"";"";"";"";"";"";"";"";"";"";"";"";""
"04/01/2023";"2100";"";"";"";"";"";"";"";"";"";"";"";"";"";"";"";"";""
"04/01/2023";"2200";"";"";"";"";"";"";"";"";"";"";"";"";"";"";"";"";""
"04/01/2023";"2300";"";"";"";"";"";"";"";"";"";"";"";"";"";"";"";"";""
"05/01/2023";"0000";"";"";"";"";"";"";"";"";"";"";"";"";"";"";"";"";""
"05/01/2023";"0100";"";"";"";"";"";"";"";"";"";"";"";"";"";"";"";"";""
"05/01/2023";"0200";"";"";"";"";"";"";"";"";"";"";"";"";"";"";"";"";""
"05/01/2023";"0300";"";"";"";"";"";"";"";"";"";"";"";"";"";"";"";"";""
"05/01/2023";"0400";"";"";"";"";"";"";"";"";"";"";"";"";"";"";"";"";""
"05/01/2023";"0500";"";"";"";"";"";"";"";"";"";"";"";"";"";"";"";"";""
"05/01/2023";"0600";"";"";"";"";"";"";"";"";"";"";"";"";"";"";"";"";""
"05/01/2023";"0700";"";"";"";"";"";"";"";"";"";"";"";"";"";"";"";"";""
"05/01/2023";"0800";"";"";"";"";"";"";"";"";"";"";"";"";"";"";"";"";""
"05/01/2023";"0900";"";"";"";"";"";"";"";"";"";"";"";"";"";"";"";"";""
"05/01/2023";"1000";"";"";"";"";"";"";"";"";"";"";"";"";"";"";"";"";""
"05/01/2023";"1100";"";"";"";"";"";"";"";"";"";"";"";"";"";"";"";"";""
"05/01/2023";"1200";"";"";"";"";"";"";"";"";"";"";"";"";"";"";"";"";""
"05/01/2023";"1300";"";"";"";"";"";"";"";"";"";"";"";"";"";"";"";"";""
"05/01/2023";"1400";"";"";"";"";"";"";"";"";"";"";"";"";"";"";"";"";""
"05/01/2023";"1500";"";"";"";"";"";"";"";"";"";"";"";"";"";"";"";"";""
"05/01/2023";"1600";"";"";"";"";"";"";"";"";"";"";"";"";"";"";"";"";""
"05/01/2023";"1700";"";"";"";"";"";"";"";"";"";"";"";"";"";"";"";"";""
"05/01/2023";"1800";"";"";"";"";"";"";"";"";"";"";"";"";"";"";"";"";""
"05/01/2023";"1900";"";"";"";"";"";"";"";"";"";"";"";"";"";"";"";"";""
"05/01/2023";"2000";"";"";"";"";"";"";"";"";"";"";"";"";"";"";"";"";""
"05/01/2023";"2100";"";"";"";"";"";"";"";"";"";"";"";"";"";"";"";"";""
"05/01/2023";"2200";"";"";"";"";"";"";"";"";"";"";"";"";"";"";"";"";""
"05/01/2023";"2300";"";"";"";"";"";"";"";"";"";"";"";"";"";"";"";"";""
"06/01/2023";"0000";"";"";"";"";"";"";"";"";"";"";"";"";"";"";"";"";""
"06/01/2023";"0100";"";"";"";"";"";"";"";"";"";"";"";"";"";"";"";"";""
"06/01/2023";"0200";"";"";"";"";"";"";"";"";"";"";"";"";"";"";"";"";""
"06/01/2023";"0300";"";"";"";"";"";"";"";"";"";"";"";"";"";"";"";"";""
"06/01/2023";"0400";"";"";"";"";"";"";"";"";"";"";"";"";"";"";"";"";""
"06/01/2023";"0500";"";"";"";"";"";"";"";"";"";"";"";"";"";"";"";"";""
"06/01/2023";"0600";"";"";"";"";"";"";"";"";"";"";"";"";"";"";"";"";""
"06/01/2023";"0700";"";"";"";"";"";"";"";"";"";"";"";"";"";"";"";"";""
"06/01/2023";"0800";"";"";"";"";"";"";"";"";"";"";"";"";"";"";"";"";""
"06/01/2023";"0900";"";"";"";"";"";"";"";"";"";"";"";"";"";"";"";"";""
"06/01/2023";"1000";"";"";"";"";"";"";"";"";"";"";"";"";"";"";"";"";""
"06/01/2023";"1100";"";"";"";"";"";"";"";"";"";"";"";"";"";"";"";"";""
"06/01/2023";"1200";"";"";"";"";"";"";"";"";"";"";"";"";"";"";"";"";""
"06/01/2023";"1300";"";"";"";"";"";"";"";"";"";"";"";"";"";"";"";"";""
"06/01/2023";"1400";"";"";"";"";"";"";"";"";"";"";"";"";"";"";"";"";""
"06/01/2023";"1500";"";"";"";"";"";"";"";"";"";"";"";"";"";"";"";"";""
"06/01/2023";"1600";"";"";"";"";"";"";"";"";"";"";"";"";"";"";"";"";""
"06/01/2023";"1700";"";"";"";"";"";"";"";"";"";"";"";"";"";"";"";"";""
"06/01/2023";"1800";"";"";"";"";"";"";"";"";"";"";"";"";"";"";"";"";""
"06/01/2023";"1900";"";"";"";"";"";"";"";"";"";"";"";"";"";"";"";"";""
"06/01/2023";"2000";"";"";"";"";"";"";"";"";"";"";"";"";"";"";"";"";""
"06/01/2023";"2100";"";"";"";"";"";"";"";"";"";"";"";"";"";"";"";"";""
"06/01/2023";"2200";"";"";"";"";"";"";"";"";"";"";"";"";"";"";"";"";""
"06/01/2023";"2300";"";"";"";"";"";"";"";"";"";"";"";"";"";"";"";"";""
"07/01/2023";"0000";"";"";"";"";"";"";"";"";"";"";"";"";"";"";"";"";""
"07/01/2023";"0100";"";"";"";"";"";"";"";"";"";"";"";"";"";"";"";"";""
"07/01/2023";"0200";"";"";"";"";"";"";"";"";"";"";"";"";"";"";"";"";""
"07/01/2023";"0300";"";"";"";"";"";"";"";"";"";"";"";"";"";"";"";"";""
"07/01/2023";"0400";"";"";"";"";"";"";"";"";"";"";"";"";"";"";"";"";""
"07/01/2023";"0500";"";"";"";"";"";"";"";"";"";"";"";"";"";"";"";"";""
"07/01/2023";"0600";"";"";"";"";"";"";"";"";"";"";"";"";"";"";"";"";""
"07/01/2023";"0700";"";"";"";"";"";"";"";"";"";"";"";"";"";"";"";"";""
"07/01/2023";"0800";"";"";"";"";"";"";"";"";"";"";"";"";"";"";"";"";""
"07/01/2023";"0900";"";"";"";"";"";"";"";"";"";"";"";"";"";"";"";"";""
"07/01/2023";"1000";"";"";"";"";"";"";"";"";"";"";"";"";"";"";"";"";""
"07/01/2023";"1100";"";"";"";"";"";"";"";"";"";"";"";"";"";"";"";"";""
"07/01/2023";"1200";"";"";"";"";"";"";"";"";"";"";"";"";"";"";"";"";""
"07/01/2023";"1300";"";"";"";"";"";"";"";"";"";"";"";"";"";"";"";"";""
"07/01/2023";"1400";"";"";"";"";"";"";"";"";"";"";"";"";"";"";"";"";""
"07/01/2023";"1500";"";"";"";"";"";"";"";"";"";"";"";"";"";"";"";"";""
"07/01/2023";"1600";"";"";"";"";"";"";"";"";"";"";"";"";"";"";"";"";""
"07/01/2023";"1700";"";"";"";"";"";"";"";"";"";"";"";"";"";"";"";"";""
"07/01/2023";"1800";"";"";"";"";"";"";"";"";"";"";"";"";"";"";"";"";""
"07/01/2023";"1900";"";"";"";"";"";"";"";"";"";"";"";"";"";"";"";"";""
"07/01/2023";"2000";"";"";"";"";"";"";"";"";"";"";"";"";"";"";"";"";""
"07/01/2023";"2100";"";"";"";"";"";"";"";"";"";"";"";"";"";"";"";"";""
"07/01/2023";"2200";"";"";"";"";"";"";"";"";"";"";"";"";"";"";"";"";""
"07/01/2023";"2300";"";"";"";"";"";"";"";"";"";"";"";"";"";"";"";"";""
"08/01/2023";"0000";"";"";"";"";"";"";"";"";"";"";"";"";"";"";"";"";""
"08/01/2023";"0100";"";"";"";"";"";"";"";"";"";"";"";"";"";"";"";"";""
"08/01/2023";"0200";"";"";"";"";"";"";"";"";"";"";"";"";"";"";"";"";""
"08/01/2023";"0300";"";"";"";"";"";"";"";"";"";"";"";"";"";"";"";"";""
"08/01/2023";"0400";"";"";"";"";"";"";"";"";"";"";"";"";"";"";"";"";""
"08/01/2023";"0500";"";"";"";"";"";"";"";"";"";"";"";"";"";"";"";"";""
"08/01/2023";"0600";"";"";"";"";"";"";"";"";"";"";"";"";"";"";"";"";""
"08/01/2023";"0700";"";"";"";"";"";"";"";"";"";"";"";"";"";"";"";"";""
"08/01/2023";"0800";"";"";"";"";"";"";"";"";"";"";"";"";"";"";"";"";""
"08/01/2023";"0900";"";"";"";"";"";"";"";"";"";"";"";"";"";"";"";"";""
"08/01/2023";"1000";"";"";"";"";"";"";"";"";"";"";"";"";"";"";"";"";""
"08/01/2023";"1100";"";"";"";"";"";"";"";"";"";"";"";"";"";"";"";"";""
"08/01/2023";"1200";"";"";"";"";"";"";"";"";"";"";"";"";"";"";"";"";""
"08/01/2023";"1300";"";"";"";"";"";"";"";"";"";"";"";"";"";"";"";"";""
"08/01/2023";"1400";"";"";"";"";"";"";"";"";"";"";"";"";"";"";"";"";""
"08/01/2023";"1500";"";"";"";"";"";"";"";"";"";"";"";"";"";"";"";"";""
"08/01/2023";"1600";"";"";"";"";"";"";"";"";"";"";"";"";"";"";"";"";""
"08/01/2023";"1700";"";"";"";"";"";"";"";"";"";"";"";"";"";"";"";"";""
"08/01/2023";"1800";"";"";"";"";"";"";"";"";"";"";"";"";"";"";"";"";""
"08/01/2023";"1900";"";"";"";"";"";"";"";"";"";"";"";"";"";"";"";"";""
"08/01/2023";"2000";"";"";"";"";"";"";"";"";"";"";"";"";"";"";"";"";""
"08/01/2023";"2100";"";"";"";"";"";"";"";"";"";"";"";"";"";"";"";"";""
"08/01/2023";"2200";"";"";"";"";"";"";"";"";"";"";"";"";"";"";"";"";""
"08/01/2023";"2300";"";"";"";"";"";"";"";"";"";"";"";"";"";"";"";"";""
"09/01/2023";"0000";"";"";"";"";"";"";"";"";"";"";"";"";"";"";"";"";""
"09/01/2023";"0100";"";"";"";"";"";"";"";"";"";"";"";"";"";"";"";"";""
"09/01/2023";"0200";"";"";"";"";"";"";"";"";"";"";"";"";"";"";"";"";""
"09/01/2023";"0300";"";"";"";"";"";"";"";"";"";"";"";"";"";"";"";"";""
"09/01/2023";"0400";"";"";"";"";"";"";"";"";"";"";"";"";"";"";"";"";""
"09/01/2023";"0500";"";"";"";"";"";"";"";"";"";"";"";"";"";"";"";"";""
"09/01/2023";"0600";"";"";"";"";"";"";"";"";"";"";"";"";"";"";"";"";""
"09/01/2023";"0700";"";"";"";"";"";"";"";"";"";"";"";"";"";"";"";"";""
"09/01/2023";"0800";"";"";"";"";"";"";"";"";"";"";"";"";"";"";"";"";""
"09/01/2023";"0900";"";"";"";"";"";"";"";"";"";"";"";"";"";"";"";"";""
"09/01/2023";"1000";"";"";"";"";"";"";"";"";"";"";"";"";"";"";"";"";""
"09/01/2023";"1100";"";"";"";"";"";"";"";"";"";"";"";"";"";"";"";"";""
"09/01/2023";"1200";"";"";"";"";"";"";"";"";"";"";"";"";"";"";"";"";""
"09/01/2023";"1300";"";"";"";"";"";"";"";"";"";"";"";"";"";"";"";"";""
"09/01/2023";"1400";"";"";"";"";"";"";"";"";"";"";"";"";"";"";"";"";""
"09/01/2023";"1500";"";"";"";"";"";"";"";"";"";"";"";"";"";"";"";"";""
"09/01/2023";"1600";"";"";"";"";"";"";"";"";"";"";"";"";"";"";"";"";""
"09/01/2023";"1700";"";"";"";"";"";"";"";"";"";"";"";"";"";"";"";"";""
"09/01/2023";"1800";"";"";"";"";"";"";"";"";"";"";"";"";"";"";"";"";""
"09/01/2023";"1900";"";"";"";"";"";"";"";"";"";"";"";"";"";"";"";"";""
"09/01/2023";"2000";"";"";"";"";"";"";"";"";"";"";"";"";"";"";"";"";""
"09/01/2023";"2100";"";"";"";"";"";"";"";"";"";"";"";"";"";"";"";"";""
"09/01/2023";"2200";"";"";"";"";"";"";"";"";"";"";"";"";"";"";"";"";""
"09/01/2023";"2300";"";"";"";"";"";"";"";"";"";"";"";"";"";"";"";"";""
"10/01/2023";"0000";"";"";"";"";"";"";"";"";"";"";"";"";"";"";"";"";""
"10/01/2023";"0100";"";"";"";"";"";"";"";"";"";"";"";"";"";"";"";"";""
"10/01/2023";"0200";"";"";"";"";"";"";"";"";"";"";"";"";"";"";"";"";""
"10/01/2023";"0300";"";"";"";"";"";"";"";"";"";"";"";"";"";"";"";"";""
"10/01/2023";"0400";"";"";"";"";"";"";"";"";"";"";"";"";"";"";"";"";""
"10/01/2023";"0500";"";"";"";"";"";"";"";"";"";"";"";"";"";"";"";"";""
"10/01/2023";"0600";"";"";"";"";"";"";"";"";"";"";"";"";"";"";"";"";""
"10/01/2023";"0700";"";"";"";"";"";"";"";"";"";"";"";"";"";"";"";"";""
"10/01/2023";"0800";"";"";"";"";"";"";"";"";"";"";"";"";"";"";"";"";""
"10/01/2023";"0900";"";"";"";"";"";"";"";"";"";"";"";"";"";"";"";"";""
"10/01/2023";"1000";"";"";"";"";"";"";"";"";"";"";"";"";"";"";"";"";""
"10/01/2023";"1100";"";"";"";"";"";"";"";"";"";"";"";"";"";"";"";"";""
"10/01/2023";"1200";"";"";"";"";"";"";"";"";"";"";"";"";"";"";"";"";""
"10/01/2023";"1300";"";"";"";"";"";"";"";"";"";"";"";"";"";"";"";"";""
"10/01/2023";"1400";"";"";"";"";"";"";"";"";"";"";"";"";"";"";"";"";""
"10/01/2023";"1500";"";"";"";"";"";"";"";"";"";"";"";"";"";"";"";"";""
"10/01/2023";"1600";"";"";"";"";"";"";"";"";"";"";"";"";"";"";"";"";""
"10/01/2023";"1700";"";"";"";"";"";"";"";"";"";"";"";"";"";"";"";"";""
"10/01/2023";"1800";"";"";"";"";"";"";"";"";"";"";"";"";"";"";"";"";""
"10/01/2023";"1900";"";"";"";"";"";"";"";"";"";"";"";"";"";"";"";"";""
"10/01/2023";"2000";"";"";"";"";"";"";"";"";"";"";"";"";"";"";"";"";""
"10/01/2023";"2100";"";"";"";"";"";"";"";"";"";"";"";"";"";"";"";"";""
"10/01/2023";"2200";"";"";"";"";"";"";"";"";"";"";"";"";"";"";"";"";""
"10/01/2023";"2300";"";"";"";"";"";"";"";"";"";"";"";"";"";"";"";"";""
"11/01/2023";"0000";"";"";"";"";"";"";"";"";"";"";"";"";"";"";"";"";""
"11/01/2023";"0100";"";"";"";"";"";"";"";"";"";"";"";"";"";"";"";"";""
"11/01/2023";"0200";"";"";"";"";"";"";"";"";"";"";"";"";"";"";"";"";""
"11/01/2023";"0300";"";"";"";"";"";"";"";"";"";"";"";"";"";"";"";"";""
"11/01/2023";"0400";"";"";"";"";"";"";"";"";"";"";"";"";"";"";"";"";""
"11/01/2023";"0500";"";"";"";"";"";"";"";"";"";"";"";"";"";"";"";"";""
"11/01/2023";"0600";"";"";"";"";"";"";"";"";"";"";"";"";"";"";"";"";""
"11/01/2023";"0700";"";"";"";"";"";"";"";"";"";"";"";"";"";"";"";"";""
"11/01/2023";"0800";"";"";"";"";"";"";"";"";"";"";"";"";"";"";"";"";""
"11/01/2023";"0900";"";"";"";"";"";"";"";"";"";"";"";"";"";"";"";"";""
"11/01/2023";"1000";"";"";"";"";"";"";"";"";"";"";"";"";"";"";"";"";""
"11/01/2023";"1100";"";"";"";"";"";"";"";"";"";"";"";"";"";"";"";"";""
"11/01/2023";"1200";"";"";"";"";"";"";"";"";"";"";"";"";"";"";"";"";""
"11/01/2023";"1300";"";"";"";"";"";"";"";"";"";"";"";"";"";"";"";"";""
"11/01/2023";"1400";"";"";"";"";"";"";"";"";"";"";"";"";"";"";"";"";""
"11/01/2023";"1500";"";"";"";"";"";"";"";"";"";"";"";"";"";"";"";"";""
"11/01/2023";"1600";"";"";"";"";"";"";"";"";"";"";"";"";"";"";"";"";""
"11/01/2023";"1700";"";"";"";"";"";"";"";"";"";"";"";"";"";"";"";"";""
"11/01/2023";"1800";"";"";"";"";"";"";"";"";"";"";"";"";"";"";"";"";""
"11/01/2023";"1900";"";"";"";"";"";"";"";"";"";"";"";"";"";"";"";"";""
"11/01/2023";"2000";"";"";"";"";"";"";"";"";"";"";"";"";"";"";"";"";""
"11/01/2023";"2100";"";"";"";"";"";"";"";"";"";"";"";"";"";"";"";"";""
"11/01/2023";"2200";"";"";"";"";"";"";"";"";"";"";"";"";"";"";"";"";""
"11/01/2023";"2300";"";"";"";"";"";"";"";"";"";"";"";"";"";"";"";"";""
"12/01/2023";"0000";"";"";"";"";"";"";"";"";"";"";"";"";"";"";"";"";""
"12/01/2023";"0100";"";"";"";"";"";"";"";"";"";"";"";"";"";"";"";"";""
"12/01/2023";"0200";"";"";"";"";"";"";"";"";"";"";"";"";"";"";"";"";""
"12/01/2023";"0300";"";"";"";"";"";"";"";"";"";"";"";"";"";"";"";"";""
"12/01/2023";"0400";"";"";"";"";"";"";"";"";"";"";"";"";"";"";"";"";""
"12/01/2023";"0500";"";"";"";"";"";"";"";"";"";"";"";"";"";"";"";"";""
"12/01/2023";"0600";"";"";"";"";"";"";"";"";"";"";"";"";"";"";"";"";""
"12/01/2023";"0700";"";"";"";"";"";"";"";"";"";"";"";"";"";"";"";"";""
"12/01/2023";"0800";"";"";"";"";"";"";"";"";"";"";"";"";"";"";"";"";""
"12/01/2023";"0900";"";"";"";"";"";"";"";"";"";"";"";"";"";"";"";"";""
"12/01/2023";"1000";"";"";"";"";"";"";"";"";"";"";"";"";"";"";"";"";""
"12/01/2023";"1100";"";"";"";"";"";"";"";"";"";"";"";"";"";"";"";"";""
"12/01/2023";"1200";"";"";"";"";"";"";"";"";"";"";"";"";"";"";"";"";""
"12/01/2023";"1300";"";"";"";"";"";"";"";"";"";"";"";"";"";"";"";"";""
"12/01/2023";"1400";"";"";"";"";"";"";"";"";"";"";"";"";"";"";"";"";""
"12/01/2023";"1500";"";"";"";"";"";"";"";"";"";"";"";"";"";"";"";"";""
"12/01/2023";"1600";"";"";"";"";"";"";"";"";"";"";"";"";"";"";"";"";""
"12/01/2023";"1700";"";"";"";"";"";"";"";"";"";"";"";"";"";"";"";"";""
"12/01/2023";"1800";"";"";"";"";"";"";"";"";"";"";"";"";"";"";"";"";""
"12/01/2023";"1900";"";"";"";"";"";"";"";"";"";"";"";"";"";"";"";"";""
"12/01/2023";"2000";"";"";"";"";"";"";"";"";"";"";"";"";"";"";"";"";""
"12/01/2023";"2100";"";"";"";"";"";"";"";"";"";"";"";"";"";"";"";"";""
"12/01/2023";"2200";"";"";"";"";"";"";"";"";"";"";"";"";"";"";"";"";""
"12/01/2023";"2300";"";"";"";"";"";"";"";"";"";"";"";"";"";"";"";"";""
"13/01/2023";"0000";"";"";"";"";"";"";"";"";"";"";"";"";"";"";"";"";""
"13/01/2023";"0100";"";"";"";"";"";"";"";"";"";"";"";"";"";"";"";"";""
"13/01/2023";"0200";"";"";"";"";"";"";"";"";"";"";"";"";"";"";"";"";""
"13/01/2023";"0300";"";"";"";"";"";"";"";"";"";"";"";"";"";"";"";"";""
"13/01/2023";"0400";"";"";"";"";"";"";"";"";"";"";"";"";"";"";"";"";""
"13/01/2023";"0500";"";"";"";"";"";"";"";"";"";"";"";"";"";"";"";"";""
"13/01/2023";"0600";"";"";"";"";"";"";"";"";"";"";"";"";"";"";"";"";""
"13/01/2023";"0700";"";"";"";"";"";"";"";"";"";"";"";"";"";"";"";"";""
"13/01/2023";"0800";"";"";"";"";"";"";"";"";"";"";"";"";"";"";"";"";""
"13/01/2023";"0900";"";"";"";"";"";"";"";"";"";"";"";"";"";"";"";"";""
"13/01/2023";"1000";"";"";"";"";"";"";"";"";"";"";"";"";"";"";"";"";""
"13/01/2023";"1100";"";"";"";"";"";"";"";"";"";"";"";"";"";"";"";"";""
"13/01/2023";"1200";"";"";"";"";"";"";"";"";"";"";"";"";"";"";"";"";""
"13/01/2023";"1300";"";"";"";"";"";"";"";"";"";"";"";"";"";"";"";"";""
"13/01/2023";"1400";"";"";"";"";"";"";"";"";"";"";"";"";"";"";"";"";""
"13/01/2023";"1500";"";"";"";"";"";"";"";"";"";"";"";"";"";"";"";"";""
"13/01/2023";"1600";"";"";"";"";"";"";"";"";"";"";"";"";"";"";"";"";""
"13/01/2023";"1700";"";"";"";"";"";"";"";"";"";"";"";"";"";"";"";"";""
"13/01/2023";"1800";"";"";"";"";"";"";"";"";"";"";"";"";"";"";"";"";""
"13/01/2023";"1900";"";"";"";"";"";"";"";"";"";"";"";"";"";"";"";"";""
"13/01/2023";"2000";"";"";"";"";"";"";"";"";"";"";"";"";"";"";"";"";""
"13/01/2023";"2100";"";"";"";"";"";"";"";"";"";"";"";"";"";"";"";"";""
"13/01/2023";"2200";"";"";"";"";"";"";"";"";"";"";"";"";"";"";"";"";""
"13/01/2023";"2300";"";"";"";"";"";"";"";"";"";"";"";"";"";"";"";"";""
"14/01/2023";"0000";"";"";"";"";"";"";"";"";"";"";"";"";"";"";"";"";""
"14/01/2023";"0100";"";"";"";"";"";"";"";"";"";"";"";"";"";"";"";"";""
"14/01/2023";"0200";"";"";"";"";"";"";"";"";"";"";"";"";"";"";"";"";""
"14/01/2023";"0300";"";"";"";"";"";"";"";"";"";"";"";"";"";"";"";"";""
"14/01/2023";"0400";"";"";"";"";"";"";"";"";"";"";"";"";"";"";"";"";""
"14/01/2023";"0500";"";"";"";"";"";"";"";"";"";"";"";"";"";"";"";"";""
"14/01/2023";"0600";"";"";"";"";"";"";"";"";"";"";"";"";"";"";"";"";""
"14/01/2023";"0700";"";"";"";"";"";"";"";"";"";"";"";"";"";"";"";"";""
"14/01/2023";"0800";"";"";"";"";"";"";"";"";"";"";"";"";"";"";"";"";""
"14/01/2023";"0900";"";"";"";"";"";"";"";"";"";"";"";"";"";"";"";"";""
"14/01/2023";"1000";"";"";"";"";"";"";"";"";"";"";"";"";"";"";"";"";""
"14/01/2023";"1100";"";"";"";"";"";"";"";"";"";"";"";"";"";"";"";"";""
"14/01/2023";"1200";"";"";"";"";"";"";"";"";"";"";"";"";"";"";"";"";""
"14/01/2023";"1300";"";"";"";"";"";"";"";"";"";"";"";"";"";"";"";"";""
"14/01/2023";"1400";"";"";"";"";"";"";"";"";"";"";"";"";"";"";"";"";""
"14/01/2023";"1500";"";"";"";"";"";"";"";"";"";"";"";"";"";"";"";"";""
"14/01/2023";"1600";"";"";"";"";"";"";"";"";"";"";"";"";"";"";"";"";""
"14/01/2023";"1700";"";"";"";"";"";"";"";"";"";"";"";"";"";"";"";"";""
"14/01/2023";"1800";"";"";"";"";"";"";"";"";"";"";"";"";"";"";"";"";""
"14/01/2023";"1900";"";"";"";"";"";"";"";"";"";"";"";"";"";"";"";"";""
"14/01/2023";"2000";"";"";"";"";"";"";"";"";"";"";"";"";"";"";"";"";""
"14/01/2023";"2100";"";"";"";"";"";"";"";"";"";"";"";"";"";"";"";"";""
"14/01/2023";"2200";"";"";"";"";"";"";"";"";"";"";"";"";"";"";"";"";""
"14/01/2023";"2300";"";"";"";"";"";"";"";"";"";"";"";"";"";"";"";"";""
"15/01/2023";"0000";"";"";"";"";"";"";"";"";"";"";"";"";"";"";"";"";""
"15/01/2023";"0100";"";"";"";"";"";"";"";"";"";"";"";"";"";"";"";"";""
"15/01/2023";"0200";"";"";"";"";"";"";"";"";"";"";"";"";"";"";"";"";""
"15/01/2023";"0300";"";"";"";"";"";"";"";"";"";"";"";"";"";"";"";"";""
"15/01/2023";"0400";"";"";"";"";"";"";"";"";"";"";"";"";"";"";"";"";""
"15/01/2023";"0500";"";"";"";"";"";"";"";"";"";"";"";"";"";"";"";"";""
"15/01/2023";"0600";"";"";"";"";"";"";"";"";"";"";"";"";"";"";"";"";""
"15/01/2023";"0700";"";"";"";"";"";"";"";"";"";"";"";"";"";"";"";"";""
"15/01/2023";"0800";"";"";"";"";"";"";"";"";"";"";"";"";"";"";"";"";""
"15/01/2023";"0900";"";"";"";"";"";"";"";"";"";"";"";"";"";"";"";"";""
"15/01/2023";"1000";"";"";"";"";"";"";"";"";"";"";"";"";"";"";"";"";""
"15/01/2023";"1100";"";"";"";"";"";"";"";"";"";"";"";"";"";"";"";"";""
"15/01/2023";"1200";"";"";"";"";"";"";"";"";"";"";"";"";"";"";"";"";""
"15/01/2023";"1300";"";"";"";"";"";"";"";"";"";"";"";"";"";"";"";"";""
"15/01/2023";"1400";"";"";"";"";"";"";"";"";"";"";"";"";"";"";"";"";""
"15/01/2023";"1500";"";"";"";"";"";"";"";"";"";"";"";"";"";"";"";"";""
"15/01/2023";"1600";"";"";"";"";"";"";"";"";"";"";"";"";"";"";"";"";""
"15/01/2023";"1700";"";"";"";"";"";"";"";"";"";"";"";"";"";"";"";"";""
"15/01/2023";"1800";"";"";"";"";"";"";"";"";"";"";"";"";"";"";"";"";""
"15/01/2023";"1900";"";"";"";"";"";"";"";"";"";"";"";"";"";"";"";"";""
"15/01/2023";"2000";"";"";"";"";"";"";"";"";"";"";"";"";"";"";"";"";""
"15/01/2023";"2100";"";"";"";"";"";"";"";"";"";"";"";"";"";"";"";"";""
"15/01/2023";"2200";"";"";"";"";"";"";"";"";"";"";"";"";"";"";"";"";""
"15/01/2023";"2300";"";"";"";"";"";"";"";"";"";"";"";"";"";"";"";"";""
"16/01/2023";"0000";"";"";"";"";"";"";"";"";"";"";"";"";"";"";"";"";""
"16/01/2023";"0100";"";"";"";"";"";"";"";"";"";"";"";"";"";"";"";"";""
"16/01/2023";"0200";"";"";"";"";"";"";"";"";"";"";"";"";"";"";"";"";""
"16/01/2023";"0300";"";"";"";"";"";"";"";"";"";"";"";"";"";"";"";"";""
"16/01/2023";"0400";"";"";"";"";"";"";"";"";"";"";"";"";"";"";"";"";""
"16/01/2023";"0500";"";"";"";"";"";"";"";"";"";"";"";"";"";"";"";"";""
"16/01/2023";"0600";"";"";"";"";"";"";"";"";"";"";"";"";"";"";"";"";""
"16/01/2023";"0700";"";"";"";"";"";"";"";"";"";"";"";"";"";"";"";"";""
"16/01/2023";"0800";"";"";"";"";"";"";"";"";"";"";"";"";"";"";"";"";""
"16/01/2023";"0900";"";"";"";"";"";"";"";"";"";"";"";"";"";"";"";"";""
"16/01/2023";"1000";"";"";"";"";"";"";"";"";"";"";"";"";"";"";"";"";""
"16/01/2023";"1100";"";"";"";"";"";"";"";"";"";"";"";"";"";"";"";"";""
"16/01/2023";"1200";"";"";"";"";"";"";"";"";"";"";"";"";"";"";"";"";""
"16/01/2023";"1300";"";"";"";"";"";"";"";"";"";"";"";"";"";"";"";"";""
"16/01/2023";"1400";"";"";"";"";"";"";"";"";"";"";"";"";"";"";"";"";""
"16/01/2023";"1500";"";"";"";"";"";"";"";"";"";"";"";"";"";"";"";"";""
"16/01/2023";"1600";"";"";"";"";"";"";"";"";"";"";"";"";"";"";"";"";""
"16/01/2023";"1700";"";"";"";"";"";"";"";"";"";"";"";"";"";"";"";"";""
"16/01/2023";"1800";"";"";"";"";"";"";"";"";"";"";"";"";"";"";"";"";""
"16/01/2023";"1900";"";"";"";"";"";"";"";"";"";"";"";"";"";"";"";"";""
"16/01/2023";"2000";"";"";"";"";"";"";"";"";"";"";"";"";"";"";"";"";""
"16/01/2023";"2100";"";"";"";"";"";"";"";"";"";"";"";"";"";"";"";"";""
"16/01/2023";"2200";"";"";"";"";"";"";"";"";"";"";"";"";"";"";"";"";""
"16/01/2023";"2300";"";"";"";"";"";"";"";"";"";"";"";"";"";"";"";"";""
"17/01/2023";"0000";"";"";"";"";"";"";"";"";"";"";"";"";"";"";"";"";""
"17/01/2023";"0100";"";"";"";"";"";"";"";"";"";"";"";"";"";"";"";"";""
"17/01/2023";"0200";"";"";"";"";"";"";"";"";"";"";"";"";"";"";"";"";""
"17/01/2023";"0300";"";"";"";"";"";"";"";"";"";"";"";"";"";"";"";"";""
"17/01/2023";"0400";"";"";"";"";"";"";"";"";"";"";"";"";"";"";"";"";""
"17/01/2023";"0500";"";"";"";"";"";"";"";"";"";"";"";"";"";"";"";"";""
"17/01/2023";"0600";"";"";"";"";"";"";"";"";"";"";"";"";"";"";"";"";""
"17/01/2023";"0700";"";"";"";"";"";"";"";"";"";"";"";"";"";"";"";"";""
"17/01/2023";"0800";"";"";"";"";"";"";"";"";"";"";"";"";"";"";"";"";""
"17/01/2023";"0900";"";"";"";"";"";"";"";"";"";"";"";"";"";"";"";"";""
"17/01/2023";"1000";"";"";"";"";"";"";"";"";"";"";"";"";"";"";"";"";""
"17/01/2023";"1100";"";"";"";"";"";"";"";"";"";"";"";"";"";"";"";"";""
"17/01/2023";"1200";"";"";"";"";"";"";"";"";"";"";"";"";"";"";"";"";""
"17/01/2023";"1300";"";"";"";"";"";"";"";"";"";"";"";"";"";"";"";"";""
"17/01/2023";"1400";"";"";"";"";"";"";"";"";"";"";"";"";"";"";"";"";""
"17/01/2023";"1500";"";"";"";"";"";"";"";"";"";"";"";"";"";"";"";"";""
"17/01/2023";"1600";"";"";"";"";"";"";"";"";"";"";"";"";"";"";"";"";""
"17/01/2023";"1700";"";"";"";"";"";"";"";"";"";"";"";"";"";"";"";"";""
"17/01/2023";"1800";"";"";"";"";"";"";"";"";"";"";"";"";"";"";"";"";""
"17/01/2023";"1900";"";"";"";"";"";"";"";"";"";"";"";"";"";"";"";"";""
"17/01/2023";"2000";"";"";"";"";"";"";"";"";"";"";"";"";"";"";"";"";""
"17/01/2023";"2100";"";"";"";"";"";"";"";"";"";"";"";"";"";"";"";"";""
"17/01/2023";"2200";"";"";"";"";"";"";"";"";"";"";"";"";"";"";"";"";""
"17/01/2023";"2300";"";"";"";"";"";"";"";"";"";"";"";"";"";"";"";"";""
"18/01/2023";"0000";"";"";"";"";"";"";"";"";"";"";"";"";"";"";"";"";""
"18/01/2023";"0100";"";"";"";"";"";"";"";"";"";"";"";"";"";"";"";"";""
"18/01/2023";"0200";"";"";"";"";"";"";"";"";"";"";"";"";"";"";"";"";""
"18/01/2023";"0300";"";"";"";"";"";"";"";"";"";"";"";"";"";"";"";"";""
"18/01/2023";"0400";"";"";"";"";"";"";"";"";"";"";"";"";"";"";"";"";""
"18/01/2023";"0500";"";"";"";"";"";"";"";"";"";"";"";"";"";"";"";"";""
"18/01/2023";"0600";"";"";"";"";"";"";"";"";"";"";"";"";"";"";"";"";""
"18/01/2023";"0700";"";"";"";"";"";"";"";"";"";"";"";"";"";"";"";"";""
"18/01/2023";"0800";"";"";"";"";"";"";"";"";"";"";"";"";"";"";"";"";""
"18/01/2023";"0900";"";"";"";"";"";"";"";"";"";"";"";"";"";"";"";"";""
"18/01/2023";"1000";"";"";"";"";"";"";"";"";"";"";"";"";"";"";"";"";""
"18/01/2023";"1100";"";"";"";"";"";"";"";"";"";"";"";"";"";"";"";"";""
"18/01/2023";"1200";"";"";"";"";"";"";"";"";"";"";"";"";"";"";"";"";""
"18/01/2023";"1300";"";"";"";"";"";"";"";"";"";"";"";"";"";"";"";"";""
"18/01/2023";"1400";"";"";"";"";"";"";"";"";"";"";"";"";"";"";"";"";""
"18/01/2023";"1500";"";"";"";"";"";"";"";"";"";"";"";"";"";"";"";"";""
"18/01/2023";"1600";"";"";"";"";"";"";"";"";"";"";"";"";"";"";"";"";""
"18/01/2023";"1700";"";"";"";"";"";"";"";"";"";"";"";"";"";"";"";"";""
"18/01/2023";"1800";"";"";"";"";"";"";"";"";"";"";"";"";"";"";"";"";""
"18/01/2023";"1900";"";"";"";"";"";"";"";"";"";"";"";"";"";"";"";"";""
"18/01/2023";"2000";"";"";"";"";"";"";"";"";"";"";"";"";"";"";"";"";""
"18/01/2023";"2100";"";"";"";"";"";"";"";"";"";"";"";"";"";"";"";"";""
"18/01/2023";"2200";"";"";"";"";"";"";"";"";"";"";"";"";"";"";"";"";""
"18/01/2023";"2300";"";"";"";"";"";"";"";"";"";"";"";"";"";"";"";"";""
"19/01/2023";"0000";"";"";"";"";"";"";"";"";"";"";"";"";"";"";"";"";""
"19/01/2023";"0100";"";"";"";"";"";"";"";"";"";"";"";"";"";"";"";"";""
"19/01/2023";"0200";"";"";"";"";"";"";"";"";"";"";"";"";"";"";"";"";""
"19/01/2023";"0300";"";"";"";"";"";"";"";"";"";"";"";"";"";"";"";"";""
"19/01/2023";"0400";"";"";"";"";"";"";"";"";"";"";"";"";"";"";"";"";""
"19/01/2023";"0500";"";"";"";"";"";"";"";"";"";"";"";"";"";"";"";"";""
"19/01/2023";"0600";"";"";"";"";"";"";"";"";"";"";"";"";"";"";"";"";""
"19/01/2023";"0700";"";"";"";"";"";"";"";"";"";"";"";"";"";"";"";"";""
"19/01/2023";"0800";"";"";"";"";"";"";"";"";"";"";"";"";"";"";"";"";""
"19/01/2023";"0900";"";"";"";"";"";"";"";"";"";"";"";"";"";"";"";"";""
"19/01/2023";"1000";"";"";"";"";"";"";"";"";"";"";"";"";"";"";"";"";""
"19/01/2023";"1100";"";"";"";"";"";"";"";"";"";"";"";"";"";"";"";"";""
"19/01/2023";"1200";"";"";"";"";"";"";"";"";"";"";"";"";"";"";"";"";""
"19/01/2023";"1300";"";"";"";"";"";"";"";"";"";"";"";"";"";"";"";"";""
"19/01/2023";"1400";"";"";"";"";"";"";"";"";"";"";"";"";"";"";"";"";""
"19/01/2023";"1500";"";"";"";"";"";"";"";"";"";"";"";"";"";"";"";"";""
"19/01/2023";"1600";"";"";"";"";"";"";"";"";"";"";"";"";"";"";"";"";""
"19/01/2023";"1700";"";"";"";"";"";"";"";"";"";"";"";"";"";"";"";"";""
"19/01/2023";"1800";"";"";"";"";"";"";"";"";"";"";"";"";"";"";"";"";""
"19/01/2023";"1900";"";"";"";"";"";"";"";"";"";"";"";"";"";"";"";"";""
"19/01/2023";"2000";"";"";"";"";"";"";"";"";"";"";"";"";"";"";"";"";""
"19/01/2023";"2100";"";"";"";"";"";"";"";"";"";"";"";"";"";"";"";"";""
"19/01/2023";"2200";"";"";"";"";"";"";"";"";"";"";"";"";"";"";"";"";""
"19/01/2023";"2300";"";"";"";"";"";"";"";"";"";"";"";"";"";"";"";"";""
"20/01/2023";"0000";"";"";"";"";"";"";"";"";"";"";"";"";"";"";"";"";""
"20/01/2023";"0100";"";"";"";"";"";"";"";"";"";"";"";"";"";"";"";"";""
"20/01/2023";"0200";"";"";"";"";"";"";"";"";"";"";"";"";"";"";"";"";""
"20/01/2023";"0300";"";"";"";"";"";"";"";"";"";"";"";"";"";"";"";"";""
"20/01/2023";"0400";"";"";"";"";"";"";"";"";"";"";"";"";"";"";"";"";""
"20/01/2023";"0500";"";"";"";"";"";"";"";"";"";"";"";"";"";"";"";"";""
"20/01/2023";"0600";"";"";"";"";"";"";"";"";"";"";"";"";"";"";"";"";""
"20/01/2023";"0700";"";"";"";"";"";"";"";"";"";"";"";"";"";"";"";"";""
"20/01/2023";"0800";"";"";"";"";"";"";"";"";"";"";"";"";"";"";"";"";""
"20/01/2023";"0900";"";"";"";"";"";"";"";"";"";"";"";"";"";"";"";"";""
"20/01/2023";"1000";"";"";"";"";"";"";"";"";"";"";"";"";"";"";"";"";""
"20/01/2023";"1100";"";"";"";"";"";"";"";"";"";"";"";"";"";"";"";"";""
"20/01/2023";"1200";"";"";"";"";"";"";"";"";"";"";"";"";"";"";"";"";""
"20/01/2023";"1300";"";"";"";"";"";"";"";"";"";"";"";"";"";"";"";"";""
"20/01/2023";"1400";"";"";"";"";"";"";"";"";"";"";"";"";"";"";"";"";""
"20/01/2023";"1500";"";"";"";"";"";"";"";"";"";"";"";"";"";"";"";"";""
"20/01/2023";"1600";"";"";"";"";"";"";"";"";"";"";"";"";"";"";"";"";""
"20/01/2023";"1700";"";"";"";"";"";"";"";"";"";"";"";"";"";"";"";"";""
"20/01/2023";"1800";"";"";"";"";"";"";"";"";"";"";"";"";"";"";"";"";""
"20/01/2023";"1900";"";"";"";"";"";"";"";"";"";"";"";"";"";"";"";"";""
"20/01/2023";"2000";"";"";"";"";"";"";"";"";"";"";"";"";"";"";"";"";""
"20/01/2023";"2100";"";"";"";"";"";"";"";"";"";"";"";"";"";"";"";"";""
"20/01/2023";"2200";"";"";"";"";"";"";"";"";"";"";"";"";"";"";"";"";""
"20/01/2023";"2300";"";"";"";"";"";"";"";"";"";"";"";"";"";"";"";"";""
"21/01/2023";"0000";"";"";"";"";"";"";"";"";"";"";"";"";"";"";"";"";""
"21/01/2023";"0100";"";"";"";"";"";"";"";"";"";"";"";"";"";"";"";"";""
"21/01/2023";"0200";"";"";"";"";"";"";"";"";"";"";"";"";"";"";"";"";""
"21/01/2023";"0300";"";"";"";"";"";"";"";"";"";"";"";"";"";"";"";"";""
"21/01/2023";"0400";"";"";"";"";"";"";"";"";"";"";"";"";"";"";"";"";""
"21/01/2023";"0500";"";"";"";"";"";"";"";"";"";"";"";"";"";"";"";"";""
"21/01/2023";"0600";"";"";"";"";"";"";"";"";"";"";"";"";"";"";"";"";""
"21/01/2023";"0700";"";"";"";"";"";"";"";"";"";"";"";"";"";"";"";"";""
"21/01/2023";"0800";"";"";"";"";"";"";"";"";"";"";"";"";"";"";"";"";""
"21/01/2023";"0900";"";"";"";"";"";"";"";"";"";"";"";"";"";"";"";"";""
"21/01/2023";"1000";"";"";"";"";"";"";"";"";"";"";"";"";"";"";"";"";""
"21/01/2023";"1100";"";"";"";"";"";"";"";"";"";"";"";"";"";"";"";"";""
"21/01/2023";"1200";"";"";"";"";"";"";"";"";"";"";"";"";"";"";"";"";""
"21/01/2023";"1300";"";"";"";"";"";"";"";"";"";"";"";"";"";"";"";"";""
"21/01/2023";"1400";"";"";"";"";"";"";"";"";"";"";"";"";"";"";"";"";""
"21/01/2023";"1500";"";"";"";"";"";"";"";"";"";"";"";"";"";"";"";"";""
"21/01/2023";"1600";"";"";"";"";"";"";"";"";"";"";"";"";"";"";"";"";""
"21/01/2023";"1700";"";"";"";"";"";"";"";"";"";"";"";"";"";"";"";"";""
"21/01/2023";"1800";"";"";"";"";"";"";"";"";"";"";"";"";"";"";"";"";""
"21/01/2023";"1900";"";"";"";"";"";"";"";"";"";"";"";"";"";"";"";"";""
"21/01/2023";"2000";"";"";"";"";"";"";"";"";"";"";"";"";"";"";"";"";""
"21/01/2023";"2100";"";"";"";"";"";"";"";"";"";"";"";"";"";"";"";"";""
"21/01/2023";"2200";"";"";"";"";"";"";"";"";"";"";"";"";"";"";"";"";""
"21/01/2023";"2300";"";"";"";"";"";"";"";"";"";"";"";"";"";"";"";"";""
"22/01/2023";"0000";"";"";"";"";"";"";"";"";"";"";"";"";"";"";"";"";""
"22/01/2023";"0100";"";"";"";"";"";"";"";"";"";"";"";"";"";"";"";"";""
"22/01/2023";"0200";"";"";"";"";"";"";"";"";"";"";"";"";"";"";"";"";""
"22/01/2023";"0300";"";"";"";"";"";"";"";"";"";"";"";"";"";"";"";"";""
"22/01/2023";"0400";"";"";"";"";"";"";"";"";"";"";"";"";"";"";"";"";""
"22/01/2023";"0500";"";"";"";"";"";"";"";"";"";"";"";"";"";"";"";"";""
"22/01/2023";"0600";"";"";"";"";"";"";"";"";"";"";"";"";"";"";"";"";""
"22/01/2023";"0700";"";"";"";"";"";"";"";"";"";"";"";"";"";"";"";"";""
"22/01/2023";"0800";"";"";"";"";"";"";"";"";"";"";"";"";"";"";"";"";""
"22/01/2023";"0900";"";"";"";"";"";"";"";"";"";"";"";"";"";"";"";"";""
"22/01/2023";"1000";"";"";"";"";"";"";"";"";"";"";"";"";"";"";"";"";""
"22/01/2023";"1100";"";"";"";"";"";"";"";"";"";"";"";"";"";"";"";"";""
"22/01/2023";"1200";"";"";"";"";"";"";"";"";"";"";"";"";"";"";"";"";""
"22/01/2023";"1300";"";"";"";"";"";"";"";"";"";"";"";"";"";"";"";"";""
"22/01/2023";"1400";"";"";"";"";"";"";"";"";"";"";"";"";"";"";"";"";""
"22/01/2023";"1500";"";"";"";"";"";"";"";"";"";"";"";"";"";"";"";"";""
"22/01/2023";"1600";"";"";"";"";"";"";"";"";"";"";"";"";"";"";"";"";""
"22/01/2023";"1700";"";"";"";"";"";"";"";"";"";"";"";"";"";"";"";"";""
"22/01/2023";"1800";"";"";"";"";"";"";"";"";"";"";"";"";"";"";"";"";""
"22/01/2023";"1900";"";"";"";"";"";"";"";"";"";"";"";"";"";"";"";"";""
"22/01/2023";"2000";"";"";"";"";"";"";"";"";"";"";"";"";"";"";"";"";""
"22/01/2023";"2100";"";"";"";"";"";"";"";"";"";"";"";"";"";"";"";"";""
"22/01/2023";"2200";"";"";"";"";"";"";"";"";"";"";"";"";"";"";"";"";""
"22/01/2023";"2300";"";"";"";"";"";"";"";"";"";"";"";"";"";"";"";"";""
"23/01/2023";"0000";"";"";"";"";"";"";"";"";"";"";"";"";"";"";"";"";""
"23/01/2023";"0100";"";"";"";"";"";"";"";"";"";"";"";"";"";"";"";"";""
"23/01/2023";"0200";"";"";"";"";"";"";"";"";"";"";"";"";"";"";"";"";""
"23/01/2023";"0300";"";"";"";"";"";"";"";"";"";"";"";"";"";"";"";"";""
"23/01/2023";"0400";"";"";"";"";"";"";"";"";"";"";"";"";"";"";"";"";""
"23/01/2023";"0500";"";"";"";"";"";"";"";"";"";"";"";"";"";"";"";"";""
"23/01/2023";"0600";"";"";"";"";"";"";"";"";"";"";"";"";"";"";"";"";""
"23/01/2023";"0700";"";"";"";"";"";"";"";"";"";"";"";"";"";"";"";"";""
"23/01/2023";"0800";"";"";"";"";"";"";"";"";"";"";"";"";"";"";"";"";""
"23/01/2023";"0900";"";"";"";"";"";"";"";"";"";"";"";"";"";"";"";"";""
"23/01/2023";"1000";"";"";"";"";"";"";"";"";"";"";"";"";"";"";"";"";""
"23/01/2023";"1100";"";"";"";"";"";"";"";"";"";"";"";"";"";"";"";"";""
"23/01/2023";"1200";"";"";"";"";"";"";"";"";"";"";"";"";"";"";"";"";""
"23/01/2023";"1300";"";"";"";"";"";"";"";"";"";"";"";"";"";"";"";"";""
"23/01/2023";"1400";"";"";"";"";"";"";"";"";"";"";"";"";"";"";"";"";""
"23/01/2023";"1500";"";"";"";"";"";"";"";"";"";"";"";"";"";"";"";"";""
"23/01/2023";"1600";"";"";"";"";"";"";"";"";"";"";"";"";"";"";"";"";""
"23/01/2023";"1700";"";"";"";"";"";"";"";"";"";"";"";"";"";"";"";"";""
"23/01/2023";"1800";"";"";"";"";"";"";"";"";"";"";"";"";"";"";"";"";""
"23/01/2023";"1900";"";"";"";"";"";"";"";"";"";"";"";"";"";"";"";"";""
"23/01/2023";"2000";"";"";"";"";"";"";"";"";"";"";"";"";"";"";"";"";""
"23/01/2023";"2100";"";"";"";"";"";"";"";"";"";"";"";"";"";"";"";"";""
"23/01/2023";"2200";"";"";"";"";"";"";"";"";"";"";"";"";"";"";"";"";""
"23/01/2023";"2300";"";"";"";"";"";"";"";"";"";"";"";"";"";"";"";"";""
"24/01/2023";"0000";"";"";"";"";"";"";"";"";"";"";"";"";"";"";"";"";""
"24/01/2023";"0100";"";"";"";"";"";"";"";"";"";"";"";"";"";"";"";"";""
"24/01/2023";"0200";"";"";"";"";"";"";"";"";"";"";"";"";"";"";"";"";""
"24/01/2023";"0300";"";"";"";"";"";"";"";"";"";"";"";"";"";"";"";"";""
"24/01/2023";"0400";"";"";"";"";"";"";"";"";"";"";"";"";"";"";"";"";""
"24/01/2023";"0500";"";"";"";"";"";"";"";"";"";"";"";"";"";"";"";"";""
"24/01/2023";"0600";"";"";"";"";"";"";"";"";"";"";"";"";"";"";"";"";""
"24/01/2023";"0700";"";"";"";"";"";"";"";"";"";"";"";"";"";"";"";"";""
"24/01/2023";"0800";"";"";"";"";"";"";"";"";"";"";"";"";"";"";"";"";""
"24/01/2023";"0900";"";"";"";"";"";"";"";"";"";"";"";"";"";"";"";"";""
"24/01/2023";"1000";"";"";"";"";"";"";"";"";"";"";"";"";"";"";"";"";""
"24/01/2023";"1100";"";"";"";"";"";"";"";"";"";"";"";"";"";"";"";"";""
"24/01/2023";"1200";"";"";"";"";"";"";"";"";"";"";"";"";"";"";"";"";""
"24/01/2023";"1300";"";"";"";"";"";"";"";"";"";"";"";"";"";"";"";"";""
"24/01/2023";"1400";"";"";"";"";"";"";"";"";"";"";"";"";"";"";"";"";""
"24/01/2023";"1500";"";"";"";"";"";"";"";"";"";"";"";"";"";"";"";"";""
"24/01/2023";"1600";"";"";"";"";"";"";"";"";"";"";"";"";"";"";"";"";""
"24/01/2023";"1700";"";"";"";"";"";"";"";"";"";"";"";"";"";"";"";"";""
"24/01/2023";"1800";"";"";"";"";"";"";"";"";"";"";"";"";"";"";"";"";""
"24/01/2023";"1900";"";"";"";"";"";"";"";"";"";"";"";"";"";"";"";"";""
"24/01/2023";"2000";"";"";"";"";"";"";"";"";"";"";"";"";"";"";"";"";""
"24/01/2023";"2100";"";"";"";"";"";"";"";"";"";"";"";"";"";"";"";"";""
"24/01/2023";"2200";"";"";"";"";"";"";"";"";"";"";"";"";"";"";"";"";""
"24/01/2023";"2300";"";"";"";"";"";"";"";"";"";"";"";"";"";"";"";"";""
"25/01/2023";"0000";"";"";"";"";"";"";"";"";"";"";"";"";"";"";"";"";""
"25/01/2023";"0100";"";"";"";"";"";"";"";"";"";"";"";"";"";"";"";"";""
"25/01/2023";"0200";"";"";"";"";"";"";"";"";"";"";"";"";"";"";"";"";""
"25/01/2023";"0300";"";"";"";"";"";"";"";"";"";"";"";"";"";"";"";"";""
"25/01/2023";"0400";"";"";"";"";"";"";"";"";"";"";"";"";"";"";"";"";""
"25/01/2023";"0500";"";"";"";"";"";"";"";"";"";"";"";"";"";"";"";"";""
"25/01/2023";"0600";"";"";"";"";"";"";"";"";"";"";"";"";"";"";"";"";""
"25/01/2023";"0700";"";"";"";"";"";"";"";"";"";"";"";"";"";"";"";"";""
"25/01/2023";"0800";"";"";"";"";"";"";"";"";"";"";"";"";"";"";"";"";""
"25/01/2023";"0900";"";"";"";"";"";"";"";"";"";"";"";"";"";"";"";"";""
"25/01/2023";"1000";"";"";"";"";"";"";"";"";"";"";"";"";"";"";"";"";""
"25/01/2023";"1100";"";"";"";"";"";"";"";"";"";"";"";"";"";"";"";"";""
"25/01/2023";"1200";"";"";"";"";"";"";"";"";"";"";"";"";"";"";"";"";""
"25/01/2023";"1300";"";"";"";"";"";"";"";"";"";"";"";"";"";"";"";"";""
"25/01/2023";"1400";"";"";"";"";"";"";"";"";"";"";"";"";"";"";"";"";""
"25/01/2023";"1500";"";"";"";"";"";"";"";"";"";"";"";"";"";"";"";"";""
"25/01/2023";"1600";"";"";"";"";"";"";"";"";"";"";"";"";"";"";"";"";""
"25/01/2023";"1700";"";"";"";"";"";"";"";"";"";"";"";"";"";"";"";"";""
"25/01/2023";"1800";"";"";"";"";"";"";"";"";"";"";"";"";"";"";"";"";""
"25/01/2023";"1900";"";"";"";"";"";"";"";"";"";"";"";"";"";"";"";"";""
"25/01/2023";"2000";"";"";"";"";"";"";"";"";"";"";"";"";"";"";"";"";""
"25/01/2023";"2100";"";"";"";"";"";"";"";"";"";"";"";"";"";"";"";"";""
"25/01/2023";"2200";"";"";"";"";"";"";"";"";"";"";"";"";"";"";"";"";""
"25/01/2023";"2300";"";"";"";"";"";"";"";"";"";"";"";"";"";"";"";"";""
"26/01/2023";"0000";"";"";"";"";"";"";"";"";"";"";"";"";"";"";"";"";""
"26/01/2023";"0100";"";"";"";"";"";"";"";"";"";"";"";"";"";"";"";"";""
"26/01/2023";"0200";"";"";"";"";"";"";"";"";"";"";"";"";"";"";"";"";""
"26/01/2023";"0300";"";"";"";"";"";"";"";"";"";"";"";"";"";"";"";"";""
"26/01/2023";"0400";"";"";"";"";"";"";"";"";"";"";"";"";"";"";"";"";""
"26/01/2023";"0500";"";"";"";"";"";"";"";"";"";"";"";"";"";"";"";"";""
"26/01/2023";"0600";"";"";"";"";"";"";"";"";"";"";"";"";"";"";"";"";""
"26/01/2023";"0700";"";"";"";"";"";"";"";"";"";"";"";"";"";"";"";"";""
"26/01/2023";"0800";"";"";"";"";"";"";"";"";"";"";"";"";"";"";"";"";""
"26/01/2023";"0900";"";"";"";"";"";"";"";"";"";"";"";"";"";"";"";"";""
"26/01/2023";"1000";"";"";"";"";"";"";"";"";"";"";"";"";"";"";"";"";""
"26/01/2023";"1100";"";"";"";"";"";"";"";"";"";"";"";"";"";"";"";"";""
"26/01/2023";"1200";"";"";"";"";"";"";"";"";"";"";"";"";"";"";"";"";""
"26/01/2023";"1300";"";"";"";"";"";"";"";"";"";"";"";"";"";"";"";"";""
"26/01/2023";"1400";"";"";"";"";"";"";"";"";"";"";"";"";"";"";"";"";""
"26/01/2023";"1500";"";"";"";"";"";"";"";"";"";"";"";"";"";"";"";"";""
"26/01/2023";"1600";"";"";"";"";"";"";"";"";"";"";"";"";"";"";"";"";""
"26/01/2023";"1700";"";"";"";"";"";"";"";"";"";"";"";"";"";"";"";"";""
"26/01/2023";"1800";"";"";"";"";"";"";"";"";"";"";"";"";"";"";"";"";""
"26/01/2023";"1900";"";"";"";"";"";"";"";"";"";"";"";"";"";"";"";"";""
"26/01/2023";"2000";"";"";"";"";"";"";"";"";"";"";"";"";"";"";"";"";""
"26/01/2023";"2100";"";"";"";"";"";"";"";"";"";"";"";"";"";"";"";"";""
"26/01/2023";"2200";"";"";"";"";"";"";"";"";"";"";"";"";"";"";"";"";""
"26/01/2023";"2300";"";"";"";"";"";"";"";"";"";"";"";"";"";"";"";"";""
"27/01/2023";"0000";"";"";"";"";"";"";"";"";"";"";"";"";"";"";"";"";""
"27/01/2023";"0100";"";"";"";"";"";"";"";"";"";"";"";"";"";"";"";"";""
"27/01/2023";"0200";"";"";"";"";"";"";"";"";"";"";"";"";"";"";"";"";""
"27/01/2023";"0300";"";"";"";"";"";"";"";"";"";"";"";"";"";"";"";"";""
"27/01/2023";"0400";"";"";"";"";"";"";"";"";"";"";"";"";"";"";"";"";""
"27/01/2023";"0500";"";"";"";"";"";"";"";"";"";"";"";"";"";"";"";"";""
"27/01/2023";"0600";"";"";"";"";"";"";"";"";"";"";"";"";"";"";"";"";""
"27/01/2023";"0700";"";"";"";"";"";"";"";"";"";"";"";"";"";"";"";"";""
"27/01/2023";"0800";"";"";"";"";"";"";"";"";"";"";"";"";"";"";"";"";""
"27/01/2023";"0900";"";"";"";"";"";"";"";"";"";"";"";"";"";"";"";"";""
"27/01/2023";"1000";"";"";"";"";"";"";"";"";"";"";"";"";"";"";"";"";""
"27/01/2023";"1100";"";"";"";"";"";"";"";"";"";"";"";"";"";"";"";"";""
"27/01/2023";"1200";"";"";"";"";"";"";"";"";"";"";"";"";"";"";"";"";""
"27/01/2023";"1300";"";"";"";"";"";"";"";"";"";"";"";"";"";"";"";"";""
"27/01/2023";"1400";"";"";"";"";"";"";"";"";"";"";"";"";"";"";"";"";""
"27/01/2023";"1500";"";"";"";"";"";"";"";"";"";"";"";"";"";"";"";"";""
"27/01/2023";"1600";"";"";"";"";"";"";"";"";"";"";"";"";"";"";"";"";""
"27/01/2023";"1700";"";"";"";"";"";"";"";"";"";"";"";"";"";"";"";"";""
"27/01/2023";"1800";"";"";"";"";"";"";"";"";"";"";"";"";"";"";"";"";""
"27/01/2023";"1900";"";"";"";"";"";"";"";"";"";"";"";"";"";"";"";"";""
"27/01/2023";"2000";"";"";"";"";"";"";"";"";"";"";"";"";"";"";"";"";""
"27/01/2023";"2100";"";"";"";"";"";"";"";"";"";"";"";"";"";"";"";"";""
"27/01/2023";"2200";"";"";"";"";"";"";"";"";"";"";"";"";"";"";"";"";""
"27/01/2023";"2300";"";"";"";"";"";"";"";"";"";"";"";"";"";"";"";"";""
"28/01/2023";"0000";"";"";"";"";"";"";"";"";"";"";"";"";"";"";"";"";""
"28/01/2023";"0100";"";"";"";"";"";"";"";"";"";"";"";"";"";"";"";"";""
"28/01/2023";"0200";"";"";"";"";"";"";"";"";"";"";"";"";"";"";"";"";""
"28/01/2023";"0300";"";"";"";"";"";"";"";"";"";"";"";"";"";"";"";"";""
"28/01/2023";"0400";"";"";"";"";"";"";"";"";"";"";"";"";"";"";"";"";""
"28/01/2023";"0500";"";"";"";"";"";"";"";"";"";"";"";"";"";"";"";"";""
"28/01/2023";"0600";"";"";"";"";"";"";"";"";"";"";"";"";"";"";"";"";""
"28/01/2023";"0700";"";"";"";"";"";"";"";"";"";"";"";"";"";"";"";"";""
"28/01/2023";"0800";"";"";"";"";"";"";"";"";"";"";"";"";"";"";"";"";""
"28/01/2023";"0900";"";"";"";"";"";"";"";"";"";"";"";"";"";"";"";"";""
"28/01/2023";"1000";"";"";"";"";"";"";"";"";"";"";"";"";"";"";"";"";""
"28/01/2023";"1100";"";"";"";"";"";"";"";"";"";"";"";"";"";"";"";"";""
"28/01/2023";"1200";"";"";"";"";"";"";"";"";"";"";"";"";"";"";"";"";""
"28/01/2023";"1300";"";"";"";"";"";"";"";"";"";"";"";"";"";"";"";"";""
"28/01/2023";"1400";"";"";"";"";"";"";"";"";"";"";"";"";"";"";"";"";""
"28/01/2023";"1500";"";"";"";"";"";"";"";"";"";"";"";"";"";"";"";"";""
"28/01/2023";"1600";"";"";"";"";"";"";"";"";"";"";"";"";"";"";"";"";""
"28/01/2023";"1700";"";"";"";"";"";"";"";"";"";"";"";"";"";"";"";"";""
"28/01/2023";"1800";"";"";"";"";"";"";"";"";"";"";"";"";"";"";"";"";""
"28/01/2023";"1900";"";"";"";"";"";"";"";"";"";"";"";"";"";"";"";"";""
"28/01/2023";"2000";"";"";"";"";"";"";"";"";"";"";"";"";"";"";"";"";""
"28/01/2023";"2100";"";"";"";"";"";"";"";"";"";"";"";"";"";"";"";"";""
"28/01/2023";"2200";"";"";"";"";"";"";"";"";"";"";"";"";"";"";"";"";""
"28/01/2023";"2300";"";"";"";"";"";"";"";"";"";"";"";"";"";"";"";"";""
"29/01/2023";"0000";"";"";"";"";"";"";"";"";"";"";"";"";"";"";"";"";""
"29/01/2023";"0100";"";"";"";"";"";"";"";"";"";"";"";"";"";"";"";"";""
"29/01/2023";"0200";"";"";"";"";"";"";"";"";"";"";"";"";"";"";"";"";""
"29/01/2023";"0300";"";"";"";"";"";"";"";"";"";"";"";"";"";"";"";"";""
"29/01/2023";"0400";"";"";"";"";"";"";"";"";"";"";"";"";"";"";"";"";""
"29/01/2023";"0500";"";"";"";"";"";"";"";"";"";"";"";"";"";"";"";"";""
"29/01/2023";"0600";"";"";"";"";"";"";"";"";"";"";"";"";"";"";"";"";""
"29/01/2023";"0700";"";"";"";"";"";"";"";"";"";"";"";"";"";"";"";"";""
"29/01/2023";"0800";"";"";"";"";"";"";"";"";"";"";"";"";"";"";"";"";""
"29/01/2023";"0900";"";"";"";"";"";"";"";"";"";"";"";"";"";"";"";"";""
"29/01/2023";"1000";"";"";"";"";"";"";"";"";"";"";"";"";"";"";"";"";""
"29/01/2023";"1100";"";"";"";"";"";"";"";"";"";"";"";"";"";"";"";"";""
"29/01/2023";"1200";"";"";"";"";"";"";"";"";"";"";"";"";"";"";"";"";""
"29/01/2023";"1300";"";"";"";"";"";"";"";"";"";"";"";"";"";"";"";"";""
"29/01/2023";"1400";"";"";"";"";"";"";"";"";"";"";"";"";"";"";"";"";""
"29/01/2023";"1500";"";"";"";"";"";"";"";"";"";"";"";"";"";"";"";"";""
"29/01/2023";"1600";"";"";"";"";"";"";"";"";"";"";"";"";"";"";"";"";""
"29/01/2023";"1700";"";"";"";"";"";"";"";"";"";"";"";"";"";"";"";"";""
"29/01/2023";"1800";"";"";"";"";"";"";"";"";"";"";"";"";"";"";"";"";""
"29/01/2023";"1900";"";"";"";"";"";"";"";"";"";"";"";"";"";"";"";"";""
"29/01/2023";"2000";"";"";"";"";"";"";"";"";"";"";"";"";"";"";"";"";""
"29/01/2023";"2100";"";"";"";"";"";"";"";"";"";"";"";"";"";"";"";"";""
"29/01/2023";"2200";"";"";"";"";"";"";"";"";"";"";"";"";"";"";"";"";""
"29/01/2023";"2300";"";"";"";"";"";"";"";"";"";"";"";"";"";"";"";"";""
"30/01/2023";"0000";"";"";"";"";"";"";"";"";"";"";"";"";"";"";"";"";""
"30/01/2023";"0100";"";"";"";"";"";"";"";"";"";"";"";"";"";"";"";"";""
"30/01/2023";"0200";"";"";"";"";"";"";"";"";"";"";"";"";"";"";"";"";""
"30/01/2023";"0300";"";"";"";"";"";"";"";"";"";"";"";"";"";"";"";"";""
"30/01/2023";"0400";"";"";"";"";"";"";"";"";"";"";"";"";"";"";"";"";""
"30/01/2023";"0500";"";"";"";"";"";"";"";"";"";"";"";"";"";"";"";"";""
"30/01/2023";"0600";"";"";"";"";"";"";"";"";"";"";"";"";"";"";"";"";""
"30/01/2023";"0700";"";"";"";"";"";"";"";"";"";"";"";"";"";"";"";"";""
"30/01/2023";"0800";"";"";"";"";"";"";"";"";"";"";"";"";"";"";"";"";""
"30/01/2023";"0900";"";"";"";"";"";"";"";"";"";"";"";"";"";"";"";"";""
"30/01/2023";"1000";"";"";"";"";"";"";"";"";"";"";"";"";"";"";"";"";""
"30/01/2023";"1100";"";"";"";"";"";"";"";"";"";"";"";"";"";"";"";"";""
"30/01/2023";"1200";"";"";"";"";"";"";"";"";"";"";"";"";"";"";"";"";""
"30/01/2023";"1300";"";"";"";"";"";"";"";"";"";"";"";"";"";"";"";"";""
"30/01/2023";"1400";"";"";"";"";"";"";"";"";"";"";"";"";"";"";"";"";""
"30/01/2023";"1500";"";"";"";"";"";"";"";"";"";"";"";"";"";"";"";"";""
"30/01/2023";"1600";"";"";"";"";"";"";"";"";"";"";"";"";"";"";"";"";""
"30/01/2023";"1700";"";"";"";"";"";"";"";"";"";"";"";"";"";"";"";"";""
"30/01/2023";"1800";"";"";"";"";"";"";"";"";"";"";"";"";"";"";"";"";""
"30/01/2023";"1900";"";"";"";"";"";"";"";"";"";"";"";"";"";"";"";"";""
"30/01/2023";"2000";"";"";"";"";"";"";"";"";"";"";"";"";"";"";"";"";""
"30/01/2023";"2100";"";"";"";"";"";"";"";"";"";"";"";"";"";"";"";"";""
"30/01/2023";"2200";"";"";"";"";"";"";"";"";"";"";"";"";"";"";"";"";""
"30/01/2023";"2300";"";"";"";"";"";"";"";"";"";"";"";"";"";"";"";"";""
"31/01/2023";"0000";"";"";"";"";"";"";"";"";"";"";"";"";"";"";"";"";""
"31/01/2023";"0100";"";"";"";"";"";"";"";"";"";"";"";"";"";"";"";"";""
"31/01/2023";"0200";"";"";"";"";"";"";"";"";"";"";"";"";"";"";"";"";""
"31/01/2023";"0300";"";"";"";"";"";"";"";"";"";"";"";"";"";"";"";"";""
"31/01/2023";"0400";"";"";"";"";"";"";"";"";"";"";"";"";"";"";"";"";""
"31/01/2023";"0500";"";"";"";"";"";"";"";"";"";"";"";"";"";"";"";"";""
"31/01/2023";"0600";"";"";"";"";"";"";"";"";"";"";"";"";"";"";"";"";""
"31/01/2023";"0700";"";"";"";"";"";"";"";"";"";"";"";"";"";"";"";"";""
"31/01/2023";"0800";"";"";"";"";"";"";"";"";"";"";"";"";"";"";"";"";""
"31/01/2023";"0900";"";"";"";"";"";"";"";"";"";"";"";"";"";"";"";"";""
"31/01/2023";"1000";"";"";"";"";"";"";"";"";"";"";"";"";"";"";"";"";""
"31/01/2023";"1100";"";"";"";"";"";"";"";"";"";"";"";"";"";"";"";"";""
"31/01/2023";"1200";"";"";"";"";"";"";"";"";"";"";"";"";"";"";"";"";""
"31/01/2023";"1300";"";"";"";"";"";"";"";"";"";"";"";"";"";"";"";"";""
"31/01/2023";"1400";"";"";"";"";"";"";"";"";"";"";"";"";"";"";"";"";""
"31/01/2023";"1500";"";"";"";"";"";"";"";"";"";"";"";"";"";"";"";"";""
"31/01/2023";"1600";"";"";"";"";"";"";"";"";"";"";"";"";"";"";"";"";""
"31/01/2023";"1700";"";"";"";"";"";"";"";"";"";"";"";"";"";"";"";"";""
"31/01/2023";"1800";"";"";"";"";"";"";"";"";"";"";"";"";"";"";"";"";""
"31/01/2023";"1900";"";"";"";"";"";"";"";"";"";"";"";"";"";"";"";"";""
"31/01/2023";"2000";"";"";"";"";"";"";"";"";"";"";"";"";"";"";"";"";""
"31/01/2023";"2100";"";"";"";"";"";"";"";"";"";"";"";"";"";"";"";"";""
"31/01/2023";"2200";"";"";"";"";"";"";"";"";"";"";"";"";"";"";"";"";""
"31/01/2023";"2300";"";"";"";"";"";"";"";"";"";"";"";"";"";"";"";"";""
"01/02/2023";"0000";"";"";"";"";"";"";"";"";"";"";"";"";"";"";"";"";""
"01/02/2023";"0100";"";"";"";"";"";"";"";"";"";"";"";"";"";"";"";"";""
"01/02/2023";"0200";"";"";"";"";"";"";"";"";"";"";"";"";"";"";"";"";""
"01/02/2023";"0300";"";"";"";"";"";"";"";"";"";"";"";"";"";"";"";"";""
"01/02/2023";"0400";"";"";"";"";"";"";"";"";"";"";"";"";"";"";"";"";""
"01/02/2023";"0500";"";"";"";"";"";"";"";"";"";"";"";"";"";"";"";"";""
"01/02/2023";"0600";"";"";"";"";"";"";"";"";"";"";"";"";"";"";"";"";""
"01/02/2023";"0700";"";"";"";"";"";"";"";"";"";"";"";"";"";"";"";"";""
"01/02/2023";"0800";"";"";"";"";"";"";"";"";"";"";"";"";"";"";"";"";""
"01/02/2023";"0900";"";"";"";"";"";"";"";"";"";"";"";"";"";"";"";"";""
"01/02/2023";"1000";"";"";"";"";"";"";"";"";"";"";"";"";"";"";"";"";""
"01/02/2023";"1100";"";"";"";"";"";"";"";"";"";"";"";"";"";"";"";"";""
"01/02/2023";"1200";"";"";"";"";"";"";"";"";"";"";"";"";"";"";"";"";""
"01/02/2023";"1300";"";"";"";"";"";"";"";"";"";"";"";"";"";"";"";"";""
"01/02/2023";"1400";"";"";"";"";"";"";"";"";"";"";"";"";"";"";"";"";""
"01/02/2023";"1500";"";"";"";"";"";"";"";"";"";"";"";"";"";"";"";"";""
"01/02/2023";"1600";"";"";"";"";"";"";"";"";"";"";"";"";"";"";"";"";""
"01/02/2023";"1700";"";"";"";"";"";"";"";"";"";"";"";"";"";"";"";"";""
"01/02/2023";"1800";"";"";"";"";"";"";"";"";"";"";"";"";"";"";"";"";""
"01/02/2023";"1900";"";"";"";"";"";"";"";"";"";"";"";"";"";"";"";"";""
"01/02/2023";"2000";"";"";"";"";"";"";"";"";"";"";"";"";"";"";"";"";""
"01/02/2023";"2100";"";"";"";"";"";"";"";"";"";"";"";"";"";"";"";"";""
"01/02/2023";"2200";"";"";"";"";"";"";"";"";"";"";"";"";"";"";"";"";""
"01/02/2023";"2300";"";"";"";"";"";"";"";"";"";"";"";"";"";"";"";"";""
"02/02/2023";"0000";"";"";"";"";"";"";"";"";"";"";"";"";"";"";"";"";""
"02/02/2023";"0100";"";"";"";"";"";"";"";"";"";"";"";"";"";"";"";"";""
"02/02/2023";"0200";"";"";"";"";"";"";"";"";"";"";"";"";"";"";"";"";""
"02/02/2023";"0300";"";"";"";"";"";"";"";"";"";"";"";"";"";"";"";"";""
"02/02/2023";"0400";"";"";"";"";"";"";"";"";"";"";"";"";"";"";"";"";""
"02/02/2023";"0500";"";"";"";"";"";"";"";"";"";"";"";"";"";"";"";"";""
"02/02/2023";"0600";"";"";"";"";"";"";"";"";"";"";"";"";"";"";"";"";""
"02/02/2023";"0700";"";"";"";"";"";"";"";"";"";"";"";"";"";"";"";"";""
"02/02/2023";"0800";"";"";"";"";"";"";"";"";"";"";"";"";"";"";"";"";""
"02/02/2023";"0900";"";"";"";"";"";"";"";"";"";"";"";"";"";"";"";"";""
"02/02/2023";"1000";"";"";"";"";"";"";"";"";"";"";"";"";"";"";"";"";""
"02/02/2023";"1100";"";"";"";"";"";"";"";"";"";"";"";"";"";"";"";"";""
"02/02/2023";"1200";"";"";"";"";"";"";"";"";"";"";"";"";"";"";"";"";""
"02/02/2023";"1300";"";"";"";"";"";"";"";"";"";"";"";"";"";"";"";"";""
"02/02/2023";"1400";"";"";"";"";"";"";"";"";"";"";"";"";"";"";"";"";""
"02/02/2023";"1500";"";"";"";"";"";"";"";"";"";"";"";"";"";"";"";"";""
"02/02/2023";"1600";"";"";"";"";"";"";"";"";"";"";"";"";"";"";"";"";""
"02/02/2023";"1700";"";"";"";"";"";"";"";"";"";"";"";"";"";"";"";"";""
"02/02/2023";"1800";"";"";"";"";"";"";"";"";"";"";"";"";"";"";"";"";""
"02/02/2023";"1900";"";"";"";"";"";"";"";"";"";"";"";"";"";"";"";"";""
"02/02/2023";"2000";"";"";"";"";"";"";"";"";"";"";"";"";"";"";"";"";""
"02/02/2023";"2100";"";"";"";"";"";"";"";"";"";"";"";"";"";"";"";"";""
"02/02/2023";"2200";"";"";"";"";"";"";"";"";"";"";"";"";"";"";"";"";""
"02/02/2023";"2300";"";"";"";"";"";"";"";"";"";"";"";"";"";"";"";"";""
"03/02/2023";"0000";"";"";"";"";"";"";"";"";"";"";"";"";"";"";"";"";""
"03/02/2023";"0100";"";"";"";"";"";"";"";"";"";"";"";"";"";"";"";"";""
"03/02/2023";"0200";"";"";"";"";"";"";"";"";"";"";"";"";"";"";"";"";""
"03/02/2023";"0300";"";"";"";"";"";"";"";"";"";"";"";"";"";"";"";"";""
"03/02/2023";"0400";"";"";"";"";"";"";"";"";"";"";"";"";"";"";"";"";""
"03/02/2023";"0500";"";"";"";"";"";"";"";"";"";"";"";"";"";"";"";"";""
"03/02/2023";"0600";"";"";"";"";"";"";"";"";"";"";"";"";"";"";"";"";""
"03/02/2023";"0700";"";"";"";"";"";"";"";"";"";"";"";"";"";"";"";"";""
"03/02/2023";"0800";"";"";"";"";"";"";"";"";"";"";"";"";"";"";"";"";""
"03/02/2023";"0900";"";"";"";"";"";"";"";"";"";"";"";"";"";"";"";"";""
"03/02/2023";"1000";"";"";"";"";"";"";"";"";"";"";"";"";"";"";"";"";""
"03/02/2023";"1100";"";"";"";"";"";"";"";"";"";"";"";"";"";"";"";"";""
"03/02/2023";"1200";"";"";"";"";"";"";"";"";"";"";"";"";"";"";"";"";""
"03/02/2023";"1300";"";"";"";"";"";"";"";"";"";"";"";"";"";"";"";"";""
"03/02/2023";"1400";"";"";"";"";"";"";"";"";"";"";"";"";"";"";"";"";""
"03/02/2023";"1500";"";"";"";"";"";"";"";"";"";"";"";"";"";"";"";"";""
"03/02/2023";"1600";"";"";"";"";"";"";"";"";"";"";"";"";"";"";"";"";""
"03/02/2023";"1700";"";"";"";"";"";"";"";"";"";"";"";"";"";"";"";"";""
"03/02/2023";"1800";"";"";"";"";"";"";"";"";"";"";"";"";"";"";"";"";""
"03/02/2023";"1900";"";"";"";"";"";"";"";"";"";"";"";"";"";"";"";"";""
"03/02/2023";"2000";"";"";"";"";"";"";"";"";"";"";"";"";"";"";"";"";""
"03/02/2023";"2100";"";"";"";"";"";"";"";"";"";"";"";"";"";"";"";"";""
"03/02/2023";"2200";"";"";"";"";"";"";"";"";"";"";"";"";"";"";"";"";""
"03/02/2023";"2300";"";"";"";"";"";"";"";"";"";"";"";"";"";"";"";"";""
"04/02/2023";"0000";"";"";"";"";"";"";"";"";"";"";"";"";"";"";"";"";""
"04/02/2023";"0100";"";"";"";"";"";"";"";"";"";"";"";"";"";"";"";"";""
"04/02/2023";"0200";"";"";"";"";"";"";"";"";"";"";"";"";"";"";"";"";""
"04/02/2023";"0300";"";"";"";"";"";"";"";"";"";"";"";"";"";"";"";"";""
"04/02/2023";"0400";"";"";"";"";"";"";"";"";"";"";"";"";"";"";"";"";""
"04/02/2023";"0500";"";"";"";"";"";"";"";"";"";"";"";"";"";"";"";"";""
"04/02/2023";"0600";"";"";"";"";"";"";"";"";"";"";"";"";"";"";"";"";""
"04/02/2023";"0700";"";"";"";"";"";"";"";"";"";"";"";"";"";"";"";"";""
"04/02/2023";"0800";"";"";"";"";"";"";"";"";"";"";"";"";"";"";"";"";""
"04/02/2023";"0900";"";"";"";"";"";"";"";"";"";"";"";"";"";"";"";"";""
"04/02/2023";"1000";"";"";"";"";"";"";"";"";"";"";"";"";"";"";"";"";""
"04/02/2023";"1100";"";"";"";"";"";"";"";"";"";"";"";"";"";"";"";"";""
"04/02/2023";"1200";"";"";"";"";"";"";"";"";"";"";"";"";"";"";"";"";""
"04/02/2023";"1300";"";"";"";"";"";"";"";"";"";"";"";"";"";"";"";"";""
"04/02/2023";"1400";"";"";"";"";"";"";"";"";"";"";"";"";"";"";"";"";""
"04/02/2023";"1500";"";"";"";"";"";"";"";"";"";"";"";"";"";"";"";"";""
"04/02/2023";"1600";"";"";"";"";"";"";"";"";"";"";"";"";"";"";"";"";""
"04/02/2023";"1700";"";"";"";"";"";"";"";"";"";"";"";"";"";"";"";"";""
"04/02/2023";"1800";"";"";"";"";"";"";"";"";"";"";"";"";"";"";"";"";""
"04/02/2023";"1900";"";"";"";"";"";"";"";"";"";"";"";"";"";"";"";"";""
"04/02/2023";"2000";"";"";"";"";"";"";"";"";"";"";"";"";"";"";"";"";""
"04/02/2023";"2100";"";"";"";"";"";"";"";"";"";"";"";"";"";"";"";"";""
"04/02/2023";"2200";"";"";"";"";"";"";"";"";"";"";"";"";"";"";"";"";""
"04/02/2023";"2300";"";"";"";"";"";"";"";"";"";"";"";"";"";"";"";"";""
"05/02/2023";"0000";"";"";"";"";"";"";"";"";"";"";"";"";"";"";"";"";""
"05/02/2023";"0100";"";"";"";"";"";"";"";"";"";"";"";"";"";"";"";"";""
"05/02/2023";"0200";"";"";"";"";"";"";"";"";"";"";"";"";"";"";"";"";""
"05/02/2023";"0300";"";"";"";"";"";"";"";"";"";"";"";"";"";"";"";"";""
"05/02/2023";"0400";"";"";"";"";"";"";"";"";"";"";"";"";"";"";"";"";""
"05/02/2023";"0500";"";"";"";"";"";"";"";"";"";"";"";"";"";"";"";"";""
"05/02/2023";"0600";"";"";"";"";"";"";"";"";"";"";"";"";"";"";"";"";""
"05/02/2023";"0700";"";"";"";"";"";"";"";"";"";"";"";"";"";"";"";"";""
"05/02/2023";"0800";"";"";"";"";"";"";"";"";"";"";"";"";"";"";"";"";""
"05/02/2023";"0900";"";"";"";"";"";"";"";"";"";"";"";"";"";"";"";"";""
"05/02/2023";"1000";"";"";"";"";"";"";"";"";"";"";"";"";"";"";"";"";""
"05/02/2023";"1100";"";"";"";"";"";"";"";"";"";"";"";"";"";"";"";"";""
"05/02/2023";"1200";"";"";"";"";"";"";"";"";"";"";"";"";"";"";"";"";""
"05/02/2023";"1300";"";"";"";"";"";"";"";"";"";"";"";"";"";"";"";"";""
"05/02/2023";"1400";"";"";"";"";"";"";"";"";"";"";"";"";"";"";"";"";""
"05/02/2023";"1500";"";"";"";"";"";"";"";"";"";"";"";"";"";"";"";"";""
"05/02/2023";"1600";"";"";"";"";"";"";"";"";"";"";"";"";"";"";"";"";""
"05/02/2023";"1700";"";"";"";"";"";"";"";"";"";"";"";"";"";"";"";"";""
"05/02/2023";"1800";"";"";"";"";"";"";"";"";"";"";"";"";"";"";"";"";""
"05/02/2023";"1900";"";"";"";"";"";"";"";"";"";"";"";"";"";"";"";"";""
"05/02/2023";"2000";"";"";"";"";"";"";"";"";"";"";"";"";"";"";"";"";""
"05/02/2023";"2100";"";"";"";"";"";"";"";"";"";"";"";"";"";"";"";"";""
"05/02/2023";"2200";"";"";"";"";"";"";"";"";"";"";"";"";"";"";"";"";""
"05/02/2023";"2300";"";"";"";"";"";"";"";"";"";"";"";"";"";"";"";"";""
"06/02/2023";"0000";"";"";"";"";"";"";"";"";"";"";"";"";"";"";"";"";""
"06/02/2023";"0100";"";"";"";"";"";"";"";"";"";"";"";"";"";"";"";"";""
"06/02/2023";"0200";"";"";"";"";"";"";"";"";"";"";"";"";"";"";"";"";""
"06/02/2023";"0300";"";"";"";"";"";"";"";"";"";"";"";"";"";"";"";"";""
"06/02/2023";"0400";"";"";"";"";"";"";"";"";"";"";"";"";"";"";"";"";""
"06/02/2023";"0500";"";"";"";"";"";"";"";"";"";"";"";"";"";"";"";"";""
"06/02/2023";"0600";"";"";"";"";"";"";"";"";"";"";"";"";"";"";"";"";""
"06/02/2023";"0700";"";"";"";"";"";"";"";"";"";"";"";"";"";"";"";"";""
"06/02/2023";"0800";"";"";"";"";"";"";"";"";"";"";"";"";"";"";"";"";""
"06/02/2023";"0900";"";"";"";"";"";"";"";"";"";"";"";"";"";"";"";"";""
"06/02/2023";"1000";"";"";"";"";"";"";"";"";"";"";"";"";"";"";"";"";""
"06/02/2023";"1100";"";"";"";"";"";"";"";"";"";"";"";"";"";"";"";"";""
"06/02/2023";"1200";"";"";"";"";"";"";"";"";"";"";"";"";"";"";"";"";""
"06/02/2023";"1300";"";"";"";"";"";"";"";"";"";"";"";"";"";"";"";"";""
"06/02/2023";"1400";"";"";"";"";"";"";"";"";"";"";"";"";"";"";"";"";""
"06/02/2023";"1500";"";"";"";"";"";"";"";"";"";"";"";"";"";"";"";"";""
"06/02/2023";"1600";"";"";"";"";"";"";"";"";"";"";"";"";"";"";"";"";""
"06/02/2023";"1700";"";"";"";"";"";"";"";"";"";"";"";"";"";"";"";"";""
"06/02/2023";"1800";"";"";"";"";"";"";"";"";"";"";"";"";"";"";"";"";""
"06/02/2023";"1900";"";"";"";"";"";"";"";"";"";"";"";"";"";"";"";"";""
"06/02/2023";"2000";"";"";"";"";"";"";"";"";"";"";"";"";"";"";"";"";""
"06/02/2023";"2100";"";"";"";"";"";"";"";"";"";"";"";"";"";"";"";"";""
"06/02/2023";"2200";"";"";"";"";"";"";"";"";"";"";"";"";"";"";"";"";""
"06/02/2023";"2300";"";"";"";"";"";"";"";"";"";"";"";"";"";"";"";"";""
"07/02/2023";"0000";"";"";"";"";"";"";"";"";"";"";"";"";"";"";"";"";""
"07/02/2023";"0100";"";"";"";"";"";"";"";"";"";"";"";"";"";"";"";"";""
"07/02/2023";"0200";"";"";"";"";"";"";"";"";"";"";"";"";"";"";"";"";""
"07/02/2023";"0300";"";"";"";"";"";"";"";"";"";"";"";"";"";"";"";"";""
"07/02/2023";"0400";"";"";"";"";"";"";"";"";"";"";"";"";"";"";"";"";""
"07/02/2023";"0500";"";"";"";"";"";"";"";"";"";"";"";"";"";"";"";"";""
"07/02/2023";"0600";"";"";"";"";"";"";"";"";"";"";"";"";"";"";"";"";""
"07/02/2023";"0700";"";"";"";"";"";"";"";"";"";"";"";"";"";"";"";"";""
"07/02/2023";"0800";"";"";"";"";"";"";"";"";"";"";"";"";"";"";"";"";""
"07/02/2023";"0900";"";"";"";"";"";"";"";"";"";"";"";"";"";"";"";"";""
"07/02/2023";"1000";"";"";"";"";"";"";"";"";"";"";"";"";"";"";"";"";""
"07/02/2023";"1100";"";"";"";"";"";"";"";"";"";"";"";"";"";"";"";"";""
"07/02/2023";"1200";"";"";"";"";"";"";"";"";"";"";"";"";"";"";"";"";""
"07/02/2023";"1300";"";"";"";"";"";"";"";"";"";"";"";"";"";"";"";"";""
"07/02/2023";"1400";"";"";"";"";"";"";"";"";"";"";"";"";"";"";"";"";""
"07/02/2023";"1500";"";"";"";"";"";"";"";"";"";"";"";"";"";"";"";"";""
"07/02/2023";"1600";"";"";"";"";"";"";"";"";"";"";"";"";"";"";"";"";""
"07/02/2023";"1700";"";"";"";"";"";"";"";"";"";"";"";"";"";"";"";"";""
"07/02/2023";"1800";"";"";"";"";"";"";"";"";"";"";"";"";"";"";"";"";""
"07/02/2023";"1900";"";"";"";"";"";"";"";"";"";"";"";"";"";"";"";"";""
"07/02/2023";"2000";"";"";"";"";"";"";"";"";"";"";"";"";"";"";"";"";""
"07/02/2023";"2100";"";"";"";"";"";"";"";"";"";"";"";"";"";"";"";"";""
"07/02/2023";"2200";"";"";"";"";"";"";"";"";"";"";"";"";"";"";"";"";""
"07/02/2023";"2300";"";"";"";"";"";"";"";"";"";"";"";"";"";"";"";"";""
"08/02/2023";"0000";"";"";"";"";"";"";"";"";"";"";"";"";"";"";"";"";""
"08/02/2023";"0100";"";"";"";"";"";"";"";"";"";"";"";"";"";"";"";"";""
"08/02/2023";"0200";"";"";"";"";"";"";"";"";"";"";"";"";"";"";"";"";""
"08/02/2023";"0300";"";"";"";"";"";"";"";"";"";"";"";"";"";"";"";"";""
"08/02/2023";"0400";"";"";"";"";"";"";"";"";"";"";"";"";"";"";"";"";""
"08/02/2023";"0500";"";"";"";"";"";"";"";"";"";"";"";"";"";"";"";"";""
"08/02/2023";"0600";"";"";"";"";"";"";"";"";"";"";"";"";"";"";"";"";""
"08/02/2023";"0700";"";"";"";"";"";"";"";"";"";"";"";"";"";"";"";"";""
"08/02/2023";"0800";"";"";"";"";"";"";"";"";"";"";"";"";"";"";"";"";""
"08/02/2023";"0900";"";"";"";"";"";"";"";"";"";"";"";"";"";"";"";"";""
"08/02/2023";"1000";"";"";"";"";"";"";"";"";"";"";"";"";"";"";"";"";""
"08/02/2023";"1100";"";"";"";"";"";"";"";"";"";"";"";"";"";"";"";"";""
"08/02/2023";"1200";"";"";"";"";"";"";"";"";"";"";"";"";"";"";"";"";""
"08/02/2023";"1300";"";"";"";"";"";"";"";"";"";"";"";"";"";"";"";"";""
"08/02/2023";"1400";"";"";"";"";"";"";"";"";"";"";"";"";"";"";"";"";""
"08/02/2023";"1500";"";"";"";"";"";"";"";"";"";"";"";"";"";"";"";"";""
"08/02/2023";"1600";"";"";"";"";"";"";"";"";"";"";"";"";"";"";"";"";""
"08/02/2023";"1700";"";"";"";"";"";"";"";"";"";"";"";"";"";"";"";"";""
"08/02/2023";"1800";"";"";"";"";"";"";"";"";"";"";"";"";"";"";"";"";""
"08/02/2023";"1900";"";"";"";"";"";"";"";"";"";"";"";"";"";"";"";"";""
"08/02/2023";"2000";"";"";"";"";"";"";"";"";"";"";"";"";"";"";"";"";""
"08/02/2023";"2100";"";"";"";"";"";"";"";"";"";"";"";"";"";"";"";"";""
"08/02/2023";"2200";"";"";"";"";"";"";"";"";"";"";"";"";"";"";"";"";""
"08/02/2023";"2300";"";"";"";"";"";"";"";"";"";"";"";"";"";"";"";"";""
"09/02/2023";"0000";"";"";"";"";"";"";"";"";"";"";"";"";"";"";"";"";""
"09/02/2023";"0100";"";"";"";"";"";"";"";"";"";"";"";"";"";"";"";"";""
"09/02/2023";"0200";"";"";"";"";"";"";"";"";"";"";"";"";"";"";"";"";""
"09/02/2023";"0300";"";"";"";"";"";"";"";"";"";"";"";"";"";"";"";"";""
"09/02/2023";"0400";"";"";"";"";"";"";"";"";"";"";"";"";"";"";"";"";""
"09/02/2023";"0500";"";"";"";"";"";"";"";"";"";"";"";"";"";"";"";"";""
"09/02/2023";"0600";"";"";"";"";"";"";"";"";"";"";"";"";"";"";"";"";""
"09/02/2023";"0700";"";"";"";"";"";"";"";"";"";"";"";"";"";"";"";"";""
"09/02/2023";"0800";"";"";"";"";"";"";"";"";"";"";"";"";"";"";"";"";""
"09/02/2023";"0900";"";"";"";"";"";"";"";"";"";"";"";"";"";"";"";"";""
"09/02/2023";"1000";"";"";"";"";"";"";"";"";"";"";"";"";"";"";"";"";""
"09/02/2023";"1100";"";"";"";"";"";"";"";"";"";"";"";"";"";"";"";"";""
"09/02/2023";"1200";"";"";"";"";"";"";"";"";"";"";"";"";"";"";"";"";""
"09/02/2023";"1300";"";"";"";"";"";"";"";"";"";"";"";"";"";"";"";"";""
"09/02/2023";"1400";"";"";"";"";"";"";"";"";"";"";"";"";"";"";"";"";""
"09/02/2023";"1500";"";"";"";"";"";"";"";"";"";"";"";"";"";"";"";"";""
"09/02/2023";"1600";"";"";"";"";"";"";"";"";"";"";"";"";"";"";"";"";""
"09/02/2023";"1700";"";"";"";"";"";"";"";"";"";"";"";"";"";"";"";"";""
"09/02/2023";"1800";"";"";"";"";"";"";"";"";"";"";"";"";"";"";"";"";""
"09/02/2023";"1900";"";"";"";"";"";"";"";"";"";"";"";"";"";"";"";"";""
"09/02/2023";"2000";"";"";"";"";"";"";"";"";"";"";"";"";"";"";"";"";""
"09/02/2023";"2100";"";"";"";"";"";"";"";"";"";"";"";"";"";"";"";"";""
"09/02/2023";"2200";"";"";"";"";"";"";"";"";"";"";"";"";"";"";"";"";""
"09/02/2023";"2300";"";"";"";"";"";"";"";"";"";"";"";"";"";"";"";"";""
"10/02/2023";"0000";"";"";"";"";"";"";"";"";"";"";"";"";"";"";"";"";""
"10/02/2023";"0100";"";"";"";"";"";"";"";"";"";"";"";"";"";"";"";"";""
"10/02/2023";"0200";"";"";"";"";"";"";"";"";"";"";"";"";"";"";"";"";""
"10/02/2023";"0300";"";"";"";"";"";"";"";"";"";"";"";"";"";"";"";"";""
"10/02/2023";"0400";"";"";"";"";"";"";"";"";"";"";"";"";"";"";"";"";""
"10/02/2023";"0500";"";"";"";"";"";"";"";"";"";"";"";"";"";"";"";"";""
"10/02/2023";"0600";"";"";"";"";"";"";"";"";"";"";"";"";"";"";"";"";""
"10/02/2023";"0700";"";"";"";"";"";"";"";"";"";"";"";"";"";"";"";"";""
"10/02/2023";"0800";"";"";"";"";"";"";"";"";"";"";"";"";"";"";"";"";""
"10/02/2023";"0900";"";"";"";"";"";"";"";"";"";"";"";"";"";"";"";"";""
"10/02/2023";"1000";"";"";"";"";"";"";"";"";"";"";"";"";"";"";"";"";""
"10/02/2023";"1100";"";"";"";"";"";"";"";"";"";"";"";"";"";"";"";"";""
"10/02/2023";"1200";"";"";"";"";"";"";"";"";"";"";"";"";"";"";"";"";""
"10/02/2023";"1300";"";"";"";"";"";"";"";"";"";"";"";"";"";"";"";"";""
"10/02/2023";"1400";"";"";"";"";"";"";"";"";"";"";"";"";"";"";"";"";""
"10/02/2023";"1500";"";"";"";"";"";"";"";"";"";"";"";"";"";"";"";"";""
"10/02/2023";"1600";"";"";"";"";"";"";"";"";"";"";"";"";"";"";"";"";""
"10/02/2023";"1700";"";"";"";"";"";"";"";"";"";"";"";"";"";"";"";"";""
"10/02/2023";"1800";"";"";"";"";"";"";"";"";"";"";"";"";"";"";"";"";""
"10/02/2023";"1900";"";"";"";"";"";"";"";"";"";"";"";"";"";"";"";"";""
"10/02/2023";"2000";"";"";"";"";"";"";"";"";"";"";"";"";"";"";"";"";""
"10/02/2023";"2100";"";"";"";"";"";"";"";"";"";"";"";"";"";"";"";"";""
"10/02/2023";"2200";"";"";"";"";"";"";"";"";"";"";"";"";"";"";"";"";""
"10/02/2023";"2300";"";"";"";"";"";"";"";"";"";"";"";"";"";"";"";"";""
"11/02/2023";"0000";"";"";"";"";"";"";"";"";"";"";"";"";"";"";"";"";""
"11/02/2023";"0100";"";"";"";"";"";"";"";"";"";"";"";"";"";"";"";"";""
"11/02/2023";"0200";"";"";"";"";"";"";"";"";"";"";"";"";"";"";"";"";""
"11/02/2023";"0300";"";"";"";"";"";"";"";"";"";"";"";"";"";"";"";"";""
"11/02/2023";"0400";"";"";"";"";"";"";"";"";"";"";"";"";"";"";"";"";""
"11/02/2023";"0500";"";"";"";"";"";"";"";"";"";"";"";"";"";"";"";"";""
"11/02/2023";"0600";"";"";"";"";"";"";"";"";"";"";"";"";"";"";"";"";""
"11/02/2023";"0700";"";"";"";"";"";"";"";"";"";"";"";"";"";"";"";"";""
"11/02/2023";"0800";"";"";"";"";"";"";"";"";"";"";"";"";"";"";"";"";""
"11/02/2023";"0900";"";"";"";"";"";"";"";"";"";"";"";"";"";"";"";"";""
"11/02/2023";"1000";"";"";"";"";"";"";"";"";"";"";"";"";"";"";"";"";""
"11/02/2023";"1100";"";"";"";"";"";"";"";"";"";"";"";"";"";"";"";"";""
"11/02/2023";"1200";"";"";"";"";"";"";"";"";"";"";"";"";"";"";"";"";""
"11/02/2023";"1300";"";"";"";"";"";"";"";"";"";"";"";"";"";"";"";"";""
"11/02/2023";"1400";"";"";"";"";"";"";"";"";"";"";"";"";"";"";"";"";""
"11/02/2023";"1500";"";"";"";"";"";"";"";"";"";"";"";"";"";"";"";"";""
"11/02/2023";"1600";"";"";"";"";"";"";"";"";"";"";"";"";"";"";"";"";""
"11/02/2023";"1700";"";"";"";"";"";"";"";"";"";"";"";"";"";"";"";"";""
"11/02/2023";"1800";"";"";"";"";"";"";"";"";"";"";"";"";"";"";"";"";""
"11/02/2023";"1900";"";"";"";"";"";"";"";"";"";"";"";"";"";"";"";"";""
"11/02/2023";"2000";"";"";"";"";"";"";"";"";"";"";"";"";"";"";"";"";""
"11/02/2023";"2100";"";"";"";"";"";"";"";"";"";"";"";"";"";"";"";"";""
"11/02/2023";"2200";"";"";"";"";"";"";"";"";"";"";"";"";"";"";"";"";""
"11/02/2023";"2300";"";"";"";"";"";"";"";"";"";"";"";"";"";"";"";"";""
"12/02/2023";"0000";"";"";"";"";"";"";"";"";"";"";"";"";"";"";"";"";""
"12/02/2023";"0100";"";"";"";"";"";"";"";"";"";"";"";"";"";"";"";"";""
"12/02/2023";"0200";"";"";"";"";"";"";"";"";"";"";"";"";"";"";"";"";""
"12/02/2023";"0300";"";"";"";"";"";"";"";"";"";"";"";"";"";"";"";"";""
"12/02/2023";"0400";"";"";"";"";"";"";"";"";"";"";"";"";"";"";"";"";""
"12/02/2023";"0500";"";"";"";"";"";"";"";"";"";"";"";"";"";"";"";"";""
"12/02/2023";"0600";"";"";"";"";"";"";"";"";"";"";"";"";"";"";"";"";""
"12/02/2023";"0700";"";"";"";"";"";"";"";"";"";"";"";"";"";"";"";"";""
"12/02/2023";"0800";"";"";"";"";"";"";"";"";"";"";"";"";"";"";"";"";""
"12/02/2023";"0900";"";"";"";"";"";"";"";"";"";"";"";"";"";"";"";"";""
"12/02/2023";"1000";"";"";"";"";"";"";"";"";"";"";"";"";"";"";"";"";""
"12/02/2023";"1100";"";"";"";"";"";"";"";"";"";"";"";"";"";"";"";"";""
"12/02/2023";"1200";"";"";"";"";"";"";"";"";"";"";"";"";"";"";"";"";""
"12/02/2023";"1300";"";"";"";"";"";"";"";"";"";"";"";"";"";"";"";"";""
"12/02/2023";"1400";"";"";"";"";"";"";"";"";"";"";"";"";"";"";"";"";""
"12/02/2023";"1500";"";"";"";"";"";"";"";"";"";"";"";"";"";"";"";"";""
"12/02/2023";"1600";"";"";"";"";"";"";"";"";"";"";"";"";"";"";"";"";""
"12/02/2023";"1700";"";"";"";"";"";"";"";"";"";"";"";"";"";"";"";"";""
"12/02/2023";"1800";"";"";"";"";"";"";"";"";"";"";"";"";"";"";"";"";""
"12/02/2023";"1900";"";"";"";"";"";"";"";"";"";"";"";"";"";"";"";"";""
"12/02/2023";"2000";"";"";"";"";"";"";"";"";"";"";"";"";"";"";"";"";""
"12/02/2023";"2100";"";"";"";"";"";"";"";"";"";"";"";"";"";"";"";"";""
"12/02/2023";"2200";"";"";"";"";"";"";"";"";"";"";"";"";"";"";"";"";""
"12/02/2023";"2300";"";"";"";"";"";"";"";"";"";"";"";"";"";"";"";"";""
"13/02/2023";"0000";"";"";"";"";"";"";"";"";"";"";"";"";"";"";"";"";""
"13/02/2023";"0100";"";"";"";"";"";"";"";"";"";"";"";"";"";"";"";"";""
"13/02/2023";"0200";"";"";"";"";"";"";"";"";"";"";"";"";"";"";"";"";""
"13/02/2023";"0300";"";"";"";"";"";"";"";"";"";"";"";"";"";"";"";"";""
"13/02/2023";"0400";"";"";"";"";"";"";"";"";"";"";"";"";"";"";"";"";""
"13/02/2023";"0500";"";"";"";"";"";"";"";"";"";"";"";"";"";"";"";"";""
"13/02/2023";"0600";"";"";"";"";"";"";"";"";"";"";"";"";"";"";"";"";""
"13/02/2023";"0700";"";"";"";"";"";"";"";"";"";"";"";"";"";"";"";"";""
"13/02/2023";"0800";"";"";"";"";"";"";"";"";"";"";"";"";"";"";"";"";""
"13/02/2023";"0900";"";"";"";"";"";"";"";"";"";"";"";"";"";"";"";"";""
"13/02/2023";"1000";"";"";"";"";"";"";"";"";"";"";"";"";"";"";"";"";""
"13/02/2023";"1100";"";"";"";"";"";"";"";"";"";"";"";"";"";"";"";"";""
"13/02/2023";"1200";"";"";"";"";"";"";"";"";"";"";"";"";"";"";"";"";""
"13/02/2023";"1300";"";"";"";"";"";"";"";"";"";"";"";"";"";"";"";"";""
"13/02/2023";"1400";"";"";"";"";"";"";"";"";"";"";"";"";"";"";"";"";""
"13/02/2023";"1500";"";"";"";"";"";"";"";"";"";"";"";"";"";"";"";"";""
"13/02/2023";"1600";"";"";"";"";"";"";"";"";"";"";"";"";"";"";"";"";""
"13/02/2023";"1700";"";"";"";"";"";"";"";"";"";"";"";"";"";"";"";"";""
"13/02/2023";"1800";"";"";"";"";"";"";"";"";"";"";"";"";"";"";"";"";""
"13/02/2023";"1900";"";"";"";"";"";"";"";"";"";"";"";"";"";"";"";"";""
"13/02/2023";"2000";"";"";"";"";"";"";"";"";"";"";"";"";"";"";"";"";""
"13/02/2023";"2100";"";"";"";"";"";"";"";"";"";"";"";"";"";"";"";"";""
"13/02/2023";"2200";"";"";"";"";"";"";"";"";"";"";"";"";"";"";"";"";""
"13/02/2023";"2300";"";"";"";"";"";"";"";"";"";"";"";"";"";"";"";"";""
"14/02/2023";"0000";"";"";"";"";"";"";"";"";"";"";"";"";"";"";"";"";""
"14/02/2023";"0100";"";"";"";"";"";"";"";"";"";"";"";"";"";"";"";"";""
"14/02/2023";"0200";"";"";"";"";"";"";"";"";"";"";"";"";"";"";"";"";""
"14/02/2023";"0300";"";"";"";"";"";"";"";"";"";"";"";"";"";"";"";"";""
"14/02/2023";"0400";"";"";"";"";"";"";"";"";"";"";"";"";"";"";"";"";""
"14/02/2023";"0500";"";"";"";"";"";"";"";"";"";"";"";"";"";"";"";"";""
"14/02/2023";"0600";"";"";"";"";"";"";"";"";"";"";"";"";"";"";"";"";""
"14/02/2023";"0700";"";"";"";"";"";"";"";"";"";"";"";"";"";"";"";"";""
"14/02/2023";"0800";"";"";"";"";"";"";"";"";"";"";"";"";"";"";"";"";""
"14/02/2023";"0900";"";"";"";"";"";"";"";"";"";"";"";"";"";"";"";"";""
"14/02/2023";"1000";"";"";"";"";"";"";"";"";"";"";"";"";"";"";"";"";""
"14/02/2023";"1100";"";"";"";"";"";"";"";"";"";"";"";"";"";"";"";"";""
"14/02/2023";"1200";"";"";"";"";"";"";"";"";"";"";"";"";"";"";"";"";""
"14/02/2023";"1300";"";"";"";"";"";"";"";"";"";"";"";"";"";"";"";"";""
"14/02/2023";"1400";"";"";"";"";"";"";"";"";"";"";"";"";"";"";"";"";""
"14/02/2023";"1500";"";"";"";"";"";"";"";"";"";"";"";"";"";"";"";"";""
"14/02/2023";"1600";"";"";"";"";"";"";"";"";"";"";"";"";"";"";"";"";""
"14/02/2023";"1700";"";"";"";"";"";"";"";"";"";"";"";"";"";"";"";"";""
"14/02/2023";"1800";"";"";"";"";"";"";"";"";"";"";"";"";"";"";"";"";""
"14/02/2023";"1900";"";"";"";"";"";"";"";"";"";"";"";"";"";"";"";"";""
"14/02/2023";"2000";"";"";"";"";"";"";"";"";"";"";"";"";"";"";"";"";""
"14/02/2023";"2100";"";"";"";"";"";"";"";"";"";"";"";"";"";"";"";"";""
"14/02/2023";"2200";"";"";"";"";"";"";"";"";"";"";"";"";"";"";"";"";""
"14/02/2023";"2300";"";"";"";"";"";"";"";"";"";"";"";"";"";"";"";"";""
"15/02/2023";"0000";"";"";"";"";"";"";"";"";"";"";"";"";"";"";"";"";""
"15/02/2023";"0100";"";"";"";"";"";"";"";"";"";"";"";"";"";"";"";"";""
"15/02/2023";"0200";"";"";"";"";"";"";"";"";"";"";"";"";"";"";"";"";""
"15/02/2023";"0300";"";"";"";"";"";"";"";"";"";"";"";"";"";"";"";"";""
"15/02/2023";"0400";"";"";"";"";"";"";"";"";"";"";"";"";"";"";"";"";""
"15/02/2023";"0500";"";"";"";"";"";"";"";"";"";"";"";"";"";"";"";"";""
"15/02/2023";"0600";"";"";"";"";"";"";"";"";"";"";"";"";"";"";"";"";""
"15/02/2023";"0700";"";"";"";"";"";"";"";"";"";"";"";"";"";"";"";"";""
"15/02/2023";"0800";"";"";"";"";"";"";"";"";"";"";"";"";"";"";"";"";""
"15/02/2023";"0900";"";"";"";"";"";"";"";"";"";"";"";"";"";"";"";"";""
"15/02/2023";"1000";"";"";"";"";"";"";"";"";"";"";"";"";"";"";"";"";""
"15/02/2023";"1100";"";"";"";"";"";"";"";"";"";"";"";"";"";"";"";"";""
"15/02/2023";"1200";"";"";"";"";"";"";"";"";"";"";"";"";"";"";"";"";""
"15/02/2023";"1300";"";"";"";"";"";"";"";"";"";"";"";"";"";"";"";"";""
"15/02/2023";"1400";"";"";"";"";"";"";"";"";"";"";"";"";"";"";"";"";""
"15/02/2023";"1500";"";"";"";"";"";"";"";"";"";"";"";"";"";"";"";"";""
"15/02/2023";"1600";"";"";"";"";"";"";"";"";"";"";"";"";"";"";"";"";""
"15/02/2023";"1700";"";"";"";"";"";"";"";"";"";"";"";"";"";"";"";"";""
"15/02/2023";"1800";"";"";"";"";"";"";"";"";"";"";"";"";"";"";"";"";""
"15/02/2023";"1900";"";"";"";"";"";"";"";"";"";"";"";"";"";"";"";"";""
"15/02/2023";"2000";"";"";"";"";"";"";"";"";"";"";"";"";"";"";"";"";""
"15/02/2023";"2100";"";"";"";"";"";"";"";"";"";"";"";"";"";"";"";"";""
"15/02/2023";"2200";"";"";"";"";"";"";"";"";"";"";"";"";"";"";"";"";""
"15/02/2023";"2300";"";"";"";"";"";"";"";"";"";"";"";"";"";"";"";"";""
"16/02/2023";"0000";"";"";"";"";"";"";"";"";"";"";"";"";"";"";"";"";""
"16/02/2023";"0100";"";"";"";"";"";"";"";"";"";"";"";"";"";"";"";"";""
"16/02/2023";"0200";"";"";"";"";"";"";"";"";"";"";"";"";"";"";"";"";""
"16/02/2023";"0300";"";"";"";"";"";"";"";"";"";"";"";"";"";"";"";"";""
"16/02/2023";"0400";"";"";"";"";"";"";"";"";"";"";"";"";"";"";"";"";""
"16/02/2023";"0500";"";"";"";"";"";"";"";"";"";"";"";"";"";"";"";"";""
"16/02/2023";"0600";"";"";"";"";"";"";"";"";"";"";"";"";"";"";"";"";""
"16/02/2023";"0700";"";"";"";"";"";"";"";"";"";"";"";"";"";"";"";"";""
"16/02/2023";"0800";"";"";"";"";"";"";"";"";"";"";"";"";"";"";"";"";""
"16/02/2023";"0900";"";"";"";"";"";"";"";"";"";"";"";"";"";"";"";"";""
"16/02/2023";"1000";"";"";"";"";"";"";"";"";"";"";"";"";"";"";"";"";""
"16/02/2023";"1100";"";"";"";"";"";"";"";"";"";"";"";"";"";"";"";"";""
"16/02/2023";"1200";"";"";"";"";"";"";"";"";"";"";"";"";"";"";"";"";""
"16/02/2023";"1300";"";"";"";"";"";"";"";"";"";"";"";"";"";"";"";"";""
"16/02/2023";"1400";"";"";"";"";"";"";"";"";"";"";"";"";"";"";"";"";""
"16/02/2023";"1500";"";"";"";"";"";"";"";"";"";"";"";"";"";"";"";"";""
"16/02/2023";"1600";"";"";"";"";"";"";"";"";"";"";"";"";"";"";"";"";""
"16/02/2023";"1700";"";"";"";"";"";"";"";"";"";"";"";"";"";"";"";"";""
"16/02/2023";"1800";"";"";"";"";"";"";"";"";"";"";"";"";"";"";"";"";""
"16/02/2023";"1900";"";"";"";"";"";"";"";"";"";"";"";"";"";"";"";"";""
"16/02/2023";"2000";"";"";"";"";"";"";"";"";"";"";"";"";"";"";"";"";""
"16/02/2023";"2100";"";"";"";"";"";"";"";"";"";"";"";"";"";"";"";"";""
"16/02/2023";"2200";"";"";"";"";"";"";"";"";"";"";"";"";"";"";"";"";""
"16/02/2023";"2300";"";"";"";"";"";"";"";"";"";"";"";"";"";"";"";"";""
"17/02/2023";"0000";"";"";"";"";"";"";"";"";"";"";"";"";"";"";"";"";""
"17/02/2023";"0100";"";"";"";"";"";"";"";"";"";"";"";"";"";"";"";"";""
"17/02/2023";"0200";"";"";"";"";"";"";"";"";"";"";"";"";"";"";"";"";""
"17/02/2023";"0300";"";"";"";"";"";"";"";"";"";"";"";"";"";"";"";"";""
"17/02/2023";"0400";"";"";"";"";"";"";"";"";"";"";"";"";"";"";"";"";""
"17/02/2023";"0500";"";"";"";"";"";"";"";"";"";"";"";"";"";"";"";"";""
"17/02/2023";"0600";"";"";"";"";"";"";"";"";"";"";"";"";"";"";"";"";""
"17/02/2023";"0700";"";"";"";"";"";"";"";"";"";"";"";"";"";"";"";"";""
"17/02/2023";"0800";"";"";"";"";"";"";"";"";"";"";"";"";"";"";"";"";""
"17/02/2023";"0900";"";"";"";"";"";"";"";"";"";"";"";"";"";"";"";"";""
"17/02/2023";"1000";"";"";"";"";"";"";"";"";"";"";"";"";"";"";"";"";""
"17/02/2023";"1100";"";"";"";"";"";"";"";"";"";"";"";"";"";"";"";"";""
"17/02/2023";"1200";"";"";"";"";"";"";"";"";"";"";"";"";"";"";"";"";""
"17/02/2023";"1300";"";"";"";"";"";"";"";"";"";"";"";"";"";"";"";"";""
"17/02/2023";"1400";"";"";"";"";"";"";"";"";"";"";"";"";"";"";"";"";""
"17/02/2023";"1500";"";"";"";"";"";"";"";"";"";"";"";"";"";"";"";"";""
"17/02/2023";"1600";"";"";"";"";"";"";"";"";"";"";"";"";"";"";"";"";""
"17/02/2023";"1700";"";"";"";"";"";"";"";"";"";"";"";"";"";"";"";"";""
"17/02/2023";"1800";"";"";"";"";"";"";"";"";"";"";"";"";"";"";"";"";""
"17/02/2023";"1900";"";"";"";"";"";"";"";"";"";"";"";"";"";"";"";"";""
"17/02/2023";"2000";"";"";"";"";"";"";"";"";"";"";"";"";"";"";"";"";""
"17/02/2023";"2100";"";"";"";"";"";"";"";"";"";"";"";"";"";"";"";"";""
"17/02/2023";"2200";"";"";"";"";"";"";"";"";"";"";"";"";"";"";"";"";""
"17/02/2023";"2300";"";"";"";"";"";"";"";"";"";"";"";"";"";"";"";"";""
"18/02/2023";"0000";"";"";"";"";"";"";"";"";"";"";"";"";"";"";"";"";""
"18/02/2023";"0100";"";"";"";"";"";"";"";"";"";"";"";"";"";"";"";"";""
"18/02/2023";"0200";"";"";"";"";"";"";"";"";"";"";"";"";"";"";"";"";""
"18/02/2023";"0300";"";"";"";"";"";"";"";"";"";"";"";"";"";"";"";"";""
"18/02/2023";"0400";"";"";"";"";"";"";"";"";"";"";"";"";"";"";"";"";""
"18/02/2023";"0500";"";"";"";"";"";"";"";"";"";"";"";"";"";"";"";"";""
"18/02/2023";"0600";"";"";"";"";"";"";"";"";"";"";"";"";"";"";"";"";""
"18/02/2023";"0700";"";"";"";"";"";"";"";"";"";"";"";"";"";"";"";"";""
"18/02/2023";"0800";"";"";"";"";"";"";"";"";"";"";"";"";"";"";"";"";""
"18/02/2023";"0900";"";"";"";"";"";"";"";"";"";"";"";"";"";"";"";"";""
"18/02/2023";"1000";"";"";"";"";"";"";"";"";"";"";"";"";"";"";"";"";""
"18/02/2023";"1100";"";"";"";"";"";"";"";"";"";"";"";"";"";"";"";"";""
"18/02/2023";"1200";"";"";"";"";"";"";"";"";"";"";"";"";"";"";"";"";""
"18/02/2023";"1300";"";"";"";"";"";"";"";"";"";"";"";"";"";"";"";"";""
"18/02/2023";"1400";"";"";"";"";"";"";"";"";"";"";"";"";"";"";"";"";""
"18/02/2023";"1500";"";"";"";"";"";"";"";"";"";"";"";"";"";"";"";"";""
"18/02/2023";"1600";"";"";"";"";"";"";"";"";"";"";"";"";"";"";"";"";""
"18/02/2023";"1700";"";"";"";"";"";"";"";"";"";"";"";"";"";"";"";"";""
"18/02/2023";"1800";"";"";"";"";"";"";"";"";"";"";"";"";"";"";"";"";""
"18/02/2023";"1900";"";"";"";"";"";"";"";"";"";"";"";"";"";"";"";"";""
"18/02/2023";"2000";"";"";"";"";"";"";"";"";"";"";"";"";"";"";"";"";""
"18/02/2023";"2100";"";"";"";"";"";"";"";"";"";"";"";"";"";"";"";"";""
"18/02/2023";"2200";"";"";"";"";"";"";"";"";"";"";"";"";"";"";"";"";""
"18/02/2023";"2300";"";"";"";"";"";"";"";"";"";"";"";"";"";"";"";"";""
"19/02/2023";"0000";"";"";"";"";"";"";"";"";"";"";"";"";"";"";"";"";""
"19/02/2023";"0100";"";"";"";"";"";"";"";"";"";"";"";"";"";"";"";"";""
"19/02/2023";"0200";"";"";"";"";"";"";"";"";"";"";"";"";"";"";"";"";""
"19/02/2023";"0300";"";"";"";"";"";"";"";"";"";"";"";"";"";"";"";"";""
"19/02/2023";"0400";"";"";"";"";"";"";"";"";"";"";"";"";"";"";"";"";""
"19/02/2023";"0500";"";"";"";"";"";"";"";"";"";"";"";"";"";"";"";"";""
"19/02/2023";"0600";"";"";"";"";"";"";"";"";"";"";"";"";"";"";"";"";""
"19/02/2023";"0700";"";"";"";"";"";"";"";"";"";"";"";"";"";"";"";"";""
"19/02/2023";"0800";"";"";"";"";"";"";"";"";"";"";"";"";"";"";"";"";""
"19/02/2023";"0900";"";"";"";"";"";"";"";"";"";"";"";"";"";"";"";"";""
"19/02/2023";"1000";"";"";"";"";"";"";"";"";"";"";"";"";"";"";"";"";""
"19/02/2023";"1100";"";"";"";"";"";"";"";"";"";"";"";"";"";"";"";"";""
"19/02/2023";"1200";"";"";"";"";"";"";"";"";"";"";"";"";"";"";"";"";""
"19/02/2023";"1300";"";"";"";"";"";"";"";"";"";"";"";"";"";"";"";"";""
"19/02/2023";"1400";"";"";"";"";"";"";"";"";"";"";"";"";"";"";"";"";""
"19/02/2023";"1500";"";"";"";"";"";"";"";"";"";"";"";"";"";"";"";"";""
"19/02/2023";"1600";"";"";"";"";"";"";"";"";"";"";"";"";"";"";"";"";""
"19/02/2023";"1700";"";"";"";"";"";"";"";"";"";"";"";"";"";"";"";"";""
"19/02/2023";"1800";"";"";"";"";"";"";"";"";"";"";"";"";"";"";"";"";""
"19/02/2023";"1900";"";"";"";"";"";"";"";"";"";"";"";"";"";"";"";"";""
"19/02/2023";"2000";"";"";"";"";"";"";"";"";"";"";"";"";"";"";"";"";""
"19/02/2023";"2100";"";"";"";"";"";"";"";"";"";"";"";"";"";"";"";"";""
"19/02/2023";"2200";"";"";"";"";"";"";"";"";"";"";"";"";"";"";"";"";""
"19/02/2023";"2300";"";"";"";"";"";"";"";"";"";"";"";"";"";"";"";"";""
"20/02/2023";"0000";"";"";"";"";"";"";"";"";"";"";"";"";"";"";"";"";""
"20/02/2023";"0100";"";"";"";"";"";"";"";"";"";"";"";"";"";"";"";"";""
"20/02/2023";"0200";"";"";"";"";"";"";"";"";"";"";"";"";"";"";"";"";""
"20/02/2023";"0300";"";"";"";"";"";"";"";"";"";"";"";"";"";"";"";"";""
"20/02/2023";"0400";"";"";"";"";"";"";"";"";"";"";"";"";"";"";"";"";""
"20/02/2023";"0500";"";"";"";"";"";"";"";"";"";"";"";"";"";"";"";"";""
"20/02/2023";"0600";"";"";"";"";"";"";"";"";"";"";"";"";"";"";"";"";""
"20/02/2023";"0700";"";"";"";"";"";"";"";"";"";"";"";"";"";"";"";"";""
"20/02/2023";"0800";"";"";"";"";"";"";"";"";"";"";"";"";"";"";"";"";""
"20/02/2023";"0900";"";"";"";"";"";"";"";"";"";"";"";"";"";"";"";"";""
"20/02/2023";"1000";"";"";"";"";"";"";"";"";"";"";"";"";"";"";"";"";""
"20/02/2023";"1100";"";"";"";"";"";"";"";"";"";"";"";"";"";"";"";"";""
"20/02/2023";"1200";"";"";"";"";"";"";"";"";"";"";"";"";"";"";"";"";""
"20/02/2023";"1300";"";"";"";"";"";"";"";"";"";"";"";"";"";"";"";"";""
"20/02/2023";"1400";"";"";"";"";"";"";"";"";"";"";"";"";"";"";"";"";""
"20/02/2023";"1500";"";"";"";"";"";"";"";"";"";"";"";"";"";"";"";"";""
"20/02/2023";"1600";"";"";"";"";"";"";"";"";"";"";"";"";"";"";"";"";""
"20/02/2023";"1700";"";"";"";"";"";"";"";"";"";"";"";"";"";"";"";"";""
"20/02/2023";"1800";"";"";"";"";"";"";"";"";"";"";"";"";"";"";"";"";""
"20/02/2023";"1900";"";"";"";"";"";"";"";"";"";"";"";"";"";"";"";"";""
"20/02/2023";"2000";"";"";"";"";"";"";"";"";"";"";"";"";"";"";"";"";""
"20/02/2023";"2100";"";"";"";"";"";"";"";"";"";"";"";"";"";"";"";"";""
"20/02/2023";"2200";"";"";"";"";"";"";"";"";"";"";"";"";"";"";"";"";""
"20/02/2023";"2300";"";"";"";"";"";"";"";"";"";"";"";"";"";"";"";"";""
"21/02/2023";"0000";"";"";"";"";"";"";"";"";"";"";"";"";"";"";"";"";""
"21/02/2023";"0100";"";"";"";"";"";"";"";"";"";"";"";"";"";"";"";"";""
"21/02/2023";"0200";"";"";"";"";"";"";"";"";"";"";"";"";"";"";"";"";""
"21/02/2023";"0300";"";"";"";"";"";"";"";"";"";"";"";"";"";"";"";"";""
"21/02/2023";"0400";"";"";"";"";"";"";"";"";"";"";"";"";"";"";"";"";""
"21/02/2023";"0500";"";"";"";"";"";"";"";"";"";"";"";"";"";"";"";"";""
"21/02/2023";"0600";"";"";"";"";"";"";"";"";"";"";"";"";"";"";"";"";""
"21/02/2023";"0700";"";"";"";"";"";"";"";"";"";"";"";"";"";"";"";"";""
"21/02/2023";"0800";"";"";"";"";"";"";"";"";"";"";"";"";"";"";"";"";""
"21/02/2023";"0900";"";"";"";"";"";"";"";"";"";"";"";"";"";"";"";"";""
"21/02/2023";"1000";"";"";"";"";"";"";"";"";"";"";"";"";"";"";"";"";""
"21/02/2023";"1100";"";"";"";"";"";"";"";"";"";"";"";"";"";"";"";"";""
"21/02/2023";"1200";"";"";"";"";"";"";"";"";"";"";"";"";"";"";"";"";""
"21/02/2023";"1300";"";"";"";"";"";"";"";"";"";"";"";"";"";"";"";"";""
"21/02/2023";"1400";"";"";"";"";"";"";"";"";"";"";"";"";"";"";"";"";""
"21/02/2023";"1500";"";"";"";"";"";"";"";"";"";"";"";"";"";"";"";"";""
"21/02/2023";"1600";"";"";"";"";"";"";"";"";"";"";"";"";"";"";"";"";""
"21/02/2023";"1700";"";"";"";"";"";"";"";"";"";"";"";"";"";"";"";"";""
"21/02/2023";"1800";"";"";"";"";"";"";"";"";"";"";"";"";"";"";"";"";""
"21/02/2023";"1900";"";"";"";"";"";"";"";"";"";"";"";"";"";"";"";"";""
"21/02/2023";"2000";"";"";"";"";"";"";"";"";"";"";"";"";"";"";"";"";""
"21/02/2023";"2100";"";"";"";"";"";"";"";"";"";"";"";"";"";"";"";"";""
"21/02/2023";"2200";"";"";"";"";"";"";"";"";"";"";"";"";"";"";"";"";""
"21/02/2023";"2300";"";"";"";"";"";"";"";"";"";"";"";"";"";"";"";"";""
"22/02/2023";"0000";"";"";"";"";"";"";"";"";"";"";"";"";"";"";"";"";""
"22/02/2023";"0100";"";"";"";"";"";"";"";"";"";"";"";"";"";"";"";"";""
"22/02/2023";"0200";"";"";"";"";"";"";"";"";"";"";"";"";"";"";"";"";""
"22/02/2023";"0300";"";"";"";"";"";"";"";"";"";"";"";"";"";"";"";"";""
"22/02/2023";"0400";"";"";"";"";"";"";"";"";"";"";"";"";"";"";"";"";""
"22/02/2023";"0500";"";"";"";"";"";"";"";"";"";"";"";"";"";"";"";"";""
"22/02/2023";"0600";"";"";"";"";"";"";"";"";"";"";"";"";"";"";"";"";""
"22/02/2023";"0700";"";"";"";"";"";"";"";"";"";"";"";"";"";"";"";"";""
"22/02/2023";"0800";"";"";"";"";"";"";"";"";"";"";"";"";"";"";"";"";""
"22/02/2023";"0900";"";"";"";"";"";"";"";"";"";"";"";"";"";"";"";"";""
"22/02/2023";"1000";"";"";"";"";"";"";"";"";"";"";"";"";"";"";"";"";""
"22/02/2023";"1100";"";"";"";"";"";"";"";"";"";"";"";"";"";"";"";"";""
"22/02/2023";"1200";"";"";"";"";"";"";"";"";"";"";"";"";"";"";"";"";""
"22/02/2023";"1300";"";"";"";"";"";"";"";"";"";"";"";"";"";"";"";"";""
"22/02/2023";"1400";"";"";"";"";"";"";"";"";"";"";"";"";"";"";"";"";""
"22/02/2023";"1500";"";"";"";"";"";"";"";"";"";"";"";"";"";"";"";"";""
"22/02/2023";"1600";"";"";"";"";"";"";"";"";"";"";"";"";"";"";"";"";""
"22/02/2023";"1700";"";"";"";"";"";"";"";"";"";"";"";"";"";"";"";"";""
"22/02/2023";"1800";"";"";"";"";"";"";"";"";"";"";"";"";"";"";"";"";""
"22/02/2023";"1900";"";"";"";"";"";"";"";"";"";"";"";"";"";"";"";"";""
"22/02/2023";"2000";"";"";"";"";"";"";"";"";"";"";"";"";"";"";"";"";""
"22/02/2023";"2100";"";"";"";"";"";"";"";"";"";"";"";"";"";"";"";"";""
"22/02/2023";"2200";"";"";"";"";"";"";"";"";"";"";"";"";"";"";"";"";""
"22/02/2023";"2300";"";"";"";"";"";"";"";"";"";"";"";"";"";"";"";"";""
"23/02/2023";"0000";"";"";"";"";"";"";"";"";"";"";"";"";"";"";"";"";""
"23/02/2023";"0100";"";"";"";"";"";"";"";"";"";"";"";"";"";"";"";"";""
"23/02/2023";"0200";"";"";"";"";"";"";"";"";"";"";"";"";"";"";"";"";""
"23/02/2023";"0300";"";"";"";"";"";"";"";"";"";"";"";"";"";"";"";"";""
"23/02/2023";"0400";"";"";"";"";"";"";"";"";"";"";"";"";"";"";"";"";""
"23/02/2023";"0500";"";"";"";"";"";"";"";"";"";"";"";"";"";"";"";"";""
"23/02/2023";"0600";"";"";"";"";"";"";"";"";"";"";"";"";"";"";"";"";""
"23/02/2023";"0700";"";"";"";"";"";"";"";"";"";"";"";"";"";"";"";"";""
"23/02/2023";"0800";"";"";"";"";"";"";"";"";"";"";"";"";"";"";"";"";""
"23/02/2023";"0900";"";"";"";"";"";"";"";"";"";"";"";"";"";"";"";"";""
"23/02/2023";"1000";"";"";"";"";"";"";"";"";"";"";"";"";"";"";"";"";""
"23/02/2023";"1100";"";"";"";"";"";"";"";"";"";"";"";"";"";"";"";"";""
"23/02/2023";"1200";"";"";"";"";"";"";"";"";"";"";"";"";"";"";"";"";""
"23/02/2023";"1300";"";"";"";"";"";"";"";"";"";"";"";"";"";"";"";"";""
"23/02/2023";"1400";"";"";"";"";"";"";"";"";"";"";"";"";"";"";"";"";""
"23/02/2023";"1500";"";"";"";"";"";"";"";"";"";"";"";"";"";"";"";"";""
"23/02/2023";"1600";"";"";"";"";"";"";"";"";"";"";"";"";"";"";"";"";""
"23/02/2023";"1700";"";"";"";"";"";"";"";"";"";"";"";"";"";"";"";"";""
"23/02/2023";"1800";"";"";"";"";"";"";"";"";"";"";"";"";"";"";"";"";""
"23/02/2023";"1900";"";"";"";"";"";"";"";"";"";"";"";"";"";"";"";"";""
"23/02/2023";"2000";"";"";"";"";"";"";"";"";"";"";"";"";"";"";"";"";""
"23/02/2023";"2100";"";"";"";"";"";"";"";"";"";"";"";"";"";"";"";"";""
"23/02/2023";"2200";"";"";"";"";"";"";"";"";"";"";"";"";"";"";"";"";""
"23/02/2023";"2300";"";"";"";"";"";"";"";"";"";"";"";"";"";"";"";"";""
"24/02/2023";"0000";"";"";"";"";"";"";"";"";"";"";"";"";"";"";"";"";""
"24/02/2023";"0100";"";"";"";"";"";"";"";"";"";"";"";"";"";"";"";"";""
"24/02/2023";"0200";"";"";"";"";"";"";"";"";"";"";"";"";"";"";"";"";""
"24/02/2023";"0300";"";"";"";"";"";"";"";"";"";"";"";"";"";"";"";"";""
"24/02/2023";"0400";"";"";"";"";"";"";"";"";"";"";"";"";"";"";"";"";""
"24/02/2023";"0500";"";"";"";"";"";"";"";"";"";"";"";"";"";"";"";"";""
"24/02/2023";"0600";"";"";"";"";"";"";"";"";"";"";"";"";"";"";"";"";""
"24/02/2023";"0700";"";"";"";"";"";"";"";"";"";"";"";"";"";"";"";"";""
"24/02/2023";"0800";"";"";"";"";"";"";"";"";"";"";"";"";"";"";"";"";""
"24/02/2023";"0900";"";"";"";"";"";"";"";"";"";"";"";"";"";"";"";"";""
"24/02/2023";"1000";"";"";"";"";"";"";"";"";"";"";"";"";"";"";"";"";""
"24/02/2023";"1100";"";"";"";"";"";"";"";"";"";"";"";"";"";"";"";"";""
"24/02/2023";"1200";"";"";"";"";"";"";"";"";"";"";"";"";"";"";"";"";""
"24/02/2023";"1300";"";"";"";"";"";"";"";"";"";"";"";"";"";"";"";"";""
"24/02/2023";"1400";"";"";"";"";"";"";"";"";"";"";"";"";"";"";"";"";""
"24/02/2023";"1500";"";"";"";"";"";"";"";"";"";"";"";"";"";"";"";"";""
"24/02/2023";"1600";"";"";"";"";"";"";"";"";"";"";"";"";"";"";"";"";""
"24/02/2023";"1700";"";"";"";"";"";"";"";"";"";"";"";"";"";"";"";"";""
"24/02/2023";"1800";"";"";"";"";"";"";"";"";"";"";"";"";"";"";"";"";""
"24/02/2023";"1900";"";"";"";"";"";"";"";"";"";"";"";"";"";"";"";"";""
"24/02/2023";"2000";"";"";"";"";"";"";"";"";"";"";"";"";"";"";"";"";""
"24/02/2023";"2100";"";"";"";"";"";"";"";"";"";"";"";"";"";"";"";"";""
"24/02/2023";"2200";"";"";"";"";"";"";"";"";"";"";"";"";"";"";"";"";""
"24/02/2023";"2300";"";"";"";"";"";"";"";"";"";"";"";"";"";"";"";"";""
"25/02/2023";"0000";"";"";"";"";"";"";"";"";"";"";"";"";"";"";"";"";""
"25/02/2023";"0100";"";"";"";"";"";"";"";"";"";"";"";"";"";"";"";"";""
"25/02/2023";"0200";"";"";"";"";"";"";"";"";"";"";"";"";"";"";"";"";""
"25/02/2023";"0300";"";"";"";"";"";"";"";"";"";"";"";"";"";"";"";"";""
"25/02/2023";"0400";"";"";"";"";"";"";"";"";"";"";"";"";"";"";"";"";""
"25/02/2023";"0500";"";"";"";"";"";"";"";"";"";"";"";"";"";"";"";"";""
"25/02/2023";"0600";"";"";"";"";"";"";"";"";"";"";"";"";"";"";"";"";""
"25/02/2023";"0700";"";"";"";"";"";"";"";"";"";"";"";"";"";"";"";"";""
"25/02/2023";"0800";"";"";"";"";"";"";"";"";"";"";"";"";"";"";"";"";""
"25/02/2023";"0900";"";"";"";"";"";"";"";"";"";"";"";"";"";"";"";"";""
"25/02/2023";"1000";"";"";"";"";"";"";"";"";"";"";"";"";"";"";"";"";""
"25/02/2023";"1100";"";"";"";"";"";"";"";"";"";"";"";"";"";"";"";"";""
"25/02/2023";"1200";"";"";"";"";"";"";"";"";"";"";"";"";"";"";"";"";""
"25/02/2023";"1300";"";"";"";"";"";"";"";"";"";"";"";"";"";"";"";"";""
"25/02/2023";"1400";"";"";"";"";"";"";"";"";"";"";"";"";"";"";"";"";""
"25/02/2023";"1500";"";"";"";"";"";"";"";"";"";"";"";"";"";"";"";"";""
"25/02/2023";"1600";"";"";"";"";"";"";"";"";"";"";"";"";"";"";"";"";""
"25/02/2023";"1700";"";"";"";"";"";"";"";"";"";"";"";"";"";"";"";"";""
"25/02/2023";"1800";"";"";"";"";"";"";"";"";"";"";"";"";"";"";"";"";""
"25/02/2023";"1900";"";"";"";"";"";"";"";"";"";"";"";"";"";"";"";"";""
"25/02/2023";"2000";"";"";"";"";"";"";"";"";"";"";"";"";"";"";"";"";""
"25/02/2023";"2100";"";"";"";"";"";"";"";"";"";"";"";"";"";"";"";"";""
"25/02/2023";"2200";"";"";"";"";"";"";"";"";"";"";"";"";"";"";"";"";""
"25/02/2023";"2300";"";"";"";"";"";"";"";"";"";"";"";"";"";"";"";"";""
"26/02/2023";"0000";"";"";"";"";"";"";"";"";"";"";"";"";"";"";"";"";""
"26/02/2023";"0100";"";"";"";"";"";"";"";"";"";"";"";"";"";"";"";"";""
"26/02/2023";"0200";"";"";"";"";"";"";"";"";"";"";"";"";"";"";"";"";""
"26/02/2023";"0300";"";"";"";"";"";"";"";"";"";"";"";"";"";"";"";"";""
"26/02/2023";"0400";"";"";"";"";"";"";"";"";"";"";"";"";"";"";"";"";""
"26/02/2023";"0500";"";"";"";"";"";"";"";"";"";"";"";"";"";"";"";"";""
"26/02/2023";"0600";"";"";"";"";"";"";"";"";"";"";"";"";"";"";"";"";""
"26/02/2023";"0700";"";"";"";"";"";"";"";"";"";"";"";"";"";"";"";"";""
"26/02/2023";"0800";"";"";"";"";"";"";"";"";"";"";"";"";"";"";"";"";""
"26/02/2023";"0900";"";"";"";"";"";"";"";"";"";"";"";"";"";"";"";"";""
"26/02/2023";"1000";"";"";"";"";"";"";"";"";"";"";"";"";"";"";"";"";""
"26/02/2023";"1100";"";"";"";"";"";"";"";"";"";"";"";"";"";"";"";"";""
"26/02/2023";"1200";"";"";"";"";"";"";"";"";"";"";"";"";"";"";"";"";""
"26/02/2023";"1300";"";"";"";"";"";"";"";"";"";"";"";"";"";"";"";"";""
"26/02/2023";"1400";"";"";"";"";"";"";"";"";"";"";"";"";"";"";"";"";""
"26/02/2023";"1500";"";"";"";"";"";"";"";"";"";"";"";"";"";"";"";"";""
"26/02/2023";"1600";"";"";"";"";"";"";"";"";"";"";"";"";"";"";"";"";""
"26/02/2023";"1700";"";"";"";"";"";"";"";"";"";"";"";"";"";"";"";"";""
"26/02/2023";"1800";"";"";"";"";"";"";"";"";"";"";"";"";"";"";"";"";""
"26/02/2023";"1900";"";"";"";"";"";"";"";"";"";"";"";"";"";"";"";"";""
"26/02/2023";"2000";"";"";"";"";"";"";"";"";"";"";"";"";"";"";"";"";""
"26/02/2023";"2100";"";"";"";"";"";"";"";"";"";"";"";"";"";"";"";"";""
"26/02/2023";"2200";"";"";"";"";"";"";"";"";"";"";"";"";"";"";"";"";""
"26/02/2023";"2300";"";"";"";"";"";"";"";"";"";"";"";"";"";"";"";"";""
"27/02/2023";"0000";"";"";"";"";"";"";"";"";"";"";"";"";"";"";"";"";""
"27/02/2023";"0100";"";"";"";"";"";"";"";"";"";"";"";"";"";"";"";"";""
"27/02/2023";"0200";"";"";"";"";"";"";"";"";"";"";"";"";"";"";"";"";""
"27/02/2023";"0300";"";"";"";"";"";"";"";"";"";"";"";"";"";"";"";"";""
"27/02/2023";"0400";"";"";"";"";"";"";"";"";"";"";"";"";"";"";"";"";""
"27/02/2023";"0500";"";"";"";"";"";"";"";"";"";"";"";"";"";"";"";"";""
"27/02/2023";"0600";"";"";"";"";"";"";"";"";"";"";"";"";"";"";"";"";""
"27/02/2023";"0700";"";"";"";"";"";"";"";"";"";"";"";"";"";"";"";"";""
"27/02/2023";"0800";"";"";"";"";"";"";"";"";"";"";"";"";"";"";"";"";""
"27/02/2023";"0900";"";"";"";"";"";"";"";"";"";"";"";"";"";"";"";"";""
"27/02/2023";"1000";"";"";"";"";"";"";"";"";"";"";"";"";"";"";"";"";""
"27/02/2023";"1100";"";"";"";"";"";"";"";"";"";"";"";"";"";"";"";"";""
"27/02/2023";"1200";"";"";"";"";"";"";"";"";"";"";"";"";"";"";"";"";""
"27/02/2023";"1300";"";"";"";"";"";"";"";"";"";"";"";"";"";"";"";"";""
"27/02/2023";"1400";"";"";"";"";"";"";"";"";"";"";"";"";"";"";"";"";""
"27/02/2023";"1500";"";"";"";"";"";"";"";"";"";"";"";"";"";"";"";"";""
"27/02/2023";"1600";"";"";"";"";"";"";"";"";"";"";"";"";"";"";"";"";""
"27/02/2023";"1700";"";"";"";"";"";"";"";"";"";"";"";"";"";"";"";"";""
"27/02/2023";"1800";"";"";"";"";"";"";"";"";"";"";"";"";"";"";"";"";""
"27/02/2023";"1900";"";"";"";"";"";"";"";"";"";"";"";"";"";"";"";"";""
"27/02/2023";"2000";"";"";"";"";"";"";"";"";"";"";"";"";"";"";"";"";""
"27/02/2023";"2100";"";"";"";"";"";"";"";"";"";"";"";"";"";"";"";"";""
"27/02/2023";"2200";"";"";"";"";"";"";"";"";"";"";"";"";"";"";"";"";""
"27/02/2023";"2300";"";"";"";"";"";"";"";"";"";"";"";"";"";"";"";"";""
"28/02/2023";"0000";"";"";"";"";"";"";"";"";"";"";"";"";"";"";"";"";""
"28/02/2023";"0100";"";"";"";"";"";"";"";"";"";"";"";"";"";"";"";"";""
"28/02/2023";"0200";"";"";"";"";"";"";"";"";"";"";"";"";"";"";"";"";""
"28/02/2023";"0300";"";"";"";"";"";"";"";"";"";"";"";"";"";"";"";"";""
"28/02/2023";"0400";"";"";"";"";"";"";"";"";"";"";"";"";"";"";"";"";""
"28/02/2023";"0500";"";"";"";"";"";"";"";"";"";"";"";"";"";"";"";"";""
"28/02/2023";"0600";"";"";"";"";"";"";"";"";"";"";"";"";"";"";"";"";""
"28/02/2023";"0700";"";"";"";"";"";"";"";"";"";"";"";"";"";"";"";"";""
"28/02/2023";"0800";"";"";"";"";"";"";"";"";"";"";"";"";"";"";"";"";""
"28/02/2023";"0900";"";"";"";"";"";"";"";"";"";"";"";"";"";"";"";"";""
"28/02/2023";"1000";"";"";"";"";"";"";"";"";"";"";"";"";"";"";"";"";""
"28/02/2023";"1100";"";"";"";"";"";"";"";"";"";"";"";"";"";"";"";"";""
"28/02/2023";"1200";"";"";"";"";"";"";"";"";"";"";"";"";"";"";"";"";""
"28/02/2023";"1300";"";"";"";"";"";"";"";"";"";"";"";"";"";"";"";"";""
"28/02/2023";"1400";"";"";"";"";"";"";"";"";"";"";"";"";"";"";"";"";""
"28/02/2023";"1500";"";"";"";"";"";"";"";"";"";"";"";"";"";"";"";"";""
"28/02/2023";"1600";"";"";"";"";"";"";"";"";"";"";"";"";"";"";"";"";""
"28/02/2023";"1700";"";"";"";"";"";"";"";"";"";"";"";"";"";"";"";"";""
"28/02/2023";"1800";"";"";"";"";"";"";"";"";"";"";"";"";"";"";"";"";""
"28/02/2023";"1900";"";"";"";"";"";"";"";"";"";"";"";"";"";"";"";"";""
"28/02/2023";"2000";"";"";"";"";"";"";"";"";"";"";"";"";"";"";"";"";""
"28/02/2023";"2100";"";"";"";"";"";"";"";"";"";"";"";"";"";"";"";"";""
"28/02/2023";"2200";"";"";"";"";"";"";"";"";"";"";"";"";"";"";"";"";""
"28/02/2023";"2300";"";"";"";"";"";"";"";"";"";"";"";"";"";"";"";"";""
"01/03/2023";"0000";"";"";"";"";"";"";"";"";"";"";"";"";"";"";"";"";""
"01/03/2023";"0100";"";"";"";"";"";"";"";"";"";"";"";"";"";"";"";"";""
"01/03/2023";"0200";"";"";"";"";"";"";"";"";"";"";"";"";"";"";"";"";""
"01/03/2023";"0300";"";"";"";"";"";"";"";"";"";"";"";"";"";"";"";"";""
"01/03/2023";"0400";"";"";"";"";"";"";"";"";"";"";"";"";"";"";"";"";""
"01/03/2023";"0500";"";"";"";"";"";"";"";"";"";"";"";"";"";"";"";"";""
"01/03/2023";"0600";"";"";"";"";"";"";"";"";"";"";"";"";"";"";"";"";""
"01/03/2023";"0700";"";"";"";"";"";"";"";"";"";"";"";"";"";"";"";"";""
"01/03/2023";"0800";"";"";"";"";"";"";"";"";"";"";"";"";"";"";"";"";""
"01/03/2023";"0900";"";"";"";"";"";"";"";"";"";"";"";"";"";"";"";"";""
"01/03/2023";"1000";"";"";"";"";"";"";"";"";"";"";"";"";"";"";"";"";""
"01/03/2023";"1100";"";"";"";"";"";"";"";"";"";"";"";"";"";"";"";"";""
"01/03/2023";"1200";"";"";"";"";"";"";"";"";"";"";"";"";"";"";"";"";""
"01/03/2023";"1300";"";"";"";"";"";"";"";"";"";"";"";"";"";"";"";"";""
"01/03/2023";"1400";"";"";"";"";"";"";"";"";"";"";"";"";"";"";"";"";""
"01/03/2023";"1500";"";"";"";"";"";"";"";"";"";"";"";"";"";"";"";"";""
"01/03/2023";"1600";"";"";"";"";"";"";"";"";"";"";"";"";"";"";"";"";""
"01/03/2023";"1700";"";"";"";"";"";"";"";"";"";"";"";"";"";"";"";"";""
"01/03/2023";"1800";"";"";"";"";"";"";"";"";"";"";"";"";"";"";"";"";""
"01/03/2023";"1900";"";"";"";"";"";"";"";"";"";"";"";"";"";"";"";"";""
"01/03/2023";"2000";"";"";"";"";"";"";"";"";"";"";"";"";"";"";"";"";""
"01/03/2023";"2100";"";"";"";"";"";"";"";"";"";"";"";"";"";"";"";"";""
"01/03/2023";"2200";"";"";"";"";"";"";"";"";"";"";"";"";"";"";"";"";""
"01/03/2023";"2300";"";"";"";"";"";"";"";"";"";"";"";"";"";"";"";"";""
"02/03/2023";"0000";"";"";"";"";"";"";"";"";"";"";"";"";"";"";"";"";""
"02/03/2023";"0100";"";"";"";"";"";"";"";"";"";"";"";"";"";"";"";"";""
"02/03/2023";"0200";"";"";"";"";"";"";"";"";"";"";"";"";"";"";"";"";""
"02/03/2023";"0300";"";"";"";"";"";"";"";"";"";"";"";"";"";"";"";"";""
"02/03/2023";"0400";"";"";"";"";"";"";"";"";"";"";"";"";"";"";"";"";""
"02/03/2023";"0500";"";"";"";"";"";"";"";"";"";"";"";"";"";"";"";"";""
"02/03/2023";"0600";"";"";"";"";"";"";"";"";"";"";"";"";"";"";"";"";""
"02/03/2023";"0700";"";"";"";"";"";"";"";"";"";"";"";"";"";"";"";"";""
"02/03/2023";"0800";"";"";"";"";"";"";"";"";"";"";"";"";"";"";"";"";""
"02/03/2023";"0900";"";"";"";"";"";"";"";"";"";"";"";"";"";"";"";"";""
"02/03/2023";"1000";"";"";"";"";"";"";"";"";"";"";"";"";"";"";"";"";""
"02/03/2023";"1100";"";"";"";"";"";"";"";"";"";"";"";"";"";"";"";"";""
"02/03/2023";"1200";"";"";"";"";"";"";"";"";"";"";"";"";"";"";"";"";""
"02/03/2023";"1300";"";"";"";"";"";"";"";"";"";"";"";"";"";"";"";"";""
"02/03/2023";"1400";"";"";"";"";"";"";"";"";"";"";"";"";"";"";"";"";""
"02/03/2023";"1500";"";"";"";"";"";"";"";"";"";"";"";"";"";"";"";"";""
"02/03/2023";"1600";"";"";"";"";"";"";"";"";"";"";"";"";"";"";"";"";""
"02/03/2023";"1700";"";"";"";"";"";"";"";"";"";"";"";"";"";"";"";"";""
"02/03/2023";"1800";"";"";"";"";"";"";"";"";"";"";"";"";"";"";"";"";""
"02/03/2023";"1900";"";"";"";"";"";"";"";"";"";"";"";"";"";"";"";"";""
"02/03/2023";"2000";"";"";"";"";"";"";"";"";"";"";"";"";"";"";"";"";""
"02/03/2023";"2100";"";"";"";"";"";"";"";"";"";"";"";"";"";"";"";"";""
"02/03/2023";"2200";"";"";"";"";"";"";"";"";"";"";"";"";"";"";"";"";""
"02/03/2023";"2300";"";"";"";"";"";"";"";"";"";"";"";"";"";"";"";"";""
"03/03/2023";"0000";"";"";"";"";"";"";"";"";"";"";"";"";"";"";"";"";""
"03/03/2023";"0100";"";"";"";"";"";"";"";"";"";"";"";"";"";"";"";"";""
"03/03/2023";"0200";"";"";"";"";"";"";"";"";"";"";"";"";"";"";"";"";""
"03/03/2023";"0300";"";"";"";"";"";"";"";"";"";"";"";"";"";"";"";"";""
"03/03/2023";"0400";"";"";"";"";"";"";"";"";"";"";"";"";"";"";"";"";""
"03/03/2023";"0500";"";"";"";"";"";"";"";"";"";"";"";"";"";"";"";"";""
"03/03/2023";"0600";"";"";"";"";"";"";"";"";"";"";"";"";"";"";"";"";""
"03/03/2023";"0700";"";"";"";"";"";"";"";"";"";"";"";"";"";"";"";"";""
"03/03/2023";"0800";"";"";"";"";"";"";"";"";"";"";"";"";"";"";"";"";""
"03/03/2023";"0900";"";"";"";"";"";"";"";"";"";"";"";"";"";"";"";"";""
"03/03/2023";"1000";"";"";"";"";"";"";"";"";"";"";"";"";"";"";"";"";""
"03/03/2023";"1100";"";"";"";"";"";"";"";"";"";"";"";"";"";"";"";"";""
"03/03/2023";"1200";"";"";"";"";"";"";"";"";"";"";"";"";"";"";"";"";""
"03/03/2023";"1300";"";"";"";"";"";"";"";"";"";"";"";"";"";"";"";"";""
"03/03/2023";"1400";"";"";"";"";"";"";"";"";"";"";"";"";"";"";"";"";""
"03/03/2023";"1500";"";"";"";"";"";"";"";"";"";"";"";"";"";"";"";"";""
"03/03/2023";"1600";"";"";"";"";"";"";"";"";"";"";"";"";"";"";"";"";""
"03/03/2023";"1700";"";"";"";"";"";"";"";"";"";"";"";"";"";"";"";"";""
"03/03/2023";"1800";"";"";"";"";"";"";"";"";"";"";"";"";"";"";"";"";""
"03/03/2023";"1900";"";"";"";"";"";"";"";"";"";"";"";"";"";"";"";"";""
"03/03/2023";"2000";"";"";"";"";"";"";"";"";"";"";"";"";"";"";"";"";""
"03/03/2023";"2100";"";"";"";"";"";"";"";"";"";"";"";"";"";"";"";"";""
"03/03/2023";"2200";"";"";"";"";"";"";"";"";"";"";"";"";"";"";"";"";""
"03/03/2023";"2300";"";"";"";"";"";"";"";"";"";"";"";"";"";"";"";"";""
"04/03/2023";"0000";"";"";"";"";"";"";"";"";"";"";"";"";"";"";"";"";""
"04/03/2023";"0100";"";"";"";"";"";"";"";"";"";"";"";"";"";"";"";"";""
"04/03/2023";"0200";"";"";"";"";"";"";"";"";"";"";"";"";"";"";"";"";""
"04/03/2023";"0300";"";"";"";"";"";"";"";"";"";"";"";"";"";"";"";"";""
"04/03/2023";"0400";"";"";"";"";"";"";"";"";"";"";"";"";"";"";"";"";""
"04/03/2023";"0500";"";"";"";"";"";"";"";"";"";"";"";"";"";"";"";"";""
"04/03/2023";"0600";"";"";"";"";"";"";"";"";"";"";"";"";"";"";"";"";""
"04/03/2023";"0700";"";"";"";"";"";"";"";"";"";"";"";"";"";"";"";"";""
"04/03/2023";"0800";"";"";"";"";"";"";"";"";"";"";"";"";"";"";"";"";""
"04/03/2023";"0900";"";"";"";"";"";"";"";"";"";"";"";"";"";"";"";"";""
"04/03/2023";"1000";"";"";"";"";"";"";"";"";"";"";"";"";"";"";"";"";""
"04/03/2023";"1100";"";"";"";"";"";"";"";"";"";"";"";"";"";"";"";"";""
"04/03/2023";"1200";"";"";"";"";"";"";"";"";"";"";"";"";"";"";"";"";""
"04/03/2023";"1300";"";"";"";"";"";"";"";"";"";"";"";"";"";"";"";"";""
"04/03/2023";"1400";"";"";"";"";"";"";"";"";"";"";"";"";"";"";"";"";""
"04/03/2023";"1500";"";"";"";"";"";"";"";"";"";"";"";"";"";"";"";"";""
"04/03/2023";"1600";"";"";"";"";"";"";"";"";"";"";"";"";"";"";"";"";""
"04/03/2023";"1700";"";"";"";"";"";"";"";"";"";"";"";"";"";"";"";"";""
"04/03/2023";"1800";"";"";"";"";"";"";"";"";"";"";"";"";"";"";"";"";""
"04/03/2023";"1900";"";"";"";"";"";"";"";"";"";"";"";"";"";"";"";"";""
"04/03/2023";"2000";"";"";"";"";"";"";"";"";"";"";"";"";"";"";"";"";""
"04/03/2023";"2100";"";"";"";"";"";"";"";"";"";"";"";"";"";"";"";"";""
"04/03/2023";"2200";"";"";"";"";"";"";"";"";"";"";"";"";"";"";"";"";""
"04/03/2023";"2300";"";"";"";"";"";"";"";"";"";"";"";"";"";"";"";"";""
"05/03/2023";"0000";"";"";"";"";"";"";"";"";"";"";"";"";"";"";"";"";""
"05/03/2023";"0100";"";"";"";"";"";"";"";"";"";"";"";"";"";"";"";"";""
"05/03/2023";"0200";"";"";"";"";"";"";"";"";"";"";"";"";"";"";"";"";""
"05/03/2023";"0300";"";"";"";"";"";"";"";"";"";"";"";"";"";"";"";"";""
"05/03/2023";"0400";"";"";"";"";"";"";"";"";"";"";"";"";"";"";"";"";""
"05/03/2023";"0500";"";"";"";"";"";"";"";"";"";"";"";"";"";"";"";"";""
"05/03/2023";"0600";"";"";"";"";"";"";"";"";"";"";"";"";"";"";"";"";""
"05/03/2023";"0700";"";"";"";"";"";"";"";"";"";"";"";"";"";"";"";"";""
"05/03/2023";"0800";"";"";"";"";"";"";"";"";"";"";"";"";"";"";"";"";""
"05/03/2023";"0900";"";"";"";"";"";"";"";"";"";"";"";"";"";"";"";"";""
"05/03/2023";"1000";"";"";"";"";"";"";"";"";"";"";"";"";"";"";"";"";""
"05/03/2023";"1100";"";"";"";"";"";"";"";"";"";"";"";"";"";"";"";"";""
"05/03/2023";"1200";"";"";"";"";"";"";"";"";"";"";"";"";"";"";"";"";""
"05/03/2023";"1300";"";"";"";"";"";"";"";"";"";"";"";"";"";"";"";"";""
"05/03/2023";"1400";"";"";"";"";"";"";"";"";"";"";"";"";"";"";"";"";""
"05/03/2023";"1500";"";"";"";"";"";"";"";"";"";"";"";"";"";"";"";"";""
"05/03/2023";"1600";"";"";"";"";"";"";"";"";"";"";"";"";"";"";"";"";""
"05/03/2023";"1700";"";"";"";"";"";"";"";"";"";"";"";"";"";"";"";"";""
"05/03/2023";"1800";"";"";"";"";"";"";"";"";"";"";"";"";"";"";"";"";""
"05/03/2023";"1900";"";"";"";"";"";"";"";"";"";"";"";"";"";"";"";"";""
"05/03/2023";"2000";"";"";"";"";"";"";"";"";"";"";"";"";"";"";"";"";""
"05/03/2023";"2100";"";"";"";"";"";"";"";"";"";"";"";"";"";"";"";"";""
"05/03/2023";"2200";"";"";"";"";"";"";"";"";"";"";"";"";"";"";"";"";""
"05/03/2023";"2300";"";"";"";"";"";"";"";"";"";"";"";"";"";"";"";"";""
"06/03/2023";"0000";"";"";"";"";"";"";"";"";"";"";"";"";"";"";"";"";""
"06/03/2023";"0100";"";"";"";"";"";"";"";"";"";"";"";"";"";"";"";"";""
"06/03/2023";"0200";"";"";"";"";"";"";"";"";"";"";"";"";"";"";"";"";""
"06/03/2023";"0300";"";"";"";"";"";"";"";"";"";"";"";"";"";"";"";"";""
"06/03/2023";"0400";"";"";"";"";"";"";"";"";"";"";"";"";"";"";"";"";""
"06/03/2023";"0500";"";"";"";"";"";"";"";"";"";"";"";"";"";"";"";"";""
"06/03/2023";"0600";"";"";"";"";"";"";"";"";"";"";"";"";"";"";"";"";""
"06/03/2023";"0700";"";"";"";"";"";"";"";"";"";"";"";"";"";"";"";"";""
"06/03/2023";"0800";"";"";"";"";"";"";"";"";"";"";"";"";"";"";"";"";""
"06/03/2023";"0900";"";"";"";"";"";"";"";"";"";"";"";"";"";"";"";"";""
"06/03/2023";"1000";"";"";"";"";"";"";"";"";"";"";"";"";"";"";"";"";""
"06/03/2023";"1100";"";"";"";"";"";"";"";"";"";"";"";"";"";"";"";"";""
"06/03/2023";"1200";"";"";"";"";"";"";"";"";"";"";"";"";"";"";"";"";""
"06/03/2023";"1300";"";"";"";"";"";"";"";"";"";"";"";"";"";"";"";"";""
"06/03/2023";"1400";"";"";"";"";"";"";"";"";"";"";"";"";"";"";"";"";""
"06/03/2023";"1500";"";"";"";"";"";"";"";"";"";"";"";"";"";"";"";"";""
"06/03/2023";"1600";"";"";"";"";"";"";"";"";"";"";"";"";"";"";"";"";""
"06/03/2023";"1700";"";"";"";"";"";"";"";"";"";"";"";"";"";"";"";"";""
"06/03/2023";"1800";"";"";"";"";"";"";"";"";"";"";"";"";"";"";"";"";""
"06/03/2023";"1900";"";"";"";"";"";"";"";"";"";"";"";"";"";"";"";"";""
"06/03/2023";"2000";"";"";"";"";"";"";"";"";"";"";"";"";"";"";"";"";""
"06/03/2023";"2100";"";"";"";"";"";"";"";"";"";"";"";"";"";"";"";"";""
"06/03/2023";"2200";"";"";"";"";"";"";"";"";"";"";"";"";"";"";"";"";""
"06/03/2023";"2300";"";"";"";"";"";"";"";"";"";"";"";"";"";"";"";"";""
"07/03/2023";"0000";"";"";"";"";"";"";"";"";"";"";"";"";"";"";"";"";""
"07/03/2023";"0100";"";"";"";"";"";"";"";"";"";"";"";"";"";"";"";"";""
"07/03/2023";"0200";"";"";"";"";"";"";"";"";"";"";"";"";"";"";"";"";""
"07/03/2023";"0300";"";"";"";"";"";"";"";"";"";"";"";"";"";"";"";"";""
"07/03/2023";"0400";"";"";"";"";"";"";"";"";"";"";"";"";"";"";"";"";""
"07/03/2023";"0500";"";"";"";"";"";"";"";"";"";"";"";"";"";"";"";"";""
"07/03/2023";"0600";"";"";"";"";"";"";"";"";"";"";"";"";"";"";"";"";""
"07/03/2023";"0700";"";"";"";"";"";"";"";"";"";"";"";"";"";"";"";"";""
"07/03/2023";"0800";"";"";"";"";"";"";"";"";"";"";"";"";"";"";"";"";""
"07/03/2023";"0900";"";"";"";"";"";"";"";"";"";"";"";"";"";"";"";"";""
"07/03/2023";"1000";"";"";"";"";"";"";"";"";"";"";"";"";"";"";"";"";""
"07/03/2023";"1100";"";"";"";"";"";"";"";"";"";"";"";"";"";"";"";"";""
"07/03/2023";"1200";"";"";"";"";"";"";"";"";"";"";"";"";"";"";"";"";""
"07/03/2023";"1300";"";"";"";"";"";"";"";"";"";"";"";"";"";"";"";"";""
"07/03/2023";"1400";"";"";"";"";"";"";"";"";"";"";"";"";"";"";"";"";""
"07/03/2023";"1500";"";"";"";"";"";"";"";"";"";"";"";"";"";"";"";"";""
"07/03/2023";"1600";"";"";"";"";"";"";"";"";"";"";"";"";"";"";"";"";""
"07/03/2023";"1700";"";"";"";"";"";"";"";"";"";"";"";"";"";"";"";"";""
"07/03/2023";"1800";"";"";"";"";"";"";"";"";"";"";"";"";"";"";"";"";""
"07/03/2023";"1900";"";"";"";"";"";"";"";"";"";"";"";"";"";"";"";"";""
"07/03/2023";"2000";"";"";"";"";"";"";"";"";"";"";"";"";"";"";"";"";""
"07/03/2023";"2100";"";"";"";"";"";"";"";"";"";"";"";"";"";"";"";"";""
"07/03/2023";"2200";"";"";"";"";"";"";"";"";"";"";"";"";"";"";"";"";""
"07/03/2023";"2300";"";"";"";"";"";"";"";"";"";"";"";"";"";"";"";"";""
"08/03/2023";"0000";"";"";"";"";"";"";"";"";"";"";"";"";"";"";"";"";""
"08/03/2023";"0100";"";"";"";"";"";"";"";"";"";"";"";"";"";"";"";"";""
"08/03/2023";"0200";"";"";"";"";"";"";"";"";"";"";"";"";"";"";"";"";""
"08/03/2023";"0300";"";"";"";"";"";"";"";"";"";"";"";"";"";"";"";"";""
"08/03/2023";"0400";"";"";"";"";"";"";"";"";"";"";"";"";"";"";"";"";""
"08/03/2023";"0500";"";"";"";"";"";"";"";"";"";"";"";"";"";"";"";"";""
"08/03/2023";"0600";"";"";"";"";"";"";"";"";"";"";"";"";"";"";"";"";""
"08/03/2023";"0700";"";"";"";"";"";"";"";"";"";"";"";"";"";"";"";"";""
"08/03/2023";"0800";"";"";"";"";"";"";"";"";"";"";"";"";"";"";"";"";""
"08/03/2023";"0900";"";"";"";"";"";"";"";"";"";"";"";"";"";"";"";"";""
"08/03/2023";"1000";"";"";"";"";"";"";"";"";"";"";"";"";"";"";"";"";""
"08/03/2023";"1100";"";"";"";"";"";"";"";"";"";"";"";"";"";"";"";"";""
"08/03/2023";"1200";"";"";"";"";"";"";"";"";"";"";"";"";"";"";"";"";""
"08/03/2023";"1300";"";"";"";"";"";"";"";"";"";"";"";"";"";"";"";"";""
"08/03/2023";"1400";"";"";"";"";"";"";"";"";"";"";"";"";"";"";"";"";""
"08/03/2023";"1500";"";"";"";"";"";"";"";"";"";"";"";"";"";"";"";"";""
"08/03/2023";"1600";"";"";"";"";"";"";"";"";"";"";"";"";"";"";"";"";""
"08/03/2023";"1700";"";"";"";"";"";"";"";"";"";"";"";"";"";"";"";"";""
"08/03/2023";"1800";"";"";"";"";"";"";"";"";"";"";"";"";"";"";"";"";""
"08/03/2023";"1900";"";"";"";"";"";"";"";"";"";"";"";"";"";"";"";"";""
"08/03/2023";"2000";"";"";"";"";"";"";"";"";"";"";"";"";"";"";"";"";""
"08/03/2023";"2100";"";"";"";"";"";"";"";"";"";"";"";"";"";"";"";"";""
"08/03/2023";"2200";"";"";"";"";"";"";"";"";"";"";"";"";"";"";"";"";""
"08/03/2023";"2300";"";"";"";"";"";"";"";"";"";"";"";"";"";"";"";"";""
"09/03/2023";"0000";"";"";"";"";"";"";"";"";"";"";"";"";"";"";"";"";""
"09/03/2023";"0100";"";"";"";"";"";"";"";"";"";"";"";"";"";"";"";"";""
"09/03/2023";"0200";"";"";"";"";"";"";"";"";"";"";"";"";"";"";"";"";""
"09/03/2023";"0300";"";"";"";"";"";"";"";"";"";"";"";"";"";"";"";"";""
"09/03/2023";"0400";"";"";"";"";"";"";"";"";"";"";"";"";"";"";"";"";""
"09/03/2023";"0500";"";"";"";"";"";"";"";"";"";"";"";"";"";"";"";"";""
"09/03/2023";"0600";"";"";"";"";"";"";"";"";"";"";"";"";"";"";"";"";""
"09/03/2023";"0700";"";"";"";"";"";"";"";"";"";"";"";"";"";"";"";"";""
"09/03/2023";"0800";"";"";"";"";"";"";"";"";"";"";"";"";"";"";"";"";""
"09/03/2023";"0900";"";"";"";"";"";"";"";"";"";"";"";"";"";"";"";"";""
"09/03/2023";"1000";"";"";"";"";"";"";"";"";"";"";"";"";"";"";"";"";""
"09/03/2023";"1100";"";"";"";"";"";"";"";"";"";"";"";"";"";"";"";"";""
"09/03/2023";"1200";"";"";"";"";"";"";"";"";"";"";"";"";"";"";"";"";""
"09/03/2023";"1300";"";"";"";"";"";"";"";"";"";"";"";"";"";"";"";"";""
"09/03/2023";"1400";"";"";"";"";"";"";"";"";"";"";"";"";"";"";"";"";""
"09/03/2023";"1500";"";"";"";"";"";"";"";"";"";"";"";"";"";"";"";"";""
"09/03/2023";"1600";"";"";"";"";"";"";"";"";"";"";"";"";"";"";"";"";""
"09/03/2023";"1700";"";"";"";"";"";"";"";"";"";"";"";"";"";"";"";"";""
"09/03/2023";"1800";"";"";"";"";"";"";"";"";"";"";"";"";"";"";"";"";""
"09/03/2023";"1900";"";"";"";"";"";"";"";"";"";"";"";"";"";"";"";"";""
"09/03/2023";"2000";"";"";"";"";"";"";"";"";"";"";"";"";"";"";"";"";""
"09/03/2023";"2100";"";"";"";"";"";"";"";"";"";"";"";"";"";"";"";"";""
"09/03/2023";"2200";"";"";"";"";"";"";"";"";"";"";"";"";"";"";"";"";""
"09/03/2023";"2300";"";"";"";"";"";"";"";"";"";"";"";"";"";"";"";"";""
"10/03/2023";"0000";"";"";"";"";"";"";"";"";"";"";"";"";"";"";"";"";""
"10/03/2023";"0100";"";"";"";"";"";"";"";"";"";"";"";"";"";"";"";"";""
"10/03/2023";"0200";"";"";"";"";"";"";"";"";"";"";"";"";"";"";"";"";""
"10/03/2023";"0300";"";"";"";"";"";"";"";"";"";"";"";"";"";"";"";"";""
"10/03/2023";"0400";"";"";"";"";"";"";"";"";"";"";"";"";"";"";"";"";""
"10/03/2023";"0500";"";"";"";"";"";"";"";"";"";"";"";"";"";"";"";"";""
"10/03/2023";"0600";"";"";"";"";"";"";"";"";"";"";"";"";"";"";"";"";""
"10/03/2023";"0700";"";"";"";"";"";"";"";"";"";"";"";"";"";"";"";"";""
"10/03/2023";"0800";"";"";"";"";"";"";"";"";"";"";"";"";"";"";"";"";""
"10/03/2023";"0900";"";"";"";"";"";"";"";"";"";"";"";"";"";"";"";"";""
"10/03/2023";"1000";"";"";"";"";"";"";"";"";"";"";"";"";"";"";"";"";""
"10/03/2023";"1100";"";"";"";"";"";"";"";"";"";"";"";"";"";"";"";"";""
"10/03/2023";"1200";"";"";"";"";"";"";"";"";"";"";"";"";"";"";"";"";""
"10/03/2023";"1300";"";"";"";"";"";"";"";"";"";"";"";"";"";"";"";"";""
"10/03/2023";"1400";"";"";"";"";"";"";"";"";"";"";"";"";"";"";"";"";""
"10/03/2023";"1500";"";"";"";"";"";"";"";"";"";"";"";"";"";"";"";"";""
"10/03/2023";"1600";"";"";"";"";"";"";"";"";"";"";"";"";"";"";"";"";""
"10/03/2023";"1700";"";"";"";"";"";"";"";"";"";"";"";"";"";"";"";"";""
"10/03/2023";"1800";"";"";"";"";"";"";"";"";"";"";"";"";"";"";"";"";""
"10/03/2023";"1900";"";"";"";"";"";"";"";"";"";"";"";"";"";"";"";"";""
"10/03/2023";"2000";"";"";"";"";"";"";"";"";"";"";"";"";"";"";"";"";""
"10/03/2023";"2100";"";"";"";"";"";"";"";"";"";"";"";"";"";"";"";"";""
"10/03/2023";"2200";"";"";"";"";"";"";"";"";"";"";"";"";"";"";"";"";""
"10/03/2023";"2300";"";"";"";"";"";"";"";"";"";"";"";"";"";"";"";"";""
"11/03/2023";"0000";"";"";"";"";"";"";"";"";"";"";"";"";"";"";"";"";""
"11/03/2023";"0100";"";"";"";"";"";"";"";"";"";"";"";"";"";"";"";"";""
"11/03/2023";"0200";"";"";"";"";"";"";"";"";"";"";"";"";"";"";"";"";""
"11/03/2023";"0300";"";"";"";"";"";"";"";"";"";"";"";"";"";"";"";"";""
"11/03/2023";"0400";"";"";"";"";"";"";"";"";"";"";"";"";"";"";"";"";""
"11/03/2023";"0500";"";"";"";"";"";"";"";"";"";"";"";"";"";"";"";"";""
"11/03/2023";"0600";"";"";"";"";"";"";"";"";"";"";"";"";"";"";"";"";""
"11/03/2023";"0700";"";"";"";"";"";"";"";"";"";"";"";"";"";"";"";"";""
"11/03/2023";"0800";"";"";"";"";"";"";"";"";"";"";"";"";"";"";"";"";""
"11/03/2023";"0900";"";"";"";"";"";"";"";"";"";"";"";"";"";"";"";"";""
"11/03/2023";"1000";"";"";"";"";"";"";"";"";"";"";"";"";"";"";"";"";""
"11/03/2023";"1100";"";"";"";"";"";"";"";"";"";"";"";"";"";"";"";"";""
"11/03/2023";"1200";"";"";"";"";"";"";"";"";"";"";"";"";"";"";"";"";""
"11/03/2023";"1300";"";"";"";"";"";"";"";"";"";"";"";"";"";"";"";"";""
"11/03/2023";"1400";"";"";"";"";"";"";"";"";"";"";"";"";"";"";"";"";""
"11/03/2023";"1500";"";"";"";"";"";"";"";"";"";"";"";"";"";"";"";"";""
"11/03/2023";"1600";"";"";"";"";"";"";"";"";"";"";"";"";"";"";"";"";""
"11/03/2023";"1700";"";"";"";"";"";"";"";"";"";"";"";"";"";"";"";"";""
"11/03/2023";"1800";"";"";"";"";"";"";"";"";"";"";"";"";"";"";"";"";""
"11/03/2023";"1900";"";"";"";"";"";"";"";"";"";"";"";"";"";"";"";"";""
"11/03/2023";"2000";"";"";"";"";"";"";"";"";"";"";"";"";"";"";"";"";""
"11/03/2023";"2100";"";"";"";"";"";"";"";"";"";"";"";"";"";"";"";"";""
"11/03/2023";"2200";"";"";"";"";"";"";"";"";"";"";"";"";"";"";"";"";""
"11/03/2023";"2300";"";"";"";"";"";"";"";"";"";"";"";"";"";"";"";"";""
"12/03/2023";"0000";"";"";"";"";"";"";"";"";"";"";"";"";"";"";"";"";""
"12/03/2023";"0100";"";"";"";"";"";"";"";"";"";"";"";"";"";"";"";"";""
"12/03/2023";"0200";"";"";"";"";"";"";"";"";"";"";"";"";"";"";"";"";""
"12/03/2023";"0300";"";"";"";"";"";"";"";"";"";"";"";"";"";"";"";"";""
"12/03/2023";"0400";"";"";"";"";"";"";"";"";"";"";"";"";"";"";"";"";""
"12/03/2023";"0500";"";"";"";"";"";"";"";"";"";"";"";"";"";"";"";"";""
"12/03/2023";"0600";"";"";"";"";"";"";"";"";"";"";"";"";"";"";"";"";""
"12/03/2023";"0700";"";"";"";"";"";"";"";"";"";"";"";"";"";"";"";"";""
"12/03/2023";"0800";"";"";"";"";"";"";"";"";"";"";"";"";"";"";"";"";""
"12/03/2023";"0900";"";"";"";"";"";"";"";"";"";"";"";"";"";"";"";"";""
"12/03/2023";"1000";"";"";"";"";"";"";"";"";"";"";"";"";"";"";"";"";""
"12/03/2023";"1100";"";"";"";"";"";"";"";"";"";"";"";"";"";"";"";"";""
"12/03/2023";"1200";"";"";"";"";"";"";"";"";"";"";"";"";"";"";"";"";""
"12/03/2023";"1300";"";"";"";"";"";"";"";"";"";"";"";"";"";"";"";"";""
"12/03/2023";"1400";"";"";"";"";"";"";"";"";"";"";"";"";"";"";"";"";""
"12/03/2023";"1500";"";"";"";"";"";"";"";"";"";"";"";"";"";"";"";"";""
"12/03/2023";"1600";"";"";"";"";"";"";"";"";"";"";"";"";"";"";"";"";""
"12/03/2023";"1700";"";"";"";"";"";"";"";"";"";"";"";"";"";"";"";"";""
"12/03/2023";"1800";"";"";"";"";"";"";"";"";"";"";"";"";"";"";"";"";""
"12/03/2023";"1900";"";"";"";"";"";"";"";"";"";"";"";"";"";"";"";"";""
"12/03/2023";"2000";"";"";"";"";"";"";"";"";"";"";"";"";"";"";"";"";""
"12/03/2023";"2100";"";"";"";"";"";"";"";"";"";"";"";"";"";"";"";"";""
"12/03/2023";"2200";"";"";"";"";"";"";"";"";"";"";"";"";"";"";"";"";""
"12/03/2023";"2300";"";"";"";"";"";"";"";"";"";"";"";"";"";"";"";"";""
"13/03/2023";"0000";"";"";"";"";"";"";"";"";"";"";"";"";"";"";"";"";""
"13/03/2023";"0100";"";"";"";"";"";"";"";"";"";"";"";"";"";"";"";"";""
"13/03/2023";"0200";"";"";"";"";"";"";"";"";"";"";"";"";"";"";"";"";""
"13/03/2023";"0300";"";"";"";"";"";"";"";"";"";"";"";"";"";"";"";"";""
"13/03/2023";"0400";"";"";"";"";"";"";"";"";"";"";"";"";"";"";"";"";""
"13/03/2023";"0500";"";"";"";"";"";"";"";"";"";"";"";"";"";"";"";"";""
"13/03/2023";"0600";"";"";"";"";"";"";"";"";"";"";"";"";"";"";"";"";""
"13/03/2023";"0700";"";"";"";"";"";"";"";"";"";"";"";"";"";"";"";"";""
"13/03/2023";"0800";"";"";"";"";"";"";"";"";"";"";"";"";"";"";"";"";""
"13/03/2023";"0900";"";"";"";"";"";"";"";"";"";"";"";"";"";"";"";"";""
"13/03/2023";"1000";"";"";"";"";"";"";"";"";"";"";"";"";"";"";"";"";""
"13/03/2023";"1100";"";"";"";"";"";"";"";"";"";"";"";"";"";"";"";"";""
"13/03/2023";"1200";"";"";"";"";"";"";"";"";"";"";"";"";"";"";"";"";""
"13/03/2023";"1300";"";"";"";"";"";"";"";"";"";"";"";"";"";"";"";"";""
"13/03/2023";"1400";"";"";"";"";"";"";"";"";"";"";"";"";"";"";"";"";""
"13/03/2023";"1500";"";"";"";"";"";"";"";"";"";"";"";"";"";"";"";"";""
"13/03/2023";"1600";"";"";"";"";"";"";"";"";"";"";"";"";"";"";"";"";""
"13/03/2023";"1700";"";"";"";"";"";"";"";"";"";"";"";"";"";"";"";"";""
"13/03/2023";"1800";"";"";"";"";"";"";"";"";"";"";"";"";"";"";"";"";""
"13/03/2023";"1900";"";"";"";"";"";"";"";"";"";"";"";"";"";"";"";"";""
"13/03/2023";"2000";"";"";"";"";"";"";"";"";"";"";"";"";"";"";"";"";""
"13/03/2023";"2100";"";"";"";"";"";"";"";"";"";"";"";"";"";"";"";"";""
"13/03/2023";"2200";"";"";"";"";"";"";"";"";"";"";"";"";"";"";"";"";""
"13/03/2023";"2300";"";"";"";"";"";"";"";"";"";"";"";"";"";"";"";"";""
"14/03/2023";"0000";"";"";"";"";"";"";"";"";"";"";"";"";"";"";"";"";""
"14/03/2023";"0100";"";"";"";"";"";"";"";"";"";"";"";"";"";"";"";"";""
"14/03/2023";"0200";"";"";"";"";"";"";"";"";"";"";"";"";"";"";"";"";""
"14/03/2023";"0300";"";"";"";"";"";"";"";"";"";"";"";"";"";"";"";"";""
"14/03/2023";"0400";"";"";"";"";"";"";"";"";"";"";"";"";"";"";"";"";""
"14/03/2023";"0500";"";"";"";"";"";"";"";"";"";"";"";"";"";"";"";"";""
"14/03/2023";"0600";"";"";"";"";"";"";"";"";"";"";"";"";"";"";"";"";""
"14/03/2023";"0700";"";"";"";"";"";"";"";"";"";"";"";"";"";"";"";"";""
"14/03/2023";"0800";"";"";"";"";"";"";"";"";"";"";"";"";"";"";"";"";""
"14/03/2023";"0900";"";"";"";"";"";"";"";"";"";"";"";"";"";"";"";"";""
"14/03/2023";"1000";"";"";"";"";"";"";"";"";"";"";"";"";"";"";"";"";""
"14/03/2023";"1100";"";"";"";"";"";"";"";"";"";"";"";"";"";"";"";"";""
"14/03/2023";"1200";"";"";"";"";"";"";"";"";"";"";"";"";"";"";"";"";""
"14/03/2023";"1300";"";"";"";"";"";"";"";"";"";"";"";"";"";"";"";"";""
"14/03/2023";"1400";"";"";"";"";"";"";"";"";"";"";"";"";"";"";"";"";""
"14/03/2023";"1500";"";"";"";"";"";"";"";"";"";"";"";"";"";"";"";"";""
"14/03/2023";"1600";"";"";"";"";"";"";"";"";"";"";"";"";"";"";"";"";""
"14/03/2023";"1700";"";"";"";"";"";"";"";"";"";"";"";"";"";"";"";"";""
"14/03/2023";"1800";"";"";"";"";"";"";"";"";"";"";"";"";"";"";"";"";""
"14/03/2023";"1900";"";"";"";"";"";"";"";"";"";"";"";"";"";"";"";"";""
"14/03/2023";"2000";"";"";"";"";"";"";"";"";"";"";"";"";"";"";"";"";""
"14/03/2023";"2100";"";"";"";"";"";"";"";"";"";"";"";"";"";"";"";"";""
"14/03/2023";"2200";"";"";"";"";"";"";"";"";"";"";"";"";"";"";"";"";""
"14/03/2023";"2300";"";"";"";"";"";"";"";"";"";"";"";"";"";"";"";"";""
"15/03/2023";"0000";"";"";"";"";"";"";"";"";"";"";"";"";"";"";"";"";""
"15/03/2023";"0100";"";"";"";"";"";"";"";"";"";"";"";"";"";"";"";"";""
"15/03/2023";"0200";"";"";"";"";"";"";"";"";"";"";"";"";"";"";"";"";""
"15/03/2023";"0300";"";"";"";"";"";"";"";"";"";"";"";"";"";"";"";"";""
"15/03/2023";"0400";"";"";"";"";"";"";"";"";"";"";"";"";"";"";"";"";""
"15/03/2023";"0500";"";"";"";"";"";"";"";"";"";"";"";"";"";"";"";"";""
"15/03/2023";"0600";"";"";"";"";"";"";"";"";"";"";"";"";"";"";"";"";""
"15/03/2023";"0700";"";"";"";"";"";"";"";"";"";"";"";"";"";"";"";"";""
"15/03/2023";"0800";"";"";"";"";"";"";"";"";"";"";"";"";"";"";"";"";""
"15/03/2023";"0900";"";"";"";"";"";"";"";"";"";"";"";"";"";"";"";"";""
"15/03/2023";"1000";"";"";"";"";"";"";"";"";"";"";"";"";"";"";"";"";""
"15/03/2023";"1100";"";"";"";"";"";"";"";"";"";"";"";"";"";"";"";"";""
"15/03/2023";"1200";"";"";"";"";"";"";"";"";"";"";"";"";"";"";"";"";""
"15/03/2023";"1300";"";"";"";"";"";"";"";"";"";"";"";"";"";"";"";"";""
"15/03/2023";"1400";"";"";"";"";"";"";"";"";"";"";"";"";"";"";"";"";""
"15/03/2023";"1500";"";"";"";"";"";"";"";"";"";"";"";"";"";"";"";"";""
"15/03/2023";"1600";"";"";"";"";"";"";"";"";"";"";"";"";"";"";"";"";""
"15/03/2023";"1700";"";"";"";"";"";"";"";"";"";"";"";"";"";"";"";"";""
"15/03/2023";"1800";"";"";"";"";"";"";"";"";"";"";"";"";"";"";"";"";""
"15/03/2023";"1900";"";"";"";"";"";"";"";"";"";"";"";"";"";"";"";"";""
"15/03/2023";"2000";"";"";"";"";"";"";"";"";"";"";"";"";"";"";"";"";""
"15/03/2023";"2100";"";"";"";"";"";"";"";"";"";"";"";"";"";"";"";"";""
"15/03/2023";"2200";"";"";"";"";"";"";"";"";"";"";"";"";"";"";"";"";""
"15/03/2023";"2300";"";"";"";"";"";"";"";"";"";"";"";"";"";"";"";"";""
"16/03/2023";"0000";"";"";"";"";"";"";"";"";"";"";"";"";"";"";"";"";""
"16/03/2023";"0100";"";"";"";"";"";"";"";"";"";"";"";"";"";"";"";"";""
"16/03/2023";"0200";"";"";"";"";"";"";"";"";"";"";"";"";"";"";"";"";""
"16/03/2023";"0300";"";"";"";"";"";"";"";"";"";"";"";"";"";"";"";"";""
"16/03/2023";"0400";"";"";"";"";"";"";"";"";"";"";"";"";"";"";"";"";""
"16/03/2023";"0500";"";"";"";"";"";"";"";"";"";"";"";"";"";"";"";"";""
"16/03/2023";"0600";"";"";"";"";"";"";"";"";"";"";"";"";"";"";"";"";""
"16/03/2023";"0700";"";"";"";"";"";"";"";"";"";"";"";"";"";"";"";"";""
"16/03/2023";"0800";"";"";"";"";"";"";"";"";"";"";"";"";"";"";"";"";""
"16/03/2023";"0900";"";"";"";"";"";"";"";"";"";"";"";"";"";"";"";"";""
"16/03/2023";"1000";"";"";"";"";"";"";"";"";"";"";"";"";"";"";"";"";""
"16/03/2023";"1100";"";"";"";"";"";"";"";"";"";"";"";"";"";"";"";"";""
"16/03/2023";"1200";"";"";"";"";"";"";"";"";"";"";"";"";"";"";"";"";""
"16/03/2023";"1300";"";"";"";"";"";"";"";"";"";"";"";"";"";"";"";"";""
"16/03/2023";"1400";"";"";"";"";"";"";"";"";"";"";"";"";"";"";"";"";""
"16/03/2023";"1500";"";"";"";"";"";"";"";"";"";"";"";"";"";"";"";"";""
"16/03/2023";"1600";"";"";"";"";"";"";"";"";"";"";"";"";"";"";"";"";""
"16/03/2023";"1700";"";"";"";"";"";"";"";"";"";"";"";"";"";"";"";"";""
"16/03/2023";"1800";"";"";"";"";"";"";"";"";"";"";"";"";"";"";"";"";""
"16/03/2023";"1900";"";"";"";"";"";"";"";"";"";"";"";"";"";"";"";"";""
"16/03/2023";"2000";"";"";"";"";"";"";"";"";"";"";"";"";"";"";"";"";""
"16/03/2023";"2100";"";"";"";"";"";"";"";"";"";"";"";"";"";"";"";"";""
"16/03/2023";"2200";"";"";"";"";"";"";"";"";"";"";"";"";"";"";"";"";""
"16/03/2023";"2300";"";"";"";"";"";"";"";"";"";"";"";"";"";"";"";"";""
"17/03/2023";"0000";"";"";"";"";"";"";"";"";"";"";"";"";"";"";"";"";""
"17/03/2023";"0100";"";"";"";"";"";"";"";"";"";"";"";"";"";"";"";"";""
"17/03/2023";"0200";"";"";"";"";"";"";"";"";"";"";"";"";"";"";"";"";""
"17/03/2023";"0300";"";"";"";"";"";"";"";"";"";"";"";"";"";"";"";"";""
"17/03/2023";"0400";"";"";"";"";"";"";"";"";"";"";"";"";"";"";"";"";""
"17/03/2023";"0500";"";"";"";"";"";"";"";"";"";"";"";"";"";"";"";"";""
"17/03/2023";"0600";"";"";"";"";"";"";"";"";"";"";"";"";"";"";"";"";""
"17/03/2023";"0700";"";"";"";"";"";"";"";"";"";"";"";"";"";"";"";"";""
"17/03/2023";"0800";"";"";"";"";"";"";"";"";"";"";"";"";"";"";"";"";""
"17/03/2023";"0900";"";"";"";"";"";"";"";"";"";"";"";"";"";"";"";"";""
"17/03/2023";"1000";"";"";"";"";"";"";"";"";"";"";"";"";"";"";"";"";""
"17/03/2023";"1100";"";"";"";"";"";"";"";"";"";"";"";"";"";"";"";"";""
"17/03/2023";"1200";"";"";"";"";"";"";"";"";"";"";"";"";"";"";"";"";""
"17/03/2023";"1300";"";"";"";"";"";"";"";"";"";"";"";"";"";"";"";"";""
"17/03/2023";"1400";"";"";"";"";"";"";"";"";"";"";"";"";"";"";"";"";""
"17/03/2023";"1500";"";"";"";"";"";"";"";"";"";"";"";"";"";"";"";"";""
"17/03/2023";"1600";"";"";"";"";"";"";"";"";"";"";"";"";"";"";"";"";""
"17/03/2023";"1700";"";"";"";"";"";"";"";"";"";"";"";"";"";"";"";"";""
"17/03/2023";"1800";"";"";"";"";"";"";"";"";"";"";"";"";"";"";"";"";""
"17/03/2023";"1900";"";"";"";"";"";"";"";"";"";"";"";"";"";"";"";"";""
"17/03/2023";"2000";"";"";"";"";"";"";"";"";"";"";"";"";"";"";"";"";""
"17/03/2023";"2100";"";"";"";"";"";"";"";"";"";"";"";"";"";"";"";"";""
"17/03/2023";"2200";"";"";"";"";"";"";"";"";"";"";"";"";"";"";"";"";""
"17/03/2023";"2300";"";"";"";"";"";"";"";"";"";"";"";"";"";"";"";"";""
"18/03/2023";"0000";"";"";"";"";"";"";"";"";"";"";"";"";"";"";"";"";""
"18/03/2023";"0100";"";"";"";"";"";"";"";"";"";"";"";"";"";"";"";"";""
"18/03/2023";"0200";"";"";"";"";"";"";"";"";"";"";"";"";"";"";"";"";""
"18/03/2023";"0300";"";"";"";"";"";"";"";"";"";"";"";"";"";"";"";"";""
"18/03/2023";"0400";"";"";"";"";"";"";"";"";"";"";"";"";"";"";"";"";""
"18/03/2023";"0500";"";"";"";"";"";"";"";"";"";"";"";"";"";"";"";"";""
"18/03/2023";"0600";"";"";"";"";"";"";"";"";"";"";"";"";"";"";"";"";""
"18/03/2023";"0700";"";"";"";"";"";"";"";"";"";"";"";"";"";"";"";"";""
"18/03/2023";"0800";"";"";"";"";"";"";"";"";"";"";"";"";"";"";"";"";""
"18/03/2023";"0900";"";"";"";"";"";"";"";"";"";"";"";"";"";"";"";"";""
"18/03/2023";"1000";"";"";"";"";"";"";"";"";"";"";"";"";"";"";"";"";""
"18/03/2023";"1100";"";"";"";"";"";"";"";"";"";"";"";"";"";"";"";"";""
"18/03/2023";"1200";"";"";"";"";"";"";"";"";"";"";"";"";"";"";"";"";""
"18/03/2023";"1300";"";"";"";"";"";"";"";"";"";"";"";"";"";"";"";"";""
"18/03/2023";"1400";"";"";"";"";"";"";"";"";"";"";"";"";"";"";"";"";""
"18/03/2023";"1500";"";"";"";"";"";"";"";"";"";"";"";"";"";"";"";"";""
"18/03/2023";"1600";"";"";"";"";"";"";"";"";"";"";"";"";"";"";"";"";""
"18/03/2023";"1700";"";"";"";"";"";"";"";"";"";"";"";"";"";"";"";"";""
"18/03/2023";"1800";"";"";"";"";"";"";"";"";"";"";"";"";"";"";"";"";""
"18/03/2023";"1900";"";"";"";"";"";"";"";"";"";"";"";"";"";"";"";"";""
"18/03/2023";"2000";"";"";"";"";"";"";"";"";"";"";"";"";"";"";"";"";""
"18/03/2023";"2100";"";"";"";"";"";"";"";"";"";"";"";"";"";"";"";"";""
"18/03/2023";"2200";"";"";"";"";"";"";"";"";"";"";"";"";"";"";"";"";""
"18/03/2023";"2300";"";"";"";"";"";"";"";"";"";"";"";"";"";"";"";"";""
"19/03/2023";"0000";"";"";"";"";"";"";"";"";"";"";"";"";"";"";"";"";""
"19/03/2023";"0100";"";"";"";"";"";"";"";"";"";"";"";"";"";"";"";"";""
"19/03/2023";"0200";"";"";"";"";"";"";"";"";"";"";"";"";"";"";"";"";""
"19/03/2023";"0300";"";"";"";"";"";"";"";"";"";"";"";"";"";"";"";"";""
"19/03/2023";"0400";"";"";"";"";"";"";"";"";"";"";"";"";"";"";"";"";""
"19/03/2023";"0500";"";"";"";"";"";"";"";"";"";"";"";"";"";"";"";"";""
"19/03/2023";"0600";"";"";"";"";"";"";"";"";"";"";"";"";"";"";"";"";""
"19/03/2023";"0700";"";"";"";"";"";"";"";"";"";"";"";"";"";"";"";"";""
"19/03/2023";"0800";"";"";"";"";"";"";"";"";"";"";"";"";"";"";"";"";""
"19/03/2023";"0900";"";"";"";"";"";"";"";"";"";"";"";"";"";"";"";"";""
"19/03/2023";"1000";"";"";"";"";"";"";"";"";"";"";"";"";"";"";"";"";""
"19/03/2023";"1100";"";"";"";"";"";"";"";"";"";"";"";"";"";"";"";"";""
"19/03/2023";"1200";"";"";"";"";"";"";"";"";"";"";"";"";"";"";"";"";""
"19/03/2023";"1300";"";"";"";"";"";"";"";"";"";"";"";"";"";"";"";"";""
"19/03/2023";"1400";"";"";"";"";"";"";"";"";"";"";"";"";"";"";"";"";""
"19/03/2023";"1500";"";"";"";"";"";"";"";"";"";"";"";"";"";"";"";"";""
"19/03/2023";"1600";"";"";"";"";"";"";"";"";"";"";"";"";"";"";"";"";""
"19/03/2023";"1700";"";"";"";"";"";"";"";"";"";"";"";"";"";"";"";"";""
"19/03/2023";"1800";"";"";"";"";"";"";"";"";"";"";"";"";"";"";"";"";""
"19/03/2023";"1900";"";"";"";"";"";"";"";"";"";"";"";"";"";"";"";"";""
"19/03/2023";"2000";"";"";"";"";"";"";"";"";"";"";"";"";"";"";"";"";""
"19/03/2023";"2100";"";"";"";"";"";"";"";"";"";"";"";"";"";"";"";"";""
"19/03/2023";"2200";"";"";"";"";"";"";"";"";"";"";"";"";"";"";"";"";""
"19/03/2023";"2300";"";"";"";"";"";"";"";"";"";"";"";"";"";"";"";"";""
"20/03/2023";"0000";"";"";"";"";"";"";"";"";"";"";"";"";"";"";"";"";""
"20/03/2023";"0100";"";"";"";"";"";"";"";"";"";"";"";"";"";"";"";"";""
"20/03/2023";"0200";"";"";"";"";"";"";"";"";"";"";"";"";"";"";"";"";""
"20/03/2023";"0300";"";"";"";"";"";"";"";"";"";"";"";"";"";"";"";"";""
"20/03/2023";"0400";"";"";"";"";"";"";"";"";"";"";"";"";"";"";"";"";""
"20/03/2023";"0500";"";"";"";"";"";"";"";"";"";"";"";"";"";"";"";"";""
"20/03/2023";"0600";"";"";"";"";"";"";"";"";"";"";"";"";"";"";"";"";""
"20/03/2023";"0700";"";"";"";"";"";"";"";"";"";"";"";"";"";"";"";"";""
"20/03/2023";"0800";"";"";"";"";"";"";"";"";"";"";"";"";"";"";"";"";""
"20/03/2023";"0900";"";"";"";"";"";"";"";"";"";"";"";"";"";"";"";"";""
"20/03/2023";"1000";"";"";"";"";"";"";"";"";"";"";"";"";"";"";"";"";""
"20/03/2023";"1100";"";"";"";"";"";"";"";"";"";"";"";"";"";"";"";"";""
"20/03/2023";"1200";"";"";"";"";"";"";"";"";"";"";"";"";"";"";"";"";""
"20/03/2023";"1300";"";"";"";"";"";"";"";"";"";"";"";"";"";"";"";"";""
"20/03/2023";"1400";"";"";"";"";"";"";"";"";"";"";"";"";"";"";"";"";""
"20/03/2023";"1500";"";"";"";"";"";"";"";"";"";"";"";"";"";"";"";"";""
"20/03/2023";"1600";"";"";"";"";"";"";"";"";"";"";"";"";"";"";"";"";""
"20/03/2023";"1700";"";"";"";"";"";"";"";"";"";"";"";"";"";"";"";"";""
"20/03/2023";"1800";"";"";"";"";"";"";"";"";"";"";"";"";"";"";"";"";""
"20/03/2023";"1900";"";"";"";"";"";"";"";"";"";"";"";"";"";"";"";"";""
"20/03/2023";"2000";"";"";"";"";"";"";"";"";"";"";"";"";"";"";"";"";""
"20/03/2023";"2100";"";"";"";"";"";"";"";"";"";"";"";"";"";"";"";"";""
"20/03/2023";"2200";"";"";"";"";"";"";"";"";"";"";"";"";"";"";"";"";""
"20/03/2023";"2300";"";"";"";"";"";"";"";"";"";"";"";"";"";"";"";"";""
"21/03/2023";"0000";"";"";"";"";"";"";"";"";"";"";"";"";"";"";"";"";""
"21/03/2023";"0100";"";"";"";"";"";"";"";"";"";"";"";"";"";"";"";"";""
"21/03/2023";"0200";"";"";"";"";"";"";"";"";"";"";"";"";"";"";"";"";""
"21/03/2023";"0300";"";"";"";"";"";"";"";"";"";"";"";"";"";"";"";"";""
"21/03/2023";"0400";"";"";"";"";"";"";"";"";"";"";"";"";"";"";"";"";""
"21/03/2023";"0500";"";"";"";"";"";"";"";"";"";"";"";"";"";"";"";"";""
"21/03/2023";"0600";"";"";"";"";"";"";"";"";"";"";"";"";"";"";"";"";""
"21/03/2023";"0700";"";"";"";"";"";"";"";"";"";"";"";"";"";"";"";"";""
"21/03/2023";"0800";"";"";"";"";"";"";"";"";"";"";"";"";"";"";"";"";""
"21/03/2023";"0900";"";"";"";"";"";"";"";"";"";"";"";"";"";"";"";"";""
"21/03/2023";"1000";"";"";"";"";"";"";"";"";"";"";"";"";"";"";"";"";""
"21/03/2023";"1100";"";"";"";"";"";"";"";"";"";"";"";"";"";"";"";"";""
"21/03/2023";"1200";"";"";"";"";"";"";"";"";"";"";"";"";"";"";"";"";""
"21/03/2023";"1300";"";"";"";"";"";"";"";"";"";"";"";"";"";"";"";"";""
"21/03/2023";"1400";"";"";"";"";"";"";"";"";"";"";"";"";"";"";"";"";""
"21/03/2023";"1500";"";"";"";"";"";"";"";"";"";"";"";"";"";"";"";"";""
"21/03/2023";"1600";"";"";"";"";"";"";"";"";"";"";"";"";"";"";"";"";""
"21/03/2023";"1700";"";"";"";"";"";"";"";"";"";"";"";"";"";"";"";"";""
"21/03/2023";"1800";"";"";"";"";"";"";"";"";"";"";"";"";"";"";"";"";""
"21/03/2023";"1900";"";"";"";"";"";"";"";"";"";"";"";"";"";"";"";"";""
"21/03/2023";"2000";"";"";"";"";"";"";"";"";"";"";"";"";"";"";"";"";""
"21/03/2023";"2100";"";"";"";"";"";"";"";"";"";"";"";"";"";"";"";"";""
"21/03/2023";"2200";"";"";"";"";"";"";"";"";"";"";"";"";"";"";"";"";""
"21/03/2023";"2300";"";"";"";"";"";"";"";"";"";"";"";"";"";"";"";"";""
"22/03/2023";"0000";"";"";"";"";"";"";"";"";"";"";"";"";"";"";"";"";""
"22/03/2023";"0100";"";"";"";"";"";"";"";"";"";"";"";"";"";"";"";"";""
"22/03/2023";"0200";"";"";"";"";"";"";"";"";"";"";"";"";"";"";"";"";""
"22/03/2023";"0300";"";"";"";"";"";"";"";"";"";"";"";"";"";"";"";"";""
"22/03/2023";"0400";"";"";"";"";"";"";"";"";"";"";"";"";"";"";"";"";""
"22/03/2023";"0500";"";"";"";"";"";"";"";"";"";"";"";"";"";"";"";"";""
"22/03/2023";"0600";"";"";"";"";"";"";"";"";"";"";"";"";"";"";"";"";""
"22/03/2023";"0700";"";"";"";"";"";"";"";"";"";"";"";"";"";"";"";"";""
"22/03/2023";"0800";"";"";"";"";"";"";"";"";"";"";"";"";"";"";"";"";""
"22/03/2023";"0900";"";"";"";"";"";"";"";"";"";"";"";"";"";"";"";"";""
"22/03/2023";"1000";"";"";"";"";"";"";"";"";"";"";"";"";"";"";"";"";""
"22/03/2023";"1100";"";"";"";"";"";"";"";"";"";"";"";"";"";"";"";"";""
"22/03/2023";"1200";"";"";"";"";"";"";"";"";"";"";"";"";"";"";"";"";""
"22/03/2023";"1300";"";"";"";"";"";"";"";"";"";"";"";"";"";"";"";"";""
"22/03/2023";"1400";"";"";"";"";"";"";"";"";"";"";"";"";"";"";"";"";""
"22/03/2023";"1500";"";"";"";"";"";"";"";"";"";"";"";"";"";"";"";"";""
"22/03/2023";"1600";"";"";"";"";"";"";"";"";"";"";"";"";"";"";"";"";""
"22/03/2023";"1700";"";"";"";"";"";"";"";"";"";"";"";"";"";"";"";"";""
"22/03/2023";"1800";"";"";"";"";"";"";"";"";"";"";"";"";"";"";"";"";""
"22/03/2023";"1900";"";"";"";"";"";"";"";"";"";"";"";"";"";"";"";"";""
"22/03/2023";"2000";"";"";"";"";"";"";"";"";"";"";"";"";"";"";"";"";""
"22/03/2023";"2100";"";"";"";"";"";"";"";"";"";"";"";"";"";"";"";"";""
"22/03/2023";"2200";"";"";"";"";"";"";"";"";"";"";"";"";"";"";"";"";""
"22/03/2023";"2300";"";"";"";"";"";"";"";"";"";"";"";"";"";"";"";"";""
"23/03/2023";"0000";"";"";"";"";"";"";"";"";"";"";"";"";"";"";"";"";""
"23/03/2023";"0100";"";"";"";"";"";"";"";"";"";"";"";"";"";"";"";"";""
"23/03/2023";"0200";"";"";"";"";"";"";"";"";"";"";"";"";"";"";"";"";""
"23/03/2023";"0300";"";"";"";"";"";"";"";"";"";"";"";"";"";"";"";"";""
"23/03/2023";"0400";"";"";"";"";"";"";"";"";"";"";"";"";"";"";"";"";""
"23/03/2023";"0500";"";"";"";"";"";"";"";"";"";"";"";"";"";"";"";"";""
"23/03/2023";"0600";"";"";"";"";"";"";"";"";"";"";"";"";"";"";"";"";""
"23/03/2023";"0700";"";"";"";"";"";"";"";"";"";"";"";"";"";"";"";"";""
"23/03/2023";"0800";"";"";"";"";"";"";"";"";"";"";"";"";"";"";"";"";""
"23/03/2023";"0900";"";"";"";"";"";"";"";"";"";"";"";"";"";"";"";"";""
"23/03/2023";"1000";"";"";"";"";"";"";"";"";"";"";"";"";"";"";"";"";""
"23/03/2023";"1100";"";"";"";"";"";"";"";"";"";"";"";"";"";"";"";"";""
"23/03/2023";"1200";"";"";"";"";"";"";"";"";"";"";"";"";"";"";"";"";""
"23/03/2023";"1300";"";"";"";"";"";"";"";"";"";"";"";"";"";"";"";"";""
"23/03/2023";"1400";"";"";"";"";"";"";"";"";"";"";"";"";"";"";"";"";""
"23/03/2023";"1500";"";"";"";"";"";"";"";"";"";"";"";"";"";"";"";"";""
"23/03/2023";"1600";"";"";"";"";"";"";"";"";"";"";"";"";"";"";"";"";""
"23/03/2023";"1700";"";"";"";"";"";"";"";"";"";"";"";"";"";"";"";"";""
"23/03/2023";"1800";"";"";"";"";"";"";"";"";"";"";"";"";"";"";"";"";""
"23/03/2023";"1900";"";"";"";"";"";"";"";"";"";"";"";"";"";"";"";"";""
"23/03/2023";"2000";"";"";"";"";"";"";"";"";"";"";"";"";"";"";"";"";""
"23/03/2023";"2100";"";"";"";"";"";"";"";"";"";"";"";"";"";"";"";"";""
"23/03/2023";"2200";"";"";"";"";"";"";"";"";"";"";"";"";"";"";"";"";""
"23/03/2023";"2300";"";"";"";"";"";"";"";"";"";"";"";"";"";"";"";"";""
"24/03/2023";"0000";"";"";"";"";"";"";"";"";"";"";"";"";"";"";"";"";""
"24/03/2023";"0100";"";"";"";"";"";"";"";"";"";"";"";"";"";"";"";"";""
"24/03/2023";"0200";"";"";"";"";"";"";"";"";"";"";"";"";"";"";"";"";""
"24/03/2023";"0300";"";"";"";"";"";"";"";"";"";"";"";"";"";"";"";"";""
"24/03/2023";"0400";"";"";"";"";"";"";"";"";"";"";"";"";"";"";"";"";""
"24/03/2023";"0500";"";"";"";"";"";"";"";"";"";"";"";"";"";"";"";"";""
"24/03/2023";"0600";"";"";"";"";"";"";"";"";"";"";"";"";"";"";"";"";""
"24/03/2023";"0700";"";"";"";"";"";"";"";"";"";"";"";"";"";"";"";"";""
"24/03/2023";"0800";"";"";"";"";"";"";"";"";"";"";"";"";"";"";"";"";""
"24/03/2023";"0900";"";"";"";"";"";"";"";"";"";"";"";"";"";"";"";"";""
"24/03/2023";"1000";"";"";"";"";"";"";"";"";"";"";"";"";"";"";"";"";""
"24/03/2023";"1100";"";"";"";"";"";"";"";"";"";"";"";"";"";"";"";"";""
"24/03/2023";"1200";"";"";"";"";"";"";"";"";"";"";"";"";"";"";"";"";""
"24/03/2023";"1300";"";"";"";"";"";"";"";"";"";"";"";"";"";"";"";"";""
"24/03/2023";"1400";"";"";"";"";"";"";"";"";"";"";"";"";"";"";"";"";""
"24/03/2023";"1500";"";"";"";"";"";"";"";"";"";"";"";"";"";"";"";"";""
"24/03/2023";"1600";"";"";"";"";"";"";"";"";"";"";"";"";"";"";"";"";""
"24/03/2023";"1700";"";"";"";"";"";"";"";"";"";"";"";"";"";"";"";"";""
"24/03/2023";"1800";"";"";"";"";"";"";"";"";"";"";"";"";"";"";"";"";""
"24/03/2023";"1900";"";"";"";"";"";"";"";"";"";"";"";"";"";"";"";"";""
"24/03/2023";"2000";"";"";"";"";"";"";"";"";"";"";"";"";"";"";"";"";""
"24/03/2023";"2100";"";"";"";"";"";"";"";"";"";"";"";"";"";"";"";"";""
"24/03/2023";"2200";"";"";"";"";"";"";"";"";"";"";"";"";"";"";"";"";""
"24/03/2023";"2300";"";"";"";"";"";"";"";"";"";"";"";"";"";"";"";"";""
"25/03/2023";"0000";"";"";"";"";"";"";"";"";"";"";"";"";"";"";"";"";""
"25/03/2023";"0100";"";"";"";"";"";"";"";"";"";"";"";"";"";"";"";"";""
"25/03/2023";"0200";"";"";"";"";"";"";"";"";"";"";"";"";"";"";"";"";""
"25/03/2023";"0300";"";"";"";"";"";"";"";"";"";"";"";"";"";"";"";"";""
"25/03/2023";"0400";"";"";"";"";"";"";"";"";"";"";"";"";"";"";"";"";""
"25/03/2023";"0500";"";"";"";"";"";"";"";"";"";"";"";"";"";"";"";"";""
"25/03/2023";"0600";"";"";"";"";"";"";"";"";"";"";"";"";"";"";"";"";""
"25/03/2023";"0700";"";"";"";"";"";"";"";"";"";"";"";"";"";"";"";"";""
"25/03/2023";"0800";"";"";"";"";"";"";"";"";"";"";"";"";"";"";"";"";""
"25/03/2023";"0900";"";"";"";"";"";"";"";"";"";"";"";"";"";"";"";"";""
"25/03/2023";"1000";"";"";"";"";"";"";"";"";"";"";"";"";"";"";"";"";""
"25/03/2023";"1100";"";"";"";"";"";"";"";"";"";"";"";"";"";"";"";"";""
"25/03/2023";"1200";"";"";"";"";"";"";"";"";"";"";"";"";"";"";"";"";""
"25/03/2023";"1300";"";"";"";"";"";"";"";"";"";"";"";"";"";"";"";"";""
"25/03/2023";"1400";"";"";"";"";"";"";"";"";"";"";"";"";"";"";"";"";""
"25/03/2023";"1500";"";"";"";"";"";"";"";"";"";"";"";"";"";"";"";"";""
"25/03/2023";"1600";"";"";"";"";"";"";"";"";"";"";"";"";"";"";"";"";""
"25/03/2023";"1700";"";"";"";"";"";"";"";"";"";"";"";"";"";"";"";"";""
"25/03/2023";"1800";"";"";"";"";"";"";"";"";"";"";"";"";"";"";"";"";""
"25/03/2023";"1900";"";"";"";"";"";"";"";"";"";"";"";"";"";"";"";"";""
"25/03/2023";"2000";"";"";"";"";"";"";"";"";"";"";"";"";"";"";"";"";""
"25/03/2023";"2100";"";"";"";"";"";"";"";"";"";"";"";"";"";"";"";"";""
"25/03/2023";"2200";"";"";"";"";"";"";"";"";"";"";"";"";"";"";"";"";""
"25/03/2023";"2300";"";"";"";"";"";"";"";"";"";"";"";"";"";"";"";"";""
"26/03/2023";"0000";"";"";"";"";"";"";"";"";"";"";"";"";"";"";"";"";""
"26/03/2023";"0100";"";"";"";"";"";"";"";"";"";"";"";"";"";"";"";"";""
"26/03/2023";"0200";"";"";"";"";"";"";"";"";"";"";"";"";"";"";"";"";""
"26/03/2023";"0300";"";"";"";"";"";"";"";"";"";"";"";"";"";"";"";"";""
"26/03/2023";"0400";"";"";"";"";"";"";"";"";"";"";"";"";"";"";"";"";""
"26/03/2023";"0500";"";"";"";"";"";"";"";"";"";"";"";"";"";"";"";"";""
"26/03/2023";"0600";"";"";"";"";"";"";"";"";"";"";"";"";"";"";"";"";""
"26/03/2023";"0700";"";"";"";"";"";"";"";"";"";"";"";"";"";"";"";"";""
"26/03/2023";"0800";"";"";"";"";"";"";"";"";"";"";"";"";"";"";"";"";""
"26/03/2023";"0900";"";"";"";"";"";"";"";"";"";"";"";"";"";"";"";"";""
"26/03/2023";"1000";"";"";"";"";"";"";"";"";"";"";"";"";"";"";"";"";""
"26/03/2023";"1100";"";"";"";"";"";"";"";"";"";"";"";"";"";"";"";"";""
"26/03/2023";"1200";"";"";"";"";"";"";"";"";"";"";"";"";"";"";"";"";""
"26/03/2023";"1300";"";"";"";"";"";"";"";"";"";"";"";"";"";"";"";"";""
"26/03/2023";"1400";"";"";"";"";"";"";"";"";"";"";"";"";"";"";"";"";""
"26/03/2023";"1500";"";"";"";"";"";"";"";"";"";"";"";"";"";"";"";"";""
"26/03/2023";"1600";"";"";"";"";"";"";"";"";"";"";"";"";"";"";"";"";""
"26/03/2023";"1700";"";"";"";"";"";"";"";"";"";"";"";"";"";"";"";"";""
"26/03/2023";"1800";"";"";"";"";"";"";"";"";"";"";"";"";"";"";"";"";""
"26/03/2023";"1900";"";"";"";"";"";"";"";"";"";"";"";"";"";"";"";"";""
"26/03/2023";"2000";"";"";"";"";"";"";"";"";"";"";"";"";"";"";"";"";""
"26/03/2023";"2100";"";"";"";"";"";"";"";"";"";"";"";"";"";"";"";"";""
"26/03/2023";"2200";"";"";"";"";"";"";"";"";"";"";"";"";"";"";"";"";""
"26/03/2023";"2300";"";"";"";"";"";"";"";"";"";"";"";"";"";"";"";"";""
"27/03/2023";"0000";"";"";"";"";"";"";"";"";"";"";"";"";"";"";"";"";""
"27/03/2023";"0100";"";"";"";"";"";"";"";"";"";"";"";"";"";"";"";"";""
"27/03/2023";"0200";"";"";"";"";"";"";"";"";"";"";"";"";"";"";"";"";""
"27/03/2023";"0300";"";"";"";"";"";"";"";"";"";"";"";"";"";"";"";"";""
"27/03/2023";"0400";"";"";"";"";"";"";"";"";"";"";"";"";"";"";"";"";""
"27/03/2023";"0500";"";"";"";"";"";"";"";"";"";"";"";"";"";"";"";"";""
"27/03/2023";"0600";"";"";"";"";"";"";"";"";"";"";"";"";"";"";"";"";""
"27/03/2023";"0700";"";"";"";"";"";"";"";"";"";"";"";"";"";"";"";"";""
"27/03/2023";"0800";"";"";"";"";"";"";"";"";"";"";"";"";"";"";"";"";""
"27/03/2023";"0900";"";"";"";"";"";"";"";"";"";"";"";"";"";"";"";"";""
"27/03/2023";"1000";"";"";"";"";"";"";"";"";"";"";"";"";"";"";"";"";""
"27/03/2023";"1100";"";"";"";"";"";"";"";"";"";"";"";"";"";"";"";"";""
"27/03/2023";"1200";"";"";"";"";"";"";"";"";"";"";"";"";"";"";"";"";""
"27/03/2023";"1300";"";"";"";"";"";"";"";"";"";"";"";"";"";"";"";"";""
"27/03/2023";"1400";"";"";"";"";"";"";"";"";"";"";"";"";"";"";"";"";""
"27/03/2023";"1500";"";"";"";"";"";"";"";"";"";"";"";"";"";"";"";"";""
"27/03/2023";"1600";"";"";"";"";"";"";"";"";"";"";"";"";"";"";"";"";""
"27/03/2023";"1700";"";"";"";"";"";"";"";"";"";"";"";"";"";"";"";"";""
"27/03/2023";"1800";"";"";"";"";"";"";"";"";"";"";"";"";"";"";"";"";""
"27/03/2023";"1900";"";"";"";"";"";"";"";"";"";"";"";"";"";"";"";"";""
"27/03/2023";"2000";"";"";"";"";"";"";"";"";"";"";"";"";"";"";"";"";""
"27/03/2023";"2100";"";"";"";"";"";"";"";"";"";"";"";"";"";"";"";"";""
"27/03/2023";"2200";"";"";"";"";"";"";"";"";"";"";"";"";"";"";"";"";""
"27/03/2023";"2300";"";"";"";"";"";"";"";"";"";"";"";"";"";"";"";"";""
"28/03/2023";"0000";"";"";"";"";"";"";"";"";"";"";"";"";"";"";"";"";""
"28/03/2023";"0100";"";"";"";"";"";"";"";"";"";"";"";"";"";"";"";"";""
"28/03/2023";"0200";"";"";"";"";"";"";"";"";"";"";"";"";"";"";"";"";""
"28/03/2023";"0300";"";"";"";"";"";"";"";"";"";"";"";"";"";"";"";"";""
"28/03/2023";"0400";"";"";"";"";"";"";"";"";"";"";"";"";"";"";"";"";""
"28/03/2023";"0500";"";"";"";"";"";"";"";"";"";"";"";"";"";"";"";"";""
"28/03/2023";"0600";"";"";"";"";"";"";"";"";"";"";"";"";"";"";"";"";""
"28/03/2023";"0700";"";"";"";"";"";"";"";"";"";"";"";"";"";"";"";"";""
"28/03/2023";"0800";"";"";"";"";"";"";"";"";"";"";"";"";"";"";"";"";""
"28/03/2023";"0900";"";"";"";"";"";"";"";"";"";"";"";"";"";"";"";"";""
"28/03/2023";"1000";"";"";"";"";"";"";"";"";"";"";"";"";"";"";"";"";""
"28/03/2023";"1100";"";"";"";"";"";"";"";"";"";"";"";"";"";"";"";"";""
"28/03/2023";"1200";"";"";"";"";"";"";"";"";"";"";"";"";"";"";"";"";""
"28/03/2023";"1300";"";"";"";"";"";"";"";"";"";"";"";"";"";"";"";"";""
"28/03/2023";"1400";"";"";"";"";"";"";"";"";"";"";"";"";"";"";"";"";""
"28/03/2023";"1500";"";"";"";"";"";"";"";"";"";"";"";"";"";"";"";"";""
"28/03/2023";"1600";"";"";"";"";"";"";"";"";"";"";"";"";"";"";"";"";""
"28/03/2023";"1700";"";"";"";"";"";"";"";"";"";"";"";"";"";"";"";"";""
"28/03/2023";"1800";"";"";"";"";"";"";"";"";"";"";"";"";"";"";"";"";""
"28/03/2023";"1900";"";"";"";"";"";"";"";"";"";"";"";"";"";"";"";"";""
"28/03/2023";"2000";"";"";"";"";"";"";"";"";"";"";"";"";"";"";"";"";""
"28/03/2023";"2100";"";"";"";"";"";"";"";"";"";"";"";"";"";"";"";"";""
"28/03/2023";"2200";"";"";"";"";"";"";"";"";"";"";"";"";"";"";"";"";""
"28/03/2023";"2300";"";"";"";"";"";"";"";"";"";"";"";"";"";"";"";"";""
"29/03/2023";"0000";"";"";"";"";"";"";"";"";"";"";"";"";"";"";"";"";""
"29/03/2023";"0100";"";"";"";"";"";"";"";"";"";"";"";"";"";"";"";"";""
"29/03/2023";"0200";"";"";"";"";"";"";"";"";"";"";"";"";"";"";"";"";""
"29/03/2023";"0300";"";"";"";"";"";"";"";"";"";"";"";"";"";"";"";"";""
"29/03/2023";"0400";"";"";"";"";"";"";"";"";"";"";"";"";"";"";"";"";""
"29/03/2023";"0500";"";"";"";"";"";"";"";"";"";"";"";"";"";"";"";"";""
"29/03/2023";"0600";"";"";"";"";"";"";"";"";"";"";"";"";"";"";"";"";""
"29/03/2023";"0700";"";"";"";"";"";"";"";"";"";"";"";"";"";"";"";"";""
"29/03/2023";"0800";"";"";"";"";"";"";"";"";"";"";"";"";"";"";"";"";""
"29/03/2023";"0900";"";"";"";"";"";"";"";"";"";"";"";"";"";"";"";"";""
"29/03/2023";"1000";"";"";"";"";"";"";"";"";"";"";"";"";"";"";"";"";""
"29/03/2023";"1100";"";"";"";"";"";"";"";"";"";"";"";"";"";"";"";"";""
"29/03/2023";"1200";"";"";"";"";"";"";"";"";"";"";"";"";"";"";"";"";""
"29/03/2023";"1300";"";"";"";"";"";"";"";"";"";"";"";"";"";"";"";"";""
"29/03/2023";"1400";"";"";"";"";"";"";"";"";"";"";"";"";"";"";"";"";""
"29/03/2023";"1500";"";"";"";"";"";"";"";"";"";"";"";"";"";"";"";"";""
"29/03/2023";"1600";"";"";"";"";"";"";"";"";"";"";"";"";"";"";"";"";""
"29/03/2023";"1700";"";"";"";"";"";"";"";"";"";"";"";"";"";"";"";"";""
"29/03/2023";"1800";"";"";"";"";"";"";"";"";"";"";"";"";"";"";"";"";""
"29/03/2023";"1900";"";"";"";"";"";"";"";"";"";"";"";"";"";"";"";"";""
"29/03/2023";"2000";"";"";"";"";"";"";"";"";"";"";"";"";"";"";"";"";""
"29/03/2023";"2100";"";"";"";"";"";"";"";"";"";"";"";"";"";"";"";"";""
"29/03/2023";"2200";"";"";"";"";"";"";"";"";"";"";"";"";"";"";"";"";""
"29/03/2023";"2300";"";"";"";"";"";"";"";"";"";"";"";"";"";"";"";"";""
"30/03/2023";"0000";"";"";"";"";"";"";"";"";"";"";"";"";"";"";"";"";""
"30/03/2023";"0100";"";"";"";"";"";"";"";"";"";"";"";"";"";"";"";"";""
"30/03/2023";"0200";"";"";"";"";"";"";"";"";"";"";"";"";"";"";"";"";""
"30/03/2023";"0300";"";"";"";"";"";"";"";"";"";"";"";"";"";"";"";"";""
"30/03/2023";"0400";"";"";"";"";"";"";"";"";"";"";"";"";"";"";"";"";""
"30/03/2023";"0500";"";"";"";"";"";"";"";"";"";"";"";"";"";"";"";"";""
"30/03/2023";"0600";"";"";"";"";"";"";"";"";"";"";"";"";"";"";"";"";""
"30/03/2023";"0700";"";"";"";"";"";"";"";"";"";"";"";"";"";"";"";"";""
"30/03/2023";"0800";"";"";"";"";"";"";"";"";"";"";"";"";"";"";"";"";""
"30/03/2023";"0900";"";"";"";"";"";"";"";"";"";"";"";"";"";"";"";"";""
"30/03/2023";"1000";"";"";"";"";"";"";"";"";"";"";"";"";"";"";"";"";""
"30/03/2023";"1100";"";"";"";"";"";"";"";"";"";"";"";"";"";"";"";"";""
"30/03/2023";"1200";"";"";"";"";"";"";"";"";"";"";"";"";"";"";"";"";""
"30/03/2023";"1300";"";"";"";"";"";"";"";"";"";"";"";"";"";"";"";"";""
"30/03/2023";"1400";"";"";"";"";"";"";"";"";"";"";"";"";"";"";"";"";""
"30/03/2023";"1500";"";"";"";"";"";"";"";"";"";"";"";"";"";"";"";"";""
"30/03/2023";"1600";"";"";"";"";"";"";"";"";"";"";"";"";"";"";"";"";""
"30/03/2023";"1700";"";"";"";"";"";"";"";"";"";"";"";"";"";"";"";"";""
"30/03/2023";"1800";"";"";"";"";"";"";"";"";"";"";"";"";"";"";"";"";""
"30/03/2023";"1900";"";"";"";"";"";"";"";"";"";"";"";"";"";"";"";"";""
"30/03/2023";"2000";"";"";"";"";"";"";"";"";"";"";"";"";"";"";"";"";""
"30/03/2023";"2100";"";"";"";"";"";"";"";"";"";"";"";"";"";"";"";"";""
"30/03/2023";"2200";"";"";"";"";"";"";"";"";"";"";"";"";"";"";"";"";""
"30/03/2023";"2300";"";"";"";"";"";"";"";"";"";"";"";"";"";"";"";"";""
"31/03/2023";"0000";"";"";"";"";"";"";"";"";"";"";"";"";"";"";"";"";""
"31/03/2023";"0100";"";"";"";"";"";"";"";"";"";"";"";"";"";"";"";"";""
"31/03/2023";"0200";"";"";"";"";"";"";"";"";"";"";"";"";"";"";"";"";""
"31/03/2023";"0300";"";"";"";"";"";"";"";"";"";"";"";"";"";"";"";"";""
"31/03/2023";"0400";"";"";"";"";"";"";"";"";"";"";"";"";"";"";"";"";""
"31/03/2023";"0500";"";"";"";"";"";"";"";"";"";"";"";"";"";"";"";"";""
"31/03/2023";"0600";"";"";"";"";"";"";"";"";"";"";"";"";"";"";"";"";""
"31/03/2023";"0700";"";"";"";"";"";"";"";"";"";"";"";"";"";"";"";"";""
"31/03/2023";"0800";"";"";"";"";"";"";"";"";"";"";"";"";"";"";"";"";""
"31/03/2023";"0900";"";"";"";"";"";"";"";"";"";"";"";"";"";"";"";"";""
"31/03/2023";"1000";"";"";"";"";"";"";"";"";"";"";"";"";"";"";"";"";""
"31/03/2023";"1100";"";"";"";"";"";"";"";"";"";"";"";"";"";"";"";"";""
"31/03/2023";"1200";"";"";"";"";"";"";"";"";"";"";"";"";"";"";"";"";""
"31/03/2023";"1300";"";"";"";"";"";"";"";"";"";"";"";"";"";"";"";"";""
"31/03/2023";"1400";"";"";"";"";"";"";"";"";"";"";"";"";"";"";"";"";""
"31/03/2023";"1500";"";"";"";"";"";"";"";"";"";"";"";"";"";"";"";"";""
"31/03/2023";"1600";"";"";"";"";"";"";"";"";"";"";"";"";"";"";"";"";""
"31/03/2023";"1700";"";"";"";"";"";"";"";"";"";"";"";"";"";"";"";"";""
"31/03/2023";"1800";"";"";"";"";"";"";"";"";"";"";"";"";"";"";"";"";""
"31/03/2023";"1900";"";"";"";"";"";"";"";"";"";"";"";"";"";"";"";"";""
"31/03/2023";"2000";"";"";"";"";"";"";"";"";"";"";"";"";"";"";"";"";""
"31/03/2023";"2100";"";"";"";"";"";"";"";"";"";"";"";"";"";"";"";"";""
"31/03/2023";"2200";"";"";"";"";"";"";"";"";"";"";"";"";"";"";"";"";""
"31/03/2023";"2300";"";"";"";"";"";"";"";"";"";"";"";"";"";"";"";"";""
"01/04/2023";"0000";"";"";"";"";"";"";"";"";"";"";"";"";"";"";"";"";""
"01/04/2023";"0100";"";"";"";"";"";"";"";"";"";"";"";"";"";"";"";"";""
"01/04/2023";"0200";"";"";"";"";"";"";"";"";"";"";"";"";"";"";"";"";""
"01/04/2023";"0300";"";"";"";"";"";"";"";"";"";"";"";"";"";"";"";"";""
"01/04/2023";"0400";"";"";"";"";"";"";"";"";"";"";"";"";"";"";"";"";""
"01/04/2023";"0500";"";"";"";"";"";"";"";"";"";"";"";"";"";"";"";"";""
"01/04/2023";"0600";"";"";"";"";"";"";"";"";"";"";"";"";"";"";"";"";""
"01/04/2023";"0700";"";"";"";"";"";"";"";"";"";"";"";"";"";"";"";"";""
"01/04/2023";"0800";"";"";"";"";"";"";"";"";"";"";"";"";"";"";"";"";""
"01/04/2023";"0900";"";"";"";"";"";"";"";"";"";"";"";"";"";"";"";"";""
"01/04/2023";"1000";"";"";"";"";"";"";"";"";"";"";"";"";"";"";"";"";""
"01/04/2023";"1100";"";"";"";"";"";"";"";"";"";"";"";"";"";"";"";"";""
"01/04/2023";"1200";"";"";"";"";"";"";"";"";"";"";"";"";"";"";"";"";""
"01/04/2023";"1300";"";"";"";"";"";"";"";"";"";"";"";"";"";"";"";"";""
"01/04/2023";"1400";"";"";"";"";"";"";"";"";"";"";"";"";"";"";"";"";""
"01/04/2023";"1500";"";"";"";"";"";"";"";"";"";"";"";"";"";"";"";"";""
"01/04/2023";"1600";"";"";"";"";"";"";"";"";"";"";"";"";"";"";"";"";""
"01/04/2023";"1700";"";"";"";"";"";"";"";"";"";"";"";"";"";"";"";"";""
"01/04/2023";"1800";"";"";"";"";"";"";"";"";"";"";"";"";"";"";"";"";""
"01/04/2023";"1900";"";"";"";"";"";"";"";"";"";"";"";"";"";"";"";"";""
"01/04/2023";"2000";"";"";"";"";"";"";"";"";"";"";"";"";"";"";"";"";""
"01/04/2023";"2100";"";"";"";"";"";"";"";"";"";"";"";"";"";"";"";"";""
"01/04/2023";"2200";"";"";"";"";"";"";"";"";"";"";"";"";"";"";"";"";""
"01/04/2023";"2300";"";"";"";"";"";"";"";"";"";"";"";"";"";"";"";"";""
"02/04/2023";"0000";"";"";"";"";"";"";"";"";"";"";"";"";"";"";"";"";""
"02/04/2023";"0100";"";"";"";"";"";"";"";"";"";"";"";"";"";"";"";"";""
"02/04/2023";"0200";"";"";"";"";"";"";"";"";"";"";"";"";"";"";"";"";""
"02/04/2023";"0300";"";"";"";"";"";"";"";"";"";"";"";"";"";"";"";"";""
"02/04/2023";"0400";"";"";"";"";"";"";"";"";"";"";"";"";"";"";"";"";""
"02/04/2023";"0500";"";"";"";"";"";"";"";"";"";"";"";"";"";"";"";"";""
"02/04/2023";"0600";"";"";"";"";"";"";"";"";"";"";"";"";"";"";"";"";""
"02/04/2023";"0700";"";"";"";"";"";"";"";"";"";"";"";"";"";"";"";"";""
"02/04/2023";"0800";"";"";"";"";"";"";"";"";"";"";"";"";"";"";"";"";""
"02/04/2023";"0900";"";"";"";"";"";"";"";"";"";"";"";"";"";"";"";"";""
"02/04/2023";"1000";"";"";"";"";"";"";"";"";"";"";"";"";"";"";"";"";""
"02/04/2023";"1100";"";"";"";"";"";"";"";"";"";"";"";"";"";"";"";"";""
"02/04/2023";"1200";"";"";"";"";"";"";"";"";"";"";"";"";"";"";"";"";""
"02/04/2023";"1300";"";"";"";"";"";"";"";"";"";"";"";"";"";"";"";"";""
"02/04/2023";"1400";"";"";"";"";"";"";"";"";"";"";"";"";"";"";"";"";""
"02/04/2023";"1500";"";"";"";"";"";"";"";"";"";"";"";"";"";"";"";"";""
"02/04/2023";"1600";"";"";"";"";"";"";"";"";"";"";"";"";"";"";"";"";""
"02/04/2023";"1700";"";"";"";"";"";"";"";"";"";"";"";"";"";"";"";"";""
"02/04/2023";"1800";"";"";"";"";"";"";"";"";"";"";"";"";"";"";"";"";""
"02/04/2023";"1900";"";"";"";"";"";"";"";"";"";"";"";"";"";"";"";"";""
"02/04/2023";"2000";"";"";"";"";"";"";"";"";"";"";"";"";"";"";"";"";""
"02/04/2023";"2100";"";"";"";"";"";"";"";"";"";"";"";"";"";"";"";"";""
"02/04/2023";"2200";"";"";"";"";"";"";"";"";"";"";"";"";"";"";"";"";""
"02/04/2023";"2300";"";"";"";"";"";"";"";"";"";"";"";"";"";"";"";"";""
"03/04/2023";"0000";"";"";"";"";"";"";"";"";"";"";"";"";"";"";"";"";""
"03/04/2023";"0100";"";"";"";"";"";"";"";"";"";"";"";"";"";"";"";"";""
"03/04/2023";"0200";"";"";"";"";"";"";"";"";"";"";"";"";"";"";"";"";""
"03/04/2023";"0300";"";"";"";"";"";"";"";"";"";"";"";"";"";"";"";"";""
"03/04/2023";"0400";"";"";"";"";"";"";"";"";"";"";"";"";"";"";"";"";""
"03/04/2023";"0500";"";"";"";"";"";"";"";"";"";"";"";"";"";"";"";"";""
"03/04/2023";"0600";"";"";"";"";"";"";"";"";"";"";"";"";"";"";"";"";""
"03/04/2023";"0700";"";"";"";"";"";"";"";"";"";"";"";"";"";"";"";"";""
"03/04/2023";"0800";"";"";"";"";"";"";"";"";"";"";"";"";"";"";"";"";""
"03/04/2023";"0900";"";"";"";"";"";"";"";"";"";"";"";"";"";"";"";"";""
"03/04/2023";"1000";"";"";"";"";"";"";"";"";"";"";"";"";"";"";"";"";""
"03/04/2023";"1100";"";"";"";"";"";"";"";"";"";"";"";"";"";"";"";"";""
"03/04/2023";"1200";"";"";"";"";"";"";"";"";"";"";"";"";"";"";"";"";""
"03/04/2023";"1300";"";"";"";"";"";"";"";"";"";"";"";"";"";"";"";"";""
"03/04/2023";"1400";"";"";"";"";"";"";"";"";"";"";"";"";"";"";"";"";""
"03/04/2023";"1500";"";"";"";"";"";"";"";"";"";"";"";"";"";"";"";"";""
"03/04/2023";"1600";"";"";"";"";"";"";"";"";"";"";"";"";"";"";"";"";""
"03/04/2023";"1700";"";"";"";"";"";"";"";"";"";"";"";"";"";"";"";"";""
"03/04/2023";"1800";"";"";"";"";"";"";"";"";"";"";"";"";"";"";"";"";""
"03/04/2023";"1900";"";"";"";"";"";"";"";"";"";"";"";"";"";"";"";"";""
"03/04/2023";"2000";"";"";"";"";"";"";"";"";"";"";"";"";"";"";"";"";""
"03/04/2023";"2100";"";"";"";"";"";"";"";"";"";"";"";"";"";"";"";"";""
"03/04/2023";"2200";"";"";"";"";"";"";"";"";"";"";"";"";"";"";"";"";""
"03/04/2023";"2300";"";"";"";"";"";"";"";"";"";"";"";"";"";"";"";"";""
"04/04/2023";"0000";"";"";"";"";"";"";"";"";"";"";"";"";"";"";"";"";""
"04/04/2023";"0100";"";"";"";"";"";"";"";"";"";"";"";"";"";"";"";"";""
"04/04/2023";"0200";"";"";"";"";"";"";"";"";"";"";"";"";"";"";"";"";""
"04/04/2023";"0300";"";"";"";"";"";"";"";"";"";"";"";"";"";"";"";"";""
"04/04/2023";"0400";"";"";"";"";"";"";"";"";"";"";"";"";"";"";"";"";""
"04/04/2023";"0500";"";"";"";"";"";"";"";"";"";"";"";"";"";"";"";"";""
"04/04/2023";"0600";"";"";"";"";"";"";"";"";"";"";"";"";"";"";"";"";""
"04/04/2023";"0700";"";"";"";"";"";"";"";"";"";"";"";"";"";"";"";"";""
"04/04/2023";"0800";"";"";"";"";"";"";"";"";"";"";"";"";"";"";"";"";""
"04/04/2023";"0900";"";"";"";"";"";"";"";"";"";"";"";"";"";"";"";"";""
"04/04/2023";"1000";"";"";"";"";"";"";"";"";"";"";"";"";"";"";"";"";""
"04/04/2023";"1100";"";"";"";"";"";"";"";"";"";"";"";"";"";"";"";"";""
"04/04/2023";"1200";"";"";"";"";"";"";"";"";"";"";"";"";"";"";"";"";""
"04/04/2023";"1300";"";"";"";"";"";"";"";"";"";"";"";"";"";"";"";"";""
"04/04/2023";"1400";"";"";"";"";"";"";"";"";"";"";"";"";"";"";"";"";""
"04/04/2023";"1500";"";"";"";"";"";"";"";"";"";"";"";"";"";"";"";"";""
"04/04/2023";"1600";"";"";"";"";"";"";"";"";"";"";"";"";"";"";"";"";""
"04/04/2023";"1700";"";"";"";"";"";"";"";"";"";"";"";"";"";"";"";"";""
"04/04/2023";"1800";"";"";"";"";"";"";"";"";"";"";"";"";"";"";"";"";""
"04/04/2023";"1900";"";"";"";"";"";"";"";"";"";"";"";"";"";"";"";"";""
"04/04/2023";"2000";"";"";"";"";"";"";"";"";"";"";"";"";"";"";"";"";""
"04/04/2023";"2100";"";"";"";"";"";"";"";"";"";"";"";"";"";"";"";"";""
"04/04/2023";"2200";"";"";"";"";"";"";"";"";"";"";"";"";"";"";"";"";""
"04/04/2023";"2300";"";"";"";"";"";"";"";"";"";"";"";"";"";"";"";"";""
"05/04/2023";"0000";"";"";"";"";"";"";"";"";"";"";"";"";"";"";"";"";""
"05/04/2023";"0100";"";"";"";"";"";"";"";"";"";"";"";"";"";"";"";"";""
"05/04/2023";"0200";"";"";"";"";"";"";"";"";"";"";"";"";"";"";"";"";""
"05/04/2023";"0300";"";"";"";"";"";"";"";"";"";"";"";"";"";"";"";"";""
"05/04/2023";"0400";"";"";"";"";"";"";"";"";"";"";"";"";"";"";"";"";""
"05/04/2023";"0500";"";"";"";"";"";"";"";"";"";"";"";"";"";"";"";"";""
"05/04/2023";"0600";"";"";"";"";"";"";"";"";"";"";"";"";"";"";"";"";""
"05/04/2023";"0700";"";"";"";"";"";"";"";"";"";"";"";"";"";"";"";"";""
"05/04/2023";"0800";"";"";"";"";"";"";"";"";"";"";"";"";"";"";"";"";""
"05/04/2023";"0900";"";"";"";"";"";"";"";"";"";"";"";"";"";"";"";"";""
"05/04/2023";"1000";"";"";"";"";"";"";"";"";"";"";"";"";"";"";"";"";""
"05/04/2023";"1100";"";"";"";"";"";"";"";"";"";"";"";"";"";"";"";"";""
"05/04/2023";"1200";"";"";"";"";"";"";"";"";"";"";"";"";"";"";"";"";""
"05/04/2023";"1300";"";"";"";"";"";"";"";"";"";"";"";"";"";"";"";"";""
"05/04/2023";"1400";"";"";"";"";"";"";"";"";"";"";"";"";"";"";"";"";""
"05/04/2023";"1500";"";"";"";"";"";"";"";"";"";"";"";"";"";"";"";"";""
"05/04/2023";"1600";"";"";"";"";"";"";"";"";"";"";"";"";"";"";"";"";""
"05/04/2023";"1700";"";"";"";"";"";"";"";"";"";"";"";"";"";"";"";"";""
"05/04/2023";"1800";"";"";"";"";"";"";"";"";"";"";"";"";"";"";"";"";""
"05/04/2023";"1900";"";"";"";"";"";"";"";"";"";"";"";"";"";"";"";"";""
"05/04/2023";"2000";"";"";"";"";"";"";"";"";"";"";"";"";"";"";"";"";""
"05/04/2023";"2100";"";"";"";"";"";"";"";"";"";"";"";"";"";"";"";"";""
"05/04/2023";"2200";"";"";"";"";"";"";"";"";"";"";"";"";"";"";"";"";""
"05/04/2023";"2300";"";"";"";"";"";"";"";"";"";"";"";"";"";"";"";"";""
"06/04/2023";"0000";"";"";"";"";"";"";"";"";"";"";"";"";"";"";"";"";""
"06/04/2023";"0100";"";"";"";"";"";"";"";"";"";"";"";"";"";"";"";"";""
"06/04/2023";"0200";"";"";"";"";"";"";"";"";"";"";"";"";"";"";"";"";""
"06/04/2023";"0300";"";"";"";"";"";"";"";"";"";"";"";"";"";"";"";"";""
"06/04/2023";"0400";"";"";"";"";"";"";"";"";"";"";"";"";"";"";"";"";""
"06/04/2023";"0500";"";"";"";"";"";"";"";"";"";"";"";"";"";"";"";"";""
"06/04/2023";"0600";"";"";"";"";"";"";"";"";"";"";"";"";"";"";"";"";""
"06/04/2023";"0700";"";"";"";"";"";"";"";"";"";"";"";"";"";"";"";"";""
"06/04/2023";"0800";"";"";"";"";"";"";"";"";"";"";"";"";"";"";"";"";""
"06/04/2023";"0900";"";"";"";"";"";"";"";"";"";"";"";"";"";"";"";"";""
"06/04/2023";"1000";"";"";"";"";"";"";"";"";"";"";"";"";"";"";"";"";""
"06/04/2023";"1100";"";"";"";"";"";"";"";"";"";"";"";"";"";"";"";"";""
"06/04/2023";"1200";"";"";"";"";"";"";"";"";"";"";"";"";"";"";"";"";""
"06/04/2023";"1300";"";"";"";"";"";"";"";"";"";"";"";"";"";"";"";"";""
"06/04/2023";"1400";"";"";"";"";"";"";"";"";"";"";"";"";"";"";"";"";""
"06/04/2023";"1500";"";"";"";"";"";"";"";"";"";"";"";"";"";"";"";"";""
"06/04/2023";"1600";"";"";"";"";"";"";"";"";"";"";"";"";"";"";"";"";""
"06/04/2023";"1700";"";"";"";"";"";"";"";"";"";"";"";"";"";"";"";"";""
"06/04/2023";"1800";"";"";"";"";"";"";"";"";"";"";"";"";"";"";"";"";""
"06/04/2023";"1900";"";"";"";"";"";"";"";"";"";"";"";"";"";"";"";"";""
"06/04/2023";"2000";"";"";"";"";"";"";"";"";"";"";"";"";"";"";"";"";""
"06/04/2023";"2100";"";"";"";"";"";"";"";"";"";"";"";"";"";"";"";"";""
"06/04/2023";"2200";"";"";"";"";"";"";"";"";"";"";"";"";"";"";"";"";""
"06/04/2023";"2300";"";"";"";"";"";"";"";"";"";"";"";"";"";"";"";"";""
"07/04/2023";"0000";"";"";"";"";"";"";"";"";"";"";"";"";"";"";"";"";""
"07/04/2023";"0100";"";"";"";"";"";"";"";"";"";"";"";"";"";"";"";"";""
"07/04/2023";"0200";"";"";"";"";"";"";"";"";"";"";"";"";"";"";"";"";""
"07/04/2023";"0300";"";"";"";"";"";"";"";"";"";"";"";"";"";"";"";"";""
"07/04/2023";"0400";"";"";"";"";"";"";"";"";"";"";"";"";"";"";"";"";""
"07/04/2023";"0500";"";"";"";"";"";"";"";"";"";"";"";"";"";"";"";"";""
"07/04/2023";"0600";"";"";"";"";"";"";"";"";"";"";"";"";"";"";"";"";""
"07/04/2023";"0700";"";"";"";"";"";"";"";"";"";"";"";"";"";"";"";"";""
"07/04/2023";"0800";"";"";"";"";"";"";"";"";"";"";"";"";"";"";"";"";""
"07/04/2023";"0900";"";"";"";"";"";"";"";"";"";"";"";"";"";"";"";"";""
"07/04/2023";"1000";"";"";"";"";"";"";"";"";"";"";"";"";"";"";"";"";""
"07/04/2023";"1100";"";"";"";"";"";"";"";"";"";"";"";"";"";"";"";"";""
"07/04/2023";"1200";"";"";"";"";"";"";"";"";"";"";"";"";"";"";"";"";""
"07/04/2023";"1300";"";"";"";"";"";"";"";"";"";"";"";"";"";"";"";"";""
"07/04/2023";"1400";"";"";"";"";"";"";"";"";"";"";"";"";"";"";"";"";""
"07/04/2023";"1500";"";"";"";"";"";"";"";"";"";"";"";"";"";"";"";"";""
"07/04/2023";"1600";"";"";"";"";"";"";"";"";"";"";"";"";"";"";"";"";""
"07/04/2023";"1700";"";"";"";"";"";"";"";"";"";"";"";"";"";"";"";"";""
"07/04/2023";"1800";"";"";"";"";"";"";"";"";"";"";"";"";"";"";"";"";""
"07/04/2023";"1900";"";"";"";"";"";"";"";"";"";"";"";"";"";"";"";"";""
"07/04/2023";"2000";"";"";"";"";"";"";"";"";"";"";"";"";"";"";"";"";""
"07/04/2023";"2100";"";"";"";"";"";"";"";"";"";"";"";"";"";"";"";"";""
"07/04/2023";"2200";"";"";"";"";"";"";"";"";"";"";"";"";"";"";"";"";""
"07/04/2023";"2300";"";"";"";"";"";"";"";"";"";"";"";"";"";"";"";"";""
"08/04/2023";"0000";"";"";"";"";"";"";"";"";"";"";"";"";"";"";"";"";""
"08/04/2023";"0100";"";"";"";"";"";"";"";"";"";"";"";"";"";"";"";"";""
"08/04/2023";"0200";"";"";"";"";"";"";"";"";"";"";"";"";"";"";"";"";""
"08/04/2023";"0300";"";"";"";"";"";"";"";"";"";"";"";"";"";"";"";"";""
"08/04/2023";"0400";"";"";"";"";"";"";"";"";"";"";"";"";"";"";"";"";""
"08/04/2023";"0500";"";"";"";"";"";"";"";"";"";"";"";"";"";"";"";"";""
"08/04/2023";"0600";"";"";"";"";"";"";"";"";"";"";"";"";"";"";"";"";""
"08/04/2023";"0700";"";"";"";"";"";"";"";"";"";"";"";"";"";"";"";"";""
"08/04/2023";"0800";"";"";"";"";"";"";"";"";"";"";"";"";"";"";"";"";""
"08/04/2023";"0900";"";"";"";"";"";"";"";"";"";"";"";"";"";"";"";"";""
"08/04/2023";"1000";"";"";"";"";"";"";"";"";"";"";"";"";"";"";"";"";""
"08/04/2023";"1100";"";"";"";"";"";"";"";"";"";"";"";"";"";"";"";"";""
"08/04/2023";"1200";"";"";"";"";"";"";"";"";"";"";"";"";"";"";"";"";""
"08/04/2023";"1300";"";"";"";"";"";"";"";"";"";"";"";"";"";"";"";"";""
"08/04/2023";"1400";"";"";"";"";"";"";"";"";"";"";"";"";"";"";"";"";""
"08/04/2023";"1500";"";"";"";"";"";"";"";"";"";"";"";"";"";"";"";"";""
"08/04/2023";"1600";"";"";"";"";"";"";"";"";"";"";"";"";"";"";"";"";""
"08/04/2023";"1700";"";"";"";"";"";"";"";"";"";"";"";"";"";"";"";"";""
"08/04/2023";"1800";"";"";"";"";"";"";"";"";"";"";"";"";"";"";"";"";""
"08/04/2023";"1900";"";"";"";"";"";"";"";"";"";"";"";"";"";"";"";"";""
"08/04/2023";"2000";"";"";"";"";"";"";"";"";"";"";"";"";"";"";"";"";""
"08/04/2023";"2100";"";"";"";"";"";"";"";"";"";"";"";"";"";"";"";"";""
"08/04/2023";"2200";"";"";"";"";"";"";"";"";"";"";"";"";"";"";"";"";""
"08/04/2023";"2300";"";"";"";"";"";"";"";"";"";"";"";"";"";"";"";"";""
"09/04/2023";"0000";"";"";"";"";"";"";"";"";"";"";"";"";"";"";"";"";""
"09/04/2023";"0100";"";"";"";"";"";"";"";"";"";"";"";"";"";"";"";"";""
"09/04/2023";"0200";"";"";"";"";"";"";"";"";"";"";"";"";"";"";"";"";""
"09/04/2023";"0300";"";"";"";"";"";"";"";"";"";"";"";"";"";"";"";"";""
"09/04/2023";"0400";"";"";"";"";"";"";"";"";"";"";"";"";"";"";"";"";""
"09/04/2023";"0500";"";"";"";"";"";"";"";"";"";"";"";"";"";"";"";"";""
"09/04/2023";"0600";"";"";"";"";"";"";"";"";"";"";"";"";"";"";"";"";""
"09/04/2023";"0700";"";"";"";"";"";"";"";"";"";"";"";"";"";"";"";"";""
"09/04/2023";"0800";"";"";"";"";"";"";"";"";"";"";"";"";"";"";"";"";""
"09/04/2023";"0900";"";"";"";"";"";"";"";"";"";"";"";"";"";"";"";"";""
"09/04/2023";"1000";"";"";"";"";"";"";"";"";"";"";"";"";"";"";"";"";""
"09/04/2023";"1100";"";"";"";"";"";"";"";"";"";"";"";"";"";"";"";"";""
"09/04/2023";"1200";"";"";"";"";"";"";"";"";"";"";"";"";"";"";"";"";""
"09/04/2023";"1300";"";"";"";"";"";"";"";"";"";"";"";"";"";"";"";"";""
"09/04/2023";"1400";"";"";"";"";"";"";"";"";"";"";"";"";"";"";"";"";""
"09/04/2023";"1500";"";"";"";"";"";"";"";"";"";"";"";"";"";"";"";"";""
"09/04/2023";"1600";"";"";"";"";"";"";"";"";"";"";"";"";"";"";"";"";""
"09/04/2023";"1700";"";"";"";"";"";"";"";"";"";"";"";"";"";"";"";"";""
"09/04/2023";"1800";"";"";"";"";"";"";"";"";"";"";"";"";"";"";"";"";""
"09/04/2023";"1900";"";"";"";"";"";"";"";"";"";"";"";"";"";"";"";"";""
"09/04/2023";"2000";"";"";"";"";"";"";"";"";"";"";"";"";"";"";"";"";""
"09/04/2023";"2100";"";"";"";"";"";"";"";"";"";"";"";"";"";"";"";"";""
"09/04/2023";"2200";"";"";"";"";"";"";"";"";"";"";"";"";"";"";"";"";""
"09/04/2023";"2300";"";"";"";"";"";"";"";"";"";"";"";"";"";"";"";"";""
"10/04/2023";"0000";"";"";"";"";"";"";"";"";"";"";"";"";"";"";"";"";""
"10/04/2023";"0100";"";"";"";"";"";"";"";"";"";"";"";"";"";"";"";"";""
"10/04/2023";"0200";"";"";"";"";"";"";"";"";"";"";"";"";"";"";"";"";""
"10/04/2023";"0300";"";"";"";"";"";"";"";"";"";"";"";"";"";"";"";"";""
"10/04/2023";"0400";"";"";"";"";"";"";"";"";"";"";"";"";"";"";"";"";""
"10/04/2023";"0500";"";"";"";"";"";"";"";"";"";"";"";"";"";"";"";"";""
"10/04/2023";"0600";"";"";"";"";"";"";"";"";"";"";"";"";"";"";"";"";""
"10/04/2023";"0700";"";"";"";"";"";"";"";"";"";"";"";"";"";"";"";"";""
"10/04/2023";"0800";"";"";"";"";"";"";"";"";"";"";"";"";"";"";"";"";""
"10/04/2023";"0900";"";"";"";"";"";"";"";"";"";"";"";"";"";"";"";"";""
"10/04/2023";"1000";"";"";"";"";"";"";"";"";"";"";"";"";"";"";"";"";""
"10/04/2023";"1100";"";"";"";"";"";"";"";"";"";"";"";"";"";"";"";"";""
"10/04/2023";"1200";"";"";"";"";"";"";"";"";"";"";"";"";"";"";"";"";""
"10/04/2023";"1300";"";"";"";"";"";"";"";"";"";"";"";"";"";"";"";"";""
"10/04/2023";"1400";"";"";"";"";"";"";"";"";"";"";"";"";"";"";"";"";""
"10/04/2023";"1500";"";"";"";"";"";"";"";"";"";"";"";"";"";"";"";"";""
"10/04/2023";"1600";"";"";"";"";"";"";"";"";"";"";"";"";"";"";"";"";""
"10/04/2023";"1700";"";"";"";"";"";"";"";"";"";"";"";"";"";"";"";"";""
"10/04/2023";"1800";"";"";"";"";"";"";"";"";"";"";"";"";"";"";"";"";""
"10/04/2023";"1900";"";"";"";"";"";"";"";"";"";"";"";"";"";"";"";"";""
"10/04/2023";"2000";"";"";"";"";"";"";"";"";"";"";"";"";"";"";"";"";""
"10/04/2023";"2100";"";"";"";"";"";"";"";"";"";"";"";"";"";"";"";"";""
"10/04/2023";"2200";"";"";"";"";"";"";"";"";"";"";"";"";"";"";"";"";""
"10/04/2023";"2300";"";"";"";"";"";"";"";"";"";"";"";"";"";"";"";"";""
"11/04/2023";"0000";"";"";"";"";"";"";"";"";"";"";"";"";"";"";"";"";""
"11/04/2023";"0100";"";"";"";"";"";"";"";"";"";"";"";"";"";"";"";"";""
"11/04/2023";"0200";"";"";"";"";"";"";"";"";"";"";"";"";"";"";"";"";""
"11/04/2023";"0300";"";"";"";"";"";"";"";"";"";"";"";"";"";"";"";"";""
"11/04/2023";"0400";"";"";"";"";"";"";"";"";"";"";"";"";"";"";"";"";""
"11/04/2023";"0500";"";"";"";"";"";"";"";"";"";"";"";"";"";"";"";"";""
"11/04/2023";"0600";"";"";"";"";"";"";"";"";"";"";"";"";"";"";"";"";""
"11/04/2023";"0700";"";"";"";"";"";"";"";"";"";"";"";"";"";"";"";"";""
"11/04/2023";"0800";"";"";"";"";"";"";"";"";"";"";"";"";"";"";"";"";""
"11/04/2023";"0900";"";"";"";"";"";"";"";"";"";"";"";"";"";"";"";"";""
"11/04/2023";"1000";"";"";"";"";"";"";"";"";"";"";"";"";"";"";"";"";""
"11/04/2023";"1100";"";"";"";"";"";"";"";"";"";"";"";"";"";"";"";"";""
"11/04/2023";"1200";"";"";"";"";"";"";"";"";"";"";"";"";"";"";"";"";""
"11/04/2023";"1300";"";"";"";"";"";"";"";"";"";"";"";"";"";"";"";"";""
"11/04/2023";"1400";"";"";"";"";"";"";"";"";"";"";"";"";"";"";"";"";""
"11/04/2023";"1500";"";"";"";"";"";"";"";"";"";"";"";"";"";"";"";"";""
"11/04/2023";"1600";"";"";"";"";"";"";"";"";"";"";"";"";"";"";"";"";""
"11/04/2023";"1700";"";"";"";"";"";"";"";"";"";"";"";"";"";"";"";"";""
"11/04/2023";"1800";"";"";"";"";"";"";"";"";"";"";"";"";"";"";"";"";""
"11/04/2023";"1900";"";"";"";"";"";"";"";"";"";"";"";"";"";"";"";"";""
"11/04/2023";"2000";"";"";"";"";"";"";"";"";"";"";"";"";"";"";"";"";""
"11/04/2023";"2100";"";"";"";"";"";"";"";"";"";"";"";"";"";"";"";"";""
"11/04/2023";"2200";"";"";"";"";"";"";"";"";"";"";"";"";"";"";"";"";""
"11/04/2023";"2300";"";"";"";"";"";"";"";"";"";"";"";"";"";"";"";"";""
"12/04/2023";"0000";"";"";"";"";"";"";"";"";"";"";"";"";"";"";"";"";""
"12/04/2023";"0100";"";"";"";"";"";"";"";"";"";"";"";"";"";"";"";"";""
"12/04/2023";"0200";"";"";"";"";"";"";"";"";"";"";"";"";"";"";"";"";""
"12/04/2023";"0300";"";"";"";"";"";"";"";"";"";"";"";"";"";"";"";"";""
"12/04/2023";"0400";"";"";"";"";"";"";"";"";"";"";"";"";"";"";"";"";""
"12/04/2023";"0500";"";"";"";"";"";"";"";"";"";"";"";"";"";"";"";"";""
"12/04/2023";"0600";"";"";"";"";"";"";"";"";"";"";"";"";"";"";"";"";""
"12/04/2023";"0700";"";"";"";"";"";"";"";"";"";"";"";"";"";"";"";"";""
"12/04/2023";"0800";"";"";"";"";"";"";"";"";"";"";"";"";"";"";"";"";""
"12/04/2023";"0900";"";"";"";"";"";"";"";"";"";"";"";"";"";"";"";"";""
"12/04/2023";"1000";"";"";"";"";"";"";"";"";"";"";"";"";"";"";"";"";""
"12/04/2023";"1100";"";"";"";"";"";"";"";"";"";"";"";"";"";"";"";"";""
"12/04/2023";"1200";"";"";"";"";"";"";"";"";"";"";"";"";"";"";"";"";""
"12/04/2023";"1300";"";"";"";"";"";"";"";"";"";"";"";"";"";"";"";"";""
"12/04/2023";"1400";"";"";"";"";"";"";"";"";"";"";"";"";"";"";"";"";""
"12/04/2023";"1500";"";"";"";"";"";"";"";"";"";"";"";"";"";"";"";"";""
"12/04/2023";"1600";"";"";"";"";"";"";"";"";"";"";"";"";"";"";"";"";""
"12/04/2023";"1700";"";"";"";"";"";"";"";"";"";"";"";"";"";"";"";"";""
"12/04/2023";"1800";"";"";"";"";"";"";"";"";"";"";"";"";"";"";"";"";""
"12/04/2023";"1900";"";"";"";"";"";"";"";"";"";"";"";"";"";"";"";"";""
"12/04/2023";"2000";"";"";"";"";"";"";"";"";"";"";"";"";"";"";"";"";""
"12/04/2023";"2100";"";"";"";"";"";"";"";"";"";"";"";"";"";"";"";"";""
"12/04/2023";"2200";"";"";"";"";"";"";"";"";"";"";"";"";"";"";"";"";""
"12/04/2023";"2300";"";"";"";"";"";"";"";"";"";"";"";"";"";"";"";"";""
"13/04/2023";"0000";"";"";"";"";"";"";"";"";"";"";"";"";"";"";"";"";""
"13/04/2023";"0100";"";"";"";"";"";"";"";"";"";"";"";"";"";"";"";"";""
"13/04/2023";"0200";"";"";"";"";"";"";"";"";"";"";"";"";"";"";"";"";""
"13/04/2023";"0300";"";"";"";"";"";"";"";"";"";"";"";"";"";"";"";"";""
"13/04/2023";"0400";"";"";"";"";"";"";"";"";"";"";"";"";"";"";"";"";""
"13/04/2023";"0500";"";"";"";"";"";"";"";"";"";"";"";"";"";"";"";"";""
"13/04/2023";"0600";"";"";"";"";"";"";"";"";"";"";"";"";"";"";"";"";""
"13/04/2023";"0700";"";"";"";"";"";"";"";"";"";"";"";"";"";"";"";"";""
"13/04/2023";"0800";"";"";"";"";"";"";"";"";"";"";"";"";"";"";"";"";""
"13/04/2023";"0900";"";"";"";"";"";"";"";"";"";"";"";"";"";"";"";"";""
"13/04/2023";"1000";"";"";"";"";"";"";"";"";"";"";"";"";"";"";"";"";""
"13/04/2023";"1100";"";"";"";"";"";"";"";"";"";"";"";"";"";"";"";"";""
"13/04/2023";"1200";"";"";"";"";"";"";"";"";"";"";"";"";"";"";"";"";""
"13/04/2023";"1300";"";"";"";"";"";"";"";"";"";"";"";"";"";"";"";"";""
"13/04/2023";"1400";"";"";"";"";"";"";"";"";"";"";"";"";"";"";"";"";""
"13/04/2023";"1500";"";"";"";"";"";"";"";"";"";"";"";"";"";"";"";"";""
"13/04/2023";"1600";"";"";"";"";"";"";"";"";"";"";"";"";"";"";"";"";""
"13/04/2023";"1700";"";"";"";"";"";"";"";"";"";"";"";"";"";"";"";"";""
"13/04/2023";"1800";"";"";"";"";"";"";"";"";"";"";"";"";"";"";"";"";""
"13/04/2023";"1900";"";"";"";"";"";"";"";"";"";"";"";"";"";"";"";"";""
"13/04/2023";"2000";"";"";"";"";"";"";"";"";"";"";"";"";"";"";"";"";""
"13/04/2023";"2100";"";"";"";"";"";"";"";"";"";"";"";"";"";"";"";"";""
"13/04/2023";"2200";"";"";"";"";"";"";"";"";"";"";"";"";"";"";"";"";""
"13/04/2023";"2300";"";"";"";"";"";"";"";"";"";"";"";"";"";"";"";"";""
"14/04/2023";"0000";"";"";"";"";"";"";"";"";"";"";"";"";"";"";"";"";""
"14/04/2023";"0100";"";"";"";"";"";"";"";"";"";"";"";"";"";"";"";"";""
"14/04/2023";"0200";"";"";"";"";"";"";"";"";"";"";"";"";"";"";"";"";""
"14/04/2023";"0300";"";"";"";"";"";"";"";"";"";"";"";"";"";"";"";"";""
"14/04/2023";"0400";"";"";"";"";"";"";"";"";"";"";"";"";"";"";"";"";""
"14/04/2023";"0500";"";"";"";"";"";"";"";"";"";"";"";"";"";"";"";"";""
"14/04/2023";"0600";"";"";"";"";"";"";"";"";"";"";"";"";"";"";"";"";""
"14/04/2023";"0700";"";"";"";"";"";"";"";"";"";"";"";"";"";"";"";"";""
"14/04/2023";"0800";"";"";"";"";"";"";"";"";"";"";"";"";"";"";"";"";""
"14/04/2023";"0900";"";"";"";"";"";"";"";"";"";"";"";"";"";"";"";"";""
"14/04/2023";"1000";"";"";"";"";"";"";"";"";"";"";"";"";"";"";"";"";""
"14/04/2023";"1100";"";"";"";"";"";"";"";"";"";"";"";"";"";"";"";"";""
"14/04/2023";"1200";"";"";"";"";"";"";"";"";"";"";"";"";"";"";"";"";""
"14/04/2023";"1300";"";"";"";"";"";"";"";"";"";"";"";"";"";"";"";"";""
"14/04/2023";"1400";"";"";"";"";"";"";"";"";"";"";"";"";"";"";"";"";""
"14/04/2023";"1500";"";"";"";"";"";"";"";"";"";"";"";"";"";"";"";"";""
"14/04/2023";"1600";"";"";"";"";"";"";"";"";"";"";"";"";"";"";"";"";""
"14/04/2023";"1700";"";"";"";"";"";"";"";"";"";"";"";"";"";"";"";"";""
"14/04/2023";"1800";"";"";"";"";"";"";"";"";"";"";"";"";"";"";"";"";""
"14/04/2023";"1900";"";"";"";"";"";"";"";"";"";"";"";"";"";"";"";"";""
"14/04/2023";"2000";"";"";"";"";"";"";"";"";"";"";"";"";"";"";"";"";""
"14/04/2023";"2100";"";"";"";"";"";"";"";"";"";"";"";"";"";"";"";"";""
"14/04/2023";"2200";"";"";"";"";"";"";"";"";"";"";"";"";"";"";"";"";""
"14/04/2023";"2300";"";"";"";"";"";"";"";"";"";"";"";"";"";"";"";"";""
"15/04/2023";"0000";"";"";"";"";"";"";"";"";"";"";"";"";"";"";"";"";""
"15/04/2023";"0100";"";"";"";"";"";"";"";"";"";"";"";"";"";"";"";"";""
"15/04/2023";"0200";"";"";"";"";"";"";"";"";"";"";"";"";"";"";"";"";""
"15/04/2023";"0300";"";"";"";"";"";"";"";"";"";"";"";"";"";"";"";"";""
"15/04/2023";"0400";"";"";"";"";"";"";"";"";"";"";"";"";"";"";"";"";""
"15/04/2023";"0500";"";"";"";"";"";"";"";"";"";"";"";"";"";"";"";"";""
"15/04/2023";"0600";"";"";"";"";"";"";"";"";"";"";"";"";"";"";"";"";""
"15/04/2023";"0700";"";"";"";"";"";"";"";"";"";"";"";"";"";"";"";"";""
"15/04/2023";"0800";"";"";"";"";"";"";"";"";"";"";"";"";"";"";"";"";""
"15/04/2023";"0900";"";"";"";"";"";"";"";"";"";"";"";"";"";"";"";"";""
"15/04/2023";"1000";"";"";"";"";"";"";"";"";"";"";"";"";"";"";"";"";""
"15/04/2023";"1100";"";"";"";"";"";"";"";"";"";"";"";"";"";"";"";"";""
"15/04/2023";"1200";"";"";"";"";"";"";"";"";"";"";"";"";"";"";"";"";""
"15/04/2023";"1300";"";"";"";"";"";"";"";"";"";"";"";"";"";"";"";"";""
"15/04/2023";"1400";"";"";"";"";"";"";"";"";"";"";"";"";"";"";"";"";""
"15/04/2023";"1500";"";"";"";"";"";"";"";"";"";"";"";"";"";"";"";"";""
"15/04/2023";"1600";"";"";"";"";"";"";"";"";"";"";"";"";"";"";"";"";""
"15/04/2023";"1700";"";"";"";"";"";"";"";"";"";"";"";"";"";"";"";"";""
"15/04/2023";"1800";"";"";"";"";"";"";"";"";"";"";"";"";"";"";"";"";""
"15/04/2023";"1900";"";"";"";"";"";"";"";"";"";"";"";"";"";"";"";"";""
"15/04/2023";"2000";"";"";"";"";"";"";"";"";"";"";"";"";"";"";"";"";""
"15/04/2023";"2100";"";"";"";"";"";"";"";"";"";"";"";"";"";"";"";"";""
"15/04/2023";"2200";"";"";"";"";"";"";"";"";"";"";"";"";"";"";"";"";""
"15/04/2023";"2300";"";"";"";"";"";"";"";"";"";"";"";"";"";"";"";"";""
"16/04/2023";"0000";"";"";"";"";"";"";"";"";"";"";"";"";"";"";"";"";""
"16/04/2023";"0100";"";"";"";"";"";"";"";"";"";"";"";"";"";"";"";"";""
"16/04/2023";"0200";"";"";"";"";"";"";"";"";"";"";"";"";"";"";"";"";""
"16/04/2023";"0300";"";"";"";"";"";"";"";"";"";"";"";"";"";"";"";"";""
"16/04/2023";"0400";"";"";"";"";"";"";"";"";"";"";"";"";"";"";"";"";""
"16/04/2023";"0500";"";"";"";"";"";"";"";"";"";"";"";"";"";"";"";"";""
"16/04/2023";"0600";"";"";"";"";"";"";"";"";"";"";"";"";"";"";"";"";""
"16/04/2023";"0700";"";"";"";"";"";"";"";"";"";"";"";"";"";"";"";"";""
"16/04/2023";"0800";"";"";"";"";"";"";"";"";"";"";"";"";"";"";"";"";""
"16/04/2023";"0900";"";"";"";"";"";"";"";"";"";"";"";"";"";"";"";"";""
"16/04/2023";"1000";"";"";"";"";"";"";"";"";"";"";"";"";"";"";"";"";""
"16/04/2023";"1100";"";"";"";"";"";"";"";"";"";"";"";"";"";"";"";"";""
"16/04/2023";"1200";"";"";"";"";"";"";"";"";"";"";"";"";"";"";"";"";""
"16/04/2023";"1300";"";"";"";"";"";"";"";"";"";"";"";"";"";"";"";"";""
"16/04/2023";"1400";"";"";"";"";"";"";"";"";"";"";"";"";"";"";"";"";""
"16/04/2023";"1500";"";"";"";"";"";"";"";"";"";"";"";"";"";"";"";"";""
"16/04/2023";"1600";"";"";"";"";"";"";"";"";"";"";"";"";"";"";"";"";""
"16/04/2023";"1700";"";"";"";"";"";"";"";"";"";"";"";"";"";"";"";"";""
"16/04/2023";"1800";"";"";"";"";"";"";"";"";"";"";"";"";"";"";"";"";""
"16/04/2023";"1900";"";"";"";"";"";"";"";"";"";"";"";"";"";"";"";"";""
"16/04/2023";"2000";"";"";"";"";"";"";"";"";"";"";"";"";"";"";"";"";""
"16/04/2023";"2100";"";"";"";"";"";"";"";"";"";"";"";"";"";"";"";"";""
"16/04/2023";"2200";"";"";"";"";"";"";"";"";"";"";"";"";"";"";"";"";""
"16/04/2023";"2300";"";"";"";"";"";"";"";"";"";"";"";"";"";"";"";"";""
"17/04/2023";"0000";"";"";"";"";"";"";"";"";"";"";"";"";"";"";"";"";""
"17/04/2023";"0100";"";"";"";"";"";"";"";"";"";"";"";"";"";"";"";"";""
"17/04/2023";"0200";"";"";"";"";"";"";"";"";"";"";"";"";"";"";"";"";""
"17/04/2023";"0300";"";"";"";"";"";"";"";"";"";"";"";"";"";"";"";"";""
"17/04/2023";"0400";"";"";"";"";"";"";"";"";"";"";"";"";"";"";"";"";""
"17/04/2023";"0500";"";"";"";"";"";"";"";"";"";"";"";"";"";"";"";"";""
"17/04/2023";"0600";"";"";"";"";"";"";"";"";"";"";"";"";"";"";"";"";""
"17/04/2023";"0700";"";"";"";"";"";"";"";"";"";"";"";"";"";"";"";"";""
"17/04/2023";"0800";"";"";"";"";"";"";"";"";"";"";"";"";"";"";"";"";""
"17/04/2023";"0900";"";"";"";"";"";"";"";"";"";"";"";"";"";"";"";"";""
"17/04/2023";"1000";"";"";"";"";"";"";"";"";"";"";"";"";"";"";"";"";""
"17/04/2023";"1100";"";"";"";"";"";"";"";"";"";"";"";"";"";"";"";"";""
"17/04/2023";"1200";"";"";"";"";"";"";"";"";"";"";"";"";"";"";"";"";""
"17/04/2023";"1300";"";"";"";"";"";"";"";"";"";"";"";"";"";"";"";"";""
"17/04/2023";"1400";"";"";"";"";"";"";"";"";"";"";"";"";"";"";"";"";""
"17/04/2023";"1500";"";"";"";"";"";"";"";"";"";"";"";"";"";"";"";"";""
"17/04/2023";"1600";"";"";"";"";"";"";"";"";"";"";"";"";"";"";"";"";""
"17/04/2023";"1700";"";"";"";"";"";"";"";"";"";"";"";"";"";"";"";"";""
"17/04/2023";"1800";"";"";"";"";"";"";"";"";"";"";"";"";"";"";"";"";""
"17/04/2023";"1900";"";"";"";"";"";"";"";"";"";"";"";"";"";"";"";"";""
"17/04/2023";"2000";"";"";"";"";"";"";"";"";"";"";"";"";"";"";"";"";""
"17/04/2023";"2100";"";"";"";"";"";"";"";"";"";"";"";"";"";"";"";"";""
"17/04/2023";"2200";"";"";"";"";"";"";"";"";"";"";"";"";"";"";"";"";""
"17/04/2023";"2300";"";"";"";"";"";"";"";"";"";"";"";"";"";"";"";"";""
"18/04/2023";"0000";"";"";"";"";"";"";"";"";"";"";"";"";"";"";"";"";""
"18/04/2023";"0100";"";"";"";"";"";"";"";"";"";"";"";"";"";"";"";"";""
"18/04/2023";"0200";"";"";"";"";"";"";"";"";"";"";"";"";"";"";"";"";""
"18/04/2023";"0300";"";"";"";"";"";"";"";"";"";"";"";"";"";"";"";"";""
"18/04/2023";"0400";"";"";"";"";"";"";"";"";"";"";"";"";"";"";"";"";""
"18/04/2023";"0500";"";"";"";"";"";"";"";"";"";"";"";"";"";"";"";"";""
"18/04/2023";"0600";"";"";"";"";"";"";"";"";"";"";"";"";"";"";"";"";""
"18/04/2023";"0700";"";"";"";"";"";"";"";"";"";"";"";"";"";"";"";"";""
"18/04/2023";"0800";"";"";"";"";"";"";"";"";"";"";"";"";"";"";"";"";""
"18/04/2023";"0900";"";"";"";"";"";"";"";"";"";"";"";"";"";"";"";"";""
"18/04/2023";"1000";"";"";"";"";"";"";"";"";"";"";"";"";"";"";"";"";""
"18/04/2023";"1100";"";"";"";"";"";"";"";"";"";"";"";"";"";"";"";"";""
"18/04/2023";"1200";"";"";"";"";"";"";"";"";"";"";"";"";"";"";"";"";""
"18/04/2023";"1300";"";"";"";"";"";"";"";"";"";"";"";"";"";"";"";"";""
"18/04/2023";"1400";"";"";"";"";"";"";"";"";"";"";"";"";"";"";"";"";""
"18/04/2023";"1500";"";"";"";"";"";"";"";"";"";"";"";"";"";"";"";"";""
"18/04/2023";"1600";"";"";"";"";"";"";"";"";"";"";"";"";"";"";"";"";""
"18/04/2023";"1700";"";"";"";"";"";"";"";"";"";"";"";"";"";"";"";"";""
"18/04/2023";"1800";"";"";"";"";"";"";"";"";"";"";"";"";"";"";"";"";""
"18/04/2023";"1900";"";"";"";"";"";"";"";"";"";"";"";"";"";"";"";"";""
"18/04/2023";"2000";"";"";"";"";"";"";"";"";"";"";"";"";"";"";"";"";""
"18/04/2023";"2100";"";"";"";"";"";"";"";"";"";"";"";"";"";"";"";"";""
"18/04/2023";"2200";"";"";"";"";"";"";"";"";"";"";"";"";"";"";"";"";""
"18/04/2023";"2300";"";"";"";"";"";"";"";"";"";"";"";"";"";"";"";"";""
"19/04/2023";"0000";"";"";"";"";"";"";"";"";"";"";"";"";"";"";"";"";""
"19/04/2023";"0100";"";"";"";"";"";"";"";"";"";"";"";"";"";"";"";"";""
"19/04/2023";"0200";"";"";"";"";"";"";"";"";"";"";"";"";"";"";"";"";""
"19/04/2023";"0300";"";"";"";"";"";"";"";"";"";"";"";"";"";"";"";"";""
"19/04/2023";"0400";"";"";"";"";"";"";"";"";"";"";"";"";"";"";"";"";""
"19/04/2023";"0500";"";"";"";"";"";"";"";"";"";"";"";"";"";"";"";"";""
"19/04/2023";"0600";"";"";"";"";"";"";"";"";"";"";"";"";"";"";"";"";""
"19/04/2023";"0700";"";"";"";"";"";"";"";"";"";"";"";"";"";"";"";"";""
"19/04/2023";"0800";"";"";"";"";"";"";"";"";"";"";"";"";"";"";"";"";""
"19/04/2023";"0900";"";"";"";"";"";"";"";"";"";"";"";"";"";"";"";"";""
"19/04/2023";"1000";"";"";"";"";"";"";"";"";"";"";"";"";"";"";"";"";""
"19/04/2023";"1100";"";"";"";"";"";"";"";"";"";"";"";"";"";"";"";"";""
"19/04/2023";"1200";"";"";"";"";"";"";"";"";"";"";"";"";"";"";"";"";""
"19/04/2023";"1300";"";"";"";"";"";"";"";"";"";"";"";"";"";"";"";"";""
"19/04/2023";"1400";"";"";"";"";"";"";"";"";"";"";"";"";"";"";"";"";""
"19/04/2023";"1500";"";"";"";"";"";"";"";"";"";"";"";"";"";"";"";"";""
"19/04/2023";"1600";"";"";"";"";"";"";"";"";"";"";"";"";"";"";"";"";""
"19/04/2023";"1700";"";"";"";"";"";"";"";"";"";"";"";"";"";"";"";"";""
"19/04/2023";"1800";"";"";"";"";"";"";"";"";"";"";"";"";"";"";"";"";""
"19/04/2023";"1900";"";"";"";"";"";"";"";"";"";"";"";"";"";"";"";"";""
"19/04/2023";"2000";"";"";"";"";"";"";"";"";"";"";"";"";"";"";"";"";""
"19/04/2023";"2100";"";"";"";"";"";"";"";"";"";"";"";"";"";"";"";"";""
"19/04/2023";"2200";"";"";"";"";"";"";"";"";"";"";"";"";"";"";"";"";""
"19/04/2023";"2300";"";"";"";"";"";"";"";"";"";"";"";"";"";"";"";"";""
"20/04/2023";"0000";"";"";"";"";"";"";"";"";"";"";"";"";"";"";"";"";""
"20/04/2023";"0100";"";"";"";"";"";"";"";"";"";"";"";"";"";"";"";"";""
"20/04/2023";"0200";"";"";"";"";"";"";"";"";"";"";"";"";"";"";"";"";""
"20/04/2023";"0300";"";"";"";"";"";"";"";"";"";"";"";"";"";"";"";"";""
"20/04/2023";"0400";"";"";"";"";"";"";"";"";"";"";"";"";"";"";"";"";""
"20/04/2023";"0500";"";"";"";"";"";"";"";"";"";"";"";"";"";"";"";"";""
"20/04/2023";"0600";"";"";"";"";"";"";"";"";"";"";"";"";"";"";"";"";""
"20/04/2023";"0700";"";"";"";"";"";"";"";"";"";"";"";"";"";"";"";"";""
"20/04/2023";"0800";"";"";"";"";"";"";"";"";"";"";"";"";"";"";"";"";""
"20/04/2023";"0900";"";"";"";"";"";"";"";"";"";"";"";"";"";"";"";"";""
"20/04/2023";"1000";"";"";"";"";"";"";"";"";"";"";"";"";"";"";"";"";""
"20/04/2023";"1100";"";"";"";"";"";"";"";"";"";"";"";"";"";"";"";"";""
"20/04/2023";"1200";"";"";"";"";"";"";"";"";"";"";"";"";"";"";"";"";""
"20/04/2023";"1300";"";"";"";"";"";"";"";"";"";"";"";"";"";"";"";"";""
"20/04/2023";"1400";"";"";"";"";"";"";"";"";"";"";"";"";"";"";"";"";""
"20/04/2023";"1500";"";"";"";"";"";"";"";"";"";"";"";"";"";"";"";"";""
"20/04/2023";"1600";"";"";"";"";"";"";"";"";"";"";"";"";"";"";"";"";""
"20/04/2023";"1700";"";"";"";"";"";"";"";"";"";"";"";"";"";"";"";"";""
"20/04/2023";"1800";"";"";"";"";"";"";"";"";"";"";"";"";"";"";"";"";""
"20/04/2023";"1900";"";"";"";"";"";"";"";"";"";"";"";"";"";"";"";"";""
"20/04/2023";"2000";"";"";"";"";"";"";"";"";"";"";"";"";"";"";"";"";""
"20/04/2023";"2100";"";"";"";"";"";"";"";"";"";"";"";"";"";"";"";"";""
"20/04/2023";"2200";"";"";"";"";"";"";"";"";"";"";"";"";"";"";"";"";""
"20/04/2023";"2300";"";"";"";"";"";"";"";"";"";"";"";"";"";"";"";"";""
"21/04/2023";"0000";"";"";"";"";"";"";"";"";"";"";"";"";"";"";"";"";""
"21/04/2023";"0100";"";"";"";"";"";"";"";"";"";"";"";"";"";"";"";"";""
"21/04/2023";"0200";"";"";"";"";"";"";"";"";"";"";"";"";"";"";"";"";""
"21/04/2023";"0300";"";"";"";"";"";"";"";"";"";"";"";"";"";"";"";"";""
"21/04/2023";"0400";"";"";"";"";"";"";"";"";"";"";"";"";"";"";"";"";""
"21/04/2023";"0500";"";"";"";"";"";"";"";"";"";"";"";"";"";"";"";"";""
"21/04/2023";"0600";"";"";"";"";"";"";"";"";"";"";"";"";"";"";"";"";""
"21/04/2023";"0700";"";"";"";"";"";"";"";"";"";"";"";"";"";"";"";"";""
"21/04/2023";"0800";"";"";"";"";"";"";"";"";"";"";"";"";"";"";"";"";""
"21/04/2023";"0900";"";"";"";"";"";"";"";"";"";"";"";"";"";"";"";"";""
"21/04/2023";"1000";"";"";"";"";"";"";"";"";"";"";"";"";"";"";"";"";""
"21/04/2023";"1100";"";"";"";"";"";"";"";"";"";"";"";"";"";"";"";"";""
"21/04/2023";"1200";"";"";"";"";"";"";"";"";"";"";"";"";"";"";"";"";""
"21/04/2023";"1300";"";"";"";"";"";"";"";"";"";"";"";"";"";"";"";"";""
"21/04/2023";"1400";"";"";"";"";"";"";"";"";"";"";"";"";"";"";"";"";""
"21/04/2023";"1500";"";"";"";"";"";"";"";"";"";"";"";"";"";"";"";"";""
"21/04/2023";"1600";"";"";"";"";"";"";"";"";"";"";"";"";"";"";"";"";""
"21/04/2023";"1700";"";"";"";"";"";"";"";"";"";"";"";"";"";"";"";"";""
"21/04/2023";"1800";"";"";"";"";"";"";"";"";"";"";"";"";"";"";"";"";""
"21/04/2023";"1900";"";"";"";"";"";"";"";"";"";"";"";"";"";"";"";"";""
"21/04/2023";"2000";"";"";"";"";"";"";"";"";"";"";"";"";"";"";"";"";""
"21/04/2023";"2100";"";"";"";"";"";"";"";"";"";"";"";"";"";"";"";"";""
"21/04/2023";"2200";"";"";"";"";"";"";"";"";"";"";"";"";"";"";"";"";""
"21/04/2023";"2300";"";"";"";"";"";"";"";"";"";"";"";"";"";"";"";"";""
"22/04/2023";"0000";"";"";"";"";"";"";"";"";"";"";"";"";"";"";"";"";""
"22/04/2023";"0100";"";"";"";"";"";"";"";"";"";"";"";"";"";"";"";"";""
"22/04/2023";"0200";"";"";"";"";"";"";"";"";"";"";"";"";"";"";"";"";""
"22/04/2023";"0300";"";"";"";"";"";"";"";"";"";"";"";"";"";"";"";"";""
"22/04/2023";"0400";"";"";"";"";"";"";"";"";"";"";"";"";"";"";"";"";""
"22/04/2023";"0500";"";"";"";"";"";"";"";"";"";"";"";"";"";"";"";"";""
"22/04/2023";"0600";"";"";"";"";"";"";"";"";"";"";"";"";"";"";"";"";""
"22/04/2023";"0700";"";"";"";"";"";"";"";"";"";"";"";"";"";"";"";"";""
"22/04/2023";"0800";"";"";"";"";"";"";"";"";"";"";"";"";"";"";"";"";""
"22/04/2023";"0900";"";"";"";"";"";"";"";"";"";"";"";"";"";"";"";"";""
"22/04/2023";"1000";"";"";"";"";"";"";"";"";"";"";"";"";"";"";"";"";""
"22/04/2023";"1100";"";"";"";"";"";"";"";"";"";"";"";"";"";"";"";"";""
"22/04/2023";"1200";"";"";"";"";"";"";"";"";"";"";"";"";"";"";"";"";""
"22/04/2023";"1300";"";"";"";"";"";"";"";"";"";"";"";"";"";"";"";"";""
"22/04/2023";"1400";"";"";"";"";"";"";"";"";"";"";"";"";"";"";"";"";""
"22/04/2023";"1500";"";"";"";"";"";"";"";"";"";"";"";"";"";"";"";"";""
"22/04/2023";"1600";"";"";"";"";"";"";"";"";"";"";"";"";"";"";"";"";""
"22/04/2023";"1700";"";"";"";"";"";"";"";"";"";"";"";"";"";"";"";"";""
"22/04/2023";"1800";"";"";"";"";"";"";"";"";"";"";"";"";"";"";"";"";""
"22/04/2023";"1900";"";"";"";"";"";"";"";"";"";"";"";"";"";"";"";"";""
"22/04/2023";"2000";"";"";"";"";"";"";"";"";"";"";"";"";"";"";"";"";""
"22/04/2023";"2100";"";"";"";"";"";"";"";"";"";"";"";"";"";"";"";"";""
"22/04/2023";"2200";"";"";"";"";"";"";"";"";"";"";"";"";"";"";"";"";""
"22/04/2023";"2300";"";"";"";"";"";"";"";"";"";"";"";"";"";"";"";"";""
"23/04/2023";"0000";"";"";"";"";"";"";"";"";"";"";"";"";"";"";"";"";""
"23/04/2023";"0100";"";"";"";"";"";"";"";"";"";"";"";"";"";"";"";"";""
"23/04/2023";"0200";"";"";"";"";"";"";"";"";"";"";"";"";"";"";"";"";""
"23/04/2023";"0300";"";"";"";"";"";"";"";"";"";"";"";"";"";"";"";"";""
"23/04/2023";"0400";"";"";"";"";"";"";"";"";"";"";"";"";"";"";"";"";""
"23/04/2023";"0500";"";"";"";"";"";"";"";"";"";"";"";"";"";"";"";"";""
"23/04/2023";"0600";"";"";"";"";"";"";"";"";"";"";"";"";"";"";"";"";""
"23/04/2023";"0700";"";"";"";"";"";"";"";"";"";"";"";"";"";"";"";"";""
"23/04/2023";"0800";"";"";"";"";"";"";"";"";"";"";"";"";"";"";"";"";""
"23/04/2023";"0900";"";"";"";"";"";"";"";"";"";"";"";"";"";"";"";"";""
"23/04/2023";"1000";"";"";"";"";"";"";"";"";"";"";"";"";"";"";"";"";""
"23/04/2023";"1100";"";"";"";"";"";"";"";"";"";"";"";"";"";"";"";"";""
"23/04/2023";"1200";"";"";"";"";"";"";"";"";"";"";"";"";"";"";"";"";""
"23/04/2023";"1300";"";"";"";"";"";"";"";"";"";"";"";"";"";"";"";"";""
"23/04/2023";"1400";"";"";"";"";"";"";"";"";"";"";"";"";"";"";"";"";""
"23/04/2023";"1500";"";"";"";"";"";"";"";"";"";"";"";"";"";"";"";"";""
"23/04/2023";"1600";"";"";"";"";"";"";"";"";"";"";"";"";"";"";"";"";""
"23/04/2023";"1700";"";"";"";"";"";"";"";"";"";"";"";"";"";"";"";"";""
"23/04/2023";"1800";"";"";"";"";"";"";"";"";"";"";"";"";"";"";"";"";""
"23/04/2023";"1900";"";"";"";"";"";"";"";"";"";"";"";"";"";"";"";"";""
"23/04/2023";"2000";"";"";"";"";"";"";"";"";"";"";"";"";"";"";"";"";""
"23/04/2023";"2100";"";"";"";"";"";"";"";"";"";"";"";"";"";"";"";"";""
"23/04/2023";"2200";"";"";"";"";"";"";"";"";"";"";"";"";"";"";"";"";""
"23/04/2023";"2300";"";"";"";"";"";"";"";"";"";"";"";"";"";"";"";"";""
"24/04/2023";"0000";"";"";"";"";"";"";"";"";"";"";"";"";"";"";"";"";""
"24/04/2023";"0100";"";"";"";"";"";"";"";"";"";"";"";"";"";"";"";"";""
"24/04/2023";"0200";"";"";"";"";"";"";"";"";"";"";"";"";"";"";"";"";""
"24/04/2023";"0300";"";"";"";"";"";"";"";"";"";"";"";"";"";"";"";"";""
"24/04/2023";"0400";"";"";"";"";"";"";"";"";"";"";"";"";"";"";"";"";""
"24/04/2023";"0500";"";"";"";"";"";"";"";"";"";"";"";"";"";"";"";"";""
"24/04/2023";"0600";"";"";"";"";"";"";"";"";"";"";"";"";"";"";"";"";""
"24/04/2023";"0700";"";"";"";"";"";"";"";"";"";"";"";"";"";"";"";"";""
"24/04/2023";"0800";"";"";"";"";"";"";"";"";"";"";"";"";"";"";"";"";""
"24/04/2023";"0900";"";"";"";"";"";"";"";"";"";"";"";"";"";"";"";"";""
"24/04/2023";"1000";"";"";"";"";"";"";"";"";"";"";"";"";"";"";"";"";""
"24/04/2023";"1100";"";"";"";"";"";"";"";"";"";"";"";"";"";"";"";"";""
"24/04/2023";"1200";"";"";"";"";"";"";"";"";"";"";"";"";"";"";"";"";""
"24/04/2023";"1300";"";"";"";"";"";"";"";"";"";"";"";"";"";"";"";"";""
"24/04/2023";"1400";"";"";"";"";"";"";"";"";"";"";"";"";"";"";"";"";""
"24/04/2023";"1500";"";"";"";"";"";"";"";"";"";"";"";"";"";"";"";"";""
"24/04/2023";"1600";"";"";"";"";"";"";"";"";"";"";"";"";"";"";"";"";""
"24/04/2023";"1700";"";"";"";"";"";"";"";"";"";"";"";"";"";"";"";"";""
"24/04/2023";"1800";"";"";"";"";"";"";"";"";"";"";"";"";"";"";"";"";""
"24/04/2023";"1900";"";"";"";"";"";"";"";"";"";"";"";"";"";"";"";"";""
"24/04/2023";"2000";"";"";"";"";"";"";"";"";"";"";"";"";"";"";"";"";""
"24/04/2023";"2100";"";"";"";"";"";"";"";"";"";"";"";"";"";"";"";"";""
"24/04/2023";"2200";"";"";"";"";"";"";"";"";"";"";"";"";"";"";"";"";""
"24/04/2023";"2300";"";"";"";"";"";"";"";"";"";"";"";"";"";"";"";"";""
"25/04/2023";"0000";"";"";"";"";"";"";"";"";"";"";"";"";"";"";"";"";""
"25/04/2023";"0100";"";"";"";"";"";"";"";"";"";"";"";"";"";"";"";"";""
"25/04/2023";"0200";"";"";"";"";"";"";"";"";"";"";"";"";"";"";"";"";""
"25/04/2023";"0300";"";"";"";"";"";"";"";"";"";"";"";"";"";"";"";"";""
"25/04/2023";"0400";"";"";"";"";"";"";"";"";"";"";"";"";"";"";"";"";""
"25/04/2023";"0500";"";"";"";"";"";"";"";"";"";"";"";"";"";"";"";"";""
"25/04/2023";"0600";"";"";"";"";"";"";"";"";"";"";"";"";"";"";"";"";""
"25/04/2023";"0700";"";"";"";"";"";"";"";"";"";"";"";"";"";"";"";"";""
"25/04/2023";"0800";"";"";"";"";"";"";"";"";"";"";"";"";"";"";"";"";""
"25/04/2023";"0900";"";"";"";"";"";"";"";"";"";"";"";"";"";"";"";"";""
"25/04/2023";"1000";"";"";"";"";"";"";"";"";"";"";"";"";"";"";"";"";""
"25/04/2023";"1100";"";"";"";"";"";"";"";"";"";"";"";"";"";"";"";"";""
"25/04/2023";"1200";"";"";"";"";"";"";"";"";"";"";"";"";"";"";"";"";""
"25/04/2023";"1300";"";"";"";"";"";"";"";"";"";"";"";"";"";"";"";"";""
"25/04/2023";"1400";"";"";"";"";"";"";"";"";"";"";"";"";"";"";"";"";""
"25/04/2023";"1500";"";"";"";"";"";"";"";"";"";"";"";"";"";"";"";"";""
"25/04/2023";"1600";"";"";"";"";"";"";"";"";"";"";"";"";"";"";"";"";""
"25/04/2023";"1700";"";"";"";"";"";"";"";"";"";"";"";"";"";"";"";"";""
"25/04/2023";"1800";"";"";"";"";"";"";"";"";"";"";"";"";"";"";"";"";""
"25/04/2023";"1900";"";"";"";"";"";"";"";"";"";"";"";"";"";"";"";"";""
"25/04/2023";"2000";"";"";"";"";"";"";"";"";"";"";"";"";"";"";"";"";""
"25/04/2023";"2100";"";"";"";"";"";"";"";"";"";"";"";"";"";"";"";"";""
"25/04/2023";"2200";"";"";"";"";"";"";"";"";"";"";"";"";"";"";"";"";""
"25/04/2023";"2300";"";"";"";"";"";"";"";"";"";"";"";"";"";"";"";"";""
"26/04/2023";"0000";"";"";"";"";"";"";"";"";"";"";"";"";"";"";"";"";""
"26/04/2023";"0100";"";"";"";"";"";"";"";"";"";"";"";"";"";"";"";"";""
"26/04/2023";"0200";"";"";"";"";"";"";"";"";"";"";"";"";"";"";"";"";""
"26/04/2023";"0300";"";"";"";"";"";"";"";"";"";"";"";"";"";"";"";"";""
"26/04/2023";"0400";"";"";"";"";"";"";"";"";"";"";"";"";"";"";"";"";""
"26/04/2023";"0500";"";"";"";"";"";"";"";"";"";"";"";"";"";"";"";"";""
"26/04/2023";"0600";"";"";"";"";"";"";"";"";"";"";"";"";"";"";"";"";""
"26/04/2023";"0700";"";"";"";"";"";"";"";"";"";"";"";"";"";"";"";"";""
"26/04/2023";"0800";"";"";"";"";"";"";"";"";"";"";"";"";"";"";"";"";""
"26/04/2023";"0900";"";"";"";"";"";"";"";"";"";"";"";"";"";"";"";"";""
"26/04/2023";"1000";"";"";"";"";"";"";"";"";"";"";"";"";"";"";"";"";""
"26/04/2023";"1100";"";"";"";"";"";"";"";"";"";"";"";"";"";"";"";"";""
"26/04/2023";"1200";"";"";"";"";"";"";"";"";"";"";"";"";"";"";"";"";""
"26/04/2023";"1300";"";"";"";"";"";"";"";"";"";"";"";"";"";"";"";"";""
"26/04/2023";"1400";"";"";"";"";"";"";"";"";"";"";"";"";"";"";"";"";""
"26/04/2023";"1500";"";"";"";"";"";"";"";"";"";"";"";"";"";"";"";"";""
"26/04/2023";"1600";"";"";"";"";"";"";"";"";"";"";"";"";"";"";"";"";""
"26/04/2023";"1700";"";"";"";"";"";"";"";"";"";"";"";"";"";"";"";"";""
"26/04/2023";"1800";"";"";"";"";"";"";"";"";"";"";"";"";"";"";"";"";""
"26/04/2023";"1900";"";"";"";"";"";"";"";"";"";"";"";"";"";"";"";"";""
"26/04/2023";"2000";"";"";"";"";"";"";"";"";"";"";"";"";"";"";"";"";""
"26/04/2023";"2100";"";"";"";"";"";"";"";"";"";"";"";"";"";"";"";"";""
"26/04/2023";"2200";"";"";"";"";"";"";"";"";"";"";"";"";"";"";"";"";""
"26/04/2023";"2300";"";"";"";"";"";"";"";"";"";"";"";"";"";"";"";"";""
"27/04/2023";"0000";"";"";"";"";"";"";"";"";"";"";"";"";"";"";"";"";""
"27/04/2023";"0100";"";"";"";"";"";"";"";"";"";"";"";"";"";"";"";"";""
"27/04/2023";"0200";"";"";"";"";"";"";"";"";"";"";"";"";"";"";"";"";""
"27/04/2023";"0300";"";"";"";"";"";"";"";"";"";"";"";"";"";"";"";"";""
"27/04/2023";"0400";"";"";"";"";"";"";"";"";"";"";"";"";"";"";"";"";""
"27/04/2023";"0500";"";"";"";"";"";"";"";"";"";"";"";"";"";"";"";"";""
"27/04/2023";"0600";"";"";"";"";"";"";"";"";"";"";"";"";"";"";"";"";""
"27/04/2023";"0700";"";"";"";"";"";"";"";"";"";"";"";"";"";"";"";"";""
"27/04/2023";"0800";"";"";"";"";"";"";"";"";"";"";"";"";"";"";"";"";""
"27/04/2023";"0900";"";"";"";"";"";"";"";"";"";"";"";"";"";"";"";"";""
"27/04/2023";"1000";"";"";"";"";"";"";"";"";"";"";"";"";"";"";"";"";""
"27/04/2023";"1100";"";"";"";"";"";"";"";"";"";"";"";"";"";"";"";"";""
"27/04/2023";"1200";"";"";"";"";"";"";"";"";"";"";"";"";"";"";"";"";""
"27/04/2023";"1300";"";"";"";"";"";"";"";"";"";"";"";"";"";"";"";"";""
"27/04/2023";"1400";"";"";"";"";"";"";"";"";"";"";"";"";"";"";"";"";""
"27/04/2023";"1500";"";"";"";"";"";"";"";"";"";"";"";"";"";"";"";"";""
"27/04/2023";"1600";"";"";"";"";"";"";"";"";"";"";"";"";"";"";"";"";""
"27/04/2023";"1700";"";"";"";"";"";"";"";"";"";"";"";"";"";"";"";"";""
"27/04/2023";"1800";"";"";"";"";"";"";"";"";"";"";"";"";"";"";"";"";""
"27/04/2023";"1900";"";"";"";"";"";"";"";"";"";"";"";"";"";"";"";"";""
"27/04/2023";"2000";"";"";"";"";"";"";"";"";"";"";"";"";"";"";"";"";""
"27/04/2023";"2100";"";"";"";"";"";"";"";"";"";"";"";"";"";"";"";"";""
"27/04/2023";"2200";"";"";"";"";"";"";"";"";"";"";"";"";"";"";"";"";""
"27/04/2023";"2300";"";"";"";"";"";"";"";"";"";"";"";"";"";"";"";"";""
"28/04/2023";"0000";"";"";"";"";"";"";"";"";"";"";"";"";"";"";"";"";""
"28/04/2023";"0100";"";"";"";"";"";"";"";"";"";"";"";"";"";"";"";"";""
"28/04/2023";"0200";"";"";"";"";"";"";"";"";"";"";"";"";"";"";"";"";""
"28/04/2023";"0300";"";"";"";"";"";"";"";"";"";"";"";"";"";"";"";"";""
"28/04/2023";"0400";"";"";"";"";"";"";"";"";"";"";"";"";"";"";"";"";""
"28/04/2023";"0500";"";"";"";"";"";"";"";"";"";"";"";"";"";"";"";"";""
"28/04/2023";"0600";"";"";"";"";"";"";"";"";"";"";"";"";"";"";"";"";""
"28/04/2023";"0700";"";"";"";"";"";"";"";"";"";"";"";"";"";"";"";"";""
"28/04/2023";"0800";"";"";"";"";"";"";"";"";"";"";"";"";"";"";"";"";""
"28/04/2023";"0900";"";"";"";"";"";"";"";"";"";"";"";"";"";"";"";"";""
"28/04/2023";"1000";"";"";"";"";"";"";"";"";"";"";"";"";"";"";"";"";""
"28/04/2023";"1100";"";"";"";"";"";"";"";"";"";"";"";"";"";"";"";"";""
"28/04/2023";"1200";"";"";"";"";"";"";"";"";"";"";"";"";"";"";"";"";""
"28/04/2023";"1300";"";"";"";"";"";"";"";"";"";"";"";"";"";"";"";"";""
"28/04/2023";"1400";"";"";"";"";"";"";"";"";"";"";"";"";"";"";"";"";""
"28/04/2023";"1500";"";"";"";"";"";"";"";"";"";"";"";"";"";"";"";"";""
"28/04/2023";"1600";"";"";"";"";"";"";"";"";"";"";"";"";"";"";"";"";""
"28/04/2023";"1700";"";"";"";"";"";"";"";"";"";"";"";"";"";"";"";"";""
"28/04/2023";"1800";"";"";"";"";"";"";"";"";"";"";"";"";"";"";"";"";""
"28/04/2023";"1900";"";"";"";"";"";"";"";"";"";"";"";"";"";"";"";"";""
"28/04/2023";"2000";"";"";"";"";"";"";"";"";"";"";"";"";"";"";"";"";""
"28/04/2023";"2100";"";"";"";"";"";"";"";"";"";"";"";"";"";"";"";"";""
"28/04/2023";"2200";"";"";"";"";"";"";"";"";"";"";"";"";"";"";"";"";""
"28/04/2023";"2300";"";"";"";"";"";"";"";"";"";"";"";"";"";"";"";"";""
"29/04/2023";"0000";"";"";"";"";"";"";"";"";"";"";"";"";"";"";"";"";""
"29/04/2023";"0100";"";"";"";"";"";"";"";"";"";"";"";"";"";"";"";"";""
"29/04/2023";"0200";"";"";"";"";"";"";"";"";"";"";"";"";"";"";"";"";""
"29/04/2023";"0300";"";"";"";"";"";"";"";"";"";"";"";"";"";"";"";"";""
"29/04/2023";"0400";"";"";"";"";"";"";"";"";"";"";"";"";"";"";"";"";""
"29/04/2023";"0500";"";"";"";"";"";"";"";"";"";"";"";"";"";"";"";"";""
"29/04/2023";"0600";"";"";"";"";"";"";"";"";"";"";"";"";"";"";"";"";""
"29/04/2023";"0700";"";"";"";"";"";"";"";"";"";"";"";"";"";"";"";"";""
"29/04/2023";"0800";"";"";"";"";"";"";"";"";"";"";"";"";"";"";"";"";""
"29/04/2023";"0900";"";"";"";"";"";"";"";"";"";"";"";"";"";"";"";"";""
"29/04/2023";"1000";"";"";"";"";"";"";"";"";"";"";"";"";"";"";"";"";""
"29/04/2023";"1100";"";"";"";"";"";"";"";"";"";"";"";"";"";"";"";"";""
"29/04/2023";"1200";"";"";"";"";"";"";"";"";"";"";"";"";"";"";"";"";""
"29/04/2023";"1300";"";"";"";"";"";"";"";"";"";"";"";"";"";"";"";"";""
"29/04/2023";"1400";"";"";"";"";"";"";"";"";"";"";"";"";"";"";"";"";""
"29/04/2023";"1500";"";"";"";"";"";"";"";"";"";"";"";"";"";"";"";"";""
"29/04/2023";"1600";"";"";"";"";"";"";"";"";"";"";"";"";"";"";"";"";""
"29/04/2023";"1700";"";"";"";"";"";"";"";"";"";"";"";"";"";"";"";"";""
"29/04/2023";"1800";"";"";"";"";"";"";"";"";"";"";"";"";"";"";"";"";""
"29/04/2023";"1900";"";"";"";"";"";"";"";"";"";"";"";"";"";"";"";"";""
"29/04/2023";"2000";"";"";"";"";"";"";"";"";"";"";"";"";"";"";"";"";""
"29/04/2023";"2100";"";"";"";"";"";"";"";"";"";"";"";"";"";"";"";"";""
"29/04/2023";"2200";"";"";"";"";"";"";"";"";"";"";"";"";"";"";"";"";""
"29/04/2023";"2300";"";"";"";"";"";"";"";"";"";"";"";"";"";"";"";"";""
"30/04/2023";"0000";"";"";"";"";"";"";"";"";"";"";"";"";"";"";"";"";""
"30/04/2023";"0100";"";"";"";"";"";"";"";"";"";"";"";"";"";"";"";"";""
"30/04/2023";"0200";"";"";"";"";"";"";"";"";"";"";"";"";"";"";"";"";""
"30/04/2023";"0300";"";"";"";"";"";"";"";"";"";"";"";"";"";"";"";"";""
"30/04/2023";"0400";"";"";"";"";"";"";"";"";"";"";"";"";"";"";"";"";""
"30/04/2023";"0500";"";"";"";"";"";"";"";"";"";"";"";"";"";"";"";"";""
"30/04/2023";"0600";"";"";"";"";"";"";"";"";"";"";"";"";"";"";"";"";""
"30/04/2023";"0700";"";"";"";"";"";"";"";"";"";"";"";"";"";"";"";"";""
"30/04/2023";"0800";"";"";"";"";"";"";"";"";"";"";"";"";"";"";"";"";""
"30/04/2023";"0900";"";"";"";"";"";"";"";"";"";"";"";"";"";"";"";"";""
"30/04/2023";"1000";"";"";"";"";"";"";"";"";"";"";"";"";"";"";"";"";""
"30/04/2023";"1100";"";"";"";"";"";"";"";"";"";"";"";"";"";"";"";"";""
"30/04/2023";"1200";"";"";"";"";"";"";"";"";"";"";"";"";"";"";"";"";""
"30/04/2023";"1300";"";"";"";"";"";"";"";"";"";"";"";"";"";"";"";"";""
"30/04/2023";"1400";"";"";"";"";"";"";"";"";"";"";"";"";"";"";"";"";""
"30/04/2023";"1500";"";"";"";"";"";"";"";"";"";"";"";"";"";"";"";"";""
"30/04/2023";"1600";"";"";"";"";"";"";"";"";"";"";"";"";"";"";"";"";""
"30/04/2023";"1700";"";"";"";"";"";"";"";"";"";"";"";"";"";"";"";"";""
"30/04/2023";"1800";"";"";"";"";"";"";"";"";"";"";"";"";"";"";"";"";""
"30/04/2023";"1900";"";"";"";"";"";"";"";"";"";"";"";"";"";"";"";"";""
"30/04/2023";"2000";"";"";"";"";"";"";"";"";"";"";"";"";"";"";"";"";""
"30/04/2023";"2100";"";"";"";"";"";"";"";"";"";"";"";"";"";"";"";"";""
"30/04/2023";"2200";"";"";"";"";"";"";"";"";"";"";"";"";"";"";"";"";""
"30/04/2023";"2300";"";"";"";"";"";"";"";"";"";"";"";"";"";"";"";"";""
"01/05/2023";"0000";"";"";"";"";"";"";"";"";"";"";"";"";"";"";"";"";""
"01/05/2023";"0100";"";"";"";"";"";"";"";"";"";"";"";"";"";"";"";"";""
"01/05/2023";"0200";"";"";"";"";"";"";"";"";"";"";"";"";"";"";"";"";""
"01/05/2023";"0300";"";"";"";"";"";"";"";"";"";"";"";"";"";"";"";"";""
"01/05/2023";"0400";"";"";"";"";"";"";"";"";"";"";"";"";"";"";"";"";""
"01/05/2023";"0500";"";"";"";"";"";"";"";"";"";"";"";"";"";"";"";"";""
"01/05/2023";"0600";"";"";"";"";"";"";"";"";"";"";"";"";"";"";"";"";""
"01/05/2023";"0700";"";"";"";"";"";"";"";"";"";"";"";"";"";"";"";"";""
"01/05/2023";"0800";"";"";"";"";"";"";"";"";"";"";"";"";"";"";"";"";""
"01/05/2023";"0900";"";"";"";"";"";"";"";"";"";"";"";"";"";"";"";"";""
"01/05/2023";"1000";"";"";"";"";"";"";"";"";"";"";"";"";"";"";"";"";""
"01/05/2023";"1100";"";"";"";"";"";"";"";"";"";"";"";"";"";"";"";"";""
"01/05/2023";"1200";"";"";"";"";"";"";"";"";"";"";"";"";"";"";"";"";""
"01/05/2023";"1300";"";"";"";"";"";"";"";"";"";"";"";"";"";"";"";"";""
"01/05/2023";"1400";"";"";"";"";"";"";"";"";"";"";"";"";"";"";"";"";""
"01/05/2023";"1500";"";"";"";"";"";"";"";"";"";"";"";"";"";"";"";"";""
"01/05/2023";"1600";"";"";"";"";"";"";"";"";"";"";"";"";"";"";"";"";""
"01/05/2023";"1700";"";"";"";"";"";"";"";"";"";"";"";"";"";"";"";"";""
"01/05/2023";"1800";"";"";"";"";"";"";"";"";"";"";"";"";"";"";"";"";""
"01/05/2023";"1900";"";"";"";"";"";"";"";"";"";"";"";"";"";"";"";"";""
"01/05/2023";"2000";"";"";"";"";"";"";"";"";"";"";"";"";"";"";"";"";""
"01/05/2023";"2100";"";"";"";"";"";"";"";"";"";"";"";"";"";"";"";"";""
"01/05/2023";"2200";"";"";"";"";"";"";"";"";"";"";"";"";"";"";"";"";""
"01/05/2023";"2300";"";"";"";"";"";"";"";"";"";"";"";"";"";"";"";"";""
"02/05/2023";"0000";"";"";"";"";"";"";"";"";"";"";"";"";"";"";"";"";""
"02/05/2023";"0100";"";"";"";"";"";"";"";"";"";"";"";"";"";"";"";"";""
"02/05/2023";"0200";"";"";"";"";"";"";"";"";"";"";"";"";"";"";"";"";""
"02/05/2023";"0300";"";"";"";"";"";"";"";"";"";"";"";"";"";"";"";"";""
"02/05/2023";"0400";"";"";"";"";"";"";"";"";"";"";"";"";"";"";"";"";""
"02/05/2023";"0500";"";"";"";"";"";"";"";"";"";"";"";"";"";"";"";"";""
"02/05/2023";"0600";"";"";"";"";"";"";"";"";"";"";"";"";"";"";"";"";""
"02/05/2023";"0700";"";"";"";"";"";"";"";"";"";"";"";"";"";"";"";"";""
"02/05/2023";"0800";"";"";"";"";"";"";"";"";"";"";"";"";"";"";"";"";""
"02/05/2023";"0900";"";"";"";"";"";"";"";"";"";"";"";"";"";"";"";"";""
"02/05/2023";"1000";"";"";"";"";"";"";"";"";"";"";"";"";"";"";"";"";""
"02/05/2023";"1100";"";"";"";"";"";"";"";"";"";"";"";"";"";"";"";"";""
"02/05/2023";"1200";"";"";"";"";"";"";"";"";"";"";"";"";"";"";"";"";""
"02/05/2023";"1300";"";"";"";"";"";"";"";"";"";"";"";"";"";"";"";"";""
"02/05/2023";"1400";"";"";"";"";"";"";"";"";"";"";"";"";"";"";"";"";""
"02/05/2023";"1500";"";"";"";"";"";"";"";"";"";"";"";"";"";"";"";"";""
"02/05/2023";"1600";"";"";"";"";"";"";"";"";"";"";"";"";"";"";"";"";""
"02/05/2023";"1700";"";"";"";"";"";"";"";"";"";"";"";"";"";"";"";"";""
"02/05/2023";"1800";"";"";"";"";"";"";"";"";"";"";"";"";"";"";"";"";""
"02/05/2023";"1900";"";"";"";"";"";"";"";"";"";"";"";"";"";"";"";"";""
"02/05/2023";"2000";"";"";"";"";"";"";"";"";"";"";"";"";"";"";"";"";""
"02/05/2023";"2100";"";"";"";"";"";"";"";"";"";"";"";"";"";"";"";"";""
"02/05/2023";"2200";"";"";"";"";"";"";"";"";"";"";"";"";"";"";"";"";""
"02/05/2023";"2300";"";"";"";"";"";"";"";"";"";"";"";"";"";"";"";"";""
"03/05/2023";"0000";"";"";"";"";"";"";"";"";"";"";"";"";"";"";"";"";""
"03/05/2023";"0100";"";"";"";"";"";"";"";"";"";"";"";"";"";"";"";"";""
"03/05/2023";"0200";"";"";"";"";"";"";"";"";"";"";"";"";"";"";"";"";""
"03/05/2023";"0300";"";"";"";"";"";"";"";"";"";"";"";"";"";"";"";"";""
"03/05/2023";"0400";"";"";"";"";"";"";"";"";"";"";"";"";"";"";"";"";""
"03/05/2023";"0500";"";"";"";"";"";"";"";"";"";"";"";"";"";"";"";"";""
"03/05/2023";"0600";"";"";"";"";"";"";"";"";"";"";"";"";"";"";"";"";""
"03/05/2023";"0700";"";"";"";"";"";"";"";"";"";"";"";"";"";"";"";"";""
"03/05/2023";"0800";"";"";"";"";"";"";"";"";"";"";"";"";"";"";"";"";""
"03/05/2023";"0900";"";"";"";"";"";"";"";"";"";"";"";"";"";"";"";"";""
"03/05/2023";"1000";"";"";"";"";"";"";"";"";"";"";"";"";"";"";"";"";""
"03/05/2023";"1100";"";"";"";"";"";"";"";"";"";"";"";"";"";"";"";"";""
"03/05/2023";"1200";"";"";"";"";"";"";"";"";"";"";"";"";"";"";"";"";""
"03/05/2023";"1300";"";"";"";"";"";"";"";"";"";"";"";"";"";"";"";"";""
"03/05/2023";"1400";"";"";"";"";"";"";"";"";"";"";"";"";"";"";"";"";""
"03/05/2023";"1500";"";"";"";"";"";"";"";"";"";"";"";"";"";"";"";"";""
"03/05/2023";"1600";"";"";"";"";"";"";"";"";"";"";"";"";"";"";"";"";""
"03/05/2023";"1700";"";"";"";"";"";"";"";"";"";"";"";"";"";"";"";"";""
"03/05/2023";"1800";"";"";"";"";"";"";"";"";"";"";"";"";"";"";"";"";""
"03/05/2023";"1900";"";"";"";"";"";"";"";"";"";"";"";"";"";"";"";"";""
"03/05/2023";"2000";"";"";"";"";"";"";"";"";"";"";"";"";"";"";"";"";""
"03/05/2023";"2100";"";"";"";"";"";"";"";"";"";"";"";"";"";"";"";"";""
"03/05/2023";"2200";"";"";"";"";"";"";"";"";"";"";"";"";"";"";"";"";""
"03/05/2023";"2300";"";"";"";"";"";"";"";"";"";"";"";"";"";"";"";"";""
"04/05/2023";"0000";"";"";"";"";"";"";"";"";"";"";"";"";"";"";"";"";""
"04/05/2023";"0100";"";"";"";"";"";"";"";"";"";"";"";"";"";"";"";"";""
"04/05/2023";"0200";"";"";"";"";"";"";"";"";"";"";"";"";"";"";"";"";""
"04/05/2023";"0300";"";"";"";"";"";"";"";"";"";"";"";"";"";"";"";"";""
"04/05/2023";"0400";"";"";"";"";"";"";"";"";"";"";"";"";"";"";"";"";""
"04/05/2023";"0500";"";"";"";"";"";"";"";"";"";"";"";"";"";"";"";"";""
"04/05/2023";"0600";"";"";"";"";"";"";"";"";"";"";"";"";"";"";"";"";""
"04/05/2023";"0700";"";"";"";"";"";"";"";"";"";"";"";"";"";"";"";"";""
"04/05/2023";"0800";"";"";"";"";"";"";"";"";"";"";"";"";"";"";"";"";""
"04/05/2023";"0900";"";"";"";"";"";"";"";"";"";"";"";"";"";"";"";"";""
"04/05/2023";"1000";"";"";"";"";"";"";"";"";"";"";"";"";"";"";"";"";""
"04/05/2023";"1100";"";"";"";"";"";"";"";"";"";"";"";"";"";"";"";"";""
"04/05/2023";"1200";"";"";"";"";"";"";"";"";"";"";"";"";"";"";"";"";""
"04/05/2023";"1300";"";"";"";"";"";"";"";"";"";"";"";"";"";"";"";"";""
"04/05/2023";"1400";"";"";"";"";"";"";"";"";"";"";"";"";"";"";"";"";""
"04/05/2023";"1500";"";"";"";"";"";"";"";"";"";"";"";"";"";"";"";"";""
"04/05/2023";"1600";"";"";"";"";"";"";"";"";"";"";"";"";"";"";"";"";""
"04/05/2023";"1700";"";"";"";"";"";"";"";"";"";"";"";"";"";"";"";"";""
"04/05/2023";"1800";"";"";"";"";"";"";"";"";"";"";"";"";"";"";"";"";""
"04/05/2023";"1900";"";"";"";"";"";"";"";"";"";"";"";"";"";"";"";"";""
"04/05/2023";"2000";"";"";"";"";"";"";"";"";"";"";"";"";"";"";"";"";""
"04/05/2023";"2100";"";"";"";"";"";"";"";"";"";"";"";"";"";"";"";"";""
"04/05/2023";"2200";"";"";"";"";"";"";"";"";"";"";"";"";"";"";"";"";""
"04/05/2023";"2300";"";"";"";"";"";"";"";"";"";"";"";"";"";"";"";"";""
"05/05/2023";"0000";"";"";"";"";"";"";"";"";"";"";"";"";"";"";"";"";""
"05/05/2023";"0100";"";"";"";"";"";"";"";"";"";"";"";"";"";"";"";"";""
"05/05/2023";"0200";"";"";"";"";"";"";"";"";"";"";"";"";"";"";"";"";""
"05/05/2023";"0300";"";"";"";"";"";"";"";"";"";"";"";"";"";"";"";"";""
"05/05/2023";"0400";"";"";"";"";"";"";"";"";"";"";"";"";"";"";"";"";""
"05/05/2023";"0500";"";"";"";"";"";"";"";"";"";"";"";"";"";"";"";"";""
"05/05/2023";"0600";"";"";"";"";"";"";"";"";"";"";"";"";"";"";"";"";""
"05/05/2023";"0700";"";"";"";"";"";"";"";"";"";"";"";"";"";"";"";"";""
"05/05/2023";"0800";"";"";"";"";"";"";"";"";"";"";"";"";"";"";"";"";""
"05/05/2023";"0900";"";"";"";"";"";"";"";"";"";"";"";"";"";"";"";"";""
"05/05/2023";"1000";"";"";"";"";"";"";"";"";"";"";"";"";"";"";"";"";""
"05/05/2023";"1100";"";"";"";"";"";"";"";"";"";"";"";"";"";"";"";"";""
"05/05/2023";"1200";"";"";"";"";"";"";"";"";"";"";"";"";"";"";"";"";""
"05/05/2023";"1300";"";"";"";"";"";"";"";"";"";"";"";"";"";"";"";"";""
"05/05/2023";"1400";"";"";"";"";"";"";"";"";"";"";"";"";"";"";"";"";""
"05/05/2023";"1500";"";"";"";"";"";"";"";"";"";"";"";"";"";"";"";"";""
"05/05/2023";"1600";"";"";"";"";"";"";"";"";"";"";"";"";"";"";"";"";""
"05/05/2023";"1700";"";"";"";"";"";"";"";"";"";"";"";"";"";"";"";"";""
"05/05/2023";"1800";"";"";"";"";"";"";"";"";"";"";"";"";"";"";"";"";""
"05/05/2023";"1900";"";"";"";"";"";"";"";"";"";"";"";"";"";"";"";"";""
"05/05/2023";"2000";"";"";"";"";"";"";"";"";"";"";"";"";"";"";"";"";""
"05/05/2023";"2100";"";"";"";"";"";"";"";"";"";"";"";"";"";"";"";"";""
"05/05/2023";"2200";"";"";"";"";"";"";"";"";"";"";"";"";"";"";"";"";""
"05/05/2023";"2300";"";"";"";"";"";"";"";"";"";"";"";"";"";"";"";"";""
"06/05/2023";"0000";"";"";"";"";"";"";"";"";"";"";"";"";"";"";"";"";""
"06/05/2023";"0100";"";"";"";"";"";"";"";"";"";"";"";"";"";"";"";"";""
"06/05/2023";"0200";"";"";"";"";"";"";"";"";"";"";"";"";"";"";"";"";""
"06/05/2023";"0300";"";"";"";"";"";"";"";"";"";"";"";"";"";"";"";"";""
"06/05/2023";"0400";"";"";"";"";"";"";"";"";"";"";"";"";"";"";"";"";""
"06/05/2023";"0500";"";"";"";"";"";"";"";"";"";"";"";"";"";"";"";"";""
"06/05/2023";"0600";"";"";"";"";"";"";"";"";"";"";"";"";"";"";"";"";""
"06/05/2023";"0700";"";"";"";"";"";"";"";"";"";"";"";"";"";"";"";"";""
"06/05/2023";"0800";"";"";"";"";"";"";"";"";"";"";"";"";"";"";"";"";""
"06/05/2023";"0900";"";"";"";"";"";"";"";"";"";"";"";"";"";"";"";"";""
"06/05/2023";"1000";"";"";"";"";"";"";"";"";"";"";"";"";"";"";"";"";""
"06/05/2023";"1100";"";"";"";"";"";"";"";"";"";"";"";"";"";"";"";"";""
"06/05/2023";"1200";"";"";"";"";"";"";"";"";"";"";"";"";"";"";"";"";""
"06/05/2023";"1300";"";"";"";"";"";"";"";"";"";"";"";"";"";"";"";"";""
"06/05/2023";"1400";"";"";"";"";"";"";"";"";"";"";"";"";"";"";"";"";""
"06/05/2023";"1500";"";"";"";"";"";"";"";"";"";"";"";"";"";"";"";"";""
"06/05/2023";"1600";"";"";"";"";"";"";"";"";"";"";"";"";"";"";"";"";""
"06/05/2023";"1700";"";"";"";"";"";"";"";"";"";"";"";"";"";"";"";"";""
"06/05/2023";"1800";"";"";"";"";"";"";"";"";"";"";"";"";"";"";"";"";""
"06/05/2023";"1900";"";"";"";"";"";"";"";"";"";"";"";"";"";"";"";"";""
"06/05/2023";"2000";"";"";"";"";"";"";"";"";"";"";"";"";"";"";"";"";""
"06/05/2023";"2100";"";"";"";"";"";"";"";"";"";"";"";"";"";"";"";"";""
"06/05/2023";"2200";"";"";"";"";"";"";"";"";"";"";"";"";"";"";"";"";""
"06/05/2023";"2300";"";"";"";"";"";"";"";"";"";"";"";"";"";"";"";"";""
"07/05/2023";"0000";"";"";"";"";"";"";"";"";"";"";"";"";"";"";"";"";""
"07/05/2023";"0100";"";"";"";"";"";"";"";"";"";"";"";"";"";"";"";"";""
"07/05/2023";"0200";"";"";"";"";"";"";"";"";"";"";"";"";"";"";"";"";""
"07/05/2023";"0300";"";"";"";"";"";"";"";"";"";"";"";"";"";"";"";"";""
"07/05/2023";"0400";"";"";"";"";"";"";"";"";"";"";"";"";"";"";"";"";""
"07/05/2023";"0500";"";"";"";"";"";"";"";"";"";"";"";"";"";"";"";"";""
"07/05/2023";"0600";"";"";"";"";"";"";"";"";"";"";"";"";"";"";"";"";""
"07/05/2023";"0700";"";"";"";"";"";"";"";"";"";"";"";"";"";"";"";"";""
"07/05/2023";"0800";"";"";"";"";"";"";"";"";"";"";"";"";"";"";"";"";""
"07/05/2023";"0900";"";"";"";"";"";"";"";"";"";"";"";"";"";"";"";"";""
"07/05/2023";"1000";"";"";"";"";"";"";"";"";"";"";"";"";"";"";"";"";""
"07/05/2023";"1100";"";"";"";"";"";"";"";"";"";"";"";"";"";"";"";"";""
"07/05/2023";"1200";"";"";"";"";"";"";"";"";"";"";"";"";"";"";"";"";""
"07/05/2023";"1300";"";"";"";"";"";"";"";"";"";"";"";"";"";"";"";"";""
"07/05/2023";"1400";"";"";"";"";"";"";"";"";"";"";"";"";"";"";"";"";""
"07/05/2023";"1500";"";"";"";"";"";"";"";"";"";"";"";"";"";"";"";"";""
"07/05/2023";"1600";"";"";"";"";"";"";"";"";"";"";"";"";"";"";"";"";""
"07/05/2023";"1700";"";"";"";"";"";"";"";"";"";"";"";"";"";"";"";"";""
"07/05/2023";"1800";"";"";"";"";"";"";"";"";"";"";"";"";"";"";"";"";""
"07/05/2023";"1900";"";"";"";"";"";"";"";"";"";"";"";"";"";"";"";"";""
"07/05/2023";"2000";"";"";"";"";"";"";"";"";"";"";"";"";"";"";"";"";""
"07/05/2023";"2100";"";"";"";"";"";"";"";"";"";"";"";"";"";"";"";"";""
"07/05/2023";"2200";"";"";"";"";"";"";"";"";"";"";"";"";"";"";"";"";""
"07/05/2023";"2300";"";"";"";"";"";"";"";"";"";"";"";"";"";"";"";"";""
"08/05/2023";"0000";"";"";"";"";"";"";"";"";"";"";"";"";"";"";"";"";""
"08/05/2023";"0100";"";"";"";"";"";"";"";"";"";"";"";"";"";"";"";"";""
"08/05/2023";"0200";"";"";"";"";"";"";"";"";"";"";"";"";"";"";"";"";""
"08/05/2023";"0300";"";"";"";"";"";"";"";"";"";"";"";"";"";"";"";"";""
"08/05/2023";"0400";"";"";"";"";"";"";"";"";"";"";"";"";"";"";"";"";""
"08/05/2023";"0500";"";"";"";"";"";"";"";"";"";"";"";"";"";"";"";"";""
"08/05/2023";"0600";"";"";"";"";"";"";"";"";"";"";"";"";"";"";"";"";""
"08/05/2023";"0700";"";"";"";"";"";"";"";"";"";"";"";"";"";"";"";"";""
"08/05/2023";"0800";"";"";"";"";"";"";"";"";"";"";"";"";"";"";"";"";""
"08/05/2023";"0900";"";"";"";"";"";"";"";"";"";"";"";"";"";"";"";"";""
"08/05/2023";"1000";"";"";"";"";"";"";"";"";"";"";"";"";"";"";"";"";""
"08/05/2023";"1100";"";"";"";"";"";"";"";"";"";"";"";"";"";"";"";"";""
"08/05/2023";"1200";"";"";"";"";"";"";"";"";"";"";"";"";"";"";"";"";""
"08/05/2023";"1300";"";"";"";"";"";"";"";"";"";"";"";"";"";"";"";"";""
"08/05/2023";"1400";"";"";"";"";"";"";"";"";"";"";"";"";"";"";"";"";""
"08/05/2023";"1500";"";"";"";"";"";"";"";"";"";"";"";"";"";"";"";"";""
"08/05/2023";"1600";"";"";"";"";"";"";"";"";"";"";"";"";"";"";"";"";""
"08/05/2023";"1700";"";"";"";"";"";"";"";"";"";"";"";"";"";"";"";"";""
"08/05/2023";"1800";"";"";"";"";"";"";"";"";"";"";"";"";"";"";"";"";""
"08/05/2023";"1900";"";"";"";"";"";"";"";"";"";"";"";"";"";"";"";"";""
"08/05/2023";"2000";"";"";"";"";"";"";"";"";"";"";"";"";"";"";"";"";""
"08/05/2023";"2100";"";"";"";"";"";"";"";"";"";"";"";"";"";"";"";"";""
"08/05/2023";"2200";"";"";"";"";"";"";"";"";"";"";"";"";"";"";"";"";""
"08/05/2023";"2300";"";"";"";"";"";"";"";"";"";"";"";"";"";"";"";"";""
"09/05/2023";"0000";"";"";"";"";"";"";"";"";"";"";"";"";"";"";"";"";""
"09/05/2023";"0100";"";"";"";"";"";"";"";"";"";"";"";"";"";"";"";"";""
"09/05/2023";"0200";"";"";"";"";"";"";"";"";"";"";"";"";"";"";"";"";""
"09/05/2023";"0300";"";"";"";"";"";"";"";"";"";"";"";"";"";"";"";"";""
"09/05/2023";"0400";"";"";"";"";"";"";"";"";"";"";"";"";"";"";"";"";""
"09/05/2023";"0500";"";"";"";"";"";"";"";"";"";"";"";"";"";"";"";"";""
"09/05/2023";"0600";"";"";"";"";"";"";"";"";"";"";"";"";"";"";"";"";""
"09/05/2023";"0700";"";"";"";"";"";"";"";"";"";"";"";"";"";"";"";"";""
"09/05/2023";"0800";"";"";"";"";"";"";"";"";"";"";"";"";"";"";"";"";""
"09/05/2023";"0900";"";"";"";"";"";"";"";"";"";"";"";"";"";"";"";"";""
"09/05/2023";"1000";"";"";"";"";"";"";"";"";"";"";"";"";"";"";"";"";""
"09/05/2023";"1100";"";"";"";"";"";"";"";"";"";"";"";"";"";"";"";"";""
"09/05/2023";"1200";"";"";"";"";"";"";"";"";"";"";"";"";"";"";"";"";""
"09/05/2023";"1300";"";"";"";"";"";"";"";"";"";"";"";"";"";"";"";"";""
"09/05/2023";"1400";"";"";"";"";"";"";"";"";"";"";"";"";"";"";"";"";""
"09/05/2023";"1500";"";"";"";"";"";"";"";"";"";"";"";"";"";"";"";"";""
"09/05/2023";"1600";"";"";"";"";"";"";"";"";"";"";"";"";"";"";"";"";""
"09/05/2023";"1700";"";"";"";"";"";"";"";"";"";"";"";"";"";"";"";"";""
"09/05/2023";"1800";"";"";"";"";"";"";"";"";"";"";"";"";"";"";"";"";""
"09/05/2023";"1900";"";"";"";"";"";"";"";"";"";"";"";"";"";"";"";"";""
"09/05/2023";"2000";"";"";"";"";"";"";"";"";"";"";"";"";"";"";"";"";""
"09/05/2023";"2100";"";"";"";"";"";"";"";"";"";"";"";"";"";"";"";"";""
"09/05/2023";"2200";"";"";"";"";"";"";"";"";"";"";"";"";"";"";"";"";""
"09/05/2023";"2300";"";"";"";"";"";"";"";"";"";"";"";"";"";"";"";"";""
"10/05/2023";"0000";"";"";"";"";"";"";"";"";"";"";"";"";"";"";"";"";""
"10/05/2023";"0100";"";"";"";"";"";"";"";"";"";"";"";"";"";"";"";"";""
"10/05/2023";"0200";"";"";"";"";"";"";"";"";"";"";"";"";"";"";"";"";""
"10/05/2023";"0300";"";"";"";"";"";"";"";"";"";"";"";"";"";"";"";"";""
"10/05/2023";"0400";"";"";"";"";"";"";"";"";"";"";"";"";"";"";"";"";""
"10/05/2023";"0500";"";"";"";"";"";"";"";"";"";"";"";"";"";"";"";"";""
"10/05/2023";"0600";"";"";"";"";"";"";"";"";"";"";"";"";"";"";"";"";""
"10/05/2023";"0700";"";"";"";"";"";"";"";"";"";"";"";"";"";"";"";"";""
"10/05/2023";"0800";"";"";"";"";"";"";"";"";"";"";"";"";"";"";"";"";""
"10/05/2023";"0900";"";"";"";"";"";"";"";"";"";"";"";"";"";"";"";"";""
"10/05/2023";"1000";"";"";"";"";"";"";"";"";"";"";"";"";"";"";"";"";""
"10/05/2023";"1100";"";"";"";"";"";"";"";"";"";"";"";"";"";"";"";"";""
"10/05/2023";"1200";"";"";"";"";"";"";"";"";"";"";"";"";"";"";"";"";""
"10/05/2023";"1300";"";"";"";"";"";"";"";"";"";"";"";"";"";"";"";"";""
"10/05/2023";"1400";"";"";"";"";"";"";"";"";"";"";"";"";"";"";"";"";""
"10/05/2023";"1500";"";"";"";"";"";"";"";"";"";"";"";"";"";"";"";"";""
"10/05/2023";"1600";"";"";"";"";"";"";"";"";"";"";"";"";"";"";"";"";""
"10/05/2023";"1700";"";"";"";"";"";"";"";"";"";"";"";"";"";"";"";"";""
"10/05/2023";"1800";"";"";"";"";"";"";"";"";"";"";"";"";"";"";"";"";""
"10/05/2023";"1900";"";"";"";"";"";"";"";"";"";"";"";"";"";"";"";"";""
"10/05/2023";"2000";"";"";"";"";"";"";"";"";"";"";"";"";"";"";"";"";""
"10/05/2023";"2100";"";"";"";"";"";"";"";"";"";"";"";"";"";"";"";"";""
"10/05/2023";"2200";"";"";"";"";"";"";"";"";"";"";"";"";"";"";"";"";""
"10/05/2023";"2300";"";"";"";"";"";"";"";"";"";"";"";"";"";"";"";"";""
"11/05/2023";"0000";"";"";"";"";"";"";"";"";"";"";"";"";"";"";"";"";""
"11/05/2023";"0100";"";"";"";"";"";"";"";"";"";"";"";"";"";"";"";"";""
"11/05/2023";"0200";"";"";"";"";"";"";"";"";"";"";"";"";"";"";"";"";""
"11/05/2023";"0300";"";"";"";"";"";"";"";"";"";"";"";"";"";"";"";"";""
"11/05/2023";"0400";"";"";"";"";"";"";"";"";"";"";"";"";"";"";"";"";""
"11/05/2023";"0500";"";"";"";"";"";"";"";"";"";"";"";"";"";"";"";"";""
"11/05/2023";"0600";"";"";"";"";"";"";"";"";"";"";"";"";"";"";"";"";""
"11/05/2023";"0700";"";"";"";"";"";"";"";"";"";"";"";"";"";"";"";"";""
"11/05/2023";"0800";"";"";"";"";"";"";"";"";"";"";"";"";"";"";"";"";""
"11/05/2023";"0900";"";"";"";"";"";"";"";"";"";"";"";"";"";"";"";"";""
"11/05/2023";"1000";"";"";"";"";"";"";"";"";"";"";"";"";"";"";"";"";""
"11/05/2023";"1100";"";"";"";"";"";"";"";"";"";"";"";"";"";"";"";"";""
"11/05/2023";"1200";"";"";"";"";"";"";"";"";"";"";"";"";"";"";"";"";""
"11/05/2023";"1300";"";"";"";"";"";"";"";"";"";"";"";"";"";"";"";"";""
"11/05/2023";"1400";"";"";"";"";"";"";"";"";"";"";"";"";"";"";"";"";""
"11/05/2023";"1500";"";"";"";"";"";"";"";"";"";"";"";"";"";"";"";"";""
"11/05/2023";"1600";"";"";"";"";"";"";"";"";"";"";"";"";"";"";"";"";""
"11/05/2023";"1700";"";"";"";"";"";"";"";"";"";"";"";"";"";"";"";"";""
"11/05/2023";"1800";"";"";"";"";"";"";"";"";"";"";"";"";"";"";"";"";""
"11/05/2023";"1900";"";"";"";"";"";"";"";"";"";"";"";"";"";"";"";"";""
"11/05/2023";"2000";"";"";"";"";"";"";"";"";"";"";"";"";"";"";"";"";""
"11/05/2023";"2100";"";"";"";"";"";"";"";"";"";"";"";"";"";"";"";"";""
"11/05/2023";"2200";"";"";"";"";"";"";"";"";"";"";"";"";"";"";"";"";""
"11/05/2023";"2300";"";"";"";"";"";"";"";"";"";"";"";"";"";"";"";"";""
"12/05/2023";"0000";"";"";"";"";"";"";"";"";"";"";"";"";"";"";"";"";""
"12/05/2023";"0100";"";"";"";"";"";"";"";"";"";"";"";"";"";"";"";"";""
"12/05/2023";"0200";"";"";"";"";"";"";"";"";"";"";"";"";"";"";"";"";""
"12/05/2023";"0300";"";"";"";"";"";"";"";"";"";"";"";"";"";"";"";"";""
"12/05/2023";"0400";"";"";"";"";"";"";"";"";"";"";"";"";"";"";"";"";""
"12/05/2023";"0500";"";"";"";"";"";"";"";"";"";"";"";"";"";"";"";"";""
"12/05/2023";"0600";"";"";"";"";"";"";"";"";"";"";"";"";"";"";"";"";""
"12/05/2023";"0700";"";"";"";"";"";"";"";"";"";"";"";"";"";"";"";"";""
"12/05/2023";"0800";"";"";"";"";"";"";"";"";"";"";"";"";"";"";"";"";""
"12/05/2023";"0900";"";"";"";"";"";"";"";"";"";"";"";"";"";"";"";"";""
"12/05/2023";"1000";"";"";"";"";"";"";"";"";"";"";"";"";"";"";"";"";""
"12/05/2023";"1100";"";"";"";"";"";"";"";"";"";"";"";"";"";"";"";"";""
"12/05/2023";"1200";"";"";"";"";"";"";"";"";"";"";"";"";"";"";"";"";""
"12/05/2023";"1300";"";"";"";"";"";"";"";"";"";"";"";"";"";"";"";"";""
"12/05/2023";"1400";"";"";"";"";"";"";"";"";"";"";"";"";"";"";"";"";""
"12/05/2023";"1500";"";"";"";"";"";"";"";"";"";"";"";"";"";"";"";"";""
"12/05/2023";"1600";"";"";"";"";"";"";"";"";"";"";"";"";"";"";"";"";""
"12/05/2023";"1700";"";"";"";"";"";"";"";"";"";"";"";"";"";"";"";"";""
"12/05/2023";"1800";"";"";"";"";"";"";"";"";"";"";"";"";"";"";"";"";""
"12/05/2023";"1900";"";"";"";"";"";"";"";"";"";"";"";"";"";"";"";"";""
"12/05/2023";"2000";"";"";"";"";"";"";"";"";"";"";"";"";"";"";"";"";""
"12/05/2023";"2100";"";"";"";"";"";"";"";"";"";"";"";"";"";"";"";"";""
"12/05/2023";"2200";"";"";"";"";"";"";"";"";"";"";"";"";"";"";"";"";""
"12/05/2023";"2300";"";"";"";"";"";"";"";"";"";"";"";"";"";"";"";"";""
"13/05/2023";"0000";"";"";"";"";"";"";"";"";"";"";"";"";"";"";"";"";""
"13/05/2023";"0100";"";"";"";"";"";"";"";"";"";"";"";"";"";"";"";"";""
"13/05/2023";"0200";"";"";"";"";"";"";"";"";"";"";"";"";"";"";"";"";""
"13/05/2023";"0300";"";"";"";"";"";"";"";"";"";"";"";"";"";"";"";"";""
"13/05/2023";"0400";"";"";"";"";"";"";"";"";"";"";"";"";"";"";"";"";""
"13/05/2023";"0500";"";"";"";"";"";"";"";"";"";"";"";"";"";"";"";"";""
"13/05/2023";"0600";"";"";"";"";"";"";"";"";"";"";"";"";"";"";"";"";""
"13/05/2023";"0700";"";"";"";"";"";"";"";"";"";"";"";"";"";"";"";"";""
"13/05/2023";"0800";"";"";"";"";"";"";"";"";"";"";"";"";"";"";"";"";""
"13/05/2023";"0900";"";"";"";"";"";"";"";"";"";"";"";"";"";"";"";"";""
"13/05/2023";"1000";"";"";"";"";"";"";"";"";"";"";"";"";"";"";"";"";""
"13/05/2023";"1100";"";"";"";"";"";"";"";"";"";"";"";"";"";"";"";"";""
"13/05/2023";"1200";"";"";"";"";"";"";"";"";"";"";"";"";"";"";"";"";""
"13/05/2023";"1300";"";"";"";"";"";"";"";"";"";"";"";"";"";"";"";"";""
"13/05/2023";"1400";"";"";"";"";"";"";"";"";"";"";"";"";"";"";"";"";""
"13/05/2023";"1500";"";"";"";"";"";"";"";"";"";"";"";"";"";"";"";"";""
"13/05/2023";"1600";"";"";"";"";"";"";"";"";"";"";"";"";"";"";"";"";""
"13/05/2023";"1700";"";"";"";"";"";"";"";"";"";"";"";"";"";"";"";"";""
"13/05/2023";"1800";"";"";"";"";"";"";"";"";"";"";"";"";"";"";"";"";""
"13/05/2023";"1900";"";"";"";"";"";"";"";"";"";"";"";"";"";"";"";"";""
"13/05/2023";"2000";"";"";"";"";"";"";"";"";"";"";"";"";"";"";"";"";""
"13/05/2023";"2100";"";"";"";"";"";"";"";"";"";"";"";"";"";"";"";"";""
"13/05/2023";"2200";"";"";"";"";"";"";"";"";"";"";"";"";"";"";"";"";""
"13/05/2023";"2300";"";"";"";"";"";"";"";"";"";"";"";"";"";"";"";"";""
"14/05/2023";"0000";"";"";"";"";"";"";"";"";"";"";"";"";"";"";"";"";""
"14/05/2023";"0100";"";"";"";"";"";"";"";"";"";"";"";"";"";"";"";"";""
"14/05/2023";"0200";"";"";"";"";"";"";"";"";"";"";"";"";"";"";"";"";""
"14/05/2023";"0300";"";"";"";"";"";"";"";"";"";"";"";"";"";"";"";"";""
"14/05/2023";"0400";"";"";"";"";"";"";"";"";"";"";"";"";"";"";"";"";""
"14/05/2023";"0500";"";"";"";"";"";"";"";"";"";"";"";"";"";"";"";"";""
"14/05/2023";"0600";"";"";"";"";"";"";"";"";"";"";"";"";"";"";"";"";""
"14/05/2023";"0700";"";"";"";"";"";"";"";"";"";"";"";"";"";"";"";"";""
"14/05/2023";"0800";"";"";"";"";"";"";"";"";"";"";"";"";"";"";"";"";""
"14/05/2023";"0900";"";"";"";"";"";"";"";"";"";"";"";"";"";"";"";"";""
"14/05/2023";"1000";"";"";"";"";"";"";"";"";"";"";"";"";"";"";"";"";""
"14/05/2023";"1100";"";"";"";"";"";"";"";"";"";"";"";"";"";"";"";"";""
"14/05/2023";"1200";"";"";"";"";"";"";"";"";"";"";"";"";"";"";"";"";""
"14/05/2023";"1300";"";"";"";"";"";"";"";"";"";"";"";"";"";"";"";"";""
"14/05/2023";"1400";"";"";"";"";"";"";"";"";"";"";"";"";"";"";"";"";""
"14/05/2023";"1500";"";"";"";"";"";"";"";"";"";"";"";"";"";"";"";"";""
"14/05/2023";"1600";"";"";"";"";"";"";"";"";"";"";"";"";"";"";"";"";""
"14/05/2023";"1700";"";"";"";"";"";"";"";"";"";"";"";"";"";"";"";"";""
"14/05/2023";"1800";"";"";"";"";"";"";"";"";"";"";"";"";"";"";"";"";""
"14/05/2023";"1900";"";"";"";"";"";"";"";"";"";"";"";"";"";"";"";"";""
"14/05/2023";"2000";"";"";"";"";"";"";"";"";"";"";"";"";"";"";"";"";""
"14/05/2023";"2100";"";"";"";"";"";"";"";"";"";"";"";"";"";"";"";"";""
"14/05/2023";"2200";"";"";"";"";"";"";"";"";"";"";"";"";"";"";"";"";""
"14/05/2023";"2300";"";"";"";"";"";"";"";"";"";"";"";"";"";"";"";"";""
"15/05/2023";"0000";"";"";"";"";"";"";"";"";"";"";"";"";"";"";"";"";""
"15/05/2023";"0100";"";"";"";"";"";"";"";"";"";"";"";"";"";"";"";"";""
"15/05/2023";"0200";"";"";"";"";"";"";"";"";"";"";"";"";"";"";"";"";""
"15/05/2023";"0300";"";"";"";"";"";"";"";"";"";"";"";"";"";"";"";"";""
"15/05/2023";"0400";"";"";"";"";"";"";"";"";"";"";"";"";"";"";"";"";""
"15/05/2023";"0500";"";"";"";"";"";"";"";"";"";"";"";"";"";"";"";"";""
"15/05/2023";"0600";"";"";"";"";"";"";"";"";"";"";"";"";"";"";"";"";""
"15/05/2023";"0700";"";"";"";"";"";"";"";"";"";"";"";"";"";"";"";"";""
"15/05/2023";"0800";"";"";"";"";"";"";"";"";"";"";"";"";"";"";"";"";""
"15/05/2023";"0900";"";"";"";"";"";"";"";"";"";"";"";"";"";"";"";"";""
"15/05/2023";"1000";"";"";"";"";"";"";"";"";"";"";"";"";"";"";"";"";""
"15/05/2023";"1100";"";"";"";"";"";"";"";"";"";"";"";"";"";"";"";"";""
"15/05/2023";"1200";"";"";"";"";"";"";"";"";"";"";"";"";"";"";"";"";""
"15/05/2023";"1300";"";"";"";"";"";"";"";"";"";"";"";"";"";"";"";"";""
"15/05/2023";"1400";"";"";"";"";"";"";"";"";"";"";"";"";"";"";"";"";""
"15/05/2023";"1500";"";"";"";"";"";"";"";"";"";"";"";"";"";"";"";"";""
"15/05/2023";"1600";"";"";"";"";"";"";"";"";"";"";"";"";"";"";"";"";""
"15/05/2023";"1700";"";"";"";"";"";"";"";"";"";"";"";"";"";"";"";"";""
"15/05/2023";"1800";"";"";"";"";"";"";"";"";"";"";"";"";"";"";"";"";""
"15/05/2023";"1900";"";"";"";"";"";"";"";"";"";"";"";"";"";"";"";"";""
"15/05/2023";"2000";"";"";"";"";"";"";"";"";"";"";"";"";"";"";"";"";""
"15/05/2023";"2100";"";"";"";"";"";"";"";"";"";"";"";"";"";"";"";"";""
"15/05/2023";"2200";"";"";"";"";"";"";"";"";"";"";"";"";"";"";"";"";""
"15/05/2023";"2300";"";"";"";"";"";"";"";"";"";"";"";"";"";"";"";"";""
"16/05/2023";"0000";"";"";"";"";"";"";"";"";"";"";"";"";"";"";"";"";""
"16/05/2023";"0100";"";"";"";"";"";"";"";"";"";"";"";"";"";"";"";"";""
"16/05/2023";"0200";"";"";"";"";"";"";"";"";"";"";"";"";"";"";"";"";""
"16/05/2023";"0300";"";"";"";"";"";"";"";"";"";"";"";"";"";"";"";"";""
"16/05/2023";"0400";"";"";"";"";"";"";"";"";"";"";"";"";"";"";"";"";""
"16/05/2023";"0500";"";"";"";"";"";"";"";"";"";"";"";"";"";"";"";"";""
"16/05/2023";"0600";"";"";"";"";"";"";"";"";"";"";"";"";"";"";"";"";""
"16/05/2023";"0700";"";"";"";"";"";"";"";"";"";"";"";"";"";"";"";"";""
"16/05/2023";"0800";"";"";"";"";"";"";"";"";"";"";"";"";"";"";"";"";""
"16/05/2023";"0900";"";"";"";"";"";"";"";"";"";"";"";"";"";"";"";"";""
"16/05/2023";"1000";"";"";"";"";"";"";"";"";"";"";"";"";"";"";"";"";""
"16/05/2023";"1100";"";"";"";"";"";"";"";"";"";"";"";"";"";"";"";"";""
"16/05/2023";"1200";"";"";"";"";"";"";"";"";"";"";"";"";"";"";"";"";""
"16/05/2023";"1300";"";"";"";"";"";"";"";"";"";"";"";"";"";"";"";"";""
"16/05/2023";"1400";"";"";"";"";"";"";"";"";"";"";"";"";"";"";"";"";""
"16/05/2023";"1500";"";"";"";"";"";"";"";"";"";"";"";"";"";"";"";"";""
"16/05/2023";"1600";"";"";"";"";"";"";"";"";"";"";"";"";"";"";"";"";""
"16/05/2023";"1700";"";"";"";"";"";"";"";"";"";"";"";"";"";"";"";"";""
"16/05/2023";"1800";"";"";"";"";"";"";"";"";"";"";"";"";"";"";"";"";""
"16/05/2023";"1900";"";"";"";"";"";"";"";"";"";"";"";"";"";"";"";"";""
"16/05/2023";"2000";"";"";"";"";"";"";"";"";"";"";"";"";"";"";"";"";""
"16/05/2023";"2100";"";"";"";"";"";"";"";"";"";"";"";"";"";"";"";"";""
"16/05/2023";"2200";"";"";"";"";"";"";"";"";"";"";"";"";"";"";"";"";""
"16/05/2023";"2300";"";"";"";"";"";"";"";"";"";"";"";"";"";"";"";"";""
"17/05/2023";"0000";"";"";"";"";"";"";"";"";"";"";"";"";"";"";"";"";""
"17/05/2023";"0100";"";"";"";"";"";"";"";"";"";"";"";"";"";"";"";"";""
"17/05/2023";"0200";"";"";"";"";"";"";"";"";"";"";"";"";"";"";"";"";""
"17/05/2023";"0300";"";"";"";"";"";"";"";"";"";"";"";"";"";"";"";"";""
"17/05/2023";"0400";"";"";"";"";"";"";"";"";"";"";"";"";"";"";"";"";""
"17/05/2023";"0500";"";"";"";"";"";"";"";"";"";"";"";"";"";"";"";"";""
"17/05/2023";"0600";"";"";"";"";"";"";"";"";"";"";"";"";"";"";"";"";""
"17/05/2023";"0700";"";"";"";"";"";"";"";"";"";"";"";"";"";"";"";"";""
"17/05/2023";"0800";"";"";"";"";"";"";"";"";"";"";"";"";"";"";"";"";""
"17/05/2023";"0900";"";"";"";"";"";"";"";"";"";"";"";"";"";"";"";"";""
"17/05/2023";"1000";"";"";"";"";"";"";"";"";"";"";"";"";"";"";"";"";""
"17/05/2023";"1100";"";"";"";"";"";"";"";"";"";"";"";"";"";"";"";"";""
"17/05/2023";"1200";"";"";"";"";"";"";"";"";"";"";"";"";"";"";"";"";""
"17/05/2023";"1300";"";"";"";"";"";"";"";"";"";"";"";"";"";"";"";"";""
"17/05/2023";"1400";"";"";"";"";"";"";"";"";"";"";"";"";"";"";"";"";""
"17/05/2023";"1500";"";"";"";"";"";"";"";"";"";"";"";"";"";"";"";"";""
"17/05/2023";"1600";"";"";"";"";"";"";"";"";"";"";"";"";"";"";"";"";""
"17/05/2023";"1700";"";"";"";"";"";"";"";"";"";"";"";"";"";"";"";"";""
"17/05/2023";"1800";"";"";"";"";"";"";"";"";"";"";"";"";"";"";"";"";""
"17/05/2023";"1900";"";"";"";"";"";"";"";"";"";"";"";"";"";"";"";"";""
"17/05/2023";"2000";"";"";"";"";"";"";"";"";"";"";"";"";"";"";"";"";""
"17/05/2023";"2100";"";"";"";"";"";"";"";"";"";"";"";"";"";"";"";"";""
"17/05/2023";"2200";"";"";"";"";"";"";"";"";"";"";"";"";"";"";"";"";""
"17/05/2023";"2300";"";"";"";"";"";"";"";"";"";"";"";"";"";"";"";"";""
"18/05/2023";"0000";"";"";"";"";"";"";"";"";"";"";"";"";"";"";"";"";""
"18/05/2023";"0100";"";"";"";"";"";"";"";"";"";"";"";"";"";"";"";"";""
"18/05/2023";"0200";"";"";"";"";"";"";"";"";"";"";"";"";"";"";"";"";""
"18/05/2023";"0300";"";"";"";"";"";"";"";"";"";"";"";"";"";"";"";"";""
"18/05/2023";"0400";"";"";"";"";"";"";"";"";"";"";"";"";"";"";"";"";""
"18/05/2023";"0500";"";"";"";"";"";"";"";"";"";"";"";"";"";"";"";"";""
"18/05/2023";"0600";"";"";"";"";"";"";"";"";"";"";"";"";"";"";"";"";""
"18/05/2023";"0700";"";"";"";"";"";"";"";"";"";"";"";"";"";"";"";"";""
"18/05/2023";"0800";"";"";"";"";"";"";"";"";"";"";"";"";"";"";"";"";""
"18/05/2023";"0900";"";"";"";"";"";"";"";"";"";"";"";"";"";"";"";"";""
"18/05/2023";"1000";"";"";"";"";"";"";"";"";"";"";"";"";"";"";"";"";""
"18/05/2023";"1100";"";"";"";"";"";"";"";"";"";"";"";"";"";"";"";"";""
"18/05/2023";"1200";"";"";"";"";"";"";"";"";"";"";"";"";"";"";"";"";""
"18/05/2023";"1300";"";"";"";"";"";"";"";"";"";"";"";"";"";"";"";"";""
"18/05/2023";"1400";"";"";"";"";"";"";"";"";"";"";"";"";"";"";"";"";""
"18/05/2023";"1500";"";"";"";"";"";"";"";"";"";"";"";"";"";"";"";"";""
"18/05/2023";"1600";"";"";"";"";"";"";"";"";"";"";"";"";"";"";"";"";""
"18/05/2023";"1700";"";"";"";"";"";"";"";"";"";"";"";"";"";"";"";"";""
"18/05/2023";"1800";"";"";"";"";"";"";"";"";"";"";"";"";"";"";"";"";""
"18/05/2023";"1900";"";"";"";"";"";"";"";"";"";"";"";"";"";"";"";"";""
"18/05/2023";"2000";"";"";"";"";"";"";"";"";"";"";"";"";"";"";"";"";""
"18/05/2023";"2100";"";"";"";"";"";"";"";"";"";"";"";"";"";"";"";"";""
"18/05/2023";"2200";"";"";"";"";"";"";"";"";"";"";"";"";"";"";"";"";""
"18/05/2023";"2300";"";"";"";"";"";"";"";"";"";"";"";"";"";"";"";"";""
"19/05/2023";"0000";"";"";"";"";"";"";"";"";"";"";"";"";"";"";"";"";""
"19/05/2023";"0100";"";"";"";"";"";"";"";"";"";"";"";"";"";"";"";"";""
"19/05/2023";"0200";"";"";"";"";"";"";"";"";"";"";"";"";"";"";"";"";""
"19/05/2023";"0300";"";"";"";"";"";"";"";"";"";"";"";"";"";"";"";"";""
"19/05/2023";"0400";"";"";"";"";"";"";"";"";"";"";"";"";"";"";"";"";""
"19/05/2023";"0500";"";"";"";"";"";"";"";"";"";"";"";"";"";"";"";"";""
"19/05/2023";"0600";"";"";"";"";"";"";"";"";"";"";"";"";"";"";"";"";""
"19/05/2023";"0700";"";"";"";"";"";"";"";"";"";"";"";"";"";"";"";"";""
"19/05/2023";"0800";"";"";"";"";"";"";"";"";"";"";"";"";"";"";"";"";""
"19/05/2023";"0900";"";"";"";"";"";"";"";"";"";"";"";"";"";"";"";"";""
"19/05/2023";"1000";"";"";"";"";"";"";"";"";"";"";"";"";"";"";"";"";""
"19/05/2023";"1100";"";"";"";"";"";"";"";"";"";"";"";"";"";"";"";"";""
"19/05/2023";"1200";"";"";"";"";"";"";"";"";"";"";"";"";"";"";"";"";""
"19/05/2023";"1300";"";"";"";"";"";"";"";"";"";"";"";"";"";"";"";"";""
"19/05/2023";"1400";"";"";"";"";"";"";"";"";"";"";"";"";"";"";"";"";""
"19/05/2023";"1500";"";"";"";"";"";"";"";"";"";"";"";"";"";"";"";"";""
"19/05/2023";"1600";"";"";"";"";"";"";"";"";"";"";"";"";"";"";"";"";""
"19/05/2023";"1700";"";"";"";"";"";"";"";"";"";"";"";"";"";"";"";"";""
"19/05/2023";"1800";"";"";"";"";"";"";"";"";"";"";"";"";"";"";"";"";""
"19/05/2023";"1900";"";"";"";"";"";"";"";"";"";"";"";"";"";"";"";"";""
"19/05/2023";"2000";"";"";"";"";"";"";"";"";"";"";"";"";"";"";"";"";""
"19/05/2023";"2100";"";"";"";"";"";"";"";"";"";"";"";"";"";"";"";"";""
"19/05/2023";"2200";"";"";"";"";"";"";"";"";"";"";"";"";"";"";"";"";""
"19/05/2023";"2300";"";"";"";"";"";"";"";"";"";"";"";"";"";"";"";"";""
"20/05/2023";"0000";"";"";"";"";"";"";"";"";"";"";"";"";"";"";"";"";""
"20/05/2023";"0100";"";"";"";"";"";"";"";"";"";"";"";"";"";"";"";"";""
"20/05/2023";"0200";"";"";"";"";"";"";"";"";"";"";"";"";"";"";"";"";""
"20/05/2023";"0300";"";"";"";"";"";"";"";"";"";"";"";"";"";"";"";"";""
"20/05/2023";"0400";"";"";"";"";"";"";"";"";"";"";"";"";"";"";"";"";""
"20/05/2023";"0500";"";"";"";"";"";"";"";"";"";"";"";"";"";"";"";"";""
"20/05/2023";"0600";"";"";"";"";"";"";"";"";"";"";"";"";"";"";"";"";""
"20/05/2023";"0700";"";"";"";"";"";"";"";"";"";"";"";"";"";"";"";"";""
"20/05/2023";"0800";"";"";"";"";"";"";"";"";"";"";"";"";"";"";"";"";""
"20/05/2023";"0900";"";"";"";"";"";"";"";"";"";"";"";"";"";"";"";"";""
"20/05/2023";"1000";"";"";"";"";"";"";"";"";"";"";"";"";"";"";"";"";""
"20/05/2023";"1100";"";"";"";"";"";"";"";"";"";"";"";"";"";"";"";"";""
"20/05/2023";"1200";"";"";"";"";"";"";"";"";"";"";"";"";"";"";"";"";""
"20/05/2023";"1300";"";"";"";"";"";"";"";"";"";"";"";"";"";"";"";"";""
"20/05/2023";"1400";"";"";"";"";"";"";"";"";"";"";"";"";"";"";"";"";""
"20/05/2023";"1500";"";"";"";"";"";"";"";"";"";"";"";"";"";"";"";"";""
"20/05/2023";"1600";"";"";"";"";"";"";"";"";"";"";"";"";"";"";"";"";""
"20/05/2023";"1700";"";"";"";"";"";"";"";"";"";"";"";"";"";"";"";"";""
"20/05/2023";"1800";"";"";"";"";"";"";"";"";"";"";"";"";"";"";"";"";""
"20/05/2023";"1900";"";"";"";"";"";"";"";"";"";"";"";"";"";"";"";"";""
"20/05/2023";"2000";"";"";"";"";"";"";"";"";"";"";"";"";"";"";"";"";""
"20/05/2023";"2100";"";"";"";"";"";"";"";"";"";"";"";"";"";"";"";"";""
"20/05/2023";"2200";"";"";"";"";"";"";"";"";"";"";"";"";"";"";"";"";""
"20/05/2023";"2300";"";"";"";"";"";"";"";"";"";"";"";"";"";"";"";"";""
"21/05/2023";"0000";"";"";"";"";"";"";"";"";"";"";"";"";"";"";"";"";""
"21/05/2023";"0100";"";"";"";"";"";"";"";"";"";"";"";"";"";"";"";"";""
"21/05/2023";"0200";"";"";"";"";"";"";"";"";"";"";"";"";"";"";"";"";""
"21/05/2023";"0300";"";"";"";"";"";"";"";"";"";"";"";"";"";"";"";"";""
"21/05/2023";"0400";"";"";"";"";"";"";"";"";"";"";"";"";"";"";"";"";""
"21/05/2023";"0500";"";"";"";"";"";"";"";"";"";"";"";"";"";"";"";"";""
"21/05/2023";"0600";"";"";"";"";"";"";"";"";"";"";"";"";"";"";"";"";""
"21/05/2023";"0700";"";"";"";"";"";"";"";"";"";"";"";"";"";"";"";"";""
"21/05/2023";"0800";"";"";"";"";"";"";"";"";"";"";"";"";"";"";"";"";""
"21/05/2023";"0900";"";"";"";"";"";"";"";"";"";"";"";"";"";"";"";"";""
"21/05/2023";"1000";"";"";"";"";"";"";"";"";"";"";"";"";"";"";"";"";""
"21/05/2023";"1100";"";"";"";"";"";"";"";"";"";"";"";"";"";"";"";"";""
"21/05/2023";"1200";"";"";"";"";"";"";"";"";"";"";"";"";"";"";"";"";""
"21/05/2023";"1300";"";"";"";"";"";"";"";"";"";"";"";"";"";"";"";"";""
"21/05/2023";"1400";"";"";"";"";"";"";"";"";"";"";"";"";"";"";"";"";""
"21/05/2023";"1500";"";"";"";"";"";"";"";"";"";"";"";"";"";"";"";"";""
"21/05/2023";"1600";"";"";"";"";"";"";"";"";"";"";"";"";"";"";"";"";""
"21/05/2023";"1700";"";"";"";"";"";"";"";"";"";"";"";"";"";"";"";"";""
"21/05/2023";"1800";"";"";"";"";"";"";"";"";"";"";"";"";"";"";"";"";""
"21/05/2023";"1900";"";"";"";"";"";"";"";"";"";"";"";"";"";"";"";"";""
"21/05/2023";"2000";"";"";"";"";"";"";"";"";"";"";"";"";"";"";"";"";""
"21/05/2023";"2100";"";"";"";"";"";"";"";"";"";"";"";"";"";"";"";"";""
"21/05/2023";"2200";"";"";"";"";"";"";"";"";"";"";"";"";"";"";"";"";""
"21/05/2023";"2300";"";"";"";"";"";"";"";"";"";"";"";"";"";"";"";"";""
"22/05/2023";"0000";"";"";"";"";"";"";"";"";"";"";"";"";"";"";"";"";""
"22/05/2023";"0100";"";"";"";"";"";"";"";"";"";"";"";"";"";"";"";"";""
"22/05/2023";"0200";"";"";"";"";"";"";"";"";"";"";"";"";"";"";"";"";""
"22/05/2023";"0300";"";"";"";"";"";"";"";"";"";"";"";"";"";"";"";"";""
"22/05/2023";"0400";"";"";"";"";"";"";"";"";"";"";"";"";"";"";"";"";""
"22/05/2023";"0500";"";"";"";"";"";"";"";"";"";"";"";"";"";"";"";"";""
"22/05/2023";"0600";"";"";"";"";"";"";"";"";"";"";"";"";"";"";"";"";""
"22/05/2023";"0700";"";"";"";"";"";"";"";"";"";"";"";"";"";"";"";"";""
"22/05/2023";"0800";"";"";"";"";"";"";"";"";"";"";"";"";"";"";"";"";""
"22/05/2023";"0900";"";"";"";"";"";"";"";"";"";"";"";"";"";"";"";"";""
"22/05/2023";"1000";"";"";"";"";"";"";"";"";"";"";"";"";"";"";"";"";""
"22/05/2023";"1100";"";"";"";"";"";"";"";"";"";"";"";"";"";"";"";"";""
"22/05/2023";"1200";"";"";"";"";"";"";"";"";"";"";"";"";"";"";"";"";""
"22/05/2023";"1300";"";"";"";"";"";"";"";"";"";"";"";"";"";"";"";"";""
"22/05/2023";"1400";"";"";"";"";"";"";"";"";"";"";"";"";"";"";"";"";""
"22/05/2023";"1500";"";"";"";"";"";"";"";"";"";"";"";"";"";"";"";"";""
"22/05/2023";"1600";"";"";"";"";"";"";"";"";"";"";"";"";"";"";"";"";""
"22/05/2023";"1700";"";"";"";"";"";"";"";"";"";"";"";"";"";"";"";"";""
"22/05/2023";"1800";"";"";"";"";"";"";"";"";"";"";"";"";"";"";"";"";""
"22/05/2023";"1900";"";"";"";"";"";"";"";"";"";"";"";"";"";"";"";"";""
"22/05/2023";"2000";"";"";"";"";"";"";"";"";"";"";"";"";"";"";"";"";""
"22/05/2023";"2100";"";"";"";"";"";"";"";"";"";"";"";"";"";"";"";"";""
"22/05/2023";"2200";"";"";"";"";"";"";"";"";"";"";"";"";"";"";"";"";""
"22/05/2023";"2300";"";"";"";"";"";"";"";"";"";"";"";"";"";"";"";"";""
"23/05/2023";"0000";"";"";"";"";"";"";"";"";"";"";"";"";"";"";"";"";""
"23/05/2023";"0100";"";"";"";"";"";"";"";"";"";"";"";"";"";"";"";"";""
"23/05/2023";"0200";"";"";"";"";"";"";"";"";"";"";"";"";"";"";"";"";""
"23/05/2023";"0300";"";"";"";"";"";"";"";"";"";"";"";"";"";"";"";"";""
"23/05/2023";"0400";"";"";"";"";"";"";"";"";"";"";"";"";"";"";"";"";""
"23/05/2023";"0500";"";"";"";"";"";"";"";"";"";"";"";"";"";"";"";"";""
"23/05/2023";"0600";"";"";"";"";"";"";"";"";"";"";"";"";"";"";"";"";""
"23/05/2023";"0700";"";"";"";"";"";"";"";"";"";"";"";"";"";"";"";"";""
"23/05/2023";"0800";"";"";"";"";"";"";"";"";"";"";"";"";"";"";"";"";""
"23/05/2023";"0900";"";"";"";"";"";"";"";"";"";"";"";"";"";"";"";"";""
"23/05/2023";"1000";"";"";"";"";"";"";"";"";"";"";"";"";"";"";"";"";""
"23/05/2023";"1100";"";"";"";"";"";"";"";"";"";"";"";"";"";"";"";"";""
"23/05/2023";"1200";"";"";"";"";"";"";"";"";"";"";"";"";"";"";"";"";""
"23/05/2023";"1300";"";"";"";"";"";"";"";"";"";"";"";"";"";"";"";"";""
"23/05/2023";"1400";"";"";"";"";"";"";"";"";"";"";"";"";"";"";"";"";""
"23/05/2023";"1500";"";"";"";"";"";"";"";"";"";"";"";"";"";"";"";"";""
"23/05/2023";"1600";"";"";"";"";"";"";"";"";"";"";"";"";"";"";"";"";""
"23/05/2023";"1700";"";"";"";"";"";"";"";"";"";"";"";"";"";"";"";"";""
"23/05/2023";"1800";"";"";"";"";"";"";"";"";"";"";"";"";"";"";"";"";""
"23/05/2023";"1900";"";"";"";"";"";"";"";"";"";"";"";"";"";"";"";"";""
"23/05/2023";"2000";"";"";"";"";"";"";"";"";"";"";"";"";"";"";"";"";""
"23/05/2023";"2100";"";"";"";"";"";"";"";"";"";"";"";"";"";"";"";"";""
"23/05/2023";"2200";"";"";"";"";"";"";"";"";"";"";"";"";"";"";"";"";""
"23/05/2023";"2300";"";"";"";"";"";"";"";"";"";"";"";"";"";"";"";"";""
"24/05/2023";"0000";"";"";"";"";"";"";"";"";"";"";"";"";"";"";"";"";""
"24/05/2023";"0100";"";"";"";"";"";"";"";"";"";"";"";"";"";"";"";"";""
"24/05/2023";"0200";"";"";"";"";"";"";"";"";"";"";"";"";"";"";"";"";""
"24/05/2023";"0300";"";"";"";"";"";"";"";"";"";"";"";"";"";"";"";"";""
"24/05/2023";"0400";"";"";"";"";"";"";"";"";"";"";"";"";"";"";"";"";""
"24/05/2023";"0500";"";"";"";"";"";"";"";"";"";"";"";"";"";"";"";"";""
"24/05/2023";"0600";"";"";"";"";"";"";"";"";"";"";"";"";"";"";"";"";""
"24/05/2023";"0700";"";"";"";"";"";"";"";"";"";"";"";"";"";"";"";"";""
"24/05/2023";"0800";"";"";"";"";"";"";"";"";"";"";"";"";"";"";"";"";""
"24/05/2023";"0900";"";"";"";"";"";"";"";"";"";"";"";"";"";"";"";"";""
"24/05/2023";"1000";"";"";"";"";"";"";"";"";"";"";"";"";"";"";"";"";""
"24/05/2023";"1100";"";"";"";"";"";"";"";"";"";"";"";"";"";"";"";"";""
"24/05/2023";"1200";"";"";"";"";"";"";"";"";"";"";"";"";"";"";"";"";""
"24/05/2023";"1300";"";"";"";"";"";"";"";"";"";"";"";"";"";"";"";"";""
"24/05/2023";"1400";"";"";"";"";"";"";"";"";"";"";"";"";"";"";"";"";""
"24/05/2023";"1500";"";"";"";"";"";"";"";"";"";"";"";"";"";"";"";"";""
"24/05/2023";"1600";"";"";"";"";"";"";"";"";"";"";"";"";"";"";"";"";""
"24/05/2023";"1700";"";"";"";"";"";"";"";"";"";"";"";"";"";"";"";"";""
"24/05/2023";"1800";"";"";"";"";"";"";"";"";"";"";"";"";"";"";"";"";""
"24/05/2023";"1900";"";"";"";"";"";"";"";"";"";"";"";"";"";"";"";"";""
"24/05/2023";"2000";"";"";"";"";"";"";"";"";"";"";"";"";"";"";"";"";""
"24/05/2023";"2100";"";"";"";"";"";"";"";"";"";"";"";"";"";"";"";"";""
"24/05/2023";"2200";"";"";"";"";"";"";"";"";"";"";"";"";"";"";"";"";""
"24/05/2023";"2300";"";"";"";"";"";"";"";"";"";"";"";"";"";"";"";"";""
"25/05/2023";"0000";"";"";"";"";"";"";"";"";"";"";"";"";"";"";"";"";""
"25/05/2023";"0100";"";"";"";"";"";"";"";"";"";"";"";"";"";"";"";"";""
"25/05/2023";"0200";"";"";"";"";"";"";"";"";"";"";"";"";"";"";"";"";""
"25/05/2023";"0300";"";"";"";"";"";"";"";"";"";"";"";"";"";"";"";"";""
"25/05/2023";"0400";"";"";"";"";"";"";"";"";"";"";"";"";"";"";"";"";""
"25/05/2023";"0500";"";"";"";"";"";"";"";"";"";"";"";"";"";"";"";"";""
"25/05/2023";"0600";"";"";"";"";"";"";"";"";"";"";"";"";"";"";"";"";""
"25/05/2023";"0700";"";"";"";"";"";"";"";"";"";"";"";"";"";"";"";"";""
"25/05/2023";"0800";"";"";"";"";"";"";"";"";"";"";"";"";"";"";"";"";""
"25/05/2023";"0900";"";"";"";"";"";"";"";"";"";"";"";"";"";"";"";"";""
"25/05/2023";"1000";"";"";"";"";"";"";"";"";"";"";"";"";"";"";"";"";""
"25/05/2023";"1100";"";"";"";"";"";"";"";"";"";"";"";"";"";"";"";"";""
"25/05/2023";"1200";"";"";"";"";"";"";"";"";"";"";"";"";"";"";"";"";""
"25/05/2023";"1300";"";"";"";"";"";"";"";"";"";"";"";"";"";"";"";"";""
"25/05/2023";"1400";"";"";"";"";"";"";"";"";"";"";"";"";"";"";"";"";""
"25/05/2023";"1500";"";"";"";"";"";"";"";"";"";"";"";"";"";"";"";"";""
"25/05/2023";"1600";"";"";"";"";"";"";"";"";"";"";"";"";"";"";"";"";""
"25/05/2023";"1700";"";"";"";"";"";"";"";"";"";"";"";"";"";"";"";"";""
"25/05/2023";"1800";"";"";"";"";"";"";"";"";"";"";"";"";"";"";"";"";""
"25/05/2023";"1900";"";"";"";"";"";"";"";"";"";"";"";"";"";"";"";"";""
"25/05/2023";"2000";"";"";"";"";"";"";"";"";"";"";"";"";"";"";"";"";""
"25/05/2023";"2100";"";"";"";"";"";"";"";"";"";"";"";"";"";"";"";"";""
"25/05/2023";"2200";"";"";"";"";"";"";"";"";"";"";"";"";"";"";"";"";""
"25/05/2023";"2300";"";"";"";"";"";"";"";"";"";"";"";"";"";"";"";"";""
"26/05/2023";"0000";"";"";"";"";"";"";"";"";"";"";"";"";"";"";"";"";""
"26/05/2023";"0100";"";"";"";"";"";"";"";"";"";"";"";"";"";"";"";"";""
"26/05/2023";"0200";"";"";"";"";"";"";"";"";"";"";"";"";"";"";"";"";""
"26/05/2023";"0300";"";"";"";"";"";"";"";"";"";"";"";"";"";"";"";"";""
"26/05/2023";"0400";"";"";"";"";"";"";"";"";"";"";"";"";"";"";"";"";""
"26/05/2023";"0500";"";"";"";"";"";"";"";"";"";"";"";"";"";"";"";"";""
"26/05/2023";"0600";"";"";"";"";"";"";"";"";"";"";"";"";"";"";"";"";""
"26/05/2023";"0700";"";"";"";"";"";"";"";"";"";"";"";"";"";"";"";"";""
"26/05/2023";"0800";"";"";"";"";"";"";"";"";"";"";"";"";"";"";"";"";""
"26/05/2023";"0900";"";"";"";"";"";"";"";"";"";"";"";"";"";"";"";"";""
"26/05/2023";"1000";"";"";"";"";"";"";"";"";"";"";"";"";"";"";"";"";""
"26/05/2023";"1100";"";"";"";"";"";"";"";"";"";"";"";"";"";"";"";"";""
"26/05/2023";"1200";"";"";"";"";"";"";"";"";"";"";"";"";"";"";"";"";""
"26/05/2023";"1300";"";"";"";"";"";"";"";"";"";"";"";"";"";"";"";"";""
"26/05/2023";"1400";"";"";"";"";"";"";"";"";"";"";"";"";"";"";"";"";""
"26/05/2023";"1500";"";"";"";"";"";"";"";"";"";"";"";"";"";"";"";"";""
"26/05/2023";"1600";"";"";"";"";"";"";"";"";"";"";"";"";"";"";"";"";""
"26/05/2023";"1700";"";"";"";"";"";"";"";"";"";"";"";"";"";"";"";"";""
"26/05/2023";"1800";"";"";"";"";"";"";"";"";"";"";"";"";"";"";"";"";""
"26/05/2023";"1900";"";"";"";"";"";"";"";"";"";"";"";"";"";"";"";"";""
"26/05/2023";"2000";"";"";"";"";"";"";"";"";"";"";"";"";"";"";"";"";""
"26/05/2023";"2100";"";"";"";"";"";"";"";"";"";"";"";"";"";"";"";"";""
"26/05/2023";"2200";"";"";"";"";"";"";"";"";"";"";"";"";"";"";"";"";""
"26/05/2023";"2300";"";"";"";"";"";"";"";"";"";"";"";"";"";"";"";"";""
"27/05/2023";"0000";"";"";"";"";"";"";"";"";"";"";"";"";"";"";"";"";""
"27/05/2023";"0100";"";"";"";"";"";"";"";"";"";"";"";"";"";"";"";"";""
"27/05/2023";"0200";"";"";"";"";"";"";"";"";"";"";"";"";"";"";"";"";""
"27/05/2023";"0300";"";"";"";"";"";"";"";"";"";"";"";"";"";"";"";"";""
"27/05/2023";"0400";"";"";"";"";"";"";"";"";"";"";"";"";"";"";"";"";""
"27/05/2023";"0500";"";"";"";"";"";"";"";"";"";"";"";"";"";"";"";"";""
"27/05/2023";"0600";"";"";"";"";"";"";"";"";"";"";"";"";"";"";"";"";""
"27/05/2023";"0700";"";"";"";"";"";"";"";"";"";"";"";"";"";"";"";"";""
"27/05/2023";"0800";"";"";"";"";"";"";"";"";"";"";"";"";"";"";"";"";""
"27/05/2023";"0900";"";"";"";"";"";"";"";"";"";"";"";"";"";"";"";"";""
"27/05/2023";"1000";"";"";"";"";"";"";"";"";"";"";"";"";"";"";"";"";""
"27/05/2023";"1100";"";"";"";"";"";"";"";"";"";"";"";"";"";"";"";"";""
"27/05/2023";"1200";"";"";"";"";"";"";"";"";"";"";"";"";"";"";"";"";""
"27/05/2023";"1300";"";"";"";"";"";"";"";"";"";"";"";"";"";"";"";"";""
"27/05/2023";"1400";"";"";"";"";"";"";"";"";"";"";"";"";"";"";"";"";""
"27/05/2023";"1500";"";"";"";"";"";"";"";"";"";"";"";"";"";"";"";"";""
"27/05/2023";"1600";"";"";"";"";"";"";"";"";"";"";"";"";"";"";"";"";""
"27/05/2023";"1700";"";"";"";"";"";"";"";"";"";"";"";"";"";"";"";"";""
"27/05/2023";"1800";"";"";"";"";"";"";"";"";"";"";"";"";"";"";"";"";""
"27/05/2023";"1900";"";"";"";"";"";"";"";"";"";"";"";"";"";"";"";"";""
"27/05/2023";"2000";"";"";"";"";"";"";"";"";"";"";"";"";"";"";"";"";""
"27/05/2023";"2100";"";"";"";"";"";"";"";"";"";"";"";"";"";"";"";"";""
"27/05/2023";"2200";"";"";"";"";"";"";"";"";"";"";"";"";"";"";"";"";""
"27/05/2023";"2300";"";"";"";"";"";"";"";"";"";"";"";"";"";"";"";"";""
"28/05/2023";"0000";"";"";"";"";"";"";"";"";"";"";"";"";"";"";"";"";""
"28/05/2023";"0100";"";"";"";"";"";"";"";"";"";"";"";"";"";"";"";"";""
"28/05/2023";"0200";"";"";"";"";"";"";"";"";"";"";"";"";"";"";"";"";""
"28/05/2023";"0300";"";"";"";"";"";"";"";"";"";"";"";"";"";"";"";"";""
"28/05/2023";"0400";"";"";"";"";"";"";"";"";"";"";"";"";"";"";"";"";""
"28/05/2023";"0500";"";"";"";"";"";"";"";"";"";"";"";"";"";"";"";"";""
"28/05/2023";"0600";"";"";"";"";"";"";"";"";"";"";"";"";"";"";"";"";""
"28/05/2023";"0700";"";"";"";"";"";"";"";"";"";"";"";"";"";"";"";"";""
"28/05/2023";"0800";"";"";"";"";"";"";"";"";"";"";"";"";"";"";"";"";""
"28/05/2023";"0900";"";"";"";"";"";"";"";"";"";"";"";"";"";"";"";"";""
"28/05/2023";"1000";"";"";"";"";"";"";"";"";"";"";"";"";"";"";"";"";""
"28/05/2023";"1100";"";"";"";"";"";"";"";"";"";"";"";"";"";"";"";"";""
"28/05/2023";"1200";"";"";"";"";"";"";"";"";"";"";"";"";"";"";"";"";""
"28/05/2023";"1300";"";"";"";"";"";"";"";"";"";"";"";"";"";"";"";"";""
"28/05/2023";"1400";"";"";"";"";"";"";"";"";"";"";"";"";"";"";"";"";""
"28/05/2023";"1500";"";"";"";"";"";"";"";"";"";"";"";"";"";"";"";"";""
"28/05/2023";"1600";"";"";"";"";"";"";"";"";"";"";"";"";"";"";"";"";""
"28/05/2023";"1700";"";"";"";"";"";"";"";"";"";"";"";"";"";"";"";"";""
"28/05/2023";"1800";"";"";"";"";"";"";"";"";"";"";"";"";"";"";"";"";""
"28/05/2023";"1900";"";"";"";"";"";"";"";"";"";"";"";"";"";"";"";"";""
"28/05/2023";"2000";"";"";"";"";"";"";"";"";"";"";"";"";"";"";"";"";""
"28/05/2023";"2100";"";"";"";"";"";"";"";"";"";"";"";"";"";"";"";"";""
"28/05/2023";"2200";"";"";"";"";"";"";"";"";"";"";"";"";"";"";"";"";""
"28/05/2023";"2300";"";"";"";"";"";"";"";"";"";"";"";"";"";"";"";"";""
"29/05/2023";"0000";"";"";"";"";"";"";"";"";"";"";"";"";"";"";"";"";""
"29/05/2023";"0100";"";"";"";"";"";"";"";"";"";"";"";"";"";"";"";"";""
"29/05/2023";"0200";"";"";"";"";"";"";"";"";"";"";"";"";"";"";"";"";""
"29/05/2023";"0300";"";"";"";"";"";"";"";"";"";"";"";"";"";"";"";"";""
"29/05/2023";"0400";"";"";"";"";"";"";"";"";"";"";"";"";"";"";"";"";""
"29/05/2023";"0500";"";"";"";"";"";"";"";"";"";"";"";"";"";"";"";"";""
"29/05/2023";"0600";"";"";"";"";"";"";"";"";"";"";"";"";"";"";"";"";""
"29/05/2023";"0700";"";"";"";"";"";"";"";"";"";"";"";"";"";"";"";"";""
"29/05/2023";"0800";"";"";"";"";"";"";"";"";"";"";"";"";"";"";"";"";""
"29/05/2023";"0900";"";"";"";"";"";"";"";"";"";"";"";"";"";"";"";"";""
"29/05/2023";"1000";"";"";"";"";"";"";"";"";"";"";"";"";"";"";"";"";""
"29/05/2023";"1100";"";"";"";"";"";"";"";"";"";"";"";"";"";"";"";"";""
"29/05/2023";"1200";"";"";"";"";"";"";"";"";"";"";"";"";"";"";"";"";""
"29/05/2023";"1300";"";"";"";"";"";"";"";"";"";"";"";"";"";"";"";"";""
"29/05/2023";"1400";"";"";"";"";"";"";"";"";"";"";"";"";"";"";"";"";""
"29/05/2023";"1500";"";"";"";"";"";"";"";"";"";"";"";"";"";"";"";"";""
"29/05/2023";"1600";"";"";"";"";"";"";"";"";"";"";"";"";"";"";"";"";""
"29/05/2023";"1700";"";"";"";"";"";"";"";"";"";"";"";"";"";"";"";"";""
"29/05/2023";"1800";"";"";"";"";"";"";"";"";"";"";"";"";"";"";"";"";""
"29/05/2023";"1900";"";"";"";"";"";"";"";"";"";"";"";"";"";"";"";"";""
"29/05/2023";"2000";"";"";"";"";"";"";"";"";"";"";"";"";"";"";"";"";""
"29/05/2023";"2100";"";"";"";"";"";"";"";"";"";"";"";"";"";"";"";"";""
"29/05/2023";"2200";"";"";"";"";"";"";"";"";"";"";"";"";"";"";"";"";""
"29/05/2023";"2300";"";"";"";"";"";"";"";"";"";"";"";"";"";"";"";"";""
"30/05/2023";"0000";"";"";"";"";"";"";"";"";"";"";"";"";"";"";"";"";""
"30/05/2023";"0100";"";"";"";"";"";"";"";"";"";"";"";"";"";"";"";"";""
"30/05/2023";"0200";"";"";"";"";"";"";"";"";"";"";"";"";"";"";"";"";""
"30/05/2023";"0300";"";"";"";"";"";"";"";"";"";"";"";"";"";"";"";"";""
"30/05/2023";"0400";"";"";"";"";"";"";"";"";"";"";"";"";"";"";"";"";""
"30/05/2023";"0500";"";"";"";"";"";"";"";"";"";"";"";"";"";"";"";"";""
"30/05/2023";"0600";"";"";"";"";"";"";"";"";"";"";"";"";"";"";"";"";""
"30/05/2023";"0700";"";"";"";"";"";"";"";"";"";"";"";"";"";"";"";"";""
"30/05/2023";"0800";"";"";"";"";"";"";"";"";"";"";"";"";"";"";"";"";""
"30/05/2023";"0900";"";"";"";"";"";"";"";"";"";"";"";"";"";"";"";"";""
"30/05/2023";"1000";"";"";"";"";"";"";"";"";"";"";"";"";"";"";"";"";""
"30/05/2023";"1100";"";"";"";"";"";"";"";"";"";"";"";"";"";"";"";"";""
"30/05/2023";"1200";"";"";"";"";"";"";"";"";"";"";"";"";"";"";"";"";""
"30/05/2023";"1300";"";"";"";"";"";"";"";"";"";"";"";"";"";"";"";"";""
"30/05/2023";"1400";"";"";"";"";"";"";"";"";"";"";"";"";"";"";"";"";""
"30/05/2023";"1500";"";"";"";"";"";"";"";"";"";"";"";"";"";"";"";"";""
"30/05/2023";"1600";"";"";"";"";"";"";"";"";"";"";"";"";"";"";"";"";""
"30/05/2023";"1700";"";"";"";"";"";"";"";"";"";"";"";"";"";"";"";"";""
"30/05/2023";"1800";"";"";"";"";"";"";"";"";"";"";"";"";"";"";"";"";""
"30/05/2023";"1900";"";"";"";"";"";"";"";"";"";"";"";"";"";"";"";"";""
"30/05/2023";"2000";"";"";"";"";"";"";"";"";"";"";"";"";"";"";"";"";""
"30/05/2023";"2100";"";"";"";"";"";"";"";"";"";"";"";"";"";"";"";"";""
"30/05/2023";"2200";"";"";"";"";"";"";"";"";"";"";"";"";"";"";"";"";""
"30/05/2023";"2300";"";"";"";"";"";"";"";"";"";"";"";"";"";"";"";"";""
"31/05/2023";"0000";"";"";"";"";"";"";"";"";"";"";"";"";"";"";"";"";""
"31/05/2023";"0100";"";"";"";"";"";"";"";"";"";"";"";"";"";"";"";"";""
"31/05/2023";"0200";"";"";"";"";"";"";"";"";"";"";"";"";"";"";"";"";""
"31/05/2023";"0300";"";"";"";"";"";"";"";"";"";"";"";"";"";"";"";"";""
"31/05/2023";"0400";"";"";"";"";"";"";"";"";"";"";"";"";"";"";"";"";""
"31/05/2023";"0500";"";"";"";"";"";"";"";"";"";"";"";"";"";"";"";"";""
"31/05/2023";"0600";"";"";"";"";"";"";"";"";"";"";"";"";"";"";"";"";""
"31/05/2023";"0700";"";"";"";"";"";"";"";"";"";"";"";"";"";"";"";"";""
"31/05/2023";"0800";"";"";"";"";"";"";"";"";"";"";"";"";"";"";"";"";""
"31/05/2023";"0900";"";"";"";"";"";"";"";"";"";"";"";"";"";"";"";"";""
"31/05/2023";"1000";"";"";"";"";"";"";"";"";"";"";"";"";"";"";"";"";""
"31/05/2023";"1100";"";"";"";"";"";"";"";"";"";"";"";"";"";"";"";"";""
"31/05/2023";"1200";"";"";"";"";"";"";"";"";"";"";"";"";"";"";"";"";""
"31/05/2023";"1300";"";"";"";"";"";"";"";"";"";"";"";"";"";"";"";"";""
"31/05/2023";"1400";"";"";"";"";"";"";"";"";"";"";"";"";"";"";"";"";""
"31/05/2023";"1500";"";"";"";"";"";"";"";"";"";"";"";"";"";"";"";"";""
"31/05/2023";"1600";"";"";"";"";"";"";"";"";"";"";"";"";"";"";"";"";""
"31/05/2023";"1700";"";"";"";"";"";"";"";"";"";"";"";"";"";"";"";"";""
"31/05/2023";"1800";"";"";"";"";"";"";"";"";"";"";"";"";"";"";"";"";""
"31/05/2023";"1900";"";"";"";"";"";"";"";"";"";"";"";"";"";"";"";"";""
"31/05/2023";"2000";"";"";"";"";"";"";"";"";"";"";"";"";"";"";"";"";""
"31/05/2023";"2100";"";"";"";"";"";"";"";"";"";"";"";"";"";"";"";"";""
"31/05/2023";"2200";"";"";"";"";"";"";"";"";"";"";"";"";"";"";"";"";""
"31/05/2023";"2300";"";"";"";"";"";"";"";"";"";"";"";"";"";"";"";"";""
"01/06/2023";"0000";"";"";"";"";"";"";"";"";"";"";"";"";"";"";"";"";""
"01/06/2023";"0100";"";"";"";"";"";"";"";"";"";"";"";"";"";"";"";"";""
"01/06/2023";"0200";"";"";"";"";"";"";"";"";"";"";"";"";"";"";"";"";""
"01/06/2023";"0300";"";"";"";"";"";"";"";"";"";"";"";"";"";"";"";"";""
"01/06/2023";"0400";"";"";"";"";"";"";"";"";"";"";"";"";"";"";"";"";""
"01/06/2023";"0500";"";"";"";"";"";"";"";"";"";"";"";"";"";"";"";"";""
"01/06/2023";"0600";"";"";"";"";"";"";"";"";"";"";"";"";"";"";"";"";""
"01/06/2023";"0700";"";"";"";"";"";"";"";"";"";"";"";"";"";"";"";"";""
"01/06/2023";"0800";"";"";"";"";"";"";"";"";"";"";"";"";"";"";"";"";""
"01/06/2023";"0900";"";"";"";"";"";"";"";"";"";"";"";"";"";"";"";"";""
"01/06/2023";"1000";"";"";"";"";"";"";"";"";"";"";"";"";"";"";"";"";""
"01/06/2023";"1100";"";"";"";"";"";"";"";"";"";"";"";"";"";"";"";"";""
"01/06/2023";"1200";"";"";"";"";"";"";"";"";"";"";"";"";"";"";"";"";""
"01/06/2023";"1300";"";"";"";"";"";"";"";"";"";"";"";"";"";"";"";"";""
"01/06/2023";"1400";"";"";"";"";"";"";"";"";"";"";"";"";"";"";"";"";""
"01/06/2023";"1500";"";"";"";"";"";"";"";"";"";"";"";"";"";"";"";"";""
"01/06/2023";"1600";"";"";"";"";"";"";"";"";"";"";"";"";"";"";"";"";""
"01/06/2023";"1700";"";"";"";"";"";"";"";"";"";"";"";"";"";"";"";"";""
"01/06/2023";"1800";"";"";"";"";"";"";"";"";"";"";"";"";"";"";"";"";""
"01/06/2023";"1900";"";"";"";"";"";"";"";"";"";"";"";"";"";"";"";"";""
"01/06/2023";"2000";"";"";"";"";"";"";"";"";"";"";"";"";"";"";"";"";""
"01/06/2023";"2100";"";"";"";"";"";"";"";"";"";"";"";"";"";"";"";"";""
"01/06/2023";"2200";"";"";"";"";"";"";"";"";"";"";"";"";"";"";"";"";""
"01/06/2023";"2300";"";"";"";"";"";"";"";"";"";"";"";"";"";"";"";"";""
"02/06/2023";"0000";"";"";"";"";"";"";"";"";"";"";"";"";"";"";"";"";""
"02/06/2023";"0100";"";"";"";"";"";"";"";"";"";"";"";"";"";"";"";"";""
"02/06/2023";"0200";"";"";"";"";"";"";"";"";"";"";"";"";"";"";"";"";""
"02/06/2023";"0300";"";"";"";"";"";"";"";"";"";"";"";"";"";"";"";"";""
"02/06/2023";"0400";"";"";"";"";"";"";"";"";"";"";"";"";"";"";"";"";""
"02/06/2023";"0500";"";"";"";"";"";"";"";"";"";"";"";"";"";"";"";"";""
"02/06/2023";"0600";"";"";"";"";"";"";"";"";"";"";"";"";"";"";"";"";""
"02/06/2023";"0700";"";"";"";"";"";"";"";"";"";"";"";"";"";"";"";"";""
"02/06/2023";"0800";"";"";"";"";"";"";"";"";"";"";"";"";"";"";"";"";""
"02/06/2023";"0900";"";"";"";"";"";"";"";"";"";"";"";"";"";"";"";"";""
"02/06/2023";"1000";"";"";"";"";"";"";"";"";"";"";"";"";"";"";"";"";""
"02/06/2023";"1100";"";"";"";"";"";"";"";"";"";"";"";"";"";"";"";"";""
"02/06/2023";"1200";"";"";"";"";"";"";"";"";"";"";"";"";"";"";"";"";""
"02/06/2023";"1300";"";"";"";"";"";"";"";"";"";"";"";"";"";"";"";"";""
"02/06/2023";"1400";"";"";"";"";"";"";"";"";"";"";"";"";"";"";"";"";""
"02/06/2023";"1500";"";"";"";"";"";"";"";"";"";"";"";"";"";"";"";"";""
"02/06/2023";"1600";"";"";"";"";"";"";"";"";"";"";"";"";"";"";"";"";""
"02/06/2023";"1700";"";"";"";"";"";"";"";"";"";"";"";"";"";"";"";"";""
"02/06/2023";"1800";"";"";"";"";"";"";"";"";"";"";"";"";"";"";"";"";""
"02/06/2023";"1900";"";"";"";"";"";"";"";"";"";"";"";"";"";"";"";"";""
"02/06/2023";"2000";"";"";"";"";"";"";"";"";"";"";"";"";"";"";"";"";""
"02/06/2023";"2100";"";"";"";"";"";"";"";"";"";"";"";"";"";"";"";"";""
"02/06/2023";"2200";"";"";"";"";"";"";"";"";"";"";"";"";"";"";"";"";""
"02/06/2023";"2300";"";"";"";"";"";"";"";"";"";"";"";"";"";"";"";"";""
"03/06/2023";"0000";"";"";"";"";"";"";"";"";"";"";"";"";"";"";"";"";""
"03/06/2023";"0100";"";"";"";"";"";"";"";"";"";"";"";"";"";"";"";"";""
"03/06/2023";"0200";"";"";"";"";"";"";"";"";"";"";"";"";"";"";"";"";""
"03/06/2023";"0300";"";"";"";"";"";"";"";"";"";"";"";"";"";"";"";"";""
"03/06/2023";"0400";"";"";"";"";"";"";"";"";"";"";"";"";"";"";"";"";""
"03/06/2023";"0500";"";"";"";"";"";"";"";"";"";"";"";"";"";"";"";"";""
"03/06/2023";"0600";"";"";"";"";"";"";"";"";"";"";"";"";"";"";"";"";""
"03/06/2023";"0700";"";"";"";"";"";"";"";"";"";"";"";"";"";"";"";"";""
"03/06/2023";"0800";"";"";"";"";"";"";"";"";"";"";"";"";"";"";"";"";""
"03/06/2023";"0900";"";"";"";"";"";"";"";"";"";"";"";"";"";"";"";"";""
"03/06/2023";"1000";"";"";"";"";"";"";"";"";"";"";"";"";"";"";"";"";""
"03/06/2023";"1100";"";"";"";"";"";"";"";"";"";"";"";"";"";"";"";"";""
"03/06/2023";"1200";"";"";"";"";"";"";"";"";"";"";"";"";"";"";"";"";""
"03/06/2023";"1300";"";"";"";"";"";"";"";"";"";"";"";"";"";"";"";"";""
"03/06/2023";"1400";"";"";"";"";"";"";"";"";"";"";"";"";"";"";"";"";""
"03/06/2023";"1500";"";"";"";"";"";"";"";"";"";"";"";"";"";"";"";"";""
"03/06/2023";"1600";"";"";"";"";"";"";"";"";"";"";"";"";"";"";"";"";""
"03/06/2023";"1700";"";"";"";"";"";"";"";"";"";"";"";"";"";"";"";"";""
"03/06/2023";"1800";"";"";"";"";"";"";"";"";"";"";"";"";"";"";"";"";""
"03/06/2023";"1900";"";"";"";"";"";"";"";"";"";"";"";"";"";"";"";"";""
"03/06/2023";"2000";"";"";"";"";"";"";"";"";"";"";"";"";"";"";"";"";""
"03/06/2023";"2100";"";"";"";"";"";"";"";"";"";"";"";"";"";"";"";"";""
"03/06/2023";"2200";"";"";"";"";"";"";"";"";"";"";"";"";"";"";"";"";""
"03/06/2023";"2300";"";"";"";"";"";"";"";"";"";"";"";"";"";"";"";"";""
"04/06/2023";"0000";"";"";"";"";"";"";"";"";"";"";"";"";"";"";"";"";""
"04/06/2023";"0100";"";"";"";"";"";"";"";"";"";"";"";"";"";"";"";"";""
"04/06/2023";"0200";"";"";"";"";"";"";"";"";"";"";"";"";"";"";"";"";""
"04/06/2023";"0300";"";"";"";"";"";"";"";"";"";"";"";"";"";"";"";"";""
"04/06/2023";"0400";"";"";"";"";"";"";"";"";"";"";"";"";"";"";"";"";""
"04/06/2023";"0500";"";"";"";"";"";"";"";"";"";"";"";"";"";"";"";"";""
"04/06/2023";"0600";"";"";"";"";"";"";"";"";"";"";"";"";"";"";"";"";""
"04/06/2023";"0700";"";"";"";"";"";"";"";"";"";"";"";"";"";"";"";"";""
"04/06/2023";"0800";"";"";"";"";"";"";"";"";"";"";"";"";"";"";"";"";""
"04/06/2023";"0900";"";"";"";"";"";"";"";"";"";"";"";"";"";"";"";"";""
"04/06/2023";"1000";"";"";"";"";"";"";"";"";"";"";"";"";"";"";"";"";""
"04/06/2023";"1100";"";"";"";"";"";"";"";"";"";"";"";"";"";"";"";"";""
"04/06/2023";"1200";"";"";"";"";"";"";"";"";"";"";"";"";"";"";"";"";""
"04/06/2023";"1300";"";"";"";"";"";"";"";"";"";"";"";"";"";"";"";"";""
"04/06/2023";"1400";"";"";"";"";"";"";"";"";"";"";"";"";"";"";"";"";""
"04/06/2023";"1500";"";"";"";"";"";"";"";"";"";"";"";"";"";"";"";"";""
"04/06/2023";"1600";"";"";"";"";"";"";"";"";"";"";"";"";"";"";"";"";""
"04/06/2023";"1700";"";"";"";"";"";"";"";"";"";"";"";"";"";"";"";"";""
"04/06/2023";"1800";"";"";"";"";"";"";"";"";"";"";"";"";"";"";"";"";""
"04/06/2023";"1900";"";"";"";"";"";"";"";"";"";"";"";"";"";"";"";"";""
"04/06/2023";"2000";"";"";"";"";"";"";"";"";"";"";"";"";"";"";"";"";""
"04/06/2023";"2100";"";"";"";"";"";"";"";"";"";"";"";"";"";"";"";"";""
"04/06/2023";"2200";"";"";"";"";"";"";"";"";"";"";"";"";"";"";"";"";""
"04/06/2023";"2300";"";"";"";"";"";"";"";"";"";"";"";"";"";"";"";"";""
"05/06/2023";"0000";"";"";"";"";"";"";"";"";"";"";"";"";"";"";"";"";""
"05/06/2023";"0100";"";"";"";"";"";"";"";"";"";"";"";"";"";"";"";"";""
"05/06/2023";"0200";"";"";"";"";"";"";"";"";"";"";"";"";"";"";"";"";""
"05/06/2023";"0300";"";"";"";"";"";"";"";"";"";"";"";"";"";"";"";"";""
"05/06/2023";"0400";"";"";"";"";"";"";"";"";"";"";"";"";"";"";"";"";""
"05/06/2023";"0500";"";"";"";"";"";"";"";"";"";"";"";"";"";"";"";"";""
"05/06/2023";"0600";"";"";"";"";"";"";"";"";"";"";"";"";"";"";"";"";""
"05/06/2023";"0700";"";"";"";"";"";"";"";"";"";"";"";"";"";"";"";"";""
"05/06/2023";"0800";"";"";"";"";"";"";"";"";"";"";"";"";"";"";"";"";""
"05/06/2023";"0900";"";"";"";"";"";"";"";"";"";"";"";"";"";"";"";"";""
"05/06/2023";"1000";"";"";"";"";"";"";"";"";"";"";"";"";"";"";"";"";""
"05/06/2023";"1100";"";"";"";"";"";"";"";"";"";"";"";"";"";"";"";"";""
"05/06/2023";"1200";"";"";"";"";"";"";"";"";"";"";"";"";"";"";"";"";""
"05/06/2023";"1300";"";"";"";"";"";"";"";"";"";"";"";"";"";"";"";"";""
"05/06/2023";"1400";"";"";"";"";"";"";"";"";"";"";"";"";"";"";"";"";""
"05/06/2023";"1500";"";"";"";"";"";"";"";"";"";"";"";"";"";"";"";"";""
"05/06/2023";"1600";"";"";"";"";"";"";"";"";"";"";"";"";"";"";"";"";""
"05/06/2023";"1700";"";"";"";"";"";"";"";"";"";"";"";"";"";"";"";"";""
"05/06/2023";"1800";"";"";"";"";"";"";"";"";"";"";"";"";"";"";"";"";""
"05/06/2023";"1900";"";"";"";"";"";"";"";"";"";"";"";"";"";"";"";"";""
"05/06/2023";"2000";"";"";"";"";"";"";"";"";"";"";"";"";"";"";"";"";""
"05/06/2023";"2100";"";"";"";"";"";"";"";"";"";"";"";"";"";"";"";"";""
"05/06/2023";"2200";"";"";"";"";"";"";"";"";"";"";"";"";"";"";"";"";""
"05/06/2023";"2300";"";"";"";"";"";"";"";"";"";"";"";"";"";"";"";"";""
"06/06/2023";"0000";"";"";"";"";"";"";"";"";"";"";"";"";"";"";"";"";""
"06/06/2023";"0100";"";"";"";"";"";"";"";"";"";"";"";"";"";"";"";"";""
"06/06/2023";"0200";"";"";"";"";"";"";"";"";"";"";"";"";"";"";"";"";""
"06/06/2023";"0300";"";"";"";"";"";"";"";"";"";"";"";"";"";"";"";"";""
"06/06/2023";"0400";"";"";"";"";"";"";"";"";"";"";"";"";"";"";"";"";""
"06/06/2023";"0500";"";"";"";"";"";"";"";"";"";"";"";"";"";"";"";"";""
"06/06/2023";"0600";"";"";"";"";"";"";"";"";"";"";"";"";"";"";"";"";""
"06/06/2023";"0700";"";"";"";"";"";"";"";"";"";"";"";"";"";"";"";"";""
"06/06/2023";"0800";"";"";"";"";"";"";"";"";"";"";"";"";"";"";"";"";""
"06/06/2023";"0900";"";"";"";"";"";"";"";"";"";"";"";"";"";"";"";"";""
"06/06/2023";"1000";"";"";"";"";"";"";"";"";"";"";"";"";"";"";"";"";""
"06/06/2023";"1100";"";"";"";"";"";"";"";"";"";"";"";"";"";"";"";"";""
"06/06/2023";"1200";"";"";"";"";"";"";"";"";"";"";"";"";"";"";"";"";""
"06/06/2023";"1300";"";"";"";"";"";"";"";"";"";"";"";"";"";"";"";"";""
"06/06/2023";"1400";"";"";"";"";"";"";"";"";"";"";"";"";"";"";"";"";""
"06/06/2023";"1500";"";"";"";"";"";"";"";"";"";"";"";"";"";"";"";"";""
"06/06/2023";"1600";"";"";"";"";"";"";"";"";"";"";"";"";"";"";"";"";""
"06/06/2023";"1700";"";"";"";"";"";"";"";"";"";"";"";"";"";"";"";"";""
"06/06/2023";"1800";"";"";"";"";"";"";"";"";"";"";"";"";"";"";"";"";""
"06/06/2023";"1900";"";"";"";"";"";"";"";"";"";"";"";"";"";"";"";"";""
"06/06/2023";"2000";"";"";"";"";"";"";"";"";"";"";"";"";"";"";"";"";""
"06/06/2023";"2100";"";"";"";"";"";"";"";"";"";"";"";"";"";"";"";"";""
"06/06/2023";"2200";"";"";"";"";"";"";"";"";"";"";"";"";"";"";"";"";""
"06/06/2023";"2300";"";"";"";"";"";"";"";"";"";"";"";"";"";"";"";"";""
"07/06/2023";"0000";"";"";"";"";"";"";"";"";"";"";"";"";"";"";"";"";""
"07/06/2023";"0100";"";"";"";"";"";"";"";"";"";"";"";"";"";"";"";"";""
"07/06/2023";"0200";"";"";"";"";"";"";"";"";"";"";"";"";"";"";"";"";""
"07/06/2023";"0300";"";"";"";"";"";"";"";"";"";"";"";"";"";"";"";"";""
"07/06/2023";"0400";"";"";"";"";"";"";"";"";"";"";"";"";"";"";"";"";""
"07/06/2023";"0500";"";"";"";"";"";"";"";"";"";"";"";"";"";"";"";"";""
"07/06/2023";"0600";"";"";"";"";"";"";"";"";"";"";"";"";"";"";"";"";""
"07/06/2023";"0700";"";"";"";"";"";"";"";"";"";"";"";"";"";"";"";"";""
"07/06/2023";"0800";"";"";"";"";"";"";"";"";"";"";"";"";"";"";"";"";""
"07/06/2023";"0900";"";"";"";"";"";"";"";"";"";"";"";"";"";"";"";"";""
"07/06/2023";"1000";"";"";"";"";"";"";"";"";"";"";"";"";"";"";"";"";""
"07/06/2023";"1100";"";"";"";"";"";"";"";"";"";"";"";"";"";"";"";"";""
"07/06/2023";"1200";"";"";"";"";"";"";"";"";"";"";"";"";"";"";"";"";""
"07/06/2023";"1300";"";"";"";"";"";"";"";"";"";"";"";"";"";"";"";"";""
"07/06/2023";"1400";"";"";"";"";"";"";"";"";"";"";"";"";"";"";"";"";""
"07/06/2023";"1500";"";"";"";"";"";"";"";"";"";"";"";"";"";"";"";"";""
"07/06/2023";"1600";"";"";"";"";"";"";"";"";"";"";"";"";"";"";"";"";""
"07/06/2023";"1700";"";"";"";"";"";"";"";"";"";"";"";"";"";"";"";"";""
"07/06/2023";"1800";"";"";"";"";"";"";"";"";"";"";"";"";"";"";"";"";""
"07/06/2023";"1900";"";"";"";"";"";"";"";"";"";"";"";"";"";"";"";"";""
"07/06/2023";"2000";"";"";"";"";"";"";"";"";"";"";"";"";"";"";"";"";""
"07/06/2023";"2100";"";"";"";"";"";"";"";"";"";"";"";"";"";"";"";"";""
"07/06/2023";"2200";"";"";"";"";"";"";"";"";"";"";"";"";"";"";"";"";""
"07/06/2023";"2300";"";"";"";"";"";"";"";"";"";"";"";"";"";"";"";"";""
"08/06/2023";"0000";"";"";"";"";"";"";"";"";"";"";"";"";"";"";"";"";""
"08/06/2023";"0100";"";"";"";"";"";"";"";"";"";"";"";"";"";"";"";"";""
"08/06/2023";"0200";"";"";"";"";"";"";"";"";"";"";"";"";"";"";"";"";""
"08/06/2023";"0300";"";"";"";"";"";"";"";"";"";"";"";"";"";"";"";"";""
"08/06/2023";"0400";"";"";"";"";"";"";"";"";"";"";"";"";"";"";"";"";""
"08/06/2023";"0500";"";"";"";"";"";"";"";"";"";"";"";"";"";"";"";"";""
"08/06/2023";"0600";"";"";"";"";"";"";"";"";"";"";"";"";"";"";"";"";""
"08/06/2023";"0700";"";"";"";"";"";"";"";"";"";"";"";"";"";"";"";"";""
"08/06/2023";"0800";"";"";"";"";"";"";"";"";"";"";"";"";"";"";"";"";""
"08/06/2023";"0900";"";"";"";"";"";"";"";"";"";"";"";"";"";"";"";"";""
"08/06/2023";"1000";"";"";"";"";"";"";"";"";"";"";"";"";"";"";"";"";""
"08/06/2023";"1100";"";"";"";"";"";"";"";"";"";"";"";"";"";"";"";"";""
"08/06/2023";"1200";"";"";"";"";"";"";"";"";"";"";"";"";"";"";"";"";""
"08/06/2023";"1300";"";"";"";"";"";"";"";"";"";"";"";"";"";"";"";"";""
"08/06/2023";"1400";"";"";"";"";"";"";"";"";"";"";"";"";"";"";"";"";""
"08/06/2023";"1500";"";"";"";"";"";"";"";"";"";"";"";"";"";"";"";"";""
"08/06/2023";"1600";"";"";"";"";"";"";"";"";"";"";"";"";"";"";"";"";""
"08/06/2023";"1700";"";"";"";"";"";"";"";"";"";"";"";"";"";"";"";"";""
"08/06/2023";"1800";"";"";"";"";"";"";"";"";"";"";"";"";"";"";"";"";""
"08/06/2023";"1900";"";"";"";"";"";"";"";"";"";"";"";"";"";"";"";"";""
"08/06/2023";"2000";"";"";"";"";"";"";"";"";"";"";"";"";"";"";"";"";""
"08/06/2023";"2100";"";"";"";"";"";"";"";"";"";"";"";"";"";"";"";"";""
"08/06/2023";"2200";"";"";"";"";"";"";"";"";"";"";"";"";"";"";"";"";""
"08/06/2023";"2300";"";"";"";"";"";"";"";"";"";"";"";"";"";"";"";"";""
"09/06/2023";"0000";"";"";"";"";"";"";"";"";"";"";"";"";"";"";"";"";""
"09/06/2023";"0100";"";"";"";"";"";"";"";"";"";"";"";"";"";"";"";"";""
"09/06/2023";"0200";"";"";"";"";"";"";"";"";"";"";"";"";"";"";"";"";""
"09/06/2023";"0300";"";"";"";"";"";"";"";"";"";"";"";"";"";"";"";"";""
"09/06/2023";"0400";"";"";"";"";"";"";"";"";"";"";"";"";"";"";"";"";""
"09/06/2023";"0500";"";"";"";"";"";"";"";"";"";"";"";"";"";"";"";"";""
"09/06/2023";"0600";"";"";"";"";"";"";"";"";"";"";"";"";"";"";"";"";""
"09/06/2023";"0700";"";"";"";"";"";"";"";"";"";"";"";"";"";"";"";"";""
"09/06/2023";"0800";"";"";"";"";"";"";"";"";"";"";"";"";"";"";"";"";""
"09/06/2023";"0900";"";"";"";"";"";"";"";"";"";"";"";"";"";"";"";"";""
"09/06/2023";"1000";"";"";"";"";"";"";"";"";"";"";"";"";"";"";"";"";""
"09/06/2023";"1100";"";"";"";"";"";"";"";"";"";"";"";"";"";"";"";"";""
"09/06/2023";"1200";"";"";"";"";"";"";"";"";"";"";"";"";"";"";"";"";""
"09/06/2023";"1300";"";"";"";"";"";"";"";"";"";"";"";"";"";"";"";"";""
"09/06/2023";"1400";"";"";"";"";"";"";"";"";"";"";"";"";"";"";"";"";""
"09/06/2023";"1500";"";"";"";"";"";"";"";"";"";"";"";"";"";"";"";"";""
"09/06/2023";"1600";"";"";"";"";"";"";"";"";"";"";"";"";"";"";"";"";""
"09/06/2023";"1700";"";"";"";"";"";"";"";"";"";"";"";"";"";"";"";"";""
"09/06/2023";"1800";"";"";"";"";"";"";"";"";"";"";"";"";"";"";"";"";""
"09/06/2023";"1900";"";"";"";"";"";"";"";"";"";"";"";"";"";"";"";"";""
"09/06/2023";"2000";"";"";"";"";"";"";"";"";"";"";"";"";"";"";"";"";""
"09/06/2023";"2100";"";"";"";"";"";"";"";"";"";"";"";"";"";"";"";"";""
"09/06/2023";"2200";"";"";"";"";"";"";"";"";"";"";"";"";"";"";"";"";""
"09/06/2023";"2300";"";"";"";"";"";"";"";"";"";"";"";"";"";"";"";"";""
"10/06/2023";"0000";"";"";"";"";"";"";"";"";"";"";"";"";"";"";"";"";""
"10/06/2023";"0100";"";"";"";"";"";"";"";"";"";"";"";"";"";"";"";"";""
"10/06/2023";"0200";"";"";"";"";"";"";"";"";"";"";"";"";"";"";"";"";""
"10/06/2023";"0300";"";"";"";"";"";"";"";"";"";"";"";"";"";"";"";"";""
"10/06/2023";"0400";"";"";"";"";"";"";"";"";"";"";"";"";"";"";"";"";""
"10/06/2023";"0500";"";"";"";"";"";"";"";"";"";"";"";"";"";"";"";"";""
"10/06/2023";"0600";"";"";"";"";"";"";"";"";"";"";"";"";"";"";"";"";""
"10/06/2023";"0700";"";"";"";"";"";"";"";"";"";"";"";"";"";"";"";"";""
"10/06/2023";"0800";"";"";"";"";"";"";"";"";"";"";"";"";"";"";"";"";""
"10/06/2023";"0900";"";"";"";"";"";"";"";"";"";"";"";"";"";"";"";"";""
"10/06/2023";"1000";"";"";"";"";"";"";"";"";"";"";"";"";"";"";"";"";""
"10/06/2023";"1100";"";"";"";"";"";"";"";"";"";"";"";"";"";"";"";"";""
"10/06/2023";"1200";"";"";"";"";"";"";"";"";"";"";"";"";"";"";"";"";""
"10/06/2023";"1300";"";"";"";"";"";"";"";"";"";"";"";"";"";"";"";"";""
"10/06/2023";"1400";"";"";"";"";"";"";"";"";"";"";"";"";"";"";"";"";""
"10/06/2023";"1500";"";"";"";"";"";"";"";"";"";"";"";"";"";"";"";"";""
"10/06/2023";"1600";"";"";"";"";"";"";"";"";"";"";"";"";"";"";"";"";""
"10/06/2023";"1700";"";"";"";"";"";"";"";"";"";"";"";"";"";"";"";"";""
"10/06/2023";"1800";"";"";"";"";"";"";"";"";"";"";"";"";"";"";"";"";""
"10/06/2023";"1900";"";"";"";"";"";"";"";"";"";"";"";"";"";"";"";"";""
"10/06/2023";"2000";"";"";"";"";"";"";"";"";"";"";"";"";"";"";"";"";""
"10/06/2023";"2100";"";"";"";"";"";"";"";"";"";"";"";"";"";"";"";"";""
"10/06/2023";"2200";"";"";"";"";"";"";"";"";"";"";"";"";"";"";"";"";""
"10/06/2023";"2300";"";"";"";"";"";"";"";"";"";"";"";"";"";"";"";"";""
"11/06/2023";"0000";"";"";"";"";"";"";"";"";"";"";"";"";"";"";"";"";""
"11/06/2023";"0100";"";"";"";"";"";"";"";"";"";"";"";"";"";"";"";"";""
"11/06/2023";"0200";"";"";"";"";"";"";"";"";"";"";"";"";"";"";"";"";""
"11/06/2023";"0300";"";"";"";"";"";"";"";"";"";"";"";"";"";"";"";"";""
"11/06/2023";"0400";"";"";"";"";"";"";"";"";"";"";"";"";"";"";"";"";""
"11/06/2023";"0500";"";"";"";"";"";"";"";"";"";"";"";"";"";"";"";"";""
"11/06/2023";"0600";"";"";"";"";"";"";"";"";"";"";"";"";"";"";"";"";""
"11/06/2023";"0700";"";"";"";"";"";"";"";"";"";"";"";"";"";"";"";"";""
"11/06/2023";"0800";"";"";"";"";"";"";"";"";"";"";"";"";"";"";"";"";""
"11/06/2023";"0900";"";"";"";"";"";"";"";"";"";"";"";"";"";"";"";"";""
"11/06/2023";"1000";"";"";"";"";"";"";"";"";"";"";"";"";"";"";"";"";""
"11/06/2023";"1100";"";"";"";"";"";"";"";"";"";"";"";"";"";"";"";"";""
"11/06/2023";"1200";"";"";"";"";"";"";"";"";"";"";"";"";"";"";"";"";""
"11/06/2023";"1300";"";"";"";"";"";"";"";"";"";"";"";"";"";"";"";"";""
"11/06/2023";"1400";"";"";"";"";"";"";"";"";"";"";"";"";"";"";"";"";""
"11/06/2023";"1500";"";"";"";"";"";"";"";"";"";"";"";"";"";"";"";"";""
"11/06/2023";"1600";"";"";"";"";"";"";"";"";"";"";"";"";"";"";"";"";""
"11/06/2023";"1700";"";"";"";"";"";"";"";"";"";"";"";"";"";"";"";"";""
"11/06/2023";"1800";"";"";"";"";"";"";"";"";"";"";"";"";"";"";"";"";""
"11/06/2023";"1900";"";"";"";"";"";"";"";"";"";"";"";"";"";"";"";"";""
"11/06/2023";"2000";"";"";"";"";"";"";"";"";"";"";"";"";"";"";"";"";""
"11/06/2023";"2100";"";"";"";"";"";"";"";"";"";"";"";"";"";"";"";"";""
"11/06/2023";"2200";"";"";"";"";"";"";"";"";"";"";"";"";"";"";"";"";""
"11/06/2023";"2300";"";"";"";"";"";"";"";"";"";"";"";"";"";"";"";"";""
"12/06/2023";"0000";"";"";"";"";"";"";"";"";"";"";"";"";"";"";"";"";""
"12/06/2023";"0100";"";"";"";"";"";"";"";"";"";"";"";"";"";"";"";"";""
"12/06/2023";"0200";"";"";"";"";"";"";"";"";"";"";"";"";"";"";"";"";""
"12/06/2023";"0300";"";"";"";"";"";"";"";"";"";"";"";"";"";"";"";"";""
"12/06/2023";"0400";"";"";"";"";"";"";"";"";"";"";"";"";"";"";"";"";""
"12/06/2023";"0500";"";"";"";"";"";"";"";"";"";"";"";"";"";"";"";"";""
"12/06/2023";"0600";"";"";"";"";"";"";"";"";"";"";"";"";"";"";"";"";""
"12/06/2023";"0700";"";"";"";"";"";"";"";"";"";"";"";"";"";"";"";"";""
"12/06/2023";"0800";"";"";"";"";"";"";"";"";"";"";"";"";"";"";"";"";""
"12/06/2023";"0900";"";"";"";"";"";"";"";"";"";"";"";"";"";"";"";"";""
"12/06/2023";"1000";"";"";"";"";"";"";"";"";"";"";"";"";"";"";"";"";""
"12/06/2023";"1100";"";"";"";"";"";"";"";"";"";"";"";"";"";"";"";"";""
"12/06/2023";"1200";"";"";"";"";"";"";"";"";"";"";"";"";"";"";"";"";""
"12/06/2023";"1300";"";"";"";"";"";"";"";"";"";"";"";"";"";"";"";"";""
"12/06/2023";"1400";"";"";"";"";"";"";"";"";"";"";"";"";"";"";"";"";""
"12/06/2023";"1500";"";"";"";"";"";"";"";"";"";"";"";"";"";"";"";"";""
"12/06/2023";"1600";"";"";"";"";"";"";"";"";"";"";"";"";"";"";"";"";""
"12/06/2023";"1700";"";"";"";"";"";"";"";"";"";"";"";"";"";"";"";"";""
"12/06/2023";"1800";"";"";"";"";"";"";"";"";"";"";"";"";"";"";"";"";""
"12/06/2023";"1900";"";"";"";"";"";"";"";"";"";"";"";"";"";"";"";"";""
"12/06/2023";"2000";"";"";"";"";"";"";"";"";"";"";"";"";"";"";"";"";""
"12/06/2023";"2100";"";"";"";"";"";"";"";"";"";"";"";"";"";"";"";"";""
"12/06/2023";"2200";"";"";"";"";"";"";"";"";"";"";"";"";"";"";"";"";""
"12/06/2023";"2300";"";"";"";"";"";"";"";"";"";"";"";"";"";"";"";"";""
"13/06/2023";"0000";"";"";"";"";"";"";"";"";"";"";"";"";"";"";"";"";""
"13/06/2023";"0100";"";"";"";"";"";"";"";"";"";"";"";"";"";"";"";"";""
"13/06/2023";"0200";"";"";"";"";"";"";"";"";"";"";"";"";"";"";"";"";""
"13/06/2023";"0300";"";"";"";"";"";"";"";"";"";"";"";"";"";"";"";"";""
"13/06/2023";"0400";"";"";"";"";"";"";"";"";"";"";"";"";"";"";"";"";""
"13/06/2023";"0500";"";"";"";"";"";"";"";"";"";"";"";"";"";"";"";"";""
"13/06/2023";"0600";"";"";"";"";"";"";"";"";"";"";"";"";"";"";"";"";""
"13/06/2023";"0700";"";"";"";"";"";"";"";"";"";"";"";"";"";"";"";"";""
"13/06/2023";"0800";"";"";"";"";"";"";"";"";"";"";"";"";"";"";"";"";""
"13/06/2023";"0900";"";"";"";"";"";"";"";"";"";"";"";"";"";"";"";"";""
"13/06/2023";"1000";"";"";"";"";"";"";"";"";"";"";"";"";"";"";"";"";""
"13/06/2023";"1100";"";"";"";"";"";"";"";"";"";"";"";"";"";"";"";"";""
"13/06/2023";"1200";"";"";"";"";"";"";"";"";"";"";"";"";"";"";"";"";""
"13/06/2023";"1300";"";"";"";"";"";"";"";"";"";"";"";"";"";"";"";"";""
"13/06/2023";"1400";"";"";"";"";"";"";"";"";"";"";"";"";"";"";"";"";""
"13/06/2023";"1500";"";"";"";"";"";"";"";"";"";"";"";"";"";"";"";"";""
"13/06/2023";"1600";"";"";"";"";"";"";"";"";"";"";"";"";"";"";"";"";""
"13/06/2023";"1700";"";"";"";"";"";"";"";"";"";"";"";"";"";"";"";"";""
"13/06/2023";"1800";"";"";"";"";"";"";"";"";"";"";"";"";"";"";"";"";""
"13/06/2023";"1900";"";"";"";"";"";"";"";"";"";"";"";"";"";"";"";"";""
"13/06/2023";"2000";"";"";"";"";"";"";"";"";"";"";"";"";"";"";"";"";""
"13/06/2023";"2100";"";"";"";"";"";"";"";"";"";"";"";"";"";"";"";"";""
"13/06/2023";"2200";"";"";"";"";"";"";"";"";"";"";"";"";"";"";"";"";""
"13/06/2023";"2300";"";"";"";"";"";"";"";"";"";"";"";"";"";"";"";"";""
"14/06/2023";"0000";"";"";"";"";"";"";"";"";"";"";"";"";"";"";"";"";""
"14/06/2023";"0100";"";"";"";"";"";"";"";"";"";"";"";"";"";"";"";"";""
"14/06/2023";"0200";"";"";"";"";"";"";"";"";"";"";"";"";"";"";"";"";""
"14/06/2023";"0300";"";"";"";"";"";"";"";"";"";"";"";"";"";"";"";"";""
"14/06/2023";"0400";"";"";"";"";"";"";"";"";"";"";"";"";"";"";"";"";""
"14/06/2023";"0500";"";"";"";"";"";"";"";"";"";"";"";"";"";"";"";"";""
"14/06/2023";"0600";"";"";"";"";"";"";"";"";"";"";"";"";"";"";"";"";""
"14/06/2023";"0700";"";"";"";"";"";"";"";"";"";"";"";"";"";"";"";"";""
"14/06/2023";"0800";"";"";"";"";"";"";"";"";"";"";"";"";"";"";"";"";""
"14/06/2023";"0900";"";"";"";"";"";"";"";"";"";"";"";"";"";"";"";"";""
"14/06/2023";"1000";"";"";"";"";"";"";"";"";"";"";"";"";"";"";"";"";""
"14/06/2023";"1100";"";"";"";"";"";"";"";"";"";"";"";"";"";"";"";"";""
"14/06/2023";"1200";"";"";"";"";"";"";"";"";"";"";"";"";"";"";"";"";""
"14/06/2023";"1300";"";"";"";"";"";"";"";"";"";"";"";"";"";"";"";"";""
"14/06/2023";"1400";"";"";"";"";"";"";"";"";"";"";"";"";"";"";"";"";""
"14/06/2023";"1500";"";"";"";"";"";"";"";"";"";"";"";"";"";"";"";"";""
"14/06/2023";"1600";"";"";"";"";"";"";"";"";"";"";"";"";"";"";"";"";""
"14/06/2023";"1700";"";"";"";"";"";"";"";"";"";"";"";"";"";"";"";"";""
"14/06/2023";"1800";"";"";"";"";"";"";"";"";"";"";"";"";"";"";"";"";""
"14/06/2023";"1900";"";"";"";"";"";"";"";"";"";"";"";"";"";"";"";"";""
"14/06/2023";"2000";"";"";"";"";"";"";"";"";"";"";"";"";"";"";"";"";""
"14/06/2023";"2100";"";"";"";"";"";"";"";"";"";"";"";"";"";"";"";"";""
"14/06/2023";"2200";"";"";"";"";"";"";"";"";"";"";"";"";"";"";"";"";""
"14/06/2023";"2300";"";"";"";"";"";"";"";"";"";"";"";"";"";"";"";"";""
"15/06/2023";"0000";"";"";"";"";"";"";"";"";"";"";"";"";"";"";"";"";""
"15/06/2023";"0100";"";"";"";"";"";"";"";"";"";"";"";"";"";"";"";"";""
"15/06/2023";"0200";"";"";"";"";"";"";"";"";"";"";"";"";"";"";"";"";""
"15/06/2023";"0300";"";"";"";"";"";"";"";"";"";"";"";"";"";"";"";"";""
"15/06/2023";"0400";"";"";"";"";"";"";"";"";"";"";"";"";"";"";"";"";""
"15/06/2023";"0500";"";"";"";"";"";"";"";"";"";"";"";"";"";"";"";"";""
"15/06/2023";"0600";"";"";"";"";"";"";"";"";"";"";"";"";"";"";"";"";""
"15/06/2023";"0700";"";"";"";"";"";"";"";"";"";"";"";"";"";"";"";"";""
"15/06/2023";"0800";"";"";"";"";"";"";"";"";"";"";"";"";"";"";"";"";""
"15/06/2023";"0900";"";"";"";"";"";"";"";"";"";"";"";"";"";"";"";"";""
"15/06/2023";"1000";"";"";"";"";"";"";"";"";"";"";"";"";"";"";"";"";""
"15/06/2023";"1100";"";"";"";"";"";"";"";"";"";"";"";"";"";"";"";"";""
"15/06/2023";"1200";"";"";"";"";"";"";"";"";"";"";"";"";"";"";"";"";""
"15/06/2023";"1300";"";"";"";"";"";"";"";"";"";"";"";"";"";"";"";"";""
"15/06/2023";"1400";"";"";"";"";"";"";"";"";"";"";"";"";"";"";"";"";""
"15/06/2023";"1500";"";"";"";"";"";"";"";"";"";"";"";"";"";"";"";"";""
"15/06/2023";"1600";"";"";"";"";"";"";"";"";"";"";"";"";"";"";"";"";""
"15/06/2023";"1700";"";"";"";"";"";"";"";"";"";"";"";"";"";"";"";"";""
"15/06/2023";"1800";"";"";"";"";"";"";"";"";"";"";"";"";"";"";"";"";""
"15/06/2023";"1900";"";"";"";"";"";"";"";"";"";"";"";"";"";"";"";"";""
"15/06/2023";"2000";"";"";"";"";"";"";"";"";"";"";"";"";"";"";"";"";""
"15/06/2023";"2100";"";"";"";"";"";"";"";"";"";"";"";"";"";"";"";"";""
"15/06/2023";"2200";"";"";"";"";"";"";"";"";"";"";"";"";"";"";"";"";""
"15/06/2023";"2300";"";"";"";"";"";"";"";"";"";"";"";"";"";"";"";"";""
"16/06/2023";"0000";"";"";"";"";"";"";"";"";"";"";"";"";"";"";"";"";""
"16/06/2023";"0100";"";"";"";"";"";"";"";"";"";"";"";"";"";"";"";"";""
"16/06/2023";"0200";"";"";"";"";"";"";"";"";"";"";"";"";"";"";"";"";""
"16/06/2023";"0300";"";"";"";"";"";"";"";"";"";"";"";"";"";"";"";"";""
"16/06/2023";"0400";"";"";"";"";"";"";"";"";"";"";"";"";"";"";"";"";""
"16/06/2023";"0500";"";"";"";"";"";"";"";"";"";"";"";"";"";"";"";"";""
"16/06/2023";"0600";"";"";"";"";"";"";"";"";"";"";"";"";"";"";"";"";""
"16/06/2023";"0700";"";"";"";"";"";"";"";"";"";"";"";"";"";"";"";"";""
"16/06/2023";"0800";"";"";"";"";"";"";"";"";"";"";"";"";"";"";"";"";""
"16/06/2023";"0900";"";"";"";"";"";"";"";"";"";"";"";"";"";"";"";"";""
"16/06/2023";"1000";"";"";"";"";"";"";"";"";"";"";"";"";"";"";"";"";""
"16/06/2023";"1100";"";"";"";"";"";"";"";"";"";"";"";"";"";"";"";"";""
"16/06/2023";"1200";"";"";"";"";"";"";"";"";"";"";"";"";"";"";"";"";""
"16/06/2023";"1300";"";"";"";"";"";"";"";"";"";"";"";"";"";"";"";"";""
"16/06/2023";"1400";"";"";"";"";"";"";"";"";"";"";"";"";"";"";"";"";""
"16/06/2023";"1500";"";"";"";"";"";"";"";"";"";"";"";"";"";"";"";"";""
"16/06/2023";"1600";"";"";"";"";"";"";"";"";"";"";"";"";"";"";"";"";""
"16/06/2023";"1700";"";"";"";"";"";"";"";"";"";"";"";"";"";"";"";"";""
"16/06/2023";"1800";"";"";"";"";"";"";"";"";"";"";"";"";"";"";"";"";""
"16/06/2023";"1900";"";"";"";"";"";"";"";"";"";"";"";"";"";"";"";"";""
"16/06/2023";"2000";"";"";"";"";"";"";"";"";"";"";"";"";"";"";"";"";""
"16/06/2023";"2100";"";"";"";"";"";"";"";"";"";"";"";"";"";"";"";"";""
"16/06/2023";"2200";"";"";"";"";"";"";"";"";"";"";"";"";"";"";"";"";""
"16/06/2023";"2300";"";"";"";"";"";"";"";"";"";"";"";"";"";"";"";"";""
"17/06/2023";"0000";"";"";"";"";"";"";"";"";"";"";"";"";"";"";"";"";""
"17/06/2023";"0100";"";"";"";"";"";"";"";"";"";"";"";"";"";"";"";"";""
"17/06/2023";"0200";"";"";"";"";"";"";"";"";"";"";"";"";"";"";"";"";""
"17/06/2023";"0300";"";"";"";"";"";"";"";"";"";"";"";"";"";"";"";"";""
"17/06/2023";"0400";"";"";"";"";"";"";"";"";"";"";"";"";"";"";"";"";""
"17/06/2023";"0500";"";"";"";"";"";"";"";"";"";"";"";"";"";"";"";"";""
"17/06/2023";"0600";"";"";"";"";"";"";"";"";"";"";"";"";"";"";"";"";""
"17/06/2023";"0700";"";"";"";"";"";"";"";"";"";"";"";"";"";"";"";"";""
"17/06/2023";"0800";"";"";"";"";"";"";"";"";"";"";"";"";"";"";"";"";""
"17/06/2023";"0900";"";"";"";"";"";"";"";"";"";"";"";"";"";"";"";"";""
"17/06/2023";"1000";"";"";"";"";"";"";"";"";"";"";"";"";"";"";"";"";""
"17/06/2023";"1100";"";"";"";"";"";"";"";"";"";"";"";"";"";"";"";"";""
"17/06/2023";"1200";"";"";"";"";"";"";"";"";"";"";"";"";"";"";"";"";""
"17/06/2023";"1300";"";"";"";"";"";"";"";"";"";"";"";"";"";"";"";"";""
"17/06/2023";"1400";"";"";"";"";"";"";"";"";"";"";"";"";"";"";"";"";""
"17/06/2023";"1500";"";"";"";"";"";"";"";"";"";"";"";"";"";"";"";"";""
"17/06/2023";"1600";"";"";"";"";"";"";"";"";"";"";"";"";"";"";"";"";""
"17/06/2023";"1700";"";"";"";"";"";"";"";"";"";"";"";"";"";"";"";"";""
"17/06/2023";"1800";"";"";"";"";"";"";"";"";"";"";"";"";"";"";"";"";""
"17/06/2023";"1900";"";"";"";"";"";"";"";"";"";"";"";"";"";"";"";"";""
"17/06/2023";"2000";"";"";"";"";"";"";"";"";"";"";"";"";"";"";"";"";""
"17/06/2023";"2100";"";"";"";"";"";"";"";"";"";"";"";"";"";"";"";"";""
"17/06/2023";"2200";"";"";"";"";"";"";"";"";"";"";"";"";"";"";"";"";""
"17/06/2023";"2300";"";"";"";"";"";"";"";"";"";"";"";"";"";"";"";"";""
"18/06/2023";"0000";"";"";"";"";"";"";"";"";"";"";"";"";"";"";"";"";""
"18/06/2023";"0100";"";"";"";"";"";"";"";"";"";"";"";"";"";"";"";"";""
"18/06/2023";"0200";"";"";"";"";"";"";"";"";"";"";"";"";"";"";"";"";""
"18/06/2023";"0300";"";"";"";"";"";"";"";"";"";"";"";"";"";"";"";"";""
"18/06/2023";"0400";"";"";"";"";"";"";"";"";"";"";"";"";"";"";"";"";""
"18/06/2023";"0500";"";"";"";"";"";"";"";"";"";"";"";"";"";"";"";"";""
"18/06/2023";"0600";"";"";"";"";"";"";"";"";"";"";"";"";"";"";"";"";""
"18/06/2023";"0700";"";"";"";"";"";"";"";"";"";"";"";"";"";"";"";"";""
"18/06/2023";"0800";"";"";"";"";"";"";"";"";"";"";"";"";"";"";"";"";""
"18/06/2023";"0900";"";"";"";"";"";"";"";"";"";"";"";"";"";"";"";"";""
"18/06/2023";"1000";"";"";"";"";"";"";"";"";"";"";"";"";"";"";"";"";""
"18/06/2023";"1100";"";"";"";"";"";"";"";"";"";"";"";"";"";"";"";"";""
"18/06/2023";"1200";"";"";"";"";"";"";"";"";"";"";"";"";"";"";"";"";""
"18/06/2023";"1300";"";"";"";"";"";"";"";"";"";"";"";"";"";"";"";"";""
"18/06/2023";"1400";"";"";"";"";"";"";"";"";"";"";"";"";"";"";"";"";""
"18/06/2023";"1500";"";"";"";"";"";"";"";"";"";"";"";"";"";"";"";"";""
"18/06/2023";"1600";"";"";"";"";"";"";"";"";"";"";"";"";"";"";"";"";""
"18/06/2023";"1700";"";"";"";"";"";"";"";"";"";"";"";"";"";"";"";"";""
"18/06/2023";"1800";"";"";"";"";"";"";"";"";"";"";"";"";"";"";"";"";""
"18/06/2023";"1900";"";"";"";"";"";"";"";"";"";"";"";"";"";"";"";"";""
"18/06/2023";"2000";"";"";"";"";"";"";"";"";"";"";"";"";"";"";"";"";""
"18/06/2023";"2100";"";"";"";"";"";"";"";"";"";"";"";"";"";"";"";"";""
"18/06/2023";"2200";"";"";"";"";"";"";"";"";"";"";"";"";"";"";"";"";""
"18/06/2023";"2300";"";"";"";"";"";"";"";"";"";"";"";"";"";"";"";"";""
"19/06/2023";"0000";"";"";"";"";"";"";"";"";"";"";"";"";"";"";"";"";""
"19/06/2023";"0100";"";"";"";"";"";"";"";"";"";"";"";"";"";"";"";"";""
"19/06/2023";"0200";"";"";"";"";"";"";"";"";"";"";"";"";"";"";"";"";""
"19/06/2023";"0300";"";"";"";"";"";"";"";"";"";"";"";"";"";"";"";"";""
"19/06/2023";"0400";"";"";"";"";"";"";"";"";"";"";"";"";"";"";"";"";""
"19/06/2023";"0500";"";"";"";"";"";"";"";"";"";"";"";"";"";"";"";"";""
"19/06/2023";"0600";"";"";"";"";"";"";"";"";"";"";"";"";"";"";"";"";""
"19/06/2023";"0700";"";"";"";"";"";"";"";"";"";"";"";"";"";"";"";"";""
"19/06/2023";"0800";"";"";"";"";"";"";"";"";"";"";"";"";"";"";"";"";""
"19/06/2023";"0900";"";"";"";"";"";"";"";"";"";"";"";"";"";"";"";"";""
"19/06/2023";"1000";"";"";"";"";"";"";"";"";"";"";"";"";"";"";"";"";""
"19/06/2023";"1100";"";"";"";"";"";"";"";"";"";"";"";"";"";"";"";"";""
"19/06/2023";"1200";"";"";"";"";"";"";"";"";"";"";"";"";"";"";"";"";""
"19/06/2023";"1300";"";"";"";"";"";"";"";"";"";"";"";"";"";"";"";"";""
"19/06/2023";"1400";"";"";"";"";"";"";"";"";"";"";"";"";"";"";"";"";""
"19/06/2023";"1500";"";"";"";"";"";"";"";"";"";"";"";"";"";"";"";"";""
"19/06/2023";"1600";"";"";"";"";"";"";"";"";"";"";"";"";"";"";"";"";""
"19/06/2023";"1700";"";"";"";"";"";"";"";"";"";"";"";"";"";"";"";"";""
"19/06/2023";"1800";"";"";"";"";"";"";"";"";"";"";"";"";"";"";"";"";""
"19/06/2023";"1900";"";"";"";"";"";"";"";"";"";"";"";"";"";"";"";"";""
"19/06/2023";"2000";"";"";"";"";"";"";"";"";"";"";"";"";"";"";"";"";""
"19/06/2023";"2100";"";"";"";"";"";"";"";"";"";"";"";"";"";"";"";"";""
"19/06/2023";"2200";"";"";"";"";"";"";"";"";"";"";"";"";"";"";"";"";""
"19/06/2023";"2300";"";"";"";"";"";"";"";"";"";"";"";"";"";"";"";"";""
"20/06/2023";"0000";"";"";"";"";"";"";"";"";"";"";"";"";"";"";"";"";""
"20/06/2023";"0100";"";"";"";"";"";"";"";"";"";"";"";"";"";"";"";"";""
"20/06/2023";"0200";"";"";"";"";"";"";"";"";"";"";"";"";"";"";"";"";""
"20/06/2023";"0300";"";"";"";"";"";"";"";"";"";"";"";"";"";"";"";"";""
"20/06/2023";"0400";"";"";"";"";"";"";"";"";"";"";"";"";"";"";"";"";""
"20/06/2023";"0500";"";"";"";"";"";"";"";"";"";"";"";"";"";"";"";"";""
"20/06/2023";"0600";"";"";"";"";"";"";"";"";"";"";"";"";"";"";"";"";""
"20/06/2023";"0700";"";"";"";"";"";"";"";"";"";"";"";"";"";"";"";"";""
"20/06/2023";"0800";"";"";"";"";"";"";"";"";"";"";"";"";"";"";"";"";""
"20/06/2023";"0900";"";"";"";"";"";"";"";"";"";"";"";"";"";"";"";"";""
"20/06/2023";"1000";"";"";"";"";"";"";"";"";"";"";"";"";"";"";"";"";""
"20/06/2023";"1100";"";"";"";"";"";"";"";"";"";"";"";"";"";"";"";"";""
"20/06/2023";"1200";"";"";"";"";"";"";"";"";"";"";"";"";"";"";"";"";""
"20/06/2023";"1300";"";"";"";"";"";"";"";"";"";"";"";"";"";"";"";"";""
"20/06/2023";"1400";"";"";"";"";"";"";"";"";"";"";"";"";"";"";"";"";""
"20/06/2023";"1500";"";"";"";"";"";"";"";"";"";"";"";"";"";"";"";"";""
"20/06/2023";"1600";"";"";"";"";"";"";"";"";"";"";"";"";"";"";"";"";""
"20/06/2023";"1700";"";"";"";"";"";"";"";"";"";"";"";"";"";"";"";"";""
"20/06/2023";"1800";"";"";"";"";"";"";"";"";"";"";"";"";"";"";"";"";""
"20/06/2023";"1900";"";"";"";"";"";"";"";"";"";"";"";"";"";"";"";"";""
"20/06/2023";"2000";"";"";"";"";"";"";"";"";"";"";"";"";"";"";"";"";""
"20/06/2023";"2100";"";"";"";"";"";"";"";"";"";"";"";"";"";"";"";"";""
"20/06/2023";"2200";"";"";"";"";"";"";"";"";"";"";"";"";"";"";"";"";""
"20/06/2023";"2300";"";"";"";"";"";"";"";"";"";"";"";"";"";"";"";"";""
"21/06/2023";"0000";"";"";"";"";"";"";"";"";"";"";"";"";"";"";"";"";""
"21/06/2023";"0100";"";"";"";"";"";"";"";"";"";"";"";"";"";"";"";"";""
"21/06/2023";"0200";"";"";"";"";"";"";"";"";"";"";"";"";"";"";"";"";""
"21/06/2023";"0300";"";"";"";"";"";"";"";"";"";"";"";"";"";"";"";"";""
"21/06/2023";"0400";"";"";"";"";"";"";"";"";"";"";"";"";"";"";"";"";""
"21/06/2023";"0500";"";"";"";"";"";"";"";"";"";"";"";"";"";"";"";"";""
"21/06/2023";"0600";"";"";"";"";"";"";"";"";"";"";"";"";"";"";"";"";""
"21/06/2023";"0700";"";"";"";"";"";"";"";"";"";"";"";"";"";"";"";"";""
"21/06/2023";"0800";"";"";"";"";"";"";"";"";"";"";"";"";"";"";"";"";""
"21/06/2023";"0900";"";"";"";"";"";"";"";"";"";"";"";"";"";"";"";"";""
"21/06/2023";"1000";"";"";"";"";"";"";"";"";"";"";"";"";"";"";"";"";""
"21/06/2023";"1100";"";"";"";"";"";"";"";"";"";"";"";"";"";"";"";"";""
"21/06/2023";"1200";"";"";"";"";"";"";"";"";"";"";"";"";"";"";"";"";""
"21/06/2023";"1300";"";"";"";"";"";"";"";"";"";"";"";"";"";"";"";"";""
"21/06/2023";"1400";"";"";"";"";"";"";"";"";"";"";"";"";"";"";"";"";""
"21/06/2023";"1500";"";"";"";"";"";"";"";"";"";"";"";"";"";"";"";"";""
"21/06/2023";"1600";"";"";"";"";"";"";"";"";"";"";"";"";"";"";"";"";""
"21/06/2023";"1700";"";"";"";"";"";"";"";"";"";"";"";"";"";"";"";"";""
"21/06/2023";"1800";"";"";"";"";"";"";"";"";"";"";"";"";"";"";"";"";""
"21/06/2023";"1900";"";"";"";"";"";"";"";"";"";"";"";"";"";"";"";"";""
"21/06/2023";"2000";"";"";"";"";"";"";"";"";"";"";"";"";"";"";"";"";""
"21/06/2023";"2100";"";"";"";"";"";"";"";"";"";"";"";"";"";"";"";"";""
"21/06/2023";"2200";"";"";"";"";"";"";"";"";"";"";"";"";"";"";"";"";""
"21/06/2023";"2300";"";"";"";"";"";"";"";"";"";"";"";"";"";"";"";"";""
"22/06/2023";"0000";"";"";"";"";"";"";"";"";"";"";"";"";"";"";"";"";""
"22/06/2023";"0100";"";"";"";"";"";"";"";"";"";"";"";"";"";"";"";"";""
"22/06/2023";"0200";"";"";"";"";"";"";"";"";"";"";"";"";"";"";"";"";""
"22/06/2023";"0300";"";"";"";"";"";"";"";"";"";"";"";"";"";"";"";"";""
"22/06/2023";"0400";"";"";"";"";"";"";"";"";"";"";"";"";"";"";"";"";""
"22/06/2023";"0500";"";"";"";"";"";"";"";"";"";"";"";"";"";"";"";"";""
"22/06/2023";"0600";"";"";"";"";"";"";"";"";"";"";"";"";"";"";"";"";""
"22/06/2023";"0700";"";"";"";"";"";"";"";"";"";"";"";"";"";"";"";"";""
"22/06/2023";"0800";"";"";"";"";"";"";"";"";"";"";"";"";"";"";"";"";""
"22/06/2023";"0900";"";"";"";"";"";"";"";"";"";"";"";"";"";"";"";"";""
"22/06/2023";"1000";"";"";"";"";"";"";"";"";"";"";"";"";"";"";"";"";""
"22/06/2023";"1100";"";"";"";"";"";"";"";"";"";"";"";"";"";"";"";"";""
"22/06/2023";"1200";"";"";"";"";"";"";"";"";"";"";"";"";"";"";"";"";""
"22/06/2023";"1300";"";"";"";"";"";"";"";"";"";"";"";"";"";"";"";"";""
"22/06/2023";"1400";"";"";"";"";"";"";"";"";"";"";"";"";"";"";"";"";""
"22/06/2023";"1500";"";"";"";"";"";"";"";"";"";"";"";"";"";"";"";"";""
"22/06/2023";"1600";"";"";"";"";"";"";"";"";"";"";"";"";"";"";"";"";""
"22/06/2023";"1700";"";"";"";"";"";"";"";"";"";"";"";"";"";"";"";"";""
"22/06/2023";"1800";"";"";"";"";"";"";"";"";"";"";"";"";"";"";"";"";""
"22/06/2023";"1900";"";"";"";"";"";"";"";"";"";"";"";"";"";"";"";"";""
"22/06/2023";"2000";"";"";"";"";"";"";"";"";"";"";"";"";"";"";"";"";""
"22/06/2023";"2100";"";"";"";"";"";"";"";"";"";"";"";"";"";"";"";"";""
"22/06/2023";"2200";"";"";"";"";"";"";"";"";"";"";"";"";"";"";"";"";""
"22/06/2023";"2300";"";"";"";"";"";"";"";"";"";"";"";"";"";"";"";"";""
"23/06/2023";"0000";"";"";"";"";"";"";"";"";"";"";"";"";"";"";"";"";""
"23/06/2023";"0100";"";"";"";"";"";"";"";"";"";"";"";"";"";"";"";"";""
"23/06/2023";"0200";"";"";"";"";"";"";"";"";"";"";"";"";"";"";"";"";""
"23/06/2023";"0300";"";"";"";"";"";"";"";"";"";"";"";"";"";"";"";"";""
"23/06/2023";"0400";"";"";"";"";"";"";"";"";"";"";"";"";"";"";"";"";""
"23/06/2023";"0500";"";"";"";"";"";"";"";"";"";"";"";"";"";"";"";"";""
"23/06/2023";"0600";"";"";"";"";"";"";"";"";"";"";"";"";"";"";"";"";""
"23/06/2023";"0700";"";"";"";"";"";"";"";"";"";"";"";"";"";"";"";"";""
"23/06/2023";"0800";"";"";"";"";"";"";"";"";"";"";"";"";"";"";"";"";""
"23/06/2023";"0900";"";"";"";"";"";"";"";"";"";"";"";"";"";"";"";"";""
"23/06/2023";"1000";"";"";"";"";"";"";"";"";"";"";"";"";"";"";"";"";""
"23/06/2023";"1100";"";"";"";"";"";"";"";"";"";"";"";"";"";"";"";"";""
"23/06/2023";"1200";"";"";"";"";"";"";"";"";"";"";"";"";"";"";"";"";""
"23/06/2023";"1300";"";"";"";"";"";"";"";"";"";"";"";"";"";"";"";"";""
"23/06/2023";"1400";"";"";"";"";"";"";"";"";"";"";"";"";"";"";"";"";""
"23/06/2023";"1500";"";"";"";"";"";"";"";"";"";"";"";"";"";"";"";"";""
"23/06/2023";"1600";"";"";"";"";"";"";"";"";"";"";"";"";"";"";"";"";""
"23/06/2023";"1700";"";"";"";"";"";"";"";"";"";"";"";"";"";"";"";"";""
"23/06/2023";"1800";"";"";"";"";"";"";"";"";"";"";"";"";"";"";"";"";""
"23/06/2023";"1900";"";"";"";"";"";"";"";"";"";"";"";"";"";"";"";"";""
"23/06/2023";"2000";"";"";"";"";"";"";"";"";"";"";"";"";"";"";"";"";""
"23/06/2023";"2100";"";"";"";"";"";"";"";"";"";"";"";"";"";"";"";"";""
"23/06/2023";"2200";"";"";"";"";"";"";"";"";"";"";"";"";"";"";"";"";""
"23/06/2023";"2300";"";"";"";"";"";"";"";"";"";"";"";"";"";"";"";"";""
"24/06/2023";"0000";"";"";"";"";"";"";"";"";"";"";"";"";"";"";"";"";""
"24/06/2023";"0100";"";"";"";"";"";"";"";"";"";"";"";"";"";"";"";"";""
"24/06/2023";"0200";"";"";"";"";"";"";"";"";"";"";"";"";"";"";"";"";""
"24/06/2023";"0300";"";"";"";"";"";"";"";"";"";"";"";"";"";"";"";"";""
"24/06/2023";"0400";"";"";"";"";"";"";"";"";"";"";"";"";"";"";"";"";""
"24/06/2023";"0500";"";"";"";"";"";"";"";"";"";"";"";"";"";"";"";"";""
"24/06/2023";"0600";"";"";"";"";"";"";"";"";"";"";"";"";"";"";"";"";""
"24/06/2023";"0700";"";"";"";"";"";"";"";"";"";"";"";"";"";"";"";"";""
"24/06/2023";"0800";"";"";"";"";"";"";"";"";"";"";"";"";"";"";"";"";""
"24/06/2023";"0900";"";"";"";"";"";"";"";"";"";"";"";"";"";"";"";"";""
"24/06/2023";"1000";"";"";"";"";"";"";"";"";"";"";"";"";"";"";"";"";""
"24/06/2023";"1100";"";"";"";"";"";"";"";"";"";"";"";"";"";"";"";"";""
"24/06/2023";"1200";"";"";"";"";"";"";"";"";"";"";"";"";"";"";"";"";""
"24/06/2023";"1300";"";"";"";"";"";"";"";"";"";"";"";"";"";"";"";"";""
"24/06/2023";"1400";"";"";"";"";"";"";"";"";"";"";"";"";"";"";"";"";""
"24/06/2023";"1500";"";"";"";"";"";"";"";"";"";"";"";"";"";"";"";"";""
"24/06/2023";"1600";"";"";"";"";"";"";"";"";"";"";"";"";"";"";"";"";""
"24/06/2023";"1700";"";"";"";"";"";"";"";"";"";"";"";"";"";"";"";"";""
"24/06/2023";"1800";"";"";"";"";"";"";"";"";"";"";"";"";"";"";"";"";""
"24/06/2023";"1900";"";"";"";"";"";"";"";"";"";"";"";"";"";"";"";"";""
"24/06/2023";"2000";"";"";"";"";"";"";"";"";"";"";"";"";"";"";"";"";""
"24/06/2023";"2100";"";"";"";"";"";"";"";"";"";"";"";"";"";"";"";"";""
"24/06/2023";"2200";"";"";"";"";"";"";"";"";"";"";"";"";"";"";"";"";""
"24/06/2023";"2300";"";"";"";"";"";"";"";"";"";"";"";"";"";"";"";"";""
"25/06/2023";"0000";"";"";"";"";"";"";"";"";"";"";"";"";"";"";"";"";""
"25/06/2023";"0100";"";"";"";"";"";"";"";"";"";"";"";"";"";"";"";"";""
"25/06/2023";"0200";"";"";"";"";"";"";"";"";"";"";"";"";"";"";"";"";""
"25/06/2023";"0300";"";"";"";"";"";"";"";"";"";"";"";"";"";"";"";"";""
"25/06/2023";"0400";"";"";"";"";"";"";"";"";"";"";"";"";"";"";"";"";""
"25/06/2023";"0500";"";"";"";"";"";"";"";"";"";"";"";"";"";"";"";"";""
"25/06/2023";"0600";"";"";"";"";"";"";"";"";"";"";"";"";"";"";"";"";""
"25/06/2023";"0700";"";"";"";"";"";"";"";"";"";"";"";"";"";"";"";"";""
"25/06/2023";"0800";"";"";"";"";"";"";"";"";"";"";"";"";"";"";"";"";""
"25/06/2023";"0900";"";"";"";"";"";"";"";"";"";"";"";"";"";"";"";"";""
"25/06/2023";"1000";"";"";"";"";"";"";"";"";"";"";"";"";"";"";"";"";""
"25/06/2023";"1100";"";"";"";"";"";"";"";"";"";"";"";"";"";"";"";"";""
"25/06/2023";"1200";"";"";"";"";"";"";"";"";"";"";"";"";"";"";"";"";""
"25/06/2023";"1300";"";"";"";"";"";"";"";"";"";"";"";"";"";"";"";"";""
"25/06/2023";"1400";"";"";"";"";"";"";"";"";"";"";"";"";"";"";"";"";""
"25/06/2023";"1500";"";"";"";"";"";"";"";"";"";"";"";"";"";"";"";"";""
"25/06/2023";"1600";"";"";"";"";"";"";"";"";"";"";"";"";"";"";"";"";""
"25/06/2023";"1700";"";"";"";"";"";"";"";"";"";"";"";"";"";"";"";"";""
"25/06/2023";"1800";"";"";"";"";"";"";"";"";"";"";"";"";"";"";"";"";""
"25/06/2023";"1900";"";"";"";"";"";"";"";"";"";"";"";"";"";"";"";"";""
"25/06/2023";"2000";"";"";"";"";"";"";"";"";"";"";"";"";"";"";"";"";""
"25/06/2023";"2100";"";"";"";"";"";"";"";"";"";"";"";"";"";"";"";"";""
"25/06/2023";"2200";"";"";"";"";"";"";"";"";"";"";"";"";"";"";"";"";""
"25/06/2023";"2300";"";"";"";"";"";"";"";"";"";"";"";"";"";"";"";"";""
"26/06/2023";"0000";"";"";"";"";"";"";"";"";"";"";"";"";"";"";"";"";""
"26/06/2023";"0100";"";"";"";"";"";"";"";"";"";"";"";"";"";"";"";"";""
"26/06/2023";"0200";"";"";"";"";"";"";"";"";"";"";"";"";"";"";"";"";""
"26/06/2023";"0300";"";"";"";"";"";"";"";"";"";"";"";"";"";"";"";"";""
"26/06/2023";"0400";"";"";"";"";"";"";"";"";"";"";"";"";"";"";"";"";""
"26/06/2023";"0500";"";"";"";"";"";"";"";"";"";"";"";"";"";"";"";"";""
"26/06/2023";"0600";"";"";"";"";"";"";"";"";"";"";"";"";"";"";"";"";""
"26/06/2023";"0700";"";"";"";"";"";"";"";"";"";"";"";"";"";"";"";"";""
"26/06/2023";"0800";"";"";"";"";"";"";"";"";"";"";"";"";"";"";"";"";""
"26/06/2023";"0900";"";"";"";"";"";"";"";"";"";"";"";"";"";"";"";"";""
"26/06/2023";"1000";"";"";"";"";"";"";"";"";"";"";"";"";"";"";"";"";""
"26/06/2023";"1100";"";"";"";"";"";"";"";"";"";"";"";"";"";"";"";"";""
"26/06/2023";"1200";"";"";"";"";"";"";"";"";"";"";"";"";"";"";"";"";""
"26/06/2023";"1300";"";"";"";"";"";"";"";"";"";"";"";"";"";"";"";"";""
"26/06/2023";"1400";"";"";"";"";"";"";"";"";"";"";"";"";"";"";"";"";""
"26/06/2023";"1500";"";"";"";"";"";"";"";"";"";"";"";"";"";"";"";"";""
"26/06/2023";"1600";"";"";"";"";"";"";"";"";"";"";"";"";"";"";"";"";""
"26/06/2023";"1700";"";"";"";"";"";"";"";"";"";"";"";"";"";"";"";"";""
"26/06/2023";"1800";"";"";"";"";"";"";"";"";"";"";"";"";"";"";"";"";""
"26/06/2023";"1900";"";"";"";"";"";"";"";"";"";"";"";"";"";"";"";"";""
"26/06/2023";"2000";"";"";"";"";"";"";"";"";"";"";"";"";"";"";"";"";""
"26/06/2023";"2100";"";"";"";"";"";"";"";"";"";"";"";"";"";"";"";"";""
"26/06/2023";"2200";"";"";"";"";"";"";"";"";"";"";"";"";"";"";"";"";""
"26/06/2023";"2300";"";"";"";"";"";"";"";"";"";"";"";"";"";"";"";"";""
"27/06/2023";"0000";"";"";"";"";"";"";"";"";"";"";"";"";"";"";"";"";""
"27/06/2023";"0100";"";"";"";"";"";"";"";"";"";"";"";"";"";"";"";"";""
"27/06/2023";"0200";"";"";"";"";"";"";"";"";"";"";"";"";"";"";"";"";""
"27/06/2023";"0300";"";"";"";"";"";"";"";"";"";"";"";"";"";"";"";"";""
"27/06/2023";"0400";"";"";"";"";"";"";"";"";"";"";"";"";"";"";"";"";""
"27/06/2023";"0500";"";"";"";"";"";"";"";"";"";"";"";"";"";"";"";"";""
"27/06/2023";"0600";"";"";"";"";"";"";"";"";"";"";"";"";"";"";"";"";""
"27/06/2023";"0700";"";"";"";"";"";"";"";"";"";"";"";"";"";"";"";"";""
"27/06/2023";"0800";"";"";"";"";"";"";"";"";"";"";"";"";"";"";"";"";""
"27/06/2023";"0900";"";"";"";"";"";"";"";"";"";"";"";"";"";"";"";"";""
"27/06/2023";"1000";"";"";"";"";"";"";"";"";"";"";"";"";"";"";"";"";""
"27/06/2023";"1100";"";"";"";"";"";"";"";"";"";"";"";"";"";"";"";"";""
"27/06/2023";"1200";"";"";"";"";"";"";"";"";"";"";"";"";"";"";"";"";""
"27/06/2023";"1300";"";"";"";"";"";"";"";"";"";"";"";"";"";"";"";"";""
"27/06/2023";"1400";"";"";"";"";"";"";"";"";"";"";"";"";"";"";"";"";""
"27/06/2023";"1500";"";"";"";"";"";"";"";"";"";"";"";"";"";"";"";"";""
"27/06/2023";"1600";"";"";"";"";"";"";"";"";"";"";"";"";"";"";"";"";""
"27/06/2023";"1700";"";"";"";"";"";"";"";"";"";"";"";"";"";"";"";"";""
"27/06/2023";"1800";"";"";"";"";"";"";"";"";"";"";"";"";"";"";"";"";""
"27/06/2023";"1900";"";"";"";"";"";"";"";"";"";"";"";"";"";"";"";"";""
"27/06/2023";"2000";"";"";"";"";"";"";"";"";"";"";"";"";"";"";"";"";""
"27/06/2023";"2100";"";"";"";"";"";"";"";"";"";"";"";"";"";"";"";"";""
"27/06/2023";"2200";"";"";"";"";"";"";"";"";"";"";"";"";"";"";"";"";""
"27/06/2023";"2300";"";"";"";"";"";"";"";"";"";"";"";"";"";"";"";"";""
"28/06/2023";"0000";"";"";"";"";"";"";"";"";"";"";"";"";"";"";"";"";""
"28/06/2023";"0100";"";"";"";"";"";"";"";"";"";"";"";"";"";"";"";"";""
"28/06/2023";"0200";"";"";"";"";"";"";"";"";"";"";"";"";"";"";"";"";""
"28/06/2023";"0300";"";"";"";"";"";"";"";"";"";"";"";"";"";"";"";"";""
"28/06/2023";"0400";"";"";"";"";"";"";"";"";"";"";"";"";"";"";"";"";""
"28/06/2023";"0500";"";"";"";"";"";"";"";"";"";"";"";"";"";"";"";"";""
"28/06/2023";"0600";"";"";"";"";"";"";"";"";"";"";"";"";"";"";"";"";""
"28/06/2023";"0700";"";"";"";"";"";"";"";"";"";"";"";"";"";"";"";"";""
"28/06/2023";"0800";"";"";"";"";"";"";"";"";"";"";"";"";"";"";"";"";""
"28/06/2023";"0900";"";"";"";"";"";"";"";"";"";"";"";"";"";"";"";"";""
"28/06/2023";"1000";"";"";"";"";"";"";"";"";"";"";"";"";"";"";"";"";""
"28/06/2023";"1100";"";"";"";"";"";"";"";"";"";"";"";"";"";"";"";"";""
"28/06/2023";"1200";"";"";"";"";"";"";"";"";"";"";"";"";"";"";"";"";""
"28/06/2023";"1300";"";"";"";"";"";"";"";"";"";"";"";"";"";"";"";"";""
"28/06/2023";"1400";"";"";"";"";"";"";"";"";"";"";"";"";"";"";"";"";""
"28/06/2023";"1500";"";"";"";"";"";"";"";"";"";"";"";"";"";"";"";"";""
"28/06/2023";"1600";"";"";"";"";"";"";"";"";"";"";"";"";"";"";"";"";""
"28/06/2023";"1700";"";"";"";"";"";"";"";"";"";"";"";"";"";"";"";"";""
"28/06/2023";"1800";"";"";"";"";"";"";"";"";"";"";"";"";"";"";"";"";""
"28/06/2023";"1900";"";"";"";"";"";"";"";"";"";"";"";"";"";"";"";"";""
"28/06/2023";"2000";"";"";"";"";"";"";"";"";"";"";"";"";"";"";"";"";""
"28/06/2023";"2100";"";"";"";"";"";"";"";"";"";"";"";"";"";"";"";"";""
"28/06/2023";"2200";"";"";"";"";"";"";"";"";"";"";"";"";"";"";"";"";""
"28/06/2023";"2300";"";"";"";"";"";"";"";"";"";"";"";"";"";"";"";"";""
"29/06/2023";"0000";"";"";"";"";"";"";"";"";"";"";"";"";"";"";"";"";""
"29/06/2023";"0100";"";"";"";"";"";"";"";"";"";"";"";"";"";"";"";"";""
"29/06/2023";"0200";"";"";"";"";"";"";"";"";"";"";"";"";"";"";"";"";""
"29/06/2023";"0300";"";"";"";"";"";"";"";"";"";"";"";"";"";"";"";"";""
"29/06/2023";"0400";"";"";"";"";"";"";"";"";"";"";"";"";"";"";"";"";""
"29/06/2023";"0500";"";"";"";"";"";"";"";"";"";"";"";"";"";"";"";"";""
"29/06/2023";"0600";"";"";"";"";"";"";"";"";"";"";"";"";"";"";"";"";""
"29/06/2023";"0700";"";"";"";"";"";"";"";"";"";"";"";"";"";"";"";"";""
"29/06/2023";"0800";"";"";"";"";"";"";"";"";"";"";"";"";"";"";"";"";""
"29/06/2023";"0900";"";"";"";"";"";"";"";"";"";"";"";"";"";"";"";"";""
"29/06/2023";"1000";"";"";"";"";"";"";"";"";"";"";"";"";"";"";"";"";""
"29/06/2023";"1100";"";"";"";"";"";"";"";"";"";"";"";"";"";"";"";"";""
"29/06/2023";"1200";"";"";"";"";"";"";"";"";"";"";"";"";"";"";"";"";""
"29/06/2023";"1300";"";"";"";"";"";"";"";"";"";"";"";"";"";"";"";"";""
"29/06/2023";"1400";"";"";"";"";"";"";"";"";"";"";"";"";"";"";"";"";""
"29/06/2023";"1500";"";"";"";"";"";"";"";"";"";"";"";"";"";"";"";"";""
"29/06/2023";"1600";"";"";"";"";"";"";"";"";"";"";"";"";"";"";"";"";""
"29/06/2023";"1700";"";"";"";"";"";"";"";"";"";"";"";"";"";"";"";"";""
"29/06/2023";"1800";"";"";"";"";"";"";"";"";"";"";"";"";"";"";"";"";""
"29/06/2023";"1900";"";"";"";"";"";"";"";"";"";"";"";"";"";"";"";"";""
"29/06/2023";"2000";"";"";"";"";"";"";"";"";"";"";"";"";"";"";"";"";""
"29/06/2023";"2100";"";"";"";"";"";"";"";"";"";"";"";"";"";"";"";"";""
"29/06/2023";"2200";"";"";"";"";"";"";"";"";"";"";"";"";"";"";"";"";""
"29/06/2023";"2300";"";"";"";"";"";"";"";"";"";"";"";"";"";"";"";"";""
"30/06/2023";"0000";"";"";"";"";"";"";"";"";"";"";"";"";"";"";"";"";""
"30/06/2023";"0100";"";"";"";"";"";"";"";"";"";"";"";"";"";"";"";"";""
"30/06/2023";"0200";"";"";"";"";"";"";"";"";"";"";"";"";"";"";"";"";""
"30/06/2023";"0300";"";"";"";"";"";"";"";"";"";"";"";"";"";"";"";"";""
"30/06/2023";"0400";"";"";"";"";"";"";"";"";"";"";"";"";"";"";"";"";""
"30/06/2023";"0500";"";"";"";"";"";"";"";"";"";"";"";"";"";"";"";"";""
"30/06/2023";"0600";"";"";"";"";"";"";"";"";"";"";"";"";"";"";"";"";""
"30/06/2023";"0700";"";"";"";"";"";"";"";"";"";"";"";"";"";"";"";"";""
"30/06/2023";"0800";"";"";"";"";"";"";"";"";"";"";"";"";"";"";"";"";""
"30/06/2023";"0900";"";"";"";"";"";"";"";"";"";"";"";"";"";"";"";"";""
"30/06/2023";"1000";"";"";"";"";"";"";"";"";"";"";"";"";"";"";"";"";""
"30/06/2023";"1100";"";"";"";"";"";"";"";"";"";"";"";"";"";"";"";"";""
"30/06/2023";"1200";"";"";"";"";"";"";"";"";"";"";"";"";"";"";"";"";""
"30/06/2023";"1300";"";"";"";"";"";"";"";"";"";"";"";"";"";"";"";"";""
"30/06/2023";"1400";"";"";"";"";"";"";"";"";"";"";"";"";"";"";"";"";""
"30/06/2023";"1500";"";"";"";"";"";"";"";"";"";"";"";"";"";"";"";"";""
"30/06/2023";"1600";"";"";"";"";"";"";"";"";"";"";"";"";"";"";"";"";""
"30/06/2023";"1700";"";"";"";"";"";"";"";"";"";"";"";"";"";"";"";"";""
"30/06/2023";"1800";"";"";"";"";"";"";"";"";"";"";"";"";"";"";"";"";""
"30/06/2023";"1900";"";"";"";"";"";"";"";"";"";"";"";"";"";"";"";"";""
"30/06/2023";"2000";"";"";"";"";"";"";"";"";"";"";"";"";"";"";"";"";""
"30/06/2023";"2100";"";"";"";"";"";"";"";"";"";"";"";"";"";"";"";"";""
"30/06/2023";"2200";"";"";"";"";"";"";"";"";"";"";"";"";"";"";"";"";""
"30/06/2023";"2300";"";"";"";"";"";"";"";"";"";"";"";"";"";"";"";"";""
"01/07/2023";"0000";"";"";"";"";"";"";"";"";"";"";"";"";"";"";"";"";""
"01/07/2023";"0100";"";"";"";"";"";"";"";"";"";"";"";"";"";"";"";"";""
"01/07/2023";"0200";"";"";"";"";"";"";"";"";"";"";"";"";"";"";"";"";""
"01/07/2023";"0300";"";"";"";"";"";"";"";"";"";"";"";"";"";"";"";"";""
"01/07/2023";"0400";"";"";"";"";"";"";"";"";"";"";"";"";"";"";"";"";""
"01/07/2023";"0500";"";"";"";"";"";"";"";"";"";"";"";"";"";"";"";"";""
"01/07/2023";"0600";"";"";"";"";"";"";"";"";"";"";"";"";"";"";"";"";""
"01/07/2023";"0700";"";"";"";"";"";"";"";"";"";"";"";"";"";"";"";"";""
"01/07/2023";"0800";"";"";"";"";"";"";"";"";"";"";"";"";"";"";"";"";""
"01/07/2023";"0900";"";"";"";"";"";"";"";"";"";"";"";"";"";"";"";"";""
"01/07/2023";"1000";"";"";"";"";"";"";"";"";"";"";"";"";"";"";"";"";""
"01/07/2023";"1100";"";"";"";"";"";"";"";"";"";"";"";"";"";"";"";"";""
"01/07/2023";"1200";"";"";"";"";"";"";"";"";"";"";"";"";"";"";"";"";""
"01/07/2023";"1300";"";"";"";"";"";"";"";"";"";"";"";"";"";"";"";"";""
"01/07/2023";"1400";"";"";"";"";"";"";"";"";"";"";"";"";"";"";"";"";""
"01/07/2023";"1500";"";"";"";"";"";"";"";"";"";"";"";"";"";"";"";"";""
"01/07/2023";"1600";"";"";"";"";"";"";"";"";"";"";"";"";"";"";"";"";""
"01/07/2023";"1700";"";"";"";"";"";"";"";"";"";"";"";"";"";"";"";"";""
"01/07/2023";"1800";"";"";"";"";"";"";"";"";"";"";"";"";"";"";"";"";""
"01/07/2023";"1900";"";"";"";"";"";"";"";"";"";"";"";"";"";"";"";"";""
"01/07/2023";"2000";"";"";"";"";"";"";"";"";"";"";"";"";"";"";"";"";""
"01/07/2023";"2100";"";"";"";"";"";"";"";"";"";"";"";"";"";"";"";"";""
"01/07/2023";"2200";"";"";"";"";"";"";"";"";"";"";"";"";"";"";"";"";""
"01/07/2023";"2300";"";"";"";"";"";"";"";"";"";"";"";"";"";"";"";"";""
"02/07/2023";"0000";"";"";"";"";"";"";"";"";"";"";"";"";"";"";"";"";""
"02/07/2023";"0100";"";"";"";"";"";"";"";"";"";"";"";"";"";"";"";"";""
"02/07/2023";"0200";"";"";"";"";"";"";"";"";"";"";"";"";"";"";"";"";""
"02/07/2023";"0300";"";"";"";"";"";"";"";"";"";"";"";"";"";"";"";"";""
"02/07/2023";"0400";"";"";"";"";"";"";"";"";"";"";"";"";"";"";"";"";""
"02/07/2023";"0500";"";"";"";"";"";"";"";"";"";"";"";"";"";"";"";"";""
"02/07/2023";"0600";"";"";"";"";"";"";"";"";"";"";"";"";"";"";"";"";""
"02/07/2023";"0700";"";"";"";"";"";"";"";"";"";"";"";"";"";"";"";"";""
"02/07/2023";"0800";"";"";"";"";"";"";"";"";"";"";"";"";"";"";"";"";""
"02/07/2023";"0900";"";"";"";"";"";"";"";"";"";"";"";"";"";"";"";"";""
"02/07/2023";"1000";"";"";"";"";"";"";"";"";"";"";"";"";"";"";"";"";""
"02/07/2023";"1100";"";"";"";"";"";"";"";"";"";"";"";"";"";"";"";"";""
"02/07/2023";"1200";"";"";"";"";"";"";"";"";"";"";"";"";"";"";"";"";""
"02/07/2023";"1300";"";"";"";"";"";"";"";"";"";"";"";"";"";"";"";"";""
"02/07/2023";"1400";"";"";"";"";"";"";"";"";"";"";"";"";"";"";"";"";""
"02/07/2023";"1500";"";"";"";"";"";"";"";"";"";"";"";"";"";"";"";"";""
"02/07/2023";"1600";"";"";"";"";"";"";"";"";"";"";"";"";"";"";"";"";""
"02/07/2023";"1700";"";"";"";"";"";"";"";"";"";"";"";"";"";"";"";"";""
"02/07/2023";"1800";"";"";"";"";"";"";"";"";"";"";"";"";"";"";"";"";""
"02/07/2023";"1900";"";"";"";"";"";"";"";"";"";"";"";"";"";"";"";"";""
"02/07/2023";"2000";"";"";"";"";"";"";"";"";"";"";"";"";"";"";"";"";""
"02/07/2023";"2100";"";"";"";"";"";"";"";"";"";"";"";"";"";"";"";"";""
"02/07/2023";"2200";"";"";"";"";"";"";"";"";"";"";"";"";"";"";"";"";""
"02/07/2023";"2300";"";"";"";"";"";"";"";"";"";"";"";"";"";"";"";"";""
"03/07/2023";"0000";"";"";"";"";"";"";"";"";"";"";"";"";"";"";"";"";""
"03/07/2023";"0100";"";"";"";"";"";"";"";"";"";"";"";"";"";"";"";"";""
"03/07/2023";"0200";"";"";"";"";"";"";"";"";"";"";"";"";"";"";"";"";""
"03/07/2023";"0300";"";"";"";"";"";"";"";"";"";"";"";"";"";"";"";"";""
"03/07/2023";"0400";"";"";"";"";"";"";"";"";"";"";"";"";"";"";"";"";""
"03/07/2023";"0500";"";"";"";"";"";"";"";"";"";"";"";"";"";"";"";"";""
"03/07/2023";"0600";"";"";"";"";"";"";"";"";"";"";"";"";"";"";"";"";""
"03/07/2023";"0700";"";"";"";"";"";"";"";"";"";"";"";"";"";"";"";"";""
"03/07/2023";"0800";"";"";"";"";"";"";"";"";"";"";"";"";"";"";"";"";""
"03/07/2023";"0900";"";"";"";"";"";"";"";"";"";"";"";"";"";"";"";"";""
"03/07/2023";"1000";"";"";"";"";"";"";"";"";"";"";"";"";"";"";"";"";""
"03/07/2023";"1100";"";"";"";"";"";"";"";"";"";"";"";"";"";"";"";"";""
"03/07/2023";"1200";"";"";"";"";"";"";"";"";"";"";"";"";"";"";"";"";""
"03/07/2023";"1300";"";"";"";"";"";"";"";"";"";"";"";"";"";"";"";"";""
"03/07/2023";"1400";"";"";"";"";"";"";"";"";"";"";"";"";"";"";"";"";""
"03/07/2023";"1500";"";"";"";"";"";"";"";"";"";"";"";"";"";"";"";"";""
"03/07/2023";"1600";"";"";"";"";"";"";"";"";"";"";"";"";"";"";"";"";""
"03/07/2023";"1700";"";"";"";"";"";"";"";"";"";"";"";"";"";"";"";"";""
"03/07/2023";"1800";"";"";"";"";"";"";"";"";"";"";"";"";"";"";"";"";""
"03/07/2023";"1900";"";"";"";"";"";"";"";"";"";"";"";"";"";"";"";"";""
"03/07/2023";"2000";"";"";"";"";"";"";"";"";"";"";"";"";"";"";"";"";""
"03/07/2023";"2100";"";"";"";"";"";"";"";"";"";"";"";"";"";"";"";"";""
"03/07/2023";"2200";"";"";"";"";"";"";"";"";"";"";"";"";"";"";"";"";""
"03/07/2023";"2300";"";"";"";"";"";"";"";"";"";"";"";"";"";"";"";"";""
"04/07/2023";"0000";"";"";"";"";"";"";"";"";"";"";"";"";"";"";"";"";""
"04/07/2023";"0100";"";"";"";"";"";"";"";"";"";"";"";"";"";"";"";"";""
"04/07/2023";"0200";"";"";"";"";"";"";"";"";"";"";"";"";"";"";"";"";""
"04/07/2023";"0300";"";"";"";"";"";"";"";"";"";"";"";"";"";"";"";"";""
"04/07/2023";"0400";"";"";"";"";"";"";"";"";"";"";"";"";"";"";"";"";""
"04/07/2023";"0500";"";"";"";"";"";"";"";"";"";"";"";"";"";"";"";"";""
"04/07/2023";"0600";"";"";"";"";"";"";"";"";"";"";"";"";"";"";"";"";""
"04/07/2023";"0700";"";"";"";"";"";"";"";"";"";"";"";"";"";"";"";"";""
"04/07/2023";"0800";"";"";"";"";"";"";"";"";"";"";"";"";"";"";"";"";""
"04/07/2023";"0900";"";"";"";"";"";"";"";"";"";"";"";"";"";"";"";"";""
"04/07/2023";"1000";"";"";"";"";"";"";"";"";"";"";"";"";"";"";"";"";""
"04/07/2023";"1100";"";"";"";"";"";"";"";"";"";"";"";"";"";"";"";"";""
"04/07/2023";"1200";"";"";"";"";"";"";"";"";"";"";"";"";"";"";"";"";""
"04/07/2023";"1300";"";"";"";"";"";"";"";"";"";"";"";"";"";"";"";"";""
"04/07/2023";"1400";"";"";"";"";"";"";"";"";"";"";"";"";"";"";"";"";""
"04/07/2023";"1500";"";"";"";"";"";"";"";"";"";"";"";"";"";"";"";"";""
"04/07/2023";"1600";"";"";"";"";"";"";"";"";"";"";"";"";"";"";"";"";""
"04/07/2023";"1700";"";"";"";"";"";"";"";"";"";"";"";"";"";"";"";"";""
"04/07/2023";"1800";"";"";"";"";"";"";"";"";"";"";"";"";"";"";"";"";""
"04/07/2023";"1900";"";"";"";"";"";"";"";"";"";"";"";"";"";"";"";"";""
"04/07/2023";"2000";"";"";"";"";"";"";"";"";"";"";"";"";"";"";"";"";""
"04/07/2023";"2100";"";"";"";"";"";"";"";"";"";"";"";"";"";"";"";"";""
"04/07/2023";"2200";"";"";"";"";"";"";"";"";"";"";"";"";"";"";"";"";""
"04/07/2023";"2300";"";"";"";"";"";"";"";"";"";"";"";"";"";"";"";"";""
"05/07/2023";"0000";"";"";"";"";"";"";"";"";"";"";"";"";"";"";"";"";""
"05/07/2023";"0100";"";"";"";"";"";"";"";"";"";"";"";"";"";"";"";"";""
"05/07/2023";"0200";"";"";"";"";"";"";"";"";"";"";"";"";"";"";"";"";""
"05/07/2023";"0300";"";"";"";"";"";"";"";"";"";"";"";"";"";"";"";"";""
"05/07/2023";"0400";"";"";"";"";"";"";"";"";"";"";"";"";"";"";"";"";""
"05/07/2023";"0500";"";"";"";"";"";"";"";"";"";"";"";"";"";"";"";"";""
"05/07/2023";"0600";"";"";"";"";"";"";"";"";"";"";"";"";"";"";"";"";""
"05/07/2023";"0700";"";"";"";"";"";"";"";"";"";"";"";"";"";"";"";"";""
"05/07/2023";"0800";"";"";"";"";"";"";"";"";"";"";"";"";"";"";"";"";""
"05/07/2023";"0900";"";"";"";"";"";"";"";"";"";"";"";"";"";"";"";"";""
"05/07/2023";"1000";"";"";"";"";"";"";"";"";"";"";"";"";"";"";"";"";""
"05/07/2023";"1100";"";"";"";"";"";"";"";"";"";"";"";"";"";"";"";"";""
"05/07/2023";"1200";"";"";"";"";"";"";"";"";"";"";"";"";"";"";"";"";""
"05/07/2023";"1300";"";"";"";"";"";"";"";"";"";"";"";"";"";"";"";"";""
"05/07/2023";"1400";"";"";"";"";"";"";"";"";"";"";"";"";"";"";"";"";""
"05/07/2023";"1500";"";"";"";"";"";"";"";"";"";"";"";"";"";"";"";"";""
"05/07/2023";"1600";"";"";"";"";"";"";"";"";"";"";"";"";"";"";"";"";""
"05/07/2023";"1700";"";"";"";"";"";"";"";"";"";"";"";"";"";"";"";"";""
"05/07/2023";"1800";"";"";"";"";"";"";"";"";"";"";"";"";"";"";"";"";""
"05/07/2023";"1900";"";"";"";"";"";"";"";"";"";"";"";"";"";"";"";"";""
"05/07/2023";"2000";"";"";"";"";"";"";"";"";"";"";"";"";"";"";"";"";""
"05/07/2023";"2100";"";"";"";"";"";"";"";"";"";"";"";"";"";"";"";"";""
"05/07/2023";"2200";"";"";"";"";"";"";"";"";"";"";"";"";"";"";"";"";""
"05/07/2023";"2300";"";"";"";"";"";"";"";"";"";"";"";"";"";"";"";"";""
"06/07/2023";"0000";"";"";"";"";"";"";"";"";"";"";"";"";"";"";"";"";""
"06/07/2023";"0100";"";"";"";"";"";"";"";"";"";"";"";"";"";"";"";"";""
"06/07/2023";"0200";"";"";"";"";"";"";"";"";"";"";"";"";"";"";"";"";""
"06/07/2023";"0300";"";"";"";"";"";"";"";"";"";"";"";"";"";"";"";"";""
"06/07/2023";"0400";"";"";"";"";"";"";"";"";"";"";"";"";"";"";"";"";""
"06/07/2023";"0500";"";"";"";"";"";"";"";"";"";"";"";"";"";"";"";"";""
"06/07/2023";"0600";"";"";"";"";"";"";"";"";"";"";"";"";"";"";"";"";""
"06/07/2023";"0700";"";"";"";"";"";"";"";"";"";"";"";"";"";"";"";"";""
"06/07/2023";"0800";"";"";"";"";"";"";"";"";"";"";"";"";"";"";"";"";""
"06/07/2023";"0900";"";"";"";"";"";"";"";"";"";"";"";"";"";"";"";"";""
"06/07/2023";"1000";"";"";"";"";"";"";"";"";"";"";"";"";"";"";"";"";""
"06/07/2023";"1100";"";"";"";"";"";"";"";"";"";"";"";"";"";"";"";"";""
"06/07/2023";"1200";"";"";"";"";"";"";"";"";"";"";"";"";"";"";"";"";""
"06/07/2023";"1300";"";"";"";"";"";"";"";"";"";"";"";"";"";"";"";"";""
"06/07/2023";"1400";"";"";"";"";"";"";"";"";"";"";"";"";"";"";"";"";""
"06/07/2023";"1500";"";"";"";"";"";"";"";"";"";"";"";"";"";"";"";"";""
"06/07/2023";"1600";"";"";"";"";"";"";"";"";"";"";"";"";"";"";"";"";""
"06/07/2023";"1700";"";"";"";"";"";"";"";"";"";"";"";"";"";"";"";"";""
"06/07/2023";"1800";"";"";"";"";"";"";"";"";"";"";"";"";"";"";"";"";""
"06/07/2023";"1900";"";"";"";"";"";"";"";"";"";"";"";"";"";"";"";"";""
"06/07/2023";"2000";"";"";"";"";"";"";"";"";"";"";"";"";"";"";"";"";""
"06/07/2023";"2100";"";"";"";"";"";"";"";"";"";"";"";"";"";"";"";"";""
"06/07/2023";"2200";"";"";"";"";"";"";"";"";"";"";"";"";"";"";"";"";""
"06/07/2023";"2300";"";"";"";"";"";"";"";"";"";"";"";"";"";"";"";"";""
"07/07/2023";"0000";"";"";"";"";"";"";"";"";"";"";"";"";"";"";"";"";""
"07/07/2023";"0100";"";"";"";"";"";"";"";"";"";"";"";"";"";"";"";"";""
"07/07/2023";"0200";"";"";"";"";"";"";"";"";"";"";"";"";"";"";"";"";""
"07/07/2023";"0300";"";"";"";"";"";"";"";"";"";"";"";"";"";"";"";"";""
"07/07/2023";"0400";"";"";"";"";"";"";"";"";"";"";"";"";"";"";"";"";""
"07/07/2023";"0500";"";"";"";"";"";"";"";"";"";"";"";"";"";"";"";"";""
"07/07/2023";"0600";"";"";"";"";"";"";"";"";"";"";"";"";"";"";"";"";""
"07/07/2023";"0700";"";"";"";"";"";"";"";"";"";"";"";"";"";"";"";"";""
"07/07/2023";"0800";"";"";"";"";"";"";"";"";"";"";"";"";"";"";"";"";""
"07/07/2023";"0900";"";"";"";"";"";"";"";"";"";"";"";"";"";"";"";"";""
"07/07/2023";"1000";"";"";"";"";"";"";"";"";"";"";"";"";"";"";"";"";""
"07/07/2023";"1100";"";"";"";"";"";"";"";"";"";"";"";"";"";"";"";"";""
"07/07/2023";"1200";"";"";"";"";"";"";"";"";"";"";"";"";"";"";"";"";""
"07/07/2023";"1300";"";"";"";"";"";"";"";"";"";"";"";"";"";"";"";"";""
"07/07/2023";"1400";"";"";"";"";"";"";"";"";"";"";"";"";"";"";"";"";""
"07/07/2023";"1500";"";"";"";"";"";"";"";"";"";"";"";"";"";"";"";"";""
"07/07/2023";"1600";"";"";"";"";"";"";"";"";"";"";"";"";"";"";"";"";""
"07/07/2023";"1700";"";"";"";"";"";"";"";"";"";"";"";"";"";"";"";"";""
"07/07/2023";"1800";"";"";"";"";"";"";"";"";"";"";"";"";"";"";"";"";""
"07/07/2023";"1900";"";"";"";"";"";"";"";"";"";"";"";"";"";"";"";"";""
"07/07/2023";"2000";"";"";"";"";"";"";"";"";"";"";"";"";"";"";"";"";""
"07/07/2023";"2100";"";"";"";"";"";"";"";"";"";"";"";"";"";"";"";"";""
"07/07/2023";"2200";"";"";"";"";"";"";"";"";"";"";"";"";"";"";"";"";""
"07/07/2023";"2300";"";"";"";"";"";"";"";"";"";"";"";"";"";"";"";"";""
"08/07/2023";"0000";"";"";"";"";"";"";"";"";"";"";"";"";"";"";"";"";""
"08/07/2023";"0100";"";"";"";"";"";"";"";"";"";"";"";"";"";"";"";"";""
"08/07/2023";"0200";"";"";"";"";"";"";"";"";"";"";"";"";"";"";"";"";""
"08/07/2023";"0300";"";"";"";"";"";"";"";"";"";"";"";"";"";"";"";"";""
"08/07/2023";"0400";"";"";"";"";"";"";"";"";"";"";"";"";"";"";"";"";""
"08/07/2023";"0500";"";"";"";"";"";"";"";"";"";"";"";"";"";"";"";"";""
"08/07/2023";"0600";"";"";"";"";"";"";"";"";"";"";"";"";"";"";"";"";""
"08/07/2023";"0700";"";"";"";"";"";"";"";"";"";"";"";"";"";"";"";"";""
"08/07/2023";"0800";"";"";"";"";"";"";"";"";"";"";"";"";"";"";"";"";""
"08/07/2023";"0900";"";"";"";"";"";"";"";"";"";"";"";"";"";"";"";"";""
"08/07/2023";"1000";"";"";"";"";"";"";"";"";"";"";"";"";"";"";"";"";""
"08/07/2023";"1100";"";"";"";"";"";"";"";"";"";"";"";"";"";"";"";"";""
"08/07/2023";"1200";"";"";"";"";"";"";"";"";"";"";"";"";"";"";"";"";""
"08/07/2023";"1300";"";"";"";"";"";"";"";"";"";"";"";"";"";"";"";"";""
"08/07/2023";"1400";"";"";"";"";"";"";"";"";"";"";"";"";"";"";"";"";""
"08/07/2023";"1500";"";"";"";"";"";"";"";"";"";"";"";"";"";"";"";"";""
"08/07/2023";"1600";"";"";"";"";"";"";"";"";"";"";"";"";"";"";"";"";""
"08/07/2023";"1700";"";"";"";"";"";"";"";"";"";"";"";"";"";"";"";"";""
"08/07/2023";"1800";"";"";"";"";"";"";"";"";"";"";"";"";"";"";"";"";""
"08/07/2023";"1900";"";"";"";"";"";"";"";"";"";"";"";"";"";"";"";"";""
"08/07/2023";"2000";"";"";"";"";"";"";"";"";"";"";"";"";"";"";"";"";""
"08/07/2023";"2100";"";"";"";"";"";"";"";"";"";"";"";"";"";"";"";"";""
"08/07/2023";"2200";"";"";"";"";"";"";"";"";"";"";"";"";"";"";"";"";""
"08/07/2023";"2300";"";"";"";"";"";"";"";"";"";"";"";"";"";"";"";"";""
"09/07/2023";"0000";"";"";"";"";"";"";"";"";"";"";"";"";"";"";"";"";""
"09/07/2023";"0100";"";"";"";"";"";"";"";"";"";"";"";"";"";"";"";"";""
"09/07/2023";"0200";"";"";"";"";"";"";"";"";"";"";"";"";"";"";"";"";""
"09/07/2023";"0300";"";"";"";"";"";"";"";"";"";"";"";"";"";"";"";"";""
"09/07/2023";"0400";"";"";"";"";"";"";"";"";"";"";"";"";"";"";"";"";""
"09/07/2023";"0500";"";"";"";"";"";"";"";"";"";"";"";"";"";"";"";"";""
"09/07/2023";"0600";"";"";"";"";"";"";"";"";"";"";"";"";"";"";"";"";""
"09/07/2023";"0700";"";"";"";"";"";"";"";"";"";"";"";"";"";"";"";"";""
"09/07/2023";"0800";"";"";"";"";"";"";"";"";"";"";"";"";"";"";"";"";""
"09/07/2023";"0900";"";"";"";"";"";"";"";"";"";"";"";"";"";"";"";"";""
"09/07/2023";"1000";"";"";"";"";"";"";"";"";"";"";"";"";"";"";"";"";""
"09/07/2023";"1100";"";"";"";"";"";"";"";"";"";"";"";"";"";"";"";"";""
"09/07/2023";"1200";"";"";"";"";"";"";"";"";"";"";"";"";"";"";"";"";""
"09/07/2023";"1300";"";"";"";"";"";"";"";"";"";"";"";"";"";"";"";"";""
"09/07/2023";"1400";"";"";"";"";"";"";"";"";"";"";"";"";"";"";"";"";""
"09/07/2023";"1500";"";"";"";"";"";"";"";"";"";"";"";"";"";"";"";"";""
"09/07/2023";"1600";"";"";"";"";"";"";"";"";"";"";"";"";"";"";"";"";""
"09/07/2023";"1700";"";"";"";"";"";"";"";"";"";"";"";"";"";"";"";"";""
"09/07/2023";"1800";"";"";"";"";"";"";"";"";"";"";"";"";"";"";"";"";""
"09/07/2023";"1900";"";"";"";"";"";"";"";"";"";"";"";"";"";"";"";"";""
"09/07/2023";"2000";"";"";"";"";"";"";"";"";"";"";"";"";"";"";"";"";""
"09/07/2023";"2100";"";"";"";"";"";"";"";"";"";"";"";"";"";"";"";"";""
"09/07/2023";"2200";"";"";"";"";"";"";"";"";"";"";"";"";"";"";"";"";""
"09/07/2023";"2300";"";"";"";"";"";"";"";"";"";"";"";"";"";"";"";"";""
"10/07/2023";"0000";"";"";"";"";"";"";"";"";"";"";"";"";"";"";"";"";""
"10/07/2023";"0100";"";"";"";"";"";"";"";"";"";"";"";"";"";"";"";"";""
"10/07/2023";"0200";"";"";"";"";"";"";"";"";"";"";"";"";"";"";"";"";""
"10/07/2023";"0300";"";"";"";"";"";"";"";"";"";"";"";"";"";"";"";"";""
"10/07/2023";"0400";"";"";"";"";"";"";"";"";"";"";"";"";"";"";"";"";""
"10/07/2023";"0500";"";"";"";"";"";"";"";"";"";"";"";"";"";"";"";"";""
"10/07/2023";"0600";"";"";"";"";"";"";"";"";"";"";"";"";"";"";"";"";""
"10/07/2023";"0700";"";"";"";"";"";"";"";"";"";"";"";"";"";"";"";"";""
"10/07/2023";"0800";"";"";"";"";"";"";"";"";"";"";"";"";"";"";"";"";""
"10/07/2023";"0900";"";"";"";"";"";"";"";"";"";"";"";"";"";"";"";"";""
"10/07/2023";"1000";"";"";"";"";"";"";"";"";"";"";"";"";"";"";"";"";""
"10/07/2023";"1100";"";"";"";"";"";"";"";"";"";"";"";"";"";"";"";"";""
"10/07/2023";"1200";"";"";"";"";"";"";"";"";"";"";"";"";"";"";"";"";""
"10/07/2023";"1300";"";"";"";"";"";"";"";"";"";"";"";"";"";"";"";"";""
"10/07/2023";"1400";"";"";"";"";"";"";"";"";"";"";"";"";"";"";"";"";""
"10/07/2023";"1500";"";"";"";"";"";"";"";"";"";"";"";"";"";"";"";"";""
"10/07/2023";"1600";"";"";"";"";"";"";"";"";"";"";"";"";"";"";"";"";""
"10/07/2023";"1700";"";"";"";"";"";"";"";"";"";"";"";"";"";"";"";"";""
"10/07/2023";"1800";"";"";"";"";"";"";"";"";"";"";"";"";"";"";"";"";""
"10/07/2023";"1900";"";"";"";"";"";"";"";"";"";"";"";"";"";"";"";"";""
"10/07/2023";"2000";"";"";"";"";"";"";"";"";"";"";"";"";"";"";"";"";""
"10/07/2023";"2100";"";"";"";"";"";"";"";"";"";"";"";"";"";"";"";"";""
"10/07/2023";"2200";"";"";"";"";"";"";"";"";"";"";"";"";"";"";"";"";""
"10/07/2023";"2300";"";"";"";"";"";"";"";"";"";"";"";"";"";"";"";"";""
"11/07/2023";"0000";"";"";"";"";"";"";"";"";"";"";"";"";"";"";"";"";""
"11/07/2023";"0100";"";"";"";"";"";"";"";"";"";"";"";"";"";"";"";"";""
"11/07/2023";"0200";"";"";"";"";"";"";"";"";"";"";"";"";"";"";"";"";""
"11/07/2023";"0300";"";"";"";"";"";"";"";"";"";"";"";"";"";"";"";"";""
"11/07/2023";"0400";"";"";"";"";"";"";"";"";"";"";"";"";"";"";"";"";""
"11/07/2023";"0500";"";"";"";"";"";"";"";"";"";"";"";"";"";"";"";"";""
"11/07/2023";"0600";"";"";"";"";"";"";"";"";"";"";"";"";"";"";"";"";""
"11/07/2023";"0700";"";"";"";"";"";"";"";"";"";"";"";"";"";"";"";"";""
"11/07/2023";"0800";"";"";"";"";"";"";"";"";"";"";"";"";"";"";"";"";""
"11/07/2023";"0900";"";"";"";"";"";"";"";"";"";"";"";"";"";"";"";"";""
"11/07/2023";"1000";"";"";"";"";"";"";"";"";"";"";"";"";"";"";"";"";""
"11/07/2023";"1100";"";"";"";"";"";"";"";"";"";"";"";"";"";"";"";"";""
"11/07/2023";"1200";"";"";"";"";"";"";"";"";"";"";"";"";"";"";"";"";""
"11/07/2023";"1300";"";"";"";"";"";"";"";"";"";"";"";"";"";"";"";"";""
"11/07/2023";"1400";"";"";"";"";"";"";"";"";"";"";"";"";"";"";"";"";""
"11/07/2023";"1500";"";"";"";"";"";"";"";"";"";"";"";"";"";"";"";"";""
"11/07/2023";"1600";"";"";"";"";"";"";"";"";"";"";"";"";"";"";"";"";""
"11/07/2023";"1700";"";"";"";"";"";"";"";"";"";"";"";"";"";"";"";"";""
"11/07/2023";"1800";"";"";"";"";"";"";"";"";"";"";"";"";"";"";"";"";""
"11/07/2023";"1900";"";"";"";"";"";"";"";"";"";"";"";"";"";"";"";"";""
"11/07/2023";"2000";"";"";"";"";"";"";"";"";"";"";"";"";"";"";"";"";""
"11/07/2023";"2100";"";"";"";"";"";"";"";"";"";"";"";"";"";"";"";"";""
"11/07/2023";"2200";"";"";"";"";"";"";"";"";"";"";"";"";"";"";"";"";""
"11/07/2023";"2300";"";"";"";"";"";"";"";"";"";"";"";"";"";"";"";"";""
"12/07/2023";"0000";"";"";"";"";"";"";"";"";"";"";"";"";"";"";"";"";""
"12/07/2023";"0100";"";"";"";"";"";"";"";"";"";"";"";"";"";"";"";"";""
"12/07/2023";"0200";"";"";"";"";"";"";"";"";"";"";"";"";"";"";"";"";""
"12/07/2023";"0300";"";"";"";"";"";"";"";"";"";"";"";"";"";"";"";"";""
"12/07/2023";"0400";"";"";"";"";"";"";"";"";"";"";"";"";"";"";"";"";""
"12/07/2023";"0500";"";"";"";"";"";"";"";"";"";"";"";"";"";"";"";"";""
"12/07/2023";"0600";"";"";"";"";"";"";"";"";"";"";"";"";"";"";"";"";""
"12/07/2023";"0700";"";"";"";"";"";"";"";"";"";"";"";"";"";"";"";"";""
"12/07/2023";"0800";"";"";"";"";"";"";"";"";"";"";"";"";"";"";"";"";""
"12/07/2023";"0900";"";"";"";"";"";"";"";"";"";"";"";"";"";"";"";"";""
"12/07/2023";"1000";"";"";"";"";"";"";"";"";"";"";"";"";"";"";"";"";""
"12/07/2023";"1100";"";"";"";"";"";"";"";"";"";"";"";"";"";"";"";"";""
"12/07/2023";"1200";"";"";"";"";"";"";"";"";"";"";"";"";"";"";"";"";""
"12/07/2023";"1300";"";"";"";"";"";"";"";"";"";"";"";"";"";"";"";"";""
"12/07/2023";"1400";"";"";"";"";"";"";"";"";"";"";"";"";"";"";"";"";""
"12/07/2023";"1500";"";"";"";"";"";"";"";"";"";"";"";"";"";"";"";"";""
"12/07/2023";"1600";"";"";"";"";"";"";"";"";"";"";"";"";"";"";"";"";""
"12/07/2023";"1700";"";"";"";"";"";"";"";"";"";"";"";"";"";"";"";"";""
"12/07/2023";"1800";"";"";"";"";"";"";"";"";"";"";"";"";"";"";"";"";""
"12/07/2023";"1900";"";"";"";"";"";"";"";"";"";"";"";"";"";"";"";"";""
"12/07/2023";"2000";"";"";"";"";"";"";"";"";"";"";"";"";"";"";"";"";""
"12/07/2023";"2100";"";"";"";"";"";"";"";"";"";"";"";"";"";"";"";"";""
"12/07/2023";"2200";"";"";"";"";"";"";"";"";"";"";"";"";"";"";"";"";""
"12/07/2023";"2300";"";"";"";"";"";"";"";"";"";"";"";"";"";"";"";"";""
"13/07/2023";"0000";"";"";"";"";"";"";"";"";"";"";"";"";"";"";"";"";""
"13/07/2023";"0100";"";"";"";"";"";"";"";"";"";"";"";"";"";"";"";"";""
"13/07/2023";"0200";"";"";"";"";"";"";"";"";"";"";"";"";"";"";"";"";""
"13/07/2023";"0300";"";"";"";"";"";"";"";"";"";"";"";"";"";"";"";"";""
"13/07/2023";"0400";"";"";"";"";"";"";"";"";"";"";"";"";"";"";"";"";""
"13/07/2023";"0500";"";"";"";"";"";"";"";"";"";"";"";"";"";"";"";"";""
"13/07/2023";"0600";"";"";"";"";"";"";"";"";"";"";"";"";"";"";"";"";""
"13/07/2023";"0700";"";"";"";"";"";"";"";"";"";"";"";"";"";"";"";"";""
"13/07/2023";"0800";"";"";"";"";"";"";"";"";"";"";"";"";"";"";"";"";""
"13/07/2023";"0900";"";"";"";"";"";"";"";"";"";"";"";"";"";"";"";"";""
"13/07/2023";"1000";"";"";"";"";"";"";"";"";"";"";"";"";"";"";"";"";""
"13/07/2023";"1100";"";"";"";"";"";"";"";"";"";"";"";"";"";"";"";"";""
"13/07/2023";"1200";"";"";"";"";"";"";"";"";"";"";"";"";"";"";"";"";""
"13/07/2023";"1300";"";"";"";"";"";"";"";"";"";"";"";"";"";"";"";"";""
"13/07/2023";"1400";"";"";"";"";"";"";"";"";"";"";"";"";"";"";"";"";""
"13/07/2023";"1500";"";"";"";"";"";"";"";"";"";"";"";"";"";"";"";"";""
"13/07/2023";"1600";"";"";"";"";"";"";"";"";"";"";"";"";"";"";"";"";""
"13/07/2023";"1700";"";"";"";"";"";"";"";"";"";"";"";"";"";"";"";"";""
"13/07/2023";"1800";"";"";"";"";"";"";"";"";"";"";"";"";"";"";"";"";""
"13/07/2023";"1900";"";"";"";"";"";"";"";"";"";"";"";"";"";"";"";"";""
"13/07/2023";"2000";"";"";"";"";"";"";"";"";"";"";"";"";"";"";"";"";""
"13/07/2023";"2100";"";"";"";"";"";"";"";"";"";"";"";"";"";"";"";"";""
"13/07/2023";"2200";"";"";"";"";"";"";"";"";"";"";"";"";"";"";"";"";""
"13/07/2023";"2300";"";"";"";"";"";"";"";"";"";"";"";"";"";"";"";"";""
"14/07/2023";"0000";"";"";"";"";"";"";"";"";"";"";"";"";"";"";"";"";""
"14/07/2023";"0100";"";"";"";"";"";"";"";"";"";"";"";"";"";"";"";"";""
"14/07/2023";"0200";"";"";"";"";"";"";"";"";"";"";"";"";"";"";"";"";""
"14/07/2023";"0300";"";"";"";"";"";"";"";"";"";"";"";"";"";"";"";"";""
"14/07/2023";"0400";"";"";"";"";"";"";"";"";"";"";"";"";"";"";"";"";""
"14/07/2023";"0500";"";"";"";"";"";"";"";"";"";"";"";"";"";"";"";"";""
"14/07/2023";"0600";"";"";"";"";"";"";"";"";"";"";"";"";"";"";"";"";""
"14/07/2023";"0700";"";"";"";"";"";"";"";"";"";"";"";"";"";"";"";"";""
"14/07/2023";"0800";"";"";"";"";"";"";"";"";"";"";"";"";"";"";"";"";""
"14/07/2023";"0900";"";"";"";"";"";"";"";"";"";"";"";"";"";"";"";"";""
"14/07/2023";"1000";"";"";"";"";"";"";"";"";"";"";"";"";"";"";"";"";""
"14/07/2023";"1100";"";"";"";"";"";"";"";"";"";"";"";"";"";"";"";"";""
"14/07/2023";"1200";"";"";"";"";"";"";"";"";"";"";"";"";"";"";"";"";""
"14/07/2023";"1300";"";"";"";"";"";"";"";"";"";"";"";"";"";"";"";"";""
"14/07/2023";"1400";"";"";"";"";"";"";"";"";"";"";"";"";"";"";"";"";""
"14/07/2023";"1500";"";"";"";"";"";"";"";"";"";"";"";"";"";"";"";"";""
"14/07/2023";"1600";"";"";"";"";"";"";"";"";"";"";"";"";"";"";"";"";""
"14/07/2023";"1700";"";"";"";"";"";"";"";"";"";"";"";"";"";"";"";"";""
"14/07/2023";"1800";"";"";"";"";"";"";"";"";"";"";"";"";"";"";"";"";""
"14/07/2023";"1900";"";"";"";"";"";"";"";"";"";"";"";"";"";"";"";"";""
"14/07/2023";"2000";"";"";"";"";"";"";"";"";"";"";"";"";"";"";"";"";""
"14/07/2023";"2100";"";"";"";"";"";"";"";"";"";"";"";"";"";"";"";"";""
"14/07/2023";"2200";"";"";"";"";"";"";"";"";"";"";"";"";"";"";"";"";""
"14/07/2023";"2300";"";"";"";"";"";"";"";"";"";"";"";"";"";"";"";"";""
"15/07/2023";"0000";"";"";"";"";"";"";"";"";"";"";"";"";"";"";"";"";""
"15/07/2023";"0100";"";"";"";"";"";"";"";"";"";"";"";"";"";"";"";"";""
"15/07/2023";"0200";"";"";"";"";"";"";"";"";"";"";"";"";"";"";"";"";""
"15/07/2023";"0300";"";"";"";"";"";"";"";"";"";"";"";"";"";"";"";"";""
"15/07/2023";"0400";"";"";"";"";"";"";"";"";"";"";"";"";"";"";"";"";""
"15/07/2023";"0500";"";"";"";"";"";"";"";"";"";"";"";"";"";"";"";"";""
"15/07/2023";"0600";"";"";"";"";"";"";"";"";"";"";"";"";"";"";"";"";""
"15/07/2023";"0700";"";"";"";"";"";"";"";"";"";"";"";"";"";"";"";"";""
"15/07/2023";"0800";"";"";"";"";"";"";"";"";"";"";"";"";"";"";"";"";""
"15/07/2023";"0900";"";"";"";"";"";"";"";"";"";"";"";"";"";"";"";"";""
"15/07/2023";"1000";"";"";"";"";"";"";"";"";"";"";"";"";"";"";"";"";""
"15/07/2023";"1100";"";"";"";"";"";"";"";"";"";"";"";"";"";"";"";"";""
"15/07/2023";"1200";"";"";"";"";"";"";"";"";"";"";"";"";"";"";"";"";""
"15/07/2023";"1300";"";"";"";"";"";"";"";"";"";"";"";"";"";"";"";"";""
"15/07/2023";"1400";"";"";"";"";"";"";"";"";"";"";"";"";"";"";"";"";""
"15/07/2023";"1500";"";"";"";"";"";"";"";"";"";"";"";"";"";"";"";"";""
"15/07/2023";"1600";"";"";"";"";"";"";"";"";"";"";"";"";"";"";"";"";""
"15/07/2023";"1700";"";"";"";"";"";"";"";"";"";"";"";"";"";"";"";"";""
"15/07/2023";"1800";"";"";"";"";"";"";"";"";"";"";"";"";"";"";"";"";""
"15/07/2023";"1900";"";"";"";"";"";"";"";"";"";"";"";"";"";"";"";"";""
"15/07/2023";"2000";"";"";"";"";"";"";"";"";"";"";"";"";"";"";"";"";""
"15/07/2023";"2100";"";"";"";"";"";"";"";"";"";"";"";"";"";"";"";"";""
"15/07/2023";"2200";"";"";"";"";"";"";"";"";"";"";"";"";"";"";"";"";""
"15/07/2023";"2300";"";"";"";"";"";"";"";"";"";"";"";"";"";"";"";"";""
"16/07/2023";"0000";"";"";"";"";"";"";"";"";"";"";"";"";"";"";"";"";""
"16/07/2023";"0100";"";"";"";"";"";"";"";"";"";"";"";"";"";"";"";"";""
"16/07/2023";"0200";"";"";"";"";"";"";"";"";"";"";"";"";"";"";"";"";""
"16/07/2023";"0300";"";"";"";"";"";"";"";"";"";"";"";"";"";"";"";"";""
"16/07/2023";"0400";"";"";"";"";"";"";"";"";"";"";"";"";"";"";"";"";""
"16/07/2023";"0500";"";"";"";"";"";"";"";"";"";"";"";"";"";"";"";"";""
"16/07/2023";"0600";"";"";"";"";"";"";"";"";"";"";"";"";"";"";"";"";""
"16/07/2023";"0700";"";"";"";"";"";"";"";"";"";"";"";"";"";"";"";"";""
"16/07/2023";"0800";"";"";"";"";"";"";"";"";"";"";"";"";"";"";"";"";""
"16/07/2023";"0900";"";"";"";"";"";"";"";"";"";"";"";"";"";"";"";"";""
"16/07/2023";"1000";"";"";"";"";"";"";"";"";"";"";"";"";"";"";"";"";""
"16/07/2023";"1100";"";"";"";"";"";"";"";"";"";"";"";"";"";"";"";"";""
"16/07/2023";"1200";"";"";"";"";"";"";"";"";"";"";"";"";"";"";"";"";""
"16/07/2023";"1300";"";"";"";"";"";"";"";"";"";"";"";"";"";"";"";"";""
"16/07/2023";"1400";"";"";"";"";"";"";"";"";"";"";"";"";"";"";"";"";""
"16/07/2023";"1500";"";"";"";"";"";"";"";"";"";"";"";"";"";"";"";"";""
"16/07/2023";"1600";"";"";"";"";"";"";"";"";"";"";"";"";"";"";"";"";""
"16/07/2023";"1700";"";"";"";"";"";"";"";"";"";"";"";"";"";"";"";"";""
"16/07/2023";"1800";"";"";"";"";"";"";"";"";"";"";"";"";"";"";"";"";""
"16/07/2023";"1900";"";"";"";"";"";"";"";"";"";"";"";"";"";"";"";"";""
"16/07/2023";"2000";"";"";"";"";"";"";"";"";"";"";"";"";"";"";"";"";""
"16/07/2023";"2100";"";"";"";"";"";"";"";"";"";"";"";"";"";"";"";"";""
"16/07/2023";"2200";"";"";"";"";"";"";"";"";"";"";"";"";"";"";"";"";""
"16/07/2023";"2300";"";"";"";"";"";"";"";"";"";"";"";"";"";"";"";"";""
"17/07/2023";"0000";"";"";"";"";"";"";"";"";"";"";"";"";"";"";"";"";""
"17/07/2023";"0100";"";"";"";"";"";"";"";"";"";"";"";"";"";"";"";"";""
"17/07/2023";"0200";"";"";"";"";"";"";"";"";"";"";"";"";"";"";"";"";""
"17/07/2023";"0300";"";"";"";"";"";"";"";"";"";"";"";"";"";"";"";"";""
"17/07/2023";"0400";"";"";"";"";"";"";"";"";"";"";"";"";"";"";"";"";""
"17/07/2023";"0500";"";"";"";"";"";"";"";"";"";"";"";"";"";"";"";"";""
"17/07/2023";"0600";"";"";"";"";"";"";"";"";"";"";"";"";"";"";"";"";""
"17/07/2023";"0700";"";"";"";"";"";"";"";"";"";"";"";"";"";"";"";"";""
"17/07/2023";"0800";"";"";"";"";"";"";"";"";"";"";"";"";"";"";"";"";""
"17/07/2023";"0900";"";"";"";"";"";"";"";"";"";"";"";"";"";"";"";"";""
"17/07/2023";"1000";"";"";"";"";"";"";"";"";"";"";"";"";"";"";"";"";""
"17/07/2023";"1100";"";"";"";"";"";"";"";"";"";"";"";"";"";"";"";"";""
"17/07/2023";"1200";"";"";"";"";"";"";"";"";"";"";"";"";"";"";"";"";""
"17/07/2023";"1300";"";"";"";"";"";"";"";"";"";"";"";"";"";"";"";"";""
"17/07/2023";"1400";"";"";"";"";"";"";"";"";"";"";"";"";"";"";"";"";""
"17/07/2023";"1500";"";"";"";"";"";"";"";"";"";"";"";"";"";"";"";"";""
"17/07/2023";"1600";"";"";"";"";"";"";"";"";"";"";"";"";"";"";"";"";""
"17/07/2023";"1700";"";"";"";"";"";"";"";"";"";"";"";"";"";"";"";"";""
"17/07/2023";"1800";"";"";"";"";"";"";"";"";"";"";"";"";"";"";"";"";""
"17/07/2023";"1900";"";"";"";"";"";"";"";"";"";"";"";"";"";"";"";"";""
"17/07/2023";"2000";"";"";"";"";"";"";"";"";"";"";"";"";"";"";"";"";""
"17/07/2023";"2100";"";"";"";"";"";"";"";"";"";"";"";"";"";"";"";"";""
"17/07/2023";"2200";"";"";"";"";"";"";"";"";"";"";"";"";"";"";"";"";""
"17/07/2023";"2300";"";"";"";"";"";"";"";"";"";"";"";"";"";"";"";"";""
"18/07/2023";"0000";"";"";"";"";"";"";"";"";"";"";"";"";"";"";"";"";""
"18/07/2023";"0100";"";"";"";"";"";"";"";"";"";"";"";"";"";"";"";"";""
"18/07/2023";"0200";"";"";"";"";"";"";"";"";"";"";"";"";"";"";"";"";""
"18/07/2023";"0300";"";"";"";"";"";"";"";"";"";"";"";"";"";"";"";"";""
"18/07/2023";"0400";"";"";"";"";"";"";"";"";"";"";"";"";"";"";"";"";""
"18/07/2023";"0500";"";"";"";"";"";"";"";"";"";"";"";"";"";"";"";"";""
"18/07/2023";"0600";"";"";"";"";"";"";"";"";"";"";"";"";"";"";"";"";""
"18/07/2023";"0700";"";"";"";"";"";"";"";"";"";"";"";"";"";"";"";"";""
"18/07/2023";"0800";"";"";"";"";"";"";"";"";"";"";"";"";"";"";"";"";""
"18/07/2023";"0900";"";"";"";"";"";"";"";"";"";"";"";"";"";"";"";"";""
"18/07/2023";"1000";"";"";"";"";"";"";"";"";"";"";"";"";"";"";"";"";""
"18/07/2023";"1100";"";"";"";"";"";"";"";"";"";"";"";"";"";"";"";"";""
"18/07/2023";"1200";"";"";"";"";"";"";"";"";"";"";"";"";"";"";"";"";""
"18/07/2023";"1300";"";"";"";"";"";"";"";"";"";"";"";"";"";"";"";"";""
"18/07/2023";"1400";"";"";"";"";"";"";"";"";"";"";"";"";"";"";"";"";""
"18/07/2023";"1500";"";"";"";"";"";"";"";"";"";"";"";"";"";"";"";"";""
"18/07/2023";"1600";"";"";"";"";"";"";"";"";"";"";"";"";"";"";"";"";""
"18/07/2023";"1700";"";"";"";"";"";"";"";"";"";"";"";"";"";"";"";"";""
"18/07/2023";"1800";"";"";"";"";"";"";"";"";"";"";"";"";"";"";"";"";""
"18/07/2023";"1900";"";"";"";"";"";"";"";"";"";"";"";"";"";"";"";"";""
"18/07/2023";"2000";"";"";"";"";"";"";"";"";"";"";"";"";"";"";"";"";""
"18/07/2023";"2100";"";"";"";"";"";"";"";"";"";"";"";"";"";"";"";"";""
"18/07/2023";"2200";"";"";"";"";"";"";"";"";"";"";"";"";"";"";"";"";""
"18/07/2023";"2300";"";"";"";"";"";"";"";"";"";"";"";"";"";"";"";"";""
"19/07/2023";"0000";"";"";"";"";"";"";"";"";"";"";"";"";"";"";"";"";""
"19/07/2023";"0100";"";"";"";"";"";"";"";"";"";"";"";"";"";"";"";"";""
"19/07/2023";"0200";"";"";"";"";"";"";"";"";"";"";"";"";"";"";"";"";""
"19/07/2023";"0300";"";"";"";"";"";"";"";"";"";"";"";"";"";"";"";"";""
"19/07/2023";"0400";"";"";"";"";"";"";"";"";"";"";"";"";"";"";"";"";""
"19/07/2023";"0500";"";"";"";"";"";"";"";"";"";"";"";"";"";"";"";"";""
"19/07/2023";"0600";"";"";"";"";"";"";"";"";"";"";"";"";"";"";"";"";""
"19/07/2023";"0700";"";"";"";"";"";"";"";"";"";"";"";"";"";"";"";"";""
"19/07/2023";"0800";"";"";"";"";"";"";"";"";"";"";"";"";"";"";"";"";""
"19/07/2023";"0900";"";"";"";"";"";"";"";"";"";"";"";"";"";"";"";"";""
"19/07/2023";"1000";"";"";"";"";"";"";"";"";"";"";"";"";"";"";"";"";""
"19/07/2023";"1100";"";"";"";"";"";"";"";"";"";"";"";"";"";"";"";"";""
"19/07/2023";"1200";"";"";"";"";"";"";"";"";"";"";"";"";"";"";"";"";""
"19/07/2023";"1300";"";"";"";"";"";"";"";"";"";"";"";"";"";"";"";"";""
"19/07/2023";"1400";"";"";"";"";"";"";"";"";"";"";"";"";"";"";"";"";""
"19/07/2023";"1500";"";"";"";"";"";"";"";"";"";"";"";"";"";"";"";"";""
"19/07/2023";"1600";"";"";"";"";"";"";"";"";"";"";"";"";"";"";"";"";""
"19/07/2023";"1700";"";"";"";"";"";"";"";"";"";"";"";"";"";"";"";"";""
"19/07/2023";"1800";"";"";"";"";"";"";"";"";"";"";"";"";"";"";"";"";""
"19/07/2023";"1900";"";"";"";"";"";"";"";"";"";"";"";"";"";"";"";"";""
"19/07/2023";"2000";"";"";"";"";"";"";"";"";"";"";"";"";"";"";"";"";""
"19/07/2023";"2100";"";"";"";"";"";"";"";"";"";"";"";"";"";"";"";"";""
"19/07/2023";"2200";"";"";"";"";"";"";"";"";"";"";"";"";"";"";"";"";""
"19/07/2023";"2300";"";"";"";"";"";"";"";"";"";"";"";"";"";"";"";"";""
"20/07/2023";"0000";"";"";"";"";"";"";"";"";"";"";"";"";"";"";"";"";""
"20/07/2023";"0100";"";"";"";"";"";"";"";"";"";"";"";"";"";"";"";"";""
"20/07/2023";"0200";"";"";"";"";"";"";"";"";"";"";"";"";"";"";"";"";""
"20/07/2023";"0300";"";"";"";"";"";"";"";"";"";"";"";"";"";"";"";"";""
"20/07/2023";"0400";"";"";"";"";"";"";"";"";"";"";"";"";"";"";"";"";""
"20/07/2023";"0500";"";"";"";"";"";"";"";"";"";"";"";"";"";"";"";"";""
"20/07/2023";"0600";"";"";"";"";"";"";"";"";"";"";"";"";"";"";"";"";""
"20/07/2023";"0700";"";"";"";"";"";"";"";"";"";"";"";"";"";"";"";"";""
"20/07/2023";"0800";"";"";"";"";"";"";"";"";"";"";"";"";"";"";"";"";""
"20/07/2023";"0900";"";"";"";"";"";"";"";"";"";"";"";"";"";"";"";"";""
"20/07/2023";"1000";"";"";"";"";"";"";"";"";"";"";"";"";"";"";"";"";""
"20/07/2023";"1100";"";"";"";"";"";"";"";"";"";"";"";"";"";"";"";"";""
"20/07/2023";"1200";"";"";"";"";"";"";"";"";"";"";"";"";"";"";"";"";""
"20/07/2023";"1300";"";"";"";"";"";"";"";"";"";"";"";"";"";"";"";"";""
"20/07/2023";"1400";"";"";"";"";"";"";"";"";"";"";"";"";"";"";"";"";""
"20/07/2023";"1500";"";"";"";"";"";"";"";"";"";"";"";"";"";"";"";"";""
"20/07/2023";"1600";"";"";"";"";"";"";"";"";"";"";"";"";"";"";"";"";""
"20/07/2023";"1700";"";"";"";"";"";"";"";"";"";"";"";"";"";"";"";"";""
"20/07/2023";"1800";"";"";"";"";"";"";"";"";"";"";"";"";"";"";"";"";""
"20/07/2023";"1900";"";"";"";"";"";"";"";"";"";"";"";"";"";"";"";"";""
"20/07/2023";"2000";"";"";"";"";"";"";"";"";"";"";"";"";"";"";"";"";""
"20/07/2023";"2100";"";"";"";"";"";"";"";"";"";"";"";"";"";"";"";"";""
"20/07/2023";"2200";"";"";"";"";"";"";"";"";"";"";"";"";"";"";"";"";""
"20/07/2023";"2300";"";"";"";"";"";"";"";"";"";"";"";"";"";"";"";"";""
"21/07/2023";"0000";"";"";"";"";"";"";"";"";"";"";"";"";"";"";"";"";""
"21/07/2023";"0100";"";"";"";"";"";"";"";"";"";"";"";"";"";"";"";"";""
"21/07/2023";"0200";"";"";"";"";"";"";"";"";"";"";"";"";"";"";"";"";""
"21/07/2023";"0300";"";"";"";"";"";"";"";"";"";"";"";"";"";"";"";"";""
"21/07/2023";"0400";"";"";"";"";"";"";"";"";"";"";"";"";"";"";"";"";""
"21/07/2023";"0500";"";"";"";"";"";"";"";"";"";"";"";"";"";"";"";"";""
"21/07/2023";"0600";"";"";"";"";"";"";"";"";"";"";"";"";"";"";"";"";""
"21/07/2023";"0700";"";"";"";"";"";"";"";"";"";"";"";"";"";"";"";"";""
"21/07/2023";"0800";"";"";"";"";"";"";"";"";"";"";"";"";"";"";"";"";""
"21/07/2023";"0900";"";"";"";"";"";"";"";"";"";"";"";"";"";"";"";"";""
"21/07/2023";"1000";"";"";"";"";"";"";"";"";"";"";"";"";"";"";"";"";""
"21/07/2023";"1100";"";"";"";"";"";"";"";"";"";"";"";"";"";"";"";"";""
"21/07/2023";"1200";"";"";"";"";"";"";"";"";"";"";"";"";"";"";"";"";""
"21/07/2023";"1300";"";"";"";"";"";"";"";"";"";"";"";"";"";"";"";"";""
"21/07/2023";"1400";"";"";"";"";"";"";"";"";"";"";"";"";"";"";"";"";""
"21/07/2023";"1500";"";"";"";"";"";"";"";"";"";"";"";"";"";"";"";"";""
"21/07/2023";"1600";"";"";"";"";"";"";"";"";"";"";"";"";"";"";"";"";""
"21/07/2023";"1700";"";"";"";"";"";"";"";"";"";"";"";"";"";"";"";"";""
"21/07/2023";"1800";"";"";"";"";"";"";"";"";"";"";"";"";"";"";"";"";""
"21/07/2023";"1900";"";"";"";"";"";"";"";"";"";"";"";"";"";"";"";"";""
"21/07/2023";"2000";"";"";"";"";"";"";"";"";"";"";"";"";"";"";"";"";""
"21/07/2023";"2100";"";"";"";"";"";"";"";"";"";"";"";"";"";"";"";"";""
"21/07/2023";"2200";"";"";"";"";"";"";"";"";"";"";"";"";"";"";"";"";""
"21/07/2023";"2300";"";"";"";"";"";"";"";"";"";"";"";"";"";"";"";"";""
"22/07/2023";"0000";"";"";"";"";"";"";"";"";"";"";"";"";"";"";"";"";""
"22/07/2023";"0100";"";"";"";"";"";"";"";"";"";"";"";"";"";"";"";"";""
"22/07/2023";"0200";"";"";"";"";"";"";"";"";"";"";"";"";"";"";"";"";""
"22/07/2023";"0300";"";"";"";"";"";"";"";"";"";"";"";"";"";"";"";"";""
"22/07/2023";"0400";"";"";"";"";"";"";"";"";"";"";"";"";"";"";"";"";""
"22/07/2023";"0500";"";"";"";"";"";"";"";"";"";"";"";"";"";"";"";"";""
"22/07/2023";"0600";"";"";"";"";"";"";"";"";"";"";"";"";"";"";"";"";""
"22/07/2023";"0700";"";"";"";"";"";"";"";"";"";"";"";"";"";"";"";"";""
"22/07/2023";"0800";"";"";"";"";"";"";"";"";"";"";"";"";"";"";"";"";""
"22/07/2023";"0900";"";"";"";"";"";"";"";"";"";"";"";"";"";"";"";"";""
"22/07/2023";"1000";"";"";"";"";"";"";"";"";"";"";"";"";"";"";"";"";""
"22/07/2023";"1100";"";"";"";"";"";"";"";"";"";"";"";"";"";"";"";"";""
"22/07/2023";"1200";"";"";"";"";"";"";"";"";"";"";"";"";"";"";"";"";""
"22/07/2023";"1300";"";"";"";"";"";"";"";"";"";"";"";"";"";"";"";"";""
"22/07/2023";"1400";"";"";"";"";"";"";"";"";"";"";"";"";"";"";"";"";""
"22/07/2023";"1500";"";"";"";"";"";"";"";"";"";"";"";"";"";"";"";"";""
"22/07/2023";"1600";"";"";"";"";"";"";"";"";"";"";"";"";"";"";"";"";""
"22/07/2023";"1700";"";"";"";"";"";"";"";"";"";"";"";"";"";"";"";"";""
"22/07/2023";"1800";"";"";"";"";"";"";"";"";"";"";"";"";"";"";"";"";""
"22/07/2023";"1900";"";"";"";"";"";"";"";"";"";"";"";"";"";"";"";"";""
"22/07/2023";"2000";"";"";"";"";"";"";"";"";"";"";"";"";"";"";"";"";""
"22/07/2023";"2100";"";"";"";"";"";"";"";"";"";"";"";"";"";"";"";"";""
"22/07/2023";"2200";"";"";"";"";"";"";"";"";"";"";"";"";"";"";"";"";""
"22/07/2023";"2300";"";"";"";"";"";"";"";"";"";"";"";"";"";"";"";"";""
"23/07/2023";"0000";"";"";"";"";"";"";"";"";"";"";"";"";"";"";"";"";""
"23/07/2023";"0100";"";"";"";"";"";"";"";"";"";"";"";"";"";"";"";"";""
"23/07/2023";"0200";"";"";"";"";"";"";"";"";"";"";"";"";"";"";"";"";""
"23/07/2023";"0300";"";"";"";"";"";"";"";"";"";"";"";"";"";"";"";"";""
"23/07/2023";"0400";"";"";"";"";"";"";"";"";"";"";"";"";"";"";"";"";""
"23/07/2023";"0500";"";"";"";"";"";"";"";"";"";"";"";"";"";"";"";"";""
"23/07/2023";"0600";"";"";"";"";"";"";"";"";"";"";"";"";"";"";"";"";""
"23/07/2023";"0700";"";"";"";"";"";"";"";"";"";"";"";"";"";"";"";"";""
"23/07/2023";"0800";"";"";"";"";"";"";"";"";"";"";"";"";"";"";"";"";""
"23/07/2023";"0900";"";"";"";"";"";"";"";"";"";"";"";"";"";"";"";"";""
"23/07/2023";"1000";"";"";"";"";"";"";"";"";"";"";"";"";"";"";"";"";""
"23/07/2023";"1100";"";"";"";"";"";"";"";"";"";"";"";"";"";"";"";"";""
"23/07/2023";"1200";"";"";"";"";"";"";"";"";"";"";"";"";"";"";"";"";""
"23/07/2023";"1300";"";"";"";"";"";"";"";"";"";"";"";"";"";"";"";"";""
"23/07/2023";"1400";"";"";"";"";"";"";"";"";"";"";"";"";"";"";"";"";""
"23/07/2023";"1500";"";"";"";"";"";"";"";"";"";"";"";"";"";"";"";"";""
"23/07/2023";"1600";"";"";"";"";"";"";"";"";"";"";"";"";"";"";"";"";""
"23/07/2023";"1700";"";"";"";"";"";"";"";"";"";"";"";"";"";"";"";"";""
"23/07/2023";"1800";"";"";"";"";"";"";"";"";"";"";"";"";"";"";"";"";""
"23/07/2023";"1900";"";"";"";"";"";"";"";"";"";"";"";"";"";"";"";"";""
"23/07/2023";"2000";"";"";"";"";"";"";"";"";"";"";"";"";"";"";"";"";""
"23/07/2023";"2100";"";"";"";"";"";"";"";"";"";"";"";"";"";"";"";"";""
"23/07/2023";"2200";"";"";"";"";"";"";"";"";"";"";"";"";"";"";"";"";""
"23/07/2023";"2300";"";"";"";"";"";"";"";"";"";"";"";"";"";"";"";"";""
"24/07/2023";"0000";"";"";"";"";"";"";"";"";"";"";"";"";"";"";"";"";""
"24/07/2023";"0100";"";"";"";"";"";"";"";"";"";"";"";"";"";"";"";"";""
"24/07/2023";"0200";"";"";"";"";"";"";"";"";"";"";"";"";"";"";"";"";""
"24/07/2023";"0300";"";"";"";"";"";"";"";"";"";"";"";"";"";"";"";"";""
"24/07/2023";"0400";"";"";"";"";"";"";"";"";"";"";"";"";"";"";"";"";""
"24/07/2023";"0500";"";"";"";"";"";"";"";"";"";"";"";"";"";"";"";"";""
"24/07/2023";"0600";"";"";"";"";"";"";"";"";"";"";"";"";"";"";"";"";""
"24/07/2023";"0700";"";"";"";"";"";"";"";"";"";"";"";"";"";"";"";"";""
"24/07/2023";"0800";"";"";"";"";"";"";"";"";"";"";"";"";"";"";"";"";""
"24/07/2023";"0900";"";"";"";"";"";"";"";"";"";"";"";"";"";"";"";"";""
"24/07/2023";"1000";"";"";"";"";"";"";"";"";"";"";"";"";"";"";"";"";""
"24/07/2023";"1100";"";"";"";"";"";"";"";"";"";"";"";"";"";"";"";"";""
"24/07/2023";"1200";"";"";"";"";"";"";"";"";"";"";"";"";"";"";"";"";""
"24/07/2023";"1300";"";"";"";"";"";"";"";"";"";"";"";"";"";"";"";"";""
"24/07/2023";"1400";"";"";"";"";"";"";"";"";"";"";"";"";"";"";"";"";""
"24/07/2023";"1500";"";"";"";"";"";"";"";"";"";"";"";"";"";"";"";"";""
"24/07/2023";"1600";"";"";"";"";"";"";"";"";"";"";"";"";"";"";"";"";""
"24/07/2023";"1700";"";"";"";"";"";"";"";"";"";"";"";"";"";"";"";"";""
"24/07/2023";"1800";"";"";"";"";"";"";"";"";"";"";"";"";"";"";"";"";""
"24/07/2023";"1900";"";"";"";"";"";"";"";"";"";"";"";"";"";"";"";"";""
"24/07/2023";"2000";"";"";"";"";"";"";"";"";"";"";"";"";"";"";"";"";""
"24/07/2023";"2100";"";"";"";"";"";"";"";"";"";"";"";"";"";"";"";"";""
"24/07/2023";"2200";"";"";"";"";"";"";"";"";"";"";"";"";"";"";"";"";""
"24/07/2023";"2300";"";"";"";"";"";"";"";"";"";"";"";"";"";"";"";"";""
"25/07/2023";"0000";"";"";"";"";"";"";"";"";"";"";"";"";"";"";"";"";""
"25/07/2023";"0100";"";"";"";"";"";"";"";"";"";"";"";"";"";"";"";"";""
"25/07/2023";"0200";"";"";"";"";"";"";"";"";"";"";"";"";"";"";"";"";""
"25/07/2023";"0300";"";"";"";"";"";"";"";"";"";"";"";"";"";"";"";"";""
"25/07/2023";"0400";"";"";"";"";"";"";"";"";"";"";"";"";"";"";"";"";""
"25/07/2023";"0500";"";"";"";"";"";"";"";"";"";"";"";"";"";"";"";"";""
"25/07/2023";"0600";"";"";"";"";"";"";"";"";"";"";"";"";"";"";"";"";""
"25/07/2023";"0700";"";"";"";"";"";"";"";"";"";"";"";"";"";"";"";"";""
"25/07/2023";"0800";"";"";"";"";"";"";"";"";"";"";"";"";"";"";"";"";""
"25/07/2023";"0900";"";"";"";"";"";"";"";"";"";"";"";"";"";"";"";"";""
"25/07/2023";"1000";"";"";"";"";"";"";"";"";"";"";"";"";"";"";"";"";""
"25/07/2023";"1100";"";"";"";"";"";"";"";"";"";"";"";"";"";"";"";"";""
"25/07/2023";"1200";"";"";"";"";"";"";"";"";"";"";"";"";"";"";"";"";""
"25/07/2023";"1300";"";"";"";"";"";"";"";"";"";"";"";"";"";"";"";"";""
"25/07/2023";"1400";"";"";"";"";"";"";"";"";"";"";"";"";"";"";"";"";""
"25/07/2023";"1500";"";"";"";"";"";"";"";"";"";"";"";"";"";"";"";"";""
"25/07/2023";"1600";"";"";"";"";"";"";"";"";"";"";"";"";"";"";"";"";""
"25/07/2023";"1700";"";"";"";"";"";"";"";"";"";"";"";"";"";"";"";"";""
"25/07/2023";"1800";"";"";"";"";"";"";"";"";"";"";"";"";"";"";"";"";""
"25/07/2023";"1900";"";"";"";"";"";"";"";"";"";"";"";"";"";"";"";"";""
"25/07/2023";"2000";"";"";"";"";"";"";"";"";"";"";"";"";"";"";"";"";""
"25/07/2023";"2100";"";"";"";"";"";"";"";"";"";"";"";"";"";"";"";"";""
"25/07/2023";"2200";"";"";"";"";"";"";"";"";"";"";"";"";"";"";"";"";""
"25/07/2023";"2300";"";"";"";"";"";"";"";"";"";"";"";"";"";"";"";"";""
"26/07/2023";"0000";"";"";"";"";"";"";"";"";"";"";"";"";"";"";"";"";""
"26/07/2023";"0100";"";"";"";"";"";"";"";"";"";"";"";"";"";"";"";"";""
"26/07/2023";"0200";"";"";"";"";"";"";"";"";"";"";"";"";"";"";"";"";""
"26/07/2023";"0300";"";"";"";"";"";"";"";"";"";"";"";"";"";"";"";"";""
"26/07/2023";"0400";"";"";"";"";"";"";"";"";"";"";"";"";"";"";"";"";""
"26/07/2023";"0500";"";"";"";"";"";"";"";"";"";"";"";"";"";"";"";"";""
"26/07/2023";"0600";"";"";"";"";"";"";"";"";"";"";"";"";"";"";"";"";""
"26/07/2023";"0700";"";"";"";"";"";"";"";"";"";"";"";"";"";"";"";"";""
"26/07/2023";"0800";"";"";"";"";"";"";"";"";"";"";"";"";"";"";"";"";""
"26/07/2023";"0900";"";"";"";"";"";"";"";"";"";"";"";"";"";"";"";"";""
"26/07/2023";"1000";"";"";"";"";"";"";"";"";"";"";"";"";"";"";"";"";""
"26/07/2023";"1100";"";"";"";"";"";"";"";"";"";"";"";"";"";"";"";"";""
"26/07/2023";"1200";"";"";"";"";"";"";"";"";"";"";"";"";"";"";"";"";""
"26/07/2023";"1300";"";"";"";"";"";"";"";"";"";"";"";"";"";"";"";"";""
"26/07/2023";"1400";"";"";"";"";"";"";"";"";"";"";"";"";"";"";"";"";""
"26/07/2023";"1500";"";"";"";"";"";"";"";"";"";"";"";"";"";"";"";"";""
"26/07/2023";"1600";"";"";"";"";"";"";"";"";"";"";"";"";"";"";"";"";""
"26/07/2023";"1700";"";"";"";"";"";"";"";"";"";"";"";"";"";"";"";"";""
"26/07/2023";"1800";"";"";"";"";"";"";"";"";"";"";"";"";"";"";"";"";""
"26/07/2023";"1900";"";"";"";"";"";"";"";"";"";"";"";"";"";"";"";"";""
"26/07/2023";"2000";"";"";"";"";"";"";"";"";"";"";"";"";"";"";"";"";""
"26/07/2023";"2100";"";"";"";"";"";"";"";"";"";"";"";"";"";"";"";"";""
"26/07/2023";"2200";"";"";"";"";"";"";"";"";"";"";"";"";"";"";"";"";""
"26/07/2023";"2300";"";"";"";"";"";"";"";"";"";"";"";"";"";"";"";"";""
"27/07/2023";"0000";"";"";"";"";"";"";"";"";"";"";"";"";"";"";"";"";""
"27/07/2023";"0100";"";"";"";"";"";"";"";"";"";"";"";"";"";"";"";"";""
"27/07/2023";"0200";"";"";"";"";"";"";"";"";"";"";"";"";"";"";"";"";""
"27/07/2023";"0300";"";"";"";"";"";"";"";"";"";"";"";"";"";"";"";"";""
"27/07/2023";"0400";"";"";"";"";"";"";"";"";"";"";"";"";"";"";"";"";""
"27/07/2023";"0500";"";"";"";"";"";"";"";"";"";"";"";"";"";"";"";"";""
"27/07/2023";"0600";"";"";"";"";"";"";"";"";"";"";"";"";"";"";"";"";""
"27/07/2023";"0700";"";"";"";"";"";"";"";"";"";"";"";"";"";"";"";"";""
"27/07/2023";"0800";"";"";"";"";"";"";"";"";"";"";"";"";"";"";"";"";""
"27/07/2023";"0900";"";"";"";"";"";"";"";"";"";"";"";"";"";"";"";"";""
"27/07/2023";"1000";"";"";"";"";"";"";"";"";"";"";"";"";"";"";"";"";""
"27/07/2023";"1100";"";"";"";"";"";"";"";"";"";"";"";"";"";"";"";"";""
"27/07/2023";"1200";"";"";"";"";"";"";"";"";"";"";"";"";"";"";"";"";""
"27/07/2023";"1300";"";"";"";"";"";"";"";"";"";"";"";"";"";"";"";"";""
"27/07/2023";"1400";"";"";"";"";"";"";"";"";"";"";"";"";"";"";"";"";""
"27/07/2023";"1500";"";"";"";"";"";"";"";"";"";"";"";"";"";"";"";"";""
"27/07/2023";"1600";"";"";"";"";"";"";"";"";"";"";"";"";"";"";"";"";""
"27/07/2023";"1700";"";"";"";"";"";"";"";"";"";"";"";"";"";"";"";"";""
"27/07/2023";"1800";"";"";"";"";"";"";"";"";"";"";"";"";"";"";"";"";""
"27/07/2023";"1900";"";"";"";"";"";"";"";"";"";"";"";"";"";"";"";"";""
"27/07/2023";"2000";"";"";"";"";"";"";"";"";"";"";"";"";"";"";"";"";""
"27/07/2023";"2100";"";"";"";"";"";"";"";"";"";"";"";"";"";"";"";"";""
"27/07/2023";"2200";"";"";"";"";"";"";"";"";"";"";"";"";"";"";"";"";""
"27/07/2023";"2300";"";"";"";"";"";"";"";"";"";"";"";"";"";"";"";"";""
"28/07/2023";"0000";"";"";"";"";"";"";"";"";"";"";"";"";"";"";"";"";""
"28/07/2023";"0100";"";"";"";"";"";"";"";"";"";"";"";"";"";"";"";"";""
"28/07/2023";"0200";"";"";"";"";"";"";"";"";"";"";"";"";"";"";"";"";""
"28/07/2023";"0300";"";"";"";"";"";"";"";"";"";"";"";"";"";"";"";"";""
"28/07/2023";"0400";"";"";"";"";"";"";"";"";"";"";"";"";"";"";"";"";""
"28/07/2023";"0500";"";"";"";"";"";"";"";"";"";"";"";"";"";"";"";"";""
"28/07/2023";"0600";"";"";"";"";"";"";"";"";"";"";"";"";"";"";"";"";""
"28/07/2023";"0700";"";"";"";"";"";"";"";"";"";"";"";"";"";"";"";"";""
"28/07/2023";"0800";"";"";"";"";"";"";"";"";"";"";"";"";"";"";"";"";""
"28/07/2023";"0900";"";"";"";"";"";"";"";"";"";"";"";"";"";"";"";"";""
"28/07/2023";"1000";"";"";"";"";"";"";"";"";"";"";"";"";"";"";"";"";""
"28/07/2023";"1100";"";"";"";"";"";"";"";"";"";"";"";"";"";"";"";"";""
"28/07/2023";"1200";"";"";"";"";"";"";"";"";"";"";"";"";"";"";"";"";""
"28/07/2023";"1300";"";"";"";"";"";"";"";"";"";"";"";"";"";"";"";"";""
"28/07/2023";"1400";"";"";"";"";"";"";"";"";"";"";"";"";"";"";"";"";""
"28/07/2023";"1500";"";"";"";"";"";"";"";"";"";"";"";"";"";"";"";"";""
"28/07/2023";"1600";"";"";"";"";"";"";"";"";"";"";"";"";"";"";"";"";""
"28/07/2023";"1700";"";"";"";"";"";"";"";"";"";"";"";"";"";"";"";"";""
"28/07/2023";"1800";"";"";"";"";"";"";"";"";"";"";"";"";"";"";"";"";""
"28/07/2023";"1900";"";"";"";"";"";"";"";"";"";"";"";"";"";"";"";"";""
"28/07/2023";"2000";"";"";"";"";"";"";"";"";"";"";"";"";"";"";"";"";""
"28/07/2023";"2100";"";"";"";"";"";"";"";"";"";"";"";"";"";"";"";"";""
"28/07/2023";"2200";"";"";"";"";"";"";"";"";"";"";"";"";"";"";"";"";""
"28/07/2023";"2300";"";"";"";"";"";"";"";"";"";"";"";"";"";"";"";"";""
"29/07/2023";"0000";"";"";"";"";"";"";"";"";"";"";"";"";"";"";"";"";""
"29/07/2023";"0100";"";"";"";"";"";"";"";"";"";"";"";"";"";"";"";"";""
"29/07/2023";"0200";"";"";"";"";"";"";"";"";"";"";"";"";"";"";"";"";""
"29/07/2023";"0300";"";"";"";"";"";"";"";"";"";"";"";"";"";"";"";"";""
"29/07/2023";"0400";"";"";"";"";"";"";"";"";"";"";"";"";"";"";"";"";""
"29/07/2023";"0500";"";"";"";"";"";"";"";"";"";"";"";"";"";"";"";"";""
"29/07/2023";"0600";"";"";"";"";"";"";"";"";"";"";"";"";"";"";"";"";""
"29/07/2023";"0700";"";"";"";"";"";"";"";"";"";"";"";"";"";"";"";"";""
"29/07/2023";"0800";"";"";"";"";"";"";"";"";"";"";"";"";"";"";"";"";""
"29/07/2023";"0900";"";"";"";"";"";"";"";"";"";"";"";"";"";"";"";"";""
"29/07/2023";"1000";"";"";"";"";"";"";"";"";"";"";"";"";"";"";"";"";""
"29/07/2023";"1100";"";"";"";"";"";"";"";"";"";"";"";"";"";"";"";"";""
"29/07/2023";"1200";"";"";"";"";"";"";"";"";"";"";"";"";"";"";"";"";""
"29/07/2023";"1300";"";"";"";"";"";"";"";"";"";"";"";"";"";"";"";"";""
"29/07/2023";"1400";"";"";"";"";"";"";"";"";"";"";"";"";"";"";"";"";""
"29/07/2023";"1500";"";"";"";"";"";"";"";"";"";"";"";"";"";"";"";"";""
"29/07/2023";"1600";"";"";"";"";"";"";"";"";"";"";"";"";"";"";"";"";""
"29/07/2023";"1700";"";"";"";"";"";"";"";"";"";"";"";"";"";"";"";"";""
"29/07/2023";"1800";"";"";"";"";"";"";"";"";"";"";"";"";"";"";"";"";""
"29/07/2023";"1900";"";"";"";"";"";"";"";"";"";"";"";"";"";"";"";"";""
"29/07/2023";"2000";"";"";"";"";"";"";"";"";"";"";"";"";"";"";"";"";""
"29/07/2023";"2100";"";"";"";"";"";"";"";"";"";"";"";"";"";"";"";"";""
"29/07/2023";"2200";"";"";"";"";"";"";"";"";"";"";"";"";"";"";"";"";""
"29/07/2023";"2300";"";"";"";"";"";"";"";"";"";"";"";"";"";"";"";"";""
"30/07/2023";"0000";"";"";"";"";"";"";"";"";"";"";"";"";"";"";"";"";""
"30/07/2023";"0100";"";"";"";"";"";"";"";"";"";"";"";"";"";"";"";"";""
"30/07/2023";"0200";"";"";"";"";"";"";"";"";"";"";"";"";"";"";"";"";""
"30/07/2023";"0300";"";"";"";"";"";"";"";"";"";"";"";"";"";"";"";"";""
"30/07/2023";"0400";"";"";"";"";"";"";"";"";"";"";"";"";"";"";"";"";""
"30/07/2023";"0500";"";"";"";"";"";"";"";"";"";"";"";"";"";"";"";"";""
"30/07/2023";"0600";"";"";"";"";"";"";"";"";"";"";"";"";"";"";"";"";""
"30/07/2023";"0700";"";"";"";"";"";"";"";"";"";"";"";"";"";"";"";"";""
"30/07/2023";"0800";"";"";"";"";"";"";"";"";"";"";"";"";"";"";"";"";""
"30/07/2023";"0900";"";"";"";"";"";"";"";"";"";"";"";"";"";"";"";"";""
"30/07/2023";"1000";"";"";"";"";"";"";"";"";"";"";"";"";"";"";"";"";""
"30/07/2023";"1100";"";"";"";"";"";"";"";"";"";"";"";"";"";"";"";"";""
"30/07/2023";"1200";"";"";"";"";"";"";"";"";"";"";"";"";"";"";"";"";""
"30/07/2023";"1300";"";"";"";"";"";"";"";"";"";"";"";"";"";"";"";"";""
"30/07/2023";"1400";"";"";"";"";"";"";"";"";"";"";"";"";"";"";"";"";""
"30/07/2023";"1500";"";"";"";"";"";"";"";"";"";"";"";"";"";"";"";"";""
"30/07/2023";"1600";"";"";"";"";"";"";"";"";"";"";"";"";"";"";"";"";""
"30/07/2023";"1700";"";"";"";"";"";"";"";"";"";"";"";"";"";"";"";"";""
"30/07/2023";"1800";"";"";"";"";"";"";"";"";"";"";"";"";"";"";"";"";""
"30/07/2023";"1900";"";"";"";"";"";"";"";"";"";"";"";"";"";"";"";"";""
"30/07/2023";"2000";"";"";"";"";"";"";"";"";"";"";"";"";"";"";"";"";""
"30/07/2023";"2100";"";"";"";"";"";"";"";"";"";"";"";"";"";"";"";"";""
"30/07/2023";"2200";"";"";"";"";"";"";"";"";"";"";"";"";"";"";"";"";""
"30/07/2023";"2300";"";"";"";"";"";"";"";"";"";"";"";"";"";"";"";"";""
"31/07/2023";"0000";"";"";"";"";"";"";"";"";"";"";"";"";"";"";"";"";""
"31/07/2023";"0100";"";"";"";"";"";"";"";"";"";"";"";"";"";"";"";"";""
"31/07/2023";"0200";"";"";"";"";"";"";"";"";"";"";"";"";"";"";"";"";""
"31/07/2023";"0300";"";"";"";"";"";"";"";"";"";"";"";"";"";"";"";"";""
"31/07/2023";"0400";"";"";"";"";"";"";"";"";"";"";"";"";"";"";"";"";""
"31/07/2023";"0500";"";"";"";"";"";"";"";"";"";"";"";"";"";"";"";"";""
"31/07/2023";"0600";"";"";"";"";"";"";"";"";"";"";"";"";"";"";"";"";""
"31/07/2023";"0700";"";"";"";"";"";"";"";"";"";"";"";"";"";"";"";"";""
"31/07/2023";"0800";"";"";"";"";"";"";"";"";"";"";"";"";"";"";"";"";""
"31/07/2023";"0900";"";"";"";"";"";"";"";"";"";"";"";"";"";"";"";"";""
"31/07/2023";"1000";"";"";"";"";"";"";"";"";"";"";"";"";"";"";"";"";""
"31/07/2023";"1100";"";"";"";"";"";"";"";"";"";"";"";"";"";"";"";"";""
"31/07/2023";"1200";"";"";"";"";"";"";"";"";"";"";"";"";"";"";"";"";""
"31/07/2023";"1300";"";"";"";"";"";"";"";"";"";"";"";"";"";"";"";"";""
"31/07/2023";"1400";"";"";"";"";"";"";"";"";"";"";"";"";"";"";"";"";""
"31/07/2023";"1500";"";"";"";"";"";"";"";"";"";"";"";"";"";"";"";"";""
"31/07/2023";"1600";"";"";"";"";"";"";"";"";"";"";"";"";"";"";"";"";""
"31/07/2023";"1700";"";"";"";"";"";"";"";"";"";"";"";"";"";"";"";"";""
"31/07/2023";"1800";"";"";"";"";"";"";"";"";"";"";"";"";"";"";"";"";""
"31/07/2023";"1900";"";"";"";"";"";"";"";"";"";"";"";"";"";"";"";"";""
"31/07/2023";"2000";"";"";"";"";"";"";"";"";"";"";"";"";"";"";"";"";""
"31/07/2023";"2100";"";"";"";"";"";"";"";"";"";"";"";"";"";"";"";"";""
"31/07/2023";"2200";"";"";"";"";"";"";"";"";"";"";"";"";"";"";"";"";""
"31/07/2023";"2300";"";"";"";"";"";"";"";"";"";"";"";"";"";"";"";"";""
"01/08/2023";"0000";"";"";"";"";"";"";"";"";"";"";"";"";"";"";"";"";""
"01/08/2023";"0100";"";"";"";"";"";"";"";"";"";"";"";"";"";"";"";"";""
"01/08/2023";"0200";"";"";"";"";"";"";"";"";"";"";"";"";"";"";"";"";""
"01/08/2023";"0300";"";"";"";"";"";"";"";"";"";"";"";"";"";"";"";"";""
"01/08/2023";"0400";"";"";"";"";"";"";"";"";"";"";"";"";"";"";"";"";""
"01/08/2023";"0500";"";"";"";"";"";"";"";"";"";"";"";"";"";"";"";"";""
"01/08/2023";"0600";"";"";"";"";"";"";"";"";"";"";"";"";"";"";"";"";""
"01/08/2023";"0700";"";"";"";"";"";"";"";"";"";"";"";"";"";"";"";"";""
"01/08/2023";"0800";"";"";"";"";"";"";"";"";"";"";"";"";"";"";"";"";""
"01/08/2023";"0900";"";"";"";"";"";"";"";"";"";"";"";"";"";"";"";"";""
"01/08/2023";"1000";"";"";"";"";"";"";"";"";"";"";"";"";"";"";"";"";""
"01/08/2023";"1100";"";"";"";"";"";"";"";"";"";"";"";"";"";"";"";"";""
"01/08/2023";"1200";"";"";"";"";"";"";"";"";"";"";"";"";"";"";"";"";""
"01/08/2023";"1300";"";"";"";"";"";"";"";"";"";"";"";"";"";"";"";"";""
"01/08/2023";"1400";"";"";"";"";"";"";"";"";"";"";"";"";"";"";"";"";""
"01/08/2023";"1500";"";"";"";"";"";"";"";"";"";"";"";"";"";"";"";"";""
"01/08/2023";"1600";"";"";"";"";"";"";"";"";"";"";"";"";"";"";"";"";""
"01/08/2023";"1700";"";"";"";"";"";"";"";"";"";"";"";"";"";"";"";"";""
"01/08/2023";"1800";"";"";"";"";"";"";"";"";"";"";"";"";"";"";"";"";""
"01/08/2023";"1900";"";"";"";"";"";"";"";"";"";"";"";"";"";"";"";"";""
"01/08/2023";"2000";"";"";"";"";"";"";"";"";"";"";"";"";"";"";"";"";""
"01/08/2023";"2100";"";"";"";"";"";"";"";"";"";"";"";"";"";"";"";"";""
"01/08/2023";"2200";"";"";"";"";"";"";"";"";"";"";"";"";"";"";"";"";""
"01/08/2023";"2300";"";"";"";"";"";"";"";"";"";"";"";"";"";"";"";"";""
"02/08/2023";"0000";"";"";"";"";"";"";"";"";"";"";"";"";"";"";"";"";""
"02/08/2023";"0100";"";"";"";"";"";"";"";"";"";"";"";"";"";"";"";"";""
"02/08/2023";"0200";"";"";"";"";"";"";"";"";"";"";"";"";"";"";"";"";""
"02/08/2023";"0300";"";"";"";"";"";"";"";"";"";"";"";"";"";"";"";"";""
"02/08/2023";"0400";"";"";"";"";"";"";"";"";"";"";"";"";"";"";"";"";""
"02/08/2023";"0500";"";"";"";"";"";"";"";"";"";"";"";"";"";"";"";"";""
"02/08/2023";"0600";"";"";"";"";"";"";"";"";"";"";"";"";"";"";"";"";""
"02/08/2023";"0700";"";"";"";"";"";"";"";"";"";"";"";"";"";"";"";"";""
"02/08/2023";"0800";"";"";"";"";"";"";"";"";"";"";"";"";"";"";"";"";""
"02/08/2023";"0900";"";"";"";"";"";"";"";"";"";"";"";"";"";"";"";"";""
"02/08/2023";"1000";"";"";"";"";"";"";"";"";"";"";"";"";"";"";"";"";""
"02/08/2023";"1100";"";"";"";"";"";"";"";"";"";"";"";"";"";"";"";"";""
"02/08/2023";"1200";"";"";"";"";"";"";"";"";"";"";"";"";"";"";"";"";""
"02/08/2023";"1300";"";"";"";"";"";"";"";"";"";"";"";"";"";"";"";"";""
"02/08/2023";"1400";"";"";"";"";"";"";"";"";"";"";"";"";"";"";"";"";""
"02/08/2023";"1500";"";"";"";"";"";"";"";"";"";"";"";"";"";"";"";"";""
"02/08/2023";"1600";"";"";"";"";"";"";"";"";"";"";"";"";"";"";"";"";""
"02/08/2023";"1700";"";"";"";"";"";"";"";"";"";"";"";"";"";"";"";"";""
"02/08/2023";"1800";"";"";"";"";"";"";"";"";"";"";"";"";"";"";"";"";""
"02/08/2023";"1900";"";"";"";"";"";"";"";"";"";"";"";"";"";"";"";"";""
"02/08/2023";"2000";"";"";"";"";"";"";"";"";"";"";"";"";"";"";"";"";""
"02/08/2023";"2100";"";"";"";"";"";"";"";"";"";"";"";"";"";"";"";"";""
"02/08/2023";"2200";"";"";"";"";"";"";"";"";"";"";"";"";"";"";"";"";""
"02/08/2023";"2300";"";"";"";"";"";"";"";"";"";"";"";"";"";"";"";"";""
"03/08/2023";"0000";"";"";"";"";"";"";"";"";"";"";"";"";"";"";"";"";""
"03/08/2023";"0100";"";"";"";"";"";"";"";"";"";"";"";"";"";"";"";"";""
"03/08/2023";"0200";"";"";"";"";"";"";"";"";"";"";"";"";"";"";"";"";""
"03/08/2023";"0300";"";"";"";"";"";"";"";"";"";"";"";"";"";"";"";"";""
"03/08/2023";"0400";"";"";"";"";"";"";"";"";"";"";"";"";"";"";"";"";""
"03/08/2023";"0500";"";"";"";"";"";"";"";"";"";"";"";"";"";"";"";"";""
"03/08/2023";"0600";"";"";"";"";"";"";"";"";"";"";"";"";"";"";"";"";""
"03/08/2023";"0700";"";"";"";"";"";"";"";"";"";"";"";"";"";"";"";"";""
"03/08/2023";"0800";"";"";"";"";"";"";"";"";"";"";"";"";"";"";"";"";""
"03/08/2023";"0900";"";"";"";"";"";"";"";"";"";"";"";"";"";"";"";"";""
"03/08/2023";"1000";"";"";"";"";"";"";"";"";"";"";"";"";"";"";"";"";""
"03/08/2023";"1100";"";"";"";"";"";"";"";"";"";"";"";"";"";"";"";"";""
"03/08/2023";"1200";"";"";"";"";"";"";"";"";"";"";"";"";"";"";"";"";""
"03/08/2023";"1300";"";"";"";"";"";"";"";"";"";"";"";"";"";"";"";"";""
"03/08/2023";"1400";"";"";"";"";"";"";"";"";"";"";"";"";"";"";"";"";""
"03/08/2023";"1500";"";"";"";"";"";"";"";"";"";"";"";"";"";"";"";"";""
"03/08/2023";"1600";"";"";"";"";"";"";"";"";"";"";"";"";"";"";"";"";""
"03/08/2023";"1700";"";"";"";"";"";"";"";"";"";"";"";"";"";"";"";"";""
"03/08/2023";"1800";"";"";"";"";"";"";"";"";"";"";"";"";"";"";"";"";""
"03/08/2023";"1900";"";"";"";"";"";"";"";"";"";"";"";"";"";"";"";"";""
"03/08/2023";"2000";"";"";"";"";"";"";"";"";"";"";"";"";"";"";"";"";""
"03/08/2023";"2100";"";"";"";"";"";"";"";"";"";"";"";"";"";"";"";"";""
"03/08/2023";"2200";"";"";"";"";"";"";"";"";"";"";"";"";"";"";"";"";""
"03/08/2023";"2300";"";"";"";"";"";"";"";"";"";"";"";"";"";"";"";"";""
"04/08/2023";"0000";"";"";"";"";"";"";"";"";"";"";"";"";"";"";"";"";""
"04/08/2023";"0100";"";"";"";"";"";"";"";"";"";"";"";"";"";"";"";"";""
"04/08/2023";"0200";"";"";"";"";"";"";"";"";"";"";"";"";"";"";"";"";""
"04/08/2023";"0300";"";"";"";"";"";"";"";"";"";"";"";"";"";"";"";"";""
"04/08/2023";"0400";"";"";"";"";"";"";"";"";"";"";"";"";"";"";"";"";""
"04/08/2023";"0500";"";"";"";"";"";"";"";"";"";"";"";"";"";"";"";"";""
"04/08/2023";"0600";"";"";"";"";"";"";"";"";"";"";"";"";"";"";"";"";""
"04/08/2023";"0700";"";"";"";"";"";"";"";"";"";"";"";"";"";"";"";"";""
"04/08/2023";"0800";"";"";"";"";"";"";"";"";"";"";"";"";"";"";"";"";""
"04/08/2023";"0900";"";"";"";"";"";"";"";"";"";"";"";"";"";"";"";"";""
"04/08/2023";"1000";"";"";"";"";"";"";"";"";"";"";"";"";"";"";"";"";""
"04/08/2023";"1100";"";"";"";"";"";"";"";"";"";"";"";"";"";"";"";"";""
"04/08/2023";"1200";"";"";"";"";"";"";"";"";"";"";"";"";"";"";"";"";""
"04/08/2023";"1300";"";"";"";"";"";"";"";"";"";"";"";"";"";"";"";"";""
"04/08/2023";"1400";"";"";"";"";"";"";"";"";"";"";"";"";"";"";"";"";""
"04/08/2023";"1500";"";"";"";"";"";"";"";"";"";"";"";"";"";"";"";"";""
"04/08/2023";"1600";"";"";"";"";"";"";"";"";"";"";"";"";"";"";"";"";""
"04/08/2023";"1700";"";"";"";"";"";"";"";"";"";"";"";"";"";"";"";"";""
"04/08/2023";"1800";"";"";"";"";"";"";"";"";"";"";"";"";"";"";"";"";""
"04/08/2023";"1900";"";"";"";"";"";"";"";"";"";"";"";"";"";"";"";"";""
"04/08/2023";"2000";"";"";"";"";"";"";"";"";"";"";"";"";"";"";"";"";""
"04/08/2023";"2100";"";"";"";"";"";"";"";"";"";"";"";"";"";"";"";"";""
"04/08/2023";"2200";"";"";"";"";"";"";"";"";"";"";"";"";"";"";"";"";""
"04/08/2023";"2300";"";"";"";"";"";"";"";"";"";"";"";"";"";"";"";"";""
"05/08/2023";"0000";"";"";"";"";"";"";"";"";"";"";"";"";"";"";"";"";""
"05/08/2023";"0100";"";"";"";"";"";"";"";"";"";"";"";"";"";"";"";"";""
"05/08/2023";"0200";"";"";"";"";"";"";"";"";"";"";"";"";"";"";"";"";""
"05/08/2023";"0300";"";"";"";"";"";"";"";"";"";"";"";"";"";"";"";"";""
"05/08/2023";"0400";"";"";"";"";"";"";"";"";"";"";"";"";"";"";"";"";""
"05/08/2023";"0500";"";"";"";"";"";"";"";"";"";"";"";"";"";"";"";"";""
"05/08/2023";"0600";"";"";"";"";"";"";"";"";"";"";"";"";"";"";"";"";""
"05/08/2023";"0700";"";"";"";"";"";"";"";"";"";"";"";"";"";"";"";"";""
"05/08/2023";"0800";"";"";"";"";"";"";"";"";"";"";"";"";"";"";"";"";""
"05/08/2023";"0900";"";"";"";"";"";"";"";"";"";"";"";"";"";"";"";"";""
"05/08/2023";"1000";"";"";"";"";"";"";"";"";"";"";"";"";"";"";"";"";""
"05/08/2023";"1100";"";"";"";"";"";"";"";"";"";"";"";"";"";"";"";"";""
"05/08/2023";"1200";"";"";"";"";"";"";"";"";"";"";"";"";"";"";"";"";""
"05/08/2023";"1300";"";"";"";"";"";"";"";"";"";"";"";"";"";"";"";"";""
"05/08/2023";"1400";"";"";"";"";"";"";"";"";"";"";"";"";"";"";"";"";""
"05/08/2023";"1500";"";"";"";"";"";"";"";"";"";"";"";"";"";"";"";"";""
"05/08/2023";"1600";"";"";"";"";"";"";"";"";"";"";"";"";"";"";"";"";""
"05/08/2023";"1700";"";"";"";"";"";"";"";"";"";"";"";"";"";"";"";"";""
"05/08/2023";"1800";"";"";"";"";"";"";"";"";"";"";"";"";"";"";"";"";""
"05/08/2023";"1900";"";"";"";"";"";"";"";"";"";"";"";"";"";"";"";"";""
"05/08/2023";"2000";"";"";"";"";"";"";"";"";"";"";"";"";"";"";"";"";""
"05/08/2023";"2100";"";"";"";"";"";"";"";"";"";"";"";"";"";"";"";"";""
"05/08/2023";"2200";"";"";"";"";"";"";"";"";"";"";"";"";"";"";"";"";""
"05/08/2023";"2300";"";"";"";"";"";"";"";"";"";"";"";"";"";"";"";"";""
"06/08/2023";"0000";"";"";"";"";"";"";"";"";"";"";"";"";"";"";"";"";""
"06/08/2023";"0100";"";"";"";"";"";"";"";"";"";"";"";"";"";"";"";"";""
"06/08/2023";"0200";"";"";"";"";"";"";"";"";"";"";"";"";"";"";"";"";""
"06/08/2023";"0300";"";"";"";"";"";"";"";"";"";"";"";"";"";"";"";"";""
"06/08/2023";"0400";"";"";"";"";"";"";"";"";"";"";"";"";"";"";"";"";""
"06/08/2023";"0500";"";"";"";"";"";"";"";"";"";"";"";"";"";"";"";"";""
"06/08/2023";"0600";"";"";"";"";"";"";"";"";"";"";"";"";"";"";"";"";""
"06/08/2023";"0700";"";"";"";"";"";"";"";"";"";"";"";"";"";"";"";"";""
"06/08/2023";"0800";"";"";"";"";"";"";"";"";"";"";"";"";"";"";"";"";""
"06/08/2023";"0900";"";"";"";"";"";"";"";"";"";"";"";"";"";"";"";"";""
"06/08/2023";"1000";"";"";"";"";"";"";"";"";"";"";"";"";"";"";"";"";""
"06/08/2023";"1100";"";"";"";"";"";"";"";"";"";"";"";"";"";"";"";"";""
"06/08/2023";"1200";"";"";"";"";"";"";"";"";"";"";"";"";"";"";"";"";""
"06/08/2023";"1300";"";"";"";"";"";"";"";"";"";"";"";"";"";"";"";"";""
"06/08/2023";"1400";"";"";"";"";"";"";"";"";"";"";"";"";"";"";"";"";""
"06/08/2023";"1500";"";"";"";"";"";"";"";"";"";"";"";"";"";"";"";"";""
"06/08/2023";"1600";"";"";"";"";"";"";"";"";"";"";"";"";"";"";"";"";""
"06/08/2023";"1700";"";"";"";"";"";"";"";"";"";"";"";"";"";"";"";"";""
"06/08/2023";"1800";"";"";"";"";"";"";"";"";"";"";"";"";"";"";"";"";""
"06/08/2023";"1900";"";"";"";"";"";"";"";"";"";"";"";"";"";"";"";"";""
"06/08/2023";"2000";"";"";"";"";"";"";"";"";"";"";"";"";"";"";"";"";""
"06/08/2023";"2100";"";"";"";"";"";"";"";"";"";"";"";"";"";"";"";"";""
"06/08/2023";"2200";"";"";"";"";"";"";"";"";"";"";"";"";"";"";"";"";""
"06/08/2023";"2300";"";"";"";"";"";"";"";"";"";"";"";"";"";"";"";"";""
"07/08/2023";"0000";"";"";"";"";"";"";"";"";"";"";"";"";"";"";"";"";""
"07/08/2023";"0100";"";"";"";"";"";"";"";"";"";"";"";"";"";"";"";"";""
"07/08/2023";"0200";"";"";"";"";"";"";"";"";"";"";"";"";"";"";"";"";""
"07/08/2023";"0300";"";"";"";"";"";"";"";"";"";"";"";"";"";"";"";"";""
"07/08/2023";"0400";"";"";"";"";"";"";"";"";"";"";"";"";"";"";"";"";""
"07/08/2023";"0500";"";"";"";"";"";"";"";"";"";"";"";"";"";"";"";"";""
"07/08/2023";"0600";"";"";"";"";"";"";"";"";"";"";"";"";"";"";"";"";""
"07/08/2023";"0700";"";"";"";"";"";"";"";"";"";"";"";"";"";"";"";"";""
"07/08/2023";"0800";"";"";"";"";"";"";"";"";"";"";"";"";"";"";"";"";""
"07/08/2023";"0900";"";"";"";"";"";"";"";"";"";"";"";"";"";"";"";"";""
"07/08/2023";"1000";"";"";"";"";"";"";"";"";"";"";"";"";"";"";"";"";""
"07/08/2023";"1100";"";"";"";"";"";"";"";"";"";"";"";"";"";"";"";"";""
"07/08/2023";"1200";"";"";"";"";"";"";"";"";"";"";"";"";"";"";"";"";""
"07/08/2023";"1300";"";"";"";"";"";"";"";"";"";"";"";"";"";"";"";"";""
"07/08/2023";"1400";"";"";"";"";"";"";"";"";"";"";"";"";"";"";"";"";""
"07/08/2023";"1500";"";"";"";"";"";"";"";"";"";"";"";"";"";"";"";"";""
"07/08/2023";"1600";"";"";"";"";"";"";"";"";"";"";"";"";"";"";"";"";""
"07/08/2023";"1700";"";"";"";"";"";"";"";"";"";"";"";"";"";"";"";"";""
"07/08/2023";"1800";"";"";"";"";"";"";"";"";"";"";"";"";"";"";"";"";""
"07/08/2023";"1900";"";"";"";"";"";"";"";"";"";"";"";"";"";"";"";"";""
"07/08/2023";"2000";"";"";"";"";"";"";"";"";"";"";"";"";"";"";"";"";""
"07/08/2023";"2100";"";"";"";"";"";"";"";"";"";"";"";"";"";"";"";"";""
"07/08/2023";"2200";"";"";"";"";"";"";"";"";"";"";"";"";"";"";"";"";""
"07/08/2023";"2300";"";"";"";"";"";"";"";"";"";"";"";"";"";"";"";"";""
"08/08/2023";"0000";"";"";"";"";"";"";"";"";"";"";"";"";"";"";"";"";""
"08/08/2023";"0100";"";"";"";"";"";"";"";"";"";"";"";"";"";"";"";"";""
"08/08/2023";"0200";"";"";"";"";"";"";"";"";"";"";"";"";"";"";"";"";""
"08/08/2023";"0300";"";"";"";"";"";"";"";"";"";"";"";"";"";"";"";"";""
"08/08/2023";"0400";"";"";"";"";"";"";"";"";"";"";"";"";"";"";"";"";""
"08/08/2023";"0500";"";"";"";"";"";"";"";"";"";"";"";"";"";"";"";"";""
"08/08/2023";"0600";"";"";"";"";"";"";"";"";"";"";"";"";"";"";"";"";""
"08/08/2023";"0700";"";"";"";"";"";"";"";"";"";"";"";"";"";"";"";"";""
"08/08/2023";"0800";"";"";"";"";"";"";"";"";"";"";"";"";"";"";"";"";""
"08/08/2023";"0900";"";"";"";"";"";"";"";"";"";"";"";"";"";"";"";"";""
"08/08/2023";"1000";"";"";"";"";"";"";"";"";"";"";"";"";"";"";"";"";""
"08/08/2023";"1100";"";"";"";"";"";"";"";"";"";"";"";"";"";"";"";"";""
"08/08/2023";"1200";"";"";"";"";"";"";"";"";"";"";"";"";"";"";"";"";""
"08/08/2023";"1300";"";"";"";"";"";"";"";"";"";"";"";"";"";"";"";"";""
"08/08/2023";"1400";"";"";"";"";"";"";"";"";"";"";"";"";"";"";"";"";""
"08/08/2023";"1500";"";"";"";"";"";"";"";"";"";"";"";"";"";"";"";"";""
"08/08/2023";"1600";"";"";"";"";"";"";"";"";"";"";"";"";"";"";"";"";""
"08/08/2023";"1700";"";"";"";"";"";"";"";"";"";"";"";"";"";"";"";"";""
"08/08/2023";"1800";"";"";"";"";"";"";"";"";"";"";"";"";"";"";"";"";""
"08/08/2023";"1900";"";"";"";"";"";"";"";"";"";"";"";"";"";"";"";"";""
"08/08/2023";"2000";"";"";"";"";"";"";"";"";"";"";"";"";"";"";"";"";""
"08/08/2023";"2100";"";"";"";"";"";"";"";"";"";"";"";"";"";"";"";"";""
"08/08/2023";"2200";"";"";"";"";"";"";"";"";"";"";"";"";"";"";"";"";""
"08/08/2023";"2300";"";"";"";"";"";"";"";"";"";"";"";"";"";"";"";"";""
"09/08/2023";"0000";"";"";"";"";"";"";"";"";"";"";"";"";"";"";"";"";""
"09/08/2023";"0100";"";"";"";"";"";"";"";"";"";"";"";"";"";"";"";"";""
"09/08/2023";"0200";"";"";"";"";"";"";"";"";"";"";"";"";"";"";"";"";""
"09/08/2023";"0300";"";"";"";"";"";"";"";"";"";"";"";"";"";"";"";"";""
"09/08/2023";"0400";"";"";"";"";"";"";"";"";"";"";"";"";"";"";"";"";""
"09/08/2023";"0500";"";"";"";"";"";"";"";"";"";"";"";"";"";"";"";"";""
"09/08/2023";"0600";"";"";"";"";"";"";"";"";"";"";"";"";"";"";"";"";""
"09/08/2023";"0700";"";"";"";"";"";"";"";"";"";"";"";"";"";"";"";"";""
"09/08/2023";"0800";"";"";"";"";"";"";"";"";"";"";"";"";"";"";"";"";""
"09/08/2023";"0900";"";"";"";"";"";"";"";"";"";"";"";"";"";"";"";"";""
"09/08/2023";"1000";"";"";"";"";"";"";"";"";"";"";"";"";"";"";"";"";""
"09/08/2023";"1100";"";"";"";"";"";"";"";"";"";"";"";"";"";"";"";"";""
"09/08/2023";"1200";"";"";"";"";"";"";"";"";"";"";"";"";"";"";"";"";""
"09/08/2023";"1300";"";"";"";"";"";"";"";"";"";"";"";"";"";"";"";"";""
"09/08/2023";"1400";"";"";"";"";"";"";"";"";"";"";"";"";"";"";"";"";""
"09/08/2023";"1500";"";"";"";"";"";"";"";"";"";"";"";"";"";"";"";"";""
"09/08/2023";"1600";"";"";"";"";"";"";"";"";"";"";"";"";"";"";"";"";""
"09/08/2023";"1700";"";"";"";"";"";"";"";"";"";"";"";"";"";"";"";"";""
"09/08/2023";"1800";"";"";"";"";"";"";"";"";"";"";"";"";"";"";"";"";""
"09/08/2023";"1900";"";"";"";"";"";"";"";"";"";"";"";"";"";"";"";"";""
"09/08/2023";"2000";"";"";"";"";"";"";"";"";"";"";"";"";"";"";"";"";""
"09/08/2023";"2100";"";"";"";"";"";"";"";"";"";"";"";"";"";"";"";"";""
"09/08/2023";"2200";"";"";"";"";"";"";"";"";"";"";"";"";"";"";"";"";""
"09/08/2023";"2300";"";"";"";"";"";"";"";"";"";"";"";"";"";"";"";"";""
"10/08/2023";"0000";"";"";"";"";"";"";"";"";"";"";"";"";"";"";"";"";""
"10/08/2023";"0100";"";"";"";"";"";"";"";"";"";"";"";"";"";"";"";"";""
"10/08/2023";"0200";"";"";"";"";"";"";"";"";"";"";"";"";"";"";"";"";""
"10/08/2023";"0300";"";"";"";"";"";"";"";"";"";"";"";"";"";"";"";"";""
"10/08/2023";"0400";"";"";"";"";"";"";"";"";"";"";"";"";"";"";"";"";""
"10/08/2023";"0500";"";"";"";"";"";"";"";"";"";"";"";"";"";"";"";"";""
"10/08/2023";"0600";"";"";"";"";"";"";"";"";"";"";"";"";"";"";"";"";""
"10/08/2023";"0700";"";"";"";"";"";"";"";"";"";"";"";"";"";"";"";"";""
"10/08/2023";"0800";"";"";"";"";"";"";"";"";"";"";"";"";"";"";"";"";""
"10/08/2023";"0900";"";"";"";"";"";"";"";"";"";"";"";"";"";"";"";"";""
"10/08/2023";"1000";"";"";"";"";"";"";"";"";"";"";"";"";"";"";"";"";""
"10/08/2023";"1100";"";"";"";"";"";"";"";"";"";"";"";"";"";"";"";"";""
"10/08/2023";"1200";"";"";"";"";"";"";"";"";"";"";"";"";"";"";"";"";""
"10/08/2023";"1300";"";"";"";"";"";"";"";"";"";"";"";"";"";"";"";"";""
"10/08/2023";"1400";"";"";"";"";"";"";"";"";"";"";"";"";"";"";"";"";""
"10/08/2023";"1500";"";"";"";"";"";"";"";"";"";"";"";"";"";"";"";"";""
"10/08/2023";"1600";"";"";"";"";"";"";"";"";"";"";"";"";"";"";"";"";""
"10/08/2023";"1700";"";"";"";"";"";"";"";"";"";"";"";"";"";"";"";"";""
"10/08/2023";"1800";"";"";"";"";"";"";"";"";"";"";"";"";"";"";"";"";""
"10/08/2023";"1900";"";"";"";"";"";"";"";"";"";"";"";"";"";"";"";"";""
"10/08/2023";"2000";"";"";"";"";"";"";"";"";"";"";"";"";"";"";"";"";""
"10/08/2023";"2100";"";"";"";"";"";"";"";"";"";"";"";"";"";"";"";"";""
"10/08/2023";"2200";"";"";"";"";"";"";"";"";"";"";"";"";"";"";"";"";""
"10/08/2023";"2300";"";"";"";"";"";"";"";"";"";"";"";"";"";"";"";"";""
"11/08/2023";"0000";"";"";"";"";"";"";"";"";"";"";"";"";"";"";"";"";""
"11/08/2023";"0100";"";"";"";"";"";"";"";"";"";"";"";"";"";"";"";"";""
"11/08/2023";"0200";"";"";"";"";"";"";"";"";"";"";"";"";"";"";"";"";""
"11/08/2023";"0300";"";"";"";"";"";"";"";"";"";"";"";"";"";"";"";"";""
"11/08/2023";"0400";"";"";"";"";"";"";"";"";"";"";"";"";"";"";"";"";""
"11/08/2023";"0500";"";"";"";"";"";"";"";"";"";"";"";"";"";"";"";"";""
"11/08/2023";"0600";"";"";"";"";"";"";"";"";"";"";"";"";"";"";"";"";""
"11/08/2023";"0700";"";"";"";"";"";"";"";"";"";"";"";"";"";"";"";"";""
"11/08/2023";"0800";"";"";"";"";"";"";"";"";"";"";"";"";"";"";"";"";""
"11/08/2023";"0900";"";"";"";"";"";"";"";"";"";"";"";"";"";"";"";"";""
"11/08/2023";"1000";"";"";"";"";"";"";"";"";"";"";"";"";"";"";"";"";""
"11/08/2023";"1100";"";"";"";"";"";"";"";"";"";"";"";"";"";"";"";"";""
"11/08/2023";"1200";"";"";"";"";"";"";"";"";"";"";"";"";"";"";"";"";""
"11/08/2023";"1300";"";"";"";"";"";"";"";"";"";"";"";"";"";"";"";"";""
"11/08/2023";"1400";"";"";"";"";"";"";"";"";"";"";"";"";"";"";"";"";""
"11/08/2023";"1500";"";"";"";"";"";"";"";"";"";"";"";"";"";"";"";"";""
"11/08/2023";"1600";"";"";"";"";"";"";"";"";"";"";"";"";"";"";"";"";""
"11/08/2023";"1700";"";"";"";"";"";"";"";"";"";"";"";"";"";"";"";"";""
"11/08/2023";"1800";"";"";"";"";"";"";"";"";"";"";"";"";"";"";"";"";""
"11/08/2023";"1900";"";"";"";"";"";"";"";"";"";"";"";"";"";"";"";"";""
"11/08/2023";"2000";"";"";"";"";"";"";"";"";"";"";"";"";"";"";"";"";""
"11/08/2023";"2100";"";"";"";"";"";"";"";"";"";"";"";"";"";"";"";"";""
"11/08/2023";"2200";"";"";"";"";"";"";"";"";"";"";"";"";"";"";"";"";""
"11/08/2023";"2300";"";"";"";"";"";"";"";"";"";"";"";"";"";"";"";"";""
"12/08/2023";"0000";"";"";"";"";"";"";"";"";"";"";"";"";"";"";"";"";""
"12/08/2023";"0100";"";"";"";"";"";"";"";"";"";"";"";"";"";"";"";"";""
"12/08/2023";"0200";"";"";"";"";"";"";"";"";"";"";"";"";"";"";"";"";""
"12/08/2023";"0300";"";"";"";"";"";"";"";"";"";"";"";"";"";"";"";"";""
"12/08/2023";"0400";"";"";"";"";"";"";"";"";"";"";"";"";"";"";"";"";""
"12/08/2023";"0500";"";"";"";"";"";"";"";"";"";"";"";"";"";"";"";"";""
"12/08/2023";"0600";"";"";"";"";"";"";"";"";"";"";"";"";"";"";"";"";""
"12/08/2023";"0700";"";"";"";"";"";"";"";"";"";"";"";"";"";"";"";"";""
"12/08/2023";"0800";"";"";"";"";"";"";"";"";"";"";"";"";"";"";"";"";""
"12/08/2023";"0900";"";"";"";"";"";"";"";"";"";"";"";"";"";"";"";"";""
"12/08/2023";"1000";"";"";"";"";"";"";"";"";"";"";"";"";"";"";"";"";""
"12/08/2023";"1100";"";"";"";"";"";"";"";"";"";"";"";"";"";"";"";"";""
"12/08/2023";"1200";"";"";"";"";"";"";"";"";"";"";"";"";"";"";"";"";""
"12/08/2023";"1300";"";"";"";"";"";"";"";"";"";"";"";"";"";"";"";"";""
"12/08/2023";"1400";"";"";"";"";"";"";"";"";"";"";"";"";"";"";"";"";""
"12/08/2023";"1500";"";"";"";"";"";"";"";"";"";"";"";"";"";"";"";"";""
"12/08/2023";"1600";"";"";"";"";"";"";"";"";"";"";"";"";"";"";"";"";""
"12/08/2023";"1700";"";"";"";"";"";"";"";"";"";"";"";"";"";"";"";"";""
"12/08/2023";"1800";"";"";"";"";"";"";"";"";"";"";"";"";"";"";"";"";""
"12/08/2023";"1900";"";"";"";"";"";"";"";"";"";"";"";"";"";"";"";"";""
"12/08/2023";"2000";"";"";"";"";"";"";"";"";"";"";"";"";"";"";"";"";""
"12/08/2023";"2100";"";"";"";"";"";"";"";"";"";"";"";"";"";"";"";"";""
"12/08/2023";"2200";"";"";"";"";"";"";"";"";"";"";"";"";"";"";"";"";""
"12/08/2023";"2300";"";"";"";"";"";"";"";"";"";"";"";"";"";"";"";"";""
"13/08/2023";"0000";"";"";"";"";"";"";"";"";"";"";"";"";"";"";"";"";""
"13/08/2023";"0100";"";"";"";"";"";"";"";"";"";"";"";"";"";"";"";"";""
"13/08/2023";"0200";"";"";"";"";"";"";"";"";"";"";"";"";"";"";"";"";""
"13/08/2023";"0300";"";"";"";"";"";"";"";"";"";"";"";"";"";"";"";"";""
"13/08/2023";"0400";"";"";"";"";"";"";"";"";"";"";"";"";"";"";"";"";""
"13/08/2023";"0500";"";"";"";"";"";"";"";"";"";"";"";"";"";"";"";"";""
"13/08/2023";"0600";"";"";"";"";"";"";"";"";"";"";"";"";"";"";"";"";""
"13/08/2023";"0700";"";"";"";"";"";"";"";"";"";"";"";"";"";"";"";"";""
"13/08/2023";"0800";"";"";"";"";"";"";"";"";"";"";"";"";"";"";"";"";""
"13/08/2023";"0900";"";"";"";"";"";"";"";"";"";"";"";"";"";"";"";"";""
"13/08/2023";"1000";"";"";"";"";"";"";"";"";"";"";"";"";"";"";"";"";""
"13/08/2023";"1100";"";"";"";"";"";"";"";"";"";"";"";"";"";"";"";"";""
"13/08/2023";"1200";"";"";"";"";"";"";"";"";"";"";"";"";"";"";"";"";""
"13/08/2023";"1300";"";"";"";"";"";"";"";"";"";"";"";"";"";"";"";"";""
"13/08/2023";"1400";"";"";"";"";"";"";"";"";"";"";"";"";"";"";"";"";""
"13/08/2023";"1500";"";"";"";"";"";"";"";"";"";"";"";"";"";"";"";"";""
"13/08/2023";"1600";"";"";"";"";"";"";"";"";"";"";"";"";"";"";"";"";""
"13/08/2023";"1700";"";"";"";"";"";"";"";"";"";"";"";"";"";"";"";"";""
"13/08/2023";"1800";"";"";"";"";"";"";"";"";"";"";"";"";"";"";"";"";""
"13/08/2023";"1900";"";"";"";"";"";"";"";"";"";"";"";"";"";"";"";"";""
"13/08/2023";"2000";"";"";"";"";"";"";"";"";"";"";"";"";"";"";"";"";""
"13/08/2023";"2100";"";"";"";"";"";"";"";"";"";"";"";"";"";"";"";"";""
"13/08/2023";"2200";"";"";"";"";"";"";"";"";"";"";"";"";"";"";"";"";""
"13/08/2023";"2300";"";"";"";"";"";"";"";"";"";"";"";"";"";"";"";"";""
"14/08/2023";"0000";"";"";"";"";"";"";"";"";"";"";"";"";"";"";"";"";""
"14/08/2023";"0100";"";"";"";"";"";"";"";"";"";"";"";"";"";"";"";"";""
"14/08/2023";"0200";"";"";"";"";"";"";"";"";"";"";"";"";"";"";"";"";""
"14/08/2023";"0300";"";"";"";"";"";"";"";"";"";"";"";"";"";"";"";"";""
"14/08/2023";"0400";"";"";"";"";"";"";"";"";"";"";"";"";"";"";"";"";""
"14/08/2023";"0500";"";"";"";"";"";"";"";"";"";"";"";"";"";"";"";"";""
"14/08/2023";"0600";"";"";"";"";"";"";"";"";"";"";"";"";"";"";"";"";""
"14/08/2023";"0700";"";"";"";"";"";"";"";"";"";"";"";"";"";"";"";"";""
"14/08/2023";"0800";"";"";"";"";"";"";"";"";"";"";"";"";"";"";"";"";""
"14/08/2023";"0900";"";"";"";"";"";"";"";"";"";"";"";"";"";"";"";"";""
"14/08/2023";"1000";"";"";"";"";"";"";"";"";"";"";"";"";"";"";"";"";""
"14/08/2023";"1100";"";"";"";"";"";"";"";"";"";"";"";"";"";"";"";"";""
"14/08/2023";"1200";"";"";"";"";"";"";"";"";"";"";"";"";"";"";"";"";""
"14/08/2023";"1300";"";"";"";"";"";"";"";"";"";"";"";"";"";"";"";"";""
"14/08/2023";"1400";"";"";"";"";"";"";"";"";"";"";"";"";"";"";"";"";""
"14/08/2023";"1500";"";"";"";"";"";"";"";"";"";"";"";"";"";"";"";"";""
"14/08/2023";"1600";"";"";"";"";"";"";"";"";"";"";"";"";"";"";"";"";""
"14/08/2023";"1700";"";"";"";"";"";"";"";"";"";"";"";"";"";"";"";"";""
"14/08/2023";"1800";"";"";"";"";"";"";"";"";"";"";"";"";"";"";"";"";""
"14/08/2023";"1900";"";"";"";"";"";"";"";"";"";"";"";"";"";"";"";"";""
"14/08/2023";"2000";"";"";"";"";"";"";"";"";"";"";"";"";"";"";"";"";""
"14/08/2023";"2100";"";"";"";"";"";"";"";"";"";"";"";"";"";"";"";"";""
"14/08/2023";"2200";"";"";"";"";"";"";"";"";"";"";"";"";"";"";"";"";""
"14/08/2023";"2300";"";"";"";"";"";"";"";"";"";"";"";"";"";"";"";"";""
"15/08/2023";"0000";"";"";"";"";"";"";"";"";"";"";"";"";"";"";"";"";""
"15/08/2023";"0100";"";"";"";"";"";"";"";"";"";"";"";"";"";"";"";"";""
"15/08/2023";"0200";"";"";"";"";"";"";"";"";"";"";"";"";"";"";"";"";""
"15/08/2023";"0300";"";"";"";"";"";"";"";"";"";"";"";"";"";"";"";"";""
"15/08/2023";"0400";"";"";"";"";"";"";"";"";"";"";"";"";"";"";"";"";""
"15/08/2023";"0500";"";"";"";"";"";"";"";"";"";"";"";"";"";"";"";"";""
"15/08/2023";"0600";"";"";"";"";"";"";"";"";"";"";"";"";"";"";"";"";""
"15/08/2023";"0700";"";"";"";"";"";"";"";"";"";"";"";"";"";"";"";"";""
"15/08/2023";"0800";"";"";"";"";"";"";"";"";"";"";"";"";"";"";"";"";""
"15/08/2023";"0900";"";"";"";"";"";"";"";"";"";"";"";"";"";"";"";"";""
"15/08/2023";"1000";"";"";"";"";"";"";"";"";"";"";"";"";"";"";"";"";""
"15/08/2023";"1100";"";"";"";"";"";"";"";"";"";"";"";"";"";"";"";"";""
"15/08/2023";"1200";"";"";"";"";"";"";"";"";"";"";"";"";"";"";"";"";""
"15/08/2023";"1300";"";"";"";"";"";"";"";"";"";"";"";"";"";"";"";"";""
"15/08/2023";"1400";"";"";"";"";"";"";"";"";"";"";"";"";"";"";"";"";""
"15/08/2023";"1500";"";"";"";"";"";"";"";"";"";"";"";"";"";"";"";"";""
"15/08/2023";"1600";"";"";"";"";"";"";"";"";"";"";"";"";"";"";"";"";""
"15/08/2023";"1700";"";"";"";"";"";"";"";"";"";"";"";"";"";"";"";"";""
"15/08/2023";"1800";"";"";"";"";"";"";"";"";"";"";"";"";"";"";"";"";""
"15/08/2023";"1900";"";"";"";"";"";"";"";"";"";"";"";"";"";"";"";"";""
"15/08/2023";"2000";"";"";"";"";"";"";"";"";"";"";"";"";"";"";"";"";""
"15/08/2023";"2100";"";"";"";"";"";"";"";"";"";"";"";"";"";"";"";"";""
"15/08/2023";"2200";"";"";"";"";"";"";"";"";"";"";"";"";"";"";"";"";""
"15/08/2023";"2300";"";"";"";"";"";"";"";"";"";"";"";"";"";"";"";"";""
"16/08/2023";"0000";"";"";"";"";"";"";"";"";"";"";"";"";"";"";"";"";""
"16/08/2023";"0100";"";"";"";"";"";"";"";"";"";"";"";"";"";"";"";"";""
"16/08/2023";"0200";"";"";"";"";"";"";"";"";"";"";"";"";"";"";"";"";""
"16/08/2023";"0300";"";"";"";"";"";"";"";"";"";"";"";"";"";"";"";"";""
"16/08/2023";"0400";"";"";"";"";"";"";"";"";"";"";"";"";"";"";"";"";""
"16/08/2023";"0500";"";"";"";"";"";"";"";"";"";"";"";"";"";"";"";"";""
"16/08/2023";"0600";"";"";"";"";"";"";"";"";"";"";"";"";"";"";"";"";""
"16/08/2023";"0700";"";"";"";"";"";"";"";"";"";"";"";"";"";"";"";"";""
"16/08/2023";"0800";"";"";"";"";"";"";"";"";"";"";"";"";"";"";"";"";""
"16/08/2023";"0900";"";"";"";"";"";"";"";"";"";"";"";"";"";"";"";"";""
"16/08/2023";"1000";"";"";"";"";"";"";"";"";"";"";"";"";"";"";"";"";""
"16/08/2023";"1100";"";"";"";"";"";"";"";"";"";"";"";"";"";"";"";"";""
"16/08/2023";"1200";"";"";"";"";"";"";"";"";"";"";"";"";"";"";"";"";""
"16/08/2023";"1300";"";"";"";"";"";"";"";"";"";"";"";"";"";"";"";"";""
"16/08/2023";"1400";"";"";"";"";"";"";"";"";"";"";"";"";"";"";"";"";""
"16/08/2023";"1500";"";"";"";"";"";"";"";"";"";"";"";"";"";"";"";"";""
"16/08/2023";"1600";"";"";"";"";"";"";"";"";"";"";"";"";"";"";"";"";""
"16/08/2023";"1700";"";"";"";"";"";"";"";"";"";"";"";"";"";"";"";"";""
"16/08/2023";"1800";"";"";"";"";"";"";"";"";"";"";"";"";"";"";"";"";""
"16/08/2023";"1900";"29,4";"31,1";"29,3";"49,0";"49,0";"41,0";"17,7";"17,7";"15,9";"1008,4";"1009,4";"1008,2";"5,1";"59,0";"9,2";"1195,40";"46,8"
"16/08/2023";"2000";"";"";"";"";"";"";"";"";"";"";"";"";"";"";"";"";""
"16/08/2023";"2100";"";"";"";"";"";"";"";"";"";"";"";"";"";"";"";"";""
"16/08/2023";"2200";"";"";"";"";"";"";"";"";"";"";"";"";"";"";"";"";""
"16/08/2023";"2300";"26,4";"";"";"71,0";"";"";"20,7";"";"";"1010,4";"";"";"2,6";"66,0";"";"";"0,0"
"17/08/2023";"0000";"26,4";"26,5";"26,4";"67,0";"71,0";"67,0";"19,7";"20,8";"19,7";"1011,5";"1011,5";"1010,4";"2,9";"88,0";"5,1";"";"0,0"
"17/08/2023";"0100";"26,3";"26,4";"26,1";"57,0";"67,0";"57,0";"17,1";"19,6";"17,1";"1011,9";"1012,0";"1011,5";"3,7";"99,0";"7,3";"";"0,0"
"17/08/2023";"0200";"25,8";"26,3";"25,8";"59,0";"59,0";"57,0";"17,0";"17,1";"17,0";"1012,4";"1013,5";"1011,9";"3,5";"102,0";"7,3";"";"0,0"
"17/08/2023";"0300";"25,0";"25,8";"25,0";"60,0";"60,0";"59,0";"16,6";"17,0";"16,6";"1012,6";"1013,3";"1011,6";"2,2";"109,0";"6,9";"";"0,0"
"17/08/2023";"0400";"24,6";"25,1";"24,6";"59,0";"60,0";"57,0";"16,0";"16,6";"16,0";"1011,1";"1012,6";"1011,1";"1,9";"122,0";"7,0";"";"0,0"
"17/08/2023";"0500";"23,3";"24,6";"23,3";"63,0";"63,0";"59,0";"15,8";"16,0";"15,8";"1010,5";"1013,5";"1010,5";"1,5";"143,0";"4,8";"";"0,0"
"17/08/2023";"0600";"22,3";"23,3";"22,3";"66,0";"66,0";"62,0";"15,7";"15,8";"15,6";"1010,3";"1010,6";"1010,3";"1,0";"150,0";"3,4";"";"0,0"
"17/08/2023";"0700";"20,9";"22,3";"20,9";"73,0";"73,0";"66,0";"16,0";"16,0";"15,6";"1010,7";"1011,6";"1010,3";"0,7";"134,0";"2,1";"";"0,0"
"17/08/2023";"0800";"20,8";"21,1";"20,1";"76,0";"77,0";"73,0";"16,3";"16,4";"15,8";"1013,1";"1013,1";"1010,7";"1,0";"127,0";"2,5";"";"0,0"
"17/08/2023";"0900";"20,8";"21,1";"20,5";"77,0";"77,0";"75,0";"16,5";"16,6";"16,2";"1013,1";"1013,2";"1012,4";"0,7";"139,0";"2,7";"20,30";"0,0"
"17/08/2023";"1000";"25,5";"25,5";"20,8";"59,0";"77,0";"59,0";"17,0";"17,1";"16,6";"1011,7";"1013,4";"1011,5";"3,0";"147,0";"7,3";"449,60";"0,0"
"17/08/2023";"1100";"27,4";"27,5";"25,5";"54,0";"60,0";"53,0";"17,2";"17,3";"16,8";"1012,5";"1013,3";"1011,8";"3,2";"134,0";"7,4";"1187,40";"0,0"
"17/08/2023";"1200";"30,1";"31,7";"27,2";"59,0";"70,0";"42,0";"21,3";"25,0";"16,7";"1012,5";"1013,1";"1012,3";"4,4";"109,0";"9,0";"1896,10";"0,0"
"17/08/2023";"1300";"30,2";"32,8";"29,3";"43,0";"59,0";"36,0";"16,2";"20,3";"14,7";"1012,1";"1013,7";"1012,0";"3,9";"109,0";"9,6";"2292,80";"2,8"
"17/08/2023";"1400";"32,1";"";"";"40,0";"";"";"16,7";"";"";"1011,4";"";"";"";"";"";"1559,10";"0,0"
"17/08/2023";"1500";"32,3";"33,4";"31,1";"42,0";"43,0";"35,0";"17,8";"18,0";"15,8";"1010,2";"1013,5";"1010,2";"";"";"";"2385,70";"0,0"
"17/08/2023";"1600";"32,2";"32,9";"31,2";"44,0";"47,0";"42,0";"18,3";"18,9";"17,9";"1009,4";"1010,6";"1009,3";"";"";"";"2602,90";"0,0"
"17/08/2023";"1700";"31,9";"32,6";"31,4";"46,0";"46,0";"43,0";"18,8";"19,1";"18,1";"1008,7";"1011,7";"1008,6";"5,2";"56,0";"";"2450,90";"0,0"
"17/08/2023";"1800";"30,5";"32,0";"30,3";"55,0";"55,0";"45,0";"20,4";"20,4";"18,3";"1008,2";"1008,7";"1008,2";"5,1";"52,0";"9,6";"1930,40";"2,6"
"17/08/2023";"1900";"29,4";"30,7";"29,0";"61,0";"63,0";"53,0";"21,2";"21,3";"20,0";"1008,2";"1008,2";"1008,0";"4,7";"49,0";"9,5";"1260,00";"0,0"
"17/08/2023";"2000";"28,0";"29,7";"28,0";"69,0";"69,0";"59,0";"21,7";"21,7";"20,7";"1008,5";"1008,5";"1008,2";"4,4";"47,0";"9,2";"532,00";"0,0"
"17/08/2023";"2100";"26,8";"28,0";"26,8";"77,0";"77,0";"69,0";"22,4";"22,4";"21,7";"1008,9";"1008,9";"1008,5";"3,2";"50,0";"8,5";"46,70";"0,0"
"17/08/2023";"2200";"26,6";"26,8";"26,5";"80,0";"80,0";"77,0";"22,8";"22,8";"22,4";"1009,3";"1009,3";"1008,9";"3,0";"53,0";"6,0";"";"0,0"
"17/08/2023";"2300";"26,6";"26,7";"26,5";"82,0";"82,0";"79,0";"23,2";"23,2";"22,8";"1009,8";"1009,8";"1009,3";"3,0";"65,0";"6,5";"";"0,0"
"18/08/2023";"0000";"26,7";"26,9";"26,5";"78,0";"82,0";"78,0";"22,6";"23,3";"22,6";"1010,5";"1010,5";"1009,8";"4,4";"72,0";"8,5";"";"0,0"
"18/08/2023";"0100";"26,4";"26,7";"26,4";"71,0";"78,0";"71,0";"20,8";"22,6";"20,8";"1011,1";"1011,1";"1010,5";"3,0";"78,0";"7,9";"";"0,0"
"18/08/2023";"0200";"25,7";"26,4";"25,7";"70,0";"72,0";"70,0";"19,9";"20,8";"19,9";"1011,1";"1011,2";"1011,1";"2,6";"90,0";"5,2";"";"0,0"
"18/08/2023";"0300";"24,8";"25,7";"24,8";"73,0";"73,0";"70,0";"19,6";"19,8";"19,5";"1010,8";"1011,1";"1010,8";"2,4";"91,0";"4,7";"";"0,0"
"18/08/2023";"0400";"24,2";"24,8";"24,2";"74,0";"75,0";"73,0";"19,4";"19,6";"19,4";"1010,4";"1010,8";"1010,4";"2,6";"91,0";"4,8";"";"0,0"
"18/08/2023";"0500";"23,6";"24,2";"23,6";"73,0";"75,0";"73,0";"18,4";"19,4";"18,4";"1010,0";"1010,4";"1010,0";"2,2";"88,0";"4,4";"";"0,0"
"18/08/2023";"0600";"22,5";"23,6";"22,4";"77,0";"77,0";"73,0";"18,2";"18,4";"18,2";"1009,8";"1010,0";"1009,8";"1,6";"94,0";"4,3";"";"0,0"
"18/08/2023";"0700";"22,1";"22,5";"22,1";"79,0";"79,0";"77,0";"18,3";"18,4";"18,2";"1009,7";"1009,8";"1009,6";"1,3";"112,0";"2,8";"";"0,0"
"18/08/2023";"0800";"21,4";"22,2";"20,8";"82,0";"85,0";"79,0";"18,3";"18,4";"17,9";"1009,7";"1009,9";"1009,7";"0,8";"98,0";"2,6";"";"0,0"
"18/08/2023";"0900";"22,4";"22,4";"21,4";"80,0";"82,0";"80,0";"18,9";"18,9";"18,2";"1010,0";"1010,0";"1009,7";"0,9";"108,0";"3,3";"21,00";"0,0"
"18/08/2023";"1000";"25,4";"25,4";"22,4";"70,0";"80,0";"70,0";"19,5";"19,5";"18,8";"1010,5";"1010,5";"1010,0";"2,4";"122,0";"5,2";"441,90";"0,0"
"18/08/2023";"1100";"27,6";"27,7";"25,4";"60,0";"70,0";"60,0";"19,3";"19,8";"19,2";"1011,1";"1013,4";"1010,5";"3,8";"107,0";"8,2";"1180,80";"0,0"
"18/08/2023";"1200";"29,5";"29,9";"27,6";"48,0";"61,0";"47,0";"17,3";"19,5";"17,2";"1011,0";"1011,2";"1011,0";"3,9";"114,0";"7,8";"1891,60";"0,0"
"18/08/2023";"1300";"30,9";"31,5";"29,5";"41,0";"48,0";"40,0";"16,3";"17,5";"15,7";"1010,8";"1011,1";"1010,8";"3,0";"120,0";"7,8";"2433,60";"0,0"
"18/08/2023";"1400";"31,7";"32,2";"30,9";"42,0";"46,0";"39,0";"17,3";"18,2";"15,9";"1010,1";"1010,8";"1010,1";"3,9";"73,0";"7,3";"2725,30";"0,0"
"18/08/2023";"1500";"32,8";"32,9";"31,3";"42,0";"44,0";"39,0";"18,3";"18,3";"16,4";"1008,8";"1011,1";"1008,8";"3,2";"66,0";"7,8";"2842,00";"0,0"
"18/08/2023";"1600";"32,5";"33,5";"31,7";"40,0";"45,0";"39,0";"17,2";"18,8";"16,9";"1009,8";"1009,8";"1007,8";"3,4";"50,0";"7,9";"2699,10";"0,0"
"18/08/2023";"1700";"32,5";"33,4";"31,8";"42,0";"43,0";"39,0";"17,9";"17,9";"16,9";"1007,0";"1009,8";"1007,0";"4,7";"45,0";"9,5";"2402,00";"0,0"
"18/08/2023";"1800";"31,2";"32,7";"30,7";"52,0";"52,0";"40,0";"20,1";"20,1";"17,0";"1006,6";"1007,0";"1006,6";"4,8";"53,0";"9,5";"1924,60";"0,0"
"18/08/2023";"1900";"28,9";"31,2";"28,9";"64,0";"65,0";"52,0";"21,4";"21,6";"19,7";"1006,7";"1006,7";"1006,6";"5,0";"53,0";"9,4";"1265,60";"0,0"
"18/08/2023";"2000";"27,7";"29,1";"27,6";"69,0";"69,0";"64,0";"21,5";"22,0";"21,3";"1007,0";"1008,0";"1006,7";"4,0";"51,0";"9,4";"544,50";"0,0"
"18/08/2023";"2100";"26,4";"27,7";"26,4";"81,0";"81,0";"69,0";"23,0";"23,0";"21,5";"1007,4";"1007,4";"1007,0";"4,5";"48,0";"8,8";"48,20";"0,0"
"18/08/2023";"2200";"26,3";"26,5";"26,3";"82,0";"83,0";"81,0";"23,0";"23,1";"22,9";"1007,8";"1008,6";"1007,3";"4,1";"49,0";"8,9";"";"0,0"
"18/08/2023";"2300";"26,4";"26,4";"26,3";"83,0";"83,0";"82,0";"23,2";"23,3";"23,0";"1008,2";"1008,2";"1007,8";"4,9";"57,0";"10,0";"";"0,0"
"19/08/2023";"0000";"26,3";"26,5";"26,3";"83,0";"83,0";"82,0";"23,1";"23,2";"23,0";"1008,9";"1008,9";"1008,2";"4,1";"69,0";"10,2";"";"0,0"
"19/08/2023";"0100";"26,2";"26,4";"26,2";"80,0";"83,0";"80,0";"22,5";"23,2";"22,5";"1009,5";"1009,5";"1008,9";"5,1";"75,0";"10,7";"";"0,0"
"19/08/2023";"0200";"25,9";"26,2";"25,9";"80,0";"81,0";"80,0";"22,3";"22,5";"22,3";"1009,7";"1009,8";"1009,5";"4,6";"78,0";"9,3";"";"0,0"
"19/08/2023";"0300";"25,6";"25,9";"25,6";"79,0";"80,0";"78,0";"21,6";"22,3";"21,6";"1009,4";"1009,8";"1009,4";"4,5";"86,0";"9,1";"";"0,0"
"19/08/2023";"0400";"24,8";"25,6";"24,8";"81,0";"81,0";"79,0";"21,4";"21,6";"21,4";"1008,7";"1009,4";"1008,7";"1,9";"92,0";"7,6";"";"0,0"
"19/08/2023";"0500";"24,4";"24,8";"24,4";"81,0";"81,0";"80,0";"20,9";"21,4";"20,9";"1008,3";"1008,7";"1008,3";"1,4";"96,0";"4,5";"";"0,0"
"19/08/2023";"0600";"24,5";"24,7";"24,4";"80,0";"81,0";"79,0";"20,8";"20,9";"20,8";"1008,6";"1008,6";"1008,3";"1,8";"92,0";"4,6";"";"0,0"
"19/08/2023";"0700";"24,4";"24,7";"24,4";"80,0";"80,0";"78,0";"20,6";"20,8";"20,6";"1008,7";"1008,7";"1008,5";"2,2";"77,0";"4,1";"";"0,0"
"19/08/2023";"0800";"23,7";"24,4";"23,6";"82,0";"83,0";"79,0";"20,4";"20,6";"20,4";"1008,9";"1009,0";"1008,7";"1,5";"95,0";"3,4";"";"0,0"
"19/08/2023";"0900";"23,5";"23,7";"22,8";"84,0";"86,0";"82,0";"20,6";"20,6";"20,3";"1009,3";"1009,3";"1008,9";"1,7";"85,0";"3,0";"22,40";"0,0"
"19/08/2023";"1000";"25,6";"25,9";"23,5";"74,0";"84,0";"73,0";"20,7";"20,9";"20,5";"1009,9";"1009,9";"1009,3";"3,5";"92,0";"6,1";"409,40";"0,0"
"19/08/2023";"1100";"26,9";"27,0";"25,6";"69,0";"75,0";"69,0";"20,8";"21,0";"20,6";"1010,7";"1010,7";"1009,9";"3,1";"96,0";"6,5";"724,60";"0,0"
"19/08/2023";"1200";"28,7";"28,8";"26,8";"62,0";"70,0";"62,0";"20,7";"21,2";"20,6";"1010,7";"1010,8";"1010,6";"4,2";"99,0";"8,2";"1200,70";"0,0"
"19/08/2023";"1300";"28,9";"29,3";"28,2";"63,0";"64,0";"60,0";"21,2";"21,2";"20,5";"1010,7";"1010,9";"1010,7";"4,2";"101,0";"8,8";"1080,00";"0,0"
"19/08/2023";"1400";"27,0";"29,9";"27,0";"75,0";"75,0";"60,0";"22,1";"22,3";"20,7";"1010,4";"1010,8";"1010,3";"4,3";"100,0";"8,5";"1264,40";"0,2"
"19/08/2023";"1500";"27,8";"27,8";"25,8";"71,0";"86,0";"71,0";"22,1";"24,2";"21,9";"1010,0";"1010,5";"1009,9";"4,8";"86,0";"9,1";"1257,50";"0,8"
"19/08/2023";"1600";"26,8";"28,2";"25,4";"75,0";"86,0";"68,0";"22,0";"23,3";"21,2";"1009,3";"1010,7";"1009,3";"4,1";"69,0";"8,8";"1197,40";"0,0"
"19/08/2023";"1700";"29,4";"30,2";"26,8";"60,0";"76,0";"58,0";"20,8";"22,5";"20,6";"1008,5";"1009,3";"1008,4";"4,5";"63,0";"9,6";"1759,40";"0,0"
"19/08/2023";"1800";"28,8";"29,5";"28,2";"63,0";"67,0";"59,0";"21,0";"21,6";"20,6";"1008,0";"1008,5";"1007,9";"5,0";"52,0";"9,8";"1092,20";"0,0"
"19/08/2023";"1900";"28,5";"28,8";"28,0";"63,0";"69,0";"60,0";"20,7";"22,2";"20,1";"1008,1";"1008,1";"1007,8";"5,2";"57,0";"11,0";"951,90";"0,0"
"19/08/2023";"2000";"27,4";"28,8";"27,4";"68,0";"68,0";"58,0";"20,9";"21,0";"19,7";"1008,6";"1008,6";"1008,1";"5,2";"67,0";"10,3";"465,80";"0,0"
"19/08/2023";"2100";"26,3";"27,4";"26,2";"79,0";"79,0";"68,0";"22,3";"22,3";"21,0";"1008,9";"1008,9";"1008,6";"3,3";"69,0";"9,1";"46,20";"0,0"
"19/08/2023";"2200";"26,0";"26,3";"25,9";"78,0";"80,0";"75,0";"21,8";"22,4";"21,3";"1009,4";"1009,4";"1008,9";"2,9";"73,0";"7,7";"";"0,0"
"19/08/2023";"2300";"24,4";"26,0";"24,4";"88,0";"88,0";"77,0";"22,2";"22,3";"21,7";"1010,3";"1010,3";"1009,4";"2,2";"84,0";"8,3";"";"0,0"
"20/08/2023";"0000";"24,3";"24,5";"24,1";"86,0";"88,0";"85,0";"21,8";"22,3";"21,7";"1011,0";"1011,0";"1010,3";"2,2";"92,0";"7,1";"";"0,0"
"20/08/2023";"0100";"24,2";"24,6";"24,2";"87,0";"88,0";"85,0";"21,8";"22,1";"21,8";"1011,1";"1011,2";"1011,0";"1,6";"99,0";"6,0";"";"0,0"
"20/08/2023";"0200";"23,7";"24,2";"23,5";"88,0";"88,0";"87,0";"21,5";"21,8";"21,3";"1010,9";"1011,1";"1010,9";"1,0";"113,0";"2,6";"";"0,0"
"20/08/2023";"0300";"23,8";"23,8";"23,6";"90,0";"90,0";"88,0";"22,0";"22,0";"21,6";"1010,5";"1010,9";"1010,5";"2,0";"108,0";"3,9";"";"0,0"
"20/08/2023";"0400";"23,6";"23,8";"23,4";"89,0";"90,0";"89,0";"21,8";"22,0";"21,7";"1009,8";"1010,5";"1009,8";"1,7";"103,0";"4,0";"";"0,0"
"20/08/2023";"0500";"23,9";"24,0";"23,6";"87,0";"89,0";"87,0";"21,6";"21,8";"21,6";"1009,4";"1009,8";"1009,4";"1,8";"106,0";"4,2";"";"0,0"
"20/08/2023";"0600";"23,6";"23,9";"23,6";"89,0";"89,0";"87,0";"21,6";"21,7";"21,6";"1009,4";"1009,4";"1009,3";"1,1";"133,0";"3,6";"";"0,0"
"20/08/2023";"0700";"23,2";"23,6";"23,1";"90,0";"91,0";"89,0";"21,4";"21,6";"21,4";"1009,2";"1009,4";"1009,2";"0,9";"119,0";"2,7";"";"0,0"
"20/08/2023";"0800";"21,5";"23,2";"21,5";"94,0";"95,0";"90,0";"20,6";"21,4";"20,5";"1009,2";"1009,3";"1009,2";"0,3";"143,0";"2,3";"";"0,0"
"20/08/2023";"0900";"21,2";"21,5";"21,2";"95,0";"96,0";"94,0";"20,3";"20,8";"20,3";"1009,6";"1009,6";"1009,2";"0,5";"141,0";"1,3";"25,40";"0,0"
"20/08/2023";"1000";"25,0";"25,0";"21,2";"81,0";"95,0";"81,0";"21,5";"21,7";"20,4";"1010,1";"1011,3";"1009,6";"1,1";"129,0";"2,5";"486,90";"0,0"
"20/08/2023";"1100";"28,5";"28,5";"25,0";"60,0";"81,0";"59,0";"19,8";"21,6";"19,4";"1010,5";"1010,5";"1010,1";"3,8";"103,0";"6,0";"1230,10";"0,0"
"20/08/2023";"1200";"29,9";"30,4";"28,5";"55,0";"59,0";"55,0";"20,0";"20,4";"19,3";"1010,8";"1010,8";"1010,4";"4,2";"88,0";"7,6";"1892,10";"0,0"
"20/08/2023";"1300";"29,8";"30,5";"29,2";"58,0";"58,0";"54,0";"20,6";"20,6";"19,8";"1010,6";"1010,9";"1010,5";"3,6";"103,0";"7,6";"1937,60";"0,0"
"20/08/2023";"1400";"29,6";"31,1";"29,2";"62,0";"63,0";"54,0";"21,7";"21,7";"20,2";"1010,3";"1010,6";"1010,3";"3,8";"82,0";"10,8";"1682,40";"0,0"
"20/08/2023";"1500";"29,9";"30,6";"29,5";"60,0";"62,0";"58,0";"21,2";"21,6";"20,9";"1009,2";"1010,3";"1009,2";"4,4";"72,0";"8,4";"1787,60";"0,0"
"20/08/2023";"1600";"31,3";"31,5";"29,9";"54,0";"60,0";"53,0";"20,9";"21,7";"20,2";"1008,3";"1009,2";"1008,3";"4,2";"57,0";"9,4";"1948,80";"0,0"
"20/08/2023";"1700";"30,3";"31,7";"29,8";"57,0";"57,0";"52,0";"20,8";"21,0";"20,2";"1007,6";"1008,3";"1007,6";"5,4";"57,0";"9,4";"2168,20";"0,0"
"20/08/2023";"1800";"28,7";"30,7";"28,7";"67,0";"67,0";"57,0";"21,9";"22,1";"20,7";"1007,3";"1007,6";"1007,3";"5,3";"57,0";"10,2";"1776,80";"0,0"
"20/08/2023";"1900";"28,3";"29,3";"28,3";"68,0";"68,0";"65,0";"21,8";"22,3";"21,6";"1007,4";"1007,4";"1007,1";"4,7";"64,0";"10,2";"898,10";"0,0"
"20/08/2023";"2000";"27,4";"28,3";"27,1";"77,0";"78,0";"68,0";"22,9";"23,0";"21,9";"1007,7";"1007,7";"1007,3";"4,8";"61,0";"9,5";"346,30";"0,0"
"20/08/2023";"2100";"26,5";"27,4";"26,5";"81,0";"81,0";"76,0";"23,0";"23,0";"22,3";"1008,2";"1008,3";"1007,7";"3,9";"62,0";"8,7";"45,50";"0,0"
"20/08/2023";"2200";"26,2";"26,5";"26,2";"83,0";"83,0";"81,0";"23,0";"23,2";"22,9";"1008,6";"1008,6";"1008,2";"3,4";"61,0";"9,2";"";"0,0"
"20/08/2023";"2300";"25,4";"26,4";"25,4";"91,0";"91,0";"82,0";"23,7";"23,8";"22,9";"1009,4";"1009,4";"1008,6";"3,8";"79,0";"8,5";"";"0,0"
"21/08/2023";"0000";"24,9";"25,5";"24,9";"89,0";"91,0";"89,0";"22,9";"23,8";"22,9";"1010,1";"1010,1";"1009,4";"4,1";"87,0";"8,5";"";"0,0"
"21/08/2023";"0100";"24,9";"24,9";"24,7";"88,0";"89,0";"87,0";"22,7";"22,8";"22,7";"1010,3";"1010,3";"1010,1";"1,8";"101,0";"8,5";"";"0,0"
"21/08/2023";"0200";"25,0";"25,0";"24,8";"87,0";"89,0";"87,0";"22,7";"22,8";"22,7";"1010,4";"1010,5";"1010,3";"2,6";"90,0";"4,6";"";"0,0"
"21/08/2023";"0300";"24,7";"25,0";"24,7";"88,0";"88,0";"87,0";"22,5";"22,7";"22,5";"1009,6";"1010,4";"1009,6";"2,9";"85,0";"6,2";"";"0,0"
"21/08/2023";"0400";"24,2";"24,8";"24,2";"90,0";"90,0";"88,0";"22,4";"22,6";"22,4";"1009,0";"1009,6";"1009,0";"1,8";"88,0";"5,5";"";"0,0"
"21/08/2023";"0500";"24,2";"24,3";"24,1";"88,0";"90,0";"88,0";"22,2";"22,4";"22,2";"1008,5";"1009,0";"1008,5";"2,0";"104,0";"4,1";"";"0,0"
"21/08/2023";"0600";"24,0";"24,3";"24,0";"88,0";"88,0";"87,0";"21,9";"22,2";"21,9";"1008,4";"1008,5";"1008,3";"2,2";"100,0";"5,4";"";"0,0"
"21/08/2023";"0700";"23,4";"24,0";"23,4";"91,0";"91,0";"88,0";"21,7";"21,9";"21,7";"1008,9";"1008,9";"1008,4";"0,8";"83,0";"4,4";"";"0,0"
"21/08/2023";"0800";"22,4";"23,3";"22,4";"94,0";"94,0";"91,0";"21,5";"21,7";"21,4";"1009,2";"1009,2";"1008,9";"0,6";"135,0";"1,9";"";"0,0"
"21/08/2023";"0900";"22,8";"22,8";"22,1";"93,0";"95,0";"93,0";"21,6";"21,6";"21,2";"1009,9";"1009,9";"1009,2";"0,8";"106,0";"1,9";"25,20";"0,0"
"21/08/2023";"1000";"25,6";"25,6";"22,8";"82,0";"93,0";"82,0";"22,2";"22,4";"21,6";"1010,3";"1010,3";"1009,9";"2,4";"104,0";"5,6";"451,20";"0,0"
"21/08/2023";"1100";"27,7";"27,7";"25,5";"70,0";"82,0";"70,0";"21,8";"22,3";"21,5";"1010,5";"1010,9";"1010,3";"5,3";"87,0";"8,5";"1209,90";"0,0"
"21/08/2023";"1200";"29,4";"29,6";"27,3";"60,0";"70,0";"60,0";"20,8";"22,0";"20,8";"1010,6";"1010,7";"1010,4";"5,6";"90,0";"9,9";"1805,80";"0,0"
"21/08/2023";"1300";"29,6";"30,0";"28,8";"59,0";"62,0";"58,0";"20,8";"21,3";"20,5";"1010,3";"1010,7";"1010,3";"5,3";"101,0";"11,0";"1699,80";"0,0"
"21/08/2023";"1400";"30,7";"31,5";"29,5";"58,0";"59,0";"53,0";"21,5";"21,5";"20,5";"1009,2";"1010,4";"1009,2";"3,7";"93,0";"9,6";"1768,10";"0,0"
"21/08/2023";"1500";"32,1";"32,5";"30,5";"53,0";"58,0";"52,0";"21,4";"21,9";"20,3";"1008,0";"1009,2";"1008,0";"4,8";"65,0";"8,5";"2627,50";"0,0"
"21/08/2023";"1600";"31,6";"32,4";"30,9";"56,0";"57,0";"52,0";"21,7";"21,8";"20,7";"1007,1";"1008,0";"1007,1";"5,0";"67,0";"9,6";"2710,20";"0,0"
"21/08/2023";"1700";"31,1";"31,9";"30,7";"58,0";"58,0";"54,0";"21,8";"22,0";"21,1";"1006,2";"1007,2";"1006,2";"4,8";"42,0";"9,6";"2408,00";"0,0"
"21/08/2023";"1800";"30,3";"31,4";"29,6";"61,0";"63,0";"56,0";"21,9";"22,1";"21,3";"1005,9";"1006,2";"1005,8";"5,1";"52,0";"9,7";"1868,80";"0,0"
"21/08/2023";"1900";"28,8";"30,5";"28,8";"67,0";"67,0";"59,0";"22,1";"22,2";"21,5";"1006,0";"1006,1";"1005,9";"6,0";"56,0";"11,2";"1180,60";"0,0"
"21/08/2023";"2000";"27,8";"29,2";"27,8";"72,0";"72,0";"66,0";"22,3";"22,3";"21,9";"1006,5";"1006,5";"1005,9";"5,2";"60,0";"13,5";"471,40";"0,0"
"21/08/2023";"2100";"27,1";"27,8";"27,1";"76,0";"76,0";"72,0";"22,4";"22,5";"22,3";"1007,0";"1007,0";"1006,4";"5,9";"62,0";"12,3";"37,60";"0,0"
"21/08/2023";"2200";"27,0";"27,1";"26,9";"76,0";"77,0";"75,0";"22,3";"22,5";"22,3";"1007,5";"1007,5";"1007,0";"5,9";"68,0";"12,2";"";"0,0"
"21/08/2023";"2300";"26,9";"27,1";"26,9";"74,0";"76,0";"73,0";"21,9";"22,3";"21,8";"1008,5";"1008,5";"1007,5";"5,7";"71,0";"13,1";"";"0,0"
"22/08/2023";"0000";"26,6";"27,0";"26,6";"75,0";"76,0";"73,0";"21,8";"22,2";"21,6";"1009,2";"1009,3";"1008,4";"4,8";"81,0";"11,4";"";"0,0"
"22/08/2023";"0100";"26,3";"26,7";"26,3";"71,0";"76,0";"69,0";"20,6";"21,8";"20,3";"1009,7";"1009,7";"1009,2";"5,4";"87,0";"11,2";"";"0,0"
"22/08/2023";"0200";"25,7";"26,3";"25,6";"76,0";"76,0";"71,0";"21,1";"21,2";"20,6";"1009,8";"1009,9";"1009,6";"3,8";"88,0";"10,0";"";"0,0"
"22/08/2023";"0300";"25,3";"25,7";"25,2";"78,0";"78,0";"76,0";"21,1";"21,2";"21,1";"1009,8";"1009,8";"1009,7";"3,5";"86,0";"8,5";"";"0,0"
"22/08/2023";"0400";"25,0";"25,3";"24,8";"77,0";"79,0";"77,0";"20,8";"21,1";"20,8";"1009,4";"1009,8";"1009,4";"3,4";"88,0";"6,6";"";"0,0"
"22/08/2023";"0500";"24,5";"25,0";"24,5";"81,0";"81,0";"77,0";"21,1";"21,1";"20,7";"1009,1";"1009,5";"1009,1";"3,4";"93,0";"7,2";"";"0,0"
"22/08/2023";"0600";"24,2";"24,6";"24,1";"84,0";"84,0";"81,0";"21,2";"21,2";"21,1";"1008,8";"1009,1";"1008,8";"3,0";"88,0";"7,2";"";"0,0"
"22/08/2023";"0700";"23,6";"24,2";"23,6";"86,0";"86,0";"83,0";"21,2";"21,3";"21,2";"1009,3";"1009,3";"1008,8";"2,3";"82,0";"6,0";"";"0,0"
"22/08/2023";"0800";"23,3";"23,6";"23,3";"88,0";"88,0";"86,0";"21,3";"21,3";"21,1";"1009,6";"1009,6";"1009,3";"1,1";"108,0";"4,3";"";"0,0"
"22/08/2023";"0900";"23,0";"23,3";"22,7";"90,0";"91,0";"88,0";"21,2";"21,3";"21,0";"1010,2";"1010,2";"1009,6";"0,8";"126,0";"2,1";"20,30";"0,0"
"22/08/2023";"1000";"25,9";"25,9";"23,0";"78,0";"90,0";"78,0";"21,8";"22,0";"21,2";"1010,3";"1010,4";"1010,2";"2,7";"105,0";"5,1";"389,00";"0,0"
"22/08/2023";"1100";"27,3";"27,3";"25,9";"71,0";"78,0";"71,0";"21,5";"21,9";"21,3";"1010,8";"1010,8";"1010,3";"4,7";"96,0";"8,0";"934,60";"0,0"
"22/08/2023";"1200";"29,1";"29,6";"27,0";"59,0";"71,0";"57,0";"20,2";"21,6";"19,9";"1011,0";"1011,2";"1010,8";"5,2";"94,0";"10,4";"1522,40";"0,0"
"22/08/2023";"1300";"31,0";"31,0";"28,5";"52,0";"62,0";"52,0";"20,0";"21,4";"19,8";"1010,6";"1011,0";"1010,6";"5,9";"83,0";"11,0";"2128,80";"0,0"
"22/08/2023";"1400";"30,0";"31,2";"29,8";"55,0";"58,0";"51,0";"19,9";"21,0";"19,5";"1010,0";"1010,6";"1009,9";"5,8";"63,0";"11,0";"2706,10";"0,0"
"22/08/2023";"1500";"30,6";"31,1";"29,8";"56,0";"59,0";"53,0";"20,7";"21,5";"20,1";"1009,0";"1009,9";"1008,9";"6,2";"65,0";"11,6";"2836,80";"0,0"
"22/08/2023";"1600";"30,3";"31,4";"30,3";"54,0";"56,0";"53,0";"20,0";"21,0";"20,0";"1007,8";"1009,0";"1007,8";"5,8";"49,0";"11,1";"2657,20";"0,0"
"22/08/2023";"1700";"30,8";"31,2";"30,2";"53,0";"55,0";"51,0";"20,0";"20,5";"19,4";"1006,9";"1007,8";"1006,9";"5,7";"63,0";"11,5";"2342,50";"0,0"
"22/08/2023";"1800";"29,5";"30,8";"29,4";"61,0";"61,0";"52,0";"21,0";"21,0";"19,6";"1006,5";"1006,9";"1006,5";"5,7";"53,0";"12,0";"1805,60";"0,0"
"22/08/2023";"1900";"28,5";"29,6";"28,5";"67,0";"67,0";"61,0";"21,8";"21,8";"21,0";"1006,7";"1006,7";"1006,4";"5,2";"54,0";"11,0";"1138,40";"0,0"
"22/08/2023";"2000";"27,5";"28,5";"27,5";"73,0";"73,0";"66,0";"22,1";"22,2";"21,5";"1006,8";"1006,8";"1006,6";"4,9";"57,0";"9,9";"448,10";"0,0"
"22/08/2023";"2100";"26,8";"27,5";"26,7";"72,0";"75,0";"72,0";"21,4";"22,2";"21,3";"1007,1";"1007,1";"1006,7";"3,7";"56,0";"9,9";"35,00";"0,0"
"22/08/2023";"2200";"26,5";"26,8";"26,5";"76,0";"76,0";"72,0";"21,9";"21,9";"21,1";"1007,6";"1007,6";"1007,1";"3,3";"62,0";"8,4";"";"0,0"
"22/08/2023";"2300";"26,6";"26,7";"26,4";"75,0";"76,0";"75,0";"21,9";"22,0";"21,9";"1008,2";"1008,2";"1007,6";"3,5";"70,0";"7,7";"";"0,0"
"23/08/2023";"0000";"26,5";"26,9";"26,5";"78,0";"78,0";"74,0";"22,4";"22,4";"21,9";"1008,7";"1008,7";"1008,2";"3,8";"78,0";"10,4";"";"0,0"
"23/08/2023";"0100";"26,2";"26,7";"26,2";"69,0";"78,0";"68,0";"20,0";"22,4";"20,0";"1009,0";"1009,0";"1008,6";"4,5";"85,0";"9,2";"";"0,0"
"23/08/2023";"0200";"25,6";"26,2";"25,6";"70,0";"70,0";"69,0";"19,7";"20,0";"19,6";"1009,2";"1009,3";"1009,0";"4,0";"82,0";"8,5";"";"0,0"
"23/08/2023";"0300";"25,2";"25,7";"25,2";"72,0";"72,0";"70,0";"19,7";"19,9";"19,7";"1008,9";"1009,2";"1008,9";"4,2";"88,0";"7,9";"";"0,0"
"23/08/2023";"0400";"24,1";"25,2";"24,1";"78,0";"78,0";"72,0";"20,1";"20,1";"19,7";"1008,5";"1008,9";"1008,5";"1,5";"99,0";"7,9";"";"0,0"
"23/08/2023";"0500";"23,0";"24,1";"23,0";"84,0";"84,0";"78,0";"20,2";"20,3";"20,1";"1008,3";"1008,5";"1008,3";"1,3";"102,0";"3,2";"";"0,0"
"23/08/2023";"0600";"21,9";"23,0";"21,9";"89,0";"89,0";"84,0";"20,1";"20,2";"20,0";"1008,6";"1008,6";"1008,3";"1,1";"71,0";"2,2";"";"0,0"
"23/08/2023";"0700";"21,8";"21,9";"21,7";"91,0";"91,0";"89,0";"20,2";"20,3";"20,1";"1009,2";"1009,2";"1008,5";"1,1";"89,0";"2,0";"";"0,0"
"23/08/2023";"0800";"22,7";"22,7";"21,6";"89,0";"91,0";"89,0";"20,7";"20,7";"19,8";"1009,3";"1009,3";"1009,2";"0,9";"59,0";"2,3";"";"0,0"
"23/08/2023";"0900";"23,5";"23,5";"22,7";"85,0";"89,0";"85,0";"20,9";"20,9";"20,7";"1010,0";"1010,0";"1009,2";"0,9";"115,0";"2,0";"22,20";"0,0"
"23/08/2023";"1000";"25,4";"25,4";"23,5";"76,0";"85,0";"76,0";"20,9";"21,1";"20,7";"1010,8";"1010,8";"1010,0";"1,8";"121,0";"3,0";"440,00";"0,0"
"23/08/2023";"1100";"27,2";"27,6";"25,4";"66,0";"76,0";"65,0";"20,3";"21,0";"20,2";"1011,5";"1011,5";"1010,8";"3,5";"122,0";"7,6";"1114,30";"0,0"
"23/08/2023";"1200";"27,9";"28,2";"27,2";"65,0";"66,0";"63,0";"20,8";"21,0";"20,2";"1011,9";"1011,9";"1011,5";"3,8";"128,0";"8,5";"1438,90";"0,0"
"23/08/2023";"1300";"29,7";"29,7";"27,5";"57,0";"66,0";"56,0";"20,1";"21,1";"19,9";"1011,9";"1012,2";"1011,9";"4,1";"108,0";"8,9";"2247,00";"0,0"
"23/08/2023";"1400";"31,1";"31,2";"29,4";"51,0";"57,0";"51,0";"19,7";"20,8";"19,5";"1011,1";"1012,0";"1011,1";"4,1";"112,0";"11,1";"2307,10";"0,0"
"23/08/2023";"1500";"32,4";"32,6";"30,7";"45,0";"51,0";"44,0";"18,9";"19,9";"18,5";"1009,4";"1011,1";"1009,4";"3,7";"95,0";"10,4";"2905,60";"0,0"
"23/08/2023";"1600";"32,7";"33,0";"31,3";"47,0";"50,0";"45,0";"19,8";"20,1";"18,4";"1008,1";"1009,4";"1008,1";"3,9";"78,0";"8,4";"2234,30";"0,0"
"23/08/2023";"1700";"32,1";"33,0";"31,7";"45,0";"48,0";"43,0";"18,9";"20,0";"18,3";"1007,3";"1008,1";"1007,3";"4,4";"56,0";"8,4";"2418,80";"0,0"
"23/08/2023";"1800";"31,9";"32,9";"31,8";"43,0";"46,0";"40,0";"17,9";"19,3";"17,7";"1006,9";"1007,3";"1006,8";"4,7";"48,0";"9,0";"1902,90";"0,0"
"23/08/2023";"1900";"30,4";"32,1";"30,3";"54,0";"54,0";"43,0";"20,0";"20,0";"17,3";"1007,0";"1007,1";"1006,8";"4,4";"38,0";"8,9";"1220,70";"0,0"
"23/08/2023";"2000";"27,9";"30,5";"27,9";"75,0";"75,0";"54,0";"23,1";"23,1";"20,0";"1007,4";"1007,4";"1007,0";"4,1";"40,0";"8,4";"492,00";"0,0"
"23/08/2023";"2100";"26,6";"27,9";"26,6";"79,0";"79,0";"75,0";"22,8";"23,1";"22,7";"1007,6";"1007,6";"1007,4";"3,1";"50,0";"8,1";"39,00";"0,0"
"23/08/2023";"2200";"26,1";"26,6";"26,1";"84,0";"84,0";"79,0";"23,2";"23,2";"22,8";"1008,3";"1008,3";"1007,6";"1,9";"49,0";"6,2";"";"0,0"
"23/08/2023";"2300";"26,0";"26,2";"26,0";"85,0";"85,0";"84,0";"23,3";"23,3";"23,2";"1008,7";"1008,7";"1008,3";"2,8";"50,0";"5,3";"";"0,0"
"24/08/2023";"0000";"26,1";"26,2";"25,9";"84,0";"85,0";"82,0";"23,2";"23,3";"22,8";"1009,3";"1009,3";"1008,7";"2,7";"55,0";"5,7";"";"0,0"
"24/08/2023";"0100";"26,2";"26,3";"26,1";"84,0";"85,0";"84,0";"23,3";"23,4";"23,2";"1009,7";"1009,7";"1009,3";"3,1";"69,0";"7,0";"";"0,0"
"24/08/2023";"0200";"25,7";"26,2";"25,7";"81,0";"85,0";"81,0";"22,2";"23,3";"22,2";"1009,6";"1009,7";"1009,5";"2,8";"87,0";"7,3";"";"0,0"
"24/08/2023";"0300";"25,0";"25,7";"25,0";"79,0";"81,0";"78,0";"21,0";"22,2";"21,0";"1008,9";"1009,6";"1008,9";"3,0";"86,0";"5,9";"";"0,0"
"24/08/2023";"0400";"23,6";"25,0";"23,6";"84,0";"84,0";"79,0";"20,7";"21,0";"20,7";"1008,1";"1008,9";"1008,1";"1,7";"77,0";"5,8";"";"0,0"
"24/08/2023";"0500";"23,5";"23,6";"23,4";"84,0";"85,0";"84,0";"20,7";"20,7";"20,6";"1007,9";"1008,1";"1007,7";"2,1";"88,0";"4,8";"";"0,0"
"24/08/2023";"0600";"22,8";"23,5";"21,9";"87,0";"90,0";"84,0";"20,6";"20,7";"20,2";"1008,1";"1008,1";"1007,8";"1,9";"100,0";"3,5";"";"0,0"
"24/08/2023";"0700";"22,2";"23,2";"22,2";"88,0";"89,0";"85,0";"20,2";"20,5";"20,2";"1008,5";"1008,5";"1008,1";"1,4";"94,0";"3,6";"";"0,0"
"24/08/2023";"0800";"21,2";"22,3";"21,2";"93,0";"93,0";"88,0";"20,0";"20,3";"19,8";"1008,9";"1008,9";"1008,5";"1,0";"104,0";"2,4";"";"0,0"
"24/08/2023";"0900";"22,3";"22,3";"21,2";"90,0";"93,0";"90,0";"20,5";"20,5";"19,9";"1009,6";"1009,6";"1008,9";"1,7";"92,0";"3,3";"24,00";"0,0"
"24/08/2023";"1000";"24,6";"24,6";"22,3";"80,0";"90,0";"80,0";"21,0";"21,1";"20,5";"1010,4";"1010,4";"1009,6";"1,9";"115,0";"3,8";"412,90";"0,0"
"24/08/2023";"1100";"27,4";"27,4";"24,6";"66,0";"81,0";"65,0";"20,5";"21,2";"20,4";"1010,9";"1010,9";"1010,4";"2,6";"128,0";"6,0";"1131,10";"0,0"
"24/08/2023";"1200";"29,2";"29,4";"27,4";"55,0";"66,0";"55,0";"19,3";"20,8";"19,3";"1011,1";"1011,2";"1010,8";"3,9";"123,0";"8,1";"1827,40";"0,0"
"24/08/2023";"1300";"30,6";"31,3";"29,1";"50,0";"56,0";"47,0";"18,9";"19,7";"18,2";"1010,6";"1011,1";"1010,5";"4,4";"109,0";"8,2";"2260,00";"0,0"
"24/08/2023";"1400";"31,1";"32,4";"30,3";"49,0";"51,0";"46,0";"19,3";"19,7";"18,5";"1009,6";"1010,6";"1009,6";"4,0";"102,0";"9,7";"2436,10";"0,0"
"24/08/2023";"1500";"32,2";"32,5";"30,8";"48,0";"50,0";"44,0";"20,0";"20,2";"18,5";"1008,3";"1009,6";"1008,2";"4,5";"58,0";"8,7";"2720,90";"0,0"
"24/08/2023";"1600";"31,5";"32,8";"31,1";"50,0";"50,0";"47,0";"19,8";"20,3";"19,5";"1007,4";"1008,3";"1007,4";"4,3";"64,0";"9,1";"2709,70";"0,0"
"24/08/2023";"1700";"31,7";"32,6";"31,4";"50,0";"52,0";"48,0";"19,9";"20,8";"19,9";"1006,6";"1007,4";"1006,6";"3,8";"43,0";"8,1";"2376,70";"0,0"
"24/08/2023";"1800";"31,4";"32,5";"31,2";"52,0";"53,0";"48,0";"20,5";"20,6";"19,7";"1006,6";"1006,6";"1006,4";"4,3";"36,0";"8,2";"1836,60";"0,0"
"24/08/2023";"1900";"29,2";"31,9";"29,2";"65,0";"65,0";"51,0";"21,8";"21,9";"20,3";"1007,0";"1007,1";"1006,5";"4,5";"46,0";"9,8";"1167,90";"0,0"
"24/08/2023";"2000";"27,8";"29,5";"27,8";"75,0";"75,0";"63,0";"23,0";"23,0";"21,7";"1007,6";"1007,6";"1007,0";"3,8";"38,0";"8,5";"448,50";"0,0"
"24/08/2023";"2100";"27,0";"27,8";"27,0";"82,0";"82,0";"75,0";"23,6";"23,6";"23,0";"1007,9";"1007,9";"1007,6";"3,3";"32,0";"8,7";"34,20";"0,0"
"24/08/2023";"2200";"26,8";"27,0";"26,8";"83,0";"84,0";"82,0";"23,8";"23,8";"23,6";"1008,2";"1008,2";"1007,9";"3,4";"34,0";"7,4";"";"0,0"
"24/08/2023";"2300";"27,0";"27,0";"26,8";"84,0";"84,0";"83,0";"24,0";"24,0";"23,8";"1008,8";"1008,8";"1008,2";"3,3";"48,0";"7,1";"";"0,0"
"25/08/2023";"0000";"27,2";"27,3";"27,0";"80,0";"84,0";"80,0";"23,5";"24,0";"23,5";"1009,5";"1009,5";"1008,8";"4,4";"78,0";"7,9";"";"0,0"
"25/08/2023";"0100";"27,0";"27,3";"27,0";"74,0";"80,0";"74,0";"21,9";"23,5";"21,9";"1009,9";"1009,9";"1009,5";"3,5";"84,0";"7,9";"";"0,0"
"25/08/2023";"0200";"26,5";"27,1";"26,5";"71,0";"74,0";"70,0";"21,0";"21,8";"21,0";"1010,0";"1010,1";"1009,9";"3,9";"92,0";"8,8";"";"0,0"
"25/08/2023";"0300";"26,0";"26,5";"26,0";"71,0";"72,0";"71,0";"20,3";"21,0";"20,3";"1009,7";"1010,1";"1009,7";"3,2";"100,0";"7,3";"";"0,0"
"25/08/2023";"0400";"25,5";"26,0";"25,5";"72,0";"72,0";"71,0";"20,0";"20,3";"20,0";"1009,2";"1009,7";"1009,2";"3,0";"98,0";"6,4";"";"0,0"
"25/08/2023";"0500";"24,2";"25,5";"24,2";"77,0";"77,0";"72,0";"19,9";"20,0";"19,8";"1008,8";"1009,2";"1008,8";"1,4";"116,0";"5,4";"";"0,0"
"25/08/2023";"0600";"24,1";"24,3";"23,8";"77,0";"79,0";"76,0";"19,8";"20,0";"19,8";"1009,0";"1009,0";"1008,8";"1,5";"113,0";"3,8";"";"0,0"
"25/08/2023";"0700";"22,1";"24,1";"22,1";"85,0";"86,0";"77,0";"19,5";"19,8";"19,2";"1009,3";"1009,3";"1009,0";"1,0";"79,0";"3,0";"";"0,0"
"25/08/2023";"0800";"21,3";"22,6";"21,3";"87,0";"87,0";"82,0";"19,1";"19,5";"19,0";"1009,7";"1009,7";"1009,3";"0,7";"158,0";"2,5";"";"0,0"
"25/08/2023";"0900";"22,2";"22,2";"21,3";"84,0";"88,0";"84,0";"19,3";"19,3";"19,1";"1010,1";"1010,1";"1009,7";"0,6";"89,0";"2,0";"27,00";"0,0"
"25/08/2023";"1000";"25,4";"25,5";"22,2";"70,0";"84,0";"70,0";"19,5";"19,9";"19,1";"1010,6";"1010,6";"1010,1";"1,6";"132,0";"3,1";"459,60";"0,0"
"25/08/2023";"1100";"28,0";"28,1";"25,4";"59,0";"70,0";"58,0";"19,2";"19,8";"18,8";"1010,8";"1010,8";"1010,6";"3,9";"114,0";"9,0";"1200,80";"0,0"
"25/08/2023";"1200";"29,7";"29,7";"27,9";"53,0";"59,0";"53,0";"19,1";"19,5";"18,7";"1010,9";"1010,9";"1010,8";"3,7";"113,0";"9,4";"1905,80";"0,0"
"25/08/2023";"1300";"31,2";"31,2";"29,6";"47,0";"53,0";"46,0";"18,4";"19,4";"18,1";"1010,5";"1010,9";"1010,4";"3,8";"97,0";"8,7";"2431,40";"0,0"
"25/08/2023";"1400";"31,4";"32,2";"30,7";"50,0";"52,0";"42,0";"19,6";"20,2";"16,7";"1009,5";"1010,5";"1009,5";"4,3";"65,0";"8,3";"2678,10";"0,0"
"25/08/2023";"1500";"32,7";"32,7";"30,9";"46,0";"51,0";"46,0";"19,6";"20,1";"19,1";"1008,6";"1009,5";"1008,6";"4,0";"67,0";"8,8";"2856,70";"0,0"
"25/08/2023";"1600";"31,8";"33,0";"31,2";"48,0";"49,0";"45,0";"19,4";"19,9";"18,8";"1007,8";"1008,7";"1007,8";"4,7";"53,0";"8,8";"2771,10";"0,0"
"25/08/2023";"1700";"31,6";"32,3";"30,9";"48,0";"49,0";"47,0";"19,3";"19,9";"19,0";"1007,2";"1007,8";"1007,2";"4,6";"59,0";"9,8";"2443,10";"0,0"
"25/08/2023";"1800";"30,6";"32,0";"30,4";"53,0";"53,0";"47,0";"19,8";"19,8";"18,6";"1007,1";"1007,2";"1006,9";"5,4";"59,0";"9,2";"1898,60";"0,0"
"25/08/2023";"1900";"28,7";"30,6";"28,6";"65,0";"67,0";"52,0";"21,5";"22,0";"19,4";"1007,5";"1007,5";"1007,0";"5,4";"56,0";"9,7";"1215,40";"0,0"
"25/08/2023";"2000";"27,8";"28,9";"27,8";"67,0";"67,0";"61,0";"21,2";"21,8";"20,3";"1007,6";"1007,6";"1007,3";"4,4";"43,0";"9,8";"497,90";"0,0"
"25/08/2023";"2100";"26,8";"27,8";"26,8";"76,0";"76,0";"68,0";"22,2";"22,2";"21,2";"1007,9";"1007,9";"1007,6";"4,6";"46,0";"9,4";"40,20";"0,0"
"25/08/2023";"2200";"26,4";"26,8";"26,4";"81,0";"81,0";"76,0";"22,9";"22,9";"22,2";"1008,4";"1008,4";"1007,9";"4,5";"52,0";"8,5";"";"0,0"
"25/08/2023";"2300";"26,2";"26,4";"26,2";"82,0";"82,0";"81,0";"22,9";"22,9";"22,8";"1009,1";"1009,1";"1008,4";"3,6";"51,0";"8,2";"";"0,0"
"26/08/2023";"0000";"26,5";"26,6";"26,2";"79,0";"82,0";"79,0";"22,6";"23,0";"22,6";"1009,9";"1009,9";"1009,1";"4,0";"64,0";"8,9";"";"0,0"
"26/08/2023";"0100";"26,4";"26,6";"26,3";"75,0";"79,0";"74,0";"21,6";"22,6";"21,5";"1010,0";"1010,1";"1009,9";"5,1";"73,0";"10,2";"";"0,0"
"26/08/2023";"0200";"25,9";"26,4";"25,9";"73,0";"77,0";"72,0";"20,6";"21,9";"20,6";"1010,0";"1010,2";"1010,0";"4,8";"86,0";"10,0";"";"0,0"
"26/08/2023";"0300";"25,0";"26,0";"25,0";"78,0";"78,0";"72,0";"20,8";"20,9";"20,5";"1009,5";"1010,0";"1009,5";"3,8";"89,0";"8,0";"";"0,0"
"26/08/2023";"0400";"24,0";"25,0";"23,8";"81,0";"82,0";"78,0";"20,6";"20,9";"20,6";"1009,0";"1009,5";"1009,0";"2,4";"98,0";"6,5";"";"0,0"
"26/08/2023";"0500";"22,4";"23,9";"22,3";"88,0";"88,0";"81,0";"20,3";"20,6";"20,1";"1009,0";"1009,1";"1008,8";"1,4";"114,0";"4,4";"";"0,0"
"26/08/2023";"0600";"21,3";"22,4";"21,3";"91,0";"91,0";"88,0";"19,9";"20,3";"19,8";"1008,8";"1009,0";"1008,7";"1,2";"101,0";"2,7";"";"0,0"
"26/08/2023";"0700";"20,5";"21,4";"20,5";"92,0";"93,0";"91,0";"19,2";"20,0";"19,2";"1009,2";"1009,2";"1008,8";"0,6";"83,0";"2,3";"";"0,0"
"26/08/2023";"0800";"19,7";"20,5";"19,7";"95,0";"95,0";"92,0";"18,8";"19,5";"18,8";"1009,8";"1009,8";"1009,2";"0,5";"140,0";"1,2";"";"0,0"
"26/08/2023";"0900";"19,7";"19,8";"18,9";"96,0";"96,0";"94,0";"19,0";"19,0";"18,1";"1010,4";"1010,4";"1009,8";"0,7";"159,0";"1,4";"29,10";"0,0"
"26/08/2023";"1000";"23,7";"23,7";"19,8";"81,0";"96,0";"81,0";"20,3";"20,4";"19,1";"1011,0";"1011,0";"1010,4";"1,0";"127,0";"2,1";"468,90";"0,0"
"26/08/2023";"1100";"27,2";"27,2";"23,7";"68,0";"82,0";"68,0";"20,8";"21,0";"20,2";"1011,2";"1011,2";"1011,0";"2,0";"114,0";"4,5";"1205,40";"0,0"
"26/08/2023";"1200";"29,0";"29,4";"27,2";"57,0";"69,0";"57,0";"19,8";"21,1";"19,7";"1011,2";"1011,4";"1011,2";"4,4";"63,0";"8,6";"1913,40";"0,0"
"26/08/2023";"1300";"30,0";"30,1";"28,8";"57,0";"60,0";"57,0";"20,6";"20,9";"19,8";"1011,0";"1011,2";"1010,9";"4,8";"72,0";"9,4";"2440,60";"0,0"
"26/08/2023";"1400";"30,6";"30,8";"29,4";"57,0";"60,0";"56,0";"21,0";"21,3";"20,4";"1010,5";"1010,9";"1010,4";"3,9";"66,0";"9,3";"2767,00";"0,0"
"26/08/2023";"1500";"30,8";"31,7";"29,7";"54,0";"59,0";"53,0";"20,6";"21,4";"20,4";"1009,4";"1010,5";"1009,4";"4,2";"51,0";"8,6";"2882,80";"0,0"
"26/08/2023";"1600";"30,9";"31,5";"30,0";"54,0";"57,0";"53,0";"20,6";"21,2";"20,3";"1008,6";"1009,4";"1008,5";"5,1";"31,0";"10,0";"2768,50";"0,0"
"26/08/2023";"1700";"30,6";"31,3";"30,3";"55,0";"57,0";"54,0";"20,7";"21,3";"20,5";"1008,2";"1008,6";"1008,1";"4,9";"65,0";"10,7";"2461,90";"0,0"
"26/08/2023";"1800";"30,5";"31,0";"29,7";"57,0";"59,0";"55,0";"21,0";"21,3";"20,4";"1007,9";"1008,2";"1007,8";"4,4";"46,0";"9,2";"1931,50";"0,0"
"26/08/2023";"1900";"29,8";"30,9";"29,7";"60,0";"60,0";"55,0";"21,3";"21,3";"20,4";"1007,8";"1007,9";"1007,7";"4,2";"41,0";"8,6";"1249,80";"0,0"
"26/08/2023";"2000";"28,4";"29,8";"28,4";"68,0";"68,0";"60,0";"22,0";"22,0";"21,3";"1008,2";"1008,2";"1007,8";"3,4";"41,0";"8,0";"515,00";"0,0"
"26/08/2023";"2100";"26,7";"28,4";"26,7";"79,0";"79,0";"68,0";"22,8";"22,8";"22,0";"1008,6";"1008,6";"1008,2";"2,5";"40,0";"8,0";"40,80";"0,0"
"26/08/2023";"2200";"26,0";"26,7";"26,0";"84,0";"84,0";"79,0";"23,0";"23,0";"22,8";"1009,3";"1009,3";"1008,6";"1,7";"39,0";"4,6";"";"0,0"
"26/08/2023";"2300";"26,3";"26,5";"26,0";"85,0";"86,0";"84,0";"23,5";"23,9";"23,0";"1009,9";"1009,9";"1009,3";"2,8";"50,0";"5,7";"";"0,0"
"27/08/2023";"0000";"25,9";"26,3";"25,9";"87,0";"87,0";"85,0";"23,6";"23,6";"23,4";"1010,3";"1010,3";"1009,9";"2,4";"56,0";"5,7";"";"0,0"
"27/08/2023";"0100";"26,1";"26,1";"25,8";"85,0";"87,0";"85,0";"23,4";"23,6";"23,4";"1010,5";"1010,5";"1010,3";"2,7";"56,0";"5,9";"";"0,0"
"27/08/2023";"0200";"26,2";"26,2";"26,1";"85,0";"85,0";"85,0";"23,4";"23,5";"23,4";"1010,4";"1010,5";"1010,4";"3,2";"56,0";"5,9";"";"0,0"
"27/08/2023";"0300";"26,1";"26,2";"25,8";"85,0";"87,0";"84,0";"23,5";"23,6";"23,3";"1010,2";"1010,4";"1010,2";"2,4";"64,0";"6,5";"";"0,0"
"27/08/2023";"0400";"25,4";"26,1";"25,4";"86,0";"87,0";"85,0";"22,9";"23,5";"22,9";"1009,7";"1010,2";"1009,7";"1,9";"77,0";"4,6";"";"0,0"
"27/08/2023";"0500";"24,6";"25,4";"24,5";"90,0";"90,0";"86,0";"22,8";"22,9";"22,6";"1009,1";"1009,7";"1009,1";"1,3";"64,0";"3,3";"";"0,0"
"27/08/2023";"0600";"24,9";"24,9";"24,5";"90,0";"90,0";"90,0";"23,1";"23,1";"22,8";"1009,1";"1009,2";"1009,0";"1,5";"67,0";"3,0";"";"0,0"
"27/08/2023";"0700";"24,1";"24,9";"23,9";"92,0";"93,0";"90,0";"22,7";"23,1";"22,5";"1009,4";"1009,4";"1009,1";"1,2";"127,0";"2,5";"";"0,0"
"27/08/2023";"0800";"23,9";"24,4";"23,9";"92,0";"92,0";"91,0";"22,6";"23,0";"22,6";"1010,1";"1010,1";"1009,4";"0,6";"140,0";"2,7";"";"0,0"
"27/08/2023";"0900";"24,0";"24,0";"23,8";"93,0";"93,0";"92,0";"22,8";"22,8";"22,6";"1010,8";"1010,8";"1010,1";"1,2";"108,0";"2,1";"26,50";"0,0"
"27/08/2023";"1000";"26,1";"26,2";"24,0";"83,0";"93,0";"83,0";"23,0";"23,2";"22,8";"1011,5";"1011,5";"1010,8";"2,0";"115,0";"4,0";"454,80";"0,0"
"27/08/2023";"1100";"28,4";"28,6";"26,1";"70,0";"83,0";"69,0";"22,3";"23,4";"22,3";"1012,2";"1012,2";"1011,5";"3,2";"79,0";"5,4";"1029,40";"0,0"
"27/08/2023";"1200";"29,5";"30,0";"28,0";"65,0";"71,0";"63,0";"22,2";"22,8";"21,9";"1012,4";"1012,5";"1012,2";"3,6";"72,0";"7,8";"1475,20";"0,0"
"27/08/2023";"1300";"31,5";"31,5";"29,2";"56,0";"66,0";"56,0";"21,7";"22,5";"21,4";"1012,2";"1012,5";"1012,2";"3,4";"61,0";"8,0";"2242,20";"0,0"
"27/08/2023";"1400";"31,7";"31,7";"30,3";"55,0";"59,0";"54,0";"21,4";"22,1";"20,9";"1011,5";"1012,2";"1011,5";"4,4";"67,0";"8,6";"2755,00";"0,0"
"27/08/2023";"1500";"31,9";"32,1";"30,9";"52,0";"55,0";"50,0";"20,7";"21,4";"20,1";"1010,7";"1011,5";"1010,7";"4,0";"65,0";"8,6";"2836,10";"0,0"
"27/08/2023";"1600";"31,8";"32,6";"31,2";"53,0";"54,0";"50,0";"20,9";"21,4";"20,3";"1009,6";"1010,7";"1009,6";"3,4";"51,0";"8,0";"2689,40";"0,0"
"27/08/2023";"1700";"32,3";"32,4";"31,3";"49,0";"55,0";"48,0";"20,4";"21,3";"19,8";"1009,1";"1009,6";"1009,1";"4,3";"9,0";"8,1";"2347,60";"0,0"
"27/08/2023";"1800";"31,4";"32,4";"31,4";"54,0";"55,0";"48,0";"20,8";"21,4";"19,8";"1008,8";"1009,1";"1008,7";"4,4";"26,0";"7,3";"1797,20";"0,0"
"27/08/2023";"1900";"30,4";"31,4";"30,3";"56,0";"59,0";"54,0";"20,7";"21,9";"20,7";"1009,1";"1009,1";"1008,8";"4,0";"4,0";"7,5";"1116,30";"0,0"
"27/08/2023";"2000";"28,9";"30,7";"28,9";"66,0";"66,0";"56,0";"21,9";"22,0";"20,6";"1009,7";"1009,7";"1009,1";"2,9";"22,0";"7,4";"432,00";"0,0"
"27/08/2023";"2100";"27,0";"28,9";"27,0";"80,0";"80,0";"66,0";"23,3";"23,5";"21,8";"1010,4";"1010,4";"1009,7";"2,4";"37,0";"7,1";"32,00";"0,0"
"27/08/2023";"2200";"26,4";"27,0";"26,4";"84,0";"84,0";"80,0";"23,4";"23,5";"23,3";"1011,1";"1011,1";"1010,4";"2,6";"44,0";"6,1";"";"0,0"
"27/08/2023";"2300";"26,4";"26,4";"26,2";"84,0";"85,0";"84,0";"23,4";"23,6";"23,4";"1011,7";"1011,7";"1011,1";"3,3";"44,0";"5,8";"";"0,0"
"28/08/2023";"0000";"26,5";"26,5";"26,4";"83,0";"84,0";"82,0";"23,3";"23,4";"23,2";"1012,5";"1012,5";"1011,7";"3,2";"51,0";"7,0";"";"0,0"
"28/08/2023";"0100";"26,4";"26,5";"26,3";"84,0";"84,0";"82,0";"23,4";"23,4";"23,2";"1013,1";"1013,1";"1012,5";"3,4";"52,0";"6,2";"";"0,0"
"28/08/2023";"0200";"26,1";"26,4";"26,1";"84,0";"85,0";"83,0";"23,3";"23,5";"23,2";"1013,1";"1013,1";"1012,9";"2,5";"62,0";"6,9";"";"0,0"
"28/08/2023";"0300";"26,0";"26,2";"26,0";"84,0";"85,0";"84,0";"23,2";"23,3";"23,2";"1012,6";"1013,0";"1012,6";"2,5";"64,0";"6,4";"";"0,0"
"28/08/2023";"0400";"25,6";"26,1";"25,6";"86,0";"86,0";"83,0";"23,0";"23,1";"22,9";"1011,8";"1012,6";"1011,8";"2,5";"63,0";"5,8";"";"0,0"
"28/08/2023";"0500";"25,0";"25,6";"25,0";"87,0";"87,0";"85,0";"22,8";"23,0";"22,7";"1011,2";"1011,8";"1011,2";"1,7";"57,0";"4,7";"";"0,0"
"28/08/2023";"0600";"25,3";"25,3";"25,0";"87,0";"88,0";"86,0";"23,0";"23,0";"22,8";"1011,4";"1011,4";"1011,2";"1,8";"80,0";"4,0";"";"0,0"
"28/08/2023";"0700";"24,5";"25,3";"24,4";"90,0";"90,0";"87,0";"22,7";"23,0";"22,6";"1011,7";"1011,7";"1011,4";"0,7";"134,0";"3,2";"";"0,0"
"28/08/2023";"0800";"25,0";"25,0";"24,5";"90,0";"91,0";"89,0";"23,2";"23,2";"22,7";"1012,2";"1012,2";"1011,7";"1,3";"119,0";"2,9";"";"0,0"
"28/08/2023";"0900";"25,0";"25,1";"25,0";"88,0";"90,0";"87,0";"22,8";"23,2";"22,7";"1012,8";"1012,8";"1012,1";"1,5";"99,0";"3,4";"6,60";"0,0"
"28/08/2023";"1000";"26,9";"26,9";"24,9";"78,0";"88,0";"78,0";"22,8";"23,1";"22,7";"1013,4";"1013,4";"1012,8";"2,6";"105,0";"5,4";"393,00";"0,0"
"28/08/2023";"1100";"28,1";"28,1";"26,5";"71,0";"79,0";"71,0";"22,3";"22,7";"22,2";"1013,9";"1013,9";"1013,4";"3,6";"98,0";"7,0";"1003,90";"0,0"
"28/08/2023";"1200";"29,6";"29,7";"27,4";"60,0";"73,0";"60,0";"21,1";"22,4";"21,1";"1014,0";"1014,1";"1013,9";"3,5";"76,0";"7,0";"1227,90";"0,0"
"28/08/2023";"1300";"29,1";"29,6";"28,8";"60,0";"65,0";"60,0";"20,5";"21,7";"20,4";"1013,8";"1014,1";"1013,8";"2,2";"108,0";"6,2";"697,90";"0,0"
"28/08/2023";"1400";"30,4";"30,4";"29,1";"57,0";"63,0";"57,0";"21,0";"21,6";"20,2";"1012,9";"1013,8";"1012,9";"4,0";"70,0";"7,2";"1318,70";"0,0"
"28/08/2023";"1500";"31,3";"31,5";"29,8";"51,0";"59,0";"51,0";"20,1";"21,0";"19,8";"1012,0";"1013,0";"1012,0";"2,8";"47,0";"7,4";"2146,50";"0,0"
"28/08/2023";"1600";"31,1";"32,5";"30,8";"50,0";"53,0";"48,0";"19,3";"20,4";"19,2";"1010,6";"1012,0";"1010,6";"3,8";"27,0";"10,1";"2647,60";"0,0"
"28/08/2023";"1700";"31,7";"32,4";"31,0";"49,0";"51,0";"47,0";"19,7";"19,8";"19,2";"1010,0";"1010,6";"1010,0";"4,3";"28,0";"8,4";"2309,40";"0,0"
"28/08/2023";"1800";"30,2";"31,7";"30,2";"55,0";"56,0";"49,0";"20,2";"20,6";"19,3";"1009,6";"1010,0";"1009,5";"4,3";"37,0";"8,1";"1802,10";"0,0"
"28/08/2023";"1900";"29,3";"30,8";"29,2";"62,0";"62,0";"55,0";"21,3";"21,5";"20,4";"1009,8";"1009,8";"1009,5";"4,4";"36,0";"8,6";"1128,20";"0,0"
"28/08/2023";"2000";"27,6";"29,3";"27,6";"75,0";"76,0";"60,0";"22,9";"22,9";"20,8";"1010,2";"1010,2";"1009,8";"4,5";"32,0";"9,3";"439,60";"0,0"
"28/08/2023";"2100";"26,7";"27,6";"26,7";"80,0";"80,0";"75,0";"23,0";"23,2";"22,8";"1010,9";"1010,9";"1010,2";"3,4";"41,0";"9,3";"32,70";"0,0"
"28/08/2023";"2200";"26,4";"26,7";"26,4";"82,0";"82,0";"80,0";"23,0";"23,1";"22,9";"1011,4";"1011,4";"1010,9";"2,9";"44,0";"5,9";"";"0,0"
"28/08/2023";"2300";"26,1";"26,4";"26,1";"81,0";"82,0";"81,0";"22,5";"23,0";"22,5";"1012,1";"1012,1";"1011,4";"1,7";"37,0";"4,6";"";"0,0"
"29/08/2023";"0000";"26,3";"26,3";"25,9";"79,0";"82,0";"79,0";"22,3";"22,6";"22,3";"1012,7";"1012,7";"1012,1";"2,7";"52,0";"5,0";"";"0,0"
"29/08/2023";"0100";"25,9";"26,3";"25,9";"83,0";"83,0";"79,0";"22,9";"22,9";"22,3";"1013,3";"1013,4";"1012,7";"1,9";"50,0";"5,5";"";"0,0"
"29/08/2023";"0200";"25,5";"25,9";"25,4";"86,0";"86,0";"83,0";"23,0";"23,1";"22,9";"1013,5";"1013,6";"1013,3";"1,8";"55,0";"3,6";"";"0,0"
"29/08/2023";"0300";"25,5";"25,7";"25,5";"86,0";"87,0";"85,0";"22,9";"23,2";"22,9";"1013,2";"1013,5";"1013,2";"1,9";"66,0";"4,3";"";"0,0"
"29/08/2023";"0400";"25,3";"25,6";"25,3";"84,0";"86,0";"83,0";"22,5";"22,9";"22,4";"1012,7";"1013,2";"1012,7";"1,8";"64,0";"4,1";"";"0,0"
"29/08/2023";"0500";"25,2";"25,7";"25,2";"85,0";"85,0";"84,0";"22,5";"22,9";"22,5";"1012,7";"1012,7";"1012,6";"1,6";"111,0";"4,3";"";"0,0"
"29/08/2023";"0600";"23,7";"25,2";"23,7";"90,0";"90,0";"85,0";"22,1";"22,5";"22,1";"1012,7";"1012,8";"1012,7";"1,3";"105,0";"3,3";"";"0,0"
"29/08/2023";"0700";"23,2";"23,7";"23,0";"92,0";"92,0";"90,0";"21,8";"22,0";"21,7";"1012,4";"1012,7";"1012,4";"1,5";"103,0";"2,6";"";"0,0"
"29/08/2023";"0800";"23,2";"23,3";"23,1";"91,0";"92,0";"91,0";"21,7";"21,9";"21,7";"1012,5";"1012,5";"1012,4";"1,0";"89,0";"3,0";"";"0,0"
"29/08/2023";"0900";"22,5";"23,2";"22,5";"93,0";"93,0";"91,0";"21,4";"21,8";"21,4";"1013,2";"1013,2";"1012,5";"1,0";"143,0";"2,1";"26,60";"0,0"
"29/08/2023";"1000";"25,5";"25,5";"22,5";"82,0";"93,0";"82,0";"22,3";"22,4";"21,4";"1013,7";"1013,7";"1013,2";"1,4";"126,0";"2,9";"406,00";"0,0"
"29/08/2023";"1100";"27,8";"27,9";"25,4";"70,0";"82,0";"70,0";"21,8";"22,5";"21,8";"1014,1";"1014,1";"1013,7";"2,6";"101,0";"4,8";"1087,80";"0,0"
"29/08/2023";"1200";"29,6";"29,6";"27,8";"63,0";"70,0";"63,0";"21,9";"22,0";"21,2";"1014,2";"1014,3";"1014,1";"2,6";"125,0";"6,8";"1713,00";"0,0"
"29/08/2023";"1300";"30,8";"31,3";"29,2";"57,0";"63,0";"57,0";"21,3";"22,1";"21,1";"1013,8";"1014,2";"1013,8";"3,6";"90,0";"7,7";"1732,40";"0,0"
"29/08/2023";"1400";"31,7";"31,9";"30,2";"55,0";"60,0";"55,0";"21,4";"22,2";"21,2";"1013,2";"1013,8";"1013,2";"4,3";"68,0";"8,5";"2309,00";"0,0"
"29/08/2023";"1500";"31,9";"32,2";"30,7";"55,0";"59,0";"54,0";"21,7";"22,4";"21,1";"1012,2";"1013,2";"1012,2";"4,5";"57,0";"8,8";"2803,80";"0,0"
"29/08/2023";"1600";"32,4";"32,4";"30,7";"55,0";"58,0";"54,0";"22,2";"22,2";"21,4";"1011,0";"1012,2";"1011,0";"4,5";"56,0";"9,0";"2650,60";"0,0"
"29/08/2023";"1700";"31,3";"32,4";"30,9";"58,0";"59,0";"54,0";"22,0";"22,1";"21,3";"1010,2";"1011,0";"1010,2";"4,7";"62,0";"9,1";"2324,20";"0,0"
"29/08/2023";"1800";"30,3";"31,6";"29,8";"61,0";"63,0";"56,0";"22,1";"22,4";"21,5";"1009,8";"1010,2";"1009,7";"5,5";"42,0";"10,0";"1806,10";"0,0"
"29/08/2023";"1900";"29,1";"30,3";"29,1";"68,0";"68,0";"61,0";"22,5";"22,5";"21,8";"1009,9";"1010,0";"1009,7";"4,9";"54,0";"10,0";"1128,50";"0,0"
"29/08/2023";"2000";"27,7";"29,2";"27,7";"76,0";"76,0";"68,0";"23,0";"23,0";"22,4";"1010,1";"1010,2";"1009,9";"4,6";"54,0";"10,2";"440,10";"0,0"
"29/08/2023";"2100";"26,8";"27,7";"26,8";"81,0";"81,0";"76,0";"23,3";"23,3";"23,0";"1010,6";"1010,6";"1010,1";"3,1";"52,0";"8,1";"33,20";"0,0"
"29/08/2023";"2200";"26,8";"26,9";"26,7";"82,0";"82,0";"81,0";"23,3";"23,4";"23,2";"1011,4";"1011,4";"1010,6";"3,0";"55,0";"8,1";"";"0,0"
"29/08/2023";"2300";"27,1";"27,1";"26,8";"80,0";"82,0";"80,0";"23,4";"23,4";"23,2";"1012,0";"1012,0";"1011,3";"4,5";"57,0";"8,4";"";"0,0"
"30/08/2023";"0000";"27,2";"27,2";"27,1";"80,0";"81,0";"80,0";"23,5";"23,6";"23,4";"1012,6";"1012,6";"1012,0";"4,7";"63,0";"10,2";"";"0,0"
"30/08/2023";"0100";"27,0";"27,2";"27,0";"78,0";"81,0";"78,0";"22,8";"23,6";"22,8";"1012,9";"1012,9";"1012,6";"5,2";"68,0";"10,7";"";"0,0"
"30/08/2023";"0200";"26,6";"27,0";"26,6";"79,0";"79,0";"76,0";"22,7";"22,8";"22,4";"1012,9";"1013,0";"1012,9";"4,8";"88,0";"10,5";"";"0,0"
"30/08/2023";"0300";"26,0";"26,7";"25,9";"81,0";"81,0";"78,0";"22,4";"22,6";"22,4";"1012,3";"1012,9";"1012,3";"3,6";"88,0";"8,9";"";"0,0"
"30/08/2023";"0400";"25,5";"26,1";"25,3";"82,0";"83,0";"81,0";"22,1";"22,4";"22,1";"1011,7";"1012,3";"1011,6";"3,2";"90,0";"7,8";"";"0,0"
"30/08/2023";"0500";"25,1";"25,5";"25,1";"82,0";"82,0";"82,0";"21,7";"22,1";"21,7";"1011,0";"1011,7";"1010,8";"3,4";"90,0";"6,8";"";"0,0"
"30/08/2023";"0600";"24,3";"25,1";"24,3";"84,0";"84,0";"82,0";"21,5";"21,7";"21,5";"1011,0";"1011,1";"1010,9";"1,7";"89,0";"5,6";"";"0,0"
"30/08/2023";"0700";"23,4";"24,3";"23,4";"88,0";"88,0";"84,0";"21,3";"21,5";"21,3";"1011,2";"1011,2";"1011,0";"1,3";"102,0";"3,3";"";"0,0"
"30/08/2023";"0800";"22,7";"23,4";"22,7";"91,0";"91,0";"88,0";"21,1";"21,3";"21,0";"1011,4";"1011,4";"1011,1";"0,8";"105,0";"2,0";"";"0,0"
"30/08/2023";"0900";"23,1";"23,1";"22,2";"91,0";"93,0";"91,0";"21,6";"21,6";"21,0";"1012,1";"1012,1";"1011,4";"1,2";"106,0";"2,4";"29,80";"0,0"
"30/08/2023";"1000";"25,8";"25,8";"23,1";"80,0";"91,0";"80,0";"22,2";"22,3";"21,6";"1012,6";"1012,6";"1012,1";"1,6";"119,0";"3,3";"442,50";"0,0"
"30/08/2023";"1100";"27,3";"27,7";"25,8";"68,0";"80,0";"67,0";"20,8";"22,3";"20,8";"1013,1";"1013,1";"1012,6";"3,1";"128,0";"6,4";"1101,30";"0,0"
"30/08/2023";"1200";"29,9";"30,0";"27,1";"57,0";"69,0";"56,0";"20,3";"21,1";"19,9";"1013,1";"1013,2";"1013,1";"4,1";"114,0";"9,9";"1799,50";"0,0"
"30/08/2023";"1300";"30,6";"30,8";"29,6";"52,0";"57,0";"52,0";"19,5";"20,4";"19,5";"1012,6";"1013,1";"1012,6";"3,7";"118,0";"9,0";"2354,30";"0,0"
"30/08/2023";"1400";"32,4";"32,4";"30,6";"46,0";"53,0";"45,0";"19,2";"20,0";"18,4";"1011,6";"1012,6";"1011,6";"1,7";"120,0";"7,6";"2688,70";"0,0"
"30/08/2023";"1500";"33,3";"33,7";"32,1";"46,0";"50,0";"41,0";"20,2";"20,9";"17,9";"1010,4";"1011,6";"1010,4";"2,6";"43,0";"7,1";"2870,90";"0,0"
"30/08/2023";"1600";"33,3";"33,8";"32,4";"50,0";"51,0";"46,0";"21,5";"21,5";"20,0";"1009,3";"1010,4";"1009,2";"4,1";"28,0";"7,7";"2656,50";"0,0"
"30/08/2023";"1700";"32,7";"33,5";"31,6";"51,0";"54,0";"49,0";"21,3";"21,5";"20,7";"1008,3";"1009,3";"1008,2";"4,0";"51,0";"8,2";"2403,40";"0,0"
"30/08/2023";"1800";"30,4";"32,6";"30,1";"63,0";"63,0";"51,0";"22,6";"22,7";"20,9";"1007,8";"1008,3";"1007,7";"4,7";"35,0";"9,5";"1883,70";"0,0"
"30/08/2023";"1900";"29,1";"30,7";"29,0";"69,0";"69,0";"62,0";"22,9";"23,0";"22,4";"1007,6";"1007,8";"1007,5";"5,3";"47,0";"9,0";"1193,90";"0,0"
"30/08/2023";"2000";"27,7";"29,5";"27,7";"76,0";"76,0";"68,0";"23,2";"23,3";"22,9";"1008,2";"1008,2";"1007,6";"4,8";"43,0";"9,1";"469,50";"0,0"
"30/08/2023";"2100";"26,9";"27,7";"26,9";"80,0";"81,0";"76,0";"23,2";"23,5";"23,1";"1008,8";"1008,8";"1008,2";"4,1";"46,0";"10,5";"33,90";"0,0"
"30/08/2023";"2200";"26,7";"26,9";"26,7";"80,0";"81,0";"79,0";"22,9";"23,2";"22,8";"1009,5";"1009,5";"1008,8";"3,9";"47,0";"8,6";"";"0,0"
"30/08/2023";"2300";"26,7";"26,7";"26,6";"78,0";"80,0";"78,0";"22,6";"22,9";"22,5";"1010,3";"1010,3";"1009,5";"4,3";"46,0";"8,4";"";"0,0"
"31/08/2023";"0000";"26,7";"26,8";"26,6";"77,0";"79,0";"77,0";"22,4";"22,8";"22,4";"1011,0";"1011,0";"1010,4";"4,4";"56,0";"8,5";"";"0,0"
"31/08/2023";"0100";"26,5";"26,7";"26,4";"75,0";"78,0";"75,0";"21,7";"22,5";"21,7";"1011,5";"1011,5";"1010,9";"4,7";"61,0";"9,2";"";"0,0"
"31/08/2023";"0200";"26,0";"26,5";"26,0";"75,0";"76,0";"73,0";"21,1";"21,7";"21,1";"1011,7";"1011,8";"1011,4";"5,1";"76,0";"10,4";"";"0,0"
"31/08/2023";"0300";"25,2";"26,0";"25,2";"77,0";"77,0";"75,0";"20,8";"21,2";"20,8";"1011,6";"1011,7";"1011,6";"4,3";"86,0";"10,0";"";"0,0"
"31/08/2023";"0400";"24,7";"25,3";"24,7";"79,0";"79,0";"76,0";"20,8";"20,8";"20,4";"1011,3";"1011,6";"1011,3";"3,7";"90,0";"8,4";"";"0,0"
"31/08/2023";"0500";"24,4";"24,8";"24,4";"81,0";"81,0";"79,0";"20,9";"21,0";"20,8";"1011,0";"1011,3";"1010,9";"3,5";"90,0";"8,8";"";"0,0"
"31/08/2023";"0600";"23,9";"24,4";"23,9";"82,0";"82,0";"81,0";"20,6";"20,9";"20,6";"1011,0";"1011,1";"1011,0";"2,3";"95,0";"5,8";"";"0,0"
"31/08/2023";"0700";"22,9";"23,9";"22,9";"85,0";"85,0";"82,0";"20,2";"20,6";"20,2";"1011,2";"1011,2";"1011,0";"1,4";"84,0";"3,9";"";"0,0"
"31/08/2023";"0800";"22,3";"22,9";"21,5";"87,0";"91,0";"85,0";"20,1";"20,3";"19,7";"1011,7";"1011,7";"1011,2";"1,9";"92,0";"3,4";"";"0,0"
"31/08/2023";"0900";"23,2";"23,2";"20,9";"83,0";"92,0";"83,0";"20,1";"20,3";"19,4";"1012,4";"1012,4";"1011,7";"1,1";"119,0";"3,1";"33,70";"0,0"
"31/08/2023";"1000";"26,2";"26,2";"23,2";"71,0";"82,0";"71,0";"20,5";"20,7";"19,8";"1012,7";"1012,7";"1012,4";"2,4";"100,0";"4,5";"508,00";"0,0"
"31/08/2023";"1100";"28,2";"28,4";"26,2";"61,0";"71,0";"60,0";"19,9";"20,8";"19,8";"1013,4";"1013,4";"1012,7";"3,9";"88,0";"8,0";"1259,40";"0,0"
"31/08/2023";"1200";"29,1";"29,5";"28,0";"60,0";"62,0";"57,0";"20,5";"20,8";"19,6";"1013,9";"1013,9";"1013,4";"4,1";"79,0";"8,6";"1600,00";"0,0"
"31/08/2023";"1300";"30,0";"30,7";"28,7";"52,0";"62,0";"52,0";"19,1";"21,3";"19,1";"1013,5";"1013,9";"1013,4";"5,2";"69,0";"9,7";"1835,70";"0,0"
"31/08/2023";"1400";"30,2";"31,1";"29,5";"52,0";"54,0";"51,0";"19,4";"20,4";"19,1";"1012,7";"1013,5";"1012,7";"4,1";"51,0";"9,6";"2792,50";"0,0"
"31/08/2023";"1500";"31,5";"31,7";"30,2";"51,0";"54,0";"49,0";"20,0";"20,4";"19,4";"1011,5";"1012,7";"1011,5";"3,4";"68,0";"8,7";"2925,90";"0,0"
"31/08/2023";"1600";"31,5";"32,6";"31,2";"48,0";"51,0";"47,0";"19,3";"20,2";"19,2";"1010,6";"1011,5";"1010,5";"3,6";"64,0";"8,4";"2814,30";"0,0"
"31/08/2023";"1700";"31,7";"32,6";"31,1";"46,0";"49,0";"43,0";"18,7";"19,7";"18,2";"1009,7";"1010,6";"1009,7";"4,3";"41,0";"8,6";"2462,00";"0,0"
"31/08/2023";"1800";"31,1";"31,9";"30,6";"49,0";"50,0";"45,0";"19,2";"19,3";"18,0";"1009,2";"1009,7";"1009,1";"4,9";"43,0";"8,9";"1962,70";"0,0"
"31/08/2023";"1900";"29,4";"31,1";"29,3";"60,0";"60,0";"49,0";"20,7";"20,8";"18,7";"1009,2";"1009,3";"1009,1";"4,5";"39,0";"9,6";"1275,00";"0,0"
"31/08/2023";"2000";"28,0";"29,5";"28,0";"67,0";"67,0";"58,0";"21,3";"21,3";"19,9";"1009,6";"1009,6";"1009,2";"4,1";"51,0";"9,6";"519,60";"0,0"
"31/08/2023";"2100";"26,9";"28,1";"26,9";"72,0";"72,0";"67,0";"21,4";"21,8";"21,3";"1009,8";"1009,8";"1009,5";"3,2";"47,0";"8,1";"39,50";"0,0"
"31/08/2023";"2200";"26,7";"26,9";"26,7";"77,0";"77,0";"72,0";"22,4";"22,4";"21,4";"1010,2";"1010,2";"1009,8";"4,4";"54,0";"7,9";"";"0,0"
"31/08/2023";"2300";"26,5";"26,7";"26,5";"83,0";"83,0";"77,0";"23,5";"23,5";"22,3";"1010,9";"1010,9";"1010,2";"4,7";"55,0";"9,4";"";"0,0"
"01/09/2023";"0000";"26,8";"26,9";"26,5";"78,0";"85,0";"78,0";"22,7";"23,9";"22,7";"1011,5";"1011,5";"1010,8";"5,6";"71,0";"10,9";"";"0,0"
"01/09/2023";"0100";"26,7";"26,8";"26,6";"77,0";"78,0";"76,0";"22,4";"22,6";"22,1";"1012,3";"1012,4";"1011,5";"6,0";"74,0";"11,0";"";"0,0"
"01/09/2023";"0200";"26,5";"26,7";"26,5";"79,0";"80,0";"77,0";"22,7";"22,7";"22,3";"1012,2";"1012,4";"1012,2";"5,0";"75,0";"11,4";"";"0,0"
"01/09/2023";"0300";"26,4";"26,5";"26,4";"79,0";"80,0";"79,0";"22,3";"22,7";"22,3";"1012,1";"1012,3";"1012,1";"5,3";"78,0";"9,9";"";"0,0"
"01/09/2023";"0400";"26,3";"26,4";"26,3";"80,0";"80,0";"78,0";"22,5";"22,6";"22,3";"1011,8";"1012,1";"1011,8";"3,9";"89,0";"9,8";"";"0,0"
"01/09/2023";"0500";"25,6";"26,3";"25,6";"81,0";"81,0";"79,0";"22,1";"22,5";"22,1";"1011,3";"1011,8";"1011,3";"3,5";"99,0";"9,3";"";"0,0"
"01/09/2023";"0600";"24,4";"25,7";"24,4";"86,0";"86,0";"81,0";"21,9";"22,1";"21,9";"1011,2";"1011,4";"1011,2";"1,7";"116,0";"6,5";"";"0,0"
"01/09/2023";"0700";"23,8";"24,4";"23,8";"87,0";"87,0";"86,0";"21,4";"21,8";"21,4";"1011,6";"1011,6";"1011,2";"1,4";"130,0";"4,5";"";"0,0"
"01/09/2023";"0800";"23,0";"23,8";"23,0";"89,0";"89,0";"87,0";"21,1";"21,5";"21,1";"1012,0";"1012,0";"1011,6";"1,3";"92,0";"3,9";"";"0,0"
"01/09/2023";"0900";"23,9";"23,9";"22,6";"86,0";"91,0";"86,0";"21,4";"21,4";"20,9";"1012,5";"1012,6";"1012,0";"2,2";"99,0";"4,1";"34,00";"0,0"
"01/09/2023";"1000";"26,2";"26,2";"23,9";"73,0";"86,0";"73,0";"20,9";"21,6";"20,9";"1013,3";"1013,3";"1012,5";"4,8";"96,0";"8,1";"494,70";"0,0"
"01/09/2023";"1100";"26,7";"27,5";"26,2";"65,0";"73,0";"64,0";"19,6";"20,9";"19,6";"1014,2";"1014,3";"1013,3";"4,6";"102,0";"10,9";"988,40";"0,0"
"01/09/2023";"1200";"28,0";"28,5";"26,7";"57,0";"66,0";"56,0";"18,8";"20,1";"18,8";"1014,6";"1014,6";"1014,2";"4,3";"99,0";"9,2";"1211,80";"0,0"
"01/09/2023";"1300";"29,7";"30,5";"28,0";"49,0";"57,0";"49,0";"17,9";"18,9";"17,6";"1014,3";"1014,6";"1014,3";"5,0";"59,0";"11,0";"2137,60";"0,0"
"01/09/2023";"1400";"30,3";"31,3";"29,6";"46,0";"50,0";"46,0";"17,5";"18,7";"17,2";"1013,6";"1014,4";"1013,6";"5,2";"66,0";"10,2";"2883,20";"0,0"
"01/09/2023";"1500";"31,0";"31,5";"30,1";"46,0";"46,0";"41,0";"18,1";"18,1";"16,4";"1012,3";"1013,6";"1012,3";"4,7";"42,0";"9,8";"2966,60";"0,0"
"01/09/2023";"1600";"30,9";"31,4";"30,2";"47,0";"50,0";"45,0";"18,3";"18,9";"17,8";"1011,4";"1012,3";"1011,4";"4,3";"51,0";"9,9";"2838,10";"0,0"
"01/09/2023";"1700";"30,6";"31,8";"30,4";"48,0";"48,0";"44,0";"18,2";"18,5";"17,6";"1010,5";"1011,4";"1010,4";"4,9";"42,0";"10,2";"2507,00";"0,0"
"01/09/2023";"1800";"30,4";"31,7";"30,3";"46,0";"48,0";"43,0";"17,7";"18,3";"17,2";"1009,9";"1010,5";"1009,8";"5,6";"51,0";"10,4";"1984,10";"0,0"
"01/09/2023";"1900";"29,2";"30,8";"29,2";"55,0";"55,0";"46,0";"19,2";"19,5";"17,5";"1010,1";"1010,1";"1009,8";"4,6";"39,0";"10,4";"1286,40";"0,0"
"01/09/2023";"2000";"27,9";"29,5";"27,9";"65,0";"66,0";"55,0";"20,8";"20,9";"19,3";"1010,5";"1010,6";"1010,1";"3,9";"37,0";"8,6";"537,10";"0,0"
"01/09/2023";"2100";"26,6";"27,8";"26,6";"74,0";"74,0";"65,0";"21,6";"21,6";"20,8";"1011,0";"1011,0";"1010,5";"2,6";"32,0";"7,5";"40,80";"0,0"
"01/09/2023";"2200";"26,0";"26,6";"26,0";"77,0";"77,0";"74,0";"21,7";"21,7";"21,6";"1011,5";"1011,5";"1011,0";"2,2";"42,0";"5,4";"";"0,0"
"01/09/2023";"2300";"25,9";"26,1";"25,8";"80,0";"80,0";"77,0";"22,2";"22,2";"21,7";"1012,1";"1012,1";"1011,5";"2,5";"44,0";"4,9";"";"0,0"
"02/09/2023";"0000";"25,9";"26,0";"25,8";"81,0";"81,0";"80,0";"22,3";"22,3";"22,2";"1012,7";"1012,7";"1012,1";"2,7";"49,0";"6,4";"";"0,0"
"02/09/2023";"0100";"25,9";"26,0";"25,8";"81,0";"82,0";"80,0";"22,5";"22,6";"22,2";"1013,3";"1013,3";"1012,7";"3,2";"53,0";"7,0";"";"0,0"
"02/09/2023";"0200";"26,5";"26,5";"25,9";"73,0";"81,0";"73,0";"21,4";"22,8";"21,4";"1013,1";"1013,3";"1013,1";"3,6";"67,0";"8,0";"";"0,0"
"02/09/2023";"0300";"26,0";"26,5";"26,0";"72,0";"73,0";"70,0";"20,5";"21,3";"20,5";"1012,4";"1013,1";"1012,4";"3,1";"87,0";"8,0";"";"0,0"
"02/09/2023";"0400";"24,9";"26,0";"24,9";"75,0";"75,0";"72,0";"20,1";"20,5";"20,1";"1011,9";"1012,4";"1011,9";"2,9";"87,0";"6,6";"";"0,0"
"02/09/2023";"0500";"23,6";"24,9";"23,6";"80,0";"80,0";"75,0";"20,0";"20,1";"20,0";"1011,6";"1011,9";"1011,6";"2,1";"70,0";"4,6";"";"0,0"
"02/09/2023";"0600";"23,3";"23,8";"23,3";"82,0";"82,0";"80,0";"20,0";"20,0";"20,0";"1011,6";"1011,7";"1011,6";"1,6";"97,0";"4,5";"";"0,0"
"02/09/2023";"0700";"22,1";"23,3";"22,0";"87,0";"87,0";"82,0";"19,9";"20,1";"19,7";"1011,7";"1011,7";"1011,6";"0,7";"114,0";"3,3";"";"0,0"
"02/09/2023";"0800";"21,7";"22,2";"21,7";"89,0";"89,0";"87,0";"19,8";"19,9";"19,8";"1011,8";"1011,8";"1011,5";"0,6";"121,0";"2,6";"";"0,0"
"02/09/2023";"0900";"21,4";"21,7";"20,7";"92,0";"93,0";"89,0";"20,0";"20,0";"19,3";"1012,6";"1012,6";"1011,8";"0,3";"121,0";"1,7";"36,50";"0,0"
"02/09/2023";"1000";"25,0";"25,0";"21,4";"76,0";"92,0";"76,0";"20,4";"20,5";"19,9";"1013,0";"1013,0";"1012,6";"1,7";"124,0";"3,4";"474,00";"0,0"
"02/09/2023";"1100";"27,6";"27,8";"24,9";"62,0";"76,0";"62,0";"19,7";"20,7";"19,7";"1013,3";"1013,3";"1013,0";"3,4";"128,0";"7,0";"1183,40";"0,0"
"02/09/2023";"1200";"30,1";"30,1";"27,5";"53,0";"63,0";"53,0";"19,5";"20,1";"19,3";"1013,5";"1013,5";"1013,2";"3,7";"117,0";"8,1";"1860,60";"0,0"
"02/09/2023";"1300";"31,1";"31,5";"29,7";"47,0";"54,0";"47,0";"18,5";"19,7";"18,4";"1012,8";"1013,5";"1012,8";"3,4";"133,0";"8,3";"2382,60";"0,0"
"02/09/2023";"1400";"32,2";"33,3";"30,9";"44,0";"48,0";"43,0";"18,6";"19,4";"18,3";"1012,1";"1012,8";"1012,1";"4,1";"104,0";"8,8";"2417,60";"0,0"
"02/09/2023";"1500";"32,8";"33,4";"31,7";"46,0";"50,0";"43,0";"19,6";"20,6";"18,5";"1010,9";"1012,1";"1010,9";"4,8";"57,0";"8,6";"2379,60";"0,0"
"02/09/2023";"1600";"32,2";"33,4";"32,2";"46,0";"49,0";"44,0";"19,1";"20,4";"19,1";"1009,9";"1010,9";"1009,9";"5,2";"53,0";"9,3";"2736,00";"0,0"
"02/09/2023";"1700";"32,2";"33,0";"31,6";"49,0";"50,0";"45,0";"20,3";"20,3";"19,1";"1009,6";"1009,9";"1009,5";"5,3";"58,0";"9,6";"2377,80";"0,0"
"02/09/2023";"1800";"30,8";"32,7";"30,6";"59,0";"59,0";"48,0";"21,9";"21,9";"20,3";"1009,1";"1009,6";"1009,1";"4,9";"36,0";"10,9";"1835,90";"0,0"
"02/09/2023";"1900";"29,4";"30,8";"29,4";"65,0";"65,0";"59,0";"22,2";"22,3";"21,7";"1009,0";"1009,2";"1008,9";"5,3";"50,0";"10,2";"1157,60";"0,0"
"02/09/2023";"2000";"28,2";"29,6";"28,1";"72,0";"72,0";"65,0";"22,6";"22,6";"22,0";"1009,1";"1009,2";"1008,9";"4,8";"54,0";"10,2";"454,40";"0,0"
"02/09/2023";"2100";"27,3";"28,2";"27,3";"76,0";"76,0";"72,0";"22,6";"22,8";"22,5";"1009,6";"1009,6";"1009,1";"4,1";"52,0";"9,0";"32,40";"0,0"
"02/09/2023";"2200";"27,3";"27,3";"27,2";"74,0";"76,0";"74,0";"22,4";"22,6";"22,3";"1010,0";"1010,0";"1009,5";"4,2";"53,0";"8,9";"";"0,0"
"02/09/2023";"2300";"27,5";"27,6";"27,3";"74,0";"76,0";"74,0";"22,4";"22,7";"22,4";"1010,8";"1010,8";"1010,0";"4,3";"65,0";"9,1";"";"0,0"
"03/09/2023";"0000";"27,5";"27,7";"27,4";"70,0";"77,0";"69,0";"21,4";"22,9";"21,4";"1011,3";"1011,3";"1010,8";"5,5";"82,0";"10,6";"";"0,0"
"03/09/2023";"0100";"26,8";"27,5";"26,8";"68,0";"70,0";"68,0";"20,5";"21,4";"20,5";"1012,0";"1012,0";"1011,3";"4,4";"88,0";"10,3";"";"0,0"
"03/09/2023";"0200";"26,2";"26,8";"26,2";"70,0";"70,0";"68,0";"20,3";"20,5";"20,3";"1011,9";"1012,1";"1011,9";"3,8";"89,0";"8,3";"";"0,0"
"03/09/2023";"0300";"25,4";"26,2";"25,4";"72,0";"72,0";"70,0";"20,0";"20,3";"20,0";"1011,7";"1011,9";"1011,6";"2,6";"101,0";"7,3";"";"0,0"
"03/09/2023";"0400";"24,6";"25,4";"24,6";"77,0";"77,0";"72,0";"20,3";"20,3";"20,1";"1011,2";"1011,7";"1011,2";"2,2";"106,0";"6,0";"";"0,0"
"03/09/2023";"0500";"24,4";"24,6";"24,3";"77,0";"78,0";"77,0";"20,2";"20,3";"20,2";"1011,1";"1011,2";"1011,0";"2,9";"99,0";"5,5";"";"0,0"
"03/09/2023";"0600";"23,8";"24,5";"23,8";"81,0";"81,0";"77,0";"20,3";"20,3";"20,2";"1010,8";"1011,1";"1010,8";"2,7";"95,0";"6,5";"";"0,0"
"03/09/2023";"0700";"21,8";"23,8";"21,8";"87,0";"87,0";"81,0";"19,7";"20,3";"19,6";"1011,3";"1011,3";"1010,8";"0,8";"222,0";"4,3";"";"0,0"
"03/09/2023";"0800";"20,9";"21,8";"20,8";"92,0";"92,0";"87,0";"19,6";"19,7";"19,4";"1011,7";"1011,7";"1011,3";"0,5";"148,0";"1,4";"";"0,0"
"03/09/2023";"0900";"22,4";"22,4";"20,9";"84,0";"92,0";"84,0";"19,7";"19,7";"19,3";"1012,4";"1012,4";"1011,7";"1,0";"117,0";"2,3";"34,00";"0,0"
"03/09/2023";"1000";"25,9";"25,9";"22,5";"68,0";"84,0";"68,0";"19,4";"19,8";"19,3";"1012,6";"1012,7";"1012,4";"2,0";"122,0";"5,0";"447,30";"0,0"
"03/09/2023";"1100";"27,8";"27,9";"25,9";"55,0";"68,0";"55,0";"17,9";"19,4";"17,8";"1012,9";"1013,0";"1012,6";"4,0";"127,0";"8,5";"1178,60";"0,0"
"03/09/2023";"1200";"29,9";"30,1";"27,8";"47,0";"55,0";"46,0";"17,2";"18,0";"17,2";"1012,7";"1012,9";"1012,7";"4,3";"116,0";"9,9";"1867,10";"0,0"
"03/09/2023";"1300";"31,1";"31,5";"29,7";"43,0";"47,0";"42,0";"17,1";"17,9";"16,9";"1012,4";"1012,8";"1012,4";"3,8";"125,0";"9,6";"2399,20";"0,0"
"03/09/2023";"1400";"33,0";"33,3";"30,9";"39,0";"44,0";"38,0";"17,1";"17,9";"16,8";"1011,3";"1012,4";"1011,3";"3,9";"114,0";"9,6";"2759,60";"0,0"
"03/09/2023";"1500";"33,4";"33,9";"32,1";"40,0";"43,0";"38,0";"17,8";"18,7";"16,7";"1010,1";"1011,3";"1010,1";"4,6";"62,0";"9,9";"2810,70";"0,0"
"03/09/2023";"1600";"32,9";"33,7";"32,1";"45,0";"46,0";"40,0";"19,2";"19,5";"17,8";"1009,7";"1010,2";"1009,7";"5,1";"64,0";"9,8";"2754,00";"0,0"
"03/09/2023";"1700";"32,8";"33,2";"31,8";"47,0";"49,0";"45,0";"19,8";"20,2";"19,1";"1009,0";"1009,7";"1009,0";"4,8";"50,0";"10,4";"2393,90";"0,0"
"03/09/2023";"1800";"31,5";"33,1";"31,3";"55,0";"55,0";"46,0";"21,3";"21,4";"19,4";"1008,6";"1009,0";"1008,6";"5,1";"54,0";"10,6";"1840,70";"0,0"
"03/09/2023";"1900";"29,2";"31,6";"29,2";"67,0";"67,0";"52,0";"22,4";"22,4";"20,6";"1008,7";"1008,8";"1008,5";"5,6";"48,0";"11,0";"1147,80";"0,0"
"03/09/2023";"2000";"28,0";"29,5";"28,0";"74,0";"74,0";"64,0";"22,9";"22,9";"21,9";"1008,8";"1008,8";"1008,7";"5,2";"58,0";"10,3";"448,80";"0,0"
"03/09/2023";"2100";"27,3";"28,0";"27,3";"77,0";"77,0";"74,0";"23,0";"23,0";"22,8";"1009,2";"1009,2";"1008,8";"4,3";"47,0";"10,2";"31,80";"0,0"
"03/09/2023";"2200";"27,1";"27,3";"27,1";"81,0";"81,0";"77,0";"23,5";"23,6";"23,0";"1009,5";"1009,5";"1009,2";"3,8";"43,0";"8,0";"";"0,0"
"03/09/2023";"2300";"27,3";"27,3";"27,1";"80,0";"81,0";"80,0";"23,6";"23,7";"23,5";"1010,2";"1010,2";"1009,5";"3,3";"53,0";"6,8";"";"0,0"
"04/09/2023";"0000";"27,3";"27,5";"27,3";"76,0";"80,0";"76,0";"22,7";"23,7";"22,7";"1011,0";"1011,0";"1010,2";"2,5";"78,0";"7,0";"";"0,0"
"04/09/2023";"0100";"27,1";"27,7";"27,1";"69,0";"76,0";"67,0";"20,9";"22,5";"20,8";"1011,6";"1011,6";"1011,0";"3,7";"85,0";"8,2";"";"0,0"
"04/09/2023";"0200";"26,3";"27,1";"26,3";"73,0";"73,0";"69,0";"21,1";"21,2";"21,0";"1011,7";"1011,7";"1011,6";"3,2";"88,0";"7,7";"";"0,0"
"04/09/2023";"0300";"25,8";"26,3";"25,8";"74,0";"74,0";"73,0";"20,8";"21,1";"20,8";"1011,7";"1011,7";"1011,6";"3,1";"88,0";"7,0";"";"0,0"
"04/09/2023";"0400";"25,5";"25,8";"25,5";"73,0";"74,0";"72,0";"20,4";"20,8";"20,3";"1011,5";"1011,7";"1011,5";"3,2";"96,0";"7,6";"";"0,0"
"04/09/2023";"0500";"25,3";"25,6";"25,3";"72,0";"73,0";"72,0";"19,9";"20,4";"19,9";"1011,4";"1011,5";"1011,4";"3,1";"103,0";"6,3";"";"0,0"
"04/09/2023";"0600";"24,8";"25,3";"24,8";"74,0";"74,0";"72,0";"19,8";"19,9";"19,8";"1011,6";"1011,6";"1011,3";"2,7";"110,0";"6,8";"";"0,0"
"04/09/2023";"0700";"24,4";"25,0";"24,4";"74,0";"74,0";"73,0";"19,5";"19,8";"19,5";"1012,0";"1012,0";"1011,6";"2,7";"113,0";"8,8";"";"0,0"
"04/09/2023";"0800";"24,4";"24,5";"24,1";"72,0";"75,0";"72,0";"19,1";"19,5";"19,1";"1012,5";"1012,5";"1012,0";"2,6";"118,0";"7,1";"";"0,0"
"04/09/2023";"0900";"24,2";"24,7";"24,2";"73,0";"73,0";"71,0";"19,0";"19,1";"19,0";"1012,9";"1012,9";"1012,5";"1,4";"133,0";"7,5";"34,10";"0,0"
"04/09/2023";"1000";"26,1";"26,1";"24,2";"66,0";"73,0";"66,0";"19,3";"19,3";"19,0";"1013,3";"1013,3";"1012,9";"2,1";"126,0";"6,3";"433,80";"0,0"
"04/09/2023";"1100";"27,5";"27,7";"26,1";"57,0";"66,0";"57,0";"18,4";"19,2";"18,4";"1013,5";"1013,5";"1013,3";"3,4";"134,0";"7,5";"1147,00";"0,0"
"04/09/2023";"1200";"29,2";"29,3";"27,5";"51,0";"59,0";"50,0";"17,9";"18,8";"17,5";"1013,5";"1013,7";"1013,4";"4,9";"113,0";"10,6";"1855,80";"0,0"
"04/09/2023";"1300";"30,6";"30,7";"29,0";"46,0";"51,0";"46,0";"17,7";"18,2";"17,4";"1013,2";"1013,5";"1013,1";"4,7";"143,0";"10,6";"2331,40";"0,0"
"04/09/2023";"1400";"31,9";"32,2";"30,2";"41,0";"47,0";"40,0";"16,8";"17,9";"16,6";"1012,1";"1013,2";"1012,1";"3,4";"121,0";"9,5";"2565,90";"0,0"
"04/09/2023";"1500";"32,0";"33,7";"31,4";"47,0";"47,0";"37,0";"19,2";"19,2";"16,4";"1011,1";"1012,2";"1011,1";"4,9";"69,0";"11,4";"2757,50";"0,0"
"04/09/2023";"1600";"32,1";"33,0";"31,3";"47,0";"48,0";"44,0";"19,4";"19,7";"18,6";"1009,8";"1011,1";"1009,8";"5,0";"57,0";"12,2";"2718,80";"0,0"
"04/09/2023";"1700";"31,3";"32,4";"30,7";"56,0";"56,0";"45,0";"21,4";"21,4";"18,5";"1009,3";"1009,9";"1009,3";"4,9";"42,0";"12,2";"2379,30";"0,0"
"04/09/2023";"1800";"30,4";"31,3";"30,3";"58,0";"59,0";"55,0";"21,3";"21,6";"20,9";"1008,9";"1009,3";"1008,9";"4,9";"43,0";"10,6";"1860,40";"0,0"
"04/09/2023";"1900";"29,7";"31,0";"29,6";"58,0";"60,0";"55,0";"20,7";"21,5";"20,7";"1008,8";"1008,9";"1008,8";"5,3";"53,0";"9,5";"1175,80";"0,0"
"04/09/2023";"2000";"28,3";"29,8";"28,3";"65,0";"65,0";"58,0";"21,2";"21,2";"20,2";"1009,3";"1009,3";"1008,8";"5,0";"58,0";"10,1";"460,30";"0,0"
"04/09/2023";"2100";"27,4";"28,3";"27,4";"73,0";"73,0";"65,0";"22,2";"22,2";"21,1";"1009,7";"1009,7";"1009,2";"4,6";"55,0";"10,4";"31,80";"0,0"
"04/09/2023";"2200";"27,5";"27,5";"27,3";"73,0";"74,0";"73,0";"22,2";"22,4";"22,2";"1010,1";"1010,1";"1009,7";"4,6";"61,0";"9,4";"";"0,0"
"04/09/2023";"2300";"27,4";"27,5";"27,3";"75,0";"75,0";"73,0";"22,5";"22,5";"22,2";"1010,7";"1010,8";"1010,1";"4,7";"69,0";"9,5";"";"0,0"
"05/09/2023";"0000";"27,6";"27,7";"27,3";"64,0";"75,0";"64,0";"20,2";"22,6";"20,1";"1011,9";"1011,9";"1010,7";"5,7";"80,0";"11,2";"";"0,0"
"05/09/2023";"0100";"26,9";"27,6";"26,9";"66,0";"66,0";"63,0";"20,0";"20,1";"19,8";"1012,5";"1012,5";"1011,9";"4,1";"85,0";"10,1";"";"0,0"
"05/09/2023";"0200";"26,2";"26,9";"26,2";"66,0";"67,0";"65,0";"19,4";"20,0";"19,4";"1012,6";"1012,6";"1012,5";"2,8";"93,0";"7,8";"";"0,0"
"05/09/2023";"0300";"25,5";"26,2";"25,5";"70,0";"70,0";"66,0";"19,5";"19,6";"19,3";"1012,3";"1012,6";"1012,3";"2,2";"89,0";"5,4";"";"0,0"
"05/09/2023";"0400";"24,3";"25,5";"24,3";"75,0";"75,0";"70,0";"19,5";"19,6";"19,4";"1011,9";"1012,3";"1011,9";"1,4";"124,0";"3,7";"";"0,0"
"05/09/2023";"0500";"24,9";"25,0";"24,1";"73,0";"76,0";"72,0";"19,7";"19,8";"19,5";"1011,5";"1011,9";"1011,5";"2,3";"99,0";"4,2";"";"0,0"
"05/09/2023";"0600";"24,1";"24,9";"24,1";"77,0";"77,0";"73,0";"19,8";"19,9";"19,7";"1011,6";"1011,6";"1011,5";"2,1";"101,0";"4,2";"";"0,0"
"05/09/2023";"0700";"23,3";"24,1";"23,2";"81,0";"82,0";"77,0";"19,9";"20,0";"19,8";"1011,8";"1011,8";"1011,5";"1,6";"105,0";"4,0";"";"0,0"
"05/09/2023";"0800";"23,1";"23,5";"23,1";"83,0";"83,0";"81,0";"20,0";"20,2";"19,9";"1012,0";"1012,0";"1011,8";"1,9";"110,0";"3,9";"";"0,0"
"05/09/2023";"0900";"23,6";"23,6";"22,9";"80,0";"84,0";"80,0";"19,9";"20,1";"19,8";"1012,6";"1012,7";"1012,0";"2,0";"117,0";"4,7";"41,30";"0,0"
"05/09/2023";"1000";"26,4";"26,4";"23,6";"67,0";"80,0";"67,0";"19,8";"20,1";"19,6";"1013,2";"1013,2";"1012,6";"3,2";"120,0";"6,4";"491,40";"0,0"
"05/09/2023";"1100";"28,8";"28,8";"26,4";"53,0";"67,0";"51,0";"18,1";"19,7";"17,2";"1013,7";"1013,8";"1013,1";"4,2";"119,0";"8,5";"1260,20";"0,0"
"05/09/2023";"1200";"29,3";"30,8";"28,8";"51,0";"53,0";"48,0";"18,1";"19,0";"17,8";"1013,9";"1014,0";"1013,7";"4,3";"132,0";"8,9";"1908,60";"0,0"
"05/09/2023";"1300";"31,3";"31,7";"29,2";"47,0";"52,0";"47,0";"18,5";"19,1";"18,3";"1013,5";"1014,0";"1013,4";"3,6";"133,0";"9,4";"1718,70";"0,0"
"05/09/2023";"1400";"30,9";"32,0";"29,9";"49,0";"52,0";"47,0";"18,9";"19,6";"18,6";"1012,6";"1013,5";"1012,6";"3,9";"129,0";"9,4";"1842,30";"0,0"
"05/09/2023";"1500";"32,0";"32,7";"30,9";"47,0";"49,0";"45,0";"19,1";"19,8";"18,7";"1011,3";"1012,6";"1011,3";"4,1";"134,0";"9,4";"2070,40";"0,0"
"05/09/2023";"1600";"32,5";"32,7";"31,6";"45,0";"48,0";"44,0";"18,8";"19,4";"18,7";"1010,2";"1011,4";"1010,1";"5,6";"104,0";"10,6";"1484,70";"0,0"
"05/09/2023";"1700";"31,2";"33,9";"31,2";"57,0";"58,0";"41,0";"21,7";"22,0";"18,4";"1009,2";"1010,2";"1009,0";"5,5";"47,0";"10,7";"2095,30";"0,0"
"05/09/2023";"1800";"31,1";"32,0";"30,6";"57,0";"60,0";"55,0";"21,6";"22,5";"21,3";"1008,8";"1009,2";"1008,8";"4,9";"41,0";"8,9";"1881,20";"0,0"
"05/09/2023";"1900";"29,9";"31,1";"29,6";"62,0";"65,0";"57,0";"21,8";"22,6";"21,6";"1008,8";"1008,9";"1008,7";"4,5";"48,0";"10,0";"1234,50";"0,0"
"05/09/2023";"2000";"28,8";"30,0";"28,8";"67,0";"67,0";"62,0";"21,9";"22,1";"21,7";"1009,3";"1009,3";"1008,8";"5,1";"47,0";"8,5";"485,70";"0,0"
"05/09/2023";"2100";"28,5";"28,8";"28,4";"68,0";"69,0";"66,0";"21,9";"22,1";"21,8";"1009,7";"1009,7";"1009,2";"4,3";"58,0";"8,7";"36,80";"0,0"
"05/09/2023";"2200";"28,6";"28,9";"28,4";"66,0";"68,0";"62,0";"21,6";"21,8";"20,7";"1010,4";"1010,4";"1009,7";"4,9";"69,0";"10,4";"";"0,0"
"05/09/2023";"2300";"28,2";"28,7";"28,1";"64,0";"68,0";"64,0";"20,8";"21,7";"20,8";"1011,2";"1011,2";"1010,4";"4,6";"82,0";"10,5";"";"0,0"
"06/09/2023";"0000";"27,7";"28,3";"27,6";"61,0";"64,0";"60,0";"19,5";"20,6";"19,5";"1011,9";"1011,9";"1011,2";"4,4";"89,0";"9,2";"";"0,0"
"06/09/2023";"0100";"26,8";"27,7";"26,8";"63,0";"63,0";"60,0";"19,3";"19,4";"19,2";"1012,7";"1012,7";"1011,9";"4,5";"88,0";"9,6";"";"0,0"
"06/09/2023";"0200";"26,1";"26,9";"26,1";"66,0";"66,0";"63,0";"19,3";"19,4";"19,3";"1012,8";"1012,9";"1012,6";"4,4";"93,0";"9,5";"";"0,0"
"06/09/2023";"0300";"25,5";"26,2";"25,5";"68,0";"68,0";"66,0";"19,1";"19,4";"19,1";"1012,4";"1012,8";"1012,4";"3,5";"101,0";"9,0";"";"0,0"
"06/09/2023";"0400";"25,1";"25,7";"25,0";"72,0";"72,0";"67,0";"19,6";"19,6";"19,1";"1011,8";"1012,4";"1011,8";"3,1";"104,0";"8,3";"";"0,0"
"06/09/2023";"0500";"24,9";"25,1";"24,8";"74,0";"74,0";"72,0";"19,9";"19,9";"19,6";"1011,4";"1011,8";"1011,4";"3,3";"107,0";"7,9";"";"0,0"
"06/09/2023";"0600";"24,7";"24,9";"24,6";"75,0";"76,0";"74,0";"20,0";"20,1";"19,9";"1011,6";"1011,6";"1011,4";"3,6";"112,0";"8,0";"";"0,0"
"06/09/2023";"0700";"24,2";"24,7";"24,2";"76,0";"77,0";"75,0";"19,6";"20,0";"19,6";"1011,9";"1011,9";"1011,5";"2,6";"111,0";"7,1";"";"0,0"
"06/09/2023";"0800";"23,9";"24,2";"23,7";"74,0";"76,0";"74,0";"18,9";"19,6";"18,9";"1012,0";"1012,0";"1011,9";"2,0";"118,0";"5,2";"";"0,0"
"06/09/2023";"0900";"24,1";"24,1";"23,8";"72,0";"74,0";"72,0";"18,8";"18,9";"18,6";"1012,5";"1012,5";"1012,0";"2,1";"112,0";"5,5";"45,20";"0,0"
"06/09/2023";"1000";"26,0";"26,0";"24,1";"64,0";"72,0";"64,0";"18,8";"19,1";"18,7";"1013,1";"1013,1";"1012,5";"3,6";"122,0";"7,6";"514,10";"0,0"
"06/09/2023";"1100";"28,0";"28,0";"26,0";"58,0";"64,0";"57,0";"18,9";"19,1";"18,4";"1013,4";"1013,4";"1013,0";"4,3";"103,0";"9,4";"1296,90";"0,0"
"06/09/2023";"1200";"29,4";"30,0";"28,0";"47,0";"58,0";"46,0";"16,8";"18,9";"16,7";"1013,4";"1013,5";"1013,3";"5,6";"104,0";"9,7";"2013,00";"0,0"
"06/09/2023";"1300";"30,7";"31,0";"29,4";"44,0";"48,0";"44,0";"17,1";"17,4";"16,6";"1012,8";"1013,5";"1012,8";"5,3";"105,0";"11,8";"2552,90";"0,0"
"06/09/2023";"1400";"32,2";"32,5";"30,7";"39,0";"45,0";"38,0";"16,4";"17,5";"16,1";"1011,8";"1012,9";"1011,8";"4,6";"104,0";"10,6";"2863,70";"0,0"
"06/09/2023";"1500";"31,7";"33,0";"31,5";"46,0";"47,0";"36,0";"18,6";"18,8";"15,5";"1010,6";"1011,8";"1010,5";"5,4";"68,0";"10,6";"2802,10";"0,0"
"06/09/2023";"1600";"31,8";"32,8";"31,1";"46,0";"48,0";"43,0";"18,7";"19,1";"18,2";"1009,5";"1010,6";"1009,5";"5,6";"64,0";"10,8";"2839,60";"0,0"
"06/09/2023";"1700";"30,3";"32,1";"30,0";"58,0";"58,0";"43,0";"21,0";"21,0";"17,9";"1009,1";"1009,5";"1009,0";"6,2";"55,0";"10,6";"2493,00";"0,0"
"06/09/2023";"1800";"30,0";"30,8";"29,6";"58,0";"61,0";"54,0";"20,8";"21,5";"20,2";"1008,8";"1009,1";"1008,8";"5,3";"54,0";"11,9";"1961,70";"0,0"
"06/09/2023";"1900";"28,7";"30,1";"28,7";"64,0";"65,0";"58,0";"21,3";"21,6";"20,5";"1008,8";"1008,9";"1008,7";"5,5";"52,0";"11,6";"1208,50";"0,0"
"06/09/2023";"2000";"27,7";"28,7";"27,7";"70,0";"70,0";"63,0";"21,8";"21,8";"20,8";"1009,2";"1009,2";"1008,8";"5,6";"52,0";"11,2";"497,40";"0,0"
"06/09/2023";"2100";"27,0";"27,7";"27,0";"75,0";"75,0";"70,0";"22,2";"22,2";"21,8";"1009,7";"1009,8";"1009,2";"4,8";"54,0";"11,2";"35,10";"0,0"
"06/09/2023";"2200";"27,0";"27,1";"27,0";"75,0";"75,0";"74,0";"22,2";"22,3";"22,1";"1010,3";"1010,3";"1009,7";"5,3";"61,0";"11,7";"";"0,0"
"06/09/2023";"2300";"27,1";"27,2";"27,0";"75,0";"75,0";"74,0";"22,3";"22,4";"22,2";"1011,3";"1011,3";"1010,3";"5,6";"72,0";"11,9";"";"0,0"
"07/09/2023";"0000";"26,9";"27,3";"26,9";"64,0";"75,0";"64,0";"19,4";"22,2";"19,4";"1012,1";"1012,1";"1011,2";"5,0";"85,0";"11,6";"";"0,0"
"07/09/2023";"0100";"26,3";"26,9";"26,3";"62,0";"64,0";"61,0";"18,5";"19,4";"18,4";"1012,7";"1012,7";"1012,1";"4,5";"87,0";"9,2";"";"0,0"
"07/09/2023";"0200";"25,6";"26,4";"25,6";"67,0";"67,0";"62,0";"19,1";"19,1";"18,6";"1012,8";"1012,9";"1012,6";"3,4";"91,0";"8,5";"";"0,0"
"07/09/2023";"0300";"25,2";"25,7";"25,1";"70,0";"70,0";"67,0";"19,4";"19,4";"19,1";"1012,3";"1012,8";"1012,3";"3,8";"90,0";"7,3";"";"0,0"
"07/09/2023";"0400";"24,2";"25,3";"24,2";"75,0";"75,0";"70,0";"19,4";"19,5";"19,4";"1011,6";"1012,3";"1011,6";"1,8";"104,0";"7,1";"";"0,0"
"07/09/2023";"0500";"23,3";"24,2";"23,3";"78,0";"78,0";"75,0";"19,2";"19,4";"19,2";"1011,4";"1011,7";"1011,4";"1,4";"94,0";"3,6";"";"0,0"
"07/09/2023";"0600";"22,2";"23,4";"21,8";"83,0";"85,0";"78,0";"19,2";"19,3";"19,0";"1011,4";"1011,5";"1011,3";"1,2";"112,0";"2,6";"";"0,0"
"07/09/2023";"0700";"22,1";"22,4";"21,7";"82,0";"84,0";"82,0";"18,9";"19,3";"18,7";"1011,6";"1011,6";"1011,3";"1,5";"101,0";"2,6";"";"0,0"
"07/09/2023";"0800";"20,2";"22,2";"20,1";"88,0";"88,0";"82,0";"18,2";"19,0";"17,9";"1012,0";"1012,0";"1011,6";"0,9";"215,0";"2,6";"";"0,0"
"07/09/2023";"0900";"21,0";"21,0";"19,9";"87,0";"91,0";"87,0";"18,7";"19,0";"18,1";"1012,7";"1012,7";"1012,0";"0,5";"64,0";"1,3";"49,10";"0,0"
"07/09/2023";"1000";"25,9";"25,9";"21,0";"69,0";"87,0";"69,0";"19,7";"19,9";"18,7";"1013,3";"1013,3";"1012,7";"1,8";"120,0";"4,3";"508,90";"0,0"
"07/09/2023";"1100";"28,0";"28,0";"25,8";"57,0";"69,0";"57,0";"18,7";"19,5";"18,4";"1013,3";"1013,3";"1013,2";"4,0";"124,0";"8,2";"1284,00";"0,0"
"07/09/2023";"1200";"30,2";"30,2";"28,0";"51,0";"57,0";"50,0";"18,9";"19,2";"18,5";"1013,6";"1013,7";"1013,3";"3,5";"108,0";"8,8";"1943,40";"0,0"
"07/09/2023";"1300";"31,4";"31,7";"29,7";"45,0";"52,0";"44,0";"18,0";"19,1";"17,8";"1013,2";"1013,7";"1013,1";"5,0";"97,0";"9,7";"2496,00";"0,0"
"07/09/2023";"1400";"32,1";"32,4";"30,6";"44,0";"47,0";"42,0";"18,3";"18,7";"17,5";"1012,3";"1013,2";"1012,3";"3,4";"127,0";"9,7";"2705,90";"0,0"
"07/09/2023";"1500";"32,2";"32,9";"31,3";"49,0";"50,0";"41,0";"20,1";"20,1";"17,2";"1011,1";"1012,3";"1011,1";"4,0";"65,0";"8,5";"2587,20";"0,0"
"07/09/2023";"1600";"31,8";"32,8";"31,4";"52,0";"52,0";"47,0";"20,7";"20,7";"19,6";"1010,0";"1011,1";"1010,0";"5,2";"64,0";"9,1";"2807,50";"0,0"
"07/09/2023";"1700";"31,6";"32,0";"30,7";"55,0";"58,0";"52,0";"21,3";"21,8";"20,4";"1009,4";"1010,0";"1009,4";"5,3";"42,0";"10,5";"2448,70";"0,0"
"07/09/2023";"1800";"30,4";"31,6";"30,3";"58,0";"59,0";"53,0";"21,2";"21,5";"20,5";"1009,3";"1009,4";"1009,1";"5,6";"60,0";"10,5";"1924,10";"0,0"
"07/09/2023";"1900";"29,1";"30,7";"29,1";"66,0";"67,0";"57,0";"22,1";"22,6";"21,0";"1009,4";"1009,5";"1009,1";"5,4";"50,0";"10,5";"1237,30";"0,0"
"07/09/2023";"2000";"27,8";"29,1";"27,8";"74,0";"74,0";"66,0";"22,8";"22,8";"21,9";"1009,9";"1009,9";"1009,4";"5,5";"50,0";"10,7";"483,80";"0,0"
"07/09/2023";"2100";"27,2";"27,9";"27,2";"77,0";"77,0";"74,0";"22,9";"23,0";"22,8";"1010,3";"1010,4";"1009,9";"4,4";"53,0";"11,1";"35,00";"0,0"
"07/09/2023";"2200";"27,4";"27,5";"27,2";"76,0";"78,0";"75,0";"22,8";"23,0";"22,7";"1010,8";"1010,8";"1010,3";"4,9";"66,0";"12,0";"";"0,0"
"07/09/2023";"2300";"27,3";"27,4";"27,2";"76,0";"77,0";"76,0";"22,6";"23,0";"22,6";"1011,3";"1011,3";"1010,8";"5,4";"70,0";"11,7";"";"0,0"
"08/09/2023";"0000";"27,0";"27,3";"27,0";"72,0";"76,0";"70,0";"21,6";"22,6";"21,4";"1011,9";"1012,0";"1011,3";"5,1";"80,0";"11,5";"";"0,0"
"08/09/2023";"0100";"26,5";"27,1";"26,5";"71,0";"73,0";"70,0";"20,8";"21,7";"20,7";"1012,5";"1012,6";"1011,9";"4,6";"88,0";"9,8";"";"0,0"
"08/09/2023";"0200";"26,0";"26,5";"26,0";"69,0";"71,0";"68,0";"19,7";"20,7";"19,7";"1012,4";"1012,6";"1012,3";"4,1";"89,0";"10,4";"";"0,0"
"08/09/2023";"0300";"25,4";"26,0";"25,4";"71,0";"71,0";"68,0";"19,8";"19,8";"19,6";"1012,0";"1012,4";"1012,0";"3,6";"93,0";"7,5";"";"0,0"
"08/09/2023";"0400";"24,8";"25,4";"24,8";"75,0";"75,0";"71,0";"20,0";"20,0";"19,8";"1011,4";"1012,0";"1011,4";"2,8";"91,0";"6,6";"";"0,0"
"08/09/2023";"0500";"24,5";"24,9";"24,5";"77,0";"77,0";"75,0";"20,1";"20,2";"20,0";"1010,8";"1011,4";"1010,8";"2,5";"104,0";"5,8";"";"0,0"
"08/09/2023";"0600";"23,8";"24,6";"23,8";"80,0";"80,0";"77,0";"20,2";"20,2";"20,2";"1010,9";"1010,9";"1010,8";"1,5";"109,0";"5,1";"";"0,0"
"08/09/2023";"0700";"23,4";"23,8";"23,3";"82,0";"82,0";"80,0";"20,1";"20,2";"20,1";"1010,8";"1010,9";"1010,8";"1,2";"120,0";"3,3";"";"0,0"
"08/09/2023";"0800";"22,8";"23,4";"22,8";"84,0";"84,0";"82,0";"19,9";"20,1";"19,9";"1011,1";"1011,1";"1010,8";"1,7";"93,0";"2,6";"";"0,0"
"08/09/2023";"0900";"23,3";"23,3";"22,7";"83,0";"85,0";"83,0";"20,2";"20,2";"19,9";"1011,5";"1011,5";"1011,1";"1,1";"102,0";"3,4";"46,60";"0,0"
"08/09/2023";"1000";"26,4";"26,4";"23,3";"69,0";"83,0";"69,0";"20,3";"20,6";"20,2";"1012,0";"1012,0";"1011,5";"2,5";"106,0";"5,5";"502,30";"0,0"
"08/09/2023";"1100";"27,7";"27,9";"26,4";"63,0";"69,0";"63,0";"19,9";"20,3";"19,9";"1012,7";"1012,8";"1012,0";"4,2";"110,0";"8,6";"998,60";"0,0"
"08/09/2023";"1200";"28,1";"28,9";"27,5";"61,0";"63,0";"59,0";"19,8";"20,4";"19,6";"1013,2";"1013,2";"1012,7";"3,8";"119,0";"9,8";"1016,30";"0,0"
"08/09/2023";"1300";"29,1";"29,2";"28,1";"58,0";"61,0";"58,0";"20,0";"20,2";"19,7";"1012,8";"1013,3";"1012,8";"3,8";"114,0";"9,2";"1144,20";"0,0"
"08/09/2023";"1400";"30,1";"30,3";"29,1";"54,0";"58,0";"54,0";"19,8";"20,2";"19,6";"1012,0";"1012,8";"1012,0";"3,5";"104,0";"8,0";"1306,10";"0,0"
"08/09/2023";"1500";"30,7";"31,2";"29,9";"55,0";"58,0";"51,0";"20,5";"20,8";"19,6";"1011,0";"1012,0";"1011,0";"3,6";"90,0";"7,7";"1535,80";"0,0"
"08/09/2023";"1600";"31,3";"31,9";"30,4";"47,0";"55,0";"47,0";"18,8";"20,8";"18,8";"1010,2";"1011,0";"1010,2";"4,2";"98,0";"8,1";"1380,60";"0,0"
"08/09/2023";"1700";"29,9";"31,6";"29,7";"59,0";"60,0";"47,0";"21,1";"21,3";"18,8";"1009,6";"1010,2";"1009,5";"5,3";"56,0";"9,8";"1174,20";"0,0"
"08/09/2023";"1800";"29,7";"30,3";"29,4";"65,0";"65,0";"59,0";"22,4";"22,5";"21,0";"1009,3";"1009,6";"1009,3";"5,6";"42,0";"10,7";"1637,70";"0,0"
"08/09/2023";"1900";"29,5";"30,2";"28,9";"67,0";"69,0";"62,0";"22,8";"22,8";"21,8";"1009,2";"1009,3";"1009,1";"5,3";"57,0";"11,2";"1238,80";"0,0"
"08/09/2023";"2000";"27,7";"29,4";"27,7";"74,0";"74,0";"67,0";"22,7";"22,7";"22,4";"1009,5";"1009,5";"1009,2";"5,9";"58,0";"11,1";"490,90";"0,0"
"08/09/2023";"2100";"27,1";"27,7";"27,1";"78,0";"78,0";"74,0";"22,8";"22,9";"22,6";"1010,2";"1010,2";"1009,5";"4,0";"58,0";"11,1";"33,60";"0,0"
"08/09/2023";"2200";"27,9";"27,9";"27,1";"72,0";"78,0";"72,0";"22,2";"22,9";"22,2";"1010,6";"1010,6";"1010,2";"4,8";"68,0";"9,8";"";"0,0"
"08/09/2023";"2300";"27,9";"28,3";"27,9";"60,0";"72,0";"59,0";"19,3";"22,1";"19,3";"1011,7";"1011,7";"1010,6";"5,4";"97,0";"10,6";"";"0,0"
"09/09/2023";"0000";"26,5";"27,9";"26,5";"64,0";"64,0";"60,0";"19,2";"19,6";"19,2";"1012,5";"1012,5";"1011,7";"5,3";"95,0";"11,5";"";"0,0"
"09/09/2023";"0100";"26,5";"26,5";"26,4";"62,0";"64,0";"62,0";"18,6";"19,2";"18,6";"1012,8";"1013,0";"1012,5";"4,5";"100,0";"11,5";"";"0,0"
"09/09/2023";"0200";"25,8";"26,5";"25,7";"65,0";"66,0";"62,0";"18,8";"18,9";"18,5";"1012,6";"1012,8";"1012,6";"4,2";"106,0";"9,8";"";"0,0"
"09/09/2023";"0300";"25,3";"25,8";"25,3";"70,0";"70,0";"65,0";"19,4";"19,4";"18,8";"1011,9";"1012,7";"1011,9";"3,2";"107,0";"8,1";"";"0,0"
"09/09/2023";"0400";"24,3";"25,3";"24,3";"74,0";"74,0";"70,0";"19,2";"19,4";"19,2";"1011,5";"1012,0";"1011,5";"1,3";"100,0";"6,0";"";"0,0"
"09/09/2023";"0500";"24,0";"24,3";"24,0";"73,0";"74,0";"73,0";"18,8";"19,3";"18,8";"1011,1";"1011,5";"1011,1";"2,0";"105,0";"3,6";"";"0,0"
"09/09/2023";"0600";"24,1";"24,2";"23,8";"71,0";"73,0";"71,0";"18,5";"18,8";"18,5";"1010,9";"1011,1";"1010,9";"2,4";"100,0";"4,3";"";"0,0"
"09/09/2023";"0700";"23,5";"24,2";"23,5";"74,0";"74,0";"70,0";"18,5";"18,5";"18,4";"1011,3";"1011,3";"1010,9";"1,7";"102,0";"4,5";"";"0,0"
"09/09/2023";"0800";"21,2";"23,5";"21,2";"82,0";"82,0";"74,0";"18,1";"18,5";"18,1";"1012,0";"1012,0";"1011,3";"0,6";"191,0";"3,0";"";"0,0"
"09/09/2023";"0900";"21,8";"21,8";"20,8";"81,0";"85,0";"81,0";"18,4";"18,5";"18,1";"1012,6";"1012,6";"1012,0";"0,4";"154,0";"2,5";"51,70";"0,0"
"09/09/2023";"1000";"25,9";"25,9";"21,8";"65,0";"81,0";"65,0";"18,7";"19,2";"18,2";"1013,1";"1013,1";"1012,6";"2,2";"130,0";"4,4";"520,40";"0,0"
"09/09/2023";"1100";"27,9";"28,2";"25,9";"55,0";"65,0";"55,0";"18,1";"18,6";"18,0";"1013,5";"1013,5";"1013,1";"3,6";"115,0";"7,8";"1316,90";"0,0"
"09/09/2023";"1200";"29,9";"30,2";"27,9";"48,0";"56,0";"47,0";"17,6";"18,4";"17,1";"1013,6";"1013,7";"1013,5";"4,5";"112,0";"10,5";"2042,00";"0,0"
"09/09/2023";"1300";"31,4";"31,9";"29,8";"41,0";"48,0";"41,0";"16,8";"17,8";"16,6";"1012,8";"1013,6";"1012,8";"4,0";"129,0";"10,5";"2571,30";"0,0"
"09/09/2023";"1400";"32,9";"33,6";"31,4";"37,0";"42,0";"36,0";"16,4";"17,3";"16,3";"1012,3";"1012,9";"1012,3";"3,8";"132,0";"9,8";"2897,30";"0,0"
"09/09/2023";"1500";"33,9";"34,3";"32,7";"36,0";"38,0";"34,0";"16,6";"16,7";"15,7";"1010,8";"1012,2";"1010,7";"4,6";"99,0";"10,0";"2974,30";"0,0"
"09/09/2023";"1600";"32,6";"34,4";"32,3";"45,0";"47,0";"34,0";"19,3";"19,8";"16,0";"1009,9";"1010,8";"1009,9";"6,1";"59,0";"10,0";"2248,40";"0,0"
"09/09/2023";"1700";"30,9";"33,5";"30,9";"54,0";"54,0";"44,0";"20,6";"20,7";"19,3";"1009,0";"1009,9";"1008,9";"7,0";"52,0";"11,6";"2400,50";"0,0"
"09/09/2023";"1800";"30,5";"31,8";"30,3";"60,0";"60,0";"52,0";"21,7";"21,9";"20,6";"1008,8";"1009,0";"1008,7";"6,0";"47,0";"11,6";"1947,40";"0,0"
"09/09/2023";"1900";"29,4";"30,6";"28,9";"66,0";"68,0";"58,0";"22,3";"22,5";"21,1";"1009,2";"1009,2";"1008,7";"5,7";"56,0";"11,6";"1271,80";"0,0"
"09/09/2023";"2000";"28,3";"29,4";"28,3";"71,0";"71,0";"65,0";"22,4";"22,5";"22,0";"1009,5";"1009,5";"1009,1";"4,9";"57,0";"10,8";"514,50";"0,0"
"09/09/2023";"2100";"27,4";"28,3";"27,4";"78,0";"78,0";"71,0";"23,2";"23,2";"22,4";"1009,8";"1009,8";"1009,5";"4,7";"53,0";"10,4";"36,90";"0,0"
"09/09/2023";"2200";"27,8";"27,8";"27,4";"73,0";"78,0";"73,0";"22,5";"23,3";"22,5";"1010,6";"1010,6";"1009,8";"4,3";"71,0";"8,5";"";"0,0"
"09/09/2023";"2300";"26,8";"27,8";"26,8";"72,0";"73,0";"70,0";"21,4";"22,4";"21,3";"1011,5";"1011,5";"1010,6";"5,5";"85,0";"10,5";"";"0,0"
"10/09/2023";"0000";"26,4";"26,8";"26,3";"71,0";"73,0";"71,0";"20,6";"21,4";"20,6";"1012,3";"1012,3";"1011,5";"4,9";"82,0";"10,7";"";"0,0"
"10/09/2023";"0100";"25,5";"26,4";"25,5";"75,0";"75,0";"71,0";"20,8";"20,8";"20,5";"1012,7";"1012,7";"1012,3";"4,5";"82,0";"10,5";"";"0,0"
"10/09/2023";"0200";"24,7";"25,5";"24,7";"78,0";"78,0";"75,0";"20,6";"20,8";"20,6";"1012,8";"1012,9";"1012,7";"3,8";"87,0";"8,8";"";"0,0"
"10/09/2023";"0300";"24,8";"24,8";"24,6";"75,0";"78,0";"75,0";"20,2";"20,6";"20,2";"1012,4";"1012,9";"1012,4";"4,1";"101,0";"8,3";"";"0,0"
"10/09/2023";"0400";"24,9";"25,0";"24,8";"73,0";"75,0";"73,0";"19,7";"20,1";"19,7";"1011,9";"1012,4";"1011,9";"3,3";"100,0";"8,3";"";"0,0"
"10/09/2023";"0500";"24,4";"25,0";"24,4";"76,0";"76,0";"73,0";"19,9";"19,9";"19,7";"1012,0";"1012,0";"1011,9";"2,7";"109,0";"7,9";"";"0,0"
"10/09/2023";"0600";"24,0";"24,4";"24,0";"78,0";"78,0";"76,0";"19,8";"19,9";"19,8";"1011,9";"1012,0";"1011,8";"2,2";"116,0";"7,5";"";"0,0"
"10/09/2023";"0700";"23,5";"24,0";"23,4";"80,0";"80,0";"78,0";"19,8";"19,9";"19,8";"1011,9";"1011,9";"1011,8";"1,7";"114,0";"4,6";"";"0,0"
"10/09/2023";"0800";"23,6";"23,7";"23,5";"80,0";"80,0";"79,0";"20,0";"20,0";"19,8";"1012,3";"1012,3";"1011,9";"1,9";"112,0";"4,5";"";"0,0"
"10/09/2023";"0900";"24,1";"24,1";"23,3";"77,0";"81,0";"77,0";"19,9";"20,0";"19,8";"1013,1";"1013,1";"1012,3";"2,0";"120,0";"4,5";"49,70";"0,0"
"10/09/2023";"1000";"26,1";"26,4";"24,1";"69,0";"77,0";"68,0";"19,9";"20,2";"19,8";"1013,5";"1013,5";"1013,1";"3,7";"119,0";"8,1";"520,80";"0,0"
"10/09/2023";"1100";"27,3";"27,7";"26,0";"65,0";"70,0";"64,0";"20,1";"20,6";"19,8";"1014,1";"1014,2";"1013,5";"5,0";"104,0";"9,6";"1167,10";"0,0"
"10/09/2023";"1200";"29,4";"29,5";"27,3";"57,0";"65,0";"55,0";"19,9";"20,6";"19,4";"1014,1";"1014,3";"1014,1";"4,7";"97,0";"9,3";"1607,30";"0,0"
"10/09/2023";"1300";"29,8";"30,7";"28,6";"54,0";"58,0";"52,0";"19,4";"20,2";"19,1";"1013,6";"1014,1";"1013,6";"4,4";"113,0";"9,6";"1813,70";"0,0"
"10/09/2023";"1400";"29,9";"30,8";"29,4";"58,0";"59,0";"50,0";"20,7";"20,7";"18,7";"1012,5";"1013,7";"1012,5";"4,7";"66,0";"9,6";"1533,70";"0,0"
"10/09/2023";"1500";"31,1";"31,2";"29,7";"54,0";"58,0";"54,0";"20,6";"21,0";"20,2";"1011,5";"1012,5";"1011,4";"4,4";"72,0";"8,5";"1803,50";"0,0"
"10/09/2023";"1600";"30,4";"31,7";"30,0";"58,0";"58,0";"53,0";"21,3";"21,3";"20,3";"1010,6";"1011,5";"1010,6";"5,3";"56,0";"9,2";"2516,10";"0,0"
"10/09/2023";"1700";"30,4";"31,3";"29,7";"56,0";"60,0";"55,0";"20,6";"21,4";"20,4";"1009,8";"1010,6";"1009,8";"4,9";"52,0";"9,2";"1851,20";"0,0"
"10/09/2023";"1800";"29,8";"31,5";"29,3";"58,0";"59,0";"52,0";"20,7";"20,9";"19,6";"1009,6";"1009,8";"1009,5";"4,7";"44,0";"9,7";"1714,90";"0,0"
"10/09/2023";"1900";"28,8";"30,3";"28,7";"58,0";"61,0";"53,0";"19,8";"20,9";"19,3";"1009,7";"1009,7";"1009,6";"5,6";"49,0";"9,9";"989,80";"0,0"
"10/09/2023";"2000";"27,7";"29,1";"27,7";"71,0";"71,0";"58,0";"22,0";"22,0";"19,9";"1010,3";"1010,3";"1009,6";"5,1";"50,0";"9,8";"532,00";"0,0"
"10/09/2023";"2100";"26,8";"27,7";"26,8";"77,0";"77,0";"71,0";"22,3";"22,4";"21,9";"1010,6";"1010,6";"1010,3";"4,1";"46,0";"8,9";"39,50";"0,0"
"10/09/2023";"2200";"26,8";"26,9";"26,7";"78,0";"78,0";"76,0";"22,6";"22,6";"22,3";"1011,1";"1011,1";"1010,6";"3,8";"53,0";"8,3";"";"0,0"
"10/09/2023";"2300";"27,0";"27,0";"26,7";"76,0";"78,0";"76,0";"22,4";"22,5";"22,4";"1011,6";"1011,6";"1011,0";"4,6";"67,0";"8,6";"";"0,0"
"11/09/2023";"0000";"27,0";"27,1";"26,9";"68,0";"77,0";"67,0";"20,5";"22,5";"20,5";"1012,5";"1012,6";"1011,6";"5,2";"76,0";"9,8";"";"0,0"
"11/09/2023";"0100";"26,2";"27,0";"26,2";"67,0";"68,0";"66,0";"19,7";"20,5";"19,7";"1013,0";"1013,0";"1012,5";"4,7";"86,0";"11,1";"";"0,0"
"11/09/2023";"0200";"25,6";"26,2";"25,6";"70,0";"70,0";"67,0";"19,7";"19,8";"19,5";"1012,9";"1013,0";"1012,8";"4,3";"87,0";"8,6";"";"0,0"
"11/09/2023";"0300";"25,0";"25,6";"25,0";"71,0";"71,0";"70,0";"19,5";"19,7";"19,5";"1012,4";"1012,9";"1012,4";"3,8";"92,0";"8,3";"";"0,0"
"11/09/2023";"0400";"24,4";"25,1";"24,4";"74,0";"74,0";"71,0";"19,4";"19,5";"19,3";"1011,9";"1012,4";"1011,9";"2,9";"96,0";"7,0";"";"0,0"
"11/09/2023";"0500";"23,9";"24,4";"23,9";"76,0";"76,0";"74,0";"19,4";"19,4";"19,3";"1011,3";"1011,9";"1011,2";"2,9";"101,0";"6,1";"";"0,0"
"11/09/2023";"0600";"23,4";"23,9";"23,4";"78,0";"78,0";"76,0";"19,4";"19,4";"19,3";"1011,4";"1011,4";"1011,2";"2,0";"107,0";"5,9";"";"0,0"
"11/09/2023";"0700";"22,6";"23,4";"22,6";"81,0";"81,0";"78,0";"19,1";"19,4";"19,1";"1011,6";"1011,6";"1011,4";"1,7";"100,0";"3,8";"";"0,0"
"11/09/2023";"0800";"21,0";"22,6";"21,0";"86,0";"86,0";"81,0";"18,5";"19,1";"18,5";"1012,2";"1012,2";"1011,6";"0,4";"103,0";"3,0";"";"0,0"
"11/09/2023";"0900";"22,1";"22,1";"21,0";"83,0";"87,0";"83,0";"19,1";"19,1";"18,6";"1013,0";"1013,0";"1012,2";"1,3";"101,0";"2,4";"37,30";"0,0"
"11/09/2023";"1000";"25,2";"25,3";"22,1";"71,0";"83,0";"71,0";"19,6";"19,8";"19,1";"1013,1";"1013,1";"1013,0";"3,0";"118,0";"6,2";"526,90";"0,0"
"11/09/2023";"1100";"27,7";"27,7";"25,2";"61,0";"71,0";"61,0";"19,5";"19,9";"19,3";"1013,4";"1013,4";"1013,1";"5,1";"108,0";"9,6";"1324,90";"0,0"
"11/09/2023";"1200";"29,3";"29,6";"27,6";"54,0";"61,0";"54,0";"19,1";"19,7";"19,0";"1013,3";"1013,6";"1013,3";"5,3";"102,0";"10,0";"2063,80";"0,0"
"11/09/2023";"1300";"29,7";"30,8";"29,0";"52,0";"55,0";"50,0";"18,7";"19,3";"18,5";"1012,8";"1013,4";"1012,8";"4,8";"120,0";"10,4";"1848,80";"0,0"
"11/09/2023";"1400";"31,9";"31,9";"29,5";"47,0";"52,0";"47,0";"19,1";"19,4";"18,4";"1011,7";"1012,8";"1011,7";"3,7";"102,0";"10,0";"2023,70";"0,0"
"11/09/2023";"1500";"32,2";"33,0";"31,0";"44,0";"49,0";"43,0";"18,6";"19,2";"18,2";"1010,3";"1011,7";"1010,3";"5,2";"100,0";"10,3";"2159,30";"0,0"
"11/09/2023";"1600";"33,2";"33,6";"32,0";"39,0";"45,0";"38,0";"17,4";"19,2";"17,3";"1009,2";"1010,4";"1009,2";"4,8";"109,0";"11,4";"2780,30";"0,0"
"11/09/2023";"1700";"34,0";"34,5";"33,2";"38,0";"39,0";"33,0";"17,6";"17,9";"16,1";"1008,1";"1009,2";"1008,1";"4,8";"101,0";"10,6";"2376,00";"0,0"
"11/09/2023";"1800";"30,9";"33,9";"30,8";"51,0";"51,0";"38,0";"19,5";"19,8";"17,6";"1007,9";"1008,1";"1007,7";"5,6";"65,0";"11,8";"1973,10";"0,0"
"11/09/2023";"1900";"29,3";"31,3";"28,9";"63,0";"63,0";"50,0";"21,4";"21,4";"19,5";"1008,2";"1008,2";"1007,8";"5,6";"51,0";"11,1";"1263,00";"0,0"
"11/09/2023";"2000";"27,9";"29,3";"27,8";"68,0";"69,0";"62,0";"21,4";"21,9";"21,0";"1008,8";"1008,8";"1008,1";"4,5";"48,0";"10,2";"509,30";"0,0"
"11/09/2023";"2100";"26,9";"27,8";"26,9";"73,0";"73,0";"68,0";"21,7";"21,9";"21,2";"1009,2";"1009,3";"1008,8";"4,6";"48,0";"9,9";"33,60";"0,0"
"11/09/2023";"2200";"26,7";"26,9";"26,7";"73,0";"74,0";"73,0";"21,5";"21,8";"21,5";"1009,8";"1009,8";"1009,2";"3,9";"49,0";"8,8";"";"0,0"
"11/09/2023";"2300";"27,2";"27,2";"26,7";"73,0";"74,0";"73,0";"21,9";"22,0";"21,5";"1010,4";"1010,4";"1009,8";"4,2";"59,0";"7,9";"";"0,0"
"12/09/2023";"0000";"27,2";"27,4";"27,1";"62,0";"73,0";"62,0";"19,2";"21,9";"19,2";"1011,3";"1011,3";"1010,4";"4,9";"79,0";"9,9";"";"0,0"
"12/09/2023";"0100";"26,6";"27,2";"26,5";"64,0";"64,0";"62,0";"19,1";"19,2";"18,9";"1012,1";"1012,2";"1011,3";"4,2";"94,0";"9,6";"";"0,0"
"12/09/2023";"0200";"25,7";"26,6";"25,7";"68,0";"68,0";"64,0";"19,3";"19,3";"19,1";"1012,1";"1012,3";"1012,1";"3,3";"93,0";"8,2";"";"0,0"
"12/09/2023";"0300";"25,1";"25,7";"25,1";"71,0";"71,0";"68,0";"19,5";"19,5";"19,3";"1011,6";"1012,1";"1011,6";"3,5";"91,0";"7,0";"";"0,0"
"12/09/2023";"0400";"25,3";"25,5";"25,0";"67,0";"71,0";"67,0";"18,8";"19,5";"18,8";"1011,0";"1011,6";"1011,0";"3,9";"98,0";"8,2";"";"0,0"
"12/09/2023";"0500";"24,6";"25,5";"24,6";"72,0";"72,0";"67,0";"19,2";"19,2";"18,8";"1011,0";"1011,1";"1011,0";"3,1";"104,0";"8,2";"";"0,0"
"12/09/2023";"0600";"23,9";"24,6";"23,9";"76,0";"76,0";"72,0";"19,3";"19,3";"19,2";"1010,8";"1011,1";"1010,7";"2,5";"99,0";"6,3";"";"0,0"
"12/09/2023";"0700";"24,1";"24,1";"23,6";"75,0";"77,0";"75,0";"19,5";"19,5";"19,3";"1011,2";"1011,2";"1010,8";"2,6";"97,0";"5,5";"";"0,0"
"12/09/2023";"0800";"24,6";"24,6";"24,1";"74,0";"75,0";"74,0";"19,6";"19,6";"19,5";"1011,4";"1011,4";"1011,1";"1,9";"109,0";"4,4";"";"0,0"
"12/09/2023";"0900";"25,0";"25,0";"24,6";"73,0";"74,0";"73,0";"19,9";"19,9";"19,6";"1012,0";"1012,0";"1011,4";"1,1";"122,0";"4,3";"32,10";"0,0"
"12/09/2023";"1000";"26,0";"26,1";"25,0";"70,0";"73,0";"70,0";"20,2";"20,3";"19,8";"1012,4";"1012,4";"1012,0";"3,5";"117,0";"7,4";"386,40";"0,0"
"12/09/2023";"1100";"27,8";"27,8";"26,0";"65,0";"71,0";"65,0";"20,6";"20,9";"20,1";"1013,0";"1013,1";"1012,4";"4,5";"102,0";"8,5";"1061,30";"0,0"
"12/09/2023";"1200";"28,7";"28,7";"27,4";"61,0";"65,0";"61,0";"20,4";"20,6";"19,9";"1012,9";"1013,1";"1012,9";"4,2";"113,0";"8,7";"1357,10";"0,0"
"12/09/2023";"1300";"29,9";"30,3";"28,4";"54,0";"61,0";"54,0";"19,6";"20,4";"19,5";"1012,4";"1012,9";"1012,4";"3,6";"124,0";"9,4";"1676,20";"0,0"
"12/09/2023";"1400";"29,3";"29,8";"28,2";"56,0";"61,0";"54,0";"19,7";"20,4";"19,3";"1011,8";"1012,5";"1011,8";"2,9";"110,0";"8,6";"934,20";"0,0"
"12/09/2023";"1500";"29,9";"30,8";"29,3";"57,0";"57,0";"51,0";"20,6";"20,6";"19,3";"1010,7";"1011,8";"1010,7";"3,7";"95,0";"7,1";"1239,50";"0,0"
"12/09/2023";"1600";"30,8";"31,4";"29,4";"55,0";"59,0";"53,0";"20,8";"21,3";"20,1";"1009,6";"1010,7";"1009,6";"3,0";"70,0";"6,9";"2017,40";"0,0"
"12/09/2023";"1700";"30,4";"31,3";"29,9";"59,0";"62,0";"55,0";"21,4";"22,3";"20,8";"1008,7";"1009,6";"1008,7";"3,1";"54,0";"9,3";"2402,10";"0,0"
"12/09/2023";"1800";"29,7";"31,5";"29,3";"64,0";"65,0";"55,0";"22,0";"22,3";"20,9";"1008,3";"1008,7";"1008,3";"4,5";"40,0";"8,9";"1922,50";"0,0"
"12/09/2023";"1900";"29,4";"30,2";"29,4";"62,0";"65,0";"61,0";"21,4";"22,5";"21,4";"1008,5";"1008,5";"1008,2";"4,3";"38,0";"8,9";"1228,60";"0,0"
"12/09/2023";"2000";"28,0";"29,7";"28,0";"68,0";"68,0";"60,0";"21,6";"21,9";"20,7";"1008,9";"1008,9";"1008,5";"4,0";"42,0";"8,5";"493,30";"0,0"
"12/09/2023";"2100";"26,9";"28,0";"26,9";"77,0";"77,0";"68,0";"22,5";"22,5";"21,7";"1009,1";"1009,1";"1008,9";"2,2";"40,0";"7,0";"32,10";"0,0"
"12/09/2023";"2200";"26,7";"26,9";"26,6";"79,0";"79,0";"77,0";"22,6";"22,6";"22,4";"1009,7";"1009,7";"1009,1";"2,6";"41,0";"4,9";"";"0,0"
"12/09/2023";"2300";"27,6";"27,7";"26,7";"71,0";"79,0";"71,0";"21,8";"22,8";"21,8";"1010,1";"1010,1";"1009,7";"4,6";"73,0";"9,3";"";"0,0"
"13/09/2023";"0000";"27,4";"27,6";"27,4";"65,0";"71,0";"65,0";"20,2";"21,8";"20,2";"1011,2";"1011,2";"1010,1";"4,1";"81,0";"8,6";"";"0,0"
"13/09/2023";"0100";"26,9";"27,4";"26,9";"65,0";"66,0";"65,0";"19,8";"20,2";"19,8";"1011,8";"1011,8";"1011,2";"3,8";"90,0";"7,5";"";"0,0"
"13/09/2023";"0200";"26,4";"26,9";"26,4";"69,0";"69,0";"65,0";"20,2";"20,2";"19,8";"1011,6";"1011,8";"1011,6";"2,4";"104,0";"7,3";"";"0,0"
"13/09/2023";"0300";"26,7";"26,9";"26,4";"66,0";"69,0";"65,0";"19,8";"20,3";"19,7";"1011,2";"1011,6";"1011,2";"3,6";"100,0";"8,7";"";"0,0"
"13/09/2023";"0400";"26,7";"26,8";"26,5";"66,0";"66,0";"66,0";"19,8";"19,8";"19,7";"1010,6";"1011,3";"1010,5";"3,5";"100,0";"9,2";"";"0,0"
"13/09/2023";"0500";"26,5";"26,8";"26,5";"67,0";"68,0";"66,0";"20,0";"20,1";"19,8";"1010,6";"1010,7";"1010,5";"2,8";"102,0";"7,8";"";"0,0"
"13/09/2023";"0600";"26,0";"26,5";"25,9";"71,0";"72,0";"67,0";"20,2";"20,4";"20,0";"1010,7";"1010,8";"1010,5";"3,0";"103,0";"6,1";"";"0,0"
"13/09/2023";"0700";"25,6";"26,0";"25,6";"75,0";"75,0";"71,0";"20,7";"20,7";"20,2";"1010,9";"1010,9";"1010,6";"3,0";"105,0";"7,2";"";"0,0"
"13/09/2023";"0800";"23,1";"25,6";"23,1";"93,0";"93,0";"75,0";"22,0";"22,0";"20,7";"1011,4";"1011,5";"1010,9";"2,0";"111,0";"6,4";"";"0,2"
"13/09/2023";"0900";"23,4";"23,4";"23,1";"94,0";"95,0";"93,0";"22,4";"22,5";"22,0";"1011,9";"1011,9";"1011,4";"1,4";"108,0";"4,3";"28,40";"0,0"
"13/09/2023";"1000";"24,5";"24,6";"23,3";"90,0";"95,0";"89,0";"22,7";"23,0";"22,4";"1012,3";"1012,3";"1011,9";"2,4";"98,0";"3,9";"335,30";"0,0"
"13/09/2023";"1100";"27,3";"27,3";"24,5";"73,0";"90,0";"72,0";"22,1";"23,0";"21,5";"1012,5";"1012,5";"1012,3";"3,4";"133,0";"7,8";"1016,10";"0,0"
"13/09/2023";"1200";"29,9";"29,9";"27,3";"56,0";"74,0";"55,0";"20,0";"22,3";"19,8";"1012,5";"1012,6";"1012,4";"5,1";"114,0";"9,2";"2146,10";"0,0"
"13/09/2023";"1300";"31,2";"31,7";"29,9";"45,0";"56,0";"44,0";"17,7";"20,1";"17,7";"1012,0";"1012,5";"1011,9";"4,1";"151,0";"12,5";"2559,40";"0,0"
"13/09/2023";"1400";"32,8";"33,2";"31,1";"38,0";"46,0";"37,0";"16,4";"18,7";"16,4";"1011,0";"1012,0";"1011,0";"4,3";"139,0";"10,4";"2749,80";"0,0"
"13/09/2023";"1500";"33,8";"34,4";"32,5";"34,0";"39,0";"33,0";"15,8";"17,1";"15,5";"1009,7";"1011,1";"1009,6";"3,9";"117,0";"10,4";"3024,60";"0,0"
"13/09/2023";"1600";"33,4";"35,1";"33,2";"39,0";"42,0";"31,0";"17,8";"18,4";"15,1";"1008,3";"1009,7";"1008,3";"2,9";"80,0";"9,1";"2512,00";"0,0"
"13/09/2023";"1700";"33,2";"34,3";"32,7";"43,0";"45,0";"38,0";"18,9";"19,5";"17,6";"1007,6";"1008,4";"1007,5";"3,9";"34,0";"7,6";"2201,50";"0,0"
"13/09/2023";"1800";"31,4";"33,8";"31,4";"53,0";"53,0";"41,0";"20,6";"20,8";"18,0";"1007,1";"1007,6";"1007,0";"5,4";"49,0";"9,6";"1858,70";"0,0"
"13/09/2023";"1900";"30,4";"31,7";"30,3";"60,0";"60,0";"52,0";"21,8";"22,1";"20,5";"1006,9";"1007,1";"1006,8";"4,6";"41,0";"9,6";"1168,30";"0,0"
"13/09/2023";"2000";"28,2";"30,5";"28,2";"73,0";"74,0";"58,0";"23,0";"23,1";"21,3";"1007,4";"1007,5";"1006,9";"4,0";"37,0";"9,1";"440,50";"0,0"
"13/09/2023";"2100";"27,5";"28,3";"27,5";"78,0";"78,0";"73,0";"23,2";"23,2";"23,0";"1007,8";"1007,8";"1007,4";"3,1";"42,0";"7,9";"26,30";"0,0"
"13/09/2023";"2200";"27,4";"27,5";"27,3";"81,0";"81,0";"78,0";"23,8";"23,8";"23,2";"1008,3";"1008,3";"1007,8";"2,1";"58,0";"6,4";"";"0,0"
"13/09/2023";"2300";"29,0";"29,0";"27,4";"60,0";"81,0";"60,0";"20,5";"23,8";"20,5";"1009,1";"1009,1";"1008,3";"4,0";"101,0";"7,8";"";"0,0"
"14/09/2023";"0000";"28,2";"29,0";"28,2";"62,0";"62,0";"59,0";"20,2";"20,5";"20,0";"1010,1";"1010,1";"1009,1";"4,0";"103,0";"9,6";"";"0,0"
"14/09/2023";"0100";"27,0";"28,3";"27,0";"71,0";"71,0";"62,0";"21,2";"21,2";"20,3";"1010,4";"1010,4";"1010,1";"2,7";"78,0";"8,3";"";"0,0"
"14/09/2023";"0200";"26,5";"27,0";"26,4";"72,0";"72,0";"71,0";"21,0";"21,3";"20,9";"1010,3";"1010,4";"1010,3";"3,9";"92,0";"6,6";"";"0,0"
"14/09/2023";"0300";"25,9";"26,5";"25,9";"73,0";"73,0";"71,0";"20,5";"20,9";"20,5";"1010,0";"1010,3";"1009,9";"2,7";"98,0";"7,2";"";"0,0"
"14/09/2023";"0400";"25,3";"25,9";"25,3";"74,0";"74,0";"72,0";"20,3";"20,5";"20,3";"1009,4";"1010,0";"1009,4";"2,2";"113,0";"6,7";"";"0,0"
"14/09/2023";"0500";"24,7";"25,3";"24,7";"75,0";"75,0";"74,0";"20,1";"20,3";"20,1";"1009,1";"1009,4";"1009,1";"2,3";"117,0";"6,4";"";"0,0"
"14/09/2023";"0600";"24,4";"24,7";"24,4";"74,0";"76,0";"74,0";"19,5";"20,1";"19,5";"1009,3";"1009,4";"1009,1";"2,4";"110,0";"5,7";"";"0,0"
"14/09/2023";"0700";"22,7";"24,4";"22,7";"80,0";"80,0";"74,0";"19,0";"19,5";"19,0";"1009,1";"1009,3";"1009,1";"0,7";"149,0";"4,7";"";"0,0"
"14/09/2023";"0800";"22,6";"22,9";"22,6";"79,0";"80,0";"78,0";"18,7";"19,0";"18,7";"1009,4";"1009,4";"1009,1";"1,3";"102,0";"2,5";"";"0,0"
"14/09/2023";"0900";"22,7";"22,8";"21,6";"77,0";"82,0";"77,0";"18,5";"18,9";"18,2";"1010,0";"1010,0";"1009,4";"0,8";"169,0";"2,8";"49,40";"0,0"
"14/09/2023";"1000";"26,4";"26,4";"22,7";"63,0";"78,0";"63,0";"18,9";"19,3";"18,6";"1010,7";"1010,7";"1010,0";"2,4";"150,0";"5,8";"521,00";"0,0"
"14/09/2023";"1100";"29,0";"29,0";"26,4";"53,0";"63,0";"52,0";"18,3";"18,9";"18,1";"1011,3";"1011,3";"1010,7";"4,0";"124,0";"9,7";"1282,60";"0,0"
"14/09/2023";"1200";"31,0";"31,0";"28,6";"46,0";"53,0";"45,0";"17,9";"18,4";"17,6";"1011,5";"1011,6";"1011,3";"3,3";"121,0";"10,2";"2001,40";"0,0"
"14/09/2023";"1300";"32,0";"32,6";"30,7";"40,0";"46,0";"39,0";"16,6";"17,7";"16,5";"1011,3";"1011,5";"1011,2";"4,1";"120,0";"9,4";"2536,70";"0,0"
"14/09/2023";"1400";"32,6";"33,4";"31,7";"40,0";"42,0";"39,0";"17,2";"17,5";"16,7";"1010,4";"1011,4";"1010,4";"3,4";"144,0";"9,9";"2828,20";"0,0"
"14/09/2023";"1500";"32,9";"34,0";"32,3";"40,0";"44,0";"37,0";"17,6";"18,9";"16,9";"1009,5";"1010,5";"1009,4";"4,3";"91,0";"8,5";"2720,00";"0,0"
"14/09/2023";"1600";"32,5";"34,0";"32,1";"49,0";"50,0";"36,0";"20,5";"20,7";"16,7";"1008,5";"1009,5";"1008,5";"4,9";"54,0";"10,1";"2768,70";"0,0"
"14/09/2023";"1700";"32,3";"33,3";"31,9";"49,0";"50,0";"45,0";"20,3";"20,8";"19,7";"1007,7";"1008,5";"1007,7";"4,5";"53,0";"8,7";"2428,20";"0,0"
"14/09/2023";"1800";"31,2";"32,8";"31,0";"56,0";"56,0";"49,0";"21,4";"21,4";"20,2";"1007,5";"1007,7";"1007,4";"5,7";"60,0";"9,9";"1867,80";"0,0"
"14/09/2023";"1900";"29,9";"31,5";"29,8";"61,0";"61,0";"55,0";"21,6";"21,9";"21,3";"1007,9";"1007,9";"1007,5";"4,8";"55,0";"10,3";"1168,00";"0,0"
"14/09/2023";"2000";"27,9";"29,9";"27,9";"73,0";"73,0";"61,0";"22,6";"22,7";"21,5";"1008,5";"1008,5";"1007,8";"5,2";"55,0";"9,4";"448,20";"0,0"
"14/09/2023";"2100";"27,0";"28,0";"27,0";"80,0";"80,0";"73,0";"23,2";"23,2";"22,4";"1009,2";"1009,2";"1008,5";"4,1";"42,0";"9,4";"28,00";"0,0"
"14/09/2023";"2200";"27,0";"27,0";"26,9";"81,0";"82,0";"80,0";"23,5";"23,6";"23,2";"1009,9";"1009,9";"1009,2";"3,3";"39,0";"8,4";"";"0,0"
"14/09/2023";"2300";"27,7";"27,8";"27,0";"77,0";"81,0";"76,0";"23,3";"23,7";"23,2";"1010,7";"1010,7";"1009,9";"3,9";"65,0";"7,6";"";"0,0"
"15/09/2023";"0000";"27,2";"27,7";"27,2";"75,0";"77,0";"74,0";"22,4";"23,4";"22,4";"1011,4";"1011,5";"1010,7";"4,2";"75,0";"8,1";"";"0,0"
"15/09/2023";"0100";"26,5";"27,2";"26,5";"74,0";"76,0";"74,0";"21,6";"22,4";"21,6";"1012,0";"1012,0";"1011,5";"3,4";"80,0";"6,9";"";"0,0"
"15/09/2023";"0200";"25,9";"26,6";"25,9";"77,0";"77,0";"73,0";"21,7";"21,7";"21,2";"1011,8";"1012,1";"1011,8";"3,0";"81,0";"7,5";"";"0,0"
"15/09/2023";"0300";"25,1";"25,9";"25,1";"80,0";"80,0";"77,0";"21,4";"21,7";"21,4";"1011,7";"1011,8";"1011,6";"1,9";"73,0";"6,2";"";"0,0"
"15/09/2023";"0400";"24,6";"25,1";"24,6";"78,0";"80,0";"78,0";"20,6";"21,4";"20,6";"1011,2";"1011,7";"1011,2";"1,4";"66,0";"4,2";"";"0,0"
"15/09/2023";"0500";"23,9";"24,6";"23,9";"81,0";"81,0";"78,0";"20,5";"20,5";"20,4";"1010,9";"1011,2";"1010,9";"1,5";"107,0";"3,1";"";"0,0"
"15/09/2023";"0600";"22,7";"23,9";"22,7";"84,0";"84,0";"81,0";"19,9";"20,5";"19,9";"1010,9";"1010,9";"1010,7";"1,0";"206,0";"3,2";"";"0,0"
"15/09/2023";"0700";"22,3";"22,7";"22,2";"88,0";"88,0";"84,0";"20,2";"20,3";"19,9";"1011,0";"1011,0";"1010,9";"1,5";"97,0";"2,1";"";"0,0"
"15/09/2023";"0800";"23,8";"24,1";"22,3";"78,0";"88,0";"77,0";"19,8";"20,3";"19,8";"1011,3";"1011,3";"1011,0";"2,8";"113,0";"6,2";"";"0,0"
"15/09/2023";"0900";"23,4";"23,8";"23,1";"80,0";"81,0";"78,0";"19,9";"19,9";"19,7";"1011,6";"1011,6";"1011,3";"1,6";"112,0";"6,2";"54,20";"0,0"
"15/09/2023";"1000";"26,0";"26,0";"23,4";"68,0";"80,0";"68,0";"19,7";"20,5";"19,7";"1011,7";"1011,7";"1011,5";"2,4";"129,0";"5,9";"546,50";"0,0"
"15/09/2023";"1100";"28,2";"28,4";"25,9";"55,0";"68,0";"55,0";"18,4";"20,0";"18,3";"1012,1";"1012,1";"1011,7";"3,3";"123,0";"7,5";"1295,70";"0,0"
"15/09/2023";"1200";"30,4";"30,6";"28,1";"46,0";"56,0";"45,0";"17,3";"18,8";"17,1";"1012,3";"1012,4";"1012,1";"4,1";"94,0";"8,4";"2006,40";"0,0"
"15/09/2023";"1300";"32,2";"32,2";"30,3";"42,0";"47,0";"42,0";"17,7";"17,9";"16,7";"1011,7";"1012,4";"1011,6";"3,4";"121,0";"8,0";"2541,50";"0,0"
"15/09/2023";"1400";"32,2";"32,9";"31,5";"43,0";"44,0";"41,0";"18,0";"18,4";"17,1";"1010,7";"1011,7";"1010,7";"3,8";"75,0";"8,0";"2879,40";"0,0"
"15/09/2023";"1500";"32,8";"33,3";"32,0";"43,0";"44,0";"40,0";"18,4";"18,8";"17,5";"1009,5";"1010,7";"1009,5";"4,1";"67,0";"8,0";"2949,80";"0,0"
"15/09/2023";"1600";"32,4";"33,3";"31,7";"47,0";"48,0";"41,0";"19,8";"20,0";"17,8";"1008,4";"1009,5";"1008,4";"5,1";"49,0";"9,4";"2785,20";"0,0"
"15/09/2023";"1700";"31,1";"32,9";"30,5";"57,0";"57,0";"47,0";"21,6";"21,6";"19,5";"1007,7";"1008,4";"1007,6";"6,1";"45,0";"10,3";"2440,20";"0,0"
"15/09/2023";"1800";"29,5";"31,1";"29,3";"66,0";"67,0";"57,0";"22,5";"22,7";"21,5";"1007,4";"1007,6";"1007,4";"5,8";"43,0";"10,9";"1858,20";"0,0"
"15/09/2023";"1900";"28,6";"29,9";"28,6";"70,0";"71,0";"64,0";"22,7";"22,9";"22,2";"1007,5";"1007,5";"1007,2";"5,8";"47,0";"10,5";"1154,00";"0,0"
"15/09/2023";"2000";"27,9";"28,9";"27,9";"70,0";"71,0";"68,0";"21,9";"22,7";"21,9";"1008,0";"1008,0";"1007,5";"4,1";"56,0";"9,5";"434,10";"0,0"
"15/09/2023";"2100";"27,0";"27,9";"27,0";"75,0";"75,0";"70,0";"22,2";"22,4";"21,9";"1008,6";"1008,6";"1008,0";"4,2";"47,0";"9,7";"25,40";"0,0"
"15/09/2023";"2200";"26,8";"27,0";"26,8";"76,0";"77,0";"75,0";"22,3";"22,5";"22,2";"1009,4";"1009,4";"1008,6";"3,8";"47,0";"10,3";"";"0,0"
"15/09/2023";"2300";"26,8";"27,0";"26,8";"79,0";"79,0";"76,0";"22,8";"22,8";"22,2";"1010,0";"1010,0";"1009,4";"4,9";"63,0";"9,8";"";"0,0"
"16/09/2023";"0000";"26,8";"26,8";"26,6";"76,0";"80,0";"76,0";"22,3";"22,9";"22,3";"1010,6";"1010,6";"1010,0";"4,3";"67,0";"10,0";"";"0,0"
"16/09/2023";"0100";"26,3";"26,8";"26,2";"76,0";"77,0";"76,0";"21,7";"22,2";"21,7";"1011,5";"1011,5";"1010,6";"4,0";"78,0";"9,1";"";"0,0"
"16/09/2023";"0200";"25,8";"26,3";"25,8";"72,0";"77,0";"72,0";"20,4";"21,7";"20,4";"1012,0";"1012,1";"1011,5";"4,8";"87,0";"9,3";"";"0,0"
"16/09/2023";"0300";"24,8";"25,8";"24,7";"75,0";"75,0";"72,0";"20,0";"20,3";"20,0";"1011,6";"1012,0";"1011,5";"1,9";"97,0";"8,0";"";"0,0"
"16/09/2023";"0400";"24,3";"24,8";"24,3";"79,0";"79,0";"75,0";"20,5";"20,5";"20,1";"1011,3";"1011,6";"1011,3";"2,9";"94,0";"4,9";"";"0,0"
"16/09/2023";"0500";"23,9";"24,3";"23,9";"81,0";"81,0";"79,0";"20,4";"20,5";"20,4";"1011,3";"1011,3";"1011,2";"3,0";"99,0";"6,0";"";"0,0"
"16/09/2023";"0600";"23,7";"23,9";"23,6";"82,0";"83,0";"81,0";"20,3";"20,5";"20,3";"1011,3";"1011,5";"1011,3";"2,5";"109,0";"5,5";"";"0,0"
"16/09/2023";"0700";"23,2";"23,7";"23,2";"83,0";"83,0";"82,0";"20,1";"20,3";"20,1";"1011,8";"1011,8";"1011,3";"2,4";"106,0";"5,5";"";"0,0"
"16/09/2023";"0800";"22,3";"23,2";"22,3";"86,0";"86,0";"83,0";"19,8";"20,1";"19,8";"1012,3";"1012,3";"1011,8";"0,9";"104,0";"4,3";"";"0,0"
"16/09/2023";"0900";"21,9";"22,3";"21,8";"86,0";"87,0";"85,0";"19,5";"19,8";"19,3";"1012,8";"1012,9";"1012,3";"0,9";"173,0";"2,5";"56,20";"0,0"
"16/09/2023";"1000";"25,3";"25,3";"21,9";"73,0";"86,0";"72,0";"20,0";"20,1";"19,6";"1013,4";"1013,4";"1012,8";"1,9";"126,0";"5,6";"526,70";"0,0"
"16/09/2023";"1100";"27,5";"27,7";"25,3";"62,0";"73,0";"61,0";"19,5";"20,2";"19,3";"1013,9";"1013,9";"1013,4";"3,4";"107,0";"6,8";"1071,00";"0,0"
"16/09/2023";"1200";"30,1";"30,1";"27,0";"52,0";"63,0";"52,0";"19,2";"19,8";"19,0";"1013,6";"1014,0";"1013,6";"3,5";"118,0";"8,8";"1782,40";"0,0"
"16/09/2023";"1300";"31,0";"31,3";"29,6";"48,0";"52,0";"47,0";"18,6";"19,3";"18,0";"1013,0";"1013,6";"1013,0";"4,0";"117,0";"9,5";"2376,80";"0,0"
"16/09/2023";"1400";"32,4";"32,7";"30,6";"42,0";"48,0";"41,0";"17,7";"18,7";"17,5";"1011,9";"1013,0";"1011,9";"3,9";"121,0";"9,5";"2743,80";"0,0"
"16/09/2023";"1500";"32,4";"33,4";"31,8";"45,0";"47,0";"38,0";"19,0";"19,5";"16,8";"1010,6";"1012,0";"1010,6";"4,7";"58,0";"9,5";"2840,80";"0,0"
"16/09/2023";"1600";"32,1";"33,4";"31,9";"45,0";"46,0";"43,0";"18,5";"19,3";"18,4";"1009,5";"1010,6";"1009,5";"4,4";"55,0";"9,8";"2766,60";"0,0"
"16/09/2023";"1700";"32,3";"33,3";"32,1";"45,0";"45,0";"42,0";"18,8";"19,4";"18,3";"1008,6";"1009,5";"1008,6";"5,2";"52,0";"9,0";"2380,00";"0,0"
"16/09/2023";"1800";"31,6";"32,8";"31,6";"47,0";"48,0";"43,0";"18,8";"19,3";"18,4";"1008,2";"1008,7";"1008,2";"5,1";"47,0";"9,0";"1824,50";"0,0"
"16/09/2023";"1900";"29,6";"31,8";"29,4";"64,0";"65,0";"47,0";"22,2";"22,3";"19,0";"1008,5";"1008,5";"1008,2";"4,3";"29,0";"8,7";"1117,90";"0,0"
"16/09/2023";"2000";"28,1";"29,6";"28,1";"70,0";"70,0";"64,0";"22,1";"22,7";"21,9";"1008,9";"1008,9";"1008,5";"4,1";"41,0";"9,2";"435,50";"0,0"
"16/09/2023";"2100";"27,3";"28,0";"27,3";"72,0";"72,0";"70,0";"21,7";"22,2";"21,7";"1009,3";"1009,3";"1008,9";"3,3";"43,0";"7,8";"25,10";"0,0"
"16/09/2023";"2200";"27,0";"27,3";"26,9";"73,0";"73,0";"72,0";"21,6";"21,9";"21,5";"1009,7";"1009,7";"1009,3";"3,5";"44,0";"7,5";"";"0,0"
"16/09/2023";"2300";"27,0";"27,0";"26,8";"77,0";"77,0";"73,0";"22,6";"22,6";"21,6";"1010,5";"1010,5";"1009,8";"3,3";"51,0";"6,4";"";"0,0"
"17/09/2023";"0000";"27,6";"27,7";"27,0";"68,0";"77,0";"68,0";"21,1";"22,6";"21,1";"1011,2";"1011,2";"1010,5";"4,6";"78,0";"8,7";"";"0,0"
"17/09/2023";"0100";"26,9";"27,6";"26,9";"66,0";"68,0";"66,0";"20,1";"21,1";"20,1";"1011,9";"1011,9";"1011,2";"4,1";"90,0";"8,6";"";"0,0"
"17/09/2023";"0200";"26,3";"26,9";"26,3";"68,0";"68,0";"66,0";"19,9";"20,1";"19,8";"1011,9";"1012,0";"1011,8";"3,6";"94,0";"7,6";"";"0,0"
"17/09/2023";"0300";"25,9";"26,3";"25,6";"69,0";"71,0";"68,0";"19,9";"20,0";"19,9";"1011,4";"1012,0";"1011,4";"4,4";"98,0";"9,3";"";"0,0"
"17/09/2023";"0400";"25,2";"25,9";"25,1";"71,0";"71,0";"69,0";"19,6";"19,8";"19,5";"1011,1";"1011,5";"1011,1";"3,1";"94,0";"9,3";"";"0,0"
"17/09/2023";"0500";"24,8";"25,2";"24,8";"72,0";"72,0";"71,0";"19,3";"19,6";"19,3";"1010,7";"1011,1";"1010,6";"3,7";"103,0";"7,5";"";"0,0"
"17/09/2023";"0600";"24,2";"24,8";"24,2";"74,0";"74,0";"71,0";"19,4";"19,4";"19,3";"1010,6";"1010,7";"1010,6";"2,7";"113,0";"7,7";"";"0,0"
"17/09/2023";"0700";"23,6";"24,2";"23,6";"76,0";"76,0";"74,0";"19,2";"19,4";"19,2";"1010,7";"1010,7";"1010,6";"2,0";"120,0";"6,1";"";"0,0"
"17/09/2023";"0800";"23,2";"23,6";"23,2";"78,0";"78,0";"76,0";"19,2";"19,3";"19,2";"1011,2";"1011,2";"1010,7";"2,3";"112,0";"4,7";"";"0,0"
"17/09/2023";"0900";"23,1";"23,2";"22,8";"78,0";"79,0";"78,0";"19,0";"19,2";"19,0";"1011,8";"1011,8";"1011,2";"0,5";"144,0";"4,7";"54,90";"0,0"
"17/09/2023";"1000";"26,1";"26,1";"23,1";"66,0";"78,0";"66,0";"19,2";"19,5";"18,9";"1012,1";"1012,2";"1011,8";"2,3";"161,0";"4,8";"525,60";"0,0"
"17/09/2023";"1100";"28,4";"28,8";"26,1";"56,0";"66,0";"56,0";"18,7";"19,5";"18,7";"1012,4";"1012,4";"1012,1";"3,3";"129,0";"6,8";"1294,90";"0,0"
"17/09/2023";"1200";"29,6";"29,8";"28,2";"53,0";"57,0";"52,0";"18,9";"19,5";"18,6";"1012,3";"1012,5";"1012,2";"3,6";"115,0";"8,6";"1762,90";"0,0"
"17/09/2023";"1300";"31,9";"31,9";"29,4";"47,0";"54,0";"47,0";"19,3";"19,5";"18,5";"1011,6";"1012,3";"1011,6";"3,7";"118,0";"10,5";"2581,00";"0,0"
"17/09/2023";"1400";"32,2";"32,7";"31,1";"45,0";"49,0";"45,0";"18,7";"19,4";"18,5";"1010,7";"1011,6";"1010,7";"4,0";"142,0";"9,6";"2568,10";"0,0"
"17/09/2023";"1500";"33,9";"33,9";"31,8";"42,0";"46,0";"42,0";"19,2";"19,8";"18,3";"1009,3";"1010,7";"1009,3";"4,1";"136,0";"11,4";"2721,70";"0,0"
"17/09/2023";"1600";"33,0";"33,9";"31,7";"46,0";"50,0";"41,0";"20,0";"20,5";"18,4";"1008,3";"1009,3";"1008,3";"4,4";"60,0";"9,6";"1803,60";"0,0"
"17/09/2023";"1700";"31,0";"33,0";"31,0";"55,0";"55,0";"46,0";"21,0";"21,1";"19,7";"1007,8";"1008,3";"1007,8";"5,3";"63,0";"9,2";"2391,40";"0,0"
"17/09/2023";"1800";"30,1";"31,4";"29,6";"65,0";"65,0";"55,0";"22,7";"22,7";"20,9";"1007,7";"1007,8";"1007,5";"5,0";"42,0";"9,5";"1845,00";"0,0"
"17/09/2023";"1900";"28,9";"30,2";"28,9";"71,0";"71,0";"64,0";"23,0";"23,2";"22,2";"1007,8";"1007,8";"1007,6";"4,7";"50,0";"11,2";"1097,80";"0,0"
"17/09/2023";"2000";"27,9";"28,9";"27,9";"73,0";"73,0";"70,0";"22,5";"23,2";"22,5";"1007,8";"1007,9";"1007,7";"4,6";"48,0";"9,8";"421,30";"0,0"
"17/09/2023";"2100";"27,1";"27,9";"27,1";"78,0";"78,0";"73,0";"23,0";"23,0";"22,5";"1008,4";"1008,4";"1007,8";"3,8";"45,0";"9,5";"25,20";"0,0"
"17/09/2023";"2200";"27,2";"27,2";"27,1";"81,0";"81,0";"78,0";"23,6";"23,6";"23,0";"1008,7";"1008,7";"1008,3";"3,5";"42,0";"7,5";"";"0,0"
"17/09/2023";"2300";"27,3";"27,3";"27,2";"82,0";"82,0";"81,0";"23,9";"23,9";"23,6";"1009,4";"1009,4";"1008,6";"3,6";"62,0";"8,3";"";"0,0"
"18/09/2023";"0000";"27,9";"27,9";"27,3";"69,0";"82,0";"69,0";"21,7";"23,9";"21,7";"1010,1";"1010,1";"1009,4";"3,8";"88,0";"7,9";"";"0,0"
"18/09/2023";"0100";"27,4";"28,3";"27,4";"67,0";"69,0";"64,0";"20,8";"21,6";"20,7";"1010,7";"1010,7";"1010,1";"3,3";"97,0";"8,0";"";"0,0"
"18/09/2023";"0200";"26,6";"27,5";"26,6";"70,0";"70,0";"67,0";"20,8";"20,8";"20,7";"1011,0";"1011,0";"1010,6";"3,1";"106,0";"7,5";"";"0,0"
"18/09/2023";"0300";"25,9";"26,6";"25,9";"72,0";"72,0";"70,0";"20,5";"20,8";"20,5";"1010,4";"1011,0";"1010,4";"4,4";"99,0";"9,5";"";"0,0"
"18/09/2023";"0400";"25,0";"25,9";"25,0";"73,0";"73,0";"72,0";"19,7";"20,5";"19,7";"1010,1";"1010,4";"1010,1";"2,6";"105,0";"10,2";"";"0,0"
"18/09/2023";"0500";"24,5";"25,0";"24,5";"71,0";"73,0";"70,0";"19,0";"19,7";"19,0";"1010,0";"1010,1";"1009,9";"2,0";"116,0";"7,3";"";"0,0"
"18/09/2023";"0600";"24,6";"25,2";"24,5";"70,0";"71,0";"68,0";"18,9";"19,0";"18,8";"1009,9";"1010,0";"1009,8";"4,0";"94,0";"9,5";"";"0,0"
"18/09/2023";"0700";"23,5";"24,6";"23,4";"75,0";"75,0";"70,0";"18,9";"18,9";"18,8";"1010,1";"1010,1";"1009,9";"2,6";"89,0";"7,1";"";"0,0"
"18/09/2023";"0800";"23,7";"23,7";"23,5";"77,0";"77,0";"75,0";"19,4";"19,4";"18,9";"1010,7";"1010,8";"1010,1";"2,7";"96,0";"5,3";"";"0,0"
"18/09/2023";"0900";"24,3";"24,3";"23,3";"78,0";"81,0";"77,0";"20,2";"20,2";"19,5";"1011,1";"1011,1";"1010,7";"2,3";"104,0";"5,2";"58,50";"0,0"
"18/09/2023";"1000";"26,3";"26,3";"24,3";"68,0";"78,0";"68,0";"20,0";"20,5";"19,8";"1011,4";"1011,4";"1011,1";"3,1";"126,0";"6,9";"560,00";"0,0"
"18/09/2023";"1100";"28,2";"28,2";"26,3";"57,0";"68,0";"57,0";"18,9";"20,0";"18,7";"1011,3";"1011,4";"1011,1";"3,9";"154,0";"7,9";"1315,70";"0,0"
"18/09/2023";"1200";"29,8";"30,1";"28,0";"49,0";"58,0";"48,0";"17,8";"19,2";"17,8";"1011,3";"1011,5";"1011,2";"3,6";"129,0";"11,6";"2002,30";"0,0"
"18/09/2023";"1300";"31,6";"32,7";"29,8";"43,0";"49,0";"41,0";"17,5";"18,3";"17,5";"1010,6";"1011,3";"1010,6";"4,0";"115,0";"8,5";"2574,80";"0,0"
"18/09/2023";"1400";"32,2";"33,1";"31,2";"43,0";"45,0";"41,0";"18,2";"18,3";"17,4";"1009,9";"1010,6";"1009,9";"4,1";"104,0";"8,5";"1959,00";"0,0"
"18/09/2023";"1500";"32,8";"33,4";"31,9";"45,0";"46,0";"40,0";"19,2";"19,7";"17,6";"1008,8";"1009,9";"1008,8";"3,8";"59,0";"9,1";"2631,90";"0,0"
"18/09/2023";"1600";"31,9";"33,6";"31,9";"47,0";"48,0";"42,0";"19,3";"20,0";"18,3";"1007,9";"1008,8";"1007,9";"4,4";"59,0";"7,9";"2721,90";"0,0"
"18/09/2023";"1700";"30,8";"32,5";"30,8";"55,0";"55,0";"46,0";"20,7";"20,9";"19,2";"1007,5";"1008,0";"1007,5";"5,6";"55,0";"11,4";"2095,50";"0,0"
"18/09/2023";"1800";"29,8";"31,6";"29,3";"65,0";"66,0";"54,0";"22,4";"22,5";"20,9";"1007,8";"1007,8";"1007,4";"5,4";"46,0";"9,6";"1741,30";"0,0"
"18/09/2023";"1900";"29,0";"30,0";"29,0";"69,0";"69,0";"65,0";"22,7";"23,1";"22,1";"1007,7";"1007,8";"1007,6";"4,9";"54,0";"10,6";"1172,00";"0,0"
"18/09/2023";"2000";"28,3";"29,3";"28,1";"72,0";"74,0";"69,0";"22,7";"23,3";"22,5";"1007,8";"1007,8";"1007,6";"3,3";"54,0";"9,0";"423,50";"0,0"
"18/09/2023";"2100";"26,8";"28,3";"26,8";"82,0";"82,0";"72,0";"23,5";"23,5";"22,7";"1008,2";"1008,2";"1007,8";"3,3";"55,0";"7,5";"25,50";"0,0"
"18/09/2023";"2200";"26,8";"26,8";"26,7";"83,0";"83,0";"82,0";"23,6";"23,7";"23,5";"1009,0";"1009,0";"1008,2";"3,4";"55,0";"7,0";"";"0,0"
"18/09/2023";"2300";"26,8";"26,9";"26,7";"84,0";"84,0";"83,0";"23,9";"23,9";"23,6";"1009,5";"1009,5";"1009,0";"3,4";"55,0";"7,0";"";"0,0"
"19/09/2023";"0000";"26,7";"26,8";"26,6";"86,0";"86,0";"84,0";"24,1";"24,1";"23,9";"1010,1";"1010,1";"1009,5";"2,1";"59,0";"6,1";"";"0,0"
"19/09/2023";"0100";"26,9";"27,0";"26,7";"74,0";"86,0";"74,0";"21,9";"24,1";"21,9";"1010,6";"1010,6";"1010,1";"2,3";"85,0";"4,4";"";"0,0"
"19/09/2023";"0200";"26,9";"27,2";"26,7";"69,0";"74,0";"68,0";"20,6";"21,9";"20,6";"1010,5";"1010,7";"1010,5";"2,3";"104,0";"4,7";"";"0,0"
"19/09/2023";"0300";"26,4";"26,9";"26,2";"72,0";"72,0";"69,0";"20,8";"20,8";"20,5";"1010,3";"1010,5";"1010,3";"2,4";"86,0";"4,6";"";"0,0"
"19/09/2023";"0400";"25,5";"26,4";"25,5";"75,0";"75,0";"72,0";"20,8";"20,9";"20,8";"1009,8";"1010,3";"1009,8";"1,5";"100,0";"4,1";"";"0,0"
"19/09/2023";"0500";"24,8";"25,5";"24,7";"77,0";"77,0";"75,0";"20,4";"20,8";"20,4";"1009,4";"1009,8";"1009,4";"1,3";"80,0";"2,9";"";"0,0"
"19/09/2023";"0600";"25,0";"25,4";"24,8";"73,0";"77,0";"72,0";"19,7";"20,4";"19,7";"1009,2";"1009,4";"1009,2";"1,2";"100,0";"3,5";"";"0,0"
"19/09/2023";"0700";"23,5";"25,0";"23,5";"79,0";"79,0";"73,0";"19,7";"19,7";"19,4";"1009,2";"1009,2";"1009,1";"0,6";"107,0";"2,6";"";"0,0"
"19/09/2023";"0800";"23,7";"24,3";"23,5";"76,0";"79,0";"74,0";"19,3";"19,7";"19,3";"1009,5";"1009,5";"1009,2";"1,5";"103,0";"3,5";"";"0,0"
"19/09/2023";"0900";"24,1";"24,1";"23,5";"76,0";"77,0";"75,0";"19,5";"19,5";"19,2";"1009,9";"1009,9";"1009,5";"1,0";"118,0";"3,0";"66,40";"0,0"
"19/09/2023";"1000";"27,1";"27,2";"24,1";"64,0";"76,0";"64,0";"19,8";"20,0";"19,4";"1010,3";"1010,3";"1009,9";"1,7";"138,0";"4,1";"580,00";"0,0"
"19/09/2023";"1100";"28,5";"28,6";"27,0";"59,0";"65,0";"59,0";"19,8";"20,3";"19,6";"1010,4";"1010,5";"1010,2";"3,4";"134,0";"7,8";"1387,10";"0,0"
"19/09/2023";"1200";"30,9";"31,1";"28,4";"52,0";"60,0";"52,0";"20,0";"20,4";"19,7";"1010,5";"1010,5";"1010,4";"3,9";"123,0";"8,1";"2073,10";"0,0"
"19/09/2023";"1300";"32,4";"32,4";"30,2";"48,0";"54,0";"48,0";"20,1";"20,4";"19,5";"1009,9";"1010,5";"1009,9";"3,6";"132,0";"8,9";"2272,00";"0,0"
"19/09/2023";"1400";"33,0";"33,1";"31,6";"47,0";"50,0";"46,0";"20,1";"20,4";"19,3";"1008,9";"1009,9";"1008,9";"4,3";"117,0";"9,2";"2451,70";"0,0"
"19/09/2023";"1500";"33,0";"33,4";"32,0";"47,0";"49,0";"46,0";"20,2";"20,8";"19,6";"1008,2";"1008,9";"1008,2";"3,7";"127,0";"9,2";"1942,80";"0,0"
"19/09/2023";"1600";"32,3";"33,3";"31,2";"52,0";"56,0";"46,0";"21,3";"21,9";"19,8";"1007,7";"1008,4";"1007,6";"4,4";"64,0";"9,2";"1954,90";"0,0"
"19/09/2023";"1700";"32,8";"33,4";"31,8";"51,0";"54,0";"50,0";"21,5";"21,9";"21,1";"1006,8";"1007,7";"1006,8";"3,3";"74,0";"8,7";"2385,70";"0,0"
"19/09/2023";"1800";"30,1";"33,2";"30,1";"62,0";"63,0";"50,0";"22,0";"23,0";"21,1";"1006,9";"1006,9";"1006,6";"5,3";"45,0";"9,7";"1533,70";"0,0"
"19/09/2023";"1900";"29,3";"30,6";"29,3";"68,0";"68,0";"62,0";"22,6";"23,1";"22,1";"1006,8";"1006,9";"1006,7";"5,5";"54,0";"9,8";"1165,90";"0,0"
"19/09/2023";"2000";"27,8";"29,4";"27,8";"77,0";"77,0";"68,0";"23,4";"23,4";"22,9";"1007,4";"1007,4";"1006,8";"5,0";"53,0";"10,5";"429,50";"0,0"
"19/09/2023";"2100";"27,1";"27,9";"27,1";"81,0";"81,0";"77,0";"23,6";"23,6";"23,4";"1007,7";"1007,8";"1007,4";"3,4";"53,0";"8,4";"24,90";"0,0"
"19/09/2023";"2200";"27,2";"27,2";"27,0";"81,0";"82,0";"81,0";"23,7";"23,7";"23,6";"1008,2";"1008,2";"1007,7";"2,4";"44,0";"6,5";"";"0,0"
"19/09/2023";"2300";"27,3";"27,4";"27,2";"82,0";"82,0";"81,0";"24,1";"24,1";"23,6";"1008,7";"1008,7";"1008,2";"2,4";"44,0";"6,5";"";"0,0"
"20/09/2023";"0000";"27,5";"27,5";"27,3";"80,0";"83,0";"80,0";"23,8";"24,2";"23,8";"1008,9";"1008,9";"1008,6";"3,1";"68,0";"6,1";"";"0,0"
"20/09/2023";"0100";"27,8";"27,9";"27,5";"71,0";"80,0";"71,0";"22,0";"23,8";"22,0";"1009,3";"1009,4";"1008,9";"4,6";"91,0";"7,2";"";"0,0"
"20/09/2023";"0200";"27,3";"27,8";"27,3";"70,0";"71,0";"70,0";"21,4";"22,0";"21,4";"1009,5";"1009,6";"1009,3";"3,1";"96,0";"7,3";"";"0,0"
"20/09/2023";"0300";"26,9";"27,3";"26,9";"70,0";"70,0";"70,0";"21,0";"21,4";"21,0";"1008,9";"1009,5";"1008,9";"2,8";"94,0";"6,5";"";"0,0"
"20/09/2023";"0400";"26,6";"27,0";"26,5";"73,0";"73,0";"70,0";"21,3";"21,3";"21,0";"1008,5";"1008,9";"1008,5";"3,0";"96,0";"6,3";"";"0,0"
"20/09/2023";"0500";"26,1";"26,6";"26,1";"75,0";"75,0";"73,0";"21,3";"21,3";"21,2";"1008,3";"1008,5";"1008,3";"2,3";"104,0";"4,8";"";"0,0"
"20/09/2023";"0600";"25,4";"26,1";"25,4";"77,0";"77,0";"75,0";"21,1";"21,3";"21,1";"1008,5";"1008,6";"1008,3";"0,8";"140,0";"4,9";"";"0,0"
"20/09/2023";"0700";"25,7";"25,7";"24,6";"76,0";"81,0";"76,0";"21,2";"21,2";"20,9";"1009,0";"1009,0";"1008,5";"2,3";"100,0";"4,4";"";"0,0"
"20/09/2023";"0800";"25,1";"25,7";"25,1";"79,0";"79,0";"76,0";"21,1";"21,2";"21,1";"1009,4";"1009,4";"1008,9";"2,0";"109,0";"4,9";"";"0,0"
"20/09/2023";"0900";"25,9";"25,9";"25,1";"75,0";"79,0";"75,0";"21,1";"21,2";"21,0";"1010,2";"1010,2";"1009,4";"1,4";"116,0";"5,2";"72,40";"0,0"
"20/09/2023";"1000";"27,6";"27,6";"25,9";"68,0";"75,0";"68,0";"21,3";"21,7";"21,1";"1010,7";"1010,7";"1010,2";"2,5";"121,0";"4,8";"579,90";"0,0"
"20/09/2023";"1100";"29,5";"29,5";"27,4";"60,0";"69,0";"60,0";"20,9";"21,3";"20,7";"1011,0";"1011,1";"1010,7";"3,7";"129,0";"9,1";"1313,50";"0,0"
"20/09/2023";"1200";"30,5";"30,9";"29,2";"55,0";"60,0";"55,0";"20,3";"21,1";"20,3";"1011,1";"1011,2";"1011,0";"5,0";"111,0";"10,2";"1999,80";"0,0"
"20/09/2023";"1300";"32,1";"32,5";"30,4";"49,0";"56,0";"48,0";"19,9";"20,9";"19,8";"1010,3";"1011,1";"1010,3";"4,0";"130,0";"10,2";"2330,40";"0,0"
"20/09/2023";"1400";"34,0";"34,2";"31,9";"41,0";"49,0";"41,0";"19,1";"20,2";"19,0";"1009,4";"1010,3";"1009,4";"4,2";"121,0";"10,0";"2766,50";"0,0"
"20/09/2023";"1500";"34,9";"35,6";"33,5";"38,0";"43,0";"37,0";"18,2";"19,8";"18,1";"1008,3";"1009,4";"1008,3";"3,5";"112,0";"11,4";"2974,70";"0,0"
"20/09/2023";"1600";"34,4";"36,0";"34,2";"43,0";"43,0";"34,0";"19,9";"20,0";"17,4";"1007,2";"1008,3";"1007,1";"4,1";"75,0";"8,9";"2304,40";"0,0"
"20/09/2023";"1700";"33,5";"34,7";"33,3";"47,0";"47,0";"42,0";"20,5";"20,5";"19,6";"1006,7";"1007,2";"1006,6";"5,4";"58,0";"10,0";"2359,40";"0,0"
"20/09/2023";"1800";"32,0";"33,8";"31,5";"56,0";"57,0";"46,0";"22,1";"22,2";"20,1";"1006,5";"1006,7";"1006,3";"5,2";"50,0";"10,7";"1822,60";"0,0"
"20/09/2023";"1900";"30,3";"32,1";"30,2";"62,0";"64,0";"55,0";"22,4";"22,6";"21,8";"1006,6";"1006,6";"1006,3";"5,4";"50,0";"9,8";"1133,00";"0,0"
"20/09/2023";"2000";"28,3";"30,3";"28,3";"74,0";"74,0";"62,0";"23,3";"23,4";"22,3";"1006,9";"1007,0";"1006,6";"4,8";"55,0";"10,9";"394,10";"0,0"
"20/09/2023";"2100";"27,6";"28,3";"27,6";"80,0";"80,0";"74,0";"23,8";"23,8";"23,3";"1007,3";"1007,3";"1006,9";"4,8";"59,0";"9,8";"22,80";"0,0"
"20/09/2023";"2200";"27,9";"27,9";"27,4";"78,0";"81,0";"78,0";"23,7";"23,9";"23,7";"1007,7";"1007,7";"1007,3";"4,9";"65,0";"10,0";"";"0,0"
"20/09/2023";"2300";"28,0";"28,2";"27,9";"74,0";"78,0";"74,0";"23,0";"23,7";"23,0";"1008,6";"1008,6";"1007,6";"5,7";"78,0";"11,1";"";"0,0"
"21/09/2023";"0000";"27,7";"28,1";"27,7";"67,0";"74,0";"67,0";"21,1";"22,9";"21,1";"1009,6";"1009,6";"1008,6";"5,7";"96,0";"11,2";"";"0,0"
"21/09/2023";"0100";"26,8";"27,7";"26,8";"69,0";"70,0";"67,0";"20,7";"21,1";"20,7";"1010,3";"1010,3";"1009,5";"4,9";"95,0";"11,2";"";"0,0"
"21/09/2023";"0200";"26,1";"26,8";"26,0";"72,0";"72,0";"69,0";"20,5";"20,7";"20,5";"1010,0";"1010,3";"1009,9";"3,5";"107,0";"9,5";"";"0,0"
"21/09/2023";"0300";"25,7";"26,1";"25,6";"72,0";"73,0";"71,0";"20,3";"20,5";"20,3";"1009,3";"1010,0";"1009,3";"3,6";"99,0";"9,5";"";"0,0"
"21/09/2023";"0400";"25,4";"25,8";"25,4";"72,0";"72,0";"71,0";"20,0";"20,3";"20,0";"1009,1";"1009,3";"1009,1";"3,1";"105,0";"9,5";"";"0,0"
"21/09/2023";"0500";"24,9";"25,6";"24,9";"73,0";"73,0";"71,0";"19,8";"20,0";"19,8";"1008,7";"1009,1";"1008,7";"2,9";"104,0";"8,0";"";"0,0"
"21/09/2023";"0600";"24,4";"25,0";"24,4";"75,0";"75,0";"73,0";"19,6";"19,8";"19,6";"1008,3";"1008,7";"1008,3";"2,9";"103,0";"6,3";"";"0,0"
"21/09/2023";"0700";"24,2";"24,5";"24,2";"75,0";"75,0";"74,0";"19,5";"19,6";"19,5";"1008,7";"1008,7";"1008,3";"2,6";"101,0";"5,5";"";"0,0"
"21/09/2023";"0800";"23,5";"24,2";"23,5";"77,0";"77,0";"75,0";"19,2";"19,5";"19,2";"1009,0";"1009,0";"1008,7";"2,2";"107,0";"5,0";"";"0,0"
"21/09/2023";"0900";"23,9";"23,9";"23,5";"76,0";"77,0";"76,0";"19,4";"19,4";"19,2";"1009,9";"1009,9";"1009,0";"2,0";"99,0";"4,5";"72,00";"0,0"
"21/09/2023";"1000";"26,7";"26,7";"23,9";"65,0";"76,0";"65,0";"19,5";"19,8";"19,3";"1010,6";"1010,6";"1009,9";"3,1";"111,0";"6,9";"603,90";"0,0"
"21/09/2023";"1100";"28,1";"28,1";"26,4";"58,0";"65,0";"57,0";"19,0";"19,4";"18,6";"1011,2";"1011,3";"1010,6";"3,4";"129,0";"8,2";"1336,40";"0,0"
"21/09/2023";"1200";"29,5";"30,0";"28,1";"49,0";"58,0";"47,0";"17,7";"18,9";"17,5";"1011,6";"1011,6";"1011,2";"4,3";"141,0";"10,2";"2075,40";"0,0"
"21/09/2023";"1300";"31,2";"31,8";"29,5";"42,0";"49,0";"40,0";"16,7";"17,9";"16,5";"1011,1";"1011,7";"1011,0";"4,0";"131,0";"10,1";"2619,70";"0,0"
"21/09/2023";"1400";"33,1";"33,1";"30,7";"36,0";"44,0";"34,0";"15,9";"17,3";"14,7";"1009,9";"1011,1";"1009,9";"4,1";"105,0";"8,9";"2931,10";"0,0"
"21/09/2023";"1500";"33,0";"34,2";"32,7";"41,0";"41,0";"32,0";"17,9";"17,9";"14,7";"1008,7";"1010,0";"1008,7";"4,2";"103,0";"9,3";"3008,40";"0,0"
"21/09/2023";"1600";"32,7";"33,1";"32,1";"43,0";"45,0";"41,0";"18,6";"19,4";"17,9";"1007,8";"1008,8";"1007,8";"4,8";"62,0";"9,6";"2848,90";"0,0"
"21/09/2023";"1700";"31,9";"33,3";"31,8";"52,0";"52,0";"43,0";"20,9";"20,9";"19,0";"1007,2";"1007,9";"1007,1";"4,4";"62,0";"9,1";"2449,10";"0,0"
"21/09/2023";"1800";"30,5";"32,2";"29,8";"61,0";"63,0";"51,0";"22,1";"22,3";"20,7";"1006,9";"1007,2";"1006,9";"5,1";"49,0";"10,0";"1873,10";"0,0"
"21/09/2023";"1900";"29,4";"30,4";"29,4";"66,0";"66,0";"60,0";"22,4";"22,5";"21,4";"1007,2";"1007,2";"1006,9";"5,7";"58,0";"11,0";"1169,50";"0,0"
"21/09/2023";"2000";"27,9";"29,4";"27,9";"75,0";"75,0";"66,0";"23,1";"23,1";"22,4";"1007,2";"1007,3";"1007,2";"5,5";"62,0";"11,7";"407,10";"0,0"
"21/09/2023";"2100";"27,1";"27,9";"27,1";"80,0";"80,0";"75,0";"23,4";"23,5";"23,2";"1007,8";"1007,8";"1007,2";"5,5";"66,0";"10,7";"31,90";"0,0"
"21/09/2023";"2200";"26,7";"27,1";"26,7";"82,0";"83,0";"80,0";"23,4";"23,6";"23,3";"1008,5";"1008,5";"1007,8";"4,7";"67,0";"10,6";"";"0,0"
"21/09/2023";"2300";"27,2";"27,2";"26,7";"78,0";"82,0";"78,0";"23,0";"23,4";"23,0";"1009,3";"1009,3";"1008,5";"4,5";"73,0";"9,6";"";"0,0"
"22/09/2023";"0000";"27,0";"27,4";"27,0";"72,0";"78,0";"72,0";"21,6";"23,0";"21,6";"1010,2";"1010,2";"1009,3";"3,5";"81,0";"9,7";"";"0,0"
"22/09/2023";"0100";"26,6";"27,1";"26,6";"67,0";"72,0";"67,0";"20,0";"21,5";"20,0";"1010,7";"1010,8";"1010,2";"3,7";"92,0";"8,9";"";"0,0"
"22/09/2023";"0200";"26,1";"26,7";"26,1";"65,0";"67,0";"65,0";"19,1";"20,0";"19,1";"1010,4";"1010,8";"1010,4";"3,3";"96,0";"7,9";"";"0,0"
"22/09/2023";"0300";"25,5";"26,1";"25,4";"66,0";"66,0";"65,0";"18,6";"19,1";"18,6";"1009,6";"1010,4";"1009,6";"2,1";"96,0";"6,5";"";"0,0"
"22/09/2023";"0400";"24,7";"25,5";"24,0";"68,0";"71,0";"66,0";"18,5";"18,6";"18,4";"1009,2";"1009,6";"1009,2";"2,1";"88,0";"4,5";"";"0,0"
"22/09/2023";"0500";"24,3";"24,8";"23,9";"70,0";"71,0";"68,0";"18,4";"18,4";"18,3";"1009,0";"1009,3";"1009,0";"1,5";"120,0";"5,2";"";"0,0"
"22/09/2023";"0600";"23,2";"24,4";"23,2";"73,0";"73,0";"69,0";"18,2";"18,4";"18,1";"1009,1";"1009,1";"1009,0";"1,1";"120,0";"6,1";"";"0,0"
"22/09/2023";"0700";"23,3";"23,6";"23,0";"72,0";"74,0";"71,0";"18,0";"18,1";"18,0";"1009,5";"1009,5";"1009,1";"1,7";"115,0";"4,2";"";"0,0"
"22/09/2023";"0800";"22,5";"23,3";"22,5";"76,0";"76,0";"72,0";"18,2";"18,2";"17,9";"1009,7";"1009,7";"1009,4";"1,2";"117,0";"4,0";"";"0,0"
"22/09/2023";"0900";"22,6";"22,6";"22,0";"77,0";"79,0";"76,0";"18,5";"18,5";"18,1";"1010,5";"1010,5";"1009,7";"0,6";"122,0";"2,6";"58,10";"0,0"
"22/09/2023";"1000";"25,9";"26,0";"22,6";"62,0";"77,0";"62,0";"18,1";"18,6";"18,0";"1011,1";"1011,1";"1010,5";"2,9";"116,0";"5,5";"486,70";"0,0"
"22/09/2023";"1100";"28,6";"28,8";"25,9";"51,0";"62,0";"50,0";"17,4";"18,3";"16,9";"1011,5";"1011,6";"1011,1";"3,5";"125,0";"8,5";"1300,40";"0,0"
"22/09/2023";"1200";"30,1";"30,3";"28,5";"49,0";"51,0";"47,0";"18,1";"18,3";"17,1";"1011,5";"1011,5";"1011,3";"4,1";"122,0";"10,3";"1916,70";"0,0"
"22/09/2023";"1300";"31,2";"31,5";"29,8";"47,0";"49,0";"45,0";"18,5";"18,5";"17,7";"1011,2";"1011,5";"1011,1";"3,6";"121,0";"9,8";"2182,30";"0,0"
"22/09/2023";"1400";"31,7";"32,5";"30,7";"47,0";"48,0";"44,0";"18,9";"19,1";"18,0";"1010,3";"1011,2";"1010,3";"4,5";"113,0";"10,6";"2502,40";"0,0"
"22/09/2023";"1500";"32,0";"33,0";"31,1";"47,0";"49,0";"45,0";"19,3";"20,2";"18,6";"1009,2";"1010,3";"1009,2";"3,9";"114,0";"10,1";"2107,70";"0,0"
"22/09/2023";"1600";"32,2";"33,2";"31,2";"51,0";"54,0";"44,0";"20,8";"21,3";"19,0";"1008,0";"1009,2";"1008,0";"4,5";"74,0";"10,4";"1971,60";"0,0"
"22/09/2023";"1700";"32,6";"33,6";"31,5";"49,0";"52,0";"46,0";"20,3";"21,1";"19,9";"1007,2";"1008,0";"1007,2";"4,3";"87,0";"9,6";"1674,90";"0,0"
"22/09/2023";"1800";"32,0";"33,2";"31,7";"51,0";"52,0";"48,0";"20,5";"21,0";"19,8";"1007,0";"1007,2";"1006,9";"5,1";"60,0";"9,1";"1417,90";"0,0"
"22/09/2023";"1900";"30,3";"32,5";"30,3";"60,0";"60,0";"49,0";"21,7";"21,7";"20,5";"1007,1";"1007,1";"1006,9";"5,3";"54,0";"9,1";"1035,20";"0,0"
"22/09/2023";"2000";"27,9";"30,3";"27,9";"72,0";"72,0";"60,0";"22,3";"22,4";"21,6";"1007,8";"1007,8";"1007,0";"4,7";"48,0";"9,5";"413,60";"0,0"
"22/09/2023";"2100";"27,0";"27,9";"26,9";"79,0";"79,0";"72,0";"22,9";"22,9";"22,4";"1008,2";"1008,2";"1007,7";"4,0";"49,0";"8,7";"24,60";"0,0"
"22/09/2023";"2200";"26,8";"27,0";"26,8";"80,0";"80,0";"79,0";"23,1";"23,1";"22,9";"1008,9";"1008,9";"1008,2";"3,6";"46,0";"8,9";"";"0,0"
"22/09/2023";"2300";"26,9";"26,9";"26,8";"79,0";"81,0";"79,0";"23,0";"23,2";"23,0";"1009,6";"1009,6";"1008,9";"4,0";"47,0";"7,9";"";"0,0"
"23/09/2023";"0000";"27,2";"27,2";"26,8";"75,0";"79,0";"75,0";"22,4";"23,0";"22,4";"1010,4";"1010,4";"1009,6";"3,7";"67,0";"7,0";"";"0,0"
"23/09/2023";"0100";"26,7";"27,3";"26,7";"73,0";"75,0";"71,0";"21,5";"22,3";"21,3";"1010,7";"1010,7";"1010,4";"3,5";"70,0";"8,5";"";"0,0"
"23/09/2023";"0200";"26,2";"26,7";"26,1";"70,0";"74,0";"70,0";"20,3";"21,6";"20,3";"1010,5";"1010,8";"1010,5";"3,7";"78,0";"7,0";"";"0,0"
"23/09/2023";"0300";"25,4";"26,2";"25,4";"70,0";"70,0";"69,0";"19,6";"20,3";"19,6";"1010,2";"1010,5";"1010,2";"2,7";"85,0";"7,5";"";"0,0"
"23/09/2023";"0400";"25,0";"25,5";"25,0";"73,0";"73,0";"69,0";"19,8";"19,8";"19,5";"1009,6";"1010,2";"1009,6";"2,9";"91,0";"6,9";"";"0,0"
"23/09/2023";"0500";"24,5";"25,0";"24,5";"77,0";"77,0";"73,0";"20,2";"20,2";"19,8";"1009,4";"1009,6";"1009,4";"2,0";"100,0";"5,6";"";"0,0"
"23/09/2023";"0600";"24,6";"24,8";"24,5";"81,0";"81,0";"77,0";"21,0";"21,0";"20,2";"1009,6";"1009,6";"1009,3";"3,0";"91,0";"6,4";"";"0,0"
"23/09/2023";"0700";"24,4";"24,6";"24,3";"83,0";"83,0";"81,0";"21,3";"21,3";"21,0";"1009,9";"1009,9";"1009,6";"1,8";"97,0";"6,1";"";"0,0"
"23/09/2023";"0800";"24,6";"24,8";"24,4";"82,0";"83,0";"82,0";"21,4";"21,5";"21,3";"1010,4";"1010,4";"1009,9";"2,3";"117,0";"6,5";"";"0,0"
"23/09/2023";"0900";"24,5";"24,6";"24,1";"81,0";"84,0";"81,0";"21,2";"21,4";"21,2";"1011,2";"1011,2";"1010,4";"0,9";"137,0";"5,5";"78,50";"0,0"
"23/09/2023";"1000";"27,0";"27,1";"24,5";"72,0";"82,0";"72,0";"21,5";"21,6";"21,1";"1011,9";"1011,9";"1011,2";"2,8";"101,0";"7,4";"613,00";"0,0"
"23/09/2023";"1100";"29,0";"29,0";"26,9";"65,0";"73,0";"65,0";"21,6";"21,9";"21,2";"1012,3";"1012,4";"1011,8";"5,5";"91,0";"9,4";"1299,40";"0,0"
"23/09/2023";"1200";"30,0";"30,4";"28,6";"58,0";"65,0";"58,0";"20,9";"21,6";"20,9";"1012,6";"1012,7";"1012,3";"5,6";"89,0";"10,3";"1980,20";"0,0"
"23/09/2023";"1300";"30,5";"31,5";"29,5";"56,0";"61,0";"55,0";"20,9";"21,7";"20,9";"1011,9";"1012,6";"1011,9";"5,8";"74,0";"11,7";"2454,90";"0,0"
"23/09/2023";"1400";"31,2";"31,2";"30,1";"55,0";"57,0";"53,0";"21,1";"21,2";"20,3";"1011,0";"1011,9";"1011,0";"5,6";"61,0";"11,2";"2900,00";"0,0"
"23/09/2023";"1500";"31,7";"31,8";"30,3";"52,0";"57,0";"52,0";"20,6";"21,3";"20,5";"1010,0";"1011,0";"1010,0";"5,1";"65,0";"10,2";"2957,70";"0,0"
"23/09/2023";"1600";"31,5";"31,9";"30,4";"52,0";"54,0";"51,0";"20,3";"20,9";"20,0";"1008,9";"1010,0";"1008,8";"5,4";"47,0";"10,2";"2795,90";"0,0"
"23/09/2023";"1700";"30,4";"32,3";"30,2";"55,0";"55,0";"50,0";"20,4";"20,6";"19,7";"1008,2";"1008,8";"1008,2";"5,8";"39,0";"10,3";"2401,50";"0,0"
"23/09/2023";"1800";"29,9";"31,3";"29,8";"56,0";"58,0";"51,0";"20,2";"21,0";"19,8";"1007,9";"1008,2";"1007,9";"5,7";"49,0";"10,6";"1839,70";"0,0"
"23/09/2023";"1900";"29,2";"30,1";"29,1";"63,0";"63,0";"56,0";"21,4";"21,4";"20,0";"1008,2";"1008,3";"1007,8";"4,6";"55,0";"11,1";"1143,50";"0,0"
"23/09/2023";"2000";"27,8";"29,3";"27,8";"70,0";"70,0";"61,0";"21,8";"21,9";"20,7";"1008,8";"1008,8";"1008,2";"4,4";"56,0";"9,4";"424,30";"0,0"
"23/09/2023";"2100";"27,0";"27,8";"27,0";"73,0";"74,0";"69,0";"21,7";"22,1";"21,5";"1009,0";"1009,0";"1008,7";"4,4";"54,0";"8,9";"22,30";"0,0"
"23/09/2023";"2200";"26,6";"27,0";"26,6";"77,0";"77,0";"73,0";"22,3";"22,3";"21,7";"1009,6";"1009,6";"1009,0";"3,7";"55,0";"8,3";"";"0,0"
"23/09/2023";"2300";"26,7";"26,7";"26,6";"78,0";"78,0";"77,0";"22,4";"22,4";"22,3";"1010,2";"1010,2";"1009,6";"3,5";"54,0";"8,3";"";"0,0"
"24/09/2023";"0000";"26,7";"26,8";"26,6";"79,0";"79,0";"77,0";"22,7";"22,7";"22,3";"1010,7";"1010,7";"1010,2";"4,1";"68,0";"8,5";"";"0,0"
"24/09/2023";"0100";"26,6";"26,9";"26,6";"76,0";"79,0";"75,0";"21,9";"22,8";"21,9";"1010,5";"1010,7";"1010,4";"3,9";"71,0";"9,1";"";"0,0"
"24/09/2023";"0200";"26,2";"26,7";"26,2";"71,0";"76,0";"71,0";"20,5";"21,9";"20,5";"1010,1";"1010,5";"1010,1";"3,7";"75,0";"9,0";"";"0,0"
"24/09/2023";"0300";"25,2";"26,2";"25,2";"71,0";"71,0";"70,0";"19,7";"20,5";"19,7";"1009,7";"1010,1";"1009,7";"2,4";"78,0";"6,9";"";"0,0"
"24/09/2023";"0400";"24,9";"25,3";"24,9";"73,0";"73,0";"71,0";"19,7";"19,7";"19,5";"1009,5";"1009,7";"1009,5";"2,3";"89,0";"4,9";"";"0,0"
"24/09/2023";"0500";"24,4";"24,9";"24,3";"79,0";"79,0";"73,0";"20,6";"20,6";"19,7";"1009,3";"1009,5";"1009,3";"2,4";"85,0";"4,9";"";"0,0"
"24/09/2023";"0600";"24,1";"24,5";"24,1";"82,0";"82,0";"79,0";"20,9";"20,9";"20,6";"1009,3";"1009,4";"1009,3";"2,6";"90,0";"5,5";"";"0,0"
"24/09/2023";"0700";"23,0";"24,1";"23,0";"86,0";"87,0";"82,0";"20,6";"20,9";"20,6";"1009,9";"1009,9";"1009,3";"0,8";"114,0";"4,1";"";"0,0"
"24/09/2023";"0800";"23,2";"23,2";"22,2";"88,0";"91,0";"87,0";"21,2";"21,2";"20,2";"1010,7";"1010,7";"1009,9";"1,7";"101,0";"3,3";"";"0,0"
"24/09/2023";"0900";"24,2";"24,2";"23,2";"84,0";"88,0";"84,0";"21,3";"21,3";"21,0";"1011,3";"1011,3";"1010,7";"1,9";"94,0";"3,7";"84,20";"0,0"
"24/09/2023";"1000";"27,1";"27,1";"24,2";"71,0";"84,0";"71,0";"21,4";"21,6";"21,2";"1011,8";"1011,8";"1011,3";"4,1";"90,0";"7,2";"630,00";"0,0"
"24/09/2023";"1100";"28,8";"28,9";"27,1";"63,0";"71,0";"63,0";"21,0";"21,5";"20,9";"1012,4";"1012,4";"1011,8";"4,3";"106,0";"8,7";"1389,20";"0,0"
"24/09/2023";"1200";"30,4";"30,7";"28,4";"55,0";"64,0";"55,0";"20,4";"21,2";"20,4";"1012,3";"1012,5";"1012,3";"4,5";"107,0";"8,3";"1748,00";"0,0"
"24/09/2023";"1300";"32,2";"32,6";"29,9";"47,0";"56,0";"46,0";"19,4";"20,6";"18,9";"1011,6";"1012,3";"1011,6";"4,9";"94,0";"8,9";"2354,50";"0,0"
"24/09/2023";"1400";"32,8";"33,1";"31,2";"48,0";"52,0";"47,0";"20,4";"21,3";"19,4";"1010,7";"1011,7";"1010,7";"4,7";"75,0";"9,5";"2296,50";"0,0"
"24/09/2023";"1500";"33,0";"33,9";"32,0";"47,0";"50,0";"46,0";"20,2";"20,9";"19,8";"1009,5";"1010,7";"1009,4";"4,4";"48,0";"9,5";"3068,30";"0,0"
"24/09/2023";"1600";"33,1";"33,6";"32,3";"48,0";"49,0";"46,0";"20,6";"20,7";"20,0";"1008,5";"1009,5";"1008,4";"3,6";"44,0";"9,0";"2873,20";"0,0"
"24/09/2023";"1700";"31,9";"33,4";"31,3";"54,0";"56,0";"47,0";"21,4";"21,9";"20,3";"1007,7";"1008,5";"1007,6";"4,7";"39,0";"9,0";"2470,30";"0,0"
"24/09/2023";"1800";"30,5";"31,9";"30,5";"61,0";"62,0";"54,0";"22,1";"22,5";"21,3";"1007,5";"1007,7";"1007,5";"4,8";"50,0";"9,2";"1906,10";"0,0"
"24/09/2023";"1900";"29,2";"30,9";"29,2";"66,0";"66,0";"59,0";"22,3";"22,6";"21,8";"1007,8";"1007,8";"1007,4";"5,6";"47,0";"9,9";"1194,30";"0,0"
"24/09/2023";"2000";"28,0";"29,4";"28,0";"74,0";"74,0";"66,0";"22,9";"23,0";"22,2";"1008,3";"1008,3";"1007,8";"4,1";"46,0";"9,4";"456,30";"0,0"
"24/09/2023";"2100";"27,2";"28,0";"27,2";"79,0";"79,0";"74,0";"23,3";"23,3";"22,9";"1008,7";"1008,8";"1008,3";"3,6";"47,0";"8,2";"24,60";"0,0"
"24/09/2023";"2200";"27,0";"27,2";"27,0";"81,0";"81,0";"79,0";"23,6";"23,6";"23,3";"1009,4";"1009,4";"1008,7";"4,5";"49,0";"8,7";"";"0,0"
"24/09/2023";"2300";"27,0";"27,0";"26,9";"81,0";"82,0";"80,0";"23,4";"23,6";"23,3";"1009,9";"1009,9";"1009,4";"4,1";"53,0";"8,5";"";"0,0"
"25/09/2023";"0000";"27,1";"27,1";"27,0";"78,0";"81,0";"78,0";"22,9";"23,3";"22,9";"1010,0";"1010,0";"1009,8";"5,7";"66,0";"11,4";"";"0,0"
"25/09/2023";"0100";"26,7";"27,1";"26,7";"77,0";"79,0";"76,0";"22,2";"22,9";"22,2";"1010,2";"1010,3";"1010,0";"4,7";"76,0";"11,4";"";"0,0"
"25/09/2023";"0200";"26,2";"26,7";"26,2";"74,0";"77,0";"74,0";"21,3";"22,2";"21,3";"1009,9";"1010,2";"1009,9";"4,2";"85,0";"9,5";"";"0,0"
"25/09/2023";"0300";"25,5";"26,2";"25,5";"78,0";"78,0";"74,0";"21,4";"21,4";"21,2";"1009,4";"1009,9";"1009,4";"2,8";"85,0";"7,5";"";"0,0"
"25/09/2023";"0400";"25,1";"25,5";"25,1";"79,0";"79,0";"78,0";"21,3";"21,5";"21,3";"1009,4";"1009,4";"1009,3";"3,4";"94,0";"6,9";"";"0,0"
"25/09/2023";"0500";"24,6";"25,1";"24,6";"82,0";"82,0";"79,0";"21,2";"21,3";"21,2";"1009,0";"1009,4";"1008,9";"2,7";"90,0";"7,1";"";"0,0"
"25/09/2023";"0600";"24,1";"24,6";"24,0";"84,0";"84,0";"82,0";"21,2";"21,2";"21,1";"1009,0";"1009,0";"1008,9";"1,8";"93,0";"5,6";"";"0,0"
"25/09/2023";"0700";"23,5";"24,1";"23,5";"86,0";"86,0";"84,0";"21,1";"21,2";"21,0";"1009,4";"1009,4";"1009,0";"1,8";"88,0";"3,8";"";"0,0"
"25/09/2023";"0800";"22,7";"23,5";"22,7";"89,0";"89,0";"86,0";"20,8";"21,1";"20,8";"1010,1";"1010,1";"1009,4";"1,3";"90,0";"3,3";"";"0,0"
"25/09/2023";"0900";"24,0";"24,0";"22,6";"86,0";"90,0";"86,0";"21,5";"21,5";"20,8";"1010,9";"1010,9";"1010,1";"2,2";"91,0";"3,9";"90,50";"0,0"
"25/09/2023";"1000";"26,5";"26,6";"24,0";"74,0";"86,0";"74,0";"21,5";"21,8";"21,5";"1011,4";"1011,4";"1010,9";"4,2";"103,0";"7,6";"674,20";"0,0"
"25/09/2023";"1100";"28,0";"28,0";"26,5";"65,0";"74,0";"65,0";"20,8";"21,5";"20,7";"1011,9";"1012,0";"1011,4";"5,1";"108,0";"11,4";"1224,30";"0,0"
"25/09/2023";"1200";"30,1";"30,5";"27,8";"57,0";"65,0";"56,0";"20,6";"21,2";"20,3";"1011,7";"1011,9";"1011,6";"4,4";"81,0";"9,9";"2003,00";"0,0"
"25/09/2023";"1300";"31,5";"31,9";"29,9";"52,0";"57,0";"50,0";"20,5";"20,9";"20,0";"1011,3";"1011,8";"1011,3";"3,5";"104,0";"8,4";"2725,20";"0,0"
"25/09/2023";"1400";"32,5";"32,5";"30,8";"52,0";"56,0";"51,0";"21,4";"21,6";"20,4";"1010,1";"1011,3";"1010,1";"4,0";"73,0";"8,5";"2989,70";"0,0"
"25/09/2023";"1500";"32,4";"32,5";"31,1";"52,0";"54,0";"51,0";"21,3";"21,5";"20,6";"1008,7";"1010,1";"1008,7";"4,4";"56,0";"8,0";"3057,70";"0,0"
"25/09/2023";"1600";"32,2";"32,7";"31,5";"54,0";"55,0";"51,0";"21,7";"21,9";"20,7";"1007,5";"1008,7";"1007,5";"3,6";"41,0";"7,9";"2907,30";"0,0"
"25/09/2023";"1700";"31,1";"32,5";"30,9";"57,0";"59,0";"53,0";"21,6";"22,1";"21,1";"1006,6";"1007,5";"1006,5";"4,8";"36,0";"9,7";"2525,30";"0,0"
"25/09/2023";"1800";"30,6";"31,7";"30,3";"61,0";"61,0";"57,0";"22,2";"22,4";"21,8";"1006,2";"1006,6";"1006,2";"4,8";"41,0";"8,5";"1931,60";"0,0"
"25/09/2023";"1900";"28,9";"30,8";"28,8";"70,0";"70,0";"61,0";"22,8";"23,0";"22,0";"1006,4";"1006,4";"1006,1";"5,2";"45,0";"9,5";"1200,60";"0,0"
"25/09/2023";"2000";"27,7";"29,0";"27,7";"75,0";"76,0";"69,0";"22,9";"23,1";"22,7";"1006,9";"1006,9";"1006,3";"4,5";"44,0";"10,5";"449,60";"0,0"
"25/09/2023";"2100";"26,9";"27,7";"26,9";"78,0";"79,0";"75,0";"22,7";"23,0";"22,7";"1007,4";"1007,4";"1006,8";"4,0";"49,0";"9,3";"23,70";"0,0"
"25/09/2023";"2200";"26,9";"26,9";"26,8";"79,0";"79,0";"78,0";"22,8";"22,9";"22,7";"1008,1";"1008,1";"1007,4";"4,9";"49,0";"9,9";"";"0,0"
"25/09/2023";"2300";"27,0";"27,0";"26,8";"75,0";"79,0";"75,0";"22,2";"22,9";"22,2";"1008,6";"1008,6";"1008,1";"5,4";"61,0";"11,3";"";"0,0"
"26/09/2023";"0000";"27,0";"27,0";"26,7";"68,0";"76,0";"68,0";"20,7";"22,3";"20,7";"1009,4";"1009,4";"1008,6";"6,9";"75,0";"13,5";"";"0,0"
"26/09/2023";"0100";"26,0";"27,0";"26,0";"76,0";"76,0";"68,0";"21,5";"21,5";"20,7";"1009,7";"1009,8";"1009,4";"5,0";"81,0";"13,7";"";"0,0"
"26/09/2023";"0200";"25,9";"26,1";"25,8";"76,0";"76,0";"74,0";"21,2";"21,5";"21,0";"1009,5";"1009,8";"1009,5";"5,3";"83,0";"11,0";"";"0,0"
"26/09/2023";"0300";"25,5";"25,9";"25,5";"77,0";"77,0";"76,0";"21,2";"21,3";"21,1";"1008,8";"1009,5";"1008,8";"4,9";"87,0";"10,4";"";"0,0"
"26/09/2023";"0400";"25,0";"25,5";"25,0";"78,0";"78,0";"77,0";"20,9";"21,2";"20,9";"1008,1";"1008,8";"1008,1";"3,9";"92,0";"9,2";"";"0,0"
"26/09/2023";"0500";"24,3";"25,0";"24,3";"79,0";"79,0";"78,0";"20,4";"20,9";"20,4";"1008,1";"1008,1";"1007,8";"2,1";"92,0";"6,3";"";"0,0"
"26/09/2023";"0600";"23,3";"24,3";"23,3";"83,0";"83,0";"79,0";"20,3";"20,4";"20,3";"1008,1";"1008,1";"1008,0";"1,5";"101,0";"4,0";"";"0,0"
"26/09/2023";"0700";"22,6";"23,3";"22,6";"86,0";"86,0";"83,0";"20,0";"20,3";"20,0";"1008,3";"1008,3";"1008,1";"0,8";"129,0";"3,3";"";"0,0"
"26/09/2023";"0800";"22,7";"22,9";"22,5";"88,0";"88,0";"86,0";"20,5";"20,6";"20,0";"1008,9";"1008,9";"1008,3";"1,5";"98,0";"2,8";"";"0,0"
"26/09/2023";"0900";"23,5";"23,5";"22,5";"87,0";"89,0";"87,0";"21,2";"21,2";"20,5";"1009,4";"1009,4";"1008,9";"1,9";"91,0";"3,5";"70,10";"0,0"
"26/09/2023";"1000";"25,8";"25,8";"23,5";"77,0";"87,0";"77,0";"21,5";"21,9";"21,2";"1010,0";"1010,0";"1009,4";"3,9";"103,0";"6,8";"459,10";"0,0"
"26/09/2023";"1100";"27,7";"28,6";"25,8";"64,0";"77,0";"62,0";"20,4";"21,7";"20,2";"1011,0";"1011,0";"1010,0";"5,0";"88,0";"9,8";"1260,00";"0,0"
"26/09/2023";"1200";"28,8";"29,1";"27,6";"59,0";"65,0";"59,0";"20,0";"20,7";"20,0";"1011,5";"1011,5";"1011,0";"3,3";"91,0";"8,6";"976,70";"0,0"
"26/09/2023";"1300";"30,2";"30,9";"28,7";"54,0";"60,0";"53,0";"19,9";"20,6";"19,8";"1011,3";"1011,5";"1011,3";"5,8";"69,0";"10,7";"1943,90";"0,0"
"26/09/2023";"1400";"30,8";"31,3";"29,6";"52,0";"56,0";"49,0";"19,9";"20,5";"19,0";"1010,5";"1011,3";"1010,4";"5,7";"60,0";"11,8";"2946,80";"0,0"
"26/09/2023";"1500";"30,7";"31,6";"29,8";"55,0";"56,0";"52,0";"20,6";"20,8";"19,9";"1009,0";"1010,5";"1009,0";"5,4";"45,0";"11,1";"3071,40";"0,0"
"26/09/2023";"1600";"30,6";"31,1";"30,0";"55,0";"57,0";"53,0";"20,4";"20,8";"19,8";"1007,9";"1009,0";"1007,9";"6,4";"47,0";"11,1";"2904,30";"0,0"
"26/09/2023";"1700";"30,1";"31,2";"30,0";"56,0";"56,0";"53,0";"20,2";"20,8";"19,9";"1007,3";"1007,9";"1007,3";"6,2";"44,0";"11,9";"2510,60";"0,0"
"26/09/2023";"1800";"29,8";"31,0";"29,8";"59,0";"59,0";"54,0";"21,0";"21,0";"20,1";"1007,3";"1007,4";"1007,1";"6,2";"58,0";"11,5";"1918,40";"0,0"
"26/09/2023";"1900";"29,3";"30,3";"29,1";"64,0";"65,0";"58,0";"21,8";"21,9";"20,9";"1007,4";"1007,4";"1007,2";"5,2";"41,0";"11,6";"1212,40";"0,0"
"26/09/2023";"2000";"28,0";"29,3";"28,0";"73,0";"74,0";"64,0";"22,8";"22,9";"21,8";"1007,8";"1007,9";"1007,4";"5,1";"43,0";"9,6";"459,00";"0,0"
"26/09/2023";"2100";"27,4";"28,0";"27,4";"77,0";"77,0";"73,0";"23,0";"23,0";"22,6";"1008,3";"1008,3";"1007,8";"4,6";"48,0";"9,7";"23,30";"0,0"
"26/09/2023";"2200";"27,2";"27,4";"27,0";"79,0";"81,0";"77,0";"23,3";"23,5";"23,0";"1009,0";"1009,0";"1008,4";"4,6";"58,0";"9,9";"";"0,0"
"26/09/2023";"2300";"27,1";"27,2";"27,0";"79,0";"80,0";"78,0";"23,1";"23,3";"23,0";"1009,7";"1009,7";"1009,0";"5,1";"62,0";"10,0";"";"0,0"
"27/09/2023";"0000";"26,9";"27,1";"26,8";"77,0";"80,0";"77,0";"22,5";"23,3";"22,5";"1010,4";"1010,4";"1009,8";"5,5";"71,0";"11,9";"";"0,0"
"27/09/2023";"0100";"26,6";"26,9";"26,5";"74,0";"78,0";"74,0";"21,5";"22,5";"21,5";"1011,0";"1011,0";"1010,3";"5,8";"71,0";"11,5";"";"0,0"
"27/09/2023";"0200";"26,2";"26,6";"26,2";"76,0";"76,0";"73,0";"21,7";"21,7";"21,1";"1011,1";"1011,3";"1011,0";"3,6";"82,0";"10,6";"";"0,0"
"27/09/2023";"0300";"26,1";"26,4";"26,1";"74,0";"78,0";"74,0";"21,2";"22,2";"21,1";"1010,1";"1011,1";"1010,1";"3,8";"85,0";"9,5";"";"0,0"
"27/09/2023";"0400";"25,9";"26,2";"25,7";"76,0";"76,0";"74,0";"21,4";"21,4";"21,0";"1009,4";"1010,1";"1009,3";"3,0";"89,0";"7,7";"";"0,0"
"27/09/2023";"0500";"24,8";"26,1";"24,8";"81,0";"81,0";"75,0";"21,4";"21,5";"21,3";"1008,9";"1009,4";"1008,9";"1,0";"131,0";"8,1";"";"0,0"
"27/09/2023";"0600";"24,2";"24,8";"24,2";"84,0";"84,0";"81,0";"21,3";"21,5";"21,3";"1009,1";"1009,1";"1008,9";"0,9";"168,0";"2,3";"";"0,0"
"27/09/2023";"0700";"23,9";"24,2";"23,6";"85,0";"86,0";"84,0";"21,2";"21,3";"21,1";"1009,6";"1009,6";"1009,1";"1,0";"133,0";"2,4";"";"0,0"
"27/09/2023";"0800";"23,5";"24,0";"23,5";"86,0";"86,0";"84,0";"20,9";"21,2";"20,9";"1010,1";"1010,1";"1009,6";"1,5";"104,0";"3,5";"";"0,0"
"27/09/2023";"0900";"23,5";"23,5";"22,9";"87,0";"88,0";"86,0";"21,1";"21,1";"20,7";"1011,1";"1011,1";"1010,1";"1,0";"150,0";"2,5";"60,90";"0,0"
"27/09/2023";"1000";"26,7";"26,8";"23,5";"71,0";"87,0";"71,0";"21,1";"21,5";"20,8";"1011,5";"1011,5";"1011,1";"2,8";"102,0";"6,2";"572,30";"0,0"
"27/09/2023";"1100";"27,4";"27,9";"26,5";"66,0";"72,0";"65,0";"20,6";"21,2";"20,2";"1012,3";"1012,3";"1011,5";"2,8";"104,0";"7,0";"831,20";"0,0"
"27/09/2023";"1200";"30,0";"30,4";"27,4";"49,0";"67,0";"49,0";"18,2";"21,0";"18,2";"1012,2";"1012,3";"1012,0";"5,0";"90,0";"10,0";"1641,40";"0,0"
"27/09/2023";"1300";"31,1";"31,6";"29,7";"45,0";"52,0";"43,0";"17,6";"18,7";"17,2";"1011,6";"1012,3";"1011,6";"5,2";"68,0";"10,6";"2612,50";"0,0"
"27/09/2023";"1400";"31,9";"32,4";"31,0";"43,0";"46,0";"42,0";"17,6";"18,5";"17,4";"1010,8";"1011,6";"1010,8";"5,2";"62,0";"11,4";"3040,50";"0,0"
"27/09/2023";"1500";"31,4";"32,8";"31,0";"46,0";"48,0";"41,0";"18,5";"19,0";"17,1";"1009,5";"1010,8";"1009,5";"6,0";"55,0";"11,1";"3051,90";"0,0"
"27/09/2023";"1600";"31,1";"32,2";"30,7";"51,0";"52,0";"45,0";"19,7";"20,5";"18,2";"1008,4";"1009,6";"1008,4";"5,9";"58,0";"10,8";"2900,10";"0,0"
"27/09/2023";"1700";"31,3";"32,4";"30,9";"46,0";"52,0";"42,0";"18,2";"19,9";"17,8";"1007,8";"1008,4";"1007,7";"5,5";"47,0";"11,1";"2508,50";"0,0"
"27/09/2023";"1800";"29,9";"31,7";"29,9";"56,0";"56,0";"46,0";"20,1";"20,3";"18,3";"1007,7";"1007,8";"1007,7";"5,7";"45,0";"11,1";"1921,50";"0,0"
"27/09/2023";"1900";"28,8";"30,2";"28,7";"65,0";"66,0";"55,0";"21,7";"21,9";"19,8";"1008,0";"1008,1";"1007,7";"4,9";"45,0";"10,0";"1200,60";"0,0"
"27/09/2023";"2000";"27,6";"28,9";"27,6";"71,0";"71,0";"65,0";"21,8";"21,9";"21,0";"1008,4";"1008,4";"1008,0";"4,5";"48,0";"8,7";"453,90";"0,0"
"27/09/2023";"2100";"26,6";"27,6";"26,6";"77,0";"77,0";"71,0";"22,3";"22,4";"21,8";"1009,1";"1009,1";"1008,4";"3,0";"52,0";"7,7";"22,80";"0,0"
"27/09/2023";"2200";"26,4";"26,6";"26,3";"77,0";"78,0";"76,0";"22,0";"22,3";"21,9";"1009,6";"1009,6";"1009,0";"3,1";"54,0";"6,7";"";"0,0"
"27/09/2023";"2300";"26,1";"26,4";"26,1";"79,0";"80,0";"77,0";"22,3";"22,5";"22,1";"1010,2";"1010,2";"1009,6";"3,3";"57,0";"9,3";"";"0,0"
"28/09/2023";"0000";"26,1";"26,2";"26,0";"77,0";"79,0";"77,0";"21,9";"22,3";"21,7";"1010,4";"1010,4";"1010,2";"3,8";"68,0";"8,6";"";"0,0"
"28/09/2023";"0100";"26,0";"26,2";"25,9";"75,0";"77,0";"72,0";"21,2";"21,9";"20,7";"1010,5";"1010,6";"1010,4";"3,5";"73,0";"8,9";"";"0,0"
"28/09/2023";"0200";"25,3";"26,1";"25,3";"73,0";"75,0";"72,0";"20,1";"21,2";"20,1";"1009,8";"1010,5";"1009,8";"3,3";"82,0";"6,5";"";"0,0"
"28/09/2023";"0300";"24,4";"25,3";"24,4";"77,0";"77,0";"73,0";"20,2";"20,3";"20,1";"1009,2";"1009,8";"1009,2";"2,3";"97,0";"5,0";"";"0,0"
"28/09/2023";"0400";"23,6";"24,5";"23,6";"81,0";"81,0";"77,0";"20,1";"20,2";"20,1";"1008,7";"1009,2";"1008,7";"1,2";"112,0";"5,2";"";"0,0"
"28/09/2023";"0500";"22,4";"23,6";"22,4";"87,0";"87,0";"81,0";"20,0";"20,1";"19,9";"1008,5";"1008,7";"1008,4";"1,0";"126,0";"2,8";"";"0,0"
"28/09/2023";"0600";"22,4";"22,7";"22,4";"88,0";"88,0";"86,0";"20,3";"20,4";"20,0";"1009,0";"1009,0";"1008,5";"1,1";"127,0";"2,9";"";"0,0"
"28/09/2023";"0700";"21,9";"22,4";"21,9";"90,0";"90,0";"88,0";"20,3";"20,4";"20,1";"1009,2";"1009,2";"1008,9";"0,8";"131,0";"2,1";"";"0,0"
"28/09/2023";"0800";"21,4";"21,9";"21,3";"92,0";"92,0";"90,0";"20,1";"20,2";"20,0";"1009,8";"1009,8";"1009,2";"1,0";"108,0";"1,9";"";"0,0"
"28/09/2023";"0900";"21,7";"21,7";"20,9";"92,0";"93,0";"92,0";"20,4";"20,4";"19,7";"1010,6";"1010,6";"1009,8";"0,8";"155,0";"1,9";"90,90";"0,0"
"28/09/2023";"1000";"25,4";"25,4";"21,7";"78,0";"92,0";"78,0";"21,4";"21,4";"20,3";"1011,1";"1011,1";"1010,6";"2,1";"100,0";"4,0";"596,60";"0,0"
"28/09/2023";"1100";"28,3";"28,3";"25,4";"65,0";"78,0";"64,0";"21,1";"21,5";"20,6";"1011,6";"1011,6";"1011,1";"3,9";"90,0";"7,5";"1332,90";"0,0"
"28/09/2023";"1200";"29,2";"29,8";"28,1";"57,0";"65,0";"55,0";"19,8";"20,9";"19,7";"1011,6";"1011,6";"1011,5";"4,5";"77,0";"9,5";"1836,70";"0,0"
"28/09/2023";"1300";"30,8";"30,8";"29,0";"51,0";"58,0";"51,0";"19,4";"20,5";"19,4";"1011,3";"1011,6";"1011,2";"4,7";"55,0";"10,4";"2685,80";"0,0"
"28/09/2023";"1400";"30,6";"31,4";"29,9";"50,0";"53,0";"48,0";"18,9";"19,7";"18,6";"1010,7";"1011,3";"1010,7";"4,8";"58,0";"9,4";"2975,20";"0,0"
"28/09/2023";"1500";"30,7";"31,7";"30,1";"51,0";"52,0";"48,0";"19,5";"19,7";"18,8";"1009,8";"1010,7";"1009,8";"4,6";"52,0";"10,2";"3067,90";"0,0"
"28/09/2023";"1600";"30,8";"31,6";"30,2";"51,0";"53,0";"50,0";"19,4";"20,1";"19,1";"1008,8";"1009,9";"1008,8";"4,6";"78,0";"9,4";"2926,10";"0,0"
"28/09/2023";"1700";"31,0";"32,1";"30,6";"49,0";"51,0";"47,0";"18,9";"19,9";"18,8";"1007,9";"1008,8";"1007,9";"4,3";"38,0";"9,4";"2539,00";"0,0"
"28/09/2023";"1800";"30,6";"31,5";"30,2";"54,0";"55,0";"48,0";"20,1";"20,4";"18,9";"1007,6";"1007,9";"1007,6";"4,1";"31,0";"8,0";"1944,10";"0,0"
"28/09/2023";"1900";"29,5";"30,7";"29,5";"60,0";"60,0";"53,0";"21,0";"21,1";"19,9";"1007,8";"1007,8";"1007,6";"3,7";"33,0";"7,8";"1218,90";"0,0"
"28/09/2023";"2000";"27,8";"29,5";"27,8";"69,0";"70,0";"60,0";"21,7";"21,9";"20,7";"1008,2";"1008,2";"1007,8";"3,3";"38,0";"8,5";"462,30";"0,0"
"28/09/2023";"2100";"26,7";"27,8";"26,7";"77,0";"77,0";"69,0";"22,3";"22,5";"21,6";"1008,6";"1008,7";"1008,2";"2,5";"35,0";"6,3";"16,70";"0,0"
"28/09/2023";"2200";"25,9";"26,7";"25,9";"81,0";"81,0";"77,0";"22,4";"22,4";"22,3";"1009,0";"1009,1";"1008,6";"1,8";"43,0";"5,3";"";"0,0"
"28/09/2023";"2300";"25,6";"25,9";"25,6";"83,0";"83,0";"81,0";"22,5";"22,5";"22,4";"1009,4";"1009,4";"1009,0";"2,0";"53,0";"4,0";"";"0,0"
"29/09/2023";"0000";"25,8";"25,8";"25,6";"82,0";"83,0";"82,0";"22,5";"22,6";"22,5";"1010,3";"1010,3";"1009,4";"3,0";"53,0";"5,6";"";"0,0"
"29/09/2023";"0100";"25,6";"25,8";"25,6";"81,0";"82,0";"80,0";"22,1";"22,5";"22,1";"1010,6";"1010,6";"1010,3";"2,5";"52,0";"5,7";"";"0,0"
"29/09/2023";"0200";"25,7";"25,7";"25,5";"83,0";"83,0";"81,0";"22,5";"22,5";"22,1";"1010,2";"1010,6";"1010,2";"2,9";"67,0";"5,1";"";"0,0"
"29/09/2023";"0300";"25,3";"25,7";"25,3";"82,0";"83,0";"81,0";"22,0";"22,5";"21,9";"1009,8";"1010,2";"1009,7";"2,7";"75,0";"6,0";"";"0,0"
"29/09/2023";"0400";"24,5";"25,3";"24,5";"84,0";"84,0";"82,0";"21,6";"22,0";"21,6";"1009,3";"1009,8";"1009,3";"3,4";"89,0";"5,7";"";"0,0"
"29/09/2023";"0500";"23,7";"24,4";"23,7";"83,0";"84,0";"83,0";"20,6";"21,6";"20,6";"1009,4";"1009,4";"1009,3";"2,4";"80,0";"5,7";"";"0,0"
"29/09/2023";"0600";"23,4";"23,7";"23,4";"84,0";"84,0";"83,0";"20,4";"20,6";"20,4";"1009,7";"1009,7";"1009,4";"2,3";"84,0";"4,9";"";"0,0"
"29/09/2023";"0700";"23,0";"23,4";"23,0";"86,0";"86,0";"83,0";"20,4";"20,5";"20,3";"1010,0";"1010,0";"1009,7";"2,0";"85,0";"4,2";"";"0,0"
"29/09/2023";"0800";"22,2";"23,0";"22,2";"89,0";"89,0";"86,0";"20,4";"20,7";"20,4";"1010,5";"1010,5";"1010,0";"1,2";"121,0";"3,7";"";"0,0"
"29/09/2023";"0900";"22,4";"22,4";"21,5";"90,0";"91,0";"89,0";"20,6";"20,6";"20,0";"1010,8";"1010,8";"1010,5";"1,0";"134,0";"2,5";"98,90";"0,0"
"29/09/2023";"1000";"26,2";"26,3";"22,4";"76,0";"90,0";"75,0";"21,5";"21,9";"20,6";"1011,2";"1011,2";"1010,7";"3,2";"106,0";"8,0";"585,30";"0,0"
"29/09/2023";"1100";"27,6";"28,2";"26,2";"65,0";"76,0";"64,0";"20,3";"21,6";"20,3";"1011,5";"1011,5";"1011,2";"3,9";"77,0";"8,7";"1296,60";"0,0"
"29/09/2023";"1200";"29,5";"29,8";"27,6";"56,0";"65,0";"55,0";"19,9";"20,9";"19,7";"1011,8";"1011,8";"1011,5";"4,3";"55,0";"7,7";"2085,30";"0,0"
"29/09/2023";"1300";"29,7";"30,5";"28,9";"57,0";"57,0";"52,0";"20,2";"20,3";"19,2";"1011,7";"1011,9";"1011,6";"4,3";"53,0";"9,2";"2791,50";"0,0"
"29/09/2023";"1400";"31,0";"31,0";"29,2";"53,0";"58,0";"52,0";"20,2";"20,7";"19,4";"1011,0";"1011,7";"1011,0";"4,5";"60,0";"8,8";"3017,60";"0,0"
"29/09/2023";"1500";"30,2";"31,4";"29,9";"52,0";"55,0";"48,0";"19,4";"20,0";"18,9";"1009,9";"1011,0";"1009,9";"4,8";"21,0";"9,6";"3052,80";"0,0"
"29/09/2023";"1600";"30,9";"31,8";"30,2";"50,0";"52,0";"45,0";"19,3";"19,8";"17,8";"1009,0";"1009,9";"1009,0";"3,7";"20,0";"8,8";"2912,20";"0,0"
"29/09/2023";"1700";"30,3";"31,6";"30,0";"56,0";"56,0";"50,0";"20,6";"20,8";"19,4";"1008,2";"1009,0";"1008,2";"4,1";"32,0";"8,1";"2572,20";"0,0"
"29/09/2023";"1800";"29,7";"30,7";"29,6";"57,0";"60,0";"56,0";"20,3";"21,6";"20,2";"1008,0";"1008,2";"1007,9";"4,8";"29,0";"9,0";"1928,00";"0,0"
"29/09/2023";"1900";"28,9";"30,0";"28,7";"63,0";"64,0";"56,0";"21,2";"21,2";"20,1";"1008,1";"1008,1";"1008,0";"4,3";"39,0";"9,0";"1242,30";"0,0"
"29/09/2023";"2000";"27,2";"29,0";"27,2";"71,0";"72,0";"63,0";"21,5";"21,8";"21,0";"1008,2";"1008,2";"1008,0";"4,4";"46,0";"8,3";"421,00";"0,0"
"29/09/2023";"2100";"26,4";"27,2";"26,3";"76,0";"77,0";"71,0";"21,7";"22,1";"21,5";"1008,3";"1008,4";"1008,2";"3,6";"51,0";"8,5";"24,50";"0,0"
"29/09/2023";"2200";"26,3";"26,4";"26,2";"77,0";"77,0";"75,0";"21,9";"21,9";"21,6";"1008,6";"1008,6";"1008,2";"3,3";"56,0";"7,3";"";"0,0"
"29/09/2023";"2300";"26,4";"26,4";"26,3";"78,0";"78,0";"77,0";"22,3";"22,3";"21,9";"1009,5";"1009,5";"1008,6";"3,5";"51,0";"7,0";"";"0,0"
"30/09/2023";"0000";"26,5";"26,5";"26,4";"80,0";"80,0";"78,0";"22,8";"22,8";"22,3";"1009,8";"1009,8";"1009,5";"3,8";"57,0";"7,8";"";"0,0"
"30/09/2023";"0100";"26,5";"26,6";"26,4";"77,0";"81,0";"77,0";"22,2";"22,9";"22,2";"1010,0";"1010,0";"1009,8";"3,8";"62,0";"8,9";"";"0,0"
"30/09/2023";"0200";"26,2";"26,7";"26,2";"72,0";"78,0";"72,0";"20,8";"22,3";"20,8";"1009,9";"1010,1";"1009,9";"4,6";"81,0";"9,9";"";"0,0"
"30/09/2023";"0300";"25,4";"26,2";"25,4";"76,0";"76,0";"72,0";"20,7";"20,8";"20,7";"1009,6";"1009,9";"1009,6";"3,1";"94,0";"8,9";"";"0,0"
"30/09/2023";"0400";"25,0";"25,4";"25,0";"78,0";"78,0";"76,0";"20,9";"21,0";"20,7";"1009,1";"1009,6";"1009,0";"3,8";"85,0";"6,5";"";"0,0"
"30/09/2023";"0500";"24,5";"25,0";"24,5";"79,0";"79,0";"78,0";"20,6";"20,9";"20,6";"1009,0";"1009,2";"1009,0";"2,5";"81,0";"6,5";"";"0,0"
"30/09/2023";"0600";"23,8";"24,5";"23,8";"81,0";"81,0";"79,0";"20,4";"20,6";"20,3";"1009,3";"1009,3";"1009,0";"2,3";"71,0";"4,9";"";"0,0"
"30/09/2023";"0700";"23,5";"23,8";"23,5";"81,0";"82,0";"81,0";"20,1";"20,4";"20,1";"1009,6";"1009,6";"1009,2";"2,0";"68,0";"4,1";"";"0,0"
"30/09/2023";"0800";"23,5";"23,5";"23,3";"82,0";"82,0";"81,0";"20,3";"20,3";"20,1";"1010,2";"1010,2";"1009,6";"2,2";"71,0";"3,9";"";"0,0"
"30/09/2023";"0900";"24,7";"24,7";"23,4";"79,0";"83,0";"79,0";"20,8";"20,8";"20,3";"1010,7";"1010,7";"1010,2";"2,5";"82,0";"4,4";"99,40";"0,0"
"30/09/2023";"1000";"26,9";"26,9";"24,7";"66,0";"79,0";"66,0";"19,9";"20,9";"19,9";"1011,4";"1011,4";"1010,7";"4,3";"99,0";"8,0";"682,70";"0,0"
"30/09/2023";"1100";"28,8";"29,1";"26,8";"55,0";"66,0";"55,0";"18,8";"20,2";"18,8";"1011,6";"1011,7";"1011,4";"3,7";"115,0";"10,0";"1459,20";"0,0"
"30/09/2023";"1200";"30,5";"31,0";"28,5";"47,0";"55,0";"47,0";"18,0";"19,0";"18,0";"1011,3";"1011,6";"1011,2";"4,5";"121,0";"10,3";"1873,90";"0,0"
"30/09/2023";"1300";"32,3";"32,3";"29,9";"42,0";"49,0";"42,0";"17,6";"18,4";"17,4";"1010,7";"1011,3";"1010,7";"3,8";"118,0";"10,6";"2551,80";"0,0"
"30/09/2023";"1400";"33,3";"33,5";"31,5";"37,0";"43,0";"37,0";"16,8";"17,7";"16,4";"1010,2";"1010,8";"1010,1";"4,8";"95,0";"10,6";"3033,80";"0,0"
"30/09/2023";"1500";"33,1";"33,9";"32,1";"44,0";"49,0";"36,0";"19,4";"20,2";"16,5";"1008,7";"1010,2";"1008,7";"4,2";"47,0";"10,2";"2822,50";"0,0"
"30/09/2023";"1600";"33,5";"34,3";"32,3";"46,0";"46,0";"40,0";"20,4";"20,4";"18,8";"1007,4";"1008,7";"1007,4";"5,5";"47,0";"10,7";"2598,10";"0,0"
"30/09/2023";"1700";"31,7";"33,5";"31,1";"54,0";"55,0";"46,0";"21,3";"21,3";"20,2";"1006,8";"1007,5";"1006,8";"5,4";"36,0";"11,9";"2449,80";"0,0"
"30/09/2023";"1800";"30,6";"31,8";"30,0";"60,0";"61,0";"53,0";"21,8";"22,2";"20,7";"1006,4";"1006,8";"1006,4";"5,5";"52,0";"10,9";"1911,00";"0,0"
"30/09/2023";"1900";"29,4";"30,8";"29,4";"65,0";"65,0";"58,0";"22,0";"22,2";"21,5";"1006,2";"1006,5";"1006,2";"5,7";"49,0";"9,5";"1205,70";"0,0"
"30/09/2023";"2000";"28,2";"29,4";"28,1";"72,0";"72,0";"65,0";"22,6";"22,6";"21,9";"1006,3";"1006,4";"1006,2";"3,9";"52,0";"10,1";"461,70";"0,0"
"30/09/2023";"2100";"27,2";"28,2";"27,2";"77,0";"77,0";"72,0";"22,8";"22,8";"22,4";"1006,6";"1006,6";"1006,2";"3,3";"44,0";"8,5";"23,00";"0,0"
"30/09/2023";"2200";"27,2";"27,2";"27,0";"77,0";"78,0";"77,0";"22,7";"22,9";"22,7";"1007,3";"1007,3";"1006,6";"2,5";"40,0";"6,1";"";"0,0"
"30/09/2023";"2300";"27,4";"27,5";"27,1";"76,0";"77,0";"75,0";"22,8";"22,8";"22,7";"1008,1";"1008,1";"1007,3";"3,4";"52,0";"7,2";"";"0,0"
"01/10/2023";"0000";"27,3";"27,5";"27,3";"75,0";"76,0";"75,0";"22,5";"22,8";"22,5";"1008,8";"1008,8";"1008,1";"4,2";"60,0";"8,8";"";"0,0"
"01/10/2023";"0100";"26,8";"27,4";"26,7";"76,0";"76,0";"73,0";"22,2";"22,4";"21,9";"1009,4";"1009,4";"1008,8";"4,6";"70,0";"10,6";"";"0,0"
"01/10/2023";"0200";"26,3";"26,8";"26,3";"73,0";"76,0";"71,0";"21,0";"22,2";"20,8";"1009,4";"1009,5";"1009,3";"4,7";"73,0";"11,0";"";"0,0"
"01/10/2023";"0300";"25,7";"26,3";"25,7";"75,0";"75,0";"72,0";"21,0";"21,1";"20,9";"1009,0";"1009,5";"1009,0";"5,6";"84,0";"11,4";"";"0,0"
"01/10/2023";"0400";"25,2";"25,7";"25,2";"76,0";"76,0";"75,0";"20,7";"21,0";"20,7";"1008,4";"1009,0";"1008,3";"5,5";"88,0";"11,0";"";"0,0"
"01/10/2023";"0500";"24,8";"25,2";"24,8";"77,0";"77,0";"76,0";"20,6";"20,7";"20,6";"1008,6";"1008,7";"1008,3";"4,0";"89,0";"11,0";"";"0,0"
"01/10/2023";"0600";"24,5";"24,8";"24,4";"78,0";"78,0";"77,0";"20,4";"20,6";"20,4";"1009,0";"1009,0";"1008,6";"2,8";"105,0";"7,5";"";"0,0"
"01/10/2023";"0700";"24,0";"24,4";"24,0";"81,0";"81,0";"78,0";"20,5";"20,5";"20,4";"1009,2";"1009,2";"1009,0";"2,7";"99,0";"5,8";"";"0,0"
"01/10/2023";"0800";"23,2";"24,0";"23,2";"84,0";"84,0";"81,0";"20,3";"20,5";"20,3";"1009,9";"1009,9";"1009,2";"1,4";"114,0";"4,7";"";"0,0"
"01/10/2023";"0900";"24,2";"24,2";"23,0";"80,0";"85,0";"80,0";"20,6";"20,8";"20,3";"1010,6";"1010,6";"1009,9";"1,1";"135,0";"2,6";"104,50";"0,0"
"01/10/2023";"1000";"26,9";"26,9";"24,2";"66,0";"80,0";"66,0";"19,9";"20,8";"19,9";"1010,8";"1010,9";"1010,6";"3,4";"115,0";"6,5";"697,60";"0,0"
"01/10/2023";"1100";"29,1";"29,1";"26,9";"53,0";"66,0";"53,0";"18,7";"20,2";"18,4";"1011,3";"1011,3";"1010,8";"4,0";"127,0";"8,9";"1511,20";"0,0"
"01/10/2023";"1200";"30,7";"30,7";"29,2";"48,0";"54,0";"48,0";"18,6";"19,0";"18,0";"1011,5";"1011,6";"1011,2";"5,0";"101,0";"10,4";"2164,60";"0,0"
"01/10/2023";"1300";"32,0";"32,0";"30,1";"44,0";"49,0";"44,0";"18,3";"18,8";"18,0";"1010,9";"1011,5";"1010,9";"4,0";"112,0";"9,8";"2698,80";"0,0"
"01/10/2023";"1400";"33,2";"33,8";"31,2";"39,0";"46,0";"36,0";"17,3";"18,8";"16,3";"1009,8";"1010,9";"1009,8";"4,2";"116,0";"9,0";"3049,80";"0,0"
"01/10/2023";"1500";"32,5";"33,8";"32,5";"44,0";"45,0";"37,0";"18,6";"19,3";"16,8";"1008,6";"1009,9";"1008,6";"3,9";"60,0";"8,5";"3077,90";"0,0"
"01/10/2023";"1600";"33,1";"33,8";"32,4";"44,0";"46,0";"41,0";"19,1";"19,6";"18,3";"1007,5";"1008,6";"1007,4";"4,4";"43,0";"9,6";"2930,60";"0,0"
"01/10/2023";"1700";"32,3";"33,2";"31,9";"46,0";"47,0";"42,0";"19,1";"19,6";"18,4";"1006,7";"1007,4";"1006,7";"4,8";"39,0";"9,6";"2514,00";"0,0"
"01/10/2023";"1800";"31,0";"32,8";"30,9";"55,0";"55,0";"45,0";"20,8";"20,9";"18,8";"1006,3";"1006,7";"1006,3";"5,1";"39,0";"9,2";"1895,60";"0,0"
"01/10/2023";"1900";"29,6";"31,1";"29,6";"60,0";"62,0";"54,0";"21,1";"21,8";"20,5";"1006,6";"1006,6";"1006,3";"4,9";"42,0";"10,7";"1195,20";"0,0"
"01/10/2023";"2000";"27,9";"29,6";"27,9";"71,0";"71,0";"60,0";"22,2";"22,3";"20,9";"1007,2";"1007,2";"1006,6";"4,5";"45,0";"9,9";"464,20";"0,0"
"01/10/2023";"2100";"27,0";"27,9";"26,9";"77,0";"77,0";"71,0";"22,5";"22,5";"22,3";"1007,8";"1007,8";"1007,2";"3,8";"54,0";"9,0";"23,10";"0,0"
"01/10/2023";"2200";"26,9";"27,0";"26,9";"74,0";"77,0";"74,0";"22,0";"22,4";"22,0";"1008,5";"1008,5";"1007,7";"2,9";"48,0";"7,4";"";"0,0"
"01/10/2023";"2300";"27,0";"27,0";"26,9";"76,0";"77,0";"74,0";"22,3";"22,5";"21,9";"1009,2";"1009,2";"1008,5";"4,6";"55,0";"8,3";"";"0,0"
"02/10/2023";"0000";"26,8";"27,0";"26,7";"76,0";"76,0";"75,0";"22,1";"22,3";"22,1";"1009,9";"1009,9";"1009,2";"4,2";"64,0";"11,5";"";"0,0"
"02/10/2023";"0100";"26,7";"26,9";"26,6";"69,0";"76,0";"69,0";"20,6";"22,1";"20,6";"1010,3";"1010,4";"1009,9";"6,1";"75,0";"10,6";"";"0,0"
"02/10/2023";"0200";"26,0";"26,7";"26,0";"75,0";"75,0";"69,0";"21,1";"21,4";"20,7";"1010,1";"1010,3";"1010,1";"3,8";"82,0";"10,6";"";"0,0"
"02/10/2023";"0300";"25,5";"26,0";"25,4";"74,0";"76,0";"74,0";"20,5";"21,2";"20,5";"1009,4";"1010,1";"1009,4";"3,8";"87,0";"8,4";"";"0,0"
"02/10/2023";"0400";"25,0";"25,5";"25,0";"74,0";"75,0";"74,0";"20,2";"20,5";"20,2";"1008,7";"1009,4";"1008,7";"3,6";"89,0";"7,7";"";"0,0"
"02/10/2023";"0500";"24,3";"25,0";"24,3";"77,0";"77,0";"74,0";"19,9";"20,2";"19,9";"1008,1";"1008,7";"1008,1";"2,6";"99,0";"7,7";"";"0,0"
"02/10/2023";"0600";"23,6";"24,3";"23,6";"79,0";"79,0";"76,0";"19,8";"19,9";"19,8";"1008,2";"1008,2";"1008,0";"2,1";"102,0";"4,7";"";"0,0"
"02/10/2023";"0700";"22,7";"23,6";"22,7";"83,0";"83,0";"79,0";"19,6";"19,8";"19,5";"1008,2";"1008,4";"1008,2";"1,0";"131,0";"3,6";"";"0,0"
"02/10/2023";"0800";"22,9";"22,9";"22,6";"82,0";"83,0";"82,0";"19,7";"19,7";"19,5";"1008,5";"1008,5";"1008,2";"1,9";"101,0";"3,2";"";"0,0"
"02/10/2023";"0900";"23,8";"23,8";"22,5";"80,0";"84,0";"80,0";"20,1";"20,2";"19,6";"1009,1";"1009,1";"1008,5";"1,8";"101,0";"3,2";"110,00";"0,0"
"02/10/2023";"1000";"26,2";"26,4";"23,8";"69,0";"80,0";"69,0";"20,1";"20,5";"20,1";"1009,9";"1009,9";"1009,1";"4,2";"105,0";"7,7";"709,40";"0,0"
"02/10/2023";"1100";"28,6";"28,7";"26,2";"59,0";"70,0";"59,0";"19,8";"20,4";"19,8";"1010,1";"1010,1";"1009,9";"3,4";"115,0";"7,9";"1510,80";"0,0"
"02/10/2023";"1200";"31,0";"31,0";"28,3";"51,0";"60,0";"51,0";"19,6";"20,3";"19,4";"1010,3";"1010,3";"1010,1";"2,8";"108,0";"7,4";"2206,60";"0,0"
"02/10/2023";"1300";"32,8";"33,2";"30,5";"44,0";"53,0";"43,0";"18,8";"20,1";"18,6";"1009,7";"1010,3";"1009,7";"3,6";"90,0";"8,7";"2719,90";"0,0"
"02/10/2023";"1400";"33,3";"33,3";"32,0";"43,0";"47,0";"42,0";"18,9";"19,6";"18,1";"1009,3";"1009,7";"1009,3";"4,3";"59,0";"8,7";"3017,60";"0,0"
"02/10/2023";"1500";"32,6";"34,0";"32,1";"47,0";"48,0";"42,0";"19,9";"19,9";"18,7";"1008,4";"1009,3";"1008,4";"4,2";"33,0";"8,6";"3071,00";"0,0"
"02/10/2023";"1600";"32,6";"33,3";"32,3";"49,0";"49,0";"44,0";"20,4";"20,5";"19,2";"1007,5";"1008,4";"1007,4";"4,8";"39,0";"10,5";"2899,40";"0,0"
"02/10/2023";"1700";"31,5";"32,8";"31,3";"55,0";"56,0";"48,0";"21,5";"21,8";"20,1";"1006,7";"1007,5";"1006,7";"5,3";"45,0";"9,2";"2508,90";"0,0"
"02/10/2023";"1800";"30,2";"31,8";"30,2";"60,0";"60,0";"55,0";"21,7";"22,2";"21,2";"1006,4";"1006,7";"1006,4";"5,5";"42,0";"9,9";"1905,70";"0,0"
"02/10/2023";"1900";"29,1";"30,6";"28,9";"66,0";"66,0";"59,0";"22,1";"22,3";"21,3";"1006,6";"1006,6";"1006,4";"5,7";"51,0";"10,3";"1204,70";"0,0"
"02/10/2023";"2000";"27,6";"29,1";"27,6";"76,0";"76,0";"66,0";"23,0";"23,1";"22,1";"1007,1";"1007,1";"1006,6";"4,7";"46,0";"10,7";"464,90";"0,0"
"02/10/2023";"2100";"26,8";"27,6";"26,8";"80,0";"80,0";"76,0";"23,1";"23,2";"23,0";"1007,5";"1007,5";"1007,1";"4,9";"53,0";"9,8";"23,50";"0,0"
"02/10/2023";"2200";"26,7";"26,9";"26,7";"81,0";"81,0";"80,0";"23,2";"23,3";"23,0";"1007,9";"1007,9";"1007,5";"4,4";"54,0";"9,3";"";"0,0"
"02/10/2023";"2300";"26,6";"26,7";"26,5";"81,0";"83,0";"81,0";"23,1";"23,4";"23,1";"1008,8";"1008,8";"1007,9";"3,6";"53,0";"7,7";"";"0,0"
"03/10/2023";"0000";"26,7";"26,7";"26,6";"78,0";"81,0";"78,0";"22,6";"23,1";"22,6";"1009,3";"1009,3";"1008,8";"3,6";"61,0";"8,1";"";"0,0"
"03/10/2023";"0100";"26,8";"26,8";"26,7";"77,0";"78,0";"76,0";"22,4";"22,6";"22,3";"1009,7";"1009,7";"1009,3";"4,1";"64,0";"8,7";"";"0,0"
"03/10/2023";"0200";"26,2";"26,8";"26,2";"79,0";"80,0";"77,0";"22,2";"22,7";"22,1";"1009,2";"1009,7";"1009,2";"4,0";"69,0";"9,4";"";"0,0"
"03/10/2023";"0300";"25,9";"26,2";"25,9";"80,0";"81,0";"79,0";"22,2";"22,4";"22,2";"1008,6";"1009,3";"1008,6";"4,9";"75,0";"9,4";"";"0,0"
"03/10/2023";"0400";"25,5";"25,9";"25,5";"83,0";"83,0";"80,0";"22,4";"22,4";"22,1";"1008,1";"1008,6";"1008,1";"3,2";"88,0";"8,6";"";"0,0"
"03/10/2023";"0500";"25,5";"25,8";"25,4";"83,0";"83,0";"81,0";"22,3";"22,4";"22,2";"1008,0";"1008,1";"1007,8";"2,8";"98,0";"8,3";"";"0,0"
"03/10/2023";"0600";"24,7";"25,5";"24,7";"84,0";"84,0";"82,0";"21,9";"22,3";"21,9";"1007,9";"1008,0";"1007,9";"2,3";"104,0";"5,3";"";"0,0"
"03/10/2023";"0700";"24,7";"24,7";"24,5";"83,0";"85,0";"83,0";"21,7";"21,9";"21,7";"1008,3";"1008,3";"1007,9";"2,9";"102,0";"5,1";"";"0,0"
"03/10/2023";"0800";"23,9";"24,7";"23,9";"87,0";"87,0";"83,0";"21,5";"21,7";"21,4";"1008,9";"1008,9";"1008,3";"2,3";"109,0";"5,6";"";"0,0"
"03/10/2023";"0900";"24,4";"24,4";"23,8";"85,0";"87,0";"85,0";"21,7";"21,8";"21,5";"1009,5";"1009,5";"1008,9";"1,9";"108,0";"5,3";"80,70";"0,0"
"03/10/2023";"1000";"26,8";"26,9";"24,4";"71,0";"85,0";"71,0";"21,2";"21,9";"21,1";"1009,9";"1009,9";"1009,5";"4,6";"98,0";"7,8";"711,40";"0,0"
"03/10/2023";"1100";"28,7";"28,7";"26,8";"62,0";"71,0";"62,0";"20,7";"21,5";"20,3";"1010,4";"1010,5";"1009,9";"4,7";"97,0";"8,6";"1308,50";"0,0"
"03/10/2023";"1200";"30,5";"30,5";"28,0";"55,0";"63,0";"54,0";"20,4";"20,9";"19,7";"1010,5";"1010,6";"1010,4";"4,5";"89,0";"8,8";"1821,10";"0,0"
"03/10/2023";"1300";"30,2";"31,6";"29,2";"53,0";"58,0";"49,0";"19,5";"20,3";"19,2";"1010,1";"1010,5";"1010,1";"5,9";"59,0";"10,9";"2578,90";"0,0"
"03/10/2023";"1400";"30,5";"31,5";"30,2";"53,0";"54,0";"49,0";"19,8";"20,1";"18,8";"1009,7";"1010,2";"1009,7";"5,5";"60,0";"10,8";"3086,30";"0,0"
"03/10/2023";"1500";"31,6";"31,9";"30,2";"50,0";"55,0";"50,0";"20,0";"20,9";"19,7";"1008,8";"1009,7";"1008,8";"4,3";"49,0";"10,4";"3104,00";"0,0"
"03/10/2023";"1600";"30,8";"31,8";"30,4";"55,0";"55,0";"50,0";"20,7";"20,7";"19,7";"1007,8";"1008,8";"1007,8";"5,5";"41,0";"10,4";"2919,90";"0,0"
"03/10/2023";"1700";"31,0";"31,4";"30,0";"54,0";"58,0";"52,0";"20,7";"21,1";"20,1";"1007,3";"1007,8";"1007,3";"4,6";"40,0";"10,4";"2528,40";"0,0"
"03/10/2023";"1800";"30,0";"30,9";"29,7";"60,0";"61,0";"52,0";"21,4";"21,4";"19,3";"1006,8";"1007,3";"1006,8";"5,4";"44,0";"10,4";"1932,30";"0,0"
"03/10/2023";"1900";"28,5";"30,0";"28,4";"68,0";"68,0";"60,0";"21,9";"22,1";"20,9";"1007,0";"1007,0";"1006,7";"6,0";"40,0";"11,4";"1219,90";"0,0"
"03/10/2023";"2000";"27,3";"28,6";"27,3";"74,0";"74,0";"68,0";"22,2";"22,4";"21,9";"1007,1";"1007,1";"1006,9";"6,0";"50,0";"11,2";"428,30";"0,0"
"03/10/2023";"2100";"26,7";"27,3";"26,7";"74,0";"74,0";"73,0";"21,8";"22,2";"21,7";"1007,8";"1007,8";"1007,1";"4,4";"53,0";"10,4";"21,10";"0,0"
"03/10/2023";"2200";"26,6";"26,8";"26,6";"76,0";"76,0";"74,0";"22,0";"22,1";"21,8";"1008,3";"1008,3";"1007,7";"4,8";"48,0";"10,8";"";"0,0"
"03/10/2023";"2300";"26,8";"26,8";"26,6";"72,0";"76,0";"72,0";"21,4";"22,0";"21,4";"1009,2";"1009,2";"1008,3";"5,4";"55,0";"10,9";"";"0,0"
"04/10/2023";"0000";"26,8";"26,9";"26,7";"72,0";"73,0";"70,0";"21,3";"21,5";"21,0";"1009,8";"1009,8";"1009,2";"4,8";"64,0";"11,1";"";"0,0"
"04/10/2023";"0100";"26,9";"26,9";"26,7";"70,0";"72,0";"69,0";"20,9";"21,3";"20,7";"1010,0";"1010,0";"1009,8";"5,2";"70,0";"11,4";"";"0,0"
"04/10/2023";"0200";"26,5";"26,9";"26,5";"71,0";"72,0";"69,0";"20,9";"21,1";"20,6";"1009,6";"1010,0";"1009,5";"4,6";"76,0";"11,9";"";"0,0"
"04/10/2023";"0300";"26,4";"26,5";"26,3";"73,0";"74,0";"70,0";"21,2";"21,4";"20,7";"1009,0";"1009,6";"1009,0";"4,7";"75,0";"10,1";"";"0,0"
"04/10/2023";"0400";"25,7";"26,5";"25,7";"75,0";"75,0";"73,0";"21,0";"21,4";"21,0";"1008,4";"1009,0";"1008,4";"4,7";"87,0";"9,2";"";"0,0"
"04/10/2023";"0500";"25,0";"25,7";"25,0";"79,0";"79,0";"75,0";"21,0";"21,1";"21,0";"1008,2";"1008,4";"1008,1";"3,3";"100,0";"8,3";"";"0,0"
"04/10/2023";"0600";"23,9";"25,0";"23,9";"83,0";"83,0";"79,0";"20,9";"21,0";"20,7";"1008,2";"1008,3";"1008,1";"2,0";"99,0";"5,9";"";"0,0"
"04/10/2023";"0700";"23,1";"23,9";"23,1";"86,0";"86,0";"83,0";"20,7";"21,0";"20,7";"1008,7";"1008,7";"1008,2";"1,0";"123,0";"4,1";"";"0,0"
"04/10/2023";"0800";"22,5";"23,1";"22,5";"89,0";"89,0";"86,0";"20,6";"20,7";"20,5";"1009,3";"1009,3";"1008,7";"1,1";"117,0";"2,3";"";"0,0"
"04/10/2023";"0900";"23,7";"23,7";"22,5";"86,0";"90,0";"86,0";"21,3";"21,3";"20,7";"1010,1";"1010,1";"1009,3";"1,1";"129,0";"2,8";"117,70";"0,0"
"04/10/2023";"1000";"27,0";"27,0";"23,8";"70,0";"86,0";"70,0";"21,1";"21,7";"21,0";"1010,8";"1010,8";"1010,1";"3,4";"99,0";"6,9";"728,90";"0,0"
"04/10/2023";"1100";"28,7";"28,7";"27,0";"60,0";"70,0";"60,0";"20,2";"21,1";"19,7";"1011,0";"1011,0";"1010,6";"3,8";"102,0";"8,8";"1224,50";"0,0"
"04/10/2023";"1200";"28,8";"29,4";"28,0";"59,0";"60,0";"55,0";"19,8";"20,2";"19,0";"1011,0";"1011,1";"1010,9";"5,0";"81,0";"9,1";"1379,10";"0,0"
"04/10/2023";"1300";"29,6";"30,6";"28,5";"56,0";"60,0";"52,0";"19,8";"20,4";"19,3";"1010,5";"1011,1";"1010,5";"5,2";"66,0";"10,6";"2091,80";"0,0"
"04/10/2023";"1400";"30,8";"31,7";"29,6";"54,0";"56,0";"50,0";"20,4";"20,9";"19,5";"1009,6";"1010,6";"1009,6";"5,6";"51,0";"9,7";"3012,70";"0,0"
"04/10/2023";"1500";"30,8";"31,2";"30,2";"57,0";"58,0";"53,0";"21,3";"21,4";"20,3";"1008,2";"1009,7";"1008,2";"5,6";"61,0";"11,2";"3135,40";"0,0"
"04/10/2023";"1600";"30,8";"31,8";"30,3";"56,0";"58,0";"55,0";"21,0";"21,8";"20,8";"1006,9";"1008,2";"1006,9";"5,3";"43,0";"10,9";"2972,80";"0,0"
"04/10/2023";"1700";"30,4";"31,7";"30,1";"53,0";"56,0";"52,0";"19,9";"21,1";"19,4";"1006,2";"1006,9";"1006,2";"6,5";"51,0";"11,4";"2574,40";"0,0"
"04/10/2023";"1800";"30,2";"31,0";"30,0";"52,0";"55,0";"47,0";"19,3";"20,4";"18,4";"1006,0";"1006,2";"1005,9";"5,1";"46,0";"11,9";"1955,30";"0,0"
"04/10/2023";"1900";"28,7";"30,3";"28,6";"64,0";"64,0";"52,0";"21,3";"21,3";"19,5";"1006,2";"1006,3";"1005,9";"6,4";"52,0";"11,4";"1162,30";"0,0"
"04/10/2023";"2000";"27,4";"28,9";"27,4";"70,0";"71,0";"63,0";"21,5";"21,7";"21,0";"1006,8";"1006,8";"1006,2";"5,9";"51,0";"10,6";"474,20";"0,0"
"04/10/2023";"2100";"26,8";"27,4";"26,8";"73,0";"73,0";"70,0";"21,5";"21,7";"21,4";"1007,1";"1007,2";"1006,7";"3,0";"53,0";"10,0";"26,70";"0,0"
"04/10/2023";"2200";"26,7";"26,8";"26,6";"74,0";"76,0";"73,0";"21,8";"22,1";"21,4";"1007,5";"1007,5";"1007,0";"3,5";"49,0";"8,0";"";"0,0"
"04/10/2023";"2300";"26,8";"26,9";"26,6";"72,0";"75,0";"71,0";"21,4";"21,8";"21,2";"1008,1";"1008,1";"1007,5";"3,7";"62,0";"9,2";"";"0,0"
"05/10/2023";"0000";"26,6";"26,8";"26,5";"75,0";"76,0";"72,0";"21,7";"22,0";"21,4";"1008,4";"1008,6";"1008,1";"3,9";"70,0";"9,2";"";"0,0"
"05/10/2023";"0100";"26,1";"26,8";"26,1";"66,0";"75,0";"62,0";"19,3";"21,7";"18,7";"1009,5";"1009,5";"1008,4";"2,6";"86,0";"9,5";"";"0,0"
"05/10/2023";"0200";"25,7";"26,2";"25,7";"69,0";"69,0";"66,0";"19,6";"19,9";"19,3";"1009,5";"1009,7";"1009,5";"4,2";"89,0";"9,1";"";"0,0"
"05/10/2023";"0300";"24,8";"25,7";"24,8";"74,0";"74,0";"69,0";"19,9";"19,9";"19,6";"1009,1";"1009,5";"1009,1";"2,9";"93,0";"7,5";"";"0,0"
"05/10/2023";"0400";"24,1";"24,8";"24,1";"78,0";"78,0";"74,0";"20,0";"20,0";"19,9";"1009,1";"1009,2";"1009,0";"2,2";"98,0";"6,4";"";"0,0"
"05/10/2023";"0500";"23,3";"24,1";"23,3";"82,0";"82,0";"78,0";"19,9";"20,0";"19,9";"1008,9";"1009,1";"1008,9";"2,1";"85,0";"4,0";"";"0,0"
"05/10/2023";"0600";"22,8";"23,3";"22,7";"84,0";"84,0";"82,0";"20,0";"20,0";"19,9";"1009,2";"1009,2";"1008,9";"1,7";"84,0";"3,4";"";"0,0"
"05/10/2023";"0700";"22,5";"23,0";"22,5";"86,0";"86,0";"83,0";"20,0";"20,1";"19,9";"1009,4";"1009,4";"1009,1";"1,9";"88,0";"4,5";"";"0,0"
"05/10/2023";"0800";"22,7";"22,8";"22,5";"86,0";"86,0";"86,0";"20,2";"20,3";"20,0";"1010,3";"1010,3";"1009,4";"1,5";"114,0";"3,4";"";"0,0"
"05/10/2023";"0900";"24,0";"24,0";"22,5";"82,0";"87,0";"82,0";"20,8";"20,8";"20,3";"1011,0";"1011,0";"1010,3";"2,1";"114,0";"4,1";"110,90";"0,0"
"05/10/2023";"1000";"26,8";"26,8";"24,0";"69,0";"82,0";"69,0";"20,6";"21,0";"20,5";"1011,7";"1011,8";"1011,0";"4,3";"98,0";"8,8";"721,60";"0,0"
"05/10/2023";"1100";"29,5";"29,5";"26,8";"55,0";"69,0";"55,0";"19,5";"20,8";"19,1";"1012,2";"1012,2";"1011,7";"4,2";"100,0";"9,0";"1538,20";"0,0"
"05/10/2023";"1200";"31,3";"31,3";"29,1";"44,0";"55,0";"44,0";"17,7";"19,6";"17,3";"1012,0";"1012,3";"1011,9";"5,9";"80,0";"12,6";"2276,10";"0,0"
"05/10/2023";"1300";"32,6";"32,8";"30,9";"43,0";"45,0";"42,0";"18,4";"18,4";"17,0";"1011,3";"1012,0";"1011,3";"3,9";"76,0";"11,2";"2770,70";"0,0"
"05/10/2023";"1400";"32,0";"32,7";"31,1";"49,0";"49,0";"43,0";"19,9";"19,9";"17,8";"1010,5";"1011,3";"1010,4";"5,5";"52,0";"11,0";"2736,50";"0,0"
"05/10/2023";"1500";"31,1";"32,5";"30,7";"55,0";"56,0";"48,0";"21,0";"21,4";"19,4";"1009,2";"1010,5";"1009,2";"5,4";"45,0";"11,6";"3083,20";"0,0"
"05/10/2023";"1600";"31,3";"32,0";"30,9";"51,0";"55,0";"50,0";"19,8";"21,3";"19,8";"1007,8";"1009,2";"1007,8";"6,0";"40,0";"11,3";"2921,40";"0,0"
"05/10/2023";"1700";"31,5";"32,2";"31,1";"47,0";"52,0";"46,0";"18,7";"20,8";"18,7";"1006,9";"1007,9";"1006,9";"6,7";"52,0";"11,8";"2534,50";"0,0"
"05/10/2023";"1800";"31,0";"31,7";"30,7";"49,0";"51,0";"46,0";"19,1";"20,0";"18,4";"1006,6";"1006,9";"1006,5";"6,3";"60,0";"12,1";"1905,30";"0,0"
"05/10/2023";"1900";"29,6";"31,2";"29,6";"57,0";"57,0";"48,0";"20,2";"20,2";"18,7";"1006,9";"1006,9";"1006,5";"6,0";"50,0";"12,2";"1228,10";"0,0"
"05/10/2023";"2000";"28,2";"29,7";"28,1";"68,0";"68,0";"57,0";"21,7";"21,7";"20,2";"1007,1";"1007,1";"1006,8";"5,1";"47,0";"11,8";"461,20";"0,0"
"05/10/2023";"2100";"27,2";"28,2";"27,2";"73,0";"74,0";"68,0";"22,0";"22,3";"21,7";"1007,5";"1007,5";"1007,0";"5,6";"51,0";"11,0";"21,30";"0,0"
"05/10/2023";"2200";"27,0";"27,2";"27,0";"76,0";"76,0";"72,0";"22,4";"22,4";"21,7";"1008,0";"1008,0";"1007,5";"4,7";"52,0";"10,5";"";"0,0"
"05/10/2023";"2300";"26,9";"27,1";"26,9";"76,0";"77,0";"75,0";"22,4";"22,6";"22,3";"1008,9";"1009,0";"1008,0";"5,9";"62,0";"12,0";"";"0,0"
"06/10/2023";"0000";"27,1";"27,1";"26,9";"72,0";"77,0";"72,0";"21,7";"22,5";"21,7";"1009,5";"1009,5";"1008,9";"6,8";"76,0";"12,3";"";"0,0"
"06/10/2023";"0100";"26,6";"27,1";"26,6";"71,0";"72,0";"70,0";"20,9";"21,7";"20,9";"1010,0";"1010,0";"1009,4";"4,9";"81,0";"12,3";"";"0,0"
"06/10/2023";"0200";"26,2";"26,7";"26,1";"72,0";"72,0";"68,0";"20,8";"20,9";"20,1";"1009,6";"1010,0";"1009,6";"5,1";"83,0";"10,2";"";"0,0"
"06/10/2023";"0300";"25,6";"26,2";"25,5";"77,0";"77,0";"72,0";"21,2";"21,2";"20,8";"1009,5";"1009,6";"1009,4";"3,6";"89,0";"9,2";"";"0,0"
"06/10/2023";"0400";"25,1";"25,7";"25,1";"79,0";"79,0";"76,0";"21,2";"21,2";"21,1";"1009,3";"1009,6";"1009,2";"2,5";"95,0";"7,7";"";"0,0"
"06/10/2023";"0500";"24,7";"25,2";"24,7";"81,0";"81,0";"79,0";"21,3";"21,3";"21,2";"1009,2";"1009,4";"1009,2";"2,3";"96,0";"5,1";"";"0,0"
"06/10/2023";"0600";"24,2";"24,8";"24,2";"83,0";"83,0";"81,0";"21,2";"21,3";"21,2";"1009,5";"1009,6";"1009,1";"1,4";"106,0";"5,1";"";"0,0"
"06/10/2023";"0700";"23,8";"24,3";"23,8";"85,0";"85,0";"83,0";"21,1";"21,3";"21,1";"1009,8";"1009,8";"1009,5";"1,4";"100,0";"3,7";"";"0,0"
"06/10/2023";"0800";"23,3";"23,8";"23,2";"87,0";"87,0";"85,0";"21,0";"21,1";"20,8";"1010,2";"1010,2";"1009,8";"1,4";"101,0";"2,6";"";"0,0"
"06/10/2023";"0900";"24,5";"24,5";"23,3";"82,0";"87,0";"82,0";"21,3";"21,4";"20,9";"1010,9";"1010,9";"1010,2";"1,2";"108,0";"2,9";"109,20";"0,0"
"06/10/2023";"1000";"27,7";"27,7";"24,5";"67,0";"82,0";"67,0";"20,9";"21,6";"20,8";"1011,4";"1011,4";"1010,9";"4,0";"102,0";"7,0";"689,20";"0,0"
"06/10/2023";"1100";"29,6";"29,6";"27,5";"57,0";"67,0";"57,0";"20,2";"21,0";"20,0";"1011,9";"1011,9";"1011,4";"4,2";"108,0";"9,4";"1498,90";"0,0"
"06/10/2023";"1200";"30,6";"31,0";"29,2";"53,0";"58,0";"51,0";"19,8";"20,3";"19,5";"1011,5";"1011,9";"1011,5";"4,1";"90,0";"9,3";"2039,00";"0,0"
"06/10/2023";"1300";"31,8";"33,0";"30,6";"49,0";"53,0";"42,0";"19,7";"20,1";"18,0";"1011,0";"1011,5";"1011,0";"3,8";"67,0";"10,7";"2283,00";"0,0"
"06/10/2023";"1400";"32,9";"33,4";"31,8";"42,0";"49,0";"41,0";"18,2";"19,8";"18,2";"1010,3";"1011,0";"1010,3";"4,5";"64,0";"9,1";"3112,70";"0,0"
"06/10/2023";"1500";"33,7";"34,3";"32,7";"40,0";"43,0";"39,0";"18,1";"18,8";"17,8";"1009,1";"1010,3";"1009,1";"4,2";"52,0";"9,1";"3065,00";"0,0"
"06/10/2023";"1600";"33,1";"34,7";"33,1";"44,0";"44,0";"40,0";"19,3";"19,6";"18,2";"1008,1";"1009,1";"1008,1";"4,6";"59,0";"9,8";"2932,60";"0,0"
"06/10/2023";"1700";"31,1";"33,7";"31,1";"57,0";"57,0";"45,0";"21,6";"21,6";"19,6";"1007,9";"1008,1";"1007,8";"5,5";"45,0";"10,1";"2495,30";"0,0"
"06/10/2023";"1800";"30,0";"31,4";"29,9";"64,0";"65,0";"57,0";"22,5";"22,9";"21,4";"1007,7";"1008,0";"1007,7";"5,7";"40,0";"11,1";"1887,60";"0,0"
"06/10/2023";"1900";"28,9";"30,4";"28,9";"68,0";"68,0";"63,0";"22,6";"22,9";"22,2";"1008,2";"1008,2";"1007,7";"5,5";"41,0";"9,7";"1124,80";"0,0"
"06/10/2023";"2000";"28,0";"29,0";"28,0";"73,0";"73,0";"68,0";"22,7";"23,0";"22,6";"1008,6";"1008,6";"1008,2";"5,6";"53,0";"10,0";"473,60";"0,0"
"06/10/2023";"2100";"27,2";"28,1";"27,2";"79,0";"79,0";"73,0";"23,2";"23,3";"22,7";"1009,1";"1009,1";"1008,6";"5,0";"47,0";"9,4";"36,70";"0,0"
"06/10/2023";"2200";"27,1";"27,2";"27,0";"80,0";"81,0";"79,0";"23,4";"23,5";"23,2";"1009,6";"1009,6";"1009,1";"4,4";"47,0";"9,3";"";"0,0"
"06/10/2023";"2300";"27,9";"27,9";"27,1";"77,0";"81,0";"77,0";"23,6";"23,6";"23,5";"1010,3";"1010,3";"1009,6";"5,1";"66,0";"9,3";"";"0,0"
"07/10/2023";"0000";"28,0";"28,2";"27,9";"69,0";"77,0";"69,0";"21,8";"23,5";"21,8";"1011,2";"1011,2";"1010,3";"4,5";"79,0";"10,4";"";"0,0"
"07/10/2023";"0100";"27,6";"28,1";"27,5";"67,0";"69,0";"67,0";"20,9";"21,7";"20,9";"1011,6";"1011,6";"1011,2";"4,3";"91,0";"8,5";"";"0,0"
"07/10/2023";"0200";"27,3";"27,6";"27,2";"67,0";"68,0";"67,0";"20,6";"20,9";"20,6";"1011,2";"1011,6";"1011,2";"4,4";"95,0";"9,0";"";"0,0"
"07/10/2023";"0300";"26,6";"27,3";"26,6";"69,0";"69,0";"67,0";"20,4";"20,6";"20,4";"1010,5";"1011,2";"1010,4";"4,6";"85,0";"9,4";"";"0,0"
"07/10/2023";"0400";"26,0";"26,6";"25,9";"71,0";"72,0";"69,0";"20,4";"20,4";"20,3";"1010,3";"1010,6";"1010,3";"3,4";"92,0";"7,9";"";"0,0"
"07/10/2023";"0500";"25,5";"26,0";"25,5";"73,0";"73,0";"71,0";"20,2";"20,4";"20,2";"1010,0";"1010,3";"1010,0";"3,0";"90,0";"5,8";"";"0,0"
"07/10/2023";"0600";"24,9";"25,5";"24,9";"75,0";"75,0";"73,0";"20,2";"20,3";"20,1";"1010,3";"1010,3";"1010,0";"2,3";"77,0";"5,0";"";"0,0"
"07/10/2023";"0700";"24,1";"24,9";"24,1";"80,0";"80,0";"75,0";"20,4";"20,4";"20,2";"1010,8";"1010,8";"1010,3";"2,0";"72,0";"4,7";"";"0,0"
"07/10/2023";"0800";"24,0";"24,1";"23,7";"80,0";"82,0";"80,0";"20,4";"20,4";"20,3";"1011,7";"1011,7";"1010,8";"1,8";"90,0";"3,8";"";"0,0"
"07/10/2023";"0900";"24,8";"24,8";"23,7";"78,0";"81,0";"78,0";"20,7";"20,7";"20,2";"1012,5";"1012,5";"1011,7";"1,2";"127,0";"3,3";"113,90";"0,0"
"07/10/2023";"1000";"27,5";"27,5";"24,8";"65,0";"78,0";"65,0";"20,4";"21,1";"20,1";"1013,0";"1013,1";"1012,5";"4,7";"108,0";"8,6";"728,70";"0,0"
"07/10/2023";"1100";"29,5";"29,6";"27,5";"53,0";"66,0";"53,0";"19,1";"20,7";"18,9";"1013,4";"1013,4";"1013,0";"4,9";"106,0";"9,4";"1456,30";"0,0"
"07/10/2023";"1200";"31,9";"31,9";"29,5";"47,0";"54,0";"47,0";"19,3";"19,5";"18,8";"1012,9";"1013,4";"1012,9";"4,6";"107,0";"10,5";"2236,70";"0,0"
"07/10/2023";"1300";"32,9";"33,3";"31,4";"43,0";"47,0";"42,0";"18,7";"19,1";"17,8";"1012,0";"1012,9";"1011,9";"5,0";"76,0";"9,7";"2763,80";"0,0"
"07/10/2023";"1400";"32,2";"33,5";"32,1";"46,0";"46,0";"43,0";"19,1";"19,7";"18,5";"1011,4";"1012,0";"1011,4";"3,6";"54,0";"9,8";"2913,60";"0,0"
"07/10/2023";"1500";"33,2";"34,4";"32,3";"43,0";"46,0";"41,0";"19,0";"19,7";"18,7";"1010,1";"1011,4";"1010,1";"5,0";"66,0";"10,4";"2826,70";"0,0"
"07/10/2023";"1600";"33,2";"34,0";"32,8";"45,0";"47,0";"42,0";"19,6";"20,3";"18,9";"1009,2";"1010,1";"1009,2";"4,0";"69,0";"9,2";"2759,20";"0,0"
"07/10/2023";"1700";"31,4";"33,7";"31,2";"56,0";"56,0";"44,0";"21,7";"21,9";"19,4";"1008,9";"1009,2";"1008,9";"5,3";"55,0";"9,6";"2455,20";"0,0"
"07/10/2023";"1800";"30,3";"32,0";"30,3";"59,0";"60,0";"54,0";"21,4";"22,3";"21,2";"1008,7";"1009,0";"1008,7";"5,2";"47,0";"9,5";"1854,50";"0,0"
"07/10/2023";"1900";"30,2";"30,9";"29,9";"58,0";"60,0";"58,0";"21,1";"21,9";"20,9";"1008,9";"1009,0";"1008,6";"5,2";"47,0";"10,1";"1188,90";"0,0"
"07/10/2023";"2000";"28,3";"30,2";"28,3";"68,0";"68,0";"58,0";"21,9";"22,0";"20,9";"1009,4";"1009,4";"1008,9";"4,3";"46,0";"11,3";"452,80";"0,0"
"07/10/2023";"2100";"27,3";"28,3";"27,3";"75,0";"75,0";"68,0";"22,6";"22,6";"21,9";"1009,7";"1009,7";"1009,4";"3,6";"51,0";"9,8";"19,90";"0,0"
"07/10/2023";"2200";"27,0";"27,4";"27,0";"78,0";"78,0";"75,0";"22,8";"23,0";"22,5";"1010,3";"1010,3";"1009,7";"4,0";"44,0";"8,1";"";"0,0"
"07/10/2023";"2300";"27,0";"27,1";"27,0";"76,0";"78,0";"76,0";"22,5";"22,8";"22,5";"1010,9";"1010,9";"1010,3";"3,9";"41,0";"8,2";"";"0,0"
"08/10/2023";"0000";"27,6";"27,6";"27,0";"71,0";"76,0";"71,0";"21,9";"22,4";"21,9";"1011,7";"1011,7";"1010,9";"4,3";"58,0";"7,8";"";"0,0"
"08/10/2023";"0100";"27,7";"27,7";"27,4";"64,0";"74,0";"64,0";"20,4";"22,5";"20,4";"1011,8";"1011,9";"1011,7";"5,8";"76,0";"10,0";"";"0,0"
"08/10/2023";"0200";"27,0";"27,7";"27,0";"64,0";"66,0";"64,0";"19,7";"20,4";"19,7";"1011,8";"1012,0";"1011,8";"4,1";"79,0";"10,0";"";"0,0"
"08/10/2023";"0300";"26,4";"27,0";"26,4";"65,0";"65,0";"63,0";"19,2";"19,7";"19,1";"1011,2";"1011,8";"1011,2";"3,0";"92,0";"6,9";"";"0,0"
"08/10/2023";"0400";"25,1";"26,4";"25,1";"70,0";"70,0";"65,0";"19,4";"19,4";"19,2";"1010,9";"1011,3";"1010,9";"1,4";"67,0";"5,0";"";"0,0"
"08/10/2023";"0500";"25,7";"25,8";"25,1";"69,0";"71,0";"69,0";"19,6";"19,7";"19,4";"1010,7";"1010,9";"1010,6";"3,4";"76,0";"6,3";"";"0,0"
"08/10/2023";"0600";"24,8";"25,7";"24,8";"73,0";"73,0";"69,0";"19,6";"19,7";"19,6";"1010,9";"1010,9";"1010,7";"2,3";"90,0";"5,7";"";"0,0"
"08/10/2023";"0700";"23,7";"24,8";"23,7";"77,0";"77,0";"73,0";"19,4";"19,6";"19,4";"1011,1";"1011,1";"1010,9";"0,9";"71,0";"4,0";"";"0,0"
"08/10/2023";"0800";"22,6";"23,7";"22,5";"83,0";"83,0";"77,0";"19,4";"19,6";"19,0";"1011,7";"1011,7";"1011,1";"0,3";"269,0";"2,2";"";"0,0"
"08/10/2023";"0900";"25,1";"25,1";"22,5";"74,0";"83,0";"74,0";"20,0";"20,5";"19,4";"1012,6";"1012,6";"1011,7";"0,8";"120,0";"2,1";"120,20";"0,0"
"08/10/2023";"1000";"27,7";"27,9";"25,0";"67,0";"74,0";"67,0";"21,1";"21,5";"20,1";"1013,3";"1013,3";"1012,6";"3,8";"104,0";"7,2";"727,10";"0,0"
"08/10/2023";"1100";"29,9";"30,0";"27,6";"57,0";"68,0";"57,0";"20,3";"21,3";"20,3";"1013,7";"1013,8";"1013,3";"5,0";"91,0";"9,9";"1506,70";"0,0"
"08/10/2023";"1200";"31,7";"31,7";"29,7";"52,0";"57,0";"52,0";"20,7";"20,9";"20,0";"1013,3";"1013,7";"1013,3";"3,6";"114,0";"9,9";"2112,20";"0,0"
"08/10/2023";"1300";"31,8";"32,3";"30,5";"50,0";"54,0";"49,0";"20,0";"20,9";"19,9";"1013,1";"1013,4";"1013,0";"4,5";"102,0";"10,2";"2087,00";"0,0"
"08/10/2023";"1400";"31,5";"32,6";"31,1";"56,0";"56,0";"48,0";"21,7";"22,0";"19,9";"1012,4";"1013,1";"1012,4";"4,6";"64,0";"9,3";"1906,70";"0,0"
"08/10/2023";"1500";"31,7";"33,4";"31,5";"53,0";"56,0";"49,0";"21,1";"22,3";"20,7";"1011,1";"1012,4";"1011,1";"4,7";"65,0";"8,6";"2563,20";"0,0"
"08/10/2023";"1600";"32,4";"33,5";"31,7";"53,0";"54,0";"49,0";"21,7";"21,7";"20,8";"1010,1";"1011,1";"1010,0";"4,6";"51,0";"8,7";"2848,40";"0,0"
"08/10/2023";"1700";"31,4";"33,3";"31,0";"57,0";"58,0";"52,0";"22,0";"22,3";"21,6";"1009,5";"1010,1";"1009,5";"5,2";"50,0";"10,9";"2510,40";"0,0"
"08/10/2023";"1800";"30,4";"31,9";"30,1";"62,0";"62,0";"58,0";"22,3";"22,8";"21,5";"1009,2";"1009,6";"1009,2";"5,7";"37,0";"10,5";"1900,80";"0,0"
"08/10/2023";"1900";"29,6";"30,9";"29,4";"65,0";"67,0";"61,0";"22,3";"22,8";"22,0";"1009,0";"1009,2";"1008,9";"5,1";"49,0";"10,3";"1195,10";"0,0"
"08/10/2023";"2000";"28,3";"29,6";"28,3";"68,0";"68,0";"65,0";"21,9";"22,3";"21,7";"1009,2";"1009,2";"1009,0";"4,5";"50,0";"10,3";"444,90";"0,0"
"08/10/2023";"2100";"27,5";"28,3";"27,4";"72,0";"72,0";"68,0";"21,9";"22,0";"21,7";"1009,5";"1009,5";"1009,1";"3,4";"50,0";"8,5";"19,40";"0,0"
"08/10/2023";"2200";"27,3";"27,5";"27,2";"75,0";"75,0";"72,0";"22,5";"22,5";"21,9";"1009,9";"1009,9";"1009,5";"3,2";"55,0";"7,7";"";"0,0"
"08/10/2023";"2300";"27,6";"27,6";"27,2";"75,0";"76,0";"74,0";"22,8";"22,8";"22,4";"1010,1";"1010,2";"1009,9";"5,0";"64,0";"9,7";"";"0,0"
"09/10/2023";"0000";"27,5";"27,8";"27,5";"72,0";"76,0";"71,0";"22,0";"22,9";"22,0";"1010,8";"1010,8";"1010,1";"4,9";"74,0";"11,8";"";"0,0"
"09/10/2023";"0100";"27,1";"27,5";"27,1";"67,0";"72,0";"67,0";"20,4";"22,0";"20,4";"1011,1";"1011,2";"1010,8";"5,0";"85,0";"9,5";"";"0,0"
"09/10/2023";"0200";"26,5";"27,1";"26,3";"67,0";"69,0";"67,0";"20,0";"20,4";"20,0";"1010,7";"1011,1";"1010,7";"4,6";"90,0";"9,0";"";"0,0"
"09/10/2023";"0300";"26,1";"26,5";"26,1";"67,0";"68,0";"67,0";"19,5";"20,0";"19,5";"1010,3";"1010,7";"1010,3";"4,8";"92,0";"9,5";"";"0,0"
"09/10/2023";"0400";"25,5";"26,1";"25,5";"70,0";"70,0";"67,0";"19,8";"19,8";"19,5";"1010,2";"1010,3";"1010,1";"3,7";"98,0";"9,5";"";"0,0"
"09/10/2023";"0500";"25,0";"25,5";"25,0";"75,0";"75,0";"70,0";"20,2";"20,2";"19,7";"1010,2";"1010,4";"1010,2";"2,7";"107,0";"7,7";"";"0,0"
"09/10/2023";"0600";"24,6";"25,0";"24,6";"78,0";"78,0";"75,0";"20,4";"20,5";"20,2";"1010,0";"1010,2";"1009,9";"2,7";"99,0";"7,1";"";"0,0"
"09/10/2023";"0700";"24,2";"24,6";"24,1";"80,0";"80,0";"78,0";"20,5";"20,5";"20,3";"1010,1";"1010,2";"1010,0";"2,4";"91,0";"4,6";"";"0,0"
"09/10/2023";"0800";"23,9";"24,2";"23,9";"81,0";"81,0";"80,0";"20,5";"20,6";"20,4";"1010,4";"1010,4";"1010,1";"2,0";"96,0";"4,8";"";"0,0"
"09/10/2023";"0900";"24,9";"24,9";"23,8";"78,0";"82,0";"78,0";"20,9";"20,9";"20,5";"1011,3";"1011,3";"1010,4";"2,3";"83,0";"4,3";"120,10";"0,0"
"09/10/2023";"1000";"27,6";"27,6";"24,9";"66,0";"78,0";"66,0";"20,7";"21,2";"20,7";"1011,8";"1011,8";"1011,3";"2,8";"103,0";"6,0";"679,60";"0,0"
"09/10/2023";"1100";"29,1";"29,1";"27,6";"57,0";"67,0";"56,0";"19,8";"20,7";"19,1";"1012,3";"1012,3";"1011,8";"5,2";"96,0";"11,0";"1526,60";"0,0"
"09/10/2023";"1200";"31,1";"31,2";"29,2";"55,0";"58,0";"52,0";"20,9";"21,1";"19,1";"1012,5";"1012,6";"1012,3";"4,4";"73,0";"10,2";"2022,90";"0,0"
"09/10/2023";"1300";"31,0";"31,2";"29,4";"59,0";"61,0";"55,0";"21,9";"22,0";"20,7";"1012,1";"1012,6";"1012,1";"4,8";"71,0";"10,4";"2252,20";"0,0"
"09/10/2023";"1400";"31,8";"32,0";"30,4";"53,0";"59,0";"52,0";"21,2";"21,8";"20,6";"1011,6";"1012,2";"1011,6";"4,6";"64,0";"10,0";"2854,50";"0,0"
"09/10/2023";"1500";"31,6";"32,8";"31,0";"54,0";"55,0";"52,0";"21,2";"21,6";"20,6";"1010,5";"1011,6";"1010,5";"4,4";"64,0";"9,4";"3093,80";"0,0"
"09/10/2023";"1600";"30,8";"32,6";"30,6";"60,0";"60,0";"52,0";"22,1";"22,2";"21,0";"1009,5";"1010,5";"1009,5";"5,5";"32,0";"10,2";"2914,30";"0,0"
"09/10/2023";"1700";"30,5";"31,8";"30,2";"58,0";"61,0";"56,0";"21,4";"22,5";"21,2";"1008,8";"1009,5";"1008,8";"5,5";"47,0";"9,9";"2517,60";"0,0"
"09/10/2023";"1800";"30,5";"31,3";"30,1";"60,0";"60,0";"56,0";"21,9";"22,0";"21,0";"1008,3";"1008,9";"1008,2";"4,7";"45,0";"10,0";"1924,40";"0,0"
"09/10/2023";"1900";"29,4";"30,5";"29,0";"66,0";"66,0";"60,0";"22,3";"22,4";"21,6";"1008,2";"1008,3";"1008,1";"4,9";"54,0";"10,4";"1213,80";"0,0"
"09/10/2023";"2000";"28,4";"29,6";"28,4";"65,0";"66,0";"64,0";"21,1";"22,4";"21,0";"1008,3";"1008,4";"1008,2";"4,4";"57,0";"9,9";"467,00";"0,0"
"09/10/2023";"2100";"27,4";"28,4";"27,4";"72,0";"72,0";"65,0";"21,8";"21,8";"21,1";"1008,6";"1008,6";"1008,3";"3,2";"50,0";"9,9";"20,20";"0,0"
"09/10/2023";"2200";"27,3";"27,4";"27,1";"74,0";"74,0";"72,0";"22,1";"22,2";"21,8";"1009,2";"1009,2";"1008,6";"3,5";"47,0";"6,7";"";"0,0"
"09/10/2023";"2300";"27,7";"27,8";"27,3";"75,0";"75,0";"73,0";"22,9";"22,9";"22,1";"1009,8";"1009,8";"1009,2";"4,8";"61,0";"10,0";"";"0,0"
"10/10/2023";"0000";"27,6";"28,0";"27,6";"67,0";"75,0";"67,0";"21,0";"22,9";"21,0";"1010,6";"1010,7";"1009,8";"6,3";"72,0";"12,0";"";"0,0"
"10/10/2023";"0100";"27,1";"27,6";"27,1";"65,0";"69,0";"64,0";"20,0";"21,2";"19,8";"1011,2";"1011,2";"1010,6";"4,7";"77,0";"12,0";"";"0,0"
"10/10/2023";"0200";"26,7";"27,1";"26,6";"63,0";"67,0";"63,0";"19,1";"20,2";"19,1";"1010,8";"1011,3";"1010,7";"4,5";"84,0";"8,9";"";"0,0"
"10/10/2023";"0300";"26,2";"26,7";"26,1";"60,0";"63,0";"59,0";"17,8";"19,1";"17,7";"1010,5";"1010,8";"1010,4";"5,1";"87,0";"10,0";"";"0,0"
"10/10/2023";"0400";"25,2";"26,2";"25,2";"67,0";"67,0";"60,0";"18,6";"18,6";"17,8";"1010,2";"1010,5";"1010,1";"3,6";"86,0";"10,0";"";"0,0"
"10/10/2023";"0500";"24,6";"25,3";"24,6";"73,0";"73,0";"67,0";"19,4";"19,5";"18,7";"1010,2";"1010,3";"1010,2";"2,4";"102,0";"6,4";"";"0,0"
"10/10/2023";"0600";"24,1";"24,6";"24,1";"77,0";"77,0";"73,0";"19,8";"19,8";"19,4";"1010,3";"1010,3";"1010,1";"2,1";"93,0";"5,3";"";"0,0"
"10/10/2023";"0700";"23,8";"24,1";"23,8";"80,0";"80,0";"77,0";"20,1";"20,1";"19,8";"1010,6";"1010,7";"1010,3";"1,9";"104,0";"3,8";"";"0,0"
"10/10/2023";"0800";"23,5";"23,8";"23,5";"82,0";"82,0";"80,0";"20,3";"20,3";"20,1";"1010,9";"1010,9";"1010,6";"1,9";"108,0";"4,7";"";"0,0"
"10/10/2023";"0900";"24,8";"24,8";"23,4";"78,0";"83,0";"78,0";"20,7";"20,8";"20,3";"1011,6";"1011,6";"1010,9";"2,2";"94,0";"4,0";"122,80";"0,0"
"10/10/2023";"1000";"27,3";"27,3";"24,8";"67,0";"78,0";"67,0";"20,6";"20,9";"20,4";"1012,0";"1012,0";"1011,6";"4,9";"86,0";"10,4";"745,60";"0,0"
"10/10/2023";"1100";"28,4";"28,8";"26,9";"59,0";"67,0";"59,0";"19,7";"20,5";"19,4";"1012,5";"1012,5";"1012,0";"4,9";"90,0";"11,6";"1284,00";"0,0"
"10/10/2023";"1200";"29,0";"30,1";"28,1";"58,0";"60,0";"52,0";"20,0";"20,7";"18,7";"1012,3";"1012,6";"1012,3";"4,4";"80,0";"10,5";"1886,40";"0,0"
"10/10/2023";"1300";"31,0";"31,9";"28,9";"50,0";"59,0";"45,0";"19,4";"20,3";"18,1";"1012,1";"1012,4";"1012,0";"4,0";"97,0";"8,8";"2237,30";"0,0"
"10/10/2023";"1400";"32,3";"32,3";"30,1";"50,0";"56,0";"49,0";"20,4";"20,6";"19,4";"1010,9";"1012,1";"1010,9";"4,6";"64,0";"9,3";"2768,80";"0,0"
"10/10/2023";"1500";"31,8";"32,5";"30,4";"49,0";"52,0";"48,0";"19,6";"20,3";"19,3";"1009,9";"1011,0";"1009,9";"3,4";"65,0";"8,9";"3079,80";"0,0"
"10/10/2023";"1600";"30,8";"32,6";"30,7";"56,0";"56,0";"47,0";"21,1";"21,4";"19,5";"1008,7";"1009,9";"1008,7";"5,3";"49,0";"9,3";"2907,30";"0,0"
"10/10/2023";"1700";"30,3";"31,8";"30,1";"58,0";"59,0";"55,0";"21,3";"21,8";"20,8";"1008,0";"1008,7";"1008,0";"4,9";"43,0";"9,9";"2511,00";"0,0"
"10/10/2023";"1800";"30,0";"31,0";"29,8";"56,0";"59,0";"55,0";"20,4";"21,5";"20,3";"1007,5";"1008,0";"1007,5";"5,2";"53,0";"10,3";"1904,10";"0,0"
"10/10/2023";"1900";"28,9";"30,6";"28,9";"63,0";"64,0";"56,0";"21,1";"21,8";"20,5";"1007,7";"1007,7";"1007,5";"5,4";"58,0";"11,5";"1198,00";"0,0"
"10/10/2023";"2000";"27,7";"29,2";"27,7";"70,0";"71,0";"63,0";"21,8";"22,1";"21,4";"1008,0";"1008,1";"1007,7";"5,1";"52,0";"10,4";"448,80";"0,0"
"10/10/2023";"2100";"26,9";"27,7";"26,9";"76,0";"76,0";"70,0";"22,2";"22,2";"21,8";"1008,5";"1008,5";"1008,0";"3,4";"53,0";"9,6";"19,20";"0,0"
"10/10/2023";"2200";"26,9";"27,0";"26,9";"78,0";"78,0";"75,0";"22,7";"22,7";"22,3";"1009,2";"1009,2";"1008,5";"5,0";"52,0";"10,5";"";"0,0"
"10/10/2023";"2300";"27,3";"27,3";"26,9";"75,0";"78,0";"75,0";"22,4";"22,8";"22,4";"1009,8";"1009,8";"1009,2";"6,1";"63,0";"11,2";"";"0,0"
"11/10/2023";"0000";"27,0";"27,3";"27,0";"79,0";"79,0";"75,0";"22,9";"23,0";"22,4";"1010,5";"1010,6";"1009,8";"5,2";"69,0";"13,2";"";"0,0"
"11/10/2023";"0100";"26,9";"27,1";"26,9";"72,0";"79,0";"72,0";"21,4";"22,9";"21,4";"1010,9";"1010,9";"1010,5";"5,5";"75,0";"10,6";"";"0,0"
"11/10/2023";"0200";"26,4";"26,9";"26,4";"73,0";"74,0";"71,0";"21,2";"21,7";"21,0";"1010,5";"1011,0";"1010,4";"4,4";"77,0";"10,1";"";"0,0"
"11/10/2023";"0300";"25,9";"26,4";"25,9";"76,0";"76,0";"73,0";"21,3";"21,4";"21,2";"1009,9";"1010,5";"1009,9";"3,9";"74,0";"8,2";"";"0,0"
"11/10/2023";"0400";"25,7";"25,9";"25,7";"77,0";"77,0";"76,0";"21,3";"21,5";"21,3";"1009,3";"1009,9";"1009,2";"5,3";"81,0";"10,1";"";"0,0"
"11/10/2023";"0500";"25,3";"25,7";"25,2";"77,0";"77,0";"76,0";"20,8";"21,3";"20,8";"1009,6";"1009,6";"1009,2";"3,8";"102,0";"9,5";"";"0,0"
"11/10/2023";"0600";"24,8";"25,3";"24,8";"78,0";"78,0";"77,0";"20,7";"20,8";"20,7";"1009,8";"1009,8";"1009,6";"3,1";"100,0";"6,2";"";"0,0"
"11/10/2023";"0700";"24,6";"24,8";"24,5";"79,0";"79,0";"78,0";"20,7";"20,7";"20,6";"1009,9";"1010,0";"1009,8";"2,5";"98,0";"6,2";"";"0,0"
"11/10/2023";"0800";"24,2";"24,6";"24,2";"81,0";"81,0";"79,0";"20,8";"20,8";"20,7";"1010,5";"1010,5";"1009,9";"1,8";"92,0";"6,1";"";"0,0"
"11/10/2023";"0900";"25,2";"25,2";"24,1";"78,0";"82,0";"78,0";"21,2";"21,2";"20,8";"1011,3";"1011,3";"1010,5";"2,0";"99,0";"3,9";"124,80";"0,0"
"11/10/2023";"1000";"26,9";"27,1";"25,2";"69,0";"78,0";"68,0";"20,6";"21,2";"20,5";"1011,7";"1011,7";"1011,3";"4,9";"92,0";"9,1";"680,80";"0,0"
"11/10/2023";"1100";"27,9";"28,3";"26,7";"65,0";"69,0";"64,0";"20,6";"21,0";"20,3";"1012,1";"1012,1";"1011,7";"3,9";"108,0";"9,1";"893,90";"0,0"
"11/10/2023";"1200";"30,5";"30,5";"27,8";"54,0";"65,0";"54,0";"20,2";"20,9";"19,6";"1011,9";"1012,1";"1011,9";"3,2";"103,0";"9,1";"2127,90";"0,0"
"11/10/2023";"1300";"31,3";"31,5";"29,3";"54,0";"57,0";"50,0";"20,8";"21,2";"19,3";"1011,1";"1012,0";"1011,1";"4,2";"63,0";"8,2";"2339,30";"0,0"
"11/10/2023";"1400";"31,6";"32,8";"29,9";"53,0";"58,0";"50,0";"20,7";"21,4";"20,1";"1010,0";"1011,2";"1010,0";"4,1";"51,0";"8,7";"2712,00";"0,0"
"11/10/2023";"1500";"32,9";"33,0";"31,3";"49,0";"53,0";"49,0";"20,7";"21,1";"20,1";"1008,7";"1010,1";"1008,7";"3,9";"38,0";"8,5";"3096,20";"0,0"
"11/10/2023";"1600";"31,3";"33,1";"31,2";"54,0";"54,0";"47,0";"20,7";"21,4";"19,8";"1007,8";"1008,7";"1007,8";"4,8";"36,0";"9,0";"2907,70";"0,0"
"11/10/2023";"1700";"30,6";"32,2";"30,5";"57,0";"59,0";"52,0";"21,1";"21,9";"21,0";"1007,0";"1007,8";"1007,0";"5,0";"35,0";"9,2";"2514,90";"0,0"
"11/10/2023";"1800";"30,3";"31,1";"29,9";"59,0";"61,0";"54,0";"21,4";"21,9";"20,2";"1006,6";"1007,0";"1006,6";"6,1";"42,0";"11,4";"1921,50";"0,0"
"11/10/2023";"1900";"29,8";"30,8";"29,8";"61,0";"61,0";"57,0";"21,6";"21,7";"20,8";"1006,7";"1006,7";"1006,5";"5,4";"46,0";"10,7";"1217,80";"0,0"
"11/10/2023";"2000";"28,7";"30,2";"28,7";"64,0";"65,0";"57,0";"21,3";"21,5";"20,5";"1007,3";"1007,3";"1006,7";"4,1";"50,0";"9,7";"455,40";"0,0"
"11/10/2023";"2100";"27,3";"28,7";"27,3";"74,0";"74,0";"64,0";"22,3";"22,3";"21,3";"1007,9";"1007,9";"1007,3";"3,8";"46,0";"9,0";"19,70";"0,0"
"11/10/2023";"2200";"27,2";"27,3";"27,2";"75,0";"76,0";"74,0";"22,5";"22,6";"22,4";"1008,5";"1008,6";"1007,9";"3,3";"47,0";"7,2";"";"0,0"
"11/10/2023";"2300";"27,6";"27,7";"27,2";"73,0";"75,0";"73,0";"22,3";"22,6";"22,3";"1009,3";"1009,3";"1008,5";"4,9";"65,0";"9,8";"";"0,0"
"12/10/2023";"0000";"27,7";"27,8";"27,6";"63,0";"73,0";"63,0";"20,0";"22,3";"20,0";"1010,1";"1010,1";"1009,3";"5,6";"74,0";"11,0";"";"0,0"
"12/10/2023";"0100";"27,1";"27,7";"27,1";"62,0";"63,0";"59,0";"19,1";"20,0";"19,0";"1010,5";"1010,5";"1010,1";"4,5";"83,0";"10,1";"";"0,0"
"12/10/2023";"0200";"26,3";"27,1";"26,3";"66,0";"66,0";"62,0";"19,5";"19,5";"19,2";"1009,8";"1010,5";"1009,8";"4,2";"83,0";"8,7";"";"0,0"
"12/10/2023";"0300";"25,8";"26,4";"25,8";"72,0";"72,0";"66,0";"20,3";"20,4";"19,5";"1009,2";"1009,8";"1009,1";"4,7";"84,0";"9,4";"";"0,0"
"12/10/2023";"0400";"25,0";"25,8";"25,0";"76,0";"76,0";"72,0";"20,5";"20,6";"20,3";"1008,6";"1009,2";"1008,6";"2,9";"90,0";"9,4";"";"0,0"
"12/10/2023";"0500";"24,6";"25,0";"24,6";"78,0";"78,0";"76,0";"20,4";"20,5";"20,4";"1008,1";"1008,6";"1008,1";"2,3";"104,0";"5,8";"";"0,0"
"12/10/2023";"0600";"24,0";"24,6";"24,0";"79,0";"79,0";"77,0";"20,1";"20,4";"20,1";"1008,4";"1008,4";"1008,1";"1,7";"90,0";"4,3";"";"0,0"
"12/10/2023";"0700";"24,1";"24,3";"23,6";"80,0";"80,0";"79,0";"20,4";"20,5";"20,0";"1009,2";"1009,2";"1008,4";"1,9";"106,0";"5,2";"";"0,0"
"12/10/2023";"0800";"22,6";"24,1";"22,6";"85,0";"85,0";"80,0";"19,9";"20,5";"19,9";"1009,9";"1009,9";"1009,2";"0,9";"148,0";"3,5";"";"0,0"
"12/10/2023";"0900";"24,4";"24,4";"22,5";"81,0";"87,0";"81,0";"21,0";"21,0";"19,9";"1010,6";"1010,6";"1009,9";"1,1";"119,0";"2,1";"120,50";"0,0"
"12/10/2023";"1000";"27,2";"27,2";"24,4";"70,0";"81,0";"70,0";"21,3";"21,3";"20,6";"1011,0";"1011,0";"1010,6";"2,6";"121,0";"6,4";"732,30";"0,0"
"12/10/2023";"1100";"28,0";"28,3";"26,8";"64,0";"70,0";"63,0";"20,6";"21,1";"20,5";"1011,4";"1011,4";"1011,0";"4,9";"97,0";"10,4";"1040,70";"0,0"
"12/10/2023";"1200";"29,8";"30,5";"27,9";"56,0";"65,0";"55,0";"20,2";"21,1";"20,1";"1011,3";"1011,5";"1011,3";"4,5";"93,0";"9,9";"1744,80";"0,0"
"12/10/2023";"1300";"32,2";"32,7";"29,8";"48,0";"57,0";"48,0";"19,9";"20,8";"19,7";"1010,6";"1011,3";"1010,6";"4,9";"84,0";"9,5";"2112,50";"0,0"
"12/10/2023";"1400";"33,0";"33,1";"31,2";"51,0";"53,0";"47,0";"21,4";"21,4";"19,4";"1009,9";"1010,7";"1009,9";"4,4";"65,0";"9,2";"2840,10";"0,0"
"12/10/2023";"1500";"32,1";"33,2";"31,6";"52,0";"54,0";"49,0";"20,9";"21,4";"20,4";"1008,7";"1009,9";"1008,7";"5,3";"54,0";"9,3";"3065,80";"0,0"
"12/10/2023";"1600";"32,1";"33,1";"31,5";"54,0";"55,0";"48,0";"21,5";"21,8";"20,6";"1007,8";"1008,7";"1007,8";"5,0";"37,0";"10,6";"2880,20";"0,0"
"12/10/2023";"1700";"31,4";"32,8";"31,1";"57,0";"58,0";"51,0";"21,8";"22,2";"21,4";"1007,1";"1007,8";"1007,1";"6,1";"48,0";"10,1";"2486,30";"0,0"
"12/10/2023";"1800";"31,2";"32,1";"30,5";"57,0";"60,0";"54,0";"21,7";"22,2";"21,1";"1007,2";"1007,2";"1007,0";"5,1";"45,0";"10,5";"1888,30";"0,0"
"12/10/2023";"1900";"29,9";"31,1";"29,5";"66,0";"66,0";"57,0";"22,8";"22,8";"21,3";"1007,3";"1007,3";"1007,1";"4,7";"48,0";"11,1";"1196,50";"0,0"
"12/10/2023";"2000";"28,4";"29,9";"28,4";"70,0";"70,0";"66,0";"22,3";"22,8";"22,0";"1007,9";"1007,9";"1007,2";"4,2";"42,0";"10,3";"443,40";"0,0"
"12/10/2023";"2100";"27,5";"28,4";"27,5";"75,0";"75,0";"70,0";"22,6";"22,6";"22,3";"1008,4";"1008,4";"1007,9";"2,9";"41,0";"8,4";"16,20";"0,0"
"12/10/2023";"2200";"27,3";"27,5";"27,2";"77,0";"78,0";"75,0";"23,0";"23,1";"22,7";"1009,1";"1009,1";"1008,4";"3,6";"44,0";"7,6";"";"0,0"
"12/10/2023";"2300";"27,2";"27,3";"27,2";"80,0";"80,0";"77,0";"23,4";"23,4";"23,0";"1009,7";"1009,7";"1009,1";"4,2";"51,0";"9,3";"";"0,0"
"13/10/2023";"0000";"27,1";"27,3";"27,1";"80,0";"81,0";"79,0";"23,3";"23,5";"23,2";"1010,5";"1010,5";"1009,7";"4,9";"63,0";"10,2";"";"0,0"
"13/10/2023";"0100";"27,0";"27,1";"26,9";"73,0";"80,0";"73,0";"21,8";"23,3";"21,8";"1010,6";"1010,7";"1010,4";"5,9";"76,0";"10,7";"";"0,0"
"13/10/2023";"0200";"26,6";"27,1";"26,6";"77,0";"78,0";"73,0";"22,2";"22,5";"21,8";"1010,3";"1010,6";"1010,3";"5,0";"77,0";"10,7";"";"0,0"
"13/10/2023";"0300";"26,2";"26,6";"26,2";"79,0";"79,0";"77,0";"22,2";"22,3";"22,1";"1009,9";"1010,3";"1009,9";"3,8";"90,0";"9,4";"";"0,0"
"13/10/2023";"0400";"25,7";"26,2";"25,7";"79,0";"80,0";"79,0";"21,8";"22,2";"21,8";"1009,4";"1009,9";"1009,3";"3,6";"88,0";"7,3";"";"0,0"
"13/10/2023";"0500";"25,3";"25,7";"25,3";"81,0";"81,0";"79,0";"21,7";"21,9";"21,7";"1009,0";"1009,4";"1009,0";"2,2";"92,0";"6,2";"";"0,0"
"13/10/2023";"0600";"25,1";"25,3";"25,0";"81,0";"81,0";"81,0";"21,7";"21,7";"21,6";"1009,3";"1009,3";"1008,9";"2,3";"93,0";"4,7";"";"0,0"
"13/10/2023";"0700";"24,6";"25,1";"24,5";"84,0";"85,0";"81,0";"21,8";"21,8";"21,6";"1009,8";"1009,8";"1009,3";"1,9";"101,0";"4,0";"";"0,0"
"13/10/2023";"0800";"24,1";"24,6";"24,1";"87,0";"87,0";"84,0";"21,7";"21,8";"21,7";"1010,2";"1010,2";"1009,8";"1,4";"99,0";"3,6";"";"0,0"
"13/10/2023";"0900";"25,5";"25,5";"24,1";"83,0";"87,0";"83,0";"22,4";"22,4";"21,7";"1011,2";"1011,2";"1010,2";"1,3";"110,0";"2,7";"124,60";"0,0"
"13/10/2023";"1000";"27,2";"27,4";"25,5";"72,0";"83,0";"72,0";"21,8";"22,5";"21,8";"1011,7";"1011,7";"1011,2";"4,7";"100,0";"9,5";"673,50";"0,0"
"13/10/2023";"1100";"29,8";"29,8";"27,2";"61,0";"73,0";"60,0";"21,5";"22,1";"20,8";"1012,3";"1012,3";"1011,7";"4,5";"103,0";"9,1";"1522,20";"0,0"
"13/10/2023";"1200";"30,8";"31,2";"29,4";"54,0";"61,0";"53,0";"20,3";"21,7";"20,3";"1012,2";"1012,5";"1012,1";"3,6";"97,0";"9,1";"1559,00";"0,0"
"13/10/2023";"1300";"32,3";"32,5";"30,8";"52,0";"54,0";"50,0";"21,3";"21,4";"20,2";"1011,9";"1012,2";"1011,7";"5,0";"45,0";"9,2";"2559,80";"0,0"
"13/10/2023";"1400";"33,4";"33,6";"32,0";"49,0";"52,0";"46,0";"21,3";"21,5";"19,7";"1011,2";"1011,9";"1011,2";"4,7";"61,0";"9,2";"3061,20";"0,0"
"13/10/2023";"1500";"32,2";"33,8";"32,1";"53,0";"53,0";"47,0";"21,4";"21,7";"20,6";"1010,1";"1011,3";"1010,1";"5,7";"40,0";"10,4";"3066,90";"0,0"
"13/10/2023";"1600";"31,6";"33,2";"31,6";"57,0";"58,0";"51,0";"22,0";"22,7";"21,1";"1009,0";"1010,1";"1009,0";"5,3";"34,0";"10,6";"2891,20";"0,0"
"13/10/2023";"1700";"31,4";"32,2";"31,3";"60,0";"60,0";"55,0";"22,6";"22,9";"21,8";"1008,3";"1009,0";"1008,3";"5,5";"45,0";"10,8";"2502,00";"0,0"
"13/10/2023";"1800";"30,4";"31,4";"30,3";"62,0";"63,0";"59,0";"22,2";"22,8";"22,1";"1008,1";"1008,4";"1008,0";"6,2";"42,0";"10,8";"1914,10";"0,0"
"13/10/2023";"1900";"29,2";"31,0";"29,2";"70,0";"70,0";"61,0";"23,2";"23,4";"22,1";"1008,4";"1008,4";"1008,0";"5,5";"54,0";"12,1";"1218,20";"0,0"
"13/10/2023";"2000";"27,9";"29,4";"27,9";"75,0";"75,0";"69,0";"23,1";"23,4";"22,9";"1008,9";"1008,9";"1008,4";"5,4";"55,0";"12,2";"443,90";"0,0"
"13/10/2023";"2100";"27,4";"27,9";"27,4";"79,0";"79,0";"75,0";"23,3";"23,3";"23,0";"1009,2";"1009,2";"1008,8";"4,6";"52,0";"10,8";"19,30";"0,0"
"13/10/2023";"2200";"27,2";"27,4";"27,2";"80,0";"80,0";"79,0";"23,5";"23,5";"23,3";"1009,9";"1009,9";"1009,2";"5,0";"56,0";"9,4";"";"0,0"
"13/10/2023";"2300";"27,1";"27,2";"27,1";"80,0";"81,0";"80,0";"23,4";"23,6";"23,3";"1010,3";"1010,3";"1009,9";"5,5";"62,0";"11,6";"";"0,0"
"14/10/2023";"0000";"27,2";"27,2";"27,0";"76,0";"80,0";"76,0";"22,6";"23,4";"22,6";"1010,7";"1010,8";"1010,2";"5,8";"70,0";"11,6";"";"0,0"
"14/10/2023";"0100";"27,0";"27,2";"27,0";"75,0";"77,0";"74,0";"22,1";"22,8";"21,9";"1011,0";"1011,1";"1010,7";"6,1";"79,0";"12,5";"";"0,0"
"14/10/2023";"0200";"26,5";"27,0";"26,5";"78,0";"78,0";"75,0";"22,3";"22,3";"22,1";"1011,0";"1011,1";"1010,9";"5,1";"86,0";"12,5";"";"0,0"
"14/10/2023";"0300";"25,9";"26,5";"25,9";"78,0";"79,0";"77,0";"21,8";"22,3";"21,8";"1010,3";"1011,0";"1010,3";"3,7";"87,0";"10,2";"";"0,0"
"14/10/2023";"0400";"25,5";"26,0";"25,5";"78,0";"78,0";"76,0";"21,4";"21,8";"21,3";"1009,5";"1010,3";"1009,5";"3,2";"91,0";"8,0";"";"0,0"
"14/10/2023";"0500";"25,0";"25,5";"25,0";"81,0";"81,0";"78,0";"21,4";"21,5";"21,3";"1009,5";"1009,6";"1009,4";"2,0";"86,0";"6,2";"";"0,0"
"14/10/2023";"0600";"24,6";"25,0";"24,4";"84,0";"84,0";"81,0";"21,7";"21,7";"21,4";"1009,8";"1009,8";"1009,4";"1,7";"97,0";"3,6";"";"0,0"
"14/10/2023";"0700";"25,1";"25,1";"24,6";"82,0";"84,0";"82,0";"21,8";"21,8";"21,6";"1009,6";"1009,8";"1009,5";"3,3";"91,0";"6,0";"";"0,0"
"14/10/2023";"0800";"24,6";"25,1";"24,6";"84,0";"84,0";"82,0";"21,6";"21,7";"21,6";"1010,0";"1010,0";"1009,6";"1,9";"102,0";"6,0";"";"0,0"
"14/10/2023";"0900";"24,8";"24,8";"24,3";"84,0";"85,0";"84,0";"21,9";"21,9";"21,5";"1011,0";"1011,0";"1010,0";"1,6";"115,0";"3,7";"101,10";"0,0"
"14/10/2023";"1000";"27,1";"27,2";"24,9";"71,0";"84,0";"71,0";"21,4";"22,2";"21,3";"1011,7";"1011,7";"1011,0";"5,2";"102,0";"9,6";"604,10";"0,0"
"14/10/2023";"1100";"29,0";"29,4";"27,1";"61,0";"71,0";"61,0";"20,7";"21,7";"20,5";"1011,9";"1011,9";"1011,7";"4,8";"111,0";"11,3";"1257,00";"0,0"
"14/10/2023";"1200";"30,3";"30,8";"28,8";"54,0";"61,0";"53,0";"19,9";"20,8";"19,7";"1011,6";"1011,9";"1011,6";"4,9";"106,0";"10,8";"1702,40";"0,0"
"14/10/2023";"1300";"32,3";"32,8";"30,0";"48,0";"55,0";"46,0";"19,7";"20,1";"19,2";"1011,2";"1011,6";"1011,1";"4,8";"100,0";"9,3";"2082,00";"0,0"
"14/10/2023";"1400";"32,5";"33,0";"31,9";"51,0";"52,0";"45,0";"21,1";"21,1";"19,3";"1010,2";"1011,2";"1010,2";"5,2";"74,0";"10,6";"2958,20";"0,0"
"14/10/2023";"1500";"31,8";"33,5";"31,6";"53,0";"53,0";"47,0";"21,2";"21,2";"20,0";"1009,4";"1010,2";"1009,4";"5,4";"43,0";"10,5";"3058,50";"0,0"
"14/10/2023";"1600";"32,1";"32,8";"31,1";"55,0";"58,0";"51,0";"21,8";"22,4";"21,1";"1008,4";"1009,4";"1008,4";"5,2";"42,0";"11,1";"2878,00";"0,0"
"14/10/2023";"1700";"30,8";"32,0";"30,3";"60,0";"62,0";"55,0";"22,3";"22,5";"21,2";"1008,3";"1008,4";"1008,3";"5,9";"45,0";"10,8";"2459,50";"0,0"
"14/10/2023";"1800";"30,0";"31,1";"30,0";"64,0";"64,0";"60,0";"22,4";"22,7";"21,8";"1008,4";"1008,5";"1008,3";"5,9";"47,0";"11,0";"1869,10";"0,0"
"14/10/2023";"1900";"28,9";"30,2";"28,9";"67,0";"69,0";"64,0";"22,3";"23,0";"22,1";"1008,6";"1008,7";"1008,4";"6,0";"48,0";"11,8";"1130,90";"0,0"
"14/10/2023";"2000";"28,0";"29,1";"28,0";"71,0";"71,0";"66,0";"22,2";"22,3";"21,7";"1009,2";"1009,2";"1008,6";"5,5";"49,0";"11,0";"179,60";"0,0"
"14/10/2023";"2100";"27,6";"28,0";"27,6";"76,0";"76,0";"71,0";"22,9";"22,9";"22,2";"1009,6";"1009,6";"1009,1";"4,8";"53,0";"10,1";"6,40";"0,0"
"14/10/2023";"2200";"27,7";"27,8";"27,5";"73,0";"76,0";"73,0";"22,5";"23,0";"22,5";"1010,3";"1010,3";"1009,5";"4,9";"61,0";"11,8";"";"0,0"
"14/10/2023";"2300";"27,6";"27,8";"27,6";"75,0";"75,0";"72,0";"22,7";"22,7";"22,3";"1011,5";"1011,5";"1010,3";"5,7";"63,0";"13,9";"";"0,0"
"15/10/2023";"0000";"27,1";"27,8";"27,1";"75,0";"76,0";"69,0";"22,3";"23,0";"21,7";"1012,6";"1012,7";"1011,5";"5,7";"74,0";"12,2";"";"0,0"
"15/10/2023";"0100";"27,0";"27,2";"27,0";"70,0";"75,0";"69,0";"21,1";"22,3";"21,0";"1013,2";"1013,2";"1012,6";"5,3";"83,0";"11,4";"";"0,0"
"15/10/2023";"0200";"26,5";"27,0";"26,5";"69,0";"71,0";"69,0";"20,5";"21,2";"20,5";"1012,7";"1013,2";"1012,7";"4,5";"86,0";"9,5";"";"0,0"
"15/10/2023";"0300";"26,1";"26,5";"26,0";"73,0";"73,0";"69,0";"20,8";"20,9";"20,5";"1012,0";"1012,8";"1012,0";"4,3";"88,0";"9,0";"";"0,0"
"15/10/2023";"0400";"25,9";"26,1";"25,9";"72,0";"73,0";"72,0";"20,6";"20,8";"20,6";"1011,6";"1012,0";"1011,5";"4,2";"93,0";"8,3";"";"0,0"
"15/10/2023";"0500";"25,4";"25,9";"25,4";"74,0";"74,0";"72,0";"20,3";"20,5";"20,3";"1011,3";"1011,6";"1011,3";"2,2";"105,0";"8,3";"";"0,0"
"15/10/2023";"0600";"25,2";"25,4";"25,2";"76,0";"76,0";"74,0";"20,6";"20,6";"20,4";"1011,1";"1011,3";"1011,1";"2,6";"92,0";"5,0";"";"0,0"
"15/10/2023";"0700";"24,6";"25,2";"24,6";"79,0";"79,0";"76,0";"20,7";"20,7";"20,5";"1011,0";"1011,1";"1011,0";"2,0";"101,0";"5,0";"";"0,0"
"15/10/2023";"0800";"23,5";"24,6";"23,5";"83,0";"83,0";"79,0";"20,6";"20,7";"20,5";"1011,7";"1011,7";"1011,0";"0,7";"110,0";"4,3";"";"0,0"
"15/10/2023";"0900";"24,9";"24,9";"23,2";"79,0";"85,0";"79,0";"21,0";"21,1";"20,4";"1012,2";"1012,2";"1011,7";"0,8";"113,0";"1,8";"125,60";"0,0"
"15/10/2023";"1000";"27,4";"27,5";"24,9";"63,0";"79,0";"63,0";"19,8";"21,2";"19,7";"1012,6";"1012,6";"1012,2";"4,1";"117,0";"9,2";"731,80";"0,0"
"15/10/2023";"1100";"29,3";"29,7";"27,4";"54,0";"63,0";"53,0";"19,1";"20,1";"19,0";"1012,6";"1012,8";"1012,6";"6,0";"92,0";"11,2";"1583,70";"0,0"
"15/10/2023";"1200";"30,2";"30,9";"28,9";"51,0";"55,0";"50,0";"19,1";"19,9";"18,9";"1012,5";"1012,8";"1012,5";"4,2";"118,0";"11,6";"1949,10";"0,0"
"15/10/2023";"1300";"32,1";"32,5";"30,0";"45,0";"52,0";"44,0";"18,5";"19,5";"18,2";"1012,0";"1012,6";"1012,0";"4,0";"108,0";"9,2";"2106,80";"0,0"
"15/10/2023";"1400";"32,2";"33,4";"31,4";"46,0";"47,0";"39,0";"19,3";"19,3";"17,4";"1011,2";"1012,1";"1011,1";"5,1";"84,0";"10,0";"2577,90";"0,0"
"15/10/2023";"1500";"32,8";"33,1";"31,7";"46,0";"50,0";"46,0";"19,8";"20,5";"19,4";"1009,7";"1011,2";"1009,7";"4,7";"51,0";"11,1";"2773,90";"0,0"
"15/10/2023";"1600";"32,3";"33,3";"31,4";"53,0";"53,0";"44,0";"21,6";"21,6";"19,3";"1008,6";"1009,7";"1008,5";"6,0";"51,0";"11,7";"2861,00";"0,0"
"15/10/2023";"1700";"30,7";"32,7";"30,7";"59,0";"60,0";"52,0";"21,9";"22,1";"21,1";"1008,2";"1008,6";"1008,2";"5,7";"45,0";"10,4";"2430,60";"0,0"
"15/10/2023";"1800";"30,1";"31,5";"29,9";"65,0";"65,0";"58,0";"22,7";"22,8";"21,5";"1008,0";"1008,3";"1008,0";"5,9";"43,0";"11,1";"1821,90";"0,0"
"15/10/2023";"1900";"29,4";"30,2";"29,1";"64,0";"66,0";"63,0";"22,0";"22,6";"21,9";"1008,1";"1008,1";"1007,8";"5,8";"43,0";"11,4";"1153,50";"0,0"
"15/10/2023";"2000";"28,5";"29,4";"28,5";"67,0";"67,0";"64,0";"21,8";"22,1";"21,6";"1008,4";"1008,4";"1008,0";"5,3";"47,0";"10,4";"403,20";"0,0"
"15/10/2023";"2100";"28,0";"28,4";"28,0";"70,0";"70,0";"67,0";"22,0";"22,0";"21,7";"1008,8";"1008,9";"1008,4";"5,1";"55,0";"10,8";"17,70";"0,0"
"15/10/2023";"2200";"27,9";"28,1";"27,9";"70,0";"71,0";"69,0";"22,0";"22,1";"21,8";"1009,6";"1009,7";"1008,8";"5,6";"67,0";"11,4";"";"0,0"
"15/10/2023";"2300";"28,0";"28,0";"27,9";"70,0";"73,0";"70,0";"22,0";"22,5";"22,0";"1010,4";"1010,4";"1009,6";"4,9";"72,0";"11,0";"";"0,0"
"16/10/2023";"0000";"27,8";"28,3";"27,8";"63,0";"70,0";"63,0";"20,1";"21,7";"20,1";"1011,1";"1011,1";"1010,4";"4,5";"81,0";"10,0";"";"0,0"
"16/10/2023";"0100";"27,1";"27,8";"27,1";"62,0";"64,0";"62,0";"19,3";"20,1";"19,2";"1011,5";"1011,5";"1011,1";"4,2";"87,0";"9,1";"";"0,0"
"16/10/2023";"0200";"26,4";"27,1";"26,3";"63,0";"64,0";"62,0";"18,8";"19,3";"18,8";"1011,2";"1011,5";"1011,2";"3,5";"93,0";"7,6";"";"0,0"
"16/10/2023";"0300";"26,0";"26,4";"26,0";"63,0";"63,0";"62,0";"18,3";"18,8";"18,3";"1011,1";"1011,2";"1011,0";"3,2";"90,0";"7,6";"";"0,0"
"16/10/2023";"0400";"25,6";"26,0";"25,6";"62,0";"63,0";"61,0";"17,8";"18,3";"17,8";"1010,6";"1011,1";"1010,6";"2,7";"97,0";"6,3";"";"0,0"
"16/10/2023";"0500";"24,8";"25,6";"24,8";"65,0";"65,0";"62,0";"17,7";"17,8";"17,7";"1010,3";"1010,6";"1010,3";"2,5";"77,0";"5,2";"";"0,0"
"16/10/2023";"0600";"24,3";"24,8";"24,3";"67,0";"67,0";"65,0";"17,9";"17,9";"17,7";"1010,0";"1010,3";"1010,0";"1,8";"86,0";"4,0";"";"0,0"
"16/10/2023";"0700";"24,8";"24,8";"24,3";"68,0";"68,0";"67,0";"18,6";"18,6";"17,9";"1010,0";"1010,0";"1009,9";"2,2";"76,0";"4,5";"";"0,0"
"16/10/2023";"0800";"24,9";"24,9";"24,8";"70,0";"70,0";"68,0";"19,0";"19,0";"18,6";"1010,0";"1010,0";"1009,8";"2,2";"82,0";"4,0";"";"0,0"
"16/10/2023";"0900";"25,6";"25,6";"24,9";"66,0";"70,0";"66,0";"18,7";"19,0";"18,7";"1010,7";"1010,7";"1010,0";"3,5";"99,0";"7,3";"115,70";"0,0"
"16/10/2023";"1000";"27,2";"27,3";"25,5";"59,0";"66,0";"59,0";"18,6";"18,8";"18,4";"1011,4";"1011,4";"1010,7";"4,2";"103,0";"8,5";"728,20";"0,0"
"16/10/2023";"1100";"28,6";"28,9";"27,2";"50,0";"59,0";"49,0";"17,1";"18,6";"17,0";"1011,7";"1011,9";"1011,4";"4,9";"112,0";"10,1";"1553,40";"0,0"
"16/10/2023";"1200";"30,4";"30,6";"28,6";"46,0";"52,0";"45,0";"17,4";"18,0";"17,0";"1011,5";"1011,8";"1011,5";"3,2";"112,0";"10,1";"2126,20";"0,0"
"16/10/2023";"1300";"31,3";"31,8";"30,0";"41,0";"46,0";"41,0";"16,6";"17,7";"16,4";"1011,3";"1011,5";"1011,3";"3,4";"124,0";"9,4";"2737,70";"0,0"
"16/10/2023";"1400";"32,7";"33,5";"31,0";"37,0";"42,0";"36,0";"16,1";"17,4";"15,9";"1010,4";"1011,3";"1010,4";"4,0";"84,0";"8,3";"3194,60";"0,0"
"16/10/2023";"1500";"32,7";"32,8";"31,1";"45,0";"48,0";"37,0";"19,2";"19,3";"16,1";"1009,1";"1010,4";"1009,1";"4,1";"51,0";"9,2";"2223,60";"0,0"
"16/10/2023";"1600";"31,3";"33,3";"30,9";"50,0";"51,0";"43,0";"19,7";"20,0";"18,3";"1008,3";"1009,1";"1008,3";"4,7";"42,0";"9,4";"2476,10";"0,0"
"16/10/2023";"1700";"30,2";"31,3";"29,5";"61,0";"61,0";"50,0";"21,8";"21,9";"19,6";"1007,7";"1008,3";"1007,6";"6,0";"52,0";"10,7";"2033,60";"0,0"
"16/10/2023";"1800";"29,3";"30,3";"29,0";"64,0";"64,0";"60,0";"21,7";"22,0";"21,0";"1007,3";"1007,7";"1007,2";"6,0";"48,0";"11,1";"1567,20";"0,0"
"16/10/2023";"1900";"28,5";"29,3";"28,4";"66,0";"67,0";"64,0";"21,5";"22,0";"21,4";"1007,5";"1007,5";"1007,2";"5,6";"53,0";"11,8";"825,30";"0,0"
"16/10/2023";"2000";"27,7";"28,8";"27,7";"70,0";"70,0";"65,0";"21,7";"22,1";"21,4";"1007,8";"1007,9";"1007,5";"5,4";"54,0";"11,4";"541,60";"0,0"
"16/10/2023";"2100";"27,0";"27,7";"27,0";"73,0";"73,0";"70,0";"21,6";"21,9";"21,6";"1008,2";"1008,2";"1007,8";"4,3";"52,0";"9,7";"20,10";"0,0"
"16/10/2023";"2200";"27,1";"27,1";"26,9";"73,0";"73,0";"72,0";"21,9";"21,9";"21,6";"1008,7";"1008,7";"1008,2";"4,7";"53,0";"10,0";"";"0,0"
"16/10/2023";"2300";"27,5";"27,5";"27,1";"72,0";"73,0";"72,0";"22,0";"22,1";"21,8";"1009,1";"1009,1";"1008,6";"4,9";"66,0";"10,3";"";"0,0"
"17/10/2023";"0000";"27,4";"27,7";"27,4";"61,0";"72,0";"60,0";"19,3";"21,9";"19,2";"1009,5";"1009,5";"1009,1";"5,1";"81,0";"10,1";"";"0,0"
"17/10/2023";"0100";"26,7";"27,4";"26,7";"63,0";"63,0";"61,0";"19,0";"19,4";"19,0";"1009,7";"1009,7";"1009,4";"5,0";"90,0";"10,1";"";"0,0"
"17/10/2023";"0200";"26,1";"26,7";"26,0";"65,0";"65,0";"63,0";"18,9";"19,1";"18,9";"1009,8";"1009,9";"1009,5";"3,6";"87,0";"9,0";"";"0,0"
"17/10/2023";"0300";"25,5";"26,1";"25,5";"64,0";"66,0";"64,0";"18,2";"18,9";"18,2";"1009,2";"1009,8";"1009,2";"2,6";"82,0";"6,9";"";"0,0"
"17/10/2023";"0400";"25,1";"25,5";"25,1";"64,0";"64,0";"63,0";"17,8";"18,2";"17,8";"1008,8";"1009,2";"1008,7";"3,1";"92,0";"5,5";"";"0,0"
"17/10/2023";"0500";"24,3";"25,1";"24,3";"66,0";"66,0";"64,0";"17,5";"17,8";"17,5";"1008,6";"1008,8";"1008,6";"2,6";"77,0";"6,4";"";"0,0"
"17/10/2023";"0600";"23,2";"24,3";"23,2";"71,0";"71,0";"66,0";"17,6";"17,7";"17,5";"1008,8";"1008,8";"1008,6";"1,8";"68,0";"4,8";"";"0,0"
"17/10/2023";"0700";"22,7";"23,2";"22,6";"74,0";"74,0";"71,0";"17,9";"17,9";"17,6";"1008,9";"1008,9";"1008,6";"1,6";"78,0";"3,1";"";"0,0"
"17/10/2023";"0800";"21,9";"22,7";"21,9";"78,0";"78,0";"74,0";"17,9";"17,9";"17,7";"1009,5";"1009,5";"1008,9";"1,4";"71,0";"2,8";"";"0,0"
"17/10/2023";"0900";"23,7";"23,7";"21,8";"72,0";"79,0";"72,0";"18,4";"18,6";"17,8";"1009,9";"1010,0";"1009,5";"1,1";"112,0";"2,4";"125,80";"0,0"
"17/10/2023";"1000";"26,6";"26,6";"23,7";"58,0";"72,0";"57,0";"17,6";"18,6";"17,3";"1010,8";"1010,8";"1009,8";"2,6";"125,0";"5,6";"770,80";"0,0"
"17/10/2023";"1100";"28,6";"28,6";"26,6";"49,0";"58,0";"49,0";"16,9";"17,6";"16,4";"1011,0";"1011,1";"1010,7";"4,0";"116,0";"8,5";"1597,40";"0,0"
"17/10/2023";"1200";"30,2";"30,4";"28,2";"43,0";"49,0";"43,0";"16,4";"16,9";"16,1";"1010,7";"1011,0";"1010,7";"3,3";"139,0";"8,4";"2308,90";"0,0"
"17/10/2023";"1300";"31,0";"32,1";"29,7";"41,0";"44,0";"39,0";"16,2";"16,6";"15,7";"1010,4";"1010,7";"1010,3";"2,7";"142,0";"7,4";"2780,70";"0,0"
"17/10/2023";"1400";"32,6";"33,2";"31,0";"33,0";"41,0";"32,0";"14,3";"16,7";"14,2";"1009,4";"1010,4";"1009,3";"4,0";"122,0";"8,7";"3102,60";"0,0"
"17/10/2023";"1500";"32,6";"34,5";"31,4";"41,0";"42,0";"31,0";"17,5";"17,9";"14,2";"1008,1";"1009,4";"1008,1";"2,9";"47,0";"8,7";"2834,50";"0,0"
"17/10/2023";"1600";"32,8";"33,6";"31,9";"42,0";"45,0";"38,0";"18,0";"18,5";"17,0";"1007,2";"1008,1";"1007,2";"4,4";"56,0";"9,2";"2790,10";"0,0"
"17/10/2023";"1700";"32,1";"33,5";"31,6";"43,0";"45,0";"39,0";"18,0";"18,5";"17,3";"1006,7";"1007,2";"1006,7";"5,4";"45,0";"9,0";"2575,50";"0,0"
"17/10/2023";"1800";"29,9";"32,1";"29,4";"56,0";"59,0";"43,0";"20,3";"20,8";"18,0";"1006,7";"1006,7";"1006,5";"6,5";"41,0";"11,2";"1951,90";"0,0"
"17/10/2023";"1900";"28,5";"30,0";"28,4";"66,0";"67,0";"55,0";"21,6";"21,9";"20,1";"1007,3";"1007,3";"1006,7";"6,5";"57,0";"12,1";"1219,30";"0,0"
"17/10/2023";"2000";"27,4";"28,6";"27,4";"70,0";"70,0";"64,0";"21,5";"22,0";"20,8";"1007,6";"1007,6";"1007,2";"5,7";"55,0";"12,1";"454,80";"0,0"
"17/10/2023";"2100";"26,9";"27,4";"26,9";"73,0";"73,0";"70,0";"21,6";"21,8";"21,1";"1008,3";"1008,3";"1007,6";"5,3";"55,0";"11,1";"17,80";"0,0"
"17/10/2023";"2200";"26,8";"26,9";"26,6";"74,0";"75,0";"72,0";"21,8";"21,8";"21,4";"1009,0";"1009,0";"1008,3";"3,9";"54,0";"9,9";"";"0,0"
"17/10/2023";"2300";"26,9";"26,9";"26,7";"73,0";"75,0";"72,0";"21,7";"21,9";"21,5";"1009,8";"1009,8";"1009,0";"5,0";"59,0";"10,1";"";"0,0"
"18/10/2023";"0000";"26,7";"27,0";"26,7";"75,0";"75,0";"73,0";"21,8";"21,9";"21,6";"1010,6";"1010,6";"1009,8";"3,8";"62,0";"10,6";"";"0,0"
"18/10/2023";"0100";"26,6";"26,8";"26,5";"69,0";"75,0";"69,0";"20,5";"21,8";"20,5";"1010,5";"1010,8";"1010,5";"4,9";"74,0";"9,2";"";"0,0"
"18/10/2023";"0200";"26,2";"26,6";"26,1";"70,0";"72,0";"69,0";"20,3";"20,8";"20,3";"1010,1";"1010,5";"1010,1";"4,6";"80,0";"9,3";"";"0,0"
"18/10/2023";"0300";"25,4";"26,2";"25,4";"70,0";"71,0";"69,0";"19,5";"20,3";"19,5";"1009,6";"1010,1";"1009,6";"4,5";"88,0";"10,8";"";"0,0"
"18/10/2023";"0400";"24,7";"25,4";"24,7";"71,0";"71,0";"70,0";"19,0";"19,5";"19,0";"1009,3";"1009,7";"1009,3";"3,0";"98,0";"7,6";"";"0,0"
"18/10/2023";"0500";"24,2";"24,7";"24,2";"71,0";"72,0";"71,0";"18,7";"19,0";"18,7";"1008,9";"1009,3";"1008,8";"2,9";"93,0";"7,1";"";"0,0"
"18/10/2023";"0600";"24,0";"24,2";"23,9";"71,0";"72,0";"71,0";"18,4";"18,7";"18,4";"1009,2";"1009,2";"1008,9";"2,7";"98,0";"5,3";"";"0,0"
"18/10/2023";"0700";"23,2";"24,0";"23,2";"74,0";"74,0";"71,0";"18,3";"18,4";"18,2";"1009,7";"1009,7";"1009,2";"1,7";"91,0";"5,4";"";"0,0"
"18/10/2023";"0800";"22,6";"23,3";"22,5";"77,0";"77,0";"74,0";"18,2";"18,3";"18,2";"1010,2";"1010,2";"1009,7";"1,6";"83,0";"3,0";"";"0,0"
"18/10/2023";"0900";"24,2";"24,2";"22,6";"72,0";"77,0";"72,0";"18,8";"18,8";"18,2";"1010,9";"1010,9";"1010,1";"1,7";"69,0";"3,0";"138,00";"0,0"
"18/10/2023";"1000";"26,6";"26,6";"24,2";"60,0";"72,0";"60,0";"18,1";"18,9";"18,1";"1011,5";"1011,5";"1010,9";"2,9";"104,0";"6,0";"755,00";"0,0"
"18/10/2023";"1100";"28,3";"28,4";"26,6";"53,0";"59,0";"52,0";"17,7";"18,0";"17,4";"1011,9";"1012,0";"1011,5";"2,5";"130,0";"7,5";"1561,50";"0,0"
"18/10/2023";"1200";"30,0";"30,1";"28,3";"46,0";"53,0";"45,0";"17,1";"17,9";"16,8";"1011,8";"1012,0";"1011,8";"3,5";"82,0";"7,3";"2229,80";"0,0"
"18/10/2023";"1300";"31,2";"31,6";"29,6";"41,0";"46,0";"40,0";"16,5";"17,5";"15,8";"1011,0";"1011,8";"1010,9";"2,6";"313,0";"7,3";"2753,80";"0,0"
"18/10/2023";"1400";"32,2";"33,6";"31,1";"37,0";"42,0";"35,0";"15,7";"17,2";"15,5";"1010,1";"1011,0";"1010,1";"1,6";"223,0";"6,5";"2886,40";"0,0"
"18/10/2023";"1500";"33,5";"34,0";"32,1";"39,0";"42,0";"34,0";"17,6";"18,2";"15,6";"1009,0";"1010,1";"1009,0";"3,9";"48,0";"8,0";"2788,20";"0,0"
"18/10/2023";"1600";"32,7";"33,9";"32,4";"42,0";"43,0";"39,0";"18,1";"18,4";"17,2";"1007,8";"1009,0";"1007,7";"4,8";"47,0";"9,1";"2884,80";"0,0"
"18/10/2023";"1700";"31,1";"33,3";"31,1";"47,0";"48,0";"41,0";"18,6";"19,2";"17,9";"1007,3";"1007,8";"1007,2";"5,1";"31,0";"10,1";"2485,50";"0,0"
"18/10/2023";"1800";"30,0";"31,7";"29,9";"57,0";"58,0";"47,0";"20,6";"21,0";"18,8";"1007,4";"1007,4";"1007,1";"4,7";"34,0";"9,7";"1898,70";"0,0"
"18/10/2023";"1900";"28,5";"30,0";"28,4";"67,0";"67,0";"57,0";"21,9";"21,9";"20,4";"1007,7";"1007,7";"1007,4";"5,3";"36,0";"10,6";"1198,40";"0,0"
"18/10/2023";"2000";"27,6";"28,6";"27,6";"71,0";"71,0";"65,0";"21,8";"21,9";"21,3";"1008,1";"1008,1";"1007,7";"3,3";"41,0";"9,1";"440,50";"0,0"
"18/10/2023";"2100";"26,6";"27,6";"26,6";"78,0";"78,0";"71,0";"22,4";"22,5";"21,8";"1008,7";"1008,7";"1008,1";"3,7";"53,0";"8,8";"12,30";"0,0"
"18/10/2023";"2200";"26,5";"26,6";"26,5";"79,0";"79,0";"77,0";"22,5";"22,5";"22,1";"1009,3";"1009,3";"1008,6";"4,3";"49,0";"8,6";"";"0,0"
"18/10/2023";"2300";"26,4";"26,5";"26,4";"79,0";"79,0";"78,0";"22,4";"22,6";"22,4";"1010,1";"1010,1";"1009,3";"3,8";"51,0";"8,8";"";"0,0"
"19/10/2023";"0000";"26,6";"26,6";"26,4";"76,0";"79,0";"76,0";"22,1";"22,4";"21,9";"1010,9";"1010,9";"1010,1";"4,2";"58,0";"8,8";"";"0,0"
"19/10/2023";"0100";"26,8";"26,8";"26,6";"77,0";"77,0";"76,0";"22,4";"22,4";"22,0";"1011,0";"1011,0";"1010,9";"4,3";"64,0";"10,2";"";"0,0"
"19/10/2023";"0200";"26,5";"26,8";"26,5";"73,0";"77,0";"70,0";"21,2";"22,4";"20,8";"1010,4";"1011,0";"1010,4";"4,8";"76,0";"10,4";"";"0,0"
"19/10/2023";"0300";"26,1";"26,5";"26,1";"75,0";"75,0";"73,0";"21,3";"21,4";"21,1";"1009,6";"1010,4";"1009,6";"4,3";"75,0";"9,2";"";"0,0"
"19/10/2023";"0400";"26,2";"26,3";"26,0";"74,0";"75,0";"73,0";"21,2";"21,3";"21,0";"1009,0";"1009,6";"1009,0";"4,6";"89,0";"9,2";"";"0,0"
"19/10/2023";"0500";"25,6";"26,2";"25,6";"75,0";"75,0";"73,0";"20,9";"21,1";"20,8";"1008,4";"1009,0";"1008,4";"4,2";"87,0";"9,1";"";"0,0"
"19/10/2023";"0600";"25,3";"25,6";"25,2";"78,0";"78,0";"75,0";"21,0";"21,1";"20,9";"1008,8";"1008,8";"1008,4";"3,0";"92,0";"7,9";"";"0,0"
"19/10/2023";"0700";"25,4";"25,5";"25,2";"75,0";"78,0";"75,0";"20,6";"21,1";"20,6";"1009,3";"1009,3";"1008,8";"2,2";"102,0";"6,7";"";"0,0"
"19/10/2023";"0800";"25,4";"25,4";"25,3";"75,0";"75,0";"75,0";"20,6";"20,6";"20,5";"1009,9";"1009,9";"1009,3";"2,5";"99,0";"5,1";"";"0,0"
"19/10/2023";"0900";"25,6";"25,6";"25,3";"74,0";"76,0";"74,0";"20,7";"20,7";"20,6";"1010,6";"1010,6";"1009,9";"2,2";"104,0";"5,7";"77,20";"0,0"
"19/10/2023";"1000";"26,8";"26,9";"25,6";"69,0";"74,0";"68,0";"20,5";"20,7";"20,5";"1011,3";"1011,3";"1010,6";"3,3";"98,0";"6,7";"415,40";"0,0"
"19/10/2023";"1100";"28,4";"28,4";"26,8";"61,0";"69,0";"61,0";"20,3";"20,7";"20,2";"1011,8";"1011,8";"1011,3";"3,3";"117,0";"8,1";"912,00";"0,0"
"19/10/2023";"1200";"29,9";"30,1";"28,2";"54,0";"62,0";"54,0";"19,5";"20,2";"19,3";"1011,7";"1011,8";"1011,6";"4,1";"99,0";"8,9";"1532,50";"0,0"
"19/10/2023";"1300";"30,0";"30,2";"29,4";"55,0";"57,0";"52,0";"19,9";"20,2";"19,2";"1011,5";"1011,9";"1011,5";"3,8";"80,0";"7,4";"1235,20";"0,0"
"19/10/2023";"1400";"30,6";"32,5";"29,9";"56,0";"59,0";"48,0";"20,9";"21,6";"19,4";"1010,8";"1011,5";"1010,8";"4,0";"68,0";"7,5";"2372,50";"0,0"
"19/10/2023";"1500";"31,1";"32,4";"30,3";"54,0";"58,0";"51,0";"20,8";"21,5";"20,5";"1009,9";"1010,8";"1009,9";"4,0";"72,0";"7,8";"2499,50";"0,0"
"19/10/2023";"1600";"31,1";"32,2";"30,6";"56,0";"58,0";"53,0";"21,1";"21,9";"20,8";"1009,0";"1009,9";"1009,0";"4,3";"36,0";"9,4";"2428,70";"0,0"
"19/10/2023";"1700";"31,4";"32,1";"29,9";"55,0";"62,0";"54,0";"21,3";"22,2";"21,0";"1008,4";"1009,0";"1008,4";"4,3";"54,0";"9,0";"2222,40";"0,0"
"19/10/2023";"1800";"30,1";"31,5";"29,7";"61,0";"62,0";"55,0";"21,8";"22,2";"21,3";"1008,3";"1008,4";"1008,1";"4,6";"37,0";"9,5";"1883,70";"0,0"
"19/10/2023";"1900";"29,0";"30,1";"29,0";"65,0";"65,0";"61,0";"21,6";"22,3";"21,6";"1008,4";"1008,4";"1008,1";"4,7";"45,0";"8,9";"1192,20";"0,0"
"19/10/2023";"2000";"27,6";"29,2";"27,6";"71,0";"71,0";"64,0";"21,8";"22,2";"21,7";"1009,1";"1009,1";"1008,4";"4,3";"49,0";"8,4";"435,50";"0,0"
"19/10/2023";"2100";"26,8";"27,6";"26,8";"77,0";"77,0";"71,0";"22,4";"22,4";"21,8";"1009,6";"1009,6";"1009,1";"3,2";"53,0";"8,3";"15,20";"0,0"
"19/10/2023";"2200";"26,7";"26,8";"26,7";"76,0";"78,0";"76,0";"22,2";"22,5";"22,2";"1010,2";"1010,2";"1009,6";"3,5";"57,0";"7,9";"";"0,0"
"19/10/2023";"2300";"26,7";"26,8";"26,7";"78,0";"78,0";"74,0";"22,5";"22,5";"21,8";"1010,6";"1010,6";"1010,2";"4,0";"60,0";"8,0";"";"0,0"
"20/10/2023";"0000";"26,7";"26,8";"26,6";"76,0";"79,0";"75,0";"22,0";"22,8";"22,0";"1011,2";"1011,2";"1010,6";"4,1";"64,0";"9,6";"";"0,0"
"20/10/2023";"0100";"26,6";"26,8";"26,6";"78,0";"79,0";"75,0";"22,5";"22,6";"22,0";"1011,2";"1011,4";"1011,2";"4,1";"70,0";"9,3";"";"0,0"
"20/10/2023";"0200";"26,6";"26,8";"26,6";"76,0";"79,0";"76,0";"22,0";"22,7";"22,0";"1010,9";"1011,3";"1010,9";"5,0";"82,0";"8,9";"";"0,0"
"20/10/2023";"0300";"26,3";"26,6";"26,2";"76,0";"77,0";"76,0";"21,7";"22,1";"21,7";"1010,4";"1010,9";"1010,4";"4,3";"87,0";"9,2";"";"0,0"
"20/10/2023";"0400";"26,0";"26,3";"26,0";"77,0";"77,0";"76,0";"21,6";"21,7";"21,5";"1010,0";"1010,4";"1010,0";"4,0";"91,0";"8,8";"";"0,0"
"20/10/2023";"0500";"25,5";"26,0";"25,5";"79,0";"79,0";"77,0";"21,6";"21,7";"21,6";"1009,7";"1010,0";"1009,7";"3,1";"93,0";"7,2";"";"0,0"
"20/10/2023";"0600";"25,1";"25,6";"25,0";"81,0";"81,0";"79,0";"21,5";"21,6";"21,5";"1009,2";"1009,7";"1009,2";"2,7";"94,0";"6,1";"";"0,0"
"20/10/2023";"0700";"24,9";"25,1";"24,8";"82,0";"82,0";"81,0";"21,6";"21,6";"21,5";"1009,4";"1009,4";"1009,2";"2,4";"96,0";"6,2";"";"0,0"
"20/10/2023";"0800";"24,6";"24,9";"24,6";"83,0";"83,0";"82,0";"21,5";"21,6";"21,5";"1009,7";"1009,7";"1009,4";"2,0";"112,0";"4,8";"";"0,0"
"20/10/2023";"0900";"25,7";"25,7";"24,5";"79,0";"83,0";"79,0";"21,8";"21,8";"21,5";"1010,1";"1010,1";"1009,7";"2,9";"105,0";"5,6";"134,00";"0,0"
"20/10/2023";"1000";"27,8";"27,9";"25,7";"66,0";"79,0";"66,0";"21,0";"21,9";"21,0";"1010,4";"1010,6";"1010,1";"5,0";"88,0";"10,5";"741,40";"0,0"
"20/10/2023";"1100";"28,7";"29,0";"27,7";"62,0";"67,0";"61,0";"20,7";"21,1";"20,5";"1010,9";"1011,0";"1010,4";"4,9";"93,0";"10,8";"1485,10";"0,0"
"20/10/2023";"1200";"31,3";"31,3";"28,7";"54,0";"62,0";"54,0";"20,8";"21,2";"20,2";"1010,5";"1010,9";"1010,5";"3,6";"110,0";"9,6";"1896,70";"0,0"
"20/10/2023";"1300";"32,2";"32,6";"30,3";"50,0";"56,0";"49,0";"20,3";"21,3";"20,2";"1010,1";"1010,5";"1010,0";"3,1";"113,0";"9,5";"2425,50";"0,0"
"20/10/2023";"1400";"31,0";"33,0";"30,4";"57,0";"60,0";"47,0";"21,4";"22,3";"19,8";"1009,4";"1010,1";"1009,4";"4,4";"69,0";"7,9";"1880,50";"0,0"
"20/10/2023";"1500";"32,5";"32,9";"31,0";"52,0";"58,0";"52,0";"21,4";"22,0";"20,9";"1008,5";"1009,5";"1008,5";"4,4";"51,0";"8,9";"2300,20";"0,0"
"20/10/2023";"1600";"32,6";"32,6";"31,1";"54,0";"58,0";"52,0";"22,0";"22,3";"21,1";"1007,5";"1008,5";"1007,5";"4,2";"46,0";"9,1";"2716,60";"0,0"
"20/10/2023";"1700";"30,3";"32,7";"30,3";"61,0";"61,0";"53,0";"21,9";"22,4";"21,2";"1007,0";"1007,5";"1007,0";"5,3";"39,0";"10,3";"2475,90";"0,0"
"20/10/2023";"1800";"30,2";"31,0";"29,8";"62,0";"63,0";"60,0";"22,2";"22,5";"21,7";"1006,9";"1007,1";"1006,9";"5,9";"59,0";"10,8";"1879,20";"0,0"
"20/10/2023";"1900";"29,2";"30,6";"29,1";"67,0";"67,0";"61,0";"22,5";"22,5";"22,1";"1007,2";"1007,2";"1006,9";"5,3";"53,0";"11,2";"1176,20";"0,0"
"20/10/2023";"2000";"27,8";"29,2";"27,8";"72,0";"72,0";"67,0";"22,2";"22,5";"22,1";"1007,9";"1007,9";"1007,2";"5,8";"56,0";"11,3";"416,30";"0,0"
"20/10/2023";"2100";"27,3";"27,8";"27,3";"73,0";"73,0";"71,0";"22,1";"22,2";"21,9";"1008,7";"1008,7";"1007,9";"5,0";"56,0";"11,0";"16,60";"0,0"
"20/10/2023";"2200";"27,3";"27,4";"27,3";"74,0";"74,0";"73,0";"22,3";"22,3";"22,0";"1009,3";"1009,3";"1008,6";"6,2";"62,0";"12,2";"";"0,0"
"20/10/2023";"2300";"27,2";"27,3";"27,1";"76,0";"77,0";"74,0";"22,6";"22,7";"22,2";"1010,4";"1010,4";"1009,2";"6,3";"64,0";"13,9";"";"0,0"
"21/10/2023";"0000";"27,3";"27,3";"27,2";"74,0";"76,0";"74,0";"22,2";"22,6";"22,1";"1011,0";"1011,0";"1010,4";"7,0";"71,0";"13,0";"";"0,0"
"21/10/2023";"0100";"27,0";"27,3";"27,0";"72,0";"74,0";"71,0";"21,5";"22,2";"21,5";"1011,2";"1011,3";"1011,0";"4,7";"76,0";"13,2";"";"0,0"
"21/10/2023";"0200";"26,9";"27,0";"26,8";"70,0";"72,0";"70,0";"20,9";"21,5";"20,9";"1010,6";"1011,2";"1010,6";"6,0";"82,0";"11,2";"";"0,0"
"21/10/2023";"0300";"26,4";"26,9";"26,4";"74,0";"75,0";"70,0";"21,4";"21,5";"20,8";"1010,1";"1010,7";"1010,1";"5,3";"86,0";"11,2";"";"0,0"
"21/10/2023";"0400";"25,9";"26,4";"25,9";"75,0";"76,0";"74,0";"21,2";"21,5";"21,2";"1009,7";"1010,1";"1009,7";"4,2";"94,0";"8,4";"";"0,0"
"21/10/2023";"0500";"25,5";"25,9";"25,5";"77,0";"77,0";"75,0";"21,2";"21,3";"21,1";"1009,5";"1009,7";"1009,5";"3,4";"96,0";"8,4";"";"0,0"
"21/10/2023";"0600";"25,0";"25,5";"25,0";"79,0";"79,0";"77,0";"21,1";"21,2";"21,1";"1009,5";"1009,5";"1009,3";"2,3";"99,0";"6,7";"";"0,0"
"21/10/2023";"0700";"24,4";"25,0";"24,4";"83,0";"83,0";"79,0";"21,2";"21,2";"21,1";"1009,8";"1009,8";"1009,5";"1,5";"110,0";"3,9";"";"0,0"
"21/10/2023";"0800";"24,1";"24,4";"24,0";"84,0";"85,0";"83,0";"21,2";"21,3";"21,1";"1010,0";"1010,1";"1009,8";"1,5";"114,0";"3,6";"";"0,0"
"21/10/2023";"0900";"25,6";"25,6";"24,1";"78,0";"84,0";"78,0";"21,4";"21,5";"21,2";"1010,4";"1010,4";"1010,0";"2,6";"95,0";"4,7";"136,90";"0,0"
"21/10/2023";"1000";"27,3";"27,3";"25,6";"69,0";"78,0";"69,0";"21,1";"21,5";"21,0";"1010,7";"1010,7";"1010,4";"5,2";"99,0";"9,9";"709,90";"0,0"
"21/10/2023";"1100";"29,4";"29,7";"27,3";"60,0";"69,0";"59,0";"20,8";"21,2";"20,5";"1010,9";"1011,0";"1010,7";"5,4";"96,0";"10,7";"1534,50";"0,0"
"21/10/2023";"1200";"31,3";"31,7";"28,6";"49,0";"61,0";"49,0";"19,4";"20,8";"19,1";"1010,6";"1011,0";"1010,5";"3,8";"110,0";"10,7";"2305,00";"0,0"
"21/10/2023";"1300";"32,1";"32,7";"30,8";"51,0";"51,0";"45,0";"20,7";"20,7";"18,8";"1009,8";"1010,6";"1009,8";"4,1";"95,0";"10,6";"2537,20";"0,0"
"21/10/2023";"1400";"31,8";"32,3";"30,7";"52,0";"56,0";"50,0";"20,8";"21,5";"20,3";"1009,0";"1009,9";"1009,0";"4,8";"56,0";"10,0";"2285,30";"0,0"
"21/10/2023";"1500";"33,0";"33,1";"31,4";"46,0";"53,0";"46,0";"19,9";"20,9";"19,7";"1008,0";"1009,1";"1007,9";"5,5";"70,0";"10,1";"3058,90";"0,0"
"21/10/2023";"1600";"31,8";"33,2";"31,3";"52,0";"53,0";"45,0";"20,6";"21,2";"19,2";"1007,1";"1008,0";"1007,0";"5,9";"65,0";"11,3";"2889,20";"0,0"
"21/10/2023";"1700";"30,6";"32,7";"30,6";"58,0";"58,0";"50,0";"21,3";"21,7";"20,3";"1006,5";"1007,1";"1006,5";"5,3";"44,0";"11,3";"2482,00";"0,0"
"21/10/2023";"1800";"30,2";"31,4";"29,8";"61,0";"62,0";"57,0";"21,8";"22,3";"21,2";"1006,4";"1006,5";"1006,2";"6,1";"52,0";"11,3";"1845,50";"0,0"
"21/10/2023";"1900";"29,0";"30,3";"29,0";"68,0";"68,0";"61,0";"22,4";"22,5";"21,8";"1006,7";"1006,8";"1006,4";"5,4";"51,0";"11,3";"1159,50";"0,0"
"21/10/2023";"2000";"28,0";"29,2";"28,0";"73,0";"73,0";"67,0";"22,7";"22,7";"22,3";"1007,3";"1007,3";"1006,7";"4,6";"47,0";"10,6";"425,50";"0,0"
"21/10/2023";"2100";"27,2";"28,0";"27,2";"79,0";"79,0";"73,0";"23,2";"23,2";"22,6";"1007,9";"1007,9";"1007,3";"4,4";"50,0";"10,4";"15,30";"0,0"
"21/10/2023";"2200";"27,1";"27,3";"27,1";"79,0";"79,0";"78,0";"23,2";"23,3";"23,1";"1008,6";"1008,6";"1007,9";"4,1";"52,0";"9,6";"";"0,0"
"21/10/2023";"2300";"27,2";"27,2";"27,1";"79,0";"80,0";"79,0";"23,1";"23,3";"23,1";"1009,4";"1009,4";"1008,6";"4,6";"62,0";"10,6";"";"0,0"
"22/10/2023";"0000";"27,2";"27,4";"27,2";"74,0";"79,0";"73,0";"22,1";"23,1";"22,1";"1010,3";"1010,3";"1009,4";"4,4";"75,0";"10,9";"";"0,0"
"22/10/2023";"0100";"26,9";"27,3";"26,9";"74,0";"74,0";"73,0";"21,9";"22,1";"21,7";"1010,6";"1010,6";"1010,3";"4,7";"75,0";"10,5";"";"0,0"
"22/10/2023";"0200";"26,7";"27,0";"26,7";"74,0";"75,0";"72,0";"21,7";"22,0";"21,4";"1010,6";"1010,7";"1010,5";"5,4";"82,0";"10,1";"";"0,0"
"22/10/2023";"0300";"26,2";"26,7";"26,2";"77,0";"77,0";"74,0";"21,8";"21,8";"21,7";"1010,2";"1010,6";"1010,2";"4,2";"88,0";"10,5";"";"0,0"
"22/10/2023";"0400";"25,9";"26,2";"25,9";"78,0";"78,0";"77,0";"21,7";"21,8";"21,7";"1010,0";"1010,2";"1010,0";"4,0";"88,0";"8,0";"";"0,0"
"22/10/2023";"0500";"25,7";"25,9";"25,7";"76,0";"78,0";"76,0";"21,1";"21,7";"21,1";"1009,9";"1010,0";"1009,9";"4,0";"87,0";"7,7";"";"0,0"
"22/10/2023";"0600";"24,9";"25,7";"24,9";"79,0";"79,0";"76,0";"21,1";"21,1";"21,0";"1009,9";"1009,9";"1009,6";"2,3";"94,0";"7,7";"";"0,0"
"22/10/2023";"0700";"24,3";"25,0";"24,3";"82,0";"82,0";"79,0";"21,0";"21,1";"21,0";"1010,4";"1010,4";"1009,9";"1,6";"92,0";"4,9";"";"0,0"
"22/10/2023";"0800";"23,4";"24,3";"23,4";"86,0";"86,0";"82,0";"20,9";"21,0";"20,9";"1010,6";"1010,6";"1010,4";"1,0";"106,0";"2,8";"";"0,0"
"22/10/2023";"0900";"25,3";"25,3";"23,2";"81,0";"87,0";"81,0";"21,8";"21,8";"20,8";"1011,3";"1011,3";"1010,6";"1,2";"94,0";"2,1";"139,00";"0,0"
"22/10/2023";"1000";"27,2";"27,4";"25,3";"70,0";"81,0";"70,0";"21,3";"21,9";"21,3";"1011,7";"1011,7";"1011,3";"5,0";"101,0";"7,9";"731,30";"0,0"
"22/10/2023";"1100";"28,6";"29,0";"27,1";"63,0";"71,0";"62,0";"21,0";"21,6";"20,9";"1011,8";"1011,8";"1011,6";"5,1";"100,0";"8,4";"1286,20";"0,0"
"22/10/2023";"1200";"30,0";"30,0";"28,4";"58,0";"64,0";"58,0";"21,0";"21,3";"20,5";"1011,6";"1011,8";"1011,5";"4,6";"96,0";"10,1";"1412,10";"0,0"
"22/10/2023";"1300";"31,8";"32,2";"30,0";"49,0";"58,0";"49,0";"19,9";"21,1";"19,8";"1010,7";"1011,6";"1010,7";"3,8";"108,0";"9,5";"2355,10";"0,0"
"22/10/2023";"1400";"32,1";"32,1";"30,7";"54,0";"57,0";"50,0";"21,7";"21,7";"20,0";"1009,9";"1010,8";"1009,9";"4,0";"63,0";"8,5";"1967,80";"0,0"
"22/10/2023";"1500";"32,1";"33,2";"31,3";"52,0";"56,0";"50,0";"21,1";"21,6";"20,7";"1008,5";"1009,9";"1008,5";"4,1";"36,0";"8,5";"2796,80";"0,0"
"22/10/2023";"1600";"31,2";"32,8";"30,9";"60,0";"60,0";"51,0";"22,6";"22,6";"21,1";"1007,5";"1008,5";"1007,5";"5,1";"46,0";"9,1";"2684,30";"0,0"
"22/10/2023";"1700";"31,0";"31,2";"30,2";"60,0";"63,0";"58,0";"22,3";"22,8";"21,8";"1006,9";"1007,5";"1006,8";"5,3";"47,0";"9,7";"2317,60";"0,0"
"22/10/2023";"1800";"30,1";"31,0";"29,7";"62,0";"64,0";"59,0";"22,0";"22,5";"21,7";"1006,8";"1006,9";"1006,8";"5,1";"42,0";"10,8";"1779,80";"0,0"
"22/10/2023";"1900";"28,8";"30,5";"28,8";"68,0";"68,0";"62,0";"22,4";"22,6";"21,8";"1007,2";"1007,2";"1006,8";"5,5";"44,0";"12,2";"1115,00";"0,0"
"22/10/2023";"2000";"27,6";"29,0";"27,6";"74,0";"74,0";"68,0";"22,6";"22,7";"22,2";"1007,9";"1007,9";"1007,2";"4,5";"47,0";"11,8";"396,00";"0,0"
"22/10/2023";"2100";"27,1";"27,6";"27,1";"77,0";"77,0";"74,0";"22,6";"22,6";"22,4";"1008,7";"1008,7";"1007,9";"4,3";"46,0";"10,1";"13,70";"0,0"
"22/10/2023";"2200";"26,9";"27,1";"26,9";"78,0";"78,0";"76,0";"22,7";"22,8";"22,5";"1009,1";"1009,2";"1008,7";"5,4";"51,0";"10,1";"";"0,0"
"22/10/2023";"2300";"26,9";"27,0";"26,9";"76,0";"78,0";"76,0";"22,3";"22,7";"22,2";"1009,9";"1009,9";"1009,1";"5,0";"60,0";"11,2";"";"0,0"
"23/10/2023";"0000";"26,9";"27,0";"26,9";"74,0";"76,0";"74,0";"21,8";"22,4";"21,8";"1010,5";"1010,5";"1009,9";"5,5";"69,0";"11,3";"";"0,0"
"23/10/2023";"0100";"26,7";"27,0";"26,6";"74,0";"75,0";"73,0";"21,6";"21,8";"21,4";"1010,7";"1010,8";"1010,4";"5,1";"77,0";"11,3";"";"0,0"
"23/10/2023";"0200";"26,5";"26,7";"26,5";"73,0";"74,0";"72,0";"21,3";"21,7";"21,2";"1010,4";"1010,8";"1010,3";"5,6";"81,0";"10,6";"";"0,0"
"23/10/2023";"0300";"26,2";"26,5";"26,2";"75,0";"75,0";"73,0";"21,4";"21,5";"21,3";"1009,7";"1010,3";"1009,7";"4,5";"83,0";"10,8";"";"0,0"
"23/10/2023";"0400";"25,6";"26,2";"25,6";"75,0";"76,0";"75,0";"21,0";"21,4";"21,0";"1009,3";"1009,7";"1009,3";"3,7";"93,0";"8,2";"";"0,0"
"23/10/2023";"0500";"25,4";"25,7";"25,4";"77,0";"77,0";"75,0";"21,0";"21,1";"21,0";"1008,9";"1009,3";"1008,9";"4,3";"91,0";"7,9";"";"0,0"
"23/10/2023";"0600";"25,1";"25,4";"25,1";"78,0";"78,0";"77,0";"21,0";"21,0";"20,9";"1008,9";"1009,0";"1008,7";"3,5";"97,0";"7,6";"";"0,0"
"23/10/2023";"0700";"24,6";"25,1";"24,6";"81,0";"81,0";"78,0";"21,2";"21,2";"21,1";"1009,5";"1009,5";"1008,8";"2,1";"102,0";"6,5";"";"0,0"
"23/10/2023";"0800";"24,4";"24,7";"24,4";"82,0";"82,0";"81,0";"21,2";"21,3";"21,2";"1010,0";"1010,0";"1009,5";"1,6";"111,0";"4,5";"";"0,0"
"23/10/2023";"0900";"25,5";"25,5";"24,4";"79,0";"83,0";"79,0";"21,6";"21,7";"21,2";"1010,9";"1010,9";"1010,0";"2,7";"111,0";"6,1";"98,40";"0,0"
"23/10/2023";"1000";"26,5";"26,7";"25,5";"72,0";"79,0";"71,0";"21,0";"21,6";"21,0";"1011,8";"1011,8";"1010,9";"4,4";"100,0";"7,5";"546,90";"0,0"
"23/10/2023";"1100";"28,4";"28,5";"26,5";"62,0";"72,0";"62,0";"20,4";"21,4";"20,4";"1012,1";"1012,1";"1011,8";"4,2";"107,0";"8,2";"1110,80";"0,0"
"23/10/2023";"1200";"29,4";"29,4";"28,2";"58,0";"63,0";"58,0";"20,3";"20,6";"19,9";"1012,3";"1012,3";"1012,1";"4,0";"97,0";"8,4";"1161,50";"0,0"
"23/10/2023";"1300";"30,0";"30,7";"29,2";"53,0";"59,0";"52,0";"19,4";"20,4";"19,1";"1011,9";"1012,3";"1011,9";"3,6";"112,0";"9,0";"1610,90";"0,0"
"23/10/2023";"1400";"31,7";"32,4";"30,0";"49,0";"54,0";"45,0";"19,6";"20,2";"18,6";"1010,7";"1011,9";"1010,7";"3,7";"108,0";"9,0";"2579,10";"0,0"
"23/10/2023";"1500";"31,7";"32,6";"30,7";"50,0";"52,0";"47,0";"19,9";"20,5";"19,3";"1009,3";"1010,7";"1009,3";"3,8";"66,0";"9,9";"2316,90";"0,0"
"23/10/2023";"1600";"31,1";"32,5";"31,0";"54,0";"54,0";"49,0";"20,7";"20,9";"19,8";"1008,2";"1009,3";"1008,2";"4,2";"45,0";"8,8";"2038,70";"0,0"
"23/10/2023";"1700";"30,6";"31,9";"30,4";"60,0";"61,0";"51,0";"21,9";"22,4";"20,4";"1007,3";"1008,2";"1007,3";"5,3";"36,0";"9,6";"2470,30";"0,0"
"23/10/2023";"1800";"29,9";"31,3";"29,6";"64,0";"65,0";"60,0";"22,3";"22,7";"21,8";"1007,0";"1007,3";"1006,9";"4,8";"42,0";"9,3";"1725,10";"0,0"
"23/10/2023";"1900";"28,9";"29,9";"28,9";"68,0";"69,0";"64,0";"22,5";"23,0";"22,0";"1006,8";"1007,0";"1006,8";"5,3";"37,0";"9,7";"1253,70";"0,0"
"23/10/2023";"2000";"27,7";"29,0";"27,7";"73,0";"73,0";"68,0";"22,5";"22,8";"22,3";"1007,4";"1007,4";"1006,8";"5,4";"42,0";"10,4";"443,10";"0,0"
"23/10/2023";"2100";"27,0";"27,7";"27,0";"77,0";"77,0";"73,0";"22,6";"22,6";"22,4";"1007,9";"1007,9";"1007,3";"4,6";"49,0";"10,4";"16,50";"0,0"
"23/10/2023";"2200";"27,0";"27,0";"26,9";"76,0";"78,0";"76,0";"22,4";"22,7";"22,4";"1008,7";"1008,7";"1007,9";"3,6";"52,0";"9,7";"";"0,0"
"23/10/2023";"2300";"27,1";"27,2";"27,0";"74,0";"76,0";"74,0";"22,2";"22,5";"22,1";"1009,3";"1009,3";"1008,7";"5,7";"65,0";"10,9";"";"0,0"
"24/10/2023";"0000";"26,9";"27,1";"26,8";"72,0";"75,0";"72,0";"21,5";"22,2";"21,5";"1009,6";"1009,7";"1009,3";"4,6";"68,0";"11,6";"";"0,0"
"24/10/2023";"0100";"26,5";"27,0";"26,5";"75,0";"75,0";"70,0";"21,7";"21,7";"21,1";"1009,3";"1009,6";"1009,3";"3,5";"77,0";"10,7";"";"0,0"
"24/10/2023";"0200";"26,1";"26,5";"26,1";"76,0";"77,0";"74,0";"21,6";"21,8";"21,5";"1009,2";"1009,3";"1009,2";"3,3";"81,0";"7,7";"";"0,0"
"24/10/2023";"0300";"25,6";"26,2";"25,6";"77,0";"79,0";"76,0";"21,4";"21,8";"21,4";"1008,5";"1009,2";"1008,5";"2,8";"82,0";"6,8";"";"0,0"
"24/10/2023";"0400";"25,0";"25,6";"25,0";"80,0";"80,0";"77,0";"21,3";"21,4";"21,2";"1008,1";"1008,5";"1008,1";"2,1";"80,0";"5,8";"";"0,0"
"24/10/2023";"0500";"24,9";"25,2";"24,9";"79,0";"81,0";"78,0";"21,1";"21,4";"21,0";"1008,0";"1008,1";"1007,9";"3,6";"89,0";"6,5";"";"0,0"
"24/10/2023";"0600";"24,1";"24,9";"24,1";"82,0";"82,0";"79,0";"20,8";"21,0";"20,7";"1008,5";"1008,5";"1008,0";"1,6";"106,0";"6,7";"";"0,0"
"24/10/2023";"0700";"23,5";"24,1";"23,5";"85,0";"85,0";"82,0";"20,8";"20,9";"20,7";"1008,9";"1008,9";"1008,5";"1,3";"104,0";"3,7";"";"0,0"
"24/10/2023";"0800";"22,9";"23,5";"22,8";"88,0";"88,0";"85,0";"20,7";"20,8";"20,6";"1009,7";"1009,7";"1008,9";"1,0";"119,0";"2,4";"";"0,0"
"24/10/2023";"0900";"24,8";"24,8";"22,7";"82,0";"89,0";"82,0";"21,6";"21,6";"20,6";"1010,4";"1010,4";"1009,7";"1,1";"110,0";"1,9";"135,80";"0,0"
"24/10/2023";"1000";"27,4";"27,4";"24,8";"67,0";"82,0";"66,0";"20,8";"21,8";"20,4";"1011,1";"1011,2";"1010,4";"3,5";"110,0";"8,1";"788,70";"0,0"
"24/10/2023";"1100";"28,9";"28,9";"27,2";"59,0";"67,0";"59,0";"20,1";"20,8";"20,0";"1011,4";"1011,6";"1011,1";"4,4";"103,0";"9,3";"1347,50";"0,0"
"24/10/2023";"1200";"29,8";"29,9";"28,7";"55,0";"60,0";"55,0";"19,9";"20,7";"19,6";"1011,4";"1011,5";"1011,3";"4,2";"112,0";"9,0";"1896,90";"0,0"
"24/10/2023";"1300";"30,4";"31,0";"29,6";"52,0";"55,0";"51,0";"19,4";"20,3";"19,1";"1010,8";"1011,4";"1010,8";"4,5";"90,0";"9,0";"2001,10";"0,0"
"24/10/2023";"1400";"32,0";"32,0";"30,4";"51,0";"54,0";"51,0";"20,7";"20,8";"19,5";"1010,2";"1010,9";"1010,1";"4,6";"48,0";"8,8";"2294,10";"0,0"
"24/10/2023";"1500";"31,4";"32,6";"31,1";"52,0";"53,0";"48,0";"20,3";"21,0";"20,0";"1009,3";"1010,2";"1009,3";"4,8";"42,0";"9,9";"3079,50";"0,0"
"24/10/2023";"1600";"31,7";"32,2";"30,9";"52,0";"57,0";"49,0";"20,7";"21,7";"20,0";"1008,4";"1009,3";"1008,3";"4,9";"47,0";"9,8";"2838,70";"0,0"
"24/10/2023";"1700";"30,5";"32,1";"30,1";"60,0";"62,0";"51,0";"21,8";"22,3";"20,5";"1007,6";"1008,4";"1007,6";"5,2";"47,0";"10,0";"2439,30";"0,0"
"24/10/2023";"1800";"30,0";"30,9";"29,6";"61,0";"62,0";"56,0";"21,7";"22,4";"20,8";"1007,1";"1007,6";"1007,0";"5,4";"50,0";"10,1";"1840,60";"0,0"
"24/10/2023";"1900";"29,0";"30,2";"29,0";"62,0";"63,0";"59,0";"20,9";"21,6";"20,7";"1007,4";"1007,4";"1007,1";"5,3";"39,0";"10,1";"1168,30";"0,0"
"24/10/2023";"2000";"28,1";"29,2";"28,0";"66,0";"66,0";"61,0";"21,1";"21,2";"20,5";"1007,9";"1007,9";"1007,4";"4,5";"47,0";"9,6";"440,80";"0,0"
"24/10/2023";"2100";"27,1";"28,1";"27,1";"70,0";"70,0";"66,0";"21,2";"21,5";"21,0";"1008,4";"1008,4";"1007,9";"3,5";"42,0";"8,6";"17,10";"0,0"
"24/10/2023";"2200";"26,8";"27,1";"26,8";"73,0";"73,0";"70,0";"21,6";"21,6";"21,2";"1008,4";"1008,5";"1008,3";"4,3";"42,0";"8,4";"";"0,0"
"24/10/2023";"2300";"26,5";"26,8";"26,4";"77,0";"77,0";"73,0";"22,0";"22,1";"21,6";"1008,9";"1009,0";"1008,3";"3,7";"45,0";"9,3";"";"0,0"
"25/10/2023";"0000";"26,2";"26,5";"26,2";"77,0";"77,0";"77,0";"21,9";"22,1";"21,8";"1009,4";"1009,4";"1008,9";"3,3";"53,0";"7,8";"";"0,0"
"25/10/2023";"0100";"26,0";"26,2";"25,9";"76,0";"78,0";"76,0";"21,5";"21,9";"21,5";"1009,6";"1009,7";"1009,4";"2,9";"58,0";"6,8";"";"0,0"
"25/10/2023";"0200";"25,7";"26,0";"25,7";"80,0";"80,0";"76,0";"21,9";"21,9";"21,5";"1009,1";"1009,6";"1009,1";"2,7";"60,0";"6,8";"";"0,0"
"25/10/2023";"0300";"25,4";"25,7";"25,4";"82,0";"82,0";"79,0";"22,1";"22,1";"21,7";"1008,5";"1009,1";"1008,5";"2,3";"72,0";"5,6";"";"0,0"
"25/10/2023";"0400";"25,2";"25,5";"25,2";"82,0";"82,0";"82,0";"22,0";"22,1";"21,9";"1007,5";"1008,5";"1007,5";"2,0";"68,0";"5,2";"";"0,0"
"25/10/2023";"0500";"24,4";"25,2";"24,4";"85,0";"85,0";"82,0";"21,7";"22,0";"21,7";"1007,4";"1007,5";"1007,3";"1,0";"111,0";"3,5";"";"0,0"
"25/10/2023";"0600";"23,5";"24,4";"23,5";"89,0";"89,0";"85,0";"21,6";"21,7";"21,4";"1007,2";"1007,4";"1007,1";"1,6";"101,0";"2,7";"";"0,0"
"25/10/2023";"0700";"23,1";"23,5";"23,1";"89,0";"90,0";"89,0";"21,3";"21,6";"21,3";"1008,0";"1008,0";"1007,2";"1,2";"117,0";"3,2";"";"0,0"
"25/10/2023";"0800";"22,5";"23,1";"22,5";"91,0";"91,0";"89,0";"21,0";"21,3";"21,0";"1008,5";"1008,5";"1007,9";"1,3";"116,0";"2,9";"";"0,0"
"25/10/2023";"0900";"23,9";"23,9";"22,4";"87,0";"92,0";"87,0";"21,7";"21,8";"21,0";"1009,0";"1009,0";"1008,5";"1,7";"121,0";"3,6";"144,30";"0,0"
"25/10/2023";"1000";"27,0";"27,1";"24,0";"71,0";"87,0";"71,0";"21,3";"22,0";"21,3";"1009,8";"1009,8";"1009,0";"3,6";"99,0";"7,5";"813,10";"0,0"
"25/10/2023";"1100";"28,7";"28,9";"27,0";"61,0";"71,0";"61,0";"20,3";"21,4";"20,3";"1010,4";"1010,4";"1009,8";"3,9";"100,0";"7,3";"1511,40";"0,0"
"25/10/2023";"1200";"30,4";"30,7";"28,6";"54,0";"61,0";"53,0";"20,2";"20,9";"19,6";"1010,3";"1010,6";"1010,3";"3,2";"79,0";"7,5";"2309,60";"0,0"
"25/10/2023";"1300";"31,6";"32,1";"29,9";"50,0";"55,0";"49,0";"19,8";"20,6";"19,2";"1009,8";"1010,3";"1009,8";"4,4";"55,0";"7,8";"2824,10";"0,0"
"25/10/2023";"1400";"31,9";"32,9";"30,9";"44,0";"51,0";"44,0";"18,2";"19,9";"18,2";"1009,1";"1009,8";"1009,1";"4,4";"50,0";"9,1";"3080,90";"0,0"
"25/10/2023";"1500";"32,4";"33,3";"31,1";"39,0";"47,0";"35,0";"16,7";"18,7";"15,5";"1008,1";"1009,1";"1008,1";"4,8";"32,0";"9,1";"3112,50";"0,0"
"25/10/2023";"1600";"32,6";"33,1";"31,7";"40,0";"43,0";"38,0";"17,4";"17,7";"15,9";"1006,9";"1008,1";"1006,9";"4,9";"35,0";"9,6";"2883,30";"0,0"
"25/10/2023";"1700";"32,0";"32,7";"31,3";"43,0";"45,0";"38,0";"17,9";"18,5";"16,2";"1006,1";"1006,9";"1006,0";"4,6";"17,0";"9,0";"2513,50";"0,0"
"25/10/2023";"1800";"31,3";"32,1";"30,7";"50,0";"51,0";"42,0";"19,6";"19,6";"17,7";"1005,9";"1006,1";"1005,7";"4,3";"17,0";"9,0";"1920,50";"0,0"
"25/10/2023";"1900";"30,1";"31,3";"30,1";"50,0";"53,0";"47,0";"18,7";"19,9";"17,8";"1006,4";"1006,4";"1005,9";"4,3";"17,0";"8,3";"1200,50";"0,0"
"25/10/2023";"2000";"27,9";"30,1";"27,9";"70,0";"70,0";"50,0";"21,9";"21,9";"18,3";"1006,7";"1006,7";"1006,3";"3,8";"27,0";"8,8";"451,10";"0,0"
"25/10/2023";"2100";"26,7";"27,9";"26,7";"77,0";"77,0";"70,0";"22,3";"22,4";"21,9";"1007,0";"1007,0";"1006,7";"3,4";"34,0";"8,1";"16,70";"0,0"
"25/10/2023";"2200";"26,3";"26,7";"26,3";"78,0";"78,0";"77,0";"22,1";"22,4";"22,0";"1007,4";"1007,4";"1006,9";"3,5";"39,0";"7,1";"";"0,0"
"25/10/2023";"2300";"26,2";"26,3";"26,2";"78,0";"78,0";"77,0";"22,1";"22,1";"21,9";"1007,9";"1007,9";"1007,4";"3,6";"53,0";"7,0";"";"0,0"
"26/10/2023";"0000";"26,3";"26,4";"26,2";"78,0";"79,0";"77,0";"22,1";"22,3";"22,1";"1008,6";"1008,6";"1007,9";"3,5";"49,0";"7,5";"";"0,0"
"26/10/2023";"0100";"26,0";"26,3";"26,0";"79,0";"79,0";"78,0";"22,0";"22,2";"22,0";"1008,7";"1008,8";"1008,6";"2,8";"58,0";"6,7";"";"0,0"
"26/10/2023";"0200";"25,9";"26,1";"25,8";"79,0";"79,0";"78,0";"22,0";"22,0";"21,9";"1008,4";"1008,7";"1008,4";"2,6";"58,0";"6,2";"";"0,0"
"26/10/2023";"0300";"25,9";"26,0";"25,9";"78,0";"79,0";"78,0";"21,6";"22,0";"21,6";"1007,7";"1008,4";"1007,7";"2,7";"60,0";"5,9";"";"0,0"
"26/10/2023";"0400";"25,5";"25,9";"25,5";"80,0";"80,0";"78,0";"21,7";"21,8";"21,6";"1007,0";"1007,7";"1007,0";"2,0";"60,0";"5,7";"";"0,0"
"26/10/2023";"0500";"25,0";"25,5";"25,0";"82,0";"82,0";"80,0";"21,7";"21,8";"21,6";"1006,5";"1007,0";"1006,5";"1,5";"65,0";"4,4";"";"0,0"
"26/10/2023";"0600";"24,4";"25,0";"24,4";"83,0";"83,0";"82,0";"21,4";"21,7";"21,4";"1006,4";"1006,5";"1006,3";"1,7";"57,0";"2,8";"";"0,0"
"26/10/2023";"0700";"24,2";"25,0";"24,2";"83,0";"83,0";"81,0";"21,2";"21,7";"21,2";"1006,7";"1006,7";"1006,3";"1,1";"114,0";"3,9";"";"0,0"
"26/10/2023";"0800";"22,7";"24,2";"22,7";"90,0";"90,0";"83,0";"20,9";"21,2";"20,8";"1006,9";"1006,9";"1006,7";"0,9";"135,0";"2,8";"";"0,0"
"26/10/2023";"0900";"23,1";"23,1";"22,6";"89,0";"91,0";"89,0";"21,2";"21,3";"20,9";"1007,5";"1007,5";"1006,9";"1,0";"146,0";"2,7";"91,90";"0,0"
"26/10/2023";"1000";"27,0";"27,0";"23,1";"76,0";"90,0";"75,0";"22,4";"22,4";"21,2";"1008,0";"1008,0";"1007,5";"2,3";"112,0";"4,0";"789,70";"0,0"
"26/10/2023";"1100";"28,8";"28,8";"26,4";"65,0";"76,0";"65,0";"21,6";"22,3";"21,3";"1008,4";"1008,4";"1008,0";"3,3";"63,0";"7,1";"910,10";"0,0"
"26/10/2023";"1200";"28,7";"29,7";"28,3";"66,0";"67,0";"61,0";"21,7";"22,1";"21,0";"1008,8";"1008,9";"1008,4";"3,1";"64,0";"7,9";"1365,40";"0,0"
"26/10/2023";"1300";"31,3";"31,5";"28,7";"52,0";"66,0";"51,0";"20,2";"21,7";"19,4";"1008,5";"1008,8";"1008,5";"4,2";"65,0";"9,5";"2542,50";"0,0"
"26/10/2023";"1400";"31,1";"31,9";"30,2";"50,0";"55,0";"49,0";"19,5";"20,7";"19,5";"1008,0";"1008,6";"1008,0";"4,7";"62,0";"9,6";"3028,80";"0,0"
"26/10/2023";"1500";"31,7";"32,2";"30,6";"50,0";"52,0";"47,0";"20,0";"20,1";"19,2";"1006,9";"1008,0";"1006,9";"5,0";"43,0";"9,8";"3050,40";"0,0"
"26/10/2023";"1600";"31,2";"32,3";"30,4";"55,0";"56,0";"48,0";"21,1";"21,1";"19,3";"1005,8";"1006,9";"1005,8";"4,7";"33,0";"9,7";"2858,00";"0,0"
"26/10/2023";"1700";"31,2";"31,4";"30,1";"50,0";"57,0";"48,0";"19,4";"21,4";"18,9";"1005,5";"1005,9";"1005,4";"4,6";"39,0";"9,7";"2477,90";"0,0"
"26/10/2023";"1800";"30,0";"31,5";"29,8";"57,0";"59,0";"47,0";"20,5";"21,1";"18,5";"1005,5";"1005,5";"1005,4";"5,5";"37,0";"9,6";"1892,80";"0,0"
"26/10/2023";"1900";"29,1";"30,6";"28,9";"61,0";"62,0";"56,0";"20,8";"21,1";"20,1";"1005,6";"1005,6";"1005,4";"4,6";"43,0";"9,1";"1188,60";"0,0"
"26/10/2023";"2000";"27,7";"29,1";"27,7";"69,0";"69,0";"59,0";"21,5";"21,5";"20,2";"1005,9";"1005,9";"1005,6";"4,0";"33,0";"8,6";"447,80";"0,0"
"26/10/2023";"2100";"26,6";"27,7";"26,6";"76,0";"76,0";"67,0";"22,0";"22,0";"20,9";"1006,4";"1006,4";"1005,9";"3,4";"44,0";"7,8";"18,10";"0,0"
"26/10/2023";"2200";"26,4";"26,6";"26,3";"76,0";"77,0";"76,0";"21,9";"22,3";"21,9";"1006,8";"1006,8";"1006,4";"3,3";"50,0";"8,6";"";"0,0"
"26/10/2023";"2300";"26,2";"26,4";"26,2";"77,0";"78,0";"76,0";"21,9";"22,1";"21,9";"1007,5";"1007,5";"1006,8";"3,1";"59,0";"8,6";"";"0,0"
"27/10/2023";"0000";"26,1";"26,3";"26,1";"76,0";"78,0";"76,0";"21,6";"21,9";"21,6";"1008,1";"1008,1";"1007,5";"3,4";"51,0";"8,3";"";"0,0"
"27/10/2023";"0100";"26,0";"26,2";"25,9";"77,0";"78,0";"76,0";"21,7";"21,8";"21,5";"1008,4";"1008,4";"1008,0";"3,2";"58,0";"7,7";"";"0,0"
"27/10/2023";"0200";"25,8";"26,2";"25,8";"80,0";"80,0";"77,0";"22,0";"22,1";"21,7";"1007,9";"1008,4";"1007,9";"2,5";"66,0";"6,3";"";"0,0"
"27/10/2023";"0300";"25,6";"26,1";"25,6";"79,0";"80,0";"77,0";"21,6";"22,0";"21,6";"1007,4";"1007,9";"1007,4";"2,7";"76,0";"7,0";"";"0,0"
"27/10/2023";"0400";"24,8";"25,6";"24,8";"82,0";"82,0";"79,0";"21,6";"21,7";"21,5";"1006,8";"1007,4";"1006,8";"1,3";"101,0";"4,8";"";"0,0"
"27/10/2023";"0500";"23,7";"24,8";"23,7";"87,0";"87,0";"82,0";"21,4";"21,6";"21,2";"1006,5";"1006,8";"1006,5";"1,0";"117,0";"2,3";"";"0,0"
"27/10/2023";"0600";"23,3";"23,7";"23,1";"90,0";"90,0";"87,0";"21,6";"21,6";"21,2";"1006,3";"1006,5";"1006,2";"1,5";"100,0";"2,4";"";"0,0"
"27/10/2023";"0700";"23,1";"23,3";"23,0";"91,0";"91,0";"90,0";"21,6";"21,7";"21,5";"1006,8";"1006,8";"1006,3";"1,4";"91,0";"2,7";"";"0,0"
"27/10/2023";"0800";"23,5";"23,5";"22,9";"90,0";"92,0";"90,0";"21,9";"21,9";"21,4";"1007,4";"1007,4";"1006,8";"2,3";"94,0";"3,6";"";"0,0"
"27/10/2023";"0900";"24,6";"24,6";"23,5";"86,0";"90,0";"86,0";"22,0";"22,0";"21,6";"1008,2";"1008,2";"1007,4";"0,9";"153,0";"4,0";"145,90";"0,0"
"27/10/2023";"1000";"28,1";"28,1";"24,6";"68,0";"86,0";"68,0";"21,7";"22,8";"21,4";"1009,1";"1009,1";"1008,2";"3,9";"88,0";"7,3";"806,70";"0,0"
"27/10/2023";"1100";"29,2";"30,1";"28,0";"63,0";"68,0";"61,0";"21,4";"21,9";"21,0";"1009,4";"1009,5";"1009,0";"4,9";"80,0";"9,6";"1524,70";"0,0"
"27/10/2023";"1200";"31,5";"31,8";"29,1";"51,0";"64,0";"51,0";"20,0";"21,7";"19,6";"1009,4";"1009,6";"1009,4";"5,1";"76,0";"10,0";"2074,20";"0,0"
"27/10/2023";"1300";"31,7";"32,3";"30,9";"52,0";"54,0";"48,0";"20,5";"20,7";"19,5";"1009,2";"1009,5";"1009,1";"5,7";"56,0";"9,5";"2782,50";"0,0"
"27/10/2023";"1400";"32,7";"32,9";"31,4";"48,0";"55,0";"47,0";"20,3";"21,6";"19,6";"1008,5";"1009,2";"1008,5";"6,0";"51,0";"11,5";"3076,50";"0,0"
"27/10/2023";"1500";"32,8";"33,4";"31,8";"44,0";"51,0";"43,0";"19,1";"20,6";"18,9";"1007,6";"1008,6";"1007,6";"5,8";"62,0";"11,6";"3084,40";"0,0"
"27/10/2023";"1600";"32,5";"32,9";"31,7";"49,0";"52,0";"44,0";"20,6";"20,8";"18,9";"1006,5";"1007,6";"1006,5";"6,1";"54,0";"11,4";"2848,80";"0,0"
"27/10/2023";"1700";"31,2";"32,7";"30,9";"57,0";"57,0";"49,0";"21,5";"21,8";"20,2";"1005,6";"1006,5";"1005,6";"6,3";"45,0";"11,6";"2461,00";"0,0"
"27/10/2023";"1800";"30,8";"31,9";"30,5";"57,0";"60,0";"53,0";"21,3";"21,8";"20,9";"1005,4";"1005,7";"1005,3";"6,1";"54,0";"11,6";"1882,70";"0,0"
"27/10/2023";"1900";"30,0";"31,1";"29,9";"60,0";"62,0";"56,0";"21,3";"22,0";"21,0";"1005,3";"1005,5";"1005,3";"5,4";"54,0";"9,8";"1187,50";"0,0"
"27/10/2023";"2000";"28,6";"30,0";"28,6";"68,0";"68,0";"59,0";"22,0";"22,0";"21,0";"1005,7";"1005,7";"1005,3";"3,9";"57,0";"11,0";"443,90";"0,0"
"27/10/2023";"2100";"27,4";"28,6";"27,4";"77,0";"77,0";"68,0";"23,0";"23,0";"22,0";"1006,1";"1006,1";"1005,6";"3,6";"46,0";"7,6";"20,60";"0,0"
"27/10/2023";"2200";"27,2";"27,4";"27,1";"77,0";"79,0";"77,0";"22,9";"23,2";"22,8";"1006,5";"1006,5";"1006,1";"3,1";"47,0";"6,8";"";"0,0"
"27/10/2023";"2300";"27,6";"27,6";"27,2";"75,0";"78,0";"75,0";"22,8";"23,0";"22,8";"1007,1";"1007,1";"1006,5";"3,8";"59,0";"8,0";"";"0,0"
"28/10/2023";"0000";"27,5";"27,7";"27,5";"77,0";"77,0";"75,0";"23,2";"23,2";"22,8";"1007,8";"1007,8";"1007,1";"4,1";"69,0";"9,4";"";"0,0"
"28/10/2023";"0100";"27,4";"27,5";"27,4";"74,0";"78,0";"73,0";"22,2";"23,2";"22,2";"1008,1";"1008,2";"1007,8";"5,2";"74,0";"10,2";"";"0,0"
"28/10/2023";"0200";"26,8";"27,4";"26,8";"73,0";"74,0";"71,0";"21,5";"22,3";"21,3";"1008,2";"1008,3";"1008,1";"3,8";"81,0";"10,8";"";"0,0"
"28/10/2023";"0300";"26,2";"26,8";"26,2";"76,0";"76,0";"73,0";"21,7";"21,7";"21,5";"1008,1";"1008,3";"1008,1";"3,6";"90,0";"7,5";"";"0,0"
"28/10/2023";"0400";"25,7";"26,3";"25,6";"78,0";"79,0";"76,0";"21,7";"21,8";"21,7";"1007,7";"1008,1";"1007,6";"2,6";"99,0";"7,5";"";"0,0"
"28/10/2023";"0500";"25,2";"25,7";"25,2";"80,0";"80,0";"78,0";"21,6";"21,7";"21,5";"1007,3";"1007,7";"1007,3";"2,2";"100,0";"4,9";"";"0,0"
"28/10/2023";"0600";"24,7";"25,2";"24,7";"83,0";"83,0";"80,0";"21,6";"21,6";"21,5";"1006,8";"1007,3";"1006,8";"2,3";"96,0";"4,4";"";"0,0"
"28/10/2023";"0700";"24,9";"24,9";"24,4";"84,0";"85,0";"83,0";"21,9";"21,9";"21,6";"1007,3";"1007,3";"1006,8";"1,3";"107,0";"3,7";"";"0,0"
"28/10/2023";"0800";"25,7";"25,8";"24,9";"77,0";"84,0";"77,0";"21,4";"22,0";"21,4";"1007,8";"1007,8";"1007,3";"4,6";"94,0";"7,7";"";"0,0"
"28/10/2023";"0900";"26,1";"26,1";"25,4";"75,0";"78,0";"75,0";"21,4";"21,5";"21,3";"1008,3";"1008,3";"1007,8";"2,6";"94,0";"7,7";"145,70";"0,0"
"28/10/2023";"1000";"28,0";"28,0";"26,1";"66,0";"75,0";"65,0";"21,0";"21,4";"20,5";"1009,0";"1009,0";"1008,3";"5,0";"99,0";"11,0";"799,90";"0,0"
"28/10/2023";"1100";"29,8";"30,0";"27,7";"52,0";"65,0";"52,0";"18,9";"20,9";"18,9";"1009,1";"1009,2";"1008,9";"5,5";"97,0";"10,5";"1510,30";"0,0"
"28/10/2023";"1200";"31,3";"31,5";"29,7";"49,0";"52,0";"47,0";"19,4";"19,5";"18,3";"1008,9";"1009,1";"1008,8";"5,4";"96,0";"11,8";"1959,80";"0,0"
"28/10/2023";"1300";"31,8";"32,4";"30,6";"53,0";"53,0";"46,0";"21,0";"21,0";"18,8";"1008,7";"1009,0";"1008,7";"5,0";"81,0";"11,3";"2506,10";"0,0"
"28/10/2023";"1400";"32,3";"32,8";"30,8";"50,0";"55,0";"49,0";"20,5";"21,4";"20,5";"1008,2";"1008,7";"1008,1";"5,8";"69,0";"10,2";"2814,30";"0,0"
"28/10/2023";"1500";"33,1";"33,4";"32,0";"46,0";"50,0";"45,0";"19,9";"20,7";"19,5";"1007,1";"1008,2";"1007,1";"4,8";"53,0";"10,3";"3099,40";"0,0"
"28/10/2023";"1600";"32,0";"33,5";"31,5";"53,0";"53,0";"43,0";"21,3";"21,3";"19,1";"1006,1";"1007,1";"1006,1";"5,3";"34,0";"11,6";"2834,80";"0,0"
"28/10/2023";"1700";"30,8";"32,6";"30,7";"60,0";"60,0";"50,0";"22,1";"22,3";"20,5";"1005,7";"1006,2";"1005,7";"5,7";"32,0";"9,9";"2434,10";"0,0"
"28/10/2023";"1800";"30,8";"31,2";"30,2";"59,0";"62,0";"59,0";"21,8";"22,5";"21,8";"1005,0";"1005,8";"1005,0";"6,0";"55,0";"12,1";"1840,20";"0,0"
"28/10/2023";"1900";"29,9";"31,2";"29,9";"57,0";"59,0";"54,0";"20,4";"21,6";"20,3";"1004,6";"1005,0";"1004,4";"6,5";"61,0";"12,3";"1119,20";"0,0"
"28/10/2023";"2000";"28,7";"29,9";"28,7";"64,0";"64,0";"57,0";"21,1";"21,2";"20,4";"1004,9";"1005,0";"1004,6";"5,7";"60,0";"13,0";"380,00";"0,0"
"28/10/2023";"2100";"27,9";"28,7";"27,9";"71,0";"71,0";"64,0";"22,2";"22,2";"21,1";"1005,7";"1005,7";"1004,9";"5,3";"60,0";"10,9";"14,50";"0,0"
"28/10/2023";"2200";"27,9";"27,9";"27,7";"74,0";"75,0";"71,0";"22,7";"22,8";"22,2";"1006,3";"1006,3";"1005,6";"4,9";"57,0";"13,0";"";"0,0"
"28/10/2023";"2300";"28,3";"28,4";"27,9";"64,0";"74,0";"64,0";"20,9";"22,8";"20,9";"1007,1";"1007,1";"1006,3";"6,4";"73,0";"12,0";"";"0,0"
"29/10/2023";"0000";"27,6";"28,4";"27,6";"65,0";"66,0";"63,0";"20,3";"21,0";"20,3";"1008,0";"1008,1";"1007,1";"5,6";"82,0";"13,4";"";"0,0"
"29/10/2023";"0100";"27,0";"27,7";"27,0";"68,0";"68,0";"64,0";"20,7";"20,7";"20,3";"1008,4";"1008,4";"1008,0";"5,9";"79,0";"11,2";"";"0,0"
"29/10/2023";"0200";"26,4";"27,0";"26,4";"71,0";"71,0";"68,0";"20,8";"20,9";"20,7";"1008,2";"1008,4";"1008,2";"5,3";"83,0";"11,1";"";"0,0"
"29/10/2023";"0300";"25,9";"26,4";"25,8";"72,0";"73,0";"71,0";"20,4";"20,9";"20,4";"1007,9";"1008,2";"1007,9";"4,4";"84,0";"9,4";"";"0,0"
"29/10/2023";"0400";"25,2";"25,9";"25,2";"74,0";"74,0";"72,0";"20,3";"20,4";"20,3";"1007,4";"1008,0";"1007,4";"2,4";"97,0";"8,5";"";"0,0"
"29/10/2023";"0500";"24,9";"25,3";"24,9";"76,0";"76,0";"74,0";"20,4";"20,5";"20,3";"1007,0";"1007,4";"1006,9";"2,6";"96,0";"7,0";"";"0,0"
"29/10/2023";"0600";"24,7";"24,9";"24,4";"75,0";"78,0";"75,0";"20,1";"20,5";"20,1";"1007,1";"1007,1";"1007,0";"2,4";"110,0";"7,0";"";"0,0"
"29/10/2023";"0700";"24,3";"24,9";"24,3";"77,0";"77,0";"74,0";"20,1";"20,2";"20,0";"1007,4";"1007,4";"1007,1";"1,7";"116,0";"5,7";"";"0,0"
"29/10/2023";"0800";"24,3";"24,4";"24,1";"77,0";"78,0";"77,0";"20,0";"20,3";"20,0";"1007,6";"1007,6";"1007,3";"1,8";"108,0";"6,1";"";"0,0"
"29/10/2023";"0900";"25,3";"25,3";"23,8";"75,0";"79,0";"75,0";"20,6";"20,6";"19,9";"1008,6";"1008,6";"1007,6";"1,6";"119,0";"3,9";"143,40";"0,0"
"29/10/2023";"1000";"27,7";"27,9";"25,3";"60,0";"75,0";"59,0";"19,1";"20,6";"19,1";"1009,2";"1009,2";"1008,6";"3,3";"129,0";"8,0";"790,80";"0,0"
"29/10/2023";"1100";"28,7";"29,4";"27,6";"57,0";"61,0";"56,0";"19,5";"19,9";"19,0";"1009,9";"1010,0";"1009,2";"4,2";"106,0";"8,6";"1498,20";"0,0"
"29/10/2023";"1200";"29,9";"30,9";"28,7";"50,0";"58,0";"48,0";"18,3";"19,7";"18,2";"1010,1";"1010,1";"1009,9";"4,3";"117,0";"8,6";"1634,10";"0,0"
"29/10/2023";"1300";"32,7";"32,7";"29,9";"38,0";"50,0";"38,0";"16,4";"18,6";"16,2";"1009,6";"1010,2";"1009,6";"4,3";"118,0";"10,6";"2793,80";"0,0"
"29/10/2023";"1400";"33,8";"34,2";"32,3";"34,0";"38,0";"34,0";"15,8";"16,7";"15,7";"1008,7";"1009,6";"1008,6";"5,4";"93,0";"9,9";"2813,10";"0,0"
"29/10/2023";"1500";"34,3";"34,6";"32,8";"38,0";"41,0";"33,0";"17,9";"18,2";"15,2";"1007,3";"1008,7";"1007,3";"4,3";"60,0";"11,0";"2818,10";"0,0"
"29/10/2023";"1600";"33,9";"34,9";"33,4";"38,0";"39,0";"37,0";"17,5";"18,1";"17,2";"1006,1";"1007,3";"1006,1";"5,0";"68,0";"9,9";"2890,80";"0,0"
"29/10/2023";"1700";"32,3";"34,2";"32,2";"47,0";"47,0";"37,0";"19,6";"19,6";"17,1";"1005,3";"1006,1";"1005,2";"5,2";"43,0";"10,2";"2441,90";"0,0"
"29/10/2023";"1800";"30,9";"32,9";"30,8";"53,0";"54,0";"46,0";"20,2";"20,8";"19,5";"1005,1";"1005,3";"1005,1";"5,7";"35,0";"10,4";"1833,80";"0,0"
"29/10/2023";"1900";"29,9";"31,1";"29,8";"61,0";"62,0";"51,0";"21,7";"21,9";"19,9";"1005,1";"1005,2";"1005,0";"5,0";"53,0";"10,8";"1165,90";"0,0"
"29/10/2023";"2000";"28,5";"29,9";"28,5";"68,0";"69,0";"61,0";"22,1";"22,2";"21,7";"1005,3";"1005,3";"1005,1";"4,7";"56,0";"10,8";"406,30";"0,0"
"29/10/2023";"2100";"27,8";"28,5";"27,8";"72,0";"72,0";"68,0";"22,3";"22,3";"22,0";"1005,5";"1005,5";"1005,2";"4,0";"48,0";"8,4";"19,30";"0,0"
"29/10/2023";"2200";"27,9";"27,9";"27,6";"74,0";"76,0";"72,0";"22,8";"23,1";"22,3";"1005,9";"1005,9";"1005,5";"4,0";"47,0";"8,9";"";"0,0"
"29/10/2023";"2300";"28,2";"28,3";"27,8";"68,0";"74,0";"68,0";"21,8";"22,8";"21,8";"1006,7";"1006,8";"1005,9";"4,7";"70,0";"10,3";"";"0,0"
"30/10/2023";"0000";"27,7";"28,3";"27,7";"66,0";"68,0";"66,0";"20,9";"21,7";"20,9";"1007,4";"1007,4";"1006,7";"4,8";"79,0";"11,5";"";"0,0"
"30/10/2023";"0100";"27,1";"27,8";"27,1";"66,0";"67,0";"64,0";"20,1";"20,7";"20,1";"1007,8";"1007,8";"1007,4";"4,6";"87,0";"10,6";"";"0,0"
"30/10/2023";"0200";"26,4";"27,1";"26,4";"67,0";"67,0";"65,0";"19,7";"20,1";"19,7";"1007,4";"1007,8";"1007,4";"3,6";"88,0";"9,1";"";"0,0"
"30/10/2023";"0300";"26,0";"26,4";"26,0";"66,0";"68,0";"65,0";"19,1";"19,7";"19,0";"1007,2";"1007,4";"1007,2";"4,2";"91,0";"7,6";"";"0,0"
"30/10/2023";"0400";"25,4";"26,0";"25,3";"71,0";"71,0";"66,0";"19,8";"19,8";"19,1";"1006,8";"1007,2";"1006,8";"3,4";"91,0";"7,4";"";"0,0"
"30/10/2023";"0500";"24,8";"25,4";"24,8";"73,0";"73,0";"71,0";"19,7";"19,8";"19,7";"1006,4";"1006,8";"1006,4";"2,6";"93,0";"6,0";"";"0,0"
"30/10/2023";"0600";"24,4";"24,8";"24,4";"74,0";"75,0";"73,0";"19,6";"19,7";"19,6";"1006,4";"1006,4";"1006,2";"2,4";"94,0";"4,9";"";"0,0"
"30/10/2023";"0700";"24,2";"24,4";"24,1";"74,0";"75,0";"74,0";"19,3";"19,6";"19,3";"1006,6";"1006,6";"1006,3";"2,4";"110,0";"5,1";"";"0,0"
"30/10/2023";"0800";"23,5";"24,2";"23,5";"76,0";"76,0";"74,0";"19,2";"19,3";"19,2";"1007,4";"1007,4";"1006,6";"1,8";"110,0";"5,1";"";"0,0"
"30/10/2023";"0900";"25,0";"25,0";"23,3";"72,0";"78,0";"72,0";"19,5";"19,6";"19,1";"1008,4";"1008,4";"1007,4";"1,9";"112,0";"4,3";"144,40";"0,0"
"30/10/2023";"1000";"27,5";"27,6";"25,0";"59,0";"72,0";"59,0";"18,9";"19,7";"18,9";"1008,7";"1008,8";"1008,3";"3,6";"116,0";"7,9";"802,10";"0,0"
"30/10/2023";"1100";"29,0";"29,1";"27,3";"54,0";"60,0";"54,0";"18,8";"19,0";"18,6";"1009,3";"1009,3";"1008,7";"5,7";"93,0";"10,2";"1591,10";"0,0"
"30/10/2023";"1200";"30,5";"30,8";"28,9";"49,0";"55,0";"48,0";"18,5";"19,2";"18,4";"1009,5";"1009,6";"1009,2";"4,2";"114,0";"10,2";"2285,00";"0,0"
"30/10/2023";"1300";"32,2";"32,6";"30,3";"41,0";"50,0";"41,0";"17,4";"18,9";"17,4";"1009,3";"1009,5";"1009,3";"3,1";"133,0";"8,3";"2741,90";"0,0"
"30/10/2023";"1400";"33,0";"33,4";"31,7";"36,0";"43,0";"36,0";"16,1";"18,2";"15,9";"1008,0";"1009,3";"1008,0";"4,2";"102,0";"8,8";"3035,30";"0,0"
"30/10/2023";"1500";"33,4";"34,2";"32,8";"40,0";"40,0";"31,0";"17,8";"18,1";"14,5";"1006,7";"1008,0";"1006,7";"4,4";"55,0";"9,0";"3091,60";"0,0"
"30/10/2023";"1600";"33,4";"34,3";"32,8";"38,0";"40,0";"37,0";"17,3";"18,1";"17,1";"1005,9";"1006,8";"1005,9";"5,0";"52,0";"10,7";"2847,00";"0,0"
"30/10/2023";"1700";"31,6";"33,9";"31,6";"50,0";"50,0";"37,0";"19,9";"20,2";"16,8";"1005,4";"1005,9";"1005,4";"5,1";"35,0";"9,6";"2459,40";"0,0"
"30/10/2023";"1800";"30,6";"32,1";"30,3";"57,0";"57,0";"48,0";"21,0";"21,0";"19,1";"1005,4";"1005,5";"1005,3";"5,4";"35,0";"9,2";"1873,20";"0,0"
"30/10/2023";"1900";"29,5";"30,8";"29,4";"57,0";"60,0";"54,0";"20,0";"21,1";"19,5";"1005,4";"1005,5";"1005,3";"6,3";"41,0";"10,6";"1188,10";"0,0"
"30/10/2023";"2000";"28,1";"29,8";"28,1";"63,0";"63,0";"55,0";"20,3";"20,7";"19,5";"1005,8";"1005,8";"1005,4";"5,5";"46,0";"10,8";"436,60";"0,0"
"30/10/2023";"2100";"27,0";"28,1";"27,0";"76,0";"76,0";"63,0";"22,4";"22,4";"20,4";"1006,2";"1006,3";"1005,8";"4,1";"52,0";"10,1";"19,80";"0,0"
"30/10/2023";"2200";"26,8";"27,0";"26,8";"78,0";"78,0";"76,0";"22,6";"22,7";"22,3";"1006,9";"1006,9";"1006,2";"3,6";"51,0";"8,5";"";"0,0"
"30/10/2023";"2300";"26,7";"26,9";"26,6";"79,0";"80,0";"77,0";"22,7";"22,9";"22,5";"1007,6";"1007,6";"1006,9";"3,7";"52,0";"8,4";"";"0,0"
"31/10/2023";"0000";"26,7";"26,7";"26,6";"77,0";"79,0";"77,0";"22,4";"22,6";"22,3";"1008,1";"1008,1";"1007,6";"4,5";"61,0";"8,5";"";"0,0"
"31/10/2023";"0100";"26,6";"26,7";"26,6";"73,0";"78,0";"73,0";"21,4";"22,5";"21,4";"1008,2";"1008,4";"1008,1";"4,1";"63,0";"8,5";"";"0,0"
"31/10/2023";"0200";"26,3";"26,6";"26,3";"71,0";"73,0";"71,0";"20,8";"21,4";"20,8";"1008,1";"1008,3";"1008,0";"3,3";"59,0";"7,5";"";"0,0"
"31/10/2023";"0300";"26,0";"26,4";"26,0";"74,0";"74,0";"71,0";"21,1";"21,1";"20,8";"1007,5";"1008,1";"1007,5";"3,1";"69,0";"7,5";"";"0,0"
"31/10/2023";"0400";"25,8";"26,1";"25,7";"72,0";"75,0";"72,0";"20,4";"21,2";"20,4";"1007,0";"1007,5";"1007,0";"3,5";"80,0";"6,9";"";"0,0"
"31/10/2023";"0500";"25,3";"25,8";"25,3";"74,0";"74,0";"72,0";"20,4";"20,5";"20,3";"1006,5";"1007,0";"1006,5";"3,6";"89,0";"6,9";"";"0,0"
"31/10/2023";"0600";"24,8";"25,3";"24,8";"77,0";"77,0";"74,0";"20,5";"20,6";"20,4";"1006,5";"1006,6";"1006,5";"3,3";"89,0";"6,8";"";"0,0"
"31/10/2023";"0700";"24,2";"24,8";"24,2";"79,0";"79,0";"77,0";"20,4";"20,6";"20,4";"1006,7";"1006,8";"1006,5";"2,3";"80,0";"6,4";"";"0,0"
"31/10/2023";"0800";"24,0";"24,2";"24,0";"81,0";"81,0";"79,0";"20,5";"20,5";"20,4";"1007,3";"1007,3";"1006,7";"2,7";"90,0";"5,6";"0,10";"0,0"
"31/10/2023";"0900";"24,9";"24,9";"23,9";"78,0";"81,0";"78,0";"20,8";"20,8";"20,5";"1007,7";"1007,7";"1007,2";"2,5";"93,0";"4,7";"175,50";"0,0"
"31/10/2023";"1000";"26,7";"27,0";"24,9";"67,0";"78,0";"67,0";"20,2";"20,9";"20,1";"1008,3";"1008,3";"1007,6";"4,1";"101,0";"8,9";"850,20";"0,0"
"31/10/2023";"1100";"28,9";"28,9";"26,7";"59,0";"68,0";"59,0";"20,2";"20,5";"19,9";"1008,9";"1008,9";"1008,2";"2,8";"114,0";"8,9";"1607,70";"0,0"
"31/10/2023";"1200";"30,4";"30,6";"28,6";"53,0";"59,0";"52,0";"19,6";"20,3";"19,2";"1009,1";"1009,2";"1008,9";"3,1";"93,0";"6,1";"2261,70";"0,0"
"31/10/2023";"1300";"30,9";"31,9";"30,1";"53,0";"54,0";"46,0";"20,2";"20,7";"18,7";"1008,6";"1009,1";"1008,6";"2,6";"48,0";"6,0";"2595,40";"0,0"
"31/10/2023";"1400";"32,8";"32,8";"30,6";"47,0";"55,0";"47,0";"20,1";"21,0";"19,6";"1007,6";"1008,6";"1007,6";"2,2";"18,0";"6,0";"2893,10";"0,0"
"31/10/2023";"1500";"33,8";"33,9";"32,2";"40,0";"49,0";"40,0";"18,4";"20,4";"18,4";"1006,7";"1007,7";"1006,7";"3,9";"55,0";"9,1";"3091,40";"0,0"
"31/10/2023";"1600";"33,6";"33,9";"32,5";"36,0";"42,0";"35,0";"16,3";"18,4";"16,3";"1005,4";"1006,7";"1005,3";"5,1";"35,0";"9,5";"2846,70";"0,0"
"31/10/2023";"1700";"32,9";"33,9";"32,6";"39,0";"39,0";"33,0";"17,0";"17,3";"14,9";"1004,2";"1005,4";"1004,2";"5,1";"43,0";"9,5";"2439,80";"0,0"
"31/10/2023";"1800";"31,2";"33,5";"30,9";"52,0";"53,0";"38,0";"20,2";"20,3";"16,5";"1004,0";"1004,2";"1003,9";"6,0";"41,0";"10,3";"1812,70";"0,0"
"31/10/2023";"1900";"29,4";"31,3";"29,4";"63,0";"63,0";"52,0";"21,6";"21,8";"20,0";"1003,9";"1004,0";"1003,8";"5,0";"43,0";"10,5";"1127,90";"0,0"
"31/10/2023";"2000";"27,8";"29,4";"27,8";"72,0";"72,0";"63,0";"22,3";"22,4";"21,6";"1004,5";"1004,5";"1003,8";"3,7";"45,0";"9,9";"392,40";"0,0"
"31/10/2023";"2100";"26,9";"27,8";"26,9";"77,0";"77,0";"72,0";"22,6";"22,6";"22,1";"1005,2";"1005,2";"1004,4";"4,3";"48,0";"8,3";"18,50";"0,0"
"31/10/2023";"2200";"26,7";"26,9";"26,7";"77,0";"78,0";"77,0";"22,4";"22,7";"22,3";"1006,0";"1006,0";"1005,2";"4,8";"50,0";"8,6";"";"0,0"
"31/10/2023";"2300";"26,7";"26,8";"26,7";"79,0";"80,0";"77,0";"22,8";"22,9";"22,4";"1006,9";"1006,9";"1006,0";"4,6";"58,0";"10,1";"";"0,0"
"01/11/2023";"0000";"26,9";"26,9";"26,7";"78,0";"80,0";"78,0";"22,7";"22,9";"22,7";"1007,6";"1007,6";"1006,9";"5,2";"64,0";"11,0";"";"0,0"
"01/11/2023";"0100";"26,9";"27,0";"26,9";"77,0";"78,0";"77,0";"22,6";"22,8";"22,5";"1008,1";"1008,2";"1007,6";"4,5";"62,0";"11,0";"";"0,0"
"01/11/2023";"0200";"27,0";"27,1";"26,9";"77,0";"78,0";"76,0";"22,5";"22,8";"22,5";"1007,9";"1008,2";"1007,9";"4,1";"59,0";"10,5";"";"0,0"
"01/11/2023";"0300";"27,0";"27,0";"26,9";"76,0";"78,0";"76,0";"22,4";"22,8";"22,3";"1007,3";"1007,9";"1007,3";"5,0";"72,0";"9,4";"";"0,0"
"01/11/2023";"0400";"26,7";"27,0";"26,6";"76,0";"76,0";"75,0";"22,0";"22,4";"21,8";"1007,0";"1007,3";"1006,9";"3,9";"64,0";"9,4";"";"0,0"
"01/11/2023";"0500";"26,5";"26,8";"26,5";"76,0";"76,0";"75,0";"21,9";"22,2";"21,9";"1006,8";"1007,0";"1006,7";"3,2";"69,0";"7,4";"";"0,0"
"01/11/2023";"0600";"25,3";"26,6";"25,3";"83,0";"83,0";"76,0";"22,1";"22,2";"21,9";"1007,1";"1007,1";"1006,7";"1,6";"115,0";"6,6";"";"0,0"
"01/11/2023";"0700";"25,7";"25,7";"25,2";"80,0";"84,0";"80,0";"21,9";"22,3";"21,9";"1007,8";"1007,8";"1007,1";"1,2";"129,0";"3,4";"";"0,0"
"01/11/2023";"0800";"25,7";"25,8";"25,7";"78,0";"80,0";"78,0";"21,6";"21,9";"21,6";"1008,4";"1008,4";"1007,8";"2,0";"112,0";"4,9";"0,20";"0,0"
"01/11/2023";"0900";"25,9";"25,9";"25,5";"77,0";"79,0";"77,0";"21,6";"21,7";"21,5";"1008,9";"1008,9";"1008,3";"1,3";"97,0";"4,8";"57,60";"0,0"
"01/11/2023";"1000";"26,7";"27,3";"25,8";"72,0";"77,0";"71,0";"21,3";"21,9";"21,3";"1009,5";"1009,5";"1008,9";"3,1";"94,0";"5,9";"443,00";"0,0"
"01/11/2023";"1100";"27,9";"28,0";"26,7";"67,0";"72,0";"67,0";"21,3";"21,6";"21,1";"1010,1";"1010,1";"1009,5";"3,0";"88,0";"7,1";"663,40";"0,0"
"01/11/2023";"1200";"28,9";"28,9";"27,3";"65,0";"72,0";"65,0";"21,6";"21,9";"21,3";"1010,3";"1010,4";"1010,1";"3,6";"74,0";"7,0";"959,90";"0,0"
"01/11/2023";"1300";"31,2";"31,9";"28,8";"55,0";"65,0";"52,0";"21,0";"21,6";"20,4";"1009,4";"1010,3";"1009,4";"5,0";"61,0";"9,8";"2509,30";"0,0"
"01/11/2023";"1400";"31,3";"31,9";"30,3";"50,0";"58,0";"49,0";"19,8";"21,4";"19,5";"1008,7";"1009,4";"1008,7";"5,3";"61,0";"9,7";"2880,80";"0,0"
"01/11/2023";"1500";"32,0";"32,8";"30,8";"50,0";"54,0";"47,0";"20,2";"20,6";"19,6";"1007,8";"1008,7";"1007,8";"4,8";"55,0";"9,6";"3007,00";"0,0"
"01/11/2023";"1600";"32,4";"32,8";"31,2";"48,0";"51,0";"47,0";"20,2";"20,5";"19,0";"1006,7";"1007,8";"1006,7";"4,5";"52,0";"9,7";"2751,40";"0,0"
"01/11/2023";"1700";"31,3";"32,6";"30,8";"53,0";"55,0";"49,0";"20,7";"21,4";"19,6";"1005,8";"1006,7";"1005,8";"4,4";"32,0";"10,2";"2381,80";"0,0"
"01/11/2023";"1800";"30,4";"32,2";"30,3";"59,0";"59,0";"51,0";"21,4";"21,5";"20,1";"1005,5";"1005,9";"1005,4";"4,8";"33,0";"9,9";"1809,20";"0,0"
"01/11/2023";"1900";"29,7";"30,8";"29,3";"65,0";"65,0";"58,0";"22,4";"22,4";"21,0";"1006,0";"1006,0";"1005,5";"4,4";"33,0";"8,2";"1153,10";"0,0"
"01/11/2023";"2000";"28,3";"29,8";"28,2";"72,0";"72,0";"64,0";"22,7";"22,8";"21,7";"1006,7";"1006,7";"1006,0";"4,1";"40,0";"7,8";"435,20";"0,0"
"01/11/2023";"2100";"27,4";"28,2";"27,4";"78,0";"78,0";"72,0";"23,1";"23,1";"22,7";"1007,4";"1007,4";"1006,7";"2,6";"31,0";"7,1";"21,70";"0,0"
"01/11/2023";"2200";"27,3";"27,5";"27,2";"79,0";"80,0";"78,0";"23,4";"23,5";"23,1";"1008,0";"1008,0";"1007,4";"3,4";"29,0";"6,2";"";"0,0"
"01/11/2023";"2300";"27,0";"27,3";"27,0";"81,0";"82,0";"79,0";"23,5";"23,6";"23,4";"1008,1";"1008,2";"1007,9";"3,1";"37,0";"7,1";"";"0,0"
"02/11/2023";"0000";"26,8";"27,0";"26,8";"82,0";"83,0";"81,0";"23,6";"23,7";"23,5";"1008,6";"1008,7";"1008,1";"3,0";"44,0";"7,4";"";"0,0"
"02/11/2023";"0100";"26,7";"26,8";"26,7";"84,0";"84,0";"82,0";"23,8";"23,8";"23,6";"1008,6";"1008,7";"1008,6";"2,8";"46,0";"6,2";"";"0,0"
"02/11/2023";"0200";"26,9";"26,9";"26,7";"83,0";"85,0";"83,0";"23,7";"24,0";"23,7";"1008,4";"1008,7";"1008,4";"3,0";"51,0";"6,1";"";"0,0"
"02/11/2023";"0300";"26,9";"26,9";"26,7";"84,0";"84,0";"82,0";"23,9";"23,9";"23,6";"1007,6";"1008,4";"1007,6";"2,8";"55,0";"7,2";"";"0,0"
"02/11/2023";"0400";"26,7";"26,9";"26,6";"84,0";"85,0";"84,0";"23,8";"24,0";"23,7";"1007,0";"1007,6";"1007,0";"3,1";"59,0";"6,6";"";"0,0"
"02/11/2023";"0500";"25,9";"26,7";"25,8";"91,0";"91,0";"84,0";"24,3";"24,3";"23,7";"1006,8";"1007,0";"1006,8";"2,5";"63,0";"6,1";"";"1,0"
"02/11/2023";"0600";"25,6";"25,9";"25,5";"91,0";"92,0";"91,0";"24,0";"24,5";"24,0";"1007,0";"1007,1";"1006,7";"2,5";"68,0";"5,5";"";"0,2"
"02/11/2023";"0700";"25,6";"25,7";"25,5";"87,0";"91,0";"87,0";"23,3";"24,0";"23,3";"1007,9";"1007,9";"1007,0";"2,1";"68,0";"5,6";"";"0,0"
"02/11/2023";"0800";"25,3";"25,6";"25,3";"88,0";"89,0";"87,0";"23,3";"23,3";"23,1";"1008,4";"1008,4";"1007,9";"1,4";"62,0";"3,8";"";"0,0"
"02/11/2023";"0900";"26,3";"26,3";"25,3";"86,0";"89,0";"86,0";"23,8";"23,8";"23,3";"1008,8";"1008,8";"1008,4";"2,2";"77,0";"4,1";"110,20";"0,0"
"02/11/2023";"1000";"28,2";"28,3";"26,4";"71,0";"86,0";"71,0";"22,5";"24,1";"22,5";"1009,3";"1009,3";"1008,8";"5,5";"65,0";"9,4";"847,30";"0,0"
"02/11/2023";"1100";"29,2";"29,3";"28,1";"69,0";"74,0";"67,0";"22,9";"23,4";"22,4";"1009,5";"1009,5";"1009,3";"5,1";"59,0";"9,8";"1401,40";"0,0"
"02/11/2023";"1200";"29,8";"30,0";"29,0";"66,0";"69,0";"66,0";"22,6";"23,5";"22,4";"1009,9";"1010,0";"1009,5";"5,3";"56,0";"10,1";"1800,40";"0,0"
"02/11/2023";"1300";"30,1";"30,8";"29,1";"63,0";"68,0";"61,0";"22,2";"23,0";"21,9";"1009,5";"1010,0";"1009,5";"5,3";"53,0";"11,1";"2096,10";"0,0"
"02/11/2023";"1400";"31,0";"31,4";"29,9";"61,0";"65,0";"59,0";"22,5";"23,1";"21,9";"1009,1";"1009,6";"1009,0";"5,9";"43,0";"10,9";"2639,70";"0,0"
"02/11/2023";"1500";"31,9";"32,6";"30,5";"54,0";"61,0";"54,0";"21,4";"22,8";"21,4";"1008,4";"1009,1";"1008,3";"5,2";"59,0";"11,3";"3186,30";"0,0"
"02/11/2023";"1600";"31,0";"32,3";"30,4";"56,0";"60,0";"54,0";"21,3";"22,4";"21,1";"1007,6";"1008,4";"1007,5";"5,7";"53,0";"10,2";"2422,10";"0,0"
"02/11/2023";"1700";"30,7";"31,6";"30,3";"60,0";"63,0";"54,0";"22,0";"22,6";"21,0";"1006,7";"1007,6";"1006,6";"5,7";"55,0";"10,3";"2163,00";"0,0"
"02/11/2023";"1800";"30,9";"31,5";"30,4";"60,0";"61,0";"57,0";"22,3";"22,4";"21,5";"1006,3";"1006,7";"1006,2";"4,0";"45,0";"10,9";"1788,40";"0,0"
"02/11/2023";"1900";"29,2";"31,3";"29,2";"68,0";"69,0";"59,0";"22,8";"23,1";"21,9";"1006,8";"1006,9";"1006,2";"4,8";"56,0";"9,0";"1202,60";"0,0"
"02/11/2023";"2000";"28,4";"29,5";"28,3";"73,0";"74,0";"67,0";"23,0";"23,3";"22,7";"1007,0";"1007,0";"1006,8";"3,6";"38,0";"8,8";"436,20";"0,0"
"02/11/2023";"2100";"27,4";"28,3";"27,4";"78,0";"78,0";"73,0";"23,3";"23,3";"22,9";"1007,6";"1007,6";"1007,0";"2,6";"48,0";"7,1";"17,90";"0,0"
"02/11/2023";"2200";"27,1";"27,4";"27,1";"80,0";"80,0";"78,0";"23,3";"23,4";"23,2";"1007,7";"1007,7";"1007,6";"2,6";"48,0";"6,3";"";"0,0"
"02/11/2023";"2300";"27,1";"27,1";"27,0";"82,0";"82,0";"80,0";"23,7";"23,7";"23,3";"1008,3";"1008,4";"1007,7";"3,2";"49,0";"6,3";"";"0,0"
"03/11/2023";"0000";"27,2";"27,3";"27,1";"82,0";"82,0";"80,0";"23,7";"23,8";"23,5";"1009,0";"1009,1";"1008,3";"3,2";"53,0";"7,4";"";"0,0"
"03/11/2023";"0100";"27,0";"27,2";"26,9";"81,0";"82,0";"80,0";"23,5";"23,8";"23,4";"1009,1";"1009,2";"1009,0";"3,2";"58,0";"7,1";"";"0,0"
"03/11/2023";"0200";"26,9";"27,0";"26,8";"82,0";"82,0";"80,0";"23,5";"23,5";"23,3";"1008,6";"1009,1";"1008,6";"2,9";"55,0";"7,4";"";"0,0"
"03/11/2023";"0300";"26,9";"27,0";"26,9";"82,0";"82,0";"81,0";"23,5";"23,6";"23,3";"1008,2";"1008,6";"1008,2";"3,4";"63,0";"8,0";"";"0,0"
"03/11/2023";"0400";"26,7";"26,9";"26,7";"81,0";"82,0";"81,0";"23,2";"23,5";"23,2";"1007,9";"1008,2";"1007,8";"2,8";"63,0";"6,6";"";"0,0"
"03/11/2023";"0500";"26,8";"26,8";"26,6";"82,0";"82,0";"80,0";"23,5";"23,5";"23,1";"1007,8";"1007,9";"1007,7";"2,7";"76,0";"6,5";"";"0,0"
"03/11/2023";"0600";"26,5";"26,8";"26,5";"82,0";"82,0";"81,0";"23,1";"23,5";"23,0";"1007,8";"1007,8";"1007,7";"2,7";"74,0";"5,7";"";"0,0"
"03/11/2023";"0700";"26,5";"26,7";"26,4";"82,0";"82,0";"81,0";"23,2";"23,3";"22,8";"1008,5";"1008,5";"1007,8";"3,0";"89,0";"7,2";"";"0,0"
"03/11/2023";"0800";"25,6";"26,5";"25,6";"86,0";"86,0";"82,0";"23,1";"23,2";"22,9";"1008,9";"1008,9";"1008,5";"1,7";"108,0";"5,3";"";"0,0"
"03/11/2023";"0900";"26,3";"26,3";"25,3";"85,0";"88,0";"85,0";"23,6";"23,6";"23,0";"1009,1";"1009,1";"1008,9";"1,5";"118,0";"3,1";"158,20";"0,0"
"03/11/2023";"1000";"28,3";"28,3";"26,3";"75,0";"85,0";"75,0";"23,3";"23,7";"23,1";"1009,7";"1009,7";"1009,1";"3,4";"86,0";"6,4";"740,90";"0,0"
"03/11/2023";"1100";"29,2";"29,4";"28,2";"67,0";"74,0";"67,0";"22,6";"23,5";"22,3";"1010,2";"1010,2";"1009,7";"4,3";"70,0";"8,3";"973,40";"0,0"
"03/11/2023";"1200";"30,7";"31,1";"29,1";"60,0";"68,0";"58,0";"22,0";"22,9";"21,6";"1009,9";"1010,2";"1009,8";"5,7";"75,0";"11,2";"1939,10";"0,0"
"03/11/2023";"1300";"31,9";"32,5";"30,5";"52,0";"60,0";"50,0";"20,7";"22,1";"20,2";"1009,8";"1009,9";"1009,6";"6,5";"74,0";"11,1";"2852,10";"0,0"
"03/11/2023";"1400";"32,3";"32,9";"31,5";"49,0";"54,0";"48,0";"20,2";"21,4";"20,0";"1009,4";"1009,8";"1009,4";"6,1";"63,0";"11,7";"3111,60";"0,0"
"03/11/2023";"1500";"32,4";"33,3";"30,9";"49,0";"56,0";"47,0";"20,3";"21,5";"19,6";"1008,7";"1009,4";"1008,7";"5,2";"46,0";"11,1";"2604,20";"0,0"
"03/11/2023";"1600";"31,7";"33,2";"31,1";"52,0";"55,0";"46,0";"20,8";"21,5";"19,6";"1007,9";"1008,7";"1007,9";"5,8";"41,0";"11,5";"2974,60";"0,0"
"03/11/2023";"1700";"31,4";"32,4";"31,0";"55,0";"56,0";"51,0";"21,3";"22,0";"20,6";"1007,4";"1008,0";"1007,3";"5,7";"40,0";"10,9";"2427,20";"0,0"
"03/11/2023";"1800";"30,7";"32,0";"30,5";"56,0";"59,0";"52,0";"21,0";"21,9";"20,5";"1007,0";"1007,4";"1007,0";"6,1";"35,0";"11,8";"1888,40";"0,0"
"03/11/2023";"1900";"30,2";"31,3";"30,0";"60,0";"60,0";"54,0";"21,6";"21,7";"20,6";"1007,3";"1007,3";"1007,0";"5,1";"47,0";"11,8";"1187,80";"0,0"
"03/11/2023";"2000";"28,4";"30,2";"28,4";"72,0";"72,0";"60,0";"23,0";"23,0";"21,5";"1007,8";"1007,8";"1007,2";"5,1";"38,0";"9,4";"438,70";"0,0"
"03/11/2023";"2100";"27,6";"28,4";"27,6";"77,0";"77,0";"72,0";"23,2";"23,3";"23,0";"1008,1";"1008,1";"1007,7";"3,6";"49,0";"8,7";"18,20";"0,0"
"03/11/2023";"2200";"27,3";"27,6";"27,3";"80,0";"80,0";"77,0";"23,5";"23,5";"23,2";"1008,6";"1008,6";"1008,1";"3,1";"56,0";"7,6";"";"0,0"
"03/11/2023";"2300";"27,2";"27,3";"27,2";"79,0";"80,0";"79,0";"23,3";"23,5";"23,3";"1009,0";"1009,0";"1008,6";"4,2";"57,0";"8,2";"";"0,0"
"04/11/2023";"0000";"27,2";"27,3";"27,2";"80,0";"81,0";"79,0";"23,4";"23,6";"23,3";"1009,4";"1009,4";"1009,0";"4,2";"58,0";"8,7";"";"0,0"
"04/11/2023";"0100";"27,2";"27,3";"27,2";"79,0";"80,0";"78,0";"23,3";"23,6";"23,2";"1009,5";"1009,6";"1009,2";"3,8";"62,0";"8,9";"";"0,0"
"04/11/2023";"0200";"27,1";"27,3";"27,1";"79,0";"79,0";"78,0";"23,1";"23,3";"23,0";"1009,0";"1009,5";"1009,0";"3,8";"69,0";"8,5";"";"0,0"
"04/11/2023";"0300";"26,9";"27,1";"26,9";"79,0";"80,0";"78,0";"22,9";"23,1";"22,9";"1008,2";"1009,0";"1008,2";"3,4";"68,0";"8,2";"";"0,0"
"04/11/2023";"0400";"26,8";"26,9";"26,7";"79,0";"80,0";"79,0";"22,9";"23,1";"22,8";"1007,5";"1008,2";"1007,5";"3,9";"59,0";"7,1";"";"0,0"
"04/11/2023";"0500";"26,6";"26,8";"26,6";"79,0";"79,0";"78,0";"22,7";"22,9";"22,6";"1007,2";"1007,6";"1007,2";"2,6";"68,0";"7,1";"";"0,0"
"04/11/2023";"0600";"26,6";"26,6";"26,4";"81,0";"82,0";"79,0";"23,1";"23,1";"22,7";"1007,0";"1007,2";"1006,9";"2,4";"78,0";"5,0";"";"0,0"
"04/11/2023";"0700";"25,3";"26,6";"25,3";"85,0";"85,0";"79,0";"22,6";"23,0";"22,4";"1007,5";"1007,5";"1007,0";"1,1";"137,0";"4,9";"";"0,0"
"04/11/2023";"0800";"24,8";"25,3";"24,8";"88,0";"88,0";"85,0";"22,7";"22,7";"22,6";"1008,3";"1008,3";"1007,5";"1,1";"150,0";"2,3";"0,10";"0,0"
"04/11/2023";"0900";"25,8";"25,8";"24,8";"85,0";"89,0";"85,0";"23,1";"23,2";"22,7";"1008,8";"1008,8";"1008,3";"1,3";"137,0";"2,5";"164,50";"0,0"
"04/11/2023";"1000";"27,9";"28,0";"25,9";"75,0";"85,0";"74,0";"23,0";"23,3";"22,9";"1009,5";"1009,5";"1008,8";"3,4";"94,0";"6,1";"730,80";"0,0"
"04/11/2023";"1100";"29,1";"29,5";"27,8";"66,0";"74,0";"64,0";"22,1";"23,3";"21,8";"1009,8";"1009,8";"1009,4";"3,9";"94,0";"7,2";"1094,50";"0,0"
"04/11/2023";"1200";"29,8";"30,6";"29,1";"61,0";"66,0";"59,0";"21,4";"22,4";"21,3";"1009,7";"1009,9";"1009,7";"4,3";"65,0";"7,8";"1336,50";"0,0"
"04/11/2023";"1300";"31,8";"32,6";"29,8";"50,0";"61,0";"48,0";"20,1";"21,9";"19,7";"1009,6";"1009,7";"1009,5";"4,9";"67,0";"10,0";"2656,20";"0,0"
"04/11/2023";"1400";"32,0";"32,4";"31,3";"51,0";"54,0";"49,0";"20,6";"21,6";"20,0";"1009,1";"1009,6";"1009,0";"5,0";"42,0";"9,0";"3038,60";"0,0"
"04/11/2023";"1500";"31,9";"33,2";"31,4";"48,0";"52,0";"45,0";"19,7";"21,1";"19,4";"1007,9";"1009,1";"1007,9";"5,0";"43,0";"9,3";"3116,70";"0,0"
"04/11/2023";"1600";"31,9";"33,4";"31,8";"51,0";"51,0";"44,0";"20,5";"20,8";"18,8";"1006,7";"1007,9";"1006,6";"5,2";"23,0";"10,4";"2907,60";"0,0"
"04/11/2023";"1700";"31,4";"33,2";"31,4";"53,0";"55,0";"47,0";"20,6";"21,9";"20,0";"1006,1";"1006,7";"1006,0";"4,4";"32,0";"10,4";"2498,60";"0,0"
"04/11/2023";"1800";"31,2";"32,4";"31,1";"54,0";"55,0";"51,0";"20,8";"21,6";"20,4";"1005,5";"1006,1";"1005,4";"5,0";"28,0";"9,8";"1908,00";"0,0"
"04/11/2023";"1900";"29,9";"31,5";"29,9";"66,0";"66,0";"54,0";"22,8";"22,8";"20,8";"1005,7";"1005,8";"1005,5";"4,4";"50,0";"9,6";"1202,30";"0,0"
"04/11/2023";"2000";"28,5";"29,9";"28,5";"72,0";"72,0";"66,0";"22,9";"23,3";"22,6";"1006,1";"1006,1";"1005,7";"3,9";"48,0";"8,7";"449,70";"0,0"
"04/11/2023";"2100";"27,5";"28,5";"27,5";"79,0";"79,0";"71,0";"23,5";"23,5";"22,7";"1006,5";"1006,5";"1006,1";"3,3";"46,0";"8,3";"18,30";"0,0"
"04/11/2023";"2200";"27,3";"27,5";"27,2";"80,0";"80,0";"79,0";"23,6";"23,6";"23,4";"1006,7";"1006,8";"1006,5";"3,8";"55,0";"8,3";"";"0,0"
"04/11/2023";"2300";"27,4";"27,4";"27,2";"80,0";"80,0";"79,0";"23,5";"23,6";"23,4";"1007,6";"1007,6";"1006,7";"3,7";"48,0";"8,3";"";"0,0"
"05/11/2023";"0000";"27,3";"27,4";"27,2";"80,0";"80,0";"79,0";"23,4";"23,6";"23,4";"1008,0";"1008,1";"1007,6";"3,7";"58,0";"8,8";"";"0,0"
"05/11/2023";"0100";"27,2";"27,3";"27,2";"79,0";"80,0";"79,0";"23,3";"23,5";"23,3";"1007,8";"1008,0";"1007,8";"3,8";"60,0";"8,5";"";"0,0"
"05/11/2023";"0200";"27,0";"27,2";"26,9";"79,0";"81,0";"79,0";"23,1";"23,4";"22,9";"1007,3";"1007,8";"1007,3";"3,1";"57,0";"8,3";"";"0,0"
"05/11/2023";"0300";"26,9";"27,0";"26,8";"80,0";"81,0";"79,0";"23,2";"23,3";"23,1";"1007,4";"1007,4";"1007,2";"3,4";"71,0";"7,8";"";"0,0"
"05/11/2023";"0400";"26,9";"26,9";"26,7";"81,0";"81,0";"80,0";"23,3";"23,3";"23,0";"1006,4";"1007,4";"1006,4";"2,9";"72,0";"6,9";"";"0,0"
"05/11/2023";"0500";"26,5";"26,9";"26,5";"80,0";"81,0";"79,0";"22,8";"23,3";"22,8";"1006,3";"1006,4";"1006,3";"2,9";"84,0";"7,4";"";"0,0"
"05/11/2023";"0600";"26,2";"26,6";"26,2";"82,0";"82,0";"80,0";"22,9";"23,0";"22,8";"1006,3";"1006,5";"1006,3";"2,5";"94,0";"4,9";"";"0,0"
"05/11/2023";"0700";"26,0";"26,2";"25,9";"83,0";"83,0";"82,0";"22,9";"22,9";"22,7";"1006,7";"1006,7";"1006,3";"1,8";"104,0";"4,0";"";"0,0"
"05/11/2023";"0800";"25,3";"26,2";"25,3";"83,0";"83,0";"81,0";"22,2";"22,9";"22,2";"1007,2";"1007,2";"1006,7";"1,9";"106,0";"5,0";"";"0,0"
"05/11/2023";"0900";"26,1";"26,1";"25,1";"80,0";"84,0";"80,0";"22,5";"22,6";"22,1";"1007,9";"1007,9";"1007,2";"2,7";"108,0";"6,1";"203,50";"0,0"
"05/11/2023";"1000";"28,7";"28,7";"26,1";"68,0";"80,0";"68,0";"22,2";"22,6";"21,9";"1008,6";"1008,6";"1007,9";"3,9";"88,0";"7,8";"798,80";"0,0"
"05/11/2023";"1100";"29,4";"30,2";"28,6";"61,0";"68,0";"59,0";"21,2";"22,4";"21,0";"1008,9";"1008,9";"1008,6";"4,4";"81,0";"8,1";"1470,20";"0,0"
"05/11/2023";"1200";"30,7";"31,7";"29,2";"55,0";"63,0";"52,0";"20,6";"21,7";"20,5";"1008,8";"1009,0";"1008,8";"3,7";"61,0";"8,4";"1994,20";"0,0"
"05/11/2023";"1300";"32,3";"32,4";"30,0";"51,0";"56,0";"50,0";"20,9";"21,4";"19,8";"1008,5";"1008,8";"1008,4";"5,0";"53,0";"9,5";"2426,00";"0,0"
"05/11/2023";"1400";"31,3";"32,7";"30,9";"51,0";"55,0";"47,0";"20,0";"21,2";"19,5";"1008,0";"1008,6";"1007,9";"4,5";"42,0";"10,8";"3028,40";"0,0"
"05/11/2023";"1500";"31,9";"32,7";"31,1";"52,0";"54,0";"48,0";"20,8";"21,0";"19,8";"1006,9";"1008,0";"1006,9";"4,2";"40,0";"10,0";"3104,80";"0,0"
"05/11/2023";"1600";"31,5";"32,6";"31,2";"52,0";"54,0";"49,0";"20,6";"21,0";"19,4";"1005,8";"1006,9";"1005,8";"5,5";"32,0";"9,8";"2803,90";"0,0"
"05/11/2023";"1700";"31,8";"32,7";"31,2";"51,0";"54,0";"47,0";"20,4";"21,4";"19,2";"1005,4";"1005,9";"1005,3";"4,7";"27,0";"9,8";"2491,20";"0,0"
"05/11/2023";"1800";"30,8";"32,6";"30,3";"59,0";"60,0";"49,0";"21,8";"22,0";"20,1";"1005,5";"1005,6";"1005,3";"4,3";"14,0";"9,4";"1889,80";"0,0"
"05/11/2023";"1900";"29,7";"31,2";"29,6";"64,0";"64,0";"55,0";"22,1";"22,3";"20,4";"1005,7";"1005,7";"1005,4";"4,5";"21,0";"8,7";"1181,60";"0,0"
"05/11/2023";"2000";"28,2";"29,9";"28,2";"71,0";"71,0";"62,0";"22,6";"22,8";"21,7";"1006,3";"1006,3";"1005,7";"4,8";"31,0";"8,8";"436,50";"0,0"
"05/11/2023";"2100";"27,5";"28,2";"27,5";"77,0";"77,0";"71,0";"23,2";"23,2";"22,6";"1007,3";"1007,3";"1006,3";"3,3";"39,0";"8,9";"20,00";"0,0"
"05/11/2023";"2200";"27,4";"27,6";"27,4";"78,0";"78,0";"77,0";"23,2";"23,3";"22,9";"1008,0";"1008,0";"1007,3";"4,6";"44,0";"8,6";"";"0,0"
"05/11/2023";"2300";"27,4";"27,5";"27,3";"78,0";"78,0";"76,0";"23,2";"23,3";"22,8";"1008,9";"1008,9";"1008,0";"3,6";"49,0";"8,6";"";"0,0"
"06/11/2023";"0000";"27,3";"27,5";"27,3";"79,0";"79,0";"77,0";"23,2";"23,4";"22,9";"1009,6";"1009,6";"1008,9";"3,8";"53,0";"8,3";"";"0,0"
"06/11/2023";"0100";"27,1";"27,4";"27,1";"77,0";"79,0";"76,0";"22,6";"23,3";"22,5";"1009,4";"1009,6";"1009,4";"3,8";"56,0";"8,5";"";"0,0"
"06/11/2023";"0200";"26,9";"27,1";"26,9";"77,0";"78,0";"76,0";"22,5";"22,8";"22,4";"1009,3";"1009,5";"1009,2";"3,5";"56,0";"8,4";"";"0,0"
"06/11/2023";"0300";"27,2";"27,2";"26,9";"76,0";"77,0";"76,0";"22,6";"22,7";"22,4";"1008,8";"1009,3";"1008,8";"4,2";"57,0";"7,9";"";"0,0"
"06/11/2023";"0400";"27,1";"27,2";"27,0";"76,0";"77,0";"76,0";"22,5";"22,8";"22,4";"1008,2";"1008,8";"1008,2";"4,0";"56,0";"8,7";"";"0,0"
"06/11/2023";"0500";"27,1";"27,1";"27,0";"76,0";"76,0";"75,0";"22,4";"22,5";"22,3";"1008,0";"1008,2";"1008,0";"3,8";"60,0";"7,5";"";"0,0"
"06/11/2023";"0600";"26,9";"27,1";"26,8";"75,0";"76,0";"74,0";"22,1";"22,4";"21,9";"1007,8";"1008,0";"1007,7";"2,9";"65,0";"7,2";"";"0,0"
"06/11/2023";"0700";"26,1";"27,1";"26,1";"81,0";"81,0";"74,0";"22,5";"22,5";"21,9";"1008,2";"1008,2";"1007,8";"1,8";"121,0";"6,0";"";"0,0"
"06/11/2023";"0800";"25,4";"26,1";"25,3";"84,0";"84,0";"81,0";"22,4";"22,5";"22,4";"1008,4";"1008,4";"1008,2";"1,7";"102,0";"3,6";"0,10";"0,0"
"06/11/2023";"0900";"25,9";"25,9";"25,4";"82,0";"84,0";"81,0";"22,5";"22,6";"22,4";"1008,9";"1008,9";"1008,2";"1,7";"116,0";"3,6";"112,00";"0,0"
"06/11/2023";"1000";"28,3";"28,3";"25,9";"72,0";"82,0";"72,0";"22,8";"23,0";"22,5";"1009,7";"1009,7";"1008,9";"3,7";"106,0";"6,7";"603,60";"0,0"
"06/11/2023";"1100";"29,5";"30,1";"27,8";"63,0";"72,0";"62,0";"21,8";"22,7";"21,8";"1010,2";"1010,2";"1009,7";"4,5";"73,0";"8,5";"1373,40";"0,0"
"06/11/2023";"1200";"30,3";"31,2";"29,1";"59,0";"67,0";"58,0";"21,4";"22,5";"21,2";"1010,0";"1010,2";"1009,9";"5,2";"70,0";"9,9";"1907,00";"0,0"
"06/11/2023";"1300";"30,3";"30,7";"29,4";"57,0";"63,0";"57,0";"20,9";"22,1";"20,8";"1010,1";"1010,2";"1010,0";"5,9";"74,0";"10,5";"1704,60";"0,0"
"06/11/2023";"1400";"30,7";"32,3";"30,4";"57,0";"57,0";"48,0";"21,1";"21,3";"19,1";"1009,6";"1010,1";"1009,6";"5,0";"73,0";"13,3";"2309,30";"0,0"
"06/11/2023";"1500";"30,7";"32,0";"30,0";"54,0";"57,0";"52,0";"20,3";"21,2";"20,0";"1008,7";"1009,7";"1008,7";"4,8";"55,0";"9,7";"2019,90";"0,0"
"06/11/2023";"1600";"31,4";"32,4";"30,5";"55,0";"57,0";"49,0";"21,2";"21,4";"20,2";"1007,8";"1008,7";"1007,8";"4,7";"43,0";"9,3";"2661,40";"0,0"
"06/11/2023";"1700";"31,5";"31,8";"30,4";"55,0";"58,0";"54,0";"21,5";"21,7";"20,6";"1007,2";"1007,9";"1007,1";"4,2";"51,0";"9,3";"2283,00";"0,0"
"06/11/2023";"1800";"30,8";"31,6";"30,4";"59,0";"60,0";"54,0";"21,9";"22,1";"20,5";"1007,1";"1007,2";"1006,9";"4,8";"42,0";"8,9";"1856,20";"0,0"
"06/11/2023";"1900";"29,2";"30,9";"28,9";"68,0";"68,0";"59,0";"22,6";"22,6";"21,5";"1007,4";"1007,4";"1007,1";"4,5";"46,0";"9,2";"1003,60";"0,0"
"06/11/2023";"2000";"28,0";"29,2";"28,0";"70,0";"71,0";"67,0";"22,1";"22,6";"21,8";"1007,8";"1007,9";"1007,4";"4,5";"41,0";"9,9";"363,70";"0,0"
"06/11/2023";"2100";"27,5";"28,0";"27,5";"74,0";"74,0";"69,0";"22,3";"22,3";"21,8";"1008,6";"1008,6";"1007,8";"4,0";"49,0";"8,4";"13,60";"0,0"
"06/11/2023";"2200";"27,2";"27,5";"27,2";"75,0";"75,0";"74,0";"22,4";"22,6";"22,3";"1009,2";"1009,2";"1008,6";"4,1";"49,0";"7,9";"";"0,0"
"06/11/2023";"2300";"27,2";"27,2";"27,1";"73,0";"75,0";"72,0";"21,8";"22,4";"21,7";"1009,7";"1009,7";"1009,1";"4,2";"53,0";"8,5";"";"0,0"
"07/11/2023";"0000";"27,0";"27,2";"27,0";"77,0";"77,0";"73,0";"22,6";"22,6";"21,8";"1010,4";"1010,4";"1009,7";"3,2";"59,0";"8,5";"";"0,0"
"07/11/2023";"0100";"27,1";"27,1";"27,0";"73,0";"78,0";"73,0";"21,8";"22,7";"21,8";"1010,6";"1010,6";"1010,3";"4,0";"61,0";"8,5";"";"0,0"
"07/11/2023";"0200";"27,0";"27,1";"26,9";"73,0";"75,0";"73,0";"21,8";"22,2";"21,8";"1010,4";"1010,6";"1010,4";"3,5";"65,0";"8,2";"";"0,0"
"07/11/2023";"0300";"27,0";"27,1";"26,9";"74,0";"76,0";"73,0";"22,1";"22,4";"21,8";"1009,9";"1010,4";"1009,9";"4,1";"61,0";"8,1";"";"0,0"
"07/11/2023";"0400";"26,6";"27,0";"26,6";"77,0";"77,0";"73,0";"22,1";"22,1";"21,8";"1009,1";"1009,9";"1009,1";"3,3";"60,0";"7,8";"";"0,0"
"07/11/2023";"0500";"26,7";"26,7";"26,4";"73,0";"77,0";"73,0";"21,5";"22,2";"21,5";"1008,5";"1009,1";"1008,4";"4,0";"70,0";"7,3";"";"0,0"
"07/11/2023";"0600";"26,4";"26,7";"26,4";"74,0";"75,0";"73,0";"21,4";"21,7";"21,4";"1008,6";"1008,6";"1008,4";"2,8";"84,0";"7,1";"";"0,0"
"07/11/2023";"0700";"24,4";"26,4";"24,4";"85,0";"85,0";"74,0";"21,8";"21,9";"21,3";"1008,9";"1008,9";"1008,6";"0,9";"136,0";"5,9";"";"0,0"
"07/11/2023";"0800";"23,0";"24,4";"23,0";"89,0";"89,0";"85,0";"21,0";"21,8";"21,0";"1009,5";"1009,5";"1008,9";"0,8";"161,0";"2,4";"0,10";"0,0"
"07/11/2023";"0900";"24,6";"24,6";"22,9";"86,0";"90,0";"86,0";"22,1";"22,1";"21,1";"1010,0";"1010,0";"1009,5";"1,4";"133,0";"3,0";"145,40";"0,0"
"07/11/2023";"1000";"27,2";"27,2";"24,6";"71,0";"86,0";"71,0";"21,6";"22,1";"21,3";"1010,3";"1010,3";"1010,0";"2,9";"116,0";"6,1";"711,60";"0,0"
"07/11/2023";"1100";"29,6";"29,8";"27,2";"58,0";"71,0";"57,0";"20,4";"21,5";"20,4";"1010,7";"1010,8";"1010,3";"4,0";"106,0";"8,4";"1656,00";"0,0"
"07/11/2023";"1200";"31,4";"31,8";"29,6";"44,0";"58,0";"44,0";"17,9";"20,5";"17,7";"1010,5";"1010,8";"1010,4";"4,2";"102,0";"9,9";"2247,40";"0,0"
"07/11/2023";"1300";"32,9";"32,9";"31,3";"41,0";"45,0";"40,0";"18,0";"18,4";"16,9";"1010,1";"1010,6";"1010,1";"4,1";"80,0";"8,9";"2484,00";"0,0"
"07/11/2023";"1400";"32,5";"33,1";"31,8";"41,0";"46,0";"39,0";"17,4";"18,9";"17,2";"1009,2";"1010,1";"1009,2";"5,9";"51,0";"10,8";"2761,80";"0,0"
"07/11/2023";"1500";"33,5";"33,6";"32,3";"40,0";"44,0";"37,0";"18,1";"18,6";"16,2";"1008,1";"1009,2";"1008,1";"4,5";"41,0";"9,1";"2744,80";"0,0"
"07/11/2023";"1600";"33,4";"33,5";"31,8";"46,0";"51,0";"40,0";"20,1";"20,6";"17,8";"1007,0";"1008,1";"1007,0";"4,4";"36,0";"8,8";"2672,80";"0,0"
"07/11/2023";"1700";"31,4";"33,3";"31,2";"54,0";"55,0";"46,0";"21,1";"21,3";"19,9";"1006,4";"1007,1";"1006,4";"5,4";"47,0";"9,9";"2330,60";"0,0"
"07/11/2023";"1800";"30,6";"31,4";"30,0";"60,0";"61,0";"54,0";"22,0";"22,4";"21,0";"1006,6";"1006,7";"1006,4";"5,2";"46,0";"9,9";"1516,70";"0,0"
"07/11/2023";"1900";"29,9";"31,3";"29,8";"61,0";"62,0";"58,0";"21,5";"22,2";"21,2";"1007,1";"1007,1";"1006,6";"5,1";"52,0";"10,2";"1123,50";"0,0"
"07/11/2023";"2000";"28,8";"30,0";"28,8";"64,0";"64,0";"59,0";"21,4";"21,5";"20,7";"1007,6";"1007,6";"1007,1";"4,5";"57,0";"10,3";"448,70";"0,0"
"07/11/2023";"2100";"27,8";"28,8";"27,8";"71,0";"72,0";"64,0";"22,0";"22,3";"21,4";"1008,4";"1008,4";"1007,6";"4,3";"54,0";"10,9";"26,10";"0,0"
"07/11/2023";"2200";"27,5";"27,8";"27,5";"73,0";"73,0";"70,0";"22,3";"22,4";"21,8";"1009,0";"1009,0";"1008,4";"4,1";"50,0";"9,5";"";"0,0"
"07/11/2023";"2300";"27,6";"27,7";"27,4";"73,0";"74,0";"71,0";"22,3";"22,5";"21,9";"1009,9";"1009,9";"1009,0";"4,5";"64,0";"9,1";"";"0,0"
"08/11/2023";"0000";"27,8";"27,9";"27,6";"64,0";"73,0";"64,0";"20,4";"22,3";"20,4";"1010,6";"1010,6";"1009,9";"4,6";"72,0";"11,4";"";"0,0"
"08/11/2023";"0100";"27,3";"27,8";"27,2";"68,0";"68,0";"64,0";"20,8";"21,0";"20,4";"1010,8";"1010,9";"1010,6";"3,7";"76,0";"9,3";"";"0,0"
"08/11/2023";"0200";"26,6";"27,3";"26,6";"67,0";"68,0";"66,0";"20,1";"20,8";"20,0";"1010,7";"1010,9";"1010,6";"3,6";"87,0";"7,4";"";"0,0"
"08/11/2023";"0300";"25,8";"26,6";"25,7";"71,0";"71,0";"67,0";"20,1";"20,2";"20,1";"1010,1";"1010,7";"1010,1";"2,5";"86,0";"7,0";"";"0,0"
"08/11/2023";"0400";"25,5";"25,8";"25,5";"74,0";"74,0";"71,0";"20,5";"20,5";"20,1";"1009,6";"1010,1";"1009,6";"2,6";"87,0";"4,8";"";"0,0"
"08/11/2023";"0500";"24,7";"25,5";"24,7";"78,0";"78,0";"74,0";"20,5";"20,5";"20,4";"1009,6";"1009,6";"1009,5";"1,5";"99,0";"4,8";"";"0,0"
"08/11/2023";"0600";"24,2";"24,7";"24,2";"81,0";"81,0";"78,0";"20,7";"20,8";"20,5";"1009,6";"1009,7";"1009,5";"0,8";"112,0";"3,8";"";"0,0"
"08/11/2023";"0700";"23,7";"24,2";"23,7";"84,0";"84,0";"81,0";"20,8";"20,9";"20,6";"1009,8";"1009,9";"1009,6";"1,2";"110,0";"2,9";"";"0,0"
"08/11/2023";"0800";"23,2";"23,7";"23,1";"86,0";"86,0";"84,0";"20,6";"20,8";"20,5";"1009,7";"1009,9";"1009,7";"1,2";"104,0";"3,1";"";"0,0"
"08/11/2023";"0900";"25,3";"25,3";"23,2";"78,0";"86,0";"78,0";"21,2";"21,2";"20,6";"1010,1";"1010,1";"1009,7";"1,7";"110,0";"3,8";"188,30";"0,0"
"08/11/2023";"1000";"27,7";"27,7";"25,3";"64,0";"78,0";"64,0";"20,2";"21,2";"20,1";"1010,5";"1010,5";"1010,1";"3,8";"124,0";"8,0";"865,60";"0,0"
"08/11/2023";"1100";"29,6";"29,6";"27,7";"54,0";"64,0";"54,0";"19,2";"20,2";"18,9";"1010,9";"1010,9";"1010,5";"3,6";"137,0";"8,3";"1614,00";"0,0"
"08/11/2023";"1200";"31,7";"31,9";"29,6";"44,0";"54,0";"44,0";"17,8";"19,2";"17,6";"1010,8";"1011,0";"1010,8";"3,5";"112,0";"8,1";"2251,80";"0,0"
"08/11/2023";"1300";"33,2";"33,2";"31,3";"39,0";"45,0";"39,0";"17,3";"18,3";"17,0";"1010,2";"1010,9";"1010,1";"3,4";"120,0";"8,5";"2749,40";"0,0"
"08/11/2023";"1400";"34,3";"34,4";"32,7";"37,0";"41,0";"37,0";"17,4";"18,1";"16,9";"1009,1";"1010,3";"1009,1";"3,7";"114,0";"8,7";"2913,30";"0,0"
"08/11/2023";"1500";"34,3";"34,8";"32,9";"44,0";"48,0";"36,0";"20,1";"20,8";"17,1";"1007,8";"1009,1";"1007,8";"4,5";"46,0";"8,9";"2997,50";"0,0"
"08/11/2023";"1600";"32,9";"34,3";"32,3";"49,0";"51,0";"43,0";"20,7";"21,1";"19,8";"1007,3";"1007,9";"1007,2";"5,2";"49,0";"9,6";"2887,70";"0,0"
"08/11/2023";"1700";"31,1";"32,9";"30,5";"63,0";"64,0";"49,0";"23,2";"23,2";"20,6";"1006,9";"1007,3";"1006,9";"6,3";"39,0";"11,3";"2483,80";"0,0"
"08/11/2023";"1800";"30,9";"31,6";"30,3";"62,0";"63,0";"57,0";"22,8";"22,9";"21,6";"1006,6";"1006,9";"1006,6";"5,3";"53,0";"11,5";"1884,70";"0,0"
"08/11/2023";"1900";"29,3";"31,0";"29,2";"69,0";"69,0";"61,0";"22,9";"23,2";"22,2";"1006,6";"1006,7";"1006,4";"6,1";"55,0";"12,5";"1177,80";"0,0"
"08/11/2023";"2000";"28,1";"29,3";"28,1";"74,0";"74,0";"69,0";"23,1";"23,2";"22,8";"1007,2";"1007,2";"1006,6";"5,2";"55,0";"13,0";"441,80";"0,0"
"08/11/2023";"2100";"27,7";"28,1";"27,7";"76,0";"76,0";"74,0";"23,1";"23,1";"22,9";"1007,9";"1007,9";"1007,2";"4,7";"50,0";"10,5";"18,80";"0,0"
"08/11/2023";"2200";"27,7";"27,7";"27,6";"77,0";"77,0";"76,0";"23,3";"23,3";"23,0";"1008,4";"1008,4";"1007,9";"5,5";"54,0";"11,6";"";"0,0"
"08/11/2023";"2300";"28,1";"28,1";"27,6";"73,0";"77,0";"73,0";"22,8";"23,5";"22,8";"1008,9";"1008,9";"1008,4";"5,2";"69,0";"11,1";"";"0,0"
"09/11/2023";"0000";"27,7";"28,3";"27,7";"70,0";"73,0";"69,0";"21,7";"22,8";"21,7";"1009,5";"1009,5";"1008,9";"4,8";"72,0";"11,8";"";"0,0"
"09/11/2023";"0100";"27,4";"27,8";"27,4";"64,0";"70,0";"64,0";"20,0";"21,7";"20,0";"1009,6";"1009,7";"1009,5";"4,2";"79,0";"10,1";"";"0,0"
"09/11/2023";"0200";"27,0";"27,5";"27,0";"61,0";"64,0";"60,0";"18,8";"19,9";"18,8";"1009,4";"1009,7";"1009,3";"4,1";"89,0";"8,3";"";"0,0"
"09/11/2023";"0300";"26,5";"27,1";"26,4";"63,0";"63,0";"61,0";"18,8";"18,9";"18,7";"1008,9";"1009,4";"1008,9";"3,4";"95,0";"7,5";"";"0,0"
"09/11/2023";"0400";"26,1";"26,5";"26,1";"64,0";"64,0";"63,0";"18,7";"18,8";"18,6";"1008,7";"1008,9";"1008,6";"3,1";"104,0";"7,1";"";"0,0"
"09/11/2023";"0500";"25,4";"26,1";"25,3";"66,0";"67,0";"64,0";"18,7";"18,7";"18,7";"1008,4";"1008,7";"1008,4";"2,4";"106,0";"6,4";"";"0,0"
"09/11/2023";"0600";"25,0";"25,5";"25,0";"67,0";"67,0";"66,0";"18,5";"18,7";"18,5";"1008,7";"1008,7";"1008,4";"2,7";"100,0";"6,8";"";"0,0"
"09/11/2023";"0700";"24,6";"25,1";"24,6";"69,0";"69,0";"67,0";"18,6";"18,6";"18,5";"1009,4";"1009,4";"1008,7";"2,5";"98,0";"5,3";"";"0,0"
"09/11/2023";"0800";"24,3";"24,7";"24,1";"71,0";"72,0";"69,0";"18,8";"18,8";"18,6";"1010,0";"1010,0";"1009,4";"1,9";"99,0";"4,7";"";"0,0"
"09/11/2023";"0900";"25,6";"25,6";"24,2";"68,0";"72,0";"68,0";"19,4";"19,4";"18,7";"1010,7";"1010,7";"1010,0";"1,8";"99,0";"3,7";"187,70";"0,0"
"09/11/2023";"1000";"28,0";"28,0";"25,6";"59,0";"68,0";"59,0";"19,3";"19,5";"19,0";"1011,6";"1011,6";"1010,7";"3,2";"129,0";"7,1";"863,80";"0,0"
"09/11/2023";"1100";"29,1";"29,4";"27,8";"53,0";"59,0";"53,0";"18,7";"19,8";"18,7";"1011,8";"1011,8";"1011,6";"5,2";"121,0";"10,7";"1563,20";"0,0"
"09/11/2023";"1200";"30,9";"31,1";"29,1";"46,0";"54,0";"46,0";"18,0";"19,1";"17,9";"1011,9";"1011,9";"1011,7";"4,5";"110,0";"10,7";"2209,60";"0,0"
"09/11/2023";"1300";"33,1";"33,2";"30,8";"40,0";"46,0";"39,0";"17,5";"18,5";"16,6";"1011,3";"1011,9";"1011,2";"4,3";"112,0";"10,8";"2782,90";"0,0"
"09/11/2023";"1400";"32,8";"33,6";"32,0";"46,0";"46,0";"38,0";"19,7";"19,9";"16,9";"1010,4";"1011,3";"1010,4";"4,9";"63,0";"10,7";"3046,00";"0,0"
"09/11/2023";"1500";"32,6";"33,6";"32,0";"46,0";"48,0";"44,0";"19,4";"20,0";"18,9";"1009,5";"1010,4";"1009,5";"5,4";"52,0";"11,7";"3091,20";"0,0"
"09/11/2023";"1600";"31,5";"33,2";"31,1";"56,0";"58,0";"46,0";"21,8";"22,3";"19,6";"1008,6";"1009,5";"1008,6";"5,2";"35,0";"11,3";"2872,10";"0,0"
"09/11/2023";"1700";"30,8";"32,5";"30,7";"54,0";"58,0";"48,0";"20,5";"21,8";"19,7";"1008,0";"1008,7";"1007,9";"6,7";"47,0";"12,3";"2453,90";"0,0"
"09/11/2023";"1800";"30,9";"31,8";"30,5";"51,0";"56,0";"51,0";"19,5";"21,0";"19,5";"1007,5";"1008,1";"1007,4";"7,2";"56,0";"13,2";"1872,80";"0,0"
"09/11/2023";"1900";"30,5";"31,3";"30,5";"53,0";"53,0";"49,0";"19,9";"19,9";"18,9";"1007,4";"1007,6";"1007,4";"6,5";"54,0";"13,5";"1185,00";"0,0"
"09/11/2023";"2000";"29,5";"30,7";"29,5";"60,0";"60,0";"52,0";"20,8";"20,8";"19,4";"1007,8";"1007,8";"1007,4";"4,9";"58,0";"11,5";"445,60";"0,0"
"09/11/2023";"2100";"28,5";"29,5";"28,5";"66,0";"66,0";"60,0";"21,4";"21,4";"20,7";"1008,2";"1008,3";"1007,8";"5,0";"59,0";"10,1";"18,10";"0,0"
"09/11/2023";"2200";"28,0";"28,5";"28,0";"73,0";"73,0";"66,0";"22,6";"22,6";"21,4";"1008,9";"1008,9";"1008,2";"5,6";"60,0";"10,3";"";"0,0"
"09/11/2023";"2300";"28,1";"28,1";"27,9";"72,0";"73,0";"71,0";"22,5";"22,6";"22,3";"1009,5";"1009,5";"1008,9";"5,6";"63,0";"10,7";"";"0,0"
"10/11/2023";"0000";"28,1";"28,2";"28,1";"69,0";"73,0";"69,0";"21,8";"22,8";"21,8";"1010,4";"1010,4";"1009,5";"5,7";"71,0";"11,8";"";"0,0"
"10/11/2023";"0100";"27,6";"28,1";"27,5";"66,0";"69,0";"66,0";"20,6";"21,9";"20,6";"1010,9";"1011,0";"1010,3";"5,4";"80,0";"11,4";"";"0,0"
"10/11/2023";"0200";"26,9";"27,6";"26,8";"68,0";"68,0";"65,0";"20,5";"20,6";"20,1";"1010,8";"1011,0";"1010,8";"4,8";"83,0";"10,0";"";"0,0"
"10/11/2023";"0300";"26,1";"26,8";"26,1";"72,0";"72,0";"68,0";"20,5";"20,5";"20,4";"1010,4";"1010,9";"1010,4";"3,6";"96,0";"8,0";"";"0,0"
"10/11/2023";"0400";"25,3";"26,1";"25,3";"75,0";"75,0";"72,0";"20,6";"20,6";"20,5";"1009,5";"1010,4";"1009,5";"2,2";"92,0";"6,5";"";"0,0"
"10/11/2023";"0500";"24,5";"25,3";"24,5";"79,0";"79,0";"75,0";"20,7";"20,7";"20,6";"1009,3";"1009,4";"1009,2";"1,4";"101,0";"3,9";"";"0,0"
"10/11/2023";"0600";"24,3";"24,5";"24,3";"81,0";"81,0";"79,0";"20,8";"20,8";"20,7";"1009,6";"1009,6";"1009,2";"1,7";"95,0";"3,2";"";"0,0"
"10/11/2023";"0700";"23,9";"24,3";"23,9";"83,0";"83,0";"81,0";"20,8";"20,9";"20,7";"1010,2";"1010,2";"1009,6";"1,5";"100,0";"3,2";"";"0,0"
"10/11/2023";"0800";"23,9";"24,1";"23,8";"84,0";"84,0";"83,0";"21,1";"21,1";"20,8";"1010,7";"1010,7";"1010,2";"1,7";"107,0";"3,7";"";"0,0"
"10/11/2023";"0900";"25,1";"25,1";"23,9";"82,0";"85,0";"82,0";"21,7";"21,8";"21,1";"1011,3";"1011,3";"1010,7";"1,6";"118,0";"3,6";"131,60";"0,0"
"10/11/2023";"1000";"27,5";"27,6";"25,1";"68,0";"82,0";"68,0";"21,0";"22,0";"21,0";"1012,1";"1012,1";"1011,3";"3,7";"115,0";"7,9";"874,40";"0,0"
"10/11/2023";"1100";"29,3";"29,5";"27,5";"56,0";"68,0";"56,0";"19,5";"21,1";"19,4";"1012,4";"1012,4";"1012,0";"5,1";"95,0";"9,5";"1570,70";"0,0"
"10/11/2023";"1200";"30,6";"31,2";"28,8";"49,0";"57,0";"47,0";"18,5";"19,9";"17,9";"1012,5";"1012,7";"1012,4";"5,2";"95,0";"9,2";"1660,50";"0,0"
"10/11/2023";"1300";"31,6";"32,5";"30,3";"44,0";"48,0";"40,0";"18,0";"18,6";"17,0";"1011,7";"1012,5";"1011,7";"4,5";"124,0";"10,9";"1982,00";"0,0"
"10/11/2023";"1400";"31,8";"32,5";"31,5";"49,0";"49,0";"42,0";"19,7";"20,1";"17,5";"1010,9";"1011,7";"1010,9";"5,0";"64,0";"9,9";"2299,00";"0,0"
"10/11/2023";"1500";"32,9";"33,0";"31,8";"43,0";"50,0";"43,0";"18,9";"20,2";"18,4";"1009,7";"1010,9";"1009,6";"5,3";"52,0";"11,7";"3108,60";"0,0"
"10/11/2023";"1600";"32,1";"33,5";"31,5";"48,0";"49,0";"42,0";"19,6";"20,1";"18,3";"1008,4";"1009,7";"1008,4";"6,0";"55,0";"11,7";"2905,10";"0,0"
"10/11/2023";"1700";"31,8";"32,5";"30,6";"50,0";"52,0";"43,0";"20,0";"20,0";"17,9";"1007,8";"1008,4";"1007,7";"6,5";"51,0";"12,6";"2498,90";"0,0"
"10/11/2023";"1800";"30,3";"32,1";"30,3";"53,0";"53,0";"49,0";"19,6";"20,2";"18,8";"1007,5";"1007,8";"1007,4";"6,2";"47,0";"12,8";"1947,00";"0,0"
"10/11/2023";"1900";"30,0";"31,0";"29,8";"57,0";"58,0";"49,0";"20,7";"20,7";"18,8";"1007,6";"1007,7";"1007,4";"5,3";"50,0";"12,1";"1213,20";"0,0"
"10/11/2023";"2000";"28,4";"30,0";"28,4";"67,0";"67,0";"57,0";"21,7";"21,7";"20,4";"1008,0";"1008,0";"1007,5";"5,6";"56,0";"13,1";"448,10";"0,0"
"10/11/2023";"2100";"27,9";"28,4";"27,8";"70,0";"71,0";"67,0";"21,9";"22,0";"21,7";"1008,3";"1008,3";"1007,8";"6,3";"59,0";"11,9";"18,50";"0,0"
"10/11/2023";"2200";"27,7";"28,0";"27,7";"71,0";"71,0";"68,0";"21,9";"22,0";"21,5";"1009,2";"1009,2";"1008,3";"5,9";"64,0";"12,8";"";"0,0"
"10/11/2023";"2300";"27,7";"27,8";"27,6";"69,0";"71,0";"69,0";"21,4";"22,0";"21,4";"1010,2";"1010,3";"1009,2";"5,8";"69,0";"13,3";"";"0,0"
"11/11/2023";"0000";"27,7";"27,8";"27,5";"60,0";"69,0";"60,0";"19,2";"21,4";"19,2";"1011,2";"1011,2";"1010,2";"5,5";"82,0";"12,7";"";"0,0"
"11/11/2023";"0100";"26,9";"27,7";"26,9";"62,0";"62,0";"57,0";"19,0";"19,1";"18,5";"1011,4";"1011,4";"1011,2";"4,9";"79,0";"11,9";"";"0,0"
"11/11/2023";"0200";"26,2";"27,0";"26,2";"66,0";"66,0";"62,0";"19,4";"19,4";"19,0";"1011,2";"1011,5";"1011,2";"3,7";"85,0";"9,5";"";"0,0"
"11/11/2023";"0300";"25,3";"26,2";"25,3";"72,0";"72,0";"66,0";"19,8";"19,8";"19,4";"1010,6";"1011,2";"1010,6";"3,6";"87,0";"6,6";"";"0,0"
"11/11/2023";"0400";"24,7";"25,3";"24,7";"74,0";"74,0";"72,0";"19,8";"19,9";"19,8";"1009,8";"1010,6";"1009,8";"2,1";"88,0";"5,8";"";"0,0"
"11/11/2023";"0500";"24,1";"24,8";"24,1";"78,0";"78,0";"74,0";"20,1";"20,2";"19,8";"1009,4";"1009,8";"1009,4";"1,5";"96,0";"4,7";"";"0,0"
"11/11/2023";"0600";"23,5";"24,1";"23,5";"82,0";"82,0";"78,0";"20,2";"20,3";"20,0";"1009,1";"1009,4";"1009,1";"1,0";"98,0";"3,3";"";"0,0"
"11/11/2023";"0700";"23,3";"23,6";"23,0";"84,0";"84,0";"82,0";"20,5";"20,5";"20,0";"1009,2";"1009,2";"1009,1";"1,7";"96,0";"2,6";"";"0,0"
"11/11/2023";"0800";"23,3";"23,4";"23,1";"85,0";"85,0";"84,0";"20,7";"20,7";"20,4";"1009,5";"1009,5";"1009,2";"1,9";"103,0";"3,3";"";"0,0"
"11/11/2023";"0900";"24,9";"24,9";"23,3";"80,0";"85,0";"80,0";"21,2";"21,4";"20,6";"1010,1";"1010,1";"1009,5";"1,1";"115,0";"3,4";"195,80";"0,0"
"11/11/2023";"1000";"27,2";"27,2";"24,9";"71,0";"80,0";"71,0";"21,5";"21,6";"21,1";"1010,7";"1010,7";"1010,1";"3,7";"98,0";"7,9";"872,10";"0,0"
"11/11/2023";"1100";"28,6";"29,0";"26,9";"61,0";"71,0";"61,0";"20,3";"21,3";"20,3";"1011,1";"1011,2";"1010,7";"4,3";"99,0";"9,1";"1604,70";"0,0"
"11/11/2023";"1200";"30,4";"30,4";"28,5";"51,0";"61,0";"50,0";"19,2";"20,8";"18,5";"1011,0";"1011,2";"1010,9";"4,6";"72,0";"9,4";"1856,70";"0,0"
"11/11/2023";"1300";"30,8";"31,7";"30,2";"45,0";"51,0";"43,0";"17,6";"19,1";"17,2";"1010,5";"1011,0";"1010,5";"5,9";"53,0";"10,3";"2653,40";"0,0"
"11/11/2023";"1400";"32,6";"32,7";"30,8";"37,0";"45,0";"37,0";"15,9";"18,0";"15,9";"1009,8";"1010,6";"1009,8";"4,6";"55,0";"10,3";"2867,80";"0,0"
"11/11/2023";"1500";"33,3";"33,6";"32,0";"33,0";"39,0";"33,0";"15,0";"16,6";"15,0";"1008,7";"1009,8";"1008,7";"5,3";"65,0";"9,5";"3016,20";"0,0"
"11/11/2023";"1600";"33,3";"34,2";"32,3";"32,0";"37,0";"30,0";"14,1";"16,2";"13,4";"1007,2";"1008,7";"1007,2";"4,5";"39,0";"10,0";"2881,00";"0,0"
"11/11/2023";"1700";"31,4";"33,8";"31,1";"50,0";"50,0";"32,0";"19,7";"19,7";"14,1";"1006,5";"1007,3";"1006,5";"5,3";"36,0";"10,1";"2463,60";"0,0"
"11/11/2023";"1800";"30,7";"31,9";"30,1";"54,0";"55,0";"48,0";"20,5";"20,5";"19,1";"1006,4";"1006,5";"1006,2";"4,8";"47,0";"10,1";"1889,60";"0,0"
"11/11/2023";"1900";"29,4";"31,0";"29,2";"62,0";"62,0";"53,0";"21,4";"21,6";"19,9";"1006,5";"1006,5";"1006,3";"4,9";"40,0";"9,8";"1200,60";"0,0"
"11/11/2023";"2000";"28,1";"29,5";"28,0";"70,0";"71,0";"62,0";"22,2";"22,4";"21,4";"1006,9";"1006,9";"1006,4";"4,8";"48,0";"9,8";"453,80";"0,0"
"11/11/2023";"2100";"27,2";"28,1";"27,2";"73,0";"76,0";"70,0";"22,0";"22,7";"22,0";"1007,4";"1007,4";"1006,9";"4,6";"54,0";"9,7";"20,20";"0,0"
"11/11/2023";"2200";"27,3";"27,3";"27,0";"67,0";"74,0";"67,0";"20,7";"22,2";"20,7";"1007,9";"1007,9";"1007,4";"5,1";"46,0";"9,9";"";"0,0"
"11/11/2023";"2300";"27,4";"27,4";"27,1";"70,0";"71,0";"67,0";"21,5";"21,7";"20,6";"1008,6";"1008,7";"1007,9";"4,4";"56,0";"9,3";"";"0,0"
"12/11/2023";"0000";"27,5";"27,7";"27,4";"64,0";"70,0";"63,0";"20,2";"21,5";"19,8";"1009,1";"1009,2";"1008,6";"5,2";"74,0";"10,3";"";"0,0"
"12/11/2023";"0100";"26,9";"27,6";"26,9";"63,0";"64,0";"62,0";"19,4";"20,2";"19,3";"1009,4";"1009,4";"1009,1";"4,6";"79,0";"10,5";"";"0,0"
"12/11/2023";"0200";"26,4";"26,9";"26,3";"65,0";"66,0";"63,0";"19,4";"19,4";"19,1";"1009,3";"1009,5";"1009,3";"4,1";"86,0";"8,7";"";"0,0"
"12/11/2023";"0300";"25,8";"26,4";"25,8";"68,0";"68,0";"65,0";"19,4";"19,4";"19,2";"1009,0";"1009,3";"1008,9";"4,2";"91,0";"9,2";"";"0,0"
"12/11/2023";"0400";"25,0";"25,8";"25,0";"73,0";"73,0";"68,0";"19,8";"19,8";"19,4";"1008,3";"1009,0";"1008,3";"2,5";"92,0";"7,0";"";"0,0"
"12/11/2023";"0500";"24,4";"25,0";"24,4";"77,0";"77,0";"73,0";"20,1";"20,1";"19,8";"1007,9";"1008,3";"1007,9";"2,3";"91,0";"5,7";"";"0,0"
"12/11/2023";"0600";"24,1";"24,4";"24,1";"80,0";"80,0";"77,0";"20,4";"20,5";"20,1";"1008,0";"1008,0";"1007,8";"2,1";"90,0";"4,1";"";"0,0"
"12/11/2023";"0700";"23,7";"24,1";"23,7";"82,0";"82,0";"80,0";"20,5";"20,6";"20,4";"1008,2";"1008,2";"1008,0";"1,7";"101,0";"4,0";"";"0,0"
"12/11/2023";"0800";"23,2";"23,7";"23,1";"84,0";"85,0";"82,0";"20,4";"20,5";"20,3";"1008,6";"1008,6";"1008,2";"1,4";"106,0";"3,4";"";"0,0"
"12/11/2023";"0900";"25,0";"25,0";"23,1";"78,0";"85,0";"78,0";"20,9";"21,1";"20,4";"1009,0";"1009,0";"1008,6";"1,1";"117,0";"2,7";"210,50";"0,0"
"12/11/2023";"1000";"27,2";"27,2";"25,0";"67,0";"78,0";"67,0";"20,5";"21,1";"20,5";"1009,8";"1009,9";"1009,0";"4,0";"107,0";"8,5";"929,70";"0,0"
"12/11/2023";"1100";"29,2";"29,4";"27,0";"55,0";"67,0";"55,0";"19,3";"20,6";"19,3";"1010,3";"1010,3";"1009,8";"4,7";"98,0";"9,3";"1652,60";"0,0"
"12/11/2023";"1200";"30,6";"30,8";"28,8";"47,0";"56,0";"47,0";"17,9";"19,6";"17,9";"1010,2";"1010,5";"1010,1";"4,1";"111,0";"9,3";"2117,30";"0,0"
"12/11/2023";"1300";"32,2";"32,4";"30,3";"42,0";"48,0";"41,0";"17,4";"18,5";"17,4";"1010,0";"1010,3";"1010,0";"3,8";"111,0";"8,6";"2520,00";"0,0"
"12/11/2023";"1400";"32,5";"33,4";"31,9";"46,0";"47,0";"35,0";"19,4";"20,0";"15,6";"1009,1";"1010,0";"1009,1";"4,2";"52,0";"8,9";"2774,90";"0,0"
"12/11/2023";"1500";"33,3";"33,5";"32,2";"45,0";"48,0";"44,0";"19,9";"20,2";"19,2";"1008,3";"1009,1";"1008,3";"4,0";"45,0";"8,9";"2991,70";"0,0"
"12/11/2023";"1600";"32,8";"33,7";"32,1";"46,0";"47,0";"43,0";"19,5";"20,1";"18,7";"1007,3";"1008,3";"1007,2";"4,8";"29,0";"9,1";"2855,60";"0,0"
"12/11/2023";"1700";"31,4";"33,0";"31,0";"54,0";"55,0";"46,0";"21,1";"21,3";"19,4";"1006,5";"1007,2";"1006,4";"5,7";"49,0";"10,5";"2466,20";"0,0"
"12/11/2023";"1800";"30,4";"32,1";"30,1";"57,0";"60,0";"53,0";"21,0";"22,1";"20,7";"1006,2";"1006,5";"1006,2";"5,9";"46,0";"11,4";"1885,30";"0,0"
"12/11/2023";"1900";"29,5";"30,7";"29,5";"62,0";"63,0";"57,0";"21,4";"22,0";"21,0";"1006,0";"1006,3";"1005,9";"5,2";"58,0";"10,7";"1194,60";"0,0"
"12/11/2023";"2000";"28,4";"29,6";"28,4";"66,0";"67,0";"62,0";"21,6";"21,9";"21,1";"1006,3";"1006,3";"1005,9";"4,4";"56,0";"10,6";"460,90";"0,0"
"12/11/2023";"2100";"27,4";"28,4";"27,4";"73,0";"73,0";"66,0";"22,1";"22,1";"21,6";"1007,0";"1007,0";"1006,3";"3,7";"47,0";"8,4";"21,90";"0,0"
"12/11/2023";"2200";"27,4";"27,5";"27,2";"73,0";"75,0";"73,0";"22,0";"22,3";"22,0";"1007,8";"1007,8";"1007,0";"3,9";"48,0";"8,6";"";"0,0"
"12/11/2023";"2300";"27,4";"27,5";"27,4";"75,0";"75,0";"72,0";"22,5";"22,5";"22,0";"1008,5";"1008,5";"1007,8";"4,5";"57,0";"8,9";"";"0,0"
"13/11/2023";"0000";"27,3";"27,5";"27,3";"74,0";"76,0";"74,0";"22,3";"22,7";"22,3";"1008,9";"1008,9";"1008,5";"5,2";"62,0";"10,0";"";"0,0"
"13/11/2023";"0100";"26,8";"27,3";"26,8";"75,0";"75,0";"72,0";"21,9";"22,3";"21,5";"1009,0";"1009,0";"1008,8";"4,0";"66,0";"10,6";"";"0,0"
"13/11/2023";"0200";"26,4";"26,9";"26,4";"74,0";"75,0";"73,0";"21,4";"21,9";"21,4";"1008,7";"1009,0";"1008,7";"4,5";"81,0";"10,0";"";"0,0"
"13/11/2023";"0300";"25,7";"26,4";"25,7";"74,0";"76,0";"74,0";"20,8";"21,5";"20,8";"1007,9";"1008,7";"1007,9";"3,6";"90,0";"8,4";"";"0,0"
"13/11/2023";"0400";"25,3";"25,7";"25,3";"74,0";"75,0";"74,0";"20,4";"20,8";"20,4";"1007,2";"1007,9";"1007,2";"3,9";"82,0";"7,1";"";"0,0"
"13/11/2023";"0500";"24,6";"25,3";"24,6";"78,0";"78,0";"74,0";"20,5";"20,5";"20,4";"1006,7";"1007,2";"1006,7";"2,6";"82,0";"6,6";"";"0,0"
"13/11/2023";"0600";"24,0";"24,6";"24,0";"81,0";"81,0";"78,0";"20,6";"20,6";"20,5";"1006,7";"1006,7";"1006,5";"2,0";"95,0";"5,3";"";"0,0"
"13/11/2023";"0700";"23,5";"24,0";"23,5";"83,0";"83,0";"81,0";"20,4";"20,6";"20,4";"1007,3";"1007,3";"1006,7";"1,9";"90,0";"3,8";"";"0,0"
"13/11/2023";"0800";"22,9";"23,6";"22,9";"83,0";"83,0";"82,0";"20,0";"20,4";"20,0";"1008,0";"1008,0";"1007,3";"1,2";"121,0";"3,9";"";"0,0"
"13/11/2023";"0900";"24,6";"24,6";"22,5";"80,0";"86,0";"80,0";"21,0";"21,1";"19,8";"1008,6";"1008,6";"1008,0";"1,4";"115,0";"3,2";"204,00";"0,0"
"13/11/2023";"1000";"27,1";"27,1";"24,6";"68,0";"81,0";"68,0";"20,8";"21,2";"20,7";"1009,7";"1009,7";"1008,6";"3,7";"107,0";"9,5";"906,40";"0,0"
"13/11/2023";"1100";"28,8";"29,0";"27,1";"60,0";"69,0";"59,0";"20,3";"21,0";"20,0";"1010,0";"1010,1";"1009,7";"3,9";"102,0";"8,4";"1648,30";"0,0"
"13/11/2023";"1200";"30,7";"30,9";"28,7";"53,0";"60,0";"53,0";"20,1";"20,6";"19,8";"1009,8";"1010,0";"1009,8";"3,8";"86,0";"9,0";"1988,70";"0,0"
"13/11/2023";"1300";"31,1";"32,0";"30,3";"53,0";"56,0";"51,0";"20,4";"20,9";"19,9";"1009,6";"1009,9";"1009,4";"4,6";"66,0";"10,0";"2458,40";"0,0"
"13/11/2023";"1400";"31,9";"32,9";"30,9";"48,0";"53,0";"46,0";"19,7";"20,6";"19,4";"1009,1";"1009,6";"1009,1";"5,2";"69,0";"10,2";"2804,60";"0,0"
"13/11/2023";"1500";"31,6";"33,0";"31,1";"52,0";"54,0";"46,0";"20,6";"21,2";"19,2";"1008,3";"1009,1";"1008,3";"5,2";"37,0";"10,5";"2974,40";"0,0"
"13/11/2023";"1600";"32,0";"32,9";"31,3";"53,0";"53,0";"50,0";"21,2";"21,5";"20,3";"1007,2";"1008,3";"1007,2";"5,0";"44,0";"10,1";"2843,60";"0,0"
"13/11/2023";"1700";"31,9";"32,6";"31,4";"51,0";"53,0";"50,0";"20,6";"21,3";"20,3";"1006,3";"1007,2";"1006,3";"5,4";"44,0";"10,0";"2448,90";"0,0"
"13/11/2023";"1800";"31,0";"32,3";"30,7";"57,0";"58,0";"50,0";"21,4";"21,7";"20,5";"1006,3";"1006,4";"1006,2";"5,2";"44,0";"10,9";"1878,60";"0,0"
"13/11/2023";"1900";"29,2";"31,0";"29,2";"67,0";"67,0";"55,0";"22,4";"22,6";"20,4";"1006,5";"1006,5";"1006,2";"5,4";"50,0";"10,9";"1200,60";"0,0"
"13/11/2023";"2000";"28,5";"29,6";"28,4";"72,0";"73,0";"66,0";"23,0";"23,1";"22,3";"1007,0";"1007,0";"1006,4";"3,8";"52,0";"10,3";"460,70";"0,0"
"13/11/2023";"2100";"27,4";"28,5";"27,4";"78,0";"78,0";"72,0";"23,3";"23,4";"22,8";"1007,6";"1007,6";"1007,0";"4,1";"49,0";"9,1";"22,30";"0,0"
"13/11/2023";"2200";"27,3";"27,5";"27,3";"80,0";"80,0";"77,0";"23,5";"23,5";"23,1";"1008,2";"1008,2";"1007,6";"4,2";"47,0";"10,1";"";"0,0"
"13/11/2023";"2300";"27,4";"27,4";"27,3";"77,0";"80,0";"77,0";"23,1";"23,5";"23,0";"1009,2";"1009,2";"1008,2";"4,8";"56,0";"9,8";"";"0,0"
"14/11/2023";"0000";"27,2";"27,4";"27,2";"78,0";"79,0";"77,0";"23,0";"23,2";"23,0";"1009,8";"1009,8";"1009,2";"4,5";"68,0";"10,0";"";"0,0"
"14/11/2023";"0100";"27,1";"27,2";"27,0";"79,0";"81,0";"78,0";"23,2";"23,4";"23,1";"1009,9";"1010,0";"1009,7";"4,5";"68,0";"9,5";"";"0,0"
"14/11/2023";"0200";"27,0";"27,1";"26,9";"79,0";"80,0";"78,0";"22,9";"23,2";"22,9";"1009,5";"1009,9";"1009,5";"3,0";"68,0";"8,9";"";"0,0"
"14/11/2023";"0300";"26,8";"27,3";"26,8";"82,0";"82,0";"78,0";"23,4";"23,4";"22,9";"1008,9";"1009,5";"1008,9";"4,2";"89,0";"9,1";"";"0,0"
"14/11/2023";"0400";"26,2";"26,8";"26,2";"82,0";"82,0";"81,0";"22,8";"23,4";"22,8";"1008,5";"1008,9";"1008,5";"3,0";"94,0";"7,8";"";"0,0"
"14/11/2023";"0500";"25,5";"26,2";"25,4";"84,0";"84,0";"82,0";"22,5";"22,8";"22,5";"1008,0";"1008,5";"1008,0";"2,5";"100,0";"6,1";"";"0,0"
"14/11/2023";"0600";"24,9";"25,5";"24,8";"85,0";"85,0";"83,0";"22,2";"22,5";"22,1";"1007,7";"1008,0";"1007,7";"1,8";"98,0";"5,0";"";"0,0"
"14/11/2023";"0700";"24,6";"24,9";"24,6";"85,0";"85,0";"84,0";"22,0";"22,2";"22,0";"1008,0";"1008,0";"1007,7";"2,1";"100,0";"4,0";"";"0,0"
"14/11/2023";"0800";"24,4";"24,6";"24,4";"87,0";"87,0";"85,0";"22,1";"22,1";"22,0";"1008,4";"1008,4";"1008,0";"1,6";"89,0";"3,6";"";"0,0"
"14/11/2023";"0900";"25,8";"25,8";"24,4";"83,0";"87,0";"83,0";"22,7";"22,7";"22,1";"1009,0";"1009,0";"1008,4";"1,5";"114,0";"3,6";"176,40";"0,0"
"14/11/2023";"1000";"27,9";"28,0";"25,8";"68,0";"83,0";"68,0";"21,5";"22,9";"21,4";"1010,2";"1010,2";"1009,1";"3,8";"103,0";"7,7";"744,50";"0,0"
"14/11/2023";"1100";"29,4";"29,4";"27,9";"62,0";"68,0";"62,0";"21,4";"21,8";"21,1";"1010,3";"1010,4";"1010,3";"4,2";"102,0";"8,6";"1219,90";"0,0"
"14/11/2023";"1200";"30,5";"31,6";"29,4";"57,0";"63,0";"56,0";"21,1";"21,9";"21,1";"1010,4";"1010,4";"1010,2";"4,9";"83,0";"10,2";"1524,40";"0,0"
"14/11/2023";"1300";"31,6";"32,5";"30,3";"56,0";"61,0";"54,0";"21,9";"22,5";"21,2";"1010,0";"1010,4";"1009,9";"4,9";"61,0";"10,0";"2382,50";"0,0"
"14/11/2023";"1400";"32,0";"32,7";"31,4";"56,0";"58,0";"54,0";"22,0";"22,5";"21,6";"1009,5";"1010,0";"1009,5";"5,1";"57,0";"9,4";"2818,40";"0,0"
"14/11/2023";"1500";"32,5";"33,4";"31,3";"58,0";"59,0";"53,0";"23,1";"23,1";"21,6";"1008,6";"1009,5";"1008,6";"5,1";"35,0";"11,1";"2974,90";"0,0"
"14/11/2023";"1600";"31,9";"32,8";"31,2";"58,0";"61,0";"56,0";"22,7";"23,3";"22,1";"1007,3";"1008,6";"1007,3";"5,9";"46,0";"11,1";"2683,00";"0,0"
"14/11/2023";"1700";"31,8";"32,5";"31,0";"59,0";"60,0";"57,0";"22,9";"22,9";"22,1";"1006,6";"1007,4";"1006,5";"5,4";"52,0";"10,1";"2211,30";"0,0"
"14/11/2023";"1800";"31,3";"31,8";"30,4";"59,0";"64,0";"59,0";"22,3";"23,0";"22,3";"1006,0";"1006,6";"1006,0";"5,0";"54,0";"10,4";"1685,30";"0,0"
"14/11/2023";"1900";"30,0";"31,3";"29,8";"66,0";"66,0";"59,0";"22,9";"23,2";"21,9";"1005,7";"1006,1";"1005,7";"5,3";"54,0";"10,5";"1239,00";"0,0"
"14/11/2023";"2000";"28,7";"30,1";"28,7";"72,0";"72,0";"65,0";"23,2";"23,3";"22,4";"1005,8";"1005,8";"1005,6";"4,2";"48,0";"10,7";"510,30";"0,0"
"14/11/2023";"2100";"27,8";"28,7";"27,8";"77,0";"77,0";"72,0";"23,4";"23,6";"23,3";"1006,1";"1006,2";"1005,8";"3,7";"54,0";"9,9";"26,10";"0,0"
"14/11/2023";"2200";"27,7";"27,8";"27,7";"77,0";"78,0";"77,0";"23,3";"23,5";"23,3";"1006,7";"1006,7";"1006,1";"3,9";"48,0";"8,7";"";"0,0"
"14/11/2023";"2300";"27,5";"27,8";"27,5";"79,0";"79,0";"76,0";"23,5";"23,5";"23,1";"1007,5";"1007,5";"1006,7";"4,8";"60,0";"11,2";"";"0,0"
"15/11/2023";"0000";"27,4";"27,5";"27,3";"78,0";"81,0";"78,0";"23,2";"23,7";"23,2";"1008,0";"1008,0";"1007,5";"4,7";"64,0";"11,2";"";"0,0"
"15/11/2023";"0100";"27,5";"27,6";"27,4";"81,0";"81,0";"77,0";"24,0";"24,0";"23,1";"1008,1";"1008,1";"1007,9";"4,6";"64,0";"11,5";"";"0,0"
"15/11/2023";"0200";"27,4";"27,5";"26,9";"79,0";"85,0";"79,0";"23,5";"24,2";"23,3";"1008,1";"1008,2";"1008,1";"5,2";"71,0";"10,3";"";"0,0"
"15/11/2023";"0300";"26,8";"27,4";"26,8";"83,0";"83,0";"79,0";"23,7";"23,9";"23,5";"1007,5";"1008,1";"1007,5";"4,9";"69,0";"9,7";"";"0,0"
"15/11/2023";"0400";"26,7";"27,2";"26,4";"82,0";"86,0";"82,0";"23,4";"24,0";"23,4";"1007,1";"1007,5";"1007,1";"5,0";"84,0";"10,4";"";"0,0"
"15/11/2023";"0500";"26,9";"26,9";"26,7";"82,0";"82,0";"81,0";"23,6";"23,6";"23,1";"1006,7";"1007,1";"1006,7";"5,0";"74,0";"8,8";"";"0,0"
"15/11/2023";"0600";"26,4";"27,0";"26,4";"83,0";"83,0";"81,0";"23,2";"23,6";"23,2";"1006,7";"1006,8";"1006,6";"3,2";"84,0";"8,3";"";"0,0"
"15/11/2023";"0700";"26,1";"26,4";"25,9";"84,0";"88,0";"83,0";"23,3";"23,7";"23,2";"1007,1";"1007,1";"1006,7";"2,2";"109,0";"6,9";"";"0,0"
"15/11/2023";"0800";"25,5";"26,1";"25,5";"85,0";"85,0";"84,0";"22,8";"23,2";"22,8";"1007,6";"1007,6";"1007,1";"1,7";"120,0";"4,3";"0,10";"0,0"
"15/11/2023";"0900";"26,5";"26,5";"25,5";"82,0";"85,0";"82,0";"23,3";"23,4";"22,8";"1008,3";"1008,3";"1007,6";"1,8";"116,0";"4,5";"173,90";"0,0"
"15/11/2023";"1000";"28,1";"28,2";"26,5";"74,0";"82,0";"74,0";"23,1";"23,5";"22,9";"1009,1";"1009,2";"1008,3";"5,2";"91,0";"9,4";"602,20";"0,0"
"15/11/2023";"1100";"29,4";"29,8";"27,8";"66,0";"76,0";"66,0";"22,4";"23,4";"22,4";"1009,5";"1009,5";"1009,1";"4,6";"75,0";"9,4";"1076,00";"0,0"
"15/11/2023";"1200";"30,0";"31,0";"29,4";"63,0";"67,0";"59,0";"22,1";"22,8";"21,6";"1009,7";"1009,8";"1009,5";"5,4";"79,0";"9,5";"1436,10";"0,0"
"15/11/2023";"1300";"31,5";"31,9";"29,9";"55,0";"63,0";"53,0";"21,5";"22,4";"20,9";"1009,3";"1009,7";"1009,3";"5,9";"57,0";"11,3";"2499,60";"0,0"
"15/11/2023";"1400";"32,4";"33,1";"31,4";"52,0";"55,0";"50,0";"21,3";"22,0";"20,7";"1008,6";"1009,3";"1008,6";"4,7";"54,0";"9,6";"2868,60";"0,0"
"15/11/2023";"1500";"31,6";"32,9";"31,6";"55,0";"58,0";"51,0";"21,6";"22,7";"21,0";"1007,7";"1008,6";"1007,7";"4,9";"44,0";"10,0";"3000,00";"0,0"
"15/11/2023";"1600";"32,2";"33,0";"31,3";"55,0";"58,0";"52,0";"22,0";"22,8";"21,6";"1006,9";"1007,7";"1006,9";"4,7";"47,0";"10,3";"2847,90";"0,0"
"15/11/2023";"1700";"31,7";"32,4";"30,9";"56,0";"59,0";"54,0";"22,0";"22,5";"21,3";"1006,5";"1006,9";"1006,4";"5,6";"39,0";"10,5";"2423,00";"0,0"
"15/11/2023";"1800";"30,8";"31,9";"30,4";"59,0";"62,0";"56,0";"22,0";"22,7";"21,6";"1006,1";"1006,5";"1006,1";"5,4";"45,0";"11,1";"1840,70";"0,0"
"15/11/2023";"1900";"29,5";"30,8";"29,4";"65,0";"65,0";"59,0";"22,1";"22,7";"21,4";"1006,3";"1006,3";"1006,1";"5,7";"46,0";"11,1";"1180,90";"0,0"
"15/11/2023";"2000";"28,0";"29,5";"28,0";"74,0";"74,0";"64,0";"23,0";"23,0";"21,9";"1006,8";"1006,8";"1006,3";"6,2";"44,0";"10,7";"467,70";"0,0"
"15/11/2023";"2100";"27,5";"28,1";"27,5";"75,0";"75,0";"73,0";"22,6";"23,0";"22,5";"1007,5";"1007,6";"1006,8";"4,1";"46,0";"9,9";"26,10";"0,2"
"15/11/2023";"2200";"27,4";"27,5";"27,4";"74,0";"75,0";"73,0";"22,4";"22,6";"22,2";"1007,9";"1008,0";"1007,5";"4,7";"45,0";"8,3";"";"0,0"
"15/11/2023";"2300";"27,5";"27,5";"27,3";"73,0";"74,0";"72,0";"22,2";"22,3";"21,9";"1008,6";"1008,6";"1007,9";"4,5";"52,0";"9,6";"";"0,0"
"16/11/2023";"0000";"27,5";"27,6";"27,4";"73,0";"73,0";"70,0";"22,3";"22,3";"21,6";"1008,9";"1008,9";"1008,5";"4,4";"60,0";"9,5";"";"0,0"
"16/11/2023";"0100";"27,1";"27,5";"27,1";"72,0";"75,0";"71,0";"21,6";"22,4";"21,5";"1008,9";"1009,1";"1008,9";"4,6";"72,0";"10,6";"";"0,0"
"16/11/2023";"0200";"27,0";"27,2";"26,9";"73,0";"73,0";"71,0";"21,7";"21,8";"21,4";"1008,4";"1008,9";"1008,4";"5,5";"77,0";"10,8";"";"0,0"
"16/11/2023";"0300";"26,8";"27,0";"26,7";"74,0";"74,0";"73,0";"21,7";"21,9";"21,6";"1008,2";"1008,5";"1008,2";"5,4";"73,0";"10,5";"";"0,0"
"16/11/2023";"0400";"26,3";"26,8";"26,3";"77,0";"77,0";"73,0";"21,9";"21,9";"21,6";"1007,4";"1008,2";"1007,4";"3,6";"92,0";"11,0";"";"0,0"
"16/11/2023";"0500";"25,6";"26,3";"25,6";"80,0";"80,0";"77,0";"22,0";"22,1";"21,9";"1007,3";"1007,4";"1007,3";"2,4";"104,0";"6,9";"";"0,0"
"16/11/2023";"0600";"25,0";"25,6";"25,0";"83,0";"83,0";"80,0";"21,9";"22,1";"21,9";"1007,2";"1007,3";"1007,1";"1,9";"114,0";"4,6";"";"0,0"
"16/11/2023";"0700";"24,7";"25,0";"24,7";"84,0";"84,0";"83,0";"21,8";"21,9";"21,8";"1007,6";"1007,6";"1007,1";"1,5";"104,0";"4,6";"";"0,0"
"16/11/2023";"0800";"24,2";"24,7";"24,2";"85,0";"85,0";"84,0";"21,6";"21,8";"21,6";"1008,3";"1008,3";"1007,6";"1,5";"106,0";"3,2";"";"0,0"
"16/11/2023";"0900";"25,7";"25,7";"24,0";"79,0";"86,0";"79,0";"21,9";"21,9";"21,4";"1008,9";"1008,9";"1008,3";"2,1";"110,0";"3,7";"213,80";"0,0"
"16/11/2023";"1000";"27,9";"28,1";"25,7";"66,0";"79,0";"65,0";"21,0";"21,9";"20,7";"1009,4";"1009,4";"1008,9";"4,3";"99,0";"8,3";"917,90";"0,0"
"16/11/2023";"1100";"30,0";"30,0";"27,8";"53,0";"66,0";"53,0";"19,3";"21,0";"19,0";"1009,6";"1009,7";"1009,3";"5,7";"88,0";"10,5";"1611,40";"0,0"
"16/11/2023";"1200";"32,0";"32,3";"29,7";"42,0";"54,0";"42,0";"17,4";"19,7";"17,4";"1009,4";"1009,8";"1009,3";"4,7";"90,0";"10,5";"2175,10";"0,0"
"16/11/2023";"1300";"31,9";"33,1";"31,4";"44,0";"46,0";"41,0";"18,0";"18,8";"17,3";"1008,9";"1009,4";"1008,8";"5,0";"76,0";"10,0";"2516,90";"0,0"
"16/11/2023";"1400";"32,8";"33,4";"31,9";"40,0";"45,0";"39,0";"17,4";"19,0";"17,0";"1008,2";"1008,9";"1008,2";"5,8";"68,0";"10,6";"2850,80";"0,0"
"16/11/2023";"1500";"32,8";"34,0";"32,4";"40,0";"42,0";"38,0";"17,5";"18,3";"17,1";"1007,1";"1008,2";"1007,1";"5,4";"56,0";"10,7";"2992,10";"0,0"
"16/11/2023";"1600";"31,7";"34,0";"31,6";"47,0";"49,0";"38,0";"19,0";"19,8";"17,4";"1006,1";"1007,1";"1006,1";"6,6";"39,0";"11,3";"2836,00";"0,0"
"16/11/2023";"1700";"32,1";"33,2";"31,6";"50,0";"51,0";"44,0";"20,4";"20,7";"18,9";"1005,5";"1006,1";"1005,5";"6,4";"54,0";"12,3";"2432,00";"0,0"
"16/11/2023";"1800";"30,9";"32,2";"30,7";"55,0";"57,0";"50,0";"20,8";"21,6";"20,4";"1005,3";"1005,6";"1005,2";"6,7";"53,0";"12,1";"1860,90";"0,0"
"16/11/2023";"1900";"29,6";"31,4";"29,6";"64,0";"64,0";"54,0";"21,9";"22,2";"20,4";"1005,6";"1005,7";"1005,2";"6,5";"43,0";"13,4";"1205,40";"0,0"
"16/11/2023";"2000";"28,7";"29,7";"28,6";"68,0";"68,0";"64,0";"22,1";"22,5";"21,9";"1005,9";"1005,9";"1005,6";"5,8";"45,0";"11,6";"478,20";"0,0"
"16/11/2023";"2100";"27,7";"28,7";"27,7";"74,0";"74,0";"68,0";"22,7";"22,7";"22,2";"1006,5";"1006,5";"1005,8";"4,6";"50,0";"10,6";"27,90";"0,0"
"16/11/2023";"2200";"27,6";"27,7";"27,6";"74,0";"76,0";"74,0";"22,6";"23,0";"22,6";"1007,0";"1007,1";"1006,5";"5,1";"52,0";"10,2";"";"0,0"
"16/11/2023";"2300";"27,6";"27,8";"27,6";"72,0";"74,0";"71,0";"22,2";"22,6";"21,9";"1007,9";"1007,9";"1007,0";"4,3";"58,0";"11,5";"";"0,0"
"17/11/2023";"0000";"27,3";"27,6";"27,3";"76,0";"77,0";"72,0";"22,8";"22,8";"22,2";"1008,2";"1008,2";"1007,8";"4,7";"64,0";"11,5";"";"0,0"
"17/11/2023";"0100";"27,2";"27,4";"27,2";"74,0";"77,0";"74,0";"22,2";"22,8";"22,2";"1008,4";"1008,5";"1008,2";"5,2";"71,0";"12,1";"";"0,0"
"17/11/2023";"0200";"27,0";"27,4";"27,0";"75,0";"75,0";"73,0";"22,3";"22,3";"22,0";"1008,4";"1008,5";"1008,2";"5,2";"74,0";"12,6";"";"0,0"
"17/11/2023";"0300";"26,6";"27,1";"26,6";"76,0";"77,0";"74,0";"22,1";"22,3";"22,0";"1007,7";"1008,4";"1007,7";"4,2";"82,0";"10,4";"";"0,0"
"17/11/2023";"0400";"26,2";"26,6";"26,2";"74,0";"76,0";"74,0";"21,3";"22,0";"21,3";"1007,8";"1007,8";"1007,6";"3,4";"89,0";"8,1";"";"0,0"
"17/11/2023";"0500";"25,4";"26,2";"25,4";"76,0";"76,0";"74,0";"20,7";"21,3";"20,7";"1007,3";"1007,8";"1007,2";"2,4";"98,0";"6,5";"";"0,0"
"17/11/2023";"0600";"24,9";"25,4";"24,5";"78,0";"79,0";"76,0";"20,7";"20,8";"20,5";"1007,3";"1007,4";"1007,2";"2,2";"103,0";"4,2";"";"0,0"
"17/11/2023";"0700";"24,2";"24,9";"24,1";"81,0";"81,0";"78,0";"20,8";"20,8";"20,6";"1007,9";"1007,9";"1007,3";"1,6";"98,0";"3,8";"";"0,0"
"17/11/2023";"0800";"24,4";"24,5";"24,2";"81,0";"82,0";"80,0";"20,9";"21,0";"20,8";"1008,5";"1008,5";"1007,9";"2,2";"103,0";"3,8";"0,30";"0,0"
"17/11/2023";"0900";"25,4";"25,4";"24,3";"78,0";"81,0";"78,0";"21,3";"21,3";"20,9";"1009,3";"1009,3";"1008,5";"2,4";"97,0";"4,3";"149,40";"0,0"
"17/11/2023";"1000";"28,0";"28,2";"25,4";"62,0";"78,0";"61,0";"20,0";"21,5";"20,0";"1009,9";"1009,9";"1009,3";"4,1";"105,0";"8,2";"913,80";"0,0"
"17/11/2023";"1100";"30,2";"30,3";"28,0";"53,0";"62,0";"52,0";"19,4";"20,3";"19,4";"1010,2";"1010,2";"1009,9";"5,3";"88,0";"9,0";"1722,70";"0,0"
"17/11/2023";"1200";"31,6";"31,6";"29,8";"51,0";"54,0";"49,0";"20,1";"20,1";"19,2";"1009,8";"1010,3";"1009,8";"5,4";"84,0";"10,8";"2134,60";"0,0"
"17/11/2023";"1300";"32,7";"33,0";"31,3";"48,0";"51,0";"46,0";"20,1";"20,4";"19,5";"1009,6";"1009,9";"1009,6";"5,1";"81,0";"9,7";"2501,90";"0,0"
"17/11/2023";"1400";"32,8";"34,0";"32,4";"48,0";"48,0";"41,0";"20,3";"20,6";"18,2";"1008,9";"1009,6";"1008,8";"4,8";"56,0";"11,0";"2804,90";"0,0"
"17/11/2023";"1500";"32,2";"34,3";"31,8";"49,0";"52,0";"39,0";"20,1";"21,0";"17,6";"1008,1";"1008,9";"1008,1";"6,4";"45,0";"12,1";"2927,90";"0,0"
"17/11/2023";"1600";"32,5";"32,9";"31,3";"48,0";"54,0";"47,0";"20,2";"21,1";"19,2";"1007,5";"1008,2";"1007,5";"7,0";"50,0";"12,8";"2714,30";"0,0"
"17/11/2023";"1700";"31,1";"32,9";"30,8";"56,0";"57,0";"48,0";"21,2";"21,8";"20,1";"1006,8";"1007,5";"1006,8";"6,4";"37,0";"12,8";"2405,90";"0,0"
"17/11/2023";"1800";"30,4";"31,7";"30,2";"60,0";"61,0";"54,0";"21,7";"22,3";"20,6";"1006,7";"1006,8";"1006,6";"6,6";"35,0";"13,0";"1848,80";"0,0"
"17/11/2023";"1900";"29,3";"30,7";"29,2";"66,0";"66,0";"59,0";"22,3";"22,6";"21,5";"1006,6";"1006,8";"1006,5";"5,7";"46,0";"13,3";"1101,50";"0,0"
"17/11/2023";"2000";"28,2";"29,5";"28,2";"73,0";"73,0";"65,0";"23,0";"23,2";"22,1";"1007,1";"1007,1";"1006,6";"5,1";"57,0";"10,1";"406,20";"0,0"
"17/11/2023";"2100";"27,6";"28,2";"27,6";"77,0";"77,0";"71,0";"23,2";"23,2";"22,3";"1007,3";"1007,3";"1007,1";"3,8";"49,0";"9,5";"26,10";"0,0"
"17/11/2023";"2200";"27,3";"27,6";"27,3";"77,0";"79,0";"77,0";"23,0";"23,6";"22,9";"1007,7";"1007,7";"1007,3";"4,3";"49,0";"9,8";"";"0,0"
"17/11/2023";"2300";"27,2";"27,4";"27,1";"77,0";"79,0";"76,0";"22,8";"23,3";"22,7";"1008,2";"1008,2";"1007,7";"3,3";"49,0";"9,6";"";"0,0"
"18/11/2023";"0000";"27,2";"27,3";"27,1";"76,0";"78,0";"76,0";"22,5";"22,9";"22,5";"1008,9";"1008,9";"1008,2";"3,7";"58,0";"8,2";"";"0,0"
"18/11/2023";"0100";"27,0";"27,2";"27,0";"77,0";"78,0";"76,0";"22,7";"22,9";"22,5";"1008,9";"1008,9";"1008,7";"3,5";"64,0";"9,4";"";"0,0"
"18/11/2023";"0200";"27,1";"27,2";"27,0";"76,0";"78,0";"76,0";"22,6";"22,8";"22,5";"1008,7";"1009,0";"1008,6";"4,6";"73,0";"9,4";"";"0,0"
"18/11/2023";"0300";"26,9";"27,1";"26,9";"78,0";"78,0";"75,0";"22,8";"23,0";"22,3";"1008,4";"1008,7";"1008,4";"3,2";"86,0";"9,4";"";"0,0"
"18/11/2023";"0400";"26,7";"26,9";"26,6";"79,0";"79,0";"78,0";"22,6";"22,8";"22,6";"1008,2";"1008,5";"1008,2";"2,5";"92,0";"6,4";"";"0,0"
"18/11/2023";"0500";"25,7";"26,7";"25,7";"80,0";"80,0";"78,0";"22,1";"22,6";"22,1";"1008,1";"1008,2";"1008,1";"1,5";"108,0";"6,2";"";"0,0"
"18/11/2023";"0600";"24,6";"25,7";"24,6";"85,0";"85,0";"80,0";"21,9";"22,1";"21,9";"1008,1";"1008,2";"1008,0";"0,7";"132,0";"2,8";"";"0,0"
"18/11/2023";"0700";"24,6";"24,6";"24,3";"86,0";"87,0";"85,0";"22,1";"22,2";"21,9";"1008,8";"1008,8";"1008,1";"1,6";"114,0";"3,2";"";"0,0"
"18/11/2023";"0800";"24,5";"24,6";"24,2";"87,0";"87,0";"86,0";"22,2";"22,2";"21,9";"1009,5";"1009,5";"1008,8";"2,1";"107,0";"4,3";"";"0,0"
"18/11/2023";"0900";"25,6";"25,6";"24,5";"82,0";"87,0";"82,0";"22,3";"22,4";"22,2";"1010,1";"1010,1";"1009,5";"1,7";"136,0";"4,6";"192,70";"0,0"
"18/11/2023";"1000";"27,9";"27,9";"25,6";"70,0";"82,0";"70,0";"21,9";"22,5";"21,8";"1010,7";"1010,7";"1010,1";"3,1";"118,0";"5,8";"876,70";"0,0"
"18/11/2023";"1100";"29,7";"29,8";"27,9";"61,0";"70,0";"60,0";"21,3";"22,1";"21,1";"1011,0";"1011,0";"1010,6";"3,7";"102,0";"7,2";"1462,70";"0,0"
"18/11/2023";"1200";"30,8";"30,8";"29,7";"58,0";"61,0";"57,0";"21,5";"21,7";"20,9";"1010,9";"1011,0";"1010,8";"3,1";"104,0";"7,3";"1594,20";"0,0"
"18/11/2023";"1300";"32,2";"32,3";"30,7";"48,0";"58,0";"48,0";"19,9";"21,7";"19,9";"1010,7";"1010,9";"1010,6";"5,0";"57,0";"8,5";"2394,10";"0,0"
"18/11/2023";"1400";"32,1";"33,1";"31,6";"48,0";"51,0";"46,0";"19,8";"20,8";"19,3";"1009,9";"1010,7";"1009,9";"5,3";"59,0";"10,3";"2779,40";"0,0"
"18/11/2023";"1500";"32,6";"33,3";"31,8";"48,0";"50,0";"45,0";"20,1";"20,6";"19,4";"1009,0";"1009,9";"1009,0";"5,9";"57,0";"11,1";"2899,00";"0,0"
"18/11/2023";"1600";"32,2";"33,7";"32,0";"50,0";"50,0";"45,0";"20,4";"20,6";"19,7";"1007,9";"1009,0";"1007,8";"6,2";"44,0";"10,4";"2773,70";"0,0"
"18/11/2023";"1700";"32,0";"32,9";"31,4";"54,0";"56,0";"48,0";"21,6";"21,9";"19,9";"1007,2";"1007,9";"1007,1";"5,1";"50,0";"10,4";"2407,40";"0,0"
"18/11/2023";"1800";"30,5";"32,0";"30,1";"62,0";"63,0";"54,0";"22,2";"22,6";"20,8";"1007,2";"1007,3";"1006,9";"5,3";"43,0";"10,5";"1837,50";"0,0"
"18/11/2023";"1900";"29,4";"30,9";"29,4";"70,0";"70,0";"61,0";"23,3";"23,5";"22,1";"1007,7";"1007,7";"1007,1";"4,9";"33,0";"9,5";"1209,90";"0,0"
"18/11/2023";"2000";"28,3";"29,4";"28,2";"73,0";"73,0";"69,0";"23,0";"23,6";"23,0";"1007,8";"1007,8";"1007,7";"4,7";"48,0";"10,0";"444,60";"0,0"
"18/11/2023";"2100";"27,6";"28,3";"27,6";"79,0";"79,0";"73,0";"23,6";"23,6";"22,9";"1008,4";"1008,4";"1007,8";"4,2";"51,0";"9,3";"23,60";"0,0"
"18/11/2023";"2200";"27,5";"27,6";"27,4";"78,0";"79,0";"77,0";"23,3";"23,7";"23,2";"1009,3";"1009,3";"1008,4";"3,3";"54,0";"7,9";"";"0,0"
"18/11/2023";"2300";"27,5";"27,5";"27,5";"80,0";"80,0";"78,0";"23,7";"23,7";"23,3";"1010,0";"1010,1";"1009,3";"3,0";"56,0";"8,5";"";"0,0"
"19/11/2023";"0000";"27,6";"27,6";"27,5";"79,0";"80,0";"78,0";"23,6";"23,7";"23,4";"1010,5";"1010,5";"1010,0";"4,1";"55,0";"9,0";"";"0,0"
"19/11/2023";"0100";"26,5";"27,6";"26,4";"84,0";"85,0";"78,0";"23,5";"23,9";"23,4";"1010,2";"1010,5";"1010,2";"3,6";"69,0";"9,4";"";"0,2"
"19/11/2023";"0200";"26,8";"26,9";"26,5";"82,0";"84,0";"80,0";"23,4";"23,6";"23,2";"1009,7";"1010,3";"1009,7";"3,4";"73,0";"7,6";"";"0,0"
"19/11/2023";"0300";"26,9";"27,1";"26,8";"81,0";"82,0";"80,0";"23,4";"23,5";"23,2";"1009,4";"1009,7";"1009,4";"3,1";"76,0";"7,7";"";"0,0"
"19/11/2023";"0400";"26,9";"26,9";"26,8";"82,0";"83,0";"81,0";"23,6";"23,7";"23,4";"1008,8";"1009,4";"1008,8";"3,3";"75,0";"6,7";"";"0,0"
"19/11/2023";"0500";"26,4";"26,9";"26,4";"82,0";"83,0";"82,0";"23,1";"23,6";"23,1";"1008,8";"1008,8";"1008,7";"1,2";"126,0";"6,7";"";"0,0"
"19/11/2023";"0600";"26,2";"26,4";"26,0";"83,0";"84,0";"82,0";"23,1";"23,1";"22,9";"1008,6";"1008,8";"1008,6";"1,3";"126,0";"2,7";"";"0,0"
"19/11/2023";"0700";"26,1";"26,2";"26,1";"82,0";"83,0";"82,0";"22,8";"23,1";"22,8";"1009,0";"1009,0";"1008,6";"1,6";"119,0";"3,7";"";"0,0"
"19/11/2023";"0800";"25,8";"26,2";"25,8";"83,0";"83,0";"81,0";"22,6";"22,9";"22,5";"1009,4";"1009,4";"1009,0";"1,3";"133,0";"4,1";"";"0,0"
"19/11/2023";"0900";"26,7";"26,7";"25,7";"80,0";"83,0";"80,0";"22,9";"22,9";"22,5";"1009,8";"1009,8";"1009,3";"1,6";"111,0";"3,9";"165,50";"0,0"
"19/11/2023";"1000";"28,3";"28,6";"26,7";"70,0";"80,0";"70,0";"22,4";"23,0";"22,4";"1010,3";"1010,3";"1009,8";"3,1";"108,0";"6,6";"795,30";"0,0"
"19/11/2023";"1100";"29,9";"30,5";"28,3";"62,0";"71,0";"61,0";"21,8";"22,6";"21,8";"1010,4";"1010,6";"1010,3";"3,7";"80,0";"7,4";"1246,50";"0,0"
"19/11/2023";"1200";"31,0";"31,0";"29,8";"58,0";"63,0";"57,0";"21,8";"22,2";"21,2";"1010,3";"1010,4";"1010,2";"4,8";"63,0";"9,6";"2070,70";"0,0"
"19/11/2023";"1300";"31,9";"32,2";"30,5";"54,0";"58,0";"53,0";"21,4";"21,9";"21,0";"1010,0";"1010,4";"1010,0";"5,3";"62,0";"10,9";"2559,00";"0,0"
"19/11/2023";"1400";"32,2";"32,4";"31,2";"49,0";"54,0";"49,0";"20,2";"21,5";"20,0";"1009,2";"1010,0";"1009,2";"5,9";"58,0";"10,5";"2839,00";"0,0"
"19/11/2023";"1500";"31,9";"33,2";"31,6";"52,0";"52,0";"48,0";"20,8";"21,1";"19,6";"1008,5";"1009,2";"1008,4";"5,7";"65,0";"11,1";"2958,60";"0,0"
"19/11/2023";"1600";"32,3";"33,5";"32,0";"54,0";"55,0";"45,0";"21,8";"21,9";"19,6";"1007,4";"1008,5";"1007,4";"5,6";"35,0";"11,4";"2800,70";"0,0"
"19/11/2023";"1700";"31,8";"32,9";"31,3";"57,0";"60,0";"50,0";"22,2";"22,6";"20,7";"1007,6";"1007,7";"1007,4";"5,5";"37,0";"11,3";"2299,70";"0,0"
"19/11/2023";"1800";"30,9";"32,1";"30,3";"62,0";"63,0";"54,0";"22,6";"22,8";"21,0";"1007,5";"1007,8";"1007,4";"5,1";"30,0";"11,5";"1762,00";"0,0"
"19/11/2023";"1900";"29,5";"30,9";"29,5";"68,0";"68,0";"61,0";"23,0";"23,3";"22,1";"1007,8";"1007,8";"1007,4";"5,2";"38,0";"10,7";"1196,00";"0,0"
"19/11/2023";"2000";"28,3";"29,6";"28,3";"75,0";"75,0";"67,0";"23,4";"23,4";"22,4";"1008,0";"1008,1";"1007,7";"5,3";"27,0";"10,3";"454,40";"0,0"
"19/11/2023";"2100";"27,8";"28,3";"27,7";"77,0";"78,0";"74,0";"23,4";"23,7";"23,3";"1008,4";"1008,4";"1007,9";"4,5";"43,0";"9,1";"22,30";"0,0"
"19/11/2023";"2200";"27,6";"27,8";"27,5";"77,0";"78,0";"76,0";"23,2";"23,4";"23,1";"1008,9";"1008,9";"1008,4";"4,2";"44,0";"9,0";"";"0,0"
"19/11/2023";"2300";"27,4";"27,6";"27,4";"79,0";"79,0";"77,0";"23,4";"23,4";"23,2";"1009,0";"1009,1";"1008,9";"3,1";"53,0";"7,9";"";"0,0"
"20/11/2023";"0000";"27,4";"27,4";"27,3";"78,0";"80,0";"78,0";"23,4";"23,5";"23,3";"1009,2";"1009,3";"1009,0";"4,1";"56,0";"7,8";"";"0,0"
"20/11/2023";"0100";"27,4";"27,5";"27,3";"80,0";"80,0";"78,0";"23,7";"23,7";"23,3";"1009,1";"1009,4";"1009,1";"3,6";"59,0";"8,0";"";"0,0"
"20/11/2023";"0200";"27,1";"27,4";"27,1";"79,0";"80,0";"78,0";"23,1";"23,7";"23,1";"1008,6";"1009,1";"1008,6";"3,1";"62,0";"7,6";"";"0,0"
"20/11/2023";"0300";"26,9";"27,1";"26,9";"79,0";"80,0";"79,0";"23,0";"23,4";"23,0";"1008,0";"1008,6";"1007,9";"2,8";"63,0";"5,9";"";"0,0"
"20/11/2023";"0400";"26,5";"26,9";"26,5";"82,0";"82,0";"79,0";"23,2";"23,2";"22,8";"1007,2";"1008,0";"1007,2";"2,0";"57,0";"5,7";"";"0,0"
"20/11/2023";"0500";"26,8";"26,8";"26,5";"80,0";"82,0";"80,0";"23,0";"23,2";"23,0";"1007,1";"1007,2";"1007,0";"2,2";"71,0";"5,4";"";"0,0"
"20/11/2023";"0600";"26,5";"26,8";"26,4";"81,0";"81,0";"79,0";"23,0";"23,1";"22,8";"1006,9";"1007,1";"1006,7";"1,9";"114,0";"6,0";"";"0,0"
"20/11/2023";"0700";"25,7";"26,5";"25,7";"84,0";"84,0";"81,0";"22,8";"23,1";"22,8";"1007,5";"1007,5";"1006,9";"0,9";"126,0";"5,0";"";"0,0"
"20/11/2023";"0800";"25,8";"25,8";"25,7";"84,0";"85,0";"84,0";"22,9";"23,0";"22,8";"1008,5";"1008,5";"1007,5";"0,7";"147,0";"3,7";"0,10";"0,0"
"20/11/2023";"0900";"25,6";"25,8";"25,4";"85,0";"85,0";"84,0";"22,9";"22,9";"22,7";"1009,3";"1009,3";"1008,5";"1,2";"99,0";"2,3";"58,60";"0,0"
"20/11/2023";"1000";"27,3";"27,9";"25,6";"78,0";"85,0";"77,0";"23,1";"23,6";"22,9";"1009,8";"1009,8";"1009,3";"2,6";"106,0";"4,5";"724,90";"0,0"
"20/11/2023";"1100";"28,6";"29,4";"27,3";"68,0";"78,0";"68,0";"22,2";"23,4";"22,2";"1010,4";"1010,4";"1009,8";"3,2";"54,0";"6,8";"907,50";"0,0"
"20/11/2023";"1200";"30,5";"30,6";"28,6";"59,0";"68,0";"59,0";"21,7";"22,6";"21,5";"1010,6";"1010,7";"1010,3";"4,0";"63,0";"9,3";"1789,10";"0,0"
"20/11/2023";"1300";"30,6";"31,7";"29,8";"61,0";"62,0";"57,0";"22,1";"22,6";"21,2";"1010,5";"1010,7";"1010,5";"4,5";"52,0";"9,7";"2003,50";"0,0"
"20/11/2023";"1400";"30,9";"32,1";"30,1";"59,0";"61,0";"55,0";"22,0";"22,4";"21,1";"1009,8";"1010,5";"1009,8";"5,5";"53,0";"10,0";"2252,70";"0,0"
"20/11/2023";"1500";"31,8";"32,3";"30,6";"54,0";"59,0";"53,0";"21,5";"22,3";"20,8";"1009,3";"1009,9";"1009,3";"4,7";"42,0";"10,1";"2731,90";"0,0"
"20/11/2023";"1600";"31,7";"32,5";"30,7";"54,0";"58,0";"53,0";"21,3";"22,0";"20,7";"1008,6";"1009,4";"1008,6";"5,7";"64,0";"11,4";"2652,10";"0,0"
"20/11/2023";"1700";"30,9";"32,2";"30,8";"53,0";"56,0";"51,0";"20,3";"21,6";"20,3";"1007,4";"1008,6";"1007,4";"5,5";"53,0";"11,1";"2347,80";"0,0"
"20/11/2023";"1800";"30,4";"31,8";"30,4";"57,0";"57,0";"52,0";"21,1";"21,4";"20,3";"1007,3";"1007,5";"1007,3";"5,1";"49,0";"10,5";"1842,50";"0,0"
"20/11/2023";"1900";"29,5";"31,3";"29,5";"65,0";"65,0";"56,0";"22,3";"22,3";"20,5";"1007,3";"1007,3";"1007,0";"4,8";"46,0";"9,3";"1172,70";"0,0"
"20/11/2023";"2000";"28,5";"29,7";"28,5";"70,0";"70,0";"63,0";"22,5";"22,6";"21,6";"1007,5";"1007,5";"1007,2";"4,5";"47,0";"8,5";"470,90";"0,0"
"20/11/2023";"2100";"27,6";"28,5";"27,6";"76,0";"76,0";"70,0";"23,0";"23,0";"22,4";"1007,9";"1008,0";"1007,5";"3,3";"46,0";"7,8";"28,80";"0,0"
"20/11/2023";"2200";"27,2";"27,6";"27,2";"78,0";"79,0";"76,0";"23,1";"23,2";"23,0";"1008,5";"1008,5";"1007,9";"2,6";"55,0";"6,0";"";"0,0"
"20/11/2023";"2300";"27,2";"27,3";"27,2";"79,0";"79,0";"78,0";"23,3";"23,3";"23,1";"1009,2";"1009,2";"1008,5";"2,6";"56,0";"5,4";"";"0,0"
"21/11/2023";"0000";"27,2";"27,3";"27,2";"78,0";"79,0";"78,0";"23,1";"23,3";"23,1";"1009,3";"1009,4";"1009,1";"3,5";"58,0";"7,0";"";"0,0"
"21/11/2023";"0100";"27,2";"27,3";"27,1";"79,0";"80,0";"78,0";"23,2";"23,4";"23,1";"1009,3";"1009,5";"1009,3";"3,4";"64,0";"7,1";"";"0,0"
"21/11/2023";"0200";"27,1";"27,2";"27,1";"80,0";"80,0";"79,0";"23,3";"23,4";"23,2";"1009,1";"1009,4";"1009,1";"3,5";"72,0";"6,7";"";"0,0"
"21/11/2023";"0300";"27,0";"27,1";"27,0";"80,0";"80,0";"79,0";"23,2";"23,3";"23,2";"1008,3";"1009,1";"1008,3";"2,8";"70,0";"7,0";"";"0,0"
"21/11/2023";"0400";"26,7";"27,0";"26,7";"81,0";"81,0";"79,0";"23,1";"23,3";"23,1";"1007,8";"1008,3";"1007,8";"2,6";"61,0";"6,3";"";"0,0"
"21/11/2023";"0500";"26,1";"27,0";"26,1";"83,0";"83,0";"80,0";"23,0";"23,3";"22,9";"1007,5";"1007,8";"1007,5";"1,2";"117,0";"5,4";"";"0,0"
"21/11/2023";"0600";"25,1";"26,1";"25,1";"86,0";"86,0";"83,0";"22,6";"22,9";"22,6";"1007,5";"1007,5";"1007,3";"1,0";"146,0";"2,5";"";"0,0"
"21/11/2023";"0700";"24,7";"25,1";"24,7";"87,0";"87,0";"86,0";"22,4";"22,6";"22,4";"1007,7";"1007,7";"1007,4";"0,9";"130,0";"2,5";"";"0,0"
"21/11/2023";"0800";"24,9";"24,9";"24,7";"87,0";"88,0";"87,0";"22,6";"22,6";"22,4";"1008,4";"1008,4";"1007,7";"1,0";"148,0";"2,7";"0,10";"0,0"
"21/11/2023";"0900";"25,3";"25,3";"24,9";"86,0";"87,0";"86,0";"22,7";"22,8";"22,5";"1008,5";"1008,5";"1008,3";"1,1";"127,0";"3,2";"82,70";"0,0"
"21/11/2023";"1000";"28,4";"28,5";"25,3";"70,0";"86,0";"70,0";"22,5";"23,4";"22,4";"1009,3";"1009,3";"1008,5";"3,6";"103,0";"7,5";"800,10";"0,0"
"21/11/2023";"1100";"30,0";"30,2";"28,3";"60,0";"70,0";"60,0";"21,5";"22,6";"21,5";"1009,4";"1009,5";"1009,3";"4,9";"82,0";"8,7";"1257,50";"0,0"
"21/11/2023";"1200";"31,5";"32,0";"29,8";"58,0";"61,0";"54,0";"22,1";"22,1";"20,9";"1009,0";"1009,4";"1009,0";"4,8";"77,0";"9,8";"1781,80";"0,0"
"21/11/2023";"1300";"31,5";"32,4";"31,0";"51,0";"58,0";"49,0";"20,2";"22,0";"19,8";"1009,0";"1009,2";"1008,9";"6,2";"61,0";"12,1";"2473,50";"0,0"
"21/11/2023";"1400";"32,8";"32,8";"31,4";"51,0";"52,0";"46,0";"21,4";"21,4";"19,3";"1008,3";"1009,0";"1008,3";"5,5";"55,0";"12,1";"2775,90";"0,0"
"21/11/2023";"1500";"32,2";"33,0";"31,5";"54,0";"57,0";"50,0";"21,8";"22,3";"20,4";"1007,4";"1008,3";"1007,3";"6,5";"61,0";"11,8";"2911,10";"0,0"
"21/11/2023";"1600";"32,3";"32,8";"31,6";"52,0";"57,0";"50,0";"21,1";"22,3";"20,3";"1006,5";"1007,4";"1006,5";"5,9";"56,0";"11,3";"2776,80";"0,0"
"21/11/2023";"1700";"31,2";"32,2";"31,0";"59,0";"60,0";"52,0";"22,2";"22,3";"20,8";"1005,9";"1006,5";"1005,9";"7,0";"52,0";"12,5";"2397,70";"0,0"
"21/11/2023";"1800";"31,2";"31,9";"30,4";"61,0";"61,0";"57,0";"22,7";"22,9";"21,6";"1005,8";"1006,0";"1005,7";"5,7";"55,0";"12,5";"1652,20";"0,0"
"21/11/2023";"1900";"29,9";"31,2";"29,7";"65,0";"67,0";"61,0";"22,5";"23,4";"22,3";"1006,0";"1006,0";"1005,7";"7,1";"49,0";"13,4";"1256,60";"0,0"
"21/11/2023";"2000";"28,6";"29,9";"28,6";"71,0";"72,0";"64,0";"22,9";"23,5";"22,4";"1006,3";"1006,4";"1005,9";"5,7";"50,0";"13,4";"495,00";"0,0"
"21/11/2023";"2100";"28,2";"28,6";"28,2";"72,0";"72,0";"71,0";"22,8";"22,9";"22,5";"1006,6";"1006,6";"1006,3";"4,6";"49,0";"10,0";"27,20";"0,0"
"21/11/2023";"2200";"28,1";"28,2";"28,1";"72,0";"73,0";"68,0";"22,7";"22,9";"21,8";"1007,2";"1007,2";"1006,6";"4,9";"53,0";"10,7";"";"0,0"
"21/11/2023";"2300";"27,9";"28,2";"27,9";"78,0";"78,0";"72,0";"23,6";"23,6";"22,7";"1007,9";"1007,9";"1007,2";"4,9";"64,0";"10,1";"";"0,0"
"22/11/2023";"0000";"27,8";"27,9";"27,8";"79,0";"79,0";"78,0";"23,7";"23,9";"23,6";"1008,5";"1008,5";"1007,9";"5,5";"64,0";"11,0";"";"0,0"
"22/11/2023";"0100";"27,6";"27,8";"27,6";"71,0";"79,0";"69,0";"21,9";"23,7";"21,6";"1008,1";"1008,5";"1008,1";"5,1";"74,0";"10,1";"";"0,0"
"22/11/2023";"0200";"27,2";"27,6";"27,2";"74,0";"75,0";"71,0";"22,2";"22,3";"21,8";"1007,9";"1008,2";"1007,9";"3,8";"83,0";"10,0";"";"0,0"
"22/11/2023";"0300";"26,6";"27,2";"26,6";"76,0";"76,0";"74,0";"22,1";"22,4";"22,1";"1007,7";"1007,9";"1007,6";"2,5";"111,0";"9,5";"";"0,0"
"22/11/2023";"0400";"26,0";"26,6";"26,0";"78,0";"78,0";"76,0";"21,9";"22,1";"21,9";"1007,2";"1007,7";"1007,2";"2,5";"93,0";"6,6";"";"0,0"
"22/11/2023";"0500";"25,6";"26,0";"25,6";"80,0";"80,0";"78,0";"21,9";"21,9";"21,9";"1006,9";"1007,2";"1006,8";"2,5";"90,0";"5,4";"";"0,0"
"22/11/2023";"0600";"25,2";"25,6";"25,2";"81,0";"81,0";"80,0";"21,7";"21,9";"21,7";"1007,2";"1007,2";"1006,9";"2,0";"102,0";"4,6";"";"0,0"
"22/11/2023";"0700";"25,1";"25,2";"25,0";"82,0";"82,0";"81,0";"21,9";"21,9";"21,7";"1007,5";"1007,5";"1007,1";"2,2";"106,0";"4,9";"";"0,0"
"22/11/2023";"0800";"24,6";"25,1";"24,6";"84,0";"84,0";"82,0";"21,7";"21,9";"21,7";"1007,7";"1007,7";"1007,5";"1,7";"100,0";"4,1";"";"0,0"
"22/11/2023";"0900";"26,0";"26,0";"24,5";"79,0";"84,0";"79,0";"22,1";"22,1";"21,7";"1008,3";"1008,3";"1007,7";"3,0";"98,0";"5,9";"186,40";"0,0"
"22/11/2023";"1000";"27,8";"27,9";"26,0";"69,0";"79,0";"69,0";"21,6";"22,1";"21,6";"1009,4";"1009,4";"1008,3";"4,6";"103,0";"8,8";"875,00";"0,0"
"22/11/2023";"1100";"29,1";"29,5";"27,8";"61,0";"69,0";"59,0";"20,8";"21,8";"20,3";"1009,9";"1010,0";"1009,4";"5,0";"93,0";"9,8";"1327,40";"0,0"
"22/11/2023";"1200";"30,0";"31,3";"29,2";"56,0";"61,0";"52,0";"20,3";"20,9";"19,7";"1010,1";"1010,1";"1009,8";"4,9";"90,0";"10,9";"1646,10";"0,0"
"22/11/2023";"1300";"31,4";"32,3";"30,0";"48,0";"56,0";"47,0";"19,2";"20,6";"19,2";"1009,7";"1010,1";"1009,7";"6,1";"65,0";"11,7";"2191,90";"0,0"
"22/11/2023";"1400";"31,4";"32,5";"30,9";"54,0";"54,0";"46,0";"20,9";"20,9";"18,5";"1009,1";"1009,7";"1009,1";"5,9";"52,0";"11,5";"2782,20";"0,0"
"22/11/2023";"1500";"32,5";"32,8";"31,1";"49,0";"54,0";"48,0";"20,4";"21,2";"20,0";"1008,3";"1009,2";"1008,3";"6,0";"71,0";"11,5";"2946,50";"0,0"
"22/11/2023";"1600";"31,7";"32,9";"31,4";"53,0";"53,0";"47,0";"20,9";"21,0";"19,8";"1007,6";"1008,3";"1007,5";"6,3";"64,0";"11,5";"2820,20";"0,0"
"22/11/2023";"1700";"31,9";"32,6";"31,1";"50,0";"56,0";"49,0";"20,3";"21,8";"20,1";"1007,1";"1007,6";"1006,9";"6,4";"57,0";"11,9";"2447,60";"0,0"
"22/11/2023";"1800";"31,0";"32,1";"30,9";"53,0";"55,0";"50,0";"20,3";"21,3";"19,8";"1006,5";"1007,1";"1006,5";"6,1";"54,0";"11,9";"1883,50";"0,0"
"22/11/2023";"1900";"30,0";"31,5";"30,0";"61,0";"61,0";"52,0";"21,6";"21,7";"20,1";"1006,7";"1006,7";"1006,5";"5,8";"50,0";"11,5";"1220,00";"0,0"
"22/11/2023";"2000";"28,9";"30,0";"28,9";"69,0";"69,0";"61,0";"22,5";"22,5";"21,5";"1006,8";"1006,9";"1006,6";"4,7";"55,0";"10,4";"487,30";"0,0"
"22/11/2023";"2100";"27,9";"28,9";"27,9";"75,0";"75,0";"69,0";"23,1";"23,1";"22,6";"1007,0";"1007,1";"1006,8";"4,7";"58,0";"9,5";"29,00";"0,0"
"22/11/2023";"2200";"27,8";"27,9";"27,8";"75,0";"76,0";"74,0";"23,0";"23,2";"22,9";"1007,8";"1007,8";"1007,0";"4,6";"55,0";"10,7";"";"0,0"
"22/11/2023";"2300";"27,9";"28,0";"27,8";"73,0";"76,0";"73,0";"22,7";"23,1";"22,7";"1008,4";"1008,4";"1007,8";"6,1";"63,0";"11,7";"";"0,0"
"23/11/2023";"0000";"27,9";"28,1";"27,9";"70,0";"73,0";"70,0";"21,9";"22,7";"21,9";"1008,9";"1008,9";"1008,4";"5,9";"74,0";"12,2";"";"0,0"
"23/11/2023";"0100";"27,3";"28,0";"27,3";"73,0";"73,0";"68,0";"22,0";"22,3";"21,4";"1008,7";"1008,9";"1008,7";"5,4";"80,0";"12,0";"";"0,0"
"23/11/2023";"0200";"26,7";"27,3";"26,7";"71,0";"73,0";"70,0";"21,0";"22,0";"21,0";"1009,0";"1009,0";"1008,7";"3,9";"90,0";"9,7";"";"0,0"
"23/11/2023";"0300";"26,1";"26,7";"26,1";"75,0";"75,0";"71,0";"21,2";"21,2";"20,9";"1008,6";"1009,0";"1008,6";"3,3";"91,0";"7,0";"";"0,0"
"23/11/2023";"0400";"25,7";"26,1";"25,7";"78,0";"78,0";"75,0";"21,5";"21,5";"21,2";"1008,2";"1008,6";"1008,2";"3,6";"88,0";"6,8";"";"0,0"
"23/11/2023";"0500";"25,5";"25,7";"25,4";"79,0";"79,0";"78,0";"21,6";"21,6";"21,5";"1008,2";"1008,3";"1008,2";"3,6";"87,0";"7,2";"";"0,0"
"23/11/2023";"0600";"24,8";"25,5";"24,8";"82,0";"82,0";"79,0";"21,5";"21,6";"21,4";"1008,6";"1008,6";"1008,2";"2,0";"100,0";"7,1";"";"0,0"
"23/11/2023";"0700";"24,3";"24,9";"24,3";"84,0";"84,0";"82,0";"21,4";"21,6";"21,4";"1009,1";"1009,1";"1008,6";"1,6";"110,0";"4,7";"";"0,0"
"23/11/2023";"0800";"24,4";"24,4";"24,2";"85,0";"85,0";"84,0";"21,7";"21,7";"21,3";"1009,7";"1009,7";"1009,1";"2,0";"102,0";"5,0";"";"0,0"
"23/11/2023";"0900";"25,8";"25,8";"24,4";"80,0";"85,0";"80,0";"22,1";"22,1";"21,7";"1010,5";"1010,5";"1009,7";"2,3";"103,0";"5,0";"201,60";"0,0"
"23/11/2023";"1000";"27,4";"28,2";"25,8";"69,0";"80,0";"67,0";"21,1";"22,2";"21,1";"1011,6";"1011,6";"1010,5";"3,8";"98,0";"8,8";"809,90";"0,0"
"23/11/2023";"1100";"28,4";"28,6";"27,2";"66,0";"70,0";"66,0";"21,4";"21,7";"21,1";"1012,0";"1012,0";"1011,6";"4,5";"105,0";"9,4";"841,20";"0,0"
"23/11/2023";"1200";"28,8";"28,8";"27,4";"66,0";"72,0";"65,0";"21,8";"22,2";"21,3";"1012,2";"1012,4";"1011,9";"4,6";"106,0";"10,1";"1183,40";"0,0"
"23/11/2023";"1300";"31,4";"31,7";"28,8";"53,0";"66,0";"52,0";"20,7";"21,8";"20,5";"1011,3";"1012,2";"1011,3";"5,3";"90,0";"9,5";"2051,00";"0,0"
"23/11/2023";"1400";"32,1";"32,9";"31,3";"52,0";"54,0";"48,0";"21,0";"21,3";"20,0";"1010,4";"1011,5";"1010,4";"4,8";"68,0";"9,4";"2365,30";"0,0"
"23/11/2023";"1500";"33,4";"33,7";"31,9";"47,0";"52,0";"46,0";"20,5";"21,1";"20,2";"1009,4";"1010,4";"1009,4";"4,0";"60,0";"9,8";"2933,50";"0,0"
"23/11/2023";"1600";"32,1";"33,9";"31,6";"53,0";"55,0";"46,0";"21,3";"21,6";"20,1";"1008,6";"1009,4";"1008,6";"5,7";"54,0";"10,0";"2787,40";"0,0"
"23/11/2023";"1700";"31,4";"32,6";"31,4";"56,0";"58,0";"53,0";"21,6";"22,5";"21,1";"1008,0";"1008,6";"1007,9";"5,4";"49,0";"9,7";"2422,80";"0,0"
"23/11/2023";"1800";"30,8";"32,0";"30,5";"59,0";"60,0";"54,0";"22,0";"22,3";"21,1";"1007,6";"1008,0";"1007,5";"6,2";"47,0";"12,2";"1870,80";"0,0"
"23/11/2023";"1900";"30,2";"31,3";"30,0";"61,0";"61,0";"57,0";"21,8";"22,3";"21,3";"1007,8";"1007,8";"1007,5";"5,1";"49,0";"12,2";"1212,30";"0,0"
"23/11/2023";"2000";"28,7";"30,5";"28,7";"68,0";"69,0";"59,0";"22,2";"22,4";"21,5";"1008,1";"1008,2";"1007,7";"5,4";"46,0";"10,2";"499,70";"0,0"
"23/11/2023";"2100";"28,0";"28,7";"28,0";"72,0";"72,0";"68,0";"22,4";"22,4";"21,8";"1008,9";"1008,9";"1008,1";"4,7";"46,0";"10,5";"27,20";"0,0"
"23/11/2023";"2200";"27,8";"28,0";"27,8";"75,0";"75,0";"72,0";"22,9";"22,9";"22,3";"1009,6";"1009,6";"1008,8";"4,2";"43,0";"8,1";"";"0,0"
"23/11/2023";"2300";"28,1";"28,2";"27,8";"72,0";"75,0";"72,0";"22,6";"23,0";"22,5";"1010,2";"1010,3";"1009,6";"5,0";"61,0";"9,3";"";"0,0"
"24/11/2023";"0000";"27,9";"28,1";"27,8";"70,0";"73,0";"69,0";"21,9";"22,6";"21,7";"1010,9";"1010,9";"1010,2";"5,7";"73,0";"11,4";"";"0,0"
"24/11/2023";"0100";"27,4";"27,9";"27,4";"71,0";"71,0";"68,0";"21,5";"22,0";"21,3";"1011,0";"1011,0";"1010,8";"5,3";"73,0";"13,2";"";"0,0"
"24/11/2023";"0200";"26,8";"27,4";"26,8";"74,0";"74,0";"70,0";"21,8";"21,8";"21,4";"1010,8";"1011,1";"1010,8";"4,9";"78,0";"12,4";"";"0,0"
"24/11/2023";"0300";"26,5";"26,8";"26,5";"75,0";"75,0";"74,0";"21,6";"21,8";"21,6";"1010,0";"1010,8";"1010,0";"3,8";"80,0";"10,7";"";"0,0"
"24/11/2023";"0400";"25,9";"26,5";"25,9";"76,0";"76,0";"74,0";"21,3";"21,7";"21,3";"1009,2";"1010,0";"1009,2";"3,3";"89,0";"8,5";"";"0,0"
"24/11/2023";"0500";"25,0";"25,9";"25,0";"80,0";"80,0";"76,0";"21,3";"21,4";"21,2";"1009,0";"1009,2";"1008,9";"2,2";"99,0";"7,3";"";"0,0"
"24/11/2023";"0600";"24,8";"25,0";"24,8";"81,0";"81,0";"80,0";"21,2";"21,3";"21,1";"1009,1";"1009,2";"1009,0";"2,5";"93,0";"4,8";"";"0,0"
"24/11/2023";"0700";"24,5";"24,8";"24,5";"82,0";"82,0";"81,0";"21,3";"21,3";"21,2";"1009,6";"1009,6";"1009,1";"2,7";"90,0";"5,0";"";"0,0"
"24/11/2023";"0800";"24,1";"24,5";"24,1";"84,0";"84,0";"82,0";"21,2";"21,3";"21,2";"1010,2";"1010,2";"1009,6";"2,2";"78,0";"4,6";"0,10";"0,0"
"24/11/2023";"0900";"25,3";"25,3";"24,0";"81,0";"85,0";"81,0";"21,7";"21,7";"21,2";"1011,1";"1011,1";"1010,2";"1,8";"97,0";"3,8";"187,40";"0,0"
"24/11/2023";"1000";"27,8";"27,8";"25,3";"68,0";"81,0";"68,0";"21,4";"21,9";"21,3";"1012,0";"1012,0";"1011,1";"3,3";"104,0";"6,5";"856,60";"0,0"
"24/11/2023";"1100";"28,7";"29,5";"27,8";"62,0";"68,0";"60,0";"20,8";"21,5";"20,5";"1012,4";"1012,4";"1012,0";"3,7";"101,0";"7,4";"1496,50";"0,0"
"24/11/2023";"1200";"30,4";"30,9";"28,4";"55,0";"64,0";"54,0";"20,4";"21,2";"20,0";"1012,4";"1012,6";"1012,4";"3,2";"71,0";"6,8";"1717,10";"0,0"
"24/11/2023";"1300";"32,0";"32,2";"30,4";"50,0";"55,0";"49,0";"20,4";"20,8";"19,7";"1012,0";"1012,4";"1012,0";"4,4";"60,0";"9,0";"2322,30";"0,0"
"24/11/2023";"1400";"32,5";"32,6";"31,3";"48,0";"51,0";"47,0";"20,0";"20,4";"19,4";"1011,2";"1012,0";"1011,2";"3,7";"62,0";"8,4";"2775,80";"0,0"
"24/11/2023";"1500";"33,1";"33,7";"32,0";"47,0";"48,0";"43,0";"20,3";"20,3";"18,8";"1010,2";"1011,2";"1010,2";"3,8";"54,0";"7,8";"2908,20";"0,0"
"24/11/2023";"1600";"33,1";"33,8";"32,3";"48,0";"49,0";"46,0";"20,5";"20,7";"19,8";"1009,0";"1010,2";"1009,0";"4,4";"40,0";"8,6";"2778,20";"0,0"
"24/11/2023";"1700";"31,6";"33,3";"31,6";"53,0";"53,0";"47,0";"20,9";"21,2";"20,2";"1008,2";"1009,0";"1008,2";"4,9";"52,0";"9,1";"2422,60";"0,0"
"24/11/2023";"1800";"31,0";"32,4";"31,0";"59,0";"59,0";"51,0";"22,0";"22,1";"20,5";"1008,0";"1008,2";"1007,9";"4,8";"40,0";"10,4";"1869,50";"0,0"
"24/11/2023";"1900";"30,4";"31,1";"29,9";"61,0";"62,0";"58,0";"22,0";"22,2";"21,2";"1008,1";"1008,1";"1007,8";"4,8";"48,0";"10,9";"1211,70";"0,0"
"24/11/2023";"2000";"28,5";"30,4";"28,5";"70,0";"70,0";"60,0";"22,6";"22,6";"21,1";"1008,6";"1008,6";"1008,1";"6,3";"43,0";"11,2";"494,30";"0,0"
"24/11/2023";"2100";"27,6";"28,5";"27,6";"75,0";"75,0";"68,0";"22,8";"22,9";"22,0";"1009,1";"1009,1";"1008,6";"4,7";"49,0";"11,2";"32,30";"0,0"
"24/11/2023";"2200";"27,8";"27,8";"27,5";"71,0";"76,0";"71,0";"22,0";"22,8";"21,9";"1009,8";"1009,8";"1009,1";"4,6";"49,0";"9,4";"";"0,0"
"24/11/2023";"2300";"27,6";"27,8";"27,6";"74,0";"74,0";"71,0";"22,4";"22,4";"22,0";"1010,4";"1010,4";"1009,8";"4,8";"57,0";"10,0";"";"0,0"
"25/11/2023";"0000";"27,3";"27,6";"27,3";"76,0";"76,0";"73,0";"22,8";"22,8";"22,4";"1010,8";"1010,9";"1010,4";"4,3";"58,0";"9,6";"";"0,0"
"25/11/2023";"0100";"27,2";"27,3";"27,1";"77,0";"78,0";"76,0";"22,8";"22,9";"22,7";"1010,7";"1010,9";"1010,7";"3,8";"66,0";"8,9";"";"0,0"
"25/11/2023";"0200";"26,9";"27,2";"26,9";"78,0";"78,0";"77,0";"22,7";"22,8";"22,7";"1010,2";"1010,7";"1010,2";"4,1";"67,0";"8,9";"";"0,0"
"25/11/2023";"0300";"26,7";"27,0";"26,7";"78,0";"79,0";"77,0";"22,6";"22,8";"22,6";"1009,6";"1010,2";"1009,6";"4,6";"78,0";"9,6";"";"0,0"
"25/11/2023";"0400";"26,2";"26,7";"26,2";"78,0";"78,0";"77,0";"22,1";"22,6";"22,1";"1009,5";"1009,6";"1009,4";"2,7";"98,0";"8,3";"";"0,0"
"25/11/2023";"0500";"25,0";"26,2";"25,0";"81,0";"81,0";"78,0";"21,6";"22,1";"21,6";"1009,2";"1009,5";"1009,2";"2,0";"102,0";"4,6";"";"0,0"
"25/11/2023";"0600";"24,1";"25,0";"24,1";"83,0";"83,0";"81,0";"21,1";"21,6";"21,1";"1009,3";"1009,3";"1009,1";"0,8";"120,0";"3,9";"";"0,0"
"25/11/2023";"0700";"23,4";"24,1";"23,4";"86,0";"86,0";"83,0";"20,9";"21,1";"20,9";"1009,6";"1009,6";"1009,3";"0,9";"89,0";"1,8";"";"0,0"
"25/11/2023";"0800";"22,7";"23,4";"22,6";"88,0";"88,0";"86,0";"20,7";"20,9";"20,4";"1010,1";"1010,1";"1009,6";"0,2";"52,0";"1,6";"";"0,0"
"25/11/2023";"0900";"24,4";"24,4";"22,6";"85,0";"89,0";"85,0";"21,6";"21,6";"20,6";"1010,5";"1010,5";"1010,1";"0,6";"161,0";"1,6";"182,90";"0,0"
"25/11/2023";"1000";"27,6";"27,6";"24,4";"70,0";"85,0";"70,0";"21,7";"22,0";"21,5";"1011,0";"1011,0";"1010,5";"3,0";"88,0";"6,1";"857,00";"0,0"
"25/11/2023";"1100";"29,1";"29,4";"27,4";"60,0";"70,0";"59,0";"20,6";"21,6";"20,0";"1011,2";"1011,2";"1011,0";"3,7";"82,0";"7,7";"1532,90";"0,0"
"25/11/2023";"1200";"29,9";"30,4";"28,9";"56,0";"61,0";"54,0";"20,1";"21,0";"20,0";"1011,3";"1011,3";"1011,2";"3,4";"62,0";"7,4";"1829,00";"0,0"
"25/11/2023";"1300";"31,9";"31,9";"29,8";"52,0";"58,0";"52,0";"20,9";"21,2";"20,3";"1010,6";"1011,3";"1010,6";"3,2";"79,0";"7,7";"2134,20";"0,0"
"25/11/2023";"1400";"31,8";"32,4";"30,7";"49,0";"53,0";"47,0";"19,6";"20,6";"18,9";"1009,8";"1010,6";"1009,7";"4,5";"52,0";"9,0";"2757,50";"0,0"
"25/11/2023";"1500";"32,6";"32,8";"31,0";"42,0";"50,0";"42,0";"18,0";"19,9";"17,2";"1008,8";"1009,8";"1008,8";"4,2";"45,0";"8,5";"2894,40";"0,0"
"25/11/2023";"1600";"31,9";"32,8";"31,4";"43,0";"46,0";"42,0";"17,9";"19,0";"17,4";"1007,4";"1008,8";"1007,4";"4,6";"31,0";"8,6";"2776,40";"0,0"
"25/11/2023";"1700";"31,2";"32,6";"30,7";"54,0";"54,0";"43,0";"20,7";"20,7";"18,0";"1006,5";"1007,4";"1006,5";"4,8";"37,0";"10,2";"2420,40";"0,0"
"25/11/2023";"1800";"30,8";"31,7";"30,3";"57,0";"59,0";"49,0";"21,3";"21,6";"19,6";"1005,9";"1006,5";"1005,9";"4,9";"28,0";"8,9";"1875,40";"0,0"
"25/11/2023";"1900";"29,4";"30,8";"29,3";"62,0";"64,0";"56,0";"21,4";"22,0";"20,9";"1005,9";"1005,9";"1005,7";"5,7";"44,0";"10,4";"1220,50";"0,0"
"25/11/2023";"2000";"28,1";"29,4";"28,1";"69,0";"69,0";"62,0";"21,8";"22,0";"21,1";"1006,4";"1006,4";"1005,8";"4,8";"38,0";"9,5";"505,60";"0,0"
"25/11/2023";"2100";"27,4";"28,1";"27,3";"75,0";"75,0";"69,0";"22,5";"22,5";"21,8";"1007,1";"1007,1";"1006,4";"4,4";"44,0";"9,1";"34,50";"0,0"
"25/11/2023";"2200";"27,2";"27,4";"27,1";"77,0";"77,0";"75,0";"22,9";"22,9";"22,5";"1007,6";"1007,7";"1007,1";"4,6";"53,0";"10,0";"";"0,0"
"25/11/2023";"2300";"27,2";"27,2";"27,1";"74,0";"78,0";"74,0";"22,2";"22,9";"22,1";"1008,3";"1008,3";"1007,6";"4,2";"58,0";"9,4";"";"0,0"
"26/11/2023";"0000";"27,2";"27,2";"27,2";"73,0";"75,0";"73,0";"22,0";"22,3";"22,0";"1008,7";"1008,8";"1008,3";"5,2";"65,0";"9,8";"";"0,0"
"26/11/2023";"0100";"27,3";"27,3";"27,2";"67,0";"73,0";"67,0";"20,5";"22,1";"20,5";"1008,6";"1008,8";"1008,6";"6,1";"73,0";"12,8";"";"0,0"
"26/11/2023";"0200";"26,8";"27,3";"26,8";"70,0";"71,0";"67,0";"21,0";"21,1";"20,6";"1008,5";"1008,6";"1008,5";"5,7";"80,0";"12,8";"";"0,0"
"26/11/2023";"0300";"26,5";"26,8";"26,3";"71,0";"72,0";"70,0";"20,8";"21,1";"20,8";"1008,4";"1008,5";"1008,3";"5,0";"84,0";"10,5";"";"0,0"
"26/11/2023";"0400";"26,1";"26,5";"26,0";"72,0";"72,0";"71,0";"20,6";"20,7";"20,6";"1008,1";"1008,4";"1008,0";"3,9";"84,0";"10,0";"";"0,0"
"26/11/2023";"0500";"25,5";"26,1";"25,5";"74,0";"74,0";"71,0";"20,5";"20,6";"20,5";"1007,9";"1008,1";"1007,9";"3,4";"89,0";"8,5";"";"0,0"
"26/11/2023";"0600";"24,9";"25,6";"24,9";"76,0";"76,0";"74,0";"20,5";"20,6";"20,4";"1008,1";"1008,1";"1007,9";"2,4";"96,0";"6,2";"";"0,0"
"26/11/2023";"0700";"24,0";"24,9";"24,0";"80,0";"80,0";"76,0";"20,4";"20,5";"20,4";"1008,7";"1008,7";"1008,1";"1,5";"100,0";"4,2";"";"0,0"
"26/11/2023";"0800";"23,0";"24,0";"23,0";"84,0";"84,0";"80,0";"20,3";"20,4";"20,2";"1009,2";"1009,2";"1008,7";"1,3";"94,0";"2,7";"";"0,0"
"26/11/2023";"0900";"25,2";"25,2";"23,0";"78,0";"85,0";"78,0";"21,1";"21,3";"20,2";"1010,1";"1010,1";"1009,2";"0,9";"112,0";"2,1";"173,90";"0,0"
"26/11/2023";"1000";"26,9";"27,1";"25,2";"66,0";"78,0";"66,0";"20,0";"21,3";"20,0";"1010,6";"1010,6";"1010,1";"4,4";"105,0";"7,2";"724,00";"0,0"
"26/11/2023";"1100";"28,4";"28,9";"26,8";"57,0";"67,0";"56,0";"19,0";"20,4";"18,9";"1010,8";"1010,8";"1010,5";"4,7";"113,0";"8,5";"1399,60";"0,0"
"26/11/2023";"1200";"30,3";"30,3";"28,2";"46,0";"57,0";"46,0";"17,3";"19,2";"17,3";"1010,9";"1010,9";"1010,7";"4,4";"106,0";"9,6";"1991,80";"0,0"
"26/11/2023";"1300";"32,1";"32,5";"30,2";"38,0";"46,0";"38,0";"16,1";"17,4";"16,1";"1010,5";"1010,9";"1010,5";"3,8";"97,0";"9,6";"2487,70";"0,0"
"26/11/2023";"1400";"33,0";"34,2";"31,8";"33,0";"39,0";"32,0";"14,8";"16,5";"14,7";"1009,5";"1010,5";"1009,5";"3,9";"108,0";"9,1";"2770,90";"0,0"
"26/11/2023";"1500";"32,9";"34,0";"32,2";"42,0";"42,0";"33,0";"18,1";"18,6";"15,0";"1008,7";"1009,5";"1008,7";"4,1";"37,0";"8,9";"2814,80";"0,0"
"26/11/2023";"1600";"32,9";"33,9";"32,4";"41,0";"42,0";"39,0";"17,9";"18,4";"17,3";"1007,5";"1008,7";"1007,5";"4,4";"24,0";"8,7";"2798,80";"0,0"
"26/11/2023";"1700";"31,9";"33,7";"31,9";"45,0";"45,0";"38,0";"18,4";"18,9";"17,2";"1006,6";"1007,5";"1006,5";"5,0";"47,0";"9,6";"2447,10";"0,0"
"26/11/2023";"1800";"30,7";"32,6";"30,4";"55,0";"55,0";"42,0";"20,6";"20,6";"18,0";"1006,7";"1006,8";"1006,5";"5,7";"34,0";"10,3";"1910,20";"0,0"
"26/11/2023";"1900";"29,5";"30,8";"29,5";"60,0";"62,0";"55,0";"20,9";"21,7";"20,5";"1006,7";"1006,7";"1006,5";"5,8";"47,0";"10,6";"1243,30";"0,0"
"26/11/2023";"2000";"28,2";"29,8";"28,2";"70,0";"71,0";"58,0";"22,2";"22,5";"20,5";"1007,0";"1007,0";"1006,6";"5,9";"47,0";"10,4";"521,20";"0,0"
"26/11/2023";"2100";"27,3";"28,2";"27,3";"75,0";"75,0";"70,0";"22,6";"22,6";"22,2";"1007,6";"1007,6";"1007,0";"4,4";"48,0";"9,8";"35,30";"0,0"
"26/11/2023";"2200";"27,4";"27,4";"27,2";"72,0";"76,0";"72,0";"21,9";"22,6";"21,9";"1008,1";"1008,1";"1007,6";"3,6";"39,0";"8,2";"";"0,0"
"26/11/2023";"2300";"27,4";"27,4";"27,3";"72,0";"74,0";"72,0";"22,0";"22,3";"21,9";"1008,6";"1008,7";"1008,1";"5,0";"43,0";"10,7";"";"0,0"
"27/11/2023";"0000";"27,6";"27,7";"27,4";"71,0";"73,0";"71,0";"21,8";"22,1";"21,8";"1009,4";"1009,4";"1008,6";"5,1";"54,0";"11,1";"";"0,0"
"27/11/2023";"0100";"27,4";"27,6";"27,4";"68,0";"72,0";"67,0";"20,9";"22,0";"20,9";"1009,8";"1009,8";"1009,3";"3,9";"67,0";"10,4";"";"0,0"
"27/11/2023";"0200";"27,1";"27,5";"27,1";"67,0";"68,0";"64,0";"20,3";"20,9";"19,9";"1009,8";"1009,8";"1009,6";"3,9";"77,0";"9,4";"";"0,0"
"27/11/2023";"0300";"26,4";"27,1";"26,4";"70,0";"70,0";"67,0";"20,5";"20,8";"20,4";"1009,1";"1009,8";"1009,1";"3,1";"80,0";"8,2";"";"0,0"
"27/11/2023";"0400";"25,6";"26,4";"25,6";"73,0";"73,0";"70,0";"20,5";"20,5";"20,4";"1008,5";"1009,1";"1008,5";"2,5";"94,0";"6,8";"";"0,0"
"27/11/2023";"0500";"24,4";"25,6";"24,4";"78,0";"78,0";"73,0";"20,3";"20,5";"20,2";"1008,3";"1008,5";"1008,2";"1,0";"101,0";"4,0";"";"0,0"
"27/11/2023";"0600";"23,3";"24,4";"23,3";"82,0";"82,0";"78,0";"20,1";"20,4";"19,8";"1008,6";"1008,6";"1008,3";"0,3";"64,0";"2,3";"";"0,0"
"27/11/2023";"0700";"22,9";"24,1";"22,8";"83,0";"83,0";"80,0";"19,9";"20,5";"19,5";"1008,8";"1008,8";"1008,6";"0,4";"105,0";"2,2";"";"0,0"
"27/11/2023";"0800";"21,7";"22,9";"21,7";"86,0";"87,0";"83,0";"19,4";"19,9";"19,2";"1009,3";"1009,3";"1008,8";"0,4";"297,0";"1,9";"";"0,0"
"27/11/2023";"0900";"24,9";"25,0";"21,7";"77,0";"87,0";"77,0";"20,6";"21,3";"19,4";"1009,9";"1009,9";"1009,3";"0,3";"266,0";"0,7";"181,30";"0,0"
"27/11/2023";"1000";"27,5";"27,5";"24,9";"64,0";"77,0";"63,0";"20,0";"21,4";"19,6";"1010,5";"1010,5";"1009,9";"1,8";"109,0";"3,8";"674,00";"0,0"
"27/11/2023";"1100";"30,6";"31,0";"27,5";"51,0";"64,0";"50,0";"19,2";"20,2";"19,2";"1010,7";"1010,7";"1010,4";"2,6";"124,0";"6,6";"1546,60";"0,0"
"27/11/2023";"1200";"31,5";"32,4";"30,6";"48,0";"51,0";"46,0";"19,3";"19,7";"18,9";"1010,7";"1010,8";"1010,6";"4,4";"92,0";"7,3";"1796,60";"0,0"
"27/11/2023";"1300";"32,4";"33,0";"31,2";"48,0";"50,0";"46,0";"19,9";"20,2";"19,2";"1010,2";"1010,8";"1010,1";"3,5";"100,0";"8,1";"1768,10";"0,0"
"27/11/2023";"1400";"33,3";"33,9";"32,3";"44,0";"48,0";"44,0";"19,5";"20,4";"19,4";"1009,5";"1010,2";"1009,5";"3,4";"83,0";"8,1";"1967,90";"0,0"
"27/11/2023";"1500";"32,9";"34,3";"32,7";"48,0";"48,0";"43,0";"20,4";"20,8";"18,9";"1008,9";"1009,5";"1008,9";"4,8";"76,0";"8,2";"1526,80";"0,0"
"27/11/2023";"1600";"31,4";"34,9";"31,4";"62,0";"62,0";"44,0";"23,3";"23,3";"20,2";"1008,6";"1009,0";"1008,6";"7,7";"64,0";"12,7";"2760,90";"0,0"
"27/11/2023";"1700";"29,8";"31,3";"29,7";"69,0";"69,0";"62,0";"23,4";"24,0";"23,0";"1007,9";"1008,6";"1007,8";"7,4";"65,0";"12,7";"2406,10";"0,0"
"27/11/2023";"1800";"29,8";"31,1";"29,7";"66,0";"69,0";"60,0";"22,7";"23,7";"22,0";"1007,9";"1008,0";"1007,6";"5,9";"52,0";"11,6";"1695,80";"0,0"
"27/11/2023";"1900";"29,8";"30,5";"29,6";"66,0";"67,0";"63,0";"22,6";"23,0";"22,2";"1008,2";"1008,2";"1007,9";"5,9";"68,0";"11,6";"1319,30";"0,0"
"27/11/2023";"2000";"28,0";"29,8";"28,0";"74,0";"74,0";"66,0";"23,0";"23,0";"22,5";"1008,7";"1008,7";"1008,2";"5,0";"61,0";"11,2";"247,10";"0,0"
"27/11/2023";"2100";"27,6";"28,0";"27,6";"78,0";"78,0";"74,0";"23,4";"23,4";"23,0";"1009,4";"1009,5";"1008,7";"3,5";"62,0";"9,8";"15,20";"0,0"
"27/11/2023";"2200";"27,6";"27,6";"27,5";"77,0";"79,0";"77,0";"23,3";"23,6";"23,3";"1010,4";"1010,4";"1009,4";"3,4";"73,0";"7,6";"";"0,0"
"27/11/2023";"2300";"27,7";"27,8";"27,6";"78,0";"79,0";"76,0";"23,5";"23,6";"23,2";"1010,7";"1010,7";"1010,3";"4,2";"68,0";"7,9";"";"0,0"
"28/11/2023";"0000";"27,2";"27,7";"27,2";"84,0";"84,0";"78,0";"24,2";"24,2";"23,4";"1011,2";"1011,2";"1010,7";"3,7";"66,0";"8,6";"";"0,0"
"28/11/2023";"0100";"26,9";"27,2";"26,9";"80,0";"84,0";"80,0";"23,2";"24,2";"23,2";"1011,4";"1011,5";"1011,2";"3,7";"88,0";"9,6";"";"0,0"
"28/11/2023";"0200";"26,1";"27,0";"26,1";"82,0";"82,0";"79,0";"22,9";"23,2";"22,6";"1010,8";"1011,4";"1010,8";"3,9";"95,0";"9,0";"";"0,0"
"28/11/2023";"0300";"25,6";"26,1";"25,6";"81,0";"83,0";"77,0";"22,1";"22,9";"21,7";"1010,4";"1010,8";"1010,4";"3,1";"96,0";"8,2";"";"0,0"
"28/11/2023";"0400";"25,4";"25,9";"25,4";"85,0";"86,0";"81,0";"22,6";"22,9";"22,2";"1009,9";"1010,4";"1009,8";"3,2";"88,0";"7,3";"";"0,0"
"28/11/2023";"0500";"24,5";"25,4";"24,4";"93,0";"93,0";"85,0";"23,2";"23,2";"22,6";"1009,8";"1009,9";"1009,7";"3,3";"94,0";"8,2";"";"0,8"
"28/11/2023";"0600";"24,5";"24,6";"24,5";"90,0";"93,0";"90,0";"22,7";"23,3";"22,7";"1010,1";"1010,2";"1009,8";"4,4";"106,0";"9,4";"";"0,2"
"28/11/2023";"0700";"24,2";"24,5";"24,2";"91,0";"91,0";"89,0";"22,6";"22,7";"22,4";"1010,2";"1010,2";"1010,0";"2,4";"111,0";"9,4";"";"0,0"
"28/11/2023";"0800";"23,6";"24,2";"23,5";"92,0";"92,0";"90,0";"22,1";"22,6";"22,0";"1010,6";"1010,7";"1010,2";"1,7";"99,0";"4,5";"";"0,2"
"28/11/2023";"0900";"23,1";"23,6";"23,1";"92,0";"93,0";"91,0";"21,7";"22,3";"21,6";"1010,9";"1010,9";"1010,6";"1,7";"121,0";"4,1";"14,00";"0,2"
"28/11/2023";"1000";"23,3";"23,3";"23,1";"91,0";"92,0";"90,0";"21,8";"21,8";"21,4";"1011,5";"1011,5";"1010,9";"1,4";"129,0";"4,4";"137,30";"0,2"
"28/11/2023";"1100";"24,6";"24,6";"23,2";"90,0";"92,0";"89,0";"22,9";"22,9";"21,6";"1012,4";"1012,4";"1011,5";"1,6";"126,0";"4,4";"315,30";"0,0"
"28/11/2023";"1200";"26,1";"26,1";"24,5";"75,0";"90,0";"75,0";"21,2";"22,8";"21,2";"1012,7";"1012,7";"1012,4";"3,4";"107,0";"7,5";"569,70";"0,0"
"28/11/2023";"1300";"27,1";"27,1";"26,0";"71,0";"75,0";"71,0";"21,4";"21,7";"21,1";"1012,4";"1012,7";"1012,4";"4,7";"104,0";"10,1";"907,80";"0,0"
"28/11/2023";"1400";"28,8";"29,1";"27,1";"60,0";"71,0";"59,0";"20,2";"21,6";"20,2";"1011,8";"1012,4";"1011,8";"4,1";"100,0";"9,3";"1443,60";"0,0"
"28/11/2023";"1500";"29,1";"29,2";"28,6";"62,0";"63,0";"60,0";"20,9";"21,2";"20,1";"1011,4";"1011,8";"1011,4";"3,0";"118,0";"6,9";"1380,40";"0,0"
"28/11/2023";"1600";"29,7";"29,7";"28,9";"57,0";"63,0";"56,0";"20,3";"21,5";"20,1";"1010,4";"1011,4";"1010,3";"3,3";"82,0";"7,4";"1299,60";"0,0"
"28/11/2023";"1700";"30,2";"31,1";"29,4";"60,0";"60,0";"54,0";"21,5";"21,6";"19,7";"1009,2";"1010,4";"1009,2";"3,9";"70,0";"7,7";"2243,90";"0,0"
"28/11/2023";"1800";"30,1";"31,3";"29,9";"58,0";"62,0";"55,0";"21,0";"22,3";"20,5";"1008,8";"1009,3";"1008,7";"3,2";"105,0";"8,6";"1481,30";"0,0"
"28/11/2023";"1900";"28,8";"30,4";"28,6";"68,0";"68,0";"57,0";"22,4";"22,5";"20,7";"1008,8";"1008,8";"1008,6";"3,1";"54,0";"7,1";"556,60";"0,0"
"28/11/2023";"2000";"28,3";"28,9";"28,3";"71,0";"71,0";"68,0";"22,5";"22,6";"22,1";"1008,8";"1008,8";"1008,8";"2,6";"55,0";"6,3";"224,60";"0,0"
"28/11/2023";"2100";"27,4";"28,3";"27,4";"80,0";"80,0";"71,0";"23,6";"23,6";"22,5";"1009,0";"1009,0";"1008,6";"2,5";"43,0";"5,6";"17,00";"0,0"
"28/11/2023";"2200";"26,8";"27,4";"26,8";"82,0";"82,0";"80,0";"23,4";"23,6";"23,3";"1009,4";"1009,4";"1009,0";"1,5";"45,0";"5,1";"";"0,0"
"28/11/2023";"2300";"26,2";"26,8";"26,2";"85,0";"85,0";"82,0";"23,5";"23,5";"23,4";"1010,2";"1010,2";"1009,4";"1,9";"54,0";"3,3";"";"0,0"
"29/11/2023";"0000";"26,1";"26,2";"26,1";"87,0";"87,0";"85,0";"23,9";"23,9";"23,5";"1010,6";"1010,7";"1010,2";"1,6";"65,0";"3,1";"";"0,0"
"29/11/2023";"0100";"26,6";"26,6";"26,2";"76,0";"87,0";"76,0";"22,0";"23,9";"22,0";"1010,6";"1010,6";"1010,6";"2,8";"83,0";"5,3";"";"0,0"
"29/11/2023";"0200";"26,0";"26,6";"26,0";"75,0";"76,0";"74,0";"21,3";"21,9";"21,2";"1010,2";"1010,6";"1010,2";"2,4";"84,0";"5,4";"";"0,0"
"29/11/2023";"0300";"25,7";"26,0";"25,7";"78,0";"79,0";"75,0";"21,6";"21,7";"21,3";"1009,7";"1010,2";"1009,7";"2,7";"88,0";"4,9";"";"0,0"
"29/11/2023";"0400";"25,1";"25,7";"25,1";"80,0";"80,0";"78,0";"21,4";"21,6";"21,4";"1009,1";"1009,7";"1009,1";"2,2";"87,0";"4,9";"";"0,0"
"29/11/2023";"0500";"24,3";"25,1";"24,3";"84,0";"84,0";"80,0";"21,5";"21,5";"21,3";"1008,4";"1009,1";"1008,4";"2,4";"90,0";"4,1";"";"0,0"
"29/11/2023";"0600";"23,9";"24,5";"23,9";"86,0";"86,0";"84,0";"21,4";"21,5";"21,4";"1008,2";"1008,4";"1008,2";"1,5";"104,0";"4,1";"";"0,0"
"29/11/2023";"0700";"23,5";"23,8";"23,5";"88,0";"88,0";"86,0";"21,4";"21,4";"21,3";"1008,3";"1008,3";"1008,2";"1,5";"88,0";"2,9";"";"0,0"
"29/11/2023";"0800";"23,1";"23,6";"23,0";"90,0";"90,0";"88,0";"21,3";"21,5";"21,1";"1008,7";"1008,7";"1008,3";"1,1";"104,0";"2,6";"";"0,0"
"29/11/2023";"0900";"24,7";"24,7";"22,6";"86,0";"91,0";"86,0";"22,1";"22,2";"20,8";"1009,3";"1009,3";"1008,7";"0,6";"121,0";"2,2";"163,20";"0,0"
"29/11/2023";"1000";"27,5";"27,5";"24,7";"71,0";"86,0";"71,0";"21,9";"22,3";"21,5";"1009,7";"1009,7";"1009,3";"2,0";"118,0";"4,5";"850,20";"0,0"
"29/11/2023";"1100";"28,6";"28,8";"27,3";"62,0";"71,0";"61,0";"20,6";"21,6";"20,4";"1010,0";"1010,0";"1009,7";"4,0";"97,0";"7,0";"1532,70";"0,0"
"29/11/2023";"1200";"29,9";"30,7";"28,6";"55,0";"62,0";"54,0";"20,0";"21,0";"19,9";"1009,9";"1010,1";"1009,9";"3,0";"106,0";"7,3";"2050,60";"0,0"
"29/11/2023";"1300";"31,3";"31,9";"29,9";"52,0";"56,0";"49,0";"20,2";"20,6";"19,5";"1009,5";"1009,9";"1009,4";"3,2";"92,0";"10,5";"2293,80";"0,0"
"29/11/2023";"1400";"32,7";"32,8";"30,7";"48,0";"54,0";"48,0";"20,3";"20,7";"19,9";"1009,1";"1009,6";"1009,1";"4,2";"57,0";"10,5";"2603,20";"0,0"
"29/11/2023";"1500";"32,0";"33,4";"31,7";"49,0";"50,0";"46,0";"19,8";"20,6";"19,4";"1008,2";"1009,1";"1008,2";"4,4";"45,0";"8,8";"3055,60";"0,0"
"29/11/2023";"1600";"33,2";"33,8";"32,1";"44,0";"49,0";"43,0";"19,4";"20,2";"18,7";"1007,2";"1008,2";"1007,2";"4,3";"46,0";"8,6";"2851,60";"0,0"
"29/11/2023";"1700";"31,9";"33,5";"31,6";"52,0";"54,0";"42,0";"20,9";"21,2";"18,5";"1006,6";"1007,2";"1006,6";"5,7";"36,0";"10,2";"2479,30";"0,0"
"29/11/2023";"1800";"31,5";"32,2";"31,1";"55,0";"56,0";"51,0";"21,3";"21,6";"20,5";"1006,4";"1006,7";"1006,4";"5,0";"26,0";"10,0";"1914,10";"0,0"
"29/11/2023";"1900";"29,8";"31,5";"29,8";"64,0";"64,0";"55,0";"22,3";"22,4";"20,9";"1006,7";"1006,8";"1006,4";"5,1";"38,0";"10,1";"1240,10";"0,0"
"29/11/2023";"2000";"28,7";"29,8";"28,6";"71,0";"71,0";"64,0";"22,9";"22,9";"22,2";"1007,3";"1007,3";"1006,7";"4,7";"50,0";"10,2";"504,00";"0,0"
"29/11/2023";"2100";"27,7";"28,7";"27,7";"76,0";"76,0";"71,0";"23,2";"23,2";"22,5";"1007,8";"1007,8";"1007,2";"4,8";"43,0";"9,8";"36,30";"0,0"
"29/11/2023";"2200";"27,4";"27,7";"27,4";"78,0";"78,0";"76,0";"23,1";"23,3";"23,1";"1008,4";"1008,4";"1007,8";"3,4";"49,0";"8,8";"";"0,0"
"29/11/2023";"2300";"27,3";"27,4";"27,3";"79,0";"81,0";"78,0";"23,3";"23,7";"23,1";"1009,4";"1009,4";"1008,4";"3,5";"56,0";"8,1";"";"0,0"
"30/11/2023";"0000";"27,2";"27,3";"27,2";"79,0";"79,0";"78,0";"23,2";"23,4";"23,2";"1009,6";"1009,7";"1009,4";"3,6";"53,0";"7,7";"";"0,0"
"30/11/2023";"0100";"27,1";"27,2";"27,1";"79,0";"80,0";"78,0";"23,2";"23,4";"23,0";"1009,7";"1009,7";"1009,6";"3,4";"60,0";"7,2";"";"0,0"
"30/11/2023";"0200";"26,9";"27,2";"26,9";"77,0";"79,0";"77,0";"22,6";"23,2";"22,6";"1009,5";"1009,7";"1009,5";"3,2";"67,0";"8,0";"";"0,0"
"30/11/2023";"0300";"26,4";"26,9";"26,4";"77,0";"78,0";"76,0";"22,1";"22,7";"22,1";"1008,9";"1009,5";"1008,9";"3,7";"74,0";"7,9";"";"0,0"
"30/11/2023";"0400";"25,7";"26,4";"25,7";"81,0";"81,0";"77,0";"22,3";"22,3";"22,1";"1008,4";"1008,9";"1008,4";"2,9";"86,0";"6,2";"";"0,0"
"30/11/2023";"0500";"25,3";"25,7";"25,3";"84,0";"84,0";"81,0";"22,3";"22,3";"22,2";"1008,0";"1008,4";"1008,0";"2,4";"89,0";"4,9";"";"0,0"
"30/11/2023";"0600";"25,2";"25,3";"25,2";"83,0";"84,0";"82,0";"22,1";"22,3";"22,0";"1008,2";"1008,2";"1008,0";"2,8";"97,0";"5,5";"";"0,0"
"30/11/2023";"0700";"24,7";"25,2";"24,7";"85,0";"85,0";"83,0";"22,0";"22,1";"22,0";"1008,2";"1008,2";"1008,0";"2,3";"91,0";"4,7";"";"0,0"
"30/11/2023";"0800";"23,8";"24,7";"23,8";"88,0";"88,0";"85,0";"21,6";"22,0";"21,6";"1008,8";"1008,8";"1008,2";"1,0";"113,0";"4,1";"";"0,0"
"30/11/2023";"0900";"25,1";"25,1";"23,5";"85,0";"89,0";"85,0";"22,4";"22,4";"21,5";"1009,2";"1009,2";"1008,8";"1,6";"93,0";"2,9";"170,40";"0,0"
"30/11/2023";"1000";"27,1";"27,1";"25,1";"74,0";"85,0";"74,0";"22,2";"22,5";"21,9";"1009,9";"1009,9";"1009,2";"2,8";"113,0";"4,7";"864,00";"0,0"
"30/11/2023";"1100";"28,7";"28,8";"27,1";"65,0";"74,0";"65,0";"21,6";"22,4";"21,1";"1010,2";"1010,3";"1009,8";"2,8";"109,0";"6,5";"1392,40";"0,0"
"30/11/2023";"1200";"30,7";"31,1";"28,6";"57,0";"66,0";"56,0";"21,1";"21,8";"20,8";"1010,0";"1010,2";"1010,0";"3,1";"102,0";"7,1";"1958,80";"0,0"
"30/11/2023";"1300";"31,6";"32,0";"30,4";"54,0";"57,0";"53,0";"21,3";"21,6";"20,3";"1009,9";"1010,1";"1009,7";"4,3";"69,0";"7,9";"2078,40";"0,0"
"30/11/2023";"1400";"31,9";"32,9";"31,3";"54,0";"56,0";"51,0";"21,4";"21,9";"20,8";"1009,2";"1009,9";"1009,2";"4,2";"59,0";"9,3";"2994,00";"0,0"
"30/11/2023";"1500";"32,8";"33,5";"31,9";"52,0";"54,0";"49,0";"21,6";"21,9";"20,7";"1008,2";"1009,3";"1008,2";"4,4";"56,0";"9,3";"3075,30";"0,0"
"30/11/2023";"1600";"32,3";"33,7";"32,0";"51,0";"53,0";"49,0";"21,0";"22,0";"21,0";"1007,4";"1008,3";"1007,4";"5,0";"42,0";"10,5";"2833,40";"0,0"
"30/11/2023";"1700";"31,9";"32,3";"31,0";"57,0";"58,0";"51,0";"22,2";"22,3";"20,6";"1006,6";"1007,4";"1006,5";"4,8";"30,0";"10,5";"1916,70";"0,0"
"30/11/2023";"1800";"31,0";"32,1";"30,5";"63,0";"63,0";"52,0";"23,1";"23,1";"21,0";"1006,2";"1006,6";"1006,1";"5,6";"41,0";"10,0";"1992,60";"0,0"
"30/11/2023";"1900";"30,0";"31,2";"29,5";"69,0";"71,0";"63,0";"23,7";"24,0";"22,9";"1006,3";"1006,3";"1006,2";"4,3";"51,0";"10,7";"1293,10";"0,0"
"30/11/2023";"2000";"28,4";"30,0";"28,4";"73,0";"74,0";"69,0";"23,2";"23,6";"23,1";"1006,8";"1006,8";"1006,3";"5,1";"47,0";"10,1";"508,90";"0,0"
"30/11/2023";"2100";"27,4";"28,4";"27,4";"79,0";"79,0";"73,0";"23,5";"23,6";"23,2";"1007,3";"1007,3";"1006,8";"3,4";"49,0";"8,9";"36,70";"0,0"
"30/11/2023";"2200";"27,3";"27,5";"27,2";"79,0";"80,0";"78,0";"23,3";"23,5";"23,2";"1007,8";"1007,8";"1007,3";"3,6";"49,0";"7,3";"";"0,0"
"30/11/2023";"2300";"27,2";"27,3";"27,2";"80,0";"80,0";"78,0";"23,4";"23,4";"23,2";"1008,5";"1008,5";"1007,8";"3,8";"52,0";"8,1";"";"0,0"
"01/12/2023";"0000";"27,2";"27,3";"27,1";"78,0";"80,0";"77,0";"23,0";"23,4";"22,9";"1009,0";"1009,0";"1008,5";"3,4";"57,0";"7,2";"";"0,0"
"01/12/2023";"0100";"27,1";"27,3";"27,1";"77,0";"79,0";"76,0";"22,7";"23,3";"22,5";"1009,2";"1009,2";"1009,0";"3,0";"62,0";"7,5";"";"0,0"
"01/12/2023";"0200";"26,9";"27,2";"26,9";"74,0";"77,0";"74,0";"21,8";"22,7";"21,8";"1009,0";"1009,2";"1008,9";"3,7";"79,0";"7,0";"";"0,0"
"01/12/2023";"0300";"26,1";"26,9";"26,1";"73,0";"75,0";"73,0";"21,0";"21,8";"21,0";"1008,6";"1009,0";"1008,6";"2,3";"82,0";"7,0";"";"0,0"
"01/12/2023";"0400";"25,4";"26,1";"25,4";"75,0";"75,0";"73,0";"20,6";"20,9";"20,5";"1008,1";"1008,6";"1008,1";"2,4";"87,0";"4,6";"";"0,0"
"01/12/2023";"0500";"24,5";"25,4";"24,5";"78,0";"78,0";"75,0";"20,4";"20,9";"20,4";"1007,9";"1008,1";"1007,9";"1,7";"110,0";"4,4";"";"0,0"
"01/12/2023";"0600";"23,4";"24,5";"23,4";"84,0";"84,0";"78,0";"20,5";"20,5";"20,1";"1008,0";"1008,2";"1007,9";"1,3";"122,0";"3,3";"";"0,0"
"01/12/2023";"0700";"23,3";"23,4";"23,2";"88,0";"88,0";"84,0";"21,1";"21,1";"20,5";"1008,3";"1008,3";"1008,0";"0,9";"121,0";"3,0";"";"0,0"
"01/12/2023";"0800";"22,2";"23,3";"22,2";"90,0";"90,0";"88,0";"20,5";"21,3";"20,5";"1008,8";"1008,8";"1008,3";"0,6";"200,0";"2,3";"";"0,0"
"01/12/2023";"0900";"23,6";"23,6";"22,1";"89,0";"91,0";"89,0";"21,7";"21,7";"20,5";"1009,8";"1009,8";"1008,8";"0,6";"209,0";"1,4";"169,20";"0,0"
"01/12/2023";"1000";"27,4";"27,4";"23,6";"74,0";"89,0";"74,0";"22,2";"22,9";"21,7";"1010,5";"1010,5";"1009,8";"1,4";"70,0";"2,9";"847,40";"0,0"
"01/12/2023";"1100";"28,6";"29,3";"26,9";"66,0";"75,0";"65,0";"21,7";"22,4";"21,7";"1010,9";"1010,9";"1010,5";"3,1";"84,0";"5,6";"1146,80";"0,0"
"01/12/2023";"1200";"29,6";"30,4";"28,3";"63,0";"68,0";"60,0";"21,8";"22,1";"21,3";"1010,9";"1011,0";"1010,7";"3,0";"79,0";"6,1";"1477,40";"0,0"
"01/12/2023";"1300";"31,2";"31,8";"29,5";"56,0";"63,0";"55,0";"21,4";"22,2";"21,1";"1010,2";"1010,9";"1010,2";"3,5";"72,0";"7,4";"1991,50";"0,0"
"01/12/2023";"1400";"32,0";"32,7";"31,2";"50,0";"56,0";"49,0";"20,4";"21,4";"19,9";"1009,5";"1010,2";"1009,5";"4,2";"41,0";"8,0";"2085,10";"0,0"
"01/12/2023";"1500";"33,1";"33,5";"32,0";"43,0";"51,0";"43,0";"18,9";"20,6";"18,7";"1008,6";"1009,5";"1008,6";"4,1";"57,0";"9,5";"3028,80";"0,0"
"01/12/2023";"1600";"33,8";"33,9";"32,6";"40,0";"45,0";"40,0";"18,5";"19,6";"18,0";"1008,0";"1008,6";"1008,0";"4,3";"38,0";"10,4";"2869,70";"0,0"
"01/12/2023";"1700";"32,9";"34,0";"32,6";"44,0";"45,0";"38,0";"19,1";"19,5";"17,3";"1006,9";"1008,0";"1006,9";"4,7";"37,0";"9,0";"2514,70";"0,0"
"01/12/2023";"1800";"31,4";"33,1";"31,2";"58,0";"58,0";"44,0";"22,0";"22,0";"19,1";"1006,7";"1006,9";"1006,6";"4,9";"35,0";"9,0";"1952,40";"0,0"
"01/12/2023";"1900";"30,0";"31,6";"29,7";"66,0";"68,0";"55,0";"22,9";"23,1";"21,2";"1006,9";"1006,9";"1006,6";"5,0";"42,0";"9,7";"1268,80";"0,0"
"01/12/2023";"2000";"28,5";"30,0";"28,5";"72,0";"72,0";"66,0";"22,9";"23,0";"22,4";"1007,4";"1007,4";"1006,8";"5,1";"48,0";"9,7";"526,40";"0,0"
"01/12/2023";"2100";"27,8";"28,5";"27,8";"72,0";"73,0";"71,0";"22,3";"23,0";"22,3";"1008,1";"1008,1";"1007,4";"3,7";"46,0";"8,9";"35,90";"0,0"
"01/12/2023";"2200";"27,6";"27,8";"27,6";"72,0";"73,0";"72,0";"22,1";"22,4";"22,1";"1008,7";"1008,7";"1008,1";"3,6";"47,0";"7,3";"";"0,0"
"01/12/2023";"2300";"27,5";"27,6";"27,4";"74,0";"75,0";"72,0";"22,4";"22,5";"22,1";"1009,2";"1009,2";"1008,7";"3,2";"50,0";"7,0";"";"0,0"
"02/12/2023";"0000";"27,3";"27,5";"27,3";"76,0";"76,0";"73,0";"22,7";"22,7";"22,1";"1009,4";"1009,5";"1009,2";"3,9";"62,0";"7,9";"";"0,0"
"02/12/2023";"0100";"27,2";"27,3";"27,1";"78,0";"80,0";"76,0";"23,1";"23,3";"22,7";"1009,4";"1009,5";"1009,4";"4,7";"67,0";"9,4";"";"0,0"
"02/12/2023";"0200";"27,1";"27,4";"27,1";"77,0";"79,0";"77,0";"22,8";"23,5";"22,8";"1009,1";"1009,4";"1009,0";"4,9";"73,0";"9,6";"";"0,0"
"02/12/2023";"0300";"26,8";"27,1";"26,7";"77,0";"79,0";"77,0";"22,5";"22,9";"22,5";"1008,5";"1009,1";"1008,4";"4,7";"72,0";"9,5";"";"0,0"
"02/12/2023";"0400";"26,8";"26,9";"26,7";"78,0";"78,0";"77,0";"22,6";"22,6";"22,5";"1008,1";"1008,5";"1008,1";"3,2";"88,0";"8,7";"";"0,0"
"02/12/2023";"0500";"25,8";"26,8";"25,8";"81,0";"81,0";"78,0";"22,3";"22,7";"22,3";"1007,9";"1008,1";"1007,8";"2,0";"103,0";"6,5";"";"0,0"
"02/12/2023";"0600";"25,1";"25,8";"25,1";"83,0";"83,0";"81,0";"21,9";"22,3";"21,9";"1008,4";"1008,4";"1007,9";"1,8";"105,0";"4,7";"";"0,0"
"02/12/2023";"0700";"24,7";"25,1";"24,7";"85,0";"85,0";"83,0";"22,0";"22,0";"21,8";"1008,3";"1008,4";"1008,2";"1,9";"98,0";"3,7";"";"0,0"
"02/12/2023";"0800";"24,3";"24,7";"24,3";"87,0";"87,0";"85,0";"22,0";"22,0";"21,9";"1008,4";"1008,5";"1008,3";"1,6";"113,0";"3,5";"";"0,0"
"02/12/2023";"0900";"25,4";"25,4";"24,3";"84,0";"87,0";"84,0";"22,6";"22,6";"22,0";"1008,9";"1008,9";"1008,3";"1,7";"120,0";"3,8";"156,40";"0,0"
"02/12/2023";"1000";"28,0";"28,0";"25,4";"70,0";"84,0";"70,0";"22,0";"22,8";"21,6";"1009,5";"1009,6";"1008,9";"4,8";"92,0";"10,0";"906,50";"0,0"
"02/12/2023";"1100";"29,5";"29,6";"28,0";"61,0";"70,0";"61,0";"21,3";"21,9";"21,0";"1009,8";"1009,8";"1009,5";"4,6";"90,0";"8,0";"1320,80";"0,0"
"02/12/2023";"1200";"31,1";"31,1";"28,7";"55,0";"63,0";"55,0";"21,0";"21,5";"20,7";"1009,6";"1009,8";"1009,4";"3,9";"93,0";"8,8";"1654,80";"0,0"
"02/12/2023";"1300";"30,6";"32,0";"29,9";"57,0";"60,0";"54,0";"21,2";"21,9";"20,4";"1008,9";"1009,6";"1008,9";"4,4";"64,0";"8,5";"2081,40";"0,0"
"02/12/2023";"1400";"32,0";"32,9";"30,4";"53,0";"58,0";"52,0";"21,4";"22,0";"21,0";"1008,3";"1008,9";"1008,3";"3,6";"55,0";"9,6";"2808,80";"0,0"
"02/12/2023";"1500";"32,8";"33,3";"31,5";"51,0";"55,0";"51,0";"21,5";"21,8";"21,0";"1007,5";"1008,4";"1007,5";"3,9";"83,0";"7,2";"3024,30";"0,0"
"02/12/2023";"1600";"32,2";"33,0";"31,6";"54,0";"55,0";"51,0";"21,6";"22,1";"21,2";"1007,1";"1007,6";"1007,1";"4,4";"43,0";"9,2";"2835,80";"0,0"
"02/12/2023";"1700";"31,4";"32,7";"30,9";"60,0";"60,0";"53,0";"22,6";"22,8";"21,6";"1006,4";"1007,1";"1006,4";"5,1";"32,0";"9,7";"2485,50";"0,0"
"02/12/2023";"1800";"30,1";"31,9";"30,0";"60,0";"63,0";"57,0";"21,6";"23,0";"21,6";"1006,1";"1006,4";"1006,1";"5,7";"45,0";"10,0";"1881,20";"0,0"
"02/12/2023";"1900";"29,7";"30,7";"29,4";"63,0";"64,0";"59,0";"21,9";"22,3";"21,6";"1006,4";"1006,4";"1006,1";"5,7";"44,0";"10,1";"1230,20";"0,0"
"02/12/2023";"2000";"28,7";"29,7";"28,5";"68,0";"68,0";"63,0";"22,1";"22,2";"21,6";"1006,9";"1006,9";"1006,4";"5,1";"39,0";"10,9";"600,30";"0,0"
"02/12/2023";"2100";"27,7";"28,7";"27,7";"74,0";"74,0";"67,0";"22,7";"22,8";"21,9";"1007,5";"1007,5";"1006,9";"3,6";"37,0";"9,9";"50,20";"0,0"
"02/12/2023";"2200";"27,4";"27,7";"27,4";"76,0";"76,0";"73,0";"22,8";"22,9";"22,4";"1008,2";"1008,2";"1007,5";"4,2";"45,0";"9,6";"";"0,0"
"02/12/2023";"2300";"27,5";"27,5";"27,4";"75,0";"76,0";"75,0";"22,7";"22,8";"22,5";"1008,9";"1008,9";"1008,2";"4,2";"46,0";"8,6";"";"0,0"
"03/12/2023";"0000";"27,3";"27,5";"27,3";"78,0";"78,0";"75,0";"23,1";"23,1";"22,6";"1009,2";"1009,3";"1008,8";"4,0";"49,0";"8,3";"";"0,0"
"03/12/2023";"0100";"27,3";"27,3";"27,2";"76,0";"78,0";"76,0";"22,7";"23,2";"22,7";"1009,1";"1009,3";"1009,1";"4,0";"58,0";"9,3";"";"0,0"
"03/12/2023";"0200";"27,1";"27,3";"27,1";"76,0";"78,0";"76,0";"22,5";"22,9";"22,5";"1008,6";"1009,1";"1008,6";"3,7";"65,0";"9,6";"";"0,0"
"03/12/2023";"0300";"27,0";"27,1";"26,9";"74,0";"77,0";"74,0";"22,0";"22,7";"22,0";"1008,1";"1008,6";"1008,0";"4,0";"71,0";"8,3";"";"0,0"
"03/12/2023";"0400";"26,8";"27,0";"26,8";"75,0";"77,0";"74,0";"22,1";"22,5";"21,9";"1007,9";"1008,1";"1007,7";"2,9";"75,0";"7,8";"";"0,0"
"03/12/2023";"0500";"26,0";"26,8";"26,0";"80,0";"80,0";"75,0";"22,4";"22,5";"22,0";"1007,7";"1007,9";"1007,7";"1,5";"119,0";"5,5";"";"0,0"
"03/12/2023";"0600";"25,0";"26,0";"25,0";"83,0";"83,0";"80,0";"21,9";"22,4";"21,9";"1007,9";"1007,9";"1007,7";"1,3";"126,0";"3,3";"";"0,0"
"03/12/2023";"0700";"24,3";"25,0";"24,3";"85,0";"85,0";"83,0";"21,7";"21,9";"21,7";"1008,2";"1008,2";"1007,9";"1,0";"119,0";"3,1";"";"0,0"
"03/12/2023";"0800";"23,6";"24,3";"23,6";"87,0";"87,0";"85,0";"21,4";"21,7";"21,3";"1008,7";"1008,7";"1008,1";"0,8";"156,0";"2,4";"";"0,0"
"03/12/2023";"0900";"24,9";"24,9";"23,3";"83,0";"89,0";"83,0";"21,8";"22,2";"21,3";"1009,5";"1009,5";"1008,7";"0,8";"159,0";"1,8";"161,20";"0,0"
"03/12/2023";"1000";"28,0";"28,0";"24,8";"70,0";"84,0";"70,0";"22,0";"22,5";"21,7";"1009,9";"1009,9";"1009,5";"3,3";"112,0";"6,3";"861,70";"0,0"
"03/12/2023";"1100";"29,8";"29,8";"27,7";"60,0";"70,0";"60,0";"21,3";"22,1";"21,0";"1010,1";"1010,1";"1009,7";"3,3";"112,0";"8,6";"1515,90";"0,0"
"03/12/2023";"1200";"30,3";"31,2";"29,4";"54,0";"60,0";"53,0";"20,0";"21,2";"20,0";"1009,6";"1010,2";"1009,6";"4,0";"113,0";"7,6";"2078,40";"0,0"
"03/12/2023";"1300";"31,8";"32,1";"30,3";"50,0";"56,0";"47,0";"20,2";"21,0";"18,9";"1009,5";"1009,7";"1009,4";"3,6";"77,0";"8,3";"2501,70";"0,0"
"03/12/2023";"1400";"32,4";"32,7";"31,2";"45,0";"52,0";"45,0";"19,0";"20,7";"18,8";"1008,9";"1009,5";"1008,9";"4,5";"47,0";"9,0";"2776,30";"0,0"
"03/12/2023";"1500";"33,0";"33,4";"31,8";"42,0";"47,0";"41,0";"18,2";"19,4";"17,7";"1008,0";"1008,9";"1008,0";"4,9";"47,0";"10,0";"3052,40";"0,0"
"03/12/2023";"1600";"32,7";"33,4";"31,8";"45,0";"48,0";"40,0";"19,3";"19,9";"17,9";"1007,2";"1008,0";"1007,2";"5,6";"37,0";"10,2";"2926,40";"0,0"
"03/12/2023";"1700";"32,1";"33,2";"32,1";"46,0";"46,0";"43,0";"18,9";"19,6";"18,2";"1006,6";"1007,2";"1006,6";"4,9";"18,0";"10,0";"2474,10";"0,0"
"03/12/2023";"1800";"31,5";"33,0";"31,0";"55,0";"55,0";"45,0";"21,4";"21,4";"19,1";"1006,2";"1006,6";"1006,1";"5,0";"26,0";"9,6";"2256,00";"0,0"
"03/12/2023";"1900";"29,8";"31,7";"29,7";"64,0";"64,0";"54,0";"22,2";"22,3";"20,3";"1006,2";"1006,3";"1006,1";"5,4";"51,0";"9,9";"1335,00";"0,0"
"03/12/2023";"2000";"28,6";"29,9";"28,6";"70,0";"70,0";"59,0";"22,5";"22,5";"20,8";"1006,6";"1006,6";"1006,2";"4,5";"42,0";"9,5";"454,30";"0,0"
"03/12/2023";"2100";"27,6";"28,6";"27,6";"77,0";"77,0";"70,0";"23,1";"23,2";"22,5";"1007,3";"1007,3";"1006,5";"3,8";"40,0";"8,8";"21,50";"0,0"
"03/12/2023";"2200";"27,4";"27,6";"27,4";"80,0";"80,0";"77,0";"23,5";"23,6";"23,1";"1008,0";"1008,0";"1007,3";"3,2";"37,0";"7,5";"";"0,0"
"03/12/2023";"2300";"27,3";"27,4";"27,3";"79,0";"80,0";"78,0";"23,3";"23,6";"23,3";"1008,6";"1008,6";"1008,0";"3,0";"47,0";"8,6";"";"0,0"
"04/12/2023";"0000";"27,1";"27,3";"27,1";"81,0";"81,0";"78,0";"23,5";"23,5";"23,1";"1008,9";"1008,9";"1008,6";"3,3";"54,0";"6,8";"";"0,0"
"04/12/2023";"0100";"27,2";"27,3";"27,1";"82,0";"82,0";"81,0";"23,8";"23,8";"23,5";"1009,4";"1009,4";"1008,8";"2,5";"51,0";"6,7";"";"0,0"
"04/12/2023";"0200";"27,2";"27,2";"27,1";"82,0";"82,0";"82,0";"23,8";"23,9";"23,7";"1009,3";"1009,5";"1009,2";"3,1";"64,0";"6,1";"";"0,0"
"04/12/2023";"0300";"27,2";"27,2";"26,9";"82,0";"83,0";"82,0";"23,9";"23,9";"23,6";"1008,9";"1009,3";"1008,9";"3,0";"57,0";"6,0";"";"0,0"
"04/12/2023";"0400";"27,0";"27,3";"26,9";"81,0";"82,0";"81,0";"23,5";"23,9";"23,5";"1008,5";"1008,9";"1008,5";"3,7";"63,0";"7,1";"";"0,0"
"04/12/2023";"0500";"26,9";"27,0";"26,6";"81,0";"82,0";"81,0";"23,4";"23,5";"23,2";"1008,5";"1008,5";"1008,3";"2,5";"69,0";"7,1";"";"0,0"
"04/12/2023";"0600";"26,5";"27,0";"26,5";"82,0";"82,0";"79,0";"23,1";"23,4";"23,0";"1008,4";"1008,5";"1008,3";"2,2";"104,0";"5,8";"";"0,0"
"04/12/2023";"0700";"25,4";"26,5";"25,4";"86,0";"86,0";"82,0";"22,9";"23,1";"22,9";"1009,0";"1009,0";"1008,4";"1,7";"115,0";"4,1";"";"0,0"
"04/12/2023";"0800";"24,9";"25,4";"24,9";"88,0";"88,0";"86,0";"22,7";"22,9";"22,7";"1009,6";"1009,6";"1009,0";"0,9";"120,0";"3,2";"";"0,0"
"04/12/2023";"0900";"26,1";"26,1";"24,7";"84,0";"89,0";"84,0";"23,2";"23,2";"22,7";"1010,2";"1010,2";"1009,6";"1,7";"120,0";"3,6";"152,30";"0,0"
"04/12/2023";"1000";"28,5";"28,5";"26,1";"73,0";"84,0";"73,0";"23,3";"23,3";"22,7";"1010,6";"1010,7";"1010,2";"2,5";"99,0";"5,3";"827,30";"0,0"
"04/12/2023";"1100";"29,7";"30,0";"28,2";"63,0";"73,0";"63,0";"22,0";"23,1";"22,0";"1010,9";"1010,9";"1010,6";"2,8";"93,0";"5,8";"1043,30";"0,0"
"04/12/2023";"1200";"30,4";"31,1";"29,2";"60,0";"65,0";"58,0";"21,9";"22,5";"21,5";"1010,9";"1011,1";"1010,9";"5,0";"64,0";"7,8";"1575,50";"0,0"
"04/12/2023";"1300";"32,2";"32,4";"30,5";"53,0";"61,0";"52,0";"21,4";"22,3";"20,8";"1011,0";"1011,1";"1010,8";"5,0";"56,0";"9,9";"2571,60";"0,0"
"04/12/2023";"1400";"32,4";"32,8";"31,5";"49,0";"56,0";"48,0";"20,3";"21,8";"20,3";"1010,4";"1011,0";"1010,3";"5,2";"50,0";"10,3";"2837,90";"0,0"
"04/12/2023";"1500";"32,9";"33,2";"31,6";"50,0";"53,0";"48,0";"21,1";"21,3";"19,8";"1009,5";"1010,4";"1009,5";"5,1";"47,0";"9,4";"2964,30";"0,0"
"04/12/2023";"1600";"32,1";"33,5";"32,0";"52,0";"52,0";"47,0";"20,9";"21,2";"20,0";"1008,7";"1009,5";"1008,7";"5,7";"45,0";"9,5";"2740,00";"0,0"
"04/12/2023";"1700";"32,5";"33,2";"31,8";"52,0";"53,0";"48,0";"21,3";"21,7";"20,0";"1008,1";"1008,7";"1008,1";"5,0";"28,0";"10,1";"2488,70";"0,0"
"04/12/2023";"1800";"31,3";"32,5";"31,2";"60,0";"60,0";"50,0";"22,5";"22,7";"20,3";"1007,8";"1008,2";"1007,7";"4,9";"33,0";"10,0";"1949,40";"0,0"
"04/12/2023";"1900";"30,3";"31,7";"30,1";"65,0";"66,0";"59,0";"23,1";"23,1";"22,4";"1008,2";"1008,2";"1007,8";"4,8";"30,0";"9,5";"1284,00";"0,0"
"04/12/2023";"2000";"29,0";"30,4";"29,0";"71,0";"71,0";"64,0";"23,1";"23,4";"22,6";"1008,6";"1008,7";"1008,2";"4,3";"43,0";"8,8";"550,40";"0,0"
"04/12/2023";"2100";"28,0";"29,0";"28,0";"78,0";"78,0";"71,0";"23,7";"23,7";"23,0";"1009,1";"1009,1";"1008,6";"3,5";"39,0";"7,9";"43,00";"0,0"
"04/12/2023";"2200";"27,7";"28,0";"27,7";"79,0";"80,0";"78,0";"23,7";"23,9";"23,7";"1009,4";"1009,4";"1009,1";"3,8";"44,0";"7,1";"";"0,0"
"04/12/2023";"2300";"27,6";"27,7";"27,6";"80,0";"80,0";"79,0";"23,9";"23,9";"23,7";"1010,1";"1010,1";"1009,4";"4,1";"51,0";"7,7";"";"0,0"
"05/12/2023";"0000";"27,4";"27,6";"27,4";"81,0";"82,0";"80,0";"23,9";"24,0";"23,8";"1010,1";"1010,1";"1010,0";"3,9";"56,0";"7,8";"";"0,0"
"05/12/2023";"0100";"27,5";"27,6";"27,4";"80,0";"81,0";"79,0";"23,8";"24,0";"23,7";"1010,3";"1010,4";"1010,1";"4,1";"64,0";"8,7";"";"0,0"
"05/12/2023";"0200";"27,5";"27,7";"27,4";"80,0";"81,0";"79,0";"23,8";"24,0";"23,6";"1010,1";"1010,3";"1010,1";"3,7";"63,0";"8,7";"";"0,0"
"05/12/2023";"0300";"27,3";"27,6";"27,3";"81,0";"81,0";"80,0";"23,8";"23,9";"23,7";"1009,7";"1010,1";"1009,7";"2,6";"68,0";"8,6";"";"0,0"
"05/12/2023";"0400";"27,3";"27,5";"27,3";"80,0";"81,0";"79,0";"23,7";"23,8";"23,5";"1009,1";"1009,7";"1009,1";"2,4";"92,0";"6,8";"";"0,0"
"05/12/2023";"0500";"26,3";"27,3";"26,3";"83,0";"83,0";"80,0";"23,3";"23,7";"23,3";"1008,8";"1009,1";"1008,7";"1,5";"114,0";"4,3";"";"0,0"
"05/12/2023";"0600";"26,0";"26,3";"26,0";"84,0";"84,0";"83,0";"23,2";"23,3";"23,1";"1008,8";"1008,9";"1008,7";"1,5";"104,0";"3,9";"";"0,0"
"05/12/2023";"0700";"25,7";"26,0";"25,7";"85,0";"85,0";"84,0";"23,1";"23,1";"23,0";"1009,2";"1009,2";"1008,8";"1,6";"109,0";"3,5";"";"0,0"
"05/12/2023";"0800";"25,3";"25,7";"25,2";"87,0";"87,0";"85,0";"23,0";"23,1";"22,9";"1009,6";"1009,6";"1009,2";"1,3";"115,0";"3,0";"0,10";"0,0"
"05/12/2023";"0900";"25,9";"26,0";"25,3";"85,0";"87,0";"85,0";"23,2";"23,3";"23,0";"1010,4";"1010,4";"1009,6";"1,4";"125,0";"2,8";"111,30";"0,0"
"05/12/2023";"1000";"28,4";"28,4";"25,9";"73,0";"85,0";"73,0";"23,1";"23,5";"22,9";"1011,0";"1011,0";"1010,4";"4,3";"100,0";"7,6";"717,50";"0,0"
"05/12/2023";"1100";"30,2";"30,3";"28,4";"63,0";"73,0";"63,0";"22,3";"23,1";"22,3";"1011,2";"1011,4";"1011,0";"3,7";"96,0";"8,2";"1367,20";"0,0"
"05/12/2023";"1200";"31,6";"32,1";"29,8";"55,0";"64,0";"54,0";"21,6";"22,6";"21,3";"1011,1";"1011,3";"1011,1";"4,6";"88,0";"9,4";"1765,80";"0,0"
"05/12/2023";"1300";"32,7";"32,8";"30,5";"52,0";"60,0";"52,0";"21,6";"22,4";"21,4";"1010,5";"1011,1";"1010,5";"3,6";"87,0";"9,4";"1478,90";"0,0"
"05/12/2023";"1400";"33,2";"34,1";"31,9";"49,0";"55,0";"46,0";"21,0";"21,9";"20,6";"1009,7";"1010,5";"1009,7";"4,3";"65,0";"9,8";"2771,80";"0,0"
"05/12/2023";"1500";"33,5";"34,0";"32,7";"47,0";"50,0";"45,0";"20,8";"21,3";"20,1";"1008,7";"1009,7";"1008,7";"4,7";"41,0";"9,8";"2905,50";"0,0"
"05/12/2023";"1600";"32,2";"34,1";"32,2";"56,0";"56,0";"46,0";"22,2";"22,4";"20,5";"1008,0";"1008,7";"1008,0";"5,7";"32,0";"10,5";"2843,60";"0,0"
"05/12/2023";"1700";"31,8";"33,3";"31,5";"59,0";"59,0";"52,0";"22,9";"22,9";"21,6";"1007,4";"1008,0";"1007,3";"6,3";"44,0";"10,5";"2483,60";"0,0"
"05/12/2023";"1800";"30,8";"32,2";"30,5";"64,0";"64,0";"58,0";"23,2";"23,2";"22,4";"1007,1";"1007,4";"1007,0";"6,3";"49,0";"10,1";"1941,20";"0,0"
"05/12/2023";"1900";"29,9";"31,2";"29,8";"67,0";"67,0";"62,0";"23,0";"23,5";"22,5";"1007,0";"1007,1";"1006,9";"5,7";"48,0";"10,9";"1282,90";"0,0"
"05/12/2023";"2000";"28,8";"30,2";"28,8";"71,0";"72,0";"65,0";"22,9";"23,7";"22,8";"1007,2";"1007,2";"1006,9";"5,2";"47,0";"10,6";"543,60";"0,0"
"05/12/2023";"2100";"28,0";"28,9";"28,0";"76,0";"77,0";"70,0";"23,4";"23,5";"22,9";"1007,7";"1007,7";"1007,2";"4,6";"54,0";"10,4";"45,50";"0,0"
"05/12/2023";"2200";"27,9";"28,0";"27,8";"75,0";"78,0";"75,0";"23,1";"23,7";"23,1";"1008,0";"1008,0";"1007,6";"4,6";"54,0";"11,6";"";"0,0"
"05/12/2023";"2300";"27,9";"27,9";"27,8";"77,0";"79,0";"75,0";"23,5";"23,7";"23,2";"1008,5";"1008,5";"1008,0";"5,4";"65,0";"11,0";"";"0,0"
"06/12/2023";"0000";"28,0";"28,0";"27,7";"77,0";"79,0";"76,0";"23,5";"23,8";"23,3";"1008,7";"1008,7";"1008,5";"5,6";"68,0";"10,4";"";"0,0"
"06/12/2023";"0100";"27,7";"28,0";"27,7";"76,0";"77,0";"75,0";"23,1";"23,6";"23,0";"1009,0";"1009,1";"1008,7";"4,9";"82,0";"11,6";"";"0,0"
"06/12/2023";"0200";"27,4";"27,7";"27,4";"74,0";"76,0";"73,0";"22,5";"22,9";"22,2";"1008,7";"1009,0";"1008,6";"5,3";"86,0";"10,9";"";"0,0"
"06/12/2023";"0300";"26,7";"27,4";"26,7";"77,0";"77,0";"74,0";"22,3";"22,5";"22,3";"1008,2";"1008,7";"1008,2";"3,8";"94,0";"9,0";"";"0,0"
"06/12/2023";"0400";"26,3";"26,7";"26,3";"76,0";"77,0";"75,0";"21,8";"22,3";"21,8";"1008,1";"1008,3";"1008,1";"2,8";"105,0";"8,3";"";"0,0"
"06/12/2023";"0500";"25,9";"26,3";"25,9";"78,0";"78,0";"76,0";"21,7";"21,8";"21,5";"1007,8";"1008,1";"1007,8";"2,8";"99,0";"5,6";"";"0,0"
"06/12/2023";"0600";"25,3";"25,9";"25,3";"81,0";"81,0";"78,0";"21,8";"21,8";"21,7";"1008,1";"1008,1";"1007,8";"2,0";"97,0";"4,7";"";"0,0"
"06/12/2023";"0700";"24,8";"25,3";"24,8";"83,0";"83,0";"81,0";"21,8";"21,9";"21,8";"1008,1";"1008,1";"1008,0";"2,2";"104,0";"4,2";"";"0,0"
"06/12/2023";"0800";"24,3";"24,8";"24,3";"84,0";"85,0";"83,0";"21,5";"21,8";"21,5";"1008,6";"1008,6";"1008,1";"1,3";"118,0";"4,0";"";"0,0"
"06/12/2023";"0900";"25,7";"25,7";"24,2";"80,0";"85,0";"80,0";"21,9";"22,0";"21,5";"1009,4";"1009,4";"1008,6";"1,8";"98,0";"3,2";"158,10";"0,0"
"06/12/2023";"1000";"27,8";"27,8";"25,7";"67,0";"80,0";"67,0";"21,1";"22,0";"21,1";"1010,2";"1010,2";"1009,4";"4,2";"111,0";"8,0";"837,70";"0,0"
"06/12/2023";"1100";"29,3";"29,4";"27,7";"59,0";"67,0";"58,0";"20,4";"21,2";"20,2";"1010,2";"1010,3";"1010,1";"4,3";"108,0";"8,6";"1545,30";"0,0"
"06/12/2023";"1200";"31,5";"31,5";"29,3";"48,0";"59,0";"48,0";"19,1";"20,6";"18,9";"1010,1";"1010,4";"1010,0";"4,7";"90,0";"10,4";"2032,70";"0,0"
"06/12/2023";"1300";"31,6";"32,5";"30,5";"47,0";"52,0";"45,0";"18,8";"20,0";"18,4";"1009,7";"1010,1";"1009,7";"5,0";"82,0";"10,4";"2103,50";"0,0"
"06/12/2023";"1400";"33,2";"33,3";"31,4";"42,0";"48,0";"40,0";"18,5";"19,6";"17,6";"1008,9";"1009,7";"1008,9";"5,3";"73,0";"10,2";"2803,40";"0,0"
"06/12/2023";"1500";"33,0";"33,3";"31,6";"46,0";"50,0";"41,0";"19,8";"20,2";"17,9";"1008,0";"1008,9";"1007,9";"5,3";"60,0";"9,2";"2724,00";"0,0"
"06/12/2023";"1600";"33,3";"33,9";"32,5";"45,0";"47,0";"44,0";"19,7";"20,2";"19,2";"1007,0";"1008,0";"1007,0";"5,1";"65,0";"9,6";"2872,90";"0,0"
"06/12/2023";"1700";"32,1";"33,6";"32,1";"51,0";"51,0";"45,0";"20,6";"21,0";"19,3";"1006,4";"1007,0";"1006,4";"5,6";"59,0";"11,3";"2519,90";"0,0"
"06/12/2023";"1800";"31,1";"32,9";"30,8";"57,0";"58,0";"49,0";"21,5";"21,9";"20,3";"1006,0";"1006,4";"1006,0";"5,4";"39,0";"10,7";"1961,70";"0,0"
"06/12/2023";"1900";"30,5";"31,4";"30,0";"57,0";"60,0";"55,0";"21,0";"21,9";"20,7";"1006,1";"1006,1";"1006,0";"5,1";"45,0";"10,9";"1292,40";"0,0"
"06/12/2023";"2000";"28,8";"30,4";"28,8";"67,0";"67,0";"56,0";"22,1";"22,1";"20,5";"1006,6";"1006,7";"1006,0";"5,7";"52,0";"9,9";"557,00";"0,0"
"06/12/2023";"2100";"27,9";"28,8";"27,9";"71,0";"72,0";"66,0";"22,3";"22,5";"21,9";"1007,3";"1007,3";"1006,6";"4,5";"47,0";"9,9";"46,40";"0,0"
"06/12/2023";"2200";"27,7";"27,9";"27,7";"72,0";"73,0";"71,0";"22,3";"22,5";"22,1";"1008,0";"1008,0";"1007,3";"3,3";"48,0";"9,7";"";"0,0"
"06/12/2023";"2300";"27,7";"27,9";"27,7";"74,0";"75,0";"72,0";"22,8";"22,8";"22,2";"1008,6";"1008,6";"1007,9";"4,2";"52,0";"8,8";"";"0,0"
"07/12/2023";"0000";"27,6";"27,8";"27,6";"74,0";"75,0";"72,0";"22,5";"22,8";"22,2";"1009,1";"1009,1";"1008,6";"4,3";"59,0";"9,3";"";"0,0"
"07/12/2023";"0100";"27,6";"27,7";"27,5";"76,0";"77,0";"73,0";"23,0";"23,2";"22,5";"1009,3";"1009,3";"1009,1";"4,6";"71,0";"9,4";"";"0,0"
"07/12/2023";"0200";"27,2";"27,6";"27,2";"77,0";"77,0";"76,0";"22,8";"23,0";"22,8";"1009,0";"1009,3";"1009,0";"4,1";"89,0";"10,2";"";"0,0"
"07/12/2023";"0300";"26,6";"27,2";"26,6";"77,0";"77,0";"76,0";"22,3";"22,8";"22,2";"1008,6";"1009,0";"1008,6";"4,3";"91,0";"8,7";"";"0,0"
"07/12/2023";"0400";"26,1";"26,6";"26,1";"78,0";"78,0";"76,0";"21,9";"22,3";"21,7";"1007,9";"1008,6";"1007,9";"3,7";"100,0";"7,4";"";"0,0"
"07/12/2023";"0500";"25,9";"26,1";"25,8";"79,0";"79,0";"78,0";"21,9";"22,0";"21,9";"1007,7";"1007,9";"1007,7";"3,7";"96,0";"7,3";"";"0,0"
"07/12/2023";"0600";"25,8";"25,9";"25,8";"79,0";"79,0";"79,0";"21,8";"22,0";"21,8";"1007,7";"1007,7";"1007,6";"3,2";"102,0";"7,5";"";"0,0"
"07/12/2023";"0700";"25,4";"25,9";"25,4";"81,0";"81,0";"79,0";"22,0";"22,0";"21,8";"1008,0";"1008,0";"1007,7";"2,0";"109,0";"6,2";"";"0,0"
"07/12/2023";"0800";"25,1";"25,4";"25,0";"83,0";"83,0";"81,0";"22,0";"22,0";"21,9";"1008,5";"1008,5";"1008,0";"1,4";"117,0";"4,9";"";"0,0"
"07/12/2023";"0900";"26,1";"26,1";"25,1";"80,0";"84,0";"80,0";"22,3";"22,4";"22,0";"1009,1";"1009,1";"1008,5";"2,4";"105,0";"5,4";"149,80";"0,0"
"07/12/2023";"1000";"27,7";"27,7";"26,1";"73,0";"80,0";"73,0";"22,3";"22,5";"22,1";"1009,6";"1009,6";"1009,1";"4,4";"101,0";"8,8";"643,50";"0,0"
"07/12/2023";"1100";"29,0";"29,0";"27,7";"65,0";"73,0";"65,0";"21,9";"22,3";"21,6";"1009,9";"1009,9";"1009,6";"4,8";"91,0";"9,6";"959,70";"0,0"
"07/12/2023";"1200";"30,5";"31,5";"28,8";"57,0";"66,0";"56,0";"21,1";"22,2";"21,1";"1009,9";"1010,0";"1009,8";"5,8";"79,0";"10,6";"1484,70";"0,0"
"07/12/2023";"1300";"31,6";"31,8";"30,0";"53,0";"62,0";"53,0";"20,9";"22,4";"20,9";"1009,4";"1010,0";"1009,4";"6,9";"74,0";"12,1";"2073,20";"0,0"
"07/12/2023";"1400";"31,9";"32,7";"31,0";"56,0";"57,0";"47,0";"22,1";"22,1";"19,5";"1009,2";"1009,5";"1009,2";"6,5";"71,0";"12,1";"2820,20";"0,0"
"07/12/2023";"1500";"32,4";"32,6";"31,6";"50,0";"56,0";"46,0";"20,6";"21,8";"19,1";"1008,4";"1009,2";"1008,3";"5,9";"54,0";"12,1";"2952,20";"0,0"
"07/12/2023";"1600";"31,7";"33,1";"31,6";"52,0";"55,0";"46,0";"20,7";"21,6";"19,5";"1007,6";"1008,4";"1007,5";"6,0";"47,0";"11,4";"2851,20";"0,0"
"07/12/2023";"1700";"31,4";"32,6";"31,3";"55,0";"58,0";"51,0";"21,4";"22,5";"20,9";"1006,8";"1007,6";"1006,8";"5,5";"43,0";"10,6";"2515,60";"0,0"
"07/12/2023";"1800";"30,6";"32,3";"30,6";"58,0";"60,0";"50,0";"21,4";"22,1";"20,3";"1006,5";"1006,8";"1006,4";"6,2";"55,0";"11,2";"1996,60";"0,0"
"07/12/2023";"1900";"30,0";"31,5";"29,7";"65,0";"66,0";"58,0";"22,7";"23,1";"21,4";"1006,8";"1006,8";"1006,5";"5,8";"51,0";"11,1";"1244,10";"0,0"
"07/12/2023";"2000";"28,9";"30,1";"28,9";"69,0";"69,0";"65,0";"22,7";"23,2";"22,3";"1007,1";"1007,2";"1006,7";"4,8";"56,0";"10,7";"578,20";"0,0"
"07/12/2023";"2100";"27,9";"28,9";"27,9";"76,0";"76,0";"69,0";"23,2";"23,3";"22,8";"1007,9";"1007,9";"1007,1";"3,9";"50,0";"8,8";"46,70";"0,0"
"07/12/2023";"2200";"27,7";"27,9";"27,7";"77,0";"77,0";"76,0";"23,3";"23,4";"23,1";"1008,6";"1008,6";"1007,9";"3,4";"47,0";"7,9";"";"0,0"
"07/12/2023";"2300";"27,8";"27,8";"27,7";"79,0";"79,0";"77,0";"23,8";"23,9";"23,3";"1009,3";"1009,3";"1008,6";"4,1";"58,0";"8,4";"";"0,0"
"08/12/2023";"0000";"27,9";"27,9";"27,7";"75,0";"79,0";"75,0";"23,1";"23,8";"23,1";"1009,5";"1009,5";"1009,2";"4,6";"69,0";"10,0";"";"0,0"
"08/12/2023";"0100";"27,7";"27,9";"27,7";"74,0";"76,0";"74,0";"22,6";"23,1";"22,5";"1009,5";"1009,6";"1009,4";"4,8";"83,0";"8,6";"";"0,0"
"08/12/2023";"0200";"27,0";"27,7";"27,0";"74,0";"75,0";"73,0";"22,0";"22,6";"22,0";"1009,1";"1009,5";"1009,1";"4,7";"86,0";"10,1";"";"0,0"
"08/12/2023";"0300";"26,3";"27,0";"26,3";"77,0";"77,0";"74,0";"22,0";"22,0";"21,9";"1008,7";"1009,1";"1008,7";"3,2";"87,0";"8,0";"";"0,0"
"08/12/2023";"0400";"25,6";"26,3";"25,6";"80,0";"80,0";"77,0";"21,9";"22,0";"21,9";"1008,0";"1008,7";"1008,0";"2,5";"88,0";"5,5";"";"0,0"
"08/12/2023";"0500";"25,4";"25,6";"25,4";"82,0";"82,0";"80,0";"22,0";"22,0";"21,8";"1007,7";"1008,0";"1007,7";"2,3";"94,0";"4,7";"";"0,0"
"08/12/2023";"0600";"25,2";"25,5";"25,1";"83,0";"83,0";"81,0";"22,2";"22,2";"22,0";"1007,8";"1007,8";"1007,7";"2,4";"91,0";"5,7";"";"0,0"
"08/12/2023";"0700";"25,0";"25,2";"24,9";"85,0";"85,0";"83,0";"22,2";"22,3";"22,1";"1007,9";"1008,0";"1007,8";"2,4";"91,0";"4,7";"";"0,0"
"08/12/2023";"0800";"24,4";"25,0";"24,4";"86,0";"86,0";"85,0";"22,0";"22,2";"22,0";"1008,5";"1008,5";"1007,9";"1,3";"97,0";"4,2";"";"0,0"
"08/12/2023";"0900";"25,4";"25,4";"24,3";"84,0";"87,0";"84,0";"22,4";"22,4";"22,0";"1009,5";"1009,5";"1008,5";"2,0";"85,0";"3,3";"116,70";"0,0"
"08/12/2023";"1000";"28,0";"28,2";"25,4";"70,0";"84,0";"70,0";"22,1";"22,7";"22,0";"1010,1";"1010,2";"1009,5";"4,2";"93,0";"7,5";"806,50";"0,0"
"08/12/2023";"1100";"29,6";"29,7";"28,0";"61,0";"70,0";"61,0";"21,4";"22,3";"21,2";"1010,6";"1010,6";"1010,1";"5,8";"94,0";"10,1";"1487,60";"0,0"
"08/12/2023";"1200";"31,1";"31,1";"29,5";"52,0";"62,0";"52,0";"20,0";"21,7";"19,7";"1010,6";"1010,9";"1010,5";"5,7";"92,0";"10,5";"1951,90";"0,0"
"08/12/2023";"1300";"31,7";"32,7";"31,0";"53,0";"53,0";"46,0";"21,0";"21,0";"19,0";"1009,9";"1010,6";"1009,9";"4,5";"71,0";"10,6";"2541,50";"0,0"
"08/12/2023";"1400";"33,3";"33,3";"31,7";"50,0";"53,0";"49,0";"21,4";"21,6";"20,5";"1009,3";"1009,9";"1009,3";"4,5";"52,0";"9,9";"2728,40";"0,0"
"08/12/2023";"1500";"33,2";"33,5";"32,1";"49,0";"52,0";"48,0";"21,0";"21,6";"20,6";"1008,4";"1009,3";"1008,4";"4,5";"60,0";"8,4";"2829,20";"0,0"
"08/12/2023";"1600";"32,1";"33,4";"31,9";"53,0";"53,0";"48,0";"21,2";"21,3";"20,6";"1007,6";"1008,4";"1007,6";"5,0";"50,0";"9,3";"2476,30";"0,0"
"08/12/2023";"1700";"31,7";"33,0";"31,7";"55,0";"57,0";"50,0";"21,6";"22,4";"20,8";"1006,8";"1007,6";"1006,8";"5,4";"56,0";"9,7";"2294,70";"0,0"
"08/12/2023";"1800";"31,1";"32,8";"30,8";"60,0";"61,0";"53,0";"22,4";"22,4";"21,4";"1006,2";"1006,8";"1006,2";"5,2";"53,0";"9,7";"1848,00";"0,0"
"08/12/2023";"1900";"30,6";"31,1";"30,5";"63,0";"63,0";"60,0";"22,7";"22,9";"22,3";"1006,4";"1006,5";"1006,2";"5,3";"51,0";"10,0";"1086,10";"0,0"
"08/12/2023";"2000";"29,1";"30,6";"29,0";"68,0";"68,0";"62,0";"22,6";"22,7";"22,4";"1006,7";"1006,7";"1006,3";"5,1";"52,0";"9,9";"365,50";"0,0"
"08/12/2023";"2100";"28,4";"29,1";"28,4";"74,0";"74,0";"68,0";"23,4";"23,4";"22,7";"1007,2";"1007,2";"1006,7";"4,4";"43,0";"10,5";"31,30";"0,0"
"08/12/2023";"2200";"28,4";"28,4";"28,3";"75,0";"76,0";"74,0";"23,6";"23,6";"23,4";"1007,8";"1007,8";"1007,2";"4,4";"50,0";"9,3";"";"0,0"
"08/12/2023";"2300";"28,5";"28,5";"28,4";"74,0";"75,0";"73,0";"23,3";"23,6";"23,3";"1008,4";"1008,4";"1007,7";"5,7";"64,0";"10,8";"";"0,0"
"09/12/2023";"0000";"28,6";"28,6";"28,4";"65,0";"75,0";"65,0";"21,4";"23,6";"21,4";"1009,0";"1009,1";"1008,3";"6,3";"75,0";"12,3";"";"0,0"
"09/12/2023";"0100";"27,9";"28,6";"27,9";"66,0";"66,0";"61,0";"20,9";"21,3";"20,2";"1009,1";"1009,1";"1008,9";"5,2";"82,0";"11,6";"";"0,0"
"09/12/2023";"0200";"27,1";"27,9";"27,1";"71,0";"71,0";"66,0";"21,4";"21,4";"20,9";"1008,7";"1009,1";"1008,7";"4,0";"90,0";"11,3";"";"0,0"
"09/12/2023";"0300";"26,5";"27,2";"26,5";"75,0";"75,0";"71,0";"21,6";"21,6";"21,5";"1007,8";"1008,7";"1007,8";"3,4";"91,0";"8,2";"";"0,0"
"09/12/2023";"0400";"26,2";"26,6";"26,2";"77,0";"77,0";"75,0";"21,9";"21,9";"21,6";"1007,1";"1007,8";"1007,1";"3,6";"93,0";"8,5";"";"0,0"
"09/12/2023";"0500";"25,8";"26,2";"25,8";"79,0";"79,0";"77,0";"21,8";"22,0";"21,8";"1007,0";"1007,1";"1006,9";"2,3";"93,0";"7,2";"";"0,0"
"09/12/2023";"0600";"25,5";"25,8";"25,5";"79,0";"79,0";"78,0";"21,7";"21,8";"21,6";"1007,2";"1007,3";"1007,0";"2,3";"88,0";"4,4";"";"0,0"
"09/12/2023";"0700";"25,5";"25,6";"25,1";"80,0";"81,0";"79,0";"21,8";"21,8";"21,6";"1007,3";"1007,3";"1007,0";"2,8";"97,0";"4,5";"";"0,0"
"09/12/2023";"0800";"25,3";"25,5";"25,2";"81,0";"81,0";"80,0";"21,7";"21,8";"21,7";"1007,7";"1007,7";"1007,3";"2,2";"96,0";"5,1";"0,10";"0,0"
"09/12/2023";"0900";"26,0";"26,0";"25,2";"78,0";"81,0";"78,0";"21,8";"21,9";"21,6";"1008,4";"1008,4";"1007,7";"2,1";"99,0";"4,1";"125,00";"0,0"
"09/12/2023";"1000";"27,9";"28,2";"26,0";"68,0";"78,0";"67,0";"21,4";"22,1";"21,3";"1009,2";"1009,2";"1008,4";"3,7";"89,0";"7,2";"760,60";"0,0"
"09/12/2023";"1100";"29,1";"29,1";"27,8";"63,0";"68,0";"63,0";"21,3";"21,6";"21,2";"1009,7";"1009,7";"1009,1";"5,8";"84,0";"9,4";"1135,30";"0,0"
"09/12/2023";"1200";"30,6";"30,9";"28,9";"59,0";"64,0";"58,0";"21,7";"22,0";"20,7";"1009,7";"1010,0";"1009,7";"5,0";"72,0";"9,8";"1620,70";"0,0"
"09/12/2023";"1300";"31,3";"32,1";"29,9";"57,0";"60,0";"53,0";"21,7";"21,9";"20,9";"1009,2";"1009,7";"1009,1";"3,7";"74,0";"9,9";"2136,80";"0,0"
"09/12/2023";"1400";"32,1";"32,5";"30,5";"54,0";"59,0";"52,0";"21,4";"22,0";"21,2";"1008,3";"1009,2";"1008,3";"4,9";"60,0";"9,9";"2660,80";"0,0"
"09/12/2023";"1500";"31,5";"32,8";"31,4";"56,0";"56,0";"52,0";"21,5";"22,1";"21,2";"1007,4";"1008,3";"1007,3";"6,3";"51,0";"10,5";"2951,30";"0,0"
"09/12/2023";"1600";"31,6";"33,2";"31,1";"52,0";"57,0";"50,0";"20,6";"22,2";"20,6";"1006,5";"1007,4";"1006,5";"6,2";"55,0";"12,2";"2835,80";"0,0"
"09/12/2023";"1700";"31,3";"32,8";"31,2";"54,0";"55,0";"49,0";"20,9";"21,4";"20,2";"1005,6";"1006,5";"1005,6";"6,0";"46,0";"11,2";"2468,20";"0,0"
"09/12/2023";"1800";"30,7";"32,1";"30,6";"58,0";"58,0";"51,0";"21,5";"21,5";"20,5";"1005,1";"1005,6";"1005,1";"6,0";"48,0";"10,1";"1912,30";"0,0"
"09/12/2023";"1900";"29,7";"31,0";"29,6";"66,0";"66,0";"57,0";"22,5";"22,7";"21,5";"1005,4";"1005,4";"1005,1";"6,1";"51,0";"10,9";"1239,60";"0,0"
"09/12/2023";"2000";"28,8";"29,7";"28,7";"69,0";"70,0";"66,0";"22,5";"23,1";"22,5";"1005,8";"1005,8";"1005,3";"5,3";"51,0";"11,2";"519,90";"0,0"
"09/12/2023";"2100";"28,2";"28,8";"28,2";"70,0";"70,0";"68,0";"22,2";"22,5";"22,0";"1006,5";"1006,5";"1005,8";"5,0";"49,0";"10,8";"45,40";"0,0"
"09/12/2023";"2200";"28,1";"28,3";"28,1";"72,0";"72,0";"69,0";"22,6";"22,7";"22,1";"1007,1";"1007,1";"1006,5";"4,9";"58,0";"9,5";"";"0,0"
"09/12/2023";"2300";"28,0";"28,1";"28,0";"73,0";"73,0";"72,0";"22,8";"22,8";"22,5";"1008,1";"1008,1";"1007,0";"4,9";"61,0";"10,9";"";"0,0"
"10/12/2023";"0000";"28,0";"28,1";"27,9";"69,0";"74,0";"69,0";"21,8";"22,8";"21,8";"1008,6";"1008,7";"1008,1";"5,4";"73,0";"12,0";"";"0,0"
"10/12/2023";"0100";"27,5";"28,0";"27,5";"71,0";"71,0";"68,0";"21,7";"22,0";"21,4";"1008,7";"1008,8";"1008,6";"4,7";"82,0";"12,7";"";"0,0"
"10/12/2023";"0200";"27,0";"27,5";"27,0";"72,0";"74,0";"71,0";"21,6";"22,1";"21,6";"1008,8";"1008,9";"1008,7";"4,6";"89,0";"10,8";"";"0,0"
"10/12/2023";"0300";"26,5";"27,0";"26,5";"73,0";"73,0";"71,0";"21,2";"21,5";"21,2";"1008,7";"1008,8";"1008,6";"2,8";"98,0";"9,4";"";"0,0"
"10/12/2023";"0400";"26,3";"26,5";"26,3";"72,0";"74,0";"72,0";"20,8";"21,4";"20,8";"1008,3";"1008,7";"1008,2";"3,5";"96,0";"7,5";"";"0,0"
"10/12/2023";"0500";"25,6";"26,3";"25,6";"75,0";"75,0";"72,0";"20,8";"20,8";"20,7";"1008,1";"1008,4";"1008,1";"1,8";"94,0";"6,3";"";"0,0"
"10/12/2023";"0600";"25,2";"25,6";"25,2";"78,0";"78,0";"75,0";"21,0";"21,0";"20,8";"1008,3";"1008,3";"1008,0";"1,6";"104,0";"4,1";"";"0,0"
"10/12/2023";"0700";"24,7";"25,2";"24,7";"80,0";"80,0";"78,0";"21,1";"21,1";"20,8";"1008,4";"1008,5";"1008,3";"1,5";"76,0";"4,2";"";"0,0"
"10/12/2023";"0800";"24,9";"25,1";"24,7";"80,0";"81,0";"79,0";"21,3";"21,3";"21,1";"1009,3";"1009,3";"1008,4";"1,1";"155,0";"3,2";"";"0,0"
"10/12/2023";"0900";"26,4";"26,4";"24,9";"76,0";"80,0";"76,0";"21,9";"21,9";"21,3";"1009,3";"1009,4";"1009,2";"3,3";"86,0";"6,8";"141,30";"0,0"
"10/12/2023";"1000";"27,7";"27,7";"26,4";"68,0";"76,0";"67,0";"21,2";"21,9";"21,1";"1009,9";"1009,9";"1009,3";"6,2";"89,0";"10,1";"633,10";"0,0"
"10/12/2023";"1100";"29,1";"29,2";"27,7";"62,0";"68,0";"61,0";"21,1";"21,4";"20,8";"1010,1";"1010,1";"1009,7";"4,8";"90,0";"10,8";"1202,10";"0,0"
"10/12/2023";"1200";"30,5";"31,0";"28,8";"53,0";"63,0";"52,0";"19,8";"21,2";"19,8";"1010,1";"1010,1";"1009,9";"5,7";"83,0";"10,7";"1708,90";"0,0"
"10/12/2023";"1300";"31,4";"31,7";"30,2";"51,0";"55,0";"50,0";"20,0";"20,7";"19,7";"1009,7";"1010,1";"1009,6";"5,6";"64,0";"10,8";"2407,00";"0,0"
"10/12/2023";"1400";"32,2";"32,6";"31,0";"46,0";"52,0";"46,0";"19,2";"20,3";"18,6";"1009,2";"1009,7";"1009,1";"5,8";"52,0";"11,5";"2744,40";"0,0"
"10/12/2023";"1500";"31,5";"32,8";"31,2";"53,0";"53,0";"43,0";"20,7";"21,2";"17,8";"1008,6";"1009,2";"1008,5";"5,4";"54,0";"11,8";"2915,60";"0,0"
"10/12/2023";"1600";"31,3";"32,6";"31,3";"53,0";"53,0";"48,0";"20,5";"20,9";"19,9";"1007,4";"1008,6";"1007,4";"6,0";"60,0";"10,6";"2804,40";"0,0"
"10/12/2023";"1700";"30,5";"32,3";"30,5";"53,0";"57,0";"52,0";"20,0";"21,6";"19,5";"1006,8";"1007,4";"1006,8";"6,0";"60,0";"11,5";"1939,10";"0,0"
"10/12/2023";"1800";"31,0";"31,6";"30,4";"54,0";"55,0";"48,0";"20,5";"21,0";"18,7";"1006,2";"1006,8";"1006,2";"5,7";"55,0";"11,0";"1850,00";"0,0"
"10/12/2023";"1900";"29,2";"31,1";"29,1";"65,0";"65,0";"51,0";"21,9";"21,9";"19,7";"1006,7";"1006,7";"1006,2";"5,6";"54,0";"10,7";"1231,40";"0,0"
"10/12/2023";"2000";"28,6";"29,2";"28,5";"70,0";"72,0";"65,0";"22,7";"23,4";"21,9";"1006,7";"1006,9";"1006,6";"4,9";"38,0";"9,6";"361,70";"0,0"
"10/12/2023";"2100";"27,7";"28,6";"27,6";"74,0";"75,0";"70,0";"22,7";"22,9";"22,4";"1007,0";"1007,1";"1006,6";"4,5";"48,0";"10,0";"53,00";"0,0"
"10/12/2023";"2200";"27,5";"27,7";"27,5";"74,0";"74,0";"72,0";"22,4";"22,7";"22,0";"1007,4";"1007,4";"1007,0";"4,9";"49,0";"10,1";"";"0,0"
"10/12/2023";"2300";"27,4";"27,5";"27,3";"74,0";"74,0";"73,0";"22,4";"22,4";"22,3";"1008,5";"1008,5";"1007,4";"4,3";"56,0";"10,2";"";"0,0"
"11/12/2023";"0000";"27,3";"27,4";"27,2";"74,0";"76,0";"74,0";"22,2";"22,7";"22,2";"1009,0";"1009,0";"1008,5";"4,0";"58,0";"9,1";"";"0,0"
"11/12/2023";"0100";"27,3";"27,3";"27,2";"74,0";"75,0";"74,0";"22,1";"22,3";"22,1";"1009,0";"1009,1";"1008,9";"3,7";"63,0";"8,5";"";"0,0"
"11/12/2023";"0200";"27,2";"27,3";"27,1";"72,0";"75,0";"72,0";"21,7";"22,4";"21,7";"1008,2";"1009,1";"1008,2";"5,0";"74,0";"8,9";"";"0,0"
"11/12/2023";"0300";"27,0";"27,2";"27,0";"74,0";"75,0";"72,0";"21,9";"22,3";"21,7";"1007,6";"1008,2";"1007,6";"4,1";"68,0";"9,7";"";"0,0"
"11/12/2023";"0400";"26,2";"27,0";"26,2";"78,0";"78,0";"72,0";"22,1";"22,1";"21,4";"1007,1";"1007,6";"1007,1";"1,8";"109,0";"9,7";"";"0,0"
"11/12/2023";"0500";"25,0";"26,2";"25,0";"82,0";"82,0";"78,0";"21,8";"22,2";"21,8";"1007,1";"1007,2";"1007,1";"1,0";"134,0";"4,1";"";"0,0"
"11/12/2023";"0600";"24,0";"25,0";"24,0";"86,0";"86,0";"82,0";"21,4";"21,8";"21,4";"1007,1";"1007,2";"1007,0";"1,0";"133,0";"2,2";"";"0,0"
"11/12/2023";"0700";"23,7";"24,0";"23,7";"87,0";"87,0";"86,0";"21,3";"21,4";"21,3";"1007,2";"1007,2";"1007,1";"1,7";"107,0";"3,0";"";"0,0"
"11/12/2023";"0800";"23,3";"23,7";"23,2";"88,0";"88,0";"87,0";"21,2";"21,3";"21,1";"1007,8";"1007,8";"1007,2";"1,2";"112,0";"3,0";"";"0,0"
"11/12/2023";"0900";"24,6";"24,6";"23,2";"85,0";"88,0";"84,0";"21,8";"22,0";"21,1";"1008,9";"1008,9";"1007,8";"0,8";"158,0";"2,5";"140,50";"0,0"
"11/12/2023";"1000";"28,0";"28,0";"24,6";"70,0";"85,0";"70,0";"22,0";"22,4";"21,8";"1009,4";"1009,5";"1008,9";"3,5";"100,0";"6,8";"800,40";"0,0"
"11/12/2023";"1100";"29,3";"29,4";"28,0";"62,0";"70,0";"62,0";"21,4";"22,3";"21,4";"1009,6";"1009,7";"1009,3";"4,4";"83,0";"8,7";"1149,90";"0,0"
"11/12/2023";"1200";"30,9";"31,1";"29,1";"54,0";"63,0";"54,0";"20,7";"21,8";"20,5";"1009,7";"1009,8";"1009,6";"4,8";"81,0";"8,8";"1734,90";"0,0"
"11/12/2023";"1300";"31,3";"31,6";"30,1";"54,0";"57,0";"52,0";"20,8";"21,2";"19,8";"1009,7";"1009,9";"1009,6";"4,8";"69,0";"10,5";"2405,50";"0,0"
"11/12/2023";"1400";"30,9";"32,0";"30,7";"54,0";"54,0";"47,0";"20,4";"20,8";"18,9";"1009,5";"1009,8";"1009,4";"5,6";"58,0";"12,2";"2731,00";"0,0"
"11/12/2023";"1500";"32,1";"32,7";"30,8";"47,0";"54,0";"44,0";"19,4";"21,1";"18,5";"1008,7";"1009,5";"1008,6";"5,0";"43,0";"10,3";"2979,50";"0,0"
"11/12/2023";"1600";"31,5";"32,9";"31,2";"56,0";"58,0";"47,0";"21,5";"22,2";"18,9";"1007,9";"1008,7";"1007,9";"5,5";"46,0";"12,4";"2828,50";"0,0"
"11/12/2023";"1700";"30,9";"32,1";"30,6";"60,0";"61,0";"54,0";"22,2";"22,5";"21,4";"1007,2";"1007,9";"1007,2";"6,1";"51,0";"11,2";"2524,70";"0,0"
"11/12/2023";"1800";"30,8";"31,2";"30,1";"61,0";"64,0";"60,0";"22,5";"23,0";"22,2";"1006,8";"1007,3";"1006,8";"5,1";"50,0";"10,9";"1941,30";"0,0"
"11/12/2023";"1900";"29,4";"30,9";"29,4";"68,0";"68,0";"61,0";"22,8";"23,0";"22,1";"1006,9";"1007,0";"1006,8";"5,9";"55,0";"10,5";"1242,70";"0,0"
"11/12/2023";"2000";"28,5";"29,6";"28,5";"68,0";"70,0";"66,0";"22,1";"23,2";"21,8";"1007,2";"1007,3";"1006,9";"5,8";"45,0";"10,9";"592,60";"0,0"
"11/12/2023";"2100";"27,8";"28,6";"27,8";"72,0";"73,0";"67,0";"22,3";"22,7";"21,9";"1007,8";"1007,8";"1007,2";"3,9";"46,0";"10,1";"53,10";"0,0"
"11/12/2023";"2200";"27,6";"27,8";"27,6";"74,0";"76,0";"72,0";"22,5";"23,0";"22,3";"1008,2";"1008,2";"1007,7";"3,9";"51,0";"9,1";"";"0,0"
"11/12/2023";"2300";"27,5";"27,7";"27,5";"73,0";"74,0";"72,0";"22,3";"22,5";"22,2";"1008,8";"1008,8";"1008,2";"3,8";"54,0";"7,9";"";"0,0"
"12/12/2023";"0000";"27,5";"27,6";"27,4";"73,0";"75,0";"73,0";"22,3";"22,7";"22,2";"1009,3";"1009,3";"1008,7";"3,9";"64,0";"8,5";"";"0,0"
"12/12/2023";"0100";"27,4";"27,6";"27,4";"77,0";"77,0";"72,0";"22,9";"22,9";"22,1";"1009,6";"1009,7";"1009,3";"3,6";"71,0";"8,2";"";"0,0"
"12/12/2023";"0200";"26,9";"27,4";"26,9";"73,0";"77,0";"71,0";"21,5";"22,9";"21,4";"1009,3";"1009,6";"1009,3";"3,8";"84,0";"8,9";"";"0,0"
"12/12/2023";"0300";"26,1";"26,9";"26,1";"75,0";"75,0";"73,0";"21,5";"21,6";"21,5";"1008,7";"1009,3";"1008,7";"2,5";"95,0";"6,5";"";"0,0"
"12/12/2023";"0400";"25,5";"26,1";"25,5";"79,0";"79,0";"75,0";"21,6";"21,6";"21,4";"1008,5";"1008,7";"1008,5";"1,9";"91,0";"5,0";"";"0,0"
"12/12/2023";"0500";"24,4";"25,5";"24,4";"83,0";"83,0";"79,0";"21,3";"21,6";"21,3";"1008,2";"1008,5";"1008,2";"1,2";"92,0";"3,3";"";"0,0"
"12/12/2023";"0600";"24,0";"24,4";"24,0";"86,0";"86,0";"83,0";"21,5";"21,5";"21,3";"1008,2";"1008,2";"1008,1";"1,5";"104,0";"2,6";"";"0,0"
"12/12/2023";"0700";"24,2";"24,3";"24,0";"87,0";"87,0";"86,0";"21,9";"22,0";"21,6";"1008,2";"1008,3";"1008,1";"1,5";"109,0";"3,0";"";"0,0"
"12/12/2023";"0800";"24,1";"24,2";"24,0";"87,0";"88,0";"87,0";"21,9";"22,0";"21,8";"1008,7";"1008,7";"1008,2";"1,6";"102,0";"3,0";"";"0,0"
"12/12/2023";"0900";"25,3";"25,3";"24,0";"83,0";"88,0";"83,0";"22,2";"22,2";"21,8";"1009,3";"1009,3";"1008,7";"2,2";"109,0";"4,0";"133,30";"0,0"
"12/12/2023";"1000";"27,2";"27,3";"25,3";"73,0";"83,0";"73,0";"21,9";"22,5";"21,9";"1009,7";"1009,7";"1009,3";"4,7";"93,0";"9,5";"794,40";"0,0"
"12/12/2023";"1100";"28,8";"28,8";"27,2";"64,0";"73,0";"64,0";"21,4";"22,0";"21,3";"1009,9";"1010,0";"1009,7";"4,2";"102,0";"9,6";"1274,00";"0,0"
"12/12/2023";"1200";"30,6";"30,7";"28,7";"56,0";"65,0";"55,0";"20,7";"21,7";"20,3";"1009,9";"1010,2";"1009,9";"5,4";"82,0";"9,3";"1762,90";"0,0"
"12/12/2023";"1300";"31,0";"32,1";"30,3";"56,0";"57,0";"51,0";"21,2";"21,5";"20,1";"1009,5";"1010,0";"1009,5";"4,1";"56,0";"9,3";"1999,60";"0,0"
"12/12/2023";"1400";"32,1";"32,6";"30,8";"54,0";"57,0";"52,0";"21,7";"21,9";"20,9";"1009,1";"1009,6";"1009,1";"4,9";"53,0";"9,2";"2607,00";"0,0"
"12/12/2023";"1500";"32,8";"33,1";"31,4";"50,0";"56,0";"50,0";"20,9";"21,9";"20,9";"1008,4";"1009,1";"1008,4";"4,8";"73,0";"9,4";"2938,10";"0,0"
"12/12/2023";"1600";"32,4";"33,7";"32,0";"51,0";"52,0";"47,0";"21,1";"21,5";"20,5";"1007,3";"1008,5";"1007,3";"5,5";"51,0";"9,5";"2808,10";"0,0"
"12/12/2023";"1700";"32,2";"33,6";"32,1";"52,0";"52,0";"48,0";"20,9";"21,4";"20,0";"1006,6";"1007,3";"1006,5";"5,4";"53,0";"9,7";"2498,30";"0,0"
"12/12/2023";"1800";"31,1";"32,5";"31,1";"58,0";"58,0";"52,0";"21,8";"22,3";"21,2";"1006,1";"1006,6";"1006,1";"5,4";"44,0";"10,2";"1973,70";"0,0"
"12/12/2023";"1900";"30,2";"31,6";"30,2";"63,0";"64,0";"55,0";"22,3";"22,6";"21,0";"1006,1";"1006,2";"1006,0";"5,3";"55,0";"11,5";"1321,90";"0,0"
"12/12/2023";"2000";"29,1";"30,3";"29,1";"70,0";"70,0";"63,0";"23,0";"23,2";"22,4";"1006,6";"1006,6";"1006,1";"5,1";"43,0";"9,8";"577,20";"0,0"
"12/12/2023";"2100";"28,2";"29,1";"28,2";"74,0";"74,0";"70,0";"23,2";"23,2";"22,9";"1007,1";"1007,1";"1006,5";"4,0";"48,0";"10,4";"54,00";"0,0"
"12/12/2023";"2200";"28,1";"28,3";"28,0";"76,0";"76,0";"74,0";"23,5";"23,5";"23,2";"1007,6";"1007,6";"1007,0";"4,2";"53,0";"9,2";"";"0,0"
"12/12/2023";"2300";"28,3";"28,3";"28,1";"75,0";"76,0";"75,0";"23,4";"23,6";"23,4";"1008,0";"1008,0";"1007,6";"4,7";"64,0";"9,5";"";"0,0"
"13/12/2023";"0000";"28,1";"28,3";"28,1";"75,0";"76,0";"75,0";"23,3";"23,6";"23,3";"1008,4";"1008,4";"1007,9";"5,5";"74,0";"11,2";"";"0,0"
"13/12/2023";"0100";"27,7";"28,2";"27,7";"69,0";"75,0";"68,0";"21,5";"23,2";"21,4";"1008,3";"1008,4";"1008,3";"4,6";"84,0";"12,2";"";"0,0"
"13/12/2023";"0200";"27,2";"27,7";"27,2";"72,0";"72,0";"67,0";"21,6";"21,6";"21,1";"1008,2";"1008,4";"1008,1";"5,0";"84,0";"10,0";"";"0,0"
"13/12/2023";"0300";"26,7";"27,2";"26,7";"74,0";"74,0";"71,0";"21,6";"21,6";"21,5";"1007,8";"1008,2";"1007,8";"3,9";"84,0";"8,8";"";"0,0"
"13/12/2023";"0400";"26,1";"26,8";"26,1";"77,0";"77,0";"73,0";"21,7";"21,7";"21,6";"1007,3";"1007,9";"1007,2";"3,7";"85,0";"8,8";"";"0,0"
"13/12/2023";"0500";"25,6";"26,1";"25,6";"79,0";"79,0";"77,0";"21,7";"21,7";"21,6";"1007,2";"1007,3";"1007,1";"2,2";"106,0";"7,2";"";"0,0"
"13/12/2023";"0600";"25,7";"25,7";"25,4";"79,0";"80,0";"79,0";"21,7";"21,7";"21,6";"1007,1";"1007,3";"1007,1";"2,7";"99,0";"6,9";"";"0,0"
"13/12/2023";"0700";"25,4";"25,7";"25,4";"79,0";"79,0";"78,0";"21,4";"21,6";"21,4";"1007,6";"1007,6";"1007,1";"1,7";"124,0";"6,0";"";"0,0"
"13/12/2023";"0800";"25,3";"25,5";"25,2";"79,0";"79,0";"78,0";"21,4";"21,5";"21,3";"1008,1";"1008,1";"1007,6";"3,2";"100,0";"5,9";"";"0,0"
"13/12/2023";"0900";"26,0";"26,0";"25,2";"76,0";"79,0";"76,0";"21,6";"21,6";"21,3";"1008,5";"1008,5";"1008,0";"3,2";"108,0";"7,1";"130,50";"0,0"
"13/12/2023";"1000";"27,9";"27,9";"26,0";"68,0";"76,0";"68,0";"21,5";"21,7";"21,3";"1008,7";"1008,8";"1008,5";"4,4";"110,0";"10,7";"782,30";"0,0"
"13/12/2023";"1100";"29,5";"29,5";"27,8";"61,0";"68,0";"61,0";"21,0";"21,6";"20,7";"1009,0";"1009,1";"1008,7";"3,5";"115,0";"10,0";"1253,80";"0,0"
"13/12/2023";"1200";"31,1";"31,3";"28,8";"51,0";"61,0";"51,0";"19,8";"20,8";"19,7";"1008,6";"1009,1";"1008,6";"4,3";"112,0";"10,3";"1944,80";"0,0"
"13/12/2023";"1300";"32,0";"32,4";"30,8";"46,0";"51,0";"46,0";"18,8";"20,2";"18,8";"1008,2";"1008,7";"1008,1";"5,0";"112,0";"10,5";"2492,40";"0,0"
"13/12/2023";"1400";"32,6";"34,6";"32,0";"50,0";"50,0";"38,0";"20,8";"20,9";"17,7";"1007,2";"1008,2";"1007,2";"5,0";"54,0";"9,3";"2865,60";"0,0"
"13/12/2023";"1500";"32,8";"33,2";"31,9";"53,0";"53,0";"48,0";"21,8";"21,8";"20,7";"1006,3";"1007,2";"1006,2";"5,0";"63,0";"10,1";"2937,60";"0,0"
"13/12/2023";"1600";"32,2";"33,5";"31,9";"54,0";"54,0";"49,0";"21,7";"21,8";"20,6";"1005,6";"1006,3";"1005,6";"5,1";"52,0";"10,4";"2818,80";"0,0"
"13/12/2023";"1700";"31,4";"32,8";"31,1";"58,0";"58,0";"53,0";"22,1";"22,6";"21,4";"1004,6";"1005,6";"1004,6";"5,8";"42,0";"12,2";"2498,60";"0,0"
"13/12/2023";"1800";"31,1";"32,3";"30,8";"58,0";"59,0";"54,0";"21,9";"22,4";"21,5";"1004,2";"1004,6";"1004,1";"6,5";"43,0";"11,4";"1982,60";"0,0"
"13/12/2023";"1900";"30,5";"31,3";"30,4";"59,0";"60,0";"57,0";"21,7";"22,2";"21,6";"1004,2";"1004,3";"1004,2";"5,9";"50,0";"11,1";"1328,10";"0,0"
"13/12/2023";"2000";"29,3";"30,5";"29,3";"65,0";"65,0";"59,0";"22,0";"22,1";"21,6";"1004,5";"1004,5";"1004,2";"5,0";"49,0";"12,1";"595,10";"0,0"
"13/12/2023";"2100";"28,5";"29,3";"28,5";"69,0";"69,0";"65,0";"22,4";"22,4";"21,9";"1004,9";"1005,0";"1004,5";"4,9";"56,0";"10,9";"58,40";"0,0"
"13/12/2023";"2200";"28,4";"28,5";"28,3";"73,0";"73,0";"69,0";"23,0";"23,0";"22,4";"1005,8";"1005,8";"1004,9";"4,5";"60,0";"9,6";"";"0,0"
"13/12/2023";"2300";"28,1";"28,4";"28,1";"75,0";"76,0";"73,0";"23,2";"23,4";"23,0";"1006,5";"1006,5";"1005,7";"5,5";"67,0";"12,0";"";"0,0"
"14/12/2023";"0000";"27,9";"28,2";"27,9";"71,0";"75,0";"71,0";"22,2";"23,2";"22,2";"1007,1";"1007,1";"1006,4";"5,3";"72,0";"13,3";"";"0,0"
"14/12/2023";"0100";"27,5";"28,0";"27,5";"68,0";"71,0";"68,0";"21,2";"22,3";"21,2";"1007,3";"1007,4";"1007,1";"5,7";"75,0";"11,4";"";"0,0"
"14/12/2023";"0200";"27,1";"27,5";"27,1";"68,0";"68,0";"67,0";"20,5";"21,1";"20,5";"1007,2";"1007,5";"1007,2";"5,4";"83,0";"10,8";"";"0,0"
"14/12/2023";"0300";"26,5";"27,1";"26,5";"69,0";"69,0";"68,0";"20,4";"20,6";"20,4";"1006,3";"1007,2";"1006,3";"4,8";"87,0";"10,6";"";"0,0"
"14/12/2023";"0400";"26,0";"26,5";"26,0";"71,0";"71,0";"69,0";"20,3";"20,4";"20,2";"1005,9";"1006,4";"1005,9";"4,1";"90,0";"8,2";"";"0,0"
"14/12/2023";"0500";"25,5";"26,0";"25,5";"74,0";"74,0";"71,0";"20,5";"20,6";"20,3";"1005,9";"1005,9";"1005,8";"3,2";"92,0";"7,5";"";"0,0"
"14/12/2023";"0600";"25,0";"25,5";"25,0";"78,0";"78,0";"74,0";"20,8";"20,8";"20,5";"1006,0";"1006,1";"1005,9";"3,1";"86,0";"6,3";"";"0,0"
"14/12/2023";"0700";"24,2";"25,0";"24,2";"81,0";"81,0";"77,0";"20,7";"20,8";"20,7";"1006,4";"1006,4";"1006,0";"1,8";"81,0";"5,7";"";"0,0"
"14/12/2023";"0800";"23,6";"24,2";"23,6";"83,0";"83,0";"81,0";"20,5";"20,7";"20,5";"1007,1";"1007,1";"1006,3";"2,0";"65,0";"3,6";"";"0,0"
"14/12/2023";"0900";"25,0";"25,0";"23,5";"77,0";"83,0";"77,0";"20,7";"20,8";"20,5";"1007,6";"1007,6";"1007,0";"2,2";"81,0";"4,2";"138,40";"0,0"
"14/12/2023";"1000";"27,2";"27,2";"25,1";"62,0";"77,0";"62,0";"19,4";"20,7";"19,4";"1008,2";"1008,2";"1007,6";"3,5";"107,0";"6,4";"752,50";"0,0"
"14/12/2023";"1100";"28,5";"28,7";"27,1";"56,0";"62,0";"56,0";"18,9";"19,5";"18,8";"1008,4";"1008,5";"1008,2";"5,2";"92,0";"9,9";"1522,90";"0,0"
"14/12/2023";"1200";"30,5";"30,7";"28,4";"48,0";"56,0";"48,0";"18,2";"19,1";"17,9";"1008,5";"1008,7";"1008,4";"5,1";"108,0";"9,9";"2089,60";"0,0"
"14/12/2023";"1300";"31,8";"32,1";"29,9";"45,0";"49,0";"42,0";"18,3";"18,7";"17,6";"1007,9";"1008,5";"1007,9";"3,8";"102,0";"9,2";"2413,90";"0,0"
"14/12/2023";"1400";"32,0";"33,2";"31,6";"47,0";"48,0";"39,0";"19,4";"19,7";"17,2";"1007,1";"1008,0";"1007,0";"3,7";"56,0";"10,0";"2674,70";"0,0"
"14/12/2023";"1500";"32,7";"33,6";"31,3";"47,0";"50,0";"45,0";"19,9";"20,3";"19,3";"1006,4";"1007,1";"1006,4";"4,6";"61,0";"8,8";"2874,10";"0,0"
"14/12/2023";"1600";"32,1";"32,8";"31,7";"49,0";"50,0";"46,0";"20,0";"20,5";"19,5";"1005,5";"1006,4";"1005,5";"5,3";"56,0";"10,1";"2825,00";"0,0"
"14/12/2023";"1700";"31,6";"32,9";"31,1";"54,0";"55,0";"47,0";"21,0";"21,6";"20,0";"1004,6";"1005,5";"1004,6";"5,9";"57,0";"10,7";"2516,20";"0,0"
"14/12/2023";"1800";"30,8";"31,9";"30,4";"60,0";"61,0";"52,0";"22,0";"22,1";"20,6";"1004,0";"1004,6";"1003,9";"5,3";"48,0";"10,7";"1993,60";"0,0"
"14/12/2023";"1900";"29,7";"30,9";"29,7";"65,0";"65,0";"59,0";"22,5";"22,8";"21,7";"1003,8";"1004,0";"1003,7";"5,5";"50,0";"10,7";"1336,20";"0,0"
"14/12/2023";"2000";"29,0";"30,0";"28,9";"69,0";"70,0";"64,0";"22,7";"23,0";"22,5";"1003,8";"1003,9";"1003,7";"3,9";"53,0";"10,3";"597,10";"0,0"
"14/12/2023";"2100";"27,9";"29,0";"27,9";"76,0";"76,0";"69,0";"23,2";"23,2";"22,6";"1004,3";"1004,3";"1003,8";"4,0";"52,0";"9,0";"59,10";"0,0"
"14/12/2023";"2200";"28,0";"28,0";"27,8";"77,0";"78,0";"76,0";"23,6";"23,6";"23,2";"1004,8";"1004,8";"1004,3";"3,7";"51,0";"8,3";"";"0,0"
"14/12/2023";"2300";"28,6";"28,7";"28,0";"73,0";"77,0";"73,0";"23,3";"24,0";"23,3";"1005,3";"1005,3";"1004,8";"3,1";"78,0";"7,3";"";"0,0"
"15/12/2023";"0000";"28,8";"29,1";"28,5";"61,0";"73,0";"60,0";"20,5";"23,3";"20,5";"1005,7";"1005,7";"1005,3";"4,4";"83,0";"9,2";"";"0,0"
"15/12/2023";"0100";"28,1";"28,8";"28,1";"62,0";"63,0";"61,0";"20,2";"20,7";"20,1";"1006,0";"1006,0";"1005,6";"4,3";"88,0";"9,6";"";"0,0"
"15/12/2023";"0200";"27,6";"28,1";"27,5";"63,0";"64,0";"62,0";"19,8";"20,3";"19,8";"1006,1";"1006,2";"1005,9";"4,3";"91,0";"8,9";"";"0,0"
"15/12/2023";"0300";"26,7";"27,6";"26,7";"68,0";"68,0";"63,0";"20,3";"20,3";"19,8";"1005,7";"1006,1";"1005,7";"3,4";"91,0";"8,8";"";"0,0"
"15/12/2023";"0400";"25,9";"26,7";"25,9";"73,0";"73,0";"68,0";"20,6";"20,6";"20,3";"1005,4";"1005,7";"1005,3";"2,5";"95,0";"6,4";"";"0,0"
"15/12/2023";"0500";"25,5";"25,9";"25,5";"75,0";"75,0";"73,0";"20,8";"20,8";"20,6";"1005,5";"1005,6";"1005,2";"2,5";"101,0";"5,6";"";"0,0"
"15/12/2023";"0600";"24,9";"25,5";"24,9";"78,0";"78,0";"75,0";"20,7";"20,8";"20,6";"1005,7";"1005,8";"1005,4";"2,1";"96,0";"5,3";"";"0,0"
"15/12/2023";"0700";"24,0";"24,9";"24,0";"81,0";"81,0";"78,0";"20,6";"20,8";"20,6";"1006,0";"1006,0";"1005,6";"0,7";"138,0";"4,1";"";"0,0"
"15/12/2023";"0800";"23,4";"24,0";"23,2";"84,0";"85,0";"81,0";"20,6";"20,8";"20,2";"1006,1";"1006,2";"1005,9";"0,9";"129,0";"2,0";"";"0,0"
"15/12/2023";"0900";"24,7";"24,7";"23,2";"80,0";"85,0";"80,0";"21,1";"21,3";"20,4";"1006,8";"1006,8";"1006,1";"1,0";"154,0";"2,6";"133,00";"0,0"
"15/12/2023";"1000";"28,2";"28,4";"24,7";"64,0";"80,0";"64,0";"20,7";"21,3";"20,6";"1007,2";"1007,2";"1006,8";"1,7";"114,0";"4,5";"750,40";"0,0"
"15/12/2023";"1100";"29,8";"30,3";"28,1";"57,0";"64,0";"55,0";"20,2";"20,6";"20,0";"1007,8";"1007,9";"1007,2";"3,6";"114,0";"7,3";"1467,60";"0,0"
"15/12/2023";"1200";"31,1";"32,1";"29,8";"52,0";"57,0";"50,0";"20,0";"20,6";"19,8";"1007,9";"1007,9";"1007,7";"3,4";"130,0";"7,5";"1857,00";"0,0"
"15/12/2023";"1300";"32,2";"32,9";"30,9";"50,0";"52,0";"48,0";"20,6";"20,6";"19,9";"1007,6";"1007,9";"1007,5";"4,2";"107,0";"9,3";"1996,60";"0,0"
"15/12/2023";"1400";"30,8";"32,4";"30,4";"59,0";"60,0";"49,0";"21,8";"22,2";"20,2";"1007,8";"1008,0";"1007,6";"4,1";"89,0";"9,0";"1502,20";"0,0"
"15/12/2023";"1500";"29,6";"31,6";"29,6";"66,0";"67,0";"57,0";"22,7";"23,0";"21,7";"1006,9";"1007,8";"1006,9";"4,2";"103,0";"8,4";"2087,20";"0,0"
"15/12/2023";"1600";"32,6";"33,0";"29,6";"56,0";"67,0";"54,0";"22,6";"23,1";"22,0";"1005,7";"1006,9";"1005,7";"4,4";"75,0";"8,4";"2323,90";"0,0"
"15/12/2023";"1700";"31,6";"32,8";"30,5";"63,0";"66,0";"56,0";"23,7";"24,0";"22,6";"1005,3";"1005,7";"1005,2";"6,6";"57,0";"11,8";"2488,90";"0,0"
"15/12/2023";"1800";"30,0";"31,9";"28,6";"70,0";"79,0";"62,0";"23,9";"25,1";"23,2";"1005,4";"1005,5";"1005,2";"5,5";"70,0";"11,8";"1431,00";"0,0"
"15/12/2023";"1900";"29,1";"30,0";"28,2";"74,0";"79,0";"70,0";"24,0";"24,4";"23,9";"1005,7";"1005,7";"1005,4";"5,1";"63,0";"10,1";"577,50";"0,0"
"15/12/2023";"2000";"28,3";"30,0";"28,3";"77,0";"77,0";"70,0";"23,8";"24,2";"23,3";"1006,2";"1006,2";"1005,7";"4,4";"64,0";"9,9";"405,70";"0,0"
"15/12/2023";"2100";"27,9";"28,4";"27,9";"77,0";"79,0";"77,0";"23,5";"24,1";"23,5";"1007,0";"1007,0";"1006,2";"4,2";"78,0";"8,6";"34,80";"0,0"
"15/12/2023";"2200";"27,0";"27,9";"27,0";"85,0";"85,0";"77,0";"24,4";"24,5";"23,5";"1007,7";"1007,7";"1007,0";"3,0";"75,0";"8,4";"";"0,0"
"15/12/2023";"2300";"27,1";"27,2";"27,0";"85,0";"86,0";"84,0";"24,4";"24,5";"24,2";"1008,5";"1008,5";"1007,7";"3,8";"87,0";"8,1";"";"0,0"
"16/12/2023";"0000";"27,2";"27,2";"27,0";"83,0";"86,0";"83,0";"23,9";"24,5";"23,9";"1008,5";"1008,6";"1008,4";"3,2";"87,0";"6,2";"";"0,0"
"16/12/2023";"0100";"27,1";"27,2";"27,1";"79,0";"83,0";"79,0";"23,1";"23,9";"23,1";"1008,5";"1008,5";"1008,4";"2,6";"82,0";"5,3";"";"0,0"
"16/12/2023";"0200";"26,5";"27,1";"26,5";"79,0";"79,0";"78,0";"22,5";"23,1";"22,5";"1008,5";"1008,6";"1008,4";"1,9";"81,0";"4,4";"";"0,0"
"16/12/2023";"0300";"25,8";"26,5";"25,8";"82,0";"82,0";"79,0";"22,4";"22,5";"22,4";"1008,0";"1008,6";"1008,0";"1,5";"70,0";"3,4";"";"0,0"
"16/12/2023";"0400";"25,6";"25,8";"25,5";"82,0";"82,0";"81,0";"22,3";"22,5";"22,2";"1007,2";"1008,0";"1007,2";"1,6";"77,0";"3,9";"";"0,0"
"16/12/2023";"0500";"25,7";"25,7";"25,5";"82,0";"82,0";"82,0";"22,3";"22,3";"22,2";"1007,1";"1007,3";"1007,0";"2,1";"88,0";"3,7";"";"0,0"
"16/12/2023";"0600";"25,4";"25,8";"25,4";"82,0";"82,0";"81,0";"22,1";"22,3";"22,1";"1006,9";"1007,3";"1006,9";"1,4";"116,0";"4,2";"";"0,0"
"16/12/2023";"0700";"25,6";"25,6";"25,4";"82,0";"83,0";"82,0";"22,3";"22,3";"22,1";"1006,8";"1006,9";"1006,5";"1,7";"110,0";"4,7";"";"0,0"
"16/12/2023";"0800";"25,6";"25,7";"25,6";"80,0";"82,0";"80,0";"21,9";"22,3";"21,9";"1007,2";"1007,2";"1006,5";"2,0";"87,0";"4,9";"";"0,0"
"16/12/2023";"0900";"25,7";"25,7";"25,4";"80,0";"81,0";"80,0";"22,0";"22,0";"21,9";"1008,0";"1008,0";"1007,0";"1,2";"104,0";"3,9";"35,80";"0,0"
"16/12/2023";"1000";"27,3";"27,3";"25,7";"71,0";"80,0";"70,0";"21,4";"22,1";"21,3";"1008,5";"1008,7";"1008,0";"2,8";"124,0";"5,5";"458,70";"0,0"
"16/12/2023";"1100";"28,7";"28,7";"27,3";"60,0";"71,0";"60,0";"20,2";"21,4";"20,0";"1009,2";"1009,2";"1008,4";"2,1";"119,0";"7,7";"702,40";"0,0"
"16/12/2023";"1200";"30,5";"30,8";"28,6";"51,0";"60,0";"50,0";"19,1";"20,3";"19,1";"1008,7";"1009,3";"1008,6";"3,5";"113,0";"7,2";"1729,20";"0,0"
"16/12/2023";"1300";"32,9";"32,9";"30,5";"44,0";"51,0";"44,0";"19,2";"19,5";"18,6";"1008,4";"1008,7";"1008,3";"4,1";"98,0";"9,3";"2298,40";"0,0"
"16/12/2023";"1400";"32,7";"33,5";"32,0";"45,0";"47,0";"43,0";"19,2";"19,7";"18,5";"1007,6";"1008,4";"1007,6";"3,3";"119,0";"9,1";"2692,40";"0,0"
"16/12/2023";"1500";"33,6";"34,2";"32,5";"46,0";"49,0";"44,0";"20,4";"21,1";"19,3";"1006,7";"1007,6";"1006,7";"3,5";"51,0";"8,1";"2637,40";"0,0"
"16/12/2023";"1600";"32,8";"33,8";"32,4";"53,0";"54,0";"46,0";"22,1";"22,1";"20,2";"1006,2";"1006,7";"1006,2";"4,6";"41,0";"8,4";"2255,90";"0,0"
"16/12/2023";"1700";"32,7";"34,0";"32,4";"52,0";"53,0";"49,0";"21,5";"22,1";"21,3";"1005,4";"1006,2";"1005,4";"4,7";"54,0";"8,8";"2459,50";"0,0"
"16/12/2023";"1800";"32,4";"33,7";"32,2";"54,0";"55,0";"50,0";"22,1";"22,1";"21,3";"1004,7";"1005,4";"1004,6";"5,0";"58,0";"10,6";"1967,00";"0,0"
"16/12/2023";"1900";"30,9";"32,7";"30,6";"64,0";"65,0";"53,0";"23,4";"23,4";"21,5";"1005,1";"1005,1";"1004,7";"5,1";"42,0";"9,7";"1291,10";"0,0"
"16/12/2023";"2000";"29,3";"30,9";"29,3";"70,0";"70,0";"64,0";"23,3";"23,6";"22,9";"1005,4";"1005,4";"1005,0";"5,1";"39,0";"8,8";"598,40";"0,0"
"16/12/2023";"2100";"28,4";"29,4";"28,4";"76,0";"76,0";"69,0";"23,6";"23,6";"23,0";"1005,7";"1005,8";"1005,4";"3,5";"49,0";"8,8";"61,20";"0,0"
"16/12/2023";"2200";"28,0";"28,4";"28,0";"78,0";"78,0";"76,0";"23,8";"23,9";"23,6";"1006,3";"1006,3";"1005,7";"3,7";"48,0";"8,0";"";"0,0"
"16/12/2023";"2300";"28,0";"28,1";"28,0";"79,0";"79,0";"78,0";"24,0";"24,0";"23,8";"1006,9";"1006,9";"1006,3";"3,5";"53,0";"8,0";"";"0,0"
"17/12/2023";"0000";"28,2";"28,2";"28,0";"79,0";"80,0";"78,0";"24,1";"24,1";"24,0";"1007,3";"1007,4";"1006,9";"3,5";"62,0";"7,2";"";"0,0"
"17/12/2023";"0100";"28,3";"28,4";"28,2";"71,0";"79,0";"71,0";"22,6";"24,1";"22,6";"1007,3";"1007,4";"1007,2";"4,6";"77,0";"9,8";"";"0,0"
"17/12/2023";"0200";"27,7";"28,3";"27,7";"69,0";"73,0";"69,0";"21,6";"22,7";"21,6";"1007,3";"1007,5";"1007,3";"2,6";"85,0";"8,4";"";"0,0"
"17/12/2023";"0300";"27,2";"27,7";"27,0";"64,0";"69,0";"63,0";"19,7";"21,5";"19,7";"1006,7";"1007,3";"1006,7";"2,3";"74,0";"6,2";"";"0,0"
"17/12/2023";"0400";"26,6";"27,2";"26,6";"69,0";"69,0";"64,0";"20,5";"20,6";"19,7";"1006,1";"1006,8";"1006,1";"3,0";"79,0";"5,0";"";"0,0"
"17/12/2023";"0500";"26,1";"26,6";"26,1";"71,0";"71,0";"69,0";"20,6";"20,6";"20,5";"1006,0";"1006,2";"1006,0";"2,0";"82,0";"5,2";"";"0,0"
"17/12/2023";"0600";"25,6";"26,1";"25,6";"74,0";"74,0";"71,0";"20,6";"20,6";"20,5";"1006,4";"1006,4";"1006,0";"1,6";"75,0";"4,3";"";"0,0"
"17/12/2023";"0700";"25,1";"25,6";"25,0";"77,0";"77,0";"74,0";"20,7";"20,7";"20,5";"1006,4";"1006,6";"1006,4";"1,8";"78,0";"3,0";"";"0,0"
"17/12/2023";"0800";"24,1";"25,1";"24,1";"79,0";"79,0";"77,0";"20,3";"20,7";"20,3";"1006,9";"1006,9";"1006,4";"1,5";"70,0";"3,0";"";"0,0"
"17/12/2023";"0900";"25,9";"25,9";"24,1";"69,0";"79,0";"69,0";"19,9";"20,3";"19,9";"1007,5";"1007,5";"1006,9";"2,7";"74,0";"4,8";"114,90";"0,0"
"17/12/2023";"1000";"29,2";"29,2";"25,9";"52,0";"69,0";"52,0";"18,4";"19,9";"18,4";"1008,0";"1008,0";"1007,5";"3,8";"104,0";"6,4";"775,10";"0,0"
"17/12/2023";"1100";"30,1";"30,2";"29,2";"51,0";"52,0";"48,0";"18,8";"18,8";"17,8";"1008,3";"1008,3";"1008,0";"4,4";"96,0";"7,8";"1493,20";"0,0"
"17/12/2023";"1200";"31,0";"31,5";"30,1";"49,0";"51,0";"47,0";"18,9";"19,1";"18,5";"1008,1";"1008,4";"1008,1";"3,5";"99,0";"7,8";"1986,60";"0,0"
"17/12/2023";"1300";"32,0";"32,7";"31,0";"48,0";"49,0";"45,0";"19,6";"19,8";"18,8";"1007,4";"1008,2";"1007,4";"4,0";"95,0";"8,0";"2503,60";"0,0"
"17/12/2023";"1400";"33,6";"33,8";"31,8";"44,0";"50,0";"44,0";"19,8";"20,2";"18,9";"1006,6";"1007,5";"1006,6";"3,7";"60,0";"8,0";"2523,20";"0,0"
"17/12/2023";"1500";"33,2";"34,4";"32,7";"43,0";"46,0";"42,0";"18,9";"20,2";"18,9";"1005,6";"1006,6";"1005,5";"4,7";"57,0";"9,3";"2970,00";"0,0"
"17/12/2023";"1600";"33,1";"34,6";"32,3";"46,0";"49,0";"41,0";"20,0";"20,4";"19,1";"1004,7";"1005,6";"1004,7";"4,9";"46,0";"10,3";"2819,80";"0,0"
"17/12/2023";"1700";"32,8";"33,7";"31,9";"52,0";"54,0";"45,0";"21,7";"22,0";"19,8";"1004,2";"1004,7";"1004,2";"5,5";"45,0";"10,5";"2494,80";"0,0"
"17/12/2023";"1800";"30,9";"32,8";"30,7";"61,0";"62,0";"51,0";"22,5";"22,8";"21,1";"1004,2";"1004,3";"1004,1";"7,1";"52,0";"13,0";"1904,10";"0,0"
"17/12/2023";"1900";"30,5";"31,7";"30,3";"61,0";"61,0";"58,0";"22,0";"22,4";"21,4";"1004,6";"1004,6";"1004,1";"6,1";"57,0";"13,0";"1370,70";"0,0"
"17/12/2023";"2000";"29,0";"30,7";"29,0";"71,0";"71,0";"60,0";"23,2";"23,4";"21,7";"1004,8";"1004,8";"1004,4";"5,5";"50,0";"11,9";"601,70";"0,0"
"17/12/2023";"2100";"28,0";"29,1";"28,0";"77,0";"77,0";"71,0";"23,7";"23,7";"23,2";"1005,2";"1005,2";"1004,7";"3,9";"50,0";"10,7";"61,80";"0,0"
"17/12/2023";"2200";"27,6";"28,0";"27,6";"82,0";"82,0";"77,0";"24,3";"24,3";"23,7";"1005,9";"1005,9";"1005,2";"3,3";"48,0";"7,9";"";"0,0"
"17/12/2023";"2300";"27,6";"27,6";"27,5";"81,0";"83,0";"81,0";"24,1";"24,4";"24,0";"1006,3";"1006,3";"1005,8";"3,6";"53,0";"7,9";"";"0,0"
"18/12/2023";"0000";"27,6";"27,6";"27,6";"82,0";"82,0";"81,0";"24,3";"24,3";"24,1";"1006,7";"1006,7";"1006,3";"4,9";"61,0";"9,5";"";"0,0"
"18/12/2023";"0100";"27,5";"27,6";"27,5";"81,0";"83,0";"81,0";"24,0";"24,4";"24,0";"1006,7";"1006,8";"1006,5";"4,4";"60,0";"9,5";"";"0,0"
"18/12/2023";"0200";"27,6";"27,6";"27,5";"81,0";"81,0";"80,0";"24,1";"24,1";"23,8";"1006,8";"1006,8";"1006,6";"3,5";"65,0";"9,5";"";"0,0"
"18/12/2023";"0300";"27,3";"27,6";"27,3";"80,0";"81,0";"80,0";"23,6";"24,1";"23,6";"1006,5";"1006,8";"1006,5";"3,3";"93,0";"7,7";"";"0,0"
"18/12/2023";"0400";"27,1";"27,4";"27,1";"79,0";"80,0";"79,0";"23,2";"23,6";"23,2";"1005,7";"1006,5";"1005,7";"2,6";"114,0";"6,4";"";"0,0"
"18/12/2023";"0500";"26,8";"27,1";"26,8";"78,0";"79,0";"78,0";"22,6";"23,2";"22,6";"1005,9";"1006,0";"1005,6";"3,6";"100,0";"6,7";"";"0,0"
"18/12/2023";"0600";"26,9";"26,9";"26,7";"76,0";"78,0";"76,0";"22,2";"22,6";"22,2";"1006,2";"1006,2";"1005,5";"3,1";"109,0";"6,7";"";"0,0"
"18/12/2023";"0700";"26,6";"26,9";"26,6";"79,0";"79,0";"75,0";"22,6";"22,6";"22,2";"1006,5";"1006,7";"1006,2";"2,4";"115,0";"6,4";"";"0,0"
"18/12/2023";"0800";"26,2";"26,6";"26,2";"80,0";"80,0";"79,0";"22,6";"22,6";"22,5";"1007,0";"1007,1";"1006,5";"1,5";"148,0";"5,8";"";"0,0"
"18/12/2023";"0900";"26,4";"26,4";"26,2";"80,0";"81,0";"80,0";"22,7";"22,7";"22,6";"1007,3";"1007,5";"1007,0";"1,8";"141,0";"4,0";"64,20";"0,0"
"18/12/2023";"1000";"27,5";"27,5";"26,4";"75,0";"80,0";"75,0";"22,6";"22,8";"22,6";"1007,9";"1007,9";"1007,3";"2,7";"117,0";"5,8";"318,50";"0,0"
"18/12/2023";"1100";"28,4";"28,4";"27,5";"71,0";"75,0";"71,0";"22,6";"22,8";"22,4";"1008,0";"1008,1";"1007,9";"3,2";"101,0";"6,0";"664,10";"0,0"
"18/12/2023";"1200";"30,2";"30,2";"28,4";"61,0";"71,0";"61,0";"21,9";"22,6";"21,9";"1007,9";"1008,1";"1007,7";"4,5";"87,0";"7,4";"987,90";"0,0"
"18/12/2023";"1300";"30,0";"30,7";"29,6";"62,0";"64,0";"61,0";"21,9";"22,4";"21,6";"1007,5";"1008,1";"1007,5";"3,2";"98,0";"7,4";"1048,60";"0,0"
"18/12/2023";"1400";"31,8";"32,9";"29,9";"52,0";"63,0";"51,0";"20,9";"22,2";"20,9";"1006,6";"1007,5";"1006,6";"2,6";"94,0";"6,5";"1857,60";"0,0"
"18/12/2023";"1500";"32,3";"33,2";"31,2";"51,0";"57,0";"49,0";"20,9";"22,0";"20,6";"1005,5";"1006,6";"1005,5";"4,6";"48,0";"8,9";"2285,50";"0,0"
"18/12/2023";"1600";"31,5";"33,0";"30,7";"53,0";"57,0";"50,0";"20,8";"21,5";"20,5";"1005,0";"1005,5";"1004,9";"5,2";"50,0";"11,0";"1950,50";"0,0"
"18/12/2023";"1700";"31,2";"31,9";"30,5";"56,0";"58,0";"51,0";"21,3";"22,3";"20,2";"1004,2";"1005,1";"1004,2";"5,3";"36,0";"9,4";"2275,50";"0,0"
"18/12/2023";"1800";"30,8";"32,1";"30,8";"60,0";"60,0";"52,0";"22,1";"22,1";"20,4";"1003,8";"1004,2";"1003,5";"5,6";"39,0";"10,2";"2072,40";"0,0"
"18/12/2023";"1900";"29,5";"31,2";"29,4";"70,0";"70,0";"58,0";"23,5";"23,6";"21,6";"1004,6";"1004,7";"1003,8";"4,8";"46,0";"9,6";"1148,80";"0,0"
"18/12/2023";"2000";"28,9";"30,0";"28,8";"72,0";"72,0";"66,0";"23,2";"23,9";"22,4";"1004,8";"1004,9";"1004,6";"5,1";"52,0";"10,1";"755,60";"0,0"
"18/12/2023";"2100";"27,9";"28,9";"27,9";"78,0";"78,0";"72,0";"23,7";"23,7";"23,1";"1005,1";"1005,1";"1004,7";"3,8";"56,0";"9,8";"57,90";"0,0"
"18/12/2023";"2200";"27,8";"27,9";"27,7";"79,0";"80,0";"78,0";"23,8";"24,0";"23,7";"1005,9";"1005,9";"1005,1";"4,1";"46,0";"7,8";"";"0,0"
"18/12/2023";"2300";"27,6";"27,9";"27,6";"81,0";"81,0";"79,0";"24,0";"24,2";"23,8";"1006,7";"1006,7";"1005,9";"3,5";"52,0";"7,0";"";"0,0"
"19/12/2023";"0000";"27,7";"27,7";"27,6";"81,0";"82,0";"81,0";"24,2";"24,3";"24,0";"1007,9";"1007,9";"1006,7";"2,7";"53,0";"6,2";"";"0,0"
"19/12/2023";"0100";"26,4";"27,7";"26,3";"89,0";"89,0";"81,0";"24,4";"24,5";"24,2";"1007,6";"1008,0";"1007,4";"2,3";"52,0";"6,5";"";"0,4"
"19/12/2023";"0200";"26,7";"26,7";"26,4";"86,0";"89,0";"86,0";"24,2";"24,5";"24,1";"1007,6";"1007,8";"1007,5";"1,7";"51,0";"5,0";"0,10";"0,0"
"19/12/2023";"0300";"26,8";"26,9";"26,7";"86,0";"86,0";"85,0";"24,2";"24,3";"24,1";"1007,5";"1007,7";"1007,4";"1,0";"260,0";"3,5";"";"0,0"
"19/12/2023";"0400";"24,0";"26,8";"24,0";"92,0";"93,0";"86,0";"22,5";"24,3";"22,5";"1006,9";"1007,5";"1006,9";"1,5";"224,0";"6,0";"0,10";"11,4"
"19/12/2023";"0500";"24,9";"24,9";"23,7";"94,0";"94,0";"92,0";"23,8";"23,8";"22,3";"1006,0";"1006,9";"1005,9";"0,9";"46,0";"2,4";"";"1,4"
"19/12/2023";"0600";"25,8";"25,8";"24,9";"92,0";"94,0";"92,0";"24,5";"24,5";"23,8";"1005,7";"1006,1";"1005,6";"2,4";"54,0";"4,7";"";"0,0"
"19/12/2023";"0700";"26,2";"26,2";"25,8";"90,0";"92,0";"90,0";"24,4";"24,6";"24,3";"1005,6";"1005,7";"1005,5";"1,8";"52,0";"4,9";"";"0,0"
"19/12/2023";"0800";"26,2";"26,4";"26,2";"89,0";"90,0";"88,0";"24,2";"24,5";"24,2";"1006,1";"1006,1";"1005,5";"2,0";"68,0";"5,9";"";"0,0"
"19/12/2023";"0900";"26,7";"26,7";"26,2";"88,0";"89,0";"87,0";"24,5";"24,6";"24,1";"1007,0";"1007,0";"1006,1";"1,4";"79,0";"4,2";"24,80";"0,0"
"19/12/2023";"1000";"27,0";"27,3";"26,6";"85,0";"88,0";"84,0";"24,3";"24,6";"24,2";"1007,6";"1007,6";"1006,9";"2,8";"71,0";"6,8";"151,50";"0,0"
"19/12/2023";"1100";"26,8";"26,9";"25,6";"87,0";"92,0";"85,0";"24,5";"24,7";"23,7";"1008,2";"1008,3";"1007,6";"2,6";"61,0";"7,3";"265,20";"2,2"
"19/12/2023";"1200";"29,5";"29,9";"26,8";"70,0";"87,0";"70,0";"23,5";"24,5";"23,4";"1008,4";"1008,5";"1008,1";"4,3";"67,0";"8,1";"1330,90";"0,0"
"19/12/2023";"1300";"29,7";"30,0";"29,1";"70,0";"71,0";"67,0";"23,6";"24,2";"22,8";"1008,5";"1008,6";"1008,2";"4,0";"73,0";"8,5";"1549,60";"0,0"
"19/12/2023";"1400";"25,8";"30,4";"25,8";"88,0";"88,0";"67,0";"23,7";"24,2";"23,1";"1008,5";"1008,5";"1008,0";"5,5";"65,0";"10,5";"1453,40";"0,4"
"19/12/2023";"1500";"26,7";"26,8";"24,6";"90,0";"92,0";"88,0";"25,0";"25,3";"23,1";"1007,8";"1008,6";"1007,8";"2,1";"87,0";"9,4";"619,40";"1,4"
"19/12/2023";"1600";"28,4";"28,4";"26,7";"77,0";"91,0";"76,0";"24,0";"25,8";"23,8";"1007,7";"1007,8";"1007,3";"3,7";"68,0";"7,6";"791,70";"0,0"
"19/12/2023";"1700";"28,7";"28,9";"28,2";"72,0";"78,0";"70,0";"23,1";"24,1";"22,8";"1007,0";"1007,7";"1007,0";"3,6";"75,0";"7,4";"866,60";"0,0"
"19/12/2023";"1800";"27,9";"28,7";"27,9";"78,0";"78,0";"72,0";"23,7";"23,8";"22,9";"1007,0";"1007,2";"1007,0";"2,7";"72,0";"6,9";"177,80";"0,0"
"19/12/2023";"1900";"28,0";"28,0";"27,8";"78,0";"79,0";"77,0";"23,7";"23,9";"23,5";"1006,6";"1007,1";"1006,6";"2,7";"66,0";"5,5";"168,50";"0,0"
"19/12/2023";"2000";"28,0";"28,1";"27,9";"77,0";"78,0";"76,0";"23,6";"23,7";"23,4";"1007,1";"1007,1";"1006,6";"2,0";"54,0";"4,9";"217,10";"0,0"
"19/12/2023";"2100";"27,4";"28,0";"27,4";"81,0";"81,0";"77,0";"23,9";"23,9";"23,4";"1007,4";"1007,4";"1007,0";"2,5";"55,0";"5,1";"18,00";"0,0"
"19/12/2023";"2200";"24,7";"27,4";"24,7";"91,0";"91,0";"81,0";"23,2";"24,2";"23,2";"1008,1";"1008,2";"1007,5";"6,3";"45,0";"11,8";"0,50";"0,0"
"19/12/2023";"2300";"24,9";"24,9";"24,6";"90,0";"92,0";"90,0";"23,2";"23,4";"23,1";"1008,2";"1008,2";"1007,7";"2,7";"55,0";"11,8";"";"0,2"
"20/12/2023";"0000";"25,3";"25,3";"24,9";"88,0";"90,0";"88,0";"23,3";"23,3";"22,9";"1008,6";"1008,6";"1008,1";"0,6";"136,0";"5,2";"";"0,0"
"20/12/2023";"0100";"25,3";"25,6";"25,2";"90,0";"90,0";"88,0";"23,5";"23,8";"23,3";"1008,5";"1008,8";"1008,5";"0,9";"135,0";"2,3";"";"0,0"
"20/12/2023";"0200";"25,1";"25,3";"25,0";"92,0";"92,0";"90,0";"23,6";"23,7";"23,3";"1008,1";"1008,7";"1008,1";"0,9";"91,0";"2,0";"";"0,0"
"20/12/2023";"0300";"25,2";"25,3";"25,0";"92,0";"92,0";"92,0";"23,8";"23,9";"23,6";"1007,7";"1008,2";"1007,7";"1,0";"180,0";"2,0";"";"0,0"
"20/12/2023";"0400";"24,9";"25,2";"24,9";"94,0";"94,0";"92,0";"23,8";"23,9";"23,7";"1007,0";"1007,8";"1007,0";"0,6";"251,0";"2,0";"";"2,0"
"20/12/2023";"0500";"25,2";"25,2";"24,8";"94,0";"95,0";"94,0";"24,2";"24,3";"23,7";"1007,1";"1007,1";"1006,8";"0,8";"184,0";"1,6";"";"0,4"
"20/12/2023";"0600";"25,2";"25,2";"25,0";"95,0";"95,0";"94,0";"24,3";"24,3";"24,0";"1007,2";"1007,4";"1006,9";"2,0";"9,0";"4,2";"";"1,6"
"20/12/2023";"0700";"25,2";"25,3";"25,1";"95,0";"95,0";"94,0";"24,3";"24,4";"24,1";"1007,5";"1007,5";"1007,0";"0,8";"157,0";"3,6";"";"0,4"
"20/12/2023";"0800";"25,1";"25,2";"25,0";"95,0";"95,0";"95,0";"24,3";"24,4";"24,2";"1007,8";"1007,8";"1007,4";"1,0";"154,0";"2,2";"";"0,0"
"20/12/2023";"0900";"25,3";"25,3";"25,1";"95,0";"95,0";"95,0";"24,4";"24,5";"24,3";"1008,4";"1008,4";"1007,8";"0,5";"164,0";"2,3";"50,00";"0,0"
"20/12/2023";"1000";"26,0";"26,0";"25,2";"94,0";"95,0";"94,0";"24,9";"24,9";"24,4";"1008,9";"1009,0";"1008,4";"1,7";"92,0";"3,6";"300,70";"0,4"
"20/12/2023";"1100";"27,7";"28,0";"26,0";"86,0";"94,0";"86,0";"25,2";"25,7";"25,0";"1009,6";"1009,6";"1008,9";"1,8";"132,0";"4,2";"897,60";"0,0"
"20/12/2023";"1200";"29,0";"29,2";"27,6";"76,0";"88,0";"75,0";"24,4";"25,8";"24,2";"1009,6";"1009,8";"1009,5";"4,3";"76,0";"6,6";"986,20";"0,0"
"20/12/2023";"1300";"29,4";"29,9";"28,3";"73,0";"81,0";"72,0";"24,0";"25,4";"23,9";"1009,4";"1009,7";"1009,4";"4,5";"75,0";"7,9";"1176,90";"0,0"
"20/12/2023";"1400";"29,9";"30,0";"29,3";"73,0";"73,0";"70,0";"24,4";"24,4";"23,7";"1009,1";"1009,4";"1009,1";"4,4";"72,0";"8,1";"1279,60";"0,0"
"20/12/2023";"1500";"26,5";"30,3";"26,5";"87,0";"88,0";"68,0";"24,2";"24,6";"23,6";"1009,2";"1009,2";"1009,0";"3,0";"62,0";"10,7";"1232,20";"0,6"
"20/12/2023";"1600";"29,2";"29,6";"26,3";"72,0";"89,0";"72,0";"23,5";"25,0";"23,5";"1008,1";"1009,2";"1008,1";"4,2";"71,0";"8,5";"1707,90";"0,0"
"20/12/2023";"1700";"28,9";"29,5";"28,9";"73,0";"73,0";"70,0";"23,5";"23,9";"23,2";"1007,8";"1008,1";"1007,4";"4,6";"80,0";"9,0";"777,60";"0,0"
"20/12/2023";"1800";"28,9";"28,9";"28,2";"76,0";"78,0";"73,0";"24,4";"24,6";"23,4";"1007,4";"1007,8";"1007,2";"3,5";"75,0";"7,7";"595,10";"0,0"
"20/12/2023";"1900";"28,8";"29,3";"28,6";"75,0";"76,0";"74,0";"23,9";"24,5";"23,6";"1007,5";"1007,5";"1007,2";"4,3";"81,0";"8,5";"585,00";"0,0"
"20/12/2023";"2000";"27,4";"28,9";"27,3";"84,0";"84,0";"74,0";"24,4";"24,4";"23,6";"1008,1";"1008,1";"1007,5";"1,8";"101,0";"8,6";"208,40";"0,0"
"20/12/2023";"2100";"26,9";"27,4";"26,9";"83,0";"84,0";"82,0";"23,7";"24,4";"23,6";"1008,3";"1008,3";"1008,1";"1,9";"111,0";"4,8";"32,10";"0,0"
"20/12/2023";"2200";"26,5";"26,9";"26,5";"85,0";"85,0";"82,0";"23,8";"23,8";"23,6";"1008,5";"1008,5";"1008,2";"1,5";"97,0";"3,7";"";"0,0"
"20/12/2023";"2300";"26,2";"26,5";"26,2";"88,0";"88,0";"85,0";"24,1";"24,1";"23,8";"1008,6";"1008,7";"1008,5";"1,4";"93,0";"2,5";"";"0,0"
"21/12/2023";"0000";"26,2";"26,2";"26,1";"89,0";"89,0";"88,0";"24,1";"24,1";"24,0";"1009,1";"1009,1";"1008,6";"0,8";"119,0";"2,4";"";"0,0"
"21/12/2023";"0100";"25,9";"26,2";"25,9";"90,0";"91,0";"89,0";"24,2";"24,2";"24,1";"1008,9";"1009,1";"1008,8";"1,5";"98,0";"2,6";"";"0,0"
"21/12/2023";"0200";"25,8";"25,9";"25,8";"91,0";"91,0";"90,0";"24,2";"24,3";"24,2";"1008,9";"1009,1";"1008,9";"0,9";"119,0";"2,6";"";"0,0"
"21/12/2023";"0300";"25,6";"25,8";"25,5";"92,0";"92,0";"91,0";"24,2";"24,3";"24,2";"1008,3";"1008,9";"1008,3";"0,7";"129,0";"2,0";"";"0,0"
"21/12/2023";"0400";"25,7";"25,8";"25,5";"91,0";"93,0";"91,0";"24,1";"24,3";"24,1";"1007,7";"1008,4";"1007,7";"1,6";"111,0";"3,1";"";"0,0"
"21/12/2023";"0500";"25,8";"25,9";"25,7";"89,0";"91,0";"89,0";"23,9";"24,1";"23,9";"1007,1";"1007,8";"1007,1";"1,9";"99,0";"4,2";"";"0,0"
"21/12/2023";"0600";"25,4";"25,8";"25,4";"91,0";"91,0";"89,0";"23,8";"23,9";"23,8";"1007,3";"1007,3";"1007,1";"1,2";"107,0";"3,6";"";"0,0"
"21/12/2023";"0700";"24,7";"25,4";"24,7";"93,0";"93,0";"91,0";"23,5";"23,7";"23,5";"1007,5";"1007,5";"1007,2";"0,3";"202,0";"2,1";"";"0,0"
"21/12/2023";"0800";"24,4";"24,7";"24,3";"95,0";"95,0";"93,0";"23,5";"23,6";"23,4";"1008,3";"1008,3";"1007,5";"0,6";"126,0";"1,4";"";"0,0"
"21/12/2023";"0900";"25,0";"25,0";"24,4";"95,0";"95,0";"95,0";"24,1";"24,1";"23,5";"1009,0";"1009,0";"1008,3";"0,8";"123,0";"1,9";"46,10";"0,0"
"21/12/2023";"1000";"26,5";"26,6";"24,9";"88,0";"95,0";"88,0";"24,3";"24,8";"24,0";"1009,7";"1009,7";"1009,0";"1,6";"142,0";"3,5";"341,80";"0,0"
"21/12/2023";"1100";"27,7";"27,7";"26,5";"82,0";"88,0";"80,0";"24,4";"24,8";"23,8";"1010,0";"1010,1";"1009,7";"2,6";"114,0";"6,0";"686,60";"0,0"
"21/12/2023";"1200";"30,1";"30,4";"27,7";"68,0";"82,0";"67,0";"23,5";"24,5";"23,3";"1009,7";"1010,1";"1009,7";"3,4";"108,0";"7,1";"1496,80";"0,0"
"21/12/2023";"1300";"30,2";"31,0";"30,0";"66,0";"68,0";"64,0";"23,2";"23,7";"23,0";"1009,5";"1009,8";"1009,4";"4,3";"90,0";"8,3";"1332,40";"0,0"
"21/12/2023";"1400";"31,0";"32,6";"30,0";"63,0";"67,0";"57,0";"23,1";"23,9";"22,4";"1008,5";"1009,5";"1008,5";"4,7";"75,0";"9,3";"1600,50";"0,0"
"21/12/2023";"1500";"31,4";"32,0";"29,0";"62,0";"79,0";"60,0";"23,2";"25,1";"22,9";"1008,0";"1008,6";"1007,9";"4,6";"79,0";"9,3";"1864,00";"0,0"
"21/12/2023";"1600";"30,0";"32,2";"30,0";"69,0";"69,0";"60,0";"23,7";"24,1";"23,1";"1007,3";"1008,0";"1007,2";"5,7";"56,0";"10,5";"2286,60";"0,0"
"21/12/2023";"1700";"30,3";"31,2";"27,8";"64,0";"85,0";"62,0";"22,8";"25,6";"22,5";"1006,5";"1007,5";"1006,5";"5,1";"71,0";"12,0";"1438,60";"0,0"
"21/12/2023";"1800";"29,3";"30,9";"29,3";"75,0";"75,0";"64,0";"24,3";"24,4";"22,8";"1006,1";"1006,4";"1006,1";"4,9";"55,0";"9,9";"877,20";"0,0"
"21/12/2023";"1900";"29,2";"30,3";"29,2";"75,0";"75,0";"71,0";"24,2";"24,5";"24,0";"1006,2";"1006,5";"1005,8";"4,6";"53,0";"10,9";"815,10";"0,0"
"21/12/2023";"2000";"28,7";"29,2";"28,7";"78,0";"78,0";"74,0";"24,4";"24,4";"24,0";"1006,7";"1006,8";"1006,2";"5,3";"61,0";"10,7";"130,50";"0,0"
"21/12/2023";"2100";"28,6";"28,7";"28,5";"77,0";"79,0";"76,0";"24,3";"24,6";"24,1";"1007,2";"1007,2";"1006,7";"4,4";"65,0";"10,7";"10,50";"0,0"
"21/12/2023";"2200";"28,4";"28,6";"28,4";"81,0";"81,0";"77,0";"24,8";"24,9";"24,3";"1008,1";"1008,1";"1007,2";"4,3";"72,0";"9,8";"";"0,0"
"21/12/2023";"2300";"28,5";"28,6";"28,4";"79,0";"81,0";"79,0";"24,6";"24,8";"24,6";"1008,8";"1008,8";"1008,0";"4,3";"85,0";"8,7";"";"0,0"
"22/12/2023";"0000";"28,4";"28,5";"28,4";"74,0";"80,0";"74,0";"23,4";"24,6";"23,4";"1009,3";"1009,3";"1008,7";"3,7";"94,0";"7,0";"";"0,0"
"22/12/2023";"0100";"28,0";"28,5";"28,0";"74,0";"74,0";"72,0";"22,9";"23,4";"22,9";"1009,9";"1009,9";"1009,3";"3,9";"93,0";"7,7";"";"0,0"
"22/12/2023";"0200";"27,3";"28,0";"27,3";"77,0";"77,0";"74,0";"22,9";"23,0";"22,8";"1009,9";"1010,1";"1009,9";"2,4";"102,0";"7,0";"";"0,0"
"22/12/2023";"0300";"26,9";"27,3";"26,9";"78,0";"78,0";"77,0";"22,8";"22,9";"22,8";"1009,4";"1010,0";"1009,4";"2,6";"106,0";"5,7";"";"0,0"
"22/12/2023";"0400";"26,4";"26,9";"26,4";"81,0";"81,0";"78,0";"22,8";"22,8";"22,8";"1008,5";"1009,4";"1008,5";"2,5";"101,0";"5,1";"";"0,0"
"22/12/2023";"0500";"26,3";"26,5";"26,3";"78,0";"81,0";"78,0";"22,3";"22,8";"22,3";"1008,2";"1008,5";"1008,1";"2,6";"104,0";"5,9";"";"0,0"
"22/12/2023";"0600";"25,9";"26,3";"25,9";"79,0";"79,0";"78,0";"22,0";"22,3";"22,0";"1008,0";"1008,2";"1008,0";"2,2";"105,0";"5,9";"";"0,0"
"22/12/2023";"0700";"25,2";"25,9";"25,1";"83,0";"83,0";"79,0";"22,1";"22,1";"22,0";"1008,4";"1008,4";"1008,0";"1,9";"105,0";"5,1";"";"0,0"
"22/12/2023";"0800";"25,1";"25,2";"25,0";"85,0";"85,0";"83,0";"22,3";"22,3";"22,1";"1009,1";"1009,1";"1008,4";"0,8";"136,0";"3,8";"";"0,0"
"22/12/2023";"0900";"25,6";"25,6";"25,1";"84,0";"86,0";"84,0";"22,8";"23,0";"22,4";"1009,8";"1009,8";"1009,1";"0,8";"133,0";"2,1";"84,10";"0,0"
"22/12/2023";"1000";"28,0";"28,1";"25,6";"71,0";"85,0";"71,0";"22,4";"23,2";"22,4";"1010,5";"1010,5";"1009,8";"2,7";"119,0";"6,4";"765,10";"0,0"
"22/12/2023";"1100";"29,4";"29,5";"28,0";"63,0";"72,0";"63,0";"21,6";"22,6";"21,6";"1010,8";"1010,8";"1010,5";"3,4";"110,0";"9,2";"1456,20";"0,0"
"22/12/2023";"1200";"30,5";"30,7";"29,1";"56,0";"64,0";"56,0";"20,8";"21,7";"20,6";"1010,7";"1010,9";"1010,6";"3,8";"119,0";"8,2";"1695,30";"0,0"
"22/12/2023";"1300";"30,4";"31,3";"30,1";"55,0";"58,0";"53,0";"20,2";"21,4";"20,1";"1010,4";"1010,7";"1010,4";"3,7";"104,0";"8,3";"1429,40";"0,0"
"22/12/2023";"1400";"30,8";"31,0";"30,2";"56,0";"57,0";"54,0";"20,9";"21,0";"20,2";"1009,8";"1010,4";"1009,8";"3,7";"98,0";"7,8";"869,40";"0,0"
"22/12/2023";"1500";"31,1";"31,7";"30,3";"62,0";"67,0";"55,0";"22,9";"23,6";"20,8";"1008,9";"1009,9";"1008,9";"4,0";"44,0";"7,8";"2247,80";"0,0"
"22/12/2023";"1600";"32,2";"32,9";"30,8";"55,0";"63,0";"54,0";"22,0";"23,7";"21,8";"1008,0";"1008,9";"1008,0";"2,7";"84,0";"7,5";"2864,20";"0,0"
"22/12/2023";"1700";"31,7";"33,6";"31,3";"57,0";"58,0";"52,0";"22,3";"22,8";"21,7";"1007,3";"1008,0";"1007,2";"4,9";"45,0";"9,8";"2585,50";"0,0"
"22/12/2023";"1800";"31,3";"32,3";"30,6";"60,0";"62,0";"55,0";"22,8";"22,9";"21,9";"1006,9";"1007,3";"1006,9";"4,9";"49,0";"10,1";"1966,80";"0,0"
"22/12/2023";"1900";"29,4";"31,4";"29,4";"70,0";"70,0";"59,0";"23,4";"23,4";"22,5";"1006,7";"1006,9";"1006,6";"4,6";"46,0";"9,3";"1018,30";"0,0"
"22/12/2023";"2000";"28,6";"29,5";"28,6";"75,0";"76,0";"70,0";"23,7";"24,1";"23,4";"1007,4";"1007,4";"1006,7";"5,1";"46,0";"9,6";"606,70";"0,0"
"22/12/2023";"2100";"28,1";"28,7";"28,0";"77,0";"78,0";"74,0";"23,7";"23,9";"23,5";"1007,7";"1007,7";"1007,3";"4,3";"42,0";"9,3";"77,60";"0,0"
"22/12/2023";"2200";"28,1";"28,1";"28,0";"77,0";"78,0";"75,0";"23,6";"23,7";"23,3";"1008,1";"1008,1";"1007,7";"3,8";"45,0";"8,0";"";"0,0"
"22/12/2023";"2300";"28,4";"28,4";"28,0";"76,0";"78,0";"75,0";"23,7";"23,7";"23,5";"1008,8";"1008,8";"1008,1";"4,1";"73,0";"8,7";"";"0,0"
"23/12/2023";"0000";"28,6";"28,6";"28,4";"67,0";"76,0";"67,0";"21,9";"23,8";"21,9";"1009,3";"1009,4";"1008,8";"4,8";"81,0";"9,1";"";"0,0"
"23/12/2023";"0100";"27,9";"28,6";"27,8";"65,0";"67,0";"64,0";"20,7";"21,9";"20,6";"1009,6";"1009,6";"1009,3";"3,1";"89,0";"9,1";"";"0,0"
"23/12/2023";"0200";"27,2";"27,9";"27,2";"67,0";"67,0";"64,0";"20,6";"20,7";"20,5";"1009,2";"1009,6";"1009,2";"3,9";"88,0";"7,7";"";"0,0"
"23/12/2023";"0300";"26,5";"27,2";"26,5";"71,0";"71,0";"66,0";"20,9";"20,9";"20,4";"1008,6";"1009,2";"1008,6";"4,4";"91,0";"9,0";"";"0,0"
"23/12/2023";"0400";"26,1";"26,5";"26,1";"73,0";"73,0";"71,0";"20,8";"21,0";"20,8";"1008,2";"1008,6";"1008,2";"4,7";"90,0";"9,3";"";"0,0"
"23/12/2023";"0500";"25,7";"26,1";"25,7";"75,0";"75,0";"71,0";"21,0";"21,0";"20,5";"1008,2";"1008,3";"1008,1";"3,9";"96,0";"8,5";"";"0,0"
"23/12/2023";"0600";"25,0";"25,7";"25,0";"81,0";"81,0";"75,0";"21,4";"21,4";"21,0";"1007,7";"1008,2";"1007,6";"2,1";"104,0";"7,1";"";"0,0"
"23/12/2023";"0700";"23,8";"25,0";"23,8";"86,0";"86,0";"81,0";"21,4";"21,4";"21,3";"1008,0";"1008,0";"1007,7";"0,8";"116,0";"4,4";"";"0,0"
"23/12/2023";"0800";"23,1";"23,8";"22,9";"90,0";"90,0";"86,0";"21,4";"21,4";"21,1";"1008,6";"1008,6";"1008,0";"1,3";"95,0";"2,0";"";"0,0"
"23/12/2023";"0900";"24,1";"24,1";"22,7";"87,0";"91,0";"87,0";"21,8";"22,0";"21,0";"1009,2";"1009,2";"1008,6";"0,6";"128,0";"2,0";"101,50";"0,0"
"23/12/2023";"1000";"26,8";"26,9";"24,1";"72,0";"87,0";"72,0";"21,2";"22,0";"21,2";"1009,8";"1009,8";"1009,2";"2,0";"137,0";"5,8";"719,50";"0,0"
"23/12/2023";"1100";"28,7";"28,8";"26,8";"64,0";"72,0";"64,0";"21,3";"21,7";"21,1";"1010,3";"1010,3";"1009,8";"3,2";"119,0";"7,3";"1376,50";"0,0"
"23/12/2023";"1200";"30,4";"30,9";"28,6";"57,0";"65,0";"56,0";"21,0";"21,8";"20,7";"1010,5";"1010,5";"1010,2";"3,8";"105,0";"7,8";"1988,20";"0,0"
"23/12/2023";"1300";"32,1";"32,1";"29,9";"51,0";"58,0";"51,0";"20,8";"21,4";"20,4";"1010,0";"1010,5";"1010,0";"3,5";"116,0";"7,8";"2307,60";"0,0"
"23/12/2023";"1400";"32,7";"33,4";"31,3";"47,0";"53,0";"44,0";"19,8";"20,7";"19,2";"1009,3";"1010,0";"1009,3";"3,9";"109,0";"10,3";"2761,20";"0,0"
"23/12/2023";"1500";"33,3";"34,1";"31,9";"47,0";"52,0";"46,0";"20,6";"21,9";"19,3";"1008,5";"1009,3";"1008,4";"4,2";"73,0";"9,6";"2657,80";"0,0"
"23/12/2023";"1600";"33,4";"34,4";"33,2";"47,0";"49,0";"45,0";"20,4";"21,2";"19,8";"1007,8";"1008,5";"1007,7";"4,6";"68,0";"9,1";"2929,70";"0,0"
"23/12/2023";"1700";"33,8";"34,4";"33,0";"47,0";"50,0";"44,0";"21,0";"21,4";"19,9";"1007,2";"1007,8";"1007,2";"4,5";"46,0";"10,1";"2535,70";"0,0"
"23/12/2023";"1800";"32,1";"33,8";"32,0";"54,0";"54,0";"47,0";"21,6";"21,8";"20,6";"1006,9";"1007,2";"1006,9";"4,9";"47,0";"10,1";"1994,40";"0,0"
"23/12/2023";"1900";"30,6";"32,3";"30,3";"64,0";"64,0";"54,0";"23,0";"23,0";"21,6";"1007,0";"1007,0";"1006,8";"5,8";"42,0";"9,4";"1392,20";"0,0"
"23/12/2023";"2000";"29,4";"30,6";"29,3";"69,0";"71,0";"64,0";"23,0";"23,6";"22,7";"1007,6";"1007,6";"1007,0";"4,4";"42,0";"9,5";"609,60";"0,0"
"23/12/2023";"2100";"28,4";"29,4";"28,4";"72,0";"72,0";"68,0";"22,8";"23,0";"22,4";"1008,6";"1008,6";"1007,6";"3,5";"46,0";"8,5";"63,60";"0,0"
"23/12/2023";"2200";"28,1";"28,4";"28,1";"73,0";"73,0";"71,0";"22,7";"23,0";"22,6";"1008,8";"1008,8";"1008,6";"3,7";"52,0";"8,3";"";"0,0"
"23/12/2023";"2300";"28,0";"28,1";"28,0";"73,0";"74,0";"72,0";"22,8";"22,8";"22,6";"1009,0";"1009,0";"1008,8";"4,1";"50,0";"8,1";"";"0,0"
"24/12/2023";"0000";"28,1";"28,1";"27,9";"76,0";"77,0";"73,0";"23,5";"23,5";"22,9";"1009,3";"1009,3";"1009,0";"4,0";"61,0";"7,8";"";"0,0"
"24/12/2023";"0100";"27,9";"28,3";"27,9";"73,0";"76,0";"72,0";"22,7";"23,5";"22,7";"1009,7";"1009,7";"1009,3";"4,1";"79,0";"9,0";"";"0,0"
"24/12/2023";"0200";"27,5";"27,9";"27,4";"69,0";"73,0";"68,0";"21,2";"22,7";"21,2";"1009,3";"1009,7";"1009,3";"3,8";"90,0";"8,6";"";"0,0"
"24/12/2023";"0300";"26,6";"27,5";"26,5";"71,0";"72,0";"68,0";"20,8";"21,1";"20,8";"1008,7";"1009,4";"1008,7";"3,0";"91,0";"6,9";"";"0,0"
"24/12/2023";"0400";"25,8";"26,6";"25,7";"76,0";"76,0";"71,0";"21,2";"21,2";"20,8";"1008,2";"1008,7";"1008,2";"2,3";"92,0";"5,3";"";"0,0"
"24/12/2023";"0500";"25,1";"25,8";"25,1";"79,0";"79,0";"76,0";"21,2";"21,2";"21,1";"1008,1";"1008,3";"1008,0";"2,0";"81,0";"4,3";"";"0,0"
"24/12/2023";"0600";"24,5";"25,2";"24,5";"84,0";"84,0";"79,0";"21,5";"21,6";"21,3";"1008,5";"1008,6";"1008,1";"1,0";"94,0";"4,2";"";"0,0"
"24/12/2023";"0700";"23,2";"24,5";"23,2";"90,0";"90,0";"84,0";"21,4";"21,5";"21,3";"1008,8";"1008,8";"1008,5";"0,8";"126,0";"1,9";"";"0,0"
"24/12/2023";"0800";"23,9";"24,1";"23,2";"87,0";"90,0";"86,0";"21,5";"21,7";"21,4";"1009,0";"1009,0";"1008,7";"1,2";"86,0";"3,4";"";"0,0"
"24/12/2023";"0900";"24,6";"24,6";"23,8";"84,0";"88,0";"84,0";"21,8";"22,2";"21,5";"1009,7";"1009,7";"1009,0";"0,6";"149,0";"2,9";"91,80";"0,0"
"24/12/2023";"1000";"27,7";"27,7";"24,6";"70,0";"85,0";"70,0";"21,8";"22,4";"21,8";"1010,4";"1010,4";"1009,7";"3,3";"110,0";"6,5";"766,60";"0,0"
"24/12/2023";"1100";"29,9";"30,2";"27,7";"57,0";"71,0";"56,0";"20,4";"22,0";"20,3";"1010,9";"1010,9";"1010,4";"3,8";"106,0";"7,6";"1412,00";"0,0"
"24/12/2023";"1200";"31,7";"32,0";"29,9";"47,0";"57,0";"47,0";"19,1";"20,5";"19,1";"1011,0";"1011,1";"1010,8";"3,2";"124,0";"8,6";"2134,50";"0,0"
"24/12/2023";"1300";"33,1";"33,4";"31,4";"42,0";"48,0";"41,0";"18,3";"19,5";"18,3";"1010,8";"1011,1";"1010,8";"2,9";"116,0";"7,9";"2438,60";"0,0"
"24/12/2023";"1400";"32,9";"33,6";"32,4";"46,0";"47,0";"40,0";"19,7";"20,4";"17,7";"1010,1";"1010,8";"1010,1";"3,8";"64,0";"8,0";"2779,10";"0,0"
"24/12/2023";"1500";"33,7";"34,4";"32,6";"44,0";"47,0";"42,0";"19,9";"20,3";"19,1";"1009,2";"1010,1";"1009,2";"4,4";"66,0";"9,8";"2905,70";"0,0"
"24/12/2023";"1600";"34,4";"34,6";"33,4";"42,0";"44,0";"39,0";"19,5";"20,1";"18,5";"1008,4";"1009,2";"1008,4";"4,3";"52,0";"8,9";"2898,50";"0,0"
"24/12/2023";"1700";"33,8";"34,7";"32,7";"44,0";"46,0";"42,0";"19,9";"20,2";"19,3";"1007,5";"1008,4";"1007,5";"5,0";"53,0";"9,6";"2616,80";"0,0"
"24/12/2023";"1800";"31,8";"34,0";"31,3";"59,0";"59,0";"44,0";"22,8";"22,8";"19,8";"1007,2";"1007,5";"1007,0";"6,2";"58,0";"10,2";"2096,60";"0,0"
"24/12/2023";"1900";"30,1";"32,1";"30,0";"64,0";"67,0";"59,0";"22,5";"23,5";"22,3";"1007,4";"1007,4";"1007,0";"5,9";"54,0";"12,7";"1414,50";"0,0"
"24/12/2023";"2000";"29,3";"30,7";"29,3";"69,0";"69,0";"62,0";"23,0";"23,4";"22,4";"1008,1";"1008,2";"1007,4";"6,3";"46,0";"12,5";"730,20";"0,0"
"24/12/2023";"2100";"28,2";"29,3";"28,2";"76,0";"76,0";"69,0";"23,6";"23,6";"22,9";"1008,9";"1008,9";"1008,1";"5,3";"57,0";"11,2";"105,10";"0,0"
"24/12/2023";"2200";"27,9";"28,2";"27,9";"78,0";"78,0";"76,0";"23,8";"23,8";"23,5";"1009,2";"1009,3";"1008,9";"4,2";"57,0";"10,6";"";"0,0"
"24/12/2023";"2300";"28,1";"28,1";"27,9";"78,0";"78,0";"77,0";"23,9";"23,9";"23,5";"1009,5";"1009,5";"1009,2";"4,8";"67,0";"10,3";"";"0,0"
"25/12/2023";"0000";"28,1";"28,2";"28,0";"77,0";"79,0";"77,0";"23,8";"24,0";"23,8";"1010,1";"1010,1";"1009,5";"5,6";"72,0";"10,9";"";"0,0"
"25/12/2023";"0100";"27,7";"28,2";"27,7";"73,0";"78,0";"71,0";"22,3";"23,8";"22,3";"1010,2";"1010,3";"1010,1";"4,3";"84,0";"10,5";"";"0,0"
"25/12/2023";"0200";"27,1";"27,7";"27,1";"70,0";"73,0";"69,0";"21,0";"22,3";"21,0";"1009,7";"1010,2";"1009,7";"3,6";"92,0";"8,1";"";"0,0"
"25/12/2023";"0300";"26,2";"27,1";"26,2";"74,0";"74,0";"70,0";"21,2";"21,2";"21,0";"1009,1";"1009,7";"1009,1";"2,7";"94,0";"6,1";"";"0,0"
"25/12/2023";"0400";"25,2";"26,2";"25,2";"80,0";"80,0";"74,0";"21,4";"21,4";"21,2";"1008,8";"1009,1";"1008,8";"0,9";"123,0";"4,7";"";"0,0"
"25/12/2023";"0500";"24,4";"25,2";"24,4";"84,0";"84,0";"80,0";"21,5";"21,6";"21,3";"1008,6";"1008,8";"1008,6";"0,8";"120,0";"2,4";"";"0,0"
"25/12/2023";"0600";"24,3";"24,4";"24,2";"86,0";"86,0";"84,0";"21,8";"21,8";"21,5";"1008,5";"1008,6";"1008,4";"1,5";"82,0";"2,7";"";"0,0"
"25/12/2023";"0700";"24,5";"24,5";"24,3";"86,0";"86,0";"85,0";"22,0";"22,0";"21,7";"1008,5";"1008,6";"1008,4";"2,1";"90,0";"3,6";"";"0,0"
"25/12/2023";"0800";"24,5";"24,7";"24,5";"86,0";"86,0";"85,0";"22,0";"22,1";"22,0";"1009,0";"1009,0";"1008,5";"1,8";"97,0";"3,8";"";"0,0"
"25/12/2023";"0900";"25,6";"25,6";"24,4";"83,0";"87,0";"83,0";"22,4";"22,4";"22,0";"1009,7";"1009,7";"1009,0";"1,9";"94,0";"3,5";"132,70";"0,0"
"25/12/2023";"1000";"27,6";"27,9";"25,6";"71,0";"83,0";"71,0";"22,0";"22,6";"21,8";"1010,4";"1010,4";"1009,7";"4,3";"109,0";"8,1";"846,20";"0,0"
"25/12/2023";"1100";"29,1";"29,1";"27,6";"65,0";"71,0";"65,0";"21,9";"22,4";"21,7";"1011,1";"1011,2";"1010,4";"4,3";"106,0";"8,1";"1306,20";"0,0"
"25/12/2023";"1200";"31,1";"31,1";"29,0";"56,0";"65,0";"56,0";"21,3";"21,9";"21,2";"1011,4";"1011,5";"1011,1";"3,8";"117,0";"8,5";"1584,10";"0,0"
"25/12/2023";"1300";"31,3";"31,8";"30,4";"56,0";"57,0";"54,0";"21,3";"21,7";"20,7";"1011,1";"1011,4";"1011,1";"3,9";"100,0";"8,9";"1510,00";"0,0"
"25/12/2023";"1400";"32,2";"32,7";"31,0";"51,0";"56,0";"50,0";"20,7";"21,5";"20,4";"1010,5";"1011,1";"1010,4";"2,2";"114,0";"8,5";"1550,80";"0,0"
"25/12/2023";"1500";"32,8";"33,3";"32,2";"50,0";"52,0";"47,0";"21,1";"21,5";"20,2";"1009,5";"1010,5";"1009,5";"4,1";"54,0";"9,1";"2117,70";"0,0"
"25/12/2023";"1600";"31,7";"33,1";"31,4";"57,0";"58,0";"49,0";"22,1";"22,5";"20,9";"1008,5";"1009,5";"1008,5";"4,2";"45,0";"9,4";"1735,60";"0,0"
"25/12/2023";"1700";"30,7";"32,1";"30,7";"61,0";"61,0";"56,0";"22,4";"22,7";"21,9";"1008,1";"1008,5";"1008,1";"5,3";"43,0";"9,5";"1609,40";"0,0"
"25/12/2023";"1800";"29,8";"30,8";"29,6";"71,0";"71,0";"61,0";"23,9";"24,2";"22,6";"1007,9";"1008,2";"1007,9";"5,2";"58,0";"10,2";"1121,30";"0,0"
"25/12/2023";"1900";"29,3";"29,9";"29,3";"73,0";"74,0";"70,0";"23,9";"24,4";"23,7";"1008,0";"1008,0";"1007,7";"4,2";"51,0";"9,3";"544,30";"0,0"
"25/12/2023";"2000";"28,8";"29,4";"28,7";"78,0";"78,0";"73,0";"24,6";"24,6";"23,9";"1008,3";"1008,4";"1007,9";"3,3";"52,0";"8,1";"279,30";"0,0"
"25/12/2023";"2100";"28,0";"28,8";"28,0";"80,0";"80,0";"78,0";"24,2";"24,6";"24,1";"1008,9";"1008,9";"1008,3";"2,7";"53,0";"7,2";"43,80";"0,0"
"25/12/2023";"2200";"27,9";"28,0";"27,9";"82,0";"82,0";"80,0";"24,5";"24,5";"24,2";"1009,4";"1009,4";"1008,9";"2,8";"46,0";"5,6";"";"0,0"
"25/12/2023";"2300";"28,0";"28,0";"27,8";"83,0";"83,0";"82,0";"24,8";"24,8";"24,4";"1009,8";"1009,9";"1009,4";"3,0";"56,0";"7,0";"";"0,0"
"26/12/2023";"0000";"28,2";"28,2";"28,0";"81,0";"83,0";"81,0";"24,7";"24,9";"24,7";"1010,2";"1010,3";"1009,9";"3,5";"67,0";"7,3";"";"0,0"
"26/12/2023";"0100";"28,0";"28,3";"28,0";"78,0";"82,0";"78,0";"23,9";"24,8";"23,9";"1010,2";"1010,2";"1010,1";"3,5";"78,0";"8,0";"";"0,0"
"26/12/2023";"0200";"27,7";"28,0";"27,7";"80,0";"80,0";"78,0";"23,9";"23,9";"23,7";"1009,5";"1010,2";"1009,5";"3,6";"71,0";"6,6";"";"0,0"
"26/12/2023";"0300";"27,5";"27,7";"27,5";"80,0";"81,0";"80,0";"23,8";"24,0";"23,8";"1009,0";"1009,6";"1009,0";"2,9";"71,0";"6,6";"";"0,0"
"26/12/2023";"0400";"27,2";"27,5";"27,2";"78,0";"80,0";"78,0";"23,1";"23,8";"23,1";"1008,7";"1009,0";"1008,7";"3,5";"86,0";"7,0";"";"0,0"
"26/12/2023";"0500";"26,9";"27,2";"26,9";"80,0";"80,0";"78,0";"23,2";"23,3";"23,1";"1008,4";"1008,7";"1008,4";"2,5";"81,0";"7,0";"";"0,0"
"26/12/2023";"0600";"26,6";"26,9";"26,5";"81,0";"81,0";"80,0";"23,1";"23,2";"23,1";"1008,4";"1008,4";"1008,2";"2,5";"89,0";"6,1";"";"0,0"
"26/12/2023";"0700";"26,4";"26,6";"26,4";"82,0";"82,0";"81,0";"23,1";"23,2";"23,0";"1008,7";"1008,7";"1008,4";"1,8";"91,0";"4,2";"";"0,0"
"26/12/2023";"0800";"25,8";"26,4";"25,8";"84,0";"84,0";"81,0";"22,8";"23,0";"22,8";"1009,3";"1009,4";"1008,7";"0,8";"83,0";"3,1";"";"0,0"
"26/12/2023";"0900";"26,3";"26,3";"25,6";"83,0";"85,0";"83,0";"23,1";"23,2";"22,8";"1009,7";"1009,7";"1009,3";"1,6";"90,0";"3,3";"68,90";"0,0"
"26/12/2023";"1000";"29,4";"29,4";"26,3";"70,0";"83,0";"70,0";"23,3";"23,5";"23,1";"1010,2";"1010,2";"1009,7";"2,9";"103,0";"5,2";"726,50";"0,0"
"26/12/2023";"1100";"30,2";"30,3";"29,0";"66,0";"70,0";"65,0";"23,2";"23,3";"22,8";"1010,5";"1010,5";"1010,2";"3,7";"114,0";"8,5";"1290,10";"0,0"
"26/12/2023";"1200";"31,1";"31,6";"29,8";"61,0";"67,0";"61,0";"22,8";"23,6";"22,7";"1010,6";"1010,7";"1010,5";"3,4";"108,0";"7,2";"1518,60";"0,0"
"26/12/2023";"1300";"31,6";"31,7";"30,7";"63,0";"65,0";"60,0";"23,7";"23,8";"22,7";"1010,3";"1010,6";"1010,2";"3,9";"74,0";"7,0";"1253,80";"0,0"
"26/12/2023";"1400";"32,7";"32,7";"31,2";"60,0";"64,0";"60,0";"23,9";"23,9";"23,3";"1009,8";"1010,3";"1009,8";"2,4";"82,0";"7,0";"1592,10";"0,0"
"26/12/2023";"1500";"33,9";"34,0";"31,7";"55,0";"62,0";"54,0";"23,7";"23,9";"23,2";"1008,8";"1009,7";"1008,8";"4,1";"63,0";"8,2";"2539,80";"0,0"
"26/12/2023";"1600";"34,3";"34,7";"33,4";"53,0";"55,0";"52,0";"23,3";"23,7";"22,8";"1007,7";"1008,8";"1007,7";"2,8";"62,0";"8,4";"2905,80";"0,0"
"26/12/2023";"1700";"33,2";"34,9";"32,3";"59,0";"60,0";"52,0";"24,2";"24,2";"23,0";"1007,2";"1007,7";"1007,2";"4,7";"35,0";"9,9";"2499,00";"0,0"
"26/12/2023";"1800";"31,0";"33,4";"30,7";"67,0";"68,0";"58,0";"24,3";"24,5";"23,5";"1006,9";"1007,2";"1006,9";"5,4";"48,0";"9,7";"1977,40";"0,0"
"26/12/2023";"1900";"30,8";"31,3";"30,4";"69,0";"71,0";"67,0";"24,6";"24,7";"24,1";"1006,8";"1007,0";"1006,7";"5,2";"50,0";"9,5";"1159,80";"0,0"
"26/12/2023";"2000";"29,4";"31,0";"29,3";"75,0";"75,0";"69,0";"24,5";"24,8";"24,2";"1007,0";"1007,0";"1006,6";"4,3";"61,0";"10,0";"834,80";"0,0"
"26/12/2023";"2100";"28,5";"29,4";"28,5";"79,0";"79,0";"75,0";"24,5";"24,7";"24,4";"1007,2";"1007,2";"1006,9";"3,6";"50,0";"9,4";"97,90";"0,0"
"26/12/2023";"2200";"28,4";"28,5";"28,3";"80,0";"80,0";"79,0";"24,5";"24,5";"24,4";"1008,1";"1008,1";"1007,1";"3,4";"47,0";"9,1";"";"0,0"
"26/12/2023";"2300";"28,3";"28,4";"28,3";"81,0";"81,0";"80,0";"24,8";"24,8";"24,5";"1009,1";"1009,1";"1008,0";"3,2";"51,0";"7,7";"";"0,0"
"27/12/2023";"0000";"28,3";"28,4";"28,3";"82,0";"82,0";"81,0";"24,9";"24,9";"24,8";"1009,4";"1009,4";"1009,0";"3,9";"60,0";"8,0";"";"0,0"
"27/12/2023";"0100";"28,4";"28,4";"28,1";"78,0";"82,0";"78,0";"24,2";"24,9";"24,2";"1009,8";"1009,8";"1009,3";"3,6";"67,0";"8,7";"";"0,0"
"27/12/2023";"0200";"28,1";"28,4";"28,1";"76,0";"78,0";"73,0";"23,3";"24,2";"23,1";"1009,7";"1009,9";"1009,7";"3,0";"74,0";"7,7";"";"0,0"
"27/12/2023";"0300";"27,5";"28,1";"27,5";"76,0";"78,0";"75,0";"22,9";"23,5";"22,8";"1009,0";"1009,7";"1009,0";"3,3";"78,0";"8,5";"";"0,0"
"27/12/2023";"0400";"27,1";"27,5";"27,1";"79,0";"79,0";"76,0";"23,1";"23,2";"22,9";"1008,6";"1009,0";"1008,6";"3,0";"81,0";"7,1";"";"0,0"
"27/12/2023";"0500";"26,7";"27,1";"26,7";"81,0";"81,0";"79,0";"23,1";"23,2";"23,1";"1008,4";"1008,7";"1008,3";"2,6";"85,0";"5,8";"";"0,0"
"27/12/2023";"0600";"26,3";"26,8";"26,3";"83,0";"83,0";"81,0";"23,3";"23,3";"23,1";"1008,1";"1008,5";"1008,1";"1,9";"91,0";"5,4";"";"0,0"
"27/12/2023";"0700";"25,9";"26,3";"25,9";"85,0";"85,0";"83,0";"23,2";"23,3";"23,2";"1008,3";"1008,3";"1008,1";"1,8";"106,0";"3,9";"";"0,0"
"27/12/2023";"0800";"25,7";"25,9";"25,7";"86,0";"86,0";"85,0";"23,2";"23,3";"23,2";"1008,5";"1008,5";"1008,2";"2,5";"93,0";"4,4";"";"0,0"
"27/12/2023";"0900";"26,0";"26,0";"25,3";"86,0";"88,0";"86,0";"23,4";"23,4";"23,1";"1009,5";"1009,5";"1008,5";"1,3";"128,0";"4,1";"94,20";"0,0"
"27/12/2023";"1000";"28,2";"28,2";"26,0";"74,0";"86,0";"74,0";"23,1";"23,6";"23,0";"1009,8";"1009,9";"1009,5";"3,6";"102,0";"6,7";"686,30";"0,0"
"27/12/2023";"1100";"30,1";"30,1";"28,1";"65,0";"74,0";"65,0";"22,8";"23,2";"22,5";"1009,8";"1009,8";"1009,7";"3,5";"111,0";"8,1";"1387,90";"0,0"
"27/12/2023";"1200";"30,4";"31,0";"29,2";"60,0";"67,0";"59,0";"21,8";"22,6";"21,7";"1010,0";"1010,0";"1009,8";"3,9";"94,0";"7,8";"1590,30";"0,0"
"27/12/2023";"1300";"32,0";"32,9";"30,4";"56,0";"61,0";"52,0";"22,0";"22,5";"21,3";"1009,6";"1010,0";"1009,6";"3,1";"76,0";"7,1";"2149,70";"0,0"
"27/12/2023";"1400";"33,8";"33,9";"31,7";"49,0";"57,0";"48,0";"21,6";"22,4";"21,1";"1008,9";"1009,6";"1008,9";"4,7";"82,0";"9,2";"2460,70";"0,0"
"27/12/2023";"1500";"33,9";"34,3";"32,9";"48,0";"50,0";"47,0";"21,2";"21,7";"20,6";"1008,5";"1009,0";"1008,5";"4,2";"59,0";"9,5";"3006,90";"0,0"
"27/12/2023";"1600";"32,9";"34,2";"32,5";"53,0";"54,0";"47,0";"22,1";"22,5";"20,9";"1007,9";"1008,5";"1007,9";"4,7";"46,0";"9,8";"2865,30";"0,0"
"27/12/2023";"1700";"32,9";"33,6";"32,2";"54,0";"56,0";"52,0";"22,3";"22,9";"21,6";"1007,3";"1007,9";"1007,3";"4,2";"42,0";"10,4";"2533,60";"0,0"
"27/12/2023";"1800";"31,3";"33,0";"31,2";"59,0";"60,0";"53,0";"22,4";"23,0";"21,9";"1007,2";"1007,3";"1007,1";"5,8";"51,0";"9,8";"2039,30";"0,0"
"27/12/2023";"1900";"30,8";"32,2";"30,8";"59,0";"60,0";"55,0";"21,9";"22,7";"21,2";"1007,2";"1007,3";"1007,1";"5,4";"57,0";"11,4";"1397,80";"0,0"
"27/12/2023";"2000";"29,4";"31,2";"29,4";"69,0";"69,0";"59,0";"23,0";"23,2";"22,2";"1007,6";"1007,6";"1007,2";"5,1";"55,0";"9,6";"630,70";"0,0"
"27/12/2023";"2100";"28,5";"29,5";"28,5";"74,0";"74,0";"68,0";"23,4";"23,4";"23,0";"1008,0";"1008,0";"1007,5";"3,8";"48,0";"9,3";"89,50";"0,0"
"27/12/2023";"2200";"28,2";"28,5";"28,2";"78,0";"78,0";"73,0";"23,9";"23,9";"23,3";"1008,2";"1008,2";"1007,9";"3,7";"45,0";"7,8";"";"0,0"
"27/12/2023";"2300";"28,1";"28,2";"28,0";"80,0";"80,0";"78,0";"24,3";"24,4";"23,9";"1008,8";"1008,8";"1008,2";"4,2";"56,0";"8,0";"";"0,0"
"28/12/2023";"0000";"27,8";"28,1";"27,8";"82,0";"83,0";"80,0";"24,6";"24,6";"24,3";"1009,5";"1009,5";"1008,8";"3,2";"57,0";"8,2";"";"0,0"
"28/12/2023";"0100";"28,0";"28,0";"27,8";"81,0";"83,0";"80,0";"24,4";"24,6";"24,2";"1009,7";"1009,7";"1009,5";"3,8";"61,0";"8,0";"";"0,0"
"28/12/2023";"0200";"28,1";"28,1";"27,9";"82,0";"82,0";"80,0";"24,7";"24,7";"24,3";"1009,7";"1009,7";"1009,5";"3,8";"63,0";"7,9";"";"0,0"
"28/12/2023";"0300";"27,7";"28,1";"27,7";"80,0";"82,0";"80,0";"23,9";"24,7";"23,9";"1009,2";"1009,7";"1009,2";"3,1";"91,0";"7,4";"";"0,0"
"28/12/2023";"0400";"26,9";"27,7";"26,9";"82,0";"82,0";"80,0";"23,6";"24,0";"23,6";"1008,7";"1009,2";"1008,7";"2,3";"97,0";"5,7";"";"0,0"
"28/12/2023";"0500";"26,3";"26,9";"26,3";"84,0";"84,0";"82,0";"23,4";"23,7";"23,4";"1008,5";"1008,7";"1008,5";"1,7";"105,0";"4,5";"";"0,0"
"28/12/2023";"0600";"26,2";"26,3";"26,2";"83,0";"84,0";"83,0";"23,1";"23,4";"23,1";"1008,5";"1008,6";"1008,4";"1,9";"108,0";"4,1";"";"0,0"
"28/12/2023";"0700";"25,6";"26,2";"25,6";"86,0";"86,0";"83,0";"23,1";"23,1";"23,0";"1008,8";"1008,8";"1008,5";"1,3";"108,0";"4,4";"";"0,0"
"28/12/2023";"0800";"25,4";"25,6";"25,4";"87,0";"87,0";"86,0";"23,0";"23,1";"23,0";"1009,3";"1009,3";"1008,8";"1,5";"106,0";"3,2";"";"0,0"
"28/12/2023";"0900";"25,8";"25,8";"25,3";"85,0";"87,0";"85,0";"23,2";"23,3";"23,0";"1009,8";"1009,8";"1009,3";"1,3";"132,0";"3,5";"91,60";"0,0"
"28/12/2023";"1000";"27,7";"27,7";"25,8";"77,0";"86,0";"77,0";"23,2";"23,6";"23,1";"1010,3";"1010,3";"1009,8";"2,5";"107,0";"5,0";"694,80";"0,0"
"28/12/2023";"1100";"29,3";"29,6";"27,7";"68,0";"77,0";"67,0";"22,7";"23,6";"22,6";"1010,5";"1010,6";"1010,3";"3,7";"93,0";"7,1";"1278,80";"0,0"
"28/12/2023";"1200";"30,2";"30,9";"29,1";"63,0";"69,0";"61,0";"22,3";"23,1";"22,0";"1010,6";"1010,7";"1010,4";"2,6";"100,0";"7,1";"1547,10";"0,0"
"28/12/2023";"1300";"32,0";"32,0";"30,2";"56,0";"63,0";"56,0";"22,1";"22,6";"21,7";"1010,0";"1010,7";"1010,0";"4,1";"89,0";"6,4";"1539,90";"0,0"
"28/12/2023";"1400";"33,3";"33,7";"31,5";"50,0";"57,0";"47,0";"21,4";"22,6";"20,8";"1009,3";"1010,0";"1009,3";"4,0";"70,0";"9,8";"2474,20";"0,0"
"28/12/2023";"1500";"34,1";"34,3";"32,7";"48,0";"51,0";"46,0";"21,6";"21,7";"20,8";"1008,8";"1009,4";"1008,7";"4,3";"38,0";"9,1";"2939,30";"0,0"
"28/12/2023";"1600";"33,6";"34,4";"33,1";"44,0";"49,0";"44,0";"19,8";"21,4";"19,5";"1007,8";"1008,8";"1007,8";"4,9";"46,0";"9,4";"2897,70";"0,0"
"28/12/2023";"1700";"33,9";"34,4";"32,9";"45,0";"49,0";"43,0";"20,4";"21,1";"19,5";"1007,1";"1007,8";"1007,1";"4,1";"37,0";"9,1";"2581,20";"0,0"
"28/12/2023";"1800";"33,2";"34,2";"32,6";"49,0";"51,0";"44,0";"21,1";"21,6";"19,5";"1006,5";"1007,1";"1006,5";"4,0";"19,0";"8,4";"2070,20";"0,0"
"28/12/2023";"1900";"30,9";"33,4";"30,8";"66,0";"66,0";"49,0";"23,8";"23,8";"20,9";"1006,9";"1006,9";"1006,4";"4,5";"30,0";"9,1";"1423,60";"0,0"
"28/12/2023";"2000";"29,5";"31,0";"29,5";"71,0";"71,0";"66,0";"23,7";"24,2";"23,3";"1007,3";"1007,3";"1006,9";"4,3";"32,0";"9,0";"686,20";"0,0"
"28/12/2023";"2100";"28,4";"29,6";"28,4";"78,0";"78,0";"70,0";"24,2";"24,2";"23,5";"1007,7";"1007,7";"1007,3";"3,3";"40,0";"7,7";"91,00";"0,0"
"28/12/2023";"2200";"27,9";"28,4";"27,9";"81,0";"81,0";"78,0";"24,4";"24,5";"24,2";"1008,2";"1008,2";"1007,7";"2,5";"51,0";"7,6";"";"0,0"
"28/12/2023";"2300";"27,7";"27,9";"27,7";"81,0";"82,0";"81,0";"24,2";"24,4";"24,2";"1008,7";"1008,7";"1008,2";"3,1";"46,0";"6,5";"";"0,0"
"29/12/2023";"0000";"27,6";"27,7";"27,5";"81,0";"82,0";"81,0";"24,0";"24,2";"24,0";"1009,3";"1009,3";"1008,7";"2,9";"50,0";"6,8";"";"0,0"
"29/12/2023";"0100";"27,5";"27,7";"27,5";"81,0";"81,0";"80,0";"24,0";"24,1";"23,9";"1009,4";"1009,4";"1009,2";"2,3";"54,0";"6,8";"";"0,0"
"29/12/2023";"0200";"27,6";"27,7";"27,5";"80,0";"83,0";"80,0";"23,8";"24,4";"23,8";"1009,4";"1009,4";"1009,3";"2,5";"68,0";"5,6";"";"0,0"
"29/12/2023";"0300";"26,9";"27,6";"26,9";"79,0";"80,0";"78,0";"23,0";"23,8";"23,0";"1009,2";"1009,4";"1009,1";"1,7";"70,0";"5,6";"";"0,0"
"29/12/2023";"0400";"26,3";"26,9";"26,3";"79,0";"80,0";"79,0";"22,5";"23,0";"22,4";"1008,8";"1009,2";"1008,8";"2,0";"89,0";"3,9";"";"0,0"
"29/12/2023";"0500";"25,8";"26,3";"25,8";"80,0";"80,0";"79,0";"22,2";"22,5";"22,2";"1008,7";"1008,8";"1008,6";"3,0";"101,0";"6,1";"";"0,0"
"29/12/2023";"0600";"25,2";"25,8";"25,2";"83,0";"83,0";"80,0";"22,1";"22,2";"22,0";"1009,0";"1009,0";"1008,7";"2,0";"99,0";"5,6";"";"0,0"
"29/12/2023";"0700";"24,4";"25,2";"24,4";"85,0";"85,0";"83,0";"21,8";"22,1";"21,8";"1009,4";"1009,4";"1009,0";"1,4";"106,0";"4,6";"";"0,0"
"29/12/2023";"0800";"23,9";"24,4";"23,9";"88,0";"88,0";"85,0";"21,9";"21,9";"21,8";"1010,1";"1010,1";"1009,4";"1,1";"89,0";"2,6";"";"0,0"
"29/12/2023";"0900";"24,1";"24,1";"23,3";"89,0";"91,0";"88,0";"22,2";"22,2";"21,5";"1010,6";"1010,6";"1010,1";"0,5";"135,0";"2,0";"88,00";"0,0"
"29/12/2023";"1000";"26,8";"26,8";"24,2";"75,0";"89,0";"75,0";"21,9";"22,6";"21,9";"1010,8";"1010,8";"1010,6";"3,2";"118,0";"6,0";"704,00";"0,0"
"29/12/2023";"1100";"28,9";"29,0";"26,8";"64,0";"75,0";"64,0";"21,4";"22,3";"21,3";"1011,0";"1011,0";"1010,7";"4,1";"93,0";"7,9";"1441,10";"0,0"
"29/12/2023";"1200";"30,0";"30,6";"28,9";"57,0";"64,0";"57,0";"20,6";"21,7";"20,4";"1011,1";"1011,2";"1010,9";"3,1";"97,0";"7,9";"1677,60";"0,0"
"29/12/2023";"1300";"31,0";"32,7";"30,0";"54,0";"57,0";"52,0";"20,5";"21,8";"20,3";"1010,6";"1011,1";"1010,5";"3,1";"62,0";"7,7";"2162,30";"0,0"
"29/12/2023";"1400";"32,5";"33,3";"30,5";"46,0";"55,0";"45,0";"19,5";"20,9";"19,5";"1009,8";"1010,6";"1009,8";"4,6";"62,0";"9,1";"2653,10";"0,0"
"29/12/2023";"1500";"32,5";"34,3";"32,3";"44,0";"47,0";"42,0";"18,9";"20,0";"18,8";"1009,1";"1009,9";"1009,1";"4,9";"52,0";"9,8";"3033,80";"0,0"
"29/12/2023";"1600";"34,0";"34,3";"32,4";"40,0";"45,0";"39,0";"18,5";"19,2";"17,9";"1008,5";"1009,1";"1008,5";"4,4";"60,0";"9,1";"2913,80";"0,0"
"29/12/2023";"1700";"33,7";"34,3";"33,2";"42,0";"43,0";"40,0";"18,9";"19,6";"18,0";"1007,5";"1008,5";"1007,5";"4,9";"40,0";"10,7";"2603,60";"0,0"
"29/12/2023";"1800";"32,5";"33,7";"32,4";"46,0";"47,0";"42,0";"19,4";"20,2";"18,9";"1007,1";"1007,5";"1007,0";"5,4";"46,0";"9,0";"2096,50";"0,0"
"29/12/2023";"1900";"32,1";"33,0";"31,7";"53,0";"53,0";"46,0";"21,2";"21,5";"19,4";"1007,2";"1007,2";"1007,0";"4,3";"22,0";"8,7";"1435,90";"0,0"
"29/12/2023";"2000";"30,6";"32,2";"30,6";"60,0";"60,0";"50,0";"22,0";"22,0";"20,0";"1007,4";"1007,4";"1007,2";"3,7";"45,0";"8,7";"701,30";"0,0"
"29/12/2023";"2100";"28,4";"30,6";"28,4";"75,0";"75,0";"59,0";"23,4";"23,7";"21,6";"1008,1";"1008,1";"1007,4";"2,9";"56,0";"8,2";"94,40";"0,0"
"29/12/2023";"2200";"27,9";"28,4";"27,9";"77,0";"78,0";"74,0";"23,6";"23,8";"23,3";"1008,8";"1008,8";"1008,1";"2,5";"48,0";"6,0";"";"0,0"
"29/12/2023";"2300";"27,5";"27,9";"27,5";"80,0";"80,0";"77,0";"23,7";"23,8";"23,6";"1009,4";"1009,4";"1008,8";"2,2";"51,0";"4,6";"";"0,0"
"30/12/2023";"0000";"27,6";"27,6";"27,5";"78,0";"80,0";"78,0";"23,4";"23,7";"23,3";"1009,8";"1009,8";"1009,4";"2,8";"45,0";"5,7";"";"0,0"
"30/12/2023";"0100";"27,5";"27,6";"27,5";"80,0";"80,0";"78,0";"23,7";"23,8";"23,4";"1010,0";"1010,0";"1009,8";"3,1";"58,0";"6,5";"";"0,0"
"30/12/2023";"0200";"27,4";"27,5";"27,3";"78,0";"80,0";"77,0";"23,2";"23,7";"23,1";"1009,5";"1010,1";"1009,5";"2,6";"52,0";"5,8";"";"0,0"
"30/12/2023";"0300";"27,3";"27,4";"27,2";"77,0";"78,0";"77,0";"23,0";"23,2";"22,9";"1009,2";"1009,5";"1009,2";"2,3";"54,0";"5,2";"";"0,0"
"30/12/2023";"0400";"27,3";"27,4";"27,2";"77,0";"79,0";"77,0";"23,0";"23,1";"23,0";"1008,6";"1009,2";"1008,6";"2,9";"55,0";"5,9";"";"0,0"
"30/12/2023";"0500";"26,3";"27,3";"26,3";"79,0";"79,0";"77,0";"22,3";"23,2";"22,3";"1008,5";"1008,6";"1008,4";"1,6";"109,0";"5,9";"";"0,0"
"30/12/2023";"0600";"25,3";"26,3";"25,3";"82,0";"82,0";"79,0";"22,1";"22,4";"22,0";"1008,5";"1008,6";"1008,4";"1,2";"104,0";"3,0";"";"0,0"
"30/12/2023";"0700";"24,7";"25,3";"24,6";"85,0";"85,0";"82,0";"22,0";"22,1";"21,9";"1008,7";"1008,8";"1008,5";"0,9";"108,0";"2,3";"";"0,0"
"30/12/2023";"0800";"24,4";"24,7";"24,3";"87,0";"87,0";"85,0";"22,0";"22,0";"21,9";"1009,6";"1009,6";"1008,7";"0,8";"141,0";"2,0";"";"0,0"
"30/12/2023";"0900";"25,4";"25,4";"24,4";"84,0";"87,0";"84,0";"22,5";"22,5";"22,0";"1010,1";"1010,1";"1009,6";"1,4";"120,0";"3,5";"43,00";"0,0"
"30/12/2023";"1000";"27,2";"27,2";"25,4";"78,0";"84,0";"78,0";"23,0";"23,0";"22,5";"1010,7";"1010,7";"1010,1";"3,0";"103,0";"6,1";"350,90";"0,0"
"30/12/2023";"1100";"28,7";"29,4";"27,2";"71,0";"78,0";"69,0";"22,9";"23,3";"22,7";"1010,8";"1010,8";"1010,6";"3,7";"101,0";"7,1";"1385,00";"0,0"
"30/12/2023";"1200";"30,0";"30,2";"28,7";"64,0";"71,0";"63,0";"22,4";"23,1";"22,3";"1010,8";"1011,0";"1010,8";"3,6";"82,0";"7,1";"1290,60";"0,0"
"30/12/2023";"1300";"31,9";"32,8";"30,1";"54,0";"64,0";"52,0";"21,5";"23,0";"21,1";"1010,4";"1010,9";"1010,3";"4,1";"76,0";"8,0";"2029,10";"0,0"
"30/12/2023";"1400";"33,0";"33,4";"31,4";"52,0";"57,0";"51,0";"21,8";"22,4";"21,4";"1010,0";"1010,4";"1010,0";"4,0";"60,0";"8,6";"2635,90";"0,0"
"30/12/2023";"1500";"33,4";"34,1";"32,4";"49,0";"53,0";"47,0";"21,1";"22,2";"21,0";"1009,2";"1010,0";"1009,2";"3,9";"61,0";"9,3";"2907,80";"0,0"
"30/12/2023";"1600";"33,3";"34,5";"32,9";"48,0";"50,0";"47,0";"20,8";"21,7";"20,7";"1008,0";"1009,2";"1008,0";"4,5";"39,0";"9,2";"2885,10";"0,0"
"30/12/2023";"1700";"33,0";"34,3";"32,8";"49,0";"49,0";"44,0";"20,7";"21,2";"19,7";"1007,4";"1008,1";"1007,4";"4,6";"38,0";"9,2";"2578,20";"0,0"
"30/12/2023";"1800";"32,2";"33,9";"32,1";"55,0";"55,0";"46,0";"21,9";"22,4";"20,6";"1006,9";"1007,4";"1006,8";"4,7";"37,0";"9,7";"2074,50";"0,0"
"30/12/2023";"1900";"31,3";"32,6";"31,2";"60,0";"60,0";"53,0";"22,7";"22,7";"21,5";"1006,9";"1007,0";"1006,8";"4,8";"24,0";"9,7";"1429,80";"0,0"
"30/12/2023";"2000";"29,8";"31,4";"29,7";"67,0";"67,0";"60,0";"23,0";"23,4";"22,4";"1007,2";"1007,2";"1006,9";"4,6";"23,0";"8,7";"696,60";"0,0"
"30/12/2023";"2100";"28,5";"29,9";"28,5";"77,0";"77,0";"66,0";"24,0";"24,2";"22,8";"1007,5";"1007,6";"1007,2";"4,4";"31,0";"8,7";"97,40";"0,0"
"30/12/2023";"2200";"28,1";"28,5";"28,1";"79,0";"80,0";"77,0";"24,2";"24,3";"24,0";"1008,0";"1008,0";"1007,5";"4,5";"39,0";"8,2";"";"0,0"
"30/12/2023";"2300";"28,1";"28,1";"28,0";"80,0";"80,0";"79,0";"24,2";"24,4";"24,2";"1008,4";"1008,4";"1008,0";"4,2";"41,0";"8,5";"";"0,0"
"31/12/2023";"0000";"27,9";"28,1";"27,9";"81,0";"81,0";"80,0";"24,4";"24,4";"24,2";"1008,9";"1008,9";"1008,4";"3,7";"43,0";"8,5";"";"0,0"
"31/12/2023";"0100";"27,8";"27,9";"27,7";"78,0";"81,0";"78,0";"23,5";"24,4";"23,5";"1009,1";"1009,1";"1008,9";"3,7";"47,0";"8,2";"";"0,0"
"31/12/2023";"0200";"27,8";"27,8";"27,6";"79,0";"80,0";"78,0";"23,7";"23,8";"23,5";"1009,0";"1009,1";"1009,0";"2,9";"52,0";"7,5";"";"0,0"
"31/12/2023";"0300";"27,7";"27,8";"27,6";"79,0";"80,0";"79,0";"23,7";"24,0";"23,7";"1008,8";"1009,0";"1008,7";"3,0";"55,0";"6,1";"";"0,0"
"31/12/2023";"0400";"27,2";"27,7";"27,1";"82,0";"82,0";"79,0";"23,9";"23,9";"23,5";"1008,5";"1008,8";"1008,5";"1,9";"43,0";"5,5";"";"0,0"
"31/12/2023";"0500";"27,3";"27,4";"27,0";"81,0";"83,0";"81,0";"23,7";"24,0";"23,7";"1008,2";"1008,5";"1008,2";"1,8";"54,0";"3,6";"";"0,0"
"31/12/2023";"0600";"27,0";"27,4";"27,0";"81,0";"81,0";"80,0";"23,5";"23,8";"23,5";"1007,8";"1008,2";"1007,8";"1,9";"63,0";"4,6";"";"0,0"
"31/12/2023";"0700";"26,4";"27,0";"26,4";"85,0";"85,0";"81,0";"23,7";"23,7";"23,5";"1008,0";"1008,0";"1007,8";"1,2";"78,0";"3,8";"";"0,0"
"31/12/2023";"0800";"25,6";"26,4";"25,5";"88,0";"88,0";"85,0";"23,4";"23,6";"23,3";"1008,3";"1008,3";"1008,0";"1,2";"141,0";"2,2";"";"0,0"
"31/12/2023";"0900";"26,1";"26,2";"25,6";"87,0";"88,0";"87,0";"23,8";"23,9";"23,4";"1008,5";"1008,5";"1008,2";"0,8";"119,0";"2,1";"69,50";"0,0"
"31/12/2023";"1000";"27,3";"27,3";"26,1";"84,0";"88,0";"84,0";"24,3";"24,3";"23,8";"1009,2";"1009,2";"1008,5";"1,3";"139,0";"2,6";"267,50";"0,0"
"31/12/2023";"1100";"28,5";"29,6";"27,3";"75,0";"84,0";"72,0";"23,6";"24,6";"23,6";"1010,0";"1010,0";"1009,2";"1,6";"118,0";"4,1";"932,40";"0,0"
"31/12/2023";"1200";"30,6";"31,5";"28,5";"62,0";"75,0";"59,0";"22,5";"24,0";"22,3";"1010,0";"1010,1";"1009,9";"3,1";"48,0";"5,5";"1225,20";"0,0"
"31/12/2023";"1300";"32,0";"32,5";"30,4";"60,0";"63,0";"59,0";"23,2";"23,5";"22,1";"1010,0";"1010,1";"1009,9";"4,0";"36,0";"8,0";"1988,20";"0,0"
"31/12/2023";"1400";"32,4";"33,1";"30,9";"55,0";"60,0";"52,0";"22,3";"22,8";"21,5";"1009,5";"1010,0";"1009,4";"4,4";"25,0";"8,8";"2661,50";"0,0"
"31/12/2023";"1500";"32,4";"33,3";"31,3";"56,0";"59,0";"52,0";"22,4";"22,8";"21,4";"1009,4";"1009,6";"1009,3";"4,4";"32,0";"8,8";"2521,50";"0,0"
"31/12/2023";"1600";"32,2";"33,1";"31,8";"56,0";"58,0";"53,0";"22,3";"22,8";"21,5";"1008,5";"1009,4";"1008,5";"4,8";"37,0";"9,4";"2830,80";"0,0"
"31/12/2023";"1700";"32,6";"32,8";"31,8";"55,0";"58,0";"54,0";"22,4";"22,9";"21,9";"1007,3";"1008,5";"1007,3";"4,7";"24,0";"10,1";"2555,80";"0,0"
"31/12/2023";"1800";"31,8";"33,2";"31,3";"54,0";"59,0";"54,0";"21,5";"23,1";"21,5";"1006,9";"1007,4";"1006,9";"4,4";"18,0";"8,4";"2089,70";"0,0"
"31/12/2023";"1900";"31,1";"32,1";"31,0";"61,0";"61,0";"54,0";"22,7";"22,9";"21,8";"1007,0";"1007,0";"1006,8";"3,9";"4,0";"9,0";"1399,50";"0,0"
"31/12/2023";"2000";"30,2";"31,3";"30,1";"65,0";"65,0";"58,0";"22,9";"22,9";"22,0";"1007,2";"1007,2";"1006,7";"3,6";"10,0";"8,6";"651,70";"0,0"
"31/12/2023";"2100";"28,6";"30,2";"28,6";"76,0";"76,0";"64,0";"23,9";"23,9";"22,7";"1007,4";"1007,6";"1007,2";"3,2";"25,0";"6,9";"77,40";"0,0"
"31/12/2023";"2200";"28,1";"28,6";"28,1";"79,0";"79,0";"76,0";"24,0";"24,2";"23,9";"1007,9";"1007,9";"1007,4";"2,5";"40,0";"6,0";"";"0,0"
"31/12/2023";"2300";"27,9";"28,1";"27,9";"81,0";"81,0";"79,0";"24,4";"24,4";"24,0";"1008,9";"1008,9";"1007,9";"2,6";"41,0";"5,5";"";"0,0"